/*--------------------------------*- C++ -*----------------------------------*\
  =========                 |
  \\      /  F ield         | OpenFOAM: The Open Source CFD Toolbox
   \\    /   O peration     | Website:  https://openfoam.org
    \\  /    A nd           | Version:  7
     \\/     M anipulation  |
\*---------------------------------------------------------------------------*/
FoamFile
{
    version     2.0;
    format      ascii;
    class       volVectorField;
    location    "65";
    object      U;
}
// * * * * * * * * * * * * * * * * * * * * * * * * * * * * * * * * * * * * * //

dimensions      [0 1 -1 0 0 0 0];

internalField   nonuniform List<vector> 
8500
(
(-0.000264882 0.00402322 1.96218e-21)
(-0.00166816 0.0104558 -5.95928e-22)
(-0.00451108 0.0156036 -4.10155e-21)
(-0.0082768 0.0196075 -7.92653e-22)
(-0.012777 0.0226132 5.08241e-21)
(-0.0178282 0.0247704 -6.35253e-21)
(-0.0232568 0.0262275 1.06797e-21)
(-0.0289156 0.0271273 -4.11325e-21)
(-0.0346806 0.027602 -8.65197e-21)
(-0.0404514 0.0277694 7.23958e-21)
(-0.0461517 0.0277302 2.10817e-21)
(-0.0517298 0.0275658 -2.47739e-21)
(-0.0571583 0.0273385 2.98089e-21)
(-0.0624341 0.027092 3.99681e-21)
(-0.0675782 0.0268536 -2.47598e-21)
(-0.0726316 0.026636 -3.28215e-21)
(-0.0776546 0.0264401 -7.72712e-21)
(-0.0827466 0.0262565 -5.88108e-22)
(-0.0879172 0.0260684 -1.26771e-21)
(-0.0929888 0.0258483 -2.45393e-21)
(-0.000352329 0.00448704 -1.15148e-23)
(-0.00187696 0.0116801 1.03705e-21)
(-0.00478602 0.0174417 6.35642e-21)
(-0.00857843 0.0219302 4.32532e-21)
(-0.0130738 0.0253034 -2.17589e-21)
(-0.0180955 0.0277236 2.20116e-20)
(-0.023476 0.0293525 -1.59668e-20)
(-0.0290731 0.0303462 2.64756e-21)
(-0.0347663 0.0308506 1.2471e-20)
(-0.0404583 0.0309973 5.10303e-25)
(-0.0460748 0.030901 7.09792e-21)
(-0.051565 0.030657 -9.21731e-21)
(-0.0569024 0.0303415 9.46086e-21)
(-0.062084 0.0300118 -7.97964e-21)
(-0.0671306 0.0297079 -3.04874e-21)
(-0.0720834 0.0294541 -1.66004e-20)
(-0.0770031 0.0292604 2.48379e-20)
(-0.0819902 0.0291228 7.05757e-22)
(-0.0870572 0.0290258 -8.41121e-21)
(-0.0920263 0.0289442 -8.98647e-22)
(-0.000457052 0.00493803 9.44821e-21)
(-0.00212969 0.0128731 1.33396e-20)
(-0.00512325 0.0192361 3.92546e-21)
(-0.00895386 0.0242014 1.55849e-20)
(-0.0134495 0.0279376 -8.31018e-21)
(-0.0184408 0.0306189 -2.92031e-20)
(-0.0237671 0.0324195 2.64907e-20)
(-0.0292908 0.0335082 5.53204e-22)
(-0.0348959 0.0340439 -2.27862e-20)
(-0.0404878 0.0341718 -1.7273e-20)
(-0.0459942 0.0340198 4.63798e-21)
(-0.0513656 0.0336973 1.62445e-20)
(-0.0565758 0.0332941 -3.2517e-21)
(-0.061622 0.0328813 1.28187e-20)
(-0.0665248 0.0325119 -1.03902e-20)
(-0.0713259 0.0322219 2.9481e-20)
(-0.0760867 0.0320312 -6.5659e-21)
(-0.0809104 0.0319418 1.26113e-20)
(-0.085813 0.0319405 -2.19893e-20)
(-0.0906139 0.0320051 -8.4264e-21)
(-0.00057833 0.00537469 1.19633e-20)
(-0.00242465 0.014031 -3.45466e-20)
(-0.00552058 0.020981 8.43729e-21)
(-0.00940065 0.0264136 -1.31914e-20)
(-0.0139016 0.0305071 -2.54851e-21)
(-0.018862 0.0334467 2.93395e-20)
(-0.0241277 0.035418 2.41041e-22)
(-0.0295668 0.0366018 -7.5655e-21)
(-0.0350675 0.0371696 5.54604e-21)
(-0.0405381 0.0372793 -1.46646e-21)
(-0.0459085 0.0370722 -1.78132e-20)
(-0.0511302 0.0366711 3.50613e-21)
(-0.0561772 0.0361795 -2.51749e-20)
(-0.0610468 0.0356822 -7.5449e-22)
(-0.0657595 0.0352456 6.60303e-21)
(-0.0703574 0.0349182 -5.03239e-20)
(-0.0749034 0.0347303 -3.98364e-20)
(-0.0795041 0.0346911 4.45198e-21)
(-0.0841808 0.0347907 -5.70007e-21)
(-0.0887459 0.0350118 2.41979e-20)
(-0.00071536 0.0057956 -2.09392e-21)
(-0.00276 0.01515 8.51418e-21)
(-0.00597558 0.0226708 8.50377e-22)
(-0.0099161 0.0285596 -5.50055e-21)
(-0.0144274 0.0330034 1.69774e-20)
(-0.0193561 0.0361972 -5.90754e-20)
(-0.0245554 0.0383373 -7.79094e-22)
(-0.0298989 0.0396156 -5.90347e-21)
(-0.0352792 0.0402154 1.09495e-20)
(-0.0406078 0.0403069 3.789e-20)
(-0.0458165 0.0400441 -2.62635e-20)
(-0.0508577 0.039563 -8.51204e-21)
(-0.0557058 0.0389808 1.82161e-20)
(-0.0603577 0.0383961 -3.11381e-20)
(-0.0648339 0.0378891 1.39353e-20)
(-0.0691768 0.0375215 3.16548e-20)
(-0.0734512 0.0373351 7.41877e-21)
(-0.0777685 0.0373477 -3.88011e-21)
(-0.0821561 0.0375542 2.02773e-20)
(-0.0864162 0.0379438 -1.89187e-20)
(-0.000867272 0.00619946 1.70853e-20)
(-0.0031337 0.0162267 -3.40827e-20)
(-0.00648558 0.0243002 4.29673e-22)
(-0.0104972 0.0306326 -1.9687e-20)
(-0.0150238 0.0354186 3.23449e-20)
(-0.0199205 0.0388615 1.13465e-20)
(-0.0250475 0.0411674 9.48405e-21)
(-0.0302847 0.0425387 2.81277e-20)
(-0.0355288 0.0431695 -5.92862e-20)
(-0.0406949 0.0432417 -5.19505e-20)
(-0.0457165 0.0429215 -3.30707e-20)
(-0.050547 0.0423579 1.22595e-20)
(-0.0551607 0.0416816 -6.85639e-21)
(-0.059554 0.0410051 5.12523e-20)
(-0.0637471 0.0404228 -1.80911e-20)
(-0.067783 0.0400104 1.45091e-20)
(-0.0717283 0.039823 1.04426e-20)
(-0.0757006 0.0398881 2.20671e-20)
(-0.0797348 0.0402076 6.37095e-20)
(-0.0836186 0.04078 3.13101e-20)
(-0.00103313 0.00658509 -5.93103e-20)
(-0.00354355 0.0172579 2.60521e-20)
(-0.00704771 0.0258644 -3.67035e-20)
(-0.0111409 0.0326264 3.86197e-21)
(-0.0156877 0.0377448 -3.39635e-20)
(-0.0205518 0.0414307 1.11449e-20)
(-0.0256011 0.0438986 -3.43931e-20)
(-0.0307213 0.0453604 -4.68939e-20)
(-0.0358141 0.0460203 4.52577e-20)
(-0.0407975 0.0460712 4.65521e-20)
(-0.0456071 0.0456911 6.86718e-20)
(-0.0501969 0.0450414 -4.03567e-20)
(-0.054541 0.0442659 -5.82637e-21)
(-0.0586351 0.0434914 -1.54138e-20)
(-0.0624986 0.042827 1.49558e-20)
(-0.0661751 0.0423636 -7.77168e-20)
(-0.0697333 0.0421708 6.65216e-21)
(-0.0732977 0.0422883 -3.57223e-20)
(-0.0769124 0.0427269 -4.73183e-20)
(-0.0803463 0.0434978 -6.62382e-20)
(-0.00121196 0.00695146 4.92657e-20)
(-0.00398726 0.0182407 -2.59942e-20)
(-0.00765891 0.0273588 4.54205e-20)
(-0.0118436 0.034535 2.54832e-20)
(-0.0164153 0.0399751 -2.23587e-20)
(-0.0212465 0.0438966 3.27128e-20)
(-0.0262128 0.0465216 -4.49417e-20)
(-0.0312059 0.0480705 7.91258e-20)
(-0.0361323 0.0487569 1.003e-20)
(-0.0409133 0.0487838 -2.22944e-20)
(-0.0454863 0.0483401 -2.32803e-20)
(-0.049806 0.0475992 2.05007e-20)
(-0.0538457 0.0467182 -5.30302e-21)
(-0.0576001 0.0458378 -2.6932e-21)
(-0.0610878 0.0450826 2.18708e-20)
(-0.0643522 0.0445598 -5.71498e-20)
(-0.0674644 0.0443553 1.95095e-20)
(-0.0705569 0.0445234 -1.46113e-20)
(-0.0736845 0.0450868 -3.22785e-20)
(-0.0765924 0.0460735 2.69261e-20)
(-0.00140274 0.00729769 -7.82229e-21)
(-0.0044624 0.0191726 4.3457e-20)
(-0.00831596 0.0287794 2.17724e-20)
(-0.0126016 0.0363529 -3.78984e-20)
(-0.017203 0.0421026 1.07079e-19)
(-0.022001 0.0462513 -8.9429e-20)
(-0.0268789 0.0490277 4.11143e-20)
(-0.031735 0.0506595 1.47112e-20)
(-0.0364803 0.0513689 -1.74507e-20)
(-0.0410396 0.051368 2.62327e-21)
(-0.045352 0.0508563 -5.20791e-20)
(-0.0493724 0.0500183 7.42213e-20)
(-0.0530735 0.0490239 -5.97677e-21)
(-0.0564482 0.048028 1.12582e-19)
(-0.0595137 0.0471712 -8.55817e-20)
(-0.0623134 0.0465781 4.71036e-20)
(-0.06492 0.0463532 1.14443e-20)
(-0.0674751 0.0465682 2.84736e-20)
(-0.0700465 0.0472612 1.9016e-20)
(-0.0723494 0.0484819 -4.56354e-20)
(-0.00160442 0.00762303 -4.3179e-21)
(-0.00496646 0.0200513 3.49559e-20)
(-0.00901548 0.0301226 7.02918e-20)
(-0.0134113 0.0380752 4.89191e-21)
(-0.0180465 0.0441213 -1.16008e-20)
(-0.0228109 0.0484878 -1.53727e-20)
(-0.0275955 0.0514087 8.22245e-20)
(-0.0323047 0.0531184 -6.97551e-20)
(-0.0368546 0.0538464 6.97943e-20)
(-0.0411732 0.0538135 -3.99288e-20)
(-0.0452012 0.0532283 6.2981e-20)
(-0.0488938 0.0522861 -6.12175e-20)
(-0.0522223 0.0511691 -5.29814e-20)
(-0.0551777 0.0500464 -8.69091e-20)
(-0.0577751 0.049075 1.58024e-19)
(-0.060057 0.0483982 -8.57924e-20)
(-0.0620979 0.0481415 6.93517e-20)
(-0.0640488 0.0483971 1.57742e-20)
(-0.0659934 0.0492229 -5.82485e-20)
(-0.0676092 0.0506962 4.80483e-20)
(-0.00181594 0.00792693 4.2014e-20)
(-0.00549687 0.0208752 -1.55952e-20)
(-0.00975398 0.0313854 -5.63873e-20)
(-0.0142683 0.0396976 1.38595e-20)
(-0.0189416 0.0460256 -9.07043e-20)
(-0.0236719 0.0505992 -1.76621e-20)
(-0.028358 0.0536571 2.10362e-20)
(-0.0329107 0.0554388 -9.71604e-21)
(-0.0372509 0.0561806 -1.02524e-19)
(-0.04131 0.0561104 4.13457e-20)
(-0.0450303 0.0554455 2.48093e-20)
(-0.0483669 0.0543913 -1.37802e-20)
(-0.0512894 0.0531413 2.15823e-20)
(-0.0537862 0.0518787 -8.38336e-20)
(-0.0558696 0.0507773 -4.5888e-20)
(-0.0575807 0.0500006 9.51824e-20)
(-0.058995 0.0496974 -5.23716e-20)
(-0.0602736 0.0499845 5.06839e-20)
(-0.0615197 0.0509439 8.02111e-21)
(-0.0623627 0.0526879 9.06734e-20)
(-0.00203624 0.00820896 5.35889e-20)
(-0.00605101 0.0216427 -4.95299e-20)
(-0.0105278 0.0325649 -3.78081e-20)
(-0.0151686 0.0412161 -5.23484e-20)
(-0.0198836 0.0478104 1.41681e-21)
(-0.024579 0.0525796 8.05201e-21)
(-0.0291614 0.0557658 -8.79922e-20)
(-0.0335478 0.0576131 5.31562e-20)
(-0.0376643 0.0583629 -5.62729e-20)
(-0.0414452 0.0582498 1.63123e-19)
(-0.0448347 0.0574987 1.74352e-20)
(-0.0477872 0.0563236 1.6883e-20)
(-0.0502705 0.054929 -1.68488e-20)
(-0.0522697 0.0535119 9.11836e-20)
(-0.0537935 0.052263 7.38289e-21)
(-0.0548806 0.0513672 -7.57435e-20)
(-0.0556068 0.0509993 -1.3424e-20)
(-0.0561434 0.051305 -7.7708e-20)
(-0.0566188 0.0523963 8.03331e-20)
(-0.0565997 0.0544274 -7.93872e-20)
(-0.00226426 0.00846887 -9.98469e-20)
(-0.00662625 0.0223528 2.71921e-20)
(-0.0113334 0.0336592 2.80062e-20)
(-0.0161077 0.0426276 2.6336e-20)
(-0.0208674 0.0494714 6.91138e-20)
(-0.0255268 0.0544237 2.95307e-20)
(-0.03 0.0577287 8.96059e-20)
(-0.0342103 0.0596342 -1.75789e-20)
(-0.0380887 0.0603859 -3.95214e-20)
(-0.0415728 0.0602239 -1.9526e-19)
(-0.0446081 0.0593792 -3.56341e-20)
(-0.0471487 0.0580739 3.93413e-20)
(-0.0491599 0.0565225 -1.16518e-21)
(-0.0506227 0.0549348 -6.43613e-22)
(-0.0515412 0.0535186 -7.11363e-20)
(-0.0519508 0.0524814 9.45536e-21)
(-0.0519265 0.052027 9.22926e-20)
(-0.0516497 0.0523345 2.19532e-20)
(-0.051282 0.0535521 -1.44722e-20)
(-0.0503079 0.0558837 -4.69382e-20)
(-0.00249896 0.00870658 5.60444e-20)
(-0.00721995 0.0230046 1.27237e-20)
(-0.0121668 0.0346665 7.09671e-20)
(-0.0170808 0.0439292 3.20946e-20)
(-0.0218877 0.0510048 2.6072e-20)
(-0.0265095 0.0561264 2.04733e-20)
(-0.0308675 0.0595401 -8.75467e-21)
(-0.0348914 0.0614958 1.4817e-19)
(-0.0385169 0.0622429 3.7859e-20)
(-0.0416851 0.0620255 7.18322e-20)
(-0.0443429 0.0610799 -1.60286e-20)
(-0.0464435 0.0596349 -8.20042e-20)
(-0.0479494 0.0579137 8.07886e-22)
(-0.0488368 0.0561381 7.94545e-21)
(-0.0491042 0.054533 -5.57512e-20)
(-0.0487823 0.0533292 5.43818e-20)
(-0.0479441 0.0527621 -7.28378e-20)
(-0.0467805 0.0530504 5.87944e-20)
(-0.0454981 0.0543844 -9.43063e-21)
(-0.0434716 0.0570237 7.39668e-20)
(-0.00273935 0.00892211 4.21751e-20)
(-0.00782948 0.0235979 -2.76817e-20)
(-0.0130243 0.0355856 -1.14219e-19)
(-0.0180832 0.0451187 -4.29702e-20)
(-0.022939 0.0524072 -4.63754e-20)
(-0.0275207 0.0576838 -5.94307e-20)
(-0.0317568 0.0611949 -8.86675e-20)
(-0.0355832 0.0631924 -1.91193e-19)
(-0.0389405 0.063928 6.83843e-20)
(-0.0417731 0.0636486 7.57767e-20)
(-0.0440292 0.0625948 4.83753e-21)
(-0.0456611 0.0610005 1.28482e-19)
(-0.046628 0.0590964 -4.71272e-20)
(-0.0469006 0.057115 2.41966e-20)
(-0.0464705 0.0552975 7.68526e-20)
(-0.0453624 0.053899 -1.10468e-19)
(-0.0436452 0.0531894 3.59195e-20)
(-0.0415184 0.0534332 -6.0485e-21)
(-0.0392516 0.0548689 -5.1977e-20)
(-0.0360724 0.0578222 -1.03452e-19)
(-0.00298445 0.00911565 -4.71255e-20)
(-0.00845225 0.0241324 4.40184e-20)
(-0.0139019 0.0364157 2.3946e-20)
(-0.0191099 0.0461945 -4.07074e-20)
(-0.024015 0.053676 -1.51328e-20)
(-0.0285532 0.059092 7.65762e-20)
(-0.0326599 0.0626888 6.07166e-20)
(-0.0362767 0.0647192 9.50233e-20)
(-0.0393494 0.065436 -6.46303e-20)
(-0.0418256 0.0650883 -1.4662e-19)
(-0.0436548 0.0639193 1.6139e-19)
(-0.0447883 0.0621665 -9.55568e-20)
(-0.0451815 0.0600664 8.13127e-20)
(-0.0447989 0.0578611 9.78363e-20)
(-0.0436238 0.0558068 -4.88676e-21)
(-0.041673 0.0541827 5.78898e-20)
(-0.0390093 0.0532966 -2.87943e-20)
(-0.0358382 0.0534653 4.54697e-21)
(-0.0325162 0.0549847 7.87591e-20)
(-0.0280946 0.058301 1.86319e-19)
(-0.00323335 0.00928749 4.64035e-20)
(-0.00908572 0.0246084 -1.08987e-19)
(-0.0147958 0.0371563 1.21754e-19)
(-0.0201556 0.0471551 3.25182e-20)
(-0.0251095 0.054809 -1.57505e-20)
(-0.0295995 0.060348 1.29456e-20)
(-0.0335677 0.064018 -7.32607e-20)
(-0.0369616 0.0660717 -7.30342e-20)
(-0.0397318 0.0667625 -2.08974e-20)
(-0.0418292 0.0663404 6.17397e-21)
(-0.0432047 0.0650497 -1.43549e-19)
(-0.0438083 0.0631301 1.16567e-19)
(-0.0435914 0.0608221 -1.58869e-19)
(-0.0425113 0.0583751 -4.26683e-20)
(-0.040542 0.0560589 -8.25426e-20)
(-0.0376899 0.0541762 1.64661e-19)
(-0.0340093 0.053075 5.05049e-21)
(-0.0297051 0.05313 8.7949e-20)
(-0.0252256 0.0547037 -3.12527e-20)
(-0.0195083 0.0585347 -1.76585e-19)
(-0.00348516 0.00943806 8.22553e-21)
(-0.00972737 0.0250264 5.80348e-20)
(-0.0157019 0.0378075 -1.21476e-19)
(-0.0212149 0.0479997 -6.65545e-20)
(-0.0262154 0.0558042 7.09067e-20)
(-0.0306511 0.061449 -9.32725e-20)
(-0.0344701 0.0651791 6.01193e-20)
(-0.037626 0.0672464 1.12242e-19)
(-0.0400738 0.0679041 -6.17577e-20)
(-0.0417679 0.0674018 -2.38899e-20)
(-0.0426605 0.0659839 2.14203e-20)
(-0.0427003 0.0638905 -4.18742e-21)
(-0.0418343 0.061364 1.68288e-19)
(-0.0400121 0.0586587 -5.78391e-20)
(-0.0371967 0.0560557 2.37715e-19)
(-0.033382 0.0538799 1.88477e-21)
(-0.0286113 0.0525203 -1.23807e-19)
(-0.0230847 0.0524152 -1.26534e-19)
(-0.0172734 0.0540065 -1.11709e-19)
(-0.0101716 0.0583936 1.10788e-19)
(-0.00373906 0.00956785 -5.78108e-20)
(-0.0103748 0.025387 -1.20063e-20)
(-0.0166162 0.0383695 8.70691e-20)
(-0.0222822 0.0487279 6.82333e-20)
(-0.0273253 0.0566604 6.86528e-20)
(-0.0316987 0.062393 1.33242e-19)
(-0.035356 0.0661692 -6.63894e-20)
(-0.0382563 0.06824 -2.38451e-20)
(-0.0403593 0.0688575 2.58766e-20)
(-0.0416228 0.0682701 1.57172e-20)
(-0.0420001 0.0667208 8.91107e-20)
(-0.0414388 0.0644484 -1.31209e-19)
(-0.0398813 0.061695 -6.42265e-20)
(-0.0372688 0.0587172 7.85873e-20)
(-0.0335518 0.055804 -2.47366e-19)
(-0.0287091 0.0532999 -1.15308e-19)
(-0.0227696 0.0516338 1.43796e-19)
(-0.0159341 0.0513129 5.38247e-20)
(-0.00865221 0.0528813 -7.78692e-20)
(1.02226e-05 0.0577041 -4.61223e-20)
(-0.00399431 0.00967744 8.90478e-21)
(-0.0110255 0.0256911 -2.03332e-20)
(-0.0175347 0.0388428 6.54871e-20)
(-0.0233515 0.0493395 -1.67414e-19)
(-0.0284315 0.0573766 -3.6506e-20)
(-0.0327322 0.063178 -1.33282e-20)
(-0.0362128 0.0669859 3.02488e-21)
(-0.0388373 0.0690498 -1.1904e-21)
(-0.04057 0.0696203 1.15014e-19)
(-0.0413719 0.0689437 1.40785e-20)
(-0.0411977 0.0672602 8.21601e-21)
(-0.0399936 0.0648061 -1.66185e-20)
(-0.0376973 0.0618203 1.02445e-19)
(-0.0342412 0.0585589 -1.61974e-19)
(-0.0295625 0.0553153 1.04949e-19)
(-0.0236225 0.0524489 1.60512e-19)
(-0.0164307 0.0504263 6.1967e-20)
(-0.00818642 0.0498247 -1.14029e-20)
(0.000671784 0.051323 1.12551e-19)
(0.0110641 0.0565055 -1.2756e-19)
(-0.00425019 0.00976748 9.7178e-20)
(-0.0116773 0.0259398 -1.05936e-19)
(-0.0184531 0.0392281 -1.30025e-19)
(-0.0244167 0.0498346 1.08599e-19)
(-0.0295254 0.0579519 -4.40154e-20)
(-0.0337407 0.0638025 -1.48839e-19)
(-0.0370265 0.067627 1.31438e-19)
(-0.0393516 0.0696734 -9.54509e-20)
(-0.0406847 0.0701903 1.29619e-19)
(-0.0409897 0.0694213 6.07472e-21)
(-0.0402226 0.067603 -8.72497e-20)
(-0.0383284 0.064967 9.66005e-20)
(-0.0352399 0.0617475 -1.69132e-19)
(-0.0308806 0.0581962 7.33159e-20)
(-0.0251736 0.0546064 -4.18819e-20)
(-0.0180605 0.0513479 -7.17703e-20)
(-0.00952858 0.0489199 -3.53401e-19)
(0.000231629 0.0479681 3.30709e-20)
(0.0107777 0.0493226 1.17653e-19)
(0.0230543 0.0548362 2.22806e-20)
(-0.00450607 0.00983866 3.02602e-20)
(-0.0123279 0.0261341 1.39368e-19)
(-0.0193674 0.0395265 1.92076e-19)
(-0.0254713 0.0502134 -5.35393e-20)
(-0.0305981 0.0583859 1.08489e-19)
(-0.0347121 0.0642651 1.01626e-19)
(-0.0377817 0.0680906 -8.62993e-20)
(-0.03978 0.0701087 1.53537e-19)
(-0.0406795 0.0705658 -1.05318e-19)
(-0.0404471 0.0697024 -1.16654e-19)
(-0.0390397 0.0677506 1.25906e-19)
(-0.0364011 0.064936 -2.18455e-20)
(-0.0324594 0.0614857 -3.87274e-20)
(-0.0271289 0.0576441 1.00349e-19)
(-0.0203183 0.0536996 1.91949e-19)
(-0.0119484 0.0500256 -1.2282e-19)
(-0.00198091 0.0471467 9.79983e-20)
(0.00940841 0.0457746 1.06297e-19)
(0.0217644 0.0468959 -2.75167e-20)
(0.0360872 0.0527086 5.89555e-20)
(-0.00476134 0.0098917 -1.18819e-19)
(-0.012975 0.0262753 -1.63368e-19)
(-0.0202732 0.0397389 -9.6887e-20)
(-0.0265086 0.0504764 2.04159e-19)
(-0.0316398 0.0586782 -1.51608e-19)
(-0.0356335 0.0645648 1.71568e-19)
(-0.0384615 0.0683748 1.82147e-19)
(-0.040101 0.0703536 -1.31189e-19)
(-0.0405277 0.0707451 -4.05437e-20)
(-0.039711 0.0697864 1.49291e-19)
(-0.0376088 0.0677045 5.11142e-20)
(-0.0341631 0.0647182 8.11485e-20)
(-0.0292977 0.0610457 2.44502e-19)
(-0.0229177 0.0569207 -3.30351e-20)
(-0.0149173 0.0526217 -2.49605e-19)
(-0.00519635 0.0485185 1.20605e-19)
(0.00631185 0.0451513 -6.33251e-20)
(0.0194519 0.0432918 -1.44995e-19)
(0.0337497 0.0440822 -1.01149e-19)
(0.0502971 0.0501432 -3.77466e-20)
(-0.00501549 0.00992736 -2.46412e-21)
(-0.0136165 0.0263648 -7.16882e-20)
(-0.0211662 0.0398665 1.63518e-20)
(-0.0275215 0.0506243 4.64833e-20)
(-0.0326402 0.0588287 1.25003e-19)
(-0.0364906 0.0647005 -1.00353e-19)
(-0.0390474 0.0684782 -1.62867e-19)
(-0.0402907 0.0704062 1.79131e-19)
(-0.0401994 0.0707266 2.10092e-20)
(-0.0387445 0.0696728 -8.7475e-20)
(-0.0358844 0.0674668 -2.56692e-19)
(-0.0315593 0.0643196 -3.24748e-19)
(-0.0256883 0.060439 -2.47172e-19)
(-0.0181679 0.0560458 -5.19373e-20)
(-0.00887824 0.0514035 5.4342e-20)
(0.00230178 0.0468701 -3.80048e-20)
(0.0154683 0.0429908 2.42469e-19)
(0.0304919 0.0405846 -4.73111e-20)
(0.0468731 0.0409428 1.26792e-19)
(0.0658431 0.0471823 -4.88673e-20)
(-0.00526802 0.00994638 5.76015e-20)
(-0.0142502 0.0264038 8.22894e-20)
(-0.0220417 0.0399106 -5.38601e-20)
(-0.0285024 0.0506578 -4.60883e-20)
(-0.0335882 0.0588373 -6.03769e-20)
(-0.0372681 0.0646714 5.67119e-20)
(-0.0395188 0.0683992 -8.52844e-20)
(-0.040323 0.0702648 1.69466e-20)
(-0.0396615 0.0705086 -6.95662e-20)
(-0.0375064 0.0693611 1.1986e-19)
(-0.0338158 0.067039 4.12971e-19)
(-0.0285276 0.0637456 1.9284e-20)
(-0.0215561 0.0596776 2.93498e-21)
(-0.0127897 0.0550405 -4.81206e-20)
(-0.00209506 0.0500787 -9.40065e-21)
(0.0106685 0.0451306 -1.14661e-19)
(0.0256268 0.0407329 -1.51319e-19)
(0.0426807 0.0377357 7.40178e-22)
(0.0612977 0.0375622 1.23472e-19)
(0.0829088 0.0438942 -7.5618e-20)
(-0.0055185 0.00994951 1.84554e-20)
(-0.014874 0.0263937 1.73121e-19)
(-0.0228952 0.0398724 4.62846e-20)
(-0.0294434 0.0505775 -4.40034e-20)
(-0.0344718 0.0587041 3.88452e-20)
(-0.0379492 0.0644768 -2.63115e-19)
(-0.0398537 0.0681365 6.93654e-20)
(-0.0401693 0.0699276 -6.86532e-20)
(-0.0388777 0.0700897 -4.71021e-20)
(-0.0359513 0.0688507 8.68346e-20)
(-0.0313468 0.0664227 -4.39636e-19)
(-0.0249992 0.0630016 3.42239e-19)
(-0.0168176 0.0587729 3.33843e-21)
(-0.00668245 0.0539258 1.14123e-19)
(0.00555154 0.0486823 -9.04683e-20)
(0.0200428 0.0433539 1.9923e-19)
(0.036945 0.0384548 1.40371e-19)
(0.0561928 0.0348452 1.11177e-19)
(0.077209 0.0340503 6.55744e-20)
(0.101702 0.0403777 -5.05151e-20)
(-0.00576651 0.00993747 -5.0953e-20)
(-0.0154855 0.0263356 -2.2197e-19)
(-0.0237217 0.0397531 -2.83997e-19)
(-0.0303359 0.0503843 -9.48222e-20)
(-0.0352781 0.0584292 -1.32293e-21)
(-0.038516 0.0641162 4.4508e-20)
(-0.0400279 0.0676888 2.43876e-20)
(-0.0397981 0.069393 -7.2192e-20)
(-0.0378082 0.0694682 -4.50009e-20)
(-0.0340295 0.0681408 1.71457e-19)
(-0.0284159 0.065619 -1.04612e-19)
(-0.0208986 0.0620923 2.77547e-21)
(-0.0113809 0.0577356 5.83913e-20)
(0.00026447 0.052722 -6.66277e-20)
(0.0141933 0.0472493 1.66953e-19)
(0.0305788 0.0415959 5.95177e-20)
(0.0495989 0.0362403 -1.83536e-19)
(0.0712235 0.032028 6.32309e-20)
(0.0948125 0.0305418 -2.08393e-19)
(0.12245 0.0367661 1.31205e-19)
(-0.00601166 0.00991096 -4.1725e-20)
(-0.0160826 0.026231 1.2621e-19)
(-0.0245158 0.039554 1.31879e-19)
(-0.0311708 0.0500791 1.20078e-19)
(-0.0359932 0.0580128 8.30662e-20)
(-0.0389487 0.0635891 7.85704e-20)
(-0.0400149 0.0670552 -7.69893e-20)
(-0.0391753 0.0686597 2.35247e-20)
(-0.0364098 0.0686429 1.11741e-20)
(-0.0316868 0.0672307 -3.99246e-19)
(-0.0249563 0.0646287 2.92822e-19)
(-0.0161439 0.0610215 -5.4918e-20)
(-0.00514637 0.0565751 1.00697e-19)
(0.00817104 0.0514475 -6.12836e-20)
(0.0239731 0.0458127 -7.71229e-20)
(0.0424438 0.0399118 -2.07631e-19)
(0.0637795 0.0341754 -5.77652e-21)
(0.0879851 0.0294095 4.09317e-20)
(0.11433 0.0271941 -8.84225e-20)
(0.145393 0.0332301 9.32141e-20)
(-0.00625359 0.00987063 -3.52973e-20)
(-0.0166628 0.0260808 -4.73396e-20)
(-0.025272 0.0392761 1.24308e-19)
(-0.0319382 0.0496627 -1.54186e-19)
(-0.0366019 0.0574555 4.82207e-20)
(-0.0392261 0.0628955 -2.15429e-20)
(-0.0397864 0.0662352 -1.74516e-19)
(-0.038264 0.0677268 3.73424e-21)
(-0.0346355 0.0676129 8.48148e-20)
(-0.0288648 0.06612 3.2614e-19)
(-0.0208959 0.0634528 2.85367e-20)
(-0.0106471 0.0597928 1.52214e-20)
(0.00199257 0.0552996 -2.66914e-19)
(0.0171654 0.0501188 1.14556e-19)
(0.0350432 0.0444022 2.51618e-20)
(0.0558159 0.0383531 8.30032e-20)
(0.07969 0.032345 7.48534e-20)
(0.106702 0.0271208 -1.69434e-19)
(0.135994 0.0241828 -1.46204e-19)
(0.170779 0.0299776 3.599e-21)
(-0.00649189 0.00981706 2.11632e-19)
(-0.0172236 0.0258862 1.94792e-20)
(-0.0259842 0.0389206 -2.68828e-21)
(-0.0326273 0.049136 -1.49376e-19)
(-0.0370878 0.0567578 -8.8346e-20)
(-0.0393249 0.0620356 2.87931e-20)
(-0.0393111 0.0652288 1.58569e-19)
(-0.0370238 0.0665942 -5.51726e-20)
(-0.0324346 0.0663781 7.10299e-21)
(-0.0255005 0.0648089 -2.2188e-19)
(-0.0161573 0.0620925 -2.22934e-19)
(-0.00431415 0.0584096 -2.01174e-19)
(0.0101491 0.0539163 2.5672e-19)
(0.0273825 0.0487497 -1.52927e-20)
(0.0475629 0.0430436 -2.08878e-19)
(0.0708802 0.0369656 2.72587e-19)
(0.0975406 0.0308276 -2.43296e-19)
(0.127606 0.0252914 1.13186e-19)
(0.160039 0.0216939 7.8541e-20)
(0.198847 0.0272522 -3.27754e-19)
(-0.00672614 0.00975075 1.30734e-19)
(-0.0177621 0.025648 -1.2035e-19)
(-0.0266457 0.0384885 -2.69488e-19)
(-0.0332265 0.0484999 9.68698e-20)
(-0.037433 0.0559206 6.1652e-20)
(-0.03922 0.0610104 9.09006e-21)
(-0.0385555 0.0640366 -3.90708e-21)
(-0.0354115 0.0652626 1.43203e-19)
(-0.0297523 0.0649394 1.599e-19)
(-0.0215262 0.063299 -3.36609e-20)
(-0.010658 0.0605502 2.5507e-19)
(0.00295438 0.0568758 -6.48578e-20)
(0.0194419 0.0524321 -1.8793e-19)
(0.0389627 0.0473524 5.38346e-20)
(0.0616962 0.0417585 -2.44102e-20)
(0.0878257 0.0357881 2.23938e-20)
(0.117543 0.0296923 2.64124e-19)
(0.150927 0.0240423 7.7722e-20)
(0.186697 0.019914 -1.7455e-19)
(0.229814 0.0253273 5.52228e-19)
(-0.00695584 0.00967212 -2.47441e-19)
(-0.0182751 0.0253668 1.70378e-19)
(-0.027249 0.0379805 1.89036e-19)
(-0.0337227 0.0477557 -9.5712e-20)
(-0.0376178 0.0549452 -8.83776e-20)
(-0.0388837 0.0598211 2.35078e-19)
(-0.0374829 0.0626605 -1.67307e-19)
(-0.0333799 0.0637342 -4.38353e-20)
(-0.0265298 0.0632994 -1.49673e-19)
(-0.0168694 0.0615934 1.24685e-19)
(-0.00431036 0.0588302 -1.34821e-20)
(0.0112633 0.0551971 6.16852e-20)
(0.0299949 0.0508547 3.0347e-20)
(0.0520504 0.0459382 -1.01763e-19)
(0.0776094 0.0405649 7.18606e-20)
(0.106841 0.0348517 4.43231e-21)
(0.139907 0.0289957 -1.18106e-19)
(0.176885 0.0234795 1.68708e-19)
(0.216186 0.0190203 -9.75956e-20)
(0.263862 0.0244986 -1.31296e-19)
(-0.0071804 0.00958145 6.96342e-20)
(-0.0187592 0.0250433 3.40139e-20)
(-0.027786 0.0373976 -2.0204e-20)
(-0.0341017 0.0469044 2.72152e-19)
(-0.0376207 0.0538331 -1.46612e-19)
(-0.0382861 0.0584701 -2.18665e-19)
(-0.0360534 0.0611034 -2.89232e-20)
(-0.0308781 0.0620128 8.30702e-20)
(-0.0227037 0.0614629 4.40064e-20)
(-0.0114529 0.0596982 -5.47196e-20)
(0.00297838 0.0569394 -1.5941e-19)
(0.0207222 0.0533817 2.65671e-19)
(0.0419356 0.049194 -1.09881e-19)
(0.0667924 0.0445193 2.38552e-20)
(0.0954685 0.039479 -4.71289e-20)
(0.12811 0.0341809 -5.15248e-20)
(0.164832 0.028781 1.14665e-19)
(0.205686 0.0236885 -1.25134e-19)
(0.248709 0.0191701 2.10855e-19)
(0.301115 0.025075 -2.41222e-19)
(-0.00739906 0.00947888 -1.58846e-19)
(-0.0192101 0.0246775 6.76667e-20)
(-0.0282476 0.0367407 -2.73168e-20)
(-0.0343478 0.0459472 2.66113e-20)
(-0.0374181 0.0525865 6.57729e-20)
(-0.0373946 0.0569604 7.91847e-20)
(-0.0342242 0.0593697 8.03591e-20)
(-0.0278515 0.0601041 -2.57468e-20)
(-0.0182063 0.0594374 -8.0451e-21)
(-0.00519457 0.0576223 -1.7193e-20)
(0.0113058 0.0548886 -1.34023e-20)
(0.031445 0.051442 5.36314e-20)
(0.0553947 0.0474636 7.13493e-20)
(0.0833357 0.0431102 1.67805e-19)
(0.115436 0.0385165 1.06271e-19)
(0.151809 0.0337947 -1.87024e-19)
(0.192503 0.0290782 -1.95141e-19)
(0.237509 0.0247306 2.30317e-19)
(0.284443 0.020493 1.50265e-19)
(0.341627 0.0273674 -1.38321e-19)
(-0.00761098 0.00936439 2.43567e-19)
(-0.0196231 0.0242696 -2.90534e-19)
(-0.0286232 0.03601 -1.7408e-19)
(-0.0344435 0.0448856 -8.36493e-20)
(-0.0369841 0.051208 1.33607e-19)
(-0.0361733 0.0552965 1.10708e-19)
(-0.0319484 0.0574655 4.644e-20)
(-0.0242411 0.0580166 2.00785e-19)
(-0.0129651 0.0572334 1.63926e-19)
(0.0019925 0.0553787 3.52214e-20)
(0.020774 0.0526932 -7.07953e-20)
(0.0435491 0.0493954 -2.7317e-19)
(0.0705044 0.0456822 -1.95563e-20)
(0.101825 0.0417297 -2.00699e-19)
(0.137667 0.0376951 1.59106e-20)
(0.178099 0.0337087 7.53511e-20)
(0.223087 0.0299051 1.2509e-19)
(0.272505 0.0266389 -3.92224e-19)
(0.323553 0.0230806 -1.48757e-19)
(0.38537 0.0316629 3.06906e-19)
(-0.00781498 0.00923787 -2.16904e-19)
(-0.019993 0.0238195 1.19205e-19)
(-0.0289012 0.0352059 1.09756e-19)
(-0.0343695 0.0437212 -8.40971e-20)
(-0.0362904 0.0497011 2.30259e-20)
(-0.0345837 0.0534838 -7.87438e-22)
(-0.0291758 0.055399 -2.37144e-19)
(-0.0199838 0.0557611 -4.52411e-19)
(-0.00690318 0.054865 -9.14533e-20)
(0.0101997 0.052985 2.81674e-21)
(0.031489 0.050374 1.03357e-19)
(0.0571542 0.0472656 8.48099e-20)
(0.087396 0.0438751 9.21403e-21)
(0.122401 0.0404027 -9.46254e-20)
(0.162306 0.0370357 1.17092e-19)
(0.207123 0.0339362 -3.33267e-20)
(0.256719 0.0312694 -8.86339e-20)
(0.310783 0.0294153 3.3562e-19)
(0.36619 0.0269765 1.9056e-19)
(0.432245 0.0381824 -2.75314e-19)
(-0.00800959 0.00909896 -6.74736e-20)
(-0.0203133 0.0233266 -1.75732e-20)
(-0.0290685 0.0343287 -1.25195e-19)
(-0.0341044 0.0424559 -1.03192e-19)
(-0.0353059 0.0480697 1.22531e-19)
(-0.0325838 0.051529 -4.72503e-20)
(-0.0258524 0.0531803 2.14823e-19)
(-0.0150124 0.0533516 1.78881e-19)
(6.05332e-05 0.0523506 1.90635e-19)
(0.0195222 0.0504638 6.53979e-20)
(0.0435593 0.047958 -1.41922e-19)
(0.0723804 0.045083 1.32543e-19)
(0.106197 0.0420749 -1.26782e-19)
(0.145193 0.0391606 -3.57753e-20)
(0.189477 0.0365632 -1.06198e-19)
(0.238992 0.0344892 5.93387e-20)
(0.293496 0.0331696 -3.3282e-20)
(0.352386 0.0330304 -7.35684e-21)
(0.412452 0.0321992 -2.13683e-19)
(0.482003 0.0471426 8.08516e-20)
(-0.00819303 0.00894708 1.6011e-19)
(-0.0205768 0.0227898 -1.67077e-20)
(-0.0291105 0.0333786 4.37858e-20)
(-0.0336247 0.0410917 7.64346e-20)
(-0.0339969 0.0463186 -2.51184e-19)
(-0.0301285 0.0494406 6.97172e-20)
(-0.0219204 0.0508217 -9.76768e-21)
(-0.00925579 0.0508052 -2.86023e-20)
(0.00801096 0.0497123 -7.65773e-21)
(0.0300584 0.047843 -8.15867e-20)
(0.0570948 0.0454786 2.67087e-19)
(0.0893454 0.042886 1.4516e-19)
(0.127028 0.0403223 2.10486e-19)
(0.170315 0.0380418 2.34135e-20)
(0.219279 0.0363065 -4.87063e-20)
(0.273782 0.035375 1.0164e-19)
(0.333472 0.0355869 1.18322e-19)
(0.397318 0.0374075 -3.95106e-20)
(0.462367 0.0388438 2.53358e-20)
(0.533909 0.0591268 3.0904e-19)
(-0.00836311 0.00878145 -1.5609e-19)
(-0.020775 0.0222082 1.4247e-19)
(-0.0290109 0.0323557 -6.83539e-21)
(-0.0329046 0.0396309 4.9924e-20)
(-0.0323269 0.0444535 1.38886e-19)
(-0.0271694 0.0472282 1.88569e-21)
(-0.0173187 0.048338 -2.40063e-20)
(-0.00263932 0.0481424 -1.84057e-19)
(0.017036 0.046977 3.65574e-22)
(0.0419081 0.045156 3.17145e-20)
(0.0722044 0.0429759 -1.04977e-19)
(0.108162 0.0407202 -3.61989e-19)
(0.149996 0.0386659 2.33894e-20)
(0.197858 0.0370924 2.38234e-19)
(0.251771 0.0362966 -2.01666e-19)
(0.311513 0.03659 6.49968e-20)
(0.376647 0.0384532 -1.42839e-19)
(0.44564 0.0423519 -2.95503e-20)
(0.516235 0.0471107 4.13048e-20)
(0.58685 0.0750134 5.78266e-20)
(-0.00851719 0.00860115 5.50509e-21)
(-0.0208985 0.0215802 -1.29351e-20)
(-0.0287515 0.0312598 2.27459e-19)
(-0.0319161 0.0380762 -2.41641e-19)
(-0.0302568 0.0424807 4.61369e-20)
(-0.0236551 0.044903 -1.59552e-19)
(-0.0119829 0.0457463 1.80112e-19)
(0.00491442 0.0453868 -4.63233e-20)
(0.0272254 0.0441756 -1.7165e-19)
(0.0551711 0.0424417 -1.1979e-19)
(0.0889937 0.0404965 -2.29286e-19)
(0.128933 0.038639 -7.28741e-20)
(0.175191 0.037163 -2.79444e-20)
(0.227878 0.0363661 -2.27163e-19)
(0.286956 0.0365695 1.49523e-19)
(0.352112 0.0381182 -1.52389e-19)
(0.422876 0.0416235 1.3226e-19)
(0.497396 0.0474734 -1.53573e-19)
(0.575187 0.0568316 -4.40345e-21)
(0.642797 0.0923147 -4.01234e-19)
(-0.0086522 0.00840507 2.04772e-19)
(-0.0209365 0.0209044 1.75318e-20)
(-0.0283124 0.0300909 -2.53855e-19)
(-0.0306288 0.0364305 7.37946e-20)
(-0.0277445 0.0404075 -2.5521e-19)
(-0.0195314 0.042478 1.62338e-19)
(-0.00584605 0.0430657 -4.84533e-20)
(0.0134849 0.0425652 -8.03993e-21)
(0.0386696 0.0413433 6.9041e-20)
(0.0699454 0.0397442 1.6365e-19)
(0.107561 0.0380932 4.73579e-20)
(0.151749 0.0367031 7.76103e-20)
(0.202677 0.0358789 5.49388e-21)
(0.260395 0.0359267 2.7855e-19)
(0.324773 0.0371727 -2.49184e-20)
(0.395384 0.0399555 8.0687e-20)
(0.471735 0.0449389 -2.58324e-20)
(0.55192 0.0522839 1.61092e-19)
(0.638929 0.0663829 -9.18382e-21)
(0.711903 0.0993073 9.42768e-20)
(-0.00876449 0.00819193 -7.12738e-20)
(-0.0208769 0.0201789 -1.79676e-19)
(-0.0276716 0.028849 6.8608e-20)
(-0.0290098 0.0346973 1.73038e-19)
(-0.0247458 0.0382424 1.77245e-19)
(-0.0147415 0.0399674 1.0982e-19)
(0.00116092 0.0403181 -6.7579e-21)
(0.0231525 0.0397075 1.96634e-19)
(0.0514579 0.0385192 2.886e-20)
(0.0863243 0.0371119 -4.09029e-20)
(0.127997 0.0358244 4.64693e-19)
(0.176682 0.0349791 2.70528e-19)
(0.232491 0.0348864 -6.83319e-20)
(0.295382 0.0358483 -1.60492e-19)
(0.365094 0.0381738 -1.39208e-19)
(0.441039 0.0421493 -4.48058e-20)
(0.522622 0.0483938 2.06751e-20)
(0.607771 0.05651 -8.60873e-20)
(0.700584 0.0714482 9.57678e-20)
(0.780099 0.0882428 1.8492e-19)
(-0.00884986 0.00796029 5.6281e-20)
(-0.0207062 0.0194017 1.62206e-19)
(-0.0268054 0.0275343 8.1461e-21)
(-0.0270245 0.0328805 -1.96306e-20)
(-0.021214 0.0359945 2.7744e-20)
(-0.00922687 0.0373873 -5.95835e-20)
(0.00910817 0.0375273 1.08997e-19)
(0.0339973 0.0368466 -5.92379e-20)
(0.0656766 0.0357457 -6.54906e-20)
(0.104394 0.0345978 -3.41128e-20)
(0.150377 0.0337526 -3.58956e-19)
(0.203783 0.0335386 -1.74907e-19)
(0.264639 0.0342637 -2.25504e-19)
(0.332771 0.0362131 1.609e-20)
(0.407739 0.0396575 -8.02899e-20)
(0.488733 0.044796 9.11272e-21)
(0.574939 0.0521339 -1.82593e-19)
(0.664019 0.0606722 2.0223e-19)
(0.759736 0.0753906 2.61561e-19)
(0.841198 0.0835984 -3.67946e-19)
(-0.00890355 0.00770869 -1.16969e-19)
(-0.0204098 0.0185711 -2.30649e-19)
(-0.0256884 0.0261471 -6.32685e-21)
(-0.0246358 0.0309847 -4.17465e-20)
(-0.0171005 0.0336742 -2.59275e-19)
(-0.00292744 0.0347553 1.24067e-19)
(0.0180661 0.0347193 -5.18513e-21)
(0.0460975 0.0340181 2.40823e-20)
(0.0814069 0.0330687 -5.17566e-19)
(0.124231 0.0322578 2.23333e-19)
(0.17476 0.0319436 1.61387e-19)
(0.233078 0.0324556 4.3181e-20)
(0.29909 0.0340908 1.85822e-19)
(0.372446 0.0371048 -6.8899e-20)
(0.452477 0.0417127 2.29187e-19)
(0.538091 0.0480054 3.58235e-20)
(0.628157 0.056347 6.15174e-20)
(0.720036 0.0652917 -2.02443e-19)
(0.816594 0.0797444 -2.08953e-19)
(0.897656 0.084028 -2.50363e-20)
(-0.00892021 0.00743565 1.04924e-20)
(-0.0199714 0.0176853 1.34179e-19)
(-0.0242931 0.0246884 1.88119e-20)
(-0.0218052 0.0290153 7.23702e-20)
(-0.0123554 0.0312932 8.24632e-20)
(0.00421748 0.0320907 3.74793e-20)
(0.0281044 0.0319223 -9.2329e-20)
(0.0595281 0.0312597 -1.12512e-19)
(0.0987231 0.0305363 1.935e-19)
(0.145899 0.0301501 -2.0149e-21)
(0.201185 0.0304646 -1.71654e-19)
(0.264561 0.0318043 -1.24338e-20)
(0.335772 0.0344457 -1.47914e-20)
(0.414245 0.0386026 2.0801e-19)
(0.49903 0.0444191 -1.05218e-19)
(0.588708 0.0518688 7.9905e-20)
(0.681771 0.0611643 1.37988e-19)
(0.775299 0.0705822 -1.10888e-19)
(0.871144 0.0847666 -1.67218e-19)
(0.950686 0.0873419 2.14823e-19)
(-0.00889399 0.00713973 -8.12233e-20)
(-0.0193739 0.0167429 -8.27492e-20)
(-0.022591 0.0231594 -4.06596e-20)
(-0.0184926 0.0269787 -1.37093e-19)
(-0.0069276 0.0288644 -1.3776e-19)
(0.0122685 0.0294145 9.7224e-20)
(0.0392906 0.0291666 -1.25746e-19)
(0.074359 0.0286118 7.22738e-20)
(0.117689 0.0281986 -1.035e-19)
(0.169445 0.0283344 -5.02546e-20)
(0.229668 0.0293829 7.91959e-20)
(0.298196 0.0316564 -1.67083e-19)
(0.374573 0.0354007 -1.7671e-19)
(0.457956 0.0407748 -1.92108e-19)
(0.547072 0.0478389 1.28486e-19)
(0.640144 0.0564447 -4.30145e-20)
(0.73527 0.0666505 -6.23331e-20)
(0.829303 0.0765914 2.71885e-19)
(0.923151 0.0904972 1.42226e-19)
(1.00022 0.0925595 -3.122e-19)
(-0.0185987 0.0157429 1.87182e-19)
(-0.0205519 0.0215626 1.37824e-19)
(-0.0146567 0.0248823 2.00023e-19)
(-0.000765724 0.0264024 -8.85522e-20)
(0.0212853 0.0267495 -1.86648e-19)
(0.0516891 0.0264843 4.56038e-20)
(0.0906531 0.0261164 -7.84608e-21)
(0.138358 0.0261075 -3.65946e-20)
(0.194898 0.0268707 3.61928e-19)
(0.260195 0.0287643 5.52935e-21)
(0.333908 0.0320793 2.71478e-19)
(0.415333 0.0370194 7.08471e-20)
(0.503317 0.0436754 -1.77226e-19)
(0.596231 0.0520118 -1.24062e-19)
(0.69193 0.0617574 1.98537e-19)
(0.788134 0.0728164 -5.21345e-20)
(0.88155 0.0832845 -2.63628e-19)
(0.972307 0.0968909 -1.19042e-19)
(1.04603 0.0990413 2.78839e-19)
(-0.0181444 0.0199011 1.72057e-20)
(-0.0102554 0.022735 -2.99999e-19)
(0.00618153 0.0239233 2.3665e-19)
(0.0313258 0.0241207 1.09953e-19)
(0.0653597 0.0239097 -7.89308e-20)
(0.108465 0.0238173 -7.22365e-20)
(0.160768 0.0243157 2.06801e-19)
(0.222265 0.0258186 -1.54326e-19)
(0.292725 0.0286715 -1.83535e-19)
(0.371585 0.0331337 4.95922e-21)
(0.457851 0.0393539 1.53001e-19)
(0.550024 0.0473413 -5.1014e-20)
(0.646098 0.0569537 -1.63967e-19)
(0.743575 0.0677978 -2.64985e-19)
(0.839849 0.0796294 1.13908e-19)
(0.931571 0.0905755 2.83576e-19)
(1.01831 0.103837 5.38079e-20)
(1.08795 0.106315 1.73595e-19)
(-0.00524637 0.0205474 2.18306e-19)
(0.0139647 0.0214453 -4.65181e-20)
(0.0424449 0.0215549 -8.17787e-20)
(0.0803561 0.0214792 4.04767e-21)
(0.127839 0.0217601 -4.46559e-20)
(0.184941 0.0228762 -2.30318e-19)
(0.251531 0.0252361 -1.14508e-19)
(0.327185 0.0291629 2.97972e-19)
(0.411075 0.0348721 -5.21046e-20)
(0.501881 0.0424433 7.88899e-21)
(0.597729 0.0517906 6.20055e-20)
(0.696236 0.062656 6.51942e-20)
(0.794585 0.0745277 2.23014e-19)
(0.889923 0.0870235 2.10986e-20)
(0.978952 0.0983492 -3.1988e-20)
(1.0609 0.111194 -2.64108e-19)
(1.12584 0.11403 1.39855e-19)
(0.000412679 0.0183319 -2.55128e-19)
(0.0226327 0.0189887 -9.70036e-20)
(0.0546939 0.0190813 2.72993e-19)
(0.0967252 0.019231 -5.80237e-20)
(0.148806 0.0199914 8.12057e-20)
(0.210881 0.0218423 6.03837e-20)
(0.282653 0.0251789 8.48503e-20)
(0.363466 0.0302914 -1.32592e-19)
(0.45219 0.0373372 2.09026e-19)
(0.547138 0.0463121 8.76928e-20)
(0.646053 0.0570226 -3.24981e-20)
(0.746192 0.0690883 2.63592e-20)
(0.844475 0.081885 1.37677e-19)
(0.937907 0.0949098 -2.15424e-20)
(1.02335 0.106478 6.81063e-20)
(1.09989 0.118817 8.39751e-20)
(1.15968 0.121928 -4.02398e-19)
(0.0322323 0.0165761 1.88341e-20)
(0.0681194 0.0167315 -5.48129e-20)
(0.114505 0.0172056 2.78153e-20)
(0.171386 0.018559 -6.98884e-20)
(0.238571 0.0212665 -1.1627e-21)
(0.315564 0.0256998 -1.61739e-19)
(0.401431 0.0321029 1.03657e-19)
(0.494702 0.0405608 -6.02268e-20)
(0.593304 0.05097 -2.05212e-19)
(0.694596 0.0630181 -3.22784e-20)
(0.795513 0.0762001 3.1287e-20)
(0.892792 0.0897895 -2.10057e-19)
(0.983409 0.103185 -2.90072e-20)
(1.06449 0.114832 -8.74046e-20)
(1.13518 0.126566 2.93656e-19)
(1.18951 0.129813 2.11233e-19)
(0.0827619 0.0145395 4.8036e-20)
(0.133724 0.0154451 1.94321e-19)
(0.195581 0.0175116 4.30237e-20)
(0.267974 0.0211998 -7.33055e-20)
(0.350165 0.0268468 3.03982e-19)
(0.440908 0.0346357 -9.71432e-20)
(0.538354 0.0445627 -3.12786e-20)
(0.640034 0.0564108 6.12317e-20)
(0.742945 0.0697407 1.40223e-19)
(0.84376 0.0839246 2.74707e-20)
(0.939125 0.0981488 -1.82233e-20)
(1.02611 0.111742 -4.8067e-20)
(1.10219 0.123293 -9.06196e-20)
(1.16676 0.134323 1.20555e-19)
(1.21548 0.137546 -3.25102e-19)
(0.154399 0.0139934 1.37735e-20)
(0.221379 0.0168978 1.84761e-19)
(0.299031 0.0216916 4.03877e-20)
(0.386335 0.0286633 -1.29225e-19)
(0.481693 0.0379192 -2.7312e-19)
(0.582859 0.0493504 -3.75188e-20)
(0.686968 0.0626138 -4.31596e-20)
(0.790692 0.077139 -1.35826e-19)
(0.890522 0.092183 -1.59409e-19)
(0.983119 0.106864 -1.01314e-19)
(1.06576 0.120473 -7.86716e-20)
(1.13638 0.131754 -1.96688e-20)
(1.19469 0.141987 -2.07358e-19)
(1.23778 0.145031 -3.00849e-20)
(0.248749 0.0167664 -2.93671e-19)
(0.331658 0.0227882 7.86266e-20)
(0.423922 0.0311863 -1.92809e-19)
(0.523558 0.041973 4.39091e-19)
(0.62791 0.0549186 -1.02763e-20)
(0.733737 0.0695442 1.60403e-19)
(0.837443 0.085149 5.98027e-20)
(0.93543 0.100888 3.31133e-20)
(1.02449 0.115837 1.3648e-19)
(1.10221 0.129278 1.91448e-19)
(1.16704 0.140123 -1.04759e-19)
(1.21909 0.149483 1.78837e-19)
(1.25668 0.152209 1.80196e-19)
(0.36575 0.0245324 -1.223e-19)
(0.46275 0.0344459 9.94968e-20)
(0.56625 0.0468065 9.08146e-20)
(0.673184 0.0612497 -2.26223e-19)
(0.779973 0.077155 -2.19548e-19)
(0.882828 0.0936972 -1.59836e-19)
(0.978166 0.109949 8.27072e-20)
(1.06301 0.12497 -2.61823e-19)
(1.13537 0.138069 -1.46989e-19)
(1.19424 0.148331 2.91767e-20)
(1.24016 0.156756 -3.3379e-20)
(1.27248 0.15905 7.76192e-20)
(0.502621 0.0384645 2.01289e-19)
(0.6095 0.0524188 -5.14971e-19)
(0.718355 0.0683144 3.0067e-20)
(0.825323 0.0853885 1.50559e-19)
(0.926516 0.102704 2.87097e-19)
(1.01847 0.119276 1.30462e-20)
(1.09855 0.134175 1.03435e-19)
(1.16524 0.146771 1.87852e-19)
(1.21811 0.156323 -4.78115e-20)
(1.25813 0.16377 -9.23771e-21)
(1.28547 0.165546 1.20598e-19)
(0.653022 0.058798 2.6837e-19)
(0.763095 0.0760726 1.09545e-19)
(0.869457 0.0941791 2.13593e-19)
(0.968218 0.112087 -1.33614e-19)
(1.05614 0.128781 -3.29612e-20)
(1.13102 0.143375 3.87004e-20)
(1.19187 0.155324 -2.01575e-19)
(1.23882 0.164063 -3.79946e-20)
(1.27325 0.170511 -2.20383e-20)
(1.29598 0.171708 -7.4223e-20)
(0.807089 0.0844751 1.94317e-19)
(0.912074 0.103456 -2.93383e-19)
(1.0077 0.121764 7.54828e-20)
(1.09105 0.138384 -2.22761e-20)
(1.16042 0.152503 1.3031e-19)
(1.21537 0.163681 2.4476e-19)
(1.25658 0.171533 9.04476e-22)
(1.28579 0.176975 -4.12558e-20)
(1.30431 0.177558 -1.70618e-19)
(1.04477 0.131655 -6.54695e-20)
(1.12312 0.148014 1.55511e-19)
(1.18679 0.161505 -6.50517e-20)
(1.23591 0.171813 -1.08856e-19)
(1.27163 0.178725 6.0018e-20)
(1.29603 0.183171 2.20643e-19)
(1.31075 0.183127 5.76719e-21)
(1.15232 0.157609 -3.75795e-19)
(1.21022 0.170341 -9.22913e-20)
(1.25366 0.179702 -7.60627e-20)
(1.28422 0.185644 -1.01692e-19)
(1.30423 0.189118 1.31433e-20)
(1.31557 0.188448 9.11893e-20)
(1.23085 0.178981 -7.85854e-21)
(1.26882 0.187341 -5.4072e-20)
(1.2946 0.192302 1.88269e-19)
(1.31065 0.194838 -1.82046e-19)
(1.31901 0.193558 -1.11062e-19)
(1.30299 0.19872 4.43088e-20)
(1.31551 0.200358 2.79434e-20)
(1.32127 0.198494 -6.39806e-20)
(1.31904 0.205707 -3.93263e-20)
(1.32254 0.203289 1.4089e-19)
(-0.111492 0.0250619 -3.88219e-23)
(-0.130803 0.0187874 -3.24461e-22)
(-0.143997 0.00911734 -9.42362e-23)
(-0.165866 -0.00924775 2.15484e-22)
(-0.175604 -0.036668 8.34338e-23)
(-0.192889 -0.0748477 7.62407e-23)
(-0.198972 -0.122196 -5.91925e-23)
(-0.206623 -0.174224 -1.58407e-22)
(-0.204415 -0.223336 3.55304e-22)
(-0.200402 -0.258075 7.23805e-24)
(-0.187948 -0.266194 1.32592e-22)
(-0.168691 -0.234012 3.24977e-22)
(-0.133014 -0.152347 -2.50329e-23)
(-0.0792207 -0.0238401 2.59382e-23)
(-0.0115241 0.130015 6.65361e-23)
(0.0535052 0.279991 -1.40434e-23)
(0.0993395 0.405717 2.61606e-22)
(0.113284 0.499381 -1.19494e-22)
(0.0979353 0.557361 -2.60656e-22)
(0.0864477 0.55063 -5.02454e-23)
(0.145872 0.434497 2.67544e-23)
(0.262936 0.21913 9.77293e-23)
(0.389544 -0.0281985 7.13387e-23)
(0.503507 -0.247328 -2.03208e-22)
(0.584417 -0.404047 -2.6983e-23)
(0.634056 -0.485428 -1.02259e-22)
(0.640731 -0.520981 -5.84677e-24)
(0.567056 -0.559198 -9.50389e-23)
(0.475718 -0.548573 1.21549e-22)
(0.476715 -0.392456 -9.15114e-23)
(0.556663 -0.121202 -3.94336e-23)
(0.649947 0.151337 8.2433e-23)
(0.725559 0.341752 1.11336e-22)
(0.787121 0.425677 -1.04062e-22)
(0.785994 0.46741 -2.58445e-23)
(0.705983 0.511445 -2.17741e-24)
(0.63116 0.476297 -1.77712e-23)
(0.625524 0.293029 -1.15308e-22)
(0.677686 0.0253471 -3.58483e-23)
(0.754635 -0.194806 4.21886e-24)
(0.823761 -0.314904 -4.38789e-23)
(0.824012 -0.38657 -2.51206e-23)
(0.752321 -0.440126 -6.35066e-23)
(0.700751 -0.397342 4.88142e-23)
(0.702875 -0.220752 -2.49841e-23)
(0.754078 -0.00387456 -3.39208e-23)
(0.817496 0.16813 1.93861e-23)
(0.837424 0.273156 2.61326e-23)
(0.781895 0.356891 -1.28446e-23)
(0.729803 0.347531 -1.83184e-23)
(0.73586 0.216527 3.28641e-23)
(0.786219 0.0424831 -8.03309e-24)
(0.8311 -0.127679 3.23266e-23)
(0.826504 -0.206765 2.70227e-23)
(0.769191 -0.291106 -1.52758e-23)
(0.724822 -0.248309 6.294e-24)
(0.749086 -0.112666 2.51219e-23)
(0.787994 -0.0195736 -7.15308e-23)
(0.805688 0.170471 -2.4404e-23)
(0.741001 0.143404 -6.84111e-24)
(-0.110295 0.0285364 -2.42465e-22)
(-0.129745 0.0207533 -6.64097e-22)
(-0.142989 0.0115828 4.83578e-22)
(-0.165198 -0.0073106 3.40608e-22)
(-0.175391 -0.034818 8.81269e-22)
(-0.193251 -0.0733814 -4.35465e-23)
(-0.200064 -0.121202 -5.36075e-22)
(-0.208544 -0.173789 -7.5148e-22)
(-0.20742 -0.223513 -7.7372e-22)
(-0.204815 -0.258854 7.36561e-22)
(-0.194294 -0.267762 -1.33544e-21)
(-0.177617 -0.236794 4.49058e-22)
(-0.145051 -0.156847 2.95614e-22)
(-0.0942226 -0.0299009 -5.39161e-22)
(-0.0285425 0.123476 -8.51994e-23)
(0.0356228 0.274563 6.82151e-23)
(0.0816641 0.402735 -1.01999e-21)
(0.0971954 0.499152 7.89548e-22)
(0.0860828 0.558185 -1.96074e-22)
(0.0835112 0.548319 -3.9703e-22)
(0.152988 0.427204 2.02322e-22)
(0.273509 0.209565 4.22131e-22)
(0.401583 -0.0373844 -8.63338e-22)
(0.515908 -0.254586 7.16497e-22)
(0.595352 -0.408778 -1.16194e-22)
(0.642534 -0.487438 3.53092e-23)
(0.649357 -0.518636 -2.0697e-23)
(0.576769 -0.553442 1.27885e-22)
(0.4811 -0.545386 -6.72352e-23)
(0.475873 -0.395099 -9.25543e-23)
(0.551606 -0.126876 -2.24241e-22)
(0.64328 0.145854 1.53033e-22)
(0.720463 0.337378 -7.99893e-23)
(0.78348 0.423783 1.63074e-22)
(0.781212 0.469723 -1.95332e-22)
(0.701315 0.515785 7.69631e-23)
(0.628559 0.478542 1.47132e-22)
(0.625853 0.291875 5.01868e-23)
(0.680085 0.0220914 3.33179e-23)
(0.75662 -0.198458 -8.25076e-23)
(0.8258 -0.316637 8.63749e-23)
(0.827629 -0.384848 8.25358e-23)
(0.755885 -0.43719 1.49849e-22)
(0.703002 -0.396206 -2.26405e-22)
(0.704386 -0.221997 -1.78729e-22)
(0.754846 -0.0064268 9.94151e-23)
(0.816936 0.166329 8.12898e-23)
(0.834735 0.273885 -9.80446e-23)
(0.77813 0.359055 4.75504e-23)
(0.727833 0.34844 1.02899e-22)
(0.734958 0.215463 -5.71628e-23)
(0.786018 0.0407108 2.2673e-24)
(0.832744 -0.128439 -5.2392e-23)
(0.829855 -0.205688 -1.8626e-23)
(0.773674 -0.289318 9.16995e-23)
(0.725848 -0.247922 1.9721e-23)
(0.748022 -0.113683 -6.13055e-23)
(0.78526 -0.020447 -3.97226e-23)
(0.799999 0.1712 -4.86823e-24)
(0.737644 0.144368 9.86186e-24)
(-0.108537 0.0320042 8.97387e-22)
(-0.128081 0.0227486 -1.76088e-21)
(-0.141222 0.014103 1.20968e-21)
(-0.163689 -0.00527062 -2.72728e-22)
(-0.174225 -0.0328329 -1.71915e-21)
(-0.192556 -0.0717446 2.15028e-21)
(-0.200004 -0.120015 1.31055e-21)
(-0.209222 -0.173147 -1.39037e-21)
(-0.209113 -0.223478 1.44736e-21)
(-0.207852 -0.259423 5.48389e-22)
(-0.199212 -0.269127 -1.08635e-21)
(-0.185084 -0.239392 1.15286e-23)
(-0.15569 -0.161222 -6.1756e-22)
(-0.108005 -0.0359456 1.23153e-21)
(-0.044544 0.11684 1.33509e-21)
(0.0186222 0.268954 -1.05516e-21)
(0.0648557 0.399504 1.38554e-21)
(0.0821427 0.498549 -1.85886e-22)
(0.0755884 0.55841 -1.14763e-22)
(0.0821961 0.545326 8.31726e-23)
(0.160989 0.419617 -1.5861e-21)
(0.284555 0.200115 2.77161e-22)
(0.413986 -0.0463584 -1.1436e-22)
(0.528589 -0.261591 -7.98902e-23)
(0.606554 -0.413237 -1.36233e-23)
(0.651136 -0.489308 -2.11129e-22)
(0.657926 -0.516315 -3.06908e-22)
(0.58662 -0.547578 -1.12592e-22)
(0.486897 -0.54192 -7.04588e-23)
(0.475375 -0.397578 2.89817e-23)
(0.546809 -0.132589 6.26852e-23)
(0.636878 0.140187 -4.43067e-22)
(0.715611 0.332808 -1.46017e-22)
(0.779896 0.421833 1.4776e-22)
(0.776464 0.472031 2.56595e-22)
(0.696769 0.52006 -1.72726e-22)
(0.626097 0.480721 3.68858e-22)
(0.62643 0.290725 1.47498e-22)
(0.682766 0.0189332 2.38456e-22)
(0.758817 -0.202008 -1.36068e-23)
(0.827881 -0.318365 -7.59338e-23)
(0.831266 -0.383139 -1.56383e-22)
(0.759547 -0.434221 -1.86567e-22)
(0.705296 -0.395066 2.17126e-22)
(0.706006 -0.223281 1.63809e-22)
(0.755747 -0.0090002 -2.71696e-22)
(0.816403 0.164557 -7.77053e-23)
(0.83203 0.274651 1.9877e-22)
(0.774427 0.361194 -4.32803e-23)
(0.72592 0.349309 -1.27531e-22)
(0.734065 0.214399 5.28186e-23)
(0.785813 0.0389246 1.03064e-22)
(0.834341 -0.129243 2.20389e-22)
(0.833161 -0.204653 4.02348e-23)
(0.7782 -0.287489 -8.43049e-23)
(0.726962 -0.247449 1.81443e-23)
(0.746953 -0.114646 -4.68974e-23)
(0.782461 -0.021253 2.94886e-22)
(0.794252 0.171936 -9.0773e-23)
(0.734373 0.145296 1.22876e-23)
(-0.106212 0.0354518 -4.36422e-23)
(-0.125799 0.0247607 8.32508e-22)
(-0.138683 0.0166614 2.306e-21)
(-0.16132 -0.00314032 -2.45255e-21)
(-0.172082 -0.0307264 2.98804e-21)
(-0.190772 -0.0699486 -2.63361e-21)
(-0.198755 -0.118645 -6.94371e-24)
(-0.208616 -0.172305 2.48263e-21)
(-0.209452 -0.223236 -2.7268e-22)
(-0.209478 -0.259787 -1.83742e-21)
(-0.202669 -0.270291 -1.06339e-23)
(-0.191047 -0.241801 3.17339e-22)
(-0.164866 -0.165456 1.77009e-21)
(-0.120486 -0.0419506 3.91234e-22)
(-0.0594476 0.110123 1.37646e-21)
(0.00258367 0.263166 3.23803e-23)
(0.0489993 0.396012 -8.05741e-22)
(0.0682076 0.497547 5.47493e-22)
(0.0665099 0.558014 -1.16571e-21)
(0.0824735 0.541685 6.75923e-22)
(0.169795 0.411792 1.22994e-21)
(0.296066 0.190804 -4.7134e-22)
(0.426741 -0.0551125 9.83877e-22)
(0.541527 -0.268342 -5.04265e-22)
(0.618009 -0.417424 -2.89517e-22)
(0.659864 -0.491033 4.47014e-23)
(0.666433 -0.514023 5.23535e-22)
(0.596583 -0.541626 -8.52138e-22)
(0.49311 -0.538176 5.93366e-22)
(0.47523 -0.399879 -3.45577e-22)
(0.542296 -0.138336 4.11917e-22)
(0.630762 0.134336 4.58351e-22)
(0.711007 0.328047 -3.80794e-22)
(0.776368 0.419829 -4.23173e-22)
(0.771757 0.474327 -3.07425e-22)
(0.692343 0.524264 -1.12174e-22)
(0.62378 0.482833 -7.63849e-22)
(0.627249 0.289579 1.59544e-22)
(0.685716 0.0158755 -5.39508e-22)
(0.761226 -0.205448 -1.66834e-22)
(0.830007 -0.320084 1.52951e-23)
(0.834916 -0.381446 1.32916e-23)
(0.763307 -0.431219 -8.4222e-23)
(0.707633 -0.39392 3.96493e-22)
(0.70772 -0.224607 -5.28362e-23)
(0.756767 -0.0115926 -7.76247e-23)
(0.815891 0.162818 2.74801e-22)
(0.829308 0.275454 -3.82911e-22)
(0.770788 0.363306 3.11535e-22)
(0.724061 0.350141 -2.05441e-22)
(0.73319 0.213338 -3.02275e-22)
(0.785614 0.0371257 -3.19276e-22)
(0.835897 -0.130091 -3.14759e-22)
(0.83642 -0.20366 -1.15685e-22)
(0.782764 -0.285622 4.18076e-23)
(0.728166 -0.246888 -3.71859e-23)
(0.745882 -0.115551 7.31945e-23)
(0.7796 -0.0219906 -2.94732e-22)
(0.788455 0.172676 3.88571e-22)
(0.731192 0.146185 -1.12693e-23)
(-0.103311 0.0388644 1.40529e-21)
(-0.122888 0.0267761 -3.61796e-21)
(-0.13536 0.0192409 2.34585e-22)
(-0.15807 -0.000935916 1.44903e-21)
(-0.168937 -0.0285134 3.57789e-21)
(-0.18787 -0.0680059 -2.84303e-21)
(-0.19628 -0.117101 -1.32177e-22)
(-0.206685 -0.171271 2.25156e-21)
(-0.208398 -0.222793 -4.02088e-21)
(-0.209655 -0.259949 3.46699e-21)
(-0.204631 -0.271254 -9.53271e-22)
(-0.195468 -0.244016 3.46148e-22)
(-0.172519 -0.169532 -4.42221e-22)
(-0.131587 -0.0478929 -2.36858e-21)
(-0.0731698 0.103343 -7.12757e-22)
(-0.0124098 0.257205 4.89315e-22)
(0.0341802 0.392244 1.8922e-22)
(0.0554676 0.496122 -8.32636e-23)
(0.0588964 0.556988 -1.00295e-21)
(0.0842977 0.537437 1.52251e-21)
(0.179341 0.403786 7.2957e-22)
(0.308032 0.181652 -8.85285e-22)
(0.439835 -0.0636391 -5.88646e-22)
(0.554699 -0.274837 1.87127e-21)
(0.629703 -0.421338 1.26839e-22)
(0.668723 -0.492608 -1.16085e-21)
(0.674876 -0.51177 4.87546e-22)
(0.60663 -0.535605 1.20929e-21)
(0.49974 -0.534158 -1.73228e-22)
(0.475447 -0.401989 9.26904e-22)
(0.53809 -0.144109 -5.25586e-22)
(0.624955 0.128305 -5.62668e-22)
(0.706652 0.3231 8.10926e-22)
(0.772893 0.417772 -4.67172e-22)
(0.767099 0.476603 1.20801e-22)
(0.688036 0.528395 -2.92563e-23)
(0.62161 0.484879 5.75604e-22)
(0.628302 0.288435 -3.69976e-22)
(0.688924 0.0129207 9.67506e-22)
(0.763847 -0.208775 -2.06373e-22)
(0.832179 -0.321791 -3.17249e-22)
(0.838573 -0.379775 3.80935e-22)
(0.767165 -0.428187 3.87478e-22)
(0.710011 -0.392766 -5.21307e-22)
(0.709513 -0.225973 4.52552e-23)
(0.757891 -0.0142019 4.44755e-22)
(0.815391 0.161114 -7.51847e-22)
(0.826573 0.27629 6.63817e-22)
(0.767214 0.365389 -1.07553e-22)
(0.722255 0.350938 2.80493e-22)
(0.732339 0.21228 4.66223e-22)
(0.785434 0.0353156 7.17593e-23)
(0.837417 -0.130982 2.4609e-22)
(0.839632 -0.202712 -2.40724e-22)
(0.787361 -0.283719 -5.5715e-23)
(0.729463 -0.24624 -8.73747e-23)
(0.744813 -0.116396 -1.6017e-22)
(0.776681 -0.0226591 -1.53495e-22)
(0.782614 0.173418 -3.19771e-22)
(0.728106 0.147033 -2.67173e-23)
(-0.0998267 0.0422268 4.05702e-21)
(-0.119339 0.0287813 -5.35286e-22)
(-0.131241 0.0218234 -3.29331e-21)
(-0.153922 0.00132884 8.79231e-22)
(-0.164768 -0.0262095 1.82218e-21)
(-0.183819 -0.06593 -4.13556e-21)
(-0.192544 -0.115397 4.8093e-22)
(-0.203389 -0.170053 2.6186e-21)
(-0.205908 -0.222152 -1.17357e-21)
(-0.208348 -0.259911 7.74105e-22)
(-0.205073 -0.272018 4.92259e-22)
(-0.198318 -0.246034 9.64457e-22)
(-0.178595 -0.173436 -3.77337e-21)
(-0.14123 -0.0537507 3.68963e-22)
(-0.0856266 0.0965171 9.90892e-22)
(-0.0262735 0.251076 2.22326e-21)
(0.0204829 0.388188 -4.10561e-21)
(0.043995 0.494255 1.85133e-21)
(0.0527872 0.555323 1.88747e-21)
(0.0876081 0.532624 -1.56493e-21)
(0.189571 0.395651 -1.75638e-21)
(0.320444 0.172677 -8.86506e-22)
(0.453254 -0.0719297 2.61454e-21)
(0.568084 -0.281078 -4.31487e-21)
(0.641618 -0.424981 5.67087e-22)
(0.677714 -0.494028 8.48487e-22)
(0.683251 -0.50956 6.03899e-23)
(0.616734 -0.529537 -1.13637e-22)
(0.506783 -0.52987 -1.17928e-22)
(0.47603 -0.403896 -8.01248e-22)
(0.534212 -0.149902 1.40927e-22)
(0.619474 0.122096 8.22016e-22)
(0.702545 0.317974 3.73606e-23)
(0.769471 0.415663 -5.16209e-22)
(0.762496 0.478854 3.83008e-22)
(0.683844 0.532449 4.10106e-22)
(0.61959 0.486857 -1.10735e-21)
(0.629579 0.287296 -8.46894e-22)
(0.692373 0.010071 -8.79498e-22)
(0.766678 -0.211982 4.66e-23)
(0.834401 -0.323484 2.20831e-22)
(0.842231 -0.378129 -2.82874e-22)
(0.771118 -0.425125 3.07655e-23)
(0.712429 -0.391601 8.46007e-23)
(0.711368 -0.227379 9.37997e-23)
(0.759103 -0.0168262 -1.12701e-22)
(0.814898 0.159445 6.82025e-23)
(0.823828 0.277157 -6.38194e-22)
(0.763709 0.367441 2.37854e-22)
(0.720498 0.3517 4.35477e-22)
(0.731522 0.211227 1.20337e-23)
(0.785286 0.0334955 2.13381e-22)
(0.838908 -0.131915 -5.08588e-22)
(0.842796 -0.20181 -9.67126e-25)
(0.791988 -0.281784 9.43927e-23)
(0.730853 -0.245503 8.73333e-23)
(0.743748 -0.117178 1.52645e-22)
(0.773708 -0.0232579 -1.76128e-23)
(0.776735 0.174159 2.55537e-23)
(0.725118 0.147838 8.39799e-24)
(-0.0957492 0.0455228 -1.8315e-22)
(-0.115141 0.0307623 -3.96712e-21)
(-0.126316 0.0243902 2.2345e-21)
(-0.148859 0.00364231 -2.56535e-21)
(-0.159554 -0.0238317 7.01064e-22)
(-0.178592 -0.0637353 -1.26243e-21)
(-0.187511 -0.113543 -7.9045e-22)
(-0.198687 -0.16866 2.04868e-21)
(-0.201941 -0.22132 1.4495e-21)
(-0.205522 -0.259676 -1.0628e-22)
(-0.203966 -0.272584 1.63134e-21)
(-0.19957 -0.247854 -1.90808e-21)
(-0.18305 -0.177157 1.19309e-22)
(-0.149344 -0.0595035 -6.0411e-22)
(-0.0967349 0.089663 -1.23039e-21)
(-0.0389231 0.244784 7.37912e-22)
(0.00798943 0.383831 3.65591e-22)
(0.0338554 0.491928 -1.51315e-21)
(0.0482119 0.55302 -2.117e-21)
(0.0923312 0.527294 2.52124e-21)
(0.200436 0.387435 2.68708e-22)
(0.333293 0.163894 1.04227e-21)
(0.466986 -0.0799758 1.57011e-21)
(0.581661 -0.287062 -2.64803e-21)
(0.653738 -0.428354 1.71879e-22)
(0.686839 -0.495287 -4.8968e-23)
(0.691557 -0.507398 -7.25495e-22)
(0.626871 -0.523443 -1.04849e-22)
(0.514234 -0.525318 -5.8457e-22)
(0.476983 -0.405587 2.47261e-22)
(0.530679 -0.155708 7.07822e-22)
(0.614339 0.115714 1.74734e-22)
(0.698686 0.312676 -1.84035e-23)
(0.7661 0.413502 1.28641e-21)
(0.757955 0.481073 6.33216e-23)
(0.679768 0.536423 -6.97499e-22)
(0.617724 0.488768 1.97161e-21)
(0.631067 0.286161 6.06684e-22)
(0.696047 0.00732819 3.34332e-22)
(0.769714 -0.215066 8.45957e-22)
(0.836676 -0.325158 -4.05603e-23)
(0.845885 -0.37651 -1.51137e-22)
(0.775166 -0.422035 1.69303e-22)
(0.71489 -0.390424 1.7296e-22)
(0.713271 -0.228824 4.02418e-22)
(0.760387 -0.0194639 -4.19586e-22)
(0.814404 0.157812 1.04413e-21)
(0.821073 0.278052 2.34466e-23)
(0.760273 0.369462 1.47513e-22)
(0.718791 0.352429 -1.77644e-22)
(0.730748 0.210179 -2.68238e-22)
(0.785182 0.0316667 2.57699e-22)
(0.840378 -0.132888 7.51717e-22)
(0.845912 -0.200955 -2.66138e-23)
(0.79664 -0.279819 1.55744e-22)
(0.732339 -0.244677 -3.06704e-23)
(0.742693 -0.117895 -2.02581e-23)
(0.770687 -0.0237863 3.69676e-22)
(0.770826 0.174897 1.6758e-22)
(0.722232 0.148598 1.77573e-23)
(-0.0910696 0.0487355 4.70912e-21)
(-0.110284 0.0327052 -1.60484e-22)
(-0.120575 0.0269222 -1.87173e-21)
(-0.142867 0.00598785 4.56167e-21)
(-0.153276 -0.0213974 1.74726e-21)
(-0.172162 -0.0614378 3.15049e-22)
(-0.181148 -0.111554 -5.7569e-21)
(-0.192541 -0.167102 3.57146e-21)
(-0.196455 -0.220301 -5.18089e-21)
(-0.201139 -0.259245 5.03291e-21)
(-0.201287 -0.272954 4.91489e-23)
(-0.199207 -0.249472 3.89227e-22)
(-0.185849 -0.180685 -3.73922e-22)
(-0.155864 -0.0651326 2.043e-21)
(-0.106414 0.0827986 -2.84135e-21)
(-0.0502763 0.238339 -4.3091e-22)
(-0.0032223 0.379163 3.48057e-21)
(0.0251067 0.489129 -1.81708e-21)
(0.0451888 0.550087 -2.59581e-22)
(0.0983837 0.521495 2.32295e-21)
(0.211897 0.379181 -1.1283e-21)
(0.346566 0.155317 -2.18472e-21)
(0.48102 -0.0877687 4.02686e-21)
(0.59541 -0.29279 7.57825e-22)
(0.666041 -0.43146 1.75502e-21)
(0.6961 -0.49638 -3.76279e-22)
(0.699794 -0.505288 5.08231e-22)
(0.637013 -0.517344 2.07809e-22)
(0.522087 -0.520511 -2.37824e-22)
(0.478311 -0.407053 5.674e-22)
(0.527508 -0.161521 -3.66913e-22)
(0.609563 0.109164 -1.84232e-21)
(0.695071 0.307213 -3.52455e-22)
(0.76278 0.41129 -6.89021e-22)
(0.753481 0.483252 3.84384e-22)
(0.675805 0.540313 3.40904e-22)
(0.616011 0.490613 -1.34711e-21)
(0.632753 0.285032 -6.86487e-22)
(0.69993 0.00469388 4.00323e-22)
(0.772954 -0.21802 3.12303e-23)
(0.839007 -0.32681 3.25735e-22)
(0.849528 -0.374923 1.56003e-22)
(0.779306 -0.418919 -4.44228e-22)
(0.717394 -0.389231 5.15035e-23)
(0.715207 -0.230307 -4.85613e-22)
(0.761728 -0.0221136 6.52658e-23)
(0.813901 0.156217 -6.19342e-22)
(0.818312 0.278973 1.09436e-21)
(0.756908 0.37145 -1.17844e-21)
(0.717132 0.353126 -5.24675e-22)
(0.730025 0.209138 -3.54221e-22)
(0.785133 0.0298309 -3.15544e-22)
(0.841831 -0.133901 -4.0073e-22)
(0.848979 -0.200149 7.34616e-22)
(0.801312 -0.277826 -2.49973e-22)
(0.733922 -0.243761 2.44364e-23)
(0.74165 -0.118544 2.58888e-23)
(0.767624 -0.0242439 -1.0084e-22)
(0.764895 0.175629 -2.30106e-22)
(0.719452 0.149311 2.55654e-23)
(-0.0857777 0.0518471 3.55614e-21)
(-0.104759 0.0345964 9.85472e-22)
(-0.114009 0.0293997 4.55678e-21)
(-0.135931 0.00834633 -5.4492e-21)
(-0.145917 -0.0189255 -6.09131e-21)
(-0.164506 -0.059054 3.89834e-21)
(-0.173424 -0.109444 -6.75655e-22)
(-0.184911 -0.165388 -1.98054e-22)
(-0.189407 -0.2191 3.97026e-21)
(-0.195162 -0.258618 -5.16331e-21)
(-0.197009 -0.273125 1.64171e-21)
(-0.197214 -0.25089 -2.05486e-21)
(-0.186966 -0.184014 1.89855e-21)
(-0.160736 -0.0706215 -2.44266e-21)
(-0.11459 0.075941 2.65621e-22)
(-0.0602547 0.231751 -1.19598e-22)
(-0.0130799 0.374174 -2.19623e-21)
(0.0177985 0.485848 1.54171e-21)
(0.0437253 0.546536 2.30819e-21)
(0.105676 0.515276 -2.46939e-21)
(0.223918 0.370931 5.00929e-22)
(0.360252 0.146959 -2.5648e-21)
(0.495346 -0.0952994 -7.49921e-22)
(0.609312 -0.298261 9.23097e-22)
(0.678508 -0.434302 -1.8549e-21)
(0.705495 -0.497304 5.8385e-22)
(0.707963 -0.503231 -6.11605e-22)
(0.647136 -0.51126 -2.00708e-21)
(0.53033 -0.515457 1.41608e-21)
(0.480016 -0.408281 -5.01463e-22)
(0.524709 -0.167333 -4.79655e-22)
(0.605159 0.102451 1.07073e-21)
(0.691697 0.301593 9.61175e-22)
(0.759511 0.409026 1.15192e-21)
(0.749079 0.485385 3.41413e-22)
(0.671955 0.544117 4.74576e-23)
(0.614454 0.492391 1.03667e-22)
(0.634623 0.283911 5.47195e-22)
(0.704005 0.00217621 -3.58657e-23)
(0.776391 -0.220843 -4.36653e-22)
(0.841397 -0.328437 -5.74109e-23)
(0.853156 -0.373371 5.40005e-22)
(0.783534 -0.415779 6.78678e-22)
(0.719942 -0.388019 -9.61152e-23)
(0.71716 -0.231826 1.42505e-22)
(0.763108 -0.0247741 -6.82574e-23)
(0.813385 0.15466 1.74467e-22)
(0.815548 0.279916 -9.96172e-22)
(0.753613 0.373404 1.04022e-21)
(0.71552 0.353792 5.55295e-22)
(0.729364 0.208103 2.39985e-22)
(0.785153 0.0279894 5.77258e-23)
(0.843275 -0.134951 -1.53033e-22)
(0.851997 -0.199394 -2.07823e-23)
(0.806 -0.275809 -1.6692e-22)
(0.735604 -0.242757 1.39897e-23)
(0.740626 -0.119123 5.86103e-23)
(0.764524 -0.0246302 -2.96301e-22)
(0.758948 0.176354 2.01863e-22)
(0.716782 0.149975 -2.35839e-23)
(-0.079862 0.054839 -4.51889e-22)
(-0.0985552 0.0364227 3.90417e-21)
(-0.106613 0.0318026 1.30512e-21)
(-0.128039 0.0106986 4.57346e-21)
(-0.137463 -0.0164351 -1.09889e-20)
(-0.155602 -0.056602 4.73209e-21)
(-0.164309 -0.107227 1.43376e-21)
(-0.175761 -0.163531 -1.31088e-21)
(-0.180757 -0.217722 -1.46009e-21)
(-0.187551 -0.257797 -2.47804e-21)
(-0.191107 -0.273096 2.90216e-21)
(-0.19358 -0.252106 -2.04772e-22)
(-0.186385 -0.187138 2.1301e-21)
(-0.163913 -0.075956 2.8694e-22)
(-0.121191 0.0691067 -1.14721e-21)
(-0.0687858 0.225037 -2.99361e-21)
(-0.0215181 0.36885 1.77414e-21)
(0.0119717 0.48208 -1.39033e-21)
(0.0438167 0.542387 -4.29079e-22)
(0.114114 0.508688 1.21843e-21)
(0.23647 0.362718 1.66764e-21)
(0.374338 0.138829 2.04347e-21)
(0.509952 -0.102559 -1.2807e-21)
(0.623351 -0.303474 -1.55992e-21)
(0.691116 -0.436884 -5.35365e-22)
(0.715023 -0.498054 1.50022e-21)
(0.716064 -0.501227 -7.36569e-22)
(0.657217 -0.505214 2.6132e-22)
(0.538949 -0.510167 -6.06928e-22)
(0.482101 -0.409263 6.53797e-22)
(0.522287 -0.173137 4.34984e-22)
(0.601136 0.0955828 -1.09678e-21)
(0.688558 0.295823 -1.9634e-23)
(0.756291 0.40671 -2.48472e-22)
(0.744754 0.487465 -7.95462e-22)
(0.668215 0.547831 5.05938e-22)
(0.613053 0.494105 -4.50857e-23)
(0.636662 0.282799 -8.58619e-22)
(0.708254 -0.000239272 -4.75862e-22)
(0.780021 -0.223531 -4.7311e-22)
(0.843848 -0.330034 6.80945e-23)
(0.856763 -0.371856 3.34078e-22)
(0.787846 -0.412617 -7.32721e-22)
(0.722539 -0.386785 -2.93288e-23)
(0.719117 -0.233378 4.62306e-22)
(0.76451 -0.0274444 5.86157e-22)
(0.812847 0.153139 -1.16111e-22)
(0.812782 0.280879 6.6674e-22)
(0.75039 0.375322 -7.40396e-22)
(0.713954 0.354428 -5.88632e-22)
(0.728773 0.207075 1.24229e-22)
(0.785253 0.0261438 6.69852e-23)
(0.844717 -0.136036 -1.67713e-22)
(0.854967 -0.198688 -1.20887e-21)
(0.8107 -0.273769 2.11347e-22)
(0.737385 -0.241663 -1.28295e-22)
(0.739624 -0.11963 -1.3429e-22)
(0.761396 -0.0249447 6.62213e-22)
(0.752996 0.177068 1.05929e-22)
(0.714226 0.150588 -9.61708e-23)
(-0.0733097 0.0576916 -2.50247e-21)
(-0.091663 0.0381712 -1.62582e-21)
(-0.0983796 0.034111 -2.35697e-21)
(-0.11918 0.0130264 7.5929e-21)
(-0.127899 -0.0139465 -3.77094e-21)
(-0.14543 -0.0541004 3.88136e-21)
(-0.153778 -0.104921 -1.49182e-21)
(-0.165058 -0.161541 3.26281e-22)
(-0.170464 -0.216173 8.40123e-21)
(-0.178267 -0.256779 -9.80736e-22)
(-0.183552 -0.272865 -1.57641e-21)
(-0.188298 -0.253118 -8.07805e-21)
(-0.1841 -0.190055 4.19908e-21)
(-0.16536 -0.0811244 -7.16266e-21)
(-0.126159 0.0623118 2.32075e-21)
(-0.0758051 0.218222 1.72008e-21)
(-0.0284808 0.363177 3.22902e-21)
(0.00765748 0.477823 -6.12211e-22)
(0.0454462 0.537662 -3.0151e-21)
(0.123606 0.501779 2.91726e-21)
(0.249523 0.354575 2.58454e-22)
(0.388807 0.130939 5.43817e-22)
(0.524828 -0.109538 -2.83359e-22)
(0.637511 -0.308426 -1.02395e-21)
(0.703845 -0.439211 -1.74405e-21)
(0.724683 -0.498626 -2.76066e-22)
(0.724099 -0.499277 1.38214e-21)
(0.667233 -0.499227 1.05286e-21)
(0.547927 -0.504654 6.35699e-22)
(0.484569 -0.40999 -5.42572e-22)
(0.520246 -0.178927 1.03172e-21)
(0.597499 0.0885652 -1.43938e-21)
(0.685647 0.289912 2.35483e-22)
(0.753123 0.40434 -2.69976e-22)
(0.740509 0.489487 -6.20974e-22)
(0.664587 0.551455 -1.97578e-21)
(0.611805 0.495756 1.41122e-21)
(0.638851 0.281699 1.69258e-21)
(0.712659 -0.00255227 3.91656e-22)
(0.783838 -0.226081 2.27699e-22)
(0.846365 -0.331598 -4.29269e-22)
(0.860345 -0.370381 -5.05428e-22)
(0.792237 -0.409436 3.20928e-22)
(0.725188 -0.385525 -7.42404e-22)
(0.721066 -0.234962 -3.56502e-22)
(0.765919 -0.0301237 -2.73404e-22)
(0.812282 0.151655 -6.98836e-22)
(0.810017 0.281858 -3.4034e-22)
(0.747239 0.377203 5.66347e-22)
(0.712435 0.355034 -1.89408e-22)
(0.728263 0.206054 2.34784e-22)
(0.785444 0.0242958 1.37866e-21)
(0.846163 -0.137155 8.80947e-22)
(0.857888 -0.198034 1.01269e-21)
(0.815407 -0.271711 -5.00608e-22)
(0.739266 -0.240481 1.71895e-23)
(0.738651 -0.120062 -6.80114e-24)
(0.758245 -0.0251871 -4.45811e-23)
(0.747047 0.17777 -6.13457e-22)
(0.711787 0.151148 9.81454e-23)
(-0.0661056 0.0603838 7.11033e-21)
(-0.0840707 0.0398303 -3.81759e-22)
(-0.0893028 0.036305 3.78247e-21)
(-0.109345 0.0153114 -7.17182e-21)
(-0.117217 -0.0114803 -5.01521e-21)
(-0.133977 -0.0515692 3.6677e-21)
(-0.141809 -0.102543 1.78869e-21)
(-0.152774 -0.159431 2.49643e-21)
(-0.158494 -0.214459 -2.45977e-22)
(-0.167272 -0.255563 -3.71168e-21)
(-0.174316 -0.272425 1.92591e-21)
(-0.181358 -0.253924 4.75343e-21)
(-0.18011 -0.192763 -4.94366e-21)
(-0.165056 -0.0861176 3.74998e-21)
(-0.129441 0.055571 -7.17528e-22)
(-0.0812583 0.211296 1.25008e-21)
(-0.033923 0.357169 -8.92623e-22)
(0.0048781 0.47308 2.12305e-21)
(0.048585 0.532392 3.03972e-21)
(0.134061 0.494598 5.94229e-22)
(0.26305 0.346527 -6.53419e-21)
(0.403645 0.123296 -2.99889e-21)
(0.539962 -0.116229 1.20066e-21)
(0.651778 -0.313117 -8.21135e-21)
(0.716671 -0.441288 4.65439e-21)
(0.73447 -0.499019 6.30738e-22)
(0.732072 -0.497378 -1.54167e-21)
(0.677164 -0.493317 -1.31938e-21)
(0.557241 -0.498932 4.85199e-22)
(0.487426 -0.410452 7.27174e-22)
(0.518581 -0.184695 -4.50683e-22)
(0.594249 0.081406 -9.76849e-22)
(0.682957 0.283868 2.26939e-21)
(0.750005 0.401916 4.87418e-22)
(0.736347 0.491443 1.46721e-21)
(0.661069 0.554984 2.6771e-21)
(0.610709 0.497344 -1.12238e-21)
(0.641174 0.280613 2.14815e-23)
(0.717203 -0.00474764 -2.29763e-21)
(0.787835 -0.228491 1.05088e-21)
(0.84895 -0.333124 1.69381e-21)
(0.863899 -0.36895 -9.7245e-22)
(0.7967 -0.406238 7.79717e-23)
(0.727892 -0.384235 1.72331e-22)
(0.722993 -0.236573 -6.97986e-23)
(0.767317 -0.0328112 -4.3979e-22)
(0.811683 0.150205 4.54275e-22)
(0.807255 0.28285 -8.19894e-23)
(0.744159 0.379047 -3.93943e-22)
(0.710961 0.355611 3.71193e-22)
(0.727843 0.205038 -1.45989e-21)
(0.785738 0.022447 -1.86658e-21)
(0.84762 -0.138304 -7.63957e-22)
(0.860762 -0.197431 -6.90684e-23)
(0.820117 -0.269637 4.75332e-22)
(0.741249 -0.23921 1.1564e-22)
(0.737711 -0.120417 2.51392e-22)
(0.755079 -0.0253572 6.03722e-23)
(0.741109 0.178458 5.58375e-23)
(0.70947 0.151654 2.4593e-23)
(-0.0582322 0.0628935 -1.67288e-20)
(-0.0757657 0.0413894 1.4421e-20)
(-0.0793771 0.0383651 -9.129e-21)
(-0.0985266 0.0175347 7.81378e-21)
(-0.105407 -0.00905806 -1.33042e-21)
(-0.12123 -0.0490285 -3.1029e-22)
(-0.128386 -0.10011 -4.9898e-21)
(-0.138885 -0.157217 2.8038e-21)
(-0.144815 -0.212587 -1.01475e-22)
(-0.15453 -0.25415 3.13369e-21)
(-0.163367 -0.27177 -1.11789e-20)
(-0.172752 -0.254519 3.43494e-22)
(-0.174423 -0.195259 1.69057e-22)
(-0.162991 -0.0909284 7.75522e-22)
(-0.131 0.0488982 1.86599e-23)
(-0.0850967 0.204254 3.30694e-21)
(-0.0378056 0.350853 -1.00148e-21)
(0.00364322 0.467857 -1.70816e-21)
(0.0531926 0.526609 2.46384e-21)
(0.145393 0.487192 -2.33556e-21)
(0.277027 0.338598 7.49824e-21)
(0.418832 0.115909 6.4281e-21)
(0.555343 -0.122623 -9.75615e-22)
(0.666138 -0.317543 7.90981e-21)
(0.729573 -0.44312 -6.2125e-22)
(0.744381 -0.49923 3.68414e-21)
(0.739984 -0.495528 -1.31303e-21)
(0.686992 -0.487505 -9.70798e-23)
(0.566868 -0.493016 4.58431e-22)
(0.490676 -0.410644 4.46313e-23)
(0.517286 -0.190431 -9.61882e-24)
(0.59138 0.0741127 -2.65123e-22)
(0.680476 0.277697 -1.57131e-21)
(0.746937 0.399435 -9.31433e-22)
(0.732271 0.493327 -2.67066e-22)
(0.657661 0.558417 -1.3168e-21)
(0.609763 0.498874 6.33806e-22)
(0.643614 0.279544 -1.27117e-22)
(0.721868 -0.00683315 1.23245e-21)
(0.792004 -0.23076 3.3771e-23)
(0.851605 -0.334609 -2.77225e-21)
(0.867421 -0.367563 7.60538e-22)
(0.801229 -0.403026 -6.40673e-22)
(0.730656 -0.382912 3.77017e-22)
(0.724888 -0.238208 6.23671e-22)
(0.76869 -0.0355066 1.17743e-22)
(0.811045 0.14879 2.36593e-22)
(0.804499 0.283853 -6.21562e-22)
(0.741149 0.380853 3.19661e-22)
(0.709535 0.356158 -4.11891e-22)
(0.727522 0.204029 5.31685e-22)
(0.786145 0.0205991 2.05397e-22)
(0.849094 -0.13948 -5.43252e-23)
(0.863588 -0.19688 -6.31477e-22)
(0.824825 -0.267551 -1.75346e-23)
(0.743334 -0.237852 -3.70764e-23)
(0.736811 -0.120694 -1.45299e-22)
(0.751908 -0.0254546 -7.42687e-22)
(0.735193 0.179128 5.73154e-22)
(0.707277 0.152104 -5.53959e-23)
(-0.0496688 0.0651972 2.39105e-21)
(-0.0667326 0.0428391 1.45809e-21)
(-0.0685965 0.040272 -1.09156e-20)
(-0.0867172 0.0196775 1.21929e-20)
(-0.0924654 -0.0067015 2.17135e-21)
(-0.107181 -0.0464992 -1.0783e-21)
(-0.113497 -0.0976429 3.18187e-21)
(-0.123374 -0.154912 -2.1147e-21)
(-0.129401 -0.210566 -6.93756e-22)
(-0.140007 -0.252538 6.19567e-21)
(-0.150673 -0.270895 -2.16901e-21)
(-0.162468 -0.254896 -3.09362e-21)
(-0.167052 -0.197541 4.06146e-21)
(-0.159167 -0.0955518 1.42884e-21)
(-0.13081 0.0423062 -3.1564e-21)
(-0.087284 0.19712 -2.411e-21)
(-0.0401026 0.344222 5.28829e-21)
(0.00395247 0.462166 1.18099e-21)
(0.0592172 0.52035 3.91299e-23)
(0.157521 0.479604 1.05978e-21)
(0.291425 0.330807 3.51775e-21)
(0.434348 0.108784 -6.05022e-21)
(0.570957 -0.128712 -4.06489e-21)
(0.680581 -0.321702 -2.28459e-22)
(0.742528 -0.444713 1.48195e-21)
(0.754411 -0.499257 -3.4819e-21)
(0.747841 -0.493723 1.88067e-21)
(0.696698 -0.481808 -2.54069e-21)
(0.576779 -0.486923 2.0723e-21)
(0.494327 -0.410558 -2.30106e-21)
(0.516348 -0.196127 7.85825e-22)
(0.588885 0.0666933 -1.49794e-21)
(0.678195 0.271409 9.12849e-22)
(0.743921 0.396895 1.23497e-21)
(0.728282 0.495134 4.79907e-22)
(0.654364 0.561752 3.41081e-22)
(0.608962 0.500347 8.63479e-22)
(0.646156 0.278496 -1.50324e-21)
(0.726638 -0.00881021 -1.08415e-21)
(0.796339 -0.232887 -1.87977e-23)
(0.854334 -0.336048 2.45145e-21)
(0.870909 -0.366223 8.80214e-23)
(0.805817 -0.399804 4.20616e-22)
(0.733485 -0.381552 2.93171e-22)
(0.726742 -0.239863 -8.00787e-22)
(0.770023 -0.0382093 1.13992e-22)
(0.810363 0.147405 -1.1826e-23)
(0.801751 0.284861 -5.41041e-22)
(0.738208 0.382619 -1.03971e-23)
(0.708155 0.356676 9.18508e-22)
(0.727308 0.203023 8.58206e-22)
(0.786675 0.0187539 8.64567e-22)
(0.850591 -0.140682 1.51366e-21)
(0.866367 -0.196381 5.79244e-22)
(0.829528 -0.265454 3.54368e-22)
(0.745521 -0.236407 -1.59982e-23)
(0.735956 -0.120891 -4.54297e-23)
(0.748738 -0.0254792 5.28211e-22)
(0.729307 0.17978 -4.92974e-22)
(0.705213 0.152496 1.4335e-23)
(-0.040391 0.0672682 -4.5093e-22)
(-0.0569533 0.0441716 -1.50353e-21)
(-0.0569538 0.0420078 -1.09112e-21)
(-0.0739106 0.0217212 5.00725e-21)
(-0.0783877 -0.00443147 -5.90472e-21)
(-0.091828 -0.0440024 1.56567e-22)
(-0.0971364 -0.0951599 -6.41763e-21)
(-0.106233 -0.152534 4.93737e-21)
(-0.112237 -0.208407 9.61004e-22)
(-0.123678 -0.250729 -7.7965e-21)
(-0.136204 -0.26979 -2.29273e-22)
(-0.150492 -0.255048 4.39338e-21)
(-0.15801 -0.199607 -5.99905e-21)
(-0.153599 -0.0999842 -8.05163e-22)
(-0.12886 0.0358073 -1.19809e-21)
(-0.0877972 0.189895 6.72478e-22)
(-0.0408015 0.337291 3.77094e-21)
(0.00579609 0.456019 3.4689e-23)
(0.066597 0.513651 -5.92847e-21)
(0.170372 0.471876 -1.08535e-21)
(0.306219 0.32317 6.83274e-22)
(0.450172 0.101928 -4.28705e-21)
(0.58679 -0.134489 -4.38468e-21)
(0.695094 -0.325591 -1.5208e-21)
(0.755515 -0.446072 4.55975e-21)
(0.764553 -0.499101 1.67264e-21)
(0.755646 -0.491959 -5.45994e-22)
(0.706268 -0.476244 -1.26205e-21)
(0.586943 -0.48067 -3.87324e-22)
(0.498388 -0.410187 1.51699e-21)
(0.515751 -0.201771 9.51153e-22)
(0.586751 0.0591558 6.52009e-22)
(0.676101 0.26501 2.08112e-22)
(0.740955 0.394294 -7.78452e-22)
(0.724382 0.496856 -1.36287e-21)
(0.65118 0.564987 -4.31095e-22)
(0.608302 0.501766 -1.24032e-21)
(0.648781 0.277471 9.91895e-22)
(0.731496 -0.01068 2.33981e-21)
(0.800832 -0.234871 1.73485e-21)
(0.857138 -0.337437 -8.51674e-22)
(0.87436 -0.364931 1.94973e-22)
(0.810455 -0.396575 -3.60715e-22)
(0.736384 -0.380151 -7.81129e-22)
(0.728547 -0.241534 1.03255e-21)
(0.7713 -0.0409191 2.50497e-22)
(0.809632 0.14605 -1.22045e-21)
(0.799013 0.285873 1.88158e-21)
(0.735336 0.384345 8.31831e-22)
(0.706824 0.357165 8.03527e-23)
(0.727211 0.202022 4.3295e-22)
(0.787339 0.0169132 -1.90467e-22)
(0.852117 -0.141906 -1.33138e-22)
(0.8691 -0.195933 1.49297e-23)
(0.83422 -0.263349 -7.44759e-22)
(0.747809 -0.234876 3.38812e-23)
(0.735152 -0.121005 4.59038e-23)
(0.74558 -0.0254311 -1.4551e-22)
(0.723463 0.180412 1.79032e-22)
(0.70328 0.152829 7.66712e-24)
(-0.0303726 0.0690645 6.36968e-21)
(-0.0464052 0.0453857 -2.66855e-21)
(-0.0444404 0.0435558 8.82839e-22)
(-0.0601004 0.0236481 -7.72197e-21)
(-0.0631727 -0.00228107 5.65349e-21)
(-0.0751698 -0.0415594 -8.71765e-21)
(-0.0793055 -0.0926811 1.89587e-21)
(-0.0874592 -0.150099 -5.86044e-21)
(-0.093314 -0.206119 8.16783e-21)
(-0.105524 -0.248724 -8.00912e-21)
(-0.119932 -0.268449 8.45074e-21)
(-0.136806 -0.254962 -1.23599e-21)
(-0.147312 -0.201451 8.90228e-22)
(-0.14631 -0.104223 -4.00481e-21)
(-0.125153 0.0294125 2.42332e-21)
(-0.0866214 0.182565 3.28709e-21)
(-0.0398979 0.330101 1.45469e-22)
(0.00915267 0.449437 1.6764e-22)
(0.0752616 0.506554 4.63106e-22)
(0.183877 0.464047 5.90894e-22)
(0.32138 0.315701 2.21658e-21)
(0.466279 0.0953462 5.5097e-21)
(0.602826 -0.139947 -5.07354e-21)
(0.709669 -0.329206 7.22228e-22)
(0.768512 -0.447204 3.53086e-21)
(0.774798 -0.49876 -8.24763e-22)
(0.763403 -0.49023 8.14974e-23)
(0.715688 -0.470829 2.36431e-21)
(0.597328 -0.474278 -5.55712e-22)
(0.502867 -0.409529 2.41631e-22)
(0.515477 -0.207354 4.80351e-22)
(0.584958 0.0515081 -3.55382e-22)
(0.674179 0.258507 1.94759e-22)
(0.738039 0.391629 1.71568e-21)
(0.720571 0.498489 8.10201e-22)
(0.648107 0.568122 1.98362e-21)
(0.607777 0.503136 -2.72853e-22)
(0.651475 0.276474 -2.95059e-21)
(0.736427 -0.012444 -2.59484e-21)
(0.805474 -0.236713 -4.54734e-21)
(0.860019 -0.338773 1.77542e-21)
(0.877772 -0.363689 3.76396e-22)
(0.815135 -0.393343 2.89943e-22)
(0.739357 -0.378706 6.79524e-22)
(0.730297 -0.243214 -6.80508e-22)
(0.772509 -0.0436356 -3.40287e-22)
(0.808846 0.144722 1.06452e-21)
(0.796287 0.286885 1.16636e-22)
(0.732531 0.38603 -2.42197e-21)
(0.705543 0.357624 4.1196e-22)
(0.727238 0.201023 -2.6494e-22)
(0.788143 0.0150788 -7.5314e-22)
(0.853679 -0.143149 -6.76572e-22)
(0.871789 -0.195537 -5.87216e-23)
(0.838898 -0.261241 7.54191e-22)
(0.7502 -0.233261 -8.47651e-24)
(0.734405 -0.121037 -8.22409e-23)
(0.742442 -0.02531 -1.22922e-22)
(0.717671 0.181021 -4.52089e-23)
(0.701482 0.153102 -4.08408e-23)
(-0.0195934 0.0705259 2.12443e-22)
(-0.0350586 0.0464973 -3.90526e-21)
(-0.0310455 0.0448943 5.82868e-21)
(-0.0452811 0.0254431 4.2249e-21)
(-0.0468207 -0.000349214 -5.55938e-21)
(-0.0572094 -0.0391916 8.80984e-21)
(-0.0600115 -0.0902263 -3.18669e-21)
(-0.0670627 -0.147624 -4.34001e-21)
(-0.0726379 -0.203716 8.23442e-23)
(-0.0855377 -0.246529 2.93077e-21)
(-0.101834 -0.266865 -4.49042e-21)
(-0.121391 -0.254628 1.6216e-22)
(-0.134969 -0.203068 -1.2161e-21)
(-0.137333 -0.108264 -1.02071e-21)
(-0.119706 0.023133 -1.2872e-21)
(-0.0837549 0.175143 -4.22256e-21)
(-0.0373988 0.322667 -8.03573e-22)
(0.0139903 0.442438 4.17606e-21)
(0.0851334 0.499098 -4.39524e-21)
(0.197975 0.456154 -8.56443e-22)
(0.336881 0.308412 -3.14362e-21)
(0.482646 0.0890421 -1.88227e-21)
(0.619048 -0.14508 -4.39911e-22)
(0.724294 -0.332545 5.32974e-21)
(0.7815 -0.448114 -4.81968e-21)
(0.785139 -0.498237 8.21432e-22)
(0.771118 -0.48853 -1.02925e-23)
(0.724947 -0.465576 -8.19365e-22)
(0.607897 -0.467766 -4.2842e-22)
(0.507775 -0.408577 -1.36122e-21)
(0.515505 -0.212861 1.36397e-21)
(0.583483 0.0437584 1.82823e-22)
(0.672416 0.251905 1.76254e-21)
(0.735173 0.388897 -1.50277e-21)
(0.71685 0.500026 -1.46108e-21)
(0.645149 0.571153 -1.22388e-21)
(0.607381 0.504459 -4.07152e-22)
(0.654223 0.275507 2.66282e-21)
(0.741417 -0.0141041 -8.5242e-22)
(0.810257 -0.238412 4.0993e-21)
(0.862979 -0.340052 -1.76364e-21)
(0.881146 -0.362497 -9.96055e-22)
(0.81985 -0.39011 -9.45038e-23)
(0.74241 -0.377213 -2.82428e-22)
(0.731987 -0.2449 1.44472e-22)
(0.773637 -0.0463587 8.31998e-22)
(0.808003 0.143417 -3.57636e-23)
(0.793575 0.287892 -5.95757e-22)
(0.72979 0.387674 1.17351e-21)
(0.704312 0.358053 -2.231e-22)
(0.727396 0.200025 4.5342e-22)
(0.789096 0.0132527 -1.0497e-21)
(0.855281 -0.144408 1.09456e-22)
(0.874433 -0.19519 3.15282e-22)
(0.843558 -0.259131 5.80844e-23)
(0.752692 -0.231564 -1.9531e-23)
(0.73372 -0.120984 4.46516e-23)
(0.739333 -0.0251162 2.61507e-22)
(0.711941 0.181605 -1.79214e-22)
(0.699823 0.153313 -4.9031e-23)
(-0.00803552 0.0716581 -1.59464e-20)
(-0.022876 0.0475146 1.31689e-20)
(-0.0167563 0.0459887 -8.3556e-21)
(-0.0294526 0.0270975 2.56705e-21)
(-0.0293323 0.00152213 1.45737e-21)
(-0.0379454 -0.0369146 9.44457e-21)
(-0.0392679 -0.0878148 1.35119e-21)
(-0.0450612 -0.145127 1.20123e-20)
(-0.0502252 -0.201211 -4.63236e-21)
(-0.0637254 -0.244148 1.02338e-20)
(-0.0818971 -0.265033 -7.62924e-21)
(-0.104227 -0.254032 1.78642e-21)
(-0.120991 -0.204446 -7.15611e-22)
(-0.126704 -0.112106 5.02527e-21)
(-0.112548 0.0169803 -1.41872e-21)
(-0.0792101 0.16765 2.38893e-21)
(-0.0333234 0.314995 -9.55206e-22)
(0.0202684 0.435049 -2.64553e-21)
(0.0961298 0.491322 -8.8096e-22)
(0.212608 0.448227 -1.44938e-21)
(0.352692 0.301311 2.76674e-21)
(0.499245 0.0830198 1.87865e-21)
(0.635436 -0.149884 3.01759e-23)
(0.73896 -0.335602 -1.23477e-21)
(0.794459 -0.448808 3.1265e-21)
(0.795566 -0.497532 1.20322e-21)
(0.778795 -0.486852 1.2573e-21)
(0.734036 -0.460499 -6.09515e-22)
(0.618617 -0.461159 -1.22583e-21)
(0.51312 -0.407329 -9.24726e-22)
(0.515814 -0.218279 -2.27218e-21)
(0.5823 0.0359148 -7.92371e-22)
(0.670795 0.245211 -3.02794e-21)
(0.732355 0.386093 1.35315e-21)
(0.713218 0.501462 4.26553e-22)
(0.642307 0.57408 -2.42667e-22)
(0.607109 0.505739 2.18859e-22)
(0.65701 0.274575 2.18014e-21)
(0.746453 -0.0156623 4.00602e-21)
(0.815173 -0.23997 -3.50198e-21)
(0.86602 -0.34127 7.6609e-22)
(0.88448 -0.361356 -5.17892e-22)
(0.824589 -0.386882 4.3897e-22)
(0.745547 -0.375668 -3.76067e-22)
(0.733614 -0.246584 -4.28221e-22)
(0.774672 -0.049088 3.19705e-22)
(0.807098 0.142132 -5.30474e-22)
(0.790878 0.288893 -1.26119e-21)
(0.727113 0.389276 -2.63209e-22)
(0.703134 0.358451 -4.61919e-22)
(0.727693 0.199027 -2.39073e-22)
(0.790205 0.0114365 9.29097e-22)
(0.856931 -0.145678 -1.3854e-21)
(0.877035 -0.194894 -1.44749e-22)
(0.848195 -0.257023 -4.37306e-22)
(0.755285 -0.229785 2.40732e-23)
(0.733105 -0.120846 4.7626e-23)
(0.736263 -0.0248498 -2.19489e-22)
(0.706284 0.182164 4.72889e-22)
(0.698304 0.153462 2.76684e-22)
(0.00437901 0.0725336 1.81467e-20)
(-0.00981928 0.0483699 -7.21474e-21)
(-0.00155486 0.0468401 -1.30542e-20)
(-0.0125821 0.0286052 1.6044e-20)
(-0.0107087 0.00336205 -1.67563e-20)
(-0.0174068 -0.0347445 2.41432e-21)
(-0.0170943 -0.0854641 -2.61364e-21)
(-0.0214827 -0.142626 3.2932e-21)
(-0.0261062 -0.19862 -4.21069e-21)
(-0.0401075 -0.241592 -5.46331e-21)
(-0.0601198 -0.26295 8.61635e-22)
(-0.085297 -0.253161 3.78206e-21)
(-0.10538 -0.205574 -2.80586e-21)
(-0.114465 -0.115742 -1.43859e-21)
(-0.103722 0.0109649 7.17836e-22)
(-0.073013 0.160101 -7.98587e-22)
(-0.027702 0.3071 1.82831e-22)
(0.0279379 0.427295 1.23196e-21)
(0.108165 0.483267 3.15007e-22)
(0.227724 0.440297 5.30685e-21)
(0.368784 0.294408 -1.8439e-21)
(0.516052 0.0772819 4.74404e-21)
(0.651972 -0.154354 2.48356e-21)
(0.753658 -0.338376 -5.74791e-21)
(0.807372 -0.449292 2.78083e-22)
(0.806066 -0.496649 -4.48222e-21)
(0.786442 -0.48519 -4.65615e-22)
(0.742945 -0.455608 4.10974e-22)
(0.629449 -0.454477 5.76336e-22)
(0.518911 -0.405783 2.63224e-21)
(0.516383 -0.223592 -5.54065e-22)
(0.581377 0.0279856 8.96509e-22)
(0.669299 0.238429 -4.52808e-22)
(0.729584 0.383214 -7.73522e-22)
(0.709676 0.502789 1.77611e-21)
(0.639581 0.576903 1.84941e-21)
(0.606953 0.506982 1.25318e-21)
(0.659825 0.273682 -5.77678e-21)
(0.751521 -0.017121 -2.61001e-21)
(0.820213 -0.241389 -8.17235e-22)
(0.869143 -0.342424 -8.59027e-22)
(0.887774 -0.360266 1.65401e-21)
(0.829343 -0.383662 -3.66609e-23)
(0.748772 -0.37407 -4.53807e-23)
(0.735177 -0.248262 6.15961e-22)
(0.775606 -0.0518232 -1.29857e-21)
(0.806127 0.140864 8.05598e-22)
(0.788199 0.289882 1.34736e-22)
(0.724498 0.390835 -1.87181e-23)
(0.70201 0.358816 1.22467e-22)
(0.728132 0.198027 -5.47875e-22)
(0.791476 0.00963229 -5.58645e-22)
(0.858631 -0.146957 6.60144e-22)
(0.879595 -0.194646 -5.79292e-22)
(0.852806 -0.25492 3.04277e-23)
(0.757979 -0.227926 4.55024e-23)
(0.732565 -0.120621 -3.46097e-23)
(0.733241 -0.0245109 2.60272e-23)
(0.70071 0.182696 -3.30976e-22)
(0.696929 0.153547 -3.45761e-22)
(0.0177358 0.0731512 1.38696e-20)
(0.00416094 0.0490126 1.31675e-20)
(0.0145889 0.0474887 -1.85762e-21)
(0.0053415 0.0299227 -1.5917e-20)
(0.00905132 0.00494538 2.00502e-20)
(0.00439836 -0.0326809 -1.59119e-20)
(0.00648343 -0.0831898 1.86855e-20)
(0.00363575 -0.140135 -7.55656e-22)
(-0.000324504 -0.195957 -8.23272e-21)
(-0.0147216 -0.238871 -4.17968e-22)
(-0.036515 -0.260617 3.09629e-21)
(-0.0645874 -0.252002 -2.89269e-21)
(-0.0881342 -0.206436 1.76947e-21)
(-0.100651 -0.119166 8.90672e-22)
(-0.0932764 0.00513235 -2.97971e-21)
(-0.065202 0.15251 1.51041e-21)
(-0.0205755 0.299 4.02825e-21)
(0.0369417 0.419205 -2.82823e-21)
(0.121152 0.474971 -2.83932e-21)
(0.243275 0.432389 4.91274e-22)
(0.385127 0.287709 3.09509e-21)
(0.533038 0.0718306 -4.3531e-21)
(0.668634 -0.158487 5.6949e-22)
(0.768377 -0.340862 -2.68772e-21)
(0.820221 -0.449571 8.52571e-22)
(0.816627 -0.49559 4.51978e-21)
(0.794063 -0.483536 1.76096e-21)
(0.751669 -0.450912 2.73552e-22)
(0.640359 -0.447747 -2.5566e-21)
(0.525151 -0.403938 -7.78327e-22)
(0.517192 -0.228783 1.84289e-21)
(0.580681 0.0199793 2.14913e-21)
(0.667909 0.231561 3.12715e-22)
(0.726858 0.380255 -5.44234e-22)
(0.706223 0.504004 -1.598e-21)
(0.636974 0.579619 -1.69837e-21)
(0.606906 0.508191 -1.17551e-21)
(0.662656 0.27283 3.62709e-21)
(0.756611 -0.0184824 4.48346e-23)
(0.825368 -0.242669 2.35553e-22)
(0.872349 -0.34351 -1.36607e-21)
(0.891029 -0.359226 -1.38513e-21)
(0.834105 -0.380455 -4.38302e-22)
(0.752088 -0.372414 2.35954e-22)
(0.736677 -0.249926 -6.3227e-22)
(0.776429 -0.0545639 -1.16945e-21)
(0.80509 0.13961 -6.01695e-22)
(0.785538 0.290858 2.5182e-21)
(0.721942 0.39235 1.48526e-21)
(0.700943 0.359148 -6.08727e-22)
(0.728721 0.197024 6.57646e-22)
(0.792913 0.00784191 3.99884e-22)
(0.860389 -0.148241 -4.90779e-22)
(0.882115 -0.194445 9.42804e-22)
(0.857387 -0.252824 -2.65224e-23)
(0.760771 -0.225991 -8.83053e-23)
(0.732105 -0.120308 3.53839e-24)
(0.730278 -0.0241 -4.97635e-24)
(0.695232 0.183198 2.03792e-22)
(0.695702 0.153568 1.94457e-22)
(0.0321246 0.0734623 1.9921e-20)
(0.0191296 0.0494684 -1.20453e-20)
(0.0317103 0.0479388 -8.1939e-21)
(0.0243312 0.0310215 2.80935e-20)
(0.0299537 0.00632177 -5.09842e-21)
(0.0274633 -0.0307709 1.0715e-21)
(0.0314343 -0.0810104 -1.44156e-20)
(0.0302479 -0.137667 1.94729e-21)
(0.0270623 -0.193238 3.72609e-21)
(0.0123775 -0.235997 3.06782e-21)
(-0.0111136 -0.258038 -2.90503e-21)
(-0.0420957 -0.250545 3.64014e-21)
(-0.0692472 -0.207017 -9.62796e-21)
(-0.0852953 -0.122367 3.58118e-21)
(-0.0812702 -0.000350637 -1.45944e-21)
(-0.0558301 0.144891 2.66019e-21)
(-0.0119945 0.290713 -3.62907e-21)
(0.0472154 0.410808 3.15986e-21)
(0.135003 0.466471 -2.80624e-21)
(0.259213 0.424526 -2.58737e-21)
(0.40169 0.281219 -1.49087e-21)
(0.550178 0.0666671 7.18032e-21)
(0.6854 -0.16228 6.36985e-21)
(0.783107 -0.343057 -3.38852e-21)
(0.832993 -0.44965 4.46683e-21)
(0.827237 -0.49436 -6.16738e-21)
(0.801666 -0.481882 1.70972e-21)
(0.760203 -0.446419 3.67238e-22)
(0.651312 -0.440991 1.14382e-21)
(0.531844 -0.401794 6.83739e-23)
(0.518227 -0.233834 1.51651e-21)
(0.580175 0.0119048 -2.03044e-21)
(0.666607 0.224612 1.51651e-21)
(0.724174 0.377212 1.60459e-21)
(0.702857 0.505099 1.49205e-21)
(0.634486 0.582228 -1.57009e-21)
(0.60696 0.509372 4.46684e-21)
(0.665493 0.272025 -4.92292e-21)
(0.761713 -0.0197491 1.55515e-21)
(0.830631 -0.243813 1.79818e-21)
(0.875637 -0.344525 1.11351e-22)
(0.894245 -0.358236 1.31303e-21)
(0.838866 -0.377265 7.79922e-22)
(0.755499 -0.370699 4.60138e-22)
(0.738116 -0.25157 9.77099e-22)
(0.777133 -0.0573097 7.44695e-22)
(0.803982 0.138364 -1.05233e-21)
(0.782897 0.291816 -1.31141e-21)
(0.719444 0.393822 -2.27576e-21)
(0.699935 0.359446 1.46856e-21)
(0.729462 0.196015 -9.75829e-22)
(0.794521 0.00606707 -1.25249e-23)
(0.862208 -0.149526 -3.77777e-22)
(0.884597 -0.194291 -2.78484e-22)
(0.861933 -0.250737 -1.48902e-22)
(0.763661 -0.22398 9.87913e-23)
(0.731733 -0.119909 -2.75164e-23)
(0.727382 -0.0236173 1.47703e-22)
(0.68986 0.18367 6.7505e-22)
(0.694624 0.153523 -2.27045e-23)
(0.0476488 0.0734354 2.27233e-22)
(0.0351647 0.0497605 -4.77339e-21)
(0.0498535 0.0481698 -2.09533e-21)
(0.0444159 0.0319073 8.87513e-21)
(0.0520031 0.00753941 2.14137e-21)
(0.0517726 -0.0290485 -2.81812e-20)
(0.0577285 -0.0789455 1.55119e-20)
(0.0583003 -0.135237 1.25694e-20)
(0.0559836 -0.190477 -2.29114e-20)
(0.0411171 -0.232987 4.442e-21)
(0.0160337 -0.255222 3.74686e-21)
(-0.0178321 -0.248783 -4.55546e-21)
(-0.0487118 -0.2073 8.37528e-21)
(-0.0684111 -0.125329 -1.5625e-22)
(-0.0677646 -0.00587748 -5.09998e-21)
(-0.0449723 0.137251 3.30546e-22)
(-0.00201808 0.282259 -1.12737e-21)
(0.0586884 0.402135 1.35499e-21)
(0.149634 0.4578 1.49105e-21)
(0.275493 0.416727 3.83754e-21)
(0.418443 0.274942 -2.678e-21)
(0.567444 0.0617922 -7.84578e-21)
(0.702248 -0.165733 -5.16581e-21)
(0.797837 -0.344958 -2.52098e-21)
(0.845672 -0.449535 1.16897e-22)
(0.837879 -0.492962 -9.13905e-22)
(0.809257 -0.480222 -2.55334e-21)
(0.768543 -0.442135 -1.74974e-22)
(0.662272 -0.434236 -1.39239e-21)
(0.538985 -0.399354 -2.31348e-21)
(0.519475 -0.238725 -7.79621e-22)
(0.579821 0.00377086 2.07111e-21)
(0.665372 0.217583 -1.83438e-21)
(0.721528 0.37408 1.72092e-22)
(0.699578 0.506068 5.77482e-23)
(0.63212 0.58473 2.29006e-21)
(0.60711 0.510529 -3.34657e-21)
(0.668328 0.27127 1.58345e-22)
(0.766819 -0.0209236 3.77622e-21)
(0.835991 -0.244824 -4.05815e-21)
(0.879009 -0.345465 1.96957e-21)
(0.897423 -0.357296 -8.93453e-22)
(0.843616 -0.374095 3.92347e-22)
(0.759004 -0.368924 2.11637e-22)
(0.739498 -0.253187 -1.38424e-21)
(0.777713 -0.0600597 -4.87708e-22)
(0.802803 0.137124 8.71114e-23)
(0.780276 0.292753 9.07217e-22)
(0.717002 0.395249 1.2667e-21)
(0.698987 0.359709 -1.74396e-21)
(0.730359 0.195 -1.38986e-23)
(0.796304 0.00430947 -1.09744e-23)
(0.864092 -0.150809 1.53881e-21)
(0.887041 -0.194181 1.57829e-22)
(0.866442 -0.248664 1.11877e-22)
(0.766647 -0.221897 -3.22908e-23)
(0.731452 -0.119421 5.86915e-24)
(0.724563 -0.0230634 -3.48723e-22)
(0.684605 0.184111 -3.58818e-22)
(0.693699 0.153414 1.32916e-22)
(0.064428 0.0730542 9.74526e-21)
(0.0523585 0.0499006 -3.89999e-21)
(0.0690742 0.0481756 1.22822e-21)
(0.0656307 0.0325819 3.82435e-21)
(0.0752107 0.00856469 -4.95475e-21)
(0.0773125 -0.0274979 -1.11405e-21)
(0.0853304 -0.0769998 -6.71695e-22)
(0.0877334 -0.132867 -4.32475e-21)
(0.0863576 -0.187688 6.61416e-21)
(0.071407 -0.229855 -3.03466e-21)
(0.0448552 -0.252181 -2.07393e-22)
(0.00817583 -0.246712 4.84137e-21)
(-0.0265225 -0.207266 -5.45986e-21)
(-0.0500521 -0.128047 3.60732e-21)
(-0.0528225 -0.0115422 3.53333e-21)
(-0.032668 0.1296 -2.03234e-21)
(0.00928729 0.273658 2.89523e-21)
(0.0712849 0.393217 -1.05004e-22)
(0.164962 0.448992 -1.76516e-21)
(0.292074 0.409009 -2.05698e-21)
(0.435356 0.268882 1.12954e-21)
(0.584813 0.0572059 4.06345e-21)
(0.719155 -0.168845 6.69932e-21)
(0.812556 -0.346562 -3.27056e-21)
(0.858247 -0.449228 3.8421e-21)
(0.84854 -0.491401 -9.14842e-22)
(0.816842 -0.478548 2.50475e-21)
(0.776686 -0.438063 -8.64871e-24)
(0.673209 -0.427508 2.5978e-21)
(0.546569 -0.39662 1.97867e-21)
(0.52093 -0.243437 -2.17231e-21)
(0.57958 -0.00441374 -1.0008e-21)
(0.664184 0.210474 -8.16323e-22)
(0.718918 0.370852 4.19441e-22)
(0.696385 0.506907 -1.27893e-21)
(0.629876 0.587123 -6.92469e-22)
(0.607346 0.511668 4.76044e-21)
(0.671153 0.270569 -1.54975e-21)
(0.771921 -0.0220084 1.63573e-22)
(0.841442 -0.245704 4.52612e-21)
(0.882465 -0.346329 -2.78215e-21)
(0.900565 -0.356403 5.04885e-22)
(0.848349 -0.370951 1.1895e-22)
(0.762606 -0.367085 -2.44886e-23)
(0.740828 -0.254771 3.94692e-22)
(0.778165 -0.0628133 1.74145e-21)
(0.801552 0.135886 2.02777e-22)
(0.777677 0.293666 -1.4496e-21)
(0.714615 0.396632 -3.32509e-22)
(0.698102 0.359935 1.21692e-21)
(0.731414 0.193976 1.02773e-21)
(0.798262 0.00257091 4.39974e-22)
(0.866046 -0.152086 -1.29454e-21)
(0.889449 -0.194115 -7.04724e-22)
(0.870909 -0.246606 4.11239e-22)
(0.769728 -0.219744 -6.24948e-23)
(0.73127 -0.118845 5.91417e-23)
(0.721832 -0.0224389 2.55528e-22)
(0.679479 0.18452 -5.58094e-22)
(0.692929 0.153238 -8.97013e-23)
(0.0825987 0.0723084 1.01615e-20)
(0.0708192 0.0498996 3.64582e-21)
(0.089441 0.0479622 -1.21756e-20)
(0.0880191 0.0330441 -4.0565e-21)
(0.0995944 0.00938774 -1.00419e-20)
(0.104074 -0.0261213 5.25953e-21)
(0.114201 -0.0751735 9.6842e-21)
(0.11848 -0.130565 -4.34282e-21)
(0.118092 -0.184885 -1.89336e-21)
(0.103141 -0.226614 3.46576e-22)
(0.0752575 -0.248935 -4.56838e-22)
(0.03588 -0.244336 -2.56158e-21)
(-0.00268039 -0.2069 4.54524e-21)
(-0.0302244 -0.130494 1.56599e-21)
(-0.0365024 -0.0168938 -4.7457e-21)
(-0.0189983 0.121934 9.77981e-22)
(0.0218498 0.264931 7.18311e-22)
(0.0849245 0.384086 -4.36971e-21)
(0.180907 0.440077 9.91908e-21)
(0.308912 0.401386 1.36008e-21)
(0.452399 0.263041 7.94189e-21)
(0.602261 0.052908 -1.16099e-20)
(0.736098 -0.171615 5.97786e-21)
(0.827252 -0.347867 -5.18819e-21)
(0.870706 -0.448736 2.31389e-21)
(0.859202 -0.489685 2.60518e-22)
(0.82443 -0.476852 2.12132e-21)
(0.784632 -0.434204 4.13767e-22)
(0.684092 -0.420831 -6.6671e-23)
(0.554582 -0.393598 -2.00232e-22)
(0.522592 -0.247949 1.03531e-21)
(0.579417 -0.0126348 1.99951e-21)
(0.663022 0.203286 1.19414e-21)
(0.716337 0.367523 -7.54943e-22)
(0.693277 0.507609 -2.24775e-21)
(0.627755 0.589407 -1.50458e-21)
(0.607663 0.512792 1.07041e-21)
(0.673964 0.269925 -3.29148e-21)
(0.777013 -0.0230059 -1.04301e-22)
(0.846973 -0.246455 -5.00191e-21)
(0.886004 -0.347113 1.23646e-21)
(0.903671 -0.355557 1.18077e-21)
(0.853057 -0.367837 -1.22304e-21)
(0.766304 -0.365182 -3.03725e-22)
(0.742114 -0.256315 1.97353e-22)
(0.778484 -0.0655694 -1.30715e-21)
(0.800227 0.134644 -3.51036e-22)
(0.775101 0.294551 -2.51311e-22)
(0.712279 0.397968 1.82043e-21)
(0.697282 0.360122 7.29262e-22)
(0.732629 0.192942 -2.22987e-22)
(0.800398 0.000853096 -1.20112e-21)
(0.868073 -0.153353 1.56316e-21)
(0.891824 -0.194089 1.0921e-21)
(0.875331 -0.244566 4.77118e-23)
(0.772901 -0.217523 1.10533e-22)
(0.731191 -0.118182 -8.74954e-23)
(0.719197 -0.0217443 2.21153e-22)
(0.674493 0.184895 1.23193e-22)
(0.692316 0.152997 -1.56573e-22)
(0.102313 0.0711939 -2.20912e-20)
(0.0906726 0.0497716 1.05391e-20)
(0.111037 0.0475411 -2.03442e-20)
(0.111635 0.0332955 7.26539e-21)
(0.125179 0.0100092 4.62641e-21)
(0.13205 -0.0249241 1.41247e-21)
(0.144303 -0.0734744 8.85443e-21)
(0.150469 -0.128334 -1.58438e-20)
(0.151086 -0.182079 1.77142e-20)
(0.136199 -0.223278 -1.07252e-20)
(0.107126 -0.245495 -3.42983e-23)
(0.0652095 -0.241672 4.26519e-21)
(0.0228025 -0.206193 -3.65802e-21)
(-0.00892514 -0.132642 -9.35207e-23)
(-0.0188562 -0.0220009 -1.13382e-21)
(-0.00405208 0.114299 -1.5921e-21)
(0.0355938 0.256099 -6.25466e-22)
(0.099524 0.37477 4.09291e-21)
(0.197394 0.431082 8.65206e-22)
(0.325967 0.39387 2.38393e-22)
(0.469544 0.25742 5.60527e-21)
(0.619765 0.0488972 -5.30757e-21)
(0.753056 -0.174045 -1.46673e-20)
(0.841912 -0.348871 5.88966e-21)
(0.88304 -0.448062 -7.05304e-21)
(0.869849 -0.487818 -5.46869e-22)
(0.832028 -0.475128 -1.53066e-21)
(0.792381 -0.43056 7.15429e-22)
(0.694893 -0.414231 -6.76158e-22)
(0.563005 -0.390295 -1.02241e-21)
(0.524468 -0.252239 8.74621e-22)
(0.579295 -0.0208803 -7.66852e-22)
(0.661866 0.196019 -2.01584e-21)
(0.713782 0.364087 3.29572e-21)
(0.690251 0.508169 9.08e-22)
(0.625758 0.591582 -2.81853e-22)
(0.608052 0.513908 -2.35555e-22)
(0.676757 0.269342 1.85918e-21)
(0.782091 -0.0239185 -7.67352e-21)
(0.852577 -0.247081 4.32896e-21)
(0.889627 -0.347815 1.48633e-21)
(0.906744 -0.354756 -1.09992e-21)
(0.857733 -0.364757 4.64068e-22)
(0.770096 -0.363216 6.5933e-22)
(0.743365 -0.257811 -1.09685e-23)
(0.77867 -0.0683266 1.22253e-21)
(0.79883 0.133396 1.14446e-21)
(0.772548 0.295406 -6.90807e-22)
(0.709995 0.399259 -1.67317e-21)
(0.696529 0.36027 -2.16438e-22)
(0.734005 0.191896 -2.02751e-21)
(0.802711 -0.000842716 -5.65806e-22)
(0.870177 -0.154607 -1.31122e-21)
(0.894167 -0.194103 -3.27936e-22)
(0.879704 -0.242546 -1.69356e-22)
(0.776165 -0.215238 -1.27058e-22)
(0.731221 -0.11743 1.25877e-22)
(0.716668 -0.0209805 -2.94647e-22)
(0.669658 0.185236 4.02339e-22)
(0.691864 0.152689 -1.22579e-23)
(0.123739 0.0697151 7.97484e-21)
(0.112062 0.0495334 -1.41318e-20)
(0.13396 0.0469284 3.99527e-21)
(0.136544 0.0333423 1.50221e-20)
(0.151998 0.0104328 -1.60826e-20)
(0.161238 -0.0239062 -1.8861e-20)
(0.175596 -0.0719056 1.67456e-20)
(0.183624 -0.126174 -7.24552e-22)
(0.18523 -0.179275 -9.13626e-21)
(0.170448 -0.219873 -2.98192e-21)
(0.140324 -0.241837 1.49454e-20)
(0.0960672 -0.238759 -1.14882e-20)
(0.0498984 -0.205146 3.74345e-21)
(0.013845 -0.134458 5.41569e-21)
(7.91566e-05 -0.0269477 -6.69169e-22)
(0.0120939 0.106775 2.97813e-21)
(0.0504362 0.247183 -5.16623e-22)
(0.114998 0.365301 -2.27721e-21)
(0.214352 0.422033 -4.62438e-21)
(0.3432 0.38647 3.12556e-21)
(0.486766 0.252019 -7.58531e-21)
(0.637309 0.0451714 1.56916e-21)
(0.770007 -0.176136 -9.19473e-22)
(0.856522 -0.349573 -1.13682e-20)
(0.89524 -0.447208 3.68247e-21)
(0.880465 -0.485807 -2.00727e-21)
(0.839641 -0.473369 2.33688e-21)
(0.799933 -0.427128 2.7073e-22)
(0.705588 -0.407732 -1.36114e-21)
(0.571817 -0.386719 8.35917e-22)
(0.526569 -0.256287 -1.061e-21)
(0.579181 -0.02914 -1.82565e-22)
(0.660693 0.188671 8.96319e-22)
(0.711246 0.360538 -1.54671e-21)
(0.687307 0.508579 -5.89355e-23)
(0.623885 0.593646 -1.80374e-21)
(0.608509 0.515019 -2.65291e-21)
(0.679529 0.268823 3.79781e-21)
(0.787152 -0.0247485 1.54914e-21)
(0.858246 -0.247584 -4.78951e-22)
(0.893332 -0.348434 -8.65112e-22)
(0.909784 -0.353998 9.46708e-23)
(0.86237 -0.361714 4.12248e-23)
(0.77398 -0.361184 -2.43742e-22)
(0.74459 -0.259254 -9.69769e-23)
(0.778722 -0.0710836 -1.79621e-21)
(0.79736 0.132137 2.87269e-22)
(0.770018 0.296228 2.65711e-21)
(0.707759 0.400502 -1.29948e-21)
(0.695846 0.360377 -2.51417e-22)
(0.73554 0.190836 2.72177e-21)
(0.805201 -0.00251493 2.1658e-21)
(0.872361 -0.155843 1.74557e-21)
(0.89648 -0.194154 -4.19972e-22)
(0.884024 -0.24055 -1.54059e-23)
(0.779518 -0.212892 -1.4222e-22)
(0.731365 -0.116592 4.04277e-23)
(0.714254 -0.0201483 -3.14854e-23)
(0.664985 0.185542 -3.85419e-22)
(0.691575 0.152315 5.47008e-23)
(0.147054 0.0678869 -3.80077e-21)
(0.13515 0.0492046 1.83469e-20)
(0.158326 0.0461448 1.18228e-20)
(0.162823 0.033195 -2.53225e-20)
(0.180092 0.0106662 1.52038e-20)
(0.191641 -0.0230628 -1.73629e-20)
(0.208045 -0.0704643 2.60887e-21)
(0.217865 -0.124083 1.30363e-20)
(0.220407 -0.176477 -9.65459e-21)
(0.205749 -0.216417 -1.076e-21)
(0.174703 -0.238031 1.44139e-20)
(0.128329 -0.235554 -9.55902e-21)
(0.0785607 -0.203753 3.0166e-21)
(0.0380859 -0.13592 -4.92397e-22)
(0.0202748 -0.0317255 -1.27427e-21)
(0.0293699 0.0993718 -3.07386e-21)
(0.066292 0.238207 -1.6024e-22)
(0.131261 0.355706 1.85245e-22)
(0.231712 0.412952 4.85662e-21)
(0.36057 0.379193 -4.966e-21)
(0.50404 0.246838 3.30025e-21)
(0.654874 0.0417277 1.01582e-20)
(0.786931 -0.17789 -5.66759e-21)
(0.87107 -0.349972 8.60984e-21)
(0.907299 -0.44618 -1.15902e-21)
(0.891032 -0.48366 -4.89914e-22)
(0.847276 -0.471568 2.52586e-21)
(0.80729 -0.423906 -1.6681e-21)
(0.716153 -0.401358 4.67237e-22)
(0.580988 -0.382882 3.80612e-22)
(0.528913 -0.260072 8.81381e-23)
(0.579049 -0.0373969 -1.19862e-21)
(0.659485 0.18124 6.05316e-22)
(0.708724 0.356868 1.20653e-21)
(0.684444 0.508835 3.73887e-21)
(0.622137 0.5956 1.53858e-21)
(0.609026 0.516131 3.06342e-21)
(0.682282 0.268371 -1.44126e-22)
(0.792195 -0.0254978 -8.43675e-22)
(0.86397 -0.247969 3.50748e-22)
(0.89712 -0.348966 -2.17511e-22)
(0.912794 -0.353281 2.76601e-22)
(0.866965 -0.358714 2.69785e-22)
(0.777951 -0.359088 -1.05665e-22)
(0.7458 -0.260638 6.61148e-22)
(0.778641 -0.0738384 9.16346e-23)
(0.795818 0.130864 -1.19088e-21)
(0.767512 0.297013 -7.9295e-22)
(0.705572 0.401698 9.68651e-22)
(0.695234 0.360441 6.07216e-22)
(0.737234 0.189761 -4.88892e-23)
(0.807866 -0.00416186 -2.62672e-21)
(0.874627 -0.157059 -6.30058e-22)
(0.898765 -0.194241 -3.24291e-22)
(0.888289 -0.238579 2.62103e-22)
(0.782956 -0.210487 4.10159e-23)
(0.731628 -0.115667 -1.91467e-22)
(0.711964 -0.0192485 7.37436e-23)
(0.660486 0.185813 -1.99881e-22)
(0.691451 0.151876 -5.98805e-23)
(0.172441 0.0657374 -7.06255e-23)
(0.160114 0.0488068 -1.30134e-20)
(0.184265 0.0452165 6.59872e-22)
(0.190561 0.0328684 4.16781e-21)
(0.20951 0.0107215 1.98437e-20)
(0.223264 -0.0223847 -1.63972e-20)
(0.24161 -0.0691432 9.91175e-21)
(0.253113 -0.122056 -1.05936e-20)
(0.256495 -0.173686 1.85093e-20)
(0.241945 -0.212918 -2.1721e-20)
(0.210101 -0.234147 2.92129e-21)
(0.161854 -0.232066 3.88175e-21)
(0.108711 -0.201966 3.83962e-21)
(0.0637929 -0.137057 6.71709e-22)
(0.0417116 -0.0362822 1.07502e-21)
(0.0477152 0.0920863 1.60016e-21)
(0.0830785 0.229194 1.14331e-21)
(0.148228 0.346013 3.15109e-21)
(0.24941 0.40386 -5.84004e-21)
(0.378039 0.372044 9.33768e-21)
(0.521346 0.241873 -6.48847e-21)
(0.672451 0.0385641 -4.65091e-21)
(0.803808 -0.179309 1.36542e-20)
(0.88554 -0.350068 4.16572e-21)
(0.91921 -0.444978 3.73456e-21)
(0.901535 -0.481384 -8.2576e-21)
(0.854939 -0.46972 3.94682e-21)
(0.814456 -0.420889 -2.18017e-21)
(0.726568 -0.395132 5.58334e-22)
(0.590488 -0.378798 -1.11759e-21)
(0.531522 -0.263574 1.44394e-21)
(0.578874 -0.0456344 7.61014e-22)
(0.65822 0.173727 6.02675e-22)
(0.70621 0.35307 -2.37783e-21)
(0.68166 0.508929 -2.26992e-21)
(0.620513 0.597443 -9.70286e-22)
(0.609598 0.517247 -2.76623e-21)
(0.685015 0.267989 1.62813e-21)
(0.79722 -0.0261683 -2.80647e-21)
(0.869743 -0.248238 -8.21708e-22)
(0.900988 -0.34941 -1.52883e-21)
(0.915774 -0.352602 -7.07595e-22)
(0.871511 -0.35576 -3.27736e-22)
(0.782005 -0.356929 -7.51568e-22)
(0.747007 -0.261955 -9.28871e-22)
(0.778429 -0.0765892 4.49223e-22)
(0.794205 0.129572 5.31673e-22)
(0.76503 0.297759 1.58217e-21)
(0.703431 0.402847 -7.96026e-22)
(0.694695 0.360462 -2.79416e-22)
(0.739086 0.18867 -1.6543e-21)
(0.810704 -0.00578236 3.17027e-21)
(0.876977 -0.158252 -1.54983e-21)
(0.901023 -0.19436 3.26974e-22)
(0.892496 -0.236635 -1.64943e-22)
(0.786477 -0.208028 3.24089e-22)
(0.732013 -0.114657 -2.42112e-23)
(0.709806 -0.0182822 -3.172e-23)
(0.656171 0.186048 2.68329e-22)
(0.691494 0.151371 1.74803e-22)
(0.200084 0.0633086 1.67357e-20)
(0.187148 0.0483636 4.13796e-22)
(0.211925 0.0441744 -1.68597e-20)
(0.219861 0.0323824 1.28842e-20)
(0.240311 0.0106159 -6.39856e-21)
(0.256116 -0.0218582 2.66483e-21)
(0.276256 -0.0679305 -6.12777e-21)
(0.289282 -0.120084 -1.12248e-20)
(0.293369 -0.170899 2.8624e-22)
(0.278878 -0.209382 1.84161e-20)
(0.24634 -0.230174 -6.12667e-21)
(0.196482 -0.228393 -9.89133e-22)
(0.140247 -0.199834 -3.31885e-21)
(0.0909465 -0.137855 3.89217e-21)
(0.0643852 -0.0405293 -2.27797e-21)
(0.0670795 0.0849394 -2.56149e-22)
(0.100718 0.220169 2.84735e-21)
(0.165815 0.336247 4.84997e-22)
(0.267386 0.394774 -5.64647e-21)
(0.395572 0.365027 7.77989e-21)
(0.538668 0.237122 -9.50987e-22)
(0.69003 0.0356787 -1.64186e-21)
(0.820622 -0.180396 4.01443e-21)
(0.899919 -0.34986 -7.15657e-21)
(0.930967 -0.443607 -3.15265e-21)
(0.911958 -0.478986 -2.51896e-22)
(0.862633 -0.467819 7.99486e-21)
(0.821435 -0.418071 -2.03794e-21)
(0.736814 -0.389075 -2.30992e-22)
(0.600283 -0.374481 -1.28523e-22)
(0.534418 -0.266774 5.38906e-22)
(0.578641 -0.0538362 1.14417e-21)
(0.656881 0.166128 1.26966e-22)
(0.703696 0.349138 6.56949e-22)
(0.678954 0.508857 -1.02162e-21)
(0.619012 0.599173 1.88916e-21)
(0.61022 0.518371 -1.81457e-22)
(0.687733 0.26768 8.18551e-22)
(0.802229 -0.0267616 -1.32059e-21)
(0.875556 -0.248394 5.66378e-22)
(0.904936 -0.349765 3.25578e-21)
(0.918727 -0.351958 -5.41613e-22)
(0.876005 -0.352856 9.70769e-22)
(0.786137 -0.354708 5.84661e-22)
(0.748223 -0.263199 1.76559e-22)
(0.778091 -0.0793336 9.33328e-22)
(0.792522 0.128258 1.15901e-21)
(0.762572 0.298463 -5.38773e-22)
(0.701336 0.403946 1.10244e-21)
(0.69423 0.360437 -8.56811e-23)
(0.741093 0.18756 1.88892e-22)
(0.813712 -0.0073753 -1.88336e-21)
(0.879413 -0.159417 2.27438e-21)
(0.903258 -0.194509 1.22809e-22)
(0.89664 -0.234721 6.65832e-23)
(0.790078 -0.205518 -2.08751e-22)
(0.732527 -0.113562 2.33124e-22)
(0.70779 -0.0172505 8.51552e-23)
(0.652051 0.186246 -2.97283e-23)
(0.691707 0.1508 -9.52345e-23)
(0.230155 0.0606585 1.19313e-20)
(0.216458 0.0478996 2.12987e-22)
(0.241469 0.043054 -1.31159e-20)
(0.250833 0.0317623 -8.07617e-21)
(0.272559 0.0103711 5.82687e-21)
(0.290211 -0.0214649 -1.02609e-20)
(0.311943 -0.0668104 7.84057e-21)
(0.326284 -0.118154 -1.23638e-20)
(0.3309 -0.168109 1.40368e-20)
(0.316386 -0.205816 -1.79067e-20)
(0.283236 -0.226128 1.17833e-20)
(0.232028 -0.224565 -1.8355e-21)
(0.173039 -0.197434 -5.35196e-21)
(0.119508 -0.138259 1.70169e-21)
(0.0882979 -0.0444275 8.89557e-22)
(0.0874272 0.0779584 1.17203e-21)
(0.119141 0.211156 -3.93535e-21)
(0.183946 0.326435 3.19743e-21)
(0.285584 0.38571 -1.46226e-21)
(0.413135 0.358142 5.03979e-21)
(0.555997 0.23258 -5.69259e-21)
(0.70761 0.0330661 -1.12219e-20)
(0.837353 -0.181154 2.0744e-20)
(0.91419 -0.349349 -7.29144e-21)
(0.942565 -0.442067 -9.67398e-21)
(0.922286 -0.476475 2.927e-22)
(0.870363 -0.465861 -1.98156e-21)
(0.828232 -0.415444 2.46985e-21)
(0.746875 -0.383207 -6.3173e-22)
(0.610336 -0.36995 9.53749e-22)
(0.537629 -0.269655 -6.31199e-22)
(0.578341 -0.0619831 -1.3311e-21)
(0.65545 0.158443 7.73019e-22)
(0.701175 0.345064 -2.49991e-21)
(0.676325 0.508612 9.87288e-22)
(0.617634 0.60079 -2.2348e-22)
(0.610886 0.519508 9.86496e-22)
(0.690441 0.267447 1.42947e-23)
(0.807227 -0.0272788 7.14345e-21)
(0.881402 -0.24844 -5.36331e-22)
(0.908962 -0.35003 -3.12833e-21)
(0.921654 -0.351348 1.20746e-21)
(0.880443 -0.350005 -6.00113e-22)
(0.790339 -0.352427 -8.84621e-22)
(0.749461 -0.264367 1.85756e-22)
(0.777631 -0.082069 3.39998e-23)
(0.790773 0.126918 -1.34771e-21)
(0.760138 0.299123 -9.79733e-22)
(0.699285 0.404997 8.29232e-22)
(0.693842 0.360366 -1.05592e-21)
(0.743253 0.186431 -9.12362e-22)
(0.816886 -0.00893963 -3.18282e-22)
(0.881937 -0.160551 -1.74946e-22)
(0.90547 -0.194687 1.70196e-22)
(0.90072 -0.232839 -3.39964e-22)
(0.793756 -0.202959 7.83639e-23)
(0.733172 -0.112384 -1.56878e-22)
(0.705923 -0.0161547 -7.22829e-23)
(0.648137 0.186407 -2.36807e-22)
(0.692092 0.150165 6.35181e-23)
(0.26281 0.0578612 -1.69219e-20)
(0.248261 0.0474401 5.11301e-21)
(0.273073 0.041895 1.10491e-20)
(0.283596 0.0310386 -2.91788e-20)
(0.30632 0.0100144 3.50341e-20)
(0.32556 -0.0211812 -8.09817e-21)
(0.348629 -0.0657622 -1.04581e-20)
(0.364028 -0.116246 -3.27397e-21)
(0.368954 -0.165306 9.369e-21)
(0.354305 -0.202222 5.67732e-21)
(0.320599 -0.222027 1.09037e-20)
(0.268295 -0.220606 -1.26732e-20)
(0.206929 -0.194775 6.7798e-21)
(0.149416 -0.138286 -3.84068e-21)
(0.113458 -0.0479779 1.26114e-21)
(0.108744 0.0711736 2.62434e-21)
(0.13829 0.202184 -2.62426e-21)
(0.202548 0.3166 4.7861e-21)
(0.303951 0.376683 -2.05291e-22)
(0.430698 0.35139 -9.1174e-21)
(0.573331 0.228241 9.74656e-21)
(0.725196 0.0307245 -8.41616e-21)
(0.853989 -0.181583 -2.4496e-21)
(0.928339 -0.348535 1.31372e-20)
(0.953999 -0.440362 3.70504e-22)
(0.932505 -0.473858 -1.23052e-21)
(0.878129 -0.463842 2.68427e-21)
(0.834855 -0.413001 -1.40014e-21)
(0.756737 -0.377547 3.8255e-22)
(0.62061 -0.365223 -3.54781e-22)
(0.541179 -0.272202 -2.81336e-22)
(0.577971 -0.0700537 1.29842e-22)
(0.653911 0.150672 -1.93005e-22)
(0.698642 0.340841 3.33222e-21)
(0.673771 0.508187 -1.78555e-22)
(0.616376 0.602294 -4.688e-22)
(0.611592 0.52066 -4.31003e-22)
(0.693148 0.267291 -1.37141e-21)
(0.812218 -0.0277209 -1.33857e-21)
(0.887275 -0.24838 8.32095e-22)
(0.913064 -0.350203 8.9497e-23)
(0.924557 -0.350767 -1.47488e-21)
(0.884822 -0.34721 8.40838e-22)
(0.794606 -0.350087 5.1342e-22)
(0.750734 -0.265451 2.6688e-23)
(0.777056 -0.0847926 -2.35907e-22)
(0.788957 0.125549 -7.27644e-22)
(0.757728 0.299735 -6.29158e-22)
(0.69728 0.405997 -1.78446e-21)
(0.693533 0.360247 2.09074e-21)
(0.745563 0.185281 -5.91574e-22)
(0.820222 -0.0104744 8.6681e-22)
(0.88455 -0.161652 -9.68058e-22)
(0.907662 -0.194889 -5.71892e-22)
(0.904732 -0.230991 2.3625e-22)
(0.797509 -0.200357 -2.82999e-22)
(0.733953 -0.111125 -4.82247e-23)
(0.704212 -0.0149959 2.12208e-23)
(0.644439 0.186532 4.89394e-22)
(0.692652 0.149467 -2.53625e-23)
(0.298182 0.0550059 2.11753e-20)
(0.282779 0.0470095 -1.70521e-20)
(0.306922 0.0407412 5.00639e-21)
(0.318273 0.0302473 -2.73536e-20)
(0.341665 0.00957776 3.14521e-20)
(0.362175 -0.020979 -1.69664e-20)
(0.38627 -0.064761 1.16041e-20)
(0.402416 -0.114342 -2.01726e-20)
(0.407397 -0.162477 2.59619e-20)
(0.392472 -0.1986 -1.74478e-20)
(0.358243 -0.21789 2.25858e-21)
(0.305079 -0.216546 -1.26369e-21)
(0.241737 -0.191879 1.17551e-21)
(0.180581 -0.137953 -1.94329e-21)
(0.139873 -0.051167 -4.29849e-22)
(0.131038 0.0646172 4.76836e-22)
(0.15813 0.193284 3.06824e-21)
(0.221564 0.306766 -2.45341e-21)
(0.322444 0.367703 7.17058e-21)
(0.44824 0.344766 -5.58218e-21)
(0.590683 0.224096 7.0466e-23)
(0.742798 0.0286527 -1.03988e-20)
(0.870514 -0.181688 2.01631e-21)
(0.94235 -0.347421 6.17778e-21)
(0.965266 -0.438493 -2.34543e-21)
(0.942603 -0.471142 -6.25926e-21)
(0.885932 -0.461758 -4.57497e-22)
(0.841312 -0.410732 2.77567e-21)
(0.766386 -0.37211 -6.9621e-22)
(0.631069 -0.360322 5.7796e-22)
(0.54509 -0.274402 4.61185e-22)
(0.57754 -0.0780259 -2.04715e-22)
(0.652253 0.142815 3.39467e-22)
(0.696087 0.336462 -1.55271e-21)
(0.67129 0.507576 6.937e-22)
(0.615237 0.603684 -1.77883e-21)
(0.612334 0.52183 7.25618e-22)
(0.695864 0.267214 1.55102e-21)
(0.81721 -0.0280885 3.51887e-22)
(0.893167 -0.248216 -1.65359e-21)
(0.91724 -0.350284 6.64491e-22)
(0.927436 -0.350214 2.08462e-21)
(0.88914 -0.344475 4.559e-22)
(0.798931 -0.347693 -7.88928e-23)
(0.752053 -0.266448 2.87477e-22)
(0.776374 -0.0875012 -1.48895e-22)
(0.787078 0.124149 1.4922e-22)
(0.755341 0.300298 8.99187e-22)
(0.695317 0.406947 1.01362e-21)
(0.693303 0.36008 -6.0634e-22)
(0.748021 0.184109 1.26332e-21)
(0.823715 -0.0119788 1.26396e-21)
(0.887252 -0.162717 8.24065e-23)
(0.909837 -0.195115 1.18587e-21)
(0.908674 -0.229178 -8.64277e-23)
(0.801332 -0.197714 3.6999e-22)
(0.734874 -0.109785 3.09802e-23)
(0.702665 -0.0137756 3.83735e-23)
(0.640968 0.18662 -1.25373e-22)
(0.693389 0.148705 -6.4788e-24)
(0.336379 0.0521948 4.72388e-21)
(0.32024 0.0466311 1.8188e-20)
(0.343207 0.0396392 -1.9987e-20)
(0.354987 0.0294302 2.31978e-20)
(0.378658 0.00909872 -2.85614e-21)
(0.400059 -0.0208251 -6.50104e-23)
(0.424808 -0.0637775 -1.30473e-20)
(0.441343 -0.112416 2.49635e-20)
(0.446089 -0.159607 -2.25489e-20)
(0.430726 -0.194948 1.4937e-20)
(0.395984 -0.213732 -1.60828e-21)
(0.342174 -0.212417 -9.64198e-21)
(0.277264 -0.188785 -3.78369e-21)
(0.212884 -0.137281 3.42839e-21)
(0.167535 -0.0539819 2.16781e-21)
(0.154339 0.0583216 -9.97225e-22)
(0.178652 0.184486 1.39286e-21)
(0.240953 0.296957 -1.58863e-21)
(0.341029 0.358782 5.03845e-21)
(0.46575 0.338267 -9.54148e-21)
(0.608082 0.220138 -2.98382e-21)
(0.760437 0.0268431 4.08085e-21)
(0.886916 -0.181468 -4.30287e-21)
(0.956206 -0.346008 -3.43046e-21)
(0.97636 -0.436463 8.11381e-21)
(0.952568 -0.468339 -3.64689e-21)
(0.89377 -0.459609 1.93012e-22)
(0.847613 -0.408627 -1.59909e-21)
(0.775812 -0.366912 1.42348e-21)
(0.641676 -0.355272 -5.39395e-22)
(0.549379 -0.276243 1.39142e-22)
(0.577062 -0.0858774 -1.64293e-22)
(0.650465 0.134873 2.04453e-22)
(0.693505 0.331918 4.78435e-22)
(0.668882 0.506774 -1.93585e-22)
(0.614215 0.604958 1.82833e-21)
(0.613108 0.52302 -3.82115e-21)
(0.698606 0.267218 -2.8431e-21)
(0.822213 -0.0283812 -7.21987e-22)
(0.899071 -0.24795 5.71543e-21)
(0.921486 -0.350272 -8.30135e-22)
(0.930295 -0.349685 1.29279e-21)
(0.893394 -0.341802 -6.09002e-22)
(0.803305 -0.345246 -9.72209e-23)
(0.753429 -0.267353 -2.21647e-22)
(0.775593 -0.0901917 -1.0505e-22)
(0.785136 0.122714 9.37744e-22)
(0.752977 0.300809 -1.1294e-21)
(0.693398 0.407846 -3.59969e-22)
(0.693154 0.359862 -5.71022e-22)
(0.750626 0.182915 -8.27271e-23)
(0.82736 -0.0134519 -4.00013e-21)
(0.890043 -0.163742 6.69212e-22)
(0.911995 -0.19536 1.10792e-22)
(0.912543 -0.227402 -5.26709e-23)
(0.805222 -0.195035 -4.16762e-22)
(0.735937 -0.108367 -4.63983e-23)
(0.701289 -0.0124953 1.08241e-23)
(0.637732 0.186671 -1.5238e-22)
(0.694305 0.147882 -1.57726e-23)
(0.37749 0.0495384 -7.94318e-21)
(0.360872 0.0463265 7.50127e-21)
(0.382115 0.0386396 -2.01987e-20)
(0.39385 0.0286348 8.18455e-21)
(0.417353 0.00861978 -1.60563e-20)
(0.439205 -0.0206803 3.12456e-20)
(0.46418 -0.0627774 -6.62801e-21)
(0.480693 -0.110441 -1.43216e-20)
(0.484885 -0.156678 1.07746e-21)
(0.468904 -0.191261 -1.13047e-20)
(0.433643 -0.209568 1.1892e-20)
(0.379378 -0.208254 1.52971e-21)
(0.3133 -0.185539 -5.93818e-21)
(0.246171 -0.1363 2.28443e-21)
(0.196417 -0.0564207 1.35718e-21)
(0.178694 0.052316 8.33539e-22)
(0.199882 0.175826 4.53967e-22)
(0.260705 0.2872 2.0358e-23)
(0.359692 0.349929 3.71324e-21)
(0.483241 0.331887 -8.38585e-21)
(0.625585 0.216355 8.82782e-21)
(0.778146 0.025297 -4.15311e-21)
(0.903183 -0.180921 5.57703e-22)
(0.969892 -0.344298 9.07201e-21)
(0.987277 -0.434275 -3.36671e-21)
(0.962391 -0.465457 -6.8258e-22)
(0.90164 -0.457393 -3.19512e-22)
(0.85377 -0.406679 -5.26747e-22)
(0.785004 -0.361968 5.47432e-22)
(0.652398 -0.350096 -7.54684e-22)
(0.554061 -0.27772 8.89678e-22)
(0.576559 -0.0935858 -1.19937e-21)
(0.648542 0.126849 -1.60764e-22)
(0.690888 0.327204 8.58698e-22)
(0.666545 0.505774 3.16329e-22)
(0.613307 0.606115 8.30395e-22)
(0.613912 0.524232 2.45997e-21)
(0.701396 0.267305 -2.85311e-22)
(0.827241 -0.0285975 5.13458e-22)
(0.904982 -0.247585 -2.64608e-21)
(0.925799 -0.350168 7.45651e-22)
(0.933135 -0.349178 -1.77008e-21)
(0.897582 -0.339194 1.82827e-22)
(0.807723 -0.342751 -2.34953e-22)
(0.754873 -0.268163 -1.2864e-22)
(0.774725 -0.0928608 6.93299e-22)
(0.783132 0.121242 -3.3699e-22)
(0.750633 0.301265 5.66252e-22)
(0.691522 0.408694 1.0654e-21)
(0.69309 0.359593 -3.78281e-22)
(0.753376 0.181696 7.76018e-22)
(0.831152 -0.014893 1.13606e-21)
(0.892923 -0.164726 -4.31963e-22)
(0.91414 -0.195622 -1.40786e-21)
(0.916337 -0.225665 -2.20336e-22)
(0.809174 -0.192323 1.70395e-22)
(0.737146 -0.106873 2.77009e-22)
(0.700089 -0.0111564 -1.73095e-23)
(0.634742 0.186685 -9.90711e-23)
(0.695403 0.146998 4.0496e-24)
(0.421609 0.0471474 1.0056e-20)
(0.404904 0.046118 -2.04902e-20)
(0.423823 0.0377973 -9.35637e-21)
(0.434961 0.0279154 2.4454e-20)
(0.457789 0.00818987 -1.30308e-20)
(0.479591 -0.0205007 -1.04756e-20)
(0.504302 -0.0617219 1.33273e-20)
(0.52034 -0.108387 -1.23096e-20)
(0.523638 -0.153671 1.00529e-20)
(0.506852 -0.187535 -1.05435e-20)
(0.471051 -0.205406 3.51412e-21)
(0.416496 -0.204087 8.0625e-21)
(0.34963 -0.182185 -2.9837e-21)
(0.280264 -0.135049 2.99379e-21)
(0.22646 -0.058492 1.64481e-22)
(0.204162 0.0466251 -2.29746e-21)
(0.221893 0.167338 5.36382e-22)
(0.280853 0.277521 9.60831e-22)
(0.378455 0.341156 -6.72236e-21)
(0.500764 0.325616 -1.864e-21)
(0.643287 0.212741 5.2072e-21)
(0.795969 0.0240225 -1.30336e-20)
(0.919302 -0.180048 6.13293e-21)
(0.98339 -0.342292 -1.56094e-21)
(0.998015 -0.431926 4.35655e-21)
(0.972061 -0.462497 2.42266e-21)
(0.909537 -0.455103 1.02354e-21)
(0.859795 -0.404868 6.85012e-23)
(0.793951 -0.357282 6.58897e-22)
(0.663203 -0.344815 4.28881e-22)
(0.559143 -0.278821 -1.09851e-21)
(0.576061 -0.101125 4.54577e-22)
(0.646481 0.118747 1.2438e-21)
(0.688228 0.322312 -7.76251e-22)
(0.664277 0.504569 -2.16032e-21)
(0.61251 0.607153 6.86764e-22)
(0.614743 0.525465 -1.16363e-21)
(0.704266 0.267474 -6.54711e-22)
(0.832309 -0.0287375 -5.32246e-22)
(0.910894 -0.247124 7.68415e-22)
(0.930176 -0.349969 7.50855e-22)
(0.935958 -0.348688 -4.585e-22)
(0.901703 -0.336651 -2.81656e-22)
(0.812176 -0.34021 2.62439e-22)
(0.756394 -0.268873 2.19593e-22)
(0.773783 -0.0955037 -2.20797e-22)
(0.781068 0.119731 -1.26607e-23)
(0.748309 0.301666 1.2859e-23)
(0.689689 0.409488 -5.15691e-22)
(0.693115 0.359271 9.92017e-22)
(0.756272 0.180454 4.80757e-23)
(0.835085 -0.0163017 4.43957e-22)
(0.895892 -0.165665 -4.29892e-22)
(0.916274 -0.195899 5.93641e-22)
(0.920054 -0.223968 2.44099e-22)
(0.813186 -0.189583 1.02904e-22)
(0.738503 -0.105305 -8.73527e-23)
(0.699071 -0.00976095 2.36368e-24)
(0.632008 0.186662 9.08095e-23)
(0.696684 0.146054 -3.60714e-23)
(0.468879 0.045131 9.64316e-21)
(0.452561 0.046031 2.49289e-21)
(0.468484 0.0371687 7.96525e-21)
(0.478388 0.027327 -3.51666e-21)
(0.499978 0.00786074 1.57398e-20)
(0.52117 -0.0202468 -1.13659e-20)
(0.545072 -0.0605743 8.45621e-21)
(0.560144 -0.10622 -7.92649e-21)
(0.562194 -0.150557 3.86411e-22)
(0.544415 -0.183742 -9.2597e-21)
(0.508048 -0.201227 2.56746e-21)
(0.453342 -0.199908 8.56493e-21)
(0.386037 -0.178734 -3.32728e-21)
(0.31496 -0.133545 2.95522e-21)
(0.25757 -0.0601967 -2.65889e-21)
(0.230801 0.0412776 -1.03869e-21)
(0.244812 0.159064 -1.99547e-22)
(0.301507 0.267947 5.20768e-22)
(0.397406 0.332463 7.16879e-23)
(0.518441 0.319436 9.43761e-21)
(0.661344 0.209269 -7.18116e-21)
(0.813968 0.0230125 8.4543e-21)
(0.93526 -0.178863 -8.11784e-21)
(0.996685 -0.339993 -2.93977e-24)
(1.00857 -0.429403 -6.39468e-21)
(0.981573 -0.459444 4.91458e-21)
(0.917454 -0.452715 -1.01027e-22)
(0.865703 -0.403164 -1.50324e-21)
(0.802646 -0.352851 6.55302e-23)
(0.67406 -0.339449 5.54238e-22)
(0.564627 -0.279536 5.24008e-22)
(0.575602 -0.108461 -1.27395e-22)
(0.644289 0.110581 -6.44291e-22)
(0.685514 0.317242 4.13275e-22)
(0.662074 0.503155 1.98086e-21)
(0.61182 0.608072 1.06331e-21)
(0.615605 0.526718 8.35892e-22)
(0.707262 0.267719 -1.23112e-21)
(0.837437 -0.0288091 -4.34116e-21)
(0.916801 -0.246572 2.04293e-21)
(0.934612 -0.349675 -5.0346e-23)
(0.938766 -0.348208 -7.96651e-22)
(0.905755 -0.334175 6.05239e-22)
(0.81666 -0.337626 -4.2294e-24)
(0.757999 -0.269477 -3.53592e-22)
(0.77278 -0.0981124 -7.29096e-23)
(0.778941 0.118182 -4.53811e-22)
(0.745997 0.302009 -6.07357e-22)
(0.687896 0.41023 5.9569e-22)
(0.693234 0.358896 -2.04836e-22)
(0.75932 0.179184 6.1019e-22)
(0.839154 -0.0176793 1.28078e-21)
(0.898947 -0.166558 7.41662e-23)
(0.918398 -0.196187 3.97239e-22)
(0.923692 -0.222312 6.65709e-24)
(0.817252 -0.186818 -4.09254e-23)
(0.74001 -0.103664 -2.21937e-22)
(0.698239 -0.00831035 2.60674e-23)
(0.629539 0.186603 5.30823e-23)
(0.698152 0.145052 7.05807e-23)
(0.519576 0.0435869 7.8116e-21)
(0.504061 0.0460855 -2.25488e-20)
(0.516205 0.0368012 6.48493e-21)
(0.52416 0.0269156 1.78951e-20)
(0.543899 0.00767099 -1.60538e-20)
(0.563865 -0.0198875 1.39287e-20)
(0.586364 -0.0593074 -7.44209e-22)
(0.599949 -0.103916 -1.92948e-21)
(0.600396 -0.147313 -9.79831e-21)
(0.581447 -0.179861 -1.11454e-21)
(0.544487 -0.197015 5.13023e-21)
(0.489748 -0.195715 -5.4528e-21)
(0.422314 -0.1752 1.95172e-22)
(0.350038 -0.131806 3.13462e-21)
(0.289608 -0.0615338 5.07828e-22)
(0.258655 0.0363025 -1.86465e-21)
(0.268831 0.151048 1.56089e-21)
(0.322884 0.25851 -1.0985e-21)
(0.416751 0.323848 -3.50315e-21)
(0.536518 0.313302 -4.97195e-21)
(0.680002 0.205888 2.45131e-21)
(0.832223 0.0222338 3.7229e-21)
(0.951044 -0.177375 7.13391e-21)
(1.00976 -0.337406 -9.13807e-21)
(1.01894 -0.426713 -1.58599e-21)
(0.990919 -0.456321 3.64505e-22)
(0.925384 -0.450252 7.32592e-22)
(0.871509 -0.401573 6.11569e-22)
(0.81108 -0.348698 -8.73428e-22)
(0.684943 -0.334042 -2.99083e-22)
(0.570508 -0.279883 -3.64252e-22)
(0.575215 -0.115572 7.17321e-22)
(0.641979 0.102372 3.56903e-22)
(0.682732 0.311999 -8.76725e-22)
(0.659928 0.501532 -1.23393e-21)
(0.61123 0.608868 6.0255e-22)
(0.616507 0.527979 4.57768e-22)
(0.710456 0.268025 -1.02557e-21)
(0.842649 -0.0288134 2.8867e-21)
(0.922697 -0.245925 -3.7332e-21)
(0.939103 -0.349285 -3.59727e-22)
(0.941562 -0.34774 3.72885e-22)
(0.909737 -0.33177 -3.0851e-22)
(0.821166 -0.335008 -1.69217e-22)
(0.759693 -0.26998 -8.27173e-23)
(0.771733 -0.100685 2.00047e-22)
(0.776751 0.116598 2.59807e-22)
(0.743691 0.302295 7.34381e-22)
(0.686143 0.410917 -5.50705e-22)
(0.693459 0.358464 -1.05864e-21)
(0.762525 0.177885 -1.33578e-21)
(0.843353 -0.0190246 -1.30519e-21)
(0.902088 -0.167403 7.14241e-22)
(0.920515 -0.196484 -4.95757e-22)
(0.92725 -0.220699 -1.81108e-22)
(0.821368 -0.184032 -9.69183e-23)
(0.74167 -0.101954 2.02065e-22)
(0.6976 -0.00680559 3.08018e-23)
(0.627344 0.186508 3.18065e-23)
(0.699808 0.143994 3.95552e-25)
(0.574217 0.0424798 -2.77765e-21)
(0.559587 0.0462988 -1.07007e-20)
(0.567027 0.0367629 1.66981e-20)
(0.572254 0.0267614 -1.86548e-20)
(0.589487 0.0076812 -7.74628e-21)
(0.607566 -0.0193293 1.35388e-21)
(0.628022 -0.0578616 1.56276e-20)
(0.639583 -0.101465 1.07731e-20)
(0.638084 -0.143995 -9.42416e-21)
(0.617807 -0.176016 3.99077e-21)
(0.580234 -0.19295 -5.91343e-21)
(0.52556 -0.191731 4.21314e-21)
(0.458267 -0.17183 1.0587e-21)
(0.385272 -0.130071 -1.00962e-21)
(0.322399 -0.0626734 -8.32735e-22)
(0.287733 0.0316069 -1.03378e-21)
(0.294204 0.143271 1.95051e-21)
(0.345379 0.249269 -9.03545e-22)
(0.436916 0.315388 5.07374e-21)
(0.555465 0.307299 2.89177e-22)
(0.699644 0.202742 -9.5973e-21)
(0.850834 0.0217707 8.23969e-22)
(0.966633 -0.175455 -3.72916e-21)
(1.0226 -0.334533 1.32556e-20)
(1.02912 -0.423967 7.09905e-21)
(1.0001 -0.453289 -2.79009e-23)
(0.933319 -0.447872 -8.13242e-22)
(0.877227 -0.400221 -7.04396e-22)
(0.819245 -0.344934 -1.14683e-21)
(0.695825 -0.328699 -2.98795e-22)
(0.576779 -0.279943 -2.81981e-23)
(0.57494 -0.122525 -3.51726e-22)
(0.639575 0.094063 -5.64328e-22)
(0.67986 0.306539 2.08615e-21)
(0.657817 0.499681 8.4087e-22)
(0.610732 0.609541 -4.65801e-22)
(0.617483 0.529266 4.83557e-22)
(0.71396 0.26847 1.26456e-23)
(0.847975 -0.0286591 -1.43485e-21)
(0.928575 -0.245148 1.47029e-21)
(0.943643 -0.348817 7.14884e-22)
(0.944349 -0.347312 3.36431e-23)
(0.913647 -0.329462 -5.10876e-23)
(0.825691 -0.332381 2.19083e-23)
(0.76148 -0.270408 2.02021e-22)
(0.770658 -0.103255 -8.87589e-23)
(0.774495 0.114946 -2.62156e-22)
(0.741372 0.302509 3.11884e-22)
(0.684425 0.411548 -1.15108e-22)
(0.693808 0.357984 6.00383e-22)
(0.765904 0.176578 7.54716e-22)
(0.847677 -0.0203187 5.04446e-22)
(0.905312 -0.168192 -9.39854e-22)
(0.922627 -0.196789 2.82072e-22)
(0.930727 -0.219134 -1.42806e-23)
(0.82553 -0.181236 2.82132e-22)
(0.743484 -0.100181 -1.82458e-22)
(0.697155 -0.00525103 -5.74323e-23)
(0.625432 0.186376 9.06391e-24)
(0.701654 0.142881 -1.09834e-23)
(0.633704 0.0416282 -5.05316e-21)
(0.619262 0.0468178 4.92127e-21)
(0.620895 0.0372561 -7.24991e-21)
(0.622575 0.0270834 1.76178e-20)
(0.636625 0.00811389 -7.64563e-21)
(0.652115 -0.0183334 -1.41295e-20)
(0.669853 -0.056053 1.02106e-20)
(0.678847 -0.0987968 1.79681e-21)
(0.675084 -0.140669 -6.49224e-21)
(0.653354 -0.172403 -2.89458e-21)
(0.615166 -0.189329 7.22525e-21)
(0.560644 -0.188312 -5.2635e-21)
(0.493722 -0.169013 -2.46738e-21)
(0.420444 -0.128736 5.279e-21)
(0.355736 -0.0639989 -2.03806e-21)
(0.318008 0.0268892 3.73596e-22)
(0.32126 0.135552 1.1765e-21)
(0.369658 0.240238 -3.97011e-21)
(0.458737 0.307319 -2.27055e-21)
(0.576172 0.301866 -3.1906e-21)
(0.720874 0.200397 1.09504e-20)
(0.869928 0.022185 -6.89125e-21)
(0.982 -0.17286 8.3718e-21)
(1.03517 -0.33137 -1.30222e-20)
(1.0391 -0.421252 8.06054e-21)
(1.00909 -0.450444 -3.68682e-21)
(0.941251 -0.44565 8.35828e-22)
(0.882879 -0.399167 -1.33361e-21)
(0.82714 -0.341597 7.75304e-22)
(0.706686 -0.32342 3.02791e-23)
(0.583425 -0.27972 -5.67477e-22)
(0.574811 -0.129409 -5.19787e-22)
(0.637115 0.0854755 9.07533e-22)
(0.676868 0.300665 5.95099e-22)
(0.65568 0.497462 -7.48728e-22)
(0.610311 0.610097 -1.11405e-21)
(0.618636 0.53075 -1.01802e-21)
(0.717964 0.269304 1.13169e-21)
(0.853449 -0.0281731 2.94653e-21)
(0.934426 -0.24422 -2.66798e-21)
(0.948223 -0.348289 -1.03517e-22)
(0.947129 -0.346943 4.48696e-22)
(0.917484 -0.327261 -8.03297e-23)
(0.830228 -0.329747 1.02902e-22)
(0.763363 -0.270774 2.97375e-23)
(0.769574 -0.105861 -2.03441e-22)
(0.77217 0.113165 3.37099e-22)
(0.739012 0.302595 -9.66962e-23)
(0.682733 0.412113 -3.98356e-24)
(0.694317 0.357493 6.23416e-22)
(0.769478 0.175311 -6.06377e-22)
(0.852121 -0.0215335 3.80441e-23)
(0.908615 -0.168918 -1.68474e-22)
(0.924735 -0.197103 3.29686e-22)
(0.934121 -0.217623 2.61642e-23)
(0.829732 -0.178436 1.46906e-23)
(0.745454 -0.0983504 4.21161e-23)
(0.696909 -0.00365774 2.01511e-23)
(0.623813 0.186204 2.40276e-24)
(0.703693 0.141715 -1.18915e-23)
(0.699723 0.04195 1.01357e-21)
(0.683035 0.0480204 -2.31237e-20)
(0.677614 0.0384016 4.36375e-21)
(0.674952 0.0278682 4.18712e-21)
(0.685137 0.0089545 5.25202e-21)
(0.697305 -0.017018 1.8998e-20)
(0.711619 -0.0538513 -4.0735e-21)
(0.717514 -0.0956349 -1.97905e-20)
(0.711213 -0.136745 -3.42656e-22)
(0.687946 -0.168115 2.93415e-21)
(0.649163 -0.184986 1.05618e-20)
(0.594878 -0.184151 -5.05614e-21)
(0.528524 -0.165418 -4.44759e-21)
(0.455345 -0.126582 2.26978e-21)
(0.389389 -0.0645724 9.04901e-22)
(0.349398 0.022718 2.7249e-22)
(0.350396 0.128073 -1.04886e-21)
(0.396809 0.23106 -1.95901e-22)
(0.483803 0.298924 -3.50618e-21)
(0.600289 0.296086 8.80681e-21)
(0.744646 0.197763 -1.22346e-20)
(0.889639 0.0227928 1.18648e-20)
(0.997082 -0.170242 -2.04092e-21)
(1.04743 -0.327892 -5.37004e-22)
(1.04887 -0.417994 -3.11999e-21)
(1.01791 -0.446977 4.32464e-21)
(0.949171 -0.442737 -2.07648e-21)
(0.88848 -0.397624 3.05352e-23)
(0.834765 -0.338053 -8.93287e-22)
(0.717507 -0.317712 -7.51172e-23)
(0.590425 -0.278682 -1.34695e-22)
(0.574855 -0.13567 2.09225e-22)
(0.634647 0.0770041 -2.71283e-22)
(0.673713 0.29463 1.73146e-21)
(0.653354 0.494946 -2.87244e-21)
(0.609941 0.610523 -1.62685e-22)
(0.620272 0.532258 1.86695e-21)
(0.722792 0.26997 -5.02426e-22)
(0.859107 -0.0278736 -2.98512e-23)
(0.940235 -0.243373 -1.20095e-21)
(0.952837 -0.347632 -6.5608e-23)
(0.949904 -0.346447 7.78646e-22)
(0.921249 -0.325012 -3.09469e-22)
(0.834773 -0.326969 4.24212e-23)
(0.765341 -0.270874 -5.33774e-25)
(0.768499 -0.108256 -1.24506e-22)
(0.769778 0.111459 1.90898e-22)
(0.736559 0.302662 -1.38428e-22)
(0.68105 0.412619 -3.04971e-22)
(0.695051 0.356911 -3.90368e-22)
(0.773285 0.173941 2.16852e-22)
(0.856678 -0.0227864 -8.52731e-23)
(0.911994 -0.16962 4.29218e-23)
(0.926841 -0.19741 -4.52254e-23)
(0.937431 -0.216134 -1.90618e-23)
(0.833969 -0.175602 -1.18821e-23)
(0.74758 -0.0964391 -6.36294e-23)
(0.696864 -0.0020271 -1.3897e-23)
(0.622497 0.186003 -3.70065e-23)
(0.705926 0.140496 4.68403e-24)
(0.779667 0.0459252 0)
(0.753777 0.0497546 0)
(0.74015 0.0392529 0)
(0.732529 0.0278016 0)
(0.738321 0.00858765 0)
(0.74659 -0.0168859 0)
(0.756963 -0.0522118 0)
(0.759411 -0.0918992 0)
(0.75047 -0.130873 0)
(0.725738 -0.16058 0)
(0.686511 -0.176429 0)
(0.632647 -0.175203 0)
(0.567078 -0.156825 0)
(0.494206 -0.11957 0)
(0.427128 -0.0608414 0)
(0.385112 0.0218423 0)
(0.38464 0.122169 0)
(0.430303 0.220948 0)
(0.516251 0.286478 0)
(0.632228 0.283417 0)
(0.774755 0.187462 0)
(0.912798 0.0172052 0)
(1.01434 -0.169934 0)
(1.06171 -0.323764 0)
(1.06041 -0.412515 0)
(1.02834 -0.440719 0)
(0.958711 -0.437007 0)
(0.895183 -0.393776 0)
(0.8436 -0.332506 0)
(0.730464 -0.30982 0)
(0.599252 -0.275679 0)
(0.575143 -0.140609 0)
(0.631796 0.0698423 0)
(0.669852 0.290615 0)
(0.650067 0.494402 0)
(0.609454 0.610585 0)
(0.623485 0.530256 0)
(0.730032 0.266256 0)
(0.866233 -0.0303505 0)
(0.947323 -0.243137 0)
(0.958581 -0.346506 0)
(0.953337 -0.345262 0)
(0.925812 -0.321874 0)
(0.840407 -0.323125 0)
(0.767909 -0.270186 0)
(0.767205 -0.110028 0)
(0.766756 0.110648 0)
(0.733334 0.303727 0)
(0.678949 0.413307 0)
(0.696362 0.355298 0)
(0.778328 0.171198 0)
(0.862451 -0.024936 0)
(0.91627 -0.170608 0)
(0.929448 -0.197744 0)
(0.941418 -0.214243 0)
(0.839227 -0.171966 0)
(0.750386 -0.0939014 0)
(0.697058 0.000179197 0)
(0.621271 0.185785 0)
(0.708883 0.138938 0)
(0.871101 0.0582917 0)
(0.840603 0.0547687 0)
(0.818207 0.0414967 0)
(0.804604 0.0280869 0)
(0.804909 0.00762734 0)
(0.808356 -0.0183856 0)
(0.813975 -0.0532021 0)
(0.812334 -0.0914924 0)
(0.800167 -0.12844 0)
(0.773392 -0.155979 0)
(0.733178 -0.169754 0)
(0.679406 -0.166734 0)
(0.614692 -0.147087 0)
(0.542593 -0.109737 0)
(0.474753 -0.0529713 0)
(0.430422 0.0254426 0)
(0.427828 0.120053 0)
(0.472171 0.213277 0)
(0.556728 0.274432 0)
(0.672165 0.268268 0)
(0.811476 0.171599 0)
(0.942068 0.00301366 0)
(1.03836 -0.178716 0)
(1.08165 -0.326984 0)
(1.07518 -0.411254 0)
(1.03978 -0.435778 0)
(0.968587 -0.430273 0)
(0.901723 -0.387862 0)
(0.851653 -0.324854 0)
(0.743583 -0.298872 0)
(0.609644 -0.268085 0)
(0.57608 -0.140839 0)
(0.628218 0.0666616 0)
(0.66502 0.290013 0)
(0.646295 0.49647 0)
(0.609237 0.611196 0)
(0.628102 0.5255 0)
(0.739279 0.257111 0)
(0.875626 -0.0387311 0)
(0.956931 -0.246838 0)
(0.966189 -0.346815 0)
(0.95749 -0.344085 0)
(0.930543 -0.318215 0)
(0.846463 -0.318024 0)
(0.770936 -0.267539 0)
(0.765718 -0.109601 0)
(0.763081 0.111835 0)
(0.729462 0.306236 0)
(0.676541 0.414267 0)
(0.698305 0.352461 0)
(0.784657 0.166621 0)
(0.869732 -0.0286191 0)
(0.921765 -0.172349 0)
(0.932691 -0.198369 0)
(0.945984 -0.212094 0)
(0.845448 -0.167414 0)
(0.754024 -0.0904946 0)
(0.697739 0.00316906 0)
(0.62046 0.185578 0)
(0.712808 0.136951 0)
(0.957512 0.0710476 0)
(0.925124 0.0612446 0)
(0.896503 0.0450172 0)
(0.877735 0.0294774 0)
(0.872801 0.00769411 0)
(0.871511 -0.0189771 0)
(0.872458 -0.053472 0)
(0.866814 -0.090602 0)
(0.85141 -0.125792 0)
(0.822453 -0.151448 0)
(0.781043 -0.163421 0)
(0.727198 -0.158837 0)
(0.663387 -0.138034 0)
(0.592477 -0.100493 0)
(0.524471 -0.045429 0)
(0.478019 0.028949 0)
(0.472867 0.118276 0)
(0.515244 0.206313 0)
(0.598146 0.263245 0)
(0.712886 0.253904 0)
(0.8484 0.156466 0)
(0.97264 -0.00877151 0)
(1.06421 -0.186552 0)
(1.10268 -0.329163 0)
(1.09022 -0.409201 0)
(1.05083 -0.430539 0)
(0.978109 -0.423526 0)
(0.907903 -0.382235 0)
(0.858636 -0.317686 0)
(0.755804 -0.288054 0)
(0.620402 -0.260199 0)
(0.577653 -0.140819 0)
(0.624596 0.0636941 0)
(0.660111 0.289924 0)
(0.642755 0.499006 0)
(0.60934 0.611808 0)
(0.633494 0.520067 0)
(0.749137 0.247241 0)
(0.885932 -0.0471172 0)
(0.967261 -0.250332 0)
(0.974277 -0.34686 0)
(0.96175 -0.342856 0)
(0.934973 -0.314595 0)
(0.852329 -0.312835 0)
(0.774075 -0.264746 0)
(0.764301 -0.109033 0)
(0.759353 0.113235 0)
(0.725561 0.308923 0)
(0.674235 0.415129 0)
(0.700644 0.349229 0)
(0.791329 0.161712 0)
(0.877459 -0.0323668 0)
(0.927671 -0.174016 0)
(0.936094 -0.198987 0)
(0.950449 -0.209982 0)
(0.85175 -0.162758 0)
(0.758041 -0.0868798 0)
(0.698907 0.0063047 0)
(0.62033 0.185307 0)
(0.71725 0.13481 0)
(1.03621 0.0828606 0)
(1.00426 0.0682293 0)
(0.97241 0.0494146 0)
(0.949889 0.0318058 0)
(0.940392 0.00868985 0)
(0.934686 -0.0186063 0)
(0.931137 -0.052737 0)
(0.921575 -0.0887369 0)
(0.902934 -0.122278 0)
(0.871733 -0.146226 0)
(0.829062 -0.15662 0)
(0.775146 -0.150724 0)
(0.71241 -0.128989 0)
(0.643198 -0.0913553 0)
(0.575814 -0.037952 0)
(0.52772 0.0323963 0)
(0.519756 0.11622 0)
(0.559554 0.198966 0)
(0.640549 0.251737 0)
(0.75423 0.23966 0)
(0.885535 0.142147 0)
(1.00434 -0.0201697 0)
(1.09098 -0.193268 0)
(1.12384 -0.330261 0)
(1.10503 -0.406306 0)
(1.06143 -0.424802 0)
(0.987391 -0.416411 0)
(0.913984 -0.376442 0)
(0.86503 -0.310722 0)
(0.767578 -0.277303 0)
(0.631663 -0.251956 0)
(0.579892 -0.140645 0)
(0.621003 0.0603775 0)
(0.655206 0.289348 0)
(0.639514 0.501101 0)
(0.609813 0.612036 0)
(0.639761 0.5144 0)
(0.759757 0.2375 0)
(0.897098 -0.0552185 0)
(0.978051 -0.253522 0)
(0.982692 -0.346584 0)
(0.96612 -0.341453 0)
(0.939244 -0.310941 0)
(0.85816 -0.307521 0)
(0.777382 -0.261783 0)
(0.762964 -0.10846 0)
(0.755593 0.114519 0)
(0.721647 0.31149 0)
(0.672072 0.415795 0)
(0.703401 0.345739 0)
(0.798344 0.156663 0)
(0.885602 -0.0360731 0)
(0.933951 -0.175552 0)
(0.939652 -0.199559 0)
(0.954821 -0.207889 0)
(0.858151 -0.158004 0)
(0.762461 -0.0830788 0)
(0.700595 0.0095834 0)
(0.620949 0.184944 0)
(0.722246 0.132518 0)
(1.10533 0.0933633 0)
(1.07573 0.0752573 0)
(1.04346 0.0543007 0)
(1.01893 0.0348053 0)
(1.00591 0.0104094 0)
(0.996376 -0.0174973 0)
(0.988679 -0.0512741 0)
(0.975394 -0.0862026 0)
(0.953617 -0.118185 0)
(0.920233 -0.140539 0)
(0.876373 -0.149488 0)
(0.822508 -0.142431 0)
(0.761086 -0.119891 0)
(0.694106 -0.0821725 0)
(0.628238 -0.0302734 0)
(0.579244 0.0361606 0)
(0.568437 0.114338 0)
(0.605127 0.191535 0)
(0.683952 0.239955 0)
(0.796028 0.225337 0)
(0.922927 0.12811 0)
(1.0369 -0.0313827 0)
(1.11805 -0.199488 0)
(1.14465 -0.330713 0)
(1.11939 -0.402781 0)
(1.07153 -0.418641 0)
(0.996424 -0.408901 0)
(0.920051 -0.370344 0)
(0.871027 -0.303844 0)
(0.779063 -0.266547 0)
(0.643486 -0.243121 0)
(0.582876 -0.139832 0)
(0.617533 0.0571839 0)
(0.650389 0.288524 0)
(0.636633 0.502803 0)
(0.610724 0.611809 0)
(0.646982 0.508339 0)
(0.771312 0.227536 0)
(0.909076 -0.0634491 0)
(0.989182 -0.256666 0)
(0.991373 -0.346063 0)
(0.970601 -0.339857 0)
(0.94341 -0.307243 0)
(0.864013 -0.302055 0)
(0.780895 -0.258521 0)
(0.761729 -0.107671 0)
(0.751823 0.115851 0)
(0.717734 0.314003 0)
(0.670097 0.416259 0)
(0.706592 0.341934 0)
(0.805698 0.151382 0)
(0.894131 -0.0398283 0)
(0.940585 -0.176991 0)
(0.943369 -0.200083 0)
(0.9591 -0.205818 0)
(0.864653 -0.153149 0)
(0.767311 -0.079077 0)
(0.702837 0.0130196 0)
(0.622383 0.184492 0)
(0.727834 0.130072 0)
(1.16411 0.102366 0)
(1.13804 0.0819448 0)
(1.10762 0.0593168 0)
(1.08287 0.0382266 0)
(1.06758 0.0127054 0)
(1.05505 -0.0157558 0)
(1.04375 -0.049184 0)
(1.0271 -0.0830995 0)
(1.00243 -0.113613 0)
(0.967067 -0.134484 0)
(0.922216 -0.142121 0)
(0.86862 -0.134054 0)
(0.80879 -0.110845 0)
(0.744554 -0.0730593 0)
(0.681131 -0.0224805 0)
(0.632199 0.0402714 0)
(0.618794 0.112845 0)
(0.651997 0.184295 0)
(0.72834 0.228132 0)
(0.838131 0.211015 0)
(0.960622 0.114215 0)
(1.07002 -0.0422937 0)
(1.14498 -0.205213 0)
(1.16481 -0.33049 0)
(1.13318 -0.398605 0)
(1.08108 -0.412059 0)
(1.00517 -0.401018 0)
(0.926133 -0.363938 0)
(0.876705 -0.297052 0)
(0.790294 -0.255832 0)
(0.655883 -0.233692 0)
(0.586706 -0.13825 0)
(0.614316 0.0543219 0)
(0.645757 0.287663 0)
(0.634167 0.504268 0)
(0.612149 0.611132 0)
(0.655202 0.501695 0)
(0.783974 0.217118 0)
(0.921843 -0.0718888 0)
(1.0006 -0.259772 0)
(1.00029 -0.345287 0)
(0.975196 -0.338053 0)
(0.947487 -0.303502 0)
(0.869904 -0.296441 0)
(0.784642 -0.254937 0)
(0.760626 -0.106604 0)
(0.748066 0.117319 0)
(0.713838 0.316518 0)
(0.668362 0.416511 0)
(0.710228 0.337756 0)
(0.813392 0.145811 0)
(0.903016 -0.0436606 0)
(0.947554 -0.178331 0)
(0.947252 -0.20055 0)
(0.963286 -0.203769 0)
(0.871254 -0.148203 0)
(0.772613 -0.0748733 0)
(0.705666 0.0166146 0)
(0.624702 0.183951 0)
(0.734054 0.127472 0)
(1.21237 0.109797 0)
(1.19046 0.0879593 0)
(1.1635 0.0641405 0)
(1.14009 0.0418175 0)
(1.12383 0.0154152 0)
(1.10927 -0.0134747 0)
(1.09509 -0.0465148 0)
(1.0756 -0.0794497 0)
(1.04845 -0.108577 0)
(1.01144 -0.12808 0)
(0.965906 -0.134549 0)
(0.912872 -0.12564 0)
(0.854933 -0.101931 0)
(0.793899 -0.0641503 0)
(0.733814 -0.0147423 0)
(0.686062 0.0446141 0)
(0.67061 0.111743 0)
(0.700171 0.177323 0)
(0.773671 0.216388 0)
(0.880449 0.196788 0)
(0.998613 0.10051 0)
(1.10337 -0.0528114 0)
(1.17141 -0.210302 0)
(1.1841 -0.329514 0)
(1.14628 -0.393748 0)
(1.09004 -0.405056 0)
(1.01359 -0.392784 0)
(0.932242 -0.357219 0)
(0.882103 -0.290346 0)
(0.801257 -0.245212 0)
(0.668835 -0.223718 0)
(0.591488 -0.13588 0)
(0.611507 0.0518227 0)
(0.641428 0.286784 0)
(0.632166 0.50552 0)
(0.614176 0.609978 0)
(0.664469 0.494385 0)
(0.797888 0.20624 0)
(0.935391 -0.0804765 0)
(1.01225 -0.262798 0)
(1.0094 -0.344233 0)
(0.979907 -0.33602 0)
(0.951477 -0.299714 0)
(0.875833 -0.290689 0)
(0.788642 -0.251029 0)
(0.759691 -0.105249 0)
(0.74435 0.118931 0)
(0.709978 0.319035 0)
(0.666923 0.41653 0)
(0.714321 0.333181 0)
(0.821424 0.139943 0)
(0.912227 -0.0475661 0)
(0.954844 -0.179561 0)
(0.951311 -0.200944 0)
(0.967374 -0.201743 0)
(0.877942 -0.143178 0)
(0.778386 -0.0704747 0)
(0.709114 0.0203614 0)
(0.627973 0.183317 0)
(0.740946 0.124719 0)
(1.25044 0.115623 0)
(1.23295 0.0930699 0)
(1.21037 0.0685151 0)
(1.18948 0.0453383 0)
(1.17344 0.0183507 0)
(1.15785 -0.0107836 0)
(1.14162 -0.0433517 0)
(1.11994 -0.0753093 0)
(1.09086 -0.103118 0)
(1.05266 -0.121365 0)
(1.00684 -0.126814 0)
(0.954715 -0.117239 0)
(0.898974 -0.0932146 0)
(0.841525 -0.0555569 0)
(0.78557 -0.00722127 0)
(0.740179 0.0490499 0)
(0.723519 0.110978 0)
(0.749575 0.170636 0)
(0.819862 0.204789 0)
(0.92294 0.182716 0)
(1.03682 0.087049 0)
(1.13658 -0.0628441 0)
(1.19701 -0.214647 0)
(1.20232 -0.327741 0)
(1.15859 -0.388199 0)
(1.09836 -0.397635 0)
(1.02163 -0.384219 0)
(0.938387 -0.350183 0)
(0.887246 -0.283719 0)
(0.811916 -0.234739 0)
(0.682305 -0.213245 0)
(0.597323 -0.132695 0)
(0.609275 0.0497104 0)
(0.637529 0.285859 0)
(0.630681 0.50652 0)
(0.616913 0.608297 0)
(0.674857 0.486372 0)
(0.81316 0.194931 0)
(0.949715 -0.0891553 0)
(1.02412 -0.26571 0)
(1.0187 -0.342883 0)
(0.984735 -0.333738 0)
(0.955375 -0.295878 0)
(0.881789 -0.284809 0)
(0.79291 -0.246789 0)
(0.758959 -0.103593 0)
(0.740703 0.120685 0)
(0.706177 0.321533 0)
(0.665842 0.416289 0)
(0.718888 0.328197 0)
(0.829793 0.13378 0)
(0.921737 -0.0515416 0)
(0.962439 -0.180668 0)
(0.955555 -0.201249 0)
(0.971359 -0.199738 0)
(0.884702 -0.138091 0)
(0.784649 -0.0658895 0)
(0.713212 0.0242512 0)
(0.632266 0.182583 0)
(0.748547 0.121814 0)
(1.27915 0.119893 0)
(1.26598 0.0971577 0)
(1.24813 0.0722667 0)
(1.23051 0.0485891 0)
(1.21564 0.0213265 0)
(1.19994 -0.00783322 0)
(1.18252 -0.0398125 0)
(1.15939 -0.0707704 0)
(1.129 -0.0973127 0)
(1.09015 -0.114406 0)
(1.04451 -0.118976 0)
(0.993672 -0.108906 0)
(0.940433 -0.0847578 0)
(0.88687 -0.0473769 0)
(0.83568 -7.59512e-05 0)
(0.79379 0.0534256 0)
(0.776994 0.110474 0)
(0.8 0.164248 0)
(0.866763 0.193409 0)
(0.965568 0.168857 0)
(1.07509 0.0738804 0)
(1.16928 -0.0722947 0)
(1.22148 -0.218162 0)
(1.21928 -0.325142 0)
(1.17002 -0.38196 0)
(1.10603 -0.389805 0)
(1.02926 -0.375352 0)
(0.944573 -0.342825 0)
(0.892162 -0.27716 0)
(0.822225 -0.224463 0)
(0.69624 -0.202326 0)
(0.604305 -0.128667 0)
(0.607801 0.04803 0)
(0.634193 0.284879 0)
(0.629763 0.507226 0)
(0.620478 0.606034 0)
(0.686474 0.477613 0)
(0.829861 0.183203 0)
(0.964813 -0.0978757 0)
(1.03618 -0.268477 0)
(1.02814 -0.341221 0)
(0.989678 -0.331186 0)
(0.959174 -0.291989 0)
(0.887761 -0.278811 0)
(0.797461 -0.242212 0)
(0.758467 -0.101615 0)
(0.737157 0.12259 0)
(0.702466 0.323998 0)
(0.665184 0.415761 0)
(0.723955 0.322793 0)
(0.838504 0.127318 0)
(0.931519 -0.0555869 0)
(0.970322 -0.181645 0)
(0.959995 -0.201449 0)
(0.975235 -0.197755 0)
(0.891512 -0.132959 0)
(0.791415 -0.0611279 0)
(0.717988 0.0282732 0)
(0.637647 0.181742 0)
(0.756895 0.11876 0)
(1.29965 0.122755 0)
(1.29045 0.100201 0)
(1.27722 0.0753034 0)
(1.26319 0.0514281 0)
(1.25013 0.0241845 0)
(1.23509 -0.00477338 0)
(1.21728 -0.036028 0)
(1.19344 -0.0659434 0)
(1.16242 -0.0912559 0)
(1.1235 -0.107285 0)
(1.07851 -0.111106 0)
(1.02936 -0.100706 0)
(0.978902 -0.0766214 0)
(0.929437 -0.0396955 0)
(0.883465 0.00655475 0)
(0.846075 0.0575725 0)
(0.830349 0.110118 0)
(0.851051 0.158154 0)
(0.914118 0.182315 0)
(1.00824 0.15527 0)
(1.11313 0.061075 0)
(1.20107 -0.0810552 0)
(1.24454 -0.220766 0)
(1.23483 -0.3217 0)
(1.18049 -0.375039 0)
(1.11302 -0.381579 0)
(1.03644 -0.366212 0)
(0.950802 -0.335148 0)
(0.896881 -0.270653 0)
(0.832139 -0.214433 0)
(0.710577 -0.191027 0)
(0.612517 -0.123777 0)
(0.607272 0.0468328 0)
(0.631557 0.283851 0)
(0.629472 0.507608 0)
(0.624993 0.603131 0)
(0.699463 0.468054 0)
(0.848027 0.171062 0)
(0.980677 -0.106582 0)
(1.04839 -0.271065 0)
(1.03769 -0.33923 0)
(0.994737 -0.328343 0)
(0.962869 -0.288042 0)
(0.893731 -0.272707 0)
(0.802305 -0.237293 0)
(0.758254 -0.0992948 0)
(0.733745 0.124658 0)
(0.698884 0.326415 0)
(0.665015 0.414919 0)
(0.729555 0.316954 0)
(0.847565 0.120555 0)
(0.941552 -0.0597015 0)
(0.978474 -0.182481 0)
(0.964642 -0.201526 0)
(0.978999 -0.195789 0)
(0.898349 -0.127798 0)
(0.798694 -0.0562023 0)
(0.72347 0.032415 0)
(0.64418 0.180787 0)
(0.766023 0.115561 0)
(1.31328 0.124406 0)
(1.30751 0.102252 0)
(1.29849 0.0776049 0)
(1.28802 0.0537752 0)
(1.2771 0.0268071 0)
(1.26325 -0.00173758 0)
(1.24573 -0.032126 0)
(1.22186 -0.0609447 0)
(1.19086 -0.0850508 0)
(1.15245 -0.10009 0)
(1.1086 -0.103283 0)
(1.06149 -0.0927021 0)
(1.01406 -0.0688609 0)
(0.968827 -0.0325815 0)
(0.928321 0.0125526 0)
(0.896203 0.0613168 0)
(0.882764 0.109763 0)
(0.902127 0.152314 0)
(0.961537 0.17156 0)
(1.05073 0.142023 0)
(1.15059 0.0487282 0)
(1.23149 -0.0890106 0)
(1.26588 -0.22239 0)
(1.2488 -0.317411 0)
(1.18992 -0.367458 0)
(1.11933 -0.372975 0)
(1.04313 -0.356833 0)
(0.957073 -0.327158 0)
(0.901443 -0.264178 0)
(0.841611 -0.204695 0)
(0.725241 -0.179422 0)
(0.622026 -0.118022 0)
(0.607882 0.0461688 0)
(0.629758 0.282795 0)
(0.629877 0.507643 0)
(0.630568 0.599524 0)
(0.713979 0.457638 0)
(0.867666 0.158524 0)
(0.997291 -0.115212 0)
(1.06071 -0.273434 0)
(1.04732 -0.336895 0)
(0.999909 -0.325189 0)
(0.966454 -0.284031 0)
(0.899683 -0.266511 0)
(0.807454 -0.232031 0)
(0.75836 -0.0966108 0)
(0.730503 0.126902 0)
(0.695479 0.328767 0)
(0.665403 0.413735 0)
(0.735734 0.310669 0)
(0.856996 0.113488 0)
(0.951817 -0.0638833 0)
(0.986876 -0.18317 0)
(0.969504 -0.201464 0)
(0.982646 -0.193836 0)
(0.905183 -0.12263 0)
(0.806489 -0.0511279 0)
(0.72968 0.0366612 0)
(0.651926 0.179711 0)
(0.77596 0.112223 0)
(1.32139 0.125062 0)
(1.31843 0.103416 0)
(1.313 0.0792072 0)
(1.30579 0.0556074 0)
(1.2971 0.02912 0)
(1.28476 0.00118628 0)
(1.26802 -0.0282184 0)
(1.24471 -0.0558862 0)
(1.21432 -0.0788012 0)
(1.17693 -0.0929143 0)
(1.13466 -0.0955817 0)
(1.0899 -0.084958 0)
(1.04571 -0.0615243 0)
(1.00474 -0.0260843 0)
(0.969756 0.017819 0)
(0.943398 0.0644968 0)
(0.933342 0.109241 0)
(0.952436 0.146657 0)
(1.00846 0.161165 0)
(1.09265 0.129186 0)
(1.18694 0.0369538 0)
(1.26006 -0.0960487 0)
(1.28522 -0.222983 0)
(1.26106 -0.312285 0)
(1.19825 -0.359249 0)
(1.12497 -0.364013 0)
(1.04932 -0.347252 0)
(0.963379 -0.318866 0)
(0.905895 -0.257713 0)
(0.850599 -0.195291 0)
(0.740146 -0.1676 0)
(0.632882 -0.111414 0)
(0.609818 0.0460858 0)
(0.628928 0.281732 0)
(0.631064 0.507304 0)
(0.637313 0.595139 0)
(0.730169 0.446314 0)
(0.888756 0.145617 0)
(1.01463 -0.123695 0)
(1.07312 -0.275542 0)
(1.05698 -0.334202 0)
(1.00519 -0.321704 0)
(0.969924 -0.279951 0)
(0.905598 -0.260239 0)
(0.812915 -0.226426 0)
(0.758826 -0.0935431 0)
(0.727473 0.129333 0)
(0.692309 0.331037 0)
(0.666413 0.412178 0)
(0.742549 0.303928 0)
(0.866824 0.106121 0)
(0.962298 -0.0681287 0)
(0.995504 -0.183704 0)
(0.97459 -0.201244 0)
(0.986175 -0.191892 0)
(0.911983 -0.117475 0)
(0.814801 -0.0459225 0)
(0.736639 0.0409936 0)
(0.660939 0.178506 0)
(0.78673 0.108754 0)
(1.32521 0.124932 0)
(1.32444 0.10383 0)
(1.32192 0.0801849 0)
(1.31753 0.0569464 0)
(1.31094 0.0310916 0)
(1.30022 0.00392992 0)
(1.28461 -0.0243963 0)
(1.26228 -0.0508668 0)
(1.23296 -0.0726031 0)
(1.19705 -0.0858425 0)
(1.15672 -0.0880746 0)
(1.11457 -0.0775292 0)
(1.07373 -0.0546505 0)
(1.037 -0.0202342 0)
(1.00741 0.0222917 0)
(0.986998 0.0669789 0)
(0.981182 0.108385 0)
(1.00105 0.141084 0)
(1.05417 0.151127 0)
(1.13344 0.116824 0)
(1.22159 0.0258758 0)
(1.28631 -0.10207 0)
(1.3023 -0.222515 0)
(1.27151 -0.306352 0)
(1.20544 -0.350455 0)
(1.12993 -0.35472 0)
(1.05497 -0.337506 0)
(0.969709 -0.310289 0)
(0.910293 -0.25123 0)
(0.859069 -0.186258 0)
(0.755192 -0.155659 0)
(0.645111 -0.103983 0)
(0.613263 0.046629 0)
(0.629199 0.280692 0)
(0.633135 0.506566 0)
(0.645334 0.589899 0)
(0.748154 0.434033 0)
(0.911243 0.132379 0)
(1.03264 -0.131958 0)
(1.08557 -0.277345 0)
(1.06662 -0.331135 0)
(1.01058 -0.317868 0)
(0.973277 -0.275794 0)
(0.911455 -0.253907 0)
(0.818695 -0.220482 0)
(0.759695 -0.0900721 0)
(0.724701 0.131963 0)
(0.689442 0.333203 0)
(0.668113 0.410218 0)
(0.750067 0.29672 0)
(0.87709 0.098458 0)
(0.972984 -0.0724315 0)
(1.00433 -0.184075 0)
(0.979905 -0.200848 0)
(0.989585 -0.189948 0)
(0.918715 -0.112357 0)
(0.823621 -0.0406074 0)
(0.744365 0.0453912 0)
(0.671267 0.177163 0)
(0.798351 0.105161 0)
(1.32583 0.124201 0)
(1.32669 0.103637 0)
(1.32642 0.0806331 0)
(1.32434 0.0578446 0)
(1.31958 0.0327268 0)
(1.31044 0.00644148 0)
(1.29611 -0.0207273 0)
(1.27506 -0.0459666 0)
(1.24718 -0.0665385 0)
(1.21306 -0.0789503 0)
(1.17496 -0.0808237 0)
(1.13559 -0.0704618 0)
(1.09814 -0.0482673 0)
(1.06553 -0.0150423 0)
(1.04107 0.0259446 0)
(1.0265 0.0686684 0)
(1.02546 0.107044 0)
(1.04697 0.135481 0)
(1.09781 0.141414 0)
(1.17235 0.104999 0)
(1.25384 0.0156061 0)
(1.30976 -0.107 0)
(1.3169 -0.220985 0)
(1.28008 -0.299656 0)
(1.21148 -0.341133 0)
(1.13425 -0.345124 0)
(1.0601 -0.327635 0)
(0.976041 -0.301449 0)
(0.914698 -0.244702 0)
(0.866994 -0.177625 0)
(0.770267 -0.143705 0)
(0.658712 -0.0957773 0)
(0.618383 0.0478398 0)
(0.630699 0.279707 0)
(0.636211 0.505401 0)
(0.654751 0.58372 0)
(0.768013 0.420756 0)
(0.935044 0.118858 0)
(1.05126 -0.139923 0)
(1.098 -0.278794 0)
(1.07619 -0.327683 0)
(1.01607 -0.313664 0)
(0.976512 -0.27155 0)
(0.917233 -0.247535 0)
(0.824796 -0.214206 0)
(0.761008 -0.086179 0)
(0.722243 0.134802 0)
(0.686956 0.335243 0)
(0.67057 0.407821 0)
(0.758368 0.289038 0)
(0.887844 0.0905089 0)
(0.983867 -0.0767826 0)
(1.01333 -0.184278 0)
(0.985452 -0.200259 0)
(0.99288 -0.187997 0)
(0.92534 -0.107299 0)
(0.832933 -0.0352068 0)
(0.752871 0.0498299 0)
(0.682949 0.175674 0)
(0.810829 0.101455 0)
(1.32414 0.123024 0)
(1.32618 0.102975 0)
(1.32755 0.0806527 0)
(1.32725 0.0583719 0)
(1.32402 0.0340536 0)
(1.3163 0.00871468 0)
(1.30329 -0.017251 0)
(1.28368 -0.0412435 0)
(1.25744 -0.0606716 0)
(1.22535 -0.0722983 0)
(1.18965 -0.0738784 0)
(1.15314 -0.0637896 0)
(1.11906 -0.0423898 0)
(1.0904 -0.0105034 0)
(1.07067 0.0287848 0)
(1.06159 0.0695169 0)
(1.06551 0.105106 0)
(1.08929 0.129738 0)
(1.13848 0.131978 0)
(1.20854 0.0937558 0)
(1.28301 0.00625457 0)
(1.32998 -0.110796 0)
(1.32885 -0.21842 0)
(1.28674 -0.29226 0)
(1.21634 -0.331347 0)
(1.13797 -0.335258 0)
(1.06469 -0.317675 0)
(0.98235 -0.292377 0)
(0.919178 -0.238095 0)
(0.874362 -0.169412 0)
(0.78525 -0.131855 0)
(0.673657 -0.0868666 0)
(0.625328 0.0497532 0)
(0.633562 0.278814 0)
(0.640422 0.503783 0)
(0.665709 0.576519 0)
(0.789781 0.406453 0)
(0.960042 0.105113 0)
(1.07042 -0.147509 0)
(1.11037 -0.27984 0)
(1.08563 -0.323835 0)
(1.02166 -0.309076 0)
(0.979633 -0.26721 0)
(0.922908 -0.241142 0)
(0.83122 -0.207609 0)
(0.762811 -0.0818468 0)
(0.72016 0.137862 0)
(0.684934 0.337132 0)
(0.673858 0.404951 0)
(0.767546 0.280874 0)
(0.899146 0.0822867 0)
(0.994941 -0.0811692 0)
(1.02247 -0.184304 0)
(0.991233 -0.199457 0)
(0.996065 -0.186025 0)
(0.93182 -0.102325 0)
(0.842713 -0.0297488 0)
(0.762167 0.0542819 0)
(0.696012 0.174028 0)
(0.824164 0.0976481 0)
(1.32084 0.121525 0)
(1.3237 0.101962 0)
(1.32621 0.0803388 0)
(1.32724 0.0586027 0)
(1.3252 0.035115 0)
(1.3187 0.0107621 0)
(1.30696 -0.0139846 0)
(1.28882 -0.0367341 0)
(1.26434 -0.0550473 0)
(1.23439 -0.0659306 0)
(1.20116 -0.0672739 0)
(1.16752 -0.057533 0)
(1.1367 -0.0370205 0)
(1.11174 -0.00659336 0)
(1.09629 0.0308486 0)
(1.09216 0.0695229 0)
(1.10087 0.102504 0)
(1.12722 0.123764 0)
(1.17531 0.122766 0)
(1.24118 0.0831281 0)
(1.30844 -0.00210665 0)
(1.34665 -0.113453 0)
(1.33805 -0.214881 0)
(1.29153 -0.284243 0)
(1.22006 -0.321169 0)
(1.14112 -0.325158 0)
(1.06876 -0.307665 0)
(0.988597 -0.283107 0)
(0.923804 -0.231379 0)
(0.881176 -0.161629 0)
(0.800007 -0.120229 0)
(0.689882 -0.0773405 0)
(0.634228 0.0523955 0)
(0.637925 0.278053 0)
(0.645907 0.501682 0)
(0.678382 0.568214 0)
(0.813456 0.391108 0)
(0.9861 0.0912098 0)
(1.09001 -0.154635 0)
(1.1226 -0.28043 0)
(1.09488 -0.319583 0)
(1.02732 -0.304089 0)
(0.982645 -0.262763 0)
(0.928457 -0.23475 0)
(0.837961 -0.200706 0)
(0.765149 -0.0770609 0)
(0.718527 0.141148 0)
(0.683467 0.338845 0)
(0.678059 0.401572 0)
(0.777707 0.272221 0)
(0.911063 0.0738099 0)
(1.0062 -0.085574 0)
(1.0317 -0.184148 0)
(0.997242 -0.198426 0)
(0.999147 -0.184022 0)
(0.938115 -0.0974606 0)
(0.852925 -0.0242646 0)
(0.772255 0.0587162 0)
(0.710473 0.172217 0)
(0.838343 0.0937544 0)
(1.31646 0.119796 0)
(1.31989 0.100695 0)
(1.32315 0.0797745 0)
(1.32511 0.0586079 0)
(1.32396 0.0359599 0)
(1.31846 0.0126069 0)
(1.30787 -0.010929 0)
(1.29117 -0.0324566 0)
(1.26847 -0.0496924 0)
(1.24068 -0.0598747 0)
(1.20993 -0.0610307 0)
(1.17908 -0.051699 0)
(1.15136 -0.0321494 0)
(1.1298 -0.00327612 0)
(1.11813 0.0321957 0)
(1.11828 0.0687276 0)
(1.13132 0.0992255 0)
(1.16022 0.1175 0)
(1.2076 0.113731 0)
(1.26954 0.0731329 0)
(1.32963 -0.00946778 0)
(1.35957 -0.115013 0)
(1.34451 -0.210454 0)
(1.2945 -0.275695 0)
(1.22267 -0.310678 0)
(1.14374 -0.314862 0)
(1.07235 -0.297636 0)
(0.994741 -0.27368 0)
(0.928643 -0.224522 0)
(0.88746 -0.154269 0)
(0.814397 -0.108951 0)
(0.707287 -0.0673117 0)
(0.645187 0.0557802 0)
(0.643937 0.277466 0)
(0.652809 0.499064 0)
(0.692967 0.558728 0)
(0.839003 0.374724 0)
(1.01305 0.0772257 0)
(1.10991 -0.161217 0)
(1.13465 -0.280512 0)
(1.10387 -0.31492 0)
(1.03306 -0.298694 0)
(0.98556 -0.258196 0)
(0.933855 -0.228379 0)
(0.845012 -0.193515 0)
(0.768067 -0.07181 0)
(0.717422 0.144669 0)
(0.68265 0.340352 0)
(0.683264 0.397642 0)
(0.788966 0.263072 0)
(0.923665 0.0651029 0)
(1.01765 -0.0899743 0)
(1.041 -0.183801 0)
(1.00347 -0.197149 0)
(1.00214 -0.18197 0)
(0.944183 -0.0927301 0)
(0.863523 -0.0187896 0)
(0.783133 0.063098 0)
(0.726332 0.170232 0)
(0.853342 0.0897898 0)
(1.31141 0.117905 0)
(1.31523 0.0992496 0)
(1.31895 0.0790278 0)
(1.32153 0.0584486 0)
(1.32102 0.0366356 0)
(1.31631 0.0142774 0)
(1.30673 -0.00807339 0)
(1.29139 -0.0284144 0)
(1.2704 -0.0446184 0)
(1.24472 -0.054144 0)
(1.2164 -0.0551564 0)
(1.18822 -0.0462829 0)
(1.16338 -0.0277551 0)
(1.1449 -0.000509467 0)
(1.13646 0.0329017 0)
(1.14018 0.0672072 0)
(1.15688 0.0953042 0)
(1.18803 0.110928 0)
(1.23486 0.104845 0)
(1.29308 0.0637719 0)
(1.34627 -0.0158377 0)
(1.36868 -0.115552 0)
(1.34831 -0.205255 0)
(1.29578 -0.266718 0)
(1.22425 -0.299956 0)
(1.1459 -0.304408 0)
(1.07549 -0.287619 0)
(1.00073 -0.264141 0)
(0.933756 -0.217499 0)
(0.893264 -0.147315 0)
(0.828279 -0.0981425 0)
(0.725734 -0.0569157 0)
(0.658282 0.0599044 0)
(0.651755 0.277093 0)
(0.661281 0.495892 0)
(0.709671 0.547989 0)
(0.866362 0.357326 0)
(1.04073 0.0632464 0)
(1.12999 -0.167171 0)
(1.14644 -0.280034 0)
(1.11254 -0.309843 0)
(1.03886 -0.292884 0)
(0.98839 -0.253495 0)
(0.939075 -0.222054 0)
(0.852358 -0.186062 0)
(0.771613 -0.0660869 0)
(0.716934 0.148429 0)
(0.682578 0.341624 0)
(0.689579 0.39312 0)
(0.801446 0.253424 0)
(0.937017 0.056197 0)
(1.02928 -0.0943418 0)
(1.05032 -0.183256 0)
(1.00991 -0.195609 0)
(1.00505 -0.179853 0)
(0.949987 -0.0881576 0)
(0.874449 -0.0133625 0)
(0.794791 0.0673888 0)
(0.743571 0.168064 0)
(0.869122 0.0857722 0)
(1.30596 0.115897 0)
(1.31007 0.0976828 0)
(1.31403 0.0781512 0)
(1.317 0.0581742 0)
(1.31694 0.0371838 0)
(1.31285 0.0158027 0)
(1.30413 -0.00540044 0)
(1.29003 -0.0246014 0)
(1.27068 -0.0398251 0)
(1.24702 -0.0487397 0)
(1.221 -0.0496477 0)
(1.19533 -0.0412704 0)
(1.17312 -0.0238079 0)
(1.15738 0.00176582 0)
(1.15166 0.0330524 0)
(1.15822 0.0650622 0)
(1.17779 0.0908166 0)
(1.21068 0.104068 0)
(1.25691 0.0960979 0)
(1.31155 0.0550357 0)
(1.35829 -0.0212594 0)
(1.37411 -0.115182 0)
(1.3496 -0.199412 0)
(1.29551 -0.257415 0)
(1.22487 -0.289084 0)
(1.14763 -0.293837 0)
(1.07823 -0.277639 0)
(1.00651 -0.254541 0)
(0.939188 -0.210287 0)
(0.898663 -0.140734 0)
(0.84151 -0.0879201 0)
(0.745042 -0.0463106 0)
(0.673556 0.0647438 0)
(0.661535 0.276971 0)
(0.671483 0.492123 0)
(0.728696 0.535936 0)
(0.89546 0.338965 0)
(1.06892 0.0493676 0)
(1.15009 -0.172417 0)
(1.15788 -0.278943 0)
(1.12081 -0.304353 0)
(1.04469 -0.286656 0)
(0.991158 -0.248645 0)
(0.944094 -0.215795 0)
(0.85998 -0.178376 0)
(0.77583 -0.0598896 0)
(0.717157 0.152429 0)
(0.683353 0.342627 0)
(0.697127 0.387959 0)
(0.81527 0.243274 0)
(0.951176 0.047131 0)
(1.04108 -0.0986421 0)
(1.05961 -0.182505 0)
(1.01653 -0.193792 0)
(1.0079 -0.177652 0)
(0.955488 -0.0837655 0)
(0.885635 -0.00802554 0)
(0.807206 0.0715464 0)
(0.762155 0.165704 0)
(0.885629 0.0817214 0)
(1.30032 0.113807 0)
(1.30464 0.096035 0)
(1.3087 0.0771835 0)
(1.31191 0.0578218 0)
(1.31215 0.037638 0)
(1.30853 0.017209 0)
(1.30056 -0.00289133 0)
(1.28758 -0.0210055 0)
(1.26975 -0.0353045 0)
(1.24798 -0.0436547 0)
(1.22414 -0.0444938 0)
(1.20079 -0.0366406 0)
(1.18097 -0.0202722 0)
(1.16761 0.00361112 0)
(1.16411 0.0327372 0)
(1.17283 0.0624066 0)
(1.19445 0.0858675 0)
(1.22843 0.0969791 0)
(1.27384 0.0875062 0)
(1.32498 0.0469064 0)
(1.36584 -0.0258098 0)
(1.3761 -0.114035 0)
(1.34863 -0.193065 0)
(1.29389 -0.247889 0)
(1.22462 -0.278139 0)
(1.14898 -0.283191 0)
(1.08064 -0.267713 0)
(1.01204 -0.24493 0)
(0.944963 -0.202875 0)
(0.903763 -0.134476 0)
(0.853962 -0.0783888 0)
(0.764985 -0.035676 0)
(0.691004 0.0702489 0)
(0.673423 0.277133 0)
(0.683599 0.487711 0)
(0.750228 0.522518 0)
(0.926216 0.319719 0)
(1.09744 0.035696 0)
(1.17002 -0.176873 0)
(1.16891 -0.277192 0)
(1.12861 -0.298453 0)
(1.05053 -0.280013 0)
(0.993888 -0.24363 0)
(0.948886 -0.209624 0)
(0.86785 -0.170491 0)
(0.780762 -0.053222 0)
(0.718184 0.156669 0)
(0.685078 0.343326 0)
(0.706046 0.38211 0)
(0.83055 0.232624 0)
(0.966185 0.037952 0)
(1.05304 -0.102834 0)
(1.06883 -0.181536 0)
(1.02331 -0.191687 0)
(1.01072 -0.175346 0)
(0.960656 -0.0795742 0)
(0.896998 -0.00282387 0)
(0.820348 0.0755247 0)
(0.782026 0.163146 0)
(0.902796 0.0776592 0)
(1.29462 0.111653 0)
(1.29909 0.0943333 0)
(1.30318 0.0761515 0)
(1.3065 0.0574171 0)
(1.30695 0.0380231 0)
(1.30371 0.0185175 0)
(1.29638 -0.000530573 0)
(1.28442 -0.0176134 0)
(1.26799 -0.0310447 0)
(1.24798 -0.0388768 0)
(1.22616 -0.0396785 0)
(1.20494 -0.0323687 0)
(1.18726 -0.0171093 0)
(1.17596 0.00508192 0)
(1.17424 0.0320435 0)
(1.18448 0.0593583 0)
(1.20736 0.0805772 0)
(1.24176 0.0897433 0)
(1.286 0.0791041 0)
(1.3337 0.0393604 0)
(1.3693 -0.0295848 0)
(1.37506 -0.112254 0)
(1.3457 -0.186355 0)
(1.2911 -0.23824 0)
(1.22362 -0.267195 0)
(1.15 -0.27251 0)
(1.08278 -0.257855 0)
(1.01726 -0.235359 0)
(0.951081 -0.195262 0)
(0.908698 -0.12848 0)
(0.865531 -0.0696359 0)
(0.785298 -0.0252094 0)
(0.710565 0.0763407 0)
(0.687545 0.277598 0)
(0.697832 0.482604 0)
(0.77444 0.507702 0)
(0.958543 0.299694 0)
(1.12606 0.0223506 0)
(1.18961 -0.18046 0)
(1.17945 -0.274735 0)
(1.13588 -0.292149 0)
(1.05636 -0.272966 0)
(0.996613 -0.238434 0)
(0.95343 -0.20356 0)
(0.875934 -0.16245 0)
(0.786444 -0.046095 0)
(0.720111 0.161145 0)
(0.687867 0.343677 0)
(0.716493 0.37552 0)
(0.847383 0.221481 0)
(0.982062 0.0287159 0)
(1.06515 -0.106872 0)
(1.07792 -0.180341 0)
(1.03021 -0.189284 0)
(1.01351 -0.172912 0)
(0.965465 -0.0756012 0)
(0.908446 0.00219319 0)
(0.834168 0.0792743 0)
(0.803097 0.160382 0)
(0.920532 0.0736091 0)
(1.28891 0.109449 0)
(1.29353 0.0925949 0)
(1.2976 0.0750727 0)
(1.30096 0.0569764 0)
(1.30156 0.0383559 0)
(1.29863 0.0197434 0)
(1.29187 0.00169608 0)
(1.28084 -0.0144114 0)
(1.2657 -0.0270319 0)
(1.24732 -0.0343912 0)
(1.22735 -0.0351836 0)
(1.20809 -0.0284288 0)
(1.19232 -0.0142807 0)
(1.18277 0.0062342 0)
(1.18244 0.0310537 0)
(1.19366 0.0560305 0)
(1.21709 0.075069 0)
(1.25126 0.0824572 0)
(1.29394 0.070939 0)
(1.33822 0.0323716 0)
(1.36919 -0.0326882 0)
(1.37143 -0.109983 0)
(1.34112 -0.179411 0)
(1.28737 -0.228556 0)
(1.22198 -0.256315 0)
(1.15071 -0.261836 0)
(1.08472 -0.248074 0)
(1.02214 -0.225876 0)
(0.957507 -0.18746 0)
(0.913621 -0.122674 0)
(0.87615 -0.0617245 0)
(0.805676 -0.0151214 0)
(0.732099 0.0829073 0)
(0.703991 0.278369 0)
(0.714401 0.476744 0)
(0.801488 0.491471 0)
(0.992342 0.279031 0)
(1.15455 0.00947013 0)
(1.20862 -0.183105 0)
(1.1894 -0.271531 0)
(1.14253 -0.285452 0)
(1.06215 -0.265529 0)
(0.999372 -0.233039 0)
(0.957707 -0.197622 0)
(0.884185 -0.154298 0)
(0.792905 -0.0385276 0)
(0.723028 0.165847 0)
(0.691843 0.343637 0)
(0.728636 0.368137 0)
(0.865835 0.209861 0)
(0.998797 0.0194872 0)
(1.07735 -0.110701 0)
(1.08684 -0.178908 0)
(1.0372 -0.186574 0)
(1.0163 -0.170328 0)
(0.969896 -0.0718602 0)
(0.919877 0.00697569 0)
(0.848602 0.0827428 0)
(0.825255 0.157409 0)
(0.938731 0.0695959 0)
(1.28324 0.1072 0)
(1.288 0.0908287 0)
(1.29203 0.0739572 0)
(1.2954 0.0565084 0)
(1.29611 0.0386462 0)
(1.29346 0.0208961 0)
(1.28721 0.00380148 0)
(1.27702 -0.0113874 0)
(1.26308 -0.0232531 0)
(1.2462 -0.0301828 0)
(1.22796 -0.0309903 0)
(1.21048 -0.0247954 0)
(1.19641 -0.0117499 0)
(1.18834 0.00711955 0)
(1.18907 0.0298416 0)
(1.20082 0.0525261 0)
(1.22421 0.0694599 0)
(1.25758 0.0752199 0)
(1.29832 0.0630633 0)
(1.3392 0.0259143 0)
(1.36614 -0.0352223 0)
(1.36572 -0.107351 0)
(1.33523 -0.172354 0)
(1.28288 -0.218916 0)
(1.21981 -0.245553 0)
(1.15115 -0.251207 0)
(1.08653 -0.238374 0)
(1.02667 -0.216523 0)
(0.964172 -0.179498 0)
(0.9187 -0.116981 0)
(0.885803 -0.0546873 0)
(0.825782 -0.00562849 0)
(0.75537 0.0898017 0)
(0.722796 0.279422 0)
(0.733536 0.470064 0)
(0.831511 0.473829 0)
(1.02749 0.257902 0)
(1.18263 -0.00279173 0)
(1.22684 -0.184738 0)
(1.19868 -0.267548 0)
(1.14853 -0.278379 0)
(1.06784 -0.257725 0)
(1.00221 -0.227428 0)
(0.961704 -0.191823 0)
(0.892549 -0.146088 0)
(0.80016 -0.0305474 0)
(0.727018 0.170761 0)
(0.697149 0.34315 0)
(0.742653 0.359907 0)
(0.885938 0.19779 0)
(1.01635 0.0103384 0)
(1.08963 -0.114267 0)
(1.09552 -0.177225 0)
(1.04423 -0.183554 0)
(1.01912 -0.16757 0)
(0.973943 -0.0683605 0)
(0.931183 0.0114738 0)
(0.863566 0.0858751 0)
(0.84835 0.154223 0)
(0.957265 0.0656459 0)
(1.27762 0.104907 0)
(1.28251 0.0890384 0)
(1.28651 0.0728096 0)
(1.28987 0.0560159 0)
(1.29069 0.0388981 0)
(1.28829 0.0219808 0)
(1.28251 0.00579208 0)
(1.27312 -0.00853244 0)
(1.26029 -0.0196966 0)
(1.24481 -0.0262374 0)
(1.22815 -0.0270812 0)
(1.21229 -0.0214452 0)
(1.19974 -0.00948408 0)
(1.19293 0.00778337 0)
(1.19444 0.0284708 0)
(1.20636 0.0489339 0)
(1.22925 0.0638532 0)
(1.26135 0.068124 0)
(1.29982 0.0555281 0)
(1.33734 0.019964 0)
(1.36079 -0.0372806 0)
(1.35844 -0.104474 0)
(1.32834 -0.165281 0)
(1.27783 -0.209383 0)
(1.21722 -0.234953 0)
(1.15133 -0.240662 0)
(1.08827 -0.228759 0)
(1.03085 -0.207332 0)
(0.970979 -0.171417 0)
(0.924096 -0.111326 0)
(0.894547 -0.0485214 0)
(0.845267 0.00305755 0)
(0.780033 0.0968418 0)
(0.743927 0.280699 0)
(0.75546 0.462486 0)
(0.864624 0.454811 0)
(1.06379 0.236519 0)
(1.21002 -0.0142727 0)
(1.24401 -0.185297 0)
(1.20721 -0.262762 0)
(1.15381 -0.270947 0)
(1.07341 -0.249586 0)
(1.00517 -0.221585 0)
(0.965413 -0.18617 0)
(0.90096 -0.137875 0)
(0.808211 -0.0221917 0)
(0.73216 0.175862 0)
(0.703946 0.342157 0)
(0.758718 0.350785 0)
(0.907675 0.185307 0)
(1.03463 0.00134997 0)
(1.10191 -0.117507 0)
(1.10391 -0.175278 0)
(1.05124 -0.180223 0)
(1.02199 -0.164617 0)
(0.977612 -0.0651065 0)
(0.942253 0.0156366 0)
(0.878955 0.0886154 0)
(0.872198 0.150823 0)
(0.975981 0.0617858 0)
(1.27205 0.10257 0)
(1.27708 0.0872242 0)
(1.28105 0.071631 0)
(1.2844 0.0554977 0)
(1.28532 0.0391114 0)
(1.28317 0.0229984 0)
(1.27786 0.00767073 0)
(1.2692 -0.0058403 0)
(1.25741 -0.0163532 0)
(1.24324 -0.0225426 0)
(1.22805 -0.0234405 0)
(1.21368 -0.0183577 0)
(1.20249 -0.00745489 0)
(1.19674 0.00826435 0)
(1.19881 0.0269944 0)
(1.21063 0.045327 0)
(1.23267 0.0583351 0)
(1.26315 0.0612492 0)
(1.29913 0.0483773 0)
(1.33334 0.0144982 0)
(1.35375 -0.0389436 0)
(1.35003 -0.101444 0)
(1.32076 -0.158272 0)
(1.27237 -0.20001 0)
(1.21431 -0.224548 0)
(1.15128 -0.230238 0)
(1.08997 -0.219229 0)
(1.03471 -0.198325 0)
(0.977808 -0.163274 0)
(0.92995 -0.105643 0)
(0.902515 -0.0431858 0)
(0.863784 0.0107504 0)
(0.80562 0.103813 0)
(0.76726 0.282095 0)
(0.78038 0.453914 0)
(0.900876 0.434481 0)
(1.10096 0.215134 0)
(1.23637 -0.0247932 0)
(1.25988 -0.184732 0)
(1.2149 -0.257164 0)
(1.15834 -0.263181 0)
(1.07879 -0.241151 0)
(1.0083 -0.215496 0)
(0.968838 -0.180667 0)
(0.909337 -0.129722 0)
(0.817039 -0.0135087 0)
(0.738526 0.181117 0)
(0.712424 0.340587 0)
(0.776991 0.340728 0)
(0.930981 0.172467 0)
(1.05354 -0.00739063 0)
(1.11412 -0.12036 0)
(1.11195 -0.173056 0)
(1.05817 -0.176584 0)
(1.02493 -0.161447 0)
(0.98092 -0.0620967 0)
(0.952975 0.0194156 0)
(0.89464 0.0909078 0)
(0.896569 0.14721 0)
(0.994705 0.0580424 0)
(1.26654 0.100191 0)
(1.2717 0.0853845 0)
(1.27566 0.0704204 0)
(1.279 0.0549501 0)
(1.28004 0.0392831 0)
(1.27815 0.0239469 0)
(1.27327 0.00943824 0)
(1.26533 -0.00330766 0)
(1.25452 -0.0132159 0)
(1.24156 -0.0190881 0)
(1.22774 -0.0200547 0)
(1.21475 -0.0155149 0)
(1.20477 -0.00563862 0)
(1.19993 0.00859424 0)
(1.20239 0.0254552 0)
(1.21391 0.0417629 0)
(1.23485 0.0529734 0)
(1.26349 0.0546588 0)
(1.29682 0.0416452 0)
(1.32782 0.00949632 0)
(1.34557 -0.0402768 0)
(1.34091 -0.0983324 0)
(1.31273 -0.151387 0)
(1.26666 -0.190836 0)
(1.21118 -0.214363 0)
(1.15101 -0.219967 0)
(1.09167 -0.20979 0)
(1.03829 -0.189513 0)
(0.984529 -0.155134 0)
(0.936351 -0.0998868 0)
(0.909919 -0.0386004 0)
(0.881023 0.0173029 0)
(0.831542 0.110473 0)
(0.792558 0.283452 0)
(0.808466 0.444236 0)
(0.940195 0.41295 0)
(1.13857 0.194041 0)
(1.26129 -0.0341651 0)
(1.2742 -0.183007 0)
(1.22168 -0.250756 0)
(1.16209 -0.255108 0)
(1.08393 -0.232466 0)
(1.01166 -0.209149 0)
(0.971996 -0.175308 0)
(0.917589 -0.121689 0)
(0.826603 -0.00455901 0)
(0.746185 0.186477 0)
(0.722796 0.338363 0)
(0.797604 0.329712 0)
(0.955739 0.159344 0)
(1.07292 -0.015791 0)
(1.12619 -0.122762 0)
(1.1196 -0.170544 0)
(1.06496 -0.172643 0)
(1.02795 -0.158041 0)
(0.983902 -0.0593241 0)
(0.963245 0.0227666 0)
(0.910473 0.0926986 0)
(0.921196 0.143387 0)
(1.01324 0.0544417 0)
(1.26108 0.0977674 0)
(1.26637 0.0835168 0)
(1.27033 0.0691756 0)
(1.27368 0.0543683 0)
(1.27484 0.0394085 0)
(1.27321 0.0248228 0)
(1.26878 0.0110934 0)
(1.26151 -0.000933946 0)
(1.25164 -0.0102795 0)
(1.23982 -0.0158653 0)
(1.22727 -0.0169122 0)
(1.21554 -0.0129021 0)
(1.20668 -0.00401365 0)
(1.20262 0.00879907 0)
(1.20533 0.0238865 0)
(1.21641 0.0382852 0)
(1.23611 0.0478186 0)
(1.26277 0.0483996 0)
(1.29338 0.0353542 0)
(1.32131 0.00494311 0)
(1.3367 -0.0413307 0)
(1.3314 -0.0951903 0)
(1.30447 -0.144667 0)
(1.26079 -0.181891 0)
(1.2079 -0.204412 0)
(1.15054 -0.209878 0)
(1.09337 -0.20045 0)
(1.04167 -0.180896 0)
(0.991022 -0.147068 0)
(0.943328 -0.0940375 0)
(0.91704 -0.0346512 0)
(0.896741 0.0226228 0)
(0.857107 0.116566 0)
(0.81946 0.284543 0)
(0.839821 0.43332 0)
(0.982305 0.390382 0)
(1.17603 0.17357 0)
(1.28433 -0.0422049 0)
(1.2867 -0.18011 0)
(1.22748 -0.24356 0)
(1.16506 -0.246757 0)
(1.08877 -0.223585 0)
(1.01529 -0.202538 0)
(0.974915 -0.170079 0)
(0.925614 -0.11384 0)
(0.836836 0.00458317 0)
(0.755205 0.191876 0)
(0.735298 0.3354 0)
(0.820647 0.317727 0)
(0.981778 0.14603 0)
(1.09258 -0.0237548 0)
(1.138 -0.124653 0)
(1.12681 -0.167731 0)
(1.07155 -0.168412 0)
(1.03107 -0.154387 0)
(0.986605 -0.0567759 0)
(0.972971 0.025651 0)
(0.926284 0.093939 0)
(0.945769 0.139359 0)
(1.03138 0.0510078 0)
(1.25568 0.0953013 0)
(1.26108 0.0816189 0)
(1.26506 0.0678939 0)
(1.26842 0.0537467 0)
(1.26972 0.0394818 0)
(1.26836 0.0256214 0)
(1.26437 0.0126334 0)
(1.25776 0.00128167 0)
(1.24877 -0.00753953 0)
(1.23803 -0.0128671 0)
(1.22667 -0.0140033 0)
(1.21612 -0.0105065 0)
(1.20826 -0.00256375 0)
(1.20488 0.0088993 0)
(1.20775 0.0223134 0)
(1.2183 0.0349248 0)
(1.23668 0.0429057 0)
(1.26129 0.0425025 0)
(1.28922 0.0295162 0)
(1.31421 0.000807627 0)
(1.32749 -0.0421434 0)
(1.32176 -0.0920518 0)
(1.29613 -0.138138 0)
(1.25486 -0.173193 0)
(1.20453 -0.194707 0)
(1.1499 -0.199994 0)
(1.09506 -0.191219 0)
(1.04491 -0.172464 0)
(0.997193 -0.139142 0)
(0.95083 -0.0881082 0)
(0.924193 -0.0312008 0)
(0.910804 0.0266941 0)
(0.881555 0.121836 0)
(0.847478 0.285072 0)
(0.874412 0.421025 0)
(1.02663 0.367007 0)
(1.21253 0.154075 0)
(1.30501 -0.0487472 0)
(1.29716 -0.176055 0)
(1.23224 -0.235615 0)
(1.16727 -0.238164 0)
(1.09324 -0.214568 0)
(1.01923 -0.195662 0)
(0.977645 -0.164956 0)
(0.933297 -0.106236 0)
(0.847642 0.0138284 0)
(0.765653 0.197223 0)
(0.750182 0.331607 0)
(0.846157 0.304788 0)
(1.00888 0.132636 0)
(1.1123 -0.0311836 0)
(1.14946 -0.125974 0)
(1.13352 -0.164607 0)
(1.07785 -0.163904 0)
(1.03429 -0.150473 0)
(0.98909 -0.0544339 0)
(0.982076 0.0280386 0)
(0.941888 0.0945875 0)
(0.969946 0.135136 0)
(1.04888 0.047762 0)
(1.25034 0.0927939 0)
(1.25584 0.0796886 0)
(1.25985 0.066573 0)
(1.26323 0.0530803 0)
(1.26468 0.0394974 0)
(1.2636 0.0263377 0)
(1.26004 0.0140554 0)
(1.25407 0.00334095 0)
(1.24593 -0.00499318 0)
(1.23621 -0.0100875 0)
(1.22596 -0.0113193 0)
(1.2165 -0.00831703 0)
(1.20955 -0.00127781 0)
(1.20676 0.00891088 0)
(1.20973 0.0207548 0)
(1.21968 0.0317032 0)
(1.23672 0.0382572 0)
(1.2593 0.0369852 0)
(1.2846 0.0241332 0)
(1.30683 -0.00292666 0)
(1.31821 -0.0427417 0)
(1.31217 -0.0889369 0)
(1.28784 -0.131813 0)
(1.24894 -0.164754 0)
(1.20112 -0.185251 0)
(1.14912 -0.190335 0)
(1.09672 -0.182116 0)
(1.04809 -0.164199 0)
(1.00299 -0.131415 0)
(0.958736 -0.0821451 0)
(0.931679 -0.0281025 0)
(0.923215 0.0295873 0)
(0.904128 0.126047 0)
(0.876008 0.284674 0)
(0.911974 0.407214 0)
(1.07222 0.343127 0)
(1.24711 0.135918 0)
(1.32285 -0.053662 0)
(1.30539 -0.170886 0)
(1.23593 -0.226982 0)
(1.16876 -0.229362 0)
(1.0973 -0.205481 0)
(1.0235 -0.188528 0)
(0.980252 -0.159903 0)
(0.94052 -0.0989291 0)
(0.858893 0.0230705 0)
(0.777599 0.202406 0)
(0.767696 0.326892 0)
(0.874102 0.290941 0)
(1.03677 0.119294 0)
(1.13184 -0.0379786 0)
(1.16042 -0.126676 0)
(1.13968 -0.161163 0)
(1.08382 -0.159139 0)
(1.03761 -0.146296 0)
(0.991431 -0.0522753 0)
(0.990508 0.029909 0)
(0.957092 0.0946126 0)
(0.99336 0.130728 0)
(1.06552 0.0447214 0)
(1.24505 0.0902472 0)
(1.25065 0.0777245 0)
(1.2547 0.0652108 0)
(1.25811 0.0523644 0)
(1.2597 0.0394497 0)
(1.25891 0.0269669 0)
(1.25578 0.0153565 0)
(1.25043 0.00524343 0)
(1.2431 -0.00263833 0)
(1.23434 -0.00752114 0)
(1.22513 -0.00885247 0)
(1.21669 -0.0063241 0)
(1.21058 -0.00013998 0)
(1.20831 0.00884727 0)
(1.21131 0.0192245 0)
(1.22065 0.0286341 0)
(1.23635 0.0338855 0)
(1.25694 0.0318546 0)
(1.27973 0.0191997 0)
(1.29938 -0.00626385 0)
(1.30903 -0.0431439 0)
(1.30276 -0.0858562 0)
(1.27969 -0.125694 0)
(1.24306 -0.15658 0)
(1.19771 -0.176047 0)
(1.14821 -0.180913 0)
(1.09832 -0.173159 0)
(1.05124 -0.156086 0)
(1.00841 -0.123931 0)
(0.966872 -0.0762231 0)
(0.939724 -0.0252182 0)
(0.934129 0.0314608 0)
(0.924173 0.129009 0)
(0.904368 0.282935 0)
(0.951877 0.391777 0)
(1.1177 0.319109 0)
(1.27866 0.11943 0)
(1.33739 -0.0568744 0)
(1.31126 -0.164689 0)
(1.23853 -0.217742 0)
(1.16958 -0.22039 0)
(1.10088 -0.196388 0)
(1.02809 -0.181151 0)
(0.982823 -0.154876 0)
(0.947166 -0.0919652 0)
(0.87043 0.0321854 0)
(0.79111 0.207279 0)
(0.788071 0.321165 0)
(0.904369 0.276265 0)
(1.06512 0.106156 0)
(1.15093 -0.0440433 0)
(1.17076 -0.126714 0)
(1.14528 -0.157394 0)
(1.08939 -0.154139 0)
(1.04103 -0.141859 0)
(0.993706 -0.0502737 0)
(0.998237 0.0312536 0)
(0.971701 0.0939964 0)
(1.01564 0.12615 0)
(1.08106 0.0418981 0)
(1.23983 0.0876634 0)
(1.24551 0.0757253 0)
(1.2496 0.0638052 0)
(1.25305 0.0515947 0)
(1.2548 0.0393337 0)
(1.25429 0.0275046 0)
(1.25159 0.0165339 0)
(1.24684 0.00698789 0)
(1.24028 -0.000473235 0)
(1.23243 -0.00516314 0)
(1.2242 -0.00659561 0)
(1.21669 -0.00451877 0)
(1.21136 0.000859325 0)
(1.20954 0.00871916 0)
(1.21254 0.0177326 0)
(1.22125 0.0257258 0)
(1.23565 0.029796 0)
(1.25433 0.0271098 0)
(1.27474 0.0147047 0)
(1.29199 -0.00922767 0)
(1.30006 -0.0433639 0)
(1.29363 -0.0828135 0)
(1.27174 -0.11978 0)
(1.23727 -0.148673 0)
(1.19433 -0.167096 0)
(1.14722 -0.171737 0)
(1.09983 -0.164371 0)
(1.0544 -0.14811 0)
(1.01349 -0.116714 0)
(0.975038 -0.0704347 0)
(0.948427 -0.022435 0)
(0.943832 0.0325467 0)
(0.941264 0.130595 0)
(0.931853 0.279434 0)
(0.993011 0.374663 0)
(1.16129 0.295367 0)
(1.30602 0.104885 0)
(1.34824 -0.0583798 0)
(1.31469 -0.157585 0)
(1.24005 -0.207994 0)
(1.16983 -0.211282 0)
(1.10395 -0.187355 0)
(1.03297 -0.173558 0)
(0.985459 -0.14982 0)
(0.953127 -0.0853753 0)
(0.882066 0.0410298 0)
(0.806245 0.211668 0)
(0.811486 0.314341 0)
(0.936746 0.260877 0)
(1.09356 0.0933886 0)
(1.16926 -0.0492863 0)
(1.18034 -0.126056 0)
(1.15026 -0.153299 0)
(1.09452 -0.148927 0)
(1.04452 -0.137172 0)
(0.996 -0.0484007 0)
(1.00526 0.0320769 0)
(0.985529 0.0927364 0)
(1.03642 0.12142 0)
(1.0953 0.0392982 0)
(1.23469 0.0850452 0)
(1.24043 0.0736903 0)
(1.24457 0.0623549 0)
(1.24807 0.050768 0)
(1.24997 0.039145 0)
(1.24975 0.0279467 0)
(1.24747 0.0175855 0)
(1.24329 0.0085743 0)
(1.23746 0.00150545 0)
(1.23047 -0.00300819 0)
(1.22315 -0.0045416 0)
(1.21652 -0.00289253 0)
(1.21189 0.00172613 0)
(1.21047 0.00853552 0)
(1.21343 0.0162868 0)
(1.22153 0.0229826 0)
(1.23467 0.0259887 0)
(1.25153 0.0227443 0)
(1.26972 0.0106335 0)
(1.28476 -0.0118358 0)
(1.29138 -0.0434115 0)
(1.2848 -0.0798085 0)
(1.26403 -0.114064 0)
(1.23159 -0.141031 0)
(1.19098 -0.158399 0)
(1.14617 -0.16281 0)
(1.10124 -0.155773 0)
(1.05758 -0.140265 0)
(1.01831 -0.109771 0)
(0.983053 -0.0648744 0)
(0.957735 -0.01968 0)
(0.9527 0.033119 0)
(0.955317 0.130758 0)
(0.957801 0.273801 0)
(1.03376 0.355917 0)
(1.20099 0.272323 0)
(1.32814 0.0924522 0)
(1.35517 -0.0582592 0)
(1.31573 -0.14973 0)
(1.24052 -0.197855 0)
(1.16958 -0.202075 0)
(1.10648 -0.178443 0)
(1.03809 -0.165787 0)
(0.988273 -0.144672 0)
(0.958322 -0.0791734 0)
(0.893589 0.0494423 0)
(0.823049 0.215364 0)
(0.838037 0.306351 0)
(0.970898 0.244937 0)
(1.12164 0.0811733 0)
(1.18654 -0.0536251 0)
(1.18902 -0.124684 0)
(1.15461 -0.148884 0)
(1.09915 -0.143532 0)
(1.04807 -0.132252 0)
(0.998393 -0.0466273 0)
(1.01162 0.0323968 0)
(0.998408 0.0908474 0)
(1.05537 0.116556 0)
(1.10805 0.0369212 0)
(1.22962 0.082395 0)
(1.23541 0.071619 0)
(1.23961 0.0608584 0)
(1.24315 0.0498813 0)
(1.2452 0.0388798 0)
(1.24527 0.0282902 0)
(1.2434 0.0185095 0)
(1.23977 0.0100032 0)
(1.23464 0.00330196 0)
(1.22846 -0.0010501 0)
(1.22199 -0.00268303 0)
(1.21617 -0.00143748 0)
(1.21218 0.00247104 0)
(1.21112 0.00830453 0)
(1.21401 0.0148928 0)
(1.2215 0.0204063 0)
(1.23345 0.0224602 0)
(1.24859 0.0187477 0)
(1.26471 0.00696768 0)
(1.27773 -0.0141057 0)
(1.28302 -0.0432945 0)
(1.27631 -0.0768387 0)
(1.25659 -0.108536 0)
(1.22604 -0.133648 0)
(1.18769 -0.149956 0)
(1.14509 -0.154134 0)
(1.10253 -0.147383 0)
(1.06075 -0.132552 0)
(1.02296 -0.103098 0)
(0.990778 -0.0596227 0)
(0.967451 -0.0169235 0)
(0.961122 0.0334488 0)
(0.966654 0.129537 0)
(0.981659 0.2658 0)
(1.07213 0.335707 0)
(1.23485 0.250354 0)
(1.34425 0.0821623 0)
(1.35812 -0.0566814 0)
(1.31452 -0.141311 0)
(1.24001 -0.187448 0)
(1.16895 -0.192805 0)
(1.10846 -0.169704 0)
(1.04335 -0.157887 0)
(0.991376 -0.139368 0)
(0.962709 -0.073352 0)
(0.90478 0.0572453 0)
(0.841531 0.21813 0)
(0.867679 0.297148 0)
(1.00633 0.228646 0)
(1.14887 0.0696968 0)
(1.20246 -0.0569907 0)
(1.19668 -0.122593 0)
(1.1583 -0.144159 0)
(1.10326 -0.137983 0)
(1.05164 -0.127124 0)
(1.00096 -0.0449256 0)
(1.01734 0.0322447 0)
(1.0102 0.0883627 0)
(1.07223 0.111582 0)
(1.11916 0.03476 0)
(1.22464 0.0797154 0)
(1.23046 0.0695111 0)
(1.23471 0.0593146 0)
(1.23831 0.0489323 0)
(1.24051 0.0385351 0)
(1.24085 0.0285323 0)
(1.23939 0.0193048 0)
(1.23629 0.0112756 0)
(1.23182 0.0049189 0)
(1.22639 0.000715141 0)
(1.22072 -0.00101265 0)
(1.21564 -0.000144225 0)
(1.21224 0.00310266 0)
(1.21149 0.00803349 0)
(1.21429 0.0135551 0)
(1.22119 0.0179967 0)
(1.23201 0.0192046 0)
(1.24554 0.0151078 0)
(1.25974 0.0036881 0)
(1.27091 -0.0160549 0)
(1.27499 -0.0430198 0)
(1.26817 -0.0739006 0)
(1.24942 -0.103187 0)
(1.22064 -0.126519 0)
(1.18445 -0.141767 0)
(1.144 -0.145707 0)
(1.1037 -0.139217 0)
(1.06389 -0.124982 0)
(1.02751 -0.0966785 0)
(0.998139 -0.0547333 0)
(0.977286 -0.0141759 0)
(0.969427 0.0337559 0)
(0.975966 0.12705 0)
(1.00303 0.255401 0)
(1.10605 0.314336 0)
(1.26129 0.229743 0)
(1.35395 0.0739023 0)
(1.35728 -0.05389 0)
(1.31126 -0.132528 0)
(1.2386 -0.176903 0)
(1.16802 -0.183502 0)
(1.10994 -0.161181 0)
(1.04863 -0.149915 0)
(0.994863 -0.133844 0)
(0.966305 -0.0678814 0)
(0.915432 0.0642505 0)
(0.861648 0.219707 0)
(0.900164 0.286718 0)
(1.04238 0.212242 0)
(1.17468 0.0591439 0)
(1.21672 -0.0593339 0)
(1.2032 -0.119799 0)
(1.16134 -0.139141 0)
(1.10684 -0.132311 0)
(1.0552 -0.121819 0)
(1.00375 -0.0432701 0)
(1.02251 0.0316644 0)
(1.02081 0.085333 0)
(1.0868 0.106522 0)
(1.12854 0.032801 0)
(1.21975 0.0770088 0)
(1.22559 0.0673668 0)
(1.2299 0.0577226 0)
(1.23354 0.0479192 0)
(1.2359 0.0381083 0)
(1.23651 0.0286709 0)
(1.23543 0.0199708 0)
(1.23283 0.0123929 0)
(1.22899 0.00635982 0)
(1.22427 0.00229386 0)
(1.21934 0.000477099 0)
(1.21495 0.0009953 0)
(1.21207 0.00362914 0)
(1.21159 0.00772915 0)
(1.21429 0.0122774 0)
(1.22061 0.0157524 0)
(1.23037 0.0162148 0)
(1.24241 0.0118103 0)
(1.25484 0.000776245 0)
(1.26432 -0.0177004 0)
(1.2673 -0.042594 0)
(1.26037 -0.0709905 0)
(1.24253 -0.0980071 0)
(1.2154 -0.119636 0)
(1.18126 -0.133833 0)
(1.14291 -0.137529 0)
(1.10475 -0.131284 0)
(1.06695 -0.117574 0)
(1.03203 -0.0904975 0)
(1.00512 -0.0502267 0)
(0.986932 -0.0114781 0)
(0.977826 0.0341705 0)
(0.984147 0.123475 0)
(1.02172 0.242815 0)
(1.13386 0.292222 0)
(1.27944 0.210646 0)
(1.35738 0.0674233 0)
(1.35303 -0.0501823 0)
(1.30628 -0.123583 0)
(1.23639 -0.166343 0)
(1.1669 -0.1742 0)
(1.11095 -0.1529 0)
(1.0538 -0.141938 0)
(0.998801 -0.128045 0)
(0.969204 -0.0627128 0)
(0.92538 0.0702661 0)
(0.883271 0.21983 0)
(0.934971 0.275091 0)
(1.07818 0.195994 0)
(1.19847 0.0496815 0)
(1.22902 -0.0606314 0)
(1.20849 -0.116334 0)
(1.16373 -0.133857 0)
(1.1099 -0.126548 0)
(1.05873 -0.116372 0)
(1.00681 -0.0416395 0)
(1.0272 0.0307098 0)
(1.03018 0.0818249 0)
(1.09896 0.101402 0)
(1.13617 0.0310252 0)
(1.21496 0.0742772 0)
(1.22081 0.065186 0)
(1.22517 0.0560817 0)
(1.22887 0.0468405 0)
(1.23136 0.0375974 0)
(1.23224 0.0287047 0)
(1.23153 0.0205077 0)
(1.22941 0.0133571 0)
(1.22615 0.00762891 0)
(1.2221 0.00369353 0)
(1.21785 0.00179396 0)
(1.21409 0.00198819 0)
(1.21169 0.00405837 0)
(1.21144 0.00739781 0)
(1.21403 0.0110626 0)
(1.2198 0.0136713 0)
(1.22855 0.0134823 0)
(1.2392 0.00884083 0)
(1.25 -0.00178788 0)
(1.25796 -0.0190594 0)
(1.25993 -0.0420235 0)
(1.25291 -0.0681049 0)
(1.23591 -0.0929859 0)
(1.21032 -0.11299 0)
(1.17814 -0.126154 0)
(1.14183 -0.129597 0)
(1.1057 -0.123589 0)
(1.06991 -0.110349 0)
(1.03654 -0.0845417 0)
(1.01174 -0.0460915 0)
(0.996133 -0.00888457 0)
(0.986397 0.0347203 0)
(0.992067 0.119028 0)
(1.03772 0.228486 0)
(1.15464 0.269857 0)
(1.28933 0.193086 0)
(1.35516 0.0623814 0)
(1.34594 -0.0458752 0)
(1.2999 -0.114663 0)
(1.23349 -0.155882 0)
(1.16565 -0.164928 0)
(1.11158 -0.144877 0)
(1.05871 -0.134021 0)
(1.00321 -0.121932 0)
(0.97158 -0.0577803 0)
(0.934536 0.0751097 0)
(0.90615 0.21825 0)
(0.971244 0.262349 0)
(1.11269 0.180185 0)
(1.21963 0.0414447 0)
(1.23914 -0.0608928 0)
(1.2125 -0.112251 0)
(1.16549 -0.128336 0)
(1.11244 -0.120725 0)
(1.06217 -0.110823 0)
(1.01016 -0.0400168 0)
(1.0315 0.0294422 0)
(1.03832 0.0779175 0)
(1.10872 0.0962489 0)
(1.14208 0.0294092 0)
(1.21027 0.0715225 0)
(1.21612 0.0629689 0)
(1.22052 0.0543912 0)
(1.22428 0.045695 0)
(1.22691 0.0370009 0)
(1.22804 0.0286326 0)
(1.22768 0.0209158 0)
(1.22603 0.0141706 0)
(1.22331 0.00873067 0)
(1.21988 0.00491971 0)
(1.21626 0.00294569 0)
(1.21307 0.00284341 0)
(1.21111 0.00439816 0)
(1.21106 0.00704535 0)
(1.21352 0.00991289 0)
(1.21876 0.0117505 0)
(1.22657 0.0109981 0)
(1.23593 0.00618401 0)
(1.24525 -0.00402278 0)
(1.25182 -0.0201487 0)
(1.25289 -0.0413149 0)
(1.24578 -0.0652406 0)
(1.22958 -0.0881149 0)
(1.20541 -0.106572 0)
(1.1751 -0.118728 0)
(1.14076 -0.12191 0)
(1.10656 -0.116136 0)
(1.07275 -0.103329 0)
(1.04104 -0.0788039 0)
(1.01805 -0.042293 0)
(1.00473 -0.00645103 0)
(0.995102 0.0353441 0)
(1.00034 0.113934 0)
(1.05121 0.213007 0)
(1.16844 0.247736 0)
(1.29186 0.176978 0)
(1.34832 0.0583983 0)
(1.33669 -0.0412693 0)
(1.2925 -0.105926 0)
(1.23 -0.145619 0)
(1.16432 -0.155717 0)
(1.11192 -0.137111 0)
(1.06325 -0.126231 0)
(1.00804 -0.11549 0)
(0.973693 -0.0530102 0)
(0.942927 0.078625 0)
(0.929867 0.214767 0)
(1.00778 0.248635 0)
(1.14471 0.165086 0)
(1.23759 0.0345298 0)
(1.24691 -0.0601629 0)
(1.21522 -0.107622 0)
(1.16665 -0.122619 0)
(1.1145 -0.114872 0)
(1.06551 -0.105215 0)
(1.01379 -0.0383905 0)
(1.03548 0.0279274 0)
(1.04526 0.0736985 0)
(1.11617 0.0910885 0)
(1.14634 0.0279272 0)
(1.20568 0.0687464 0)
(1.21152 0.060716 0)
(1.21598 0.0526507 0)
(1.21978 0.0444821 0)
(1.22255 0.036318 0)
(1.22392 0.0284542 0)
(1.2239 0.0211962 0)
(1.22267 0.0148362 0)
(1.22047 0.00966989 0)
(1.21761 0.00597896 0)
(1.21457 0.0039402 0)
(1.21192 0.00356923 0)
(1.21034 0.00465602 0)
(1.21045 0.0066772 0)
(1.21278 0.00883011 0)
(1.21752 0.00998652 0)
(1.22445 0.00875284 0)
(1.23262 0.00382423 0)
(1.24058 -0.00594812 0)
(1.2459 -0.0209846 0)
(1.24615 -0.040475 0)
(1.23898 -0.0623951 0)
(1.22351 -0.0833859 0)
(1.20067 -0.100374 0)
(1.17212 -0.111555 0)
(1.1397 -0.114468 0)
(1.10735 -0.108924 0)
(1.07546 -0.0965338 0)
(1.04549 -0.0732821 0)
(1.0241 -0.0387856 0)
(1.01268 -0.00422284 0)
(1.00383 0.0359272 0)
(1.0092 0.108398 0)
(1.06249 0.197011 0)
(1.17614 0.226293 0)
(1.28854 0.162173 0)
(1.33807 0.0551141 0)
(1.32594 -0.0366214 0)
(1.2844 -0.0974937 0)
(1.22603 -0.135632 0)
(1.16295 -0.146598 0)
(1.11205 -0.129588 0)
(1.06731 -0.118623 0)
(1.01321 -0.108736 0)
(0.975859 -0.0483369 0)
(0.950705 0.0807012 0)
(0.95382 0.209266 0)
(1.04308 0.234152 0)
(1.17308 0.150933 0)
(1.25188 0.0289597 0)
(1.25224 -0.0585277 0)
(1.21666 -0.102537 0)
(1.16725 -0.116747 0)
(1.11612 -0.109019 0)
(1.06871 -0.0995865 0)
(1.01766 -0.0367537 0)
(1.03922 0.0262314 0)
(1.05109 0.069259 0)
(1.12149 0.0859476 0)
(1.14909 0.0265524 0)
(1.20121 0.0659502 0)
(1.20703 0.0584274 0)
(1.21153 0.0508598 0)
(1.21539 0.0432011 0)
(1.21828 0.0355482 0)
(1.21987 0.0281696 0)
(1.22018 0.0213504 0)
(1.21936 0.0153571 0)
(1.21764 0.0104517 0)
(1.2153 0.00687806 0)
(1.2128 0.00478538 0)
(1.21062 0.00417376 0)
(1.20939 0.00483918 0)
(1.20964 0.0062984 0)
(1.21183 0.00781549 0)
(1.21609 0.0083752 0)
(1.2222 0.00673714 0)
(1.22928 0.00174706 0)
(1.236 -0.00758219 0)
(1.24019 -0.021583 0)
(1.23972 -0.0395108 0)
(1.23249 -0.059566 0)
(1.21771 -0.0787912 0)
(1.19612 -0.0943879 0)
(1.16923 -0.104631 0)
(1.13866 -0.10727 0)
(1.10807 -0.101951 0)
(1.07803 -0.0899779 0)
(1.04986 -0.0679784 0)
(1.02991 -0.0355241 0)
(1.02 -0.00223042 0)
(1.01243 0.0363438 0)
(1.01857 0.102592 0)
(1.07195 0.181062 0)
(1.17916 0.205859 0)
(1.28111 0.148502 0)
(1.32563 0.0522279 0)
(1.31431 -0.0321284 0)
(1.27589 -0.089449 0)
(1.2217 -0.12598 0)
(1.16153 -0.137604 0)
(1.11209 -0.12229 0)
(1.07084 -0.11124 0)
(1.01856 -0.101715 0)
(0.978418 -0.0437156 0)
(0.958134 0.0812952 0)
(0.977232 0.201755 0)
(1.07553 0.21915 0)
(1.19674 0.137897 0)
(1.2622 0.0246804 0)
(1.25516 -0.0561101 0)
(1.21692 -0.0970942 0)
(1.16735 -0.110768 0)
(1.11734 -0.103192 0)
(1.07176 -0.093978 0)
(1.02173 -0.0351039 0)
(1.04277 0.0244173 0)
(1.05593 0.0646887 0)
(1.12491 0.080851 0)
(1.15052 0.0252589 0)
(1.19686 0.063135 0)
(1.20265 0.0561034 0)
(1.20719 0.0490184 0)
(1.2111 0.041852 0)
(1.21411 0.0346913 0)
(1.21592 0.0277793 0)
(1.21653 0.0213801 0)
(1.21608 0.015737 0)
(1.21481 0.0110813 0)
(1.21296 0.00762387 0)
(1.21095 0.00548911 0)
(1.2092 0.00466493 0)
(1.20828 0.00495453 0)
(1.20865 0.00591352 0)
(1.21069 0.00686971 0)
(1.21449 0.00691229 0)
(1.21985 0.00494059 0)
(1.22592 -6.14921e-05 0)
(1.23152 -0.00894276 0)
(1.23469 -0.0219592 0)
(1.23358 -0.0384294 0)
(1.22631 -0.0567516 0)
(1.21217 -0.0743238 0)
(1.19175 -0.0886046 0)
(1.16643 -0.0979523 0)
(1.13763 -0.100315 0)
(1.10874 -0.0952161 0)
(1.08046 -0.0836719 0)
(1.05411 -0.0628967 0)
(1.03549 -0.0324704 0)
(1.02677 -0.000490665 0)
(1.02078 0.0364903 0)
(1.02813 0.0966463 0)
(1.07993 0.165589 0)
(1.179 0.186647 0)
(1.27122 0.135815 0)
(1.31205 0.0495236 0)
(1.30231 -0.0279215 0)
(1.26722 -0.0818408 0)
(1.21709 -0.116704 0)
(1.16007 -0.128768 0)
(1.11209 -0.115191 0)
(1.07384 -0.104106 0)
(1.02395 -0.0945078 0)
(0.981673 -0.0391319 0)
(0.965537 0.080449 0)
(0.999231 0.192384 0)
(1.10363 0.203905 0)
(1.21495 0.12606 0)
(1.26849 0.021574 0)
(1.25582 -0.0530612 0)
(1.21611 -0.0914022 0)
(1.16702 -0.104727 0)
(1.11823 -0.0974152 0)
(1.07463 -0.0884241 0)
(1.02594 -0.0334422 0)
(1.04616 0.0225425 0)
(1.05992 0.0600716 0)
(1.12672 0.0758224 0)
(1.15081 0.0240233 0)
(1.19263 0.0603015 0)
(1.19839 0.0537444 0)
(1.20296 0.0471264 0)
(1.20692 0.0404346 0)
(1.21005 0.0337476 0)
(1.21205 0.0272842 0)
(1.21294 0.0212877 0)
(1.21285 0.0159796 0)
(1.21199 0.0115645 0)
(1.2106 0.00822331 0)
(1.20903 0.00605919 0)
(1.20767 0.00505045 0)
(1.20703 0.00500862 0)
(1.20748 0.00552667 0)
(1.20937 0.00599291 0)
(1.21276 0.00559322 0)
(1.21741 0.00335245 0)
(1.22257 -0.00161785 0)
(1.22715 -0.0100473 0)
(1.22941 -0.0221279 0)
(1.22772 -0.037238 0)
(1.22042 -0.0539502 0)
(1.20689 -0.0699769 0)
(1.18757 -0.0830161 0)
(1.16372 -0.0915128 0)
(1.13662 -0.0936013 0)
(1.10936 -0.0887181 0)
(1.08277 -0.0776209 0)
(1.05821 -0.0580403 0)
(1.04085 -0.029598 0)
(1.0331 0.000994383 0)
(1.02877 0.0363037 0)
(1.03753 0.0906526 0)
(1.08673 0.150867 0)
(1.17693 0.168763 0)
(1.2602 0.123993 0)
(1.29813 0.0468688 0)
(1.2903 -0.0240749 0)
(1.25855 -0.0746895 0)
(1.21229 -0.107829 0)
(1.15856 -0.120122 0)
(1.11212 -0.108265 0)
(1.07634 -0.0972316 0)
(1.02921 -0.0872167 0)
(0.985832 -0.0346056 0)
(0.973209 0.0782973 0)
(1.01899 0.181448 0)
(1.12629 0.188692 0)
(1.22741 0.115413 0)
(1.27095 0.0194576 0)
(1.25446 -0.0495508 0)
(1.21438 -0.0855668 0)
(1.16631 -0.0986689 0)
(1.11884 -0.0917076 0)
(1.07732 -0.0829549 0)
(1.03022 -0.0317721 0)
(1.04942 0.0206564 0)
(1.06321 0.0554821 0)
(1.12723 0.0708827 0)
(1.15018 0.0228254 0)
(1.18853 0.0574502 0)
(1.19425 0.0513505 0)
(1.19885 0.0451837 0)
(1.20286 0.0389492 0)
(1.20609 0.0327179 0)
(1.20828 0.0266857 0)
(1.20944 0.0210756 0)
(1.20967 0.0160892 0)
(1.2092 0.0119067 0)
(1.20821 0.00868335 0)
(1.20705 0.0065033 0)
(1.20605 0.0053378 0)
(1.20564 0.00500762 0)
(1.20617 0.00514148 0)
(1.20791 0.0051849 0)
(1.2109 0.0044125 0)
(1.21491 0.00196334 0)
(1.21922 -0.002937 0)
(1.22288 -0.0109124 0)
(1.22433 -0.0221034 0)
(1.22213 -0.0359437 0)
(1.21483 -0.0511608 0)
(1.20186 -0.0657443 0)
(1.18357 -0.0776148 0)
(1.16111 -0.0853068 0)
(1.13562 -0.0871271 0)
(1.10993 -0.082455 0)
(1.08496 -0.0718263 0)
(1.06213 -0.0534113 0)
(1.04598 -0.026891 0)
(1.03904 0.00223258 0)
(1.03632 0.0357633 0)
(1.04646 0.084676 0)
(1.09256 0.13704 0)
(1.17391 0.15223 0)
(1.24894 0.112956 0)
(1.28441 0.0441942 0)
(1.27854 -0.0206199 0)
(1.25 -0.0679963 0)
(1.20738 -0.0993649 0)
(1.15698 -0.111696 0)
(1.11219 -0.101493 0)
(1.0784 -0.0906114 0)
(1.03423 -0.0799581 0)
(0.990969 -0.0301947 0)
(0.98134 0.0750546 0)
(1.03591 0.16935 0)
(1.14299 0.173758 0)
(1.23434 0.105864 0)
(1.27003 0.0181097 0)
(1.25143 -0.0457506 0)
(1.2119 -0.079687 0)
(1.16531 -0.0926348 0)
(1.11922 -0.0860865 0)
(1.07982 -0.0775948 0)
(1.03451 -0.0300985 0)
(1.05255 0.0187991 0)
(1.06593 0.0509829 0)
(1.12674 0.0660509 0)
(1.14883 0.0216495 0)
(1.18456 0.0545813 0)
(1.19024 0.048922 0)
(1.19487 0.0431904 0)
(1.19892 0.0373963 0)
(1.20225 0.0316029 0)
(1.20461 0.0259854 0)
(1.20601 0.0207468 0)
(1.20656 0.01607 0)
(1.20643 0.0121139 0)
(1.20582 0.00901095 0)
(1.20502 0.00682897 0)
(1.20433 0.00553417 0)
(1.20414 0.00495733 0)
(1.20472 0.00476108 0)
(1.20633 0.00444506 0)
(1.20893 0.00336446 0)
(1.21235 0.00076232 0)
(1.21591 -0.00403251 0)
(1.21874 -0.011554 0)
(1.21946 -0.0218991 0)
(1.21682 -0.0345534 0)
(1.20953 -0.0483824 0)
(1.19709 -0.06162 0)
(1.17976 -0.0723927 0)
(1.1586 -0.0793274 0)
(1.13464 -0.0808891 0)
(1.11045 -0.0764249 0)
(1.08703 -0.0662859 0)
(1.06584 -0.0490094 0)
(1.05087 -0.0243411 0)
(1.04465 0.00323591 0)
(1.04339 0.0348818 0)
(1.05472 0.0787633 0)
(1.09755 0.124155 0)
(1.1705 0.137015 0)
(1.23801 0.102645 0)
(1.27123 0.04148 0)
(1.26718 -0.0175569 0)
(1.24167 -0.0617494 0)
(1.20243 -0.0913146 0)
(1.15533 -0.103517 0)
(1.11231 -0.0948592 0)
(1.08013 -0.0842309 0)
(1.03893 -0.0728484 0)
(0.997005 -0.0259725 0)
(0.989959 0.0709884 0)
(1.04972 0.15655 0)
(1.15394 0.159298 0)
(1.2364 0.0972616 0)
(1.26633 0.0172969 0)
(1.24708 -0.0418206 0)
(1.20885 -0.0738487 0)
(1.16407 -0.0866594 0)
(1.11942 -0.0805649 0)
(1.08213 -0.072362 0)
(1.03873 -0.0284266 0)
(1.05556 0.0170017 0)
(1.0682 0.0466238 0)
(1.12552 0.0613427 0)
(1.14695 0.0204837 0)
(1.18074 0.0516947 0)
(1.18637 0.0464587 0)
(1.19102 0.0411468 0)
(1.19512 0.0357762 0)
(1.19852 0.0304038 0)
(1.20105 0.0251853 0)
(1.20268 0.0203044 0)
(1.2035 0.0159267 0)
(1.2037 0.012192 0)
(1.20343 0.00921302 0)
(1.20296 0.00704354 0)
(1.20256 0.00564645 0)
(1.20255 0.00486306 0)
(1.20317 0.00438823 0)
(1.20463 0.00377214 0)
(1.20689 0.0024439 0)
(1.20977 -0.000257925 0)
(1.21264 -0.00491859 0)
(1.21473 -0.0119875 0)
(1.2148 -0.0215279 0)
(1.21178 -0.0330739 0)
(1.2045 -0.0456143 0)
(1.19257 -0.057598 0)
(1.17614 -0.067342 0)
(1.1562 -0.073567 0)
(1.13369 -0.074883 0)
(1.11094 -0.0706251 0)
(1.08898 -0.0609954 0)
(1.06936 -0.0448327 0)
(1.0555 -0.0219451 0)
(1.04996 0.00402049 0)
(1.04996 0.0336938 0)
(1.0622 0.0729502 0)
(1.10181 0.112201 0)
(1.16705 0.123049 0)
(1.2277 0.0930191 0)
(1.25877 0.0387353 0)
(1.25633 -0.0148671 0)
(1.2336 -0.05593 0)
(1.19749 -0.0836721 0)
(1.15361 -0.095605 0)
(1.11247 -0.0883557 0)
(1.08161 -0.0780719 0)
(1.04329 -0.0659915 0)
(1.00374 -0.0220112 0)
(0.998943 0.0663791 0)
(1.06055 0.143498 0)
(1.15989 0.145448 0)
(1.23457 0.089429 0)
(1.26058 0.0168076 0)
(1.24181 -0.0378958 0)
(1.20539 -0.0681212 0)
(1.16266 -0.080771 0)
(1.11948 -0.0751525 0)
(1.08427 -0.0672692 0)
(1.04283 -0.0267609 0)
(1.05843 0.0152863 0)
(1.07013 0.0424418 0)
(1.12382 0.0567707 0)
(1.14469 0.0193202 0)
(1.17706 0.0487899 0)
(1.18264 0.0439606 0)
(1.18731 0.0390529 0)
(1.19144 0.0340898 0)
(1.19493 0.0291222 0)
(1.1976 0.0242877 0)
(1.19944 0.0197518 0)
(1.20052 0.015664 0)
(1.20101 0.012147 0)
(1.20105 0.00929641 0)
(1.20088 0.00715414 0)
(1.20073 0.00568119 0)
(1.20088 0.00472979 0)
(1.20153 0.00402518 0)
(1.20285 0.00316453 0)
(1.20479 0.00164498 0)
(1.20718 -0.00110891 0)
(1.20942 -0.00560895 0)
(1.21085 -0.0122277 0)
(1.21035 -0.0210024 0)
(1.207 -0.0315119 0)
(1.19976 -0.0428557 0)
(1.18829 -0.0536728 0)
(1.1727 -0.0624549 0)
(1.15391 -0.0680175 0)
(1.13276 -0.0691034 0)
(1.11138 -0.0650521 0)
(1.09081 -0.0559489 0)
(1.07266 -0.0408766 0)
(1.05987 -0.0197025 0)
(1.05496 0.00460407 0)
(1.05603 0.0322443 0)
(1.06888 0.0672655 0)
(1.10541 0.101136 0)
(1.16368 0.110249 0)
(1.21812 0.0840423 0)
(1.24711 0.0359762 0)
(1.24602 -0.0125246 0)
(1.22584 -0.0505158 0)
(1.19261 -0.0764273 0)
(1.15182 -0.0879754 0)
(1.11262 -0.081981 0)
(1.08292 -0.0721172 0)
(1.04733 -0.0594676 0)
(1.01088 -0.018379 0)
(1.00806 0.0614804 0)
(1.0688 0.130578 0)
(1.16195 0.132288 0)
(1.22996 0.0821965 0)
(1.25345 0.0164646 0)
(1.23596 -0.0340807 0)
(1.20168 -0.062556 0)
(1.16112 -0.0749912 0)
(1.11944 -0.0698558 0)
(1.08622 -0.0623236 0)
(1.04677 -0.0251054 0)
(1.06115 0.0136673 0)
(1.07181 0.0384617 0)
(1.12182 0.0523445 0)
(1.14221 0.0181547 0)
(1.17353 0.0458664 0)
(1.17907 0.0414276 0)
(1.18375 0.0369089 0)
(1.18791 0.0323378 0)
(1.19147 0.0277594 0)
(1.19428 0.023295 0)
(1.1963 0.0190927 0)
(1.19762 0.0152867 0)
(1.19837 0.0119848 0)
(1.1987 0.00926786 0)
(1.1988 0.00716768 0)
(1.19886 0.00564461 0)
(1.19915 0.00456204 0)
(1.19982 0.00367372 0)
(1.20102 0.00262054 0)
(1.20266 0.000960631 0)
(1.20459 -0.00180475 0)
(1.20628 -0.00611707 0)
(1.20712 -0.0122886 0)
(1.20612 -0.020334 0)
(1.20248 -0.0298735 0)
(1.19529 -0.0401062 0)
(1.18426 -0.0498385 0)
(1.16946 -0.0577233 0)
(1.15174 -0.06267 0)
(1.13186 -0.0635437 0)
(1.11178 -0.0597012 0)
(1.09253 -0.0511386 0)
(1.07574 -0.0371353 0)
(1.06397 -0.0176118 0)
(1.05967 0.00500536 0)
(1.0616 0.030581 0)
(1.0748 0.0617329 0)
(1.10842 0.0909027 0)
(1.16047 0.0985247 0)
(1.2093 0.0756807 0)
(1.23627 0.0332237 0)
(1.23628 -0.0104981 0)
(1.21842 -0.0454831 0)
(1.18785 -0.0695666 0)
(1.14998 -0.0806364 0)
(1.11277 -0.0757385 0)
(1.08412 -0.0663537 0)
(1.05108 -0.0533301 0)
(1.01815 -0.0151223 0)
(1.01706 0.0564939 0)
(1.07505 0.118077 0)
(1.16133 0.119855 0)
(1.22361 0.0754218 0)
(1.24557 0.0161353 0)
(1.22982 -0.0304474 0)
(1.19783 -0.0571881 0)
(1.15951 -0.0693355 0)
(1.11931 -0.064679 0)
(1.08801 -0.0575282 0)
(1.0505 -0.0234624 0)
(1.06371 0.0121532 0)
(1.07327 0.0346984 0)
(1.11967 0.0480702 0)
(1.1396 0.0169855 0)
(1.17016 0.0429231 0)
(1.17565 0.0388591 0)
(1.18034 0.034715 0)
(1.18454 0.0305211 0)
(1.18816 0.0263174 0)
(1.19108 0.0222099 0)
(1.19328 0.0183307 0)
(1.19481 0.0147998 0)
(1.19581 0.0117114 0)
(1.19638 0.00913397 0)
(1.19672 0.00709079 0)
(1.19698 0.00554257 0)
(1.19739 0.00436391 0)
(1.19807 0.00333526 0)
(1.19914 0.00213789 0)
(1.20051 0.000385069 0)
(1.20204 -0.00235269 0)
(1.20323 -0.0064557 0)
(1.20354 -0.0121837 0)
(1.20211 -0.0195339 0)
(1.19822 -0.0281647 0)
(1.19109 -0.0373649 0)
(1.18047 -0.0460895 0)
(1.1664 -0.0531388 0)
(1.14968 -0.0575151 0)
(1.13099 -0.0581964 0)
(1.11214 -0.0545663 0)
(1.09414 -0.046556 0)
(1.07862 -0.0336018 0)
(1.06781 -0.0156701 0)
(1.06407 0.00524341 0)
(1.06669 0.0287496 0)
(1.07999 0.0563705 0)
(1.11091 0.0814398 0)
(1.15743 0.0877843 0)
(1.20122 0.0678996 0)
(1.22624 0.0305005 0)
(1.22714 -0.00875482 0)
(1.21135 -0.0408075 0)
(1.18324 -0.063074 0)
(1.14812 -0.0735902 0)
(1.11287 -0.0696341 0)
(1.08526 -0.0607731 0)
(1.05458 -0.0476058 0)
(1.02529 -0.0122596 0)
(1.02569 0.0515612 0)
(1.07985 0.10618 0)
(1.15908 0.10815 0)
(1.21638 0.0689997 0)
(1.23742 0.0157347 0)
(1.22361 -0.027039 0)
(1.19395 -0.0520376 0)
(1.15785 -0.0638136 0)
(1.11913 -0.0596235 0)
(1.08964 -0.052882 0)
(1.054 -0.0218331 0)
(1.06609 0.0107473 0)
(1.07457 0.031158 0)
(1.11749 0.0439509 0)
(1.13695 0.0158124 0)
(1.16696 0.0399586 0)
(1.1724 0.0362547 0)
(1.1771 0.0324712 0)
(1.18132 0.0286405 0)
(1.185 0.0247977 0)
(1.18803 0.0210353 0)
(1.19038 0.0174698 0)
(1.19211 0.0142082 0)
(1.19332 0.0113329 0)
(1.19412 0.00890121 0)
(1.19467 0.00692985 0)
(1.1951 0.00538057 0)
(1.19561 0.00413909 0)
(1.19629 0.00301081 0)
(1.19725 0.00171419 0)
(1.19837 -8.54177e-05 0)
(1.19953 -0.00276244 0)
(1.20027 -0.00663721 0)
(1.20013 -0.0119258 0)
(1.19831 -0.0186124 0)
(1.19423 -0.0263908 0)
(1.18715 -0.0346311 0)
(1.17692 -0.0424197 0)
(1.16354 -0.0486925 0)
(1.14774 -0.0525426 0)
(1.13016 -0.0530524 0)
(1.11247 -0.04964 0)
(1.09563 -0.0421912 0)
(1.08128 -0.0302674 0)
(1.07137 -0.0138736 0)
(1.06816 0.00533647 0)
(1.07131 0.0267912 0)
(1.08453 0.0511919 0)
(1.11294 0.0726864 0)
(1.15457 0.0779404 0)
(1.19384 0.0606636 0)
(1.21701 0.0278251 0)
(1.2186 -0.00726319 0)
(1.20466 -0.0364647 0)
(1.1788 -0.0569319 0)
(1.14625 -0.066834 0)
(1.11293 -0.0636751 0)
(1.08635 -0.0553713 0)
(1.05787 -0.0422984 0)
(1.03211 -0.00979144 0)
(1.03378 0.0467679 0)
(1.08366 0.0949812 0)
(1.15601 0.0971534 0)
(1.20891 0.0628605 0)
(1.22934 0.0152163 0)
(1.2175 -0.0238757 0)
(1.19011 -0.0471135 0)
(1.15617 -0.0584308 0)
(1.1189 -0.0546889 0)
(1.09112 -0.0483813 0)
(1.05727 -0.0202174 0)
(1.0683 0.00944959 0)
(1.07574 0.02784 0)
(1.11534 0.0399869 0)
(1.13434 0.0146368 0)
(1.16394 0.0369715 0)
(1.16932 0.0336135 0)
(1.17403 0.0301776 0)
(1.17827 0.0266969 0)
(1.182 0.0232024 0)
(1.18513 0.019774 0)
(1.18762 0.016514 0)
(1.18952 0.013517 0)
(1.19093 0.0108549 0)
(1.19192 0.00857585 0)
(1.19266 0.00669095 0)
(1.19324 0.00516372 0)
(1.19384 0.0038909 0)
(1.19452 0.0027009 0)
(1.19536 0.00134682 0)
(1.19626 -0.000459563 0)
(1.1971 -0.00304416 0)
(1.19744 -0.00667353 0)
(1.19689 -0.011527 0)
(1.19475 -0.0175792 0)
(1.19049 -0.0245568 0)
(1.18349 -0.0319037 0)
(1.17362 -0.0388231 0)
(1.16086 -0.0443754 0)
(1.14592 -0.0477417 0)
(1.12938 -0.0481018 0)
(1.11276 -0.0449134 0)
(1.097 -0.0380333 0)
(1.08373 -0.0271222 0)
(1.07465 -0.0122167 0)
(1.07192 0.00530224 0)
(1.07547 0.0247414 0)
(1.08846 0.0462053 0)
(1.11456 0.0645826 0)
(1.15188 0.0689095 0)
(1.18713 0.0539361 0)
(1.20855 0.0252105 0)
(1.21066 -0.0059936 0)
(1.19836 -0.0324305 0)
(1.17457 -0.0511213 0)
(1.14439 -0.0603605 0)
(1.11294 -0.0578676 0)
(1.0874 -0.0501467 0)
(1.06097 -0.0373956 0)
(1.03847 -0.00769934 0)
(1.04121 0.0421574 0)
(1.08679 0.0845079 0)
(1.15267 0.0868341 0)
(1.20161 0.056962 0)
(1.22156 0.0145619 0)
(1.2116 -0.020961 0)
(1.18637 -0.0424162 0)
(1.15451 -0.0531884 0)
(1.11864 -0.0498729 0)
(1.09245 -0.04402 0)
(1.06028 -0.0186139 0)
(1.07032 0.00825759 0)
(1.07678 0.0247391 0)
(1.11329 0.0361757 0)
(1.1318 0.0134605 0)
(1.1611 0.0339597 0)
(1.16642 0.0309344 0)
(1.17114 0.0278339 0)
(1.1754 0.0246912 0)
(1.17918 0.0215334 0)
(1.18238 0.018429 0)
(1.185 0.0154671 0)
(1.18706 0.0127312 0)
(1.18863 0.0102834 0)
(1.18981 0.00816396 0)
(1.19071 0.00637988 0)
(1.19142 0.00489681 0)
(1.19209 0.00362221 0)
(1.19276 0.00240581 0)
(1.1935 0.00103243 0)
(1.19421 -0.000745873 0)
(1.19475 -0.00320736 0)
(1.19475 -0.00657608 0)
(1.19385 -0.0109987 0)
(1.19141 -0.0164434 0)
(1.18702 -0.0226671 0)
(1.1801 -0.0291812 0)
(1.17056 -0.0352932 0)
(1.15839 -0.0401775 0)
(1.14423 -0.0431006 0)
(1.12863 -0.043333 0)
(1.11301 -0.040376 0)
(1.09826 -0.0340704 0)
(1.08598 -0.0241552 0)
(1.07766 -0.0106922 0)
(1.07537 0.00515745 0)
(1.0792 0.0226304 0)
(1.09186 0.0414142 0)
(1.11585 0.0570706 0)
(1.14937 0.0606124 0)
(1.18105 0.0476793 0)
(1.20083 0.0226666 0)
(1.20332 -0.00491833 0)
(1.19248 -0.0286806 0)
(1.17058 -0.0456217 0)
(1.14258 -0.0541588 0)
(1.1129 -0.0522156 0)
(1.08842 -0.0450978 0)
(1.06387 -0.0328744 0)
(1.04432 -0.00595078 0)
(1.04792 0.037746 0)
(1.08943 0.0747441 0)
(1.14936 0.0771509 0)
(1.19472 0.0512784 0)
(1.21423 0.0137723 0)
(1.206 -0.0182871 0)
(1.18276 -0.0379397 0)
(1.15287 -0.0480847 0)
(1.11836 -0.0451716 0)
(1.09365 -0.0397899 0)
(1.06303 -0.0170205 0)
(1.07215 0.007167 0)
(1.07772 0.0218461 0)
(1.11136 0.0325124 0)
(1.12937 0.0122852 0)
(1.15845 0.0309209 0)
(1.16372 0.0282163 0)
(1.16844 0.0254399 0)
(1.17272 0.0226241 0)
(1.17653 0.0197925 0)
(1.17981 0.0170032 0)
(1.18254 0.0143333 0)
(1.18473 0.0118556 0)
(1.18646 0.00962382 0)
(1.18779 0.00767145 0)
(1.18884 0.00600216 0)
(1.18966 0.00458423 0)
(1.19039 0.00333553 0)
(1.19105 0.00212543 0)
(1.1917 0.000767881 0)
(1.19222 -0.000949063 0)
(1.19251 -0.00326126 0)
(1.1922 -0.00635583 0)
(1.19099 -0.0103518 0)
(1.18832 -0.0152132 0)
(1.18381 -0.0207256 0)
(1.17697 -0.0264617 0)
(1.16775 -0.0318229 0)
(1.1561 -0.0360883 0)
(1.14267 -0.0386065 0)
(1.12793 -0.0387332 0)
(1.11323 -0.0360158 0)
(1.0994 -0.0302891 0)
(1.08802 -0.0213543 0)
(1.08039 -0.00929155 0)
(1.0785 0.00491766 0)
(1.08252 0.0204823 0)
(1.09477 0.0368173 0)
(1.11684 0.050094 0)
(1.14704 0.0529737 0)
(1.17557 0.041854 0)
(1.19384 0.0202021 0)
(1.1966 -0.00401061 0)
(1.18702 -0.0251903 0)
(1.16683 -0.0404114 0)
(1.14083 -0.0482147 0)
(1.11281 -0.0467202 0)
(1.08939 -0.040222 0)
(1.06658 -0.0287054 0)
(1.04962 -0.00451332 0)
(1.05391 0.0335324 0)
(1.0917 0.0656474 0)
(1.14626 0.068057 0)
(1.18836 0.0457935 0)
(1.20743 0.012854 0)
(1.20075 -0.0158407 0)
(1.17934 -0.0336742 0)
(1.15129 -0.0431148 0)
(1.11807 -0.040579 0)
(1.09471 -0.0356814 0)
(1.06553 -0.0154344 0)
(1.0738 0.00617235 0)
(1.07855 0.0191489 0)
(1.10958 0.0289901 0)
(1.12708 0.0111125 0)
(1.156 0.0278524 0)
(1.16123 0.0254575 0)
(1.16594 0.0229952 0)
(1.17023 0.0204964 0)
(1.17409 0.0179815 0)
(1.17743 0.0154997 0)
(1.18025 0.0131166 0)
(1.18256 0.0108953 0)
(1.18443 0.00888184 0)
(1.18589 0.00710397 0)
(1.18706 0.005563 0)
(1.18798 0.00423005 0)
(1.18876 0.00303302 0)
(1.18941 0.00185935 0)
(1.18997 0.000549759 0)
(1.19034 -0.00107554 0)
(1.1904 -0.00321492 0)
(1.18983 -0.00602326 0)
(1.18835 -0.0095963 0)
(1.18547 -0.0138963 0)
(1.18088 -0.0187353 0)
(1.17412 -0.0237429 0)
(1.16518 -0.0284047 0)
(1.15402 -0.0320966 0)
(1.14124 -0.0342458 0)
(1.12729 -0.0342884 0)
(1.11342 -0.0318189 0)
(1.10043 -0.026675 0)
(1.08986 -0.0187063 0)
(1.08286 -0.00800514 0)
(1.08131 0.00459701 0)
(1.08545 0.0183163 0)
(1.09725 0.0324087 0)
(1.11759 0.0435983 0)
(1.1449 0.0459211 0)
(1.17066 0.0364214 0)
(1.18756 0.0178189 0)
(1.19049 -0.00324738 0)
(1.18202 -0.021935 0)
(1.16336 -0.0354668 0)
(1.13916 -0.0425111 0)
(1.1127 -0.0413785 0)
(1.0903 -0.0355145 0)
(1.06909 -0.0248555 0)
(1.05437 -0.00334992 0)
(1.05919 0.029507 0)
(1.09366 0.0571617 0)
(1.14343 0.0595013 0)
(1.18259 0.0404931 0)
(1.2012 0.0118189 0)
(1.19589 -0.0136044 0)
(1.17613 -0.0296059 0)
(1.14978 -0.0382712 0)
(1.11777 -0.0360874 0)
(1.09565 -0.0316836 0)
(1.06778 -0.0138523 0)
(1.07526 0.00526733 0)
(1.07929 0.0166337 0)
(1.10794 0.0255996 0)
(1.12495 0.00994343 0)
(1.15377 0.0247511 0)
(1.15895 0.0226561 0)
(1.16366 0.0204989 0)
(1.16796 0.0183085 0)
(1.17184 0.0161024 0)
(1.17524 0.0139214 0)
(1.17815 0.011821 0)
(1.18056 0.00985514 0)
(1.18254 0.00806281 0)
(1.18413 0.00646702 0)
(1.1854 0.00506734 0)
(1.1864 0.003838 0)
(1.18722 0.00271648 0)
(1.18786 0.00160695 0)
(1.18835 0.000374311 0)
(1.18857 -0.00113192 0)
(1.18843 -0.00307717 0)
(1.18763 -0.00558839 0)
(1.18594 -0.00874169 0)
(1.18289 -0.0124995 0)
(1.17822 -0.0166988 0)
(1.17154 -0.0210217 0)
(1.16286 -0.0250303 0)
(1.15213 -0.0281901 0)
(1.13994 -0.0300035 0)
(1.12669 -0.0299826 0)
(1.11358 -0.02777 0)
(1.10135 -0.0232123 0)
(1.09149 -0.0161968 0)
(1.08505 -0.00682221 0)
(1.08381 0.00420824 0)
(1.088 0.0161465 0)
(1.09934 0.0281782 0)
(1.11814 0.0375294 0)
(1.14295 0.0393851 0)
(1.1663 0.0313419 0)
(1.18196 0.0155156 0)
(1.18499 -0.00260758 0)
(1.17747 -0.0188897 0)
(1.16018 -0.0307629 0)
(1.1376 -0.0370279 0)
(1.11255 -0.0361836 0)
(1.09115 -0.0309667 0)
(1.07137 -0.0212907 0)
(1.05858 -0.00242411 0)
(1.0638 0.0256548 0)
(1.09535 0.049224 0)
(1.1409 0.0514297 0)
(1.17743 0.0353626 0)
(1.19557 0.0106826 0)
(1.19144 -0.0115582 0)
(1.17316 -0.0257188 0)
(1.14836 -0.0335439 0)
(1.11748 -0.0316873 0)
(1.09647 -0.0277841 0)
(1.06978 -0.0122706 0)
(1.07656 0.00444488 0)
(1.07993 0.0142849 0)
(1.10647 0.02233 0)
(1.12299 0.00877841 0)
(1.15176 0.0216134 0)
(1.1569 0.01981 0)
(1.1616 0.0179502 0)
(1.16592 0.0160608 0)
(1.16982 0.0141568 0)
(1.17327 0.0122713 0)
(1.17624 0.0104505 0)
(1.17874 0.00873983 0)
(1.18082 0.00717204 0)
(1.18251 0.00576589 0)
(1.18387 0.00451991 0)
(1.18494 0.0034115 0)
(1.18579 0.00238741 0)
(1.18642 0.00136715 0)
(1.18684 0.000238004 0)
(1.18694 -0.00112458 0)
(1.18664 -0.00285664 0)
(1.18565 -0.00506083 0)
(1.18376 -0.00779686 0)
(1.18057 -0.0110289 0)
(1.17585 -0.0146178 0)
(1.16924 -0.0182944 0)
(1.1608 -0.0216906 0)
(1.15045 -0.0243553 0)
(1.13878 -0.0258631 0)
(1.12616 -0.0257983 0)
(1.11371 -0.0238518 0)
(1.10216 -0.0198835 0)
(1.09293 -0.0138102 0)
(1.08698 -0.00573137 0)
(1.08599 0.00376258 0)
(1.0902 0.0139822 0)
(1.10108 0.0241115 0)
(1.11853 0.0318337 0)
(1.14119 0.0332984 0)
(1.16248 0.0265736 0)
(1.17704 0.0132905 0)
(1.18012 -0.00207093 0)
(1.17341 -0.0160287 0)
(1.15732 -0.0262727 0)
(1.13617 -0.0317421 0)
(1.1124 -0.0311245 0)
(1.09192 -0.0265663 0)
(1.07342 -0.0179763 0)
(1.06224 -0.00170227 0)
(1.06776 0.0219577 0)
(1.09678 0.0417679 0)
(1.13868 0.043785 0)
(1.17288 0.0303848 0)
(1.19055 0.00945815 0)
(1.18744 -0.00968119 0)
(1.17046 -0.021994 0)
(1.14705 -0.02892 0)
(1.1172 -0.0273668 0)
(1.09718 -0.0239691 0)
(1.07153 -0.0106852 0)
(1.07768 0.00369729 0)
(1.08048 0.0120854 0)
(1.10516 0.0191683 0)
(1.12123 0.00761709 0)
(1.14999 0.0184349 0)
(1.15509 0.0169161 0)
(1.15979 0.0153478 0)
(1.16411 0.0137536 0)
(1.16803 0.0121462 0)
(1.17152 0.0105521 0)
(1.17455 0.009009 0)
(1.17713 0.00755418 0)
(1.17929 0.00621474 0)
(1.18106 0.00500573 0)
(1.1825 0.00392515 0)
(1.18362 0.0029537 0)
(1.1845 0.00204697 0)
(1.18512 0.00113871 0)
(1.18548 0.000136712 0)
(1.18548 -0.00106017 0)
(1.18504 -0.00256184 0)
(1.18388 -0.00444982 0)
(1.18184 -0.00677014 0)
(1.17853 -0.00949012 0)
(1.17377 -0.0124932 0)
(1.16724 -0.0155562 0)
(1.15899 -0.0183754 0)
(1.14899 -0.0205775 0)
(1.13777 -0.0218067 0)
(1.12569 -0.0217162 0)
(1.11382 -0.0200448 0)
(1.10285 -0.0166696 0)
(1.09418 -0.0115299 0)
(1.08864 -0.00472114 0)
(1.08787 0.0032694 0)
(1.09206 0.0118282 0)
(1.10252 0.0201904 0)
(1.1188 0.0264574 0)
(1.13965 0.0275944 0)
(1.15918 0.0220737 0)
(1.17278 0.0111374 0)
(1.17588 -0.0016197 0)
(1.16985 -0.013326 0)
(1.15479 -0.0219668 0)
(1.13488 -0.0266273 0)
(1.11224 -0.0261853 0)
(1.0926 -0.022297 0)
(1.07522 -0.014877 0)
(1.06539 -0.00115302 0)
(1.07111 0.0183949 0)
(1.09798 0.0347246 0)
(1.13677 0.0365074 0)
(1.16895 0.0255398 0)
(1.18618 0.0081563 0)
(1.18392 -0.00795184 0)
(1.16806 -0.0184104 0)
(1.14586 -0.0243838 0)
(1.11693 -0.0231119 0)
(1.09777 -0.0202232 0)
(1.07303 -0.00909217 0)
(1.07864 0.00301618 0)
(1.08095 0.0100168 0)
(1.10402 0.0160997 0)
(1.11967 0.00645828 0)
(1.14847 0.0152125 0)
(1.15354 0.0139725 0)
(1.15823 0.0126905 0)
(1.16256 0.0113871 0)
(1.1665 0.0100723 0)
(1.17001 0.00876696 0)
(1.17309 0.00750051 0)
(1.17573 0.00630299 0)
(1.17797 0.00519608 0)
(1.1798 0.00419159 0)
(1.1813 0.00328738 0)
(1.18247 0.00246751 0)
(1.18337 0.00169606 0)
(1.18397 0.000920069 0)
(1.18429 6.61863e-05 0)
(1.1842 -0.000945421 0)
(1.18364 -0.00220123 0)
(1.18235 -0.00376436 0)
(1.18019 -0.00566937 0)
(1.17678 -0.00788791 0)
(1.172 -0.0103252 0)
(1.16553 -0.0128015 0)
(1.15746 -0.0150733 0)
(1.14774 -0.0168404 0)
(1.1369 -0.0178144 0)
(1.12528 -0.0177146 0)
(1.11391 -0.0163274 0)
(1.10343 -0.0135495 0)
(1.09522 -0.00933787 0)
(1.09004 -0.00377815 0)
(1.08944 0.002737 0)
(1.0936 0.00968508 0)
(1.10367 0.0163922 0)
(1.11897 0.0213451 0)
(1.13833 0.0222067 0)
(1.15641 0.017798 0)
(1.1692 0.00904538 0)
(1.17229 -0.00123837 0)
(1.16681 -0.0107544 0)
(1.15262 -0.0178134 0)
(1.13376 -0.0216536 0)
(1.11209 -0.0213455 0)
(1.09319 -0.0181379 0)
(1.07676 -0.0119569 0)
(1.06802 -0.000747305 0)
(1.07388 0.014943 0)
(1.09896 0.0280229 0)
(1.13516 0.0295337 0)
(1.16563 0.0208037 0)
(1.18246 0.00678674 0)
(1.1809 -0.00634746 0)
(1.16598 -0.0149441 0)
(1.14483 -0.0199163 0)
(1.11669 -0.0189059 0)
(1.09827 -0.0165295 0)
(1.0743 -0.00748725 0)
(1.07944 0.00239237 0)
(1.08134 0.00805929 0)
(1.10305 0.013107 0)
(1.11833 0.00529997 0)
(1.14722 0.0119369 0)
(1.15225 0.0109731 0)
(1.15694 0.00997535 0)
(1.16128 0.00896037 0)
(1.16523 0.00793623 0)
(1.16877 0.0069183 0)
(1.17189 0.00592891 0)
(1.17458 0.00499098 0)
(1.17686 0.0041212 0)
(1.17876 0.00332845 0)
(1.1803 0.00261077 0)
(1.18151 0.0019556 0)
(1.18243 0.00133529 0)
(1.18302 0.000709327 0)
(1.18329 2.19619e-05 0)
(1.18314 -0.000787184 0)
(1.18248 -0.0017833 0)
(1.18109 -0.00301329 0)
(1.17882 -0.00450205 0)
(1.17535 -0.00622651 0)
(1.17054 -0.00811316 0)
(1.16413 -0.0100237 0)
(1.1562 -0.0117714 0)
(1.14671 -0.013126 0)
(1.13619 -0.0138642 0)
(1.12494 -0.0137695 0)
(1.11398 -0.0126755 0)
(1.10391 -0.0105004 0)
(1.09607 -0.00721437 0)
(1.09117 -0.0028891 0)
(1.09071 0.002172 0)
(1.09483 0.00754952 0)
(1.10457 0.0126901 0)
(1.11907 0.0164398 0)
(1.13724 0.0170675 0)
(1.15416 0.0136992 0)
(1.16629 0.00700225 0)
(1.16935 -0.00091184 0)
(1.16431 -0.0082854 0)
(1.15083 -0.0137778 0)
(1.13282 -0.0167868 0)
(1.11195 -0.0165797 0)
(1.09368 -0.0140638 0)
(1.07802 -0.00917865 0)
(1.07015 -0.000457918 0)
(1.07609 0.011576 0)
(1.09974 0.0215883 0)
(1.13385 0.0227967 0)
(1.16293 0.016148 0)
(1.17942 0.00535906 0)
(1.17842 -0.00484378 0)
(1.16426 -0.0115682 0)
(1.14397 -0.0154952 0)
(1.11649 -0.0147297 0)
(1.09866 -0.0128688 0)
(1.07532 -0.00586593 0)
(1.08008 0.0018159 0)
(1.08165 0.006191 0)
(1.10226 0.0101709 0)
(1.11722 0.00413922 0)
(1.14625 0.00861135 0)
(1.15126 0.00791958 0)
(1.15595 0.00720335 0)
(1.16028 0.006475 0)
(1.16425 0.00574031 0)
(1.1678 0.00500971 0)
(1.17095 0.00429866 0)
(1.17368 0.0036233 0)
(1.17601 0.0029955 0)
(1.17794 0.00242141 0)
(1.17952 0.00189947 0)
(1.18076 0.00142056 0)
(1.18168 0.000965083 0)
(1.18227 0.000504346 0)
(1.18251 -6.83806e-07 0)
(1.1823 -0.000592657 0)
(1.18158 -0.00131674 0)
(1.18011 -0.00220545 0)
(1.17777 -0.00327543 0)
(1.17424 -0.00450969 0)
(1.16942 -0.00585552 0)
(1.16305 -0.0072149 0)
(1.15523 -0.00845544 0)
(1.14593 -0.00941415 0)
(1.13565 -0.00993158 0)
(1.12468 -0.00985408 0)
(1.11403 -0.00906205 0)
(1.10427 -0.00749656 0)
(1.09671 -0.00513771 0)
(1.09204 -0.00204088 0)
(1.09167 0.00157939 0)
(1.09575 0.0054144 0)
(1.10523 0.00905326 0)
(1.11912 0.0116814 0)
(1.13639 0.0121068 0)
(1.15244 0.00972667 0)
(1.16407 0.00499289 0)
(1.1671 -0.000626108 0)
(1.16239 -0.00588902 0)
(1.14944 -0.00982161 0)
(1.13209 -0.0119882 0)
(1.11184 -0.0118569 0)
(1.09405 -0.0100445 0)
(1.07899 -0.00650334 0)
(1.07176 -0.000259364 0)
(1.07776 0.0082653 0)
(1.10032 0.0153431 0)
(1.13285 0.0162234 0)
(1.16087 0.01154 0)
(1.17708 0.00387841 0)
(1.1765 -0.00341584 0)
(1.16292 -0.00825277 0)
(1.14329 -0.0110946 0)
(1.11632 -0.0105606 0)
(1.09896 -0.00921971 0)
(1.0761 -0.00422337 0)
(1.08056 0.0012761 0)
(1.08188 0.0043882 0)
(1.10165 0.00726932 0)
(1.11637 0.00297208 0)
(1.14558 0.00520981 0)
(1.15057 0.00479539 0)
(1.15526 0.00436469 0)
(1.1596 0.00392599 0)
(1.16357 0.00348324 0)
(1.16714 0.00304256 0)
(1.17031 0.00261314 0)
(1.17306 0.00220462 0)
(1.17541 0.00182421 0)
(1.17737 0.00147553 0)
(1.17898 0.00115763 0)
(1.18023 0.000864873 0)
(1.18117 0.000585632 0)
(1.18174 0.000302631 0)
(1.18197 -7.10973e-06 0)
(1.18173 -0.000369396 0)
(1.18096 -0.000810467 0)
(1.17943 -0.00134974 0)
(1.17704 -0.00199655 0)
(1.17347 -0.00274059 0)
(1.16865 -0.00354985 0)
(1.16231 -0.00436583 0)
(1.15457 -0.00510899 0)
(1.14539 -0.00568218 0)
(1.13527 -0.0059892 0)
(1.1245 -0.00593832 0)
(1.11406 -0.00545693 0)
(1.10451 -0.00450982 0)
(1.09715 -0.00308499 0)
(1.09262 -0.00121791 0)
(1.09233 0.00096335 0)
(1.09638 0.00326863 0)
(1.10567 0.00544529 0)
(1.11915 0.00700569 0)
(1.13581 0.00725103 0)
(1.15127 0.00582728 0)
(1.16255 0.00299781 0)
(1.16556 -0.000368982 0)
(1.16107 -0.00353324 0)
(1.14849 -0.00590259 0)
(1.13158 -0.00721396 0)
(1.11175 -0.00714092 0)
(1.09431 -0.00604484 0)
(1.07966 -0.00389036 0)
(1.07286 -0.000125763 0)
(1.07888 0.0049772 0)
(1.1007 0.00920407 0)
(1.13217 0.00973674 0)
(1.15947 0.00694324 0)
(1.17548 0.00235018 0)
(1.17517 -0.00203702 0)
(1.162 -0.00496395 0)
(1.14282 -0.00668534 0)
(1.11621 -0.00637261 0)
(1.09916 -0.00555887 0)
(1.07663 -0.00255484 0)
(1.08089 0.000760792 0)
(1.08204 0.00262548 0)
(1.10123 0.00437694 0)
(1.11578 0.0017939 0)
(1.14524 0.00176056 0)
(1.15023 0.00161778 0)
(1.15491 0.00147072 0)
(1.15925 0.00132188 0)
(1.16322 0.00117238 0)
(1.1668 0.00102398 0)
(1.16997 0.000879559 0)
(1.17274 0.000742215 0)
(1.17511 0.000614321 0)
(1.17708 0.000497007 0)
(1.1787 0.000389942 0)
(1.17996 0.000291174 0)
(1.1809 0.000196854 0)
(1.18147 0.000101155 0)
(1.18169 -3.53125e-06 0)
(1.18143 -0.000125784 0)
(1.18063 -0.000274284 0)
(1.17908 -0.000455525 0)
(1.17666 -0.000672465 0)
(1.17308 -0.000921675 0)
(1.16826 -0.00119232 0)
(1.16193 -0.00146497 0)
(1.15423 -0.00171297 0)
(1.14511 -0.00190406 0)
(1.13508 -0.00200592 0)
(1.12441 -0.00198814 0)
(1.11408 -0.00182616 0)
(1.10464 -0.00150847 0)
(1.09738 -0.00103077 0)
(1.09292 -0.000405279 0)
(1.09267 0.000324993 0)
(1.0967 0.0010957 0)
(1.1059 0.00182175 0)
(1.11915 0.00233996 0)
(1.13551 0.00241988 0)
(1.15066 0.00194435 0)
(1.16177 0.00100063 0)
(1.16477 -0.000123034 0)
(1.16039 -0.00118066 0)
(1.14799 -0.00197336 0)
(1.13132 -0.00241345 0)
(1.11171 -0.00238977 0)
(1.09445 -0.00202254 0)
(1.08 -0.00129703 0)
(1.07342 -3.58266e-05 0)
(1.07945 0.00166704 0)
(1.10089 0.003075 0)
(1.13181 0.00325241 0)
(1.15874 0.00232135 0)
(1.17466 0.000787274 0)
(1.17449 -0.000678281 0)
(1.16152 -0.00166081 0)
(1.14257 -0.00223733 0)
(1.11615 -0.00213511 0)
(1.09926 -0.00186119 0)
(1.0769 -0.000856736 0)
(1.08106 0.0002538 0)
(1.08212 0.00087537 0)
(1.10101 0.0014648 0)
(1.11547 0.000600691 0)
(1.3213 0.207525 -9.88581e-21)
(1.32204 0.203347 5.60257e-20)
(1.32221 0.199101 -7.67506e-20)
(1.32168 0.19476 -2.25041e-20)
(1.32033 0.190294 -6.64999e-22)
(1.31799 0.185671 -5.01091e-20)
(1.31448 0.180854 2.55583e-20)
(1.30958 0.175808 -1.6935e-20)
(1.30305 0.170495 -1.28015e-19)
(1.29463 0.164883 4.78153e-20)
(1.28403 0.158945 -6.29348e-21)
(1.27095 0.152665 5.79977e-20)
(1.2551 0.146042 -2.40057e-20)
(1.23618 0.1391 6.21586e-20)
(1.21393 0.13189 5.71439e-21)
(1.18812 0.124505 8.01882e-21)
(1.15862 0.117089 -8.1823e-20)
(1.12535 0.109851 -5.51616e-20)
(1.08837 0.103094 1.91643e-19)
(1.04789 0.0972399 -3.49519e-21)
(1.00434 0.0928813 -3.25735e-20)
(0.958545 0.0908485 -6.80088e-20)
(0.911929 0.0923915 1.01516e-19)
(0.853968 0.0979817 7.44407e-20)
(1.3188 0.206557 -2.00723e-21)
(1.32025 0.202752 1.77468e-20)
(1.32127 0.198914 5.44041e-20)
(1.32179 0.195024 6.30498e-20)
(1.32172 0.191059 4.64179e-20)
(1.32092 0.186994 7.51342e-20)
(1.31926 0.182798 -1.66299e-20)
(1.31657 0.178438 2.20672e-20)
(1.31265 0.173881 3.80443e-20)
(1.30729 0.169091 -7.91167e-20)
(1.30023 0.164034 2.32151e-20)
(1.29122 0.158683 -2.61702e-20)
(1.27997 0.153017 6.69818e-20)
(1.2662 0.147031 2.83262e-20)
(1.24963 0.140739 -2.06917e-20)
(1.23001 0.134182 -6.74404e-20)
(1.20712 0.127438 7.7316e-20)
(1.18083 0.120632 3.94904e-20)
(1.15109 0.113951 -4.10894e-20)
(1.11795 0.107657 -1.63469e-20)
(1.08164 0.102103 2.68129e-20)
(1.04238 0.0977754 4.64765e-20)
(1.00219 0.0951304 -1.02679e-19)
(0.946615 0.094123 9.28263e-20)
(1.31552 0.205199 -1.08855e-20)
(1.31748 0.20171 -9.32423e-21)
(1.31914 0.198212 -7.84359e-20)
(1.32044 0.194694 -3.63884e-20)
(1.32131 0.191137 -1.00787e-19)
(1.32166 0.187524 -4.96861e-20)
(1.3214 0.183828 -5.08275e-20)
(1.32039 0.180023 6.70711e-20)
(1.31848 0.176076 -3.04697e-20)
(1.3155 0.171954 3.91397e-20)
(1.31124 0.167618 -7.9118e-20)
(1.30548 0.163032 -7.51403e-20)
(1.29796 0.15816 -6.61492e-20)
(1.28843 0.152973 -7.32011e-20)
(1.2766 0.14745 -1.62882e-20)
(1.26219 0.141583 7.36373e-20)
(1.24495 0.135386 -8.80621e-20)
(1.22463 0.128899 5.28768e-20)
(1.20105 0.122199 -1.21018e-20)
(1.17407 0.115408 -1.45992e-20)
(1.14373 0.108702 -1.08056e-20)
(1.10975 0.102391 -2.80456e-20)
(1.07517 0.0967597 1.18531e-19)
(1.02477 0.0917042 -3.95869e-20)
(1.31159 0.203458 2.43651e-20)
(1.31393 0.200228 -3.03515e-20)
(1.31605 0.197003 7.5732e-20)
(1.31791 0.193774 -9.40801e-20)
(1.31946 0.19053 8.99607e-20)
(1.32065 0.187256 1.11952e-19)
(1.32139 0.183933 1.27877e-19)
(1.3216 0.180538 -6.16283e-20)
(1.32116 0.177044 1.09006e-20)
(1.31994 0.17342 2.48501e-20)
(1.31778 0.16963 4.78677e-20)
(1.31449 0.165635 -6.10076e-20)
(1.30986 0.161395 -1.19439e-20)
(1.30366 0.156868 4.82047e-20)
(1.29564 0.152017 -1.15748e-19)
(1.28551 0.14681 3.39786e-21)
(1.27302 0.141225 9.85566e-20)
(1.25788 0.13526 -9.44512e-20)
(1.23986 0.128934 -2.42994e-21)
(1.21875 0.122307 1.21233e-19)
(1.19455 0.11547 -4.03695e-20)
(1.16667 0.108624 -5.69743e-20)
(1.13846 0.101971 5.71549e-20)
(1.09475 0.0949312 -2.62037e-20)
(1.30713 0.201362 -3.76083e-20)
(1.30976 0.198356 1.52057e-20)
(1.31222 0.19536 -1.01623e-20)
(1.31449 0.19237 7.55504e-20)
(1.31653 0.189377 1.60222e-20)
(1.31831 0.186373 -8.9561e-20)
(1.31977 0.183342 -1.82001e-20)
(1.32086 0.180269 -3.5521e-20)
(1.32148 0.177131 -4.85822e-21)
(1.32155 0.173904 -9.3389e-20)
(1.32094 0.170557 6.76149e-21)
(1.31951 0.167056 5.50399e-20)
(1.3171 0.163362 -1.4422e-20)
(1.3135 0.159435 -7.57022e-20)
(1.30851 0.155232 1.40748e-19)
(1.3019 0.150712 4.21853e-20)
(1.2934 0.145839 9.67745e-21)
(1.28276 0.140584 1.43137e-21)
(1.26973 0.134932 -5.77383e-20)
(1.25405 0.128889 4.08683e-20)
(1.23567 0.12247 8.51791e-20)
(1.21369 0.115741 3.55884e-20)
(1.19139 0.108868 -1.59569e-19)
(1.15462 0.100839 1.66486e-20)
(1.30226 0.198967 4.60939e-20)
(1.30511 0.196163 3.99393e-20)
(1.30782 0.193371 -1.08228e-20)
(1.31039 0.190589 7.71129e-22)
(1.31279 0.187812 -1.2656e-20)
(1.315 0.185033 -4.95894e-20)
(1.31698 0.182245 -7.43605e-20)
(1.31869 0.179434 9.09709e-20)
(1.32008 0.176586 2.78434e-20)
(1.32108 0.173681 1.47799e-21)
(1.32161 0.170696 -1.18248e-20)
(1.32155 0.167603 1.30389e-20)
(1.32079 0.164368 1.32043e-19)
(1.31917 0.160955 9.58095e-20)
(1.31653 0.157322 -1.40939e-19)
(1.31266 0.153425 -1.36685e-20)
(1.30736 0.149219 -5.54663e-20)
(1.30037 0.144658 -1.33686e-20)
(1.29147 0.1397 2.96028e-20)
(1.28034 0.134313 -8.89706e-20)
(1.26692 0.128468 -1.58886e-20)
(1.25019 0.122149 5.16009e-20)
(1.23322 0.115556 1.02285e-19)
(1.20348 0.107343 -3.31416e-20)
(1.29708 0.196311 -1.39173e-20)
(1.30008 0.193694 -4.06096e-21)
(1.30298 0.191088 4.96946e-20)
(1.30576 0.188493 -7.07831e-21)
(1.30843 0.185905 -3.31629e-20)
(1.31094 0.183322 9.55376e-20)
(1.3133 0.180738 2.92173e-20)
(1.31547 0.178144 -4.32042e-20)
(1.3174 0.175531 -4.47521e-20)
(1.31907 0.172883 -1.34526e-21)
(1.3204 0.170185 1.18558e-21)
(1.32132 0.167413 4.83167e-20)
(1.32175 0.164542 -2.78365e-20)
(1.32157 0.161538 -6.7025e-20)
(1.32066 0.158367 3.18594e-20)
(1.31885 0.154985 3.31885e-20)
(1.31597 0.151346 2.15897e-20)
(1.31181 0.147402 -1.19265e-20)
(1.30616 0.143101 -5.9965e-20)
(1.29872 0.138397 5.9015e-20)
(1.28947 0.133249 4.28505e-20)
(1.27737 0.127588 -1.03246e-19)
(1.26513 0.121645 5.82441e-21)
(1.24212 0.113845 2.0061e-21)
(1.29172 0.193428 -7.84172e-21)
(1.29481 0.190982 -1.00732e-20)
(1.29783 0.188547 -3.61949e-20)
(1.30076 0.186121 3.03496e-20)
(1.3036 0.183705 3.20681e-20)
(1.30634 0.181295 -5.06848e-20)
(1.30896 0.178887 4.2099e-20)
(1.31144 0.176477 3.48657e-20)
(1.31376 0.174058 1.78311e-20)
(1.31589 0.171619 9.65956e-20)
(1.31778 0.16915 -2.15911e-20)
(1.3194 0.166632 2.5246e-20)
(1.32066 0.164047 -8.02324e-21)
(1.32151 0.161369 7.00702e-20)
(1.32183 0.158569 2.33511e-20)
(1.32152 0.155611 -1.33234e-19)
(1.32044 0.152456 4.52629e-21)
(1.31842 0.149058 1.636e-20)
(1.31529 0.14537 7.90023e-20)
(1.3108 0.141339 -1.12351e-19)
(1.30492 0.136922 -9.49508e-20)
(1.29671 0.132014 1.14595e-19)
(1.28841 0.126859 -7.97026e-21)
(1.27141 0.119814 -5.05431e-20)
(1.28942 0.188062 -1.87974e-20)
(1.29249 0.185783 1.19633e-20)
(1.29551 0.183513 -3.00509e-20)
(1.29846 0.181252 -4.6631e-20)
(1.30134 0.178997 -7.76657e-21)
(1.30413 0.176748 -3.97903e-20)
(1.30683 0.1745 1.8588e-20)
(1.30941 0.172248 -1.64116e-21)
(1.31186 0.169987 -6.8169e-20)
(1.31414 0.167708 7.04838e-20)
(1.31623 0.165399 -6.34655e-20)
(1.31808 0.163046 -1.32783e-20)
(1.31965 0.160631 -7.96386e-20)
(1.32085 0.158133 3.64323e-21)
(1.32161 0.155523 1.24013e-19)
(1.32183 0.152769 1.84149e-20)
(1.32138 0.149834 2.92704e-20)
(1.32013 0.146675 -2.47854e-20)
(1.31788 0.14324 7.36658e-20)
(1.31459 0.139491 -2.20438e-20)
(1.30949 0.135309 3.78173e-20)
(1.3043 0.130939 4.18024e-20)
(1.29244 0.124816 9.36943e-20)
(1.28401 0.184971 2.15735e-21)
(1.2871 0.182834 -1.10284e-20)
(1.29015 0.180705 1.06597e-20)
(1.29315 0.178585 4.60365e-20)
(1.2961 0.176473 7.53918e-20)
(1.29899 0.174367 -3.81694e-20)
(1.30182 0.172264 -5.08986e-20)
(1.30457 0.170162 -2.30048e-20)
(1.30722 0.168056 8.02255e-20)
(1.30977 0.165941 -9.37967e-20)
(1.31218 0.163808 4.0551e-20)
(1.31443 0.161649 3.78031e-21)
(1.31649 0.159449 3.62504e-20)
(1.31829 0.157194 4.01702e-21)
(1.3198 0.154863 -8.83075e-20)
(1.32093 0.152431 -4.32356e-20)
(1.3216 0.149869 -8.9364e-20)
(1.3217 0.147143 -5.68808e-20)
(1.32108 0.144207 -4.13276e-20)
(1.31973 0.141032 8.05514e-20)
(1.31701 0.137505 -6.38901e-20)
(1.31423 0.133852 -1.72423e-21)
(1.30652 0.128679 -9.50921e-20)
(1.27867 0.181745 -8.38617e-21)
(1.28173 0.179735 -2.22258e-21)
(1.28477 0.177735 -2.25064e-20)
(1.28778 0.175743 -2.08083e-20)
(1.29075 0.17376 -7.22115e-20)
(1.29368 0.171783 9.18956e-20)
(1.29657 0.169812 -8.90923e-21)
(1.29941 0.167844 4.36991e-20)
(1.30219 0.165876 -6.00012e-20)
(1.3049 0.163905 9.46086e-20)
(1.30752 0.161924 3.08969e-20)
(1.31003 0.159928 -1.08054e-20)
(1.3124 0.157907 6.7454e-21)
(1.31461 0.155851 4.71263e-20)
(1.31662 0.153744 3.69183e-21)
(1.31838 0.151571 6.06586e-20)
(1.31981 0.149308 5.57049e-21)
(1.32087 0.14693 3.96319e-20)
(1.32142 0.144403 4.83237e-20)
(1.32145 0.141704 1.39863e-20)
(1.32052 0.138735 -6.06802e-20)
(1.3195 0.135689 4.15177e-21)
(1.31503 0.131397 4.83794e-20)
(1.27347 0.178414 1.66363e-20)
(1.27648 0.17652 1.40736e-20)
(1.27947 0.174635 -1.33635e-20)
(1.28244 0.17276 2.29213e-22)
(1.28539 0.170892 2.95547e-20)
(1.28832 0.169033 -6.73926e-20)
(1.29123 0.16718 -1.44825e-20)
(1.2941 0.165332 2.29306e-20)
(1.29693 0.163488 2.99009e-20)
(1.29972 0.161644 -8.11166e-20)
(1.30245 0.159796 -9.6219e-20)
(1.30511 0.157941 6.07377e-21)
(1.30769 0.156072 4.39436e-21)
(1.31016 0.154182 -1.5282e-20)
(1.31249 0.152261 7.06921e-21)
(1.31466 0.150298 1.10969e-20)
(1.31662 0.148275 -5.36993e-21)
(1.31832 0.146177 -3.05381e-20)
(1.31967 0.143976 -5.75666e-20)
(1.32068 0.141657 -1.68646e-20)
(1.32102 0.139141 -2.27594e-20)
(1.32127 0.136587 1.53637e-21)
(1.3192 0.133052 1.45512e-20)
(1.26842 0.174999 -1.79254e-20)
(1.27136 0.173212 7.06303e-21)
(1.27429 0.171433 -1.66973e-21)
(1.27721 0.169663 2.40965e-21)
(1.28011 0.167901 9.15159e-21)
(1.283 0.166148 4.11217e-20)
(1.28588 0.164402 2.7961e-20)
(1.28874 0.162662 -8.17969e-21)
(1.29157 0.160928 -4.56874e-20)
(1.29438 0.159197 3.76006e-20)
(1.29716 0.157468 4.08643e-21)
(1.2999 0.155736 -2.6563e-20)
(1.30258 0.153998 1.88692e-20)
(1.3052 0.15225 -3.46405e-20)
(1.30773 0.150483 2.18215e-20)
(1.31015 0.148692 -3.23818e-20)
(1.31244 0.146864 9.05299e-20)
(1.31457 0.144987 2.11977e-20)
(1.31646 0.143044 4.43583e-20)
(1.31813 0.141024 5.49996e-20)
(1.31934 0.138867 7.79081e-20)
(1.32047 0.136698 -1.09503e-19)
(1.32012 0.133781 -1.11931e-20)
(1.26352 0.171518 9.73809e-21)
(1.26639 0.169829 9.99025e-21)
(1.26925 0.168149 3.49027e-21)
(1.2721 0.166476 -2.0946e-20)
(1.27494 0.164811 1.22214e-20)
(1.27778 0.163155 -2.63861e-22)
(1.2806 0.161506 6.08993e-21)
(1.28342 0.159864 -3.62399e-20)
(1.28622 0.158229 4.56636e-20)
(1.28901 0.156599 -3.73455e-20)
(1.29178 0.154974 8.23934e-20)
(1.29453 0.15335 1.04201e-20)
(1.29726 0.151726 -6.27993e-20)
(1.29994 0.150099 -3.3926e-20)
(1.30257 0.148463 3.58645e-21)
(1.30514 0.146814 -4.29345e-20)
(1.30763 0.145144 -4.79531e-21)
(1.31001 0.143446 -1.89009e-20)
(1.31225 0.141707 -1.49433e-20)
(1.31434 0.139921 -7.24581e-20)
(1.31614 0.138044 -3.95921e-20)
(1.31785 0.136172 9.35693e-20)
(1.31869 0.133739 8.3865e-21)
(1.25877 0.167978 4.48128e-21)
(1.26157 0.166384 -1.26144e-21)
(1.26436 0.164796 1.56808e-20)
(1.26714 0.163214 1.34622e-20)
(1.26991 0.16164 -2.03621e-20)
(1.27268 0.160073 -3.36996e-20)
(1.27544 0.158513 -1.38085e-20)
(1.27819 0.156961 3.16035e-23)
(1.28094 0.155416 -1.16973e-20)
(1.28369 0.153878 1.88897e-20)
(1.28642 0.152345 -1.86808e-20)
(1.28915 0.150817 1.45305e-20)
(1.29186 0.149293 2.48867e-20)
(1.29455 0.147769 -1.17054e-20)
(1.29722 0.146244 3.71585e-21)
(1.29985 0.144714 5.13098e-20)
(1.30243 0.143175 6.47025e-21)
(1.30495 0.141621 2.59399e-20)
(1.30739 0.140044 2.02413e-20)
(1.30973 0.138441 -2.78526e-20)
(1.3119 0.136781 4.40135e-20)
(1.31398 0.135137 -1.17735e-20)
(1.31561 0.133075 -4.66571e-20)
(1.25415 0.164386 2.17852e-21)
(1.25688 0.162881 1.02702e-21)
(1.2596 0.161382 -1.10986e-20)
(1.26231 0.159888 1.77063e-20)
(1.26501 0.158399 -4.78135e-21)
(1.26771 0.156917 -1.40013e-20)
(1.2704 0.155441 -1.25214e-20)
(1.27308 0.153972 -1.64287e-20)
(1.27577 0.15251 3.15441e-20)
(1.27845 0.151054 -1.82753e-20)
(1.28113 0.149606 -3.93414e-20)
(1.28381 0.148163 4.48905e-21)
(1.28648 0.146726 1.36593e-20)
(1.28914 0.145294 -1.1833e-20)
(1.29179 0.143863 -4.27019e-20)
(1.29442 0.142434 1.87159e-20)
(1.29703 0.141003 -4.64905e-20)
(1.29961 0.139567 1.5334e-20)
(1.30215 0.13812 -3.36601e-20)
(1.30462 0.136661 -1.77205e-20)
(1.30701 0.135169 -5.9594e-20)
(1.3093 0.133699 -6.33617e-20)
(1.31141 0.131916 5.05896e-20)
(1.24963 0.160746 -1.894e-20)
(1.25229 0.159328 -1.80382e-20)
(1.25495 0.157913 -1.25455e-20)
(1.25759 0.156502 -5.58215e-21)
(1.26022 0.155095 9.85612e-21)
(1.26285 0.153694 3.41353e-20)
(1.26548 0.152298 3.70731e-20)
(1.2681 0.150907 5.99336e-20)
(1.27071 0.149523 -6.69317e-20)
(1.27333 0.148146 4.83346e-20)
(1.27594 0.146774 7.3475e-22)
(1.27855 0.14541 -1.14186e-20)
(1.28117 0.144051 4.81313e-20)
(1.28378 0.142699 1.75672e-20)
(1.28638 0.141351 2.98887e-20)
(1.28898 0.140008 -7.87481e-20)
(1.29158 0.138668 -7.07141e-21)
(1.29416 0.137329 2.99913e-20)
(1.29671 0.135987 -1.26821e-20)
(1.29924 0.134642 8.80934e-20)
(1.30172 0.133281 3.3899e-22)
(1.30413 0.131944 7.46154e-20)
(1.30652 0.130372 1.88835e-20)
(1.24521 0.157064 3.19572e-20)
(1.24781 0.155727 -1.73966e-21)
(1.25039 0.154394 2.27648e-20)
(1.25297 0.153063 -8.91299e-21)
(1.25554 0.151735 -1.39388e-20)
(1.2581 0.150411 -1.98744e-20)
(1.26066 0.149091 5.88155e-21)
(1.26322 0.147776 -6.75032e-20)
(1.26577 0.146466 3.91229e-20)
(1.26831 0.145162 1.6167e-20)
(1.27086 0.143863 1.23445e-20)
(1.27341 0.142571 -9.80298e-21)
(1.27595 0.141285 -5.88035e-20)
(1.2785 0.140005 4.65673e-20)
(1.28105 0.138731 -8.72136e-21)
(1.2836 0.137463 5.07178e-20)
(1.28614 0.136201 -7.39695e-21)
(1.28868 0.134943 -7.36492e-20)
(1.29122 0.133688 2.71401e-20)
(1.29374 0.132435 -3.74491e-20)
(1.29625 0.131176 -3.00471e-21)
(1.29869 0.129943 -4.72739e-20)
(1.30121 0.128528 -2.04072e-20)
(1.24087 0.153342 -1.93514e-20)
(1.2434 0.152084 -9.95738e-21)
(1.24593 0.150828 -1.88485e-20)
(1.24844 0.149574 1.42629e-20)
(1.25095 0.148321 -1.93581e-20)
(1.25345 0.147072 2.89918e-20)
(1.25594 0.145826 -6.35637e-20)
(1.25843 0.144583 5.38155e-20)
(1.26092 0.143344 2.84933e-20)
(1.2634 0.14211 -2.65916e-20)
(1.26588 0.140881 -1.40289e-20)
(1.26836 0.139657 -3.26156e-20)
(1.27084 0.138438 3.01673e-20)
(1.27332 0.137226 8.16239e-21)
(1.2758 0.136019 4.71131e-20)
(1.27829 0.134819 7.9822e-21)
(1.28078 0.133626 6.30919e-20)
(1.28326 0.132438 6.06382e-20)
(1.28575 0.131256 5.18482e-20)
(1.28824 0.130079 4.60618e-20)
(1.29072 0.128902 5.18484e-20)
(1.29315 0.127751 -3.3e-20)
(1.2957 0.126455 -4.85047e-20)
(1.23661 0.149587 1.6187e-20)
(1.23908 0.148404 9.66197e-21)
(1.24154 0.147221 4.60569e-21)
(1.24399 0.14604 -1.47082e-20)
(1.24643 0.14486 -2.31629e-22)
(1.24887 0.143682 -9.2572e-21)
(1.2513 0.142506 3.81607e-20)
(1.25373 0.141333 -3.14007e-20)
(1.25615 0.140163 -3.17344e-20)
(1.25857 0.138996 -1.22092e-20)
(1.26099 0.137833 2.06103e-20)
(1.26341 0.136674 8.28615e-21)
(1.26582 0.13552 2.63809e-20)
(1.26824 0.134372 -3.62015e-20)
(1.27065 0.133228 -5.05139e-20)
(1.27307 0.132091 -3.31601e-20)
(1.27549 0.130959 -7.85684e-20)
(1.27792 0.129834 -4.27036e-20)
(1.28035 0.128716 -4.13057e-20)
(1.28277 0.127604 -7.34942e-20)
(1.28521 0.126495 -6.21486e-21)
(1.2876 0.125411 4.07076e-20)
(1.29012 0.124206 4.72355e-21)
(1.23241 0.145804 -6.68277e-21)
(1.23482 0.144691 4.31233e-22)
(1.23721 0.143578 -1.46493e-20)
(1.2396 0.142466 1.44806e-20)
(1.24199 0.141355 1.42783e-20)
(1.24436 0.140245 4.31891e-21)
(1.24674 0.139137 1.0987e-20)
(1.2491 0.13803 4.51277e-20)
(1.25147 0.136926 2.33676e-20)
(1.25382 0.135824 4.23051e-21)
(1.25618 0.134725 -9.37176e-21)
(1.25853 0.133629 2.29827e-20)
(1.26089 0.132537 -4.53077e-20)
(1.26324 0.131449 3.22979e-20)
(1.26559 0.130366 -1.15826e-20)
(1.26794 0.129287 -2.94002e-20)
(1.2703 0.128214 5.33753e-20)
(1.27266 0.127147 -1.66169e-20)
(1.27502 0.126086 -1.28753e-20)
(1.27739 0.125032 4.21372e-20)
(1.27976 0.123982 1.90763e-20)
(1.28209 0.122954 -4.39609e-21)
(1.28456 0.121823 -4.47928e-21)
(1.22829 0.141997 1.77181e-21)
(1.23063 0.140951 1.68488e-20)
(1.23296 0.139905 9.93763e-21)
(1.23529 0.138859 4.47206e-21)
(1.23761 0.137813 -5.3587e-21)
(1.23992 0.136768 -5.20012e-21)
(1.24223 0.135724 -2.6401e-21)
(1.24454 0.134681 -1.49942e-20)
(1.24684 0.133639 -3.64703e-20)
(1.24914 0.132599 5.88187e-22)
(1.25144 0.131561 -2.2866e-21)
(1.25373 0.130526 -1.49983e-20)
(1.25602 0.129494 -6.29941e-21)
(1.25831 0.128464 -1.41624e-20)
(1.2606 0.127438 6.63935e-20)
(1.26289 0.126417 1.79908e-20)
(1.26518 0.125399 -1.02651e-20)
(1.26748 0.124387 3.00117e-20)
(1.26978 0.123379 -5.22855e-21)
(1.27207 0.122378 -1.58326e-20)
(1.27438 0.121381 -1.97252e-20)
(1.27665 0.120404 -9.41501e-21)
(1.27905 0.119334 3.90134e-20)
(1.22422 0.138173 -6.0201e-21)
(1.22649 0.137189 -5.57788e-21)
(1.22876 0.136206 4.61545e-21)
(1.23103 0.135222 -1.40238e-20)
(1.23329 0.134238 3.63181e-22)
(1.23554 0.133255 1.24013e-21)
(1.23779 0.132272 3.05505e-21)
(1.24004 0.131289 -1.85475e-20)
(1.24228 0.130308 2.32652e-20)
(1.24452 0.129327 -6.16577e-21)
(1.24676 0.128348 -9.19834e-21)
(1.24899 0.127371 9.51649e-21)
(1.25122 0.126396 8.42187e-21)
(1.25345 0.125422 -1.96681e-20)
(1.25568 0.124452 -3.62443e-20)
(1.25791 0.123485 2.1201e-20)
(1.26014 0.122521 1.25199e-21)
(1.26237 0.12156 1.34344e-21)
(1.2646 0.120604 2.22349e-20)
(1.26684 0.119653 -2.67445e-20)
(1.26908 0.118706 -3.23727e-20)
(1.27128 0.117775 2.22674e-20)
(1.27361 0.116762 -6.52798e-21)
(1.22021 0.134335 6.58161e-21)
(1.22242 0.133411 -4.94229e-21)
(1.22463 0.132487 -1.33783e-21)
(1.22683 0.131562 -9.7e-22)
(1.22903 0.130637 4.52367e-21)
(1.23122 0.129712 7.03804e-21)
(1.23341 0.128786 -1.51252e-20)
(1.2356 0.127862 -7.99116e-21)
(1.23778 0.126937 -1.66416e-20)
(1.23996 0.126013 -5.09608e-21)
(1.24213 0.125091 1.5302e-21)
(1.24431 0.124169 1.1127e-20)
(1.24648 0.123248 2.69547e-20)
(1.24865 0.122329 1.27094e-20)
(1.25082 0.121412 -2.13403e-21)
(1.25299 0.120497 -3.76151e-20)
(1.25515 0.119585 1.73596e-20)
(1.25732 0.118675 4.264e-20)
(1.25949 0.117768 -2.55936e-20)
(1.26166 0.116865 -1.02396e-20)
(1.26384 0.115965 3.98414e-20)
(1.26598 0.11508 -6.4993e-21)
(1.26823 0.114118 -8.23233e-21)
(1.21627 0.13049 -1.78039e-21)
(1.21841 0.129622 -6.29523e-21)
(1.22055 0.128753 -5.21064e-21)
(1.22269 0.127884 1.19612e-21)
(1.22483 0.127014 -1.66646e-20)
(1.22696 0.126144 -1.22273e-21)
(1.22909 0.125274 1.00774e-20)
(1.23121 0.124404 3.94294e-21)
(1.23333 0.123534 1.16833e-20)
(1.23545 0.122664 4.85804e-21)
(1.23756 0.121794 4.48548e-21)
(1.23968 0.120925 1.37081e-20)
(1.24179 0.120057 -2.2567e-20)
(1.2439 0.11919 -1.44023e-20)
(1.24601 0.118324 3.33128e-20)
(1.24812 0.11746 2.74051e-20)
(1.25023 0.116597 8.55751e-21)
(1.25233 0.115736 -6.45844e-20)
(1.25444 0.114877 3.65807e-20)
(1.25655 0.114022 4.71809e-20)
(1.25867 0.113168 -9.39213e-21)
(1.26074 0.112326 7.50155e-21)
(1.26292 0.111414 -7.9663e-22)
(1.21237 0.126641 -3.60655e-21)
(1.21446 0.125825 1.38138e-21)
(1.21654 0.125009 7.58643e-21)
(1.21861 0.124193 9.01528e-21)
(1.22068 0.123375 5.27344e-22)
(1.22275 0.122558 -1.26496e-20)
(1.22482 0.121739 -1.54212e-20)
(1.22688 0.120921 -1.05662e-20)
(1.22894 0.120102 1.48928e-20)
(1.231 0.119284 -1.29716e-21)
(1.23305 0.118465 -3.88186e-21)
(1.23511 0.117647 -1.57244e-20)
(1.23716 0.116829 3.40603e-20)
(1.23921 0.116011 8.60559e-21)
(1.24126 0.115194 -3.66738e-21)
(1.2433 0.114378 3.90128e-21)
(1.24535 0.113563 -2.90238e-20)
(1.2474 0.11275 2.30001e-21)
(1.24945 0.111938 -4.11861e-20)
(1.25149 0.111127 3.60893e-21)
(1.25354 0.110318 2.38003e-20)
(1.25556 0.109519 -1.0926e-20)
(1.25767 0.108656 3.30049e-20)
(1.20854 0.122792 1.98236e-21)
(1.21056 0.122026 -6.70341e-22)
(1.21257 0.12126 2.66979e-21)
(1.21459 0.120493 -9.64469e-21)
(1.21659 0.119725 2.91284e-21)
(1.2186 0.118957 3.53855e-21)
(1.2206 0.118188 1.4186e-20)
(1.22261 0.117418 1.13662e-20)
(1.2246 0.116649 -1.22354e-20)
(1.2266 0.115879 1.53612e-20)
(1.2286 0.115108 -2.59831e-20)
(1.23059 0.114338 2.1967e-21)
(1.23258 0.113568 -1.81414e-20)
(1.23457 0.112798 8.06724e-22)
(1.23656 0.112028 -4.2298e-20)
(1.23854 0.111258 2.79057e-21)
(1.24053 0.11049 -5.58342e-21)
(1.24252 0.109721 5.49152e-20)
(1.2445 0.108954 3.37405e-20)
(1.24649 0.108188 -5.43445e-21)
(1.24848 0.107422 -2.31692e-20)
(1.25044 0.106665 1.24596e-20)
(1.25248 0.105849 -1.77278e-20)
(1.20476 0.118948 -6.90234e-21)
(1.20672 0.118229 -6.43852e-21)
(1.20867 0.11751 4.71964e-22)
(1.21062 0.116789 1.35551e-20)
(1.21256 0.116068 1.55966e-20)
(1.21451 0.115346 -9.2867e-21)
(1.21645 0.114624 -5.2222e-21)
(1.21839 0.113901 -5.49336e-21)
(1.22033 0.113178 7.23864e-21)
(1.22226 0.112454 1.02154e-20)
(1.2242 0.111729 2.07947e-20)
(1.22613 0.111005 1.89642e-20)
(1.22806 0.11028 -2.87744e-21)
(1.22999 0.109555 -2.58551e-20)
(1.23191 0.10883 2.75968e-20)
(1.23384 0.108105 -2.23447e-20)
(1.23577 0.107381 3.55567e-20)
(1.23769 0.106656 -5.12213e-20)
(1.23962 0.105932 -9.82181e-21)
(1.24154 0.105209 -1.9279e-20)
(1.24347 0.104486 2.9731e-20)
(1.24536 0.103769 2.65808e-21)
(1.24734 0.102999 1.74723e-21)
(1.20104 0.115111 4.86176e-21)
(1.20293 0.114437 5.42018e-21)
(1.20482 0.113761 6.16257e-21)
(1.20671 0.113085 -1.20444e-20)
(1.20859 0.112408 -1.60357e-21)
(1.21048 0.111731 4.64257e-21)
(1.21236 0.111053 -4.15688e-21)
(1.21423 0.110374 1.12217e-20)
(1.21611 0.109694 -1.73396e-20)
(1.21798 0.109014 -9.68013e-21)
(1.21986 0.108333 7.23233e-21)
(1.22173 0.107652 -7.40184e-21)
(1.2236 0.106971 -5.39508e-21)
(1.22546 0.106289 3.05307e-20)
(1.22733 0.105607 -2.42912e-20)
(1.2292 0.104925 1.93956e-20)
(1.23106 0.104242 -4.4957e-20)
(1.23292 0.10356 4.28112e-20)
(1.23479 0.102877 -2.10181e-20)
(1.23665 0.102195 2.83745e-20)
(1.23851 0.101513 -5.25173e-20)
(1.24035 0.100836 -1.1743e-20)
(1.24226 0.100111 -5.83198e-22)
(1.19738 0.111285 -3.17656e-21)
(1.19921 0.110652 1.70221e-21)
(1.20103 0.110019 -1.53075e-20)
(1.20286 0.109385 -3.3876e-22)
(1.20468 0.10875 -4.98704e-21)
(1.2065 0.108114 1.21888e-20)
(1.20832 0.107477 8.04253e-21)
(1.21014 0.10684 6.06364e-21)
(1.21195 0.106202 4.72553e-21)
(1.21377 0.105563 -3.11062e-21)
(1.21558 0.104924 1.9245e-21)
(1.21739 0.104285 -8.74686e-21)
(1.21919 0.103644 8.88359e-21)
(1.221 0.103004 -3.72241e-20)
(1.22281 0.102362 2.8675e-20)
(1.22461 0.101721 -1.78835e-20)
(1.22642 0.101079 4.24989e-20)
(1.22822 0.100437 -3.93809e-20)
(1.23002 0.0997943 1.66011e-20)
(1.23182 0.0991518 -3.0451e-20)
(1.23362 0.0985088 4.37639e-20)
(1.2354 0.0978702 -2.08005e-20)
(1.23724 0.0971888 2.01829e-20)
(1.19377 0.107472 4.9946e-21)
(1.19554 0.106879 -1.784e-21)
(1.19731 0.106285 8.46001e-21)
(1.19907 0.105691 5.26743e-21)
(1.20083 0.105095 -1.36706e-21)
(1.20259 0.104499 -3.39098e-21)
(1.20435 0.103902 -4.43865e-21)
(1.2061 0.103304 -2.33189e-21)
(1.20786 0.102705 1.38761e-20)
(1.20961 0.102106 4.42963e-21)
(1.21136 0.101506 -2.42184e-21)
(1.21311 0.100906 -1.203e-20)
(1.21486 0.100305 -2.36261e-21)
(1.2166 0.0997032 1.49501e-20)
(1.21835 0.099101 -7.75746e-22)
(1.22009 0.0984982 1.33135e-22)
(1.22184 0.097895 -1.70021e-20)
(1.22358 0.0972913 1.01544e-20)
(1.22532 0.0966872 -7.98995e-21)
(1.22706 0.0960828 2.29891e-20)
(1.2288 0.0954777 -4.75826e-22)
(1.23051 0.0948762 1.48004e-20)
(1.23229 0.0942365 -3.17647e-20)
(1.19022 0.103676 -7.95695e-21)
(1.19193 0.10312 8.65749e-21)
(1.19364 0.102563 -7.92543e-21)
(1.19534 0.102006 3.34808e-21)
(1.19704 0.101448 6.22174e-21)
(1.19874 0.100889 -1.39382e-20)
(1.20044 0.100329 3.01015e-21)
(1.20213 0.0997687 -8.46479e-22)
(1.20383 0.0992076 -1.3944e-20)
(1.20552 0.0986458 4.42161e-21)
(1.20721 0.0980833 -9.05694e-21)
(1.2089 0.0975202 1.80303e-20)
(1.21059 0.0969563 5.03066e-21)
(1.21228 0.0963919 -1.87472e-21)
(1.21396 0.0958267 1.61058e-21)
(1.21564 0.095261 1.62283e-20)
(1.21733 0.0946947 9.37418e-21)
(1.21901 0.0941278 2.57544e-20)
(1.22069 0.0935603 2.70978e-21)
(1.22236 0.0929924 -1.3749e-20)
(1.22404 0.0924237 -2.03044e-21)
(1.2257 0.0918578 -3.1802e-21)
(1.22741 0.0912582 -2.75534e-21)
(1.18674 0.0998964 3.32202e-21)
(1.18838 0.0993758 -3.05943e-21)
(1.19003 0.0988545 4.37593e-21)
(1.19167 0.0983324 2.06096e-21)
(1.19332 0.0978096 -2.65826e-21)
(1.19496 0.0972861 1.1292e-20)
(1.19659 0.0967619 -9.11646e-21)
(1.19823 0.096237 5.05481e-21)
(1.19987 0.0957114 3.84802e-21)
(1.2015 0.0951851 -2.22031e-21)
(1.20313 0.0946581 2.18409e-21)
(1.20476 0.0941304 -1.8448e-20)
(1.20639 0.093602 3.46454e-22)
(1.20802 0.0930729 -6.93744e-21)
(1.20964 0.0925431 -1.80554e-21)
(1.21127 0.0920126 -7.75634e-21)
(1.21289 0.0914815 -1.41272e-20)
(1.21451 0.0909497 -1.09633e-20)
(1.21613 0.0904173 -1.56025e-20)
(1.21774 0.0898843 -2.23804e-21)
(1.21936 0.0893505 9.57981e-23)
(1.22096 0.0888187 8.59742e-21)
(1.22261 0.0882576 1.99811e-20)
(1.18331 0.0961364 4.3516e-21)
(1.1849 0.0956491 -4.18686e-21)
(1.18648 0.0951612 4.91294e-21)
(1.18807 0.0946726 -5.56492e-21)
(1.18966 0.0941833 -5.11199e-21)
(1.19124 0.0936934 -4.87454e-21)
(1.19282 0.0932028 -1.52914e-21)
(1.1944 0.0927115 -3.47297e-21)
(1.19598 0.0922195 2.33017e-21)
(1.19755 0.0917268 -1.11879e-20)
(1.19912 0.0912335 1.56357e-21)
(1.2007 0.0907394 6.93798e-21)
(1.20227 0.0902447 -7.07775e-21)
(1.20383 0.0897492 -8.69878e-23)
(1.2054 0.0892531 3.37766e-21)
(1.20696 0.0887562 -7.64177e-21)
(1.20853 0.0882586 5.34597e-21)
(1.21009 0.0877604 9.74348e-21)
(1.21165 0.0872614 4.09258e-20)
(1.2132 0.0867618 4.81117e-21)
(1.21476 0.0862613 4.50209e-21)
(1.2163 0.0857623 -7.88627e-21)
(1.21789 0.0852379 6.17534e-21)
(1.17994 0.0923968 -1.7632e-21)
(1.18147 0.0919411 -3.22009e-21)
(1.18301 0.0914847 -6.98036e-21)
(1.18453 0.0910278 4.87936e-23)
(1.18606 0.0905703 8.23323e-21)
(1.18759 0.0901121 1.24445e-20)
(1.18911 0.0896533 6.21054e-21)
(1.19064 0.0891939 7.91975e-22)
(1.19216 0.0887339 3.02268e-21)
(1.19367 0.0882731 2.11184e-21)
(1.19519 0.0878117 -1.09327e-21)
(1.1967 0.0873497 -4.47452e-21)
(1.19822 0.0868869 5.60426e-22)
(1.19973 0.0864234 -5.16643e-21)
(1.20123 0.0859592 -2.19865e-21)
(1.20274 0.0854944 7.28357e-21)
(1.20425 0.0850288 -1.24307e-20)
(1.20575 0.0845624 -1.21813e-20)
(1.20725 0.0840954 -1.7095e-20)
(1.20875 0.0836276 -2.10037e-21)
(1.21024 0.083159 -3.1987e-20)
(1.21172 0.0826914 -1.37733e-21)
(1.21325 0.0822019 -1.41285e-20)
(1.17664 0.0886783 9.16022e-21)
(1.17812 0.0882525 9.52104e-22)
(1.17959 0.0878261 -2.37243e-21)
(1.18107 0.0873992 6.8477e-21)
(1.18254 0.0869718 -9.62162e-21)
(1.18401 0.0865438 -9.34732e-21)
(1.18548 0.0861152 -1.63787e-21)
(1.18695 0.085686 -2.59915e-21)
(1.18841 0.0852562 -3.36951e-21)
(1.18987 0.0848258 1.59089e-21)
(1.19133 0.0843947 -2.33827e-21)
(1.19279 0.083963 1.71762e-21)
(1.19425 0.0835306 -2.30711e-21)
(1.1957 0.0830976 9.94515e-21)
(1.19715 0.0826638 7.06309e-21)
(1.1986 0.0822293 -2.50093e-21)
(1.20005 0.0817942 1.23151e-20)
(1.20149 0.0813582 9.8348e-21)
(1.20294 0.0809216 -5.7305e-21)
(1.20438 0.0804842 4.24586e-21)
(1.20582 0.080046 9.21848e-21)
(1.20724 0.0796084 2.47786e-22)
(1.2087 0.0791523 5.7413e-21)
(1.1734 0.0849816 -7.51087e-21)
(1.17483 0.0845841 1.04092e-21)
(1.17625 0.0841861 -2.08313e-21)
(1.17767 0.0837877 -6.17822e-21)
(1.17909 0.0833887 -1.75127e-21)
(1.18051 0.0829893 1.78612e-21)
(1.18192 0.0825893 1.68392e-21)
(1.18333 0.0821888 -9.09308e-22)
(1.18474 0.0817877 2.11043e-21)
(1.18615 0.0813861 5.65135e-22)
(1.18756 0.0809838 2.75489e-21)
(1.18896 0.080581 1.16384e-20)
(1.19036 0.0801775 7.37009e-21)
(1.19176 0.0797733 -2.41374e-21)
(1.19316 0.0793685 -8.03662e-21)
(1.19455 0.0789629 -2.04672e-21)
(1.19594 0.0785567 -4.17447e-21)
(1.19733 0.0781498 -5.21056e-21)
(1.19871 0.0777421 3.69452e-22)
(1.2001 0.0773337 -5.35471e-21)
(1.20148 0.0769244 8.20302e-21)
(1.20285 0.0765155 1.34474e-21)
(1.20425 0.0760911 -1.40814e-20)
(1.17023 0.0813067 4.94125e-21)
(1.1716 0.080936 5.70337e-21)
(1.17298 0.080565 5.49312e-21)
(1.17435 0.0801935 2.54949e-21)
(1.17571 0.0798216 -5.17002e-21)
(1.17708 0.0794493 1.23171e-20)
(1.17844 0.0790765 -4.69009e-21)
(1.1798 0.0787032 -5.15945e-22)
(1.18116 0.0783294 1.32629e-21)
(1.18251 0.0779551 -3.56463e-21)
(1.18386 0.0775802 -9.8247e-22)
(1.18521 0.0772047 -5.41145e-21)
(1.18656 0.0768286 -1.2551e-21)
(1.18791 0.0764519 -7.61186e-21)
(1.18925 0.0760746 5.77528e-21)
(1.19059 0.0756966 -2.99713e-21)
(1.19192 0.0753179 -6.82646e-21)
(1.19326 0.0749385 -5.41941e-21)
(1.19459 0.0745584 8.84574e-21)
(1.19592 0.0741775 3.57275e-21)
(1.19724 0.0737959 3.72866e-22)
(1.19855 0.0734144 4.97044e-22)
(1.1999 0.07302 8.42359e-21)
(1.16713 0.0776534 2.43542e-21)
(1.16846 0.0773083 -8.22983e-21)
(1.16978 0.0769628 1.09187e-21)
(1.1711 0.0766169 4.5299e-22)
(1.17241 0.0762707 1.11553e-21)
(1.17373 0.0759241 -1.92252e-21)
(1.17504 0.0755771 -4.19473e-21)
(1.17635 0.0752297 -3.5849e-21)
(1.17765 0.0748817 -5.81001e-21)
(1.17896 0.0745333 2.21576e-21)
(1.18026 0.0741844 3.38028e-21)
(1.18156 0.0738349 2.90725e-21)
(1.18285 0.0734849 -3.67996e-21)
(1.18414 0.0731343 1.15263e-20)
(1.18543 0.0727831 -1.0015e-21)
(1.18672 0.0724312 -4.75422e-21)
(1.188 0.0720787 5.93519e-21)
(1.18928 0.0717255 6.79954e-21)
(1.19056 0.0713717 -7.3967e-21)
(1.19184 0.0710171 -4.09799e-21)
(1.19311 0.0706617 -5.17535e-21)
(1.19437 0.0703062 -3.72219e-21)
(1.19566 0.0699404 3.00123e-21)
(1.16411 0.0740213 5.10889e-22)
(1.16538 0.0737004 2.72317e-22)
(1.16666 0.0733791 5.48702e-21)
(1.16793 0.0730576 1.69451e-21)
(1.16919 0.0727358 4.3913e-21)
(1.17046 0.0724136 1.92063e-21)
(1.17172 0.0720911 1.77491e-21)
(1.17298 0.0717681 8.89788e-21)
(1.17424 0.0714448 2.22516e-21)
(1.17549 0.071121 -1.61046e-21)
(1.17674 0.0707968 -1.11837e-21)
(1.17799 0.070472 -9.9343e-21)
(1.17924 0.0701467 2.57627e-21)
(1.18048 0.0698209 -5.20497e-21)
(1.18172 0.0694945 5.07638e-21)
(1.18295 0.0691675 8.99433e-22)
(1.18418 0.0688399 4.0484e-22)
(1.18541 0.0685116 -6.18289e-21)
(1.18664 0.0681827 6.38288e-21)
(1.18786 0.0678531 1.02203e-20)
(1.18908 0.0675227 7.23019e-21)
(1.19029 0.0671921 1.36296e-20)
(1.19152 0.0668533 -5.58675e-21)
(1.16116 0.0704095 -1.54012e-21)
(1.16239 0.0701116 2.31248e-21)
(1.16362 0.0698134 -7.76155e-21)
(1.16484 0.069515 -1.04649e-20)
(1.16606 0.0692163 -6.83733e-21)
(1.16728 0.0689174 1.15648e-21)
(1.16849 0.0686181 3.88855e-21)
(1.1697 0.0683184 -4.53842e-21)
(1.17091 0.0680184 8.21153e-22)
(1.17212 0.067718 -2.37274e-21)
(1.17332 0.0674172 5.70712e-21)
(1.17452 0.0671159 -4.09165e-21)
(1.17572 0.0668142 -2.54127e-21)
(1.17691 0.0665119 6.65966e-21)
(1.1781 0.0662091 9.32114e-22)
(1.17929 0.0659057 -3.81083e-21)
(1.18047 0.0656017 -4.22005e-21)
(1.18165 0.0652972 9.87177e-21)
(1.18282 0.0649919 -3.6791e-21)
(1.184 0.064686 -9.38129e-21)
(1.18516 0.0643794 1.9216e-21)
(1.18632 0.0640724 -1.40713e-20)
(1.1875 0.0637593 -8.73801e-22)
(1.1583 0.0668169 9.05377e-22)
(1.15948 0.0665408 -3.19802e-21)
(1.16066 0.0662646 1.47631e-21)
(1.16184 0.0659881 1.46809e-21)
(1.16301 0.0657115 3.34036e-21)
(1.16418 0.0654345 3.5603e-22)
(1.16535 0.0651573 -1.23186e-21)
(1.16652 0.0648799 -5.12644e-21)
(1.16768 0.064602 -7.58128e-22)
(1.16884 0.0643239 1.51745e-21)
(1.17 0.0640453 4.14947e-21)
(1.17115 0.0637663 2.32424e-21)
(1.1723 0.0634869 4.28906e-22)
(1.17345 0.063207 -1.74269e-21)
(1.17459 0.0629266 -7.76117e-21)
(1.17573 0.0626456 4.18446e-21)
(1.17686 0.0623641 -2.65533e-21)
(1.17799 0.0620821 2.25139e-21)
(1.17912 0.0617993 3.40196e-21)
(1.18025 0.061516 4.60911e-21)
(1.18137 0.061232 -7.28234e-21)
(1.18247 0.0609475 4.39439e-21)
(1.18361 0.0606586 3.8211e-21)
(1.15551 0.0632421 -3.81658e-21)
(1.15665 0.0629868 3.81191e-21)
(1.15779 0.0627314 -1.80914e-21)
(1.15893 0.0624758 7.82811e-21)
(1.16006 0.06222 -4.38025e-21)
(1.16119 0.0619641 -1.84938e-21)
(1.16231 0.0617079 -1.83017e-21)
(1.16343 0.0614514 5.51497e-21)
(1.16455 0.0611947 4.01368e-21)
(1.16567 0.0609376 -3.20901e-21)
(1.16678 0.0606802 2.88891e-21)
(1.16789 0.0604224 1.25203e-21)
(1.16899 0.0601642 -5.91445e-21)
(1.17009 0.0599056 -3.18483e-21)
(1.17119 0.0596465 6.93762e-22)
(1.17228 0.0593868 -1.10088e-22)
(1.17337 0.0591267 6.47138e-21)
(1.17446 0.058866 -9.26619e-21)
(1.17554 0.0586047 -2.71583e-21)
(1.17661 0.0583428 1.49289e-21)
(1.17769 0.0580802 -3.48985e-21)
(1.17875 0.0578171 9.00833e-21)
(1.17983 0.0575511 1.50587e-21)
(1.15282 0.0596831 4.00666e-21)
(1.15392 0.0594476 -2.77231e-21)
(1.15502 0.059212 9.56854e-22)
(1.15611 0.0589763 -3.78006e-21)
(1.1572 0.0587405 7.01746e-21)
(1.15829 0.0585045 3.20355e-21)
(1.15937 0.0582683 7.33992e-23)
(1.16045 0.0580318 -3.04593e-21)
(1.16153 0.0577952 -6.53483e-21)
(1.1626 0.0575582 5.0259e-21)
(1.16367 0.0573209 -1.23011e-21)
(1.16473 0.0570832 -8.53578e-22)
(1.16579 0.0568452 -8.35412e-23)
(1.16685 0.0566067 2.63616e-21)
(1.16791 0.0563678 7.59119e-21)
(1.16895 0.0561285 -1.69273e-21)
(1.17 0.0558886 -2.42753e-22)
(1.17104 0.0556482 1.78592e-21)
(1.17208 0.0554072 -2.11364e-21)
(1.17311 0.0551657 -2.83525e-21)
(1.17414 0.0549235 8.19268e-21)
(1.17516 0.0546807 -1.03557e-20)
(1.17619 0.0544364 -4.48131e-21)
(1.15022 0.056138 -1.18227e-21)
(1.15128 0.0559214 -1.44213e-21)
(1.15234 0.0557047 5.00912e-22)
(1.15339 0.0554879 9.95578e-22)
(1.15444 0.055271 -1.70165e-21)
(1.15549 0.055054 -1.97673e-22)
(1.15653 0.0548368 -3.03315e-21)
(1.15757 0.0546194 3.52847e-21)
(1.15861 0.0544018 -1.9964e-21)
(1.15964 0.0541839 4.5626e-22)
(1.16067 0.0539657 -1.84968e-21)
(1.16169 0.0537472 -6.3695e-21)
(1.16271 0.0535284 5.54798e-21)
(1.16373 0.0533091 -6.1863e-22)
(1.16474 0.0530895 -4.08481e-21)
(1.16575 0.0528694 3.37365e-21)
(1.16675 0.0526488 -1.91028e-21)
(1.16775 0.0524277 8.41387e-21)
(1.16875 0.052206 4.30033e-21)
(1.16974 0.0519838 2.70452e-21)
(1.17072 0.051761 -5.96965e-21)
(1.1717 0.0515375 6.40713e-22)
(1.17269 0.0513137 2.20021e-21)
(1.14772 0.0526043 -5.99166e-22)
(1.14874 0.0524056 1.65648e-21)
(1.14976 0.0522069 2.00409e-21)
(1.15078 0.0520082 -3.27215e-21)
(1.15179 0.0518094 2.16992e-21)
(1.1528 0.0516104 3.2868e-21)
(1.15381 0.0514114 2.76523e-21)
(1.15481 0.0512121 1.77117e-22)
(1.15581 0.0510126 3.95622e-21)
(1.1568 0.0508129 -7.61561e-21)
(1.15779 0.050613 1.61438e-21)
(1.15877 0.0504127 5.71689e-21)
(1.15976 0.0502121 1.16973e-21)
(1.16073 0.0500111 4.93216e-22)
(1.1617 0.0498097 -2.40275e-21)
(1.16267 0.0496079 -2.14584e-21)
(1.16364 0.0494057 1.66805e-21)
(1.16459 0.0492029 -4.39741e-21)
(1.16555 0.0489996 1.85884e-21)
(1.1665 0.0487958 -5.4127e-21)
(1.16744 0.0485914 6.99823e-21)
(1.16838 0.0483863 -1.16465e-21)
(1.16933 0.0481818 -6.61604e-21)
(1.14532 0.0490791 1.83796e-21)
(1.14631 0.0488976 -1.86266e-21)
(1.1473 0.0487161 -1.6379e-23)
(1.14828 0.0485346 -2.0515e-22)
(1.14925 0.048353 -3.20021e-21)
(1.15023 0.0481713 -5.06884e-22)
(1.1512 0.0479895 -1.10517e-21)
(1.15216 0.0478075 -6.73407e-22)
(1.15312 0.0476254 -4.37819e-22)
(1.15408 0.047443 -2.66578e-21)
(1.15503 0.0472604 3.0243e-21)
(1.15598 0.0470774 -4.64455e-21)
(1.15693 0.0468942 3.72003e-21)
(1.15787 0.0467106 -8.11285e-21)
(1.1588 0.0465267 6.55709e-21)
(1.15973 0.0463423 4.53299e-21)
(1.16066 0.0461575 -2.84661e-21)
(1.16158 0.0459722 -5.4246e-22)
(1.16249 0.0457864 -3.47283e-21)
(1.1634 0.0456001 2.63875e-21)
(1.16431 0.0454132 -3.44864e-21)
(1.16521 0.0452256 4.72378e-21)
(1.16612 0.0450394 8.0187e-21)
(1.14304 0.0455593 2.52576e-22)
(1.14399 0.0453943 3.37836e-22)
(1.14494 0.0452292 -4.42153e-21)
(1.14589 0.0450641 2.83338e-21)
(1.14683 0.044899 1.20948e-21)
(1.14777 0.0447338 2.18011e-21)
(1.14871 0.0445684 -1.43879e-21)
(1.14964 0.044403 2.98656e-22)
(1.15057 0.0442373 1.83647e-21)
(1.15149 0.0440715 2.49688e-22)
(1.15241 0.0439054 -3.2469e-21)
(1.15332 0.043739 3.97243e-21)
(1.15423 0.0435724 -2.67159e-22)
(1.15514 0.0434054 6.09242e-21)
(1.15604 0.043238 8.73275e-22)
(1.15693 0.0430702 -2.8952e-21)
(1.15782 0.042902 1.46708e-21)
(1.15871 0.0427334 -1.43943e-21)
(1.15959 0.0425642 -8.17947e-22)
(1.16046 0.0423946 -1.77189e-21)
(1.16133 0.0422243 -5.73409e-21)
(1.16219 0.0420534 3.76845e-22)
(1.16306 0.0418845 -4.97063e-21)
(1.14179 0.0418921 6.70259e-22)
(1.14271 0.0417428 -5.52144e-22)
(1.14363 0.0415934 -7.975e-22)
(1.14454 0.041444 -2.4595e-21)
(1.14545 0.0412946 2.7651e-21)
(1.14635 0.041145 1.70874e-21)
(1.14725 0.0409953 -2.07519e-21)
(1.14815 0.0408454 -1.06613e-21)
(1.14904 0.0406954 1.42715e-21)
(1.14992 0.0405451 -1.39156e-21)
(1.1508 0.0403945 -2.21769e-21)
(1.15168 0.0402437 -4.97e-22)
(1.15255 0.0400925 -2.65761e-21)
(1.15342 0.039941 1.02883e-21)
(1.15428 0.0397891 -4.76157e-21)
(1.15514 0.0396367 -2.09906e-21)
(1.15599 0.0394839 -2.74648e-21)
(1.15684 0.0393307 5.99588e-22)
(1.15768 0.0391769 -2.9495e-21)
(1.15851 0.0390226 8.25589e-21)
(1.15934 0.0388675 -3.65819e-21)
(1.16018 0.038715 2.15436e-21)
(1.13971 0.0383873 -7.46129e-22)
(1.14061 0.038253 -1.39896e-21)
(1.14149 0.0381187 1.53413e-22)
(1.14238 0.0379844 5.07691e-22)
(1.14325 0.03785 -1.44922e-21)
(1.14413 0.0377156 1.40904e-21)
(1.145 0.037581 1.43298e-21)
(1.14586 0.0374462 -2.87204e-21)
(1.14672 0.0373112 2.67988e-21)
(1.14758 0.0371761 2.25043e-21)
(1.14843 0.0370406 -2.84321e-21)
(1.14928 0.0369049 2.66029e-21)
(1.15012 0.0367689 -2.73105e-21)
(1.15096 0.0366325 1.42736e-21)
(1.15179 0.0364958 2.23155e-21)
(1.15261 0.0363586 -1.01649e-21)
(1.15343 0.036221 2.81694e-21)
(1.15425 0.0360829 3.00806e-21)
(1.15506 0.0359443 3.99109e-21)
(1.15586 0.0358052 -3.7056e-21)
(1.15666 0.0356653 3.75014e-21)
(1.15746 0.0355283 -1.02981e-21)
(1.13777 0.0348755 1.26223e-21)
(1.13864 0.0347557 -3.2863e-23)
(1.1395 0.0346359 -9.71057e-22)
(1.14035 0.0345161 1.02542e-21)
(1.1412 0.0343962 1.72815e-21)
(1.14205 0.0342762 4.37762e-23)
(1.14289 0.0341561 -1.59284e-21)
(1.14373 0.0340358 2.39365e-21)
(1.14456 0.0339153 -1.14955e-21)
(1.14539 0.0337946 -8.69247e-23)
(1.14622 0.0336737 9.32255e-22)
(1.14703 0.0335525 -2.78233e-21)
(1.14785 0.033431 -3.68808e-22)
(1.14865 0.0333091 3.10126e-21)
(1.14946 0.0331869 -2.51864e-21)
(1.15025 0.0330643 2.50566e-21)
(1.15105 0.0329412 -2.8311e-22)
(1.15183 0.0328177 8.04848e-23)
(1.15261 0.0326936 -1.90279e-21)
(1.15339 0.0325691 1.2919e-22)
(1.15416 0.0324438 -1.8229e-21)
(1.15493 0.0323216 -4.9653e-22)
(1.13597 0.0313518 1.04716e-22)
(1.13681 0.0312459 -2.3513e-22)
(1.13765 0.0311401 8.40642e-22)
(1.13848 0.0310342 1.92482e-21)
(1.1393 0.0309282 -4.49506e-21)
(1.14013 0.0308222 -3.30635e-22)
(1.14094 0.030716 3.5581e-21)
(1.14176 0.0306097 -4.10427e-22)
(1.14256 0.0305032 -2.02287e-21)
(1.14337 0.0303964 1.20223e-21)
(1.14416 0.0302894 1.4055e-21)
(1.14496 0.0301822 -2.05344e-21)
(1.14574 0.0300746 2.81348e-21)
(1.14653 0.0299668 7.84661e-23)
(1.1473 0.0298585 -7.0175e-22)
(1.14807 0.0297498 -1.47923e-21)
(1.14884 0.0296408 7.14325e-22)
(1.1496 0.0295312 1.74734e-21)
(1.15036 0.0294212 1.0677e-21)
(1.1511 0.0293107 -3.27191e-22)
(1.15185 0.0291994 7.29639e-22)
(1.15259 0.0290914 -1.36285e-22)
(1.13432 0.0278112 1.15626e-21)
(1.13514 0.0277188 1.45911e-21)
(1.13595 0.0276264 -1.58063e-21)
(1.13676 0.027534 -9.15888e-22)
(1.13756 0.0274415 1.87451e-21)
(1.13836 0.0273489 -4.34314e-22)
(1.13916 0.0272561 4.92661e-22)
(1.13995 0.0271633 -2.18256e-21)
(1.14073 0.0270702 2.86393e-21)
(1.14151 0.0269769 -9.9008e-22)
(1.14229 0.0268834 4.10397e-22)
(1.14305 0.0267896 1.64962e-21)
(1.14382 0.0266955 -3.0032e-21)
(1.14458 0.0266011 6.72827e-22)
(1.14533 0.0265063 -2.27355e-21)
(1.14608 0.0264111 1.76944e-21)
(1.14682 0.0263155 -1.0348e-21)
(1.14756 0.0262195 -1.13119e-21)
(1.14829 0.026123 -2.31438e-21)
(1.14902 0.026026 2.07e-21)
(1.14974 0.0259283 4.25535e-22)
(1.15045 0.0258338 8.64946e-22)
(1.13283 0.0242473 4.95303e-22)
(1.13363 0.0241679 -1.22406e-21)
(1.13442 0.0240886 -2.27749e-21)
(1.13521 0.0240092 -5.29283e-23)
(1.13599 0.0239298 2.68711e-21)
(1.13677 0.0238502 -9.93227e-22)
(1.13755 0.0237705 -1.59008e-21)
(1.13831 0.0236907 3.75444e-21)
(1.13908 0.0236107 1.07419e-22)
(1.13984 0.0235304 -4.92241e-21)
(1.14059 0.02345 2.11903e-21)
(1.14134 0.0233693 -1.82375e-21)
(1.14208 0.0232883 1.92618e-21)
(1.14282 0.0232069 3.37714e-22)
(1.14355 0.0231252 -1.23177e-21)
(1.14428 0.0230432 -3.97234e-22)
(1.145 0.0229607 -2.39049e-22)
(1.14572 0.0228779 1.52238e-21)
(1.14643 0.0227945 1.03052e-21)
(1.14714 0.0227107 2.62491e-22)
(1.14783 0.0226262 -5.56891e-22)
(1.14853 0.0225448 -1.45517e-21)
(1.13151 0.0206545 9.06095e-22)
(1.13229 0.0205879 1.31275e-21)
(1.13307 0.0205212 -3.26204e-21)
(1.13384 0.0204544 -1.22854e-22)
(1.1346 0.0203876 -4.23338e-23)
(1.13536 0.0203207 -8.67375e-23)
(1.13612 0.0202536 2.11128e-21)
(1.13687 0.0201864 1.30149e-21)
(1.13762 0.0201191 -3.64166e-21)
(1.13836 0.0200515 2.02885e-21)
(1.13909 0.0199837 4.50835e-23)
(1.13982 0.0199156 -8.28919e-23)
(1.14055 0.0198473 1.5119e-22)
(1.14127 0.0197786 -9.23991e-22)
(1.14198 0.0197097 -3.49525e-23)
(1.14269 0.0196403 -2.49968e-21)
(1.1434 0.0195706 3.28194e-21)
(1.1441 0.0195005 -1.6648e-21)
(1.14479 0.01943 -2.74237e-22)
(1.14548 0.019359 -3.0771e-22)
(1.14616 0.0192874 2.76522e-22)
(1.14684 0.0192187 1.85291e-21)
(1.13037 0.017024 -1.83901e-21)
(1.13114 0.0169699 -9.03067e-22)
(1.1319 0.0169157 4.6331e-21)
(1.13265 0.0168615 -3.78102e-21)
(1.1334 0.0168071 3.73916e-22)
(1.13415 0.0167527 -3.48326e-23)
(1.13489 0.0166982 6.17121e-22)
(1.13562 0.0166435 3.0318e-21)
(1.13635 0.0165886 -1.87781e-22)
(1.13708 0.0165336 -1.58571e-21)
(1.1378 0.0164783 9.74003e-22)
(1.13852 0.0164228 -1.97747e-21)
(1.13923 0.016367 4.50022e-22)
(1.13993 0.0163109 -4.7376e-22)
(1.14063 0.0162546 -1.20178e-21)
(1.14133 0.0161979 1.27475e-21)
(1.14202 0.0161408 -8.01788e-23)
(1.1427 0.0160834 1.37693e-21)
(1.14338 0.0160255 1.94476e-22)
(1.14405 0.0159673 6.61602e-22)
(1.14472 0.0159084 -2.09275e-21)
(1.14538 0.0158521 -7.99243e-22)
(1.12943 0.0133499 2.40648e-21)
(1.13018 0.0133077 -1.91341e-21)
(1.13092 0.0132656 -1.64774e-22)
(1.13167 0.0132233 9.24758e-23)
(1.1324 0.013181 2.19296e-21)
(1.13314 0.0131386 -2.58065e-21)
(1.13387 0.013096 2.11525e-21)
(1.13459 0.0130533 -3.11221e-21)
(1.13531 0.0130105 -1.63298e-21)
(1.13602 0.0129675 4.87727e-21)
(1.13673 0.0129243 -3.03894e-21)
(1.13744 0.0128809 -8.39751e-22)
(1.13813 0.0128373 1.87096e-21)
(1.13883 0.0127934 -4.35465e-22)
(1.13951 0.0127493 -3.66855e-22)
(1.1402 0.0127049 -5.55762e-22)
(1.14087 0.0126601 4.26316e-22)
(1.14155 0.0126151 8.87563e-22)
(1.14221 0.0125697 -4.8902e-22)
(1.14287 0.012524 2.1309e-23)
(1.14353 0.0124778 6.5048e-22)
(1.14418 0.0124337 3.90416e-22)
(1.12868 0.00962213 5.79926e-22)
(1.12942 0.00959248 7.57705e-22)
(1.13016 0.00956278 -1.7669e-21)
(1.13089 0.009533 2.17682e-21)
(1.13162 0.00950314 -2.97272e-21)
(1.13235 0.00947317 1.36139e-22)
(1.13306 0.00944309 8.77746e-22)
(1.13378 0.00941286 1.78711e-21)
(1.13449 0.00938249 -4.10357e-21)
(1.13519 0.00935194 2.1739e-21)
(1.13589 0.00932121 3.70571e-21)
(1.13659 0.00929028 -1.91117e-21)
(1.13728 0.00925913 7.11562e-22)
(1.13796 0.00922775 -2.53902e-21)
(1.13864 0.00919613 8.49651e-23)
(1.13931 0.00916423 -1.01952e-21)
(1.13998 0.00913206 1.79542e-21)
(1.14065 0.0090996 4.82166e-22)
(1.1413 0.00906683 -1.89077e-21)
(1.14196 0.00903374 -5.31469e-22)
(1.1426 0.00900022 5.0784e-22)
(1.14325 0.0089683 -2.30819e-22)
(1.12816 0.00582642 1.62955e-21)
(1.1289 0.005808 -8.90744e-22)
(1.12963 0.00578956 1.84149e-22)
(1.13035 0.00577107 1.08616e-21)
(1.13108 0.00575254 -3.29714e-21)
(1.13179 0.00573395 3.24573e-21)
(1.1325 0.0057153 -1.17416e-21)
(1.13321 0.00569657 4.81227e-22)
(1.13392 0.00567776 4.61009e-22)
(1.13461 0.00565887 -1.40601e-21)
(1.13531 0.00563988 -4.3921e-22)
(1.136 0.00562079 -2.01077e-22)
(1.13668 0.00560158 1.63868e-21)
(1.13736 0.00558226 2.02538e-21)
(1.13803 0.0055628 -2.58851e-21)
(1.1387 0.00554321 7.81159e-22)
(1.13936 0.00552347 -6.52512e-22)
(1.14002 0.00550357 -4.86261e-24)
(1.14068 0.00548352 1.66628e-21)
(1.14132 0.0054633 -8.68503e-23)
(1.14197 0.00544284 -1.5184e-22)
(1.1426 0.00542343 -6.56948e-23)
(1.12786 0.00197365 -3.41531e-21)
(1.12859 0.00196865 8.59208e-22)
(1.12932 0.00196354 3.82284e-21)
(1.13004 0.00195831 -2.69911e-21)
(1.13076 0.00195295 2.62845e-22)
(1.13147 0.00194746 -3.76874e-22)
(1.13218 0.00194182 3.40691e-22)
(1.13289 0.00193604 -8.16763e-22)
(1.13359 0.00193009 2.63654e-21)
(1.13429 0.00192399 -4.75688e-23)
(1.13498 0.00191771 9.22875e-22)
(1.13567 0.00191126 -1.17485e-21)
(1.13635 0.00190463 1.24235e-23)
(1.13703 0.00189781 4.00935e-22)
(1.1377 0.00189079 -1.23418e-21)
(1.13837 0.00188358 -1.46112e-21)
(1.13903 0.00187617 2.06754e-21)
(1.13969 0.00186855 -3.68418e-23)
(1.14034 0.00186072 -1.52769e-21)
(1.14099 0.00185268 6.64327e-22)
(1.14164 0.0018444 6.29035e-23)
(1.14227 0.00183629 -2.34607e-22)
(0.736765 0.217589 -3.43964e-23)
(0.786404 0.0442403 7.73239e-24)
(0.829402 -0.126963 -3.19562e-23)
(0.823109 -0.20788 -2.71221e-23)
(0.764755 -0.292851 1.58729e-23)
(0.723882 -0.248611 -7.08705e-24)
(0.750145 -0.111596 -2.75103e-23)
(0.79066 -0.0186333 7.38492e-23)
(0.811316 0.16975 2.46549e-23)
(0.74444 0.142406 6.80738e-24)
)
;

boundaryField
{
    inlet
    {
        type            uniformFixedValue;
        uniformValue    constant (1 0 0);
        value           nonuniform 0();
    }
    outlet
    {
        type            pressureInletOutletVelocity;
        value           nonuniform List<vector> 
101
(
(0.708883 0.138938 0)
(0.712808 0.136951 0)
(0.71725 0.13481 0)
(0.722246 0.132518 0)
(0.727834 0.130072 0)
(0.734054 0.127472 0)
(0.740946 0.124719 0)
(0.748547 0.121814 0)
(0.756895 0.11876 0)
(0.766023 0.115561 0)
(0.77596 0.112223 0)
(0.78673 0.108754 0)
(0.798351 0.105161 0)
(0.810829 0.101455 0)
(0.824164 0.0976481 0)
(0.838343 0.0937544 0)
(0.853342 0.0897898 0)
(0.869122 0.0857722 0)
(0.885629 0.0817214 0)
(0.902796 0.0776592 0)
(0.920532 0.0736091 0)
(0.938731 0.0695959 0)
(0.957265 0.0656459 0)
(0.975981 0.0617858 0)
(0.994705 0.0580424 0)
(1.01324 0.0544417 0)
(1.03138 0.0510078 0)
(1.04888 0.047762 0)
(1.06552 0.0447214 0)
(1.08106 0.0418981 0)
(1.0953 0.0392982 0)
(1.10805 0.0369212 0)
(1.11916 0.03476 0)
(1.12854 0.032801 0)
(1.13617 0.0310252 0)
(1.14208 0.0294092 0)
(1.14634 0.0279272 0)
(1.14909 0.0265524 0)
(1.15052 0.0252589 0)
(1.15081 0.0240233 0)
(1.15018 0.0228254 0)
(1.14883 0.0216495 0)
(1.14695 0.0204837 0)
(1.14469 0.0193202 0)
(1.14221 0.0181547 0)
(1.1396 0.0169855 0)
(1.13695 0.0158124 0)
(1.13434 0.0146368 0)
(1.1318 0.0134605 0)
(1.12937 0.0122852 0)
(1.12708 0.0111125 0)
(1.12495 0.00994343 0)
(1.12299 0.00877841 0)
(1.12123 0.00761709 0)
(1.11967 0.00645828 0)
(1.11833 0.00529997 0)
(1.11722 0.00413922 0)
(1.11637 0.00297208 0)
(1.11578 0.0017939 0)
(1.11547 0.000600691 0)
(0.741001 0.143404 -6.84111e-24)
(0.737644 0.144368 9.86186e-24)
(0.734373 0.145296 1.22876e-23)
(0.731192 0.146185 -1.12693e-23)
(0.728106 0.147033 -2.67173e-23)
(0.725118 0.147838 8.39799e-24)
(0.722232 0.148598 1.77573e-23)
(0.719452 0.149311 2.55654e-23)
(0.716782 0.149975 -2.35839e-23)
(0.714226 0.150588 -9.61708e-23)
(0.711787 0.151148 9.81454e-23)
(0.70947 0.151654 2.4593e-23)
(0.707277 0.152104 -5.53959e-23)
(0.705213 0.152496 1.4335e-23)
(0.70328 0.152829 7.66712e-24)
(0.701482 0.153102 -4.08408e-23)
(0.699823 0.153313 -4.9031e-23)
(0.698304 0.153462 2.76684e-22)
(0.696929 0.153547 -3.45761e-22)
(0.695702 0.153568 1.94457e-22)
(0.694624 0.153523 -2.27045e-23)
(0.693699 0.153414 1.32916e-22)
(0.692929 0.153238 -8.97013e-23)
(0.692316 0.152997 -1.56573e-22)
(0.691864 0.152689 -1.22579e-23)
(0.691575 0.152315 5.47008e-23)
(0.691451 0.151876 -5.98805e-23)
(0.691494 0.151371 1.74803e-22)
(0.691707 0.1508 -9.52345e-23)
(0.692092 0.150165 6.35181e-23)
(0.692652 0.149467 -2.53625e-23)
(0.693389 0.148705 -6.4788e-24)
(0.694305 0.147882 -1.57726e-23)
(0.695403 0.146998 4.0496e-24)
(0.696684 0.146054 -3.60714e-23)
(0.698152 0.145052 7.05807e-23)
(0.699808 0.143994 3.95552e-25)
(0.701654 0.142881 -1.09834e-23)
(0.703693 0.141715 -1.18915e-23)
(0.705926 0.140496 4.68403e-24)
(0.74444 0.142406 6.80738e-24)
)
;
    }
    cylinder
    {
        type            fixedValue;
        value           uniform (0 0 0);
    }
    top
    {
        type            symmetryPlane;
    }
    bottom
    {
        type            symmetryPlane;
    }
    defaultFaces
    {
        type            empty;
    }
    procBoundary3to1
    {
        type            processor;
        value           nonuniform List<vector> 
81
(
(-0.000195343 0.00354818 9.26947e-22)
(-0.00150473 0.00920441 8.01404e-22)
(-0.00430036 0.0137279 -2.33246e-21)
(-0.00805109 0.0172408 -1.56225e-21)
(-0.0125614 0.0198759 1.86507e-21)
(-0.0176411 0.0217693 -4.36351e-21)
(-0.0231114 0.0230556 2.44929e-21)
(-0.0288203 0.0238634 -7.46686e-21)
(-0.0346404 0.0243108 -6.56235e-21)
(-0.0404684 0.0245016 7.19531e-21)
(-0.0462263 0.024522 2.84167e-21)
(-0.0518611 0.0244395 -3.7703e-21)
(-0.0573446 0.0243023 3.4765e-21)
(-0.0626736 0.0241406 1.24757e-21)
(-0.067869 0.0239689 3.73191e-23)
(-0.0729722 0.0237887 -3.77463e-21)
(-0.0780436 0.0235921 -7.46102e-21)
(-0.0831826 0.0233649 -4.61382e-22)
(-0.0883973 0.0230891 -1.5817e-21)
(-0.0935068 0.0227362 -3.20469e-21)
(-0.112137 0.0215937 1.0931e-22)
(-0.131267 0.0168632 1.6327e-22)
(-0.144262 0.00672207 -6.15508e-23)
(-0.165715 -0.0110708 5.53126e-23)
(-0.17489 -0.0383702 -1.50383e-22)
(-0.191502 -0.0761333 5.66259e-23)
(-0.196766 -0.122988 -2.52986e-22)
(-0.2035 -0.174445 3.15532e-22)
(-0.200138 -0.222941 -1.23974e-22)
(-0.194652 -0.257083 3.26055e-22)
(-0.180213 -0.264423 2.37666e-22)
(-0.158357 -0.231056 -1.2891e-23)
(-0.119652 -0.147743 -9.8723e-24)
(-0.0630812 -0.0177874 1.04201e-22)
(0.00643292 0.136439 3.20649e-22)
(0.0721933 0.285236 -1.28259e-22)
(0.117799 0.408466 1.63845e-22)
(0.130322 0.499263 -9.43063e-23)
(0.11108 0.555959 -9.73098e-23)
(0.0910167 0.552231 -2.46905e-22)
(0.139725 0.441436 8.29779e-23)
(0.252847 0.228783 5.5103e-23)
(0.377883 -0.0188079 3.14433e-23)
(0.491407 -0.239816 -1.68654e-22)
(0.573759 -0.399047 -1.45221e-22)
(0.625695 -0.483285 2.8512e-23)
(0.632053 -0.523338 6.42856e-23)
(0.557506 -0.564827 -1.56439e-22)
(0.470749 -0.551481 2.90585e-23)
(0.47789 -0.389663 -1.97089e-23)
(0.561956 -0.115575 -9.22014e-23)
(0.656856 0.156635 1.7606e-22)
(0.730897 0.345926 9.79361e-23)
(0.790822 0.427514 -1.07828e-22)
(0.790802 0.465099 -4.25836e-24)
(0.710772 0.507042 -6.42199e-24)
(0.633899 0.473986 -5.98843e-23)
(0.625445 0.294186 -4.54049e-23)
(0.675579 0.0286974 -8.40337e-23)
(0.752861 -0.191057 1.39727e-23)
(0.821761 -0.313168 -3.79628e-23)
(0.82042 -0.388302 -2.22739e-23)
(0.748853 -0.443028 -7.71511e-23)
(0.698546 -0.398474 6.73894e-23)
(0.701487 -0.219548 -3.94231e-23)
(0.753457 -0.00134602 -3.08518e-23)
(0.81809 0.169959 2.97786e-23)
(0.840092 0.272466 9.90195e-24)
(0.785718 0.354704 -1.07761e-23)
(0.73183 0.346582 -2.03688e-23)
(0.737666 0.218647 -5.16233e-23)
(0.78656 0.0459812 7.48116e-24)
(0.827645 -0.126293 -6.73448e-23)
(0.81967 -0.209031 -1.30357e-23)
(0.76037 -0.294551 9.92532e-23)
(0.723027 -0.248829 2.77666e-23)
(0.751195 -0.110478 -7.18961e-23)
(0.793257 -0.0176273 -4.58734e-23)
(0.816876 0.169041 -3.41211e-24)
(0.747957 0.141376 9.5257e-24)
(0.73183 0.346582 -2.03688e-23)
)
;
    }
    procBoundary3to2
    {
        type            processor;
        value           nonuniform List<vector> 
100
(
(-0.00881845 0.00681963 -1.83312e-19)
(-0.00881845 0.00681963 -1.83312e-19)
(-0.0176264 0.014685 8.26159e-20)
(-0.0176264 0.014685 8.26159e-20)
(-0.0153366 0.0181793 -9.44641e-20)
(-0.0153366 0.0181793 -9.44641e-20)
(-0.0120957 0.0164031 2.76515e-19)
(0.00676343 0.0161028 -1.37717e-19)
(0.00676343 0.0161028 -1.37717e-19)
(0.0428074 0.0142328 6.6321e-20)
(0.0428074 0.0142328 6.6321e-20)
(0.0986554 0.0125417 1.28828e-19)
(0.0986554 0.0125417 1.28828e-19)
(0.176536 0.012896 2.21913e-20)
(0.176536 0.012896 2.21913e-20)
(0.277642 0.0171649 1.66238e-20)
(0.277642 0.0171649 1.66238e-20)
(0.40118 0.0269622 -1.02671e-19)
(0.40118 0.0269622 -1.02671e-19)
(0.543316 0.0432559 1.35131e-19)
(0.543316 0.0432559 1.35131e-19)
(0.696529 0.0659224 1.70627e-19)
(0.696529 0.0659224 1.70627e-19)
(0.85004 0.0934654 5.21283e-21)
(0.95291 0.113144 -7.20663e-20)
(0.95291 0.113144 -7.20663e-20)
(1.0793 0.141687 -1.12048e-19)
(1.0793 0.141687 -1.12048e-19)
(1.1787 0.167119 -2.53408e-19)
(1.1787 0.167119 -2.53408e-19)
(1.24883 0.187409 -7.2154e-21)
(1.28163 0.194733 -1.45122e-19)
(1.28163 0.194733 -1.45122e-19)
(1.30965 0.20492 1.42699e-20)
(1.30965 0.20492 1.42699e-20)
(1.32141 0.210913 -1.1979e-19)
(1.32299 0.207975 3.313e-20)
(1.32299 0.207975 3.313e-20)
(1.32007 0.211655 -2.82469e-20)
(1.31701 0.210346 -2.39318e-21)
(1.31329 0.208691 1.45951e-21)
(1.30904 0.206699 -9.3096e-21)
(1.30434 0.204382 1.91571e-20)
(1.29929 0.201784 -2.87778e-20)
(1.29399 0.198941 1.81611e-20)
(1.28855 0.195885 3.34681e-23)
(1.28628 0.190352 7.0427e-21)
(1.28628 0.190352 7.0427e-21)
(1.28088 0.187119 4.56645e-21)
(1.27558 0.183765 1.49053e-20)
(1.27044 0.180317 -2.61281e-20)
(1.26546 0.176795 -1.14994e-20)
(1.26064 0.173213 -4.4237e-21)
(1.25596 0.169577 2.39189e-20)
(1.25141 0.165894 1.30647e-20)
(1.24696 0.162167 -1.17375e-20)
(1.2426 0.158402 -3.49248e-21)
(1.23833 0.154601 1.78387e-21)
(1.23413 0.150771 8.30195e-21)
(1.23 0.146917 -7.78028e-21)
(1.22594 0.143043 1.22211e-20)
(1.22194 0.139155 2.23281e-21)
(1.218 0.135259 3.33355e-21)
(1.21411 0.131357 -1.50887e-20)
(1.21029 0.127455 1.48208e-20)
(1.20652 0.123557 -1.25146e-20)
(1.20281 0.119665 7.88812e-21)
(1.19915 0.115784 -5.73276e-21)
(1.19555 0.111917 5.76346e-21)
(1.192 0.108065 -6.05353e-21)
(1.18852 0.104231 4.81945e-21)
(1.18509 0.100416 -3.08026e-21)
(1.18172 0.0966231 5.23639e-21)
(1.1784 0.092852 3.54803e-21)
(1.17516 0.0891037 -1.17736e-20)
(1.17197 0.0853787 3.19947e-21)
(1.16886 0.0816769 4.41503e-21)
(1.16581 0.0779983 -1.43617e-21)
(1.16283 0.074342 4.66939e-21)
(1.15993 0.0707073 1.6088e-21)
(1.15711 0.0670929 -3.26249e-21)
(1.15437 0.0634973 1.12324e-21)
(1.15172 0.0599186 -1.67376e-21)
(1.14916 0.0563546 1.63504e-21)
(1.14669 0.0528029 2.69701e-21)
(1.14433 0.0492606 2.50584e-21)
(1.14208 0.0457244 -1.57386e-21)
(1.14087 0.0420415 -4.79442e-21)
(1.14087 0.0420415 -4.79442e-21)
(1.13882 0.0385216 -6.88974e-23)
(1.1369 0.0349953 1.58951e-21)
(1.13513 0.0314576 3.42806e-22)
(1.1335 0.0279036 -4.33056e-22)
(1.13203 0.0243266 7.91678e-22)
(1.13073 0.0207212 -1.25819e-21)
(1.1296 0.0170781 -3.17722e-23)
(1.12867 0.013392 3.5373e-21)
(1.12793 0.00965173 1.67103e-21)
(1.12742 0.0058448 8.95952e-22)
(1.12712 0.00197854 -1.38463e-21)
)
;
    }
}


// ************************************************************************* //
