/*--------------------------------*- C++ -*----------------------------------*\
  =========                 |
  \\      /  F ield         | OpenFOAM: The Open Source CFD Toolbox
   \\    /   O peration     | Website:  https://openfoam.org
    \\  /    A nd           | Version:  7
     \\/     M anipulation  |
\*---------------------------------------------------------------------------*/
FoamFile
{
    version     2.0;
    format      ascii;
    class       volScalarField;
    location    "2.3";
    object      p;
}
// * * * * * * * * * * * * * * * * * * * * * * * * * * * * * * * * * * * * * //

dimensions      [1 -1 -2 0 0 0 0];

internalField   nonuniform List<scalar> 
67584
(
0.514959
0.614891
0.705874
0.790994
0.84437
0.886133
0.937479
0.969657
0.984231
0.993986
1.00374
1.0009
0.989261
0.981542
0.984118
0.987393
0.991097
0.995288
0.996935
0.997475
0.998676
0.999749
0.999106
0.997352
0.995299
0.993815
0.992146
0.989969
0.987697
0.985225
0.983899
0.983779
0.984968
0.987122
0.991436
0.995929
0.999348
1.00131
1.00214
1.00224
1.00199
1.00191
1.00136
1.00024
0.999012
0.9979
0.996458
0.995113
0.994798
0.994887
0.995534
0.99676
0.997301
0.99716
0.996872
0.99663
0.996548
0.996674
0.996709
0.996784
0.996969
0.996963
0.996764
0.996465
0.996167
0.996104
0.996253
0.9966
0.996982
0.997182
0.997292
0.997062
0.996517
0.995918
0.995465
0.995064
0.994683
0.994502
0.994567
0.995011
0.995506
0.99555
0.995412
0.995193
0.994976
0.99487
0.994889
0.99516
0.99555
0.995953
0.99608
0.996031
0.996017
0.996065
0.99622
0.996766
0.438513
0.459216
0.498545
0.565535
0.622093
0.664181
0.736309
0.804864
0.835537
0.871945
0.916159
0.929087
0.942233
0.963189
0.98847
1.00037
1.00196
1.00183
0.999491
0.99703
0.996657
0.995913
0.99312
0.990262
0.987565
0.98499
0.984333
0.985216
0.988531
0.991839
0.99238
0.993011
0.994809
0.996721
0.998303
0.998953
0.998898
0.998233
0.996236
0.993823
0.992811
0.993078
0.993097
0.993517
0.994334
0.995298
0.996242
0.997189
0.998284
0.999222
0.999553
0.999278
0.998664
0.997692
0.996319
0.994775
0.993905
0.993977
0.994557
0.995743
0.997124
0.997564
0.997506
0.997214
0.996679
0.996195
0.995829
0.995645
0.995846
0.996385
0.996661
0.996504
0.996148
0.995727
0.995432
0.995362
0.995333
0.995381
0.995647
0.996115
0.99633
0.996232
0.995959
0.995571
0.995181
0.994978
0.994913
0.99503
0.995419
0.995928
0.996174
0.996152
0.996083
0.995981
0.995887
0.996191
0.429193
0.432416
0.436805
0.444498
0.456304
0.471424
0.500265
0.552591
0.605563
0.661259
0.733436
0.811387
0.867599
0.902366
0.938375
0.956264
0.961546
0.962105
0.964546
0.972404
0.983342
0.992319
0.993003
0.992636
0.993557
0.9929
0.993974
0.998993
1.0062
1.00823
1.00773
1.00615
1.00348
0.999649
0.995179
0.991852
0.988996
0.986954
0.985257
0.985561
0.987125
0.990052
0.994112
0.998443
1.00163
1.00396
1.00422
1.00351
1.00228
1.00072
0.998923
0.997235
0.995907
0.995027
0.994368
0.994504
0.994934
0.995486
0.996159
0.997055
0.997934
0.997925
0.997676
0.997242
0.996682
0.996057
0.995319
0.995049
0.995127
0.995427
0.995657
0.99572
0.995755
0.995693
0.995677
0.995753
0.995797
0.99583
0.995886
0.995839
0.995682
0.995461
0.995189
0.994956
0.994839
0.994864
0.99497
0.995165
0.995457
0.995701
0.995754
0.995802
0.995931
0.996134
0.996289
0.996675
0.421188
0.422154
0.424169
0.424844
0.4241
0.424229
0.425664
0.43035
0.439931
0.456356
0.482863
0.529004
0.58568
0.644529
0.713399
0.777247
0.831231
0.879247
0.901694
0.921809
0.950651
0.967847
0.969313
0.973784
0.987159
0.993755
0.996915
1.00379
1.01237
1.01334
1.0125
1.01071
1.0066
1.00003
0.995023
0.991935
0.98912
0.987445
0.988583
0.990494
0.99269
0.994971
0.997264
0.999196
1.00026
0.999906
0.997505
0.996357
0.996013
0.995301
0.995128
0.995391
0.996471
0.998472
0.999657
0.999999
1.00008
0.999716
0.99889
0.997805
0.996374
0.99502
0.994165
0.993783
0.993735
0.994034
0.994578
0.995215
0.995828
0.996346
0.996806
0.997089
0.997207
0.997168
0.997075
0.996986
0.99674
0.996389
0.996007
0.995665
0.99528
0.995066
0.995024
0.995157
0.995361
0.995513
0.995602
0.995586
0.995401
0.995141
0.995021
0.995057
0.995274
0.995752
0.99638
0.997267
0.403123
0.403416
0.404737
0.405598
0.40645
0.407708
0.409275
0.411351
0.413792
0.41616
0.418848
0.423045
0.430619
0.443687
0.468388
0.509446
0.559972
0.622262
0.702341
0.766226
0.819911
0.878404
0.914516
0.939834
0.969823
0.982469
0.983614
0.989649
0.999203
1.00011
0.998573
0.993804
0.984783
0.98215
0.985462
0.991519
0.995401
0.999716
1.00256
1.00352
1.00284
1.00005
0.998708
0.996925
0.995089
0.992286
0.99019
0.990135
0.990725
0.991798
0.993815
0.996362
0.998721
1.00054
1.00183
1.0022
1.00198
1.00125
0.999829
0.998036
0.996051
0.994831
0.994168
0.994074
0.994552
0.995399
0.995762
0.995656
0.995734
0.995753
0.995605
0.995393
0.995053
0.994779
0.994806
0.994961
0.995142
0.995418
0.99571
0.996099
0.996643
0.997092
0.997329
0.997385
0.997243
0.996986
0.996583
0.995935
0.995185
0.994575
0.994476
0.994595
0.994951
0.995635
0.996419
0.997288
0.388802
0.389471
0.390859
0.391935
0.39349
0.395118
0.396812
0.397735
0.398589
0.398732
0.398064
0.3971
0.397155
0.397585
0.398639
0.401209
0.407272
0.418729
0.441507
0.481359
0.527798
0.58724
0.668475
0.732113
0.790024
0.85532
0.887356
0.910326
0.936361
0.943117
0.954156
0.96305
0.97076
0.981328
0.998499
1.01054
1.01074
1.01169
1.0126
1.01204
1.00917
1.00206
0.992789
0.985966
0.983577
0.984104
0.985488
0.98797
0.992352
0.9964
0.999574
1.00021
0.999712
0.999049
0.999136
0.998839
0.997951
0.99651
0.994763
0.994083
0.994078
0.994762
0.995854
0.997213
0.998793
0.999329
0.99924
0.998725
0.998236
0.997607
0.996752
0.995809
0.995213
0.994622
0.994221
0.994297
0.994739
0.995519
0.996234
0.996768
0.997231
0.997418
0.997382
0.997232
0.997137
0.997016
0.99674
0.996336
0.996134
0.996057
0.996131
0.99631
0.996464
0.996661
0.996754
0.996652
0.396485
0.399103
0.400776
0.401576
0.403661
0.403992
0.403078
0.400883
0.399014
0.397838
0.396426
0.395483
0.39545
0.395655
0.395983
0.39613
0.396454
0.397476
0.398767
0.400571
0.403982
0.410873
0.428196
0.458541
0.495615
0.553223
0.626924
0.692878
0.761052
0.823592
0.874797
0.931572
0.966295
0.978709
0.992347
1.00422
1.00564
1.0069
1.00509
0.99875
0.98939
0.984282
0.981191
0.981641
0.984994
0.990497
0.994913
0.999358
1.00288
1.00281
1.00235
1.0003
0.996033
0.991888
0.98968
0.988718
0.989174
0.99062
0.991648
0.993595
0.996343
0.998619
0.99969
1.00006
1.00017
0.999903
0.999385
0.998583
0.997444
0.996061
0.995088
0.994673
0.994729
0.994958
0.995369
0.996074
0.997137
0.997695
0.997791
0.997694
0.997445
0.997097
0.996646
0.996123
0.996068
0.996143
0.99628
0.996658
0.997157
0.997686
0.998174
0.998368
0.998375
0.998228
0.998004
0.997273
0.428633
0.425524
0.421201
0.415891
0.412501
0.409177
0.403858
0.399615
0.398413
0.397744
0.397126
0.396572
0.396937
0.399024
0.401085
0.400978
0.401418
0.403321
0.403506
0.402603
0.400878
0.400289
0.399521
0.399435
0.400378
0.404506
0.416161
0.437227
0.470899
0.524091
0.582465
0.650374
0.733025
0.792919
0.843734
0.889984
0.910704
0.928142
0.94351
0.953363
0.967108
0.988011
0.995698
0.9985
1.00614
1.01161
1.0104
1.00965
1.00878
1.00619
0.998269
0.989704
0.985457
0.983692
0.983757
0.984709
0.986917
0.990148
0.995474
0.999634
1.00124
1.00111
1.00077
1.00005
0.998182
0.996193
0.994873
0.994064
0.994384
0.99462
0.995228
0.996453
0.997496
0.998176
0.998619
0.998926
0.998878
0.998554
0.997876
0.997092
0.996428
0.99587
0.995548
0.99552
0.995654
0.996024
0.996778
0.997569
0.997943
0.998372
0.998615
0.998631
0.998566
0.998331
0.997796
0.99757
0.462501
0.456641
0.451439
0.443743
0.438214
0.436879
0.434409
0.42875
0.427131
0.42863
0.428225
0.424496
0.422164
0.422589
0.421689
0.418166
0.413829
0.411833
0.409831
0.406522
0.402699
0.400757
0.400743
0.400913
0.401245
0.402504
0.404302
0.405641
0.406404
0.408863
0.415322
0.428391
0.456507
0.499981
0.549932
0.617054
0.694096
0.763302
0.829598
0.887482
0.934394
0.975445
0.990302
0.992225
0.998141
1.00466
1.00415
0.998606
0.990643
0.982762
0.97783
0.980638
0.986244
0.989127
0.991828
0.995253
0.998187
1.00005
1.0011
1.00085
0.999943
0.997428
0.994599
0.991483
0.990114
0.990739
0.991369
0.992609
0.994337
0.996753
0.999062
1.00075
1.0007
1.00044
1.00007
0.999275
0.997905
0.996714
0.995715
0.995496
0.995519
0.995701
0.996175
0.996992
0.997706
0.998351
0.998326
0.998178
0.998198
0.998129
0.998048
0.997928
0.997744
0.997487
0.997379
0.997447
0.530259
0.525262
0.518307
0.509795
0.500935
0.494556
0.488251
0.478151
0.469383
0.464642
0.45981
0.452106
0.443267
0.439508
0.437079
0.433891
0.427361
0.423973
0.423691
0.422368
0.420087
0.420286
0.422808
0.422777
0.420489
0.417822
0.417398
0.416507
0.413624
0.410217
0.409901
0.409708
0.409626
0.410649
0.41409
0.423096
0.442423
0.475417
0.525736
0.593986
0.658333
0.729051
0.802395
0.848872
0.885193
0.930805
0.937619
0.944506
0.952268
0.963519
0.978343
0.995957
1.00804
1.00757
1.009
1.00935
1.00838
1.00591
0.999514
0.992574
0.987329
0.984756
0.98555
0.986596
0.987845
0.989881
0.993801
0.9979
1.00067
1.00174
1.00164
1.00119
1.00027
0.998962
0.997496
0.996347
0.995745
0.995405
0.99558
0.996102
0.997048
0.99828
0.99933
0.999878
0.999738
0.999397
0.998694
0.997649
0.996718
0.99622
0.996163
0.996356
0.996725
0.997044
0.997363
0.997936
0.595963
0.585688
0.573662
0.562113
0.54976
0.539906
0.532686
0.524695
0.513042
0.506815
0.502814
0.497605
0.487282
0.483739
0.482249
0.479102
0.471676
0.468284
0.467104
0.464132
0.456194
0.451369
0.44982
0.447111
0.441726
0.434745
0.430241
0.427689
0.425511
0.42111
0.418801
0.418792
0.417962
0.415689
0.415872
0.417556
0.419229
0.420665
0.423136
0.429333
0.44249
0.466142
0.510708
0.571169
0.63342
0.705252
0.782359
0.846175
0.904101
0.947343
0.969073
0.987936
0.998482
0.998367
0.999714
1.00106
0.997971
0.988787
0.978298
0.978512
0.980085
0.984249
0.990459
0.995666
0.998148
1.00073
1.00241
1.00179
1.00091
0.999139
0.996554
0.994439
0.992856
0.992919
0.993259
0.994042
0.995524
0.997691
0.999679
1.00105
1.00127
1.00097
1.00057
1.00003
0.999134
0.997855
0.996651
0.995936
0.995434
0.99539
0.995584
0.996035
0.997003
0.998094
0.999016
0.99908
0.674584
0.660588
0.64609
0.634819
0.620927
0.608061
0.599567
0.591144
0.578407
0.56807
0.560783
0.552954
0.540601
0.532495
0.526911
0.520518
0.5096
0.500616
0.49576
0.491162
0.484248
0.475281
0.471847
0.470013
0.467074
0.46042
0.458872
0.459065
0.457916
0.453486
0.451416
0.450653
0.448629
0.443617
0.439058
0.436274
0.433795
0.431337
0.428588
0.426629
0.42636
0.427085
0.428883
0.432979
0.441849
0.459605
0.495611
0.546757
0.609862
0.686659
0.753579
0.814029
0.867221
0.89587
0.918663
0.946267
0.952395
0.957216
0.970904
0.986701
0.993188
0.999889
1.00932
1.01126
1.00958
1.00801
1.00604
1.00215
0.995124
0.990274
0.988812
0.988461
0.988975
0.990509
0.993682
0.997656
1.00147
1.00482
1.00475
1.00405
1.0021
0.999375
0.997366
0.99592
0.99523
0.995134
0.995214
0.99541
0.995833
0.996496
0.997391
0.998348
0.99918
0.999367
0.999434
0.998938
0.754189
0.734753
0.714922
0.701645
0.686654
0.667676
0.654223
0.644609
0.630411
0.615044
0.606224
0.599649
0.587621
0.575991
0.570281
0.565464
0.556052
0.54538
0.541574
0.537929
0.530856
0.521482
0.519114
0.516867
0.512546
0.503553
0.499031
0.495952
0.491688
0.484063
0.477619
0.473522
0.469781
0.465139
0.459317
0.455336
0.452399
0.449117
0.447168
0.444868
0.440583
0.439487
0.439563
0.437959
0.437641
0.437959
0.439416
0.442526
0.44873
0.464437
0.494163
0.535806
0.595822
0.667911
0.734337
0.800605
0.862903
0.911581
0.949613
0.979573
0.984772
0.989495
0.99827
1.00209
1.00059
0.99411
0.986384
0.979903
0.982038
0.987953
0.99225
0.993761
0.996413
0.999398
1.00151
1.00256
1.00393
1.00351
1.00201
0.998716
0.994279
0.99286
0.992891
0.993143
0.993686
0.995152
0.997602
0.999435
1.00035
1.00033
0.999882
0.999177
0.998837
0.998344
0.997522
0.996753
0.836298
0.812569
0.788076
0.772269
0.75843
0.73748
0.717444
0.708547
0.697639
0.678823
0.666628
0.660858
0.650634
0.636116
0.62708
0.620486
0.609987
0.596618
0.588916
0.582956
0.573982
0.561193
0.554398
0.549664
0.544052
0.534642
0.526711
0.522141
0.518527
0.512418
0.505756
0.503368
0.501277
0.49734
0.492924
0.491167
0.488966
0.484562
0.480928
0.478431
0.474198
0.468594
0.465073
0.461603
0.456181
0.451615
0.450096
0.448738
0.446574
0.446241
0.447393
0.449986
0.455256
0.46673
0.489957
0.526119
0.580167
0.646136
0.708454
0.782409
0.840321
0.873425
0.912364
0.943199
0.947305
0.952309
0.958368
0.970053
0.98609
1.00344
1.0103
1.00868
1.00855
1.00811
1.0067
1.00407
0.998067
0.99322
0.989923
0.988546
0.988893
0.990418
0.992773
0.995647
0.998584
1.00137
1.00331
1.00302
1.00222
1.00105
0.999621
0.997717
0.996033
0.995549
0.995368
0.995751
0.92195
0.895731
0.868325
0.845766
0.831314
0.81298
0.784446
0.76894
0.759749
0.742228
0.720797
0.711536
0.702343
0.685591
0.67214
0.664612
0.655202
0.6399
0.630268
0.624354
0.61723
0.604152
0.596779
0.592402
0.58745
0.577633
0.570597
0.566642
0.562621
0.555743
0.548891
0.544481
0.540166
0.533754
0.526828
0.521695
0.516847
0.510786
0.504334
0.500083
0.496506
0.491205
0.486817
0.484736
0.48176
0.475357
0.473427
0.472093
0.468466
0.463278
0.461952
0.461048
0.458337
0.458283
0.459025
0.460828
0.464717
0.474188
0.491597
0.523634
0.577449
0.635991
0.696964
0.767042
0.832847
0.887457
0.932311
0.960215
0.975149
0.992552
1.00054
0.999445
0.997814
0.9986
0.996161
0.987164
0.980911
0.983137
0.986752
0.989341
0.993544
0.998814
1.00235
1.00378
1.00299
1.00295
1.00184
0.998936
0.996142
0.994588
0.994233
0.993984
0.994109
0.994817
0.996528
0.999181
1.01017
0.979772
0.952437
0.922225
0.903619
0.886958
0.859199
0.83241
0.822018
0.809092
0.783316
0.767275
0.760293
0.746061
0.728394
0.719559
0.711696
0.697006
0.684826
0.676964
0.668787
0.655573
0.645721
0.638556
0.631357
0.619895
0.610203
0.603406
0.597186
0.588308
0.579419
0.573153
0.567849
0.561336
0.553526
0.548738
0.545206
0.540516
0.534263
0.53153
0.529307
0.525331
0.521051
0.518394
0.51533
0.510142
0.505521
0.50194
0.497956
0.492115
0.487674
0.484913
0.4813
0.475997
0.473185
0.471615
0.469645
0.467949
0.468153
0.469009
0.471648
0.478146
0.492332
0.519298
0.563532
0.619192
0.686732
0.755746
0.806651
0.855378
0.901638
0.920849
0.931512
0.952578
0.965319
0.970253
0.978694
0.993691
1.00413
1.004
1.00579
1.00811
1.00852
1.00711
1.00311
0.99743
0.992691
0.989615
0.989962
0.991377
0.993023
0.994955
0.997376
1.00018
1.00274
1.00286
1.09903
1.06875
1.04
1.00444
0.980488
0.962628
0.936898
0.90303
0.888161
0.876676
0.853212
0.825501
0.816782
0.806089
0.78587
0.770718
0.760633
0.746637
0.731872
0.720917
0.711024
0.697434
0.686548
0.67858
0.671037
0.659133
0.64916
0.642826
0.637042
0.627746
0.618406
0.613069
0.608152
0.601321
0.593465
0.588515
0.584088
0.578409
0.571781
0.566513
0.561575
0.555438
0.549297
0.544198
0.539353
0.533094
0.527606
0.524204
0.521387
0.51697
0.512895
0.510099
0.507675
0.503871
0.499743
0.496319
0.492487
0.48715
0.483799
0.481648
0.478055
0.476927
0.477403
0.478356
0.481064
0.487258
0.500298
0.524934
0.56225
0.609678
0.672304
0.744012
0.803147
0.856042
0.910777
0.949927
0.967633
0.983778
0.995358
0.995325
0.995899
1.00003
0.999843
0.993589
0.982792
0.983322
0.985988
0.988478
0.992444
0.998597
1.00187
1.00337
1.003
1.00321
1.00256
0.999945
1.19298
1.16087
1.12878
1.09007
1.06138
1.03994
1.01416
0.978337
0.957651
0.943501
0.922183
0.890103
0.875927
0.865547
0.846605
0.82684
0.814006
0.800344
0.785688
0.773293
0.762176
0.747674
0.737099
0.728701
0.71988
0.706093
0.695466
0.688322
0.681249
0.670122
0.659118
0.651883
0.645457
0.636491
0.626554
0.619697
0.613971
0.606796
0.598555
0.592821
0.58829
0.582653
0.57644
0.572119
0.568581
0.563519
0.558626
0.555569
0.55282
0.548781
0.544971
0.54127
0.537058
0.532056
0.52776
0.52354
0.519234
0.514213
0.509197
0.505342
0.501879
0.497393
0.493678
0.49069
0.488078
0.488412
0.487403
0.486848
0.488178
0.492965
0.503109
0.523831
0.560165
0.604745
0.661316
0.730292
0.78801
0.838847
0.889601
0.913739
0.92569
0.947619
0.965598
0.967216
0.973189
0.987383
0.999834
1.00225
1.00656
1.00999
1.00944
1.00774
1.00416
0.998578
0.9933
0.992516
1.28881
1.2575
1.22023
1.17827
1.14636
1.12105
1.09247
1.05523
1.03154
1.01397
0.991653
0.958491
0.9399
0.927219
0.908936
0.887148
0.870282
0.854083
0.838908
0.826009
0.81275
0.795129
0.782685
0.773449
0.763409
0.746911
0.73383
0.726463
0.719521
0.707856
0.695239
0.688137
0.682241
0.673855
0.662832
0.656235
0.650987
0.644374
0.635869
0.629976
0.625201
0.619461
0.613219
0.607772
0.602584
0.596309
0.590607
0.585513
0.580212
0.573799
0.568477
0.564101
0.559831
0.554102
0.549046
0.54532
0.542317
0.538339
0.534759
0.531203
0.527585
0.523872
0.51949
0.515181
0.510849
0.506684
0.502994
0.498455
0.494484
0.494395
0.495828
0.496655
0.498035
0.501707
0.510836
0.530352
0.561623
0.602994
0.658488
0.725952
0.78498
0.836302
0.890601
0.934566
0.959781
0.980337
0.991259
0.993325
0.997477
1.00157
1.0012
0.995931
0.98472
0.982183
0.984487
0.991313
1.39338
1.35556
1.31415
1.26832
1.2333
1.20549
1.17405
1.13338
1.10692
1.08677
1.06243
1.02827
1.0068
0.990997
0.970251
0.948144
0.930534
0.910213
0.891
0.878547
0.866111
0.845968
0.830741
0.822035
0.812742
0.795344
0.779845
0.772464
0.765567
0.753505
0.740007
0.732018
0.725263
0.715744
0.704352
0.696121
0.689258
0.68096
0.671556
0.663968
0.65738
0.64967
0.641902
0.635387
0.629488
0.62209
0.615658
0.610917
0.606584
0.600465
0.595128
0.591258
0.587655
0.582959
0.578619
0.57467
0.571028
0.566692
0.562689
0.558744
0.554358
0.549739
0.545444
0.540846
0.536341
0.532187
0.528374
0.524388
0.518979
0.51524
0.512884
0.510136
0.505773
0.505689
0.505413
0.50474
0.505397
0.508476
0.515094
0.530271
0.559241
0.598695
0.647225
0.713119
0.772899
0.826821
0.877184
0.9043
0.923461
0.946528
0.96178
0.965496
0.972266
0.981206
0.9939
1.00574
1.49944
1.45547
1.41119
1.36095
1.32242
1.29263
1.25832
1.21319
1.18433
1.16279
1.13585
1.09821
1.0752
1.05841
1.03463
1.00836
0.99145
0.971937
0.947488
0.932542
0.920439
0.900506
0.881682
0.87117
0.86128
0.843476
0.82566
0.816118
0.808036
0.794926
0.780057
0.77059
0.762901
0.752252
0.739645
0.731022
0.724085
0.715766
0.705883
0.698142
0.691555
0.683805
0.675804
0.669238
0.663367
0.656232
0.649925
0.644698
0.639579
0.633217
0.627561
0.622428
0.617015
0.610425
0.60468
0.599562
0.594506
0.588961
0.584097
0.579652
0.575573
0.570977
0.566973
0.563304
0.558897
0.555436
0.552522
0.549163
0.544698
0.540886
0.537637
0.534157
0.528934
0.523581
0.519581
0.516143
0.512324
0.510372
0.511461
0.512365
0.513603
0.516576
0.523346
0.538637
0.56424
0.600458
0.651533
0.713067
0.769163
0.822907
0.874564
0.921709
0.957538
0.973587
0.983642
0.995979
1.60758
1.55645
1.51166
1.45607
1.4128
1.38196
1.34588
1.29559
1.26335
1.24065
1.21186
1.17035
1.14497
1.12723
1.10228
1.07112
1.05233
1.0343
1.00799
0.988633
0.974872
0.95557
0.934586
0.922092
0.911158
0.893038
0.873385
0.862587
0.853687
0.840149
0.82438
0.814328
0.805986
0.794469
0.781353
0.772365
0.764828
0.755467
0.745548
0.737324
0.729695
0.720543
0.711636
0.70386
0.696496
0.687735
0.680309
0.674028
0.667733
0.659823
0.653149
0.647585
0.642173
0.635518
0.629404
0.62429
0.619653
0.614352
0.610277
0.606488
0.602609
0.598377
0.594427
0.590485
0.585736
0.581087
0.577399
0.573689
0.56849
0.564316
0.56118
0.557799
0.553513
0.548816
0.5445
0.540883
0.536323
0.531636
0.528526
0.525771
0.522217
0.522216
0.521688
0.520249
0.520534
0.522718
0.527682
0.539709
0.561925
0.598402
0.643816
0.700248
0.762672
0.822432
0.863037
0.910958
1.70984
1.65875
1.61399
1.55428
1.50475
1.47227
1.43531
1.38156
1.34514
1.32025
1.28925
1.2452
1.21722
1.19716
1.17108
1.13775
1.11571
1.09674
1.07065
1.04817
1.03166
1.0112
0.988663
0.974708
0.962724
0.943713
0.922993
0.910672
0.900637
0.885765
0.869287
0.858008
0.848491
0.835255
0.820909
0.810664
0.802057
0.791209
0.780186
0.771509
0.76358
0.753721
0.743975
0.735922
0.728578
0.719506
0.711709
0.705406
0.699298
0.691529
0.684838
0.679183
0.673523
0.666875
0.660951
0.655476
0.64965
0.643535
0.638596
0.633795
0.628388
0.622971
0.618196
0.613319
0.607793
0.602559
0.598001
0.593857
0.588695
0.584472
0.581726
0.579241
0.575455
0.571682
0.568427
0.564938
0.560696
0.556406
0.552205
0.548126
0.543334
0.539034
0.535346
0.53166
0.527926
0.525616
0.526444
0.526888
0.527628
0.529911
0.535079
0.547025
0.568594
0.604713
0.645667
0.731157
1.81025
1.75955
1.71428
1.65463
1.59899
1.56308
1.52517
1.47005
1.42958
1.40155
1.36801
1.32274
1.29205
1.26874
1.23969
1.20624
1.18227
1.16076
1.13239
1.10871
1.09093
1.06923
1.04385
1.02816
1.0151
0.995293
0.972968
0.959541
0.948579
0.932683
0.915112
0.903032
0.892684
0.878637
0.86347
0.852393
0.842906
0.830905
0.819552
0.810708
0.802423
0.791981
0.782068
0.773435
0.765154
0.755193
0.747012
0.739921
0.732671
0.723961
0.716556
0.709977
0.703185
0.695388
0.688346
0.681966
0.675168
0.667851
0.662246
0.657277
0.651823
0.645985
0.641559
0.637496
0.632419
0.627476
0.623492
0.619582
0.613957
0.609383
0.606255
0.603211
0.599124
0.59493
0.591303
0.587723
0.582872
0.578503
0.574839
0.571129
0.566633
0.562496
0.558882
0.555622
0.551177
0.546693
0.543605
0.540353
0.536789
0.535748
0.535928
0.534663
0.534789
0.536528
0.540094
0.561633
1.90748
1.85583
1.81014
1.75453
1.69515
1.65438
1.61468
1.55917
1.51588
1.48483
1.44783
1.40114
1.36905
1.34341
1.30979
1.27421
1.25009
1.22752
1.19602
1.16992
1.15109
1.12887
1.10161
1.08388
1.06939
1.04843
1.02498
1.01021
0.998036
0.980601
0.962636
0.949696
0.938308
0.922777
0.907262
0.895271
0.884448
0.870282
0.857751
0.84818
0.839072
0.827451
0.816754
0.80752
0.798517
0.78742
0.778363
0.770876
0.763261
0.7538
0.746141
0.739642
0.732872
0.725197
0.718459
0.712218
0.705208
0.697428
0.691622
0.686512
0.680421
0.674292
0.669672
0.665295
0.659815
0.654209
0.649176
0.644237
0.637771
0.63197
0.627726
0.623865
0.618719
0.614024
0.610423
0.607181
0.603047
0.598798
0.595316
0.592214
0.587772
0.584165
0.581305
0.578127
0.574063
0.569884
0.565905
0.561951
0.556866
0.552179
0.548513
0.544679
0.541229
0.538982
0.539546
0.540888
1.98808
1.94506
1.90078
1.8508
1.79083
1.74602
1.7049
1.64815
1.60202
1.56908
1.52928
1.48022
1.44717
1.4201
1.38272
1.34415
1.31901
1.29537
1.26182
1.23331
1.21259
1.18936
1.16124
1.14189
1.12562
1.10321
1.07854
1.06237
1.04864
1.02925
1.01026
0.996649
0.984384
0.967704
0.951707
0.939119
0.927308
0.91162
0.897791
0.88743
0.877581
0.865028
0.854125
0.844757
0.835428
0.823912
0.814675
0.806712
0.798257
0.788003
0.779979
0.773077
0.765469
0.757243
0.750264
0.743593
0.73581
0.727346
0.720359
0.714118
0.706859
0.699474
0.693953
0.688965
0.683011
0.677234
0.672155
0.667255
0.660859
0.655028
0.650901
0.647253
0.642235
0.637423
0.633897
0.630529
0.626026
0.621918
0.618234
0.614572
0.609691
0.605409
0.602261
0.599206
0.594708
0.5906
0.587188
0.583655
0.579327
0.574919
0.571039
0.567682
0.563203
0.559322
0.556551
0.552565
2.02666
2.00892
1.97794
1.93909
1.88464
1.83648
1.79552
1.73925
1.68887
1.65326
1.61112
1.56017
1.52589
1.49729
1.45743
1.41741
1.39026
1.36442
1.32888
1.29894
1.27628
1.25054
1.22103
1.20104
1.18363
1.15937
1.1336
1.11626
1.10094
1.07903
1.05871
1.04428
1.03094
1.01256
0.996634
0.983968
0.971441
0.95431
0.939614
0.928333
0.917199
0.90306
0.891548
0.881866
0.871772
0.859506
0.849761
0.841223
0.831729
0.820177
0.811129
0.803539
0.79505
0.785998
0.778857
0.77229
0.764439
0.755972
0.749143
0.742941
0.735318
0.727402
0.721636
0.716511
0.709921
0.703951
0.699086
0.694319
0.687752
0.681786
0.677135
0.672671
0.666665
0.661297
0.656997
0.652768
0.64708
0.641922
0.637847
0.634042
0.628866
0.624293
0.620984
0.618075
0.614096
0.61
0.606838
0.60385
0.599466
0.595505
0.592316
0.589054
0.585116
0.581214
0.577968
0.571883
2.02999
2.02856
2.02004
2.00129
1.96668
1.92265
1.88319
1.83124
1.7772
1.73784
1.69361
1.64136
1.6051
1.57433
1.53158
1.49154
1.46387
1.43585
1.39749
1.36643
1.34234
1.31372
1.2811
1.26012
1.24191
1.21638
1.18973
1.17139
1.15464
1.13078
1.10878
1.09303
1.07819
1.05782
1.04149
1.02883
1.01593
0.998228
0.982948
0.970781
0.95839
0.942608
0.930087
0.919826
0.908978
0.896046
0.886236
0.877481
0.867556
0.855547
0.846014
0.837845
0.828314
0.818494
0.811156
0.804429
0.796035
0.787423
0.780533
0.774028
0.765827
0.757338
0.750796
0.744887
0.737429
0.730379
0.724668
0.719174
0.711812
0.705118
0.700093
0.695442
0.688968
0.682999
0.678717
0.674756
0.669269
0.664051
0.660018
0.656295
0.650915
0.646289
0.643114
0.640092
0.635786
0.631656
0.628177
0.624745
0.620109
0.615521
0.61196
0.608672
0.60431
0.600513
0.597898
0.592882
2.01778
2.02738
2.0259
2.02228
2.01372
1.991
1.96252
1.92171
1.86808
1.82541
1.78015
1.72596
1.6864
1.65288
1.60562
1.5641
1.53715
1.50832
1.46835
1.43613
1.41054
1.37911
1.34358
1.32051
1.30052
1.27258
1.24551
1.22712
1.20955
1.1842
1.16135
1.14426
1.12739
1.10421
1.08724
1.07438
1.06062
1.04198
1.02701
1.01462
1.00112
0.984081
0.970645
0.959505
0.947023
0.932906
0.922855
0.913863
0.902946
0.89029
0.880378
0.871702
0.86113
0.850214
0.842011
0.834654
0.82519
0.815852
0.808753
0.80211
0.793398
0.784727
0.778122
0.77209
0.76426
0.757008
0.751221
0.745634
0.737812
0.730755
0.725642
0.720918
0.714285
0.708403
0.704048
0.699832
0.693895
0.688453
0.684008
0.679612
0.673285
0.667708
0.663756
0.660184
0.655197
0.650501
0.646873
0.643434
0.638736
0.634017
0.630272
0.626974
0.622797
0.618918
0.616308
0.611754
1.93486
1.99985
2.02351
2.01918
2.00955
2.01069
2.00667
1.98764
1.94827
1.90741
1.86659
1.81357
1.77034
1.73438
1.68279
1.63683
1.60782
1.57728
1.53684
1.5054
1.47944
1.44591
1.40859
1.38323
1.36092
1.32947
1.30071
1.2823
1.26415
1.23779
1.21482
1.19721
1.17888
1.15346
1.13505
1.12127
1.10608
1.08585
1.07068
1.05821
1.04396
1.02619
1.01223
1.00045
0.98675
0.971226
0.960436
0.950931
0.939101
0.92561
0.915405
0.90643
0.895249
0.883898
0.875415
0.867698
0.857475
0.847485
0.840148
0.833262
0.823764
0.814608
0.808027
0.801911
0.793594
0.786008
0.779987
0.774044
0.765666
0.757914
0.752053
0.746583
0.738821
0.732044
0.72729
0.722783
0.71635
0.710328
0.705643
0.701195
0.694784
0.688761
0.684642
0.681049
0.675884
0.671027
0.667614
0.664415
0.659825
0.655241
0.651457
0.64793
0.643334
0.639161
0.636111
0.630771
1.66836
1.82839
1.96331
1.98884
2.00002
2.01413
2.01093
2.00671
1.99645
1.97452
1.94521
1.90076
1.85432
1.81656
1.76551
1.71582
1.68283
1.64799
1.6032
1.57147
1.54569
1.51101
1.47397
1.44846
1.425
1.39042
1.35924
1.33949
1.31964
1.29106
1.26804
1.25041
1.23093
1.20426
1.18519
1.17042
1.15336
1.13123
1.11547
1.10247
1.08665
1.06787
1.05391
1.04191
1.02708
1.01095
0.999724
0.989662
0.976415
0.961982
0.951347
0.941874
0.929336
0.917288
0.908615
0.900658
0.889759
0.879345
0.871458
0.863948
0.853366
0.843264
0.836005
0.829303
0.820114
0.812158
0.806184
0.800298
0.791829
0.783889
0.777913
0.772326
0.764179
0.756697
0.751678
0.747049
0.740324
0.734328
0.729808
0.725426
0.718941
0.712891
0.708479
0.704486
0.698724
0.693315
0.689274
0.685413
0.680001
0.674869
0.670749
0.666857
0.661976
0.657369
0.654134
0.648559
1.25187
1.44191
1.66112
1.81447
1.92206
1.98959
2.0129
2.01271
2.01068
2.005
1.99517
1.97326
1.93363
1.89387
1.84496
1.79208
1.75782
1.7232
1.67654
1.64256
1.61479
1.57575
1.53582
1.51044
1.48719
1.45247
1.4212
1.39997
1.37804
1.34674
1.32246
1.304
1.28235
1.25366
1.23453
1.21965
1.20154
1.17843
1.16211
1.14839
1.13075
1.11026
1.09576
1.08337
1.06718
1.05026
1.03903
1.02883
1.01493
0.999827
0.988594
0.978405
0.964507
0.951234
0.942131
0.933813
0.922122
0.911462
0.903741
0.896183
0.885082
0.874382
0.866713
0.859575
0.849281
0.840639
0.83464
0.828712
0.819861
0.811954
0.806004
0.800207
0.79161
0.783761
0.778172
0.772959
0.765374
0.758541
0.753566
0.748793
0.741739
0.735078
0.730273
0.725984
0.719946
0.714145
0.709852
0.705899
0.70021
0.694612
0.690461
0.686622
0.681705
0.677135
0.674065
0.668611
1.02953
1.09148
1.23062
1.43835
1.6544
1.7867
1.89141
1.97425
2.01045
2.01428
2.01114
2.0072
1.99554
1.96811
1.92667
1.87064
1.8298
1.79447
1.74721
1.71215
1.68536
1.64776
1.6058
1.57711
1.54987
1.50969
1.47829
1.45804
1.43619
1.40457
1.38029
1.36103
1.33694
1.3049
1.28434
1.26872
1.24866
1.22467
1.20894
1.19533
1.17674
1.15539
1.14014
1.12677
1.1082
1.08981
1.07834
1.0679
1.05288
1.03771
1.0267
1.0163
1.00124
0.987031
0.977238
0.968196
0.95491
0.943476
0.935689
0.927988
0.916324
0.905341
0.897406
0.889855
0.878754
0.869142
0.862494
0.856002
0.846111
0.837481
0.831484
0.825682
0.816818
0.808682
0.803061
0.797856
0.790134
0.782812
0.777501
0.77247
0.764927
0.757903
0.753106
0.748865
0.742709
0.736993
0.732797
0.72881
0.72306
0.717273
0.712627
0.708162
0.702413
0.6974
0.693876
0.687794
1.00071
1.00516
1.02905
1.09125
1.21605
1.40361
1.6137
1.80013
1.88482
1.93841
1.97691
2.00359
2.00586
2.00341
1.99179
1.95865
1.91705
1.87889
1.82777
1.78221
1.75134
1.71122
1.67018
1.6437
1.61788
1.57684
1.54134
1.51786
1.49212
1.45691
1.43411
1.41659
1.39285
1.36051
1.33855
1.32134
1.29803
1.27101
1.25488
1.24109
1.22119
1.19966
1.18497
1.17156
1.15167
1.13174
1.11927
1.10794
1.09097
1.07463
1.06383
1.0535
1.03798
1.02339
1.01339
1.00395
0.98964
0.977059
0.968717
0.960471
0.947606
0.936051
0.928254
0.920735
0.909246
0.899204
0.892322
0.885583
0.875039
0.865621
0.859274
0.853181
0.84364
0.835294
0.829812
0.824621
0.8167
0.809274
0.803731
0.798359
0.790271
0.782569
0.777182
0.772412
0.765559
0.759305
0.754797
0.75052
0.744384
0.738264
0.733357
0.728718
0.722493
0.716976
0.713167
0.706671
1
1.00007
1.00097
1.00538
1.02448
1.08334
1.18994
1.37642
1.58952
1.80085
1.89201
1.9343
1.95887
1.97998
1.98954
1.98811
1.9791
1.95804
1.91957
1.86919
1.83024
1.78699
1.73432
1.7033
1.67622
1.63578
1.60365
1.5822
1.55706
1.51838
1.49113
1.47101
1.44389
1.40996
1.39003
1.37433
1.3509
1.32271
1.30486
1.28955
1.26656
1.24261
1.22818
1.21491
1.19424
1.17429
1.16189
1.15028
1.13183
1.11401
1.10242
1.09127
1.07381
1.05865
1.0491
1.03981
1.025
1.01205
1.00338
0.994681
0.980548
0.967747
0.959452
0.9515
0.93907
0.928642
0.921822
0.915061
0.904259
0.894376
0.887463
0.880798
0.870172
0.860749
0.854837
0.849356
0.840851
0.833138
0.827693
0.822409
0.814338
0.806411
0.800697
0.795619
0.78818
0.781306
0.776659
0.772342
0.76596
0.759865
0.75512
0.750602
0.744559
0.73892
0.734971
0.727913
1
1
1.00001
1.00008
1.00075
1.00479
1.0189
1.07411
1.18544
1.36532
1.56321
1.75061
1.90664
1.95002
1.95524
1.9651
1.96576
1.97069
1.96634
1.94263
1.90979
1.87157
1.81787
1.77603
1.74531
1.70028
1.65992
1.63738
1.6123
1.57685
1.55205
1.53259
1.50457
1.46497
1.44125
1.42392
1.39837
1.37047
1.35455
1.34026
1.31675
1.29073
1.2745
1.25977
1.23605
1.21439
1.20275
1.19153
1.17271
1.15462
1.14291
1.13138
1.11239
1.09518
1.08491
1.07504
1.059
1.04566
1.03743
1.02895
1.01463
1.00118
0.992272
0.98372
0.969908
0.958226
0.951239
0.944363
0.933111
0.923025
0.916282
0.909681
0.898943
0.888844
0.88237
0.876425
0.867048
0.85866
0.853178
0.847871
0.839566
0.83168
0.826063
0.820907
0.81327
0.806072
0.800874
0.796025
0.788907
0.782252
0.777243
0.772356
0.765864
0.759933
0.755791
0.748342
1
1
1
1
1.00001
1.00006
1.00051
1.00432
1.01825
1.0645
1.17572
1.33846
1.54619
1.71994
1.87291
1.95602
1.9625
1.96791
1.96645
1.96259
1.95286
1.93269
1.89538
1.85127
1.81849
1.77611
1.73127
1.70356
1.67495
1.63016
1.60196
1.5839
1.5584
1.5226
1.49935
1.48154
1.45337
1.41922
1.40134
1.38649
1.36217
1.33665
1.32185
1.30778
1.28317
1.25861
1.24539
1.23308
1.2118
1.19264
1.18183
1.17089
1.15187
1.13419
1.12339
1.11294
1.09502
1.07993
1.0714
1.06267
1.04754
1.03392
1.02534
1.01694
1.00286
0.990267
0.982505
0.974998
0.962469
0.951475
0.944577
0.937841
0.926753
0.916577
0.909969
0.903845
0.894073
0.884888
0.87869
0.872778
0.863454
0.854865
0.84912
0.843881
0.836052
0.828874
0.82374
0.818888
0.811596
0.804414
0.799063
0.793863
0.786747
0.780565
0.776401
0.768992
1
1
1
1
1
1
1
1.00006
1.00046
1.00337
1.01707
1.05438
1.15813
1.3196
1.53071
1.70241
1.83421
1.93245
1.97322
1.97493
1.97102
1.963
1.94943
1.92218
1.88807
1.84845
1.79866
1.7679
1.74145
1.6989
1.66451
1.64311
1.61376
1.56917
1.54639
1.53177
1.50766
1.47537
1.45602
1.44002
1.4121
1.38049
1.36498
1.35137
1.32749
1.30322
1.29056
1.27845
1.25603
1.23369
1.22153
1.20983
1.18912
1.17057
1.16066
1.15085
1.13327
1.11708
1.10765
1.09819
1.08137
1.06608
1.05735
1.04895
1.03463
1.02187
1.01424
1.00675
0.99393
0.981757
0.974073
0.966761
0.954608
0.943584
0.93708
0.931047
0.92128
0.911979
0.905661
0.899561
0.88982
0.880384
0.87413
0.868512
0.859941
0.852482
0.847565
0.842807
0.835489
0.828387
0.822895
0.817472
0.809857
0.803228
0.798685
0.79062
1
1
1
1
1
1
1
1
1
1.00004
1.00041
1.00247
1.01489
1.05
1.14114
1.3088
1.5085
1.69139
1.81131
1.90055
1.95608
1.97026
1.96953
1.9638
1.94909
1.92417
1.88442
1.83916
1.8046
1.76107
1.72093
1.70032
1.67578
1.63359
1.604
1.58583
1.55765
1.51906
1.50165
1.48905
1.46558
1.4339
1.41536
1.40003
1.37272
1.34359
1.33139
1.32033
1.29919
1.27679
1.26442
1.25249
1.23029
1.20857
1.1976
1.18736
1.16887
1.15241
1.14365
1.13464
1.11786
1.10127
1.0915
1.08237
1.06652
1.05257
1.04506
1.03772
1.02489
1.01266
1.00483
0.997271
0.984478
0.972461
0.965248
0.958671
0.947925
0.938171
0.931932
0.925862
0.916034
0.906461
0.899817
0.893766
0.884445
0.876139
0.870701
0.865513
0.857406
0.850024
0.844667
0.839352
0.831705
0.824914
0.820314
0.811836
1
1
1
1
1
1
1
1
1
1
1
1.00003
1.00036
1.00218
1.01224
1.0486
1.12583
1.28247
1.48083
1.68657
1.79902
1.87218
1.92352
1.95478
1.95927
1.95825
1.94988
1.92243
1.88617
1.84466
1.79259
1.75578
1.72848
1.68752
1.65709
1.6411
1.61864
1.58002
1.55438
1.53753
1.51018
1.4752
1.4596
1.44781
1.42494
1.39415
1.37821
1.36524
1.34097
1.31463
1.30311
1.29259
1.27222
1.25002
1.23817
1.2274
1.20749
1.18801
1.17858
1.16941
1.15231
1.13547
1.12604
1.11717
1.10126
1.08588
1.07742
1.06942
1.05532
1.04202
1.03434
1.02697
1.01429
1.00199
0.994525
0.987713
0.976387
0.965483
0.958703
0.952227
0.94167
0.931682
0.925249
0.919361
0.910101
0.901501
0.895788
0.890332
0.881614
0.873501
0.867919
0.862406
0.854438
0.847593
0.843209
0.83482
1
1
1
1
1
1
1
1
1
1
1
1
1
1.00002
1.00028
1.00204
1.00959
1.04315
1.11612
1.2573
1.45153
1.65972
1.80817
1.86191
1.89713
1.92696
1.94403
1.94372
1.93773
1.92053
1.88355
1.83687
1.80019
1.75834
1.71063
1.68754
1.66582
1.63083
1.60629
1.59167
1.56889
1.52995
1.50555
1.49056
1.46675
1.43607
1.42253
1.41202
1.391
1.36161
1.34583
1.33325
1.31038
1.28589
1.27539
1.26615
1.24808
1.22783
1.21698
1.20692
1.18816
1.16863
1.15893
1.15023
1.1345
1.1191
1.11076
1.10287
1.08856
1.07375
1.06502
1.05695
1.04313
1.03023
1.0231
1.01655
1.00538
0.994316
0.987116
0.980227
0.968775
0.957719
0.950811
0.944589
0.934749
0.926066
0.920455
0.915001
0.906148
0.897627
0.891564
0.885532
0.876576
0.869165
0.864446
0.855726
1
1
1
1
1
1
1
1
1
1
1
1
1
1
1
1.00002
1.00019
1.00178
1.00828
1.03537
1.11064
1.23967
1.42515
1.61476
1.80343
1.87853
1.89563
1.91235
1.9192
1.92709
1.92372
1.90592
1.87684
1.8411
1.79223
1.75323
1.72674
1.68817
1.64781
1.63181
1.61324
1.58187
1.55841
1.54374
1.5219
1.4849
1.4641
1.45196
1.43159
1.40367
1.38926
1.37811
1.3573
1.32889
1.31482
1.30407
1.28452
1.26293
1.25325
1.24444
1.22716
1.20655
1.19517
1.1855
1.16827
1.15073
1.14251
1.13491
1.12089
1.10601
1.09712
1.08892
1.07457
1.06008
1.05221
1.04519
1.03318
1.02161
1.01476
1.00812
0.996829
0.985329
0.977901
0.971258
0.960581
0.950891
0.945094
0.93951
0.930311
0.921638
0.91569
0.909836
0.90069
0.892837
0.887829
0.878414
1
1
1
1
1
1
1
1
1
1
1
1
1
1
1
1
1
1.00002
1.00015
1.00139
1.00793
1.02939
1.09972
1.2214
1.40738
1.58802
1.75115
1.87746
1.90857
1.91049
1.91405
1.91136
1.90684
1.8954
1.86821
1.82806
1.79569
1.75966
1.71445
1.68657
1.66551
1.62726
1.595
1.58337
1.56782
1.53876
1.51643
1.50232
1.48134
1.44546
1.42617
1.41535
1.39711
1.3714
1.35763
1.34729
1.32846
1.30243
1.28949
1.27946
1.26141
1.24045
1.23032
1.22179
1.20579
1.18689
1.17691
1.16827
1.15259
1.13576
1.12714
1.11944
1.10573
1.09128
1.08315
1.07592
1.06323
1.05008
1.04246
1.03539
1.02338
1.01169
1.00468
0.998352
0.987839
0.977734
0.97134
0.965243
0.955002
0.945479
0.939336
0.933319
0.923991
0.916032
0.911179
0.9016
1
1
1
1
1
1
1
1
1
1
1
1
1
1
1
1
1
1
1
1.00001
1.00014
1.001
1.00703
1.026
1.0848
1.20763
1.37931
1.57002
1.71957
1.84292
1.91079
1.91705
1.91544
1.91171
1.90285
1.88564
1.85835
1.82576
1.78254
1.74632
1.7236
1.6903
1.65283
1.63306
1.61383
1.57737
1.55206
1.54239
1.52793
1.49853
1.47551
1.46155
1.44149
1.40856
1.39294
1.38405
1.36818
1.34443
1.3306
1.32009
1.30165
1.27605
1.26394
1.25508
1.23938
1.22063
1.21144
1.20349
1.18845
1.16971
1.15924
1.1506
1.13565
1.11996
1.11249
1.10587
1.09385
1.08044
1.07223
1.06471
1.05178
1.03851
1.03107
1.02458
1.01378
1.00359
0.997463
0.991529
0.981322
0.970996
0.964251
0.957778
0.947429
0.938847
0.933933
0.924377
1
1
1
1
1
1
1
1
1
1
1
1
1
1
1
1
1
1
1
1
1
1.00001
1.00012
1.00081
1.00544
1.024
1.07229
1.19062
1.35409
1.54804
1.6952
1.80698
1.88646
1.91738
1.91737
1.91376
1.90493
1.88646
1.85713
1.81592
1.77963
1.74664
1.70789
1.68505
1.66682
1.63671
1.60416
1.58641
1.56734
1.53402
1.51231
1.50306
1.48882
1.46009
1.43922
1.42678
1.40816
1.37814
1.36403
1.35566
1.3406
1.31698
1.30327
1.29361
1.27704
1.25384
1.2432
1.23525
1.22082
1.20245
1.19242
1.18424
1.1697
1.15207
1.14302
1.13559
1.12244
1.10809
1.10042
1.09349
1.08125
1.06779
1.05969
1.0527
1.04089
1.02932
1.02291
1.01685
1.00638
0.996092
0.989576
0.983357
0.972845
0.963661
0.958205
0.947656
1
1
1
1
1
1
1
1
1
1
1
1
1
1
1
1
1
1
1
1
1
1
1
1.00001
1.00009
1.00072
1.00408
1.02139
1.06406
1.1658
1.33357
1.5264
1.68121
1.77966
1.85273
1.8999
1.90921
1.90896
1.90365
1.88647
1.85582
1.82217
1.78003
1.73682
1.71117
1.68382
1.65353
1.63483
1.61778
1.58858
1.5577
1.54197
1.52514
1.49642
1.47781
1.4689
1.4547
1.42616
1.40546
1.39361
1.3764
1.34893
1.33642
1.32925
1.31601
1.29391
1.28064
1.27124
1.25527
1.23269
1.22217
1.21472
1.2017
1.18489
1.17577
1.16829
1.15497
1.13823
1.12898
1.12138
1.10847
1.09475
1.08745
1.08106
1.06993
1.05774
1.05037
1.04362
1.03188
1.02017
1.01367
1.0077
0.997402
0.988106
0.982984
0.972307
1
1
1
1
1
1
1
1
1
1
1
1
1
1
1
1
1
1
1
1
1
1
1
1
1
1
1.00006
1.00062
1.00332
1.01714
1.0599
1.14593
1.30386
1.49114
1.67661
1.76758
1.82575
1.86784
1.89389
1.89591
1.89402
1.88579
1.86109
1.81967
1.78126
1.74776
1.7028
1.67185
1.6562
1.63268
1.60612
1.5897
1.57472
1.54693
1.51721
1.5036
1.48916
1.46341
1.44443
1.43464
1.42068
1.39321
1.3743
1.36445
1.34985
1.32563
1.31328
1.30586
1.29274
1.27055
1.25706
1.24809
1.23362
1.2139
1.20493
1.19824
1.18626
1.17012
1.16024
1.15218
1.1386
1.12273
1.11464
1.10801
1.09657
1.08432
1.07741
1.07101
1.05957
1.04687
1.03954
1.03311
1.02185
1.01157
1.00655
0.99624
1
1
1
1
1
1
1
1
1
1
1
1
1
1
1
1
1
1
1
1
1
1
1
1
1
1
1
1
1.00004
1.00047
1.00297
1.01308
1.05324
1.13227
1.2754
1.45605
1.64718
1.77457
1.81567
1.84314
1.86547
1.88001
1.88038
1.87358
1.8538
1.82492
1.78333
1.73902
1.71035
1.68263
1.64182
1.62227
1.61187
1.59244
1.56685
1.55026
1.5355
1.50789
1.47793
1.46661
1.45513
1.43254
1.41431
1.40481
1.39204
1.36648
1.34758
1.33779
1.32414
1.30191
1.28966
1.28227
1.27013
1.25016
1.23817
1.22976
1.21605
1.19761
1.18823
1.18116
1.1691
1.15364
1.14487
1.13778
1.12554
1.11099
1.10335
1.09683
1.08536
1.07249
1.06563
1.05975
1.04881
1.03749
1.03164
1.02035
1
1
1
1
1
1
1
1
1
1
1
1
1
1
1
1
1
1
1
1
1
1
1
1
1
1
1
1
1
1
1.00003
1.00032
1.00259
1.01092
1.04306
1.12211
1.25209
1.42623
1.59716
1.76488
1.83045
1.84088
1.85465
1.85846
1.86499
1.86171
1.84557
1.8147
1.78036
1.74896
1.7092
1.67535
1.65603
1.63165
1.59673
1.58152
1.57281
1.55514
1.52834
1.51119
1.49751
1.47187
1.44485
1.4358
1.42636
1.40627
1.38747
1.37632
1.36293
1.338
1.32091
1.31254
1.30077
1.282
1.27094
1.26324
1.25077
1.23098
1.21877
1.21031
1.19704
1.18029
1.17253
1.16649
1.15555
1.14085
1.13204
1.12484
1.11247
1.09734
1.09024
1.08474
1.07448
1.06272
1.05723
1.04607
1
1
1
1
1
1
1
1
1
1
1
1
1
1
1
1
1
1
1
1
1
1
1
1
1
1
1
1
1
1
1
1
1.00003
1.00023
1.00195
1.00988
1.03449
1.10864
1.2285
1.40418
1.56716
1.71226
1.82406
1.85153
1.85225
1.85513
1.85273
1.84706
1.83388
1.81023
1.77848
1.74047
1.71267
1.68653
1.653
1.6255
1.60821
1.58649
1.55902
1.54503
1.53669
1.5201
1.49402
1.47728
1.46397
1.4399
1.41631
1.40693
1.39711
1.37737
1.35984
1.34965
1.33723
1.31462
1.29999
1.29193
1.28022
1.26199
1.2506
1.24276
1.23051
1.21165
1.20142
1.19435
1.18253
1.16675
1.15874
1.15258
1.14173
1.12634
1.11774
1.11162
1.10095
1.08693
1.08085
1.07027
1
1
1
1
1
1
1
1
1
1
1
1
1
1
1
1
1
1
1
1
1
1
1
1
1
1
1
1
1
1
1
1
1
1
1.00002
1.0002
1.00134
1.00853
1.02949
1.09087
1.2103
1.37174
1.54501
1.67895
1.78891
1.85071
1.85756
1.85592
1.85301
1.84419
1.82879
1.80352
1.76987
1.73894
1.70896
1.67991
1.65572
1.63409
1.60879
1.58364
1.56648
1.54893
1.52784
1.51391
1.50371
1.48569
1.4604
1.44426
1.43095
1.40822
1.38913
1.38137
1.3722
1.3534
1.3368
1.3265
1.31351
1.29088
1.27772
1.27087
1.26049
1.24358
1.23312
1.22583
1.21426
1.19581
1.18528
1.17837
1.16768
1.15263
1.1442
1.13899
1.12981
1.11558
1.10694
1.09429
1
1
1
1
1
1
1
1
1
1
1
1
1
1
1
1
1
1
1
1
1
1
1
1
1
1
1
1
1
1
1
1
1
1
1
1
1.00001
1.00017
1.00103
1.00642
1.02629
1.07533
1.18972
1.34252
1.51896
1.65103
1.75234
1.82616
1.85557
1.85618
1.85298
1.84625
1.82912
1.80375
1.77158
1.73448
1.6994
1.6764
1.65643
1.63267
1.61149
1.59332
1.57057
1.5464
1.53014
1.5144
1.49617
1.48278
1.47147
1.45259
1.42907
1.41527
1.4032
1.38258
1.36583
1.35788
1.34802
1.32846
1.31243
1.3032
1.29146
1.27129
1.25975
1.25329
1.24374
1.22743
1.21587
1.20793
1.19712
1.18048
1.16912
1.16349
1.15532
1.142
1.13244
1.12051
1
1
1
1
1
1
1
1
1
1
1
1
1
1
1
1
1
1
1
1
1
1
1
1
1
1
1
1
1
1
1
1
1
1
1
1
1
1
1.00001
1.00012
1.00088
1.00462
1.02266
1.06499
1.16117
1.31661
1.49222
1.63528
1.72457
1.79196
1.8372
1.84802
1.84845
1.84476
1.83155
1.80519
1.77211
1.73815
1.70404
1.67032
1.64791
1.6316
1.61392
1.59304
1.57428
1.55615
1.53229
1.51088
1.49824
1.48447
1.46698
1.45368
1.44226
1.42352
1.40098
1.38802
1.37646
1.35752
1.34256
1.3348
1.32531
1.3077
1.29268
1.28314
1.27193
1.25408
1.24179
1.23434
1.22613
1.21125
1.19885
1.19066
1.18226
1.1674
1.15585
1.15221
1
1
1
1
1
1
1
1
1
1
1
1
1
1
1
1
1
1
1
1
1
1
1
1
1
1
1
1
1
1
1
1
1
1
1
1
1
1
1
1
1.00001
1.00007
1.00071
1.00362
1.01738
1.05895
1.13869
1.28297
1.45359
1.62534
1.71105
1.76656
1.80656
1.83334
1.83627
1.83529
1.82935
1.80894
1.77652
1.73953
1.70697
1.67683
1.64469
1.62299
1.60815
1.59442
1.57691
1.55669
1.53979
1.52244
1.49887
1.48013
1.46926
1.45636
1.43954
1.4257
1.41355
1.39508
1.37498
1.36322
1.35226
1.33712
1.32318
1.3141
1.30397
1.28875
1.27184
1.26159
1.2518
1.23659
1.2235
1.21667
1.21204
1.20119
1.20037
1.23276
1
1
1
1
1
1
1
1
1
1
1
1
1
1
1
1
1
1
1
1
1
1
1
1
1
1
1
1
1
1
1
1
1
1
1
1
1
1
1
1
1
1
1.00001
1.00005
1.00051
1.00309
1.0128
1.05025
1.12323
1.25145
1.41564
1.58845
1.71552
1.75629
1.78343
1.80567
1.82112
1.82254
1.81824
1.80478
1.77843
1.74537
1.70867
1.67741
1.6513
1.62396
1.60206
1.58655
1.57466
1.56208
1.54395
1.52418
1.50743
1.48838
1.46677
1.45193
1.44197
1.42949
1.41411
1.40021
1.38793
1.37075
1.35271
1.33938
1.32883
1.31654
1.30163
1.29186
1.28232
1.26975
1.25483
1.25019
1.25627
1.28042
1.32584
1.48293
1
1
1
1
1
1
1
1
1
1
1
1
1
1
1
1
1
1
1
1
1
1
1
1
1
1
1
1
1
1
1
1
1
1
1
1
1
1
1
1
1
1
1
1
1
1.00004
1.00032
1.00253
1.01043
1.03874
1.11062
1.22478
1.38252
1.53846
1.69674
1.76824
1.78132
1.79513
1.8009
1.80674
1.80659
1.79781
1.77432
1.74432
1.71278
1.68121
1.65236
1.62946
1.6067
1.58478
1.568
1.55572
1.54442
1.52949
1.51015
1.49206
1.47612
1.45777
1.44052
1.42725
1.41812
1.40535
1.38879
1.37369
1.36126
1.34503
1.32728
1.31838
1.31338
1.31568
1.32544
1.35945
1.42757
1.54226
1.66962
1.85795
1
1
1
1
1
1
1
1
1
1
1
1
1
1
1
1
1
1
1
1
1
1
1
1
1
1
1
1
1
1
1
1
1
1
1
1
1
1
1
1
1
1
1
1
1
1
1
1.00003
1.00023
1.00175
1.00902
1.03009
1.09395
1.19988
1.35563
1.50676
1.64067
1.75597
1.79197
1.7929
1.79878
1.79474
1.79272
1.78611
1.76783
1.73926
1.70984
1.68346
1.65769
1.63125
1.60957
1.58951
1.56844
1.55122
1.53747
1.52631
1.51467
1.49915
1.48017
1.46302
1.44717
1.43018
1.41255
1.40014
1.39346
1.38435
1.37337
1.37514
1.39484
1.44865
1.5432
1.68149
1.8297
1.93968
2.02829
2.0813
1
1
1
1
1
1
1
1
1
1
1
1
1
1
1
1
1
1
1
1
1
1
1
1
1
1
1
1
1
1
1
1
1
1
1
1
1
1
1
1
1
1
1
1
1
1
1
1
1
1.00002
1.00018
1.00115
1.0072
1.02522
1.07505
1.17988
1.31843
1.48104
1.60865
1.7152
1.78647
1.79865
1.79755
1.79594
1.7912
1.78069
1.7631
1.73622
1.70559
1.67783
1.65671
1.63562
1.61185
1.59234
1.57438
1.55387
1.53578
1.5222
1.50937
1.49855
1.48582
1.47048
1.45274
1.43593
1.43494
1.44949
1.49309
1.56705
1.69557
1.83677
1.98431
2.08872
2.16388
2.22268
2.23107
2.21209
1
1
1
1
1
1
1
1
1
1
1
1
1
1
1
1
1
1
1
1
1
1
1
1
1
1
1
1
1
1
1
1
1
1
1
1
1
1
1
1
1
1
1
1
1
1
1
1
1
1
1
1.00001
1.00014
1.00087
1.00497
1.02166
1.06064
1.15477
1.28961
1.44935
1.58029
1.67965
1.75652
1.79411
1.79884
1.79632
1.79207
1.78165
1.7623
1.73679
1.7062
1.67581
1.6498
1.63259
1.61561
1.59432
1.57566
1.55879
1.53765
1.51912
1.51572
1.51658
1.52643
1.55389
1.60546
1.7189
1.84255
1.99746
2.13107
2.2063
2.26656
2.26886
2.26552
2.26179
2.24669
2.1865
1
1
1
1
1
1
1
1
1
1
1
1
1
1
1
1
1
1
1
1
1
1
1
1
1
1
1
1
1
1
1
1
1
1
1
1
1
1
1
1
1
1
1
1
1
1
1
1
1
1
1
1
1
1.00001
1.00009
1.0007
1.00347
1.01713
1.05163
1.12649
1.26069
1.41535
1.56164
1.65168
1.72256
1.77173
1.79104
1.79257
1.79043
1.78368
1.76549
1.7383
1.70894
1.67701
1.6485
1.62101
1.61084
1.60586
1.59318
1.59251
1.60703
1.64718
1.74326
1.87014
2.0336
2.19236
2.29663
2.40733
2.44634
2.43638
2.42058
2.39615
2.35886
2.28931
2.22395
2.1474
1
1
1
1
1
1
1
1
1
1
1
1
1
1
1
1
1
1
1
1
1
1
1
1
1
1
1
1
1
1
1
1
1
1
1
1
1
1
1
1
1
1
1
1
1
1
1
1
1
1
1
1
1
1
1
1.00001
1.00005
1.00051
1.00269
1.01205
1.04473
1.10647
1.22468
1.37738
1.53892
1.63958
1.697
1.74215
1.77499
1.78162
1.78094
1.77653
1.76363
1.74013
1.71639
1.6928
1.68302
1.69568
1.73338
1.81595
1.92574
2.06129
2.20204
2.31516
2.4387
2.47226
2.47582
2.47459
2.4731
2.44831
2.40741
2.3634
2.31123
2.26465
2.23059
2.17048
1
1
1
1
1
1
1
1
1
1
1
1
1
1
1
1
1
1
1
1
1
1
1
1
1
1
1
1
1
1
1
1
1
1
1
1
1
1
1
1
1
1
1
1
1
1
1
1
1
1
1
1
1
1
1
1
1
1
1.00003
1.00031
1.00216
1.00876
1.0347
1.09381
1.19298
1.33899
1.49048
1.63415
1.69181
1.72174
1.74037
1.75463
1.77566
1.80017
1.83126
1.8738
1.94229
2.04152
2.16027
2.30768
2.43467
2.56398
2.63344
2.66603
2.66409
2.64649
2.60943
2.55614
2.47676
2.40375
2.35063
2.30871
2.26917
2.23619
2.2028
2.1425
1
1
1
1
1
1
1
1
1
1
1
1
1
1
1
1
1
1
1
1
1
1
1
1
1
1
1
1
1
1
1
1
1
1
1
1
1
1
1
1
1
1
1
1
1
1
1
1
1
1
1
1
1
1
1
1
1
1
1
1
1.00002
1.00019
1.00152
1.00719
1.02496
1.07946
1.16892
1.3027
1.4512
1.59632
1.70506
1.7746
1.86823
1.99433
2.14488
2.24942
2.38154
2.47459
2.58368
2.65293
2.6804
2.71116
2.7399
2.72636
2.68459
2.62728
2.56628
2.50308
2.44684
2.39397
2.34863
2.30716
2.27177
2.23528
2.20325
2.15439
1
1
1
1
1
1
1
1
1
1
1
1
1
1
1
1
1
1
1
1
1
1
1
1
1
1
1
1
1
1
1
1
1
1
1
1
1
1
1
1
1
1
1
1
1
1
1
1
1
1
1
1
1
1
1
1
1
1
1
1
1
1
1.00002
1.00014
1.00096
1.00579
1.02085
1.06543
1.16617
1.32439
1.55463
1.83976
2.10685
2.34362
2.55337
2.77524
2.94287
3.03477
3.10151
3.08448
3.02515
2.93233
2.82694
2.71366
2.63569
2.57708
2.52715
2.47446
2.42465
2.37766
2.33132
2.2876
2.25067
2.20929
2.17268
2.11983
1
1
1
1
1
1
1
1
1
1
1
1
1
1
1
1
1
1
1
1
1
1
1
1
1
1
1
1
1
1
1
1
1
1
1
1
1
1
1
1
1
1
1
1
1
1
1
1
1
1
1
1
1
1
1
1
1
1
1
1
1
1
1
1
1
1
1
1
1
1
1
1
1
1
1
1
1
1
1
1
1
1
1
1
1
1
1
1
1
1
1
1
1
1
1
1
1
1
1
1
1
1
1
1
1
1
1
1
1
1
1
1
1
1
1
1
1
1
1
1
1
1
1
1
1
1
1
1
1
1
1
1
1
1
1
1
1
1
1
1
1
1
1
1
1
1
1
1
1
1
1
1
1
1
1
1
1
1
1
1
1
1
1
1
1
1
1
1
1
1
1
1
1
1
1
1
1
1
1
1
1
1
1
1
1
1
1
1
1
1
1
1
1
1
1
1
1
1
1
1
1
1
1
1
1
1
1
1
1
1
1
1
1
1
1
1
1
1
1
1
1
1
1
1
1
1
1
1
1
1
1
1
1
1
1
1
1
1
1
1
1
1
1
1
1
1
1
1
1
1
1
1
1
1
1
1
1
1
1
1
1
1
1
1
1
1
1
1
1
1
1
1
1
1
1
1
1
1
1
1
1
1
1
1
1
1
1
1
1
1
1
1
1
1
1
1
1
1
1
1
1
1
1
1
1
1
1
1
1
1
1
1
1
1
1
1
1
1
1
1
1
1
1
1
1
1
1
1
1
1
1
1
1
1
1
1
1
1
1
1
1
1
1
1
1
1
1
1
1
1
1
1
1
1
1
1
1
1
1
1
1
1
1
1
1
1
1
1
1
1
1
1
1
1
1
1
1
1
1
1
1
1
1
1
1
1
1
1
1
1
1
1
1
1
1
1
1
1
1
1
1
1
1
1
1
1
1
1
1
1
1
1
1
1
1
1
1
1
1
1
1
1
1
1
1
1
1
1
1
1
1
1
1
1
1
1
1
1
1
1
1
1
1
1
1
1
1
1
1
1
1
1
1
1
1
1
1
1
1
1
1
1
1
1
1
1
1
1
1
1
1
1
1
1
1
1
1
1
1
1
1
1
1
1
1
1
1
1
1
1
1
1
1
1
1
1
1
1
1
1
1
1
1
1
1
1
1
1
1
1
1
1
1
1
1
1
1
1
1
1
1
1
1
1
1
1
1
1
1
1
1
1
1
1
1
1
1
1
1
1
1
1
1
1
1
1
1
1
1
1
1
1
1
1
1
1
1
1
1
1
1
1
1
1
1
1
1
1
1
1
1
1
1
1
1
1
1
1
1
1
1
1
1
1
1
1
1
1
1
1
1
1
1
1
1
1
1
1
1
1
1
1
1
1
1
1
1
1
1
1
1
1
1
1
1
1
1
1
1
1
1
1
1
1
1
1
1
1
1
1
1
1
1
1
1
1
1
1
1
1
1
1
1
1
1
1
1
1
1
1
1
1
1
1
1
1
1
1
1
1
1
1
1
1
1
1
1
1
1
1
1
1
1
1
1
1
1
1
1
1
1
1
1
1
1
1
1
1
1
1
1
1
1
1
1
1
1
1
1
1
1
1
1
1
1
1
1
1
1
1
1
1
1
1
1
1
1
1
1
1
1
1
1
1
1
1
1
1
1
1
1
1
1
1
1
1
1
1
1
1
1
1
1
1
1
1
1
1
1
1
1
1
1
1
1
1
1
1
1
1
1
1
1
1
1
1
1
1
1
1
1
1
1
1
1
1
1
1
1
1
1
1
1
1
1
1
1
1
1
1
1
1
1
1
1
1
1
1
1
1
1
1
1
1
1
1
1
1
1
1
1
1
1
1
1
1
1
1
1
1
1
1
1
1
1
1
1
1
1
1
1
1
1
1
1
1
1
1
1
1
1
1
1
1
1
1
1
1
1
1
1
1
1
1
1
1
1
1
1
1
1
1
1
1
1
1
1
1
1
1
1
1
1
1
1
1
1
1
1
1
1
1
1
1
1
1
1
1
1
1
1
1
1
1
1
1
1
1
1
1
1
1
1
1
1
1
1
1
1
1
1
1
1
1
1
1
1
1
1
1
1
1
1
1
1
1
1
1
1
1
1
1
1
1
1
1
1
1
1
1
1
1
1
1
1
1
1
1
1
1
1
1
1
1
1
1
1
1
1
1
1
1
1
1
1
1
1
1
1
1
1
1
1
1
1
1
1
1
1
1
1
1
1
1
1
1
1
1
1
1
1
1
1
1
1
1
1
1
1
1
1
1
1
1
1
1
1
1
1
1
1
1
1
1
1
1
1
1
1
1
1
1
1
1
1
1
1
1
1
1
1
1
1
1
1
1
1
1
1
1
1
1
1
1
1
1
1
1
1
1
1
1
1
1
1
1
1
1
1
1
1
1
1
1
1
1
1
1
1
1
1
1
1
1
1
1
1
1
1
1
1
1
1
1
1
1
1
1
1
1
1
1
1
1
1
1
1
1
1
1
1
1
1
1
1
1
1
1
1
1
1
1
1
1
1
1
1
1
1
1
1
1
1
1
1
1
1
1
1
1
1
1
1
1
1
1
1
1
1
1
1
1
1
1
1
1
1
1
1
1
1
1
1
1
1
1
1
1
1
1
1
1
1
1
1
1
1
1
1
1
1
1
1
1
1
1
1
1
1
1
1
1
1
1
1
1
1
1
1
1
1
1
1
1
1
1
1
1
1
1
1
1
1
1
1
1
1
1
1
1
1
1
1
1
1
1
1
1
1
1
1
1
1
1
1
1
1
1
1
1
1
1
1
1
1
1
1
1
1
1
1
1
1
1
1
1
1
1
1
1
1
1
1
1
1
1
1
1
1
1
1
1
1
1
1
1
1
1
1
1
1
1
1
1
1
1
1
1
1
1
1
1
1
1
1
1
1
1
1
1
1
1
1
1
1
1
1
1
1
1
1
1
1
1
1
1
1
1
1
1
1
1
1
1
1
1
1
1
1
1
1
1
1
1
1
1
1
1
1
1
1
1
1
1
1
1
1
1
1
1
1
1
1
1
1
1
1
1
1
1
1
1
1
1
1
1
1
1
1
1
1
1
1
1
1
1
1
1
1
1
1
1
1
1
1
1
1
1
1
1
1
1
1
1
1
1
1
1
1
1
1
1
1
1
1
1
1
1
1
1
1
1
1
1
1
1
1
1
1
1
1
1
1
1
1
1
1
1
1
1
1
1
1
1
1
1
1
1
1
1
1
1
1
1
1
1
1
1
1
1
1
1
1
1
1
1
1
1
1
1
1
1
1
1
1
1
1
1
1
1
1
1
1
1
1
1
1
1
1
1
1
1
1
1
1
1
1
1
1
1
1
1
1
1
1
1
1
1
1
1
1
1
1
1
1
1
1
1
1
1
1
1
1
1
1
1
1
1
1
1
1
1
1
1
1
1
1
1
1
1
1
1
1
1
1
1
1
1
1
1
1
1
1
1
1
1
1
1
1
1
1
1
1
1
1
1
1
1
1
1
1
1
1
1
1
1
1
1
1
1
1
1
1
1
1
1
1
1
1
1
1
1
1
1
1
1
1
1
1
1
1
1
1
1
1
1
1
1
1
1
1
1
1
1
1
1
1
1
1
1
1
1
1
1
1
1
1
1
1
1
1
1
1
1
1
1
1
1
1
1
1
1
1
1
1
1
1
1
1
1
1
1
1
1
1
1
1
1
1
1
1
1
1
1
1
1
1
1
1
1
1
1
1
1
1
1
1
1
1
1
1
1
1
1
1
1
1
1
1
1
1
1
1
1
1
1
1
1
1
1
1
1
1
1
1
1
1
1
1
1
1
1
1
1
1
1
1
1
1
1
1
1
1
1
1
1
1
1
1
1
1
1
1
1
1
1
1
1
1
1
1
1
1
1
1
1
1
1
1
1
1
1
1
1
1
1
1
1
1
1
1
1
1
1
1
1
1
1
1
1
1
1
1
1
1
1
1
1
1
1
1
1
1
1
1
1
1
1
1
1
1
1
1
1
1
1
1
1
1
1
1
1
1
1
1
1
1
1
1
1
1
1
1
1
1
1
1
1
1
1
1
1
1
1
1
1
1
1
1
1
1
1
1
1
1
1
1
1
1
1
1
1
1
1
1
1
1
1
1
1
1
1
1
1
1
1
1
1
1
1
1
1
1
1
1
1
1
1
1
1
1
1
1
1
1
1
1
1
1
1
1
1
1
1
1
1
1
1
1
1
1
1
1
1
1
1
1
1
1
1
1
1
1
1
1
1
1
1
1
1
1
1
1
1
1
1
1
1
1
1
1
1
1
1
1
1
1
1
1
1
1
1
1
1
1
1
1
1
1
1
1
1
1
1
1
1
1
1
1
1
1
1
1
1
1
1
1
1
1
1
1
1
1
1
1
1
1
1
1
1
1
1
1
1
1
1
1
1
1
1
1
1
1
1
1
1
1
1
1
1
1
1
1
1
1
1
1
1
1
1
1
1
1
1
1
1
1
1
1
1
1
1
1
1
1
1
1
1
1
1
1
1
1
1
1
1
1
1
1
1
1
1
1
1
1
1
1
1
1
1
1
1
1
1
1
1
1
1
1
1
1
1
1
1
1
1
1
1
1
1
1
1
1
1
1
1
1
1
1
1
1
1
1
1
1
1
1
1
1
1
1
1
1
1
1
1
1
1
1
1
1
1
1
1
1
1
1
1
1
1
1
1
1
1
1
1
1
1
1
1
1
1
1
1
1
1
1
1
1
1
1
1
1
1
1
1
1
1
1
1
1
1
1
1
1
1
1
1
1
1
1
1
1
1
1
1
1
1
1
1
1
1
1
1
1
1
1
1
1
1
1
1
1
1
1
1
1
1
1
1
1
1
1
1
1
1
1
1
1
1
1
1
1
1
1
1
1
1
1
1
1
1
1
1
1
1
1
1
1
1
1
1
1
1
1
1
1
1
1
1
1
1
1
1
1
1
1
1
1
1
1
1
1
1
1
1
1
1
1
1
1
1
1
1
1
1
1
1
1
1
1
1
1
1
1
1
1
1
1
1
1
1
1
1
1
1
1
1
1
1
1
1
1
1
1
1
1
1
1
1
1
1
1
1
1
1
1
1
1
1
1
1
1
1
1
1
1
1
1
1
1
1
1
1
1
1
1
1
1
1
1
1
1
1
1
1
1
1
1
1
1
1
1
1
1
1
1
1
1
1
1
1
1
1
1
1
1
1
1
1
1
1
1
1
1
1
1
1
1
1
1
1
1
1
1
1
1
1
1
1
1
1
1
1
1
1
1
1
1
1
1
1
1
1
1
1
1
1
1
1
1
1
1
1
1
1
1
1
1
1
1
1
1
1
1
1
1
1
1
1
1
1
1
1
1
1
1
1
1
1
1
1
1
1
1
1
1
1
1
1
1
1
1
1
1
1
1
1
1
1
1
1
1
1
1
1
1
1
1
1
1
1
1
1
1
1
1
1
1
1
1
1
1
1
1
1
1
1
1
1
1
1
1
1
1
1
1
1
1
1
1
1
1
1
1
1
1
1
1
1
1
1
1
1
1
1
1
1
1
1
1
1
1
1
1
1
1
1
1
1
1
1
1
1
1
1
1
1
1
1
1
1
1
1
1
1
1
1
1
1
1
1
1
1
1
1
1
1
1
1
1
1
1
1
1
1
1
1
1
1
1
1
1
1
1
1
1
1
1
1
1
1
1
1
1
1
1
1
1
1
1
1
1
1
1
1
1
1
1
1
1
1
1
1
1
1
1
1
1
1
1
1
1
1
1
1
1
1
1
1
1
1
1
1
1
1
1
1
1
1
1
1
1
1
1
1
1
1
1
1
1
1
1
1
1
1
1
1
1
1
1
1
1
1
1
1
1
1
1
1
1
1
1
1
1
1
1
1
1
1
1
1
1
1
1
1
1
1
1
1
1
1
1
1
1
1
1
1
1
1
1
1
1
1
1
1
1
1
1
1
1
1
1
1
1
1
1
1
1
1
1
1
1
1
1
1
1
1
1
1
1
1
1
1
1
1
1
1
1
1
1
1
1
1
1
1
1
1
1
1
1
1
1
1
1
1
1
1
1
1
1
1
1
1
1
1
1
1
1
1
1
1
1
1
1
1
1
1
1
1
1
1
1
1
1
1
1
1
1
1
1
1
1
1
1
1
1
1
1
1
1
1
1
1
1
1
1
1
1
1
1
1
1
1
1
1
1
1
1
1
1
1
1
1
1
1
1
1
1
1
1
1
1
1
1
1
1
1
1
1
1
1
1
1
1
1
1
1
1
1
1
1
1
1
1
1
1
1
1
1
1
1
1
1
1
1
1
1
1
1
1
1
1
1
1
1
1
1
1
1
1
1
1
1
1
1
1
1
1
1
1
1
1
1
1
1
1
1
1
1
1
1
1
1
1
1
1
1
1
1
1
1
1
1
1
1
1
1
1
1
1
1
1
1
1
1
1
1
1
1
1
1
1
1
1
1
1
1
1
1
1
1
1
1
1
1
1
1
1
1
1
1
1
1
1
1
1
1
1
1
1
1
1
1
1
1
1
1
1
1
1
1
1
1
1
1
1
1
1
1
1
1
1
1
1
1
1
1
1
1
1
1
1
1
1
1
1
1
1
1
1
1
1
1
1
1
1
1
1
1
1
1
1
1
1
1
1
1
1
1
1
1
1
1
1
1
1
1
1
1
1
1
1
1
1
1
1
1
1
1
1
1
1
1
1
1
1
1
1
1
1
1
1
1
1
1
1
1
1
1
1
1
1
1
1
1
1
1
1
1
1
1
1
1
1
1
1
1
1
1
1
1
1
1
1
1
1
1
1
1
1
1
1
1
1
1
1
1
1
1
1
1
1
1
1
1
1
1
1
1
1
1
1
1
1
1
1
1
1
1
1
1
1
1
1
1
1
1
1
1
1
1
1
1
1
1
1
1
1
1
1
1
1
1
1
1
1
1
1
1
1
1
1
1
1
1
1
1
1
1
1
1
1
1
1
1
1
1
1
1
1
1
1
1
1
1
1
1
1
1
1
1
1
1
1
1
1
1
1
1
1
1
1
1
1
1
1
1
1
1
1
1
1
1
1
1
1
1
1
1
1
1
1
1
1
1
1
1
1
1
1
1
1
1
1
1
1
1
1
1
1
1
1
1
1
1
1
1
1
1
1
1
1
1
1
1
1
1
1
1
1
1
1
1
1
1
1
1
1
1
1
1
1
1
1
1
1
1
1
1
1
1
1
1
1
1
1
1
1
1
1
1
1
1
1
1
1
1
1
1
1
1
1
1
1
1
1
1
1
1
1
1
1
1
1
1
1
1
1
1
1
1
1
1
1
1
1
1
1
1
1
1
1
1
1
1
1
1
1
1
1
1
1
1
1
1
1
1
1
1
1
1
1
1
1
1
1
1
1
1
1
1
1
1
1
1
1
1
1
1
1
1
1
1
1
1
1
1
1
1
1
1
1
1
1
1
1
1
1
1
1
1
1
1
1
1
1
1
1
1
1
1
1
1
1
1
1
1
1
1
1
1
1
1
1
1
1
1
1
1
1
1
1
1
1
1
1
1
1
1
1
1
1
1
1
1
1
1
1
1
1
1
1
1
1
1
1
1
1
1
1
1
1
1
1
1
1
1
1
1
1
1
1
1
1
1
1
1
1
1
1
1
1
1
1
1
1
1
1
1
1
1
1
1
1
1
1
1
1
1
1
1
1
1
1
1
1
1
1
1
1
1
1
1
1
1
1
1
1
1
1
1
1
1
1
1
1
1
1
1
1
1
1
1
1
1
1
1
1
1
1
1
1
1
1
1
1
1
1
1
1
1
1
1
1
1
1
1
1
1
1
1
1
1
1
1
1
1
1
1
1
1
1
1
1
1
1
1
1
1
1
1
1
1
1
1
1
1
1
1
1
1
1
1
1
1
1
1
1
1
1
1
1
1
1
1
1
1
1
1
1
1
1
1
1
1
1
1
1
1
1
1
1
1
1
1
1
1
1
1
1
1
1
1
1
1
1
1
1
1
1
1
1
1
1
1
1
1
1
1
1
1
1
1
1
1
1
1
1
1
1
1
1
1
1
1
1
1
1
1
1
1
1
1
1
1
1
1
1
1
1
1
1
1
1
1
1
1
1
1
1
1
1
1
1
1
1
1
1
1
1
1
1
1
1
1
1
1
1
1
1
1
1
1
1
1
1
1
1
1
1
1
1
1
1
1
1
1
1
1
1
1
1
1
1
1
1
1
1
1
1
1
1
1
1
1
1
1
1
1
1
1
1
1
1
1
1
1
1
1
1
1
1
1
1
1
1
1
1
1
1
1
1
1
1
1
1
1
1
1
1
1
1
1
1
1
1
1
1
1
1
1
1
1
1
1
1
1
1
1
1
1
1
1
1
1
1
1
1
1
1
1
1
1
1
1
1
1
1
1
1
1
1
1
1
1
1
1
1
1
1
1
1
1
1
1
1
1
1
1
1
1
1
1
1
1
1
1
1
1
1
1
1
1
1
1
1
1
1
1
1
1
1
1
1
1
1
1
1
1
1
1
1
1
1
1
1
1
1
1
1
1
1
1
1
1
1
1
1
1
1
1
1
1
1
1
1
1
1
1
1
1
1
1
1
1
1
1
1
1
1
1
1
1
1
1
1
1
1
1
1
1
1
1
1
1
1
1
1
1
1
1
1
1
1
1
1
1
1
1
1
1
1
1
1
1
1
1
1
1
1
1
1
1
1
1
1
1
1
1
1
1
1
1
1
1
1
1
1
1
1
1
1
1
1
1
1
1
1
1
1
1
1
1
1
1
1
1
1
1
1
1
1
1
1
1
1
1
1
1
1
1
1
1
1
1
1
1
1
1
1
1
1
1
1
1
1
1
1
1
1
1
1
1
1
1
1
1
1
1
1
1
1
1
1
1
1
1
1
1
1
1
1
1
1
1
1
1
1
1
1
1
1
1
1
1
1
1
1
1
1
1
1
1
1
1
1
1
1
1
1
1
1
1
1
1
1
1
1
1
1
1
1
1
1
1
1
1
1
1
1
1
1
1
1
1
1
1
1
1
1
1
1
1
1
1
1
1
1
1
1
1
1
1
1
1
1
1
1
1
1
1
1
1
1
1
1
1
1
1
1
1
1
1
1
1
1
1
1
1
1
1
1
1
1
1
1
1
1
1
1
1
1
1
1
1
1
1
1
1
1
1
1
1
1
1
1
1
1
1
1
1
1
1
1
1
1
1
1
1
1
1
1
1
1
1
1
1
1
1
1
1
1
1
1
1
1
1
1
1
1
1
1
1
1
1
1
1
1
1
1
1
1
1
1
1
1
1
1
1
1
1
1
1
1
1
1
1
1
1
1
1
1
1
1
1
1
1
1
1
1
1
1
1
1
1
1
1
1
1
1
1
1
1
1
1
1
1
1
1
1
1
1
1
1
1
1
1
1
1
1
1
1
1
1
1
1
1
1
1
1
1
1
1
1
1
1
1
1
1
1
1
1
1
1
1
1
1
1
1
1
1
1
1
1
1
1
1
1
1
1
1
1
1
1
1
1
1
1
1
1
1
1
1
1
1
1
1
1
1
1
1
1
1
1
1
1
1
1
1
1
1
1
1
1
1
1
1
1
1
1
1
1
1
1
1
1
1
1
1
1
1
1
1
1
1
1
1
1
1
1
1
1
1
1
1
1
1
1
1
1
1
1
1
1
1
1
1
1
1
1
1
1
1
1
1
1
1
1
1
1
1
1
1
1
1
1
1
1
1
1
1
1
1
1
1
1
1
1
1
1
1
1
1
1
1
1
1
1
1
1
1
1
1
1
1
1
1
1
1
1
1
1
1
1
1
1
1
1
1
1
1
1
1
1
1
1
1
1
1
1
1
1
1
1
1
1
1
1
1
1
1
1
1
1
1
1
1
1
1
1
1
1
1
1
1
1
1
1
1
1
1
1
1
1
1
1
1
1
1
1
1
1
1
1
1
1
1
1
1
1
1
1
1
1
1
1
1
1
1
1
1
1
1
1
1
1
1
1
1
1
1
1
1
1
1
1
1
1
1
1
1
1
1
1
1
1
1
1
1
1
1
1
1
1
1
1
1
1
1
1
1
1
1
1
1
1
1
1
1
1
1
1
1
1
1
1
1
1
1
1
1
1
1
1
1
1
1
1
1
1
1
1
1
1
1
1
1
1
1
1
1
1
1
1
1
1
1
1
1
1
1
1
1
1
1
1
1
1
1
1
1
1
1
1
1
1
1
1
1
1
1
1
1
1
1
1
1
1
1
1
1
1
1
1
1
1
1
1
1
1
1
1
1
1
1
1
1
1
1
1
1
1
1
1
1
1
1
1
1
1
1
1
1
1
1
1
1
1
1
1
1
1
1
1
1
1
1
1
1
1
1
1
1
1
1
1
1
1
1
1
1
1
1
1
1
1
1
1
1
1
1
1
1
1
1
1
1
1
1
1
1
1
1
1
1
1
1
1
1
1
1
1
1
1
1
1
1
1
1
1
1
1
1
1
1
1
1
1
1
1
1
1
1
1
1
1
1
1
1
1
1
1
1
1
1
1
1
1
1
1
1
1
1
1
1
1
1
1
1
1
1
1
1
1
1
1
1
1
1
1
1
1
1
1
1
1
1
1
1
1
1
1
1
1
1
1
1
1
1
1
1
1
1
1
1
1
1
1
1
1
1
1
1
1
1
1
1
1
1
1
1
1
1
1
1
1
1
1
1
1
1
1
1
1
1
1
1
1
1
1
1
1
1
1
1
1
1
1
1
1
1
1
1
1
1
1
1
1
1
1
1
1
1
1
1
1
1
1
1
1
1
1
1
1
1
1
1
1
1
1
1
1
1
1
1
1
1
1
1
1
1
1
1
1
1
1
1
1
1
1
1
1
1
1
1
1
1
1
1
1
1
1
1
1
1
1
1
1
1
1
1
1
1
1
1
1
1
1
1
1
1
1
1
1
1
1
1
1
1
1
1
1
1
1
1
1
1
1
1
1
1
1
1
1
1
1
1
1
1
1
1
1
1
1
1
1
1
1
1
1
1
1
1
1
1
1
1
1
1
1
1
1
1
1
1
1
1
1
1
1
1
1
1
1
1
1
1
1
1
1
1
1
1
1
1
1
1
1
1
1
1
1
1
1
1
1
1
1
1
1
1
1
1
1
1
1
1
1
1
1
1
1
1
1
1
1
1
1
1
1
1
1
1
1
1
1
1
1
1
1
1
1
1
1
1
1
1
1
1
1
1
1
1
1
1
1
1
1
1
1
1
1
1
1
1
1
1
1
1
1
1
1
1
1
1
1
1
1
1
1
1
1
1
1
1
1
1
1
1
1
1
1
1
1
1
1
1
1
1
1
1
1
1
1
1
1
1
1
1
1
1
1
1
1
1
1
1
1
1
1
1
1
1
1
1
1
1
1
1
1
1
1
1
1
1
1
1
1
1
1
1
1
1
1
1
1
1
1
1
1
1
1
1
1
1
1
1
1
1
1
1
1
1
1
1
1
1
1
1
1
1
1
1
1
1
1
1
1
1
1
1
1
1
1
1
1
1
1
1
1
1
1
1
1
1
1
1
1
1
1
1
1
1
1
1
1
1
1
1
1
1
1
1
1
1
1
1
1
1
1
1
1
1
1
1
1
1
1
1
1
1
1
1
1
1
1
1
1
1
1
1
1
1
1
1
1
1
1
1
1
1
1
1
1
1
1
1
1
1
1
1
1
1
1
1
1
1
1
1
1
1
1
1
1
1
1
1
1
1
1
1
1
1
1
1
1
1
1
1
1
1
1
1
1
1
1
1
1
1
1
1
1
1
1
1
1
1
1
1
1
1
1
1
1
1
1
1
1
1
1
1
1
1
1
1
1
1
1
1
1
1
1
1
1
1
1
1
1
1
1
1
1
1
1
1
1
1
1
1
1
1
1
1
1
1
1
1
1
1
1
1
1
1
1
1
1
1
1
1
1
1
1
1
1
1
1
1
1
1
1
1
1
1
1
1
1
1
1
1
1
1
1
1
1
1
1
1
1
1
1
1
1
1
1
1
1
1
1
1
1
1
1
1
1
1
1
1
1
1
1
1
1
1
1
1
1
1
1
1
1
1
1
1
1
1
1
1
1
1
1
1
1
1
1
1
1
1
1
1
1
1
1
1
1
1
1
1
1
1
1
1
1
1
1
1
1
1
1
1
1
1
1
1
1
1
1
1
1
1
1
1
1
1
1
1
1
1
1
1
1
1
1
1
1
1
1
1
1
1
1
1
1
1
1
1
1
1
1
1
1
1
1
1
1
1
1
1
1
1
1
1
1
1
1
1
1
1
1
1
1
1
1
1
1
1
1
1
1
1
1
1
1
1
1
1
1
1
1
1
1
1
1
1
1
1
1
1
1
1
1
1
1
1
1
1
1
1
1
1
1
1
1
1
1
1
1
1
1
1
1
1
1
1
1
1
1
1
1
1
1
1
1
1
1
1
1
1
1
1
1
1
1
1
1
1
1
1
1
1
1
1
1
1
1
1
1
1
1
1
1
1
1
1
1
1
1
1
1
1
1
1
1
1
1
1
1
1
1
1
1
1
1
1
1
1
1
1
1
1
1
1
1
1
1
1
1
1
1
1
1
1
1
1
1
1
1
1
1
1
1
1
1
1
1
1
1
1
1
1
1
1
1
1
1
1
1
1
1
1
1
1
1
1
1
1
1
1
1
1
1
1
1
1
1
1
1
1
1
1
1
1
1
1
1
1
1
1
1
1
1
1
1
1
1
1
1
1
1
1
1
1
1
1
1
1
1
1
1
1
1
1
1
1
1
1
1
1
1
1
1
1
1
1
1
1
1
1
1
1
1
1
1
1
1
1
1
1
1
1
1
1
1
1
1
1
1
1
1
1
1
1
1
1
1
1
1
1
1
1
1
1
1
1
1
1
1
1
1
1
1
1
1
1
1
1
1
1
1
1
1
1
1
1
1
1
1
1
1
1
1
1
1
1
1
1
1
1
1
1
1.00016
1.00007
1.00004
1.00003
1.00001
1.00001
1
1
1
1
1
1
1
1
1
1
1
1
1
1
1
1
1
1
1
1
1
1
1
1
1
1
1
1
1
1
1
1
1
1
1
1
1
1
1
1
1
1
1
1
1
1
1
1
1
1
1
1
1
1
1
1
1
1
1
1
1
1
1
1
1
1
1
1
1
1
1
1
1
1
1
1
1
1
1
1
1
1
1
1
1
1
1
1
1
1
1
1
1
1
1
1
1
1
1
1
1
1
1
1
1
1
1
1
1
1
1
1
1
1
1
1
1
1
1
1
1
1
1
1
1
1
1
1
1
1
1
1
1
1
1
1
1
1
1
1
1
1
1
1
1
1
1
1
1
1
1
1
1
1
1
1
1
1
1
1
1
1
1
1
1
1
1
1
1
1
1
1
1
1
1
1
1
1
1
1
1
1
1
1
1
1
1.01138
1.00744
1.00509
1.00382
1.00265
1.00157
1.00104
1.00076
1.00048
1.00026
1.00016
1.00011
1.00006
1.00003
1.00002
1.00001
1.00001
1
1
1
1
1
1
1
1
1
1
1
1
1
1
1
1
1
1
1
1
1
1
1
1
1
1
1
1
1
1
1
1
1
1
1
1
1
1
1
1
1
1
1
1
1
1
1
1
1
1
1
1
1
1
1
1
1
1
1
1
1
1
1
1
1
1
1
1
1
1
1
1
1
1
1
1
1
1
1
1
1
1
1
1
1
1
1
1
1
1
1
1
1
1
1
1
1
1
1
1
1
1
1
1
1
1
1
1
1
1
1
1
1
1
1
1
1
1
1
1
1
1
1
1
1
1
1
1
1
1
1
1
1
1
1
1
1
1
1
1
1
1
1
1
1
1
1
1
1
1
1
1
1
1
1
1
1
1
1
1
1
1
1
1
1
1
1
1
1
1
1
1
1
1
1
1.15589
1.12663
1.09913
1.08344
1.07102
1.05352
1.03936
1.03271
1.02585
1.01753
1.01229
1.00962
1.0071
1.00455
1.00302
1.00222
1.00153
1.00092
1.00055
1.00037
1.00024
1.00013
1.00007
1.00005
1.00003
1.00001
1.00001
1
1
1
1
1
1
1
1
1
1
1
1
1
1
1
1
1
1
1
1
1
1
1
1
1
1
1
1
1
1
1
1
1
1
1
1
1
1
1
1
1
1
1
1
1
1
1
1
1
1
1
1
1
1
1
1
1
1
1
1
1
1
1
1
1
1
1
1
1
1
1
1
1
1
1
1
1
1
1
1
1
1
1
1
1
1
1
1
1
1
1
1
1
1
1
1
1
1
1
1
1
1
1
1
1
1
1
1
1
1
1
1
1
1
1
1
1
1
1
1
1
1
1
1
1
1
1
1
1
1
1
1
1
1
1
1
1
1
1
1
1
1
1
1
1
1
1
1
1
1
1
1
1
1
1
1
1
1
1
1
1
1
1
1
1
1.55057
1.51546
1.46658
1.4195
1.39707
1.36605
1.30106
1.26168
1.23739
1.20561
1.16206
1.13844
1.12257
1.10115
1.07468
1.06027
1.05043
1.03848
1.02685
1.02051
1.01645
1.01187
1.0078
1.00553
1.00415
1.00278
1.00167
1.00108
1.00076
1.00049
1.00028
1.00017
1.00011
1.00006
1.00003
1.00002
1.00001
1.00001
1
1
1
1
1
1
1
1
1
1
1
1
1
1
1
1
1
1
1
1
1
1
1
1
1
1
1
1
1
1
1
1
1
1
1
1
1
1
1
1
1
1
1
1
1
1
1
1
1
1
1
1
1
1
1
1
1
1
1
1
1
1
1
1
1
1
1
1
1
1
1
1
1
1
1
1
1
1
1
1
1
1
1
1
1
1
1
1
1
1
1
1
1
1
1
1
1
1
1
1
1
1
1
1
1
1
1
1
1
1
1
1
1
1
1
1
1
1
1
1
1
1
1
1
1
1
1
1
1
1
1
1
1
1
1
1
1
1
1
1
1
1
1
1
1
1
1
1
1
1
1
1
1
1
1.87318
1.86325
1.85789
1.82127
1.79777
1.78817
1.75118
1.67347
1.63954
1.62447
1.59442
1.52978
1.49885
1.47522
1.42489
1.35292
1.32211
1.2984
1.2577
1.21081
1.18725
1.16636
1.13289
1.10159
1.08618
1.07286
1.05473
1.04023
1.03262
1.02625
1.01835
1.01255
1.00948
1.0071
1.00464
1.00294
1.00209
1.00149
1.00092
1.00053
1.00034
1.00022
1.00013
1.00007
1.00004
1.00002
1.00001
1.00001
1
1
1
1
1
1
1
1
1
1
1
1
1
1
1
1
1
1
1
1
1
1
1
1
1
1
1
1
1
1
1
1
1
1
1
1
1
1
1
1
1
1
1
1
1
1
1
1
1
1
1
1
1
1
1
1
1
1
1
1
1
1
1
1
1
1
1
1
1
1
1
1
1
1
1
1
1
1
1
1
1
1
1
1
1
1
1
1
1
1
1
1
1
1
1
1
1
1
1
1
1
1
1
1
1
1
1
1
1
1
1
1
1
1
1
1
1
1
1
1
1
1
1
1
1
1
1
1
1
1
1
1
1
1
1
1
1
1
1
1
1
1
1
1
1.99969
1.99628
1.99769
1.99671
1.99039
1.98359
1.96633
1.93832
1.91826
1.91103
1.91223
1.90195
1.86589
1.84483
1.82265
1.77001
1.72469
1.70915
1.70352
1.65973
1.59853
1.56785
1.5341
1.46749
1.41488
1.39263
1.36901
1.31131
1.2647
1.23874
1.20978
1.16484
1.13554
1.11932
1.10078
1.07481
1.05861
1.04906
1.03843
1.02646
1.01943
1.01539
1.01133
1.00737
1.00507
1.00381
1.0026
1.00154
1.00096
1.00066
1.00042
1.00024
1.00014
1.00009
1.00005
1.00003
1.00001
1.00001
1
1
1
1
1
1
1
1
1
1
1
1
1
1
1
1
1
1
1
1
1
1
1
1
1
1
1
1
1
1
1
1
1
1
1
1
1
1
1
1
1
1
1
1
1
1
1
1
1
1
1
1
1
1
1
1
1
1
1
1
1
1
1
1
1
1
1
1
1
1
1
1
1
1
1
1
1
1
1
1
1
1
1
1
1
1
1
1
1
1
1
1
1
1
1
1
1
1
1
1
1
1
1
1
1
1
1
1
1
1
1
1
1
1
1
1
1
1
1
1
1
1
1
1
1
1
1
1
1
1
1
1
1
1
2.02667
2.02871
2.03149
2.03181
2.03152
2.02808
2.02067
2.01667
2.01375
2.01186
2.01361
2.01411
2.01209
1.99944
1.98196
1.97084
1.95787
1.94961
1.951
1.95059
1.93465
1.88955
1.86445
1.84614
1.81133
1.78619
1.78123
1.772
1.70234
1.64548
1.61758
1.58669
1.52468
1.48809
1.46828
1.43415
1.35807
1.317
1.29038
1.25366
1.20425
1.17869
1.15964
1.13108
1.09838
1.08165
1.06876
1.05197
1.03717
1.02942
1.0237
1.0168
1.01129
1.00835
1.00623
1.00404
1.00248
1.0017
1.0012
1.00074
1.00042
1.00027
1.00017
1.0001
1.00005
1.00003
1.00002
1.00001
1
1
1
1
1
1
1
1
1
1
1
1
1
1
1
1
1
1
1
1
1
1
1
1
1
1
1
1
1
1
1
1
1
1
1
1
1
1
1
1
1
1
1
1
1
1
1
1
1
1
1
1
1
1
1
1
1
1
1
1
1
1
1
1
1
1
1
1
1
1
1
1
1
1
1
1
1
1
1
1
1
1
1
1
1
1
1
1
1
1
1
1
1
1
1
1
1
1
1
1
1
1
1
1
1
1
1
1
1
1
1
1
1
1
1
1
1
1
1
1
1
1
1
1
2.03014
2.0335
2.03511
2.03573
2.03548
2.03309
2.03152
2.03114
2.03153
2.03374
2.0351
2.03507
2.03418
2.02994
2.02676
2.02556
2.02445
2.0248
2.02566
2.02516
2.02294
2.0101
1.99761
1.99243
1.98737
1.98164
1.98151
1.98032
1.96735
1.92901
1.90478
1.89728
1.88874
1.85816
1.84399
1.83907
1.79348
1.72127
1.69185
1.67991
1.64878
1.58901
1.56117
1.53543
1.47186
1.40231
1.37432
1.34996
1.30067
1.25248
1.2272
1.20134
1.15841
1.1258
1.1089
1.09146
1.06768
1.05187
1.04305
1.03399
1.02324
1.01661
1.0129
1.00934
1.00593
1.00397
1.00294
1.00199
1.00117
1.00072
1.00048
1.0003
1.00016
1.00009
1.00006
1.00003
1.00002
1.00001
1
1
1
1
1
1
1
1
1
1
1
1
1
1
1
1
1
1
1
1
1
1
1
1
1
1
1
1
1
1
1
1
1
1
1
1
1
1
1
1
1
1
1
1
1
1
1
1
1
1
1
1
1
1
1
1
1
1
1
1
1
1
1
1
1
1
1
1
1
1
1
1
1
1
1
1
1
1
1
1
1
1
1
1
1
1
1
1
1
1
1
1
1
1
1
1
1
1
1
1
1
1
1
1
1
1
1
1
1
1
1
1
1
1
2.00906
2.01639
2.02026
2.02457
2.02771
2.02896
2.02958
2.03096
2.03404
2.03607
2.03688
2.03709
2.03592
2.03442
2.03417
2.03432
2.03588
2.0376
2.03789
2.03771
2.03571
2.0326
2.03106
2.03033
2.03116
2.03249
2.0323
2.03173
2.02692
2.01856
2.01332
2.01018
2.00909
2.00749
2.00336
1.99951
1.98154
1.95598
1.93987
1.93614
1.93859
1.93059
1.89884
1.87713
1.85049
1.7988
1.76476
1.75604
1.75301
1.70373
1.64448
1.61256
1.57408
1.50468
1.46187
1.44159
1.41285
1.34401
1.30136
1.27456
1.23737
1.18653
1.16023
1.14179
1.11546
1.08611
1.07103
1.05964
1.04433
1.03093
1.02399
1.01888
1.01299
1.00855
1.00628
1.00464
1.00294
1.00176
1.00119
1.0008
1.00047
1.00026
1.00016
1.0001
1.00005
1.00003
1.00002
1.00001
1
1
1
1
1
1
1
1
1
1
1
1
1
1
1
1
1
1
1
1
1
1
1
1
1
1
1
1
1
1
1
1
1
1
1
1
1
1
1
1
1
1
1
1
1
1
1
1
1
1
1
1
1
1
1
1
1
1
1
1
1
1
1
1
1
1
1
1
1
1
1
1
1
1
1
1
1
1
1
1
1
1
1
1
1
1
1
1
1
1
1
1
1
1
1
1
1
1
1
1
1
1
1
1
1.94248
1.95378
1.96201
1.97191
1.97641
1.97949
1.987
1.99984
2.00683
2.01222
2.01752
2.02196
2.02466
2.02699
2.02935
2.0318
2.0352
2.03722
2.03786
2.03775
2.03666
2.03624
2.03624
2.03705
2.03878
2.0398
2.04027
2.03985
2.03793
2.03694
2.03616
2.03567
2.03663
2.03695
2.0365
2.034
2.02857
2.02535
2.02331
2.02268
2.02434
2.02419
2.02151
2.00631
1.99117
1.9816
1.9724
1.97046
1.9731
1.97143
1.94847
1.90468
1.88477
1.86707
1.83779
1.82515
1.82444
1.79977
1.7219
1.6786
1.65402
1.61414
1.55648
1.53123
1.51077
1.45381
1.38303
1.35098
1.32111
1.269
1.22362
1.20063
1.17661
1.13734
1.10892
1.0933
1.07637
1.05469
1.04129
1.03366
1.02567
1.01714
1.01223
1.00945
1.00659
1.00403
1.00264
1.00189
1.00121
1.00069
1.00042
1.00028
1.00016
1.00008
1.00005
1.00003
1.00002
1.00001
1
1
1
1
1
1
1
1
1
1
1
1
1
1
1
1
1
1
1
1
1
1
1
1
1
1
1
1
1
1
1
1
1
1
1
1
1
1
1
1
1
1
1
1
1
1
1
1
1
1
1
1
1
1
1
1
1
1
1
1
1
1
1
1
1
1
1
1
1
1
1
1
1
1
1
1
1
1
1
1
1
1
1
1
1
1
1
1
1
1
1
1
1
1
1.85191
1.86766
1.87498
1.87759
1.87965
1.89341
1.91255
1.92371
1.93408
1.94668
1.95677
1.96074
1.96398
1.97398
1.9874
1.99419
2.00073
2.00864
2.01415
2.01633
2.01861
2.02433
2.02847
2.0316
2.03526
2.03785
2.03894
2.03926
2.03908
2.03916
2.03941
2.04056
2.04133
2.04142
2.041
2.03942
2.03882
2.03892
2.03947
2.04109
2.04151
2.04123
2.04006
2.03569
2.03215
2.03071
2.03068
2.03234
2.03249
2.03194
2.02633
2.0123
2.00535
2.00274
1.99977
1.99858
1.99895
1.99581
1.96803
1.92965
1.91818
1.91682
1.90718
1.88272
1.87436
1.86458
1.7973
1.74113
1.72197
1.70985
1.66071
1.6125
1.59052
1.55984
1.47871
1.4287
1.4027
1.36613
1.30214
1.2668
1.24285
1.20616
1.15926
1.13576
1.11736
1.09124
1.06707
1.05488
1.04496
1.03214
1.02237
1.01727
1.01311
1.00854
1.0055
1.00396
1.00279
1.00168
1.00099
1.00066
1.00043
1.00023
1.00013
1.00008
1.00004
1.00002
1.00001
1.00001
1
1
1
1
1
1
1
1
1
1
1
1
1
1
1
1
1
1
1
1
1
1
1
1
1
1
1
1
1
1
1
1
1
1
1
1
1
1
1
1
1
1
1
1
1
1
1
1
1
1
1
1
1
1
1
1
1
1
1
1
1
1
1
1
1
1
1
1
1
1
1
1
1
1
1
1
1
1
1
1
1
1
1
1
1.75441
1.76106
1.76274
1.76732
1.78325
1.80166
1.81524
1.82877
1.84424
1.85342
1.85727
1.85955
1.87203
1.89374
1.9058
1.91529
1.92648
1.93903
1.944
1.94662
1.95396
1.97231
1.98218
1.98891
1.99654
2.00554
2.00988
2.01239
2.01648
2.02425
2.0285
2.03146
2.03451
2.03698
2.03811
2.03897
2.03969
2.04039
2.04184
2.04328
2.04361
2.04354
2.04266
2.0411
2.04042
2.04052
2.04205
2.04305
2.04324
2.04253
2.03957
2.03717
2.03589
2.03565
2.0379
2.03911
2.03874
2.03657
2.02748
2.02042
2.01817
2.01781
2.01927
2.01828
2.01436
2.00791
1.98357
1.95821
1.95004
1.95176
1.95246
1.93266
1.91212
1.90104
1.86154
1.80758
1.78692
1.78089
1.75358
1.69268
1.66469
1.64146
1.58059
1.51062
1.48268
1.45723
1.39631
1.3403
1.31241
1.28219
1.22683
1.18713
1.16543
1.14038
1.10514
1.08367
1.07079
1.05579
1.03875
1.02917
1.02324
1.01666
1.01072
1.00756
1.00565
1.0037
1.00219
1.00144
1.00099
1.00059
1.00032
1.00019
1.00012
1.00007
1.00003
1.00002
1.00001
1
1
1
1
1
1
1
1
1
1
1
1
1
1
1
1
1
1
1
1
1
1
1
1
1
1
1
1
1
1
1
1
1
1
1
1
1
1
1
1
1
1
1
1
1
1
1
1
1
1
1
1
1
1
1
1
1
1
1
1
1
1
1
1
1
1
1
1
1
1
1
1
1
1
1
1.63632
1.64088
1.65249
1.66943
1.68226
1.69754
1.7163
1.7288
1.73414
1.73622
1.74107
1.76022
1.78007
1.79244
1.80404
1.81906
1.82977
1.83429
1.83746
1.84864
1.87275
1.88624
1.89575
1.90623
1.92037
1.92736
1.93113
1.93657
1.95483
1.96858
1.97563
1.98263
1.99289
2.00009
2.00358
2.00795
2.01715
2.0245
2.0283
2.03156
2.03475
2.03651
2.03717
2.03772
2.03927
2.04138
2.04281
2.04367
2.04403
2.04349
2.04234
2.0419
2.04193
2.04366
2.04526
2.04556
2.04533
2.04304
2.04079
2.04031
2.04032
2.04153
2.0428
2.0426
2.04174
2.03791
2.03104
2.02799
2.02739
2.02897
2.03011
2.02896
2.02393
2.01446
2.00033
1.98583
1.97733
1.97677
1.97888
1.97297
1.94669
1.92824
1.90995
1.86989
1.84033
1.8326
1.82828
1.77607
1.72636
1.70352
1.67422
1.60088
1.55724
1.53587
1.49998
1.42283
1.38254
1.35595
1.31082
1.24956
1.22041
1.19626
1.15803
1.12129
1.10333
1.08684
1.06382
1.0467
1.03768
1.02932
1.0197
1.01359
1.01029
1.00735
1.00455
1.0029
1.00204
1.00133
1.00075
1.00044
1.00028
1.00017
1.00008
1.00005
1.00003
1.00001
1.00001
1
1
1
1
1
1
1
1
1
1
1
1
1
1
1
1
1
1
1
1
1
1
1
1
1
1
1
1
1
1
1
1
1
1
1
1
1
1
1
1
1
1
1
1
1
1
1
1
1
1
1
1
1
1
1
1
1
1
1
1
1
1
1
1
1
1.52144
1.53584
1.54894
1.56466
1.5831
1.59733
1.60337
1.6061
1.60872
1.62164
1.64359
1.65853
1.67134
1.68533
1.69879
1.70428
1.70751
1.71215
1.73464
1.75653
1.76829
1.77845
1.79306
1.80541
1.81013
1.81442
1.82591
1.85229
1.86594
1.87402
1.88295
1.89925
1.90902
1.91413
1.92051
1.93872
1.95585
1.96345
1.96986
1.97973
1.98964
1.99334
1.99677
2.00558
2.01648
2.02088
2.02444
2.02863
2.0322
2.03382
2.03504
2.03666
2.03967
2.04279
2.04439
2.04513
2.04533
2.04456
2.04412
2.04417
2.04477
2.04634
2.04683
2.04676
2.04605
2.04347
2.04224
2.04217
2.04251
2.04434
2.04515
2.04488
2.04399
2.04006
2.0358
2.03395
2.03339
2.03513
2.03689
2.03674
2.03489
2.02376
2.01269
2.00578
1.99868
1.997
1.99869
1.99651
1.97558
1.95108
1.93893
1.92081
1.89127
1.88013
1.87741
1.84358
1.78581
1.761
1.74383
1.69101
1.63379
1.61013
1.58621
1.5138
1.45593
1.42832
1.3954
1.32638
1.2809
1.25445
1.22111
1.17121
1.14253
1.1236
1.09941
1.07199
1.05714
1.04671
1.03406
1.02306
1.01734
1.01322
1.00868
1.00547
1.00387
1.00269
1.00158
1.00092
1.0006
1.00038
1.0002
1.00011
1.00006
1.00004
1.00002
1.00001
1
1
1
1
1
1
1
1
1
1
1
1
1
1
1
1
1
1
1
1
1
1
1
1
1
1
1
1
1
1
1
1
1
1
1
1
1
1
1
1
1
1
1
1
1
1
1
1
1
1
1
1
1
1
1
1
1.41253
1.42996
1.45276
1.46706
1.47417
1.47706
1.47891
1.48633
1.50329
1.5183
1.53403
1.55012
1.56359
1.56955
1.57253
1.57505
1.58737
1.6139
1.63106
1.64251
1.6539
1.66737
1.67364
1.67725
1.68202
1.70658
1.73142
1.74242
1.74953
1.76036
1.77755
1.78538
1.79207
1.80252
1.82948
1.84806
1.85625
1.86222
1.87511
1.89126
1.89783
1.90394
1.91575
1.93856
1.94976
1.95592
1.96264
1.97538
1.98243
1.98579
1.99095
2.00498
2.01378
2.01796
2.02205
2.02727
2.03058
2.0324
2.03475
2.03839
2.0412
2.04355
2.04509
2.04548
2.04526
2.04481
2.04484
2.04503
2.04613
2.04739
2.04757
2.04748
2.04637
2.04437
2.04385
2.04387
2.04454
2.04652
2.04722
2.04713
2.04636
2.04312
2.04052
2.03936
2.03916
2.04079
2.04144
2.04117
2.03887
2.02947
2.02348
2.02084
2.01624
2.01277
2.01316
2.01137
1.99406
1.97077
1.96268
1.95936
1.93971
1.91611
1.90885
1.9
1.84727
1.80977
1.79605
1.77844
1.71071
1.66862
1.64847
1.61272
1.534
1.49546
1.46955
1.41874
1.34748
1.31528
1.28608
1.23556
1.18954
1.16685
1.14183
1.10608
1.0827
1.06928
1.0538
1.03701
1.02775
1.02183
1.0152
1.0097
1.00684
1.00496
1.00309
1.00182
1.00119
1.00079
1.00044
1.00023
1.00014
1.00008
1.00004
1.00002
1.00001
1.00001
1
1
1
1
1
1
1
1
1
1
1
1
1
1
1
1
1
1
1
1
1
1
1
1
1
1
1
1
1
1
1
1
1
1
1
1
1
1
1
1
1
1
1
1
1
1
1.32007
1.34285
1.34916
1.3519
1.35579
1.36627
1.37275
1.37758
1.39025
1.41594
1.43113
1.43848
1.44133
1.44314
1.45036
1.46862
1.48457
1.49976
1.51529
1.529
1.53468
1.53674
1.53822
1.55224
1.58337
1.60085
1.609
1.61553
1.62935
1.63999
1.64526
1.65209
1.67546
1.7066
1.72012
1.7265
1.73119
1.74644
1.761
1.76826
1.77772
1.79704
1.82438
1.83645
1.84299
1.85009
1.86903
1.88122
1.88765
1.89496
1.91323
1.93312
1.94158
1.94778
1.95824
1.97246
1.97832
1.98262
1.99084
2.00485
2.01114
2.01537
2.02032
2.02598
2.02867
2.03075
2.03427
2.03857
2.04088
2.04295
2.04462
2.04508
2.04496
2.045
2.04521
2.04557
2.04671
2.04799
2.04842
2.04843
2.04758
2.0463
2.04577
2.04574
2.04661
2.04795
2.0484
2.0484
2.04735
2.04517
2.04395
2.04323
2.04312
2.04421
2.04435
2.04397
2.04091
2.0346
2.0313
2.03038
2.0297
2.0255
2.02237
2.02184
2.0123
1.99331
1.98498
1.98288
1.9728
1.94713
1.93735
1.93225
1.89848
1.8609
1.84661
1.8349
1.77739
1.73071
1.71152
1.68884
1.61431
1.56631
1.54046
1.4997
1.42135
1.38069
1.35234
1.30514
1.24535
1.21524
1.18907
1.14924
1.11499
1.0969
1.07948
1.05677
1.04199
1.03363
1.02496
1.0161
1.01132
1.00851
1.00559
1.00329
1.00218
1.0015
1.00086
1.00046
1.00028
1.00017
1.00009
1.00004
1.00002
1.00001
1.00001
1
1
1
1
1
1
1
1
1
1
1
1
1
1
1
1
1
1
1
1
1
1
1
1
1
1
1
1
1
1
1
1
1
1
1
1
1
1.22559
1.23568
1.24292
1.24902
1.25114
1.25185
1.25686
1.28053
1.30173
1.31005
1.31385
1.31845
1.32939
1.33572
1.34107
1.35364
1.37831
1.39331
1.4001
1.40186
1.40225
1.40717
1.43067
1.45472
1.46622
1.47424
1.48516
1.49483
1.49895
1.50059
1.51302
1.54896
1.5718
1.58088
1.58481
1.59233
1.60828
1.6157
1.62147
1.63631
1.66931
1.69043
1.70007
1.70471
1.71322
1.73357
1.74475
1.75369
1.76585
1.79152
1.81171
1.8207
1.82731
1.84157
1.86302
1.87266
1.88041
1.89169
1.91427
1.92641
1.93366
1.94194
1.95786
1.96866
1.97424
1.98058
1.99336
2.00239
2.00686
2.01192
2.01926
2.0236
2.02587
2.0288
2.03423
2.03774
2.03999
2.04213
2.04394
2.04482
2.04525
2.04556
2.0459
2.04642
2.04745
2.04841
2.04885
2.04892
2.04834
2.04763
2.04729
2.04729
2.04815
2.04877
2.04888
2.04867
2.04742
2.04656
2.04619
2.04581
2.04593
2.04645
2.0463
2.04595
2.04393
2.04001
2.03789
2.03741
2.03746
2.03458
2.02997
2.02936
2.02753
2.01396
2.0027
1.99897
1.99577
1.97495
1.95922
1.95492
1.94682
1.906
1.88176
1.87202
1.84892
1.78968
1.76338
1.74731
1.7011
1.62999
1.60133
1.57315
1.50524
1.44535
1.41721
1.37722
1.30778
1.26769
1.24097
1.19962
1.15353
1.13096
1.11068
1.0819
1.06037
1.04925
1.03787
1.025
1.01759
1.01347
1.00924
1.00554
1.00363
1.00255
1.00154
1.00083
1.0005
1.00031
1.00017
1.00008
1.00004
1.00002
1.00001
1
1
1
1
1
1
1
1
1
1
1
1
1
1
1
1
1
1
1
1
1
1
1
1
1
1
1
1
1
1.1311
1.13705
1.1378
1.13793
1.1412
1.15457
1.16877
1.18175
1.19352
1.20393
1.21046
1.21339
1.21389
1.21897
1.2421
1.26189
1.27035
1.2726
1.27206
1.27553
1.29056
1.30767
1.32343
1.33692
1.34871
1.35642
1.36007
1.36048
1.36405
1.38554
1.41866
1.43335
1.43978
1.44587
1.45824
1.46599
1.46858
1.47254
1.50043
1.53255
1.5472
1.55334
1.55735
1.57059
1.58468
1.59102
1.60183
1.62678
1.65475
1.668
1.67496
1.6803
1.69888
1.71879
1.72927
1.7402
1.75816
1.78415
1.79544
1.80387
1.81569
1.84076
1.85567
1.86493
1.87517
1.89562
1.91031
1.91742
1.92587
1.94236
1.95542
1.96181
1.96871
1.98153
1.99221
1.9979
2.00424
2.01284
2.01798
2.02068
2.02407
2.02956
2.03315
2.03578
2.03906
2.04186
2.04301
2.04389
2.04493
2.04556
2.04586
2.04685
2.04795
2.04848
2.0487
2.04865
2.04812
2.04782
2.04766
2.04771
2.04837
2.04866
2.04873
2.04858
2.04777
2.04759
2.04768
2.04786
2.04845
2.0488
2.04871
2.04848
2.04759
2.04486
2.04222
2.04125
2.04164
2.04131
2.03704
2.03474
2.0345
2.02932
2.01812
2.01333
2.01159
2.00082
1.98445
1.97851
1.97093
1.93878
1.91826
1.91095
1.89366
1.84264
1.81736
1.80176
1.7559
1.69282
1.66717
1.64434
1.57492
1.51484
1.48505
1.44716
1.37092
1.32542
1.29674
1.25483
1.1981
1.16867
1.14578
1.11314
1.08268
1.06716
1.05384
1.03712
1.0256
1.01966
1.01425
1.00872
1.00562
1.00399
1.00251
1.00137
1.00082
1.00052
1.00028
1.00014
1.00007
1.00004
1.00002
1.00001
1
1
1
1
1
1
1
1
1
1
1
1
1
1
1
1
1
1
1
1
1.02924
1.03242
1.03809
1.04186
1.04383
1.05305
1.07688
1.09176
1.0981
1.09969
1.09877
1.09955
1.11068
1.13259
1.14356
1.14901
1.15183
1.15549
1.16101
1.1703
1.18651
1.20442
1.21752
1.22531
1.22937
1.22954
1.2308
1.23794
1.26611
1.28634
1.29699
1.30556
1.31621
1.32359
1.32614
1.32666
1.33575
1.36931
1.39433
1.40369
1.40876
1.41721
1.42864
1.43301
1.43602
1.45287
1.48824
1.50826
1.51721
1.52149
1.53006
1.54783
1.55776
1.5683
1.58436
1.6136
1.63047
1.63922
1.64651
1.66362
1.69139
1.70514
1.71671
1.73106
1.75654
1.76908
1.77704
1.78783
1.81397
1.83244
1.84289
1.85455
1.87534
1.89125
1.90029
1.91104
1.92911
1.94098
1.94777
1.9568
1.97206
1.9816
1.98724
1.9945
2.00577
2.01183
2.01512
2.01902
2.02572
2.02983
2.032
2.03435
2.03803
2.04049
2.04153
2.04244
2.0437
2.04447
2.04471
2.04527
2.04631
2.04681
2.04713
2.04746
2.0476
2.04765
2.04784
2.04828
2.04932
2.04986
2.04994
2.0499
2.04927
2.0486
2.04848
2.04852
2.04905
2.04983
2.05003
2.05001
2.04947
2.04815
2.04686
2.04624
2.04656
2.04659
2.04421
2.04086
2.0392
2.03532
2.02853
2.026
2.02629
2.02079
2.00243
1.99397
1.98907
1.97046
1.94731
1.94011
1.93458
1.89351
1.85588
1.84097
1.81698
1.7536
1.72089
1.70259
1.65712
1.57771
1.54454
1.51331
1.44461
1.38059
1.3516
1.31334
1.24906
1.20837
1.18348
1.14809
1.10842
1.08817
1.07221
1.0515
1.03559
1.02745
1.0202
1.0126
1.00815
1.00577
1.00366
1.00202
1.0012
1.00076
1.00041
1.0002
1.0001
1.00006
1.00003
1.00001
1
1
1
1
1
1
1
1
1
1
1
1
0.936878
0.939722
0.939645
0.940643
0.953145
0.977155
0.988754
0.993322
0.995289
0.997159
1.0008
1.00489
1.01385
1.02737
1.03791
1.04297
1.0455
1.04725
1.05472
1.07833
1.09502
1.10159
1.10327
1.10281
1.10511
1.11349
1.12634
1.14164
1.15869
1.17155
1.18082
1.18738
1.19165
1.19343
1.19606
1.21176
1.24167
1.25643
1.26498
1.27407
1.28196
1.28534
1.28624
1.29167
1.31871
1.34882
1.36129
1.3675
1.37546
1.38758
1.39344
1.39712
1.4083
1.44076
1.46134
1.47181
1.47787
1.48565
1.50989
1.52664
1.53968
1.55348
1.57605
1.59318
1.60052
1.60764
1.62315
1.65477
1.67163
1.68516
1.70159
1.72583
1.73861
1.74874
1.76307
1.78875
1.8026
1.81383
1.83052
1.85664
1.87015
1.87935
1.89228
1.91436
1.92574
1.9335
1.9442
1.96333
1.97459
1.98089
1.98685
1.99688
2.00659
2.01147
2.01543
2.02004
2.02629
2.0296
2.03121
2.0323
2.03452
2.0373
2.03873
2.03969
2.04079
2.04239
2.04326
2.04374
2.04455
2.04578
2.04659
2.04706
2.04733
2.04743
2.04767
2.04796
2.04867
2.04969
2.05023
2.0504
2.05031
2.05007
2.04999
2.04999
2.05037
2.05084
2.05104
2.05082
2.05008
2.04992
2.0498
2.04978
2.05022
2.05024
2.04894
2.04533
2.04386
2.04241
2.03863
2.0367
2.03664
2.03057
2.01572
2.00897
2.00459
1.9895
1.9755
1.97172
1.96486
1.92421
1.89719
1.88519
1.86054
1.80361
1.77796
1.76416
1.71722
1.64006
1.60543
1.57608
1.50712
1.44058
1.40841
1.3715
1.30064
1.25218
1.22235
1.18478
1.13776
1.11154
1.09209
1.06752
1.04664
1.03571
1.02662
1.01667
1.01065
1.00756
1.0048
1.00257
1.0015
1.00095
1.00049
1.00022
1.00011
1.00006
1.00002
1.00001
1
1
1
1
0.844106
0.844765
0.845621
0.857422
0.876897
0.886429
0.893397
0.89951
0.903018
0.903733
0.903413
0.906888
0.920751
0.929139
0.932747
0.935237
0.940059
0.960272
0.975849
0.982353
0.985156
0.985581
0.988354
0.994891
1.00031
1.00769
1.02528
1.04557
1.05518
1.05909
1.06001
1.06132
1.06856
1.08278
1.09585
1.11115
1.12512
1.1373
1.14469
1.14658
1.146
1.14849
1.16254
1.19127
1.20778
1.21844
1.22855
1.23693
1.24105
1.24262
1.24721
1.26878
1.29611
1.30934
1.31754
1.32812
1.3434
1.35197
1.36122
1.37394
1.40093
1.41725
1.4243
1.42857
1.43568
1.46093
1.48234
1.50009
1.51896
1.541
1.5543
1.5622
1.57052
1.59169
1.61273
1.62444
1.63983
1.66691
1.69304
1.70468
1.71548
1.73558
1.76003
1.771
1.78206
1.80224
1.83364
1.8489
1.86013
1.87288
1.89669
1.91162
1.9221
1.93297
1.94955
1.96475
1.9745
1.98322
1.99065
1.99647
2.00317
2.01207
2.01709
2.02036
2.02452
2.02906
2.03096
2.03233
2.03438
2.03746
2.03902
2.03985
2.0405
2.04146
2.04215
2.04238
2.04277
2.04428
2.04532
2.04573
2.04604
2.04642
2.04675
2.04705
2.0478
2.04886
2.04959
2.05005
2.05045
2.0507
2.05087
2.05128
2.05209
2.05263
2.05289
2.05283
2.05257
2.05258
2.05252
2.05252
2.05267
2.05251
2.05025
2.04818
2.04816
2.04827
2.04597
2.04485
2.04507
2.04027
2.02625
2.01966
2.01844
2.01265
1.99579
1.99049
1.98923
1.96453
1.92562
1.9115
1.90305
1.86324
1.82198
1.80546
1.78082
1.70303
1.65494
1.62886
1.58087
1.50154
1.46356
1.42689
1.3564
1.29578
1.26359
1.22178
1.16639
1.13554
1.11246
1.08173
1.05639
1.04368
1.0319
1.01945
1.01244
1.00865
1.00513
1.00262
1.00146
1.00081
1.00036
1.00013
0.758823
0.759743
0.766675
0.786237
0.796322
0.801005
0.805791
0.810197
0.81168
0.811331
0.811688
0.816598
0.824734
0.830664
0.838712
0.851097
0.863155
0.870854
0.875897
0.879021
0.881083
0.883741
0.885016
0.887523
0.903898
0.92333
0.935023
0.942256
0.944839
0.944874
0.946548
0.954004
0.966854
0.980537
0.994985
1.00539
1.01292
1.01788
1.0189
1.01932
1.02343
1.04063
1.06055
1.07686
1.08853
1.0958
1.09961
1.10086
1.1046
1.1156
1.13011
1.14793
1.16692
1.18192
1.19126
1.19584
1.19763
1.20601
1.23357
1.24942
1.25585
1.25935
1.26958
1.28593
1.29565
1.31226
1.33704
1.36342
1.37578
1.38179
1.38596
1.40058
1.41834
1.42686
1.43963
1.46555
1.49725
1.5109
1.52114
1.53518
1.55904
1.5702
1.57943
1.59364
1.62859
1.65079
1.66508
1.68107
1.70927
1.72808
1.7382
1.7507
1.77874
1.80544
1.81869
1.83348
1.85725
1.87749
1.88731
1.89942
1.92209
1.93921
1.94888
1.95987
1.97546
1.98553
1.99208
2
2.01003
2.01615
2.02062
2.02489
2.02833
2.03063
2.03265
2.03431
2.03555
2.03752
2.03921
2.03968
2.0398
2.03987
2.03987
2.03983
2.03998
2.04116
2.04288
2.04382
2.0446
2.04549
2.04604
2.04629
2.04683
2.04871
2.04998
2.05074
2.05147
2.05207
2.05222
2.05224
2.05236
2.05275
2.0532
2.05374
2.05445
2.05519
2.05564
2.05568
2.0556
2.05479
2.05234
2.05104
2.05128
2.05242
2.05212
2.05065
2.05003
2.04616
2.03641
2.03123
2.0306
2.02867
2.01599
2.00996
2.0071
1.98414
1.95463
1.94463
1.93999
1.90612
1.87139
1.85657
1.83038
1.75612
1.71767
1.6938
1.63882
1.5614
1.5255
1.48357
1.40039
1.34113
1.30473
1.25358
1.19147
1.15755
1.12869
1.09131
1.06328
1.04717
1.03227
1.01876
0.676479
0.680909
0.696928
0.709514
0.713861
0.71525
0.716007
0.719533
0.724582
0.725411
0.72507
0.72543
0.730738
0.751224
0.763014
0.766923
0.76965
0.773975
0.778646
0.77971
0.778978
0.779579
0.787237
0.809153
0.820373
0.824068
0.827951
0.834826
0.839941
0.841081
0.841212
0.848419
0.871835
0.885233
0.888685
0.890839
0.895866
0.901292
0.902311
0.902877
0.914425
0.941163
0.956257
0.961173
0.963078
0.966316
0.975531
0.980546
0.982049
0.986451
1.01168
1.03571
1.04616
1.05135
1.0552
1.06259
1.07435
1.08188
1.09005
1.10282
1.11851
1.1261
1.13032
1.13411
1.15897
1.19092
1.20378
1.20933
1.21386
1.22689
1.23779
1.24287
1.24814
1.26878
1.30411
1.32136
1.33293
1.34552
1.36335
1.37273
1.37949
1.38682
1.4131
1.4394
1.45593
1.47371
1.49781
1.51828
1.52715
1.53614
1.5541
1.58766
1.60461
1.62061
1.64233
1.67354
1.68826
1.6996
1.71653
1.75052
1.76965
1.78394
1.80301
1.83312
1.84968
1.86183
1.87996
1.90767
1.92219
1.93368
1.95004
1.96878
1.97785
1.98584
1.99738
2.00785
2.0137
2.01981
2.02572
2.0286
2.03038
2.0321
2.03306
2.03327
2.03365
2.03506
2.03655
2.03788
2.03886
2.03975
2.04031
2.04071
2.04122
2.04249
2.04388
2.04481
2.04548
2.04601
2.04616
2.04612
2.04627
2.04717
2.04875
2.0503
2.0516
2.05225
2.05241
2.05252
2.05315
2.05362
2.05384
2.05467
2.05655
2.05774
2.05863
2.05914
2.05923
2.05897
2.05849
2.05816
2.05838
2.05929
2.05933
2.05858
2.0573
2.05365
2.0471
2.04469
2.0454
2.0445
2.03566
2.03123
2.02779
2.00676
1.98902
1.98446
1.97988
1.94412
1.92
1.90994
1.8816
1.80952
1.77692
1.75439
1.6958
1.61804
1.58071
1.53215
1.44808
1.38753
1.34031
1.27735
0.601448
0.614654
0.624028
0.629487
0.631643
0.631644
0.631077
0.632987
0.639781
0.64249
0.643021
0.644693
0.656942
0.671325
0.678109
0.679729
0.679359
0.679228
0.683242
0.689017
0.690848
0.695521
0.710638
0.722374
0.727504
0.729138
0.729332
0.731969
0.740434
0.745424
0.750954
0.76374
0.776449
0.78354
0.785629
0.785105
0.785156
0.78826
0.796048
0.808971
0.827944
0.839168
0.844137
0.847295
0.850783
0.854879
0.856021
0.857076
0.864574
0.891704
0.91058
0.918503
0.925086
0.932361
0.937332
0.93942
0.942197
0.957364
0.970507
0.975296
0.978579
0.984394
1.01127
1.03157
1.04146
1.04807
1.05753
1.06858
1.07402
1.07662
1.0785
1.09366
1.12161
1.14131
1.15847
1.1742
1.18709
1.19267
1.19652
1.20111
1.22081
1.23794
1.25338
1.27605
1.30266
1.32108
1.32788
1.33348
1.3441
1.37026
1.38533
1.40188
1.42513
1.45647
1.47302
1.4825
1.49238
1.51933
1.54386
1.55764
1.57509
1.60466
1.63359
1.64703
1.66115
1.68716
1.71878
1.73381
1.74991
1.77681
1.80827
1.82329
1.8383
1.86297
1.89122
1.90537
1.92035
1.94337
1.96343
1.97362
1.98461
2
2.01041
2.01692
2.02516
2.0341
2.03867
2.04153
2.04432
2.04637
2.04763
2.04896
2.05067
2.05231
2.05357
2.05448
2.05516
2.05572
2.05604
2.05622
2.05645
2.05772
2.05995
2.06168
2.06292
2.06375
2.06432
2.06471
2.06499
2.06536
2.06607
2.06729
2.06886
2.07021
2.07117
2.0718
2.07226
2.07272
2.0732
2.0736
2.07422
2.07566
2.07643
2.07649
2.07639
2.07575
2.07526
2.07502
2.07495
2.07528
2.07537
2.07493
2.07222
2.06712
2.06466
2.06282
2.0594
2.05685
2.0564
2.05315
2.03908
2.0274
2.02387
2.01989
1.99589
1.97783
1.96755
1.94853
1.89916
1.87105
1.84581
1.79802
0.540299
0.552225
0.554364
0.555223
0.555566
0.555475
0.556115
0.560414
0.566216
0.568332
0.571097
0.579176
0.587678
0.592839
0.596783
0.598542
0.598266
0.597912
0.598731
0.605286
0.617122
0.625747
0.631567
0.635669
0.639466
0.641372
0.641214
0.641498
0.646884
0.663977
0.672828
0.677073
0.681006
0.685878
0.688596
0.688755
0.688516
0.690467
0.707986
0.726216
0.731842
0.735128
0.738908
0.742582
0.74368
0.743835
0.745706
0.755403
0.774396
0.790868
0.802091
0.809143
0.813653
0.815999
0.817591
0.823707
0.831172
0.834282
0.83719
0.84813
0.869797
0.883962
0.89475
0.902948
0.911863
0.918239
0.921955
0.92261
0.9259
0.938994
0.951102
0.966558
0.989171
1.00932
1.02055
1.0254
1.02701
1.03185
1.04631
1.05477
1.062
1.07938
1.11279
1.13262
1.14002
1.1444
1.15259
1.1688
1.17706
1.18738
1.20848
1.2441
1.26242
1.27112
1.27853
1.29725
1.31647
1.32627
1.34025
1.36557
1.39931
1.41372
1.42599
1.44325
1.47498
1.49038
1.50352
1.52202
1.5591
1.5807
1.59484
1.61196
1.64793
1.67441
1.68956
1.70823
1.74302
1.77178
1.78619
1.80239
1.83209
1.8576
1.87035
1.88617
1.91319
1.93226
1.9432
1.95716
1.97491
1.98407
1.99131
2.00091
2.00803
2.01116
2.01541
2.0198
2.02104
2.02149
2.02263
2.02313
2.02293
2.023
2.02531
2.0266
2.02747
2.02775
2.02715
2.02678
2.02665
2.02652
2.02662
2.02691
2.02764
2.02833
2.0287
2.02831
2.02791
2.02796
2.02831
2.02863
2.02859
2.0289
2.02924
2.02876
2.02856
2.02894
2.02937
2.0291
2.0289
2.02916
2.02974
2.02969
2.02851
2.02824
2.02846
2.02906
2.02989
2.03105
2.03172
2.0309
2.03081
2.03135
2.03395
2.03508
2.03517
2.03643
2.03703
2.03516
2.03
2.02425
2.02009
2.01434
0.476048
0.482167
0.482891
0.482676
0.481857
0.481827
0.482604
0.485796
0.489482
0.494563
0.503838
0.509901
0.511918
0.512986
0.514357
0.517226
0.519673
0.520452
0.520893
0.526642
0.540345
0.547508
0.549224
0.549588
0.549934
0.552147
0.554326
0.556145
0.564998
0.579406
0.585117
0.586535
0.586769
0.588258
0.593137
0.595032
0.596172
0.604226
0.62155
0.630465
0.632773
0.63268
0.632314
0.635213
0.641106
0.643358
0.645023
0.656855
0.67973
0.690504
0.694041
0.696204
0.699051
0.703225
0.705147
0.706001
0.709007
0.717465
0.725696
0.739766
0.757876
0.769295
0.774436
0.776779
0.777656
0.780213
0.790537
0.795134
0.796571
0.801563
0.826193
0.851033
0.861052
0.865128
0.86794
0.875262
0.884676
0.888517
0.890496
0.898224
0.929484
0.950794
0.960044
0.966385
0.974365
0.983898
0.988421
0.992026
1.00351
1.03892
1.05963
1.07015
1.07952
1.09357
1.1046
1.11103
1.11879
1.13793
1.1713
1.18654
1.19943
1.21514
1.23963
1.2519
1.262
1.27468
1.30532
1.33065
1.34361
1.35771
1.38317
1.41447
1.42875
1.4446
1.46814
1.50876
1.52842
1.54349
1.56149
1.59994
1.62374
1.63911
1.65827
1.69777
1.72833
1.74544
1.76479
1.79998
1.82796
1.84342
1.86188
1.8935
1.91659
1.92987
1.94606
1.96884
1.98275
1.9927
2.00488
2.01602
2.0223
2.02815
2.03293
2.03574
2.03723
2.03816
2.03841
2.03815
2.03803
2.03829
2.0399
2.04204
2.04418
2.0459
2.04711
2.04816
2.04918
2.05013
2.05091
2.05178
2.05348
2.05604
2.05793
2.05887
2.05945
2.06024
2.06206
2.06398
2.06545
2.06651
2.06733
2.06808
2.0688
2.06992
2.07211
2.07467
2.0767
2.07827
2.07955
2.08061
2.08166
2.08316
2.08535
2.08745
2.08874
2.0891
2.08916
2.08923
2.08898
2.08813
2.08826
2.08887
0.436778
0.439436
0.439738
0.439158
0.437586
0.437328
0.437471
0.438359
0.442616
0.448721
0.454107
0.456066
0.456527
0.456637
0.456957
0.459032
0.461
0.461878
0.46493
0.472288
0.47725
0.480069
0.481275
0.480835
0.479558
0.479691
0.481705
0.491778
0.499183
0.503094
0.505892
0.508736
0.510618
0.510923
0.510588
0.510987
0.517457
0.532365
0.538868
0.54104
0.542523
0.543411
0.543175
0.543568
0.547089
0.554741
0.562474
0.575354
0.586966
0.593635
0.596387
0.596773
0.595378
0.595585
0.599323
0.606373
0.608958
0.611507
0.625308
0.644146
0.651883
0.654567
0.656085
0.659885
0.666693
0.668664
0.668837
0.669509
0.682807
0.707674
0.719238
0.724896
0.73
0.735792
0.739605
0.741517
0.743286
0.75569
0.773237
0.786333
0.799261
0.809429
0.817763
0.821993
0.824244
0.825109
0.833847
0.858646
0.87644
0.891333
0.904259
0.915329
0.921217
0.925514
0.92842
0.943898
0.967714
0.982281
0.998626
1.01648
1.03424
1.04207
1.04903
1.05643
1.08146
1.10336
1.11547
1.13023
1.15184
1.17713
1.18781
1.19984
1.21631
1.25358
1.27425
1.28873
1.30464
1.33416
1.35941
1.37173
1.3866
1.41521
1.45487
1.47332
1.49196
1.51858
1.5591
1.57857
1.59621
1.62172
1.66682
1.6907
1.70867
1.73288
1.77529
1.79985
1.81689
1.84084
1.87976
1.90239
1.91936
1.9418
1.9686
1.98264
1.99442
2.00934
2.021
2.0268
2.03309
2.03986
2.04309
2.04536
2.0483
2.05057
2.05171
2.05248
2.05281
2.0529
2.05295
2.05285
2.05275
2.05281
2.05273
2.0529
2.05358
2.05407
2.05438
2.05504
2.05542
2.05517
2.05508
2.05518
2.0554
2.05583
2.05611
2.05654
2.058
2.05935
2.06006
2.06028
2.06118
2.06253
2.06328
2.06541
2.06859
2.07012
2.07096
2.07215
2.07334
2.07389
2.07592
2.07878
0.398196
0.398857
0.398511
0.396314
0.394387
0.394107
0.394143
0.394282
0.396135
0.400832
0.402509
0.402994
0.403137
0.402492
0.40203
0.402233
0.40254
0.40395
0.408472
0.410697
0.411036
0.411078
0.411587
0.412018
0.411697
0.411784
0.412771
0.420456
0.427679
0.429726
0.430732
0.432294
0.433933
0.434225
0.43404
0.434548
0.440763
0.450552
0.455541
0.457297
0.457774
0.4576
0.457763
0.459216
0.462884
0.467163
0.478403
0.491706
0.498078
0.500191
0.50071
0.500007
0.498936
0.499389
0.502698
0.509412
0.514061
0.522968
0.535162
0.542511
0.546879
0.549715
0.551051
0.552047
0.556395
0.560905
0.562907
0.571084
0.58716
0.598535
0.60547
0.609349
0.610948
0.611205
0.614134
0.626066
0.635574
0.644573
0.657289
0.668281
0.674626
0.677037
0.678482
0.678482
0.684392
0.698643
0.710973
0.727049
0.741731
0.751377
0.755928
0.759541
0.762187
0.773401
0.784242
0.793318
0.811217
0.832442
0.847067
0.852199
0.856795
0.862064
0.880286
0.89328
0.903063
0.9174
0.939378
0.959753
0.967802
0.975793
0.985675
1.01379
1.02966
1.04274
1.05968
1.0846
1.10522
1.11429
1.12503
1.1439
1.17693
1.19227
1.2091
1.23223
1.26951
1.28794
1.30161
1.31746
1.35663
1.38764
1.40401
1.4237
1.45877
1.49835
1.51622
1.53507
1.56599
1.61314
1.63609
1.65844
1.69131
1.738
1.76089
1.77998
1.80818
1.84772
1.86655
1.88271
1.90891
1.93921
1.95435
1.96895
1.98766
2.00108
2.00825
2.01637
2.02416
2.02757
2.03038
2.03329
2.03436
2.03468
2.03554
2.03666
2.03719
2.03742
2.03762
2.03824
2.03859
2.03839
2.03847
2.03866
2.03871
2.03865
2.03842
2.0381
2.03809
2.03824
2.03834
2.03811
2.03811
2.03817
2.0383
2.03907
2.03984
2.0404
2.04113
2.04185
2.04206
2.04281
2.04556
2.04814
0.391875
0.392027
0.39166
0.389443
0.387605
0.387286
0.387293
0.38738
0.38868
0.392769
0.394631
0.395261
0.395415
0.394498
0.393616
0.393652
0.393808
0.394652
0.397061
0.39841
0.398608
0.398409
0.398336
0.398816
0.399334
0.399413
0.399669
0.402176
0.405592
0.40741
0.408734
0.409602
0.409625
0.408989
0.408912
0.409271
0.411846
0.415231
0.417886
0.419549
0.419972
0.419449
0.419271
0.419532
0.422065
0.427494
0.43358
0.438632
0.441078
0.4419
0.441592
0.439211
0.438137
0.438271
0.439292
0.443029
0.450015
0.460637
0.467378
0.469407
0.469777
0.469265
0.470279
0.474445
0.476321
0.476706
0.480475
0.491151
0.498093
0.503093
0.508275
0.511708
0.512408
0.511936
0.512639
0.523387
0.542503
0.550225
0.552462
0.55284
0.553218
0.558636
0.560782
0.560636
0.564007
0.58201
0.599629
0.607156
0.6094
0.609993
0.614101
0.625371
0.6291
0.630952
0.637879
0.660088
0.676445
0.682209
0.685529
0.689499
0.699652
0.706957
0.713583
0.724713
0.745443
0.75823
0.765148
0.774226
0.788363
0.802887
0.808422
0.81899
0.832738
0.855114
0.871047
0.877627
0.886293
0.900514
0.922959
0.933596
0.946165
0.964866
0.997695
1.01291
1.02383
1.03613
1.06462
1.08955
1.10184
1.11825
1.14217
1.18119
1.19875
1.21484
1.23367
1.27425
1.30226
1.32102
1.34354
1.38628
1.42345
1.44224
1.46349
1.50286
1.54772
1.56738
1.58815
1.62445
1.67815
1.70464
1.72887
1.76448
1.81087
1.83375
1.85379
1.8823
1.91478
1.93099
1.94737
1.97089
1.98891
1.99872
2.00901
2.01912
2.02442
2.02865
2.0333
2.0361
2.03699
2.03746
2.03749
2.03666
2.03618
2.0366
2.03725
2.03792
2.03827
2.03835
2.038
2.03694
2.03629
2.03616
2.03621
2.03632
2.03648
2.03675
2.03707
2.03749
2.03791
2.03897
2.04101
2.04227
0.404818
0.404639
0.404455
0.402526
0.400011
0.399459
0.399418
0.399463
0.400254
0.402322
0.402751
0.40272
0.402441
0.400443
0.397717
0.396057
0.395178
0.394677
0.39424
0.394013
0.393923
0.393832
0.393184
0.391521
0.390613
0.390258
0.39007
0.390076
0.390752
0.391423
0.391808
0.391817
0.390209
0.388196
0.386969
0.386282
0.386156
0.386675
0.387623
0.388609
0.388861
0.387543
0.38588
0.385447
0.385373
0.386214
0.388237
0.388623
0.388536
0.387961
0.384946
0.382495
0.38216
0.382204
0.382401
0.383872
0.388371
0.391873
0.39311
0.393097
0.390966
0.38883
0.38874
0.389515
0.391552
0.392945
0.396342
0.401591
0.404468
0.407239
0.410652
0.412704
0.413134
0.413098
0.414266
0.424743
0.4375
0.441983
0.44254
0.44148
0.441017
0.442364
0.44564
0.448096
0.455484
0.46802
0.478094
0.484582
0.487021
0.487038
0.486609
0.489219
0.497954
0.504525
0.513402
0.524656
0.534958
0.540899
0.544215
0.546062
0.546805
0.557596
0.576551
0.583419
0.590597
0.599237
0.603977
0.61523
0.627026
0.633355
0.644632
0.655313
0.666243
0.676002
0.685502
0.695336
0.702535
0.707374
0.718558
0.741001
0.762357
0.770453
0.783195
0.796492
0.816513
0.831182
0.838591
0.851473
0.866471
0.89767
0.9147
0.927879
0.944428
0.96957
0.992599
1.00616
1.02525
1.05881
1.08973
1.10311
1.12019
1.1477
1.192
1.21018
1.22752
1.24881
1.30202
1.34078
1.3629
1.38711
1.4284
1.4796
1.50614
1.53307
1.5737
1.62499
1.65025
1.67775
1.72422
1.77391
1.79797
1.82304
1.86378
1.9018
1.9214
1.94235
1.97162
1.99229
2.00397
2.0167
2.02874
2.03481
2.03919
2.0427
2.0452
2.0469
2.04836
2.04918
2.04945
2.04945
2.04892
2.04861
2.04855
2.04858
2.04905
2.05005
2.05062
2.05079
2.05086
2.05092
2.05092
2.05077
0.421667
0.421458
0.419745
0.416992
0.415904
0.415637
0.41552
0.415656
0.416632
0.417644
0.417737
0.417618
0.416418
0.412426
0.409095
0.407328
0.40625
0.405266
0.403979
0.403007
0.402641
0.402415
0.400813
0.397382
0.395364
0.394077
0.392763
0.391939
0.391772
0.391726
0.391652
0.391278
0.389015
0.386248
0.384594
0.383748
0.383543
0.384057
0.384926
0.385371
0.385445
0.384252
0.38207
0.381115
0.380937
0.381352
0.382378
0.382478
0.382357
0.38157
0.37866
0.376427
0.375871
0.375825
0.37603
0.377515
0.380302
0.382328
0.383003
0.382806
0.380719
0.378813
0.378399
0.378405
0.378916
0.381097
0.383379
0.386015
0.387522
0.38809
0.38919
0.391596
0.392313
0.392323
0.393423
0.398179
0.401627
0.402398
0.401539
0.3997
0.399318
0.399414
0.400681
0.404332
0.407784
0.411616
0.415686
0.419181
0.420813
0.420854
0.419893
0.419914
0.423672
0.432333
0.43578
0.437703
0.441655
0.448064
0.450856
0.451384
0.45211
0.46055
0.472843
0.480183
0.481767
0.480703
0.480929
0.492452
0.5074
0.515423
0.518252
0.517129
0.52156
0.53602
0.541288
0.543262
0.543241
0.550921
0.571111
0.582559
0.592858
0.600858
0.607927
0.6231
0.629683
0.635771
0.643438
0.65535
0.672979
0.68554
0.70134
0.718019
0.728228
0.736575
0.750613
0.780299
0.795596
0.805776
0.820116
0.840166
0.874243
0.888145
0.901413
0.911542
0.93707
0.977721
0.99859
1.0218
1.04601
1.08182
1.10619
1.13018
1.16748
1.21369
1.23295
1.2525
1.28486
1.3532
1.38717
1.41074
1.4376
1.4994
1.55722
1.58577
1.61527
1.66126
1.72172
1.7546
1.78717
1.83037
1.87116
1.89584
1.92485
1.95923
1.97946
1.99467
2.01272
2.02718
2.03346
2.03896
2.04383
2.04616
2.04735
2.04854
2.04966
2.05103
2.05245
2.05314
2.05328
2.05331
2.05324
2.05282
0.428965
0.428671
0.427097
0.425723
0.425243
0.424997
0.425228
0.426422
0.427321
0.427459
0.427408
0.427283
0.426081
0.423233
0.421553
0.42062
0.419874
0.419671
0.420432
0.421062
0.420987
0.420351
0.418455
0.416946
0.416398
0.416049
0.415347
0.413969
0.413196
0.412959
0.412909
0.412619
0.411238
0.409681
0.409032
0.408857
0.408944
0.410005
0.411649
0.412605
0.412894
0.412891
0.412012
0.408532
0.406071
0.405308
0.404966
0.404658
0.404126
0.402177
0.400403
0.399893
0.399908
0.400877
0.402635
0.403468
0.403712
0.40377
0.403111
0.399268
0.395114
0.393297
0.392704
0.39226
0.391934
0.391985
0.39254
0.392813
0.392102
0.387939
0.385088
0.384766
0.385361
0.385851
0.38539
0.382938
0.380251
0.376997
0.372084
0.368207
0.365894
0.364544
0.363763
0.363243
0.362958
0.362777
0.363017
0.362721
0.359836
0.35705
0.354881
0.353829
0.354214
0.35605
0.356242
0.355481
0.355064
0.356985
0.358955
0.358692
0.358125
0.35846
0.360505
0.362141
0.361473
0.359814
0.359691
0.364728
0.37607
0.382256
0.383291
0.381488
0.380864
0.388325
0.395338
0.396824
0.396697
0.398584
0.411841
0.425214
0.433712
0.436482
0.436997
0.445026
0.453536
0.457973
0.464343
0.469055
0.481978
0.498444
0.504524
0.514265
0.525143
0.534337
0.547682
0.55767
0.567574
0.576354
0.59389
0.612037
0.624259
0.63967
0.648448
0.658386
0.674632
0.693131
0.719369
0.741015
0.751597
0.764357
0.788605
0.830293
0.848139
0.861222
0.872926
0.908948
0.95238
0.974446
0.990999
1.01087
1.07231
1.11122
1.14093
1.16807
1.21021
1.25912
1.29386
1.34284
1.4038
1.43734
1.46305
1.51377
1.60309
1.64219
1.66829
1.70604
1.78479
1.83181
1.85896
1.88939
1.93343
1.96462
1.98713
2.00756
2.02343
2.0351
2.0443
2.04929
2.05151
2.05253
2.0527
2.05233
0.432228
0.432785
0.433022
0.43331
0.433807
0.434234
0.43547
0.43758
0.438167
0.438154
0.438076
0.437971
0.436439
0.433559
0.432394
0.432112
0.432115
0.432565
0.433738
0.434645
0.434911
0.434366
0.432292
0.43122
0.431164
0.431314
0.431381
0.430672
0.429084
0.428329
0.428134
0.427695
0.426117
0.425659
0.425765
0.425956
0.42634
0.428338
0.430929
0.431751
0.431758
0.431663
0.431339
0.427798
0.423207
0.421591
0.420916
0.420229
0.419141
0.417792
0.416431
0.41572
0.415747
0.417212
0.418734
0.419283
0.419347
0.418973
0.415318
0.408419
0.402887
0.39991
0.398455
0.397443
0.396608
0.396192
0.396293
0.396497
0.394578
0.391589
0.389461
0.387949
0.386972
0.38633
0.385052
0.383682
0.382991
0.380543
0.376743
0.375147
0.374332
0.373434
0.372236
0.371878
0.372376
0.372604
0.372478
0.370492
0.367242
0.364684
0.361954
0.359855
0.359599
0.360839
0.360536
0.359497
0.359061
0.360325
0.361644
0.360419
0.359659
0.359988
0.360611
0.360052
0.356966
0.354645
0.354257
0.356842
0.363517
0.36548
0.365015
0.363617
0.362991
0.365523
0.372457
0.374324
0.372982
0.372322
0.374453
0.379537
0.385032
0.386016
0.384992
0.384066
0.385406
0.389164
0.393146
0.395546
0.397964
0.40606
0.41451
0.419068
0.420087
0.419219
0.424765
0.436273
0.440872
0.442223
0.442342
0.448779
0.462248
0.468687
0.471577
0.471226
0.479314
0.49561
0.505598
0.519694
0.529887
0.534028
0.538654
0.555221
0.580119
0.589022
0.589365
0.595691
0.612637
0.652855
0.664604
0.668614
0.680827
0.71472
0.761317
0.772452
0.781144
0.796104
0.858047
0.89422
0.908673
0.918626
0.960925
1.03653
1.07046
1.08915
1.10884
1.19465
1.26229
1.30637
1.34464
1.40961
1.47967
1.54224
1.61413
1.6787
1.7275
1.79226
1.87081
1.91882
1.95652
1.99894
2.02886
2.04419
0.434839
0.435545
0.435967
0.436939
0.439301
0.440767
0.442619
0.444764
0.445651
0.44576
0.445741
0.445805
0.444707
0.441644
0.440599
0.440768
0.441211
0.441773
0.443333
0.444968
0.445693
0.4455
0.445034
0.445075
0.445316
0.445871
0.44644
0.446416
0.444946
0.443485
0.442843
0.441998
0.441293
0.441416
0.442144
0.444212
0.445759
0.448386
0.451774
0.452549
0.452529
0.452464
0.452037
0.447774
0.44261
0.441014
0.440756
0.440673
0.44047
0.440265
0.439862
0.439415
0.440789
0.443803
0.446209
0.447712
0.448138
0.448157
0.447724
0.443623
0.437575
0.434881
0.434324
0.434584
0.436473
0.439668
0.443063
0.444898
0.444948
0.445277
0.446148
0.446419
0.445995
0.446072
0.445906
0.445596
0.443482
0.439643
0.438875
0.439248
0.439821
0.440972
0.442232
0.442951
0.443153
0.443301
0.442629
0.439391
0.437498
0.436986
0.436036
0.432924
0.429551
0.428772
0.429231
0.429876
0.431103
0.431231
0.427648
0.424983
0.423572
0.422053
0.419336
0.413474
0.405203
0.399117
0.397642
0.398771
0.399114
0.39327
0.385759
0.38219
0.379905
0.376399
0.368848
0.356628
0.349606
0.346115
0.344626
0.344294
0.342507
0.333907
0.321047
0.310469
0.304256
0.302286
0.301692
0.299682
0.291483
0.289051
0.288851
0.286044
0.279459
0.268352
0.264379
0.263731
0.262139
0.257423
0.253135
0.245183
0.239145
0.239244
0.239512
0.23632
0.229689
0.228329
0.228694
0.230945
0.232094
0.22765
0.221415
0.221336
0.225737
0.228875
0.226923
0.220568
0.220207
0.229898
0.239592
0.240007
0.236165
0.237802
0.258373
0.277181
0.280615
0.277822
0.281119
0.314073
0.341993
0.357179
0.365924
0.37514
0.411286
0.454749
0.488914
0.513205
0.533313
0.584714
0.648236
0.69943
0.741146
0.787607
0.881447
0.968135
1.04419
1.12041
1.22952
1.35704
1.47934
1.6165
1.77428
1.93372
1
1
1
1
1
1
1
1
1
1
1
1
1
1
1
1
1
1
1
1
1
1
1
1
1
1
1
1
1
1
1
1
1
1
1
1
1
1
1
1
1
1
1
1
1
1
1
1
1
1
1
1
1
1
1
1
1
1
1
1
1
1
1
1
1
1
1
1
1
1
1
1
1
1
1
1
1
1
1
1
1
1
1
1
1
1
1
1
1
1
1
1
1
1
1
1
1
1
1
1
1
1
1
1
1
1
1
1
1
1
1
1
1
1
1
1
1
1
1
1
1
1
1
1
1
1
1
1
1
1
1
1
1
1
1
1
1
1
1
1
1
1
1
1
1
1
1
1
1
1
1
1
1
1
1
1
1
1
1
1
1
1
1
1
1
1
1
1
1
1
1
1
1
1
1
1
1
1
1
1
1
1
1
1
1
1
1
1
1
1
1
1
1
1
1
1
1
1
1
1
1
1
1
1
1
1
1
1
1
1
1
1
1
1
1
1
1
1
1
1
1
1
1
1
1
1
1
1
1
1
1
1
1
1
1
1
1
1
1
1
1
1
1
1
1
1
1
1
1
1
1
1
1
1
1
1
1
1
1
1
1
1
1
1
1
1
1
1
1
1
1
1
1
1
1
1
1
1
1
1
1
1
1
1
1
1
1
1
1
1
1
1
1
1
1
1
1
1
1
1
1
1
1
1
1
1
1
1
1
1
1
1
1
1
1
1
1
1
1
1
1
1
1
1
1
1
1
1
1
1
1
1
1
1
1
1
1
1
1
1
1
1
1
1
1
1
1
1
1
1
1
1
1
1
1
1
1
1
1
1
1
1
1
1
1
1
1
1
1
1
1
1
1
1
1
1
1
1
1
1
1
1
1
1
1
1
1
1
1
1
1
1
1
1
1
1
1
1
1
1
1
1
1
1
1
1
1
1
1
1
1
1
1
1
1
1
1
1
1
1
1
1
1
1
1
1
1
1
1
1
1
1
1
1
1
1
1
1
1
1
1
1
1
1
1
1
1
1
1
1
1
1
1
1
1
1
1
1
1
1
1
1
1
1
1
1
1
1
1
1
1
1
1
1
1
1
1
1
1
1
1
1
1
1
1
1
1
1
1
1
1
1
1
1
1
1
1
1
1
1
1
1
1
1
1
1
1
1
1
1
1
1
1
1
1
1
1
1
1
1
1
1
1
1
1
1
1
1
1
1
1
1
1
1
1
1
1
1
1
1
1
1
1
1
1
1
1
1
1
1
1
1
1
1
1
1
1
1
1
1
1
1
1
1
1
1
1
1
1
1
1
1
1
1
1
1
1
1
1
1
1
1
1
1
1
1
1
1
1
1
1
1
1
1
1
1
1
1
1
1
1
1
1
1
1
1
1
1
1
1
1
1
1
1
1
1
1
1
1
1
1
1
1
1
1
1
1
1
1
1
1
1
1
1
1
1
1
1
1
1
1
1
1
1
1
1
1
1
1
1
1
1
1
1
1
1
1
1
1
1
1
1
1
1
1
1
1
1
1
1
1
1
1
1
1
1
1
1
1
1
1
1
1
1
1
1
1
1
1
1
1
1
1
1
1
1
1
1
1
1
1
1
1
1
1
1
1
1
1
1
1
1
1
1
1
1
1
1
1
1
1
1
1
1
1
1
1
1
1
1
1
1
1
1
1
1
1
1
1
1
1
1
1
1
1
1
1
1
1
1
1
1
1
1
1
1
1
1
1
1
1
1
1
1
1
1
1
1
1
1
1
1
1
1
1
1
1
1
1
1
1
1
1
1
1
1
1
1
1
1
1
1
1
1
1
1
1
1
1
1
1
1
1
1
1
1
1
1
1
1
1
1
1
1
1
1
1
1
1
1
1
1
1
1
1
1
1
1
1
1
1
1
1
1
1
1
1
1
1
1
1
1
1
1
1
1
1
1
1
1
1
1
1
1
1
1
1
1
1
1
1
1
1
1
1
1
1
1
1
1
1
1
1
1
1
1
1
1
1
1
1
1
1
1
1
1
1
1
1
1
1
1
1
1
1
1
1
1
1
1
1
1
1
1
1
1
1
1
1
1
1
1
1
1
1
1
1
1
1
1
1
1
1
1
1
1
1
1
1
1
1
1
1
1
1
1
1
1
1
1
1
1
1
1
1
1
1
1
1
1
1
1
1
1
1
1
1
1
1
1
1
1
1
1
1
1
1
1
1
1
1
1
1
1
1
1
1
1
1
1
1
1
1
1
1
1
1
1
1
1
1
1
1
1
1
1
1
1
1
1
1
1
1
1
1
1
1
1
1
1
1
1
1
1
1
1
1
1
1
1
1
1
1
1
1
1
1
1
1
1
1
1
1
1
1
1
1
1
1
1
1
1
1
1
1
1
1
1
1
1
1
1
1
1
1
1
1
1
1
1
1
1
1
1
1
1
1
1
1
1
1
1
1
1
1
1
1
1
1
1
1
1
1
1
1
1
1
1
1
1
1
1
1
1
1
1
1
1
1
1
1
1
1
1
1
1
1
1
1
1
1
1
1
1
1
1
1
1
1
1
1
1
1
1
1
1
1
1
1
1
1
1
1
1
1
1
1
1
1
1
1
1
1
1
1
1
1
1
1
1
1
1
1
1
1
1
1
1
1
1
1
1
1
1
1
1
1
1
1
1
1
1
1
1
1
1
1
1
1
1
1
1
1
1
1
1
1
1
1
1
1
1
1
1
1
1
1
1
1
1
1
1
1
1
1
1
1
1
1
1
1
1
1
1
1
1
1
1
1
1
1
1
1
1
1
1
1
1
1
1
1
1
1
1
1
1
1
1
1
1
1
1
1
1
1
1
1
1
1
1
1
1
1
1
1
1
1
1
1
1
1
1
1
1
1
1
1
1
1
1
1
1
1
1
1
1
1
1
1
1
1
1
1
1
1
1
1
1
1
1
1
1
1
1
1
1
1
1
1
1
1
1
1
1
1
1
1
1
1
1
1
1
1
1
1
1
1
1
1
1
1
1
1
1
1
1
1
1
1
1
1
1
1
1
1
1
1
1
1
1
1
1
1
1
1
1
1
1
1
1
1
1
1
1
1
1
1
1
1
1
1
1
1
1
1
1
1
1
1
1
1
1
1
1
1
1
1
1
1
1
1
1
1
1
1
1
1
1
1
1
1
1
1
1
1
1
1
1
1
1
1
1
1
1
1
1
1
1
1
1
1
1
1
1
1
1
1
1
1
1
1
1
1
1
1
1
1
1
1
1
1
1
1
1
1
1
1
1
1
1
1
1
1
1
1
1
1
1
1
1
1
1
1
1
1
1
1
1
1
1
1
1
1
1
1
1
1
1
1
1
1
1
1
1
1
1
1
1
1
1
1
1
1
1
1
1
1
1
1
1
1
1
1
1
1
1
1
1
1
1
1
1
1
1
1
1
1
1
1
1
1
1
1
1
1
1
1
1
1
1
1
1
1
1
1
1
1
1
1
1
1
1
1
1
1
1
1
1
1
1
1
1
1
1
1
1
1
1
1
1
1
1
1
1
1
1
1
1
1
1
1
1
1
1
1
1
1
1
1
1
1
1
1
1
1
1
1
1
1
1
1
1
1
1
1
1
1
1
1
1
1
1
1
1
1
1
1
1
1
1
1
1
1
1
1
1
1
1
1
1
1
1
1
1
1
1
1
1
1
1
1
1
1
1
1
1
1
1
1
1
1
1
1
1
1
1
1
1
1
1
1
1
1
1
1
1
1
1
1
1
1
1
1
1
1
1
1
1
1
1
1
1
1
1
1
1
1
1
1
1
1
1
1
1
1
1
1
1
1
1
1
1
1
1
1
1
1
1
1
1
1
1
1
1
1
1
1
1
1
1
1
1
1
1
1
1
1
1
1
1
1
1
1
1
1
1
1
1
1
1
1
1
1
1
1
1
1
1
1
1
1
1
1
1
1
1
1
1
1
1
1
1
1
1
1
1
1
1
1
1
1
1
1
1
1
1
1
1
1
1
1
1
1
1
1
1
1
1
1
1
1
1
1
1
1
1
1
1
1
1
1
1
1
1
1
1
1
1
1
1
1
1
1
1
1
1
1
1
1
1
1
1
1
1
1
1
1
1
1
1
1
1
1
1
1
1
1
1
1
1
1
1
1
1
1
1
1
1
1
1
1
1
1
1
1
1
1
1
1
1
1
1
1
1
1
1
1
1
1
1
1
1
1
1
1
1
1
1
1
1
1
1
1
1
1
1
1
1
1
1
1
1
1
1
1
1
1
1
1
1
1
1
1
1
1
1
1
1
1
1
1
1
1
1
1
1
1
1
1
1
1
1
1
1
1
1
1
1
1
1
1
1
1
1
1
1
1
1
1
1
1
1
1
1
1
1
1
1
1
1
1
1
1
1
1
1
1
1
1
1
1
1
1
1
1
1
1
1
1
1
1
1
1
1
1
1
1
1
1
1
1
1
1
1
1
1
1
1
1
1
1
1
1
1
1
1
1
1
1
1
1
1
1
1
1
1
1
1
1
1
1
1
1
1
1
1
1
1
1
1
1
1
1
1
1
1
1
1
1
1
1
1
1
1
1
1
1
1
1
1
1
1
1
1
1
1
1
1
1
1
1
1
1
1
1
1
1
1
1
1
1
1
1
1
1
1
1
1
1
1
1
1
1
1
1
1
1
1
1
1
1
1
1
1
1
1
1
1
1
1
1
1
1
1
1
1
1
1
1
1
1
1
1
1
1
1
1
1
1
1
1
1
1
1
1
1
1
1
1
1
1
1
1
1
1
1
1
1
1
1
1
1
1
1
1
1
1
1
1
1
1
1
1
1
1
1
1
1
1
1
1
1
1
1
1
1
1
1
1
1
1
1
1
1
1
1
1
1
1
1
1
1
1
1
1
1
1
1
1
1
1
1
1
1
1
1
1
1
1
1
1
1
1
1
1
1
1
1
1
1
1
1
1
1
1
1
1
1
1
1
1
1
1
1
1
1
1
1
1
1
1
1
1
1
1
1
1
1
1
1
1
1
1
1
1
1
1
1
1
1
1
1
1
1
1
1
1
1
1
1
1
1
1
1
1
1
1
1
1
1
1
1
1
1
1
1
1
1
1
1
1
1
1
1
1
1
1
1
1
1
1
1
1
1
1
1
1
1
1
1
1
1
1
1
1
1
1
1
1
1
1
1
1
1
1
1
1
1
1
1
1
1
1
1
1
1
1
1
1
1
1
1
1
1
1
1
1
1
1
1
1
1
1
1
1
1
1
1
1
1
1
1
1
1
1
1
1
1
1
1
1
1
1
1
1
1
1
1
1
1
1
1
1
1
1
1
1
1
1
1
1
1
1
1
1
1
1
1
1
1
1
1
1
1
1
1
1
1
1
1
1
1
1
1
1
1
1
1
1
1
1
1
1
1
1
1
1
1
1
1
1
1
1
1
1
1
1
1
1
1
1
1
1
1
1
1
1
1
1
1
1
1
1
1
1
1
1
1
1
1
1
1
1
1
1
1
1
1
1
1
1
1
1
1
1
1
1
1
1
1
1
1
1
1
1
1
1
1
1
1
1
1
1
1
1
1
1
1
1
1
1
1
1
1
1
1
1
1
1
1
1
1
1
1
1
1
1
1
1
1
1
1
1
1
1
1
1
1
1
1
1
1
1
1
1
1
1
1
1
1
1
1
1
1
1
1
1
1
1
1
1
1
1
1
1
1
1
1
1
1
1
1
1
1
1
1
1
1
1
1
1
1
1
1
1
1
1
1
1
1
1
1
1
1
1
1
1
1
1
1
1
1
1
1
1
1
1
1
1
1
1
1
1
1
1
1
1
1
1
1
1
1
1
1
1
1
1
1
1
1
1
1
1
1
1
1
1
1
1
1
1
1
1
1
1
1
1
1
1
1
1
1
1
1
1
1
1
1
1
1
1
1
1
1
1
1
1
1
1
1
1
1
1
1
1
1
1
1
1
1
1
1
1
1
1
1
1
1
1
1
1
1
1
1
1
1
1
1
1
1
1
1
1
1
1
1
1
1
1
1
1
1
1
1
1
1
1
1
1
1
1
1
1
1
1
1
1
1
1
1
1
1
1
1
1
1
1
1
1
1
1
1
1
1
1
1
1
1
1
1
1
1
1
1
1
1
1
1
1
1
1
1
1
1
1
1
1
1
1
1
1
1
1
1
1
1
1
1
1
1
1
1
1
1
1
1
1
1
1
1
1
1
1
1
1
1
1
1
1
1
1
1
1
1
1
1
1
1
1
1
1
1
1
1
1
1
1
1
1
1
1
1
1
1
1
1
1
1
1
1
1
1
1
1
1
1
1
1
1
1
1
1
1
1
1
1
1
1
1
1
1
1
1
1
1
1
1
1
1
1
1
1
1
1
1
1
1
1
1
1
1
1
1
1
1
1
1
1
1
1
1
1
1
1
1
1
1
1
1
1
1
1
1
1
1
1
1
1
1
1
1
1
1
1
1
1
1
1
1
1
1
1
1
1
1
1
1
1
1
1
1
1
1
1
1
1
1
1
1
1
1
1
1
1
1
1
1
1
1
1
1
1
1
1
1
1
1
1
1
1
1
1
1
1
1
1
1
1
1
1
1
1
1
1
1
1
1
1
1
1
1
1
1
1
1
1
1
1
1
1
1
1
1
1
1
1
1
1
1
1
1
1
1
1
1
1
1
1
1
1
1
1
1
1
1
1
1
1
1
1
1
1
1
1
1
1
1
1
1
1
1
1
1
1
1
1
1
1
1
1
1
1
1
1
1
1
1
1
1
1
1
1
1
1
1
1
1
1
1
1
1
1
1
1
1
1
1
1
1
1
1
1
1
1
1
1
1
1
1
1
1
1
1
1
1
1
1
1
1
1
1
1
1
1
1
1
1
1
1
1
1
1
1
1
1
1
1
1
1
1
1
1
1
1
1
1
1
1
1
1
1
1
1
1
1
1
1
1
1
1
1
1
1
1
1
1
1
1
1
1
1
1
1
1
1
1
1
1
1
1
1
1
1
1
1
1
1
1
1
1
1
1
1
1
1
1
1
1
1
1
1
1
1
1
1
1
1
1
1
1
1
1
1
1
1
1
1
1
1
1
1
1
1
1
1
1
1
1
1
1
1
1
1
1
1
1
1
1
1
1
1
1
1
1
1
1
1
1
1
1
1
1
1
1
1
1
1
1
1
1
1
1
1
1
1
1
1
1
1
1
1
1
1
1
1
1
1
1
1
1
1
1
1
1
1
1
1
1
1
1
1
1
1
1
1
1
1
1
1
1
1
1
1
1
1
1
1
1
1
1
1
1
1
1
1
1
1
1
1
1
1
1
1
1
1
1
1
1
1
1
1
1
1
1
1
1
1
1
1
1
1
1
1
1
1
1
1
1
1
1
1
1
1
1
1
1
1
1
1
1
1
1
1
1
1
1
1
1
1
1
1
1
1
1
1
1
1
1
1
1
1
1
1
1
1
1
1
1
1
1
1
1
1
1
1
1
1
1
1
1
1
1
1
1
1
1
1
1
1
1
1
1
1
1
1
1
1
1
1
1
1
1
1
1
1
1
1
1
1
1
1
1
1
1
1
1
1
1
1
1
1
1
1
1
1
1
1
1
1
1
1
1
1
1
1
1
1
1
1
1
1
1
1
1
1
1
1
1
1
1
1
1
1
1
1
1
1
1
1
1
1
1
1
1
1
1
1
1
1
1
1
1
1
1
1
1
1
1
1
1
1
1
1
1
1
1
1
1
1
1
1
1
1
1
1
1
1
1
1
1
1
1
1
1
1
1
1
1
1
1
1
1
1
1
1
1
1
1
1
1
1
1
1
1
1
1
1
1
1
1
1
1
1
1
1
1
1
1
1
1
1
1
1
1
1
1
1
1
1
1
1
1
1
1
1
1
1
1
1
1
1
1
1
1
1
1
1
1
1
1
1
1
1
1
1
1
1
1
1
1
1
1
1
1
1
1
1
1
1
1
1
1
1
1
1
1
1
1
1
1
1
1
1
1
1
1
1
1
1
1
1
1
1
1
1
1
1
1
1
1
1
1
1
1
1
1
1
1
1
1
1
1
1
1
1
1
1
1
1
1
1
1
1
1
1
1
1
1
1
1
1
1
1
1
1
1
1
1
1
1
1
1
1
1
1
1
1
1
1
1
1
1
1
1
1
1
1
1
1
1
1
1
1
1
1
1
1
1
1
1
1
1
1
1
1
1
1
1
1
1
1
1
1
1
1
1
1
1
1
1
1
1
1
1
1
1
1
1
1
1
1
1
1
1
1
1
1
1
1
1
1
1
1
1
1
1
1
1
1
1
1
1
1
1
1
1
1
1
1
1
1
1
1
1
1
1
1
1
1
1
1
1
1
1
1
1
1
1
1
1
1
1
1
1
1
1
1
1
1
1
1
1
1
1
1
1
1
1
1
1
1
1
1
1
1
1
1
1
1
1
1
1
1
1
1
1
1
1
1
1
1
1
1
1
1
1
1
1
1
1
1
1
1
1
1
1
1
1
1
1
1
1
1
1
1
1
1
1
1
1
1
1
1
1
1
1
1
1
1
1
1
1
1
1
1
1
1
1
1
1
1
1
1
1
1
1
1
1
1
1
1
1
1
1
1
1
1
1
1
1
1
1
1
1
1
1
1
1
1
1
1
1
1
1
1
1
1
1
1
1
1
1
1
1
1
1
1
1
1
1
1
1
1
1
1
1
1
1
1
1
1
1
1
1
1
1
1
1
1
1
1
1
1
1
1
1
1
1
1
1
1
1
1
1
1
1
1
1
1
1
1
1
1
1
1
1
1
1
1
1
1
1
1
1
1
1
1
1
1
1
1
1
1
1
1
1
1
1
1
1
1
1
1
1
1
1
1
1
1
1
1
1
1
1
1
1
1
1
1
1
1
1
1
1
1
1
1
1
1
1
1
1
1
1
1
1
1
1
1
1
1
1
1
1
1
1
1
1
1
1
1
1
1
1
1
1
1
1
1
1
1
1
1
1
1
1
1
1
1
1
1
1
1
1
1
1
1
1
1
1
1
1
1
1
1
1
1
1
1
1
1
1
1
1
1
1
1
1
1
1
1
1
1
1
1
1
1
1
1
1
1
1
1
1
1
1
1
1
1
1
1
1
1
1
1
1
1
1
1
1
1
1
1
1
1
1
1
1
1
1
1
1
1
1
1
1
1
1
1
1
1
1
1
1
1
1
1
1
1
1
1
1
1
1
1
1
1
1
1
1
1
1
1
1
1
1
1
1
1
1
1
1
1
1
1
1
1
1
1
1
1
1
1
1
1
1
1
1
1
1
1
1
1
1
1
1
1
1
1
1
1
1
1
1
1
1
1
1
1
1
1
1
1
1
1
1
1
1
1
1
1
1
1
1
1
1
1
1
1
1
1
1
1
1
1
1
1
1
1
1
1
1
1
1
1
1
1
1
1
1
1
1
1
1
1
1
1
1
1
1
1
1
1
1
1
1
1
1
1
1
1
1
1
1
1
1
1
1
1
1
1
1
1
1
1
1
1
1
1
1
1
1
1
1
1
1
1
1
1
1
1
1
1
1
1
1
1
1
1
1
1
1
1
1
1
1
1
1
1
1
1
1
1
1
1
1
1
1
1
1
1
1
1
1
1
1
1
1
1
1
1
1
1
1
1
1
1
1
1
1
1
1
1
1
1
1
1
1
1
1
1
1
1
1
1
1
1
1
1
1
1
1
1
1
1
1
1
1
1
1
1
1
1
1
1
1
1
1
1
1
1
1
1
1
1
1
1
1
1
1
1
1
1
1
1
1
1
1
1
1
1
1
1
1
1
1
1
1
1
1
1
1
1
1
1
1
1
1
1
1
1
1
1
1
1
1
1
1
1
1
1
1
1
1
1
1
1
1
1
1
1
1
1
1
1
1
1
1
1
1
1
1
1
1
1
1
1
1
1
1
1
1
1
1
1
1
1
1
1
1
1
1
1
1
1
1
1
1
1
1
1
1
1
1
1
1
1
1
1
1
1
1
1
1
1
1
1
1
1
1
1
1
1
1
1
1
1
1
1
1
1
1
1
1
1
1
1
1
1
1
1
1
1
1
1
1
1
1
1
1
1
1
1
1
1
1
1
1
1
1
1
1
1
1
1
1
1
1
1
1
1
1
1
1
1
1
1
1
1
1
1
1
1
1
1
1
1
1
1
1
1
1
1
1
1
1
1
1
1
1
1
1
1
1
1
1
1
1
1
1
1
1
1
1
1
1
1
1
1
1
1
1
1
1
1
1
1
1
1
1
1
1
1
1
1
1
1
1
1
1
1
1
1
1
1
1
1
1
1
1
1
1
1
1
1
1
1
1
1
1
1
1
1
1
1
1
1
1
1
1
1
1
1
1
1
1
1
1
1
1
1
1
1
1
1
1
1
1
1
1
1
1
1
1
1
1
1
1
1
1
1
1
1
1
1
1
1
1
1
1
1
1
1
1
1
1
1
1
1
1
1
1
1
1
1
1
1
1
1
1
1
1
1
1
1
1
1
1
1
1
1
1
1
1
1
1
1
1
1
1
1
1
1
1
1
1
1
1
1
1
1
1
1
1
1
1
1
1
1
1
1
1
1
1
1
1
1
1
1
1
1
1
1
1
1
1
1
1
1
1
1
1
1
1
1
1
1
1
1
1
1
1
1
1
1
1
1
1
1
1
1
1
1
1
1
1
1
1
1
1
1
1
1
1
1
1
1
1
1
1
1
1
1
1
1
1
1
1
1
1
1
1
1
1
1
1
1
1
1
1
1
1
1
1
1
1
1
1
1
1
1
1
1
1
1
1
1
1
1
1
1
1
1
1
1
1
1
1
1
1
1
1
1
1
1
1
1
1
1
1
1
1
1
1
1
1
1
1
1
1
1
1
1
1
1
1
1
1
1
1
1
1
1
1
1
1
1
1
1
1
1
1
1
1
1
1
1
1
1
1
1
1
1
1
1
1
1
1
1
1
1
1
1
1
1
1
1
1
1
1
1
1
1
1
1
1
1
1
1
1
1
1
1
1
1
1
1
1
1
1
1
1
1
1
1
1
1
1
1
1
1
1
1
1
1
1
1
1
1
1
1
1
1
1
1
1
1
1
1
1
1
1
1
1
1
1
1
1
1
1
1
1
1
1
1
1
1
1
1
1
1
1
1
1
1
1
1
1
1
1
1
1
1
1
1
1
1
1
1
1
1
1
1
1
1
1
1
1
1
1
1
1
1
1
1
1
1
1
1
1
1
1
1
1
1
1
1
1
1
1
1
1
1
1
1
1
1
1
1
1
1
1
1
1
1
1
1
1
1
1
1
1
1
1
1
1
1
1
1
1
1
1
1
1
1
1
1
1
1
1
1
1
1
1
1
1
1
1
1
1
1
1
1
1
1
1
1
1
1
1
1
1
1
1
1
1
1
1
1
1
1
1
1
1
1
1
1
1
1
1
1
1
1
1
1
1
1
1
1
1
1
1
1
1
1
1
1
1
1
1
1
1
1
1
1
1
1
1
1
1
1
1
1
1
1
1
1
1
1
1
1
1
1
1
1
1
1
1
1
1
1
1
1
1
1
1
1
1
1
1
1
1
1
1
1
1
1
1
1
1
1
1
1
1
1
1
1
1
1
1
1
1
1
1
1
1
1
1
1
1
1
1
1
1
1
1
1
1
1
1
1
1
1
1
1
1
1
1
1
1
1
1
1
1
1
1
1
1
1
1
1
1
1
1
1
1
1
1
1
1
1
1
1
1
1
1
1
1
1
1
1
1
1
1
1
1
1
1
1
1
1
1
1
1
1
1
1
1
1
1
1
1
1
1
1
1
1
1
1
1
1
1
1
1
1
1
1
1
1
1
1
1
1
1
1
1
1
1
1
1
1
1
1
1
1
1
1
1
1
1
1
1
1
1
1
1
1
1
1
1
1
1
1
1
1
1
1
1
1
1
1
1
1
1
1
1
1
1
1
1
1
1
1
1
1
1
1
1
1
1
1
1
1
1
1
1
1
1
1
1
1
1
1
1
1
1
1
1
1
1
1
1
1
1
1
1
1
1
1
1
1
1
1
1
1
1
1
1
1
1
1
1
1
1
1
1
1
1
1
1
1
1
1
1
1
1
1
1
1
1
1
1
1
1
1
1
1
1
1
1
1
1
1
1
1
1
1
1
1
1
1
1
1
1
1
1
1
1
1
1
1
1
1
1
1
1
1
1
1
1
1
1
1
1
1
1
1
1
1
1
1
1
1
1
1
1
1
1
1
1
1
1
1
1
1
1
1
1
1
1
1
1
1
1
1
1
1
1
1
1
1
1
1
1
1
1
1
1
1
1
1
1
1
1
1
1
1
1
1
1
1
1
1
1
1
1
1
1
1
1
1
1
1
1
1
1
1
1
1
1
1
1
1
1
1
1
1
1
1
1
1
1
1
1
1
1
1
1
1
1
1
1
1
1
1
1
1
1
1
1
1
1
1
1
1
1
1
1
1
1
1
1
1
1
1
1
1
1
1
1
1
1
1
1
1
1
1
1
1
1
1
1
1
1
1
1
1
1
1
1
1
1
1
1
1
1
1
1
1
1
1
1
1
1
1
1
1
1
1
1
1
1
1
1
1
1
1
1
1
1
1
1
1
1
1
1
1
1
1
1
1
1
1
1
1
1
1
1
1
1
1
1
1
1
1
1
1
1
1
1
1
1
1
1
1
1
1
1
1
1
1
1
1
1
1
1
1
1
1
1
1
1
1
1
1
1
1
1
1
1
1
1
1
1
1
1
1
1
1
1
1
1
1
1
1
1
1
1
1
1
1
1
1
1
1
1
1
1
1
1
1
1
1
1
1
1
1
1
1
1
1
1
1
1
1
1
1
1
1
1
1
1
1
1
1
1
1
1
1
1
1
1
1
1
1
1
1
1
1
1
1
1
1
1
1
1
1
1
1
1
1
1
1
1
1
1
1
1
1
1
1
1
1
1
1
1
1
1
1
1
1
1
1
1
1
1
1
1
1
1
1
1
1
1
1
1
1
1
1
1
1
1
1
1
1
1
1
1
1
1
1
1
1
1
1
1
1
1
1
1
1
1
1
1
1
1
1
1
1
1
1
1
1
1
1
1
1
1
1
1
1
1
1
1
1
1
1
1
1
1
1
1
1
1
1
1
1
1
1
1
1
1
1
1
1
1
1
1
1
1
1
1
1
1
1
1
1
1
1
1
1
1
1
1
1
1
1
1
1
1
1
1
1
1
1
1
1
1
1
1
1
1
1
1
1
1
1
1
1
1
1
1
1
1
1
1
1
1
1
1
1
1
1
1
1
1
1
1
1
1
1
1
1
1
1
1
1
1
1
1
1
1
1
1
1
1
1
1
1
1
1
1
1
1
1
1
1
1
1
1
1
1
1
1
1
1
1
1
1
1
1
1
1
1
1
1
1
1
1
1
1
1
1
1
1
1
1
1
1
1
1
1
1
1
1
1
1
1
1
1
1
1
1
1
1
1
1
1
1
1
1
1
1
1
1
1
1
1
1
1
1
1
1
1
1
1
1
1
1
1
1
1
1
1
1
1
1
1
1
1
1
1
1
1
1
1
1
1
1
1
1
1
1
1
1
1
1
1
1
1
1
1
1
1
1
1
1
1
1
1
1
1
1
1
1
1
1
1
1
1
1
1
1
1
1
1
1
1
1
1
1
1
1
1
1
1
1
1
1
1
1
1
1
1
1
1
1
1
1
1
1
1
1
1
1
1
1
1
1
1
1
1
1
1
1
1
1
1
1
1
1
1
1
1
1
1
1
1
1
1
1
1
1
1
1
1
1
1
1
1
1
1
1
1
1
1
1
1
1
1
1
1
1
1
1
1
1
1
1
1
1
1
1
1
1
1
1
1
1
1
1
1
1
1
1
1
1
1
1
1
1
1
1
1
1
1
1
1
1
1
1
1
1
1
1
1
1
1
1
1
1
1
1
1
1
1
1
1
1
1
1
1
1
1
1
1
1
1
1
1
1
1
1
1
1
1
1
1
1
1
1
1
1
1
1
1
1
1
1
1
1
1
1
1
1
1
1
1
1
1
1
1
1
1
1
1
1
1
1
1
1
1
1
1
1
1
1
1
1
1
1
1
1
1
1
1
1
1
1
1
1
1
1
1
1
1
1
1
1
1
1
1
1
1
1
1
1
1
1
1
1
1
1
1
1
1
1
1
1
1
1
1
1
1
1
1
1
1
1
1
1
1
1
1
1
1
1
1
1
1
1
1
1
1
1
1
1
1
1
1
1
1
1
1
1
1
1
1
1
1
1
1
1
1
1
1
1
1
1
1
1
1
1
1
1
1
1
1
1
1
1
1
1
1
1
1
1
1
1
1
1
1
1
1
1
1
1
1
1
1
1
1
1
1
1
1
1
1
1
1
1
1
1
1
1
1
1
1
1
1
1
1
1
1
1
1
1
1
1
1
1
1
1
1
1
1
1
1
1
1
1
1
1
1
1
1
1
1
1
1
1
1
1
1
1
1
1
1
1
1
1
1
1
1
1
1
1
1
1
1
1
1
1
1
1
1
1
1
1
1
1
1
1
1
1
1
1
1
1
1
1
1
1
1
1
1
1
1
1
1
1
1
1
1
1
1
1
1
1
1
1
1
1
1
1
1
1
1
1
1
1
1
1
1
1
1
1
1
1
1
1
1
1
1
1
1
1
1
1
1
1
1
1
1
1
1
1
1
1
1
1
1
1
1
1
1
1
1
1
1
1
1
1
1
1
1
1
1
1
1
1
1
1
1
1
1
1
1
1
1
1
1
1
1
1
1
1
1
1
1
1
1
1
1
1
1
1
1
1
1
1
1
1
1
1
1
1
1
1
1
1
1
1
1
1
1
1
1
1
1
1
1
1
1
1
1
1
1
1
1
1
1
1
1
1
1
1
1
1
1
1
1
1
1
1
1
1
1
1
1
1
1
1
1
1
1
1
1
1
1
1
1
1
1
1
1
1
1
1
1
1
1
1
1
1
1
1
1
1
1
1
1
1
1
1
1
1
1
1
1
1
1
1
1
1
1
1
1
1
1
1
1
1
1
1
1
1
1
1
1
1
1
1
1
1
1
1
1
1
1
1
1
1
1
1
1
1
1
1
1
1
1
1
1
1
1
1
1
1
1
1
1
1
1
1
1
1
1
1
1
1
1
1
1
1
1
1
1
1
1
1
1
1
1
1
1
1
1
1
1
1
1
1
1
1
1
1
1
1
1
1
1
1
1
1
1
1
1
1
1
1
1
1
1
1
1
1
1
1
1
1
1
1
1
1
1
1
1
1
1
1
1
1
1
1
1
1
1
1
1
1
1
1
1
1
1
1
1
1
1
1
1
1
1
1
1
1
1
1
1
1
1
1
1
1
1
1
1
1
1
1
1
1
1
1
1
1
1
1
1
1
1
1
1
1
1
1
1
1
1
1
1
1
1
1
1
1
1
1
1
1
1
1
1
1
1
1
1
1
1
1
1
1
1
1
1
1
1
1
1
1
1
1
1
1
1
1
1
1
1
1
1
1
1
1
1
1
1
1
1
1
1
1
1
1
1
1
1
1
1
1
1
1
1
1
1
1
1
1
1
1
1
1
1
1
1
1
1
1
1
1
1
1
1
1
1
1
1
1
1
1
1
1
1
1
1
1
1
1
1
1
1
1
1
1
1
1
1
1
1
1
1
1
1
1
1
1
1
1
1
1
1
1
1
1
1
1
1
1
1
1
1
1
1
1
1
1
1
1
1
1
1
1
1
1
1
1
1
1
1
1
1
1
1
1
1
1
1
1
1
1
1
1
1
1
1
1
1
1
1
1
1
1
1
1
1
1
1
1
1
1
1
1
1
1
1
1
1
1
1
1
1
1
1
1
1
1
1
1
1
1
1
1
1
1
1
1
1
1
1
1
1
1
1
1
1
1
1
1
1
1
1
1
1
1
1
1
1
1
1
1
1
1
1
1
1
1
1
1
1
1
1
1
1
1
1
1
1
1
1
1
1
1
1
1
1
1
1
1
1
1
1
1
1
1
1
1
1
1
1
1
1
1
1
1
1
1
1
1
1
1
1
1
1
1
1
1
1
1
1
1
1
1
1
1
1
1
1
1
1
1
1
1
1
1
1
1
1
1
1
1
1
1
1
1
1
1
1
1
1
1
1
1
1
1
1
1
1
1
1
1
1
1
1
1
1
1
1
1
1
1
1
1
1
1
1
1
1
1
1
1
1
1
1
1
1
1
1
1
1
1
1
1
1
1
1
1
1
1
1
1
1
1
1
1
1
1
1
1
1
1
1
1
1
1
1
1
1
1
1
1
1
1
1
1
1
1
1
1
1
1
1
1
1
1
1
1
1
1
1
1
1
1
1
1
1
1
1
1
1
1
1
1
1
1
1
1
1
1
1
1
1
1
1
1
1
1
1
1
1
1
1
1
1
1
1
1
1
1
1
1
1
1
1
1
1
1
1
1
1
1
1
1
1
1
1
1
1
1
1
1
1
1
1
1
1
1
1
1
1
1
1
1
1
1
1
1
1
1
1
1
1
1
1
1
1
1
1
1
1
1
1
1
1
1
1
1
1
1
1
1
1
1
1
1
1
1
1
1
1
1
1
1
1
1
1
1
1
1
1
1
1
1
1
1
1
1
1
1
1
1
1
1
1
1
1
1
1
1
1
1
1
1
1
1
1
1
1
1
1
1
1
1
1
1
1
1
1
1
1
1
1
1
1
1
1
1
1
1
1
1
1
1
1
1
1
1
1
1
1
1
1
1
1
1
1
1
1
1
1
1
1
1
1
1
1
1
1
1
1
1
1
1
1
1
1
1
1
1
1
1
1
1
1
1
1
1
1
1
1
1
1
1
1
1
1
1
1
1
1
1
1
1
1
1
1
1
1
1
1
1
1
1
1
1
1
1
1
1
1
1
1
1
1
1
1
1
1
1
1
1
1
1
1
1
1
1
1
1
1
1
1
1
1
1
1
1
1
1
1
1
1
1
1
1
1
1
1
1
1
1
1
1
1
1
1
1
1
1
1
1
1
1
1
1
1
1
1
1
1
1
1
1
1
1
1
1
1
1
1
1
1
1
1
1
1
1
1
1
1
1
1
1
1
1
1
1
1
1
1
1
1
1
1
1
1
1
1
1
1
1
1
1
1
1
1
1
1
1
1
1
1
1
1
1
1
1
1
1
1
1
1
1
1
1
1
1
1
1
1
1
1
1
1
1
1
1
1
1
1
1
1
1
1
1
1
1
1
1
1
1
1
1
1
1
1
1
1
1
1
1
1
1
1
1
1
1
1
1
1
1
1
1
1
1
1
1
1
1
1
1
1
1
1
1
1
1
1
1
1
1
1
1
1
1
1
1
1
1
1
1
1
1
1
1
1
1
1
1
1
1
1
1
1
1
1
1
1
1
1
1
1
1
1
1
1
1
1
1
1
1
1
1
1
1
1
1
1
1
1
1
1
1
1
1
1
1
1
1
1
1
1
1
1
1
1
1
1
1
1
1
1
1
1
1
1
1
1
1
1
1
1
1
1
1
1
1
1
1
1
1
1
1
1
1
1
1
1
1
1
1
1
1
1
1
1
1
1
1
1
1
1
1
1
1
1
1
1
1
1
1
1
1
1
1
1
1
1
1
1
1
1
1
1
1
1
1
1
1
1
1
1
1
1
1
1
1
1
1
1
1
1
1
1
1
1
1
1
1
1
1
1
1
1
1
1
1
1
1
1
1
1
1
1
1
1
1
1
1
1
1
1
1
1
1
1
1
1
1
1
1
1
1
1
1
1
1
1
1
1
1
1
1
1
1
1
1
1
1
1
1
1
1
1
1
1
1
1
1
1
1
1
1
1
1
1
1
1
1
1
1
1
1
1
1
1
1
1
1
1
1
1
1
1
1
1
1
1
1
1
1
1
1
1
1
1
1
1
1
1
1
1
1
1
1
1
1
1
1
1
1
1
1
1
1
1
1
1
1
1
1
1
1
1
1
1
1
1
1
1
1
1
1
1
1
1
1
1
1
1
1
1
1
1
1
1
1
1
1
1
1
1
1
1
1
1
1
1
1
1
1
1
1
1
1
1
1
1
1
1
1
1
1
1
1
1
1
1
1
1
1
1
1
1
1
1
1
1
1
1
1
1
1
1
1
1
1
1
1
1
1
1
1
1
1
1
1
1
1
1
1
1
1
1
1
1
1
1
1
1
1
1
1
1
1
1
1
1
1
1
1
1
1
1
1
1
1
1
1
1
1
1
1
1
1
1
1
1
1
1
1
1
1
1
1
1
1
1
1
1
1
1
1
1
1
1
1
1
1
1
1
1
1
1
1
1
1
1
1
1
1
1
1
1
1
1
1
1
1
1
1
1
1
1
1
1
1
1
1
1
1
1
1
1
1
1
1
1
1
1
1
1
1
1
1
1
1
1
1
1
1
1
1
1
1
1
1
1
1
1
1
1
1
1
1
1
1
1
1
1
1
1
1
1
1
1
1
1
1
1
1
1
1
1
1
1
1
1
1
1
1
1
1
1
1
1
1
1
1
1
1
1
1
1
1
1
1
1
1
1
1
1
1
1
1
1
1
1
1
1
1
1
1
1
1
1
1
1
1
1
1
1
1
1
1
1
1
1
1
1
1
1
1
1
1
1
1
1
1
1
1
1
1
1
1
1
1
1
1
1
1
1
1
1
1
1
1
1
1
1
1
1
1
1
1
1
1
1
1
1
1
1
1
1
1
1
1
1
1
1
1
1
1
1
1
1
1
1
1
1
1
1
1
1
1
1
1
1
1
1
1
1
1
1
1
1
1
1
1
1
1
1
1
1
1
1
1
1
1
1
1
1
1
1
1
1
1
1
1
1
1
1
1
1
1
1
1
1
1
1
1
1
1
1
1
1
1
1
1
1
1
1
1
1
1
1
1
1
1
1
1
1
1
1
1
1
1
1
1
1
1
1
1
1
1
1
1
1
1
1
1
1
1
1
1
1
1
1
1
1
1
1
1
1
1
1
1
1
1
1
1
1
1
1
1
1
1
1
1
1
1
1
1
1
1
1
1
1
1
1
1
1
1
1
1
1
1
1
1
1
1
1
1
1
1
1
1
1
1
1
1
1
1
1
1
1
1
1
1
1
1
1
1
1
1
1
1
1
1
1
1
1
1
1
1
1
1
1
1
1
1
1
1
1
1
1
1
1
1
1
1
1
1
1
1
1
1
1
1
1
1
1
1
1
1
1
1
1
1
1
1
1
1
1
1
1
1
1
1
1
1
1
1
1
1
1
1
1
1
1
1
1
1
1
1
1
1
1
1
1
1
1
1
1
1
1
1
1
1
1
1
1
1
1
1
1
1
1
1
1
1
1
1
1
1
1
1
1
1
1
1
1
1
1
1
1
1
1
1
1
1
1
1
1
1
1
1
1
1
1
1
1
1
1
1
1
1
1
1
1
1
1
1
1
1
1
1
1
1
1
1
1
1
1
1
1
1
1
1
1
1
1
1
1
1
1
1
1
1
1
1
1
1
1
1
1
1
1
1
1
1
1
1
1
1
1
1
1
1
1
1
1
1
1
1
1
1
1
1
1
1
1
1
1
1
1
1
1
1
1
1
1
1
1
1
1
1
1
1
1
1
1
1
1
1
1
1
1
1
1
1
1
1
1
1
1
1
1
1
1
1
1
1
1
1
1
1
1
1
1
1
1
1
1
1
1
1
1
1
1
1
1
1
1
1
1
1
1
1
1
1
1
1
1
1
1
1
1
1
1
1
1
1
1
1
1
1
1
1
1
1
1
1
1
1
1
1
1
1
1
1
1
1
1
1
1
1
1
1
1
1
1
1
1
1
1
1
1
1
1
1
1
1
1
1
1
1
1
1
1
1
1
1
1
1
1
1
1
1
1
1
1
1
1
1
1
1
1
1
1
1
1
1
1
1
1
1
1
1
1
1
1
1
1
1
1
1
1
1
1
1
1
1
1
1
1
1
1
1
1
1
1
1
1
1
1
1
1
1
1
1
1
1
1
1
1
1
1
1
1
1
1
1
1
1
1
1
1
1
1
1
1
1
1
1
1
1
1
1
1
1
1
1
1
1
1
1
1
1
1
1
1
1
1
1
1
1
1
1
1
1
1
1
1
1
1
1
1
1
1
1
1
1
1
1
1
1
1
1
1
1
1
1
1
1
1
1
1
1
1
1
1
1
1
1
1
1
1
1
1
1
1
1
1
1
1
1
1
1
1
1
1
1
1
1
1
1
1
1
1
1
1
1
1
1
1
1
1
1
1
1
1
1
1
1
1
1
1
1
1
1
1
1
1
1
1
1
1
1
1
1
1
1
1
1
1
1
1
1
1
1
1
1
1
1
1
1
1
1
1
1
1
1
1
1
1
1
1
1
1
1
1
1
1
1
1
1
1
1
1
1
1
1
1
1
1
1
1
1
1
1
1
1
1
1
1
1
1
1
1
1
1
1
1
1
1
1
1
1
1
1
1
1
1
1
1
1
1
1
1
1
1
1
1
1
1
1
1
1
1
1
1
1
1
1
1
1
1
1
1
1
1
1
1
1
1
1
1
1
1
1
1
1
1
1
1
1
1
1
1
1
1
1
1
1
1
1
1
1
1
1
1
1
1
1
1
1
1
1
1
1
1
1
1
1
1
1
1
1
1
1
1
1
1
1
1
1
1
1
1
1
1
1
1
1
1
1
1
1
1
1
1
1
1
1
1
1
1
1
1
1
1
1
1
1
1
1
1
1
1
1
1
1
1
1
1
1
1
1
1
1
1
1
1
1
1
1
1
1
1
1
1
1
1
1
1
1
1
1
1
1
1
1
1
1
1
1
1
1
1
1
1
1
1
1
1
1
1
1
1
1
1
1
1
1
1
1
1
1
1
1
1
1
1
1
1
1
1
1
1
1
1
1
1
1
1
1
1
1
1
1
1
1
1
1
1
1
1
1
1
1
1
1
1
1
1
1
1
1
1
1
1
1
1
1
1
1
1
1
1
1
1
1
1
1
1
1
1
1
1
1
1
1
1
1
1
1
1
1
1
1
1
1
1
1
1
1
1
1
1
1
1
1
1
1
1
1
1
1
1
1
1
1
1
1
1
1
1
1
1
1
1
1
1
1
1
1
1
1
1
1
1
1
1
1
1
1
1
1
1
1
1
1
1
1
1
1
1
1
1
1
1
1
1
1
1
1
1
1
1
1
1
1
1
1
1
1
1
1
1
1
1
1
1
1
1
1
1
1
1
1
1
1
1
1
1
1
1
1
1
1
1
1
1
1
1
1
1
1
1
1
1
1
1
1
1
1
1
1
1
1
1
1
1
1
1
1
1
1
1
1
1
1
1
1
1
1
1
1
1
1
1
1
1
1
1
1
1
1
1
1
1
1
1
1
1
1
1
1
1
1
1
1
1
1
1
1
1
1
1
1
1
1
1
1
1
1
1
1
1
1
1
1
1
1
1
1
1
1
1
1
1
1
1
1
1
1
1
1
1
1
1
1
1
1
1
1
1
1
1
1
1
1
1
1
1
1
1
1
1
1
1
1
1
1
1
1
1
1
1
1
1
1
1
1
1
1
1
1
1
1
1
1
1
1
1
1
1
1
1
1
1
1
1
1
1
1
1
1
1
1
1
1
1
1
1
1
1
1
1
1
1
1
1
1
1
1
1
1
1
1.00001
1.00006
1.00003
1.00002
1.00001
1.00001
1
1
1
1
1
1
1
1
1
1
1
1
1
1
1
1
1
1
1
1
1
1
1
1
1
1
1
1
1
1
1
1
1
1
1
1
1
1
1
1
1
1
1
1
1
1
1
1
1
1
1
1
1
1
1
1
1
1
1
1
1
1
1
1
1
1
1
1
1
1
1
1
1
1
1
1
1
1
1
1
1
1
1
1
1
1
1
1
1
1
1
1
1
1
1
1
1
1
1
1
1
1
1
1
1
1
1
1
1
1
1
1
1
1
1
1
1
1
1
1
1
1
1
1
1
1
1
1
1
1
1
1
1
1
1
1
1
1
1
1
1
1
1
1
1
1
1
1
1
1
1
1
1
1
1
1
1
1
1
1
1
1
1
1
1
1
1
1
1
1
1
1
1
1
1
1
1
1
1
1
1
1
1
1
1
1
1.01119
1.01142
1.00744
1.00585
1.00445
1.00319
1.00236
1.00178
1.00123
1.00087
1.00063
1.00043
1.00029
1.00021
1.00014
1.00009
1.00006
1.00004
1.00002
1.00002
1.00001
1.00001
1
1
1
1
1
1
1
1
1
1
1
1
1
1
1
1
1
1
1
1
1
1
1
1
1
1
1
1
1
1
1
1
1
1
1
1
1
1
1
1
1
1
1
1
1
1
1
1
1
1
1
1
1
1
1
1
1
1
1
1
1
1
1
1
1
1
1
1
1
1
1
1
1
1
1
1
1
1
1
1
1
1
1
1
1
1
1
1
1
1
1
1
1
1
1
1
1
1
1
1
1
1
1
1
1
1
1
1
1
1
1
1
1
1
1
1
1
1
1
1
1
1
1
1
1
1
1
1
1
1
1
1
1
1
1
1
1
1
1
1
1
1
1
1
1
1
1
1
1
1
1
1
1
1
1
1
1
1
1
1
1
1
1
1
1
1
1
1
1
1
1.22351
1.21267
1.1807
1.15506
1.13756
1.11708
1.09675
1.0837
1.07037
1.05623
1.04687
1.03883
1.03029
1.02427
1.01964
1.01497
1.01166
1.00922
1.00682
1.00513
1.00399
1.00288
1.00206
1.00157
1.00112
1.00076
1.00056
1.00039
1.00025
1.00018
1.00012
1.00008
1.00005
1.00004
1.00002
1.00001
1.00001
1.00001
1
1
1
1
1
1
1
1
1
1
1
1
1
1
1
1
1
1
1
1
1
1
1
1
1
1
1
1
1
1
1
1
1
1
1
1
1
1
1
1
1
1
1
1
1
1
1
1
1
1
1
1
1
1
1
1
1
1
1
1
1
1
1
1
1
1
1
1
1
1
1
1
1
1
1
1
1
1
1
1
1
1
1
1
1
1
1
1
1
1
1
1
1
1
1
1
1
1
1
1
1
1
1
1
1
1
1
1
1
1
1
1
1
1
1
1
1
1
1
1
1
1
1
1
1
1
1
1
1
1
1
1
1
1
1
1
1
1
1
1
1
1
1
1
1
1
1
1
1
1
1
1
1
1
1.75007
1.74098
1.70416
1.66021
1.63637
1.6082
1.56143
1.529
1.50194
1.45951
1.41967
1.39228
1.35559
1.31667
1.2897
1.25814
1.22534
1.20171
1.17588
1.14929
1.13096
1.11259
1.0926
1.07881
1.06706
1.05377
1.04407
1.03682
1.02885
1.02278
1.01866
1.01436
1.01083
1.00865
1.00661
1.00475
1.00362
1.00275
1.00194
1.00138
1.00102
1.00072
1.00049
1.00034
1.00024
1.00016
1.00011
1.00007
1.00005
1.00003
1.00002
1.00001
1.00001
1
1
1
1
1
1
1
1
1
1
1
1
1
1
1
1
1
1
1
1
1
1
1
1
1
1
1
1
1
1
1
1
1
1
1
1
1
1
1
1
1
1
1
1
1
1
1
1
1
1
1
1
1
1
1
1
1
1
1
1
1
1
1
1
1
1
1
1
1
1
1
1
1
1
1
1
1
1
1
1
1
1
1
1
1
1
1
1
1
1
1
1
1
1
1
1
1
1
1
1
1
1
1
1
1
1
1
1
1
1
1
1
1
1
1
1
1
1
1
1
1
1
1
1
1
1
1
1
1
1
1
1
1
1
1
1
1
1
1
2.0032
2.00497
1.9968
1.98347
1.97832
1.97327
1.95592
1.94514
1.93672
1.91803
1.89973
1.88557
1.85988
1.83855
1.824
1.79207
1.7558
1.73765
1.70884
1.65938
1.634
1.60926
1.56066
1.52209
1.49661
1.45745
1.4126
1.38534
1.35326
1.31166
1.28367
1.25635
1.22316
1.19597
1.17402
1.14981
1.12667
1.10968
1.09311
1.077
1.06386
1.05317
1.04355
1.03469
1.02787
1.02254
1.01768
1.01354
1.01071
1.00837
1.00614
1.00465
1.00359
1.00258
1.00186
1.0014
1.001
1.00068
1.0005
1.00035
1.00023
1.00016
1.00011
1.00007
1.00005
1.00003
1.00002
1.00001
1.00001
1
1
1
1
1
1
1
1
1
1
1
1
1
1
1
1
1
1
1
1
1
1
1
1
1
1
1
1
1
1
1
1
1
1
1
1
1
1
1
1
1
1
1
1
1
1
1
1
1
1
1
1
1
1
1
1
1
1
1
1
1
1
1
1
1
1
1
1
1
1
1
1
1
1
1
1
1
1
1
1
1
1
1
1
1
1
1
1
1
1
1
1
1
1
1
1
1
1
1
1
1
1
1
1
1
1
1
1
1
1
1
1
1
1
1
1
1
1
1
1
1
1
1
2.08871
2.08947
2.08944
2.08835
2.08628
2.08561
2.08598
2.08568
2.08343
2.07977
2.07884
2.07728
2.07138
2.06938
2.0692
2.06261
2.05038
2.04685
2.04495
2.02882
2.01469
2.00838
1.99993
1.97256
1.95338
1.94269
1.9257
1.89216
1.87203
1.85715
1.8313
1.79057
1.76779
1.74488
1.70601
1.667
1.64356
1.6104
1.56277
1.53187
1.50091
1.45597
1.41893
1.39082
1.35154
1.31358
1.28817
1.25544
1.22101
1.19896
1.17449
1.14674
1.12807
1.11101
1.09114
1.07678
1.06558
1.0528
1.04289
1.03594
1.02838
1.02212
1.01804
1.01407
1.0106
1.00834
1.00635
1.00466
1.00355
1.0026
1.00186
1.00139
1.00098
1.00067
1.00049
1.00034
1.00022
1.00016
1.00011
1.00007
1.00005
1.00003
1.00002
1.00001
1.00001
1
1
1
1
1
1
1
1
1
1
1
1
1
1
1
1
1
1
1
1
1
1
1
1
1
1
1
1
1
1
1
1
1
1
1
1
1
1
1
1
1
1
1
1
1
1
1
1
1
1
1
1
1
1
1
1
1
1
1
1
1
1
1
1
1
1
1
1
1
1
1
1
1
1
1
1
1
1
1
1
1
1
1
1
1
1
1
1
1
1
1
1
1
1
1
1
1
1
1
1
1
1
1
1
1
1
1
2.08018
2.07913
2.07668
2.07434
2.07314
2.07172
2.07067
2.07048
2.07065
2.06869
2.06577
2.06578
2.06656
2.067
2.06542
2.06313
2.06013
2.05625
2.054
2.05192
2.04931
2.04807
2.04795
2.04683
2.04434
2.04374
2.04431
2.04159
2.03944
2.03958
2.03731
2.02973
2.02704
2.02507
2.01403
2.00723
2.00511
1.99686
1.97756
1.96937
1.96162
1.93647
1.91822
1.90869
1.88666
1.85293
1.83808
1.81636
1.77038
1.74591
1.72516
1.68046
1.64297
1.61894
1.57856
1.53108
1.50279
1.46751
1.42194
1.39244
1.36022
1.31963
1.28925
1.26119
1.22772
1.20106
1.17794
1.15137
1.13083
1.1134
1.09346
1.07875
1.06708
1.05379
1.04373
1.03661
1.029
1.02258
1.01839
1.01443
1.01077
1.00846
1.00659
1.00477
1.00357
1.00274
1.00195
1.00138
1.00103
1.00072
1.00049
1.00036
1.00024
1.00016
1.00011
1.00008
1.00005
1.00003
1.00002
1.00001
1.00001
1.00001
1
1
1
1
1
1
1
1
1
1
1
1
1
1
1
1
1
1
1
1
1
1
1
1
1
1
1
1
1
1
1
1
1
1
1
1
1
1
1
1
1
1
1
1
1
1
1
1
1
1
1
1
1
1
1
1
1
1
1
1
1
1
1
1
1
1
1
1
1
1
1
1
1
1
1
1
1
1
1
1
1
1
1
1
1
1
1
1
1
1
2.0492
2.04792
2.0467
2.04569
2.04515
2.04525
2.04564
2.04558
2.04525
2.04491
2.04501
2.04561
2.05011
2.05439
2.05673
2.05958
2.06394
2.06854
2.07366
2.08003
2.08679
2.09178
2.0948
2.09722
2.09913
2.10071
2.10292
2.10567
2.10783
2.10943
2.11054
2.11136
2.11216
2.11268
2.11333
2.11451
2.11572
2.11624
2.11643
2.11637
2.11576
2.11294
2.11127
2.11115
2.10736
2.09867
2.09648
2.09544
2.08325
2.07187
2.06802
2.0648
2.04779
2.03231
2.02297
2.01061
1.98703
1.96014
1.94535
1.93133
1.90754
1.87219
1.85245
1.82987
1.79064
1.75989
1.73734
1.69841
1.65652
1.6328
1.59622
1.54496
1.51644
1.48417
1.43551
1.40111
1.37359
1.33292
1.29581
1.27138
1.23914
1.20524
1.18393
1.16048
1.13377
1.11601
1.10016
1.08165
1.06793
1.05745
1.04598
1.03717
1.03072
1.02389
1.01878
1.01533
1.01162
1.00868
1.00694
1.00525
1.00375
1.00288
1.00219
1.00152
1.0011
1.00082
1.00057
1.00039
1.00028
1.0002
1.00013
1.00009
1.00006
1.00004
1.00002
1.00002
1.00001
1.00001
1
1
1
1
1
1
1
1
1
1
1
1
1
1
1
1
1
1
1
1
1
1
1
1
1
1
1
1
1
1
1
1
1
1
1
1
1
1
1
1
1
1
1
1
1
1
1
1
1
1
1
1
1
1
1
1
1
1
1
1
1
1
1
1
1
1
1
1
1
1
1
1
1
1
2.04306
2.04361
2.0438
2.04387
2.04405
2.04561
2.04899
2.05161
2.0537
2.05537
2.05674
2.05825
2.06048
2.06356
2.06666
2.06924
2.07121
2.0725
2.07323
2.07383
2.07427
2.07556
2.07958
2.08265
2.08431
2.0854
2.08592
2.08598
2.08646
2.08838
2.09078
2.09201
2.09144
2.08926
2.08899
2.08981
2.09115
2.09251
2.09418
2.09352
2.09127
2.09035
2.09022
2.09205
2.09536
2.09489
2.09072
2.0867
2.08238
2.07712
2.07331
2.07257
2.07295
2.07268
2.07216
2.07187
2.07077
2.06942
2.06901
2.06928
2.06714
2.06517
2.0648
2.06055
2.05308
2.0508
2.04969
2.03888
2.02952
2.02692
2.01832
1.99509
1.98617
1.98053
1.95439
1.93106
1.9205
1.89913
1.85953
1.8428
1.82357
1.77866
1.74986
1.72822
1.68321
1.64122
1.61568
1.57453
1.52608
1.4971
1.4587
1.4119
1.38326
1.34849
1.30463
1.27831
1.25154
1.21433
1.18835
1.16862
1.1428
1.11944
1.10457
1.08921
1.07195
1.0601
1.05071
1.04087
1.03252
1.02667
1.02142
1.01643
1.01306
1.01046
1.00779
1.0058
1.00462
1.00353
1.00245
1.00183
1.00142
1.001
1.00069
1.00052
1.00038
1.00025
1.00018
1.00014
1.00009
1.00006
1.00004
1.00003
1.00002
1.00001
1.00001
1.00001
1
1
1
1
1
1
1
1
1
1
1
1
1
1
1
1
1
1
1
1
1
1
1
1
1
1
1
1
1
1
1
1
1
1
1
1
1
1
1
1
1
1
1
1
1
1
1
1
1
1
1
1
1
1
1
1
2.05006
2.04955
2.04872
2.04814
2.04768
2.04766
2.04878
2.04929
2.04929
2.04911
2.04847
2.04789
2.04766
2.04748
2.04763
2.04825
2.04824
2.04725
2.04516
2.04435
2.04432
2.04466
2.04602
2.04694
2.04685
2.04613
2.04565
2.0452
2.04498
2.04533
2.04528
2.04393
2.04258
2.0421
2.0421
2.04326
2.0457
2.04693
2.04675
2.04681
2.04898
2.05171
2.05357
2.05636
2.06166
2.06835
2.07339
2.07833
2.08435
2.09062
2.09703
2.10338
2.10884
2.1138
2.11788
2.12193
2.1256
2.12847
2.13079
2.13346
2.13647
2.13869
2.14048
2.14217
2.14417
2.146
2.14716
2.14792
2.14887
2.14959
2.14967
2.14904
2.14951
2.15071
2.15035
2.14741
2.14537
2.13842
2.12855
2.12664
2.12612
2.11671
2.10745
2.10395
2.09723
2.07721
2.06538
2.05398
2.03384
2.01475
1.99897
1.97274
1.94872
1.9316
1.89572
1.85981
1.84403
1.81803
1.76452
1.73669
1.71432
1.66817
1.61693
1.5931
1.56192
1.50781
1.46925
1.44286
1.40302
1.35703
1.32959
1.29839
1.25918
1.23193
1.20863
1.17722
1.15256
1.1365
1.11553
1.09382
1.08159
1.07002
1.05559
1.04528
1.03882
1.03129
1.02391
1.01975
1.01651
1.01259
1.00958
1.00789
1.00641
1.00478
1.00365
1.00295
1.00232
1.00172
1.00132
1.00105
1.00078
1.00057
1.00044
1.00035
1.00025
1.00018
1.00014
1.0001
1.00007
1.00005
1.00004
1.00003
1.00002
1.00001
1.00001
1.00001
1
1
1
1
1
1
1
1
1
1
1
1
1
1
1
1
1
1
1
1
1
1
1
1
1
1
1
1
1
1
1
1
1
1
1
1
2.05162
2.05052
2.0494
2.04849
2.04768
2.04694
2.04633
2.04577
2.04487
2.04321
2.04172
2.04085
2.0402
2.03968
2.03943
2.03921
2.03882
2.03788
2.03696
2.03672
2.03673
2.03694
2.03771
2.03825
2.03839
2.03846
2.03934
2.04041
2.04093
2.04103
2.04076
2.03981
2.0393
2.03925
2.03979
2.04268
2.04649
2.04888
2.0495
2.04953
2.04963
2.05004
2.05175
2.05539
2.06086
2.06573
2.06847
2.06961
2.07037
2.07052
2.07038
2.07182
2.07714
2.08097
2.0854
2.09087
2.09359
2.09456
2.09601
2.10216
2.10653
2.10754
2.10811
2.11318
2.11736
2.11803
2.11859
2.1229
2.12567
2.12581
2.12649
2.12688
2.12632
2.12829
2.13001
2.12887
2.12602
2.12304
2.12045
2.11844
2.11566
2.10964
2.10583
2.10442
2.10351
2.10132
2.10098
2.1015
2.10216
2.10246
2.10265
2.10224
2.10073
2.10022
2.09642
2.09013
2.08979
2.09079
2.08328
2.07496
2.07318
2.06342
2.04212
2.03535
2.03217
2.00843
1.98622
1.97818
1.96391
1.92237
1.90335
1.88963
1.85094
1.81003
1.79273
1.76488
1.70747
1.67964
1.65782
1.60696
1.55953
1.53716
1.5037
1.44613
1.41603
1.39318
1.34913
1.30308
1.28197
1.25879
1.21741
1.18803
1.17211
1.1532
1.12539
1.10834
1.0973
1.08435
1.06908
1.05959
1.05189
1.04316
1.03573
1.03096
1.02611
1.02074
1.01726
1.01486
1.01225
1.0097
1.00785
1.00645
1.00534
1.00431
1.0033
1.00264
1.00216
1.00166
1.00128
1.00102
1.00078
1.00057
1.00045
1.00035
1.00025
1.00018
1.00014
1.0001
1.00007
1.00005
1.00004
1.00002
1.00002
1.00001
1.00001
1
1
1
1
1
1
1
1
1
1
1
1
1
1
1
1
1
2.05193
2.05109
2.05049
2.04997
2.04952
2.04885
2.04796
2.04739
2.04669
2.04524
2.04409
2.04357
2.0432
2.04279
2.04257
2.04274
2.04268
2.04242
2.04204
2.04192
2.04193
2.04181
2.0414
2.04125
2.0413
2.04167
2.04243
2.04255
2.04234
2.04199
2.0409
2.03949
2.0388
2.03836
2.03806
2.03853
2.03917
2.03925
2.03914
2.03777
2.03492
2.03367
2.03318
2.03288
2.03315
2.03392
2.03414
2.03351
2.03126
2.02975
2.02932
2.02928
2.02962
2.03059
2.03155
2.03241
2.03242
2.03196
2.03252
2.03381
2.03392
2.03321
2.03341
2.03644
2.04038
2.04229
2.04282
2.04442
2.04826
2.0498
2.05073
2.05256
2.06041
2.06628
2.06883
2.07145
2.07624
2.08248
2.08739
2.09272
2.09916
2.10727
2.11517
2.12131
2.12578
2.1306
2.13577
2.14169
2.14798
2.15379
2.15887
2.16341
2.16692
2.1696
2.172
2.17447
2.17726
2.1802
2.18266
2.18429
2.18497
2.18477
2.184
2.18501
2.18544
2.18438
2.18238
2.1824
2.18162
2.17525
2.17232
2.17206
2.16502
2.15448
2.15227
2.14814
2.12422
2.11126
2.10825
2.09308
2.06212
2.05224
2.04883
2.01951
1.98599
1.97533
1.96506
1.91955
1.87912
1.86237
1.83946
1.77988
1.73461
1.71142
1.68055
1.62142
1.57854
1.55407
1.52281
1.47672
1.44077
1.41443
1.38184
1.34866
1.32369
1.29606
1.26482
1.24222
1.22317
1.20076
1.17785
1.15869
1.14316
1.12949
1.11401
1.09832
1.08742
1.07744
1.06728
1.0583
1.05065
1.04292
1.03665
1.03211
1.02723
1.02217
1.01851
1.01599
1.01317
1.01061
1.00871
1.00705
1.0055
1.00446
1.00366
1.00273
1.00193
1.0015
1.00119
1.00085
1.00054
1.00037
1.00026
1.00017
1.0001
1.00005
1.00003
1.00001
1.00001
1
1
1
2.04989
2.04997
2.05015
2.05008
2.04998
2.04982
2.04955
2.04926
2.04894
2.04847
2.04794
2.04757
2.04727
2.04701
2.04676
2.04664
2.04685
2.0472
2.04741
2.04759
2.04779
2.04758
2.04685
2.04659
2.0466
2.04673
2.04673
2.04629
2.04535
2.04468
2.04426
2.04378
2.04298
2.04277
2.04275
2.04222
2.04089
2.03995
2.03925
2.0386
2.03831
2.03807
2.03774
2.03732
2.03625
2.03463
2.03384
2.0338
2.03465
2.03601
2.0361
2.0359
2.03565
2.03521
2.03499
2.03497
2.0351
2.03524
2.03508
2.03507
2.03565
2.03568
2.03561
2.03604
2.03622
2.03664
2.03839
2.03957
2.0405
2.04119
2.04172
2.04197
2.04323
2.04565
2.04792
2.05091
2.05444
2.05702
2.05875
2.06071
2.06347
2.06564
2.06779
2.07221
2.07552
2.07686
2.07993
2.08609
2.088
2.08843
2.09237
2.10174
2.10629
2.10663
2.10631
2.11075
2.11607
2.1169
2.11744
2.12415
2.12878
2.12832
2.12785
2.13057
2.13328
2.13265
2.13415
2.13875
2.14143
2.1409
2.14248
2.14637
2.14814
2.15489
2.15894
2.15414
2.15019
2.14819
2.14228
2.13782
2.13656
2.12933
2.11092
2.09974
2.08856
2.07385
2.06389
2.05465
2.04134
2.02885
2.02262
2.01324
1.99859
1.98921
1.98782
1.97679
1.94833
1.93567
1.92934
1.9063
1.88142
1.8727
1.85732
1.81953
1.80709
1.80107
1.76478
1.72661
1.71725
1.70911
1.66384
1.63074
1.61711
1.59883
1.5584
1.5362
1.51817
1.48238
1.45479
1.4438
1.42185
1.37594
1.35735
1.34738
1.32678
1.28527
1.26679
1.2542
1.23437
1.20702
1.19197
1.17731
1.15369
1.13811
1.13022
1.11619
1.09278
1.08178
1.07525
1.0666
1.05095
1.04124
1.0354
1.03004
1.0222
1.01559
1.01139
1.00841
1.00525
1.00264
1.00125
1.00053
2.05324
2.0537
2.05409
2.05429
2.05431
2.05405
2.05401
2.05405
2.05416
2.05438
2.05447
2.05446
2.05421
2.05402
2.05399
2.05401
2.05417
2.05469
2.0552
2.0556
2.05594
2.05573
2.0552
2.05516
2.05524
2.05533
2.05502
2.05376
2.05292
2.05259
2.05279
2.05359
2.05396
2.0541
2.05391
2.05162
2.04944
2.04871
2.04839
2.0487
2.04968
2.04983
2.04972
2.04877
2.04491
2.04209
2.04131
2.041
2.04138
2.0424
2.04245
2.04223
2.04195
2.04114
2.03767
2.03415
2.03228
2.03104
2.02991
2.02887
2.02791
2.02659
2.0242
2.02126
2.01949
2.01875
2.01825
2.01761
2.01632
2.01589
2.01516
2.01252
2.00991
2.00957
2.00972
2.01002
2.01086
2.01146
2.01098
2.0088
2.00718
2.00667
2.00667
2.00781
2.00884
2.00817
2.00739
2.00787
2.00863
2.00929
2.01331
2.01801
2.02126
2.02269
2.02269
2.02359
2.02641
2.03033
2.03632
2.04346
2.04782
2.05069
2.05188
2.05243
2.05395
2.06259
2.07291
2.07747
2.07968
2.08199
2.08813
2.0984
2.11107
2.12386
2.13578
2.14585
2.15644
2.1711
2.18976
2.20886
2.22711
2.24534
2.26269
2.27781
2.29097
2.30884
2.33098
2.35186
2.36461
2.37702
2.39304
2.40698
2.41845
2.43471
2.44785
2.45316
2.46106
2.46967
2.46954
2.46957
2.48016
2.48544
2.48091
2.47161
2.47173
2.47677
2.46845
2.44328
2.43046
2.43234
2.431
2.40741
2.37325
2.34829
2.34088
2.34099
2.31935
2.27065
2.24552
2.23815
2.22704
2.17179
2.13581
2.12166
2.10962
2.05493
2.01125
1.98985
1.97028
1.92087
1.8742
1.84813
1.82067
1.77055
1.72306
1.69175
1.6606
1.61493
1.56355
1.52709
1.49145
1.4523
1.40028
1.35985
1.31941
1.28028
1.23365
1.19104
1.14908
1.10779
1.06747
1.0361
1
1
1
1
1
1
1
1
1
1
1
1
1
1
1
1
1
1
1
1
1
1
1
1
1
1
1
1
1
1
1
1
1
1
1
1
1
1
1
1
1
1
1
1
1
1
1
1
1
1
1
1
1
1
1
1
1
1
1
1
1
1
1
1
1
1
1
1
1
1
1
1
1
1
1
1
1
1
1
1
1
1
1
1
1
1
1
1
1
1
1
1
1
1
1
1
1
1
1
1
1
1
1
1
1
1
1
1
1
1
1
1
1
1
1
1
1
1
1
1
1
1
1
1
1
1
1
1
1
1
1
1
1
1
1
1
1
1
1
1
1
1
1
1
1
1
1
1
1
1
1
1
1
1
1
1
1
1
1
1
1
1
1
1
1
1
1
1
1
1
1
1
1
1
1
1
1
1
1
1
1
1
1
1
1
1
1
1
1
1
1
1
1
1
1
1
1
1
1
1
1
1
1
1
1
1
1
1
1
1
1
1
1
1
1
1
1
1
1
1
1
1
1
1
1
1
1
1
1
1
1
1
1
1
1
1
1
1
1
1
1
1
1
1
1
1
1
1
1
1
1
1
1
1
1
1
1
1
1
1
1
1
1
1
1
1
1
1
1
1
1
1
1
1
1
1
1
1
1
1
1
1
1
1
1
1
1
1
1
1
1
1
1
1
1
1
1
1
1
1
1
1
1
1
1
1
1
1
1
1
1
1
1
1
1
1
1
1
1
1
1
1
1
1
1
1
1
1
1
1
1
1
1
1
1
1
1
1
1
1
1
1
1
1
1
1
1
1
1
1
1
1
1
1
1
1
1
1
1
1
1
1
1
1
1
1
1
1
1
1
1
1
1
1
1
1
1
1
1
1
1
1
1
1
1
1
1
1
1
1
1
1
1
1
1
1
1
1
1
1
1
1
1
1
1
1
1
1
1
1
1
1
1
1
1
1
1
1
1
1
1
1
1
1
1
1
1
1
1
1
1
1
1
1
1
1
1
1
1
1
1
1
1
1
1
1
1
1
1
1
1
1
1
1
1
1
1
1
1
1
1
1
1
1
1
1
1
1
1
1
1
1
1
1
1
1
1
1
1
1
1
1
1
1
1
1
1
1
1
1
1
1
1
1
1
1
1
1
1
1
1
1
1
1
1
1
1
1
1
1
1
1
1
1
1
1
1
1
1
1
1
1
1
1
1
1
1
1
1
1
1
1
1
1
1
1
1
1
1
1
1
1
1
1
1
1
1
1
1
1
1
1
1
1
1
1
1
1
1
1
1
1
1
1
1
1
1
1
1
1
1
1
1
1
1
1
1
1
1
1
1
1
1
1
1
1
1
1
1
1
1
1
1
1
1
1
1
1
1
1
1
1
1
1
1
1
1
1
1
1
1
1
1
1
1
1
1
1
1
1
1
1
1
1
1
1
1
1
1
1
1
1
1
1
1
1
1
1
1
1
1
1
1
1
1
1
1
1
1
1
1
1
1
1
1
1
1
1
1
1
1
1
1
1
1
1
1
1
1
1
1
1
1
1
1
1
1
1
1
1
1
1
1
1
1
1
1
1
1
1
1
1
1
1
1
1
1
1
1
1
1
1
1
1
1
1
1
1
1
1
1
1
1
1
1
1
1
1
1
1
1
1
1
1
1
1
1
1
1
1
1
1
1
1
1
1
1
1
1
1
1
1
1
1
1
1
1
1
1
1
1
1
1
1
1
1
1
1
1
1
1
1
1
1
1
1
1
1
1
1
1
1
1
1
1
1
1
1
1
1
1
1
1
1
1
1
1
1
1
1
1
1
1
1
1
1
1
1
1
1
1
1
1
1
1
1
1
1
1
1
1
1
1
1
1
1
1
1
1
1
1
1
1
1
1
1
1
1
1
1
1
1
1
1
1
1
1
1
1
1
1
1
1
1
1
1
1
1
1
1
1
1
1
1
1
1
1
1
1
1
1
1
1
1
1
1
1
1
1
1
1
1
1
1
1
1
1
1
1
1
1
1
1
1
1
1
1
1
1
1
1
1
1
1
1
1
1
1
1
1
1
1
1
1
1
1
1
1
1
1
1
1
1
1
1
1
1
1
1
1
1
1
1
1
1
1
1
1
1
1
1
1
1
1
1
1
1
1
1
1
1
1
1
1
1
1
1
1
1
1
1
1
1
1
1
1
1
1
1
1
1
1
1
1
1
1
1
1
1
1
1
1
1
1
1
1
1
1
1
1
1
1
1
1
1
1
1
1
1
1
1
1
1
1
1
1
1
1
1
1
1
1
1
1
1
1
1
1
1
1
1
1
1
1
1
1
1
1
1
1
1
1
1
1
1
1
1
1
1
1
1
1
1
1
1
1
1
1
1
1
1
1
1
1
1
1
1
1
1
1
1
1
1
1
1
1
1
1
1
1
1
1
1
1
1
1
1
1
1
1
1
1
1
1
1
1
1
1
1
1
1
1
1
1
1
1
1
1
1
1
1
1
1
1
1
1
1
1
1
1
1
1
1
1
1
1
1
1
1
1
1
1
1
1
1
1
1
1
1
1
1
1
1
1
1
1
1
1
1
1
1
1
1
1
1
1
1
1
1
1
1
1
1
1
1
1
1
1
1
1
1
1
1
1
1
1
1
1
1
1
1
1
1
1
1
1
1
1
1
1
1
1
1
1
1
1
1
1
1
1
1
1
1
1
1
1
1
1
1
1
1
1
1
1
1
1
1
1
1
1
1
1
1
1
1
1
1
1
1
1
1
1
1
1
1
1
1
1
1
1
1
1
1
1
1
1
1
1
1
1
1
1
1
1
1
1
1
1
1
1
1
1
1
1
1
1
1
1
1
1
1
1
1
1
1
1
1
1
1
1
1
1
1
1
1
1
1
1
1
1
1
1
1
1
1
1
1
1
1
1
1
1
1
1
1
1
1
1
1
1
1
1
1
1
1
1
1
1
1
1
1
1
1
1
1
1
1
1
1
1
1
1
1
1
1
1
1
1
1
1
1
1
1
1
1
1
1
1
1
1
1
1
1
1
1
1
1
1
1
1
1
1
1
1
1
1
1
1
1
1
1
1
1
1
1
1
1
1
1
1
1
1
1
1
1
1
1
1
1
1
1
1
1
1
1
1
1
1
1
1
1
1
1
1
1
1
1
1
1
1
1
1
1
1
1
1
1
1
1
1
1
1
1
1
1
1
1
1
1
1
1
1
1
1
1
1
1
1
1
1
1
1
1
1
1
1
1
1
1
1
1
1
1
1
1
1
1
1
1
1
1
1
1
1
1
1
1
1
1
1
1
1
1
1
1
1
1
1
1
1
1
1
1
1
1
1
1
1
1
1
1
1
1
1
1
1
1
1
1
1
1
1
1
1
1
1
1
1
1
1
1
1
1
1
1
1
1
1
1
1
1
1
1
1
1
1
1
1
1
1
1
1
1
1
1
1
1
1
1
1
1
1
1
1
1
1
1
1
1
1
1
1
1
1
1
1
1
1
1
1
1
1
1
1
1
1
1
1
1
1
1
1
1
1
1
1
1
1
1
1
1
1
1
1
1
1
1
1
1
1
1
1
1
1
1
1
1
1
1
1
1
1
1
1
1
1
1
1
1
1
1
1
1
1
1
1
1
1
1
1
1
1
1
1
1
1
1
1
1
1
1
1
1
1
1
1
1
1
1
1
1
1
1
1
1
1
1
1
1
1
1
1
1
1
1
1
1
1
1
1
1
1
1
1
1
1
1
1
1
1
1
1
1
1
1
1
1
1
1
1
1
1
1
1
1
1
1
1
1
1
1
1
1
1
1
1
1
1
1
1
1
1
1
1
1
1
1
1
1
1
1
1
1
1
1
1
1
1
1
1
1
1
1
1
1
1
1
1
1
1
1
1
1
1
1
1
1
1
1
1
1
1
1
1
1
1
1
1
1
1
1
1
1
1
1
1
1
1
1
1
1
1
1
1
1
1
1
1
1
1
1
1
1
1
1
1
1
1
1
1
1
1
1
1
1
1
1
1
1
1
1
1
1
1
1
1
1
1
1
1
1
1
1
1
1
1
1
1
1
1
1
1
1
1
1
1
1
1
1
1
1
1
1
1
1
1
1
1
1
1
1
1
1
1
1
1
1
1
1
1
1
1
1
1
1
1
1
1
1
1
1
1
1
1
1
1
1
1
1
1
1
1
1
1
1
1
1
1
1
1
1
1
1
1
1
1
1
1
1
1
1
1
1
1
1
1
1
1
1
1
1
1
1
1
1
1
1
1
1
1
1
1
1
1
1
1
1
1
1
1
1
1
1
1
1
1
1
1
1
1
1
1
1
1
1
1
1
1
1
1
1
1
1
1
1
1
1
1
1
1
1
1
1
1
1
1
1
1
1
1
1
1
1
1
1
1
1
1
1
1
1
1
1
1
1
1
1
1
1
1
1
1
1
1
1
1
1
1
1
1
1
1
1
1
1
1
1
1
1
1
1
1
1
1
1
1
1
1
1
1
1
1
1
1
1
1
1
1
1
1
1
1
1
1
1
1
1
1
1
1
1
1
1
1
1
1
1
1
1
1
1
1
1
1
1
1
1
1
1
1
1
1
1
1
1
1
1
1
1
1
1
1
1
1
1
1
1
1
1
1
1
1
1
1
1
1
1
1
1
1
1
1
1
1
1
1
1
1
1
1
1
1
1
1
1
1
1
1
1
1
1
1
1
1
1
1
1
1
1
1
1
1
1
1
1
1
1
1
1
1
1
1
1
1
1
1
1
1
1
1
1
1
1
1
1
1
1
1
1
1
1
1
1
1
1
1
1
1
1
1
1
1
1
1
1
1
1
1
1
1
1
1
1
1
1
1
1
1
1
1
1
1
1
1
1
1
1
1
1
1
1
1
1
1
1
1
1
1
1
1
1
1
1
1
1
1
1
1
1
1
1
1
1
1
1
1
1
1
1
1
1
1
1
1
1
1
1
1
1
1
1
1
1
1
1
1
1
1
1
1
1
1
1
1
1
1
1
1
1
1
1
1
1
1
1
1
1
1
1
1
1
1
1
1
1
1
1
1
1
1
1
1
1
1
1
1
1
1
1
1
1
1
1
1
1
1
1
1
1
1
1
1
1
1
1
1
1
1
1
1
1
1
1
1
1
1
1
1
1
1
1
1
1
1
1
1
1
1
1
1
1
1
1
1
1
1
1
1
1
1
1
1
1
1
1
1
1
1
1
1
1
1
1
1
1
1
1
1
1
1
1
1
1
1
1
1
1
1
1
1
1
1
1
1
1
1
1
1
1
1
1
1
1
1
1
1
1
1
1
1
1
1
1
1
1
1
1
1
1
1
1
1
1
1
1
1
1
1
1
1
1
1
1
1
1
1
1
1
1
1
1
1
1
1
1
1
1
1
1
1
1
1
1
1
1
1
1
1
1
1
1
1
1
1
1
1
1
1
1
1
1
1
1
1
1
1
1
1
1
1
1
1
1
1
1
1
1
1
1
1
1
1
1
1
1
1
1
1
1
1
1
1
1
1
1
1
1
1
1
1
1
1
1
1
1
1
1
1
1
1
1
1
1
1
1
1
1
1
1
1
1
1
1
1
1
1
1
1
1
1
1
1
1
1
1
1
1
1
1
1
1
1
1
1
1
1
1
1
1
1
1
1
1
1
1
1
1
1
1
1
1
1
1
1
1
1
1
1
1
1
1
1
1
1
1
1
1
1
1
1
1
1
1
1
1
1
1
1
1
1
1
1
1
1
1
1
1
1
1
1
1
1
1
1
1
1
1
1
1
1
1
1
1
1
1
1
1
1
1
1
1
1
1
1
1
1
1
1
1
1
1
1
1
1
1
1
1
1
1
1
1
1
1
1
1
1
1
1
1
1
1
1
1
1
1
1
1
1
1
1
1
1
1
1
1
1
1
1
1
1
1
1
1
1
1
1
1
1
1
1
1
1
1
1
1
1
1
1
1
1
1
1
1
1
1
1
1
1
1
1
1
1
1
1
1
1
1
1
1
1
1
1
1
1
1
1
1
1
1
1
1
1
1
1
1
1
1
1
1
1
1
1
1
1
1
1
1
1
1
1
1
1
1
1
1
1
1
1
1
1
1
1
1
1
1
1
1
1
1
1
1
1
1
1
1
1
1
1
1
1
1
1
1
1
1
1
1
1
1
1
1
1
1
1
1
1
1
1
1
1
1
1
1
1
1
1
1
1
1
1
1
1
1
1
1
1
1
1
1
1
1
1
1
1
1
1
1
1
1
1
1
1
1
1
1
1
1
1
1
1
1
1
1
1
1
1
1
1
1
1
1
1
1
1
1
1
1
1
1
1
1
1
1
1
1
1
1
1
1
1
1
1
1
1
1
1
1
1
1
1
1
1
1
1
1
1
1
1
1
1
1
1
1
1
1
1
1
1
1
1
1
1
1
1
1
1
1
1
1
1
1
1
1
1
1
1
1
1
1
1
1
1
1
1
1
1
1
1
1
1
1
1
1
1
1
1
1
1
1
1
1
1
1
1
1
1
1
1
1
1
1
1
1
1
1
1
1
1
1
1
1
1
1
1
1
1
1
1
1
1
1
1
1
1
1
1
1
1
1
1
1
1
1
1
1
1
1
1
1
1
1
1
1
1
1
1
1
1
1
1
1
1
1
1
1
1
1
1
1
1
1
1
1
1
1
1
1
1
1
1
1
1
1
1
1
1
1
1
1
1
1
1
1
1
1
1
1
1
1
1
1
1
1
1
1
1
1
1
1
1
1
1
1
1
1
1
1
1
1
1
1
1
1
1
1
1
1
1
1
1
1
1
1
1
1
1
1
1
1
1
1
1
1
1
1
1
1
1
1
1
1
1
1
1
1
1
1
1
1
1
1
1
1
1
1
1
1
1
1
1
1
1
1
1
1
1
1
1
1
1
1
1
1
1
1
1
1
1
1
1
1
1
1
1
1
1
1
1
1
1
1
1
1
1
1
1
1
1
1
1
1
1
1
1
1
1
1
1
1
1
1
1
1
1
1
1
1
1
1
1
1
1
1
1
1
1
1
1
1
1
1
1
1
1
1
1
1
1
1
1
1
1
1
1
1
1
1
1
1
1
1
1
1
1
1
1
1
1
1
1
1
1
1
1
1
1
1
1
1
1
1
1
1
1
1
1
1
1
1
1
1
1
1
1
1
1
1
1
1
1
1
1
1
1
1
1
1
1
1
1
1
1
1
1
1
1
1
1
1
1
1
1
1
1
1
1
1
1
1
1
1
1
1
1
1
1
1
1
1
1
1
1
1
1
1
1
1
1
1
1
1
1
1
1
1
1
1
1
1
1
1
1
1
1
1
1
1
1
1
1
1
1
1
1
1
1
1
1
1
1
1
1
1
1
1
1
1
1
1
1
1
1
1
1
1
1
1
1
1
1
1
1
1
1
1
1
1
1
1
1
1
1
1
1
1
1
1
1
1
1
1
1
1
1
1
1
1
1
1
1
1
1
1
1
1
1
1
1
1
1
1
1
1
1
1
1
1
1
1
1
1
1
1
1
1
1
1
1
1
1
1
1
1
1
1
1
1
1
1
1
1
1
1
1
1
1
1
1
1
1
1
1
1
1
1
1
1
1
1
1
1
1
1
1
1
1
1
1
1
1
1
1
1
1
1
1
1
1
1
1
1
1
1
1
1
1
1
1
1
1
1
1
1
1
1
1
1
1
1
1
1
1
1
1
1
1
1
1
1
1
1
1
1
1
1
1
1
1
1
1
1
1
1
1
1
1
1
1
1
1
1
1
1
1
1
1
1
1
1
1
1
1
1
1
1
1
1
1
1
1
1
1
1
1
1
1
1
1
1
1
1
1
1
1
1
1
1
1
1
1
1
1
1
1
1
1
1
1
1
1
1
1
1
1
1
1
1
1
1
1
1
1
1
1
1
1
1
1
1
1
1
1
1
1
1
1
1
1
1
1
1
1
1
1
1
1
1
1
1
1
1
1
1
1
1
1
1
1
1
1
1
1
1
1
1
1
1
1
1
1
1
1
1
1
1
1
1
1
1
1
1
1
1
1
1
1
1
1
1
1
1
1
1
1
1
1
1
1
1
1
1
1
1
1
1
1
1
1
1
1
1
1
1
1
1
1
1
1
1
1
1
1
1
1
1
1
1
1
1
1
1
1
1
1
1
1
1
1
1
1
1
1
1
1
1
1
1
1
1
1
1
1
1
1
1
1
1
1
1
1
1
1
1
1
1
1
1
1
1
1
1
1
1
1
1
1
1
1
1
1
1
1
1
1
1
1
1
1
1
1
1
1
1
1
1
1
1
1
1
1
1
1
1
1
1
1
1
1
1
1
1
1
1
1
1
1
1
1
1
1
1
1
1
1
1
1
1
1
1
1
1
1
1
1
1
1
1
1
1
1
1
1
1
1
1
1
1
1
1
1
1
1
1
1
1
1
1
1
1
1
1
1
1
1
1
1
1
1
1
1
1
1
1
1
1
1
1
1
1
1
1
1
1
1
1
1
1
1
1
1
1
1
1
1
1
1
1
1
1
1
1
1
1
1
1
1
1
1
1
1
1
1
1
1
1
1
1
1
1
1
1
1
1
1
1
1
1
1
1
1
1
1
1
1
1
1
1
1
1
1
1
1
1
1
1
1
1
1
1
1
1
1
1
1
1
1
1
1
1
1
1
1
1
1
1
1
1
1
1
1
1
1
1
1
1
1
1
1
1
1
1
1
1
1
1
1
1
1
1
1
1
1
1
1
1
1
1
1
1
1
1
1
1
1
1
1
1
1
1
1
1
1
1
1
1
1
1
1
1
1
1
1
1
1
1
1
1
1
1
1
1
1
1
1
1
1
1
1
1
1
1
1
1
1
1
1
1
1
1
1
1
1
1
1
1
1
1
1
1
1
1
1
1
1
1
1
1
1
1
1
1
1
1
1
1
1
1
1
1
1
1
1
1
1
1
1
1
1
1
1
1
1
1
1
1
1
1
1
1
1
1
1
1
1
1
1
1
1
1
1
1
1
1
1
1
1
1
1
1
1
1
1
1
1
1
1
1
1
1
1
1
1
1
1
1
1
1
1
1
1
1
1
1
1
1
1
1
1
1
1
1
1
1
1
1
1
1
1
1
1
1
1
1
1
1
1
1
1
1
1
1
1
1
1
1
1
1
1
1
1
1
1
1
1
1
1
1
1
1
1
1
1
1
1
1
1
1
1
1
1
1
1
1
1
1
1
1
1
1
1
1
1
1
1
1
1
1
1
1
1
1
1
1
1
1
1
1
1
1
1
1
1
1
1
1
1
1
1
1
1
1
1
1
1
1
1
1
1
1
1
1
1
1
1
1
1
1
1
1
1
1
1
1
1
1
1
1
1
1
1
1
1
1
1
1
1
1
1
1
1
1
1
1
1
1
1
1
1
1
1
1
1
1
1
1
1
1
1
1
1
1
1
1
1
1
1
1
1
1
1
1
1
1
1
1
1
1
1
1
1
1
1
1
1
1
1
1
1
1
1
1
1
1
1
1
1
1
1
1
1
1
1
1
1
1
1
1
1
1
1
1
1
1
1
1
1
1
1
1
1
1
1
1
1
1
1
1
1
1
1
1
1
1
1
1
1
1
1
1
1
1
1
1
1
1
1
1
1
1
1
1
1
1
1
1
1
1
1
1
1
1
1
1
1
1
1
1
1
1
1
1
1
1
1
1
1
1
1
1
1
1
1
1
1
1
1
1
1
1
1
1
1
1
1
1
1
1
1
1
1
1
1
1
1
1
1
1
1
1
1
1
1
1
1
1
1
1
1
1
1
1
1
1
1
1
1
1
1
1
1
1
1
1
1
1
1
1
1
1
1
1
1
1
1
1
1
1
1
1
1
1
1
1
1
1
1
1
1
1
1
1
1
1
1
1
1
1
1
1
1
1
1
1
1
1
1
1
1
1
1
1
1
1
1
1
1
1
1
1
1
1
1
1
1
1
1
1
1
1
1
1
1
1
1
1
1
1
1
1
1
1
1
1
1
1
1
1
1
1
1
1
1
1
1
1
1
1
1
1
1
1
1
1
1
1
1
1
1
1
1
1
1
1
1
1
1
1
1
1
1
1
1
1
1
1
1
1
1
1
1
1
1
1
1
1
1
1
1
1
1
1
1
1
1
1
1
1
1
1
1
1
1
1
1
1
1
1
1
1
1
1
1
1
1
1
1
1
1
1
1
1
1
1
1
1
1
1
1
1
1
1
1
1
1
1
1
1
1
1
1
1
1
1
1
1
1
1
1
1
1
1
1
1
1
1
1
1
1
1
1
1
1
1
1
1
1
1
1
1
1
1
1
1
1
1
1
1
1
1
1
1
1
1
1
1
1
1
1
1
1
1
1
1
1
1
1
1
1
1
1
1
1
1
1
1
1
1
1
1
1
1
1
1
1
1
1
1
1
1
1
1
1
1
1
1
1
1
1
1
1
1
1
1
1
1
1
1
1
1
1
1
1
1
1
1
1
1
1
1
1
1
1
1
1
1
1
1
1
1
1
1
1
1
1
1
1
1
1
1
1
1
1
1
1
1
1
1
1
1
1
1
1
1
1
1
1
1
1
1
1
1
1
1
1
1
1
1
1
1
1
1
1
1
1
1
1
1
1
1
1
1
1
1
1
1
1
1
1
1
1
1
1
1
1
1
1
1
1
1
1
1
1
1
1
1
1
1
1
1
1
1
1
1
1
1
1
1
1
1
1
1
1
1
1
1
1
1
1
1
1
1
1
1
1
1
1
1
1
1
1
1
1
1
1
1
1
1
1
1
1
1
1
1
1
1
1
1
1
1
1
1
1
1
1
1
1
1
1
1
1
1
1
1
1
1
1
1
1
1
1
1
1
1
1
1
1
1
1
1
1
1
1
1
1
1
1
1
1
1
1
1
1
1
1
1
1
1
1
1
1
1
1
1
1
1
1
1
1
1
1
1
1
1
1
1
1
1
1
1
1
1
1
1
1
1
1
1
1
1
1
1
1
1
1
1
1
1
1
1
1
1
1
1
1
1
1
1
1
1
1
1
1
1
1
1
1
1
1
1
1
1
1
1
1
1
1
1
1
1
1
1
1
1
1
1
1
1
1
1
1
1
1
1
1
1
1
1
1
1
1
1
1
1
1
1
1
1
1
1
1
1
1
1
1
1
1
1
1
1
1
1
1
1
1
1
1
1
1
1
1
1
1
1
1
1
1
1
1
1
1
1
1
1
1
1
1
1
1
1
1
1
1
1
1
1
1
1
1
1
1
1
1
1
1
1
1
1
1
1
1
1
1
1
1
1
1
1
1
1
1
1
1
1
1
1
1
1
1
1
1
1
1
1
1
1
1
1
1
1
1
1
1
1
1
1
1
1
1
1
1
1
1
1
1
1
1
1
1
1
1
1
1
1
1
1
1
1
1
1
1
1
1
1
1
1
1
1
1
1
1
1
1
1
1
1
1
1
1
1
1
1
1
1
1
1
1
1
1
1
1
1
1
1
1
1
1
1
1
1
1
1
1
1
1
1
1
1
1
1
1
1
1
1
1
1
1
1
1
1
1
1
1
1
1
1
1
1
1
1
1
1
1
1
1
1
1
1
1
1
1
1
1
1
1
1
1
1
1
1
1
1
1
1
1
1
1
1
1
1
1
1
1
1
1
1
1
1
1
1
1
1
1
1
1
1
1
1
1
1
1
1
1
1
1
1
1
1
1
1
1
1
1
1
1
1
1
1
1
1
1
1
1
1
1
1
1
1
1
1
1
1
1
1
1
1
1
1
1
1
1
1
1
1
1
1
1
1
1
1
1
1
1
1
1
1
1
1
1
1
1
1
1
1
1
1
1
1
1
1
1
1
1
1
1
1
1
1
1
1
1
1
1
1
1
1
1
1
1
1
1
1
1
1
1
1
1
1
1
1
1
1
1
1
1
1
1
1
1
1
1
1
1
1
1
1
1
1
1
1
1
1
1
1
1
1
1
1
1
1
1
1
1
1
1
1
1
1
1
1
1
1
1
1
1
1
1
1
1
1
1
1
1
1
1
1
1
1
1
1
1
1
1
1
1
1
1
1
1
1
1
1
1
1
1
1
1
1
1
1
1
1
1
1
1
1
1
1
1
1
1
1
1
1
1
1
1
1
1
1
1
1
1
1
1
1
1
1
1
1
1
1
1
1
1
1
1
1
1
1
1
1
1
1
1
1
1
1
1
1
1
1
1
1
1
1
1
1
1
1
1
1
1
1
1
1
1
1
1
1
1
1
1
1
1
1
1
1
1
1
1
1
1
1
1
1
1
1
1
1
1
1
1
1
1
1
1
1
1
1
1
1
1
1
1
1
1
1
1
1
1
1
1
1
1
1
1
1
1
1
1
1
1
1
1
1
1
1
1
1
1
1
1
1
1
1
1
1
1
1
1
1
1
1
1
1
1
1
1
1
1
1
1
1
1
1
1
1
1
1
1
1
1
1
1
1
1
1
1
1
1
1
1
1
1
1
1
1
1
1
1
1
1
1
1
1
1
1
1
1
1
1
1
1
1
1
1
1
1
1
1
1
1
1
1
1
1
1
1
1
1
1
1
1
1
1
1
1
1
1
1
1
1
1
1
1
1
1
1
1
1
1
1
1
1
1
1
1
1
1
1
1
1
1
1
1
1
1
1
1
1
1
1
1
1
1
1
1
1
1
1
1
1
1
1
1
1
1
1
1
1
1
1
1
1
1
1
1
1
1
1
1
1
1
1
1
1
1
1
1
1
1
1
1
1
1
1
1
1
1
1
1
1
1
1
1
1
1
1
1
1
1
1
1
1
1
1
1
1
1
1
1
1
1
1
1
1
1
1
1
1
1
1
1
1
1
1
1
1
1
1
1
1
1
1
1
1
1
1
1
1
1
1
1
1
1
1
1
1
1
1
1
1
1
1
1
1
1
1
1
1
1
1
1
1
1
1
1
1
1
1
1
1
1
1
1
1
1
1
1
1
1
1
1
1
1
1
1
1
1
1
1
1
1
1
1
1
1
1
1
1
1
1
1
1
1
1
1
1
1
1
1
1
1
1
1
1
1
1
1
1
1
1
1
1
1
1
1
1
1
1
1
1
1
1
1
1
1
1
1
1
1
1
1
1
1
1
1
1
1
1
1
1
1
1
1
1
1
1
1
1
1
1
1
1
1
1
1
1
1
1
1
1
1
1
1
1
1
1
1
1
1
1
1
1
1
1
1
1
1
1
1
1
1
1
1
1
1
1
1
1
1
1
1
1
1
1
1
1
1
1
1
1
1
1
1
1
1
1
1
1
1
1
1
1
1
1
1
1
1
1
1
1
1
1
1
1
1
1
1
1
1
1
1
1
1
1
1
1
1
1
1
1
1
1
1
1
1
1
1
1
1
1
1
1
1
1
1
1
1
1
1
1
1
1
1
1
1
1
1
1
1
1
1
1
1
1
1
1
1
1
1
1
1
1
1
1
1
1
1
1
1
1
1
1
1
1
1
1
1
1
1
1
1
1
1
1
1
1
1
1
1
1
1
1
1
1
1
1
1
1
1
1
1
1
1
1
1
1
1
1
1
1
1
1
1
1
1
1
1
1
1
1
1
1
1
1
1
1
1
1
1
1
1
1
1
1
1
1
1
1
1
1
1
1
1
1
1
1
1
1
1
1
1
1
1
1
1
1
1
1
1
1
1
1
1
1
1
1
1
1
1
1
1
1
1
1
1
1
1
1
1
1
1
1
1
1
1
1
1
1
1
1
1
1
1
1
1
1
1
1
1
1
1
1
1
1
1
1
1
1
1
1
1
1
1
1
1
1
1
1
1
1
1
1
1
1
1
1
1
1
1
1
1
1
1
1
1
1
1
1
1
1
1
1
1
1
1
1
1
1
1
1
1
1
1
1
1
1
1
1
1
1
1
1
1
1
1
1
1
1
1
1
1
1
1
1
1
1
1
1
1
1
1
1
1
1
1
1
1
1
1
1
1
1
1
1
1
1
1
1
1
1
1
1
1
1
1
1
1
1
1
1
1
1
1
1
1
1
1
1
1
1
1
1
1
1
1
1
1
1
1
1
1
1
1
1
1
1
1
1
1
1
1
1
1
1
1
1
1
1
1
1
1
1
1
1
1
1
1
1
1
1
1
1
1
1
1
1
1
1
1
1
1
1
1
1
1
1
1
1
1
1
1
1
1
1
1
1
1
1
1
1
1
1
1
1
1
1
1
1
1
1
1
1
1
1
1
1
1
1
1
1
1
1
1
1
1
1
1
1
1
1
1
1
1
1
1
1
1
1
1
1
1
1
1
1
1
1
1
1
1
1
1
1
1
1
1
1
1
1
1
1
1
1
1
1
1
1
1
1
1
1
1
1
1
1
1
1
1
1
1
1
1
1
1
1
1
1
1
1
1
1
1
1
1
1
1
1
1
1
1
1
1
1
1
1
1
1
1
1
1
1
1
1
1
1
1
1
1
1
1
1
1
1
1
1
1
1
1
1
1
1
1
1
1
1
1
1
1
1
1
1
1
1
1
1
1
1
1
1
1
1
1
1
1
1
1
1
1
1
1
1
1
1
1
1
1
1
1
1
1
1
1
1
1
1
1
1
1
1
1
1
1
1
1
1
1
1
1
1
1
1
1
1
1
1
1
1
1
1
1
1
1
1
1
1
1
1
1
1
1
1
1
1
1
1
1
1
1
1
1
1
1
1
1
1
1
1
1
1
1
1
1
1
1
1
1
1
1
1
1
1
1
1
1
1
1
1
1
1
1
1
1
1
1
1
1
1
1
1
1
1
1
1
1
1
1
1
1
1
1
1
1
1
1
1
1
1
1
1
1
1
1
1
1
1
1
1
1
1
1
1
1
1
1
1
1
1
1
1
1
1
1
1
1
1
1
1
1
1
1
1
1
1
1
1
1
1
1
1
1
1
1
1
1
1
1
1
1
1
1
1
1
1
1
1
1
1
1
1
1
1
1
1
1
1
1
1
1
1
1
1
1
1
1
1
1
1
1
1
1
1
1
1
1
1
1
1
1
1
1
1
1
1
1
1
1
1
1
1
1
1
1
1
1
1
1
1
1
1
1
1
1
1
1
1
1
1
1
1
1
1
1
1
1
1
1
1
1
1
1
1
1
1
1
1
1
1
1
1
1
1
1
1
1
1
1
1
1
1
1
1
1
1
1
1
1
1
1
1
1
1
1
1
1
1
1
1
1
1
1
1
1
1
1
1
1
1
1
1
1
1
1
1
1
1
1
1
1
1
1
1
1
1
1
1
1
1
1
1
1
1
1
1
1
1
1
1
1
1
1
1
1
1
1
1
1
1
1
1
1
1
1
1
1
1
1
1
1
1
1
1
1
1
1
1
1
1
1
1
1
1
1
1
1
1
1
1
1
1
1
1
1
1
1
1
1
1
1
1
1
1
1
1
1
1
1
1
1
1
1
1
1
1
1
1
1
1
1
1
1
1
1
1
1
1
1
1
1
1
1
1
1
1
1
1
1
1
1
1
1
1
1
1
1
1
1
1
1
1
1
1
1
1
1
1
1
1
1
1
1
1
1
1
1
1
1
1
1
1
1
1
1
1
1
1
1
1
1
1
1
1
1
1
1
1
1
1
1
1
1
1
1
1
1
1
1
1
1
1
1
1
1
1
1
1
1
1
1
1
1
1
1
1
1
1
1
1
1
1
1
1
1
1
1
1
1
1
1
1
1
1
1
1
1
1
1
1
1
1
1
1
1
1
1
1
1
1
1
1
1
1
1
1
1
1
1
1
1
1
1
1
1
1
1
1
1
1
1
1
1
1
1
1
1
1
1
1
1
1
1
1
1
1
1
1
1
1
1
1
1
1
1
1
1
1
1
1
1
1
1
1
1
1
1
1
1
1
1
1
1
1
1
1
1
1
1
1
1
1
1
1
1
1
1
1
1
1
1
1
1
1
1
1
1
1
1
1
1
1
1
1
1
1
1
1
1
1
1
1
1
1
1
1
1
1
1
1
1
1
1
1
1
1
1
1
1
1
1
1
1
1
1
1
1
1
1
1
1
1
1
1
1
1
1
1
1
1
1
1
1
1
1
1
1
1
1
1
1
1
1
1
1
1
1
1
1
1
1
1
1
1
1
1
1
1
1
1
1
1
1
1
1
1
1
1
1
1
1
1
1
1
1
1
1
1
1
1
1
1
1
1
1
1
1
1
1
1
1
1
1
1
1
1
1
1
1
1
1
1
1
1
1
1
1
1
1
1
1
1
1
1
1
1
1
1
1
1
1
1
1
1
1
1
1
1
1
1
1
1
1
1
1
1
1
1
1
1
1
1
1
1
1
1
1
1
1
1
1
1
1
1
1
1
1
1
1
1
1
1
1
1
1
1
1
1
1
1
1
1
1
1
1
1
1
1
1
1
1
1
1
1
1
1
1
1
1
1
1
1
1
1
1
1
1
1
1
1
1
1
1
1
1
1
1
1
1
1
1
1
1
1
1
1
1
1
1
1
1
1
1
1
1
1
1
1
1
1
1
1
1
1
1
1
1
1
1
1
1
1
1
1
1
1
1
1
1
1
1
1
1
1
1
1
1
1
1
1
1
1
1
1
1
1
1
1
1
1
1
1
1
1
1
1
1
1
1
1
1
1
1
1
1
1
1
1
1
1
1
1
1
1
1
1
1
1
1
1
1
1
1
1
1
1
1
1
1
1
1
1
1
1
1
1
1
1
1
1
1
1
1
1
1
1
1
1
1
1
1
1
1
1
1
1
1
1
1
1
1
1
1
1
1
1
1
1
1
1
1
1
1
1
1
1
1
1
1
1
1
1
1
1
1
1
1
1
1
1
1
1
1
1
1
1
1
1
1
1
1
1
1
1
1
1
1
1
1
1
1
1
1
1
1
1
1
1
1
1
1
1
1
1
1
1
1
1
1
1
1
1
1
1
1
1
1
1
1
1
1
1
1
1
1
1
1
1
1
1
1
1
1
1
1
1
1
1
1
1
1
1
1
1
1
1
1
1
1
1
1
1
1
1
1
1
1
1
1
1
1
1
1
1
1
1
1
1
1
1
1
1
1
1
1
1
1
1
1
1
1
1
1
1
1
1
1
1
1
1
1
1
1
1
1
1
1
1
1
1
1
1
1
1
1
1
1
1
1
1
1
1
1
1
1
1
1
1
1
1
1
1
1
1
1
1
1
1
1
1
1
1
1
1
1
1
1
1
1
1
1
1
1
1
1
1
1
1
1
1
1
1
1
1
1
1
1
1
1
1
1
1
1
1
1
1
1
1
1
1
1
1
1
1
1
1
1
1
1
1
1
1
1
1
1
1
1
1
1
1
1
1
1
1
1
1
1
1
1
1
1
1
1
1
1
1
1
1
1
1
1
1
1
1
1
1
1
1
1
1
1
1
1
1
1
1
1
1
1
1
1
1
1
1
1
1
1
1
1
1
1
1
1
1
1
1
1
1
1
1
1
1
1
1
1
1
1
1
1
1
1
1
1
1
1
1
1
1
1
1
1
1
1
1
1
1
1
1
1
1
1
1
1
1
1
1
1
1
1
1
1
1
1
1
1
1
1
1
1
1
1
1
1
1
1
1
1
1
1
1
1
1
1
1
1
1
1
1
1
1
1
1
1
1
1
1
1
1
1
1
1
1
1
1
1
1
1
1
1
1
1
1
1
1
1
1
1
1
1
1
1
1
1
1
1
1
1
1
1
1
1
1
1
1
1
1
1
1
1
1
1
1
1
1
1
1
1
1
1
1
1
1
1
1
1
1
1
1
1
1
1
1
1
1
1
1
1
1
1
1
1
1
1
1
1
1
1
1
1
1
1
1
1
1
1
1
1
1
1
1
1
1
1
1
1
1
1
1
1
1
1
1
1
1
1
1
1
1
1
1
1
1
1
1
1
1
1
1
1
1
1
1
1
1
1
1
1
1
1
1
1
1
1
1
1
1
1
1
1
1
1
1
1
1
1
1
1
1
1
1
1
1
1
1
1
1
1
1
1
1
1
1
1
1
1
1
1
1
1
1
1
1
1
1
1
1
1
1
1
1
1
1
1
1
1
1
1
1
1
1
1
1
1
1
1
1
1
1
1
1
1
1
1
1
1
1
1
1
1
1
1
1
1
1
1
1
1
1
1
1
1
1
1
1
1
1
1
1
1
1
1
1
1
1
1
1
1
1
1
1
1
1
1
1
1
1
1
1
1
1
1
1
1
1
1
1
1
1
1
1
1
1
1
1
1
1
1
1
1
1
1
1
1
1
1
1
1
1
1
1
1
1
1
1
1
1
1
1
1
1
1
1
1
1
1
1
1
1
1
1
1
1
1
1
1
1
1
1
1
1
1
1
1
1
1
1
1
1
1
1
1
1
1
1
1
1
1
1
1
1
1
1
1
1
1
1
1
1
1
1
1
1
1
1
1
1
1
1
1
1
1
1
1
1
1
1
1
1
1
1
1
1
1
1
1
1
1
1
1
1
1
1
1
1
1
1
1
1
1
1
1
1
1
1
1
1
1
1
1
1
1
1
1
1
1
1
1
1
1
1
1
1
1
1
1
1
1
1
1
1
1
1
1
1
1
1
1
1
1
1
1
1
1
1
1
1
1
1
1
1
1
1
1
1
1
1
1
1
1
1
1
1
1
1
1
1
1
1
1
1
1
1
1
1
1
1
1
1
1
1
1
1
1
1
1
1
1
1
1
1
1
1
1
1
1
1
1
1
1
1
1
1
1
1
1
1
1
1
1
1
1
1
1
1
1
1
1
1
1
1
1
1
1
1
1
1
1
1
1
1
1
1
1
1
1
1
1
1
1
1
1
1
1
1
1
1
1
1
1
1
1
1
1
1
1
1
1
1
1
1
1
1
1
1
1
1
1
1
1
1
1
1
1
1
1
1
1
1
1
1
1
1
1
1
1
1
1
1
1
1
1
1
1
1
1
1
1
1
1
1
1
1
1
1
1
1
1
1
1
1
1
1
1
1
1
1
1
1
1
1
1
1
1
1
1
1
1
1
1
1
1
1
1
1
1
1
1
1
1
1
1
1
1
1
1
1
1
1
1
1
1
1
1
1
1
1
1
1
1
1
1
1
1
1
1
1
1
1
1
1
1
1
1
1
1
1
1
1
1
1
1
1
1
1
1
1
1
1
1
1
1
1
1
1
1
1
1
1
1
1
1
1
1
1
1
1
1
1
1
1
1
1
1
1
1
1
1
1
1
1
1
1
1
1
1
1
1
1
1
1
1
1
1
1
1
1
1
1
1
1
1
1
1
1
1
1
1
1
1
1
1
1
1
1
1
1
1
1
1
1
1
1
1
1
1
1
1
1
1
1
1
1
1
1
1
1
1
1
1
1
1
1
1
1
1
1
1
1
1
1
1
1
1
1
1
1
1
1
1
1
1
1
1
1
1
1
1
1
1
1
1
1
1
1
1
1
1
1
1
1
1
1
1
1
1
1
1
1
1
1
1
1
1
1
1
1
1
1
1
1
1
1
1
1
1
1
1
1
1
1
1
1
1
1
1
1
1
1
1
1
1
1
1
1
1
1
1
1
1
1
1
1
1
1
1
1
1
1
1
1
1
1
1
1
1
1
1
1
1
1
1
1
1
1
1
1
1
1
1
1
1
1
1
1
1
1
1
1
1
1
1
1
1
1
1
1
1
1
1
1
1
1
1
1
1
1
1
1
1
1
1
1
1
1
1
1
1
1
1
1
1
1
1
1
1
1
1
1
1
1
1
1
1
1
1
1
1
1
1
1
1
1
1
1
1
1
1
1
1
1
1
1
1
1
1
1
1
1
1
1
1
1
1
1
1
1
1
1
1
1
1
1
1
1
1
1
1
1
1
1
1
1
1
1
1
1
1
1
1
1
1
1
1
1
1
1
1
1
1
1
1
1
1
1
1
1
1
1
1
1
1
1
1
1
1
1
1
1
1
1
1
1
1
1
1
1
1
1
1
1
1
1
1
1
1
1
1
1
1
1
1
1
1
1
1
1
1
1
1
1
1
1
1
1
1
1
1
1
1
1
1
1
1
1
1
1
1
1
1
1
1
1
1
1
1
1
1
1
1
1
1
1
1
1
1
1
1
1
1
1
1
1
1
1
1
1
1
1
1
1
1
1
1
1
1
1
1
1
1
1
1
1
1
1
1
1
1
1
1
1
1
1
1
1
1
1
1
1
1
1
1
1
1
1
1
1
1
1
1
1
1
1
1
1
1
1
1
1
1
1
1
1
1
1
1
1
1
1
1
1
1
1
1
1
1
1
1
1
1
1
1
1
1
1
1
1
1
1
1
1
1
1
1
1
1
1
1
1
1
1
1
1
1
1
1
1
1
1
1
1
1
1
1
1
1
1
1
1
1
1
1
1
1
1
1
1
1
1
1
1
1
1
1
1
1
1
1
1
1
1
1
1
1
1
1
1
1
1
1
1
1
1
1
1
1
1
1
1
1
1
1
1
1
1
1
1
1
1
1
1
1
1
1
1
1
1
1
1
1
1
1
1
1
1
1
1
1
1
1
1
1
1
1
1
1
1
1
1
1
1
1
1
1
1
1
1
1
1
1
1
1
1
1
1
1
1
1
1
1
1
1
1
1
1
1
1
1
1
1
1
1
1
1
1
1
1
1
1
1
1
1
1
1
1
1
1
1
1
1
1
1
1
1
1
1
1
1
1
1
1
1
1
1
1
1
1
1
1
1
1
1
1
1
1
1
1
1
1
1
1
1
1
1
1
1
1
1
1
1
1
1
1
1
1
1
1
1
1
1
1
1
1
1
1
1
1
1
1
1
1
1
1
1
1
1
1
1
1
1
1
1
1
1
1
1
1
1
1
1
1
1
1
1
1
1
1
1
1
1
1
1
1
1
1
1
1
1
1
1
1
1
1
1
1
1
1
1
1
1
1
1
1
1
1
1
1
1
1
1
1
1
1
1
1
1
1
1
1
1
1
1
1
1
1
1
1
1
1
1
1
1
1
1
1
1
1
1
1
1
1
1
1
1
1
1
1
1
1
1
1
1
1
1
1
1
1
1
1
1
1
1
1
1
1
1
1
1
1
1
1
1
1
1
1
1
1
1
1
1
1
1
1
1
1
1
1
1
1
1
1
1
1
1
1
1
1
1
1
1
1
1
1
1
1
1
1
1
1
1
1
1
1
1
1
1
1
1
1
1
1
1
1
1
1
1
1
1
1
1
1
1
1
1
1
1
1
1
1
1
1
1
1
1
1
1
1
1
1
1
1
1
1
1
1
1
1
1
1
1
1
1
1
1
1
1
1
1
1
1
1
1
1
1
1
1
1
1
1
1
1
1
1
1
1
1
1
1
1
1
1
1
1
1
1
1
1
1
1
1
1
1
1
1
1
1
1
1
1
1
1
1
1
1
1
1
1
1
1
1
1
1
1
1
1
1
1
1
1
1
1
1
1
1
1
1
1
1
1
1
1
1
1
1
1
1
1
1
1
1
1
1
1
1
1
1
1
1
1
1
1
1
1
1
1
1
1
1
1
1
1
1
1
1
1
1
1
1
1
1
1
1
1
1
1
1
1
1
1
1
1
1
1
1
1
1
1
1
1
1
1
1
1
1
1
1
1
1
1
1
1
1
1
1
1
1
1
1
1
1
1
1
1
1
1
1
1
1
1
1
1
1
1
1
1
1
1
1
1
1
1
1
1
1
1
1
1
1
1
1
1
1
1
1
1
1
1
1
1
1
1
1
1
1
1
1
1
1
1
1
1
1
1
1
1
1
1
1
1
1
1
1
1
1
1
1
1
1
1
1
1
1
1
1
1
1
1
1
1
1
1
1
1
1
1
1
1
1
1
1
1
1
1
1
1
1
1
1
1
1
1
1
1
1
1
1
1
1
1
1
1
1
1
1
1
1
1
1
1
1
1
1
1
1
1
1
1
1
1
1
1
1
1
1
1
1
1
1
1
1
1
1
1
1
1
1
1
1
1
1
1
1
1
1
1
1
1
1
1
1
1
1
1
1
1
1
1
1
1
1
1
1
1
1
1
1
1
1
1
1
1
1
1
1
1
1
1
1
1
1
1
1
1
1
1
1
1
1
1
1
1
1
1
1
1
1
1
1
1
1
1
1
1
1
1
1
1
1
1
1
1
1
1
1
1
1
1
1
1
1
1
1
1
1
1
1
1
1
1
1
1
1
1
1
1
1
1
1
1
1
1
1
1
1
1
1
1
1
1
1
1
1
1
1
1
1
1
1
1
1
1
1
1
1
1
1
1
1
1
1
1
1
1
1
1
1
1
1
1
1
1
1
1
1
1
1
1
1
1
1
1
1
1
1
1
1
1
1
1
1
1
1
1
1
1
1
1
1
1
1
1
1
1
1
1
1
1
1
1
1
1
1
1
1
1
1
1
1
1
1
1
1
1
1
1
1
1
1
1
1
1
1
1
1
1
1
1
1
1
1
1
1
1
1
1
1
1
1
1
1
1
1
1
1
1
1
1
1
1
1
1
1
1
1
1
1
1
1
1
1
1
1
1
1
1
1
1
1
1
1
1
1
1
1
1
1
1
1
1
1
1
1
1
1
1
1
1
1
1
1
1
1
1
1
1
1
1
1
1
1
1
1
1
1
1
1
1
1
1
1
1
1
1
1
1
1
1
1
1
1
1
1
1
1
1
1
1
1
1
1
1
1
1
1
1
1
1
1
1
1
1
1
1
1
1
1
1
1
1
1
1
1
1
1
1
1
1
1
1
1
1
1
1
1
1
1
1
1
1
1
1
1
1
1
1
1
1
1
1
1
1
1
1
1
1
1
1
1
1
1
1
1
1
1
1
1
1
1
1
1
1
1
1
1
1
1
1
1
1
1
1
1
1
1
1
1
1
1
1
1
1
1
1
1
1
1
1
1
1
1
1
1
1
1
1
1
1
1
1
1
1
1
1
1
1
1
1
1
1
1
1
1
1
1
1
1
1
1
1
1
1
1
1
1
1
1
1
1
1
1
1
1
1
1
1
1
1
1
1
1
1
1
1
1
1
1
1
1
1
1
1
1
1
1
1
1
1
1
1
1
1
1
1
1
1
1
1
1
1
1
1
1
1
1
1
1
1
1
1
1
1
1
1
1
1
1
1
1
1
1
1
1
1
1
1
1
1
1
1
1
1
1
1
1
1
1
1
1
1
1
1
1
1
1
1
1
1
1
1
1
1
1
1
1
1
1
1
1
1
1
1
1
1
1
1
1
1
1
1
1
1
1
1
1
1
1
1
1
1
1
1
1
1
1
1
1
1
1
1
1
1
1
1
1
1
1
1
1
1
1
1
1
1
1
1
1
1
1
1
1
1
1
1
1
1
1
1
1
1
1
1
1
1
1
1
1
1
1
1
1
1
1
1
1
1
1
1
1
1
1
1
1
1
1
1
1
1
1
1
1
1
1
1
1
1
1
1
1
1
1
1
1
1
1
1
1
1
1
1
1
1
1
1
1
1
1
1
1
1
1
1
1
1
1
1
1
1
1
1
1
1
1
1
1
1
1
1
1
1
1
1
1
1
1
1
1
1
1
1
1
1
1
1
1
1
1
1
1
1
1
1
1
1
1
1
1
1
1
1
1
1
1
1
1
1
1
1
1
1
1
1
1
1
1
1
1
1
1
1
1
1
1
1
1
1
1
1
1
1
1
1
1
1
1
1
1
1
1
1
1
1
1
1
1
1
1
1
1
1
1
1
1
1
1
1
1
1
1
1
1
1
1
1
1
1
1
1
1
1
1
1
1
1
1
1
1
1
1
1
1
1
1
1
1
1
1
1
1
1
1
1
1
1
1
1
1
1
1
1
1
1
1
1
1
1
1
1
1
1
1
1
1
1
1
1
1
1
1
1
1
1
1
1
1
1
1
1
1
1
1
1
1
1
1
1
1
1
1
1
1
1
1
1
1
1
1
1
1
1
1
1
1
1
1
1
1
1
1
1
1
1
1
1
1
1
1
1
1
1
1
1
1
1
1
1
1
1
1
1
1
1
1
1
1
1
1
1
1
1
1
1
1
1
1
1
1
1
1
1
1
1
1
1
1
1
1
1
1
1
1
1
1
1
1
1
1
1
1
1
1
1
1
1
1
1
1
1
1
1
1
1
1
1
1
1
1
1
1
1
1
1
1
1
1
1
1
1
1
1
1
1
1
1
1
1
1
1
1
1
1
1
1
1
1
1
1
1
1
1
1
1
1
1
1
1
1
1
1
1
1
1
1
1
1
1
1
1
1
1
1
1
1
1
1
1
1
1
1
1
1
1
1
1
1
1
1
1
1
1
1
1
1
1
1
1
1
1
1
1
1
1
1
1
1
1
1
1
1
1
1
1
1
1
1
1
1
1
1
1
1
1
1
1
1
1
1
1
1
1
1
1
1
1
1
1
1
1
1
1
1
1
1
1
1
1
1
1
1
1
1
1
1
1
1
1
1
1
1
1
1
1
1
1
1
1
1
1
1
1
1
1
1
1
1
1
1
1
1
1
1
1
1
1
1
1
1
1
1
1
1
1
1
1
1
1
1
1
1
1
1
1
1
1
1
1
1
1
1
1
1
1
1
1
1
1
1
1
1
1
1
1
1
1
1
1
1
1
1
1
1
1
1
1
1
1
1
1
1
1
1
1
1
1
1
1
1
1
1
1
1
1
1
1
1
1
1
1
1
1
1
1
1
1
1
1
1
1
1
1
1
1
1
1
1
1
1
1
1
1
1
1
1
1
1
1
1
1
1
1
1
1
1
1
1
1
1
1
1
1
1
1
1
1
1
1
1
1
1
1
1
1
1
1
1
1
1
1
1
1
1
1
1
1
1
1
1
1
1
1
1
1
1
1
1
1
1
1
1
1
1
1
1
1
1
1
1
1
1
1
1
1
1
1
1
1
1
1
1
1
1
1
1
1
1
1
1
1
1
1
1
1
1
1
1
1
1
1
1
1
1
1
1
1
1
1
1
1
1
1
1
1
1
1
1
1
1
1
1
1
1
1
1
1
1
1
1
1
1
1
1
1
1
1
1
1
1
1
1
1
1
1
1
1
1
1
1
1
1
1
1
1
1
1
1
1
1
1
1
1
1
1
1
1
1
1
1
1
1
1
1
1
1
1
1
1
1
1
1
1
1
1
1
1
1
1
1
1
1
1
1
1
1
1
1
1
1
1
1
1
1
1
1
1
1
1
1
1
1
1
1
1
1
1
1
1
1
1
1
1
1
1
1
1
1
1
1
1
1
1
1
1
1
1
1
1
1
1
1
1
1
1
1
1
1
1
1
1
1
1
1
1
1
1
1
1
1
1
1
1
1
1
1
1
1
1
1
1
1
1
1
1
1
1
1
1
1
1
1
1
1
1
1
1
1
1
1
1
1
1
1
1
1
1
1
1
1
1
1
1
1
1
1
1
1
1
1
1
1
1
1
1
1
1
1
1
1
1
1
1
1
1
1
1
1
1
1
1
1
1
1
1
1
1
1
1
1
1
1
1
1
1
1
1
1
1
1
1
1
1
1
1
1
1
1
1
1
1
1
1
1
1
1
1
1
1
1
1
1
1
1
1
1
1
1
1
1
1
1
1
1
1
1
1
1
1
1
1
1
1
1
1
1
1
1
1
1
1
1
1
1
1
1
1
1
1
1
1
1
1
1
1
1
1
1
1
1
1
1
1
1
1
1
1
1
1
1
1
1
1
1
1
1
1
1
1
1
1
1
1
1
1
1
1
1
1
1
1
1
1
1
1
1
1
1
1
1
1
1
1
1
1
1
1
1
1
1
1
1
1
1
1
1
1
1
1
1
1
1
1
1
1
1
1
1
1
1
1
1
1
1
1
1
1
1
1
1
1
1
1
1
1
1
1
1
1
1
1
1
1
1
1
1
1
1
1
1
1
1
1
1
1
1
1
1
1
1
1
1
1
1
1
1
1
1
1
1
1
1
1
1
1
1
1
1
1
1
1
1
1
1
1
1
1
1
1
1
1
1
1
1
1
1
1
1
1
1
1
1
1
1
1
1
1
1
1
1
1
1
1
1
1
1
1
1
1
1
1
1
1
1
1
1
1
1
1
1
1
1
1
1
1
1
1
1
1
1
1
1
1
1
1
1
1
1
1
1
1
1
1
1
1
1
1
1
1
1
1
1
1
1
1
1
1
1
1
1
1
1
1
1
1
1
1
1
1
1
1
1
1
1
1
1
1
1
1
1
1
1
1
1
1
1
1
1
1
1
1
1
1
1
1
1
1
1
1
1
1
1
1
1
1
1
1
1
1
1
1
1
1
1
1
1
1
1
1
1
1
1
1
1
1
1
1
1
1
1
1
1
1
1
1
1
1
1
1
1
1
1
1
1
1
1
1
1
1
1
1
1
1
1
1
1
1
1
1
1
1
1
1
1
1
1
1
1
1
1
1
1
1
1
1
1
1
1
1
1
1
1
1
1
1
1
1
1
1
1
1
1
1
1
1
1
1
1
1
1
1
1
1
1
1
1
1
1
1
1
1
1
1
1
1
1
1
1
1
1
1
1
1
1
1
1
1
1
1
1
1
1
1
1
1
1
1
1
1
1
1
1
1
1
1
1
1
1
1
1
1
1
1
1
1
1
1
1
1
1
1
1
1
1
1
1
1
1
1
1
1
1
1
1
1
1
1
1
1
1
1
1
1
1
1
1
1
1
1
1
1
1
1
1
1
1
1
1
1
1
1
1
1
1
1
1
1
1
1
1
1
1
1
1
1
1
1
1
1
1
1
1
1
1
1
1
1
1
1
1
1
1
1
1
1
1
1
1
1
1
1
1
1
1
1
1
1
1
1
1
1
1
1
1
1
1
1
1
1
1
1
1
1
1
1
1
1
1
1
1
1
1
1
1
1
1
1
1
1
1
1
1
1
1
1
1
1
1
1
1
1
1
1
1
1
1
1
1
1
1
1
1
1
1
1
1
1
1
1
1
1
1
1
1
1
1
1
1
1
1
1
1
1
1
1
1
1
1
1
1
1
1
1
1
1
1
1
1
1
1
1
1
1
1
1
1
1
1
1
1
1
1
1
1
1
1
1
1
1
1
1
1
1
1
1
1
1
1
1
1
1
1
1
1
1
1
1
1
1
1
1
1
1
1
1
1
1
1
1
1
1
1
1
1
1
1
1
1
1
1
1
1
1
1
1
1
1
1
1
1
1
1
1
1
1
1
1
1
1
1
1
1
1
1
1
1
1
1
1
1
1
1
1
1
1
1
1
1
1
1
1
1
1
1
1
1
1
1
1
1
1
1
1
1
1
1
1
1
1
1
1
1
1
1
1
1
1
1
1
1
1
1
1
1
1
1
1
1
1
1
1
1
1
1
1
1
1
1
1
1
1
1
1
1
1
1
1
1
1
1
1
1
1
1
1
1
1
1
1
1
1
1
1
1
1
1
1
1
1
1
1
1
1
1
1
1
1
1
1
1
1
1
1
1
1
1
1
1
1
1
1
1
1
1
1
1
1
1
1
1
1
1
1
1
1
1
1
1
1
1
1
1
1
1
1
1
1
1
1
1
1
1
1
1
1
1
1
1
1
1
1
1
1
1
1
1
1
1
1
1
1
1
1
1
1
1
1
1
1
1
1
1
1
1
1
1
1
1
1
1
1
1
1
1
1
1
1
1
1
1
1
1
1
1
1
1
1
1
1
1
1
1
1
1
1
1
1
1
1
1
1
1
1
1
1
1
1
1
1
1
1
1
1
1
1
1
1
1
1
1
1
1
1
1
1
1
1
1
1
1
1
1
1
1
1
1
1
1
1
1
1
1
1
1
1
1
1
1
1
1
1
1
1
1
1
1
1
1
1
1
1
1
1
1
1
1
1
1
1
1
1
1
1
1
1
1
1
1
1
1
1
1
1
1
1
1
1
1
1
1
1
1
1
1
1
1
1
1
1
1
1
1
1
1
1
1
1
1
1
1
1
1
1
1
1
1
1
1
1
1
1
1
1
1
1
1
1
1
1
1
1
1
1
1
1
1
1
1
1
1
1
1
1
1
1
1
1
1
1
1
1
1
1
1
1
1
1
1
1
1
1
1
1
1
1
1
1
1
1
1
1
1
1
1
1
1
1
1
1
1
1
1
1
1
1
1
1
1
1
1
1
1
1
1
1
1
1
1
1
1
1
1
1
1
1
1
1
1
1
1
1
1
1
1
1
1
1
1
1
1
1
1
1
1
1
1
1
1
1
1
1
1
1
1
1
1
1
1
1
1
1
1
1
1
1
1
1
1
1
1
1
1
1
1
1
1
1
1
1
1
1
1
1
1
1
1
1
1
1
1
1
1
1
1
1
1
1
1
1
1
1
1
1
1
1
1
1
1
1
1
1
1
1
1
1
1
1
1
1
1
1
1
1
1
1
1
1
1
1
1
1
1
1
1
1
1
1
1
1
1
1
1
1
1
1
1
1
1
1
1
1
1
1
1
1
1
1
1
1
1
1
1
1
1
1
1
1
1
1
1
1
1
1
1
1
1
1
1
1
1
1
1
1
1
1
1
1
1
1
1
1
1
1
1
1
1
1
1
1
1
1
1
1
1
1
1
1
1
1
1
1
1
1
1
1
1
1
1
1
1
1
1
1
1
1
1
1
1
1
1
1
1
1
1
1
1
1
1
1
1
1
1
1
1
1
1
1
1
1
1
1
1
1
1
1
1
1
1
1
1
1
1
1
1
1
1
1
1
1
1
1
1
1
1
1
1
1
1
1
1
1
1
1
1
1
1
1
1
1
1
1
1
1
1
1
1
1
1
1
1
1
1
1
1
1
1
1
1
1
1
1
1
1
1
1
1
1
1
1
1
1
1
1
1
1
1
1
1
1
1
1
1
1
1
1
1
1
1
1
1
1
1
1
1
1
1
1
1
1
1
1
1
1
1
1
1
1
1
1
1
1
1
1
1
1
1
1
1
1
1
1
1
1
1
1
1
1
1
1
1
1
1
1
1
1
1
1
1
1
1
1
1
1
1
1
1
1
1
1
1
1
1
1
1
1
1
1
1
1
1
1
1
1
1
1
1
1
1
1
1
1
1
1
1
1
1
1
1
1
1
1
1
1
1
1
1
1
1
1
1
1
1
1
1
1
1
1
1
1
1
1
1
1
1
1
1
1
1
1
1
1
1
1
1
1
1
1
1
1
1
1
1
1
1
1
1
1
1
1
1
1
1
1
1
1
1
1
1
1
1
1
1
1
1
1
1
1
1
1
1
1
1
1
1
1
1
1
1
1
1
1
1
1
1
1
1
1
1
1
1
1
1
1
1
1
1
1
1
1
1
1
1
1
1
1
1
1
1
1
1
1
1
1
1
1
1
1
1
1
1
1
1
1
1
1
1
1
1
1
1
1
1
1
1
1
1
1
1
1
1
1
1
1
1
1
1
1
1
1
1
1
1
1
1
1
1
1
1
1
1
1
1
1
1
1
1
1
1
1
1
1
1
1
1
1
1
1
1
1
1
1
1
1
1
1
1
1
1
1
1
1
1
1
1
1
1
1
1
1
1
1
1
1
1
1
1
1
1
1
1
1
1
1
1
1
1
1
1
1
1
1
1
1
1
1
1
1
1
1
1
1
1
1
1
1
1
1
1
1
1
1
1
1
1
1
1
1
1
1
1
1
1
1
1
1
1
1
1
1
1
1
1
1
1
1
1
1
1
1
1
1
1
1
1
1
1
1
1
1
1
1
1
1
1
1
1
1
1
1
1
1
1
1
1
1
1
1
1
1
1
1
1
1
1
1
1
1
1
1
1
1
1
1
1
1
1
1
1
1
1
1
1
1
1
1
1
1
1
1
1
1
1
1
1
1
1
1
1
1
1
1
1
1
1
1
1
1
1
1
1
1
1
1
1
1
1
1
1
1
1
1
1
1
1
1
1
1
1
1
1
1
1
1
1
1
1
1
1
1
1
1
1
1
1
1
1
1
1
1
1
1
1
1
1
1
1
1
1
1
1
1
1
1
1
1
1
1
1
1
1
1
1
1
1
1
1
1
1
1
1
1
1
1
1
1
1
1
1
1
1
1
1
1
1
1
1
1
1
1
1
1
1
1
1
1
1
1
1
1
1
1
1
1
1
1
1
1
1
1
1
1
1
1
1
1
1
1
1
1
1
1
1
1
1
1
1
1
1
1
1
1
1
1
1
1
1
1
1
1
1
1
1
1
1
1
1
1
1
1
1
1
1
1
1
1
1
1
1
1
1
1
1
1
1
1
1
1
1
1
1
1
1
1
1
1
1
1
1
1
1
1
1
1
1
1
1
1
1
1
1
1
1
1
1
1
1
1
1
1
1
1
1
1
1
1
1
1
1
1
1
1
1
1
1
1
1
1
1
1
1
1
1
1
1
1
1
1
1
1
1
1
1
1
1
1
1
1
1
1
1
1
1
1
1
1
1
1
1
1
1
1
1
1
1
1
1
1
1
1
1
1
1
1
1
1
1
1
1
1
1
1
1
1
1
1
1
1
1
1
1
1
1
1
1
1
1
1
1
1
1
1
1
1
1
1
1
1
1
1
1
1
1
1
1
1
1
1
1
1
1
1
1
1
1
1
1
1
1
1
1
1
1
1
1
1
1
1
1
1
1
1
1
1
1
1
1
1
1
1
1
1
1
1
1
1
1
1
1
1
1
1
1
1
1
1
1
1
1
1
1
1
1
1
1
1
1
1
1
1
1
1
1
1
1
1
1
1
1
1
1
1
1
1
1
1
1
1
1
1
1
1
1
1
1
1
1
1
1
1
1
1
1
1
1
1
1
1
1
1
1
1
1
1
1
1
1
1
1
1
1
1
1
1
1
1
1
1
1
1
1
1
1
1
1
1
1
1
1
1
1
1
1
1
1
1
1
1
1
1
1
1
1
1
1
1
1
1
1
1
1
1
1
1
1
1
1
1
1
1
1
1
1
1
1
1
1
1
1
1
1
1
1
1
1
1
1
1
1
1
1
1
1
1
1
1
1
1
1
1
1
1
1
1
1
1
1
1
1
1
1
1
1
1
1
1
1
1
1
1
1
1
1
1
1
1
1
1
1
1
1
1
1
1
1
1
1
1
1
1
1
1
1
1
1
1
1
1
1
1
1
1
1
1
1
1
1
1
1
1
1
1
1
1
1
1
1
1
1
1
1
1
1
1
1
1
1
1
1
1
1
1
1
1
1
1
1
1
1
1
1
1
1
1
1
1
1
1
1
1
1
1
1
1
1
1
1
1
1
1
1
1
1
1
1
1
1
1
1
1
1
1
1
1
1
1
1
1
1
1
1
1
1
1
1
1
1
1
1
1
1
1
1
1
1
1
1
1
1
1
1
1
1
1
1
1
1
1
1
1
1
1
1
1
1
1
1
1
1
1
1
1
1
1
1
1
1
1
1
1
1
1
1
1
1
1
1
1
1
1
1
1
1
1
1
1
1
1
1
1
1
1
1
1
1
1
1
1
1
1
1
1
1
1
1
1
1
1
1
1
1
1
1
1
1
1
1
1
1
1
1
1
1
1
1
1
1
1
1
1
1
1
1
1
1
1
1
1
1
1
1
1
1
1
1
1
1
1
1
1
1
1
1
1
1
1
1
1
1
1
1
1
1
1
1
1
1
1
1
1
1
1
1
1
1
1
1
1
1
1
1
1
1
1
1
1
1
1
1
1
1
1
1
1
1
1
1
1
1
1
1
1
1
1
1
1
1
1
1
1
1
1
1
1
1
1
1
1
1
1
1
1
1
1
1
1
1
1
1
1
1
1
1
1
1
1
1
1
1
1
1
1
1
1
1
1
1
1
1
1
1
1
1
1
1
1
1
1
1
1
1
1
1
1
1
1
1
1
1
1
1
1
1
1
1
1
1
1
1
1
1
1
1
1
1
1
1
1
1
1
1
1
1
1
1
1
1
1
1
1
1
1
1
1
1
1
1
1
1
1
1
1
1
1
1
1
1
1
1
1
1
1
1
1
1
1
1
1
1
1
1
1
1
1
1
1
1
1
1
1
1
1
1
1
1
1
1
1
1
1
1
1
1
1
1
1
1
1
1
1
1
1
1
1
1
1
1
1
1
1
1
1
1
1
1
1
1
1
1
1
1
1
1
1
1
1
1
1
1
1
1
1
1
1
1
1
1
1
1
1
1
1
1
1
1
1
1
1
1
1
1
1
1
1
1
1
1
1
1
1
1
1
1
1
1
1
1
1
1
1
1
1
1
1
1
1
1
1
1
1
1
1
1
1
1
1
1
1
1
1
1
1
1
1
1
1
1
1
1
1
1
1
1
1
1
1
1
1
1
1
1
1
1
1
1
1
1
1
1
1
1
1
1
1
1
1
1
1
1
1
1
1
1
1
1
1
1
1
1
1
1
1
1
1
1
1
1
1
1
1
1
1
1
1
1
1
1
1
1
1
1
1
1
1
1
1
1
1
1
1
1
1
1
1
1
1
1
1
1
1
1
1
1
1
1
1
1
1
1
1
1
1
1
1
1
1
1
1
1
1
1
1
1
1
1
1
1
1
1
1
1
1
1
1
1
1
1
1
1
1
1
1
1
1
1
1
1
1
1
1
1
1
1
1
1
1
1
1
1
1
1
1
1
1
1
1
1
1
1
1
1
1
1
1
1
1
1
1
1
1
1
1
1
1
1
1
1
1
1
1
1
1
1
1
1
1
1
1
1
1
1
1
1
1
1
1
1
1
1
1
1
1
1
1
1
1
1
1
1
1
1
1
1
1
1
1
1
1
1
1
1
1
1
1
1
1
1
1
1
1
1
1
1
1
1
1
1
1
1
1
1
1
1
1
1
1
1
1
1
1
1
1
1
1
1
1
1
1
1
1
1
1
1
1
1
1
1
1
1
1
1
1
1
1
1
1
1
1
1
1
1
1
1
1
1
1
1
1
1
1
1
1
1
1
1
1
1
1
1
1
1
1
1
1
1
1
1
1
1
1
1
1
1
1
1
1
1
1
1
1
1
1
1
1
1
1
1
1
1
1
1
1
1
1
1
1
1
1
1
1
1
1
1
1
1
1
1
1
1
1
1
1
1
1
1
1
1
1
1
1
1
1
1
1
1
1
1
1
1
1
1
1
1
1
1
1
1
1
1
1
1
1
1
1
1
1
1
1
1
1
1
1
1
1
1
1
1
1
1
1
1
1
1
1
1
1
1
1
1
1
1
1
1
1
1
1
1
1
1
1
1
1
1
1
1
1
1
1
1
1
1
1
1
1
1
1
1
1
1
1
1
1
1
1
1
1
1
1
1
1
1
1
1
1
1
1
1
1
1
1
1
1
1
1
1
1
1
1
1
1
1
1
1
1
1
1
1
1
1
1
1
1
1
1
1
1
1
1
1
1
1
1
1
1
1
1
1
1
1
1
1
1
1
1
1
1
1
1
1
1
1
1
1
1
1
1
1
1
1
1
1
1
1
1
1
1
1
1
1
1
1
1
1
1
1
1
1
1
1
1
1
1
1
1
1
1
1
1
1
1
1
1
1
1
1
1
1
1
1
1
1
1
1
1
1
1
1
1
1
1
1
1
1
1
1
1
1
1
1
1
1
1
1
1
1
1
1
1
1
1
1
1
1
1
1
1
1
1
1
1
1
1
1
1
1
1
1
1
1
1
1
1
1
1
1
1
1
1
1
1
1
1
1
1
1
1
1
1
1
1
1
1
1
1
1
1
1
1
1
1
1
1
1
1
1
1
1
1
1
1
1
1
1
1
1
1
1
1
1
1
1
1
1
1
1
1
1
1
1
1
1
1
1
1
1
1
1
1
1
1
1
1
1
1
1
1
1
1
1
1
1
1
1
1
1
1
1
1
1
1
1
1
1
1
1
1
1
1
1
1
1
1
1
1
1
1
1
1
1
1
1
1
1
1
1
1
1
1
1
1
1
1
1
1
1
1
1
1
1
1
1
1
1
1
1
1
1
1
1
1
1
1
1
1
1
1
1
1
1
1
1
1
1
1
1
1
1
1
1
1
1
1
1
1
1
1
1
1
1
1
1
1
1
1
1
1
1
1
1
1
1
1
1
1
1
1
1
1
1
1
1
1
1
1
1
1
1
1
1
1
1
1
1
1
1
1
1
1
1
1
1
1
1
1
1
1
1
1
1
1
1
1
1
1
1
1
1
1
1
1
1
1
1
1
1
1
1
1
1
1
1
1
1
1
1
1
1
1
1
1
1
1
1
1
1
1
1
1
1
1
1
1
1
1
1
1
1
1
1
1
1
1
1
1
1
1
1
1
1
1
1
1
1
1
1
1
1
1
1
1
1
1
1
1
1
1
1
1
1
1
1
1
1
1
1
1
1
1
1
1
1
1
1
1
1
1
1
1
1
1
1
1
1
1
1
1
1
1
1
1
1
1
1
1
1
1
1
1
1
1
1
1
1
1
1
1
1
1
1
1
1
1
1
1
1
1
1
1
1
1
1
1
1
1
1
1
1
1
1
1
1
1
1
1
1
1
1
1
1
1
1
1
1
1
1
1
1
1
1
1
1
1
1
1
1
1
1
1
1
1
1
1
1
1
1
1
1
1
1
1
1
1
1
1
1
1
1
1
1
1
1
1
1
1
1
1
1
1
1
1
1
1
1
1
1
1
1
1
1
1
1
1
1
1
1
1
1
1
1
1
1
1
1
1
1
1
1
1
1
1
1
1
1
1
1
1
1
1
1
1
1
1
1
1
1
1
1
1
1
1
1
1
1
1
1
1
1
1
1
1
1
1
1
1
1
1
1
1
1
1
1
1
1
1
1
1
1
1
1
1
1
1
1
1
1
1
1
1
1
1
1
1
1
1
1
1
1
1
1
1
1
1
1
1
1
1
1
1
1
1
1
1
1
1
1
1
1
1
1
1
1
1
1
1
1
1
1
1
1
1
1
1
1
1
1
1
1
1
1
1
1
1
1
1
1
1
1
1
1
1
1
1
1
1
1
1
1
1
1
1
1
1
1
1
1
1
1
1
1
1
1
1
1
1
1
1
1
1
1
1
1
1
1
1
1
1
1
1
1
1
1
1
1
1
1
1
1
1
1
1
1
1
1
1
1
1
1
1
1
1
1
1
1
1
1
1
1
1
1
1
1
1
1
1
1
1
1
1
1
1
1
1
1
1
1
1
1
1
1
1
1
1
1
1
1
1
1
1
1
1
1
1
1
1
1
1
1
1
1
1
1
1
1
1
1
1
1
1
1
1
1
1
1
1
1
1
1
1
1
1
1
1
1
1
1
1
1
1
1
1
1
1
1
1
1
1
1
1
1
1
1
1
1
1
1
1
1
1
1
1
1
1
1
1
1
1
1
1
1
1
1
1
1
1
1
1
1
1
1
1
1
1
1
1
1
1
1
1
1
1
1
1
1
1
1
1
1
1
1
1
1
1
1
1
1
1
1
1
1
1
1
1
1
1
1
1
1
1
1
1
1
1
1
1
1
1
1
1
1
1
1
1
1
1
1
1
1
1
1
1
1
1
1
1
1
1
1
1
1
1
1
1
1
1
1
1
1
1
1
1
1
1
1
1
1
1
1
1
1
1
1
1
1
1
1
1
1
1
1
1
1
1
1
1
1
1
1
1
1
1
1
1
1
1
1
1
1
1
1
1
1
1
1
1
1
1
1
1
1
1
1
1
1
1
1
1
1
1
1
1
1
1
1
1
1
1
1
1
1
1
1
1
1
1
1
1
1
1
1
1
1
1
1
1
1
1
1
1
1
1
1
1
1
1
1
1
1
1
1
1
1
1
1
1
1
1
1
1
1
1
1
1
1
1
1
1
1
1
1
1
1
1
1
1
1
1
1
1
1
1
1
1
1
1
1
1
1
1
1
1
1
1
1
1
1
1
1
1
1
1
1
1
1
1
1
1
1
1
1
1
1
1
1
1
1
1
1
1
1
1
1
1
1
1
1
1
1
1
1
1
1
1
1
1
1
1
1
1
1
1
1
1
1
1
1
1
1
1
1.00001
1.00001
1.00002
1.00003
1.00006
1.00001
1
1
1
1
1
1
1
1
1
1
1
1
1
1
1
1
1
1
1
1
1
1
1
1
1
1
1
1
1
1
1
1
1
1
1
1
1
1
1
1
1
1
1
1
1
1
1
1
1
1
1
1
1
1
1
1
1
1
1
1
1
1
1
1
1
1
1
1
1
1
1
1
1
1
1
1
1
1
1
1
1
1
1
1
1
1
1
1
1
1
1
1
1
1
1
1
1
1
1
1
1
1
1
1
1
1
1
1
1
1
1
1
1
1
1
1
1
1
1
1
1
1
1
1
1
1
1
1
1
1
1
1
1
1
1
1
1
1
1
1
1
1
1
1
1
1
1
1
1
1
1
1
1
1
1
1
1
1
1
1
1
1
1
1
1
1
1
1
1
1
1.00001
1.00001
1.00002
1.00002
1.00004
1.00006
1.00009
1.00013
1.0002
1.0003
1.00042
1.00062
1.0009
1.00121
1.0017
1.00243
1.00321
1.00426
1.00594
1.00755
1.01112
1.01167
1
1
1
1
1
1
1
1
1
1
1
1
1
1
1
1
1
1
1
1
1
1
1
1
1
1
1
1
1
1
1
1
1
1
1
1
1
1
1
1
1
1
1
1
1
1
1
1
1
1
1
1
1
1
1
1
1
1
1
1
1
1
1
1
1
1
1
1
1
1
1
1
1
1
1
1
1
1
1
1
1
1
1
1
1
1
1
1
1
1
1
1
1
1
1
1
1
1
1
1
1
1
1
1
1
1
1
1
1
1
1
1
1
1
1
1
1
1
1
1
1
1
1
1
1
1
1
1
1
1
1
1
1
1
1
1
1
1
1
1
1
1
1
1
1
1
1
1
1
1
1
1
1
1
1.00001
1.00001
1.00001
1.00002
1.00003
1.00005
1.00008
1.00012
1.00018
1.00026
1.00039
1.00054
1.00077
1.00112
1.00153
1.00206
1.00288
1.00394
1.00511
1.00678
1.00918
1.01169
1.01477
1.01948
1.02467
1.02998
1.03782
1.048
1.0568
1.06761
1.08444
1.09946
1.11354
1.13657
1.16012
1.17795
1.20979
1.23033
1
1
1
1
1
1
1
1
1
1
1
1
1
1
1
1
1
1
1
1
1
1
1
1
1
1
1
1
1
1
1
1
1
1
1
1
1
1
1
1
1
1
1
1
1
1
1
1
1
1
1
1
1
1
1
1
1
1
1
1
1
1
1
1
1
1
1
1
1
1
1
1
1
1
1
1
1
1
1
1
1
1
1
1
1
1
1
1
1
1
1
1
1
1
1
1
1
1
1
1
1
1
1
1
1
1
1
1
1
1
1
1
1
1
1
1
1
1
1
1
1
1
1
1
1
1
1
1
1
1
1
1
1
1
1
1
1
1
1.00001
1.00001
1.00001
1.00002
1.00003
1.00005
1.00007
1.00011
1.00016
1.00024
1.00035
1.00049
1.00071
1.00104
1.0014
1.00191
1.00274
1.00364
1.00477
1.00656
1.00858
1.01092
1.01442
1.01837
1.02278
1.02922
1.03629
1.04361
1.05447
1.06668
1.07755
1.09329
1.11292
1.12936
1.14908
1.17667
1.20113
1.22347
1.25842
1.29166
1.31608
1.35057
1.39541
1.42556
1.45055
1.49926
1.53881
1.56197
1.59488
1.6451
1.67172
1.69199
1.73871
1.75841
1
1
1
1
1
1
1
1
1
1
1
1
1
1
1
1
1
1
1
1
1
1
1
1
1
1
1
1
1
1
1
1
1
1
1
1
1
1
1
1
1
1
1
1
1
1
1
1
1
1
1
1
1
1
1
1
1
1
1
1
1
1
1
1
1
1
1
1
1
1
1
1
1
1
1
1
1
1
1
1
1
1
1
1
1
1
1
1
1
1
1
1
1
1
1
1
1
1
1
1
1
1
1
1
1
1
1
1
1
1
1
1
1
1
1
1
1
1
1
1
1
1
1
1.00001
1.00001
1.00002
1.00003
1.00004
1.00007
1.00011
1.00016
1.00023
1.00035
1.00049
1.00069
1.00101
1.00137
1.00188
1.00264
1.0035
1.00467
1.00633
1.00817
1.01055
1.01396
1.01765
1.02205
1.02833
1.03518
1.04267
1.0532
1.06491
1.0764
1.09227
1.11041
1.1271
1.1488
1.17369
1.19622
1.22374
1.25469
1.28219
1.31464
1.35243
1.38147
1.41386
1.46064
1.49173
1.51822
1.56728
1.6073
1.6291
1.66076
1.71295
1.73599
1.75333
1.79255
1.82738
1.83925
1.85392
1.88824
1.90562
1.91415
1.92939
1.95486
1.96196
1.96657
1.97545
1.99213
1.99758
2.00027
2.00035
1
1
1
1
1
1
1
1
1
1
1
1
1
1
1
1
1
1
1
1
1
1
1
1
1
1
1
1
1
1
1
1
1
1
1
1
1
1
1
1
1
1
1
1
1
1
1
1
1
1
1
1
1
1
1
1
1
1
1
1
1
1
1
1
1
1
1
1
1
1
1
1
1
1
1
1
1
1
1
1
1
1
1
1
1
1
1
1
1
1
1
1
1
1
1
1
1
1
1
1
1
1
1
1
1
1
1
1.00001
1.00001
1.00002
1.00003
1.00005
1.00007
1.00011
1.00016
1.00023
1.00034
1.00048
1.00067
1.00099
1.00136
1.00186
1.00261
1.0035
1.00471
1.00639
1.00819
1.01064
1.01426
1.01787
1.02211
1.0287
1.03562
1.04285
1.05355
1.06499
1.07634
1.09284
1.11046
1.12643
1.14943
1.1746
1.19524
1.22389
1.25765
1.28395
1.31425
1.35604
1.38831
1.41654
1.46188
1.49907
1.52561
1.56709
1.61139
1.63857
1.6665
1.71297
1.74233
1.76196
1.79235
1.83385
1.85487
1.869
1.89532
1.92774
1.94004
1.95057
1.97487
2.0006
2.00614
2.01286
2.02956
2.045
2.04673
2.05126
2.06406
2.06926
2.06896
2.07057
2.07757
2.08
2.08066
2.08433
2.08808
2.08838
2.08782
2.08732
2.08803
2.08826
2.08768
2.08722
1
1
1
1
1
1
1
1
1
1
1
1
1
1
1
1
1
1
1
1
1
1
1
1
1
1
1
1
1
1
1
1
1
1
1
1
1
1
1
1
1
1
1
1
1
1
1
1
1
1
1
1
1
1
1
1
1
1
1
1
1
1
1
1
1
1
1
1
1
1
1
1
1
1
1
1
1
1
1
1
1
1
1
1
1
1
1
1
1
1
1.00001
1.00001
1.00001
1.00002
1.00003
1.00005
1.00007
1.00011
1.00016
1.00025
1.00035
1.00049
1.00074
1.00104
1.00138
1.00194
1.00277
1.00359
1.00472
1.00655
1.00848
1.01078
1.01435
1.01818
1.0225
1.02921
1.03629
1.04324
1.05423
1.06678
1.07812
1.094
1.11269
1.13032
1.15291
1.17719
1.19949
1.23034
1.26196
1.28733
1.32097
1.36061
1.39082
1.42446
1.46948
1.50065
1.5327
1.58153
1.61332
1.64016
1.68906
1.7222
1.74181
1.77707
1.81609
1.83245
1.85086
1.89013
1.90853
1.91832
1.93866
1.95959
1.96707
1.97636
1.99643
2.00572
2.00813
2.0128
2.02326
2.02751
2.02932
2.03332
2.03993
2.04223
2.04182
2.04143
2.04326
2.04652
2.04788
2.04765
2.04757
2.04879
2.05125
2.05343
2.0559
2.06099
2.06413
2.0662
2.06768
2.06706
2.06623
2.06615
2.06872
2.07207
2.07207
2.0722
2.07304
2.07491
2.07492
2.07503
2.07604
2.07913
1
1
1
1
1
1
1
1
1
1
1
1
1
1
1
1
1
1
1
1
1
1
1
1
1
1
1
1
1
1
1
1
1
1
1
1
1
1
1
1
1
1
1
1
1
1
1
1
1
1
1
1
1
1
1
1
1
1
1
1
1
1
1
1
1
1
1
1
1
1
1
1
1
1
1.00001
1.00001
1.00002
1.00003
1.00004
1.00006
1.00009
1.00013
1.00019
1.00027
1.00039
1.00057
1.00081
1.00109
1.00149
1.00215
1.00296
1.00376
1.00502
1.00703
1.00905
1.0114
1.01496
1.01919
1.02424
1.03052
1.03714
1.04621
1.05793
1.0685
1.08091
1.09971
1.11724
1.13348
1.15851
1.18419
1.20644
1.23787
1.26931
1.2954
1.3337
1.37195
1.39896
1.43632
1.48454
1.51519
1.54564
1.5968
1.63118
1.65652
1.69971
1.73583
1.75978
1.79482
1.8319
1.85224
1.87024
1.90421
1.93516
1.94968
1.96229
1.98484
2.01286
2.022
2.02938
2.04585
2.06655
2.06987
2.07362
2.08441
2.09228
2.09321
2.09694
2.10731
2.11091
2.111
2.11308
2.11591
2.11573
2.11603
2.11635
2.11613
2.11509
2.11371
2.11259
2.11172
2.1106
2.1096
2.10886
2.10783
2.10579
2.10263
2.10078
2.09964
2.09785
2.09502
2.09167
2.08664
2.07992
2.07344
2.0685
2.06449
2.06073
2.05743
2.05482
2.05087
2.04603
2.04534
2.04535
2.04599
2.04698
2.04714
2.04654
2.04591
2.04563
2.04555
2.04589
2.04776
1
1
1
1
1
1
1
1
1
1
1
1
1
1
1
1
1
1
1
1
1
1
1
1
1
1
1
1
1
1
1
1
1
1
1
1
1
1
1
1
1
1
1
1
1
1
1
1
1
1
1
1
1
1
1
1
1.00001
1.00001
1.00001
1.00002
1.00003
1.00004
1.00006
1.0001
1.00013
1.00018
1.00026
1.00038
1.0005
1.0007
1.00103
1.00137
1.0018
1.00256
1.00349
1.00442
1.00588
1.00802
1.01016
1.01273
1.0167
1.02152
1.02616
1.032
1.04069
1.05122
1.06032
1.07076
1.08744
1.10703
1.12176
1.1383
1.16774
1.19485
1.215
1.24532
1.28188
1.30969
1.34491
1.38309
1.41379
1.45642
1.49926
1.52847
1.56712
1.61894
1.64636
1.6734
1.7246
1.7552
1.77807
1.81699
1.84291
1.86443
1.89757
1.91445
1.92835
1.95877
1.98058
1.98562
1.99671
2.0203
2.02624
2.02858
2.03796
2.0502
2.05211
2.05425
2.06082
2.06379
2.06426
2.06658
2.07023
2.07081
2.07093
2.07141
2.07122
2.07073
2.07096
2.07256
2.0741
2.07567
2.07896
2.08302
2.08478
2.08642
2.08999
2.09412
2.09377
2.09216
2.09161
2.0912
2.09199
2.09445
2.09435
2.09265
2.09053
2.08914
2.08892
2.09006
2.09143
2.09073
2.0888
2.08661
2.0852
2.08481
2.08476
2.084
2.08279
2.08083
2.0769
2.07384
2.07326
2.07264
2.07174
2.07066
2.06936
2.06768
2.06522
2.06192
2.05875
2.05671
2.0553
2.05412
2.05267
2.05043
2.04759
2.04506
2.04362
2.0425
2.0419
2.04168
1
1
1
1
1
1
1
1
1
1
1
1
1
1
1
1
1
1
1
1
1
1
1
1
1
1
1
1
1
1
1
1
1
1
1
1
1.00001
1.00001
1.00001
1.00002
1.00003
1.00004
1.00005
1.00007
1.0001
1.00014
1.00018
1.00025
1.00034
1.00045
1.00057
1.00078
1.00105
1.00132
1.00172
1.00235
1.00295
1.00362
1.00484
1.00646
1.0078
1.00957
1.0129
1.01631
1.01941
1.02441
1.03142
1.03771
1.04531
1.05725
1.06873
1.07968
1.09614
1.11629
1.13265
1.15173
1.1814
1.20718
1.22805
1.25966
1.30118
1.32898
1.35324
1.39773
1.44904
1.47631
1.50124
1.55324
1.6049
1.62865
1.65415
1.71102
1.74993
1.76899
1.80157
1.8499
1.87151
1.88956
1.92858
1.95361
1.96918
1.99273
2.01437
2.03273
2.05288
2.06575
2.0754
2.09127
2.10538
2.10793
2.11298
2.12516
2.13216
2.13271
2.13465
2.14253
2.14849
2.1503
2.15188
2.15202
2.15199
2.15157
2.15019
2.1486
2.14765
2.14686
2.14559
2.14404
2.14237
2.1404
2.13804
2.13554
2.1335
2.13162
2.1294
2.12629
2.12201
2.1172
2.11232
2.108
2.10438
2.09962
2.09239
2.08441
2.07737
2.07116
2.06481
2.05853
2.0556
2.05438
2.05276
2.04916
2.04735
2.04753
2.0474
2.04605
2.0444
2.04298
2.04236
2.0426
2.04382
2.04515
2.04534
2.04499
2.04446
2.04459
2.04496
2.04552
2.04662
2.04701
2.04638
2.04502
2.04472
2.04501
2.04584
2.04677
2.04772
2.0486
2.04885
2.04909
2.04932
2.04917
2.04898
2.04883
2.04835
2.048
2.04813
2.04839
2.0488
2.04937
2.04953
2.04927
1
1
1
1
1
1
1
1
1
1
1
1
1
1
1
1
1
1.00001
1.00001
1.00002
1.00002
1.00004
1.00005
1.00007
1.0001
1.00014
1.00018
1.00025
1.00035
1.00045
1.00057
1.00078
1.00103
1.00128
1.00165
1.00216
1.00265
1.00328
1.00431
1.00539
1.00641
1.00781
1.00988
1.01218
1.01469
1.01737
1.02084
1.02588
1.03108
1.03575
1.0429
1.05216
1.05988
1.06872
1.08413
1.0979
1.10829
1.12555
1.15299
1.17165
1.18714
1.22061
1.25678
1.27789
1.3064
1.35278
1.38413
1.41066
1.46105
1.5
1.52402
1.56679
1.61917
1.64434
1.66817
1.72651
1.76452
1.78104
1.80824
1.86424
1.88503
1.89717
1.92863
1.9681
1.97518
1.98436
2.0135
2.03792
2.03775
2.04242
2.06339
2.07745
2.07624
2.07763
2.08843
2.09361
2.09292
2.09496
2.10018
2.1009
2.10042
2.10002
2.10003
2.10015
2.09974
2.09966
2.10085
2.10217
2.10268
2.10469
2.10946
2.1147
2.11766
2.12044
2.12533
2.1264
2.12698
2.12832
2.1284
2.12886
2.12995
2.12814
2.12414
2.12387
2.12287
2.11961
2.11841
2.11549
2.11175
2.11
2.10655
2.10239
2.10136
2.09966
2.09473
2.09139
2.08921
2.08596
2.08042
2.07704
2.07512
2.07313
2.07197
2.07107
2.06928
2.0668
2.06377
2.06077
2.05763
2.05382
2.05063
2.04795
2.04699
2.04678
2.04636
2.04577
2.04499
2.04324
2.04015
2.03906
2.03925
2.03998
2.04037
2.04024
2.03971
2.03868
2.03772
2.0377
2.03783
2.03804
2.03819
2.03803
2.03776
2.03739
2.03708
2.03742
2.03823
2.03931
2.04076
2.04244
2.04318
2.04345
2.04379
2.04433
2.045
2.04576
2.04664
2.04759
2.04862
2.04985
2.05115
2.05209
1
1
1
1.00001
1.00001
1.00003
1.00005
1.0001
1.00017
1.00026
1.00037
1.00054
1.00085
1.00119
1.0015
1.00193
1.00273
1.00366
1.00446
1.0055
1.00705
1.00871
1.01061
1.01317
1.01599
1.01851
1.02216
1.02724
1.03212
1.03665
1.04291
1.05068
1.05831
1.06719
1.07746
1.08762
1.09805
1.11395
1.1301
1.14286
1.15826
1.17951
1.20015
1.22145
1.24384
1.26591
1.29236
1.32546
1.35183
1.37653
1.41325
1.44759
1.47517
1.51543
1.55638
1.585
1.61696
1.67508
1.71328
1.73759
1.77446
1.838
1.86459
1.8812
1.91884
1.9633
1.97606
1.98826
2.02305
2.04511
2.05103
2.06369
2.09489
2.10823
2.11253
2.12348
2.14546
2.15488
2.15661
2.1619
2.17433
2.17959
2.18002
2.17959
2.18256
2.18651
2.18716
2.18715
2.18624
2.18591
2.18634
2.18615
2.18444
2.1822
2.18027
2.17741
2.17436
2.17219
2.17004
2.16716
2.16344
2.15891
2.15342
2.14707
2.14104
2.13587
2.13094
2.12561
2.12092
2.1154
2.10741
2.09983
2.09385
2.08771
2.08015
2.07522
2.07219
2.06909
2.06282
2.05938
2.05787
2.05533
2.04974
2.04363
2.04296
2.04293
2.04135
2.0383
2.03528
2.03401
2.03403
2.03371
2.03299
2.03228
2.03149
2.03125
2.03177
2.03216
2.03191
2.0319
2.03193
2.03168
2.03141
2.03145
2.03248
2.03428
2.03446
2.03419
2.03368
2.03297
2.03304
2.03338
2.03423
2.03617
2.0386
2.03925
2.03934
2.03917
2.03852
2.03864
2.03907
2.03964
2.04079
2.04164
2.04189
2.04196
2.04147
2.04129
2.04136
2.04144
2.04171
2.04211
2.04217
2.04203
2.04166
2.04175
2.04222
2.04299
2.04428
2.04527
2.04549
2.04559
2.04554
2.04555
2.04598
2.04681
2.0477
2.04859
2.04961
2.05094
2.05204
2.05308
1.00053
1.00125
1.00264
1.00525
1.00841
1.01139
1.01559
1.0222
1.03004
1.0354
1.04124
1.05095
1.0666
1.07525
1.08178
1.09278
1.11619
1.13021
1.13811
1.15369
1.17731
1.19196
1.20702
1.23438
1.2542
1.26679
1.28527
1.32679
1.34737
1.35734
1.37597
1.42185
1.44373
1.45478
1.4826
1.51788
1.53592
1.55922
1.59866
1.6162
1.63064
1.66591
1.7072
1.71566
1.72709
1.76519
1.79855
1.80838
1.81903
1.84446
1.8795
1.88941
1.89956
1.92529
1.93985
1.94941
1.97013
1.98848
1.99106
1.99823
2.01034
2.022
2.02984
2.04153
2.05519
2.0666
2.07941
2.08866
2.09852
2.11253
2.13159
2.1354
2.13781
2.14441
2.15131
2.15284
2.15439
2.15242
2.15025
2.15119
2.14845
2.14118
2.13969
2.14121
2.13969
2.13424
2.13245
2.13321
2.13081
2.1278
2.12865
2.12843
2.1226
2.11965
2.11736
2.11211
2.10922
2.10951
2.10966
2.10555
2.0994
2.09691
2.09399
2.08713
2.08304
2.08251
2.08093
2.07615
2.07196
2.06878
2.06422
2.06156
2.06016
2.05834
2.05577
2.05374
2.05124
2.0474
2.04416
2.04368
2.04336
2.0424
2.04106
2.03959
2.03777
2.03635
2.03633
2.03658
2.03668
2.0369
2.03701
2.03684
2.03587
2.03427
2.03356
2.03381
2.03467
2.03606
2.03714
2.03759
2.03788
2.03802
2.03746
2.03558
2.03513
2.03496
2.0349
2.03535
2.03592
2.03623
2.03657
2.03704
2.03763
2.03847
2.03944
2.04062
2.04187
2.04224
2.04249
2.04301
2.04333
2.04353
2.04424
2.04555
2.04632
2.04666
2.04683
2.04683
2.0466
2.04649
2.04654
2.04634
2.04618
2.04614
2.0462
2.04642
2.04671
2.04716
2.04784
2.04804
2.04804
2.04794
2.04761
2.04742
2.04747
2.04778
2.04841
2.04946
2.05057
2.0508
2.05082
2.05076
1.0361
1.06747
1.10779
1.14908
1.19104
1.23365
1.28028
1.31941
1.35985
1.40028
1.4523
1.49145
1.52709
1.56354
1.61493
1.6606
1.69175
1.72306
1.77056
1.82067
1.84813
1.8742
1.92087
1.97027
1.98985
2.01125
2.05494
2.10962
2.12166
2.13581
2.17179
2.22704
2.23814
2.24552
2.27062
2.31915
2.34114
2.34109
2.34828
2.37317
2.40791
2.43086
2.43135
2.43021
2.44504
2.46949
2.47605
2.47033
2.46958
2.47965
2.48593
2.48303
2.46914
2.46724
2.46777
2.46094
2.45225
2.44685
2.43502
2.41988
2.40574
2.38784
2.37579
2.36647
2.35256
2.33246
2.31268
2.29504
2.27728
2.25783
2.24341
2.22899
2.21309
2.19247
2.17266
2.1564
2.14337
2.13438
2.12383
2.11252
2.09804
2.08921
2.08606
2.08213
2.07565
2.0668
2.05743
2.05423
2.05276
2.0514
2.04995
2.04756
2.04357
2.03545
2.02601
2.02382
2.02329
2.02374
2.02314
2.02093
2.01865
2.01472
2.00967
2.00845
2.00822
2.00875
2.00998
2.00953
2.00848
2.00706
2.00646
2.00642
2.00733
2.00986
2.01095
2.01072
2.00983
2.00949
2.00959
2.0104
2.01184
2.01326
2.01564
2.0166
2.01633
2.01636
2.01752
2.01976
2.02309
2.02717
2.0291
2.02949
2.02953
2.02955
2.03
2.03111
2.03357
2.03828
2.04266
2.04371
2.04406
2.04428
2.04425
2.04332
2.04205
2.04177
2.04173
2.0431
2.04682
2.04856
2.04881
2.04899
2.04902
2.04888
2.04891
2.04916
2.05063
2.05312
2.05382
2.05388
2.05359
2.05315
2.05324
2.05369
2.05474
2.05581
2.05597
2.05584
2.05537
2.0544
2.05316
2.0527
2.05256
2.05248
2.05284
2.05358
2.05374
2.05386
2.05399
2.05399
2.05393
2.05364
2.05303
2.05267
2.0526
2.05259
2.05275
2.05353
2.05444
2.05458
2.05448
2.05418
1
1
1
1
1
1
1
1
1
1
1
1
1
1
1
1
1
1
1
1
1
1
1
1
1
1
1
1
1
1
1
1
1
1
1
1
1
1
1
1
1
1
1
1
1
1
1
1
1
1
1
1
1
1
1
1
1
1
1
1
1
1
1
1
1
1
1
1
1
1
1
1
1
1
1
1
1
1
1
1
1
1
1
1
1
1
1
1
1
1
1
1
1
1
1
1
1
1
1
1
1
1
1
1
1
1
1
1
1
1
1
1
1
1
1
1
1
1
1
1
1
1
1
1
1
1
1
1
1
1
1
1
1
1
1
1
1
1
1
1
1
1
1
1
1
1
1
1
1
1
1
1
1
1
1
1
1
1
1
1
1
1
1
1
1
1
1
1
1
1
1
1
1
1
1
1
1
1
1
1
1
1
1
1
1
1
1
1
1
1
1
1
1
1
1
1
1
1
1
1
1
1
1
1
1
1
1
1
1
1
1
1
1
1
1
1
1
1
1
1
1
1
1
1
1
1
1
1
1
1
1
1
1
1
1
1
1
1
1
1
1
1
1
1
1
1
1
1
1
1
1
1
1
1
1
1
1
1
1
1
1
1
1
1
1
1
1
1
1
1
1
1
1
1
1
1
1
1
1
1
1
1
1
1
1
1
1
1
1
1
1
1
1
1
1
1
1
1
1
1
1
1
1
1
1
1
1
1
1
1
1
1
1
1
1
1
1
1
1
1
1
1
1
1
1
1
1
1
1
1
1
1
1
1
1
1
1
1
1
1
1
1
1
1
1
1
1
1
1
1
1
1
1
1
1
1
1
1
1
1
1
1
1
1
1
1
1
1
1
1
1
1
1
1
1
1
1
1
1
1
1
1
1
1
1
1
1
1
1
1
1
1
1
1
1
1
1
1
1
1
1
1
1
1
1
1
1
1
1
1
1
1
1
1
1
1
1
1
1
1
1
1
1
1
1
1
1
1
1
1
1
1
1
1
1
1
1
1
1
1
1
1
1
1
1
1
1
1
1
1
1
1
1
1
1
1
1
1
1
1
1
1
1
1
1
1
1
1
1
1
1
1
1
1
1
1
1
1
1
1
1
1
1
1
1
1
1
1
1
1
1
1
1
1
1
1
1
1
1
1
1
1
1
1
1
1
1
1
1
1
1
1
1
1
1
1
1
1
1
1
1
1
1
1
1
1
1
1
1
1
1
1
1
1
1
1
1
1
1
1
1
1
1
1
1
1
1
1
1
1
1
1
1
1
1
1
1
1
1
1
1
1
1
1
1
1
1
1
1
1
1
1
1
1
1
1
1
1
1
1
1
1
1
1
1
1
1
1
1
1
1
1
1
1
1
1
1
1
1
1
1
1
1
1
1
1
1
1
1
1
1
1
1
1
1
1
1
1
1
1
1
1
1
1
1
1
1
1
1
1
1
1
1
1
1
1
1
1
1
1
1
1
1
1
1
1
1
1
1
1
1
1
1
1
1
1
1
1
1
1
1
1
1
1
1
1
1
1
1
1
1
1
1
1
1
1
1
1
1
1
1
1
1
1
1
1
1
1
1
1
1
1
1
1
1
1
1
1
1
1
1
1
1
1
1
1
1
1
1
1
1
1
1
1
1
1
1
1
1
1
1
1
1
1
1
1
1
1
1
1
1
1
1
1
1
1
1
1
1
1
1
1
1
1
1
1
1
1
1
1
1
1
1
1
1
1
1
1
1
1
1
1
1
1
1
1
1
1
1
1
1
1
1
1
1
1
1
1
1
1
1
1
1
1
1
1
1
1
1
1
1
1
1
1
1
1
1
1
1
1
1
1
1
1
1
1
1
1
1
1
1
1
1
1
1
1
1
1
1
1
1
1
1
1
1
1
1
1
1
1
1
1
1
1
1
1
1
1
1
1
1
1
1
1
1
1
1
1
1
1
1
1
1
1
1
1
1
1
1
1
1
1
1
1
1
1
1
1
1
1
1
1
1
1
1
1
1
1
1
1
1
1
1
1
1
1
1
1
1
1
1
1
1
1
1
1
1
1
1
1
1
1
1
1
1
1
1
1
1
1
1
1
1
1
1
1
1
1
1
1
1
1
1
1
1
1
1
1
1
1
1
1
1
1
1
1
1
1
1
1
1
1
1
1
1
1
1
1
1
1
1
1
1
1
1
1
1
1
1
1
1
1
1
1
1
1
1
1
1
1
1
1
1
1
1
1
1
1
1
1
1
1
1
1
1
1
1
1
1
1
1
1
1
1
1
1
1
1
1
1
1
1
1
1
1
1
1
1
1
1
1
1
1
1
1
1
1
1
1
1
1
1
1
1
1
1
1
1
1
1
1
1
1
1
1
1
1
1
1
1
1
1
1
1
1
1
1
1
1
1
1
1
1
1
1
1
1
1
1
1
1
1
1
1
1
1
1
1
1
1
1
1
1
1
1
1
1
1
1
1
1
1
1
1
1
1
1
1
1
1
1
1
1
1
1
1
1
1
1
1
1
1
1
1
1
1
1
1
1
1
1
1
1
1
1
1
1
1
1
1
1
1
1
1
1
1
1
1
1
1
1
1
1
1
1
1
1
1
1
1
1
1
1
1
1
1
1
1
1
1
1
1
1
1
1
1
1
1
1
1
1
1
1
1
1
1
1
1
1
1
1
1
1
1
1
1
1
1
1
1
1
1
1
1
1
1
1
1
1
1
1
1
1
1
1
1
1
1
1
1
1
1
1
1
1
1
1
1
1
1
1
1
1
1
1
1
1
1
1
1
1
1
1
1
1
1
1
1
1
1
1
1
1
1
1
1
1
1
1
1
1
1
1
1
1
1
1
1
1
1
1
1
1
1
1
1
1
1
1
1
1
1
1
1
1
1
1
1
1
1
1
1
1
1
1
1
1
1
1
1
1
1
1
1
1
1
1
1
1
1
1
1
1
1
1
1
1
1
1
1
1
1
1
1
1
1
1
1
1
1
1
1
1
1
1
1
1
1
1
1
1
1
1
1
1
1
1
1
1
1
1
1
1
1
1
1
1
1
1
1
1
1
1
1
1
1
1
1
1
1
1
1
1
1
1
1
1
1
1
1
1
1
1
1
1
1
1
1
1
1
1
1
1
1
1
1
1
1
1
1
1
1
1
1
1
1
1
1
1
1
1
1
1
1
1
1
1
1
1
1
1
1
1
1
1
1
1
1
1
1
1
1
1
1
1
1
1
1
1
1
1
1
1
1
1
1
1
1
1
1
1
1
1
1
1
1
1
1
1
1
1
1
1
1
1
1
1
1
1
1
1
1
1
1
1
1
1
1
1
1
1
1
1
1
1
1
1
1
1
1
1
1
1
1
1
1
1
1
1
1
1
1
1
1
1
1
1
1
1
1
1
1
1
1
1
1
1
1
1
1
1
1
1
1
1
1
1
1
1
1
1
1
1
1
1
1
1
1
1
1
1
1
1
1
1
1
1
1
1
1
1
1
1
1
1
1
1
1
1
1
1
1
1
1
1
1
1
1
1
1
1
1
1
1
1
1
1
1
1
1
1
1
1
1
1
1
1
1
1
1
1
1
1
1
1
1
1
1
1
1
1
1
1
1
1
1
1
1
1
1
1
1
1
1
1
1
1
1
1
1
1
1
1
1
1
1
1
1
1
1
1
1
1
1
1
1
1
1
1
1
1
1
1
1
1
1
1
1
1
1
1
1
1
1
1
1
1
1
1
1
1
1
1
1
1
1
1
1
1
1
1
1
1
1
1
1
1
1
1
1
1
1
1
1
1
1
1
1
1
1
1
1
1
1
1
1
1
1
1
1
1
1
1
1
1
1
1
1
1
1
1
1
1
1
1
1
1
1
1
1
1
1
1
1
1
1
1
1
1
1
1
1
1
1
1
1
1
1
1
1
1
1
1
1
1
1
1
1
1
1
1
1
1
1
1
1
1
1
1
1
1
1
1
1
1
1
1
1
1
1
1
1
1
1
1
1
1
1
1
1
1
1
1
1
1
1
1
1
1
1
1
1
1
1
1
1
1
1
1
1
1
1
1
1
1
1
1
1
1
1
1
1
1
1
1
1
1
1
1
1
1
1
1
1
1
1
1
1
1
1
1
1
1
1
1
1
1
1
1
1
1
1
1
1
1
1
1
1
1
1
1
1
1
1
1
1
1
1
1
1
1
1
1
1
1
1
1
1
1
1
1
1
1
1
1
1
1
1
1
1
1
1
1
1
1
1
1
1
1
1
1
1
1
1
1
1
1
1
1
1
1
1
1
1
1
1
1
1
1
1
1
1
1
1
1
1
1
1
1
1
1
1
1
1
1
1
1
1
1
1
1
1
1
1
1
1
1
1
1
1
1
1
1
1
1
1
1
1
1
1
1
1
1
1
1
1
1
1
1
1
1
1
1
1
1
1
1
1
1
1
1
1
1
1
1
1
1
1
1
1
1
1
1
1
1
1
1
1
1
1
1
1
1
1
1
1
1
1
1
1
1
1
1
1
1
1
1
1
1
1
1
1
1
1
1
1
1
1
1
1
1
1
1
1
1
1
1
1
1
1
1
1
1
1
1
1
1
1
1
1
1
1
1
1
1
1
1
1
1
1
1
1
1
1
1
1
1
1
1
1
1
1
1
1
1
1
1
1
1
1
1
1
1
1
1
1
1
1
1
1
1
1
1
1
1
1
1
1
1
1
1
1
1
1
1
1
1
1
1
1
1
1
1
1
1
1
1
1
1
1
1
1
1
1
1
1
1
1
1
1
1
1
1
1
1
1
1
1
1
1
1
1
1
1
1
1
1
1
1
1
1
1
1
1
1
1
1
1
1
1
1
1
1
1
1
1
1
1
1
1
1
1
1
1
1
1
1
1
1
1
1
1
1
1
1
1
1
1
1
1
1
1
1
1
1
1
1
1
1
1
1
1
1
1
1
1
1
1
1
1
1
1
1
1
1
1
1
1
1
1
1
1
1
1
1
1
1
1
1
1
1
1
1
1
1
1
1
1
1
1
1
1
1
1
1
1
1
1
1
1
1
1
1
1
1
1
1
1
1
1
1
1
1
1
1
1
1
1
1
1
1
1
1
1
1
1
1
1
1
1
1
1
1
1
1
1
1
1
1
1
1
1
1
1
1
1
1
1
1
1
1
1
1
1
1
1
1
1
1
1
1
1
1
1
1
1
1
1
1
1
1
1
1
1
1
1
1
1
1
1
1
1
1
1
1
1
1
1
1
1
1
1
1
1
1
1
1
1
1
1
1
1
1
1
1
1
1
1
1
1
1
1
1
1
1
1
1
1
1
1
1
1
1
1
1
1
1
1
1
1
1
1
1
1
1
1
1
1
1
1
1
1
1
1
1
1
1
1
1
1
1
1
1
1
1
1
1
1
1
1
1
1
1
1
1
1
1
1
1
1
1
1
1
1
1
1
1
1
1
1
1
1
1
1
1
1
1
1
1
1
1
1
1
1
1
1
1
1
1
1
1
1
1
1
1
1
1
1
1
1
1
1
1
1
1
1
1
1
1
1
1
1
1
1
1
1
1
1
1
1
1
1
1
1
1
1
1
1
1
1
1
1
1
1
1
1
1
1
1
1
1
1
1
1
1
1
1
1
1
1
1
1
1
1
1
1
1
1
1
1
1
1
1
1
1
1
1
1
1
1
1
1
1
1
1
1
1
1
1
1
1
1
1
1
1
1
1
1
1
1
1
1
1
1
1
1
1
1
1
1
1
1
1
1
1
1
1
1
1
1
1
1
1
1
1
1
1
1
1
1
1
1
1
1
1
1
1
1
1
1
1
1
1
1
1
1
1
1
1
1
1
1
1
1
1
1
1
1
1
1
1
1
1
1
1
1
1
1
1
1
1
1
1
1
1
1
1
1
1
1
1
1
1
1
1
1
1
1
1
1
1
1
1
1
1
1
1
1
1
1
1
1
1
1
1
1
1
1
1
1
1
1
1
1
1
1
1
1
1
1
1
1
1
1
1
1
1
1
1
1
1
1
1
1
1
1
1
1
1
1
1
1
1
1
1
1
1
1
1
1
1
1
1
1
1
1
1
1
1
1
1
1
1
1
1
1
1
1
1
1
1
1
1
1
1
1
1
1
1
1
1
1
1
1
1
1
1
1
1
1
1
1
1
1
1
1
1
1
1
1
1
1
1
1
1
1
1
1
1
1
1
1
1
1
1
1
1
1
1
1
1
1
1
1
1
1
1
1
1
1
1
1
1
1
1
1
1
1
1
1
1
1
1
1
1
1
1
1
1
1
1
1
1
1
1
1
1
1
1
1
1
1
1
1
1
1
1
1
1
1
1
1
1
1
1
1
1
1
1
1
1
1
1
1
1
1
1
1
1
1
1
1
1
1
1
1
1
1
1
1
1
1
1
1
1
1
1
1
1
1
1
1
1
1
1
1
1
1
1
1
1
1
1
1
1
1
1
1
1
1
1
1
1
1
1
1
1
1
1
1
1
1
1
1
1
1
1
1
1
1
1
1
1
1
1
1
1
1
1
1
1
1
1
1
1
1
1
1
1
1
1
1
1
1
1
1
1
1
1
1
1
1
1
1
1
1
1
1
1
1
1
1
1
1
1
1
1
1
1
1
1
1
1
1
1
1
1
1
1
1
1
1
1
1
1
1
1
1
1
1
1
1
1
1
1
1
1
1
1
1
1
1
1
1
1
1
1
1
1
1
1
1
1
1
1
1
1
1
1
1
1
1
1
1
1
1
1
1
1
1
1
1
1
1
1
1
1
1
1
1
1
1
1
1
1
1
1
1
1
1
1
1
1
1
1
1
1
1
1
1
1
1
1
1
1
1
1
1
1
1
1
1
1
1
1
1
1
1
1
1
1
1
1
1
1
1
1
1
1
1
1
1
1
1
1
1
1
1
1
1
1
1
1
1
1
1
1
1
1
1
1
1
1
1
1
1
1
1
1
1
1
1
1
1
1
1
1
1
1
1
1
1
1
1
1
1
1
1
1
1
1
1
1
1
1
1
1
1
1
1
1
1
1
1
1
1
1
1
1
1
1
1
1
1
1
1
1
1
1
1
1
1
1
1
1
1
1
1
1
1
1
1
1
1
1
1
1
1
1
1
1
1
1
1
1
1
1
1
1
1
1
1
1
1
1
1
1
1
1
1
1
1
1
1
1
1
1
1
1
1
1
1
1
1
1
1
1
1
1
1
1
1
1
1
1
1
1
1
1
1
1
1
1
1
1
1
1
1
1
1
1
1
1
1
1
1
1
1
1
1
1
1
1
1
1
1
1
1
1
1
1
1
1
1
1
1
1
1
1
1
1
1
1
1
1
1
1
1
1
1
1
1
1
1
1
1
1
1
1
1
1
1
1
1
1
1
1
1
1
1
1
1
1
1
1
1
1
1
1
1
1
1
1
1
1
1
1
1
1
1
1
1
1
1
1
1
1
1
1
1
1
1
1
1
1
1
1
1
1
1
1
1
1
1
1
1
1
1
1
1
1
1
1
1
1
1
1
1
1
1
1
1
1
1
1
1
1
1
1
1
1
1
1
1
1
1
1
1
1
1
1
1
1
1
1
1
1
1
1
1
1
1
1
1
1
1
1
1
1
1
1
1
1
1
1
1
1
1
1
1
1
1
1
1
1
1
1
1
1
1
1
1
1
1
1
1
1
1
1
1
1
1
1
1
1
1
1
1
1
1
1
1
1
1
1
1
1
1
1
1
1
1
1
1
1
1
1
1
1
1
1
1
1
1
1
1
1
1
1
1
1
1
1
1
1
1
1
1
1
1
1
1
1
1
1
1
1
1
1
1
1
1
1
1
1
1
1
1
1
1
1
1
1
1
1
1
1
1
1
1
1
1
1
1
1
1
1
1
1
1
1
1
1
1
1
1
1
1
1
1
1
1
1
1
1
1
1
1
1
1
1
1
1
1
1
1
1
1
1
1
1
1
1
1
1
1
1
1
1
1
1
1
1
1
1
1
1
1
1
1
1
1
1
1
1
1
1
1
1
1
1
1
1
1
1
1
1
1
1
1
1
1
1
1
1
1
1
1
1
1
1
1
1
1
1
1
1
1
1
1
1
1
1
1
1
1
1
1
1
1
1
1
1
1
1
1
1
1
1
1
1
1
1
1
1
1
1
1
1
1
1
1
1
1
1
1
1
1
1
1
1
1
1
1
1
1
1
1
1
1
1
1
1
1
1
1
1
1
1
1
1
1
1
1
1
1
1
1
1
1
1
1
1
1
1
1
1
1
1
1
1
1
1
1
1
1
1
1
1
1
1
1
1
1
1
1
1
1
1
1
1
1
1
1
1
1
1
1
1
1
1
1
1
1
1
1
1
1
1
1
1
1
1
1
1
1
1
1
1
1
1
1
1
1
1
1
1
1
1
1
1
1
1
1
1
1
1
1
1
1
1
1
1
1
1
1
1
1
1
1
1
1
1
1
1
1
1
1
1
1
1
1
1
1
1
1
1
1
1
1
1
1
1
1
1
1
1
1
1
1
1
1
1
1
1
1
1
1
1
1
1
1
1
1
1
1
1
1
1
1
1
1
1
1
1
1
1
1
1
1
1
1
1
1
1
1
1
1
1
1
1
1
1
1
1
1
1
1
1
1
1
1
1
1
1
1
1
1
1
1
1
1
1
1
1
1
1
1
1
1
1
1
1
1
1
1
1
1
1
1
1
1
1
1
1
1
1
1
1
1
1
1
1
1
1
1
1
1
1
1
1
1
1
1
1
1
1
1
1
1
1
1
1
1
1
1
1
1
1
1
1
1
1
1
1
1
1
1
1
1
1
1
1
1
1
1
1
1
1
1
1
1
1
1
1
1
1
1
1
1
1
1
1
1
1
1
1
1
1
1
1
1
1
1
1
1
1
1
1
1
1
1
1
1
1
1
1
1
1
1
1
1
1
1
1
1
1
1
1
1
1
1
1
1
1
1
1
1
1
1
1
1
1
1
1
1
1
1
1
1
1
1
1
1
1
1
1
1
1
1
1
1
1
1
1
1
1
1
1
1
1
1
1
1
1
1
1
1
1
1
1
1
1
1
1
1
1
1
1
1
1
1
1
1
1
1
1
1
1
1
1
1
1
1
1
1
1
1
1
1
1
1
1
1
1
1
1
1
1
1
1
1
1
1
1
1
1
1
1
1
1
1
1
1
1
1
1
1
1
1
1
1
1
1
1
1
1
1
1
1
1
1
1
1
1
1
1
1
1
1
1
1
1
1
1
1
1
1
1
1
1
1
1
1
1
1
1
1
1
1
1
1
1
1
1
1
1
1
1
1
1
1
1
1
1
1
1
1
1
1
1
1
1
1
1
1
1
1
1
1
1
1
1
1
1
1
1
1
1
1
1
1
1
1
1
1
1
1
1
1
1
1
1
1
1
1
1
1
1
1
1
1
1
1
1
1
1
1
1
1
1
1
1
1
1
1
1
1
1
1
1
1
1
1
1
1
1
1
1
1
1
1
1
1
1
1
1
1
1
1
1
1
1
1
1
1
1
1
1
1
1
1
1
1
1
1
1
1
1
1
1
1
1
1
1
1
1
1
1
1
1
1
1
1
1
1
1
1
1
1
1
1
1
1
1
1
1
1
1
1
1
1
1
1
1
1
1
1
1
1
1
1
1
1
1
1
1
1
1
1
1
1
1
1
1
1
1
1
1
1
1
1
1
1
1
1
1
1
1
1
1
1
1
1
1
1
1
1
1
1
1
1
1
1
1
1
1
1
1
1
1
1
1
1
1
1
1
1
1
1
1
1
1
1
1
1
1
1
1
1
1
1
1
1
1
1
1
1
1
1
1
1
1
1
1
1
1
1
1
1
1
1
1
1
1
1
1
1
1
1
1
1
1
1
1
1
1
1
1
1
1
1
1
1
1
1
1
1
1
1
1
1
1
1
1
1
1
1
1
1
1
1
1
1
1
1
1
1
1
1
1
1
1
1
1
1
1
1
1
1
1
1
1
1
1
1
1
1
1
1
1
1
1
1
1
1
1
1
1
1
1
1
1
1
1
1
1
1
1
1
1
1
1
1
1
1
1
1
1
1
1
1
1
1
1
1
1
1
1
1
1
1
1
1
1
1
1
1
1
1
1
1
1
1
1
1
1
1
1
1
1
1
1
1
1
1
1
1
1
1
1
1
1
1
1
1
1
1
1
1
1
1
1
1
1
1
1
1
1
1
1
1
1
1
1
1
1
1
1
1
1
1
1
1
1
1
1
1
1
1
1
1
1
1
1
1
1
1
1
1
1
1
1
1
1
1
1
1
1
1
1
1
1
1
1
1
1
1
1
1
1
1
1
1
1
1
1
1
1
1
1
1
1
1
1
1
1
1
1
1
1
1
1
1
1
1
1
1
1
1
1
1
1
1
1
1
1
1
1
1
1
1
1
1
1
1
1
1
1
1
1
1
1
1
1
1
1
1
1
1
1
1
1
1
1
1
1
1
1
1
1
1
1
1
1
1
1
1
1
1
1
1
1
1
1
1
1
1
1
1
1
1
1
1
1
1
1
1
1
1
1
1
1
1
1
1
1
1
1
1
1
1
1
1
1
1
1
1
1
1
1
1
1
1
1
1
1
1
1
1
1
1
1
1
1
1
1
1
1
1
1
1
1
1
1
1
1
1
1
1
1
1
1
1
1
1
1
1
1
1
1
1
1
1
1
1
1
1
1
1
1
1
1
1
1
1
1
1
1
1
1
1
1
1
1
1
1
1
1
1
1
1
1
1
1
1
1
1
1
1
1
1
1
1
1
1
1
1
1
1
1
1
1
1
1
1
1
1
1
1
1
1
1
1
1
1
1
1
1
1
1
1
1
1
1
1
1
1
1
1
1
1
1
1
1
1
1
1
1
1
1
1
1
1
1
1
1
1
1
1
1
1
1
1
1
1
1
1
1
1
1
1
1
1
1
1
1
1
1
1
1
1
1
1
1
1
1
1
1
1
1
1
1
1
1
1
1
1
1
1
1
1
1
1
1
1
1
1
1
1
1
1
1
1
1
1
1
1
1
1
1
1
1
1
1
1
1
1
1
1
1
1
1
1
1
1
1
1
1
1
1
1
1
1
1
1
1
1
1
1
1
1
1
1
1
1
1
1
1
1
1
1
1
1
1
1
1
1
1
1
1
1
1
1
1
1
1
1
1
1
1
1
1
1
1
1
1
1
1
1
1
1
1
1
1
1
1
1
1
1
1
1
1
1
1
1
1
1
1
1
1
1
1
1
1
1
1
1
1
1
1
1
1
1
1
1
1
1
1
1
1
1
1
1
1
1
1
1
1
1
1
1
1
1
1
1
1
1
1
1
1
1
1
1
1
1
1
1
1
1
1
1
1
1
1
1
1
1
1
1
1
1
1
1
1
1
1
1
1
1
1
1
1
1
1
1
1
1
1
1
1
1
1
1
1
1
1
1
1
1
1
1
1
1
1
1
1
1
1
1
1
1
1
1
1
1
1
1
1
1
1
1
1
1
1
1
1
1
1
1
1
1
1
1
1
1
1
1
1
1
1
1
1
1
1
1
1
1
1
1
1
1
1
1
1
1
1
1
1
1
1
1
1
1
1
1
1
1
1
1
1
1
1
1
1
1
1
1
1
1
1
1
1
1
1
1
1
1
1
1
1
1
1
1
1
1
1
1
1
1
1
1
1
1
1
1
1
1
1
1
1
1
1
1
1
1
1
1
1
1
1
1
1
1
1
1
1
1
1
1
1
1
1
1
1
1
1
1
1
1
1
1
1
1
1
1
1
1
1
1
1
1
1
1
1
1
1
1
1
1
1
1
1
1
1
1
1
1
1
1
1
1
1
1
1
1
1
1
1
1
1
1
1
1
1
1
1
1
1
1
1
1
1
1
1
1
1
1
1
1
1
1
1
1
1
1
1
1
1
1
1
1
1
1
1
1
1
1
1
1
1
1
1
1
1
1
1
1
1
1
1
1
1
1
1
1
1
1
1
1
1
1
1
1
1
1
1
1
1
1
1
1
1
1
1
1
1
1
1
1
1
1
1
1
1
1
1
1
1
1
1
1
1
1
1
1
1
1
1
1
1
1
1
1
1
1
1
1
1
1
1
1
1
1
1
1
1
1
1
1
1
1
1
1
1
1
1
1
1
1
1
1
1
1
1
1
1
1
1
1
1
1
1
1
1
1
1
1
1
1
1
1
1
1
1
1
1
1
1
1
1
1
1
1
1
1
1
1
1
1
1
1
1
1
1
1
1
1
1
1
1
1
1
1
1
1
1
1
1
1
1
1
1
1
1
1
1
1
1
1
1
1
1
1
1
1
1
1
1
1
1
1
1
1
1
1
1
1
1
1
1
1
1
1
1
1
1
1
1
1
1
1
1
1
1
1
1
1
1
1
1
1
1
1
1
1
1
1
1
1
1
1
1
1
1
1
1
1
1
1
1
1
1
1
1
1
1
1
1
1
1
1
1
1
1
1
1
1
1
1
1
1
1
1
1
1
1
1
1
1
1
1
1
1
1
1
1
1
1
1
1
1
1
1
1
1
1
1
1
1
1
1
1
1
1
1
1
1
1
1
1
1
1
1
1
1
1
1
1
1
1
1
1
1
1
1
1
1
1
1
1
1
1
1
1
1
1
1
1
1
1
1
1
1
1
1
1
1
1
1
1
1
1
1
1
1
1
1
1
1
1
1
1
1
1
1
1
1
1
1
1
1
1
1
1
1
1
1
1
1
1
1
1
1
1
1
1
1
1
1
1
1
1
1
1
1
1
1
1
1
1
1
1
1
1
1
1
1
1
1
1
1
1
1
1
1
1
1
1
1
1
1
1
1
1
1
1
1
1
1
1
1
1
1
1
1
1
1
1
1
1
1
1
1
1
1
1
1
1
1
1
1
1
1
1
1
1
1
1
1
1
1
1
1
1
1
1
1
1
1
1
1
1
1
1
1
1
1
1
1
1
1
1
1
1
1
1
1
1
1
1
1
1
1
1
1
1
1
1
1
1
1
1
1
1
1
1
1
1
1
1
1
1
1
1
1
1
1
1
1
1
1
1
1
1
1
1
1
1
1
1
1
1
1
1
1
1
1
1
1
1
1
1
1
1
1
1
1
1
1
1
1
1
1
1
1
1
1
1
1
1
1
1
1
1
1
1
1
1
1
1
1
1
1
1
1
1
1
1
1
1
1
1
1
1
1
1
1
1
1
1
1
1
1
1
1
1
1
1
1
1
1
1
1
1
1
1
1
1
1
1
1
1
1
1
1
1
1
1
1
1
1
1
1
1
1
1
1
1
1
1
1
1
1
1
1
1
1
1
1
1
1
1
1
1
1
1
1
1
1
1
1
1
1
1
1
1
1
1
1
1
1
1
1
1
1
1
1
1
1
1
1
1
1
1
1
1
1
1
1
1
1
1
1
1
1
1
1
1
1
1
1
1
1
1
1
1.00001
1.00001
1.00002
1.00004
1.00007
1.00015
1
1
1
1
1
1
1
1
1
1
1
1
1
1
1
1
1
1
1
1
1
1
1
1
1
1
1
1
1
1
1
1
1
1
1
1
1
1
1
1
1
1
1
1
1
1
1
1
1
1
1
1
1
1
1
1
1
1
1
1
1
1
1
1
1
1
1
1
1
1
1
1
1
1
1
1
1
1
1
1
1
1
1
1
1
1
1
1
1
1
1
1
1
1
1
1
1
1
1
1
1
1
1
1
1
1
1
1
1
1
1
1
1
1
1
1
1
1
1
1
1
1
1
1
1
1
1
1
1
1
1
1
1
1
1
1
1
1
1
1
1
1
1
1
1
1
1
1
1
1
1
1
1
1
1
1
1
1
1
1
1
1
1
1
1
1
1
1
1
1
1
1
1
1
1
1.00001
1.00001
1.00002
1.00003
1.00005
1.0001
1.00018
1.00027
1.00042
1.00074
1.00117
1.00158
1.00234
1.00386
1.0055
1.00732
1.01087
1
1
1
1
1
1
1
1
1
1
1
1
1
1
1
1
1
1
1
1
1
1
1
1
1
1
1
1
1
1
1
1
1
1
1
1
1
1
1
1
1
1
1
1
1
1
1
1
1
1
1
1
1
1
1
1
1
1
1
1
1
1
1
1
1
1
1
1
1
1
1
1
1
1
1
1
1
1
1
1
1
1
1
1
1
1
1
1
1
1
1
1
1
1
1
1
1
1
1
1
1
1
1
1
1
1
1
1
1
1
1
1
1
1
1
1
1
1
1
1
1
1
1
1
1
1
1
1
1
1
1
1
1
1
1
1
1
1
1
1
1
1
1
1
1
1
1
1
1
1
1
1
1
1
1
1
1
1
1
1
1
1
1
1
1
1.00001
1.00001
1.00003
1.00005
1.00008
1.00012
1.00022
1.00038
1.0006
1.00088
1.00139
1.0023
1.00334
1.00441
1.00638
1.00989
1.01343
1.01692
1.02355
1.03416
1.04251
1.05053
1.06725
1.08734
1.10209
1.12101
1.15402
1
1
1
1
1
1
1
1
1
1
1
1
1
1
1
1
1
1
1
1
1
1
1
1
1
1
1
1
1
1
1
1
1
1
1
1
1
1
1
1
1
1
1
1
1
1
1
1
1
1
1
1
1
1
1
1
1
1
1
1
1
1
1
1
1
1
1
1
1
1
1
1
1
1
1
1
1
1
1
1
1
1
1
1
1
1
1
1
1
1
1
1
1
1
1
1
1
1
1
1
1
1
1
1
1
1
1
1
1
1
1
1
1
1
1
1
1
1
1
1
1
1
1
1
1
1
1
1
1
1
1
1
1
1
1
1
1
1
1
1
1
1
1
1
1
1
1
1
1
1
1
1
1
1
1.00001
1.00001
1.00002
1.00003
1.00006
1.00011
1.00018
1.00028
1.00043
1.00075
1.00121
1.00172
1.00249
1.00402
1.00612
1.00807
1.01075
1.0159
1.02234
1.02774
1.0351
1.0492
1.06502
1.07698
1.0925
1.1219
1.14756
1.16504
1.18966
1.23831
1.27521
1.30174
1.343
1.40802
1.43537
1.45544
1.49613
1.56127
1
1
1
1
1
1
1
1
1
1
1
1
1
1
1
1
1
1
1
1
1
1
1
1
1
1
1
1
1
1
1
1
1
1
1
1
1
1
1
1
1
1
1
1
1
1
1
1
1
1
1
1
1
1
1
1
1
1
1
1
1
1
1
1
1
1
1
1
1
1
1
1
1
1
1
1
1
1
1
1
1
1
1
1
1
1
1
1
1
1
1
1
1
1
1
1
1
1
1
1
1
1
1
1
1
1
1
1
1
1
1
1
1
1
1
1
1
1
1
1
1
1
1
1
1
1
1
1
1
1
1
1
1
1
1
1
1
1
1
1
1
1
1
1
1.00001
1.00001
1.00002
1.00004
1.00007
1.00012
1.0002
1.00037
1.00058
1.00084
1.00135
1.00223
1.00322
1.00435
1.00646
1.01004
1.0137
1.01743
1.024
1.03451
1.04332
1.05202
1.06747
1.09082
1.10857
1.12568
1.15756
1.19787
1.22092
1.24324
1.28864
1.3361
1.3645
1.39746
1.47166
1.52489
1.54222
1.56574
1.61993
1.65513
1.67716
1.7193
1.79683
1.82179
1.82326
1.83521
1.85774
1.8835
1
1
1
1
1
1
1
1
1
1
1
1
1
1
1
1
1
1
1
1
1
1
1
1
1
1
1
1
1
1
1
1
1
1
1
1
1
1
1
1
1
1
1
1
1
1
1
1
1
1
1
1
1
1
1
1
1
1
1
1
1
1
1
1
1
1
1
1
1
1
1
1
1
1
1
1
1
1
1
1
1
1
1
1
1
1
1
1
1
1
1
1
1
1
1
1
1
1
1
1
1
1
1
1
1
1
1
1
1
1
1
1
1
1
1
1
1
1
1
1
1
1
1
1
1
1
1
1
1
1
1
1
1
1
1.00001
1.00002
1.00003
1.00005
1.00009
1.00015
1.00023
1.00037
1.00065
1.00108
1.00156
1.00229
1.00373
1.00565
1.00746
1.0101
1.01517
1.02148
1.02693
1.03457
1.04899
1.06396
1.07536
1.09112
1.1203
1.14579
1.16484
1.19314
1.24627
1.28113
1.30553
1.3438
1.40461
1.43351
1.45752
1.5083
1.59024
1.61948
1.63965
1.68457
1.72771
1.73635
1.75245
1.80152
1.86711
1.87969
1.88748
1.90979
1.91915
1.91939
1.92702
1.96068
1.98959
1.99379
1.99444
1.99584
1.99745
2.00044
1
1
1
1
1
1
1
1
1
1
1
1
1
1
1
1
1
1
1
1
1
1
1
1
1
1
1
1
1
1
1
1
1
1
1
1
1
1
1
1
1
1
1
1
1
1
1
1
1
1
1
1
1
1
1
1
1
1
1
1
1
1
1
1
1
1
1
1
1
1
1
1
1
1
1
1
1
1
1
1
1
1
1
1
1
1
1
1
1
1
1
1
1
1
1
1
1
1
1
1
1
1
1
1
1
1
1
1
1
1
1
1
1
1
1
1
1
1
1
1
1
1
1
1
1.00001
1.00002
1.00003
1.00005
1.00009
1.00016
1.00029
1.00046
1.00067
1.00109
1.00183
1.00271
1.00374
1.00566
1.00892
1.01225
1.0156
1.0217
1.03152
1.03998
1.04852
1.06407
1.08746
1.10461
1.12144
1.15248
1.19031
1.21256
1.2353
1.2852
1.33758
1.36814
1.40138
1.46938
1.51107
1.52818
1.55592
1.62439
1.6741
1.69992
1.73639
1.79282
1.80555
1.80806
1.8271
1.86963
1.90471
1.92044
1.94286
1.9576
1.9571
1.95707
1.96445
1.98078
2.00028
2.00808
2.01316
2.01571
2.01513
2.01413
2.01529
2.02015
2.02782
2.0304
2.03087
2.03015
2.02784
2.02744
1
1
1
1
1
1
1
1
1
1
1
1
1
1
1
1
1
1
1
1
1
1
1
1
1
1
1
1
1
1
1
1
1
1
1
1
1
1
1
1
1
1
1
1
1
1
1
1
1
1
1
1
1
1
1
1
1
1
1
1
1
1
1
1
1
1
1
1
1
1
1
1
1
1
1
1
1
1
1
1
1
1
1
1
1
1
1
1
1
1
1
1
1
1
1
1
1
1
1
1
1
1
1
1
1
1
1
1
1
1
1
1
1
1
1.00001
1.00002
1.00003
1.00006
1.0001
1.00016
1.00026
1.00047
1.00081
1.00119
1.00175
1.00287
1.00447
1.00604
1.00829
1.01268
1.01847
1.02347
1.03024
1.04311
1.05698
1.06768
1.08245
1.11028
1.13605
1.15607
1.18458
1.23605
1.26864
1.2908
1.32712
1.38755
1.4238
1.45506
1.51378
1.5879
1.60533
1.62192
1.66374
1.71333
1.73873
1.76999
1.83112
1.86472
1.86522
1.87048
1.89273
1.91426
1.93019
1.95808
1.98266
1.98645
1.98481
1.98552
1.99092
1.99728
2.00799
2.02092
2.02494
2.02601
2.02569
2.02396
2.02409
2.02506
2.02871
2.03419
2.03549
2.0357
2.03432
2.03139
2.03073
2.03082
2.03229
2.03432
2.03458
2.03424
2.03219
2.03026
1
1
1
1
1
1
1
1
1
1
1
1
1
1
1
1
1
1
1
1
1
1
1
1
1
1
1
1
1
1
1
1
1
1
1
1
1
1
1
1
1
1
1
1
1
1
1
1
1
1
1
1
1
1
1
1
1
1
1
1
1
1
1
1
1
1
1
1
1
1
1
1
1
1
1
1
1
1
1
1
1
1
1
1
1
1
1
1
1
1
1
1
1
1
1
1
1
1
1
1
1
1
1
1
1.00001
1.00002
1.00003
1.00005
1.00009
1.00018
1.00029
1.00044
1.00072
1.00126
1.00196
1.00276
1.00419
1.00671
1.00948
1.01223
1.01714
1.02557
1.03358
1.04133
1.05489
1.07627
1.09218
1.10726
1.13451
1.17084
1.1946
1.21838
1.26938
1.32324
1.35124
1.38047
1.44147
1.48404
1.50641
1.54271
1.62903
1.675
1.69014
1.71791
1.76696
1.78216
1.79488
1.83339
1.8957
1.91238
1.91324
1.92548
1.94211
1.94733
1.95596
1.98235
2.00276
2.00534
2.00495
2.00538
2.00916
2.01211
2.01682
2.0275
2.03288
2.03364
2.03357
2.03131
2.03026
2.03066
2.03174
2.03499
2.03761
2.03786
2.0377
2.03598
2.03374
2.03343
2.03375
2.03547
2.03673
2.03662
2.03574
2.03306
2.03037
2.02905
2.02789
2.02573
2.02283
2.02053
2.01767
2.00987
1
1
1
1
1
1
1
1
1
1
1
1
1
1
1
1
1
1
1
1
1
1
1
1
1
1
1
1
1
1
1
1
1
1
1
1
1
1
1
1
1
1
1
1
1
1
1
1
1
1
1
1
1
1
1
1
1
1
1
1
1
1
1
1
1
1
1
1
1
1
1
1
1
1
1
1
1
1
1
1
1
1
1
1
1
1
1
1
1
1
1
1
1
1
1.00001
1.00001
1.00003
1.00005
1.00009
1.00015
1.00027
1.00048
1.00074
1.00108
1.0018
1.00298
1.00423
1.00585
1.00908
1.0138
1.01792
1.02304
1.03307
1.04568
1.05558
1.06828
1.09318
1.1188
1.1374
1.16157
1.20655
1.24036
1.26259
1.29672
1.3626
1.40568
1.43651
1.48542
1.554
1.57377
1.59149
1.63663
1.70859
1.74192
1.76588
1.81321
1.84155
1.84294
1.85301
1.88438
1.92851
1.94568
1.95541
1.97105
1.97449
1.97467
1.98021
1.99337
2.01158
2.01879
2.02006
2.02155
2.02269
2.02406
2.02589
2.02999
2.03599
2.0376
2.03788
2.03713
2.0351
2.03493
2.03549
2.03714
2.0397
2.04027
2.04016
2.03914
2.03691
2.03598
2.03589
2.03632
2.0378
2.03791
2.03722
2.03555
2.03168
2.02787
2.02596
2.02412
2.02039
2.01644
2.01338
2.00915
1.99867
1.98828
1.98271
1.97752
1.967
1.95961
1.95469
1.94462
1
1
1
1
1
1
1
1
1
1
1
1
1
1
1
1
1
1
1
1
1
1
1
1
1
1
1
1
1
1
1
1
1
1
1
1
1
1
1
1
1
1
1
1
1
1
1
1
1
1
1
1
1
1
1
1
1
1
1
1
1
1
1
1
1
1
1
1
1
1
1
1
1
1
1
1
1
1
1
1
1
1
1
1
1.00001
1.00001
1.00002
1.00004
1.00008
1.00014
1.00023
1.00038
1.00069
1.00116
1.00167
1.00249
1.00411
1.00624
1.00832
1.01162
1.01791
1.02507
1.03122
1.04082
1.05826
1.0736
1.08645
1.10792
1.14329
1.1694
1.1921
1.23426
1.28765
1.31517
1.3401
1.39492
1.44976
1.48178
1.52087
1.60337
1.64457
1.65585
1.67828
1.73056
1.76441
1.78973
1.83696
1.8877
1.89514
1.89402
1.90459
1.92769
1.94503
1.96509
1.99179
1.99886
1.99882
1.99711
2.00074
2.00725
2.01571
2.02736
2.03183
2.03268
2.03213
2.03066
2.03128
2.03275
2.03568
2.03936
2.04035
2.04067
2.04026
2.03927
2.03926
2.03967
2.04094
2.04216
2.0421
2.04156
2.04016
2.03862
2.03817
2.03801
2.0383
2.03842
2.03754
2.03574
2.0332
2.02838
2.02402
2.02141
2.01849
2.01222
2.00666
2.00278
1.99748
1.98387
1.97285
1.96782
1.96236
1.95019
1.94165
1.93637
1.92909
1.91072
1.89447
1.88683
1.881
1.86848
1.85777
1.85006
1
1
1
1
1
1
1
1
1
1
1
1
1
1
1
1
1
1
1
1
1
1
1
1
1
1
1
1
1
1
1
1
1
1
1
1
1
1
1
1
1
1
1
1
1
1
1
1
1
1
1
1
1
1
1
1
1
1
1
1
1
1
1
1
1
1
1
1
1
1
1
1
1
1
1
1.00001
1.00002
1.00004
1.00006
1.00011
1.00021
1.00036
1.00054
1.00089
1.00159
1.00246
1.00343
1.00524
1.00845
1.01174
1.01517
1.02164
1.03215
1.04125
1.05077
1.06868
1.09277
1.1097
1.12814
1.16351
1.20173
1.22687
1.25695
1.31986
1.36753
1.39398
1.42958
1.4961
1.53155
1.55708
1.60735
1.69543
1.71996
1.73292
1.76648
1.80478
1.81709
1.83677
1.88928
1.93214
1.93633
1.93705
1.94923
1.95923
1.96507
1.98094
2.00765
2.01497
2.01585
2.01471
2.01673
2.01951
2.02233
2.02946
2.03727
2.03868
2.03891
2.03764
2.03631
2.03686
2.03807
2.04057
2.04301
2.04342
2.04342
2.04232
2.04075
2.04058
2.04078
2.04195
2.04292
2.043
2.04287
2.04183
2.04049
2.03976
2.03956
2.03911
2.03748
2.03533
2.03312
2.02857
2.02127
2.01724
2.01432
2.00846
2.00084
1.99665
1.99228
1.98184
1.96561
1.95927
1.95454
1.94593
1.93027
1.92265
1.91702
1.90814
1.88727
1.87488
1.86879
1.86198
1.84677
1.83396
1.82791
1.82104
1.80526
1.78299
1.77314
1.76623
1.75658
1.74249
1
1
1
1
1
1
1
1
1
1
1
1
1
1
1
1
1
1
1
1
1
1
1
1
1
1
1
1
1
1
1
1
1
1
1
1
1
1
1
1
1
1
1
1
1
1
1
1
1
1
1
1
1
1
1
1
1
1
1
1
1
1
1
1
1
1.00001
1.00001
1.00003
1.00005
1.00009
1.00015
1.00028
1.00051
1.00078
1.00116
1.00198
1.00331
1.00472
1.00656
1.01025
1.01563
1.02027
1.0261
1.03778
1.05217
1.06333
1.0779
1.10703
1.13453
1.15409
1.18228
1.23278
1.26663
1.29077
1.33539
1.40549
1.44267
1.4723
1.53327
1.58998
1.60701
1.63046
1.69515
1.7572
1.77749
1.80147
1.84855
1.86259
1.86533
1.88273
1.92422
1.96032
1.96515
1.97244
1.98338
1.98466
1.98708
1.99519
2.01262
2.02542
2.02757
2.02819
2.02768
2.02827
2.02974
2.03203
2.0377
2.04186
2.04252
2.0427
2.04157
2.04076
2.04116
2.04193
2.04372
2.04518
2.04525
2.04479
2.04326
2.04225
2.04231
2.04285
2.04392
2.04434
2.0442
2.04364
2.04178
2.03993
2.03907
2.03811
2.03566
2.03322
2.03137
2.02842
2.02081
2.0144
2.01068
2.00595
1.99666
1.99114
1.98683
1.97949
1.96219
1.95123
1.94536
1.93843
1.92282
1.91099
1.90553
1.89894
1.8831
1.86269
1.85717
1.85178
1.84203
1.82045
1.80718
1.8001
1.79345
1.77692
1.76042
1.75291
1.74496
1.7325
1.71357
1.70707
1.70202
1.69384
1.67368
1.65135
1.64202
1.6341
1
1
1
1
1
1
1
1
1
1
1
1
1
1
1
1
1
1
1
1
1
1
1
1
1
1
1
1
1
1
1
1
1
1
1
1
1
1
1
1
1
1
1
1
1
1
1
1
1
1
1
1
1
1
1
1
1.00001
1.00002
1.00003
1.00007
1.00012
1.0002
1.00033
1.00063
1.00106
1.00155
1.00237
1.00403
1.00619
1.00831
1.01183
1.01859
1.02599
1.0324
1.04286
1.06173
1.07798
1.09199
1.11589
1.15463
1.18172
1.20568
1.24963
1.30662
1.33523
1.36214
1.42142
1.48232
1.51492
1.55262
1.63082
1.67169
1.68333
1.70703
1.76419
1.8019
1.82534
1.86492
1.9051
1.90961
1.91025
1.92472
1.94983
1.97212
1.98795
2.00092
2.00499
2.00441
2.00647
2.01118
2.01826
2.02958
2.03538
2.0367
2.03706
2.03542
2.03504
2.03619
2.03839
2.04261
2.04479
2.04516
2.04515
2.0438
2.04301
2.04319
2.04401
2.04583
2.0466
2.04662
2.04623
2.04497
2.04434
2.04437
2.04464
2.04508
2.04491
2.04445
2.04302
2.04052
2.03863
2.03719
2.03411
2.03104
2.02922
2.02693
2.02055
2.01215
2.00683
2.0024
1.9931
1.98323
1.97907
1.97428
1.96233
1.94538
1.9372
1.93072
1.91952
1.90236
1.8953
1.88937
1.87955
1.85675
1.84414
1.83751
1.82885
1.81063
1.79028
1.78285
1.77701
1.76695
1.74726
1.73973
1.73447
1.72474
1.70157
1.67585
1.6705
1.6666
1.65986
1.64257
1.62854
1.61891
1.61065
1.59872
1.58508
1.57981
1.57345
1.56117
1.53477
1.51425
1
1
1
1
1
1
1
1
1
1
1
1
1
1
1
1
1
1
1
1
1
1
1
1
1
1
1
1
1
1
1
1
1
1
1
1
1
1
1
1
1
1
1
1
1
1
1.00001
1.00001
1.00002
1.00004
1.00007
1.00015
1.00026
1.0004
1.00071
1.00129
1.002
1.00287
1.00455
1.00744
1.01049
1.01386
1.02032
1.03065
1.03964
1.04912
1.06736
1.09186
1.10923
1.12821
1.16664
1.2071
1.23316
1.26445
1.33014
1.37726
1.40349
1.44267
1.51517
1.55157
1.57798
1.6333
1.71455
1.73376
1.74832
1.78753
1.82609
1.84008
1.86356
1.91671
1.94524
1.94574
1.94752
1.96162
1.97327
1.98114
2.00067
2.01859
2.02102
2.02055
2.02052
2.02339
2.02631
2.03148
2.0394
2.04174
2.04224
2.04183
2.04048
2.04073
2.04146
2.04311
2.04594
2.0468
2.0469
2.0464
2.04475
2.0441
2.04428
2.04539
2.04694
2.04729
2.04727
2.04673
2.04545
2.04502
2.04495
2.04498
2.04526
2.04509
2.04419
2.04189
2.03922
2.03713
2.03375
2.02941
2.0269
2.02436
2.01875
2.00948
2.00326
1.99819
1.98975
1.97614
1.97123
1.96742
1.96021
1.94255
1.93042
1.92318
1.91511
1.89701
1.88256
1.87691
1.87036
1.85508
1.83428
1.82463
1.81557
1.80264
1.77881
1.76845
1.76296
1.75595
1.73838
1.72294
1.71509
1.70429
1.68589
1.65678
1.64673
1.64464
1.64006
1.62905
1.61664
1.60943
1.59929
1.57985
1.54874
1.53717
1.53542
1.5324
1.52475
1.50648
1.49129
1.48652
1.48179
1.47335
1.46028
1.45032
1.43933
1.41766
1
1
1
1
1
1
1
1
1
1
1
1
1
1
1
1
1
1
1
1
1
1
1
1
1
1
1
1
1
1
1
1
1
1
1
1
1
1.00001
1.00001
1.00003
1.00005
1.00008
1.00016
1.0003
1.0005
1.00078
1.00138
1.00238
1.0035
1.00504
1.00811
1.01251
1.01658
1.02224
1.03322
1.04622
1.0569
1.07196
1.1002
1.12563
1.14519
1.17454
1.22627
1.26149
1.28801
1.33492
1.40831
1.44392
1.47269
1.53151
1.59755
1.61854
1.64349
1.70891
1.77294
1.78873
1.80847
1.85584
1.87626
1.88095
1.89948
1.94324
1.97166
1.97377
1.97973
1.99133
1.99457
1.9981
2.00938
2.02615
2.0311
2.03189
2.03181
2.03237
2.03341
2.03505
2.03966
2.04454
2.04547
2.04573
2.04518
2.04434
2.04447
2.04485
2.04612
2.04786
2.04816
2.04811
2.0472
2.0458
2.04561
2.04583
2.04681
2.04774
2.04773
2.04741
2.04643
2.0452
2.04456
2.04423
2.04419
2.04414
2.04342
2.04143
2.03891
2.03653
2.03314
2.02773
2.02473
2.0223
2.01791
2.00832
2.00151
1.99645
1.98929
1.97421
1.96619
1.96136
1.95439
1.93708
1.92111
1.91428
1.90714
1.89245
1.87085
1.86414
1.85888
1.84987
1.82804
1.81332
1.80406
1.79357
1.77305
1.75141
1.7453
1.73929
1.72929
1.70942
1.69568
1.68292
1.66813
1.64492
1.628
1.62507
1.62116
1.6136
1.59895
1.58593
1.57203
1.55284
1.52568
1.51175
1.50928
1.50854
1.50396
1.49437
1.483
1.47199
1.45654
1.43408
1.41058
1.40426
1.40338
1.40031
1.3906
1.37313
1.36742
1.36423
1.35845
1.3494
1.3358
1.31529
1
1
1
1
1
1
1
1
1
1
1
1
1
1
1
1
1
1
1
1
1
1
1
1
1
1
1
1
1.00001
1.00001
1.00002
1.00005
1.00009
1.00015
1.00029
1.00056
1.00089
1.00139
1.00242
1.00403
1.00575
1.00833
1.01325
1.01939
1.02507
1.03405
1.05013
1.06533
1.079
1.10234
1.13811
1.16345
1.18691
1.23322
1.28631
1.31626
1.34745
1.41783
1.47435
1.50331
1.54285
1.62629
1.66252
1.67822
1.71123
1.78133
1.81327
1.83141
1.86784
1.91129
1.91566
1.9175
1.93497
1.96631
1.98452
1.99276
2.00663
2.01265
2.01178
2.01309
2.01862
2.02849
2.03802
2.04031
2.0412
2.04109
2.04018
2.04063
2.04162
2.04408
2.04701
2.04756
2.04764
2.04686
2.04588
2.04595
2.04643
2.04776
2.04874
2.04882
2.04873
2.0479
2.04712
2.04705
2.0472
2.0479
2.04829
2.04814
2.04762
2.04637
2.04479
2.04407
2.04364
2.04299
2.04177
2.03977
2.03769
2.03541
2.03163
2.02516
2.02193
2.01951
2.0155
2.0059
1.99891
1.99404
1.98745
1.97211
1.96262
1.95782
1.95107
1.93439
1.9152
1.90852
1.90208
1.88973
1.86587
1.85545
1.84812
1.83766
1.8143
1.79349
1.787
1.77929
1.76514
1.73685
1.72515
1.72082
1.71437
1.69888
1.6782
1.66523
1.6521
1.6362
1.61127
1.60058
1.5977
1.59236
1.58165
1.56196
1.5422
1.52503
1.50957
1.49281
1.48604
1.48458
1.48106
1.47296
1.45851
1.43994
1.41959
1.40155
1.38481
1.37812
1.377
1.37578
1.37134
1.36255
1.35167
1.33715
1.31849
1.29602
1.28128
1.27825
1.27741
1.2742
1.26395
1.25296
1.25052
1.24679
1.24023
1.22454
1
1
1
1
1
1
1
1
1
1
1
1
1
1
1
1
1
1
1
1
1.00001
1.00002
1.00004
1.00008
1.00015
1.00025
1.00048
1.00093
1.00148
1.00222
1.00385
1.00638
1.00887
1.01264
1.02005
1.02835
1.03617
1.04924
1.07055
1.08821
1.10627
1.1392
1.17863
1.20532
1.23621
1.29653
1.34419
1.37339
1.41596
1.49491
1.53614
1.56457
1.61796
1.69767
1.71864
1.73598
1.77916
1.832
1.85025
1.87169
1.91767
1.94723
1.9472
1.95131
1.96888
1.98385
1.99393
2.01218
2.02545
2.02683
2.02528
2.02585
2.02915
2.03295
2.03942
2.04501
2.04602
2.04621
2.04514
2.04458
2.04499
2.04579
2.04794
2.0497
2.04985
2.04966
2.04838
2.04713
2.04696
2.04703
2.04784
2.04866
2.04872
2.04854
2.04774
2.0473
2.04732
2.0475
2.04802
2.04815
2.04787
2.04689
2.04536
2.04437
2.04339
2.04235
2.04121
2.03915
2.0364
2.03382
2.0307
2.02424
2.01951
2.01662
2.01296
2.00406
1.99583
1.99058
1.98473
1.97087
1.95863
1.95328
1.94686
1.93259
1.9114
1.90275
1.89576
1.88399
1.86001
1.84896
1.84193
1.83072
1.80572
1.77808
1.77195
1.76589
1.75486
1.72877
1.71188
1.70267
1.6914
1.67333
1.64732
1.63883
1.63144
1.61953
1.59498
1.5741
1.57101
1.56786
1.56024
1.5422
1.52012
1.50325
1.49154
1.47761
1.46051
1.45506
1.4529
1.44683
1.4335
1.40604
1.38184
1.3735
1.36659
1.35543
1.35078
1.34938
1.34464
1.33519
1.31727
1.29268
1.2762
1.26644
1.25565
1.25081
1.25023
1.24863
1.2446
1.2362
1.22393
1.20643
1.18772
1.17031
1.16221
1.16006
1.15903
1.15557
1.14906
1.14093
1.13729
1.13135
1
1
1
1
1
1
1
1
1
1
1
1.00001
1.00001
1.00002
1.00005
1.00012
1.00022
1.00037
1.00071
1.00136
1.00216
1.00325
1.00558
1.00927
1.01285
1.01787
1.02797
1.03975
1.04981
1.0661
1.09379
1.11644
1.137
1.17745
1.22268
1.25232
1.28991
1.35889
1.40337
1.43275
1.4904
1.56155
1.5935
1.6245
1.69919
1.74946
1.76518
1.78984
1.84585
1.86983
1.88225
1.91134
1.95864
1.96878
1.96943
1.98075
1.99606
2.00026
2.00694
2.02568
2.0363
2.03714
2.0364
2.03599
2.03765
2.03914
2.04217
2.0479
2.04969
2.04989
2.04946
2.04791
2.04755
2.04766
2.04819
2.04976
2.05049
2.05041
2.04981
2.0486
2.04817
2.04821
2.04861
2.04957
2.04981
2.04954
2.04864
2.04725
2.04662
2.04636
2.04631
2.04626
2.04593
2.04522
2.04439
2.04361
2.04226
2.04061
2.03948
2.03821
2.03524
2.03176
2.02916
2.02587
2.01967
2.01518
2.01162
2.00605
1.99549
1.98747
1.98131
1.97253
1.95694
1.94834
1.94171
1.93189
1.9102
1.89555
1.88705
1.87777
1.85616
1.83943
1.83139
1.82103
1.79998
1.76805
1.75791
1.75088
1.74015
1.71561
1.70079
1.69239
1.67918
1.65461
1.61959
1.61036
1.60747
1.59991
1.5833
1.55696
1.54524
1.53464
1.52395
1.50599
1.48674
1.47743
1.46692
1.45257
1.43094
1.42326
1.42182
1.4172
1.40667
1.38424
1.35766
1.34719
1.34214
1.33215
1.3204
1.31698
1.31316
1.30409
1.28185
1.25023
1.2403
1.23896
1.23462
1.22452
1.22057
1.21868
1.21353
1.20235
1.17866
1.15498
1.14756
1.14317
1.13478
1.13029
1.12962
1.12869
1.12483
1.11603
1.09956
1.08022
1.06768
1.06001
1.05128
1.04691
1.0455
1.04443
1.04115
1.03449
1
1
1
1
1.00001
1.00002
1.00005
1.00012
1.00025
1.00044
1.00086
1.00171
1.00275
1.0042
1.00738
1.0122
1.01673
1.02352
1.03707
1.05159
1.06429
1.0851
1.11988
1.14662
1.17171
1.21703
1.2707
1.30439
1.34142
1.41457
1.46845
1.50063
1.54651
1.62346
1.65925
1.68783
1.74573
1.80289
1.81971
1.84004
1.88375
1.90624
1.91879
1.94461
1.98162
1.98799
1.99156
2.00446
2.0116
2.01377
2.02023
2.035
2.04289
2.04362
2.04353
2.04416
2.0449
2.04538
2.04683
2.05061
2.05232
2.05236
2.05201
2.05051
2.04924
2.04909
2.04922
2.05025
2.05137
2.05144
2.05122
2.05022
2.04907
2.0488
2.04873
2.04902
2.04918
2.04889
2.04826
2.04697
2.0461
2.04593
2.04576
2.04535
2.04472
2.0437
2.04242
2.04115
2.03963
2.03776
2.03664
2.0356
2.03394
2.03061
2.02773
2.02537
2.02223
2.01599
2.01042
2.00588
1.99992
1.98759
1.97768
1.97129
1.9634
1.9476
1.93625
1.92787
1.91627
1.89316
1.87696
1.86647
1.85447
1.831
1.81726
1.80746
1.79456
1.76468
1.74119
1.73085
1.72214
1.70338
1.68262
1.67276
1.66089
1.64033
1.60203
1.58779
1.5835
1.5759
1.55893
1.54183
1.53249
1.51848
1.4973
1.46283
1.44614
1.44475
1.44167
1.43334
1.41377
1.39125
1.38269
1.37363
1.3634
1.34987
1.32877
1.31607
1.30736
1.29974
1.28664
1.27952
1.27635
1.26977
1.25519
1.22754
1.21046
1.20729
1.20381
1.19619
1.18779
1.18297
1.17688
1.16227
1.13288
1.11589
1.11363
1.11268
1.10836
1.1003
1.09712
1.09457
1.08888
1.07386
1.04679
1.03249
1.03071
1.02844
1.02008
1.01548
1.01561
1.01581
1.01239
1.00228
0.981129
0.961597
0.957171
0.955091
0.948541
0.942018
0.940978
0.939378
1.00014
1.00033
1.00074
1.0016
1.00286
1.00464
1.00816
1.01399
1.01994
1.02821
1.04435
1.06264
1.07803
1.10354
1.14522
1.1771
1.20464
1.26089
1.31961
1.35392
1.39558
1.47854
1.52823
1.5582
1.61817
1.684
1.71094
1.74192
1.80733
1.84103
1.85757
1.89237
1.92465
1.93443
1.94661
1.97835
1.99626
2.00105
2.00901
2.02225
2.02423
2.02468
2.03013
2.04124
2.0482
2.04902
2.04908
2.04904
2.0493
2.04946
2.04992
2.05189
2.05356
2.05371
2.05367
2.0531
2.052
2.0517
2.05164
2.05188
2.05248
2.05239
2.05182
2.05068
2.04922
2.04846
2.0482
2.04808
2.04785
2.0473
2.04689
2.04655
2.04577
2.04434
2.04377
2.04346
2.04287
2.04191
2.04119
2.04044
2.03884
2.0377
2.03699
2.03561
2.03344
2.03132
2.02862
2.02373
2.02001
2.01715
2.0123
2.00509
1.99912
1.99332
1.98186
1.96958
1.96182
1.95415
1.93765
1.92142
1.91067
1.89931
1.87468
1.85333
1.84201
1.83159
1.80866
1.78944
1.77782
1.76499
1.73571
1.70854
1.69543
1.68599
1.66701
1.64737
1.63613
1.62322
1.5969
1.56244
1.55205
1.54541
1.53514
1.51758
1.50628
1.49444
1.47224
1.43421
1.41873
1.41647
1.41105
1.40048
1.38773
1.37689
1.36252
1.34083
1.31426
1.29336
1.28867
1.28879
1.28539
1.27492
1.25881
1.2329
1.22544
1.22213
1.21512
1.20187
1.178
1.16324
1.16134
1.15868
1.15191
1.14139
1.13378
1.12568
1.111
1.08705
1.07749
1.07527
1.07361
1.06923
1.0618
1.05344
1.04369
1.0278
1.00425
0.994863
0.992498
0.991559
0.988912
0.984656
0.981548
0.978235
0.970748
0.95001
0.926984
0.92214
0.92112
0.917155
0.911165
0.910481
0.910953
0.909187
0.903143
0.888196
0.866562
0.858198
0.85726
0.855533
0.850059
0.84414
1.0193
1.0296
1.04725
1.06847
1.08932
1.11923
1.16537
1.20258
1.23833
1.29788
1.36559
1.40492
1.44773
1.53321
1.59251
1.62273
1.66968
1.74906
1.77693
1.79712
1.84609
1.89408
1.90575
1.9215
1.95766
1.97041
1.97571
1.99034
2.01528
2.02111
2.02363
2.03139
2.03633
2.03748
2.0404
2.04674
2.05175
2.05257
2.05267
2.05177
2.05139
2.05181
2.05237
2.05374
2.05549
2.05576
2.05574
2.05529
2.05398
2.05287
2.05257
2.05248
2.05254
2.0524
2.05205
2.05144
2.05064
2.04976
2.04837
2.04736
2.04708
2.04664
2.04565
2.04454
2.04369
2.04225
2.04052
2.04027
2.04037
2.04032
2.03983
2.03952
2.03933
2.03868
2.03689
2.03546
2.03428
2.03225
2.03008
2.02802
2.02426
2.01915
2.01509
2.01055
2.00123
1.99211
1.9851
1.97543
1.95889
1.94747
1.93885
1.92408
1.9036
1.8897
1.87759
1.85501
1.83024
1.81671
1.80516
1.78329
1.75758
1.74276
1.72873
1.70323
1.67141
1.65752
1.64715
1.63131
1.60671
1.59308
1.58015
1.55907
1.52168
1.50725
1.49965
1.49156
1.47454
1.45965
1.44588
1.42471
1.38999
1.37667
1.37171
1.36549
1.35813
1.34821
1.32944
1.29913
1.27935
1.27131
1.25808
1.24484
1.24361
1.24305
1.2351
1.21371
1.18251
1.16771
1.16382
1.15788
1.14392
1.13008
1.12659
1.12236
1.11379
1.1009
1.08908
1.08062
1.07093
1.05485
1.03561
1.03071
1.02952
1.02635
1.02016
1.01203
1.0019
0.989122
0.976523
0.96301
0.956332
0.954769
0.952947
0.948541
0.942259
0.933038
0.91855
0.903785
0.892072
0.883518
0.881064
0.880958
0.880936
0.878619
0.874508
0.867536
0.852872
0.834035
0.826784
0.82158
0.815002
0.813457
0.814712
0.815595
0.81373
0.807583
0.796306
0.780183
0.771872
0.769497
0.764337
0.758212
1.27323
1.33665
1.40302
1.44833
1.50579
1.59211
1.63868
1.67265
1.74501
1.80589
1.82516
1.84919
1.90908
1.93837
1.94365
1.9585
1.99408
2.00499
2.00536
2.01398
2.03338
2.03968
2.03974
2.04363
2.04862
2.04935
2.05083
2.0555
2.05888
2.05922
2.05929
2.05935
2.05899
2.05873
2.05871
2.05897
2.05881
2.05827
2.05732
2.05632
2.05535
2.05385
2.05273
2.05257
2.05247
2.05223
2.05188
2.05141
2.0507
2.04921
2.04743
2.04692
2.0466
2.04613
2.04556
2.0451
2.04473
2.0441
2.04268
2.0414
2.04109
2.04066
2.03977
2.03854
2.03739
2.03567
2.03446
2.03386
2.03354
2.03315
2.03179
2.02981
2.028
2.02507
2.019
2.01315
2.00767
1.99767
1.98608
1.97758
1.96809
1.94876
1.93246
1.92139
1.90728
1.88089
1.86316
1.8503
1.83226
1.8002
1.78208
1.76965
1.75286
1.72127
1.70232
1.68824
1.66991
1.63439
1.61629
1.60485
1.59265
1.56515
1.54378
1.52895
1.51351
1.48162
1.45809
1.44982
1.44241
1.42905
1.4079
1.39135
1.37485
1.35065
1.32281
1.31626
1.31337
1.30797
1.29379
1.27282
1.2521
1.23263
1.21156
1.20354
1.20191
1.19833
1.18941
1.1751
1.15669
1.13399
1.10968
1.10273
1.10208
1.09979
1.09169
1.0813
1.07346
1.06349
1.04465
1.01397
1.00501
1.00561
1.00476
0.998716
0.986688
0.980861
0.977371
0.971637
0.958418
0.935453
0.923018
0.920583
0.917149
0.907887
0.902017
0.900768
0.898726
0.891602
0.871545
0.853743
0.850938
0.849488
0.8452
0.839921
0.83788
0.83603
0.831901
0.818598
0.794881
0.785652
0.784623
0.782495
0.778601
0.777489
0.777017
0.774799
0.769642
0.759345
0.745319
0.732169
0.724566
0.722967
0.722962
0.724336
0.724004
0.72105
0.715724
0.708113
0.697239
0.688908
0.682488
0.676419
1.79357
1.84459
1.87952
1.90176
1.93666
1.97023
1.98021
1.99225
2.01727
2.03142
2.03208
2.03699
2.04969
2.05568
2.0561
2.05836
2.0641
2.0659
2.06707
2.06991
2.07333
2.07403
2.07399
2.07438
2.0748
2.07487
2.07518
2.07588
2.07631
2.07633
2.07613
2.07524
2.07389
2.07328
2.07287
2.07226
2.07172
2.07123
2.07053
2.06941
2.06778
2.06599
2.06523
2.06495
2.06459
2.06418
2.06374
2.06309
2.06206
2.06061
2.05884
2.05728
2.05649
2.05599
2.05556
2.05506
2.05442
2.05364
2.05252
2.05097
2.04927
2.04782
2.04636
2.04396
2.04068
2.03764
2.03322
2.02486
2.01705
2.01054
2.00005
1.98427
1.97288
1.96241
1.94221
1.92
1.9056
1.89152
1.8633
1.83915
1.82364
1.80748
1.77421
1.74852
1.73332
1.71877
1.68778
1.66209
1.64674
1.63172
1.60004
1.5721
1.55872
1.54754
1.52604
1.49768
1.48098
1.46697
1.44541
1.41419
1.40328
1.39422
1.38303
1.35772
1.33607
1.31943
1.30501
1.27958
1.2639
1.2608
1.25558
1.24463
1.21975
1.19401
1.17837
1.16787
1.15267
1.146
1.14404
1.13861
1.12359
1.09192
1.07162
1.0663
1.06021
1.04946
1.04579
1.04351
1.03626
1.01625
0.986791
0.975703
0.972124
0.964366
0.954406
0.952882
0.953088
0.948735
0.934602
0.910325
0.895591
0.890705
0.883402
0.873063
0.870928
0.8708
0.867372
0.860552
0.851914
0.840329
0.826466
0.813945
0.802767
0.799441
0.799287
0.798244
0.794702
0.789319
0.781716
0.770445
0.752795
0.74252
0.741169
0.741373
0.741886
0.739938
0.735434
0.730246
0.722623
0.703479
0.688946
0.687443
0.687244
0.687923
0.686922
0.683134
0.679675
0.677184
0.672701
0.657051
0.640723
0.638355
0.638005
0.638685
0.638664
0.636376
0.632382
0.629261
0.626214
0.619833
0.604896
0.596882
2.01569
2.02485
2.02577
2.03027
2.03546
2.03556
2.03521
2.03439
2.03423
2.03477
2.03412
2.03146
2.0309
2.03099
2.03
2.02899
2.02863
2.02844
2.02893
2.02898
2.02873
2.02902
2.0292
2.02883
2.0287
2.02885
2.02895
2.02906
2.02965
2.02999
2.02948
2.02872
2.02844
2.02853
2.02843
2.02803
2.02787
2.02827
2.02863
2.02813
2.02747
2.02718
2.02689
2.02673
2.02659
2.02678
2.02734
2.02721
2.02696
2.02615
2.02386
2.02378
2.02377
2.02264
2.02143
2.02102
2.01992
2.01585
2.01176
2.0087
2.00172
1.99175
1.98407
1.97468
1.9562
1.94113
1.93007
1.91174
1.88551
1.87054
1.85824
1.83354
1.80369
1.78642
1.77114
1.74107
1.70656
1.6888
1.67456
1.64847
1.61349
1.59564
1.5808
1.55719
1.51972
1.50319
1.49107
1.47602
1.44447
1.42466
1.40989
1.39435
1.36125
1.34236
1.33275
1.32379
1.3026
1.27676
1.26139
1.24955
1.23259
1.20869
1.20051
1.19299
1.18175
1.15444
1.13089
1.12074
1.11366
1.10123
1.08902
1.08366
1.07708
1.0617
1.02859
1.00978
1.00748
1.00471
0.996959
0.988944
0.983411
0.975742
0.953944
0.92425
0.918226
0.917273
0.914686
0.908201
0.901658
0.896166
0.888029
0.86507
0.84002
0.836519
0.836145
0.835046
0.830285
0.824862
0.821417
0.81728
0.803728
0.777126
0.769304
0.768471
0.766319
0.760022
0.755083
0.753273
0.750975
0.746078
0.733087
0.715355
0.708475
0.704986
0.699891
0.697542
0.697585
0.697022
0.69446
0.686383
0.667745
0.653469
0.651628
0.651018
0.648797
0.646205
0.645634
0.644976
0.642403
0.632119
0.612841
0.605733
0.605373
0.605763
0.605315
0.602122
0.599199
0.59757
0.5949
0.587959
0.573893
0.56444
0.563305
0.563348
0.563251
0.560893
0.557705
0.557023
0.556489
0.554595
0.54582
0.530755
2.08942
2.08984
2.08975
2.08956
2.0893
2.0886
2.08749
2.08677
2.08615
2.08551
2.0845
2.08293
2.08115
2.07943
2.07754
2.07545
2.07327
2.07171
2.07051
2.06926
2.06778
2.06678
2.06598
2.06498
2.06371
2.06234
2.06099
2.05994
2.05904
2.0579
2.05683
2.05535
2.05309
2.05027
2.04871
2.04831
2.04791
2.04721
2.04626
2.04504
2.04336
2.04093
2.0384
2.03797
2.03802
2.03812
2.03768
2.03685
2.03587
2.03379
2.02976
2.02404
2.01721
2.00528
1.99268
1.98282
1.96971
1.94651
1.92979
1.91675
1.89511
1.86382
1.84491
1.82888
1.80053
1.76252
1.74156
1.72444
1.69554
1.65746
1.63992
1.62547
1.60236
1.56459
1.54438
1.52754
1.50581
1.46428
1.44352
1.42943
1.41593
1.38495
1.35949
1.34392
1.33001
1.30287
1.2744
1.26331
1.25391
1.24022
1.2125
1.19481
1.18058
1.16726
1.14043
1.12574
1.11789
1.11053
1.09287
1.06657
1.0568
1.04819
1.03883
1.01995
1.0067
0.997072
0.986577
0.965618
0.945375
0.942764
0.941207
0.935927
0.925536
0.912863
0.898307
0.880955
0.859934
0.852027
0.851192
0.851177
0.847819
0.839858
0.827164
0.810242
0.796005
0.783602
0.777588
0.776579
0.776192
0.7729
0.765509
0.752811
0.736082
0.7249
0.716718
0.711724
0.710424
0.710239
0.708033
0.703117
0.696753
0.687021
0.674696
0.6625
0.653716
0.65147
0.650484
0.647998
0.644709
0.642211
0.639203
0.633855
0.618796
0.602929
0.601017
0.601043
0.602579
0.602646
0.60072
0.596564
0.589188
0.573269
0.561062
0.559807
0.559371
0.557922
0.557058
0.556634
0.555448
0.551812
0.541791
0.527985
0.523622
0.523472
0.523707
0.523021
0.520845
0.517519
0.51429
0.511268
0.506422
0.496191
0.488973
0.488215
0.487638
0.485708
0.484309
0.484333
0.484538
0.483853
0.481547
0.470276
2.07928
2.07851
2.07606
2.0741
2.07249
2.0693
2.06629
2.06566
2.06485
2.06291
2.06158
2.0615
2.06145
2.06039
2.05887
2.05742
2.05624
2.05598
2.05593
2.05546
2.0549
2.05487
2.05521
2.05507
2.05449
2.05449
2.05467
2.05464
2.05445
2.05392
2.05255
2.05195
2.05181
2.05154
2.05135
2.0516
2.05194
2.05175
2.05127
2.04986
2.04736
2.0448
2.04109
2.03371
2.02694
2.02069
2.00843
1.99378
1.98248
1.9687
1.94174
1.91985
1.90351
1.88133
1.84266
1.81818
1.80054
1.77595
1.73274
1.70768
1.68979
1.66725
1.62376
1.59874
1.58091
1.56071
1.51757
1.48787
1.46877
1.4513
1.41449
1.38833
1.37421
1.36199
1.3363
1.30521
1.28683
1.27138
1.24971
1.2143
1.20052
1.18972
1.17915
1.15316
1.13083
1.11486
1.10263
1.08014
1.05901
1.05101
1.04363
1.03319
1.00888
0.991328
0.977645
0.968629
0.950334
0.935486
0.929015
0.922239
0.912657
0.889946
0.879255
0.87242
0.865425
0.852662
0.832342
0.822378
0.816494
0.810361
0.798308
0.792916
0.790219
0.786002
0.776606
0.753811
0.733132
0.729216
0.726682
0.7208
0.71763
0.715899
0.712435
0.702573
0.681497
0.669573
0.66745
0.664346
0.657828
0.654731
0.652527
0.648737
0.639266
0.621263
0.611886
0.610836
0.609362
0.604727
0.599164
0.597639
0.597741
0.596734
0.587568
0.567087
0.561009
0.560696
0.559319
0.55406
0.551889
0.552393
0.552248
0.550235
0.541618
0.523977
0.516847
0.516582
0.517356
0.519664
0.51987
0.518682
0.514611
0.505648
0.4929
0.487654
0.48628
0.484873
0.484526
0.485311
0.48504
0.483085
0.479293
0.472963
0.465044
0.462193
0.461886
0.462197
0.462319
0.460666
0.458419
0.457185
0.456078
0.452414
0.444312
0.440078
0.438815
0.438059
0.437676
0.438413
0.440143
0.440318
0.439823
0.434649
2.04762
2.04657
2.04439
2.04301
2.04186
2.03993
2.03801
2.03745
2.03724
2.03714
2.03748
2.03881
2.03923
2.03902
2.03846
2.03794
2.03782
2.03791
2.03825
2.03866
2.03862
2.03843
2.03849
2.0384
2.03786
2.03754
2.03737
2.03733
2.03733
2.03686
2.03577
2.03474
2.03282
2.02914
2.0264
2.02323
2.01558
2.00746
2.0005
1.98731
1.96953
1.95612
1.94143
1.9114
1.88492
1.86767
1.8475
1.80697
1.77915
1.76029
1.73759
1.69117
1.66003
1.63864
1.61572
1.56825
1.53619
1.5165
1.49785
1.45659
1.4211
1.40226
1.38711
1.35912
1.32211
1.30544
1.29056
1.26988
1.22939
1.20611
1.19007
1.17559
1.14428
1.12629
1.11561
1.10642
1.08468
1.05851
1.04086
1.02794
1.01168
0.985688
0.976916
0.96906
0.960653
0.93817
0.917292
0.903826
0.894654
0.880798
0.863778
0.856856
0.850759
0.84396
0.823174
0.806345
0.794804
0.788751
0.780487
0.765728
0.759303
0.752674
0.747254
0.734877
0.721507
0.711795
0.704694
0.694306
0.67975
0.676835
0.674293
0.670629
0.6648
0.659061
0.65326
0.645399
0.627335
0.609386
0.6068
0.606701
0.605733
0.601877
0.596271
0.590708
0.58274
0.571477
0.563054
0.554105
0.549723
0.548881
0.547806
0.544943
0.539979
0.53103
0.518523
0.513158
0.511335
0.506662
0.502259
0.501694
0.502394
0.502213
0.499585
0.487388
0.474508
0.472013
0.470317
0.466625
0.465595
0.465954
0.465903
0.464753
0.460149
0.447967
0.43778
0.436601
0.436733
0.438245
0.440056
0.439946
0.43829
0.43372
0.425158
0.41646
0.414328
0.414119
0.414228
0.415274
0.414967
0.413799
0.412712
0.411
0.406779
0.402997
0.402456
0.402339
0.402617
0.404278
0.404668
0.40441
0.404206
0.403374
0.399414
0.394753
0.393902
0.393599
0.393503
0.394321
0.397644
0.399072
0.39909
0.397701
2.04144
2.04053
2.03914
2.03837
2.03727
2.03637
2.03599
2.03572
2.03544
2.03544
2.03559
2.03598
2.037
2.03835
2.03867
2.03866
2.03849
2.03793
2.03701
2.03617
2.03639
2.0371
2.03726
2.03688
2.03621
2.03396
2.02974
2.02518
2.01884
2.00819
1.99868
1.98951
1.97208
1.94832
1.93075
1.91303
1.8787
1.85073
1.83147
1.80884
1.76337
1.73088
1.70839
1.68204
1.62716
1.59001
1.56805
1.54735
1.5007
1.4622
1.4415
1.42321
1.38653
1.3449
1.32302
1.30439
1.27589
1.23573
1.21581
1.19863
1.17979
1.13893
1.11555
1.10045
1.08985
1.06784
1.03991
1.02646
1.01452
0.997662
0.962904
0.944358
0.932373
0.922265
0.900521
0.886921
0.878566
0.871965
0.855902
0.833261
0.817511
0.806499
0.801472
0.787045
0.773606
0.765287
0.759106
0.746554
0.726992
0.714934
0.707508
0.699436
0.68809
0.68296
0.678318
0.673994
0.657578
0.639674
0.633954
0.629823
0.626676
0.616887
0.610188
0.607087
0.603369
0.596792
0.578232
0.567829
0.565224
0.564437
0.560038
0.552613
0.552043
0.551394
0.548693
0.542346
0.528814
0.514639
0.511661
0.511584
0.510494
0.506708
0.501859
0.498408
0.494297
0.48505
0.478067
0.475893
0.472338
0.469656
0.469009
0.468294
0.466628
0.463412
0.456236
0.448658
0.445819
0.442657
0.440716
0.440487
0.441603
0.44228
0.441776
0.438589
0.431448
0.427635
0.42609
0.42383
0.423293
0.423685
0.424042
0.423476
0.421192
0.415891
0.410232
0.409046
0.409131
0.409967
0.411968
0.412475
0.411625
0.409285
0.40553
0.401384
0.399931
0.39978
0.399713
0.400177
0.400638
0.400109
0.399349
0.398164
0.395514
0.393318
0.393261
0.393557
0.394094
0.395287
0.396533
0.396535
0.396154
0.394986
0.391588
0.387831
0.387022
0.386863
0.386841
0.387554
0.390536
0.392021
0.392052
0.391478
2.04954
2.04997
2.05016
2.0502
2.05022
2.05013
2.04984
2.04929
2.04841
2.04817
2.04831
2.04865
2.04906
2.0491
2.04899
2.04843
2.04726
2.04585
2.04352
2.0402
2.03596
2.02966
2.01743
2.00463
1.99269
1.97131
1.94295
1.92247
1.90282
1.86383
1.8232
1.79841
1.77384
1.72351
1.67843
1.65065
1.62415
1.57101
1.53151
1.50504
1.47842
1.42642
1.38799
1.36468
1.34261
1.30219
1.24932
1.22789
1.21045
1.19142
1.14635
1.11992
1.10293
1.0895
1.05818
1.02695
1.00834
0.994772
0.97088
0.945426
0.927885
0.913917
0.894376
0.862318
0.849907
0.838721
0.832052
0.818789
0.799754
0.785586
0.771772
0.762281
0.73941
0.717761
0.707136
0.70246
0.695559
0.68618
0.677116
0.666936
0.655945
0.643534
0.631128
0.625101
0.613743
0.603572
0.599943
0.592025
0.585306
0.578465
0.557228
0.546848
0.543838
0.540165
0.538968
0.534442
0.52237
0.5131
0.506764
0.500347
0.49074
0.487316
0.48803
0.487986
0.484647
0.475662
0.462902
0.454553
0.450652
0.448964
0.44531
0.44088
0.44076
0.441482
0.44051
0.435908
0.427108
0.417076
0.413376
0.412988
0.412186
0.409786
0.406535
0.40432
0.402081
0.397534
0.393508
0.391238
0.389417
0.38875
0.388846
0.390677
0.39219
0.392157
0.390953
0.387934
0.384143
0.382931
0.382783
0.382762
0.383663
0.386494
0.3876
0.387633
0.387214
0.38585
0.385394
0.385497
0.386225
0.388726
0.390213
0.390055
0.389041
0.387112
0.38556
0.385415
0.385808
0.387267
0.390049
0.391929
0.391789
0.390987
0.390023
0.389152
0.389057
0.389361
0.389968
0.391116
0.393189
0.393869
0.393684
0.393538
0.393341
0.39347
0.394029
0.395053
0.396548
0.398924
0.401752
0.402701
0.402744
0.40269
0.40175
0.399436
0.398775
0.398744
0.398832
0.399872
0.403421
0.405229
0.405324
0.405412
2.05248
2.05255
2.05237
2.05213
2.05193
2.0516
2.05104
2.05024
2.04896
2.0474
2.04599
2.04354
2.03862
2.03298
2.0266
2.01226
1.99482
1.98016
1.96013
1.92612
1.89721
1.8722
1.83068
1.78754
1.75502
1.72195
1.66104
1.61641
1.5873
1.55859
1.49947
1.43807
1.41075
1.3869
1.35233
1.28459
1.25249
1.23288
1.21263
1.1653
1.12894
1.10576
1.08112
1.04583
1.02223
0.999199
0.978235
0.936835
0.912024
0.9015
0.888274
0.87407
0.839084
0.819505
0.805742
0.795972
0.780041
0.751817
0.738117
0.729716
0.718785
0.701562
0.685515
0.672021
0.652134
0.641507
0.635438
0.630061
0.624142
0.610353
0.603051
0.594055
0.583172
0.571004
0.550429
0.542473
0.542835
0.541411
0.53686
0.525129
0.519528
0.517627
0.512134
0.503953
0.48976
0.48151
0.482043
0.482951
0.480792
0.472593
0.460989
0.452816
0.450879
0.449653
0.445916
0.43803
0.436727
0.436212
0.433987
0.426814
0.42076
0.42068
0.421384
0.420686
0.417718
0.412881
0.40953
0.407471
0.405194
0.402995
0.400261
0.399618
0.399925
0.401063
0.401368
0.40054
0.398255
0.395095
0.393116
0.392744
0.392012
0.389435
0.387884
0.387274
0.386104
0.383961
0.381101
0.378896
0.378538
0.378542
0.379026
0.381017
0.382615
0.382687
0.382104
0.38039
0.377624
0.376241
0.376136
0.376225
0.377289
0.379972
0.381005
0.381106
0.381071
0.380693
0.380782
0.381186
0.382153
0.384726
0.386476
0.386492
0.386008
0.384653
0.383324
0.383289
0.383832
0.385269
0.387559
0.389652
0.390263
0.390333
0.390247
0.389927
0.39029
0.391771
0.393758
0.395926
0.399121
0.401801
0.402312
0.402341
0.402583
0.403545
0.404618
0.405683
0.407291
0.410029
0.413989
0.41647
0.416947
0.417089
0.417067
0.416381
0.415706
0.415641
0.415783
0.416113
0.417625
0.420127
0.420978
0.421146
2.05306
2.0528
2.05194
2.05043
2.04818
2.04356
2.03462
2.02301
2.00721
1.98695
1.96468
1.93374
1.8895
1.85876
1.83153
1.7845
1.70604
1.66857
1.64266
1.60354
1.51429
1.46326
1.4374
1.40285
1.34275
1.29502
1.26046
1.21118
1.17033
1.14311
1.11293
1.07271
1.01025
0.990488
0.973845
0.951848
0.908479
0.872866
0.860826
0.847829
0.829728
0.787694
0.763798
0.751488
0.740522
0.719084
0.693858
0.675501
0.658113
0.648763
0.640342
0.624529
0.611872
0.593384
0.576056
0.567529
0.55783
0.548073
0.534915
0.525576
0.514642
0.50537
0.498873
0.479978
0.466243
0.463423
0.458255
0.453809
0.445951
0.438127
0.437648
0.434963
0.426627
0.412761
0.399089
0.396043
0.396356
0.395224
0.389696
0.382778
0.383307
0.383588
0.380425
0.373176
0.362515
0.359884
0.360222
0.362161
0.362541
0.360766
0.358803
0.358408
0.358916
0.358556
0.355324
0.353949
0.354721
0.35647
0.356698
0.355682
0.35478
0.355738
0.357704
0.359424
0.361429
0.362085
0.362189
0.362645
0.363839
0.364778
0.365393
0.366459
0.368574
0.371625
0.375271
0.378783
0.381986
0.385892
0.387482
0.387538
0.386738
0.386488
0.387258
0.389973
0.39198
0.39218
0.391915
0.391863
0.392043
0.392971
0.394274
0.396087
0.399684
0.403309
0.403836
0.403841
0.403573
0.401689
0.399521
0.399
0.39907
0.399706
0.401359
0.403876
0.40577
0.406364
0.406674
0.407208
0.409026
0.412267
0.413361
0.413317
0.412784
0.411435
0.410051
0.409701
0.409799
0.410192
0.411121
0.412105
0.412158
0.41196
0.411742
0.411802
0.412741
0.414593
0.415531
0.416148
0.417198
0.419244
0.420417
0.420575
0.420568
0.420005
0.419858
0.420531
0.421742
0.422924
0.424036
0.424964
0.426121
0.426689
0.426788
0.426837
0.42662
0.425934
0.425589
0.42571
0.426061
0.427139
0.428062
0.428221
2.04485
2.02949
1.99942
1.95654
1.91857
1.87038
1.79189
1.72683
1.67743
1.61249
1.54134
1.47943
1.40943
1.3448
1.30706
1.26307
1.19513
1.10878
1.08874
1.06997
1.03616
0.960488
0.918621
0.908952
0.894851
0.858435
0.796518
0.781872
0.773161
0.761885
0.715361
0.681484
0.668879
0.664965
0.652627
0.611652
0.595081
0.589172
0.589021
0.580401
0.555938
0.539343
0.534332
0.5296
0.518935
0.505013
0.495069
0.47871
0.471545
0.472175
0.469352
0.462465
0.447886
0.442442
0.442727
0.441641
0.436805
0.425001
0.419098
0.419615
0.41841
0.41382
0.405388
0.39822
0.396215
0.393852
0.39009
0.38623
0.384091
0.384461
0.385689
0.385048
0.380244
0.375098
0.372746
0.372937
0.374105
0.372728
0.366047
0.363611
0.363975
0.364672
0.365024
0.362166
0.355736
0.354111
0.354673
0.357519
0.360373
0.360705
0.360129
0.359913
0.361119
0.361329
0.359054
0.357914
0.358421
0.3607
0.361579
0.36125
0.360656
0.361945
0.364773
0.367142
0.369386
0.371925
0.372371
0.372114
0.372458
0.373208
0.374082
0.374937
0.375625
0.376596
0.379116
0.38175
0.38247
0.383913
0.387405
0.388445
0.388843
0.389724
0.391389
0.394089
0.396258
0.39613
0.395916
0.396223
0.397185
0.398759
0.400726
0.403877
0.409638
0.416774
0.419148
0.419229
0.419021
0.417619
0.415195
0.414186
0.41434
0.415185
0.416934
0.419535
0.421977
0.423032
0.423475
0.424328
0.427025
0.430394
0.431183
0.431298
0.43127
0.430567
0.428578
0.427345
0.427083
0.426907
0.426915
0.427329
0.427568
0.427443
0.42731
0.427657
0.429506
0.430788
0.430779
0.430802
0.431337
0.433185
0.43406
0.433886
0.433812
0.433557
0.433007
0.432964
0.433338
0.433819
0.434185
0.434826
0.436322
0.437413
0.437519
0.437549
0.437463
0.436905
0.435926
0.434652
0.43275
0.4322
0.43206
0.43164
1.93437
1.77431
1.61631
1.47934
1.35708
1.2295
1.11991
1.04357
0.967376
0.880934
0.787182
0.740845
0.699478
0.648417
0.585199
0.533677
0.51328
0.488859
0.454737
0.41118
0.374584
0.365551
0.357082
0.342158
0.31441
0.281372
0.278068
0.28089
0.277394
0.258549
0.237838
0.23618
0.23996
0.239501
0.229714
0.220117
0.220494
0.22697
0.229223
0.226209
0.221672
0.221633
0.227539
0.231807
0.230739
0.228577
0.228219
0.229693
0.236414
0.239468
0.239188
0.239258
0.245422
0.252837
0.257372
0.263081
0.264526
0.264902
0.268093
0.278607
0.285341
0.28809
0.288545
0.291712
0.300672
0.302979
0.303417
0.304967
0.311543
0.32102
0.331039
0.340972
0.344626
0.345658
0.347304
0.350954
0.356972
0.366865
0.376507
0.381714
0.383828
0.385762
0.392379
0.398141
0.397369
0.396716
0.399571
0.406302
0.413799
0.419233
0.4222
0.42371
0.424497
0.425593
0.428647
0.430271
0.429938
0.429202
0.429211
0.430436
0.433181
0.436277
0.438093
0.438552
0.439116
0.44146
0.443937
0.444172
0.444102
0.443704
0.442236
0.44014
0.439305
0.438807
0.438589
0.440899
0.444368
0.444866
0.445531
0.44702
0.447407
0.446775
0.445761
0.445396
0.444811
0.442522
0.438836
0.435882
0.434341
0.434192
0.434912
0.43841
0.445334
0.447955
0.448065
0.447995
0.44732
0.445067
0.441428
0.438922
0.438732
0.439133
0.440076
0.441281
0.442063
0.442454
0.442938
0.444459
0.448468
0.450945
0.451176
0.451276
0.451312
0.450621
0.447887
0.446562
0.445921
0.444016
0.442667
0.442305
0.44265
0.442808
0.442992
0.444186
0.445896
0.445943
0.445075
0.44444
0.444557
0.445144
0.444654
0.443923
0.443673
0.443495
0.442873
0.442309
0.442003
0.441812
0.442097
0.44297
0.444449
0.444788
0.444675
0.444596
0.444406
0.443759
0.442501
0.440363
0.436382
0.434771
0.434451
0.434012
1
1
1
1
1
1
1
1
1
1
1
1
1
1
1
1
1
1
1
1
1
1
1
1
1
1
1
1
1
1
1
1
1
1
1
1
1
1
1
1
1
1
1
1
1
1
1
1
1
1
1
1
1
1
1
1
1
1
1
1
1
1
1.00002
1.00014
1.00097
1.00578
1.02079
1.0657
1.16613
1.32434
1.55496
1.84079
2.10732
2.3436
2.55393
2.77505
2.94358
3.03482
3.10127
3.08475
3.02543
2.93253
2.82756
2.71422
2.63565
2.57666
2.5269
2.47458
2.42484
2.37775
2.33145
2.28763
2.25073
2.20943
2.17265
2.11956
1
1
1
1
1
1
1
1
1
1
1
1
1
1
1
1
1
1
1
1
1
1
1
1
1
1
1
1
1
1
1
1
1
1
1
1
1
1
1
1
1
1
1
1
1
1
1
1
1
1
1
1
1
1
1
1
1
1
1
1
1.00002
1.00019
1.00153
1.00714
1.02505
1.07962
1.16871
1.30264
1.45169
1.59812
1.70384
1.77242
1.86679
1.9935
2.14595
2.25022
2.382
2.47543
2.58312
2.6537
2.68097
2.71136
2.74088
2.7269
2.68477
2.62721
2.56626
2.50323
2.44707
2.39413
2.3488
2.30726
2.27171
2.23523
2.20327
2.15427
1
1
1
1
1
1
1
1
1
1
1
1
1
1
1
1
1
1
1
1
1
1
1
1
1
1
1
1
1
1
1
1
1
1
1
1
1
1
1
1
1
1
1
1
1
1
1
1
1
1
1
1
1
1
1
1
1
1
1.00003
1.00032
1.00215
1.00875
1.03494
1.09346
1.19294
1.33954
1.49155
1.63353
1.68995
1.72131
1.74127
1.75623
1.77772
1.80085
1.8309
1.87356
1.94146
2.04156
2.15991
2.30753
2.43455
2.56266
2.63442
2.6661
2.66353
2.64595
2.60926
2.55645
2.47755
2.40459
2.35113
2.30918
2.26921
2.23584
2.20277
2.14243
1
1
1
1
1
1
1
1
1
1
1
1
1
1
1
1
1
1
1
1
1
1
1
1
1
1
1
1
1
1
1
1
1
1
1
1
1
1
1
1
1
1
1
1
1
1
1
1
1
1
1
1
1
1
1
1.00001
1.00005
1.00051
1.00267
1.01215
1.04463
1.10627
1.22531
1.37782
1.5389
1.63783
1.69721
1.74384
1.77654
1.78185
1.78136
1.7768
1.76341
1.73979
1.71615
1.69251
1.68278
1.69574
1.73409
1.81648
1.92668
2.06049
2.20357
2.31506
2.43656
2.47306
2.47602
2.47464
2.4736
2.44925
2.40782
2.36347
2.31127
2.26413
2.22916
2.16969
1
1
1
1
1
1
1
1
1
1
1
1
1
1
1
1
1
1
1
1
1
1
1
1
1
1
1
1
1
1
1
1
1
1
1
1
1
1
1
1
1
1
1
1
1
1
1
1
1
1
1
1
1
1.00001
1.00009
1.00069
1.00347
1.01721
1.05138
1.12694
1.2611
1.41538
1.56032
1.65183
1.72406
1.77345
1.79148
1.79262
1.79013
1.78335
1.76487
1.73797
1.70879
1.67689
1.64827
1.62159
1.61202
1.60595
1.59217
1.59146
1.60635
1.64683
1.74334
1.87161
2.03329
2.19334
2.29711
2.40629
2.44698
2.43693
2.42057
2.3958
2.35912
2.29081
2.2254
2.14807
1
1
1
1
1
1
1
1
1
1
1
1
1
1
1
1
1
1
1
1
1
1
1
1
1
1
1
1
1
1
1
1
1
1
1
1
1
1
1
1
1
1
1
1
1
1
1
1
1
1
1
1.00001
1.00014
1.00086
1.00503
1.02159
1.06069
1.15529
1.28901
1.44919
1.58017
1.68073
1.7583
1.79438
1.79824
1.79555
1.79133
1.78101
1.76204
1.73673
1.7061
1.67583
1.65056
1.63345
1.61564
1.59381
1.57554
1.55853
1.53675
1.51934
1.51649
1.51716
1.52651
1.55355
1.6046
1.71785
1.84319
1.99622
2.1319
2.20624
2.26648
2.26856
2.26514
2.26153
2.24711
2.18731
1
1
1
1
1
1
1
1
1
1
1
1
1
1
1
1
1
1
1
1
1
1
1
1
1
1
1
1
1
1
1
1
1
1
1
1
1
1
1
1
1
1
1
1
1
1
1
1
1
1.00002
1.00018
1.00115
1.00724
1.0251
1.07542
1.17971
1.3188
1.48088
1.60867
1.71724
1.78723
1.79721
1.79659
1.79509
1.79048
1.78048
1.76326
1.73638
1.70595
1.67865
1.65736
1.63531
1.61136
1.59229
1.57409
1.55323
1.53584
1.5228
1.51026
1.49907
1.4857
1.47005
1.45186
1.43538
1.43487
1.45015
1.49443
1.56739
1.6951
1.83688
1.98504
2.0895
2.16335
2.22193
2.2309
2.2118
1
1
1
1
1
1
1
1
1
1
1
1
1
1
1
1
1
1
1
1
1
1
1
1
1
1
1
1
1
1
1
1
1
1
1
1
1
1
1
1
1
1
1
1
1
1
1
1.00003
1.00023
1.00177
1.00897
1.03014
1.09434
1.19971
1.35543
1.50623
1.64245
1.75752
1.79001
1.79141
1.79797
1.79426
1.7931
1.78696
1.76844
1.73989
1.71062
1.68373
1.65713
1.63097
1.6095
1.58888
1.56786
1.55157
1.53831
1.52702
1.5148
1.499
1.48007
1.46268
1.44673
1.42992
1.41267
1.40055
1.3935
1.3844
1.37309
1.37466
1.39429
1.44891
1.54355
1.68211
1.83069
1.94067
2.02795
2.08051
1
1
1
1
1
1
1
1
1
1
1
1
1
1
1
1
1
1
1
1
1
1
1
1
1
1
1
1
1
1
1
1
1
1
1
1
1
1
1
1
1
1
1
1
1
1.00004
1.00033
1.00253
1.01037
1.03908
1.11044
1.22485
1.38232
1.53961
1.69886
1.76442
1.77978
1.79422
1.80102
1.80837
1.8074
1.79836
1.77494
1.74472
1.71267
1.68084
1.65236
1.62922
1.606
1.58473
1.56857
1.55647
1.54482
1.52935
1.50992
1.49171
1.47559
1.45766
1.44081
1.4275
1.41848
1.40559
1.38877
1.37314
1.36074
1.34488
1.32692
1.31853
1.31382
1.3161
1.32575
1.35962
1.4273
1.54185
1.66938
1.85809
1
1
1
1
1
1
1
1
1
1
1
1
1
1
1
1
1
1
1
1
1
1
1
1
1
1
1
1
1
1
1
1
1
1
1
1
1
1
1
1
1
1
1.00001
1.00005
1.00051
1.00307
1.01287
1.05045
1.12291
1.25163
1.41636
1.59059
1.71245
1.75459
1.78373
1.80776
1.82271
1.8232
1.81896
1.80522
1.7786
1.74509
1.70826
1.67736
1.65103
1.62359
1.60243
1.58746
1.5755
1.56221
1.5436
1.52382
1.50688
1.48784
1.46676
1.45198
1.44223
1.4301
1.41443
1.39994
1.38756
1.37074
1.35238
1.33882
1.32891
1.31696
1.30186
1.29172
1.28222
1.26985
1.25469
1.25014
1.25633
1.28079
1.3263
1.48323
1
1
1
1
1
1
1
1
1
1
1
1
1
1
1
1
1
1
1
1
1
1
1
1
1
1
1
1
1
1
1
1
1
1
1
1
1
1
1
1
1.00001
1.00007
1.00071
1.0036
1.01756
1.05863
1.13866
1.28373
1.45449
1.62422
1.7093
1.76695
1.80857
1.83463
1.83699
1.83606
1.82955
1.80858
1.77605
1.73922
1.70706
1.67651
1.64419
1.62372
1.60923
1.59506
1.57695
1.55654
1.53944
1.52192
1.49866
1.48
1.46929
1.45702
1.44005
1.42539
1.41309
1.39519
1.37473
1.36272
1.35218
1.33788
1.32345
1.31388
1.30385
1.28891
1.27148
1.26095
1.25165
1.23712
1.2237
1.21672
1.21214
1.2013
1.20031
1.23265
1
1
1
1
1
1
1
1
1
1
1
1
1
1
1
1
1
1
1
1
1
1
1
1
1
1
1
1
1
1
1
1
1
1
1
1
1
1
1.00001
1.00012
1.00087
1.00465
1.02265
1.06471
1.16191
1.31681
1.49213
1.63355
1.7248
1.79395
1.83867
1.84836
1.84851
1.84435
1.83071
1.80448
1.7718
1.73806
1.70353
1.67056
1.64908
1.6322
1.614
1.59297
1.57398
1.55574
1.53202
1.5105
1.49807
1.48523
1.46793
1.45365
1.44188
1.42376
1.40064
1.38721
1.37616
1.35829
1.34282
1.33464
1.32535
1.30813
1.29243
1.28256
1.27185
1.25449
1.2416
1.23405
1.22627
1.21168
1.19867
1.19037
1.18224
1.16767
1.15593
1.15217
1
1
1
1
1
1
1
1
1
1
1
1
1
1
1
1
1
1
1
1
1
1
1
1
1
1
1
1
1
1
1
1
1
1
1
1
1.00001
1.00016
1.00103
1.00648
1.02611
1.07549
1.18997
1.34182
1.51826
1.65111
1.75387
1.82789
1.85542
1.8553
1.8521
1.84522
1.82821
1.80315
1.77114
1.73422
1.69951
1.67687
1.65716
1.63301
1.6111
1.59285
1.57055
1.546
1.52952
1.51481
1.49722
1.4829
1.47109
1.45291
1.42891
1.41449
1.40289
1.38343
1.36604
1.35763
1.34806
1.32884
1.31197
1.30259
1.29145
1.27181
1.25967
1.25313
1.24407
1.22783
1.21551
1.20739
1.19712
1.18063
1.16881
1.1633
1.15564
1.14258
1.13253
1.12031
1
1
1
1
1
1
1
1
1
1
1
1
1
1
1
1
1
1
1
1
1
1
1
1
1
1
1
1
1
1
1
1
1
1
1.00002
1.00019
1.00136
1.00853
1.02935
1.09126
1.20975
1.37223
1.54464
1.67918
1.79103
1.85061
1.85557
1.85486
1.85183
1.84301
1.82834
1.80363
1.76994
1.73912
1.70989
1.68026
1.65476
1.63353
1.60931
1.58306
1.56531
1.54927
1.52943
1.51444
1.5034
1.48588
1.46028
1.44327
1.43027
1.40894
1.38932
1.38124
1.37245
1.35405
1.33647
1.32586
1.31342
1.29116
1.27732
1.2706
1.26095
1.24415
1.23299
1.22555
1.21447
1.19591
1.18481
1.17798
1.168
1.15298
1.14406
1.13881
1.13006
1.11575
1.10669
1.09409
1
1
1
1
1
1
1
1
1
1
1
1
1
1
1
1
1
1
1
1
1
1
1
1
1
1
1
1
1
1
1
1
1.00003
1.00023
1.00197
1.00979
1.03458
1.10886
1.22835
1.40356
1.56656
1.7149
1.82552
1.84935
1.85102
1.85427
1.85164
1.84724
1.83462
1.81084
1.77938
1.74128
1.71217
1.68596
1.65345
1.62473
1.60689
1.58664
1.56048
1.54536
1.53667
1.52078
1.49427
1.47638
1.4632
1.44052
1.41633
1.40649
1.39719
1.37811
1.35956
1.34903
1.33718
1.31496
1.29955
1.2916
1.28068
1.26255
1.25038
1.24238
1.23069
1.21168
1.20103
1.19413
1.18306
1.16717
1.15861
1.15238
1.14197
1.12625
1.11728
1.11126
1.10122
1.08704
1.08076
1.07031
1
1
1
1
1
1
1
1
1
1
1
1
1
1
1
1
1
1
1
1
1
1
1
1
1
1
1
1
1
1
1.00003
1.00032
1.00259
1.01086
1.04342
1.12176
1.25207
1.42595
1.59874
1.76665
1.82631
1.83892
1.85359
1.85894
1.86618
1.86251
1.84685
1.81579
1.78035
1.74872
1.70964
1.67504
1.65508
1.63162
1.59774
1.58149
1.57286
1.55602
1.52837
1.51024
1.49693
1.47271
1.44477
1.43532
1.42659
1.4074
1.38728
1.37548
1.36265
1.33827
1.3202
1.31201
1.30121
1.28277
1.27087
1.26296
1.25099
1.23099
1.21824
1.20988
1.19742
1.18059
1.17248
1.16652
1.15608
1.14099
1.13174
1.12454
1.11268
1.09719
1.08988
1.08456
1.07485
1.06285
1.05714
1.04601
1
1
1
1
1
1
1
1
1
1
1
1
1
1
1
1
1
1
1
1
1
1
1
1
1
1
1
1
1.00004
1.00048
1.00294
1.01316
1.05334
1.13186
1.27556
1.45685
1.64928
1.77085
1.81405
1.84349
1.86813
1.88165
1.88117
1.87446
1.85444
1.82486
1.78338
1.73856
1.70948
1.68267
1.64248
1.6219
1.61205
1.59385
1.56713
1.54931
1.53487
1.50842
1.47711
1.46574
1.45541
1.43413
1.41453
1.40435
1.39207
1.36699
1.34667
1.33692
1.32436
1.30265
1.28945
1.2819
1.27041
1.25033
1.23766
1.2293
1.21639
1.19788
1.18808
1.18106
1.16958
1.15378
1.14467
1.13764
1.12593
1.11102
1.10316
1.09676
1.08578
1.07251
1.06534
1.05952
1.04896
1.03733
1.03141
1.02032
1
1
1
1
1
1
1
1
1
1
1
1
1
1
1
1
1
1
1
1
1
1
1
1
1
1
1.00006
1.00062
1.00331
1.01732
1.05952
1.14592
1.30461
1.49209
1.67508
1.76586
1.82629
1.87022
1.89514
1.89672
1.89484
1.88589
1.86071
1.81919
1.78044
1.74768
1.70301
1.67096
1.65627
1.63419
1.60651
1.58887
1.5743
1.54769
1.51626
1.50246
1.48926
1.46486
1.44446
1.434
1.4207
1.39384
1.37357
1.36378
1.35034
1.3266
1.31303
1.30543
1.29299
1.27059
1.25633
1.24744
1.23391
1.21411
1.20468
1.19812
1.1868
1.17034
1.15998
1.15191
1.1389
1.1227
1.11445
1.10801
1.09713
1.08456
1.07738
1.071
1.05984
1.0467
1.03916
1.03286
1.022
1.01147
1.00644
0.996286
1
1
1
1
1
1
1
1
1
1
1
1
1
1
1
1
1
1
1
1
1
1
1
1.00001
1.00009
1.00071
1.00411
1.02139
1.0638
1.16665
1.33376
1.52614
1.67938
1.78011
1.85526
1.90144
1.90953
1.90893
1.90314
1.88561
1.8549
1.82165
1.78032
1.73611
1.71079
1.6852
1.6546
1.63435
1.61738
1.58932
1.5568
1.54072
1.5252
1.49809
1.47802
1.46846
1.45478
1.42655
1.40443
1.39259
1.37668
1.34978
1.33625
1.32913
1.31674
1.29433
1.28002
1.27055
1.25545
1.23263
1.2216
1.21437
1.20222
1.18508
1.17547
1.16801
1.15529
1.13818
1.12867
1.12124
1.10897
1.09497
1.08743
1.08111
1.07036
1.0578
1.05024
1.04357
1.03218
1.02012
1.01346
1.00761
0.997559
0.988005
0.982809
0.972212
1
1
1
1
1
1
1
1
1
1
1
1
1
1
1
1
1
1
1
1
1
1.00001
1.00012
1.0008
1.0055
1.02382
1.07246
1.1909
1.35341
1.54745
1.69536
1.80875
1.88849
1.91716
1.91647
1.91287
1.90373
1.88535
1.85677
1.81568
1.77888
1.74749
1.70959
1.68488
1.66632
1.63764
1.60389
1.58523
1.56703
1.53547
1.51257
1.50292
1.48932
1.4608
1.43842
1.42581
1.40833
1.37861
1.36349
1.35533
1.34132
1.3174
1.3028
1.29316
1.27757
1.25397
1.24272
1.23497
1.22142
1.20258
1.1919
1.18373
1.16991
1.15185
1.14256
1.13536
1.12296
1.1083
1.10033
1.09346
1.08165
1.06782
1.05952
1.05265
1.04126
1.0294
1.02289
1.01694
1.00678
0.996146
0.989401
0.983217
0.972846
0.963434
0.957965
0.94758
1
1
1
1
1
1
1
1
1
1
1
1
1
1
1
1
1
1
1
1.00001
1.00013
1.00101
1.00702
1.02583
1.0852
1.20708
1.37987
1.56947
1.71966
1.84537
1.91047
1.91485
1.91441
1.91047
1.90186
1.88552
1.85822
1.82602
1.78402
1.74655
1.72323
1.6911
1.65263
1.63189
1.61344
1.57883
1.55226
1.54233
1.5287
1.49948
1.47481
1.46061
1.44168
1.40898
1.39232
1.38375
1.36908
1.34494
1.33001
1.31944
1.30199
1.27596
1.26339
1.2549
1.24033
1.22111
1.21124
1.20325
1.18879
1.16938
1.1585
1.15007
1.13597
1.11992
1.11224
1.10579
1.09432
1.08052
1.07201
1.06456
1.05208
1.03849
1.03096
1.02464
1.01428
1.00382
0.997541
0.991639
0.981618
0.970956
0.964036
0.957647
0.947479
0.938704
0.933797
0.924347
1
1
1
1
1
1
1
1
1
1
1
1
1
1
1
1
1
1.00002
1.00015
1.00141
1.00785
1.02944
1.09995
1.22106
1.40661
1.58749
1.75411
1.8787
1.90591
1.90916
1.91308
1.91117
1.90771
1.89645
1.86946
1.82877
1.79545
1.76009
1.71443
1.68546
1.66499
1.62812
1.59459
1.5831
1.56884
1.54018
1.51606
1.50156
1.48162
1.44575
1.42525
1.41488
1.39812
1.37211
1.3572
1.34681
1.32895
1.30225
1.28869
1.27898
1.26215
1.24075
1.23008
1.22169
1.20652
1.18695
1.17651
1.16799
1.15302
1.13559
1.12664
1.11909
1.10602
1.09112
1.08278
1.07572
1.06357
1.05005
1.04227
1.03535
1.0238
1.01181
1.00464
0.998402
0.988201
0.977818
0.97131
0.965286
0.955265
0.945474
0.939205
0.933279
0.924066
0.915933
0.911033
0.901487
1
1
1
1
1
1
1
1
1
1
1
1
1
1
1
1.00002
1.00019
1.00178
1.00821
1.03569
1.11028
1.23953
1.42486
1.61636
1.80484
1.87444
1.89366
1.91135
1.91986
1.92857
1.92467
1.9066
1.87687
1.84122
1.7924
1.75216
1.72608
1.68898
1.64709
1.63106
1.61406
1.58342
1.55818
1.543
1.52224
1.48521
1.46312
1.4515
1.43278
1.40459
1.38887
1.37762
1.35785
1.32867
1.31397
1.30361
1.28537
1.26319
1.25293
1.24426
1.22777
1.20642
1.19466
1.18527
1.16899
1.15088
1.14236
1.13491
1.12144
1.10589
1.09659
1.08846
1.07466
1.05974
1.05181
1.04505
1.03363
1.02174
1.01469
1.00812
0.997143
0.985321
0.977763
0.971237
0.960901
0.950989
0.945129
0.939633
0.930646
0.921728
0.915638
0.909821
0.900751
0.892739
0.88769
0.87833
1
1
1
1
1
1
1
1
1
1
1
1
1
1.00002
1.00028
1.00201
1.00962
1.04322
1.11554
1.25743
1.45225
1.66159
1.80452
1.8605
1.89807
1.92982
1.94533
1.94443
1.93842
1.92077
1.88349
1.83595
1.79912
1.7586
1.70985
1.68646
1.66634
1.6325
1.6062
1.59103
1.56925
1.53025
1.50432
1.48979
1.46784
1.43707
1.42237
1.41186
1.39181
1.36149
1.34489
1.33263
1.31112
1.28589
1.27496
1.26603
1.24888
1.22782
1.21647
1.2066
1.18864
1.16842
1.15857
1.15023
1.13535
1.11935
1.11067
1.10283
1.08895
1.07345
1.06442
1.05653
1.04327
1.03
1.02282
1.01648
1.00579
0.994404
0.987005
0.980186
0.969044
0.9577
0.950708
0.944626
0.935115
0.92623
0.920517
0.915109
0.906396
0.897653
0.891473
0.885506
0.876645
0.869109
0.864372
0.855683
1
1
1
1
1
1
1
1
1
1
1
1.00003
1.00036
1.00217
1.01237
1.0483
1.12575
1.28307
1.48121
1.68516
1.79732
1.87291
1.92589
1.95601
1.96011
1.95898
1.94987
1.92175
1.88527
1.84442
1.7923
1.75448
1.72814
1.68872
1.65706
1.64059
1.61905
1.58042
1.55327
1.53669
1.51113
1.47606
1.45937
1.44769
1.42588
1.39415
1.37747
1.3648
1.34177
1.31456
1.3026
1.29244
1.27299
1.24985
1.23756
1.22708
1.20806
1.18779
1.17817
1.16932
1.15298
1.1355
1.12581
1.11717
1.10191
1.08593
1.07724
1.06939
1.05575
1.04185
1.0339
1.02665
1.01438
1.0017
0.994159
0.987545
0.976687
0.965494
0.958596
0.952237
0.941999
0.931741
0.925188
0.919377
0.910364
0.901536
0.895728
0.890323
0.881755
0.873464
0.867837
0.862422
0.854585
0.847649
0.84321
0.834783
1
1
1
1
1
1
1
1
1
1.00004
1.00041
1.00249
1.01493
1.04982
1.14188
1.30883
1.50826
1.68975
1.81179
1.9029
1.95782
1.97048
1.96915
1.96305
1.94816
1.92366
1.88443
1.83857
1.80422
1.76211
1.72127
1.6998
1.67583
1.63377
1.60284
1.58483
1.55821
1.51967
1.50148
1.48922
1.4668
1.43412
1.41467
1.39954
1.37343
1.34346
1.33099
1.32035
1.30015
1.27676
1.26387
1.25218
1.23075
1.20814
1.19703
1.18722
1.16959
1.15244
1.14342
1.13461
1.11835
1.10109
1.09116
1.08233
1.06714
1.05268
1.04501
1.03782
1.02537
1.01255
1.00441
0.996922
0.984455
0.972058
0.964869
0.95856
0.948327
0.938357
0.931985
0.92597
0.916351
0.906469
0.89967
0.893692
0.884593
0.876117
0.870652
0.865557
0.857636
0.850137
0.844711
0.83946
0.831896
0.825015
0.820358
0.811848
1
1
1
1
1
1
1
1.00006
1.00046
1.00341
1.01696
1.05444
1.15856
1.31928
1.53084
1.70243
1.83546
1.93432
1.97295
1.97384
1.96976
1.9619
1.94878
1.92174
1.88761
1.84892
1.7995
1.76799
1.74185
1.69956
1.66385
1.6421
1.61362
1.56906
1.54569
1.53162
1.5088
1.4758
1.45562
1.43977
1.41283
1.38037
1.36454
1.35136
1.32852
1.30337
1.29024
1.27832
1.25655
1.23327
1.22093
1.20965
1.18973
1.17044
1.16033
1.15079
1.13379
1.11692
1.1073
1.09808
1.08178
1.06594
1.05716
1.04906
1.0353
1.02206
1.01422
1.0068
0.994253
0.981521
0.973619
0.966428
0.954643
0.943308
0.936805
0.930989
0.921644
0.912102
0.905647
0.899586
0.890027
0.880307
0.873967
0.868451
0.860151
0.852541
0.847568
0.842862
0.835681
0.828419
0.822844
0.817456
0.809911
0.80323
0.798664
0.790609
1
1
1
1
1.00001
1.00006
1.00052
1.00433
1.01816
1.06487
1.17545
1.33879
1.5454
1.72012
1.87563
1.95529
1.96046
1.96736
1.96541
1.96223
1.95301
1.9331
1.89626
1.85162
1.81858
1.7767
1.73105
1.70289
1.67491
1.63041
1.60145
1.5835
1.559
1.52284
1.49871
1.48097
1.45384
1.41902
1.40089
1.3865
1.36323
1.33701
1.32166
1.30768
1.28373
1.25832
1.24493
1.23295
1.21236
1.19247
1.1815
1.17085
1.15234
1.13396
1.12298
1.11281
1.09544
1.07975
1.07115
1.0627
1.04803
1.03392
1.02521
1.01702
1.00335
0.990285
0.982375
0.974995
0.962779
0.951345
0.944285
0.93766
0.926861
0.916353
0.909678
0.90372
0.894308
0.884931
0.878652
0.872825
0.863733
0.854901
0.849027
0.843833
0.836172
0.828836
0.823636
0.81882
0.811632
0.804324
0.79894
0.793823
0.786848
0.780652
0.776496
0.769104
1
1
1.00001
1.00007
1.00075
1.00474
1.0189
1.07437
1.18532
1.36529
1.56339
1.75258
1.90697
1.94749
1.95448
1.96455
1.96589
1.97167
1.96741
1.94342
1.90997
1.87177
1.81806
1.77534
1.74493
1.70074
1.65944
1.63684
1.61279
1.57772
1.55194
1.53208
1.50465
1.46461
1.44041
1.42347
1.39911
1.37076
1.35443
1.34028
1.31742
1.29067
1.27408
1.25957
1.23659
1.21436
1.20259
1.19159
1.17321
1.15442
1.14248
1.13117
1.11265
1.0949
1.08461
1.07506
1.05953
1.04568
1.0373
1.02896
1.01493
1.00101
0.992045
0.983743
0.970356
0.958277
0.951208
0.944464
0.933472
0.922948
0.916018
0.909477
0.898956
0.888517
0.88205
0.876332
0.867372
0.858804
0.853261
0.848015
0.83988
0.831729
0.825948
0.820788
0.813289
0.805962
0.800749
0.79598
0.789035
0.782318
0.777273
0.772456
0.766067
0.760097
0.755906
0.74839
1
1.00007
1.00097
1.00533
1.02451
1.08292
1.18981
1.37665
1.59084
1.80158
1.89029
1.93354
1.95868
1.98121
1.99031
1.98872
1.97965
1.95832
1.91987
1.86892
1.82951
1.7871
1.734
1.70255
1.6763
1.63675
1.6037
1.58181
1.55718
1.51859
1.49047
1.47028
1.44414
1.41015
1.38976
1.37411
1.35142
1.32269
1.30445
1.28927
1.26699
1.24259
1.22797
1.21488
1.19482
1.17439
1.16176
1.15021
1.13207
1.11366
1.10197
1.0911
1.07415
1.0586
1.04901
1.03992
1.02547
1.01204
1.00318
0.994596
0.980719
0.967541
0.959245
0.95155
0.939503
0.928758
0.921807
0.915103
0.904451
0.894218
0.887165
0.8806
0.870224
0.860543
0.85463
0.849336
0.841156
0.833267
0.827727
0.822472
0.814526
0.806368
0.800537
0.795491
0.788227
0.781241
0.776571
0.772317
0.76609
0.759905
0.7551
0.750621
0.744654
0.738997
0.735023
0.727949
1.0007
1.00516
1.02906
1.09093
1.21578
1.40338
1.61452
1.79896
1.88492
1.93926
1.9781
2.00418
2.00618
2.00366
1.99172
1.95863
1.9168
1.87886
1.82817
1.7817
1.75083
1.71174
1.67029
1.64341
1.61793
1.5774
1.54089
1.51711
1.49215
1.45735
1.43387
1.41619
1.39311
1.3606
1.33813
1.32093
1.29837
1.27094
1.25451
1.24086
1.22161
1.19976
1.1848
1.17144
1.15203
1.1317
1.11908
1.10784
1.09124
1.07444
1.06352
1.05336
1.03825
1.02335
1.01328
1.00399
0.98999
0.977
0.968529
0.960403
0.947783
0.935901
0.928117
0.920814
0.90965
0.899299
0.892292
0.885597
0.875212
0.865433
0.858997
0.853031
0.843763
0.835161
0.829667
0.824621
0.816968
0.809354
0.803707
0.798353
0.790392
0.782507
0.777028
0.772295
0.765603
0.759249
0.754713
0.750475
0.744457
0.738249
0.733284
0.72869
0.722575
0.717056
0.713252
0.706774
1.02944
1.09132
1.23064
1.43832
1.65343
1.78642
1.89214
1.97518
2.01103
2.0147
2.01159
2.00746
1.99513
1.96716
1.92613
1.87037
1.82919
1.79474
1.74799
1.71206
1.68507
1.64815
1.60549
1.57643
1.5497
1.51033
1.47815
1.45764
1.43634
1.40504
1.37998
1.36041
1.33693
1.30491
1.284
1.26843
1.249
1.22473
1.20866
1.19506
1.17694
1.15529
1.13981
1.12652
1.10847
1.08989
1.07833
1.06792
1.05318
1.03756
1.02637
1.01606
1.00133
0.986883
0.977135
0.968299
0.955383
0.943655
0.935712
0.928045
0.91652
0.905216
0.897237
0.889866
0.879009
0.869155
0.862445
0.856025
0.846246
0.837342
0.831276
0.825582
0.816932
0.808578
0.802926
0.797844
0.790332
0.782811
0.777433
0.772462
0.765089
0.757916
0.753051
0.748835
0.742832
0.736997
0.732737
0.728764
0.723111
0.717238
0.712554
0.708146
0.702513
0.697509
0.693985
0.687902
1.25229
1.44102
1.66025
1.81442
1.92255
1.99038
2.01266
2.01258
2.01052
2.00502
1.99548
1.97368
1.93342
1.89329
1.84505
1.79177
1.75726
1.72372
1.6772
1.6421
1.61411
1.57597
1.53563
1.51002
1.48713
1.45332
1.42126
1.39953
1.37795
1.34702
1.32207
1.3034
1.28236
1.2539
1.23438
1.21942
1.20176
1.17844
1.16177
1.14803
1.13082
1.11012
1.09545
1.08315
1.06749
1.0505
1.03911
1.02884
1.01512
0.999599
0.988172
0.978071
0.964543
0.951179
0.942143
0.933977
0.922597
0.91166
0.903723
0.896106
0.885058
0.87405
0.866397
0.859459
0.84949
0.840711
0.834648
0.828751
0.820023
0.811875
0.80581
0.800064
0.791646
0.783624
0.778033
0.772948
0.765579
0.758595
0.753541
0.74879
0.741847
0.735044
0.730164
0.72589
0.719956
0.714029
0.709722
0.705821
0.700278
0.694601
0.690408
0.686631
0.68184
0.677263
0.674198
0.668761
1.66902
1.8272
1.96367
1.98831
2.00008
2.01424
2.01088
2.00677
1.99668
1.97476
1.94561
1.90139
1.85425
1.81639
1.76576
1.71536
1.68234
1.64849
1.60349
1.57079
1.54498
1.51142
1.47407
1.4481
1.42483
1.39136
1.35936
1.33902
1.31943
1.29134
1.26776
1.24994
1.23094
1.20457
1.18508
1.17014
1.15341
1.13118
1.11516
1.10216
1.08673
1.06783
1.05371
1.04174
1.02732
1.01109
0.999712
0.989572
0.976489
0.961691
0.950902
0.941527
0.929368
0.917239
0.908613
0.900767
0.890139
0.879508
0.871436
0.863875
0.853355
0.842989
0.835787
0.829309
0.820394
0.812286
0.806271
0.800404
0.791975
0.783728
0.777652
0.772142
0.764207
0.756542
0.751539
0.74705
0.740511
0.734341
0.729771
0.725432
0.71908
0.712917
0.708444
0.704462
0.69881
0.693305
0.689232
0.685419
0.680121
0.674918
0.670738
0.666863
0.662036
0.657405
0.654158
0.648603
1.93394
2.00091
2.02375
2.01879
2.009
2.01061
2.0066
1.98743
1.94821
1.90725
1.86703
1.81431
1.77037
1.73434
1.68328
1.63658
1.60731
1.57744
1.53699
1.50479
1.47869
1.44625
1.40868
1.38293
1.3608
1.33059
1.30099
1.28186
1.26378
1.238
1.21453
1.1967
1.17873
1.15369
1.13488
1.12096
1.10607
1.08588
1.07047
1.058
1.04406
1.02624
1.01205
1.00022
0.986838
0.971326
0.960436
0.950868
0.939204
0.925456
0.915093
0.906161
0.895287
0.883882
0.875447
0.867837
0.85789
0.847749
0.840247
0.833284
0.823826
0.814468
0.807879
0.801872
0.793775
0.786159
0.780065
0.774085
0.765729
0.757804
0.751849
0.74643
0.738807
0.731928
0.727209
0.722804
0.716503
0.710354
0.705611
0.701191
0.694874
0.688695
0.684532
0.680972
0.675922
0.670943
0.667522
0.664364
0.659914
0.655253
0.65138
0.647849
0.643296
0.639117
0.636093
0.630845
2.01808
2.02741
2.02598
2.02218
2.01363
1.99123
1.96268
1.9219
1.86791
1.8252
1.78085
1.72658
1.6864
1.65302
1.60647
1.56379
1.53629
1.50818
1.46864
1.43553
1.40956
1.37942
1.34413
1.32059
1.30051
1.27365
1.24582
1.22668
1.20902
1.18428
1.16096
1.14368
1.12712
1.10444
1.08719
1.07418
1.0606
1.04198
1.02686
1.01453
1.00132
0.984242
0.970537
0.959318
0.94713
0.93301
0.92285
0.913786
0.903021
0.890128
0.880008
0.871329
0.861037
0.850093
0.841947
0.834686
0.825495
0.816067
0.808818
0.802081
0.793425
0.784539
0.777936
0.772037
0.764437
0.757063
0.751254
0.74569
0.737957
0.730609
0.725405
0.720738
0.714275
0.708265
0.703921
0.699815
0.694018
0.688464
0.683971
0.679603
0.673349
0.667682
0.663697
0.660144
0.655245
0.650473
0.646836
0.643449
0.638865
0.634033
0.630187
0.626885
0.622753
0.61887
0.61631
0.611884
2.03006
2.02874
2.02034
2.00138
1.96701
1.92298
1.88333
1.83148
1.77715
1.73794
1.69443
1.64192
1.60525
1.57465
1.53223
1.49088
1.46289
1.43572
1.3978
1.36568
1.34124
1.31439
1.28231
1.26045
1.24176
1.21732
1.19015
1.17093
1.1539
1.1307
1.10833
1.09243
1.07781
1.05799
1.04148
1.02868
1.01587
0.998334
0.982962
0.970842
0.958659
0.942886
0.930039
0.919632
0.908919
0.896028
0.886149
0.877321
0.86749
0.855248
0.845545
0.837415
0.8282
0.818385
0.811101
0.804473
0.796333
0.78766
0.780653
0.774057
0.765831
0.757159
0.750606
0.744787
0.737447
0.730399
0.724717
0.719252
0.711873
0.705015
0.699922
0.695301
0.688876
0.682785
0.67856
0.674712
0.669345
0.664017
0.659982
0.656331
0.651084
0.646363
0.643151
0.640144
0.635917
0.631695
0.628165
0.624737
0.620166
0.615477
0.611845
0.608569
0.60428
0.60048
0.597904
0.59299
2.02717
2.00907
1.97828
1.93947
1.88505
1.83627
1.7953
1.7395
1.68895
1.65332
1.61196
1.56112
1.52612
1.49726
1.45775
1.4169
1.38933
1.36405
1.32911
1.29834
1.27544
1.2515
1.22242
1.20136
1.18334
1.16032
1.13409
1.11572
1.09998
1.07876
1.05821
1.04365
1.03045
1.01262
0.996676
0.983916
0.971456
0.954466
0.939644
0.92845
0.917496
0.903314
0.891483
0.881671
0.871736
0.859557
0.849698
0.841066
0.831668
0.819954
0.810787
0.803255
0.795042
0.786018
0.778879
0.772324
0.764649
0.756172
0.749225
0.742902
0.735331
0.727326
0.721549
0.71649
0.710123
0.704133
0.699209
0.69441
0.687956
0.681848
0.677045
0.672527
0.666599
0.661193
0.65691
0.652756
0.647152
0.641914
0.63782
0.634051
0.628931
0.624262
0.620926
0.618027
0.614116
0.609905
0.606701
0.603754
0.599488
0.595442
0.592195
0.588956
0.585054
0.581144
0.577926
0.571952
1.98906
1.94525
1.90123
1.85153
1.79081
1.74551
1.70481
1.64826
1.60186
1.5692
1.53041
1.48098
1.44694
1.41963
1.3833
1.34399
1.31779
1.29455
1.26259
1.2333
1.2118
1.19012
1.1629
1.14237
1.12523
1.10408
1.07911
1.06174
1.04742
1.02877
1.00979
0.99608
0.98385
0.967722
0.951788
0.939147
0.927337
0.911848
0.897969
0.887699
0.877932
0.865391
0.854267
0.844766
0.835463
0.823918
0.814517
0.806483
0.798135
0.787782
0.7797
0.772855
0.765488
0.757281
0.750253
0.743564
0.735945
0.727446
0.720397
0.714142
0.706985
0.699413
0.693913
0.68904
0.683127
0.677168
0.672116
0.667311
0.660936
0.654855
0.650728
0.647163
0.642255
0.637294
0.633781
0.630504
0.626065
0.621866
0.618194
0.6146
0.6098
0.605466
0.602306
0.599272
0.594803
0.59056
0.587142
0.583657
0.579402
0.574934
0.570985
0.567624
0.563309
0.559249
0.556487
0.552667
1.90876
1.85587
1.8107
1.75519
1.69479
1.65384
1.61453
1.55898
1.51574
1.48533
1.44894
1.40105
1.36836
1.34301
1.31061
1.27365
1.24847
1.22678
1.19769
1.16998
1.14984
1.12971
1.10396
1.08444
1.06867
1.04906
1.02544
1.00943
0.996613
0.980089
0.96248
0.949339
0.937794
0.922783
0.907529
0.895532
0.884654
0.870611
0.857958
0.848423
0.839335
0.827661
0.816705
0.807353
0.798364
0.787259
0.778068
0.770552
0.763076
0.753636
0.745905
0.739437
0.732853
0.72517
0.718349
0.712093
0.705219
0.697462
0.691692
0.68659
0.680501
0.674341
0.669724
0.665309
0.659796
0.654178
0.649123
0.644156
0.637723
0.631962
0.627724
0.62385
0.61872
0.613956
0.610349
0.607123
0.602971
0.598645
0.595191
0.592177
0.587824
0.584177
0.581336
0.578205
0.57414
0.569907
0.56589
0.561972
0.556979
0.552182
0.548458
0.544645
0.541071
0.538867
0.539504
0.540996
1.81353
1.75958
1.71425
1.6552
1.59879
1.56249
1.52478
1.47008
1.42987
1.40206
1.36852
1.32239
1.29147
1.26831
1.24001
1.20539
1.18082
1.16034
1.13411
1.10839
1.08941
1.07051
1.04644
1.02836
1.01384
0.99568
0.97343
0.958695
0.94708
0.93233
0.915215
0.9027
0.892052
0.878722
0.864005
0.852803
0.843063
0.831093
0.819751
0.810955
0.802589
0.7921
0.782144
0.773484
0.765166
0.755085
0.746748
0.73964
0.73251
0.723755
0.716265
0.709718
0.703079
0.695296
0.688231
0.68184
0.675222
0.668107
0.662479
0.657353
0.651976
0.646171
0.641579
0.637398
0.632451
0.62749
0.623403
0.619487
0.61415
0.609573
0.606317
0.603193
0.599168
0.5949
0.591182
0.587565
0.582727
0.578347
0.574738
0.571117
0.566696
0.562571
0.558956
0.555686
0.551322
0.546717
0.543589
0.540445
0.536813
0.535623
0.535865
0.534622
0.534696
0.536496
0.540112
0.561886
1.7122
1.66007
1.61364
1.55466
1.50454
1.47164
1.43491
1.3819
1.34561
1.3205
1.28953
1.24531
1.21672
1.19604
1.17118
1.13795
1.11435
1.09575
1.07242
1.0481
1.03031
1.01289
0.990969
0.974279
0.960855
0.94386
0.923302
0.909752
0.899117
0.885557
0.869603
0.857811
0.847914
0.835484
0.821655
0.811197
0.802255
0.791468
0.780473
0.771825
0.763824
0.754055
0.744269
0.736106
0.728613
0.719437
0.711505
0.705163
0.699114
0.691338
0.684558
0.678939
0.67343
0.666835
0.660891
0.655415
0.649805
0.643723
0.638712
0.633909
0.628549
0.622851
0.617973
0.61321
0.607739
0.602337
0.597806
0.593829
0.588861
0.584496
0.581726
0.579268
0.575553
0.571615
0.568254
0.564784
0.560576
0.556287
0.552151
0.548162
0.543445
0.539101
0.535421
0.531841
0.528072
0.525628
0.526457
0.526933
0.527644
0.529886
0.535021
0.546959
0.568454
0.604858
0.646261
0.731976
1.60744
1.55852
1.51198
1.45604
1.41217
1.38157
1.34592
1.29588
1.26361
1.24092
1.21235
1.17039
1.14403
1.12564
1.10342
1.07185
1.04982
1.03317
1.01153
0.98884
0.97295
0.957035
0.936545
0.92123
0.909052
0.893493
0.874106
0.861757
0.852179
0.840189
0.824897
0.814125
0.805348
0.794772
0.782257
0.772856
0.764824
0.755444
0.745702
0.737568
0.729821
0.720601
0.711723
0.704024
0.696632
0.687714
0.680103
0.6738
0.667583
0.659594
0.652749
0.647231
0.642007
0.635478
0.629337
0.624275
0.619789
0.614547
0.610443
0.60663
0.602584
0.598166
0.594347
0.590521
0.585671
0.581025
0.577529
0.573932
0.568741
0.564509
0.561352
0.557925
0.55355
0.548707
0.544354
0.540728
0.536132
0.531458
0.528478
0.52584
0.522286
0.522257
0.521763
0.520334
0.520579
0.522721
0.527666
0.539654
0.561906
0.598466
0.643942
0.699953
0.761973
0.822977
0.864031
0.911295
1.49954
1.45765
1.41205
1.36036
1.32167
1.29278
1.25853
1.21277
1.18436
1.16339
1.13675
1.09765
1.07378
1.05721
1.03709
1.00752
0.987394
0.972335
0.951941
0.931585
0.917913
0.903004
0.883772
0.870007
0.859246
0.844731
0.826773
0.81531
0.806496
0.79507
0.780623
0.770355
0.762188
0.75245
0.740385
0.731256
0.723785
0.715624
0.706034
0.698281
0.691517
0.683873
0.676036
0.669445
0.663398
0.65614
0.649866
0.644625
0.639457
0.632922
0.627194
0.622163
0.616968
0.610494
0.604793
0.599722
0.594715
0.589179
0.584219
0.579552
0.575311
0.570828
0.566897
0.563172
0.558823
0.555591
0.552756
0.549372
0.544989
0.541127
0.537714
0.534092
0.528818
0.523359
0.519336
0.515884
0.512
0.510275
0.511452
0.512418
0.513647
0.516597
0.523239
0.538337
0.564216
0.600402
0.650764
0.712728
0.769563
0.82286
0.874269
0.921165
0.957897
0.97435
0.983804
0.995633
1.39258
1.35672
1.31464
1.26749
1.23293
1.20592
1.17387
1.13264
1.10715
1.08759
1.06317
1.02733
1.0055
0.990451
0.972176
0.945375
0.926921
0.912778
0.893524
0.876162
0.864128
0.849598
0.831839
0.820368
0.8111
0.797768
0.780889
0.771416
0.764073
0.754122
0.74076
0.731806
0.72462
0.716092
0.705293
0.696512
0.689041
0.680886
0.671758
0.66408
0.657255
0.649545
0.641874
0.635413
0.629463
0.622175
0.615751
0.610888
0.606441
0.600255
0.594761
0.590906
0.587441
0.582914
0.578631
0.574694
0.571041
0.566745
0.56265
0.558558
0.554208
0.549612
0.545219
0.540635
0.536344
0.532237
0.528402
0.524556
0.519338
0.515335
0.512849
0.510126
0.505743
0.505494
0.505152
0.504515
0.505201
0.508319
0.514984
0.530047
0.558764
0.598429
0.646463
0.712369
0.773286
0.825966
0.876823
0.904859
0.923596
0.945332
0.961469
0.96601
0.973249
0.981667
0.993577
1.00551
1.29026
1.25769
1.2199
1.17772
1.14675
1.12146
1.09161
1.05487
1.03238
1.01437
0.991925
0.958584
0.939255
0.92646
0.909899
0.8842
0.868275
0.855928
0.838385
0.823184
0.812345
0.798538
0.782882
0.77211
0.763104
0.749952
0.734608
0.72546
0.718441
0.708855
0.696014
0.687912
0.681776
0.674599
0.664186
0.656602
0.650682
0.644392
0.636225
0.62995
0.624813
0.619179
0.613225
0.60784
0.602544
0.59625
0.590636
0.58553
0.580131
0.573437
0.567884
0.563565
0.559531
0.554084
0.54901
0.545289
0.542354
0.538482
0.534854
0.53123
0.527591
0.523787
0.519395
0.51526
0.510953
0.506769
0.503147
0.498846
0.494659
0.494335
0.495735
0.496535
0.497858
0.501488
0.510594
0.530118
0.561294
0.602461
0.657974
0.725395
0.784687
0.83569
0.890173
0.935158
0.960052
0.979179
0.991682
0.9939
0.997589
1.00161
1.00129
0.996337
0.98541
0.98211
0.98424
0.991111
1.18995
1.16098
1.12863
1.0908
1.06262
1.03966
1.01284
0.979432
0.959003
0.943143
0.922958
0.891447
0.874515
0.864255
0.84781
0.824515
0.812229
0.800714
0.783687
0.771523
0.763078
0.75036
0.736292
0.727716
0.720363
0.708694
0.69523
0.687188
0.680632
0.671336
0.659536
0.651572
0.645219
0.637551
0.627727
0.620119
0.613962
0.60724
0.599118
0.59299
0.588118
0.582672
0.576535
0.572042
0.568354
0.56353
0.558943
0.555749
0.552755
0.548396
0.544424
0.540794
0.536791
0.531885
0.527684
0.523593
0.519366
0.51449
0.509389
0.505356
0.501737
0.497229
0.493639
0.490706
0.488043
0.488414
0.487588
0.487016
0.488299
0.493026
0.503038
0.523301
0.559357
0.604213
0.661005
0.729801
0.787255
0.83846
0.889905
0.914412
0.925976
0.946673
0.966404
0.968089
0.973127
0.986669
1.0003
1.00275
1.00643
1.01007
1.00966
1.00797
1.0042
0.998353
0.992951
0.992388
1.09639
1.06726
1.03957
1.00629
0.981424
0.961237
0.936553
0.906151
0.888817
0.875556
0.856349
0.826878
0.814336
0.804818
0.786378
0.768352
0.759163
0.746419
0.730258
0.720143
0.712115
0.698769
0.685489
0.678059
0.671721
0.660719
0.648063
0.641639
0.636682
0.628952
0.618286
0.61275
0.608285
0.602686
0.594717
0.588973
0.584146
0.578848
0.572373
0.56667
0.561291
0.555329
0.549529
0.544391
0.53938
0.533338
0.528079
0.524433
0.521302
0.516646
0.512364
0.509493
0.507089
0.503477
0.499387
0.495979
0.492341
0.48719
0.483679
0.481454
0.477919
0.476812
0.477334
0.478264
0.48093
0.487111
0.500218
0.525071
0.562775
0.610531
0.672619
0.743519
0.802314
0.855008
0.909382
0.948972
0.967068
0.983797
0.9961
0.996124
0.996366
1.00014
1.00021
0.994236
0.982986
0.983331
0.986133
0.988643
0.992379
0.99868
1.00205
1.00346
1.00301
1.00316
1.00252
1.00013
1.00705
0.977768
0.952654
0.924159
0.902773
0.884705
0.86194
0.835047
0.820858
0.808637
0.78913
0.766499
0.75723
0.745503
0.727611
0.717821
0.71077
0.696453
0.683599
0.676764
0.66978
0.655848
0.644885
0.638653
0.632333
0.620289
0.608718
0.602315
0.597049
0.588858
0.578863
0.572754
0.568087
0.562613
0.554605
0.549036
0.545193
0.54133
0.535262
0.53147
0.528934
0.525864
0.521735
0.518427
0.515157
0.510535
0.506078
0.502223
0.498013
0.492086
0.4873
0.484356
0.480855
0.475462
0.47273
0.471377
0.469704
0.46806
0.468262
0.469047
0.471496
0.478038
0.492268
0.51906
0.563281
0.618064
0.684896
0.755381
0.8084
0.857049
0.900784
0.920344
0.931322
0.952582
0.965218
0.970082
0.978609
0.993662
1.0045
1.00463
1.00648
1.0085
1.00877
1.00738
1.00332
0.997581
0.993089
0.989942
0.990095
0.991385
0.993194
0.995163
0.997511
1.00026
1.00295
1.00311
0.921422
0.892812
0.869554
0.846303
0.82862
0.81216
0.790324
0.769219
0.757345
0.743783
0.724653
0.710248
0.700089
0.68531
0.671617
0.66396
0.654647
0.639172
0.629613
0.624359
0.617688
0.603884
0.596456
0.592838
0.588125
0.577201
0.569086
0.56584
0.562423
0.555637
0.547773
0.544094
0.540597
0.535002
0.527481
0.52198
0.517262
0.511868
0.505047
0.499975
0.496476
0.492004
0.487185
0.484559
0.481868
0.476317
0.473859
0.472324
0.468873
0.463469
0.461894
0.460877
0.458125
0.457899
0.458614
0.460604
0.464638
0.474412
0.492606
0.52312
0.575903
0.637362
0.696976
0.76562
0.830644
0.886782
0.933713
0.960555
0.974346
0.991103
1.00003
0.999237
0.998028
0.999016
0.996642
0.987151
0.980747
0.983
0.986618
0.989464
0.994274
0.999606
1.00289
1.00426
1.00332
1.00315
1.00216
0.99928
0.996025
0.994478
0.994144
0.994013
0.99419
0.995099
0.997008
0.999597
0.836285
0.810796
0.788833
0.770197
0.755542
0.739899
0.721332
0.706284
0.696238
0.682528
0.668536
0.659843
0.649499
0.636708
0.627186
0.620132
0.609133
0.595986
0.588606
0.58292
0.573784
0.560746
0.554505
0.55026
0.544532
0.53415
0.525631
0.521397
0.518157
0.512205
0.504633
0.503075
0.501622
0.498383
0.493383
0.491307
0.48927
0.485686
0.480972
0.477932
0.474217
0.468824
0.465101
0.461782
0.456827
0.452408
0.450717
0.449499
0.447236
0.446278
0.447171
0.449562
0.454673
0.465695
0.489194
0.526312
0.579137
0.647275
0.709869
0.781148
0.841629
0.874918
0.906376
0.942639
0.949794
0.954471
0.960116
0.970356
0.984545
1.00179
1.00988
1.00863
1.0086
1.00852
1.00725
1.00378
0.997021
0.992354
0.989698
0.989448
0.989911
0.991426
0.993569
0.996201
0.998973
1.0015
1.0034
1.00313
1.00228
1.00108
0.99971
0.997971
0.996131
0.995855
0.995662
0.996043
0.754465
0.734118
0.714696
0.69936
0.685493
0.670165
0.654971
0.64233
0.630858
0.618255
0.607603
0.599162
0.587387
0.577159
0.570688
0.565167
0.554638
0.544668
0.541223
0.537712
0.5303
0.521306
0.519442
0.517302
0.512541
0.502725
0.498396
0.495638
0.491536
0.483541
0.476667
0.473019
0.469847
0.46577
0.459827
0.455546
0.452958
0.449786
0.44682
0.444653
0.441231
0.439426
0.439354
0.437942
0.437847
0.438297
0.439939
0.443225
0.449395
0.464755
0.494894
0.536827
0.594571
0.666371
0.734435
0.799718
0.863039
0.913438
0.948929
0.979842
0.987317
0.990103
0.996876
1.00196
1.0013
0.995404
0.986592
0.978734
0.980345
0.986118
0.991839
0.994362
0.997087
1
1.00183
1.00204
1.00323
1.00296
1.00187
0.999488
0.996241
0.994218
0.993392
0.993511
0.99389
0.995134
0.997352
0.999451
1.00063
1.00055
1.00013
0.999417
0.998974
0.998375
0.997596
0.996878
0.674474
0.660374
0.645217
0.632595
0.621111
0.609668
0.599601
0.589563
0.579585
0.570334
0.561886
0.55262
0.540876
0.533361
0.527366
0.520189
0.508788
0.500297
0.49539
0.490762
0.483681
0.475242
0.472228
0.470337
0.466968
0.460005
0.458788
0.459008
0.457745
0.452923
0.450843
0.450395
0.4488
0.444221
0.439356
0.436715
0.434243
0.431059
0.427612
0.427198
0.426629
0.427084
0.428543
0.43255
0.44186
0.460832
0.497737
0.549191
0.610384
0.686736
0.756517
0.813364
0.865964
0.897082
0.918248
0.945528
0.954586
0.95892
0.970335
0.98677
0.99541
1.00018
1.00833
1.01137
1.00998
1.00854
1.00641
1.00208
0.995141
0.989568
0.988732
0.988727
0.989231
0.990695
0.993575
0.997258
1.0009
1.00442
1.0048
1.00457
1.00335
1.00112
0.998269
0.996169
0.995357
0.995186
0.995276
0.995514
0.996115
0.996883
0.997744
0.99854
0.999262
0.999397
0.999438
0.998985
0.596285
0.586179
0.572571
0.560444
0.549985
0.540561
0.532589
0.523662
0.514379
0.508562
0.503619
0.497225
0.487291
0.484608
0.482636
0.478786
0.471143
0.46814
0.466788
0.463575
0.45577
0.451869
0.450372
0.447421
0.441496
0.434306
0.430036
0.427498
0.425151
0.420586
0.418279
0.418701
0.418407
0.416291
0.416343
0.417945
0.419383
0.420347
0.422461
0.428532
0.442586
0.466511
0.509636
0.569215
0.633765
0.707778
0.784745
0.847238
0.904225
0.948966
0.969495
0.98533
0.997666
0.998551
1.00051
1.0019
0.999232
0.990281
0.978125
0.978538
0.980359
0.984259
0.990064
0.995818
0.998752
1.00113
1.00288
1.0023
1.00146
0.999549
0.996684
0.99466
0.992929
0.99281
0.993019
0.993711
0.995154
0.997666
0.999874
1.00161
1.00198
1.00133
1.0008
1.00001
0.999058
0.997793
0.996658
0.996134
0.995591
0.995442
0.995585
0.995947
0.996786
0.997933
0.999096
0.999208
0.530479
0.525752
0.517307
0.508716
0.501196
0.494739
0.487758
0.477535
0.470845
0.466227
0.460631
0.451602
0.44305
0.44005
0.437594
0.434053
0.427365
0.423871
0.423268
0.421714
0.419964
0.420449
0.423057
0.422785
0.420108
0.417502
0.417172
0.41628
0.413284
0.409869
0.409834
0.410083
0.410218
0.41126
0.414643
0.423512
0.442962
0.474564
0.521641
0.592123
0.661856
0.729757
0.798193
0.846354
0.887322
0.932812
0.938463
0.944535
0.952244
0.963986
0.977291
0.993789
1.00797
1.00846
1.00963
1.01005
1.00907
1.00645
1.00026
0.992503
0.987273
0.98478
0.985787
0.987191
0.988599
0.99041
0.994187
0.998477
1.00132
1.00212
1.00195
1.00147
1.00049
0.998952
0.997232
0.995847
0.995523
0.995404
0.995621
0.996096
0.997058
0.998204
0.999102
0.999505
0.999358
0.999124
0.998583
0.997654
0.996695
0.996002
0.995962
0.996135
0.996508
0.997039
0.997612
0.998322
0.461547
0.457297
0.450747
0.442955
0.438776
0.436872
0.433569
0.428627
0.428206
0.42957
0.428576
0.424159
0.422354
0.422841
0.421906
0.418214
0.413773
0.411675
0.409487
0.406263
0.402694
0.400906
0.400832
0.400808
0.401111
0.402362
0.404102
0.405419
0.406253
0.408967
0.415958
0.428947
0.455345
0.500256
0.551351
0.616721
0.694244
0.764202
0.830491
0.887961
0.932768
0.973374
0.989227
0.99292
1.00105
1.0061
1.00483
0.997907
0.989051
0.980389
0.976168
0.978796
0.985672
0.989892
0.992828
0.996081
0.998542
1.00008
0.999314
0.999129
0.998654
0.997174
0.995301
0.99298
0.991106
0.991456
0.991912
0.993121
0.994953
0.997374
0.999592
1.00107
1.00098
1.00054
0.999891
0.998894
0.997489
0.996235
0.995139
0.995174
0.995269
0.995463
0.995829
0.99651
0.997222
0.997897
0.998013
0.99789
0.997912
0.997801
0.997658
0.997538
0.997576
0.997665
0.997857
0.998104
0.427572
0.42534
0.420805
0.415834
0.412567
0.408903
0.403792
0.399906
0.398866
0.398219
0.397096
0.396539
0.39699
0.399125
0.400969
0.400674
0.400991
0.40292
0.403182
0.402424
0.400977
0.400422
0.399503
0.399311
0.400277
0.404532
0.416153
0.436641
0.469722
0.526155
0.589837
0.650857
0.726796
0.79163
0.841375
0.896742
0.915422
0.927816
0.942292
0.950136
0.962087
0.985544
0.996304
1.00014
1.00769
1.01295
1.01132
1.00922
1.0072
1.00385
0.996013
0.987983
0.98508
0.985371
0.985086
0.985503
0.986981
0.989454
0.993954
0.99763
0.999972
1.00145
1.00175
1.0013
0.999326
0.996653
0.994999
0.994578
0.994957
0.995221
0.995758
0.996862
0.997604
0.997805
0.997876
0.998086
0.998151
0.997922
0.997211
0.996425
0.995765
0.995165
0.994932
0.994964
0.99515
0.995581
0.996433
0.997307
0.997782
0.998072
0.998303
0.998523
0.998642
0.998618
0.998454
0.998253
0.3957
0.398706
0.400327
0.40157
0.403798
0.404097
0.403277
0.401097
0.39966
0.398322
0.396438
0.395375
0.395408
0.395704
0.395994
0.396044
0.396256
0.397238
0.398568
0.400362
0.404019
0.411922
0.428514
0.455322
0.497704
0.558659
0.624682
0.687999
0.761352
0.825456
0.874302
0.926909
0.969857
0.980093
0.990044
1.00339
1.00552
1.00543
1.00334
0.997272
0.988686
0.982728
0.983416
0.984271
0.98675
0.991093
0.994653
0.997719
1.00108
1.00107
1.00105
1.0002
0.997278
0.993745
0.990832
0.988314
0.988287
0.989487
0.99061
0.99257
0.995848
0.998773
1.00087
1.001
1.00074
0.999911
0.99921
0.998725
0.997871
0.996625
0.995667
0.995083
0.994702
0.994455
0.994432
0.994925
0.996074
0.996957
0.997277
0.997236
0.997117
0.996846
0.996221
0.99577
0.995788
0.996006
0.996218
0.996639
0.997153
0.997669
0.998113
0.99842
0.998574
0.998577
0.998583
0.99825
0.388247
0.389327
0.390534
0.391628
0.393402
0.39531
0.397215
0.398185
0.398938
0.398851
0.397906
0.396889
0.396992
0.397577
0.398835
0.401255
0.406769
0.419558
0.441351
0.478257
0.530393
0.592082
0.662761
0.734861
0.813068
0.852163
0.872804
0.907483
0.94431
0.945151
0.951574
0.965708
0.977555
0.983658
0.994126
1.00817
1.00989
1.00991
1.01166
1.01179
1.00987
1.00365
0.995882
0.989525
0.985277
0.984408
0.984987
0.986749
0.990575
0.995263
0.998824
1.00053
1.00065
1.00014
0.999174
0.99767
0.995733
0.994269
0.993403
0.993599
0.99414
0.995157
0.996856
0.998305
0.998973
0.998906
0.998689
0.99841
0.998322
0.997941
0.997112
0.996021
0.995175
0.994346
0.993773
0.993861
0.994462
0.995495
0.996464
0.997369
0.997782
0.997717
0.997539
0.997257
0.997183
0.997149
0.996969
0.996846
0.996803
0.996867
0.996949
0.996953
0.996938
0.996954
0.997037
0.997007
0.402924
0.403184
0.404184
0.405047
0.4062
0.407847
0.409742
0.411881
0.41399
0.416324
0.41902
0.42274
0.429106
0.444078
0.470023
0.506167
0.563108
0.630628
0.693266
0.760318
0.827264
0.883718
0.919163
0.944654
0.964464
0.973771
0.981913
0.995569
1.0018
1.00014
0.996792
0.994191
0.988744
0.983061
0.984165
0.98849
0.992444
0.996111
1.00213
1.00593
1.00557
1.00206
0.999144
0.996906
0.994378
0.991429
0.989786
0.989874
0.990465
0.991767
0.993925
0.996458
0.99859
1.00053
1.00136
1.00112
1.00063
0.999909
0.998888
0.997694
0.996109
0.995133
0.994713
0.994756
0.994944
0.995014
0.995299
0.995942
0.996201
0.996227
0.996027
0.99561
0.995422
0.995627
0.99583
0.995859
0.995967
0.996266
0.996768
0.997493
0.997993
0.998272
0.99839
0.998327
0.998034
0.997488
0.996908
0.996303
0.995743
0.995256
0.995068
0.995142
0.995357
0.995706
0.996127
0.996777
0.420741
0.422284
0.423646
0.423574
0.423931
0.424969
0.426586
0.430472
0.439227
0.456664
0.486283
0.525565
0.576451
0.648906
0.71546
0.779301
0.831946
0.868681
0.907029
0.93975
0.951063
0.960103
0.966838
0.971474
0.978266
0.987875
0.998473
1.00975
1.01411
1.01336
1.01152
1.00903
1.00492
0.998872
0.994573
0.991438
0.988059
0.98672
0.987958
0.992041
0.995121
0.99619
0.997144
0.997846
0.998086
0.99803
0.996844
0.99643
0.996196
0.995456
0.994325
0.994438
0.995278
0.99659
0.998146
0.999307
0.999726
0.999513
0.99868
0.997484
0.996096
0.994889
0.994362
0.994178
0.994424
0.994967
0.995383
0.995856
0.996407
0.996788
0.997107
0.997288
0.997383
0.997608
0.997729
0.99754
0.997103
0.9966
0.996168
0.99583
0.995566
0.995467
0.995561
0.995696
0.995664
0.995455
0.995356
0.995208
0.994962
0.994889
0.994986
0.995294
0.995716
0.996107
0.996449
0.996871
0.428623
0.432245
0.436858
0.44293
0.453704
0.476901
0.506785
0.543089
0.597702
0.672462
0.739908
0.799219
0.86765
0.917068
0.932349
0.947329
0.9623
0.966216
0.970939
0.976564
0.978331
0.98134
0.986864
0.989921
0.991882
0.996328
1.00331
1.00582
1.00533
1.00433
1.00418
1.00382
1.00203
0.998923
0.99524
0.99297
0.990439
0.987649
0.985363
0.985047
0.986022
0.988059
0.990932
0.995075
0.999272
1.00278
1.0045
1.0042
1.00336
1.00161
0.998377
0.99476
0.993049
0.993187
0.99364
0.994474
0.995815
0.996877
0.997277
0.997359
0.997334
0.9972
0.9972
0.997287
0.997496
0.997584
0.997474
0.996981
0.996133
0.995291
0.99494
0.994963
0.995096
0.995368
0.995944
0.996322
0.996298
0.996286
0.996322
0.996168
0.995671
0.995427
0.995433
0.995494
0.995459
0.995456
0.995533
0.995609
0.995575
0.995542
0.995553
0.995696
0.996012
0.996365
0.996497
0.996712
0.436615
0.464906
0.507209
0.548786
0.61063
0.690001
0.738695
0.779326
0.845587
0.886533
0.903238
0.921208
0.949299
0.971211
0.981426
0.99208
1.00219
1.00214
1.0018
1.00057
0.996187
0.992145
0.990823
0.989707
0.988645
0.988458
0.989189
0.988946
0.988238
0.987792
0.9887
0.991739
0.995196
0.997939
0.999318
0.999454
0.999038
0.997508
0.995754
0.994503
0.994622
0.995182
0.994888
0.995287
0.996782
0.999158
1.00037
1.0002
0.999761
0.999077
0.997865
0.996739
0.996386
0.996669
0.996957
0.996773
0.996454
0.99587
0.994865
0.994142
0.994123
0.994547
0.995721
0.997381
0.998415
0.998582
0.998464
0.997836
0.996399
0.994772
0.993953
0.993736
0.993624
0.993677
0.994058
0.994482
0.994534
0.994489
0.994561
0.994736
0.995019
0.995519
0.996096
0.996368
0.996317
0.996146
0.995844
0.995369
0.994889
0.994653
0.994688
0.995021
0.995631
0.99623
0.996466
0.996427
0.504553
0.623268
0.714548
0.777213
0.842566
0.899647
0.934372
0.95894
0.989015
0.998291
0.999762
0.997655
0.993847
0.987996
0.985359
0.986365
0.988094
0.991178
0.998383
1.00239
1.00122
0.998464
0.996868
0.995785
0.99481
0.99389
0.992367
0.990244
0.987938
0.985291
0.983931
0.98392
0.985157
0.988177
0.990626
0.99263
0.994529
0.996124
0.99769
0.999341
1.00081
1.00152
1.00172
1.00106
0.999795
0.998474
0.996782
0.995093
0.994657
0.994807
0.995214
0.99596
0.997419
0.998376
0.998507
0.998249
0.997632
0.996768
0.996168
0.995863
0.995802
0.996067
0.99661
0.997177
0.997305
0.997326
0.997374
0.997161
0.996675
0.996384
0.99638
0.996718
0.99664
0.996173
0.995596
0.994902
0.994506
0.994378
0.994458
0.994717
0.995163
0.995749
0.996099
0.996105
0.995943
0.995726
0.995472
0.995194
0.995142
0.995436
0.996067
0.996575
0.996807
0.996929
0.996958
0.996691
)
;

boundaryField
{
    inlet
    {
        type            fixedValue;
        value           uniform 1;
    }
    outlet
    {
        type            zeroGradient;
    }
    bottom
    {
        type            symmetryPlane;
    }
    top
    {
        type            symmetryPlane;
    }
    obstacle
    {
        type            zeroGradient;
    }
    defaultFaces
    {
        type            empty;
    }
}


// ************************************************************************* //
