/*--------------------------------*- C++ -*----------------------------------*\
  =========                 |
  \\      /  F ield         | OpenFOAM: The Open Source CFD Toolbox
   \\    /   O peration     | Website:  https://openfoam.org
    \\  /    A nd           | Version:  7
     \\/     M anipulation  |
\*---------------------------------------------------------------------------*/
FoamFile
{
    version     2.0;
    format      ascii;
    class       volVectorField;
    location    "15";
    object      U;
}
// * * * * * * * * * * * * * * * * * * * * * * * * * * * * * * * * * * * * * //

dimensions      [0 1 -1 0 0 0 0];

internalField   nonuniform List<vector> 
8500
(
(-0.00890024 0.00687506 -1.79936e-19)
(-0.00879707 0.00654752 -8.12725e-20)
(-0.0182918 0.0150222 8.11054e-20)
(-0.00863295 0.00619348 3.01564e-19)
(-0.017225 0.0139669 -1.49093e-19)
(-0.0171887 0.0189133 -9.27242e-20)
(-0.00840082 0.00581279 -3.27176e-19)
(-0.0159293 0.0128528 1.58445e-19)
(-0.0142049 0.0172326 2.71418e-19)
(-0.00809321 0.00540565 2.30065e-19)
(-0.0143845 0.0116829 -4.01553e-21)
(-0.0107738 0.0154983 3.42393e-20)
(0.00259744 0.0174439 -1.35209e-19)
(-0.00770234 0.00497259 -1.77046e-19)
(-0.0125693 0.0104615 2.30123e-19)
(-0.00686371 0.0137207 -1.29137e-19)
(0.00922466 0.0153241 1.15061e-19)
(0.0357551 0.0161125 6.51275e-20)
(-0.00722014 0.0045146 -1.60866e-19)
(-0.0104626 0.00919395 -9.93283e-20)
(-0.00244262 0.0119118 -1.72893e-19)
(0.0165962 0.0132158 -1.9989e-19)
(0.0466832 0.0139723 1.20233e-19)
(0.0878346 0.0149352 1.26484e-19)
(-0.00663834 0.00403312 2.28428e-19)
(-0.00804267 0.00788699 5.87839e-20)
(0.00252073 0.0100854 1.086e-19)
(0.0247494 0.0111415 5.98506e-20)
(0.0586335 0.0119436 7.08627e-20)
(0.10413 0.0132586 -1.79399e-19)
(0.161101 0.0157358 2.18003e-20)
(-0.0059485 0.00353012 -1.16221e-20)
(-0.00528819 0.00654868 7.75598e-21)
(0.00805678 0.00825751 -4.89991e-20)
(0.0337189 0.00912581 -1.19137e-19)
(0.071639 0.0100601 -1.0965e-19)
(0.121698 0.0118352 3.53791e-19)
(0.183637 0.0150944 3.7938e-20)
(0.256942 0.020361 1.6291e-20)
(-0.00514215 0.00300814 -1.27685e-21)
(-0.00217798 0.00518861 5.08333e-20)
(0.0141947 0.00644624 -7.88575e-20)
(0.0435366 0.0071961 2.88361e-19)
(0.0857268 0.00835817 5.70777e-20)
(0.14055 0.0107088 -2.29927e-19)
(0.207601 0.0148769 -2.77161e-20)
(0.286149 0.0213518 2.00727e-20)
(0.374983 0.0304422 -1.00821e-19)
(-0.00421078 0.00247031 -5.85657e-20)
(0.00130852 0.00381791 1.27409e-19)
(0.0209617 0.00467177 1.5453e-19)
(0.0542307 0.00538196 -3.14553e-19)
(0.100918 0.00687606 6.91515e-20)
(0.160691 0.00992465 1.81152e-19)
(0.232966 0.0151316 -6.8488e-20)
(0.316761 0.0229388 -2.164e-19)
(0.410533 0.0335773 -2.98072e-20)
(0.512061 0.0470223 1.32692e-19)
(-0.003146 0.00192039 1.63249e-21)
(0.00519107 0.00244928 -1.10233e-19)
(0.0283832 0.00295647 -1.41924e-19)
(0.0658248 0.00371532 8.18546e-20)
(0.117226 0.00565416 -3.35698e-19)
(0.182112 0.00952874 -1.32139e-19)
(0.259688 0.015906 -4.93078e-20)
(0.348683 0.0251645 -7.52291e-21)
(0.447189 0.0374392 -2.04294e-19)
(0.552567 0.0525764 -1.64973e-19)
(0.661478 0.0701101 1.6767e-19)
(-0.00193961 0.00136277 9.08748e-20)
(0.00948834 0.00109704 -2.76386e-19)
(0.0364816 0.00132483 8.03105e-20)
(0.078338 0.00223032 2.99771e-20)
(0.134656 0.00473445 8.30897e-20)
(0.204793 0.00956764 2.27688e-19)
(0.287708 0.0172457 -6.51823e-20)
(0.381804 0.0280669 -6.90126e-20)
(0.484775 0.0420505 2.31362e-19)
(0.593555 0.0588957 1.10985e-20)
(0.704405 0.0779715 5.44967e-20)
(0.813188 0.0983585 5.15138e-21)
(0.915779 0.118949 -7.10026e-20)
(-0.000583675 0.000802515 7.46594e-21)
(0.0142176 -0.000222914 1.20123e-19)
(0.0452764 -0.000196623 2.01672e-19)
(0.0917836 0.000963021 -2.23453e-19)
(0.153206 0.00416019 1.05372e-19)
(0.228702 0.0100877 1.17927e-20)
(0.316951 0.0191945 4.14774e-20)
(0.415993 0.0316791 9.59726e-20)
(0.523101 0.0474258 -1.24535e-19)
(0.634775 0.0659701 6.00042e-20)
(0.746914 0.0865082 4.27853e-20)
(0.855167 0.107969 -4.76471e-20)
(0.955418 0.129143 1.71901e-19)
(1.04429 0.148855 -1.10616e-19)
(0.000929384 0.000245315 -1.82419e-19)
(0.0193945 -0.00149311 8.70528e-20)
(0.0547835 -0.00157946 -1.2508e-19)
(0.106169 -4.87792e-05 2.14287e-19)
(0.172863 0.00397544 1.4309e-19)
(0.253794 0.0111344 -6.69588e-20)
(0.347326 0.0217924 1.05226e-19)
(0.451105 0.0360284 5.57797e-20)
(0.561963 0.0535719 2.35772e-19)
(0.675977 0.0737804 -1.3534e-19)
(0.78873 0.0956752 -1.5965e-19)
(0.89574 0.118044 9.31093e-20)
(0.992998 0.139603 -6.10112e-20)
(1.07746 0.159179 4.9809e-20)
(1.14739 0.175872 -2.50802e-19)
(0.00260665 -0.00030246 5.72486e-20)
(0.0250327 -0.00269458 -2.94799e-20)
(0.0650147 -0.00279349 -4.09692e-20)
(0.121494 -0.000765931 -1.24443e-19)
(0.193604 0.00422455 -2.32687e-19)
(0.280011 0.0127518 3.80392e-20)
(0.378729 0.025076 -1.11613e-19)
(0.48698 0.0411357 -1.69895e-19)
(0.601147 0.060487 -1.69542e-19)
(0.71691 0.0822992 1.10367e-19)
(0.829594 0.105421 7.96503e-20)
(0.934678 0.128517 1.60651e-19)
(1.02836 0.150257 -1.79071e-19)
(1.10802 0.169505 -5.00853e-22)
(1.17245 0.185468 3.09268e-20)
(1.22185 0.197747 -7.12636e-21)
(1.25753 0.206368 -1.44449e-19)
(0.00445463 -0.000833807 8.75873e-20)
(0.0311437 -0.00380698 -1.8907e-20)
(0.0759775 -0.00380702 1.13576e-19)
(0.137753 -0.00114829 1.7422e-19)
(0.215398 0.00495163 2.46058e-19)
(0.307284 0.0149815 -8.50694e-20)
(0.41104 0.0290771 -6.8768e-20)
(0.523445 0.0470151 2.37109e-19)
(0.640435 0.0681615 6.89477e-21)
(0.757328 0.0914913 3.44763e-20)
(0.869267 0.115689 1.13668e-19)
(0.971788 0.139319 -2.03488e-19)
(1.06139 0.161038 2.54714e-20)
(1.13595 0.17978 -6.95471e-20)
(1.19482 0.194879 -2.2499e-20)
(1.23873 0.206096 7.30223e-20)
(1.26945 0.2136 -8.68726e-20)
(1.28928 0.217719 1.42048e-20)
(0.00647912 -0.00134111 1.27991e-19)
(0.0377363 -0.00480864 -6.41501e-20)
(0.0876743 -0.00458708 -1.15913e-19)
(0.154931 -0.00115514 3.6509e-20)
(0.238201 0.00619991 -1.38339e-19)
(0.335528 0.0178627 7.80397e-20)
(0.444128 0.0338223 1.27196e-19)
(0.560319 0.0536734 -3.07446e-19)
(0.679606 0.076578 1.05045e-20)
(0.796997 0.101315 4.2564e-20)
(0.907536 0.12642 -9.99543e-20)
(1.00691 0.150386 1.57942e-19)
(1.09202 0.171888 1.09288e-19)
(1.16127 0.189959 3.74588e-20)
(1.21459 0.204083 2.04656e-19)
(1.25324 0.214182 -1.99641e-19)
(1.27932 0.220566 1.21262e-19)
(1.29535 0.223679 1.70113e-19)
(1.30392 0.224496 -1.20122e-19)
(1.30709 0.222305 3.32279e-20)
(0.00868514 -0.00181618 -3.61236e-20)
(0.0448166 -0.00567677 -1.9693e-19)
(0.100103 -0.00509973 5.4102e-20)
(0.173006 -0.000745671 -3.10235e-20)
(0.26196 0.00801115 -1.10294e-20)
(0.364649 0.0214304 3.39755e-20)
(0.477849 0.0393325 9.21041e-23)
(0.597414 0.0611103 1.82105e-19)
(0.718442 0.0857118 2.42828e-20)
(0.835698 0.111725 -1.60357e-19)
(0.944215 0.137554 -3.45968e-21)
(1.03994 0.161655 -1.20441e-21)
(1.12022 0.182753 -7.56753e-20)
(1.18404 0.200008 -2.64493e-21)
(1.23192 0.213066 -1.43943e-19)
(1.26555 0.222014 5.62325e-20)
(1.28734 0.227286 1.30569e-19)
(1.29996 0.229431 -6.50149e-20)
(1.30597 0.229421 7.39609e-20)
(1.30735 0.226679 1.32345e-19)
(0.0110768 -0.00225027 3.03012e-20)
(0.0523876 -0.00638761 2.09682e-20)
(0.113254 -0.00531036 1.1669e-19)
(0.191948 0.000120559 1.05655e-20)
(0.286612 0.0104251 -7.86591e-20)
(0.39454 0.0257158 -6.27674e-20)
(0.512051 0.0456223 1.62087e-21)
(0.634538 0.0693183 8.16267e-20)
(0.756734 0.0955318 5.0712e-20)
(0.873231 0.122669 6.28162e-20)
(0.979148 0.149032 8.39077e-21)
(1.07077 0.173068 -6.59307e-20)
(1.14599 0.193589 3.2163e-20)
(1.20436 0.209902 8.71028e-20)
(1.24695 0.221825 -1.4932e-19)
(1.27585 0.229602 1.12327e-19)
(1.29373 0.233786 -2.11059e-19)
(1.30331 0.235007 6.03149e-20)
(1.30709 0.234223 6.49728e-22)
(1.30696 0.23097 -2.77133e-20)
(0.0136571 -0.00263415 -7.94054e-20)
(0.0604491 -0.00691658 -1.4879e-19)
(0.127115 -0.00518408 1.30653e-20)
(0.211718 0.00148309 -1.03945e-19)
(0.312084 0.0134786 1.08992e-19)
(0.425087 0.0307455 5.07914e-21)
(0.546577 0.0527001 9.35263e-20)
(0.671502 0.0782831 -2.07712e-19)
(0.79428 0.106002 -2.44622e-19)
(0.909415 0.134097 1.56355e-20)
(1.01221 0.160795 9.46593e-20)
(1.09938 0.184573 -1.04402e-20)
(1.16936 0.204358 -1.34918e-19)
(1.22233 0.219623 -1.01769e-19)
(1.25984 0.230361 8.41699e-20)
(1.28434 0.236966 -2.68496e-20)
(1.29866 0.240093 -2.6341e-20)
(1.30556 0.240436 -5.56985e-20)
(1.30742 0.238929 -8.27887e-21)
(1.306 0.235203 4.77599e-20)
(0.0164281 -0.00295817 2.5697e-20)
(0.0689973 -0.00723858 1.9955e-19)
(0.141665 -0.00468607 -3.28854e-20)
(0.232271 0.00338006 1.10667e-19)
(0.338292 0.0172057 -8.38667e-20)
(0.456165 0.0365406 -1.2199e-20)
(0.581263 0.0605679 -1.96336e-19)
(0.708116 0.0879839 1.57808e-20)
(0.830893 0.11708 2.02317e-19)
(0.944097 0.145953 1.68188e-19)
(1.04331 0.172788 -3.58498e-20)
(1.12572 0.196125 4.42305e-20)
(1.1904 0.215032 1.25301e-19)
(1.23807 0.229162 1.54646e-20)
(1.27076 0.238682 -7.63605e-20)
(1.29119 0.244125 1.24945e-19)
(1.30232 0.246231 4.38149e-20)
(1.30686 0.245746 -9.27863e-20)
(1.30708 0.243565 3.00134e-20)
(1.30458 0.2394 -5.62185e-20)
(0.0193904 -0.00321233 7.04251e-20)
(0.0780245 -0.00732815 -2.09473e-19)
(0.156879 -0.00378199 8.87958e-20)
(0.25355 0.00584768 -4.79564e-20)
(0.365145 0.0216362 -3.79792e-20)
(0.487642 0.0431168 6.8548e-20)
(0.615943 0.069221 3.90771e-20)
(0.744199 0.0983944 -1.10485e-21)
(0.8664 0.128722 -2.66022e-20)
(0.977145 0.158185 -1.37449e-19)
(1.07237 0.18496 -1.48401e-19)
(1.14983 0.207683 -9.81188e-20)
(1.20919 0.225588 -6.38045e-20)
(1.25173 0.238515 2.41557e-20)
(1.27987 0.246799 -4.67113e-20)
(1.29658 0.251101 5.54882e-21)
(1.30485 0.252229 8.707e-20)
(1.30733 0.250961 3.6281e-20)
(1.30615 0.24815 -8.01178e-20)
(1.30276 0.243577 3.05417e-20)
(0.0225435 -0.00338633 -2.73516e-20)
(0.0875196 -0.00715978 -2.30007e-20)
(0.172724 -0.00243838 1.89319e-20)
(0.275495 0.00891973 -1.84035e-19)
(0.392545 0.0267959 1.40393e-19)
(0.519381 0.0504842 -7.98148e-20)
(0.650452 0.0786487 4.25192e-22)
(0.779577 0.109483 1.42665e-19)
(0.900649 0.140882 -6.82197e-20)
(1.00845 0.17074 -2.41015e-20)
(1.09936 0.197263 1.06386e-19)
(1.17173 0.219214 -1.04849e-19)
(1.22582 0.236011 3.59212e-20)
(1.26343 0.247683 -8.95446e-20)
(1.28733 0.254727 1.49719e-19)
(1.30065 0.257915 -1.12382e-19)
(1.30638 0.258108 -6.72994e-20)
(1.30709 0.256103 5.87457e-20)
(1.30471 0.252702 -1.45744e-20)
(1.30058 0.247748 -5.20602e-20)
(0.0258855 -0.00346973 -3.43829e-20)
(0.0974672 -0.00670812 9.7687e-20)
(0.189162 -0.000623093 -3.15432e-20)
(0.298036 0.0126271 6.9152e-21)
(0.420384 0.032706 -3.40916e-20)
(0.551243 0.0586469 1.49905e-20)
(0.684627 0.0888343 4.6821e-20)
(0.814088 0.121213 -1.12014e-19)
(0.933505 0.153511 -1.70409e-20)
(1.03794 0.183567 4.24844e-20)
(1.12427 0.209655 -5.70008e-20)
(1.19147 0.230691 7.18411e-20)
(1.2404 0.24629 6.67178e-20)
(1.27333 0.256672 1.5619e-19)
(1.2933 0.262483 -4.26571e-20)
(1.30356 0.26459 -1.01014e-20)
(1.30705 0.263893 -5.78058e-20)
(1.30622 0.261193 -2.44869e-20)
(1.30285 0.257236 3.98637e-20)
(1.29809 0.251924 -6.86168e-20)
(0.0294127 -0.00345197 7.46257e-21)
(0.107848 -0.00594835 1.35455e-20)
(0.20615 0.00169433 3.42102e-20)
(0.321095 0.0169974 1.30559e-19)
(0.448552 0.0393827 -2.79111e-22)
(0.583084 0.0676032 9.9876e-20)
(0.71831 0.0997557 7.99916e-20)
(0.847581 0.133546 6.60459e-20)
(0.964851 0.166559 2.16467e-20)
(1.06554 0.196618 -9.06392e-21)
(1.1471 0.222097 4.89335e-20)
(1.20913 0.242091 -4.56089e-20)
(1.25305 0.256419 -2.47963e-20)
(1.28155 0.26549 -8.11008e-20)
(1.29791 0.270084 -1.78883e-20)
(1.30542 0.271147 1.02244e-19)
(1.30695 0.269602 5.3737e-20)
(1.30481 0.266246 -9.00664e-21)
(1.30059 0.261764 2.92404e-20)
(1.29533 0.256112 9.47858e-20)
(0.0331205 -0.00332256 -7.0513e-20)
(0.118639 -0.00485637 4.75148e-21)
(0.223636 0.00454224 -4.05146e-20)
(0.344592 0.0220543 -8.94474e-20)
(0.476932 0.046837 2.61343e-20)
(0.614763 0.0773454 -5.29386e-20)
(0.751351 0.111386 -1.13185e-19)
(0.87992 0.146439 1.30997e-20)
(0.994593 0.179979 3.34367e-20)
(1.09123 0.209849 -1.50652e-20)
(1.16788 0.234557 1.68042e-20)
(1.22478 0.253397 4.42504e-20)
(1.26388 0.266398 2.98636e-20)
(1.28824 0.274147 -1.98759e-20)
(1.3013 0.277547 -4.135e-21)
(1.30635 0.277603 -1.55469e-20)
(1.30618 0.275253 -8.09225e-20)
(1.30292 0.271276 6.57465e-21)
(1.298 0.266293 -5.32661e-20)
(1.29232 0.260317 -8.43431e-21)
(0.0370023 -0.00307111 8.11765e-20)
(0.129813 -0.00340917 -1.01885e-20)
(0.241568 0.00794647 3.17776e-20)
(0.368438 0.0278176 1.56793e-20)
(0.505406 0.0550744 -8.28001e-20)
(0.646138 0.0878604 -2.67773e-20)
(0.783605 0.123692 -1.63818e-20)
(0.910985 0.159847 1.35249e-20)
(1.02266 0.193721 2.54513e-20)
(1.11498 0.223218 1.69758e-20)
(1.18665 0.247006 5.75258e-21)
(1.23851 0.264596 1.77717e-20)
(1.27302 0.276228 -3.43352e-20)
(1.29353 0.282655 -2.2036e-20)
(1.30359 0.284887 5.77103e-21)
(1.30646 0.283977 2.03938e-20)
(1.30481 0.28086 4.71696e-20)
(1.30059 0.276292 -1.17801e-20)
(1.2951 0.270831 4.1997e-20)
(1.28908 0.264542 -4.8989e-20)
(0.0410501 -0.0026875 -1.44577e-20)
(0.141339 -0.00158507 1.72168e-20)
(0.259883 0.01193 3.61667e-20)
(0.392542 0.0343026 -8.24749e-21)
(0.533852 0.0640952 8.68579e-20)
(0.677074 0.0991297 2.72466e-20)
(0.81494 0.13664 -5.50315e-22)
(0.94067 0.173725 1.52291e-20)
(1.04898 0.207741 5.31538e-22)
(1.1368 0.236686 -2.01605e-20)
(1.20346 0.25942 -5.79412e-20)
(1.25042 0.275679 9.50158e-21)
(1.28058 0.285912 1.12623e-22)
(1.29752 0.291026 -5.93649e-20)
(1.30487 0.292122 2.7027e-20)
(1.30583 0.290284 -1.44536e-20)
(1.3029 0.286435 -6.64955e-20)
(1.29789 0.281302 1.29675e-20)
(1.29191 0.27538 -3.58076e-20)
(1.28561 0.268787 1.55144e-20)
(0.0452545 -0.00216198 5.10121e-20)
(0.153183 0.000635959 -2.05036e-20)
(0.278519 0.0165128 3.36212e-21)
(0.416807 0.0415198 -7.70052e-21)
(0.562149 0.0738942 1.51767e-20)
(0.707436 0.11113 -3.82383e-20)
(0.845233 0.15019 3.81654e-20)
(0.968884 0.188025 -2.72459e-20)
(1.07352 0.221991 -1.98446e-20)
(1.15669 0.250218 1.63441e-21)
(1.21838 0.271777 6.82034e-20)
(1.26061 0.286639 -2.55508e-20)
(1.28666 0.295454 2.29969e-20)
(1.30033 0.299271 1.01433e-20)
(1.30526 0.299265 -5.58575e-20)
(1.30453 0.296535 4.20211e-21)
(1.30051 0.291987 3.37769e-20)
(1.29483 0.286312 4.4579e-21)
(1.28846 0.279943 1.93876e-20)
(1.28193 0.273051 -6.00814e-21)
(0.0496044 -0.0014853 -2.36597e-20)
(0.165306 0.00327206 1.82289e-20)
(0.297406 0.0217109 1.59076e-20)
(0.441135 0.0494752 -1.98362e-20)
(0.590177 0.0844606 -3.48145e-20)
(0.737098 0.123832 3.77815e-20)
(0.874372 0.164301 2.68703e-22)
(0.995554 0.202702 1.15725e-20)
(1.09627 0.236431 4.44e-21)
(1.17469 0.263782 -2.57046e-20)
(1.23148 0.28406 -2.09673e-20)
(1.26917 0.297472 2.18643e-20)
(1.29139 0.304861 -2.09033e-20)
(1.30207 0.307402 7.99505e-21)
(1.30483 0.306327 2.65282e-20)
(1.30263 0.302741 -9.17201e-21)
(1.29769 0.297523 -1.61581e-20)
(1.29145 0.291323 -1.41726e-21)
(1.28476 0.284519 -2.2326e-20)
(1.27805 0.277333 1.9922e-20)
(0.0540873 -0.000648802 -2.78277e-20)
(0.177668 0.00633923 -1.74913e-20)
(0.316473 0.0275372 -1.18287e-20)
(0.465427 0.0581695 1.16993e-20)
(0.617817 0.0957787 -2.9949e-20)
(0.765941 0.137204 -8.62053e-21)
(0.902258 0.178928 -3.03083e-20)
(1.02062 0.217708 -2.84535e-21)
(1.11719 0.251019 3.0445e-20)
(1.19083 0.27735 1.86854e-20)
(1.24283 0.296254 -7.18754e-21)
(1.2762 0.308176 -5.63448e-21)
(1.29485 0.314139 5.12772e-21)
(1.30282 0.315428 -8.98919e-21)
(1.30365 0.313318 2.03105e-20)
(1.30019 0.30891 2.35491e-20)
(1.29445 0.303047 2.40135e-20)
(1.28776 0.296338 3.95162e-21)
(1.28082 0.289107 1.61114e-20)
(1.27397 0.281628 -1.80609e-20)
(0.0586894 0.000355443 1.04425e-20)
(0.190224 0.00985107 6.6435e-23)
(0.335646 0.0340002 -7.89397e-21)
(0.489581 0.0675988 1.16296e-20)
(0.644955 0.107828 -1.47408e-20)
(0.793853 0.151209 1.1121e-20)
(0.928805 0.194026 4.97037e-21)
(1.04403 0.232998 -2.34962e-20)
(1.13631 0.265716 -1.46403e-20)
(1.20517 0.290895 -1.38827e-21)
(1.25251 0.308347 -2.00524e-20)
(1.28179 0.318748 2.05391e-20)
(1.29715 0.323293 -3.53653e-23)
(1.30266 0.323358 -2.69938e-21)
(1.30179 0.320248 -5.13135e-21)
(1.29724 0.315046 -6.79871e-21)
(1.29085 0.30856 -2.53482e-20)
(1.28378 0.301356 -7.02073e-22)
(1.27665 0.293703 -5.2876e-21)
(1.26969 0.285931 6.46721e-21)
(0.0633954 0.00153454 -4.29634e-21)
(0.202928 0.0138186 2.62367e-21)
(0.354846 0.0411045 7.74332e-21)
(0.513497 0.0777539 8.72552e-22)
(0.671478 0.120582 8.54719e-21)
(0.820731 0.165808 -3.30691e-21)
(0.953938 0.209548 5.19017e-21)
(1.06577 0.248525 1.13772e-20)
(1.15363 0.280486 -2.03233e-21)
(1.21775 0.304394 4.98559e-22)
(1.2606 0.320328 5.51181e-21)
(1.28603 0.32919 -2.91465e-21)
(1.29836 0.332328 3.76487e-21)
(1.30167 0.331199 6.68158e-22)
(1.29931 0.327121 -7.02774e-21)
(1.29382 0.321153 3.34791e-22)
(1.28689 0.314063 9.03987e-21)
(1.27953 0.306372 -1.89198e-21)
(1.27225 0.298303 2.78132e-21)
(1.26521 0.290238 -3.13509e-21)
(0.0681894 0.00289467 -2.59261e-21)
(0.215731 0.01825 2.63493e-21)
(0.373998 0.0488504 6.37832e-21)
(0.537076 0.0886207 -3.31116e-22)
(0.697281 0.134011 1.12084e-20)
(0.846483 0.180958 -3.88899e-21)
(0.977593 0.225447 7.19985e-21)
(1.08579 0.264245 9.5482e-21)
(1.16918 0.295294 -1.94566e-21)
(1.22863 0.317824 4.32797e-22)
(1.26718 0.332186 6.2866e-21)
(1.28901 0.339499 -2.51015e-21)
(1.29858 0.341249 2.47167e-21)
(1.29991 0.338956 -6.04323e-22)
(1.29626 0.333941 -5.75492e-21)
(1.28997 0.327232 -1.69639e-22)
(1.2826 0.319555 8.98954e-21)
(1.27501 0.311384 -1.76629e-21)
(1.26762 0.302901 3.29297e-21)
(1.26052 0.294541 -3.53667e-21)
(0.0730538 0.00444102 4.76267e-21)
(0.228583 0.0231508 -6.38281e-21)
(0.393021 0.057234 -1.03737e-20)
(0.560221 0.100181 9.49562e-21)
(0.722264 0.148081 -4.12141e-21)
(0.871023 0.196614 8.64877e-21)
(0.99972 0.241673 4.051e-21)
(1.10411 0.280116 -2.70104e-20)
(1.18298 0.310109 -1.12238e-20)
(1.23787 0.331168 -8.20136e-24)
(1.27232 0.343914 -1.69666e-20)
(1.2908 0.349674 1.40453e-20)
(1.29785 0.350059 -3.13214e-21)
(1.29744 0.346632 1.95314e-21)
(1.29267 0.340709 -7.58685e-21)
(1.28572 0.333282 -4.33482e-21)
(1.27799 0.32503 -2.0482e-20)
(1.27023 0.316385 -6.2493e-22)
(1.26278 0.307492 -7.10434e-21)
(1.25564 0.298834 6.5077e-21)
(0.07797 0.00617767 -6.80259e-21)
(0.241431 0.0285231 -2.26013e-20)
(0.411837 0.066247 -6.63845e-21)
(0.582836 0.11241 -8.65978e-21)
(0.746332 0.162753 -1.75177e-20)
(0.894278 0.212728 -1.19872e-20)
(1.02028 0.258178 -4.49783e-20)
(1.12071 0.296094 5.20624e-21)
(1.19507 0.324898 1.9786e-20)
(1.24554 0.344404 2.17838e-20)
(1.27611 0.355504 3.17305e-21)
(1.29149 0.359716 -1.7972e-20)
(1.29626 0.358759 1.67676e-20)
(1.29431 0.354229 -6.69408e-21)
(1.28857 0.347426 2.51375e-20)
(1.28108 0.3393 7.01522e-21)
(1.27307 0.330485 2.6154e-20)
(1.26519 0.32137 -2.2349e-21)
(1.25771 0.312067 1.57152e-20)
(1.25056 0.303109 -1.14482e-20)
(0.0829186 0.0081075 -1.11744e-20)
(0.254224 0.0343662 1.10892e-20)
(0.430368 0.0758768 -1.38434e-20)
(0.60483 0.125282 -1.13046e-20)
(0.7694 0.177987 -1.1347e-20)
(0.916181 0.229252 1.19378e-20)
(1.03924 0.274915 1.28176e-20)
(1.1356 0.31214 3.36576e-20)
(1.20549 0.339633 -1.79326e-20)
(1.2517 0.357518 -3.54034e-20)
(1.27861 0.366947 -3.84066e-21)
(1.29114 0.369621 1.83462e-20)
(1.29386 0.367349 -3.31627e-20)
(1.29055 0.361747 1.27701e-20)
(1.284 0.35409 4.52123e-20)
(1.27606 0.345281 -3.07551e-20)
(1.26785 0.335913 -8.76054e-21)
(1.2599 0.326331 3.95645e-21)
(1.25242 0.316619 -2.76987e-20)
(1.24528 0.307357 2.91104e-20)
(0.0878799 0.0102322 -1.55423e-20)
(0.266907 0.0406761 4.70744e-21)
(0.448536 0.0861066 1.63337e-20)
(0.626117 0.138762 8.7579e-21)
(0.791386 0.193737 -1.17006e-20)
(0.936679 0.246134 -5.11687e-20)
(1.05657 0.291833 5.27616e-20)
(1.14881 0.328213 -2.65708e-20)
(1.21429 0.354286 -3.47472e-20)
(1.25641 0.370491 2.80126e-20)
(1.2799 0.378236 4.67415e-20)
(1.28981 0.379387 -2.00374e-20)
(1.2907 0.375829 8.03676e-21)
(1.28622 0.369184 4.05357e-20)
(1.27898 0.360695 -5.35197e-20)
(1.27069 0.35122 9.3493e-21)
(1.26233 0.341306 2.52058e-20)
(1.25436 0.33126 2.50602e-21)
(1.2469 0.321139 -7.30136e-21)
(1.23979 0.311571 -9.62224e-21)
(0.0928332 0.0125521 -4.89319e-20)
(0.279427 0.0474454 7.68804e-20)
(0.466267 0.0969154 1.69357e-20)
(0.646614 0.152817 1.51132e-20)
(0.81222 0.209957 8.71182e-20)
(0.955723 0.263323 2.48388e-20)
(1.07228 0.308886 -1.37875e-20)
(1.16034 0.344275 7.92107e-21)
(1.22152 0.36883 -2.58231e-20)
(1.25973 0.383308 8.40479e-21)
(1.28002 0.389363 -2.81757e-20)
(1.28755 0.38901 9.48468e-22)
(1.28682 0.384194 -1.86907e-20)
(1.28133 0.376535 -2.521e-20)
(1.27353 0.367236 -4.26413e-21)
(1.26497 0.357109 -2.64513e-21)
(1.25653 0.346655 -3.90364e-20)
(1.24856 0.336146 1.10367e-20)
(1.24116 0.325617 -2.9774e-20)
(1.23411 0.315741 1.19865e-20)
(0.0977579 0.0150662 1.03004e-19)
(0.291731 0.0546638 -4.42043e-20)
(0.483487 0.108279 6.10736e-20)
(0.666244 0.167406 -6.20932e-21)
(0.831836 0.226596 -6.95188e-20)
(0.973277 0.280767 -4.48566e-20)
(1.08635 0.326027 2.35543e-20)
(1.17024 0.360288 -2.82146e-20)
(1.22723 0.38324 4.55753e-21)
(1.26173 0.395954 3.58086e-20)
(1.27906 0.400319 -1.152e-20)
(1.28443 0.398485 2.84548e-20)
(1.28227 0.392441 -3.07816e-20)
(1.27592 0.383795 1.40572e-20)
(1.26766 0.373707 6.13414e-21)
(1.25892 0.362939 -7.53064e-21)
(1.25043 0.351952 4.06315e-20)
(1.24252 0.340981 -2.03973e-21)
(1.2352 0.330044 3.06713e-20)
(1.22821 0.319859 -3.27392e-20)
(0.102633 0.0177725 -8.56047e-20)
(0.303767 0.0623178 -3.21181e-20)
(0.500126 0.120167 -7.49724e-20)
(0.684935 0.182486 -4.08115e-20)
(0.850179 0.243602 -2.58635e-20)
(0.989312 0.298413 -4.77415e-20)
(1.09878 0.343207 -3.74282e-20)
(1.17852 0.376217 -1.61451e-20)
(1.23147 0.39749 -1.20386e-20)
(1.26246 0.408412 2.641e-20)
(1.27706 0.411095 2.53004e-20)
(1.28049 0.407805 -2.12134e-20)
(1.27708 0.400565 3.16968e-20)
(1.27001 0.390958 2.47149e-20)
(1.2614 0.380099 -1.79399e-20)
(1.25253 0.368701 -6.09448e-21)
(1.24406 0.357186 -4.33876e-20)
(1.23622 0.345754 8.94057e-21)
(1.22901 0.334408 -3.65843e-20)
(1.22212 0.323913 -2.46211e-20)
(0.107437 0.0206671 5.23146e-20)
(0.315484 0.0703908 -3.5775e-20)
(0.516117 0.132549 3.53539e-20)
(0.702622 0.198012 1.9379e-19)
(0.8672 0.260923 -4.47081e-20)
(1.00381 0.316208 1.05685e-19)
(1.1096 0.360382 9.29749e-20)
(1.18524 0.392026 4.783e-20)
(1.23428 0.411555 2.16453e-20)
(1.26199 0.420668 -3.31323e-21)
(1.27408 0.421681 5.55619e-20)
(1.27578 0.416963 -7.43746e-20)
(1.27128 0.408556 -1.70907e-20)
(1.26362 0.398014 -7.39322e-20)
(1.25474 0.386402 1.3502e-20)
(1.24581 0.374384 6.19607e-20)
(1.2374 0.362346 7.71982e-20)
(1.22967 0.350454 -1.8805e-20)
(1.2226 0.3387 3.27779e-20)
(1.21581 0.327896 5.30535e-20)
(0.11215 0.0237454 4.62326e-20)
(0.326831 0.0788634 5.53215e-20)
(0.531399 0.145389 -8.87469e-21)
(0.719245 0.213935 -4.10021e-20)
(0.882856 0.278504 -1.15128e-20)
(1.01675 0.334099 2.26208e-20)
(1.1188 0.377506 1.00877e-20)
(1.19041 0.40768 -6.40683e-20)
(1.23573 0.425413 -2.69867e-20)
(1.26035 0.432706 4.47402e-20)
(1.27016 0.432067 -6.70573e-20)
(1.27032 0.425951 8.6412e-20)
(1.26491 0.416408 4.79354e-20)
(1.25676 0.404955 1.3469e-19)
(1.24771 0.392606 -3.25657e-20)
(1.23877 0.379977 -3.434e-20)
(1.23045 0.367419 -3.25328e-20)
(1.22288 0.355069 2.39095e-21)
(1.21597 0.342908 4.27815e-20)
(1.20931 0.331796 -4.46477e-20)
(0.11675 0.0270011 -7.17836e-20)
(0.337762 0.0877132 1.02027e-19)
(0.545911 0.158649 -8.5244e-20)
(0.73475 0.230204 -1.21411e-19)
(0.897114 0.296288 1.08843e-19)
(1.02813 0.352033 -5.74079e-20)
(1.12641 0.394535 -5.74499e-21)
(1.1941 0.423146 5.76922e-20)
(1.23585 0.43904 -3.03642e-20)
(1.25762 0.444509 -4.59845e-20)
(1.26535 0.44224 9.53664e-20)
(1.26417 0.434758 -9.09167e-20)
(1.25798 0.424109 4.9997e-20)
(1.24947 0.411769 -7.19553e-20)
(1.24031 0.398698 1.04735e-19)
(1.23142 0.385468 -6.56236e-20)
(1.22323 0.372395 -1.90318e-20)
(1.21583 0.359589 1.59721e-20)
(1.20911 0.347019 -5.19087e-21)
(1.2026 0.335604 -2.63528e-20)
(0.121217 0.0304266 6.3782e-20)
(0.348229 0.0969152 -1.82141e-19)
(0.559599 0.172287 2.63625e-20)
(0.74909 0.246766 -4.70422e-20)
(0.909947 0.31422 2.76031e-20)
(1.03794 0.369957 1.56021e-20)
(1.13247 0.411424 2.23142e-20)
(1.19633 0.438391 -2.28817e-20)
(1.23471 0.452413 3.01617e-20)
(1.25383 0.456063 -1.43805e-19)
(1.2597 0.452189 -1.34704e-19)
(1.25734 0.443373 -1.44997e-20)
(1.25051 0.431649 -7.64586e-20)
(1.24174 0.418444 6.11284e-21)
(1.23254 0.404667 -7.60342e-21)
(1.22375 0.390844 -7.40888e-21)
(1.21573 0.377261 5.95921e-20)
(1.20853 0.363999 -1.08462e-21)
(1.20203 0.351021 -4.14721e-20)
(1.1957 0.339311 3.93109e-20)
(0.125533 0.0340134 5.32579e-20)
(0.358191 0.106442 2.55649e-19)
(0.572414 0.186259 -4.60424e-20)
(0.762226 0.263568 5.72999e-20)
(0.921336 0.332243 -1.3233e-19)
(1.0462 0.387819 -3.98505e-20)
(1.13698 0.428132 -7.17374e-20)
(1.19715 0.453383 2.00637e-20)
(1.23236 0.465508 1.56664e-19)
(1.24904 0.46735 1.75893e-19)
(1.25324 0.461901 -7.82054e-20)
(1.24988 0.451785 4.19935e-20)
(1.24254 0.439015 8.79827e-20)
(1.23359 0.424969 1.97886e-20)
(1.22442 0.4105 -1.7017e-20)
(1.21577 0.396092 2.27675e-20)
(1.20795 0.382004 4.3017e-20)
(1.20098 0.368288 -1.33645e-20)
(1.19472 0.354898 -2.84934e-20)
(1.1886 0.342905 -8.8718e-21)
(0.129677 0.0377514 -1.31974e-19)
(0.367606 0.116264 -1.33079e-19)
(0.58431 0.200519 2.59091e-20)
(0.774121 0.280554 -4.99122e-20)
(0.931266 0.350299 1.36731e-19)
(1.05292 0.405568 -8.27923e-20)
(1.13999 0.444615 6.00178e-20)
(1.1966 0.46809 -9.75872e-20)
(1.22883 0.478303 -2.30329e-19)
(1.24329 0.478353 -4.57789e-20)
(1.24601 0.47136 9.94442e-20)
(1.2418 0.459981 -8.3166e-22)
(1.23407 0.446195 -1.07166e-19)
(1.22503 0.431329 -4.27231e-20)
(1.21595 0.416183 3.50456e-20)
(1.20748 0.401199 -6.04304e-20)
(1.1999 0.386611 -6.58206e-21)
(1.19318 0.372442 -2.929e-20)
(1.18719 0.358639 6.57945e-21)
(1.18123 0.346377 3.00331e-20)
(0.133631 0.0416299 1.19499e-19)
(0.376437 0.126349 4.45432e-20)
(0.595247 0.215019 -2.67533e-20)
(0.784747 0.297666 1.31879e-19)
(0.93973 0.368331 -1.64108e-19)
(1.05811 0.423152 3.13675e-20)
(1.14154 0.460834 1.94601e-20)
(1.19474 0.482481 2.51603e-20)
(1.22419 0.490776 6.99793e-20)
(1.23662 0.489055 1.62917e-20)
(1.23805 0.480554 2.30083e-20)
(1.23314 0.467946 -1.37853e-20)
(1.22513 0.453175 -3.556e-21)
(1.21608 0.43751 1.98988e-20)
(1.20713 0.421701 -2.04558e-20)
(1.19889 0.406152 3.82407e-20)
(1.19157 0.391071 -1.08385e-19)
(1.18514 0.376455 4.13531e-21)
(1.17942 0.362255 2.51494e-20)
(1.17356 0.349696 -1.45335e-20)
(0.137379 0.0456367 -7.23656e-20)
(0.38465 0.136664 -6.99133e-20)
(0.605189 0.229711 -1.07475e-19)
(0.794083 0.314848 -8.19918e-22)
(0.946727 0.386282 -3.40751e-20)
(1.06178 0.440522 5.20615e-20)
(1.14165 0.476748 -7.58429e-20)
(1.19161 0.496527 2.51079e-19)
(1.21847 0.502903 6.86997e-20)
(1.22908 0.499438 -1.31605e-19)
(1.22939 0.489466 -4.11063e-20)
(1.22391 0.475666 -1.02246e-20)
(1.21573 0.459939 -2.02392e-20)
(1.20673 0.443498 -6.50116e-20)
(1.19798 0.427041 -2.4158e-20)
(1.19 0.410936 -3.34826e-20)
(1.18297 0.39537 1.03583e-19)
(1.17685 0.380318 -1.37794e-21)
(1.17142 0.365777 2.89758e-20)
(1.16575 0.352823 2.30524e-20)
(0.140904 0.0497588 -3.69071e-20)
(0.392211 0.147172 1.01418e-19)
(0.614107 0.244543 -1.86971e-19)
(0.802112 0.332042 7.6166e-20)
(0.952261 0.404097 -1.44638e-19)
(1.06398 0.457628 3.39651e-20)
(1.14037 0.492317 9.0091e-20)
(1.18725 0.510197 -2.30434e-19)
(1.21171 0.514662 2.0257e-20)
(1.2207 0.509485 -4.16952e-21)
(1.22006 0.498081 -7.6876e-20)
(1.21415 0.483125 8.53239e-20)
(1.20588 0.466473 1.1484e-19)
(1.19701 0.449278 2.86684e-20)
(1.18851 0.432187 7.7041e-20)
(1.18082 0.415538 -4.01035e-20)
(1.17411 0.399493 5.48932e-20)
(1.16833 0.38401 3.03682e-20)
(1.16321 0.369138 2.62795e-20)
(1.15784 0.355852 -5.00537e-20)
(0.144192 0.0539824 -8.56965e-20)
(0.399095 0.157838 1.25606e-19)
(0.621974 0.259462 1.16245e-19)
(0.808823 0.34919 3.49591e-20)
(0.956341 0.421719 4.02828e-19)
(1.06471 0.474423 -2.94382e-20)
(1.13773 0.507504 -1.20104e-19)
(1.18171 0.523462 1.80957e-19)
(1.20398 0.526031 5.99835e-20)
(1.21152 0.519176 2.13747e-20)
(1.21008 0.506382 -1.4844e-20)
(1.20386 0.490309 -7.79709e-20)
(1.1956 0.472761 -4.2794e-20)
(1.18693 0.454833 3.73677e-20)
(1.1787 0.437125 -3.0037e-20)
(1.17135 0.419942 1.92935e-21)
(1.16498 0.403426 -3.98378e-20)
(1.15957 0.387523 -6.02452e-20)
(1.15479 0.372317 -1.68506e-21)
(1.14976 0.358721 6.68964e-20)
(0.147227 0.0582928 8.77519e-20)
(0.405275 0.168623 1.89409e-20)
(0.628772 0.274418 -1.93456e-19)
(0.814211 0.366234 -3.91398e-20)
(0.958982 0.439093 -3.09625e-19)
(1.06403 0.490859 2.5876e-20)
(1.13379 0.522272 -9.17166e-20)
(1.17503 0.536294 -1.23944e-19)
(1.1953 0.536987 -1.23056e-19)
(1.20158 0.528493 1.29002e-20)
(1.19949 0.514351 7.10133e-20)
(1.19308 0.4972 5.75918e-20)
(1.18491 0.478787 7.50753e-21)
(1.17648 0.460149 -4.63449e-20)
(1.16859 0.441839 2.85253e-20)
(1.16159 0.424134 5.36098e-20)
(1.1556 0.407158 2.56468e-20)
(1.15057 0.390843 1.13233e-20)
(1.14617 0.375308 2.49558e-20)
(1.14148 0.361413 -4.03911e-20)
(0.149998 0.0626747 -2.93648e-19)
(0.410731 0.179488 3.12085e-20)
(0.634484 0.289356 -2.78992e-20)
(0.818276 0.383117 1.11674e-19)
(0.960202 0.456166 1.05829e-19)
(1.06195 0.506892 6.46248e-20)
(1.12858 0.536583 1.1876e-19)
(1.16727 0.548665 1.18318e-21)
(1.18572 0.547509 1.39142e-19)
(1.19091 0.537418 -1.13402e-19)
(1.18832 0.521973 -5.80208e-21)
(1.18181 0.503782 9.00964e-21)
(1.17381 0.484534 -5.92421e-20)
(1.16569 0.465209 8.95554e-20)
(1.15816 0.446314 3.55822e-20)
(1.15156 0.428099 3.65783e-21)
(1.14597 0.410673 -2.61018e-20)
(1.14135 0.393957 5.8363e-20)
(1.13734 0.378098 -8.13912e-20)
(1.13302 0.363917 -2.05658e-20)
(0.152494 0.0671119 -2.86859e-21)
(0.415445 0.190394 1.51337e-19)
(0.6391 0.304224 1.23583e-19)
(0.821024 0.399781 -9.26555e-20)
(0.960024 0.472885 5.48675e-20)
(1.05851 0.522476 -4.98384e-20)
(1.12215 0.550404 5.62257e-20)
(1.15846 0.560546 9.51068e-20)
(1.17529 0.557573 -5.94723e-20)
(1.17954 0.545931 9.5787e-20)
(1.17658 0.529228 1.8198e-20)
(1.17009 0.510037 -6.51981e-20)
(1.16233 0.489987 6.9365e-20)
(1.15457 0.469997 1.22303e-20)
(1.14744 0.450535 -1.76783e-19)
(1.14125 0.431824 -4.48407e-20)
(1.13608 0.413958 -7.75731e-21)
(1.1319 0.396851 -3.8429e-20)
(1.12832 0.380679 1.60177e-21)
(1.12438 0.366221 1.42947e-20)
(0.154704 0.0715881 1.59235e-19)
(0.419404 0.201299 -1.9627e-19)
(0.642615 0.318968 4.00455e-20)
(0.822463 0.416172 1.2024e-20)
(0.958475 0.489198 6.28369e-20)
(1.05377 0.537568 1.9068e-19)
(1.11455 0.5637 1.055e-20)
(1.14866 0.571913 1.31484e-20)
(1.16403 0.56716 -2.58008e-20)
(1.16752 0.554013 1.37557e-19)
(1.16431 0.5361 -8.41949e-20)
(1.15793 0.515949 1.6485e-20)
(1.15047 0.495127 1.91747e-20)
(1.14312 0.474497 -4.83462e-20)
(1.13643 0.454487 8.15941e-20)
(1.13068 0.435294 -3.62379e-20)
(1.12596 0.417 -1.64587e-20)
(1.12223 0.399513 -8.16951e-21)
(1.1191 0.383039 4.7225e-20)
(1.11557 0.368317 3.35292e-20)
(0.156621 0.0760863 -9.3684e-20)
(0.422595 0.212163 -2.68368e-20)
(0.645026 0.333535 -1.66778e-19)
(0.822609 0.432233 1.0406e-20)
(0.955584 0.505055 -2.05806e-19)
(1.04775 0.552127 -1.92996e-19)
(1.10581 0.576437 -3.6199e-20)
(1.1379 0.582738 -9.10265e-21)
(1.15199 0.576246 -7.79429e-20)
(1.15486 0.561646 -1.1194e-19)
(1.15153 0.542571 -3.20672e-20)
(1.14534 0.521501 5.16341e-20)
(1.13826 0.499939 -9.25381e-20)
(1.13135 0.478694 -4.50861e-21)
(1.12514 0.458154 2.4168e-20)
(1.11986 0.438495 2.22627e-20)
(1.1156 0.419787 8.23806e-20)
(1.11235 0.401932 -3.21982e-21)
(1.10969 0.385168 -1.18888e-20)
(1.10659 0.370194 -1.9154e-20)
(0.158236 0.0805891 6.7394e-20)
(0.425012 0.222946 3.76967e-20)
(0.646337 0.347874 2.09803e-19)
(0.821481 0.447912 -2.64291e-19)
(0.951386 0.520407 9.25451e-20)
(1.0405 0.566112 6.25154e-20)
(1.096 0.588584 -5.25938e-20)
(1.12623 0.592996 -9.25628e-20)
(1.13922 0.58481 -1.62466e-20)
(1.14161 0.56881 1.69984e-20)
(1.13826 0.548622 1.14345e-19)
(1.13235 0.526674 5.0082e-20)
(1.1257 0.504406 9.54768e-20)
(1.11929 0.482572 -3.5843e-20)
(1.11358 0.461523 -2.02274e-20)
(1.10879 0.441415 1.18672e-20)
(1.10502 0.422306 -6.52525e-20)
(1.10227 0.404095 1.06698e-20)
(1.10009 0.387053 -2.57375e-20)
(1.09745 0.371843 1.09421e-20)
(0.159545 0.0850791 1.08155e-19)
(0.426651 0.233606 -1.59514e-19)
(0.646556 0.361932 6.38968e-20)
(0.8191 0.463155 2.57648e-19)
(0.945916 0.535209 6.74787e-20)
(1.03207 0.579486 -2.14996e-19)
(1.08515 0.600111 -5.31522e-20)
(1.1137 0.602663 -6.38046e-21)
(1.12574 0.592833 1.46799e-19)
(1.12779 0.575487 8.49899e-20)
(1.12454 0.554236 -2.31005e-19)
(1.11897 0.531453 -1.60984e-20)
(1.11281 0.508512 8.58943e-20)
(1.10693 0.486116 9.22631e-20)
(1.10176 0.46458 -1.22494e-20)
(1.09748 0.44404 4.02482e-20)
(1.09421 0.424544 3.47601e-20)
(1.09197 0.405991 6.36144e-22)
(1.09031 0.388686 -1.78914e-20)
(1.08816 0.373253 1.21323e-20)
(0.160542 0.0895386 -8.09261e-20)
(0.427512 0.244103 -3.10337e-20)
(0.645694 0.37566 -5.49909e-20)
(0.815493 0.477912 -9.4902e-20)
(0.939214 0.549414 3.24964e-21)
(1.0225 0.592209 1.40334e-19)
(1.07331 0.610988 1.36524e-19)
(1.10035 0.611716 1.61076e-19)
(1.1116 0.600294 -6.13537e-20)
(1.11344 0.581658 5.38287e-20)
(1.11037 0.559397 7.83241e-20)
(1.10523 0.535821 -1.55623e-19)
(1.09961 0.512241 -6.47892e-20)
(1.0943 0.48931 -4.01496e-20)
(1.08969 0.46731 -2.20853e-21)
(1.08596 0.446357 -3.93309e-20)
(1.0832 0.42649 -4.53416e-20)
(1.08149 0.407609 1.8863e-20)
(1.08035 0.390055 -5.70807e-21)
(1.07872 0.374415 3.45044e-21)
(0.161226 0.09395 2.26404e-19)
(0.427597 0.254398 1.53743e-19)
(0.643767 0.389007 1.12549e-19)
(0.810691 0.492133 9.61619e-21)
(0.931321 0.56298 4.49154e-20)
(1.01184 0.604247 -1.82296e-19)
(1.06054 0.621186 -1.64675e-20)
(1.08623 0.620131 -1.51131e-19)
(1.09683 0.607173 2.47515e-20)
(1.09858 0.587305 -9.91314e-20)
(1.09579 0.564085 1.58632e-19)
(1.09115 0.53976 1.7081e-21)
(1.08611 0.515577 3.49106e-20)
(1.08142 0.49214 3.4334e-20)
(1.07739 0.4697 3.52823e-21)
(1.07421 0.448355 2.34655e-20)
(1.07199 0.428134 1.80307e-20)
(1.07081 0.40894 1.01218e-20)
(1.07023 0.391149 1.47701e-20)
(1.06914 0.375319 5.13301e-21)
(0.161595 0.0982955 -1.20169e-19)
(0.426912 0.26445 -1.35103e-19)
(0.640792 0.401926 -1.45321e-19)
(0.804726 0.505772 -1.63218e-19)
(0.922282 0.575864 3.61524e-20)
(1.00014 0.615566 -2.9294e-20)
(1.04688 0.630677 6.0741e-20)
(1.07137 0.627885 7.97658e-20)
(1.08148 0.613451 -9.68283e-21)
(1.08324 0.592411 -4.98667e-20)
(1.08082 0.568285 -1.28306e-19)
(1.07673 0.543255 4.15615e-20)
(1.07233 0.518505 -4.98732e-20)
(1.06828 0.494592 -4.60119e-20)
(1.06488 0.471737 -1.32236e-20)
(1.06227 0.450022 -2.53274e-20)
(1.06059 0.429465 -8.57357e-22)
(1.05996 0.409972 -6.45004e-21)
(1.05993 0.391958 -1.50355e-20)
(1.05942 0.375954 -7.94104e-21)
(0.161649 0.102558 -6.43985e-20)
(0.425466 0.274221 1.54781e-19)
(0.636793 0.414371 -7.60954e-20)
(0.797634 0.518781 1.53151e-19)
(0.912146 0.588029 -1.88723e-19)
(0.987458 0.62614 2.04086e-20)
(1.03237 0.639433 1.20837e-19)
(1.05583 0.634958 7.82039e-20)
(1.06557 0.61911 -4.92729e-20)
(1.06747 0.596958 8.31933e-20)
(1.06549 0.571981 1.42133e-20)
(1.06202 0.54629 -3.89418e-20)
(1.05829 0.521009 2.59685e-20)
(1.05492 0.496651 2.9394e-20)
(1.05216 0.473409 -2.35684e-20)
(1.05015 0.451347 2.43832e-20)
(1.04902 0.430473 -7.15055e-21)
(1.04894 0.410697 -4.50568e-21)
(1.04948 0.392474 8.48459e-21)
(1.04957 0.376311 -3.87804e-21)
(0.16139 0.10672 2.18557e-19)
(0.42327 0.283673 -6.69418e-20)
(0.631795 0.426295 9.31681e-21)
(0.789455 0.531117 1.70888e-19)
(0.900962 0.599433 1.07416e-19)
(0.973832 0.635936 -7.90457e-20)
(1.01707 0.647441 3.27157e-20)
(1.03964 0.641325 -9.44552e-20)
(1.04914 0.62413 -4.76778e-21)
(1.05128 0.600931 -1.664e-20)
(1.04982 0.575156 -5.00092e-21)
(1.04701 0.548849 -1.62845e-21)
(1.04401 0.523076 -5.4237e-20)
(1.04135 0.498305 -6.05984e-21)
(1.03925 0.474704 3.04051e-21)
(1.03785 0.452319 -6.57781e-21)
(1.03728 0.431148 -2.49437e-21)
(1.03776 0.411107 1.73716e-21)
(1.03887 0.392685 1.55082e-21)
(1.0396 0.376378 -1.11914e-20)
(0.16082 0.110767 -3.506e-19)
(0.420336 0.292772 1.53225e-19)
(0.625826 0.437655 1.5973e-19)
(0.780233 0.542739 -1.91507e-19)
(0.888772 0.610043 1.55398e-20)
(0.959307 0.644916 1.5092e-19)
(1.00103 0.654673 -1.35507e-19)
(1.02286 0.646974 3.55976e-20)
(1.03224 0.628497 4.4826e-20)
(1.0347 0.604313 1.2127e-20)
(1.03384 0.577795 -3.76911e-22)
(1.03175 0.550919 1.85594e-20)
(1.0295 0.524691 3.677e-20)
(1.02757 0.499541 -1.98567e-21)
(1.02617 0.475609 1.45929e-20)
(1.0254 0.452928 7.16999e-23)
(1.02541 0.431483 3.44912e-21)
(1.02643 0.411195 1.15041e-21)
(1.02811 0.392585 -8.5722e-21)
(1.0295 0.376145 3.27568e-20)
(0.159943 0.114683 2.63972e-19)
(0.416683 0.30148 -1.51441e-19)
(0.618921 0.44841 -1.21429e-19)
(0.770015 0.553611 2.08392e-19)
(0.87562 0.619823 3.12244e-20)
(0.943949 0.653061 -1.05385e-19)
(0.984304 0.661104 -7.00818e-20)
(1.00552 0.651886 1.4953e-20)
(1.0149 0.632194 -7.38007e-20)
(1.01777 0.607089 -3.86423e-20)
(1.01756 0.579884 5.76363e-20)
(1.01624 0.552485 -5.19551e-22)
(1.01478 0.525842 -1.0961e-20)
(1.01362 0.500346 7.67214e-21)
(1.01293 0.476114 5.78429e-21)
(1.01281 0.453164 -1.63149e-21)
(1.0134 0.431468 -2.71029e-23)
(1.01497 0.410953 5.30749e-21)
(1.0172 0.392164 1.68718e-20)
(1.01929 0.375599 -5.65789e-21)
(0.158764 0.118452 -6.14004e-20)
(0.412328 0.309766 -2.50765e-20)
(0.611115 0.458518 2.1481e-20)
(0.758834 0.563694 -1.95521e-19)
(0.861564 0.628748 9.22027e-20)
(0.927814 0.660343 3.4233e-20)
(0.966931 0.666714 1.96163e-20)
(0.987667 0.656043 -8.42757e-21)
(0.997155 0.635206 6.60863e-20)
(1.00052 0.609245 -4.39101e-20)
(1.00103 0.581409 -3.2188e-20)
(1.00051 0.553534 -2.63969e-21)
(0.999875 0.526515 6.77025e-21)
(0.99951 0.500707 -3.13379e-21)
(0.999562 0.476208 -2.83818e-21)
(1.00011 0.453018 2.09993e-21)
(1.00129 0.431098 -4.59013e-21)
(1.00339 0.410376 -1.09991e-20)
(1.00616 0.391415 -6.11403e-21)
(1.00896 0.374729 -2.03975e-20)
(0.157288 0.122061 7.51375e-20)
(0.407293 0.317596 5.75263e-20)
(0.602444 0.467945 2.13399e-19)
(0.746732 0.572945 1.26076e-19)
(0.846665 0.636788 -9.39215e-20)
(0.910951 0.666742 -8.05064e-20)
(0.948964 0.671487 1.68403e-21)
(0.969345 0.65943 6.96074e-21)
(0.97904 0.637519 8.03082e-21)
(0.982976 0.610768 4.38179e-20)
(0.984251 0.582357 1.40693e-21)
(0.984581 0.554054 1.40688e-20)
(0.9848 0.526699 -2.04952e-21)
(0.985255 0.500615 2.96536e-21)
(0.986069 0.47588 2.16477e-21)
(0.9873 0.45248 -7.01347e-21)
(0.989085 0.430363 -4.36008e-21)
(0.991714 0.40946 2.67127e-20)
(0.995001 0.390332 1.22173e-20)
(0.998526 0.373521 -1.70098e-20)
(0.155522 0.125495 -4.34718e-20)
(0.401601 0.324937 -9.82406e-20)
(0.59294 0.476654 1.44959e-20)
(0.73377 0.58134 -5.59866e-20)
(0.830977 0.643911 -6.67533e-20)
(0.893414 0.672235 2.4067e-20)
(0.930452 0.675405 1.34068e-20)
(0.950595 0.662033 -2.82851e-21)
(0.960592 0.639121 -4.11594e-20)
(0.965171 0.611645 -6.4192e-21)
(0.967264 0.582717 -8.74129e-22)
(0.968477 0.554032 -6.75474e-21)
(0.969577 0.526382 -5.37834e-22)
(0.970874 0.500059 3.66529e-21)
(0.972472 0.47512 2.63969e-21)
(0.974413 0.451541 -4.08247e-21)
(0.976818 0.429256 2.98966e-20)
(0.979965 0.408201 -4.91953e-20)
(0.983728 0.388908 -2.46438e-20)
(0.987993 0.371953 3.111e-20)
(0.153468 0.128735 -5.37842e-20)
(0.395282 0.331764 1.01909e-19)
(0.582645 0.484607 3.37627e-20)
(0.720005 0.58885 -2.33025e-20)
(0.814552 0.650097 6.92867e-20)
(0.875257 0.676806 -2.63698e-20)
(0.911445 0.678454 1.26685e-20)
(0.931462 0.663838 1.59779e-21)
(0.94185 0.639998 4.16513e-21)
(0.947135 0.611866 -4.90678e-21)
(0.950091 0.582476 -2.94388e-21)
(0.95222 0.553458 5.06159e-21)
(0.954225 0.525555 -7.54812e-22)
(0.956386 0.499028 -2.54076e-20)
(0.958789 0.47392 1.76688e-20)
(0.961462 0.450192 6.57064e-21)
(0.964508 0.427771 -2.80834e-20)
(0.968168 0.406594 -3.22638e-22)
(0.972359 0.387134 4.2596e-20)
(0.977364 0.369998 -6.69884e-20)
(0.151128 0.13175 -9.61784e-20)
(0.388379 0.338055 -4.48322e-20)
(0.571608 0.49178 -8.48267e-20)
(0.705485 0.595444 -4.56757e-20)
(0.797445 0.655322 -8.45476e-21)
(0.856532 0.680436 1.25651e-20)
(0.891991 0.68062 9.66106e-21)
(0.911989 0.664835 -4.52649e-21)
(0.922848 0.640142 -2.97841e-20)
(0.928899 0.611419 -1.34676e-21)
(0.932761 0.581625 -3.73506e-21)
(0.935833 0.552323 -4.86609e-21)
(0.938765 0.524207 -2.43069e-20)
(0.941809 0.497513 -1.52532e-21)
(0.945035 0.472269 -1.58651e-20)
(0.948464 0.448423 -2.72605e-20)
(0.952178 0.425898 -1.04193e-20)
(0.956347 0.404636 7.18851e-20)
(0.960912 0.384998 2.71954e-20)
(0.966656 0.367617 1.47535e-20)
(0.148532 0.134519 1.94375e-20)
(0.380918 0.343762 9.34593e-20)
(0.559867 0.49815 -2.32549e-20)
(0.69026 0.601099 -1.86011e-20)
(0.779712 0.659567 8.15621e-20)
(0.837294 0.68311 -5.62003e-20)
(0.87214 0.681892 6.31796e-21)
(0.892217 0.665013 1.64164e-21)
(0.903625 0.639541 1.68509e-20)
(0.910494 0.610295 1.18277e-21)
(0.915298 0.580155 2.45851e-20)
(0.91934 0.550617 2.11404e-20)
(0.923219 0.522332 2.8093e-20)
(0.927161 0.495508 2.81902e-21)
(0.931228 0.47016 -1.14949e-20)
(0.935436 0.446227 1.83186e-20)
(0.939846 0.423629 2.87888e-20)
(0.944523 0.402321 -6.94322e-21)
(0.949423 0.382492 -6.93263e-20)
(0.955983 0.36478 9.36119e-20)
(0.145708 0.137054 -3.15473e-20)
(0.372914 0.348859 -4.07836e-20)
(0.547469 0.503685 -1.8851e-20)
(0.674387 0.60579 9.5575e-20)
(0.76141 0.662814 3.53965e-21)
(0.817598 0.684815 3.25942e-20)
(0.85194 0.68226 1.93759e-21)
(0.872189 0.664363 3.13571e-21)
(0.884215 0.638189 1.21525e-20)
(0.891952 0.608487 -8.49503e-21)
(0.89773 0.578059 -3.33162e-20)
(0.902765 0.548334 -4.72498e-20)
(0.907606 0.519921 -3.67316e-21)
(0.91246 0.493004 5.77855e-20)
(0.917383 0.467585 -1.84001e-21)
(0.922391 0.443593 1.42976e-20)
(0.927521 0.420953 9.05591e-21)
(0.932711 0.399635 -7.86191e-21)
(0.937996 0.379593 -1.0409e-20)
(0.945568 0.361499 -6.6041e-20)
(0.142655 0.139347 5.89664e-20)
(0.3644 0.353332 3.34027e-21)
(0.534462 0.50836 -6.03191e-20)
(0.657919 0.609499 -1.29462e-20)
(0.742594 0.665049 -1.08019e-20)
(0.797496 0.685541 7.19192e-21)
(0.83144 0.681714 -5.62349e-21)
(0.851947 0.662879 -5.49354e-21)
(0.864655 0.636078 -7.97025e-21)
(0.873304 0.605988 -2.28521e-20)
(0.880086 0.575329 -1.73617e-20)
(0.886132 0.545467 -1.00615e-20)
(0.89195 0.516969 -4.22869e-21)
(0.897727 0.489997 -5.962e-20)
(0.903514 0.46454 -9.73076e-21)
(0.909336 0.440518 6.88844e-21)
(0.915199 0.417863 1.96269e-20)
(0.920933 0.396552 -1.08429e-19)
(0.926804 0.376232 2.40415e-20)
(0.935408 0.357725 -5.15157e-20)
(0.139379 0.141383 -8.9842e-21)
(0.355412 0.357166 -4.67573e-21)
(0.520895 0.512154 5.59519e-20)
(0.640912 0.612209 -2.91752e-20)
(0.723323 0.666258 -6.04802e-21)
(0.777044 0.685278 -1.0521e-20)
(0.810689 0.680248 3.56961e-21)
(0.831534 0.660554 -5.11804e-21)
(0.844982 0.633203 1.5979e-20)
(0.854581 0.602792 2.40268e-20)
(0.862392 0.571959 7.95428e-20)
(0.869466 0.54201 -5.21735e-22)
(0.876271 0.513471 4.2519e-21)
(0.882979 0.486482 9.14438e-20)
(0.889639 0.461022 -7.50761e-20)
(0.896279 0.437001 9.47862e-20)
(0.902875 0.414358 -1.02997e-19)
(0.909229 0.393075 1.19247e-19)
(0.916022 0.372411 -3.24929e-20)
(0.9248 0.352309 1.73296e-19)
(0.135893 0.143151 -1.60551e-20)
(0.345988 0.360345 1.52764e-20)
(0.506819 0.515049 -6.85803e-21)
(0.623423 0.613904 1.86208e-20)
(0.703653 0.666431 1.59146e-21)
(0.756294 0.684019 -1.92824e-21)
(0.789734 0.677858 -1.03304e-21)
(0.810992 0.657384 1.54854e-20)
(0.825232 0.629559 1.44277e-20)
(0.835816 0.598894 2.05924e-20)
(0.844676 0.567947 5.47221e-20)
(0.852792 0.53796 6.88974e-20)
(0.860593 0.509423 -3.08552e-21)
(0.868237 0.482458 -5.51502e-20)
(0.875774 0.45703 1.68621e-20)
(0.883231 0.433044 -1.35203e-20)
(0.890564 0.410442 7.5901e-20)
(0.89763 0.389205 -3.41467e-20)
(0.90537 0.368563 7.11825e-20)
(0.914354 0.348429 -3.3574e-20)
(0.13221 0.144641 6.66024e-21)
(0.336163 0.362849 -7.59645e-21)
(0.492281 0.51703 -5.32268e-21)
(0.605508 0.614571 -2.18985e-21)
(0.683642 0.665561 4.79611e-21)
(0.7353 0.681759 -3.64815e-21)
(0.768623 0.674539 3.31705e-20)
(0.790362 0.653366 -2.41666e-20)
(0.805441 0.625143 3.0598e-20)
(0.817039 0.594292 5.25889e-20)
(0.826967 0.563288 -1.15008e-19)
(0.836135 0.533313 -5.9214e-20)
(0.844938 0.504824 -9.14125e-20)
(0.853524 0.477922 5.18022e-21)
(0.861939 0.452564 -3.51087e-20)
(0.87021 0.42865 6.41996e-21)
(0.878282 0.40612 -8.24693e-20)
(0.886058 0.384941 9.48501e-20)
(0.894511 0.364322 -1.63997e-20)
(0.903624 0.344163 -1.60042e-19)
(0.128346 0.145845 -9.10709e-21)
(0.325975 0.364666 -9.93898e-21)
(0.477333 0.518082 -4.02474e-22)
(0.587222 0.614202 2.55558e-21)
(0.663345 0.663641 -1.44264e-20)
(0.714114 0.678495 1.83269e-20)
(0.747403 0.67029 -1.43404e-20)
(0.769685 0.648499 -1.19983e-19)
(0.785646 0.619954 -2.33395e-20)
(0.798283 0.588984 -3.29729e-20)
(0.809294 0.55798 6.16138e-20)
(0.819521 0.528069 -8.21405e-20)
(0.829331 0.499672 1.0025e-19)
(0.83886 0.472874 -5.70434e-20)
(0.848154 0.447624 1.09384e-19)
(0.857238 0.423818 -6.95113e-20)
(0.866055 0.401397 6.8122e-20)
(0.87454 0.38031 2.47118e-20)
(0.883634 0.359778 4.63346e-20)
(0.892999 0.339772 -1.8825e-20)
(0.124316 0.146755 7.54853e-21)
(0.31546 0.365781 -6.90674e-21)
(0.462026 0.518194 -1.70221e-20)
(0.568624 0.612789 -7.43316e-21)
(0.642819 0.660667 4.87321e-20)
(0.69279 0.674226 -5.51229e-21)
(0.726122 0.665111 2.03209e-20)
(0.749003 0.642783 1.78398e-19)
(0.765881 0.613992 8.17897e-20)
(0.779579 0.582969 -2.55729e-20)
(0.791683 0.552023 -7.474e-20)
(0.802975 0.522225 -4.22562e-20)
(0.813795 0.493965 1.98316e-20)
(0.824267 0.467313 -9.53524e-22)
(0.83444 0.442209 -5.01177e-20)
(0.844336 0.41855 -7.63714e-21)
(0.853899 0.396271 1.17788e-19)
(0.863088 0.375313 -2.24435e-19)
(0.872795 0.354922 -8.52407e-20)
(0.882501 0.335158 1.41397e-19)
(0.120137 0.147364 -4.60313e-20)
(0.304658 0.366185 3.80213e-20)
(0.446412 0.517358 2.23346e-20)
(0.54977 0.610327 2.35374e-20)
(0.622121 0.656639 -3.08108e-20)
(0.67138 0.668953 -2.28107e-20)
(0.704825 0.659004 -1.03073e-20)
(0.728357 0.63622 -1.10694e-19)
(0.746183 0.607258 -3.53219e-20)
(0.76096 0.576247 -2.44938e-20)
(0.774165 0.545417 5.7455e-21)
(0.786524 0.515783 1.79155e-19)
(0.798353 0.487705 -5.33789e-21)
(0.809769 0.46124 3.67263e-20)
(0.820818 0.436321 7.29971e-20)
(0.831524 0.412845 2.42943e-20)
(0.841833 0.390746 -8.11704e-20)
(0.851722 0.369952 1.07551e-19)
(0.862035 0.349752 8.14556e-20)
(0.87214 0.330278 -9.59934e-20)
(0.115826 0.147668 2.55779e-20)
(0.293608 0.365869 -2.17584e-20)
(0.43054 0.515568 1.45058e-20)
(0.530716 0.606814 2.59716e-20)
(0.601305 0.651557 -5.9526e-20)
(0.649934 0.662679 1.85789e-20)
(0.683558 0.651973 -7.62808e-20)
(0.707785 0.628812 -5.21808e-21)
(0.726588 0.599754 2.2362e-20)
(0.742456 0.568822 1.36849e-20)
(0.756766 0.538164 2.3168e-21)
(0.770194 0.508744 2.54027e-20)
(0.78303 0.480893 -1.1847e-19)
(0.795386 0.454655 -7.17918e-20)
(0.807309 0.429961 -1.39558e-20)
(0.818823 0.406705 6.48569e-20)
(0.829878 0.384821 7.23644e-20)
(0.840462 0.364229 -1.57505e-19)
(0.851383 0.344261 -2.39199e-20)
(0.861927 0.325109 7.48297e-20)
(0.111399 0.14766 -2.9238e-20)
(0.282348 0.364828 4.32705e-21)
(0.414464 0.512821 -2.81302e-21)
(0.511518 0.602249 -9.96609e-20)
(0.580427 0.645425 8.53409e-20)
(0.628503 0.655409 1.20803e-19)
(0.662367 0.644021 -4.10469e-20)
(0.68733 0.620565 -6.88887e-22)
(0.70713 0.591484 -3.50577e-20)
(0.724098 0.560696 6.4312e-20)
(0.739516 0.530266 4.29969e-21)
(0.75401 0.501109 -1.41573e-19)
(0.76785 0.473531 9.21759e-20)
(0.781142 0.447563 -3.42734e-20)
(0.793934 0.423132 2.06074e-20)
(0.806253 0.400132 -5.01484e-20)
(0.818051 0.378497 -3.22915e-20)
(0.829329 0.358142 1.79527e-19)
(0.84086 0.338444 -1.56039e-19)
(0.851873 0.319635 6.50828e-20)
(0.106873 0.147339 1.33072e-19)
(0.270918 0.363055 -5.74771e-20)
(0.398235 0.509115 -8.27268e-20)
(0.492231 0.596637 3.50829e-20)
(0.559542 0.638247 -3.86295e-20)
(0.607138 0.647149 7.20619e-21)
(0.641297 0.635157 -1.24552e-21)
(0.667029 0.611484 1.00772e-19)
(0.687844 0.582454 3.79106e-20)
(0.705919 0.551873 -7.07386e-20)
(0.722444 0.521727 3.40025e-20)
(0.737999 0.492883 -4.34186e-20)
(0.752836 0.465621 5.76291e-21)
(0.767059 0.439964 4.01558e-20)
(0.780715 0.415834 -2.01641e-20)
(0.793833 0.393127 -3.12375e-20)
(0.806371 0.371775 1.7205e-20)
(0.818342 0.351691 3.33962e-20)
(0.830484 0.332295 -3.59366e-20)
(0.841986 0.313847 9.92154e-20)
(0.102265 0.1467 -6.55204e-20)
(0.259357 0.360551 8.61668e-20)
(0.381903 0.504451 7.53638e-20)
(0.472912 0.589981 -3.07537e-20)
(0.538703 0.630033 -1.13822e-21)
(0.585888 0.637907 -8.39066e-20)
(0.620391 0.625389 1.18384e-20)
(0.646921 0.601578 4.29537e-21)
(0.668765 0.57267 -1.39705e-19)
(0.687948 0.542359 5.52771e-20)
(0.705575 0.512552 -2.64907e-19)
(0.722185 0.48407 1.37378e-19)
(0.738013 0.457169 6.49907e-20)
(0.753159 0.431863 -2.36038e-20)
(0.767672 0.408072 -1.20898e-19)
(0.781583 0.385693 1.0088e-19)
(0.794857 0.364658 -7.52796e-20)
(0.807516 0.344876 -6.51733e-20)
(0.82027 0.325811 2.25838e-21)
(0.832277 0.307739 -2.77157e-19)
(0.097592 0.145742 -7.41077e-20)
(0.247704 0.357313 -2.76779e-20)
(0.36552 0.498833 2.52727e-20)
(0.453614 0.582289 8.73404e-20)
(0.517962 0.62079 2.47881e-20)
(0.5648 0.627696 -4.01079e-20)
(0.599692 0.614726 -3.65746e-20)
(0.627046 0.590856 4.37777e-21)
(0.649926 0.56214 -2.53343e-21)
(0.670216 0.532162 8.10806e-20)
(0.68894 0.502748 2.5515e-19)
(0.706595 0.474675 1.30651e-19)
(0.723404 0.44818 -1.51686e-19)
(0.739464 0.423265 -2.57184e-20)
(0.754825 0.39985 9.76961e-20)
(0.769522 0.377834 -2.03925e-20)
(0.783526 0.357147 -2.23826e-20)
(0.79687 0.337699 -8.91561e-21)
(0.810232 0.318992 -5.65592e-20)
(0.822753 0.301309 2.02149e-19)
(0.0928722 0.144465 7.44951e-20)
(0.236 0.353346 -5.14992e-20)
(0.349136 0.492268 -4.0479e-20)
(0.434391 0.57357 7.50646e-20)
(0.497372 0.610531 7.27995e-21)
(0.543924 0.616525 2.37249e-20)
(0.579243 0.603181 7.5679e-20)
(0.607439 0.579327 -2.46278e-20)
(0.631362 0.550874 -4.44461e-21)
(0.652754 0.521289 -2.3184e-19)
(0.672564 0.492322 -2.32614e-20)
(0.691254 0.464706 -1.14998e-19)
(0.709032 0.438658 2.70378e-19)
(0.725994 0.414174 -1.64214e-20)
(0.742194 0.391173 -1.43275e-20)
(0.757669 0.369553 -1.61247e-19)
(0.772395 0.349246 -3.76006e-20)
(0.786417 0.33016 2.35457e-19)
(0.800383 0.311838 3.36904e-20)
(0.813423 0.294557 -4.01096e-20)
(0.0881224 0.142869 6.83499e-20)
(0.224283 0.348651 -6.89624e-20)
(0.332801 0.484764 -1.12877e-19)
(0.415296 0.563837 -1.58316e-19)
(0.476984 0.59927 -7.10746e-20)
(0.523305 0.604411 5.7056e-21)
(0.559085 0.590766 -2.35667e-20)
(0.588139 0.567004 2.15178e-20)
(0.613104 0.538882 2.81529e-20)
(0.635591 0.509749 3.36745e-19)
(0.656475 0.481282 -2.26296e-19)
(0.676186 0.45417 1.97864e-20)
(0.694921 0.428612 -7.48302e-20)
(0.712772 0.404598 1.41882e-20)
(0.729798 0.382045 7.31774e-20)
(0.74604 0.360855 2.15008e-19)
(0.761481 0.340959 -6.6289e-20)
(0.776172 0.322265 -1.29165e-20)
(0.790736 0.30435 7.37655e-21)
(0.804298 0.287486 3.07628e-20)
(0.08336 0.140954 -2.74264e-20)
(0.212591 0.343236 2.61837e-19)
(0.316564 0.476331 2.19769e-19)
(0.39638 0.553104 -2.62814e-20)
(0.456847 0.587022 8.86086e-20)
(0.502989 0.591368 -1.24451e-20)
(0.53926 0.577498 -8.51469e-20)
(0.569181 0.553901 1.42472e-20)
(0.595185 0.526177 6.31657e-20)
(0.618755 0.497555 -1.54333e-19)
(0.6407 0.469637 9.19777e-20)
(0.661416 0.443075 4.59274e-20)
(0.681091 0.418049 -5.27101e-20)
(0.699818 0.394543 5.0749e-20)
(0.717658 0.372474 -1.38741e-19)
(0.734655 0.351746 -3.67409e-20)
(0.750799 0.33229 9.29071e-20)
(0.766151 0.314015 4.59824e-20)
(0.781302 0.296533 9.25331e-20)
(0.795386 0.280099 -7.45528e-20)
(0.0786022 0.138724 -4.97028e-20)
(0.200964 0.337108 -1.94659e-19)
(0.300473 0.466982 -2.66835e-20)
(0.377695 0.541386 1.01625e-19)
(0.437011 0.573805 -4.88357e-20)
(0.48302 0.577415 1.83517e-19)
(0.519806 0.563391 -3.95718e-20)
(0.5506 0.540032 8.83278e-20)
(0.577636 0.51277 1.14396e-20)
(0.602277 0.484717 3.04965e-20)
(0.625264 0.4574 2.55713e-19)
(0.646968 0.431432 -1.51131e-19)
(0.667566 0.406978 6.48874e-21)
(0.687153 0.384017 -1.46241e-19)
(0.705791 0.362467 -1.4652e-20)
(0.72353 0.342233 -1.95893e-19)
(0.740366 0.323246 -2.0591e-19)
(0.756367 0.305418 -4.12093e-20)
(0.772096 0.28839 -2.53401e-20)
(0.786698 0.272401 6.69122e-20)
(0.073866 0.136181 -4.90212e-20)
(0.189438 0.330276 -1.01967e-20)
(0.284576 0.456732 -5.53247e-20)
(0.35929 0.528703 8.36669e-20)
(0.417522 0.55964 5.02925e-20)
(0.463442 0.56257 -4.39424e-20)
(0.500762 0.548464 1.23e-19)
(0.532432 0.525414 2.42155e-20)
(0.56049 0.498678 1.04913e-21)
(0.586183 0.471249 -6.17129e-20)
(0.610193 0.444581 -4.79766e-19)
(0.632865 0.419252 2.15254e-20)
(0.654368 0.39541 -7.0588e-20)
(0.674796 0.373031 6.79039e-20)
(0.694217 0.352033 -3.36655e-20)
(0.712683 0.332323 1.35212e-19)
(0.730196 0.313834 1.73731e-19)
(0.746834 0.296477 2.66152e-20)
(0.763128 0.279926 -7.34745e-20)
(0.778243 0.264398 1.13085e-19)
(0.0691683 0.13333 -7.43458e-21)
(0.17805 0.322753 5.46177e-20)
(0.268919 0.445599 -4.17953e-20)
(0.341214 0.515075 -9.34561e-20)
(0.398426 0.544546 -6.49637e-20)
(0.444297 0.546854 1.32979e-19)
(0.482167 0.532737 1.92339e-20)
(0.514708 0.510063 -1.31407e-19)
(0.543774 0.483916 -2.73897e-20)
(0.5705 0.457165 1.62935e-19)
(0.595512 0.431194 3.01263e-19)
(0.61913 0.406545 3.43746e-19)
(0.641517 0.383354 1.55689e-19)
(0.662768 0.361593 1.26612e-19)
(0.682953 0.34118 -3.34286e-20)
(0.702129 0.322026 3.65705e-20)
(0.720305 0.304061 -1.95693e-19)
(0.737565 0.287202 -1.09667e-19)
(0.75441 0.271149 4.64717e-20)
(0.770033 0.256097 -6.84705e-20)
(0.0645256 0.130174 2.09726e-19)
(0.166837 0.314551 1.03479e-19)
(0.253547 0.433602 2.26421e-20)
(0.323514 0.500524 -6.13836e-20)
(0.37977 0.528549 4.19527e-20)
(0.425625 0.530291 -1.22896e-19)
(0.464056 0.51623 -2.11556e-19)
(0.497463 0.494 1.52106e-19)
(0.52752 0.468501 -5.55597e-20)
(0.555257 0.44248 -1.68144e-19)
(0.581246 0.417252 5.80756e-20)
(0.605786 0.393326 -7.20001e-20)
(0.629034 0.370824 -2.92012e-19)
(0.651086 0.349715 2.4752e-20)
(0.672016 0.329919 2.2532e-19)
(0.691884 0.311348 -9.71128e-20)
(0.710707 0.293936 1.16425e-19)
(0.728573 0.277599 1.54716e-19)
(0.745955 0.262065 9.79997e-20)
(0.762076 0.247504 2.40158e-20)
(0.0599542 0.126721 3.78395e-20)
(0.155834 0.305686 -2.62268e-19)
(0.238504 0.420762 -7.29834e-20)
(0.306235 0.485074 -2.21593e-20)
(0.361596 0.511672 -1.06103e-19)
(0.407467 0.512903 -1.8229e-19)
(0.446465 0.498966 1.94924e-19)
(0.480728 0.477244 -1.94928e-19)
(0.511755 0.452451 9.03059e-20)
(0.540477 0.427211 8.43003e-20)
(0.567418 0.402772 5.85662e-20)
(0.592854 0.379609 -1.18834e-19)
(0.616939 0.357832 8.51587e-20)
(0.63977 0.337409 -1.44754e-19)
(0.661423 0.31826 -1.90915e-19)
(0.681964 0.300302 7.14448e-20)
(0.701416 0.283468 -7.16869e-20)
(0.719871 0.267676 -1.70913e-19)
(0.737773 0.252681 8.77997e-20)
(0.754383 0.238629 7.08539e-21)
(0.0554702 0.122976 -1.07668e-19)
(0.145076 0.296175 1.17087e-19)
(0.223833 0.407102 1.50394e-19)
(0.289421 0.468753 -1.78764e-19)
(0.343947 0.493942 1.08029e-19)
(0.389861 0.494716 1.5225e-19)
(0.429428 0.480967 -9.00761e-20)
(0.464532 0.459816 1.02343e-19)
(0.496507 0.435785 -4.99148e-20)
(0.526188 0.411376 -8.87228e-20)
(0.554051 0.387768 -2.41569e-20)
(0.580356 0.365407 -5.23506e-20)
(0.605252 0.344391 1.87885e-19)
(0.628837 0.324686 4.21376e-22)
(0.651192 0.306216 1.87572e-20)
(0.672385 0.288898 9.44232e-20)
(0.692446 0.272666 2.71534e-19)
(0.711472 0.257444 5.27714e-20)
(0.729877 0.243008 -1.31261e-19)
(0.746964 0.229478 -3.74781e-20)
(0.0510889 0.118947 5.57497e-20)
(0.134596 0.286035 9.16884e-20)
(0.209575 0.392647 -6.85296e-20)
(0.273117 0.451587 1.12267e-19)
(0.326863 0.475388 2.08792e-19)
(0.372842 0.475759 -2.20977e-20)
(0.412979 0.46226 -1.24381e-19)
(0.448907 0.44174 6.28669e-20)
(0.481802 0.418525 -7.48555e-20)
(0.512411 0.394993 5.39917e-21)
(0.541167 0.372259 -1.77795e-19)
(0.568312 0.350737 1.02786e-19)
(0.593991 0.330517 -1.27764e-19)
(0.618305 0.311562 1.14739e-19)
(0.641337 0.293798 -8.93146e-20)
(0.66316 0.277146 -1.65964e-19)
(0.68381 0.261542 -5.59124e-20)
(0.703387 0.246911 4.16662e-20)
(0.722277 0.233053 -5.05367e-20)
(0.739828 0.220063 -5.16756e-20)
(0.0468255 0.114643 6.5457e-20)
(0.124427 0.275288 -2.91448e-20)
(0.19577 0.377424 -1.02946e-19)
(0.257361 0.433607 -8.06654e-20)
(0.310382 0.45604 -3.39075e-20)
(0.356448 0.456058 -1.67919e-19)
(0.397148 0.442869 6.79554e-20)
(0.433879 0.423039 -5.12656e-21)
(0.467667 0.400691 2.11541e-20)
(0.499172 0.378083 -1.60848e-19)
(0.528788 0.356262 1.40167e-20)
(0.556741 0.335616 1.15405e-19)
(0.583174 0.316224 -6.52007e-21)
(0.60819 0.298049 8.59439e-22)
(0.631874 0.28102 2.56809e-19)
(0.654304 0.26506 1.9397e-19)
(0.675521 0.250107 -1.54821e-19)
(0.695628 0.236089 -1.3066e-19)
(0.714985 0.222827 6.85104e-20)
(0.732986 0.210392 6.90607e-20)
(0.0426947 0.110073 -3.17734e-20)
(0.114599 0.263954 -2.04895e-20)
(0.182457 0.361462 6.39832e-20)
(0.242195 0.414844 1.34355e-19)
(0.294543 0.435929 -1.15682e-19)
(0.340712 0.435643 1.67666e-19)
(0.381966 0.422823 -1.3276e-19)
(0.419478 0.403738 -1.07158e-19)
(0.454125 0.382308 6.68302e-21)
(0.486492 0.360666 3.67243e-20)
(0.516934 0.339797 1.30648e-19)
(0.545663 0.320061 -9.05361e-20)
(0.57282 0.301529 -1.03309e-19)
(0.598508 0.284164 -8.05294e-20)
(0.622819 0.267896 -2.51193e-19)
(0.64583 0.252652 8.72747e-20)
(0.667592 0.238372 4.12083e-20)
(0.688207 0.224989 1.58117e-19)
(0.70801 0.21234 1.5555e-19)
(0.726446 0.200475 -8.98107e-20)
(0.0387105 0.105245 -2.61892e-20)
(0.105143 0.252056 6.43356e-20)
(0.169672 0.34479 -1.31798e-19)
(0.227656 0.395331 -8.31585e-20)
(0.279382 0.415087 -4.61073e-20)
(0.325665 0.414546 9.16417e-20)
(0.367463 0.40215 1.49181e-19)
(0.405727 0.383863 2.93075e-20)
(0.441201 0.363397 1.19412e-20)
(0.474394 0.342763 4.79494e-20)
(0.505625 0.322883 1.22961e-19)
(0.535096 0.304091 -3.23588e-20)
(0.562944 0.286449 1.30866e-19)
(0.589276 0.269921 4.58948e-20)
(0.614184 0.254441 7.08695e-20)
(0.637752 0.239937 -1.32028e-19)
(0.660033 0.226352 -5.01852e-20)
(0.681135 0.213622 -1.66766e-20)
(0.701363 0.201603 2.28802e-20)
(0.720216 0.190324 1.26953e-19)
(0.0348864 0.100172 1.05394e-19)
(0.096088 0.239619 -2.27729e-19)
(0.157451 0.327442 -5.72763e-21)
(0.21378 0.375103 1.54402e-19)
(0.264931 0.39355 -7.56152e-20)
(0.31134 0.392799 -1.72495e-20)
(0.353666 0.38088 -3.11447e-22)
(0.392653 0.363441 -1.36499e-19)
(0.428917 0.343984 2.89103e-20)
(0.462896 0.324398 1.58174e-19)
(0.49488 0.305542 -2.0833e-19)
(0.525057 0.287725 1.50733e-19)
(0.553564 0.271002 -2.17294e-20)
(0.580507 0.255338 -2.61193e-19)
(0.605984 0.240669 2.2553e-21)
(0.630081 0.226927 1.41937e-20)
(0.652858 0.214058 1.29355e-20)
(0.674421 0.202001 -7.8607e-20)
(0.695053 0.190628 -7.16104e-20)
(0.714307 0.17995 -1.36698e-19)
(0.0312355 0.0948645 -7.38807e-20)
(0.0874605 0.226669 2.49623e-20)
(0.145826 0.309449 2.09997e-19)
(0.200601 0.354195 8.05242e-20)
(0.251223 0.371353 1.55353e-19)
(0.297765 0.370436 1.00052e-19)
(0.340601 0.359043 1.13349e-19)
(0.380279 0.3425 2.55992e-19)
(0.417294 0.324095 -1.33325e-19)
(0.45202 0.305593 -1.47419e-19)
(0.484717 0.287795 5.25115e-20)
(0.515563 0.270982 -2.37334e-19)
(0.544693 0.255207 -2.97243e-20)
(0.572216 0.240432 1.73652e-19)
(0.598232 0.226597 -1.28261e-19)
(0.622831 0.213639 8.4482e-20)
(0.646076 0.201504 -6.38394e-20)
(0.668076 0.190139 7.69159e-20)
(0.68909 0.179426 2.42784e-21)
(0.708725 0.169363 1.17201e-19)
(0.0277699 0.089334 -1.35072e-19)
(0.0792868 0.213233 1.11542e-20)
(0.134829 0.290848 -1.25806e-19)
(0.188152 0.332646 -1.26076e-19)
(0.238289 0.348531 7.1238e-20)
(0.284968 0.34749 -5.43864e-20)
(0.328292 0.336671 -5.28491e-20)
(0.368626 0.321069 -1.5225e-19)
(0.406352 0.303756 -1.60328e-19)
(0.441784 0.286374 1.87298e-20)
(0.475152 0.269664 -5.31368e-20)
(0.506629 0.253885 1.83566e-19)
(0.536346 0.239082 -6.11978e-20)
(0.564416 0.225219 7.00216e-20)
(0.59094 0.212241 1.03999e-19)
(0.616011 0.200086 -9.10924e-20)
(0.639698 0.188706 6.78087e-20)
(0.66211 0.178048 -7.09072e-20)
(0.683483 0.168011 -8.70532e-21)
(0.703478 0.158577 -9.27313e-20)
(0.0245013 0.0835932 2.32263e-19)
(0.0715914 0.199339 -6.67874e-20)
(0.124491 0.271673 -4.10177e-20)
(0.176462 0.310493 -3.78835e-20)
(0.226157 0.325124 -1.36752e-19)
(0.272975 0.323997 -1.44293e-20)
(0.316764 0.313797 -1.8933e-19)
(0.357717 0.299179 1.95262e-20)
(0.396111 0.282995 2.0373e-19)
(0.432204 0.266766 1.66796e-19)
(0.466203 0.251173 1.29023e-19)
(0.49827 0.236454 -1.0479e-19)
(0.528538 0.222647 -2.33283e-20)
(0.557119 0.20972 5.45755e-20)
(0.584119 0.197618 2.53596e-20)
(0.609632 0.186286 -7.32062e-21)
(0.633734 0.175677 5.94721e-21)
(0.656531 0.165743 -7.62345e-20)
(0.67824 0.156394 -4.47955e-20)
(0.698575 0.147602 1.61634e-19)
(0.0214406 0.0776553 -7.34041e-20)
(0.0643973 0.185015 9.8975e-20)
(0.114839 0.251962 7.25024e-20)
(0.16556 0.287776 8.23835e-20)
(0.214854 0.301171 -1.47872e-20)
(0.26181 0.299995 -1.3663e-19)
(0.306038 0.290455 1.70461e-19)
(0.34757 0.276858 5.46658e-20)
(0.386588 0.261839 -8.68705e-20)
(0.423297 0.246793 -1.27914e-19)
(0.457883 0.232345 -1.29816e-20)
(0.4905 0.218711 -1.29122e-19)
(0.52128 0.205924 6.79018e-20)
(0.550337 0.193952 -1.0732e-19)
(0.57778 0.182746 -6.20632e-20)
(0.603705 0.172255 1.23677e-19)
(0.628192 0.162433 1.08314e-20)
(0.651348 0.153237 9.73825e-20)
(0.673369 0.14459 -6.33759e-20)
(0.694021 0.136452 8.24503e-20)
(0.0185981 0.0715341 -3.3857e-20)
(0.0577259 0.170294 5.57222e-20)
(0.105898 0.231754 1.41038e-19)
(0.155473 0.264537 -4.92353e-20)
(0.204405 0.27671 1.44357e-19)
(0.251495 0.275519 5.83756e-20)
(0.296134 0.266678 3.17363e-20)
(0.338204 0.25414 1.28495e-20)
(0.377799 0.240317 1.23029e-19)
(0.415078 0.226484 -3.20249e-20)
(0.450206 0.213206 -4.0662e-20)
(0.483331 0.200679 2.70802e-20)
(0.514584 0.188932 -1.42858e-19)
(0.544082 0.177936 1.96265e-19)
(0.571933 0.167644 7.39465e-20)
(0.598239 0.158009 -1.52545e-19)
(0.623082 0.148989 1.51298e-20)
(0.646568 0.140546 -6.38028e-20)
(0.668877 0.132612 2.39633e-20)
(0.689824 0.12514 -3.11557e-20)
(0.0159832 0.0652437 -1.39649e-21)
(0.0515968 0.155205 -8.39334e-20)
(0.0976926 0.211088 -7.75206e-20)
(0.146224 0.240817 -2.6563e-20)
(0.194832 0.251784 -7.80535e-20)
(0.242051 0.250609 1.95696e-20)
(0.28707 0.242502 -3.11667e-20)
(0.329636 0.231056 8.52293e-20)
(0.36976 0.21846 -1.28978e-19)
(0.407561 0.205864 5.53509e-20)
(0.443186 0.19378 -7.59702e-20)
(0.476776 0.182382 1.37292e-19)
(0.508462 0.171695 8.89436e-20)
(0.538362 0.161691 3.5122e-20)
(0.566588 0.152329 -1.5681e-19)
(0.593242 0.143565 7.36514e-20)
(0.61841 0.135362 -8.09696e-20)
(0.642199 0.127684 -9.85477e-21)
(0.664772 0.120473 7.71011e-20)
(0.685989 0.113678 -1.39681e-19)
(0.0136046 0.0587989 5.25824e-20)
(0.0460282 0.139782 -1.11194e-19)
(0.0902449 0.190005 -3.6052e-20)
(0.137837 0.216659 1.681e-20)
(0.186157 0.226433 -1.44147e-19)
(0.233497 0.225304 9.63833e-20)
(0.278864 0.217962 4.06235e-20)
(0.32188 0.20764 -8.83099e-20)
(0.362485 0.196296 5.60965e-20)
(0.400759 0.184962 -1.23373e-20)
(0.436834 0.174092 6.50967e-20)
(0.470845 0.163842 -6.18464e-20)
(0.502923 0.154232 -7.18526e-20)
(0.533188 0.145238 -7.41591e-20)
(0.561753 0.136821 1.38593e-19)
(0.588721 0.128942 -1.56744e-19)
(0.614185 0.121568 2.12007e-20)
(0.638248 0.114667 -1.39217e-20)
(0.661058 0.108189 -4.82563e-20)
(0.682521 0.102081 3.47149e-20)
(0.0114701 0.0522146 -9.01356e-20)
(0.0410366 0.124057 9.17119e-20)
(0.0835744 0.168546 -5.1786e-20)
(0.13033 0.192108 -1.14917e-19)
(0.178398 0.200701 1.05051e-19)
(0.225851 0.199643 -6.85657e-20)
(0.27153 0.193096 -2.16362e-20)
(0.314951 0.183923 -1.02099e-19)
(0.355986 0.173857 1.73722e-20)
(0.394684 0.163806 5.42582e-21)
(0.43116 0.15417 2.2709e-20)
(0.465548 0.145084 6.00545e-20)
(0.497976 0.136568 -7.65794e-20)
(0.528567 0.128597 9.44884e-21)
(0.557435 0.121138 -5.83325e-21)
(0.584686 0.114157 7.97523e-21)
(0.610413 0.107623 4.79304e-20)
(0.63472 0.10151 8.44302e-21)
(0.657743 0.0957729 -1.027e-20)
(0.679426 0.0903617 -3.24939e-20)
(0.00958683 0.0455064 1.03863e-19)
(0.0366364 0.108064 -1.29813e-20)
(0.0776988 0.146754 4.06754e-20)
(0.123722 0.167206 2.02087e-20)
(0.171571 0.174631 3.95021e-20)
(0.219126 0.173667 -6.90798e-20)
(0.265083 0.167941 7.563e-20)
(0.30886 0.159942 1.3729e-19)
(0.350275 0.151174 -1.05102e-19)
(0.389345 0.142424 -5.44466e-20)
(0.426175 0.134039 -8.72143e-20)
(0.460894 0.126134 4.59414e-20)
(0.49363 0.118724 1.19116e-20)
(0.524508 0.11179 -3.11199e-20)
(0.553642 0.105301 4.10297e-20)
(0.58114 0.0992291 2.95451e-20)
(0.607099 0.0935457 6.93723e-20)
(0.631622 0.0882281 7.13959e-21)
(0.654831 0.0832407 6.38728e-20)
(0.676708 0.078534 1.13035e-19)
(0.00796094 0.0386901 -4.09412e-20)
(0.0328408 0.0918371 4.43032e-20)
(0.0726336 0.124672 4.63604e-20)
(0.118029 0.142001 -1.06338e-20)
(0.165693 0.148266 -1.74401e-20)
(0.213338 0.147416 -5.19624e-20)
(0.259535 0.142533 -1.74061e-22)
(0.30362 0.135729 -4.05186e-20)
(0.345361 0.128278 8.51975e-20)
(0.384752 0.120847 1.02612e-19)
(0.421887 0.113727 3.91479e-20)
(0.45689 0.107015 -9.26013e-21)
(0.489892 0.100725 -1.96647e-20)
(0.521016 0.0948379 -4.87746e-20)
(0.550379 0.0893301 5.8155e-21)
(0.578091 0.0841758 -5.56524e-21)
(0.604249 0.0793518 -4.40703e-20)
(0.628957 0.0748386 -3.14453e-20)
(0.652326 0.0706071 -3.16233e-20)
(0.674371 0.0666122 -8.16831e-20)
(0.00659779 0.0317818 4.21532e-20)
(0.0296606 0.0754119 -9.32654e-20)
(0.068392 0.102343 2.55062e-20)
(0.113264 0.116537 -9.95517e-21)
(0.160774 0.121651 1.89536e-20)
(0.208496 0.120932 7.32269e-20)
(0.254895 0.116911 -1.47487e-20)
(0.299239 0.11132 4.00719e-20)
(0.341253 0.105202 -5.45379e-20)
(0.380913 0.0991029 2.13627e-21)
(0.418302 0.0932603 2.16966e-20)
(0.453544 0.0877535 8.40248e-21)
(0.486767 0.0825925 -7.53402e-21)
(0.518097 0.0777631 3.275e-20)
(0.547652 0.0732447 -1.57977e-20)
(0.575542 0.0690165 -5.63332e-20)
(0.601868 0.0650593 -5.85943e-21)
(0.62673 0.0613574 6.32911e-21)
(0.650233 0.0578874 -5.0522e-20)
(0.672418 0.0546104 3.34507e-20)
(0.00550187 0.0247979 -1.87946e-20)
(0.0271053 0.0588235 5.65507e-20)
(0.0649854 0.0798108 2.02739e-20)
(0.109438 0.0908603 1.48964e-20)
(0.156827 0.094831 1.09813e-20)
(0.204612 0.0942574 -9.20102e-20)
(0.251174 0.0911134 1.70779e-20)
(0.295724 0.0867494 -1.54377e-20)
(0.337958 0.0819778 -8.13573e-21)
(0.377833 0.0772222 1.77037e-20)
(0.415427 0.0726674 3.17158e-20)
(0.45086 0.0683747 -2.4477e-20)
(0.484261 0.0643517 4.18227e-20)
(0.515757 0.0605874 3.09845e-20)
(0.545466 0.0570656 -1.20006e-20)
(0.573498 0.0537701 4.80076e-20)
(0.599958 0.0506858 7.41635e-20)
(0.624944 0.0478007 1.04941e-20)
(0.648555 0.0450971 -1.02527e-21)
(0.670853 0.042543 -5.25302e-20)
(0.00467677 0.0177551 -2.36371e-20)
(0.0251823 0.0421079 -2.21988e-20)
(0.0624225 0.0571208 -1.51062e-20)
(0.106561 0.0650186 -5.0041e-21)
(0.153859 0.0678509 -7.90486e-22)
(0.201691 0.0674333 5.98196e-20)
(0.248376 0.065179 -4.80048e-20)
(0.293083 0.0620537 3.94232e-21)
(0.335482 0.0586382 2.71389e-20)
(0.375519 0.0552349 2.61592e-20)
(0.413266 0.0519758 2.41223e-21)
(0.448843 0.0489044 -8.11419e-21)
(0.482378 0.0460262 -1.29574e-20)
(0.513998 0.043333 -1.34781e-20)
(0.543822 0.0408134 5.08102e-21)
(0.571963 0.0384557 -4.16336e-20)
(0.598523 0.0362493 1.69775e-20)
(0.623602 0.0341854 6.49265e-21)
(0.647294 0.0322516 -8.71048e-21)
(0.669677 0.0304244 2.36078e-20)
(0.0041252 0.0106699 1.88893e-20)
(0.0238972 0.0253012 -5.67384e-21)
(0.0607102 0.0343177 -9.93554e-21)
(0.104639 0.0390585 -5.34815e-21)
(0.151877 0.0407563 9.65172e-21)
(0.199741 0.0405026 -3.92299e-20)
(0.246508 0.0391465 1.48132e-20)
(0.291319 0.0372681 -3.37494e-22)
(0.333829 0.0352159 -4.12498e-20)
(0.373974 0.0331714 2.45963e-20)
(0.411824 0.0312136 -1.6307e-20)
(0.447496 0.0293687 1.27106e-20)
(0.481121 0.0276399 -1.02799e-20)
(0.512824 0.0260222 5.31643e-21)
(0.542726 0.0245089 9.49488e-21)
(0.570938 0.0230928 2.05607e-20)
(0.597565 0.0217675 -4.06149e-20)
(0.622706 0.020528 -1.18685e-21)
(0.646452 0.0193667 1.46938e-20)
(0.668892 0.0182692 3.22879e-22)
(0.290437 0.0124285 1.22103e-20)
(0.333002 0.0117439 1.29718e-20)
(0.373201 0.011062 -1.58709e-20)
(0.411102 0.0104091 -5.74551e-21)
(0.446823 0.00979376 7.69593e-21)
(0.480492 0.00921716 -5.29982e-21)
(0.512236 0.00867765 -6.67049e-21)
(0.542177 0.00817294 5.83299e-22)
(0.570425 0.00770067 6.64817e-21)
(0.597086 0.00725869 1.27667e-20)
(0.622258 0.00684529 9.37105e-22)
(0.646031 0.00645802 1.37366e-21)
(0.668499 0.00609201 5.91128e-21)
(1.25926 0.283451 -4.72583e-22)
(1.26374 0.279576 8.52355e-22)
(1.26805 0.275694 -5.82818e-21)
(1.27218 0.271811 2.28872e-21)
(1.27613 0.267933 8.07807e-22)
(1.2799 0.264064 1.48456e-20)
(1.28349 0.260208 8.16963e-21)
(1.28689 0.256368 6.47027e-21)
(1.2901 0.252545 1.924e-20)
(1.29311 0.24874 1.50636e-21)
(1.2959 0.24495 2.76131e-21)
(1.29846 0.241172 -1.06951e-21)
(1.30076 0.2374 1.96768e-20)
(1.30278 0.233626 6.14045e-21)
(1.30445 0.229838 6.47736e-21)
(1.30573 0.22602 -2.8488e-20)
(1.25427 0.277981 -2.90179e-22)
(1.25877 0.274405 -2.52984e-21)
(1.2631 0.270819 5.03545e-22)
(1.26727 0.267228 -1.5758e-21)
(1.27127 0.263637 -3.23265e-20)
(1.27511 0.260051 1.12486e-20)
(1.27879 0.256474 -1.69398e-20)
(1.2823 0.252909 -2.5222e-20)
(1.28564 0.249361 1.76259e-21)
(1.28881 0.245829 1.59301e-20)
(1.29179 0.242315 -1.54265e-20)
(1.29459 0.238819 2.29599e-20)
(1.29717 0.235337 -1.8708e-20)
(1.29952 0.231865 -4.85306e-21)
(1.30162 0.228397 -1.23513e-21)
(1.30343 0.224922 -2.40554e-21)
(1.2491 0.272373 -6.53866e-22)
(1.25359 0.269083 2.04736e-21)
(1.25794 0.26578 1.15916e-20)
(1.26213 0.26247 6.16991e-21)
(1.26619 0.259157 2.33845e-20)
(1.27009 0.255846 -1.80309e-21)
(1.27385 0.25254 2.55556e-20)
(1.27746 0.249244 2.22026e-20)
(1.28092 0.24596 1.27239e-20)
(1.28422 0.242692 6.01025e-21)
(1.28737 0.239441 2.40453e-20)
(1.29036 0.236208 -1.72404e-20)
(1.29317 0.232994 -1.16421e-20)
(1.29579 0.229796 1.00156e-22)
(1.29822 0.226611 1.58553e-20)
(1.30041 0.223435 1.51289e-21)
(1.24394 0.266665 -1.54568e-22)
(1.24839 0.263643 1.82489e-21)
(1.2527 0.260608 -9.09744e-21)
(1.2569 0.257566 -2.31153e-22)
(1.26097 0.254519 -1.76005e-20)
(1.26491 0.251472 -1.47522e-20)
(1.26873 0.248427 -1.28699e-20)
(1.27241 0.245388 -1.86949e-21)
(1.27597 0.242359 -9.94455e-21)
(1.27939 0.239341 -8.36909e-21)
(1.28267 0.236338 1.83541e-20)
(1.28581 0.233351 1.24914e-20)
(1.28881 0.230381 1.53263e-20)
(1.29165 0.227429 -3.41897e-20)
(1.29433 0.224493 -3.0006e-20)
(1.29683 0.221572 -9.47144e-21)
(1.23895 0.260924 -4.90275e-22)
(1.24331 0.258141 5.33577e-22)
(1.24756 0.255349 2.5734e-21)
(1.25171 0.252549 2.56236e-21)
(1.25575 0.249746 8.61707e-21)
(1.25969 0.246941 3.81532e-21)
(1.26352 0.244139 -6.31433e-21)
(1.26725 0.24134 1.21161e-21)
(1.27086 0.238549 -1.97548e-20)
(1.27436 0.235767 1.69105e-20)
(1.27774 0.232996 7.84304e-21)
(1.28101 0.230238 -1.08808e-20)
(1.28415 0.227495 -1.72942e-20)
(1.28716 0.224768 3.63769e-20)
(1.29004 0.222057 2.64253e-20)
(1.29277 0.219362 1.965e-20)
(1.23424 0.255199 1.46395e-21)
(1.23847 0.252628 5.40821e-22)
(1.24262 0.250049 1.15296e-21)
(1.24668 0.247465 -3.04226e-21)
(1.25066 0.24488 1.13163e-20)
(1.25456 0.242294 2.30397e-21)
(1.25836 0.23971 5.70265e-21)
(1.26208 0.237131 5.68116e-21)
(1.26571 0.234558 5.91447e-21)
(1.26924 0.231992 1.2728e-21)
(1.27268 0.229437 -2.95404e-20)
(1.27603 0.226893 1.34986e-21)
(1.27927 0.224362 3.0885e-20)
(1.2824 0.221844 2.01276e-20)
(1.28543 0.219341 6.92449e-21)
(1.28833 0.216852 -2.95282e-20)
(1.22985 0.249525 6.40042e-22)
(1.23395 0.24714 -3.69168e-21)
(1.23797 0.244751 -8.83175e-22)
(1.24192 0.242358 -1.94438e-22)
(1.2458 0.239965 -9.55827e-21)
(1.24961 0.237574 2.51663e-23)
(1.25335 0.235185 6.46904e-21)
(1.25703 0.232802 -1.52987e-20)
(1.26063 0.230426 1.10705e-20)
(1.26415 0.228057 1.79008e-20)
(1.26761 0.225698 1.37009e-20)
(1.27098 0.22335 9.12121e-21)
(1.27427 0.221013 1.11907e-21)
(1.27748 0.218689 -3.64114e-21)
(1.28061 0.216378 -6.32303e-21)
(1.28363 0.21408 1.87394e-20)
(1.22578 0.243916 -3.63777e-22)
(1.22973 0.241699 2.10219e-22)
(1.23362 0.239479 2.62024e-21)
(1.23745 0.237258 1.45159e-21)
(1.24121 0.235037 -5.10406e-21)
(1.24492 0.232818 -1.17586e-20)
(1.24858 0.230604 -1.37445e-21)
(1.25217 0.228395 8.52088e-21)
(1.25571 0.226194 -2.34654e-20)
(1.25919 0.224001 -2.60089e-20)
(1.26262 0.221818 -2.24195e-20)
(1.26598 0.219646 1.45533e-20)
(1.26928 0.217486 -1.75765e-20)
(1.27251 0.215337 -2.38307e-20)
(1.27568 0.213201 2.10915e-20)
(1.27878 0.211078 8.14411e-23)
(1.22198 0.238372 -1.83032e-21)
(1.22579 0.23631 -1.21693e-21)
(1.22955 0.234245 -8.49957e-21)
(1.23326 0.232179 -5.53574e-21)
(1.23691 0.230113 8.94323e-21)
(1.24051 0.228051 8.71658e-22)
(1.24406 0.225992 -7.01627e-21)
(1.24756 0.22394 -9.20883e-21)
(1.25102 0.221896 1.1844e-20)
(1.25443 0.21986 1.58296e-21)
(1.25779 0.217834 3.71972e-20)
(1.26111 0.215819 -3.97477e-20)
(1.26438 0.213816 -4.71242e-21)
(1.2676 0.211826 1.65469e-20)
(1.27077 0.209848 -5.21746e-21)
(1.27388 0.207882 -2.21188e-20)
(1.27694 0.20593 7.32989e-21)
(1.21841 0.232886 9.21118e-23)
(1.22209 0.230969 3.34138e-21)
(1.22573 0.229048 6.18627e-21)
(1.22931 0.227125 -2.05194e-21)
(1.23285 0.225203 -2.55633e-21)
(1.23635 0.223283 1.4338e-20)
(1.23979 0.221368 8.60115e-21)
(1.2432 0.219458 2.69959e-21)
(1.24657 0.217555 -8.12601e-21)
(1.24989 0.21566 2.76637e-22)
(1.25318 0.213776 -1.26512e-20)
(1.25643 0.211902 5.57705e-21)
(1.25964 0.21004 3.41013e-20)
(1.26282 0.20819 -4.43414e-20)
(1.26595 0.206353 7.68018e-24)
(1.26905 0.204529 -1.03797e-21)
(1.2721 0.202719 4.80491e-21)
(1.21502 0.227451 -3.69708e-22)
(1.21858 0.225668 -2.87837e-21)
(1.22211 0.223882 6.04954e-22)
(1.22558 0.222094 6.44186e-21)
(1.22901 0.220305 7.26963e-21)
(1.2324 0.218519 -3.48591e-21)
(1.23576 0.216735 5.80778e-21)
(1.23907 0.214956 -4.90929e-22)
(1.24234 0.213184 3.81678e-21)
(1.24558 0.211419 2.03545e-20)
(1.24879 0.209664 -3.56514e-21)
(1.25196 0.207918 2.2067e-20)
(1.2551 0.206183 -1.74391e-20)
(1.25821 0.204461 3.26798e-20)
(1.26129 0.202751 -2.52031e-20)
(1.26434 0.201053 -8.17082e-21)
(1.26736 0.199369 1.56929e-20)
(1.21178 0.222059 8.40326e-22)
(1.21524 0.220403 1.40986e-21)
(1.21865 0.218743 -3.071e-21)
(1.22202 0.21708 -4.02803e-22)
(1.22536 0.215418 -2.77482e-21)
(1.22865 0.213756 -6.68318e-21)
(1.23191 0.212096 -4.32227e-21)
(1.23513 0.21044 -1.59527e-21)
(1.23832 0.20879 -1.95487e-22)
(1.24147 0.207145 -1.07059e-20)
(1.2446 0.205509 -4.6319e-21)
(1.24769 0.203882 1.09539e-20)
(1.25076 0.202264 2.13683e-20)
(1.25379 0.200658 -8.32717e-22)
(1.25681 0.199063 7.1046e-21)
(1.2598 0.19748 -8.5482e-21)
(1.26276 0.19591 -2.74346e-20)
(1.20867 0.216707 1.37839e-23)
(1.21202 0.215169 1.37781e-22)
(1.21534 0.213627 3.1753e-21)
(1.21861 0.212082 -1.3339e-21)
(1.22185 0.210537 -2.45699e-21)
(1.22505 0.208992 -1.52452e-21)
(1.22822 0.207449 -3.71201e-21)
(1.23136 0.205909 -3.28974e-22)
(1.23447 0.204373 1.32161e-20)
(1.23754 0.202842 -1.81488e-20)
(1.24059 0.201317 9.50273e-21)
(1.2436 0.1998 -2.09844e-20)
(1.24659 0.198292 -1.85996e-20)
(1.24956 0.196793 -2.11912e-20)
(1.25251 0.195305 2.32749e-20)
(1.25543 0.193828 1.39723e-20)
(1.25833 0.192363 -1.22133e-20)
(1.20568 0.211393 2.16686e-22)
(1.20893 0.209965 1.08691e-21)
(1.21214 0.208533 -1.83637e-21)
(1.21533 0.207099 -1.99174e-21)
(1.21847 0.205664 1.82332e-21)
(1.22159 0.204228 -6.54529e-21)
(1.22468 0.202794 -3.23059e-22)
(1.22773 0.201362 1.07079e-20)
(1.23076 0.199934 -9.02656e-21)
(1.23376 0.19851 8.392e-21)
(1.23673 0.19709 1.8643e-21)
(1.23967 0.195678 1.38776e-20)
(1.24259 0.194272 -1.51458e-20)
(1.24549 0.192875 7.45996e-21)
(1.24837 0.191487 -1.33107e-20)
(1.25122 0.190109 2.3012e-20)
(1.25406 0.188742 -4.80999e-21)
(1.20279 0.206117 -5.94199e-22)
(1.20594 0.20479 -6.89241e-22)
(1.20906 0.203461 -2.07836e-21)
(1.21215 0.202129 3.68739e-22)
(1.21521 0.200797 -1.28299e-21)
(1.21824 0.199464 1.51522e-20)
(1.22125 0.198132 -1.40826e-22)
(1.22422 0.196802 3.79776e-22)
(1.22718 0.195474 -3.69122e-21)
(1.2301 0.19415 3.40814e-21)
(1.233 0.192831 -1.3336e-20)
(1.23588 0.191516 -2.6466e-20)
(1.23873 0.190208 2.3313e-21)
(1.24156 0.188907 2.29132e-21)
(1.24437 0.187613 1.17128e-20)
(1.24716 0.186328 -1.58495e-20)
(1.24994 0.185053 2.54987e-20)
(1.19999 0.200878 5.45707e-22)
(1.20305 0.199646 9.8948e-22)
(1.20607 0.198411 -4.36247e-26)
(1.20907 0.197175 6.02698e-22)
(1.21205 0.195938 -6.61821e-22)
(1.215 0.194701 -9.78095e-21)
(1.21792 0.193464 -6.62696e-21)
(1.22082 0.192229 -1.18832e-20)
(1.2237 0.190996 3.66402e-21)
(1.22655 0.189766 3.61358e-21)
(1.22939 0.188539 -1.31961e-20)
(1.2322 0.187318 3.86531e-21)
(1.23498 0.186101 1.05887e-20)
(1.23775 0.18489 4.82939e-21)
(1.2405 0.183687 -2.62171e-20)
(1.24323 0.18249 -3.83768e-21)
(1.24594 0.181302 1.40692e-20)
(1.19728 0.195676 -6.58601e-22)
(1.20024 0.194532 1.07644e-21)
(1.20317 0.193386 -4.2852e-22)
(1.20609 0.192238 1.76092e-21)
(1.20898 0.191089 3.41465e-21)
(1.21185 0.189941 2.12826e-21)
(1.21469 0.188793 1.39769e-20)
(1.21752 0.187646 7.20682e-21)
(1.22032 0.186501 -1.86802e-22)
(1.22311 0.185359 4.52097e-21)
(1.22587 0.18422 7.63806e-21)
(1.22861 0.183085 1.51785e-20)
(1.23134 0.181955 -1.174e-20)
(1.23405 0.18083 -1.6075e-20)
(1.23673 0.17971 2.46819e-20)
(1.23941 0.178597 2.24954e-21)
(1.24206 0.177492 -1.26757e-20)
(1.19464 0.190512 9.65734e-22)
(1.1975 0.189449 -3.38113e-22)
(1.20035 0.188385 -8.06325e-22)
(1.20318 0.187319 -2.99438e-21)
(1.20599 0.186252 -5.2729e-21)
(1.20878 0.185186 5.79818e-21)
(1.21155 0.18412 -9.07474e-21)
(1.2143 0.183056 -7.71033e-21)
(1.21703 0.181993 6.64177e-21)
(1.21975 0.180933 -7.50033e-21)
(1.22244 0.179876 4.33265e-21)
(1.22512 0.178822 -5.52937e-21)
(1.22778 0.177773 2.17412e-20)
(1.23043 0.176727 1.19287e-20)
(1.23306 0.175688 -1.85018e-20)
(1.23567 0.174654 3.04009e-21)
(1.23827 0.173626 -3.837e-21)
(1.19206 0.185386 -7.78555e-23)
(1.19484 0.184398 -8.97272e-22)
(1.1976 0.183409 2.50022e-21)
(1.20035 0.18242 2.16223e-21)
(1.20307 0.181429 5.40156e-21)
(1.20578 0.180439 -1.24494e-20)
(1.20848 0.17945 4.24538e-21)
(1.21116 0.178462 -1.71756e-21)
(1.21382 0.177476 -3.82344e-21)
(1.21646 0.176492 -6.12712e-21)
(1.21909 0.175511 -3.36431e-21)
(1.22171 0.174533 -9.07628e-23)
(1.22431 0.173558 7.37503e-21)
(1.22689 0.172588 -1.26398e-20)
(1.22946 0.171623 1.22976e-20)
(1.23202 0.170663 -2.35928e-20)
(1.23456 0.169708 1.90544e-21)
(1.18955 0.180298 -3.10683e-23)
(1.19224 0.17938 -6.09533e-22)
(1.19492 0.178461 7.6543e-23)
(1.19758 0.177542 -4.37483e-21)
(1.20023 0.176622 -2.54345e-21)
(1.20286 0.175703 1.34981e-20)
(1.20548 0.174784 8.75976e-22)
(1.20808 0.173867 -2.64104e-21)
(1.21068 0.172952 -1.65726e-21)
(1.21325 0.172038 8.11172e-21)
(1.21582 0.171128 -2.7375e-21)
(1.21837 0.17022 -1.91646e-20)
(1.22091 0.169316 -2.29994e-20)
(1.22343 0.168416 9.22445e-23)
(1.22594 0.16752 -1.68369e-20)
(1.22844 0.166629 3.24949e-20)
(1.23093 0.165743 9.13985e-21)
(1.18708 0.175248 -6.33843e-22)
(1.18969 0.174395 1.06098e-21)
(1.19229 0.173541 4.04836e-23)
(1.19487 0.172687 3.02733e-21)
(1.19744 0.171832 -9.08317e-22)
(1.2 0.170979 -8.94854e-21)
(1.20254 0.170126 -6.1616e-21)
(1.20508 0.169274 2.34541e-21)
(1.2076 0.168424 7.33515e-21)
(1.21011 0.167577 4.41776e-21)
(1.21261 0.166731 1.32894e-20)
(1.21509 0.165889 -1.98618e-21)
(1.21757 0.16505 2.43081e-20)
(1.22003 0.164215 8.44862e-21)
(1.22249 0.163384 1.50037e-20)
(1.22493 0.162557 -1.31111e-20)
(1.22736 0.161735 -8.67756e-21)
(1.18467 0.170238 -2.14744e-23)
(1.18719 0.169444 -4.74743e-22)
(1.18971 0.16865 1.49694e-21)
(1.19221 0.167856 -5.7467e-22)
(1.19471 0.167062 3.23107e-21)
(1.19719 0.166269 2.41156e-22)
(1.19967 0.165476 3.05928e-21)
(1.20213 0.164686 3.29778e-21)
(1.20458 0.163896 -8.07315e-21)
(1.20702 0.16311 -5.07384e-21)
(1.20946 0.162325 3.31828e-22)
(1.21188 0.161543 1.97148e-21)
(1.21429 0.160765 -1.09836e-20)
(1.2167 0.15999 -8.00541e-21)
(1.21909 0.159218 -1.33054e-20)
(1.22148 0.158451 -4.77512e-21)
(1.22385 0.157689 1.36786e-20)
(1.1823 0.165266 8.0901e-22)
(1.18474 0.164528 2.68524e-22)
(1.18718 0.163789 -1.05534e-21)
(1.18961 0.16305 -2.49127e-21)
(1.19203 0.162312 -2.51083e-22)
(1.19444 0.161575 -1.67912e-23)
(1.19684 0.160839 1.21064e-21)
(1.19923 0.160104 -2.65675e-21)
(1.20162 0.159371 7.49345e-21)
(1.20399 0.15864 1.41435e-21)
(1.20636 0.157912 3.00638e-21)
(1.20872 0.157186 1.46319e-20)
(1.21107 0.156464 1.01465e-20)
(1.21342 0.155745 4.76842e-21)
(1.21575 0.155029 6.97828e-21)
(1.21808 0.154317 -2.18646e-21)
(1.2204 0.15361 2.56598e-21)
(1.17996 0.160333 -3.10861e-22)
(1.18233 0.159646 -1.03377e-21)
(1.18469 0.158958 1.48543e-22)
(1.18705 0.158271 -4.92317e-23)
(1.18939 0.157584 -1.50347e-21)
(1.19173 0.156899 3.63711e-21)
(1.19406 0.156215 2.33026e-21)
(1.19639 0.155532 2.22864e-21)
(1.19871 0.154851 -2.58524e-22)
(1.20102 0.154172 3.13425e-21)
(1.20332 0.153496 -1.27288e-20)
(1.20562 0.152822 -1.49341e-20)
(1.20791 0.152151 -7.3313e-21)
(1.21019 0.151483 -9.90414e-21)
(1.21247 0.150819 -1.83662e-21)
(1.21474 0.150159 4.24987e-22)
(1.217 0.149502 3.85799e-21)
(1.17766 0.155439 -1.59439e-22)
(1.17996 0.154799 -8.92294e-22)
(1.18224 0.154159 8.22487e-22)
(1.18452 0.153519 1.44297e-21)
(1.1868 0.15288 1.33394e-21)
(1.18907 0.152243 -3.24751e-21)
(1.19133 0.151606 4.20064e-22)
(1.19359 0.150972 -1.95434e-22)
(1.19584 0.150339 -9.43637e-21)
(1.19809 0.149708 4.93356e-22)
(1.20033 0.149079 8.94927e-21)
(1.20256 0.148454 6.10155e-22)
(1.20479 0.14783 -9.27157e-21)
(1.20701 0.14721 1.86128e-20)
(1.20923 0.146594 7.61311e-21)
(1.21144 0.145981 -5.73789e-21)
(1.21365 0.145371 -1.73201e-20)
(1.1754 0.150585 4.80395e-22)
(1.17762 0.149988 9.73816e-22)
(1.17983 0.149392 -1.28852e-21)
(1.18204 0.148796 -7.27966e-23)
(1.18425 0.148202 -1.7666e-21)
(1.18645 0.147608 1.43289e-21)
(1.18864 0.147016 -5.72283e-21)
(1.19083 0.146425 4.0968e-21)
(1.19302 0.145837 3.49708e-21)
(1.1952 0.14525 -7.4481e-21)
(1.19738 0.144666 -7.17238e-21)
(1.19955 0.144084 6.1207e-21)
(1.20172 0.143505 2.04312e-20)
(1.20388 0.142929 -5.38661e-21)
(1.20604 0.142356 -5.92477e-21)
(1.20819 0.141787 6.94396e-21)
(1.21034 0.141221 1.71571e-20)
(1.17316 0.14577 -6.5155e-23)
(1.17531 0.145214 1.53668e-22)
(1.17745 0.144658 2.287e-22)
(1.17959 0.144103 -1.28853e-21)
(1.18173 0.143549 2.00365e-21)
(1.18386 0.142996 1.30131e-21)
(1.18599 0.142445 2.81378e-21)
(1.18812 0.141895 -3.71942e-21)
(1.19024 0.141347 3.26496e-21)
(1.19236 0.140802 -4.4095e-22)
(1.19447 0.140258 1.11484e-21)
(1.19658 0.139717 -4.58264e-21)
(1.19869 0.139179 -1.801e-21)
(1.20079 0.138643 -7.22585e-22)
(1.20289 0.138111 1.0519e-20)
(1.20499 0.137581 1.12451e-21)
(1.20708 0.137056 -1.46045e-20)
(1.17094 0.140995 -2.07724e-23)
(1.17302 0.140476 -6.80451e-22)
(1.1751 0.139957 -1.02954e-21)
(1.17717 0.13944 2.51412e-21)
(1.17924 0.138923 -2.97134e-21)
(1.18131 0.138408 -2.1561e-22)
(1.18338 0.137895 3.07576e-21)
(1.18544 0.137383 1.59935e-21)
(1.1875 0.136873 2.40963e-21)
(1.18955 0.136365 5.48639e-21)
(1.19161 0.135859 3.82457e-21)
(1.19366 0.135355 -2.26692e-21)
(1.1957 0.134854 -1.25072e-20)
(1.19775 0.134356 8.09847e-23)
(1.19979 0.133861 -1.32195e-20)
(1.20183 0.133369 -9.69102e-21)
(1.20387 0.13288 9.29384e-21)
(1.16876 0.136259 2.93463e-22)
(1.17077 0.135774 4.75806e-22)
(1.17278 0.13529 1.3346e-21)
(1.17478 0.134807 3.27566e-22)
(1.17679 0.134326 2.25055e-21)
(1.17879 0.133845 -2.64884e-21)
(1.18079 0.133367 -5.96845e-21)
(1.18279 0.13289 -4.18857e-22)
(1.18479 0.132414 -5.44355e-21)
(1.18679 0.131941 1.27826e-21)
(1.18878 0.13147 -3.90608e-21)
(1.19077 0.131001 8.20338e-21)
(1.19276 0.130535 5.27774e-21)
(1.19474 0.130071 -6.8061e-21)
(1.19673 0.12961 8.07213e-22)
(1.19871 0.129152 1.0558e-21)
(1.20069 0.128696 -6.84934e-21)
(1.16659 0.131564 -4.58985e-22)
(1.16854 0.131111 5.17426e-22)
(1.17048 0.130658 -7.70966e-22)
(1.17242 0.130207 -2.38724e-22)
(1.17437 0.129758 -2.91527e-22)
(1.17631 0.129309 1.53766e-21)
(1.17825 0.128863 7.84656e-21)
(1.18018 0.128418 9.00798e-23)
(1.18212 0.127974 3.91365e-21)
(1.18405 0.127533 -4.3638e-21)
(1.18599 0.127094 1.68706e-21)
(1.18792 0.126657 -8.24546e-22)
(1.18985 0.126222 -2.05151e-21)
(1.19178 0.12579 1.08943e-22)
(1.1937 0.125361 5.32891e-21)
(1.19563 0.124934 1.06693e-20)
(1.19755 0.12451 6.90566e-21)
(1.16444 0.126907 -1.56971e-22)
(1.16632 0.126483 -7.94205e-22)
(1.16821 0.12606 5.46874e-22)
(1.17009 0.125639 -7.6131e-22)
(1.17197 0.125219 3.84924e-22)
(1.17385 0.1248 1.66961e-21)
(1.17573 0.124383 -6.8515e-22)
(1.1776 0.123968 1.21634e-22)
(1.17948 0.123554 -3.03458e-21)
(1.18136 0.123142 3.46377e-21)
(1.18323 0.122733 5.43958e-21)
(1.18511 0.122325 -4.11429e-21)
(1.18698 0.12192 -2.62994e-21)
(1.18885 0.121517 1.14216e-20)
(1.19072 0.121116 -3.25674e-21)
(1.19259 0.120718 1.89404e-21)
(1.19445 0.120323 -7.35914e-21)
(1.16232 0.122286 3.18005e-22)
(1.16414 0.12189 1.9163e-23)
(1.16596 0.121495 1.84167e-22)
(1.16778 0.121102 2.74381e-21)
(1.1696 0.120709 -2.42975e-21)
(1.17142 0.120318 1.19673e-21)
(1.17324 0.119929 -8.22332e-22)
(1.17506 0.119541 1.2454e-21)
(1.17688 0.119155 -5.90485e-21)
(1.17869 0.11877 7.54287e-22)
(1.18051 0.118388 -1.01077e-21)
(1.18233 0.118007 1.0507e-21)
(1.18414 0.117629 -1.8983e-21)
(1.18596 0.117253 -8.48215e-21)
(1.18777 0.116879 3.35823e-21)
(1.18958 0.116508 -7.602e-22)
(1.1914 0.116139 5.90657e-21)
(1.16021 0.117707 -3.31289e-22)
(1.16197 0.117336 1.35511e-22)
(1.16373 0.116967 3.80473e-22)
(1.16549 0.116598 -7.84134e-22)
(1.16726 0.116231 1.7609e-21)
(1.16902 0.115865 -1.78461e-21)
(1.17078 0.115501 -3.37606e-21)
(1.17254 0.115139 -1.10549e-21)
(1.1743 0.114778 3.11256e-21)
(1.17607 0.114419 -2.03516e-21)
(1.17783 0.114061 9.05276e-22)
(1.17959 0.113706 4.64376e-22)
(1.18135 0.113352 2.3382e-21)
(1.1831 0.113001 -1.57286e-21)
(1.18486 0.112652 -6.0274e-21)
(1.18662 0.112305 -1.99592e-21)
(1.18838 0.111961 -3.82905e-21)
(1.15812 0.113164 1.36713e-22)
(1.15983 0.112817 3.39233e-22)
(1.16153 0.112471 -1.672e-21)
(1.16324 0.112126 -2.63237e-21)
(1.16494 0.111783 8.13019e-22)
(1.16665 0.111441 5.62541e-22)
(1.16835 0.1111 -3.77003e-22)
(1.17006 0.110761 3.22751e-21)
(1.17176 0.110424 7.82937e-22)
(1.17347 0.110088 -6.09392e-22)
(1.17517 0.109754 -6.72651e-21)
(1.17688 0.109422 4.53273e-21)
(1.17858 0.109091 -2.08592e-21)
(1.18029 0.108763 1.36644e-21)
(1.18199 0.108437 -2.09899e-21)
(1.1837 0.108112 2.99462e-21)
(1.1854 0.10779 6.56467e-21)
(1.15605 0.108659 1.01626e-22)
(1.1577 0.108334 -1.67236e-23)
(1.15935 0.10801 5.63362e-22)
(1.161 0.107688 1.64791e-21)
(1.16265 0.107366 -2.27435e-21)
(1.1643 0.107046 -1.69419e-21)
(1.16595 0.106727 -1.56633e-21)
(1.1676 0.10641 -6.12688e-21)
(1.16926 0.106094 6.10301e-22)
(1.17091 0.10578 5.44748e-22)
(1.17256 0.105468 2.60252e-23)
(1.17421 0.105157 -7.6669e-21)
(1.17586 0.104848 1.98434e-21)
(1.17751 0.10454 -1.49014e-21)
(1.17916 0.104235 1.7686e-21)
(1.18081 0.103932 3.80205e-21)
(1.18246 0.10363 4.56224e-21)
(1.154 0.104191 3.22743e-22)
(1.1556 0.103887 -3.0709e-22)
(1.15719 0.103583 6.71134e-23)
(1.15879 0.103281 2.68248e-22)
(1.16039 0.10298 1.39161e-21)
(1.16199 0.10268 2.27446e-21)
(1.16358 0.102382 3.203e-21)
(1.16518 0.102085 5.0691e-21)
(1.16678 0.101789 -2.20526e-21)
(1.16838 0.101495 3.92019e-21)
(1.16998 0.101203 2.76691e-21)
(1.17158 0.100912 2.31961e-21)
(1.17317 0.100622 3.42395e-21)
(1.17477 0.100335 -3.18797e-21)
(1.17637 0.100049 5.4101e-21)
(1.17797 0.0997644 -4.52949e-21)
(1.17957 0.0994821 -1.51059e-20)
(1.15198 0.0997595 -4.99981e-22)
(1.15352 0.0994741 2.06925e-22)
(1.15506 0.0991898 -2.46424e-22)
(1.15661 0.0989066 -1.55459e-22)
(1.15815 0.0986246 -1.3451e-21)
(1.1597 0.0983439 -7.99356e-22)
(1.16124 0.0980644 -3.8062e-23)
(1.16279 0.0977862 -2.17441e-21)
(1.16434 0.0975093 -1.65803e-22)
(1.16589 0.0972339 -2.96735e-21)
(1.16743 0.0969598 -7.52587e-21)
(1.16898 0.0966873 3.46918e-21)
(1.17053 0.0964162 -2.48647e-22)
(1.17208 0.0961467 3.70821e-21)
(1.17362 0.0958788 2.23985e-21)
(1.17517 0.0956125 1.05799e-21)
(1.17672 0.0953478 4.07869e-21)
(1.14997 0.0953617 5.17742e-22)
(1.15146 0.0950944 -4.56309e-22)
(1.15296 0.0948281 -3.82411e-22)
(1.15445 0.0945628 1.92851e-22)
(1.15595 0.0942987 5.90489e-22)
(1.15744 0.0940358 -9.43491e-22)
(1.15894 0.093774 2.65933e-22)
(1.16044 0.0935134 -1.99876e-21)
(1.16193 0.0932541 3.70649e-21)
(1.16343 0.0929961 9.77095e-22)
(1.16493 0.0927394 5.58688e-21)
(1.16642 0.0924841 2.34881e-21)
(1.16792 0.0922301 -4.57069e-21)
(1.16942 0.0919775 -1.93064e-21)
(1.17092 0.0917264 -1.00519e-21)
(1.17241 0.0914767 -1.34809e-21)
(1.17391 0.0912284 5.77513e-21)
(1.14799 0.0909997 1.24578e-22)
(1.14943 0.090749 5.31256e-22)
(1.15088 0.0904993 5.86166e-22)
(1.15233 0.0902507 -2.09849e-22)
(1.15377 0.0900031 -1.6214e-21)
(1.15522 0.0897567 2.0685e-21)
(1.15667 0.0895114 -5.125e-22)
(1.15812 0.0892673 3.58146e-21)
(1.15956 0.0890243 -4.5106e-21)
(1.16101 0.0887826 -1.17681e-21)
(1.16246 0.088542 -5.70621e-21)
(1.16391 0.0883027 -5.20977e-21)
(1.16536 0.0880647 2.29356e-21)
(1.16681 0.0878279 2.0158e-22)
(1.16826 0.0875923 1.81806e-21)
(1.1697 0.0873581 4.7315e-22)
(1.17115 0.0871252 -1.92117e-21)
(1.14603 0.086669 -1.24885e-22)
(1.14743 0.0864342 2.52122e-22)
(1.14883 0.0862004 -7.00241e-22)
(1.15023 0.0859676 -1.85605e-22)
(1.15163 0.0857357 1.92848e-21)
(1.15303 0.085505 -4.4696e-22)
(1.15443 0.0852753 -4.03549e-22)
(1.15583 0.0850466 3.60373e-22)
(1.15724 0.0848191 -8.92146e-22)
(1.15864 0.0845926 1.92627e-21)
(1.16004 0.0843672 1.76521e-21)
(1.16144 0.084143 6.11012e-23)
(1.16284 0.0839198 4.22769e-21)
(1.16424 0.0836978 -2.59312e-21)
(1.16564 0.083477 -7.02672e-22)
(1.16704 0.0832572 -6.17203e-21)
(1.16844 0.0830387 6.25545e-21)
(1.14411 0.0823678 -2.05494e-23)
(1.14546 0.0821483 -2.13601e-22)
(1.14682 0.0819297 9.00868e-22)
(1.14817 0.0817119 -1.34281e-21)
(1.14953 0.0814951 -4.73088e-22)
(1.15088 0.0812793 -5.65704e-22)
(1.15224 0.0810644 -1.31009e-21)
(1.15359 0.0808504 9.6017e-22)
(1.15495 0.0806375 -6.65243e-23)
(1.15631 0.0804255 1.49125e-21)
(1.15766 0.0802144 3.5835e-22)
(1.15902 0.0800044 -1.5307e-22)
(1.16037 0.0797954 -4.33463e-21)
(1.16173 0.0795873 7.71616e-23)
(1.16308 0.0793803 4.47807e-21)
(1.16444 0.0791742 2.10595e-21)
(1.16579 0.0789691 2.19329e-21)
(1.14222 0.0780984 2.80137e-22)
(1.14353 0.0778931 -6.31794e-22)
(1.14484 0.0776886 -5.61347e-22)
(1.14615 0.0774849 8.66078e-22)
(1.14746 0.0772821 -3.38225e-22)
(1.14877 0.0770802 1.9038e-21)
(1.15009 0.0768791 1.96657e-21)
(1.1514 0.0766789 -6.39795e-22)
(1.15271 0.0764797 1.41793e-22)
(1.15402 0.0762813 -3.94757e-21)
(1.15533 0.0760837 -2.90461e-21)
(1.15665 0.0758871 1.52366e-21)
(1.15796 0.0756913 2.4343e-21)
(1.15927 0.0754964 3.08921e-21)
(1.16058 0.0753024 -4.04846e-21)
(1.16188 0.0751092 1.80599e-21)
(1.16319 0.0749169 -4.47973e-21)
(1.14036 0.0738551 2.01322e-23)
(1.14163 0.0736634 1.31591e-22)
(1.1429 0.0734725 9.2124e-22)
(1.14417 0.0732823 -4.85379e-23)
(1.14544 0.073093 4.24589e-22)
(1.14671 0.0729044 9.81105e-22)
(1.14798 0.0727166 -9.78218e-22)
(1.14925 0.0725296 -6.29161e-22)
(1.15052 0.0723434 -6.89791e-22)
(1.15179 0.072158 2.43443e-21)
(1.15306 0.0719734 2.36143e-21)
(1.15433 0.0717895 5.61449e-22)
(1.1556 0.0716064 1.72141e-21)
(1.15686 0.0714241 -6.93929e-22)
(1.15813 0.0712424 4.21074e-21)
(1.15939 0.0710615 -4.41056e-21)
(1.16066 0.0708813 1.58333e-21)
(1.13855 0.069638 -2.93965e-22)
(1.13978 0.0694593 1.9558e-22)
(1.14101 0.0692813 -5.83921e-22)
(1.14224 0.069104 3.87066e-22)
(1.14347 0.0689274 -8.77892e-23)
(1.1447 0.0687515 -3.88596e-21)
(1.14593 0.0685764 5.84863e-22)
(1.14716 0.0684019 3.19386e-22)
(1.14839 0.0682282 1.22037e-21)
(1.14962 0.0680552 8.06861e-22)
(1.15084 0.0678828 3.76507e-22)
(1.15207 0.0677111 -2.25452e-21)
(1.1533 0.06754 -3.15947e-21)
(1.15452 0.0673696 1.01652e-21)
(1.15575 0.0671998 -2.18111e-21)
(1.15697 0.0670305 5.09903e-21)
(1.15819 0.0668619 -2.34553e-21)
(1.13677 0.0654437 1.42007e-22)
(1.13797 0.0652774 -3.58334e-23)
(1.13916 0.0651118 4.53807e-23)
(1.14035 0.0649468 -4.21104e-22)
(1.14155 0.0647825 7.59929e-22)
(1.14274 0.0646189 4.26188e-22)
(1.14393 0.0644558 1.65105e-21)
(1.14512 0.0642935 -7.22502e-22)
(1.14631 0.0641317 -1.44273e-21)
(1.1475 0.0639705 -4.01282e-22)
(1.14869 0.0638099 4.5351e-22)
(1.14988 0.0636499 4.05352e-21)
(1.15106 0.0634904 3.55731e-21)
(1.15225 0.0633314 -2.38327e-21)
(1.15343 0.063173 -1.15988e-21)
(1.15462 0.063015 -6.19775e-21)
(1.1558 0.0628574 2.32235e-21)
(1.13505 0.0612697 -1.26819e-22)
(1.13621 0.0611154 1.87922e-22)
(1.13737 0.0609618 3.9448e-22)
(1.13853 0.0608087 7.22931e-22)
(1.13968 0.0606562 -9.71244e-22)
(1.14084 0.0605043 -2.65054e-22)
(1.14199 0.0603529 8.05016e-22)
(1.14315 0.0602022 4.24453e-22)
(1.1443 0.0600519 2.10797e-22)
(1.14545 0.0599022 -1.30595e-21)
(1.1466 0.0597529 9.0917e-22)
(1.14775 0.0596042 -3.33788e-21)
(1.1489 0.0594558 3.89418e-22)
(1.15005 0.059308 -1.78029e-21)
(1.15119 0.0591604 2.05082e-21)
(1.15234 0.0590133 -2.31079e-21)
(1.15348 0.0588665 3.90675e-21)
(1.13339 0.0571128 3.96049e-23)
(1.13451 0.0569702 3.19853e-22)
(1.13564 0.0568281 -2.82123e-22)
(1.13676 0.0566865 -3.29103e-22)
(1.13788 0.0565454 -7.56463e-22)
(1.139 0.0564049 -3.60028e-23)
(1.14012 0.0562649 1.79892e-23)
(1.14124 0.0561253 -1.22896e-22)
(1.14236 0.0559863 6.67231e-22)
(1.14348 0.0558476 9.0357e-22)
(1.14459 0.0557094 -1.38754e-21)
(1.14571 0.0555715 -5.78106e-22)
(1.14682 0.055434 -2.68082e-21)
(1.14793 0.0552969 2.25665e-22)
(1.14904 0.05516 -5.1358e-23)
(1.15014 0.0550234 -1.13334e-21)
(1.15125 0.054887 3.68649e-21)
(1.13179 0.0529696 -7.19823e-23)
(1.13288 0.0528382 -1.66676e-22)
(1.13397 0.0527074 6.15182e-23)
(1.13506 0.052577 4.30506e-22)
(1.13615 0.0524471 -1.78564e-22)
(1.13724 0.0523176 2.69383e-22)
(1.13833 0.0521886 8.05496e-22)
(1.13941 0.05206 -9.89786e-22)
(1.1405 0.0519317 -4.82884e-22)
(1.14158 0.0518039 1.24687e-21)
(1.14266 0.0516764 1.71906e-21)
(1.14374 0.0515492 -3.07623e-21)
(1.14482 0.0514222 1.32572e-21)
(1.14589 0.0512956 -3.27479e-22)
(1.14697 0.0511691 1.83214e-21)
(1.14804 0.0510428 2.07249e-21)
(1.14911 0.0509167 -2.32872e-21)
(1.13026 0.0488361 -1.91866e-22)
(1.13132 0.0487157 1.80879e-22)
(1.13238 0.0485959 -1.94383e-22)
(1.13344 0.0484764 -1.91327e-22)
(1.1345 0.0483573 6.98839e-22)
(1.13555 0.0482387 -1.44724e-21)
(1.13661 0.0481204 -5.44497e-22)
(1.13766 0.0480025 6.51423e-22)
(1.13872 0.0478849 1.83148e-21)
(1.13977 0.0477676 -2.12055e-21)
(1.14082 0.0476506 1.03554e-22)
(1.14186 0.0475338 -1.68416e-21)
(1.14291 0.0474172 4.53795e-21)
(1.14395 0.0473008 -2.26406e-21)
(1.14499 0.0471846 3.02409e-21)
(1.14603 0.0470684 -2.83215e-21)
(1.14706 0.0469523 2.69811e-21)
(1.1481 0.0468362 -7.14909e-21)
(1.1288 0.0447079 4.80364e-24)
(1.12983 0.0445984 -7.34532e-23)
(1.13086 0.0444892 3.02013e-23)
(1.1319 0.0443805 1.21832e-22)
(1.13292 0.0442721 -8.15295e-22)
(1.13395 0.044164 9.79382e-22)
(1.13498 0.0440563 -2.00073e-22)
(1.136 0.0439489 -7.69684e-23)
(1.13703 0.0438417 3.95266e-22)
(1.13805 0.0437348 -5.83215e-22)
(1.13907 0.0436281 8.46087e-22)
(1.14008 0.0435216 1.21054e-21)
(1.1411 0.0434152 -8.76234e-22)
(1.14211 0.043309 -4.21791e-21)
(1.14312 0.0432028 2.50251e-21)
(1.14413 0.0430966 -3.01304e-23)
(1.14513 0.0429905 2.4174e-21)
(1.14613 0.0428842 -1.22108e-22)
(1.12743 0.04058 5.2128e-23)
(1.12843 0.0404811 -1.30958e-22)
(1.12944 0.0403826 3.99293e-22)
(1.13044 0.0402844 -3.16712e-23)
(1.13144 0.0401865 1.63159e-22)
(1.13245 0.0400889 1.85565e-22)
(1.13345 0.0399916 4.18145e-23)
(1.13444 0.0398945 1.5501e-21)
(1.13544 0.0397976 -2.58085e-22)
(1.13643 0.039701 -1.9988e-21)
(1.13742 0.0396045 1.92392e-22)
(1.13841 0.0395081 -1.38897e-22)
(1.1394 0.0394118 5.6008e-22)
(1.14038 0.0393156 3.34582e-21)
(1.14136 0.0392194 -2.82982e-21)
(1.14234 0.0391232 -3.14022e-22)
(1.14331 0.0390269 -1.61842e-21)
(1.14428 0.0389305 2.41309e-21)
(1.12614 0.0364472 -9.70206e-24)
(1.12713 0.0363588 1.53968e-22)
(1.12811 0.0362706 -3.26598e-22)
(1.12909 0.0361828 -1.79507e-22)
(1.13006 0.0360953 -5.70841e-22)
(1.13104 0.036008 4.71287e-22)
(1.13202 0.0359209 -6.47151e-22)
(1.13299 0.035834 1.32303e-22)
(1.13396 0.0357474 -3.91932e-22)
(1.13492 0.0356609 1.61355e-21)
(1.13589 0.0355745 -7.05715e-22)
(1.13685 0.0354882 -1.56909e-21)
(1.13781 0.0354019 2.88821e-23)
(1.13877 0.0353157 -4.50201e-23)
(1.13972 0.0352294 3.65836e-21)
(1.14067 0.0351431 -1.63544e-21)
(1.14162 0.0350567 -1.70026e-21)
(1.14256 0.0349701 5.30778e-22)
(1.12496 0.0323028 1.19299e-22)
(1.12592 0.0322247 -3.02262e-22)
(1.12688 0.032147 3.72898e-22)
(1.12784 0.0320695 -1.02861e-21)
(1.12879 0.0319923 3.86154e-22)
(1.12975 0.0319153 4.37309e-22)
(1.1307 0.0318384 7.6858e-22)
(1.13165 0.0317618 -7.97966e-22)
(1.13259 0.0316852 -1.89799e-21)
(1.13354 0.0316088 5.77085e-22)
(1.13448 0.0315325 4.81656e-22)
(1.13541 0.0314562 7.60817e-22)
(1.13635 0.03138 -1.57526e-21)
(1.13728 0.0313037 1.18313e-21)
(1.13821 0.0312274 1.03468e-21)
(1.13913 0.031151 -2.01259e-21)
(1.14006 0.0310744 3.19897e-21)
(1.14097 0.0309977 -6.74671e-22)
(1.12389 0.028139 -1.76421e-22)
(1.12483 0.0280714 5.30364e-22)
(1.12577 0.028004 -5.80092e-22)
(1.12671 0.0279369 -1.04661e-22)
(1.12764 0.0278699 7.21791e-22)
(1.12857 0.0278032 -8.12568e-22)
(1.1295 0.0277365 3.95191e-22)
(1.13043 0.0276701 3.42652e-22)
(1.13135 0.0276037 2.23954e-21)
(1.13228 0.0275374 -3.26563e-22)
(1.1332 0.0274711 -3.07331e-22)
(1.13411 0.0274049 -6.0277e-22)
(1.13502 0.0273387 1.04397e-21)
(1.13593 0.0272724 -8.81524e-22)
(1.13684 0.0272061 -2.78854e-22)
(1.13774 0.0271396 -1.28934e-21)
(1.13864 0.027073 -6.57779e-22)
(1.13954 0.0270062 1.24159e-21)
(1.12294 0.0239507 -1.1318e-23)
(1.12386 0.0238935 -1.14338e-22)
(1.12478 0.0238364 2.45077e-22)
(1.1257 0.0237795 -8.98121e-23)
(1.12661 0.0237228 -2.36688e-22)
(1.12753 0.0236662 1.19523e-21)
(1.12844 0.0236097 -1.54413e-21)
(1.12935 0.0235534 -3.06327e-22)
(1.13025 0.0234971 1.45319e-21)
(1.13116 0.0234409 -2.16755e-21)
(1.13206 0.0233847 2.25931e-21)
(1.13295 0.0233285 -1.25937e-22)
(1.13385 0.0232723 -2.19178e-21)
(1.13474 0.023216 1.77564e-21)
(1.13562 0.0231596 -2.48629e-22)
(1.13651 0.0231031 -3.77483e-23)
(1.13738 0.0230465 3.06915e-21)
(1.13826 0.0229896 -1.982e-21)
(1.12211 0.0197245 3.45242e-23)
(1.12302 0.0196776 3.02004e-23)
(1.12393 0.0196308 1.01337e-22)
(1.12483 0.0195843 -1.90453e-22)
(1.12573 0.0195379 -5.89193e-22)
(1.12663 0.0194916 1.34562e-22)
(1.12752 0.0194454 6.83882e-22)
(1.12841 0.0193992 1.66147e-23)
(1.1293 0.0193532 -6.65419e-22)
(1.13019 0.0193072 -4.50318e-22)
(1.13107 0.0192612 2.84631e-21)
(1.13195 0.0192152 -8.97833e-22)
(1.13283 0.0191692 5.26526e-22)
(1.1337 0.0191231 7.23263e-22)
(1.13457 0.0190769 -1.3299e-21)
(1.13543 0.0190306 -1.29069e-21)
(1.13629 0.0189841 -2.70049e-22)
(1.13715 0.0189374 -4.75412e-23)
(1.12143 0.0154587 -9.44846e-23)
(1.12232 0.0154221 2.597e-22)
(1.12322 0.0153857 -4.8597e-22)
(1.1241 0.0153494 2.68241e-22)
(1.12499 0.0153131 -5.07448e-22)
(1.12588 0.015277 1.20233e-21)
(1.12676 0.0152409 -2.64519e-21)
(1.12763 0.0152049 2.64588e-21)
(1.12851 0.0151689 -1.58311e-21)
(1.12938 0.0151329 1.3315e-21)
(1.13025 0.0150969 7.63723e-24)
(1.13112 0.0150609 -1.04607e-21)
(1.13198 0.0150249 6.23897e-22)
(1.13284 0.0149887 -6.03734e-22)
(1.13369 0.0149525 2.93011e-21)
(1.13454 0.0149162 -6.8483e-21)
(1.13539 0.0148797 -1.30827e-21)
(1.13623 0.014843 5.63264e-21)
(1.1209 0.0111265 -1.19086e-22)
(1.12178 0.0111007 3.38226e-22)
(1.12266 0.011075 -2.99153e-22)
(1.12354 0.0110494 -5.62473e-22)
(1.12441 0.0110239 1.22277e-21)
(1.12529 0.0109985 -7.04787e-22)
(1.12616 0.0109731 -5.55958e-22)
(1.12702 0.0109478 4.0344e-22)
(1.12789 0.0109226 2.1134e-21)
(1.12875 0.0108973 -3.39543e-21)
(1.1296 0.0108721 1.61041e-21)
(1.13046 0.0108468 -7.29696e-22)
(1.13131 0.0108215 5.54288e-22)
(1.13216 0.0107961 -1.12433e-21)
(1.133 0.0107707 5.43408e-21)
(1.13384 0.0107451 -7.25677e-21)
(1.13467 0.0107195 5.50103e-22)
(1.1355 0.0106937 2.67715e-21)
(1.12053 0.00674421 1.29405e-22)
(1.12141 0.00672832 -3.6166e-22)
(1.12228 0.00671246 1.9478e-22)
(1.12315 0.00669663 5.82673e-22)
(1.12402 0.00668082 -7.46398e-22)
(1.12488 0.00666502 2.7008e-22)
(1.12574 0.00664924 -1.23874e-21)
(1.1266 0.00663345 1.90788e-21)
(1.12745 0.00661767 -3.936e-22)
(1.12831 0.00660186 5.03921e-22)
(1.12916 0.00658604 -1.63137e-21)
(1.13 0.00657018 8.70954e-22)
(1.13084 0.00655428 1.24676e-21)
(1.13168 0.00653833 -5.25344e-22)
(1.13252 0.00652231 -2.43201e-21)
(1.13335 0.00650622 2.32976e-22)
(1.13417 0.00649004 1.59e-21)
(1.135 0.00647376 1.43173e-21)
(1.12033 0.00224952 -6.91276e-24)
(1.1212 0.00224613 -1.10891e-22)
(1.12206 0.00224282 -2.68158e-23)
(1.12292 0.00223955 -6.38849e-22)
(1.12378 0.00223632 4.67823e-22)
(1.12464 0.00223311 -1.01851e-21)
(1.1255 0.00222992 6.67606e-22)
(1.12635 0.00222673 9.99119e-22)
(1.1272 0.00222353 1.25431e-21)
(1.12805 0.0022203 -1.45949e-21)
(1.12889 0.00221704 -1.29867e-21)
(1.12973 0.00221373 6.14621e-23)
(1.13057 0.00221036 -9.9856e-22)
(1.1314 0.00220692 1.75524e-21)
(1.13223 0.00220338 3.90845e-21)
(1.13305 0.00219976 -3.50638e-21)
(1.13388 0.00219602 5.45972e-22)
(1.13469 0.00219215 -2.2212e-21)
(0.948259 0.345717 -1.88455e-20)
(0.958134 0.347082 2.9114e-20)
(0.967695 0.348883 -1.71374e-20)
(0.977236 0.350669 -7.64935e-21)
(0.986931 0.352309 -2.1041e-22)
(0.996617 0.35378 3.3342e-20)
(1.00624 0.355043 -8.94113e-21)
(1.0158 0.35607 -9.23512e-21)
(1.0253 0.356849 1.4339e-21)
(1.03472 0.357377 -3.13482e-22)
(1.04406 0.357656 1.30499e-21)
(1.05332 0.357688 5.42633e-22)
(1.06248 0.357478 -2.67368e-21)
(1.07153 0.357031 -2.21564e-22)
(1.08048 0.356354 -4.59617e-21)
(1.08931 0.355454 1.82655e-20)
(1.09802 0.354338 2.17788e-21)
(1.1066 0.353013 1.50945e-20)
(1.11505 0.351488 1.01402e-20)
(1.12335 0.34977 2.69706e-20)
(1.13151 0.347868 5.80815e-21)
(1.13952 0.345792 -3.35907e-21)
(1.14738 0.343551 -2.28144e-20)
(1.15509 0.341157 -3.04883e-21)
(1.16266 0.338615 1.26323e-20)
(1.17 0.335928 -2.19062e-21)
(1.17722 0.333012 -7.64375e-21)
(1.18434 0.329983 -6.88814e-21)
(1.19122 0.326858 -1.58097e-22)
(1.19789 0.32363 -5.23346e-22)
(1.20438 0.320304 -2.82612e-21)
(1.2107 0.316889 -1.20484e-20)
(1.21682 0.313392 -4.1854e-21)
(1.22277 0.309823 -6.09384e-21)
(1.22853 0.306189 -1.27173e-20)
(1.23411 0.302497 4.86629e-22)
(1.2395 0.298756 -2.50973e-21)
(1.24472 0.294974 5.02096e-21)
(1.24974 0.291157 -1.12634e-21)
(1.25459 0.287314 -2.09671e-21)
(0.957245 0.338142 2.72806e-20)
(0.967252 0.33932 -2.67018e-20)
(0.976658 0.34081 1.20046e-20)
(0.985536 0.342261 5.22727e-21)
(0.994523 0.343532 -1.20825e-21)
(1.00355 0.344629 -8.46753e-21)
(1.01251 0.345544 5.34216e-21)
(1.02142 0.346255 8.26717e-21)
(1.03029 0.346753 -4.32944e-21)
(1.03911 0.34704 -1.95416e-21)
(1.04786 0.347117 -3.49576e-23)
(1.05655 0.346985 -1.08137e-21)
(1.06515 0.346649 8.53818e-22)
(1.07367 0.346111 -2.4057e-21)
(1.08209 0.345379 9.50171e-21)
(1.09042 0.344455 -5.84028e-21)
(1.09864 0.343346 -3.78291e-21)
(1.10676 0.342058 -1.51694e-20)
(1.11475 0.340598 -1.8583e-20)
(1.12263 0.338971 -1.18426e-20)
(1.13038 0.337184 6.4505e-21)
(1.13801 0.335246 9.36747e-21)
(1.1455 0.333161 -5.67702e-21)
(1.15286 0.330934 1.36905e-21)
(1.16008 0.328562 2.34369e-22)
(1.1671 0.326027 4.8659e-21)
(1.17401 0.323363 1.95061e-21)
(1.18085 0.320623 1.01415e-20)
(1.18749 0.31778 -1.49837e-20)
(1.19394 0.314833 1.02643e-20)
(1.20024 0.311792 -1.0306e-20)
(1.20638 0.308668 -2.28579e-21)
(1.21235 0.305469 1.69418e-20)
(1.21817 0.302202 1.37914e-20)
(1.22382 0.298873 -9.61284e-21)
(1.22931 0.29549 2.63206e-20)
(1.23463 0.292058 1.05151e-21)
(1.23979 0.288585 5.30915e-22)
(1.24478 0.285077 -1.74612e-21)
(1.24961 0.28154 -1.60342e-22)
(0.966482 0.330562 -1.22562e-20)
(0.976162 0.331938 2.99019e-20)
(0.985323 0.33331 -6.07714e-21)
(0.993717 0.33455 -2.55418e-21)
(1.00216 0.33557 -5.85951e-22)
(1.01069 0.336387 -2.90622e-21)
(1.01916 0.337022 5.62014e-21)
(1.02756 0.337469 -7.63772e-21)
(1.03591 0.337725 4.7271e-21)
(1.04421 0.337793 -1.25329e-21)
(1.05244 0.337677 -3.90727e-22)
(1.0606 0.33738 1.89214e-21)
(1.06868 0.336904 3.77265e-21)
(1.07668 0.336255 6.90595e-21)
(1.08459 0.335435 -4.46118e-21)
(1.09242 0.33445 5.15582e-21)
(1.10014 0.333305 -1.2754e-20)
(1.10777 0.332004 1.18026e-20)
(1.11529 0.330554 1.20861e-20)
(1.12271 0.32896 2.61486e-20)
(1.13001 0.327228 -1.43223e-20)
(1.1372 0.325362 2.74615e-20)
(1.14428 0.323369 3.85462e-21)
(1.15122 0.321253 4.13925e-21)
(1.15803 0.319021 -3.30448e-21)
(1.16466 0.316679 -5.05736e-21)
(1.17123 0.314295 -3.43041e-21)
(1.1778 0.311708 8.32721e-21)
(1.18414 0.309026 7.84272e-21)
(1.1903 0.306283 -1.15575e-20)
(1.19634 0.303471 -5.87006e-21)
(1.20224 0.300588 -7.4911e-21)
(1.20801 0.297641 -1.58332e-20)
(1.21365 0.294634 -1.79144e-20)
(1.21914 0.291574 1.3895e-20)
(1.22449 0.288464 -1.81984e-20)
(1.2297 0.285311 -5.87237e-21)
(1.23477 0.282121 -1.08713e-20)
(1.23969 0.278897 1.97088e-21)
(1.24447 0.275646 4.68948e-22)
(0.975514 0.323307 -7.67189e-21)
(0.98478 0.324562 1.27018e-20)
(0.993628 0.325684 1.09529e-20)
(1.00163 0.326659 -7.34769e-21)
(1.00961 0.32744 2.00741e-20)
(1.0177 0.328031 -1.00377e-21)
(1.02574 0.328454 -1.0122e-20)
(1.03369 0.328709 7.64577e-21)
(1.04159 0.328792 1.3475e-22)
(1.04942 0.328706 -2.72736e-21)
(1.05719 0.328454 -2.32325e-22)
(1.06488 0.32804 8.00664e-22)
(1.07249 0.327468 3.98286e-21)
(1.08003 0.326739 -3.98625e-21)
(1.08747 0.32586 -3.14728e-21)
(1.09483 0.324835 -1.52301e-21)
(1.1021 0.323668 1.12986e-20)
(1.10927 0.322364 -2.77103e-20)
(1.11635 0.320928 -2.76088e-20)
(1.12332 0.319366 -2.49433e-20)
(1.1302 0.317683 2.97779e-20)
(1.13697 0.315884 -2.62151e-20)
(1.14363 0.313973 1.03941e-20)
(1.15018 0.311958 -8.72434e-21)
(1.15663 0.309847 3.28118e-21)
(1.16299 0.307651 1.18869e-20)
(1.16911 0.305415 1.76262e-20)
(1.17515 0.302986 -5.93859e-21)
(1.18119 0.300476 -9.06766e-21)
(1.1871 0.297921 -9.65518e-21)
(1.19287 0.295312 3.40017e-21)
(1.19851 0.292643 7.52354e-21)
(1.20404 0.289917 6.01446e-22)
(1.20944 0.287141 9.44676e-21)
(1.21473 0.284319 -7.40958e-22)
(1.2199 0.281455 1.45999e-20)
(1.22495 0.278554 5.99573e-22)
(1.22988 0.27562 7.26243e-21)
(1.23469 0.272658 2.12678e-21)
(1.23938 0.269672 -3.46067e-22)
(0.984113 0.316101 4.21666e-21)
(0.992943 0.317143 -3.57552e-20)
(1.00143 0.318023 -1.45591e-20)
(1.00905 0.318764 1.5141e-20)
(1.0166 0.319343 5.64535e-21)
(1.02427 0.319754 -7.27437e-21)
(1.0319 0.320008 -2.81529e-22)
(1.03944 0.32011 5.1443e-22)
(1.04691 0.320058 1.26493e-21)
(1.05432 0.319853 1.94458e-21)
(1.06166 0.319499 1.16448e-21)
(1.06893 0.318999 1.00927e-21)
(1.07613 0.318356 -3.59048e-21)
(1.08324 0.317574 -5.42696e-22)
(1.09027 0.316657 1.26804e-20)
(1.09722 0.315611 4.92792e-22)
(1.10408 0.314438 6.15704e-21)
(1.11084 0.313144 4.52231e-21)
(1.11752 0.311733 2.17681e-20)
(1.1241 0.310209 -4.04932e-21)
(1.13058 0.308579 -2.34184e-20)
(1.13697 0.306845 3.90766e-21)
(1.14326 0.305014 -5.60332e-21)
(1.14945 0.303088 1.44078e-20)
(1.15553 0.301071 -8.2569e-21)
(1.16151 0.298962 -1.12361e-20)
(1.16734 0.296754 -1.89196e-20)
(1.17308 0.294515 1.00236e-20)
(1.17879 0.292219 4.51843e-21)
(1.18439 0.289855 -4.55335e-21)
(1.18986 0.287429 -9.37389e-21)
(1.19522 0.284947 2.06054e-21)
(1.20049 0.282415 -1.27267e-21)
(1.20565 0.279838 5.39357e-21)
(1.21071 0.277222 -3.27507e-21)
(1.21567 0.274571 -6.50879e-21)
(1.22053 0.271889 -3.05202e-21)
(1.22528 0.269179 -2.40546e-21)
(1.22994 0.266446 -3.32251e-21)
(1.2345 0.263693 8.86951e-24)
(0.992281 0.308777 -8.70076e-21)
(1.00067 0.309624 2.20998e-20)
(1.00876 0.310304 8.86204e-21)
(1.01601 0.310852 -2.85436e-21)
(1.02317 0.31126 -1.17007e-20)
(1.03043 0.311517 2.74516e-21)
(1.03766 0.31163 -1.20035e-21)
(1.04481 0.311605 -3.32619e-21)
(1.05188 0.311441 -7.21235e-22)
(1.05889 0.311141 -6.58749e-22)
(1.06584 0.310706 -2.19288e-21)
(1.07272 0.310141 -6.63319e-21)
(1.07952 0.309449 -5.77514e-22)
(1.08625 0.308634 9.9966e-22)
(1.0929 0.307698 -1.0572e-20)
(1.09946 0.306647 -3.72511e-21)
(1.10595 0.305484 -1.84473e-20)
(1.11235 0.304212 1.62566e-20)
(1.11866 0.302837 1.23005e-20)
(1.12488 0.301363 3.97658e-21)
(1.13101 0.299793 -1.48736e-21)
(1.13705 0.298132 4.30497e-21)
(1.143 0.296383 -1.4791e-20)
(1.14886 0.294551 -1.78465e-20)
(1.15461 0.29264 9.86561e-21)
(1.16027 0.290654 -2.44152e-21)
(1.1658 0.288594 -8.73538e-21)
(1.17126 0.286494 -1.83343e-20)
(1.17669 0.284333 8.56115e-22)
(1.182 0.28211 1.81364e-20)
(1.18719 0.279834 -1.34576e-21)
(1.19229 0.277512 6.10931e-21)
(1.19731 0.275148 -3.41884e-21)
(1.20223 0.272746 -3.3552e-21)
(1.20707 0.270311 -2.73025e-21)
(1.21181 0.267846 -9.18951e-21)
(1.21647 0.265355 3.1291e-21)
(1.22104 0.262842 -1.83605e-21)
(1.22553 0.260309 -1.67764e-22)
(1.22993 0.257761 1.36469e-21)
(1.00002 0.301388 4.07136e-22)
(1.00797 0.302065 9.37367e-22)
(1.01567 0.302574 -1.72216e-20)
(1.02255 0.302958 5.44931e-21)
(1.02933 0.303216 7.50596e-21)
(1.0362 0.30334 -5.40931e-21)
(1.04306 0.303333 -8.08201e-22)
(1.04982 0.3032 9.22574e-22)
(1.05652 0.302944 1.36966e-22)
(1.06315 0.302565 3.14415e-22)
(1.06973 0.302068 1.9604e-21)
(1.07624 0.301454 8.64147e-22)
(1.08267 0.300727 -3.56444e-21)
(1.08904 0.299891 3.29715e-23)
(1.09533 0.298948 1.07161e-20)
(1.10154 0.297903 8.02361e-21)
(1.10768 0.296759 8.11329e-21)
(1.11374 0.295519 -6.69146e-21)
(1.11971 0.294187 -2.38484e-20)
(1.12561 0.292767 1.00267e-20)
(1.13142 0.291263 1.04585e-21)
(1.13714 0.289678 -1.69453e-20)
(1.14278 0.288016 1.11168e-21)
(1.14833 0.286282 5.76341e-21)
(1.1538 0.28448 -6.6563e-21)
(1.15916 0.282617 4.10873e-21)
(1.16442 0.2807 -5.58262e-22)
(1.16961 0.278755 -2.72325e-22)
(1.17477 0.276706 -5.88427e-21)
(1.17983 0.274602 -5.63349e-21)
(1.18478 0.272464 -1.41598e-20)
(1.18964 0.270292 -4.34505e-21)
(1.19443 0.268084 1.00454e-20)
(1.19913 0.265843 -4.46519e-21)
(1.20375 0.263573 -1.31682e-21)
(1.20829 0.261277 -1.95918e-21)
(1.21276 0.258959 -3.65795e-23)
(1.21714 0.256622 8.43137e-22)
(1.22145 0.254268 3.04872e-21)
(1.22569 0.251902 6.57008e-22)
(1.00734 0.29399 -1.10738e-20)
(1.01487 0.294508 -1.89064e-21)
(1.02216 0.294866 1.81034e-20)
(1.0287 0.295106 -1.27029e-20)
(1.03511 0.295235 -1.17967e-20)
(1.04161 0.295243 6.60496e-21)
(1.0481 0.295133 1.06552e-21)
(1.05451 0.294911 8.51099e-23)
(1.06085 0.294578 -1.46774e-21)
(1.06713 0.294137 -2.43684e-22)
(1.07335 0.293589 -3.02677e-21)
(1.07951 0.292939 6.70724e-22)
(1.0856 0.292189 -2.41292e-21)
(1.09162 0.291342 1.90198e-21)
(1.09757 0.290401 -1.29624e-20)
(1.10346 0.289369 -3.48369e-21)
(1.10927 0.28825 -7.54829e-21)
(1.11501 0.287046 -9.96802e-21)
(1.12067 0.285761 1.28204e-20)
(1.12626 0.284398 -7.93209e-21)
(1.13177 0.282961 -1.0958e-20)
(1.1372 0.281453 1.2679e-20)
(1.14256 0.279878 4.58747e-21)
(1.14783 0.278239 3.0337e-21)
(1.15303 0.27654 1.1312e-21)
(1.15815 0.274787 -1.02364e-20)
(1.16319 0.272984 1.33354e-20)
(1.16811 0.271147 6.99982e-21)
(1.17296 0.26923 -8.61623e-21)
(1.17779 0.267267 1.35717e-20)
(1.18253 0.265273 1.83275e-20)
(1.18719 0.263248 1.29337e-20)
(1.19177 0.26119 -4.5122e-21)
(1.19627 0.259102 -3.35497e-22)
(1.2007 0.256987 9.77247e-21)
(1.20505 0.25485 1.46554e-20)
(1.20933 0.252692 -1.25861e-21)
(1.21355 0.250516 -2.83321e-21)
(1.21769 0.248327 1.94002e-22)
(1.22177 0.246126 -1.10686e-22)
(1.01424 0.286604 1.9875e-20)
(1.02137 0.286976 6.46878e-21)
(1.02827 0.2872 4.52024e-21)
(1.03446 0.287315 -2.20963e-21)
(1.04054 0.287331 7.99208e-21)
(1.04669 0.28724 -2.05691e-21)
(1.05283 0.287044 1.28392e-21)
(1.0589 0.286747 2.20692e-22)
(1.06489 0.286352 2.56905e-22)
(1.07084 0.285861 -2.79731e-22)
(1.07672 0.285276 3.94505e-21)
(1.08255 0.2846 6.90441e-22)
(1.08831 0.283836 6.04831e-21)
(1.09401 0.282985 -8.11776e-21)
(1.09965 0.282052 1.04289e-20)
(1.10522 0.281039 -4.12104e-22)
(1.11073 0.279949 8.9885e-21)
(1.11617 0.278784 1.04518e-20)
(1.12154 0.277548 2.42471e-21)
(1.12684 0.276244 1.36426e-20)
(1.13207 0.274874 7.71501e-21)
(1.13723 0.273442 -4.41678e-21)
(1.14232 0.27195 8.30104e-21)
(1.14734 0.270402 -4.10669e-21)
(1.15228 0.2688 9.39836e-21)
(1.15715 0.267146 3.9082e-21)
(1.16195 0.265442 -9.54481e-21)
(1.16666 0.263687 3.80671e-21)
(1.17129 0.261907 3.68085e-21)
(1.17591 0.260097 -4.81525e-21)
(1.18044 0.258248 -1.1418e-21)
(1.1849 0.256364 -6.84991e-21)
(1.18928 0.254447 6.817e-21)
(1.19359 0.252503 5.40817e-21)
(1.19784 0.250535 -1.84669e-21)
(1.20202 0.248545 3.70042e-21)
(1.20614 0.246537 3.75318e-21)
(1.21019 0.244513 8.04186e-21)
(1.21418 0.242476 8.38592e-22)
(1.21811 0.240428 -2.04433e-21)
(1.02076 0.279241 -1.87009e-20)
(1.02749 0.279484 -1.14549e-21)
(1.03402 0.27959 -1.8931e-20)
(1.03989 0.279598 8.81823e-21)
(1.04563 0.279518 -3.2095e-21)
(1.05145 0.279344 -3.48784e-21)
(1.05726 0.279076 -3.10041e-21)
(1.063 0.278718 -7.95322e-22)
(1.06868 0.278274 4.83456e-22)
(1.0743 0.277744 -1.98003e-22)
(1.07987 0.277131 -1.67574e-21)
(1.08538 0.276438 -1.24047e-21)
(1.09084 0.275666 -3.27131e-21)
(1.09624 0.27482 1.17457e-20)
(1.10158 0.2739 -1.20302e-20)
(1.10685 0.272909 4.26908e-21)
(1.11207 0.271851 -3.29513e-21)
(1.11723 0.270728 -3.90814e-21)
(1.12232 0.269541 -2.09959e-20)
(1.12735 0.268295 -1.31653e-20)
(1.13232 0.266991 -6.79639e-21)
(1.13722 0.265633 5.29519e-21)
(1.14206 0.264222 -1.47828e-22)
(1.14683 0.262761 -6.10024e-22)
(1.15154 0.261253 -2.41186e-22)
(1.15618 0.2597 5.72861e-22)
(1.16076 0.258103 2.0017e-20)
(1.16525 0.256461 -1.65089e-21)
(1.1697 0.254784 1.08835e-20)
(1.17412 0.253098 -8.81777e-21)
(1.17846 0.25138 1.06008e-21)
(1.18272 0.249625 4.28409e-21)
(1.18692 0.247841 -1.40693e-21)
(1.19106 0.246031 -6.46252e-21)
(1.19514 0.244199 -1.13369e-20)
(1.19916 0.242348 -6.13665e-21)
(1.20312 0.24048 1.35998e-21)
(1.20703 0.238597 -8.39407e-22)
(1.21088 0.236703 -3.40739e-21)
(1.21467 0.234798 -1.81338e-22)
(1.02689 0.271918 8.94061e-21)
(1.03326 0.272046 -1.02963e-22)
(1.03942 0.272051 3.30886e-21)
(1.04498 0.271968 1.30002e-21)
(1.05042 0.271807 3.44966e-21)
(1.05592 0.271563 2.21284e-21)
(1.06142 0.271236 9.71774e-22)
(1.06684 0.270829 1.78663e-22)
(1.07221 0.270345 1.04981e-22)
(1.07753 0.269786 -2.03762e-21)
(1.0828 0.269154 -5.04645e-22)
(1.08802 0.268451 3.71603e-22)
(1.09319 0.267679 -3.07676e-21)
(1.0983 0.266841 -1.37987e-20)
(1.10335 0.265939 1.03978e-20)
(1.10836 0.264974 -9.98729e-21)
(1.1133 0.26395 -1.04472e-20)
(1.11819 0.262869 -5.57947e-21)
(1.12303 0.261732 1.68138e-20)
(1.1278 0.260543 -8.99779e-21)
(1.13252 0.259304 4.46087e-21)
(1.13718 0.258017 4.37781e-21)
(1.14179 0.256684 1.92729e-21)
(1.14633 0.255308 -4.44104e-21)
(1.15082 0.253892 1.45564e-21)
(1.15524 0.252438 1.16416e-20)
(1.15959 0.250952 -1.62964e-20)
(1.16387 0.249436 -3.84506e-21)
(1.16814 0.247908 -1.05025e-20)
(1.1724 0.246311 6.77213e-23)
(1.17656 0.244681 -1.26402e-20)
(1.18064 0.243032 -2.86752e-21)
(1.18466 0.241364 1.54417e-21)
(1.18864 0.239676 -3.66599e-21)
(1.19257 0.23797 1.31926e-21)
(1.19644 0.236247 -4.82674e-21)
(1.20025 0.23451 -5.74118e-21)
(1.20402 0.23276 -4.66691e-21)
(1.20774 0.230999 2.69619e-21)
(1.2114 0.229229 -8.91299e-23)
(1.03268 0.264647 2.41976e-21)
(1.03869 0.264676 -7.28199e-22)
(1.0445 0.264595 -1.83699e-21)
(1.04976 0.264435 -1.68946e-21)
(1.0549 0.264206 -3.13457e-21)
(1.06011 0.263904 -9.42242e-22)
(1.0653 0.263529 4.59704e-22)
(1.07044 0.263083 -5.31269e-22)
(1.07552 0.262569 -5.38038e-23)
(1.08055 0.261989 -9.29057e-23)
(1.08553 0.261345 -3.62312e-22)
(1.09047 0.260639 -2.23562e-22)
(1.09536 0.259871 1.23753e-20)
(1.10021 0.259046 1.07283e-20)
(1.105 0.258164 -3.98454e-21)
(1.10974 0.257228 -4.86383e-21)
(1.11443 0.256239 1.52032e-20)
(1.11907 0.255201 1.63911e-20)
(1.12366 0.254114 -6.7366e-21)
(1.1282 0.252981 1.62144e-20)
(1.13268 0.251804 4.75689e-21)
(1.13712 0.250585 -4.73187e-21)
(1.1415 0.249326 -7.68399e-21)
(1.14583 0.24803 1.18322e-20)
(1.15011 0.246699 1.23879e-21)
(1.15434 0.245336 -2.80837e-21)
(1.15852 0.243946 -6.18152e-22)
(1.16266 0.242531 -1.04984e-20)
(1.16669 0.241108 -5.60255e-21)
(1.17067 0.239611 1.02145e-21)
(1.17466 0.238083 9.8131e-21)
(1.1786 0.236543 -2.06008e-21)
(1.18248 0.23499 1.85499e-21)
(1.18631 0.23342 1.91057e-21)
(1.19009 0.231833 1.34109e-20)
(1.19382 0.230232 1.7032e-21)
(1.19751 0.228617 1.41259e-21)
(1.20114 0.226991 2.68637e-21)
(1.20473 0.225355 -1.20876e-21)
(1.20828 0.223711 1.18705e-21)
(1.03811 0.25744 -1.85449e-21)
(1.04379 0.257384 -1.27555e-20)
(1.04927 0.25723 7.61629e-21)
(1.05424 0.257005 3.43292e-21)
(1.05911 0.25672 2.49372e-21)
(1.06403 0.256371 9.85241e-22)
(1.06894 0.255957 1.01935e-21)
(1.07379 0.255481 3.05027e-24)
(1.0786 0.254946 -3.85774e-22)
(1.08336 0.254352 8.92275e-22)
(1.08808 0.253702 -9.62516e-22)
(1.09275 0.252997 2.53271e-21)
(1.09738 0.252238 -8.89891e-22)
(1.10197 0.251429 -4.76044e-21)
(1.10651 0.25057 7.59245e-21)
(1.11101 0.249664 2.43603e-21)
(1.11546 0.248712 -7.45492e-21)
(1.11986 0.247716 -9.7875e-21)
(1.12422 0.246678 -3.94164e-21)
(1.12853 0.245599 -2.01392e-23)
(1.1328 0.244482 2.27307e-21)
(1.13702 0.243328 -3.87018e-21)
(1.14119 0.24214 7.28999e-21)
(1.14532 0.240918 5.57508e-21)
(1.1494 0.239665 -8.17817e-21)
(1.15344 0.238382 -8.92646e-21)
(1.15743 0.23707 9.45785e-21)
(1.16138 0.235728 1.14045e-20)
(1.16525 0.234352 1.06032e-20)
(1.16908 0.232972 -6.81851e-21)
(1.1729 0.231573 1.18748e-20)
(1.17668 0.230153 -7.86289e-21)
(1.18041 0.228713 9.35984e-23)
(1.18409 0.227256 3.12199e-21)
(1.18773 0.225783 -6.88899e-21)
(1.19132 0.224296 2.51479e-21)
(1.19487 0.222797 2.61929e-23)
(1.19838 0.221287 -2.29707e-21)
(1.20185 0.219768 -1.16471e-22)
(1.20528 0.218241 -4.49402e-22)
(1.04322 0.250306 1.01381e-21)
(1.04858 0.250178 9.83575e-21)
(1.05374 0.249962 -3.22892e-21)
(1.05844 0.249684 -4.70277e-21)
(1.06304 0.249353 -5.14498e-22)
(1.06769 0.248967 4.22039e-23)
(1.07233 0.248523 -2.13794e-22)
(1.07692 0.248024 7.25504e-22)
(1.08146 0.247473 8.755e-23)
(1.08597 0.246872 2.5184e-21)
(1.09043 0.24622 5.22597e-21)
(1.09486 0.245521 -8.88634e-22)
(1.09925 0.244775 -1.06997e-20)
(1.10359 0.243985 5.89923e-21)
(1.1079 0.243151 -8.97447e-21)
(1.11216 0.242276 6.32164e-21)
(1.11639 0.24136 1.90534e-23)
(1.12057 0.240407 9.30808e-22)
(1.12471 0.239416 -3.23275e-21)
(1.12881 0.23839 3.79322e-21)
(1.13287 0.237331 1.84787e-22)
(1.13689 0.236239 -3.16058e-21)
(1.14087 0.235117 -4.71939e-21)
(1.1448 0.233965 3.51762e-21)
(1.1487 0.232786 -1.08038e-20)
(1.15255 0.231581 6.33204e-21)
(1.15636 0.23035 -2.79374e-21)
(1.16014 0.229094 6.29234e-21)
(1.16385 0.227816 -7.30963e-21)
(1.16753 0.226526 1.56071e-23)
(1.1712 0.225223 -6.79244e-21)
(1.17482 0.223899 5.79659e-21)
(1.1784 0.222557 -7.35819e-21)
(1.18194 0.2212 8.60487e-22)
(1.18544 0.219828 4.10091e-21)
(1.18891 0.218445 -1.57746e-21)
(1.19234 0.217051 2.24054e-21)
(1.19573 0.215648 1.56366e-21)
(1.19908 0.214236 -3.92755e-22)
(1.2024 0.212818 -1.9439e-22)
(1.04801 0.243252 -5.62252e-21)
(1.05306 0.243064 -1.39959e-21)
(1.05793 0.242797 3.09886e-21)
(1.06236 0.242475 -1.22964e-21)
(1.06671 0.242108 6.9436e-22)
(1.0711 0.241691 5.27254e-22)
(1.07549 0.241224 -2.47534e-22)
(1.07983 0.24071 -1.85631e-21)
(1.08413 0.24015 -2.09463e-22)
(1.08839 0.239545 7.83192e-22)
(1.09262 0.238897 -1.41896e-21)
(1.09681 0.238207 -1.99282e-21)
(1.10096 0.237477 2.60264e-21)
(1.10508 0.236707 -4.7147e-21)
(1.10917 0.2359 3.45319e-21)
(1.11321 0.235056 -3.32705e-22)
(1.11722 0.234177 4.89003e-21)
(1.1212 0.233265 7.03558e-21)
(1.12513 0.232321 7.23711e-21)
(1.12903 0.231346 -3.38676e-21)
(1.1329 0.230342 -8.36063e-21)
(1.13673 0.229309 -9.74788e-23)
(1.14052 0.22825 -1.43675e-22)
(1.14427 0.227166 -7.1382e-21)
(1.14799 0.226057 4.36057e-21)
(1.15167 0.224926 -2.02734e-21)
(1.15532 0.223773 -3.05501e-21)
(1.15892 0.222599 -1.80208e-21)
(1.16249 0.221404 3.84558e-21)
(1.16603 0.220195 7.33649e-21)
(1.16955 0.218977 -1.80376e-21)
(1.17302 0.217744 3.32355e-21)
(1.17646 0.216495 -2.52346e-21)
(1.17987 0.215231 1.09001e-21)
(1.18324 0.213955 -1.13392e-20)
(1.18658 0.212668 8.14483e-22)
(1.18988 0.211372 -1.01523e-22)
(1.19316 0.210068 1.00336e-21)
(1.1964 0.208757 9.83958e-22)
(1.19961 0.207439 -1.42409e-23)
(1.05248 0.236284 5.62743e-21)
(1.05724 0.236045 -4.84248e-21)
(1.06183 0.235736 -3.23146e-21)
(1.06602 0.23538 -2.07892e-22)
(1.07013 0.234983 -4.97225e-22)
(1.07428 0.234544 5.18437e-23)
(1.07842 0.234062 8.47919e-22)
(1.08253 0.233537 -1.07007e-21)
(1.08659 0.232972 3.002e-21)
(1.09063 0.232369 9.13155e-22)
(1.09463 0.231728 -5.85577e-22)
(1.0986 0.23105 -1.09119e-21)
(1.10254 0.230337 4.9416e-21)
(1.10644 0.229589 4.11235e-21)
(1.11032 0.228809 -6.89076e-21)
(1.11416 0.227998 3.41034e-21)
(1.11797 0.227156 4.51405e-21)
(1.12174 0.226284 4.25001e-21)
(1.12549 0.225385 1.48249e-20)
(1.1292 0.224459 -5.76551e-21)
(1.13288 0.223508 2.0448e-21)
(1.13653 0.222532 -1.9145e-22)
(1.14014 0.221533 -2.80689e-22)
(1.14373 0.220512 -2.70056e-21)
(1.14728 0.219471 1.71639e-21)
(1.1508 0.21841 9.45704e-21)
(1.15428 0.217331 -6.5125e-22)
(1.15773 0.216235 -5.0876e-21)
(1.16114 0.215125 -3.87062e-21)
(1.16454 0.214005 9.13167e-21)
(1.16793 0.212862 -1.88761e-21)
(1.17127 0.211703 -2.93979e-21)
(1.17458 0.210534 7.80131e-21)
(1.17785 0.209354 5.60679e-21)
(1.1811 0.208165 7.20903e-21)
(1.18432 0.206968 5.6602e-22)
(1.18751 0.205762 -4.50276e-23)
(1.19067 0.204549 -9.43329e-22)
(1.19381 0.20333 -6.38765e-22)
(1.19691 0.202106 2.61276e-22)
(1.05666 0.229405 1.4081e-21)
(1.06115 0.229125 4.89974e-21)
(1.06546 0.228783 3.59854e-22)
(1.06942 0.228399 2.48253e-21)
(1.0733 0.227981 3.3078e-22)
(1.07722 0.227525 -5.02132e-22)
(1.08114 0.227032 3.41943e-22)
(1.08502 0.226502 3.77963e-21)
(1.08887 0.225937 -2.08058e-21)
(1.09269 0.225338 -1.42506e-21)
(1.09648 0.224707 -5.07727e-21)
(1.10024 0.224044 1.7423e-21)
(1.10397 0.22335 -2.49414e-22)
(1.10768 0.222626 -1.85648e-22)
(1.11135 0.221874 1.33567e-20)
(1.115 0.221094 -3.62177e-21)
(1.11862 0.220288 -9.64072e-21)
(1.12221 0.219457 -7.24281e-21)
(1.12577 0.218601 -1.73586e-20)
(1.12931 0.217722 3.06972e-21)
(1.13281 0.216821 -4.38403e-21)
(1.13629 0.215899 5.75695e-21)
(1.13974 0.214957 9.29375e-21)
(1.14316 0.213996 4.65452e-21)
(1.14656 0.213017 -1.71063e-21)
(1.14992 0.212022 -1.11642e-20)
(1.15326 0.211012 7.31102e-21)
(1.15657 0.209988 7.8999e-21)
(1.15986 0.208953 9.15109e-22)
(1.16311 0.207913 -5.14667e-21)
(1.16633 0.206841 -2.35317e-21)
(1.16954 0.205754 1.17716e-21)
(1.17273 0.20466 -7.46692e-21)
(1.17589 0.20356 -7.79721e-21)
(1.17902 0.202453 3.12369e-21)
(1.18212 0.201337 -2.79911e-21)
(1.1852 0.200215 -3.48575e-22)
(1.18826 0.199088 -7.14543e-23)
(1.19129 0.197955 -1.0319e-21)
(1.1943 0.196817 -1.20265e-23)
(1.06054 0.22262 -6.15906e-21)
(1.06477 0.222306 -2.85434e-21)
(1.06883 0.221938 3.49665e-22)
(1.07257 0.221533 -7.15427e-22)
(1.07624 0.221099 2.19491e-22)
(1.07995 0.220632 1.73451e-21)
(1.08365 0.220133 2.75056e-22)
(1.08732 0.219602 -2.9623e-21)
(1.09096 0.21904 1.35236e-21)
(1.09457 0.218449 -5.21488e-21)
(1.09816 0.21783 7.44776e-21)
(1.10173 0.217183 1.3e-21)
(1.10527 0.21651 -2.19992e-21)
(1.10878 0.21581 -2.28134e-21)
(1.11227 0.215086 -9.9179e-21)
(1.11574 0.214338 5.79076e-21)
(1.11918 0.213568 -2.63619e-22)
(1.1226 0.212775 4.31748e-21)
(1.12599 0.211961 4.14692e-21)
(1.12936 0.211127 3.75409e-21)
(1.1327 0.210274 -1.30688e-21)
(1.13602 0.209403 -1.4121e-22)
(1.13931 0.208515 -1.23702e-20)
(1.14258 0.20761 2.39796e-21)
(1.14583 0.206689 -1.13625e-21)
(1.14905 0.205754 8.00427e-21)
(1.15225 0.204805 -6.53926e-21)
(1.15542 0.203843 -9.81316e-21)
(1.15858 0.202869 1.63254e-22)
(1.16169 0.201884 -1.74175e-21)
(1.16478 0.200887 5.58646e-21)
(1.16786 0.199879 -4.26661e-21)
(1.17093 0.198864 5.02889e-21)
(1.17397 0.197841 5.45995e-21)
(1.17699 0.196811 -8.86306e-21)
(1.17998 0.195774 3.79606e-21)
(1.18296 0.19473 2.2696e-21)
(1.18591 0.193682 -2.0001e-21)
(1.18884 0.192629 9.5822e-24)
(1.19175 0.191572 6.75519e-22)
(1.06415 0.215929 9.1238e-22)
(1.06813 0.215589 -1.09512e-21)
(1.07196 0.215201 1.33953e-21)
(1.07549 0.214782 -2.24314e-23)
(1.07895 0.214337 -8.05137e-22)
(1.08245 0.213864 -1.78176e-21)
(1.08595 0.213362 -3.43964e-21)
(1.08943 0.212833 -9.78798e-22)
(1.09287 0.212278 -3.92546e-21)
(1.09629 0.211698 -1.72935e-21)
(1.0997 0.211092 -3.49393e-21)
(1.10308 0.210463 5.88839e-21)
(1.10644 0.209811 9.06633e-22)
(1.10977 0.209137 -2.22215e-21)
(1.11309 0.208441 -6.77108e-21)
(1.11638 0.207724 -1.26404e-20)
(1.11966 0.206988 1.62479e-20)
(1.12291 0.206233 -7.69624e-21)
(1.12614 0.20546 5.956e-21)
(1.12935 0.204669 -4.23983e-21)
(1.13253 0.203861 5.55202e-21)
(1.1357 0.203038 4.10477e-21)
(1.13885 0.2022 8.55948e-21)
(1.14197 0.201347 -8.61481e-23)
(1.14508 0.200481 1.06343e-20)
(1.14816 0.199602 -6.05619e-21)
(1.15123 0.198711 5.42741e-21)
(1.15427 0.197808 -4.43556e-22)
(1.15729 0.196894 -3.59232e-21)
(1.16028 0.195968 3.10543e-21)
(1.16326 0.195038 4.21417e-21)
(1.16622 0.194102 3.64632e-21)
(1.16917 0.193157 -5.81526e-22)
(1.1721 0.192204 -3.17983e-21)
(1.17501 0.191245 9.79535e-21)
(1.1779 0.190279 -3.62784e-21)
(1.18077 0.189308 -2.73254e-21)
(1.18362 0.188333 1.27719e-21)
(1.18645 0.187354 9.18286e-22)
(1.18927 0.186371 1.80585e-23)
(1.06748 0.209335 6.50946e-22)
(1.07123 0.208974 1.44376e-21)
(1.07483 0.208572 -9.21548e-23)
(1.07817 0.208143 4.43815e-22)
(1.08145 0.207692 8.29722e-22)
(1.08475 0.207217 1.83287e-21)
(1.08806 0.206717 5.03638e-21)
(1.09135 0.206193 2.22303e-21)
(1.09461 0.205647 5.53295e-21)
(1.09786 0.205078 3.795e-21)
(1.10108 0.204489 -4.2294e-21)
(1.10429 0.203879 -4.09765e-22)
(1.10748 0.203249 -3.74029e-21)
(1.11065 0.202599 1.98402e-21)
(1.1138 0.201931 7.29892e-21)
(1.11693 0.201246 8.68914e-21)
(1.12004 0.200543 -1.08915e-20)
(1.12314 0.199824 2.31954e-21)
(1.12622 0.199089 -7.06494e-22)
(1.12928 0.19834 7.15226e-21)
(1.13232 0.197576 -2.69681e-21)
(1.13534 0.196798 -2.77432e-21)
(1.13835 0.196007 -8.33824e-21)
(1.14134 0.195204 -2.04279e-21)
(1.14431 0.194389 -1.44551e-20)
(1.14726 0.193563 7.48221e-21)
(1.1502 0.192727 -1.08642e-22)
(1.15312 0.19188 3.82022e-21)
(1.15601 0.191025 8.47331e-21)
(1.15889 0.19016 3.06868e-21)
(1.16175 0.189291 -4.81009e-21)
(1.16461 0.188416 1.78347e-21)
(1.16745 0.187534 1.08229e-21)
(1.17027 0.186646 -4.35698e-22)
(1.17307 0.185751 -9.27952e-21)
(1.17585 0.184851 1.28977e-21)
(1.17862 0.183947 3.17942e-21)
(1.18138 0.183039 1.72945e-22)
(1.18412 0.182128 5.79316e-22)
(1.18684 0.181214 -1.52718e-22)
(1.07055 0.202837 1.87288e-21)
(1.07408 0.202463 -9.96069e-23)
(1.07748 0.202052 -8.84288e-23)
(1.08063 0.201617 -6.38121e-22)
(1.08373 0.201163 2.88758e-22)
(1.08686 0.200689 1.45551e-21)
(1.08999 0.200193 -3.75812e-21)
(1.0931 0.199677 2.65621e-21)
(1.09619 0.199142 1.69211e-21)
(1.09926 0.198587 -4.73669e-21)
(1.10232 0.198015 7.68396e-21)
(1.10537 0.197424 -4.47375e-21)
(1.10839 0.196817 1.64125e-21)
(1.11141 0.196193 -7.01484e-22)
(1.1144 0.195552 -5.50063e-21)
(1.11738 0.194897 -1.10121e-20)
(1.12035 0.194227 -4.16376e-21)
(1.1233 0.193543 -2.27632e-22)
(1.12623 0.192845 -5.49071e-21)
(1.12915 0.192134 -4.62636e-21)
(1.13206 0.191412 4.77544e-21)
(1.13495 0.190677 -6.56209e-22)
(1.13782 0.189931 3.4707e-21)
(1.14068 0.189175 3.75748e-21)
(1.14352 0.188408 6.05674e-21)
(1.14635 0.187632 -5.06102e-21)
(1.14916 0.186847 -5.72547e-21)
(1.15196 0.186054 -4.8462e-21)
(1.15474 0.185253 2.38652e-21)
(1.15751 0.184444 -8.90769e-21)
(1.16027 0.183629 -2.87666e-21)
(1.16301 0.182812 -4.78527e-21)
(1.16575 0.181989 -2.203e-21)
(1.16846 0.18116 5.48132e-21)
(1.17116 0.180326 5.8895e-21)
(1.17385 0.179487 1.05943e-21)
(1.17652 0.178645 -2.81685e-21)
(1.17918 0.177799 1.17845e-22)
(1.18183 0.176951 -9.22221e-22)
(1.18446 0.176101 -6.6966e-22)
(1.07337 0.196438 -3.8053e-22)
(1.0767 0.196053 1.1829e-23)
(1.0799 0.195637 1.50822e-22)
(1.08288 0.1952 3.82968e-22)
(1.08581 0.194748 1.94153e-22)
(1.08877 0.194277 -1.62212e-21)
(1.09173 0.193789 1.01855e-21)
(1.09468 0.193283 -1.62256e-21)
(1.09761 0.19276 -8.12375e-21)
(1.10052 0.19222 1.57872e-21)
(1.10343 0.191665 2.18438e-21)
(1.10632 0.191095 1.64855e-21)
(1.10919 0.19051 7.11036e-22)
(1.11206 0.189911 -9.532e-23)
(1.11491 0.189298 1.02719e-20)
(1.11775 0.188672 2.94058e-21)
(1.12057 0.188034 1.29822e-21)
(1.12338 0.187383 -3.6729e-22)
(1.12618 0.186721 2.09403e-21)
(1.12897 0.186048 -1.13372e-21)
(1.13174 0.185364 -3.71793e-21)
(1.1345 0.18467 -6.68416e-21)
(1.13725 0.183967 -1.11509e-21)
(1.13999 0.183254 -5.28666e-21)
(1.14271 0.182533 -6.51054e-22)
(1.14542 0.181805 7.97359e-21)
(1.14812 0.181068 2.81856e-21)
(1.1508 0.180325 8.9218e-21)
(1.15348 0.179576 -3.02964e-21)
(1.15613 0.17882 4.62773e-23)
(1.15879 0.17806 2.77103e-21)
(1.16144 0.177294 6.31832e-21)
(1.16407 0.176523 -3.49587e-21)
(1.16668 0.175747 -1.46511e-21)
(1.16928 0.174968 -1.06827e-21)
(1.17187 0.174186 -1.56295e-21)
(1.17445 0.1734 -2.10711e-22)
(1.17702 0.172612 -9.59113e-22)
(1.17958 0.171822 6.40502e-22)
(1.18213 0.171031 -2.06166e-22)
(1.07596 0.190136 -1.58011e-22)
(1.07909 0.189746 -7.55122e-23)
(1.08211 0.189328 9.28508e-22)
(1.08492 0.188893 1.18494e-21)
(1.0877 0.188444 -1.2554e-21)
(1.0905 0.18798 -1.28744e-22)
(1.09331 0.1875 4.08538e-22)
(1.0961 0.187005 -2.52312e-21)
(1.09888 0.186496 4.23751e-21)
(1.10164 0.185973 2.97769e-21)
(1.1044 0.185436 -8.7129e-22)
(1.10714 0.184887 -2.36454e-21)
(1.10988 0.184325 2.32947e-21)
(1.1126 0.18375 1.66083e-21)
(1.11532 0.183164 -5.35349e-21)
(1.11802 0.182567 5.91146e-21)
(1.12071 0.181959 -2.6342e-22)
(1.1234 0.18134 -4.93208e-22)
(1.12607 0.180712 -2.51949e-21)
(1.12873 0.180074 5.68161e-21)
(1.13138 0.179427 -2.91691e-21)
(1.13402 0.178772 3.24509e-21)
(1.13665 0.178108 2.42188e-21)
(1.13927 0.177437 9.42254e-23)
(1.14188 0.176759 -2.20752e-22)
(1.14448 0.176075 -3.59873e-21)
(1.14707 0.175384 -3.05831e-21)
(1.14964 0.174688 -3.56547e-21)
(1.15221 0.173988 -1.07508e-20)
(1.15477 0.173284 -1.2438e-21)
(1.15732 0.172578 -4.13046e-22)
(1.15986 0.171859 -5.45057e-21)
(1.16239 0.171133 2.28211e-21)
(1.16491 0.170406 -1.15913e-21)
(1.16742 0.169677 -2.67764e-22)
(1.16993 0.168946 1.32939e-21)
(1.17242 0.168213 1.3221e-21)
(1.1749 0.167478 1.58765e-21)
(1.17738 0.166742 -6.13483e-22)
(1.17984 0.166004 7.43265e-22)
(1.07831 0.183931 2.39905e-23)
(1.08127 0.183538 3.48129e-23)
(1.08411 0.183122 -1.24541e-21)
(1.08677 0.182691 9.32842e-22)
(1.0894 0.182248 1.89383e-21)
(1.09206 0.181792 -3.82118e-21)
(1.09472 0.181323 -2.09514e-21)
(1.09736 0.180841 4.50403e-21)
(1.1 0.180347 8.95806e-22)
(1.10262 0.179841 -1.98575e-21)
(1.10524 0.179323 -5.41081e-21)
(1.10785 0.178794 -2.03301e-21)
(1.11045 0.178254 -3.70052e-22)
(1.11305 0.177704 9.40248e-22)
(1.11563 0.177144 6.27196e-21)
(1.11821 0.176575 1.19097e-21)
(1.12078 0.175996 4.98858e-21)
(1.12334 0.175408 -1.37307e-21)
(1.12589 0.174812 -2.22151e-21)
(1.12843 0.174208 -1.69123e-21)
(1.13097 0.173596 3.96621e-21)
(1.13349 0.172977 -4.67451e-22)
(1.13601 0.172351 -2.85463e-21)
(1.13852 0.171719 -1.11644e-21)
(1.14102 0.171081 -5.41716e-22)
(1.14352 0.170437 5.42138e-23)
(1.146 0.169788 5.87765e-21)
(1.14848 0.169134 5.0933e-21)
(1.15095 0.168477 5.44732e-21)
(1.15342 0.167815 8.24574e-21)
(1.15586 0.167151 3.77723e-22)
(1.15829 0.166478 -2.55498e-22)
(1.16073 0.165802 -3.43207e-21)
(1.16316 0.165123 -1.71481e-21)
(1.16559 0.164443 -2.13382e-21)
(1.168 0.163762 1.94392e-21)
(1.17041 0.163078 -1.00692e-21)
(1.17281 0.162393 -1.41633e-22)
(1.1752 0.161707 1.72954e-21)
(1.17759 0.16102 -5.08328e-23)
(1.08045 0.177822 1.0357e-22)
(1.08324 0.17743 -2.56144e-22)
(1.08592 0.177018 3.3616e-22)
(1.08844 0.176593 -2.74785e-21)
(1.09093 0.176158 -2.97501e-21)
(1.09345 0.175712 6.03826e-21)
(1.09597 0.175255 -7.91972e-22)
(1.09848 0.174787 -3.25375e-21)
(1.10098 0.174308 -5.15237e-21)
(1.10348 0.17382 2.39895e-21)
(1.10597 0.173321 3.93624e-21)
(1.10845 0.172813 -2.97228e-21)
(1.11092 0.172295 -2.40189e-21)
(1.11339 0.171769 -5.13645e-22)
(1.11586 0.171235 -1.89517e-21)
(1.11832 0.170692 -1.75096e-21)
(1.12077 0.170141 -3.12983e-21)
(1.12321 0.169583 1.68685e-21)
(1.12565 0.169018 5.03307e-21)
(1.12808 0.168445 -5.32034e-22)
(1.1305 0.167867 -3.0882e-21)
(1.13292 0.167282 2.96874e-21)
(1.13533 0.166691 1.31906e-24)
(1.13774 0.166095 8.6809e-21)
(1.14014 0.165494 2.86383e-21)
(1.14253 0.164888 -4.34378e-21)
(1.14492 0.164277 -1.02841e-20)
(1.1473 0.163662 5.54997e-21)
(1.14967 0.163043 -1.06195e-22)
(1.15204 0.16242 -4.55373e-21)
(1.15439 0.161792 -1.98997e-21)
(1.15674 0.161165 7.02801e-21)
(1.15909 0.160536 1.51123e-22)
(1.16144 0.159904 -1.07857e-21)
(1.16377 0.159271 3.01558e-21)
(1.16611 0.158635 -1.26255e-21)
(1.16843 0.157997 -6.75158e-22)
(1.17075 0.157359 -7.49038e-22)
(1.17306 0.156719 -9.49241e-22)
(1.17536 0.156079 2.58941e-22)
(1.08238 0.171807 -9.41841e-22)
(1.08501 0.171419 3.64542e-22)
(1.08754 0.171013 -1.51248e-21)
(1.08993 0.170596 -4.9403e-22)
(1.09229 0.170171 3.87428e-21)
(1.09468 0.169737 6.62787e-23)
(1.09707 0.169292 3.28112e-21)
(1.09945 0.168839 3.83239e-22)
(1.10183 0.168376 -5.27729e-22)
(1.1042 0.167905 -2.46902e-21)
(1.10657 0.167426 -5.79766e-21)
(1.10893 0.166938 3.92502e-21)
(1.11129 0.166443 -7.09188e-22)
(1.11365 0.16594 1.8779e-21)
(1.116 0.16543 -4.46476e-21)
(1.11834 0.164913 -1.86351e-21)
(1.12068 0.164389 6.04328e-21)
(1.12302 0.163859 4.58382e-21)
(1.12535 0.163323 -2.39791e-21)
(1.12767 0.162781 6.11765e-22)
(1.12999 0.162234 2.74971e-21)
(1.13231 0.161682 -5.83409e-21)
(1.13462 0.161124 4.24859e-21)
(1.13693 0.160562 -8.57467e-21)
(1.13923 0.159996 -3.22017e-21)
(1.14153 0.159425 2.41035e-21)
(1.14382 0.158851 4.97511e-21)
(1.14611 0.158273 -1.21635e-20)
(1.14839 0.157692 -3.46176e-21)
(1.15067 0.157108 3.21419e-21)
(1.15293 0.156521 1.83278e-21)
(1.1552 0.155934 -2.43549e-21)
(1.15746 0.155345 -2.17861e-21)
(1.15972 0.154754 2.76927e-21)
(1.16198 0.154161 -7.85773e-23)
(1.16422 0.153567 1.06297e-21)
(1.16647 0.152972 6.12917e-22)
(1.16871 0.152376 1.25425e-21)
(1.17094 0.151779 8.39104e-22)
(1.17317 0.151182 7.87917e-23)
(1.08411 0.165886 4.30647e-22)
(1.0866 0.165503 -7.04756e-22)
(1.08899 0.165105 1.45109e-21)
(1.09125 0.164698 5.95039e-22)
(1.09349 0.164284 -3.90976e-21)
(1.09576 0.163862 -6.04366e-21)
(1.09803 0.163431 1.11781e-21)
(1.10029 0.162993 -1.04853e-21)
(1.10255 0.162547 7.19784e-21)
(1.10481 0.162094 -1.70138e-22)
(1.10706 0.161634 3.62357e-21)
(1.10931 0.161167 3.61125e-22)
(1.11156 0.160693 6.11314e-21)
(1.11381 0.160213 -3.34549e-21)
(1.11605 0.159726 1.7336e-21)
(1.11829 0.159234 1.32323e-21)
(1.12053 0.158737 -4.33442e-21)
(1.12276 0.158233 -7.07428e-21)
(1.12499 0.157725 -1.32528e-22)
(1.12721 0.157212 3.31096e-21)
(1.12944 0.156695 -2.65516e-21)
(1.13166 0.156173 5.30313e-21)
(1.13387 0.155647 -3.71413e-21)
(1.13608 0.155117 5.80129e-21)
(1.13829 0.154583 -3.75716e-22)
(1.1405 0.154046 -5.14882e-21)
(1.1427 0.153506 1.75373e-21)
(1.1449 0.152963 -4.66204e-22)
(1.14709 0.152418 2.16823e-21)
(1.14929 0.15187 -1.36995e-21)
(1.15147 0.15132 4.86762e-21)
(1.15365 0.150769 -2.7169e-21)
(1.15584 0.150217 1.82728e-21)
(1.15802 0.149664 -1.74542e-22)
(1.16019 0.14911 -3.92908e-22)
(1.16236 0.148554 -1.81704e-21)
(1.16453 0.147998 1.01406e-21)
(1.16669 0.147441 -1.14349e-21)
(1.16885 0.146884 -8.19721e-22)
(1.171 0.146327 -1.55746e-22)
(1.08565 0.160056 1.69502e-21)
(1.088 0.159681 -3.91444e-22)
(1.09027 0.159292 -2.46622e-21)
(1.09241 0.158896 1.72814e-21)
(1.09454 0.158493 1.11386e-21)
(1.09669 0.158084 6.73457e-21)
(1.09885 0.157669 -4.84253e-21)
(1.101 0.157246 3.20266e-21)
(1.10315 0.156817 -4.70862e-21)
(1.1053 0.156381 4.60166e-21)
(1.10745 0.15594 -2.59013e-22)
(1.10959 0.155493 -3.67843e-21)
(1.11174 0.15504 -5.63492e-21)
(1.11388 0.154582 -1.43303e-21)
(1.11602 0.154119 -3.13893e-21)
(1.11816 0.153651 2.99047e-21)
(1.1203 0.153178 1.24898e-21)
(1.12244 0.152701 6.8831e-21)
(1.12457 0.152219 -6.03518e-21)
(1.1267 0.151734 -7.83416e-21)
(1.12883 0.151244 1.53131e-21)
(1.13096 0.150751 2.31965e-21)
(1.13308 0.150254 4.98341e-21)
(1.13521 0.149755 -2.58289e-21)
(1.13733 0.149252 3.63861e-21)
(1.13945 0.148747 7.50541e-21)
(1.14157 0.148239 -9.72881e-22)
(1.14368 0.147728 6.07386e-21)
(1.14579 0.147216 2.39836e-21)
(1.1479 0.146702 -3.86328e-21)
(1.15001 0.146186 -2.11184e-22)
(1.15211 0.145669 -1.90976e-21)
(1.15422 0.145153 -1.40194e-22)
(1.15632 0.144635 -2.01308e-21)
(1.15841 0.144117 -6.60584e-22)
(1.16051 0.143597 3.12962e-21)
(1.1626 0.143077 -2.06925e-21)
(1.16469 0.142556 8.84484e-22)
(1.16678 0.142036 -2.16392e-22)
(1.16886 0.141515 2.34915e-22)
(1.08702 0.154315 -1.93907e-21)
(1.08924 0.153949 7.77597e-22)
(1.09138 0.15357 5.00168e-21)
(1.09342 0.153186 -3.27987e-21)
(1.09544 0.152796 2.42714e-21)
(1.09749 0.152401 -5.22748e-21)
(1.09954 0.152 6.60749e-21)
(1.10159 0.151593 -3.7057e-21)
(1.10364 0.151181 5.71848e-21)
(1.10568 0.150764 -7.37674e-21)
(1.10773 0.150341 9.42663e-22)
(1.10978 0.149914 1.06496e-21)
(1.11182 0.149482 -1.1655e-21)
(1.11387 0.149045 3.11394e-21)
(1.11592 0.148604 5.51736e-21)
(1.11796 0.148159 -2.82515e-21)
(1.12001 0.14771 1.3439e-21)
(1.12205 0.147258 -2.47424e-21)
(1.1241 0.146801 1.57826e-21)
(1.12614 0.146342 5.87931e-21)
(1.12818 0.145879 -1.85755e-21)
(1.13022 0.145413 -4.9959e-21)
(1.13226 0.144944 -2.6888e-21)
(1.1343 0.144473 6.13663e-21)
(1.13634 0.144 -2.03551e-21)
(1.13838 0.143524 1.99804e-21)
(1.14041 0.143046 9.70056e-22)
(1.14244 0.142566 -4.44341e-21)
(1.14448 0.142084 -4.28949e-21)
(1.14651 0.141601 3.07372e-21)
(1.14854 0.141115 -3.22084e-21)
(1.15057 0.140627 1.20074e-21)
(1.1526 0.140143 1.84561e-21)
(1.15463 0.13966 3.93933e-21)
(1.15665 0.139175 2.51671e-21)
(1.15867 0.13869 -1.20636e-21)
(1.16069 0.138203 -6.07126e-22)
(1.16271 0.137717 -1.33465e-21)
(1.16473 0.137231 5.11356e-22)
(1.16674 0.136745 -1.68256e-22)
(1.08821 0.148661 -1.82693e-21)
(1.09032 0.148304 1.80407e-21)
(1.09234 0.147938 -4.20825e-21)
(1.09428 0.147566 3.74885e-21)
(1.09621 0.14719 -2.44631e-21)
(1.09815 0.146809 6.10781e-21)
(1.1001 0.146423 -7.14785e-21)
(1.10206 0.146032 3.43051e-21)
(1.10401 0.145637 -5.02115e-21)
(1.10596 0.145237 6.14124e-21)
(1.10791 0.144833 -2.15524e-22)
(1.10987 0.144425 1.75505e-21)
(1.11182 0.144013 -5.65785e-22)
(1.11378 0.143597 -2.39843e-22)
(1.11574 0.143178 -3.75333e-22)
(1.11769 0.142755 -1.2066e-21)
(1.11965 0.142329 -4.81359e-21)
(1.12161 0.1419 -4.51752e-21)
(1.12357 0.141467 8.51114e-22)
(1.12553 0.141032 3.23453e-21)
(1.12749 0.140595 7.04618e-21)
(1.12945 0.140155 -1.01908e-21)
(1.1314 0.139713 3.23893e-22)
(1.13336 0.139269 -6.33551e-21)
(1.13532 0.138823 -2.63864e-21)
(1.13728 0.138375 -2.15839e-21)
(1.13924 0.137926 -2.23543e-22)
(1.14119 0.137476 9.82736e-22)
(1.14315 0.137026 1.03997e-21)
(1.1451 0.136575 -7.94137e-22)
(1.14705 0.136124 4.96546e-22)
(1.14901 0.135675 -1.44412e-21)
(1.15099 0.135218 3.40424e-22)
(1.15294 0.134758 -6.63344e-21)
(1.15489 0.1343 -2.53823e-21)
(1.15684 0.133842 -6.74271e-22)
(1.15879 0.133386 1.38329e-21)
(1.16074 0.132929 2.66926e-22)
(1.16269 0.132473 -8.36462e-22)
(1.16464 0.132018 -4.17736e-22)
(1.08924 0.143091 2.85018e-21)
(1.09124 0.142746 -1.50369e-21)
(1.09316 0.142391 1.12682e-22)
(1.095 0.142032 -2.93883e-21)
(1.09684 0.14167 6.93316e-22)
(1.09869 0.141304 -1.24479e-21)
(1.10055 0.140933 2.88632e-21)
(1.10241 0.140559 6.43278e-22)
(1.10427 0.14018 -3.63882e-22)
(1.10614 0.139798 -4.45966e-21)
(1.108 0.139412 1.8423e-21)
(1.10987 0.139023 3.11295e-21)
(1.11174 0.138631 1.05558e-21)
(1.11361 0.138235 -2.07831e-21)
(1.11548 0.137836 -4.57585e-21)
(1.11736 0.137434 9.91928e-22)
(1.11923 0.13703 1.35095e-21)
(1.12111 0.136623 6.87726e-22)
(1.12299 0.136214 6.58647e-22)
(1.12487 0.135802 -7.99852e-21)
(1.12675 0.135389 -3.56932e-21)
(1.12863 0.134973 3.04801e-21)
(1.13051 0.134556 -3.66536e-21)
(1.1324 0.134137 2.85855e-21)
(1.13428 0.133717 1.41943e-21)
(1.13617 0.133295 -7.13128e-22)
(1.13805 0.132873 -5.42443e-21)
(1.13994 0.13245 2.10782e-21)
(1.14183 0.132026 -5.12588e-23)
(1.14371 0.131603 -1.93734e-21)
(1.14561 0.13118 -2.11889e-21)
(1.14748 0.130759 7.334e-23)
(1.14935 0.13033 -2.48099e-22)
(1.15123 0.129898 2.83403e-21)
(1.15312 0.129468 -4.48641e-23)
(1.15501 0.129039 -8.60606e-22)
(1.1569 0.128611 3.78273e-22)
(1.15879 0.128184 -1.336e-23)
(1.16067 0.127757 6.41099e-22)
(1.16256 0.127331 2.72049e-23)
(1.09012 0.137603 -2.55162e-21)
(1.09201 0.137269 4.73347e-22)
(1.09384 0.136928 3.11798e-22)
(1.09559 0.136583 1.60582e-21)
(1.09734 0.136234 -1.74715e-22)
(1.09911 0.135883 -4.4645e-21)
(1.10088 0.135528 -1.07139e-21)
(1.10266 0.135169 -5.1309e-21)
(1.10444 0.134807 1.18434e-21)
(1.10622 0.134442 -1.99187e-22)
(1.108 0.134075 -2.41242e-21)
(1.10979 0.133704 -4.42348e-21)
(1.11158 0.13333 8.08135e-22)
(1.11337 0.132954 1.04961e-21)
(1.11516 0.132575 3.05452e-21)
(1.11696 0.132194 1.38744e-21)
(1.11876 0.13181 -1.04641e-21)
(1.12056 0.131425 5.18742e-21)
(1.12236 0.131037 -5.84061e-22)
(1.12416 0.130648 3.01807e-21)
(1.12597 0.130257 1.84071e-21)
(1.12778 0.129864 -5.562e-21)
(1.12959 0.12947 5.37776e-21)
(1.1314 0.129075 -3.70774e-21)
(1.13321 0.128679 4.7186e-21)
(1.13503 0.128281 -2.05759e-21)
(1.13684 0.127883 1.70825e-21)
(1.13866 0.127483 1.02191e-21)
(1.14048 0.127083 3.0756e-23)
(1.14229 0.126681 1.3308e-21)
(1.14411 0.126279 -8.32753e-23)
(1.14593 0.125874 3.51765e-21)
(1.14774 0.125474 -2.49881e-22)
(1.14956 0.125075 -7.87734e-22)
(1.15138 0.124676 3.59609e-23)
(1.15321 0.124277 1.28076e-21)
(1.15503 0.123878 -1.75656e-21)
(1.15685 0.123479 1.05714e-23)
(1.15867 0.123081 2.19505e-23)
(1.16049 0.122683 -2.92391e-23)
(1.09085 0.132194 3.26038e-22)
(1.09265 0.131873 -1.13438e-21)
(1.09439 0.131545 -1.79063e-22)
(1.09606 0.131213 5.47443e-22)
(1.09773 0.130879 3.27055e-21)
(1.09941 0.130543 2.77228e-21)
(1.10111 0.130203 1.27669e-21)
(1.1028 0.12986 1.5623e-21)
(1.1045 0.129515 2.28936e-21)
(1.10621 0.129167 -6.25776e-22)
(1.10791 0.128816 1.43158e-21)
(1.10962 0.128463 5.38413e-21)
(1.11134 0.128108 -9.54292e-22)
(1.11305 0.12775 3.45113e-21)
(1.11477 0.127391 -9.18034e-22)
(1.1165 0.127029 -2.12015e-21)
(1.11822 0.126666 4.26134e-21)
(1.11995 0.126301 -4.04338e-21)
(1.12168 0.125934 1.1873e-21)
(1.12342 0.125566 -1.96948e-21)
(1.12515 0.125196 -2.22808e-21)
(1.12689 0.124825 3.64453e-21)
(1.12863 0.124453 -3.76416e-21)
(1.13037 0.12408 4.48885e-21)
(1.13212 0.123707 5.68592e-22)
(1.13387 0.123332 5.0118e-21)
(1.13561 0.122957 -3.32338e-22)
(1.13736 0.122581 -2.17164e-21)
(1.13912 0.122204 1.80061e-21)
(1.14087 0.121828 -2.18548e-21)
(1.14262 0.121451 2.2622e-21)
(1.14437 0.121074 -2.35353e-21)
(1.14613 0.120698 1.16495e-21)
(1.14788 0.120324 3.43499e-22)
(1.14964 0.119948 1.51931e-21)
(1.1514 0.119573 -8.60687e-23)
(1.15316 0.119199 -4.68662e-22)
(1.15492 0.118825 -4.68105e-23)
(1.15669 0.118451 6.11124e-23)
(1.15845 0.118079 2.96134e-22)
(1.09145 0.126861 -1.11472e-21)
(1.09316 0.126553 1.25784e-21)
(1.09481 0.126238 -1.40746e-21)
(1.09641 0.125921 -2.75462e-22)
(1.098 0.125601 -7.8836e-21)
(1.09961 0.125279 -1.37359e-21)
(1.10123 0.124955 -2.05948e-21)
(1.10285 0.124628 8.43988e-22)
(1.10448 0.124299 5.82129e-22)
(1.10611 0.123967 9.11866e-23)
(1.10774 0.123634 2.07805e-22)
(1.10938 0.123298 5.47805e-22)
(1.11103 0.122961 -1.25673e-21)
(1.11267 0.122621 -8.43125e-22)
(1.11432 0.12228 1.40465e-21)
(1.11598 0.121937 -3.31654e-23)
(1.11763 0.121593 6.81085e-23)
(1.11929 0.121248 4.39339e-21)
(1.12096 0.120901 9.17337e-22)
(1.12263 0.120552 -1.21983e-21)
(1.12429 0.120203 1.61275e-21)
(1.12597 0.119853 1.67897e-21)
(1.12764 0.119502 -1.87058e-21)
(1.12932 0.11915 -2.81903e-21)
(1.131 0.118798 -1.94769e-21)
(1.13268 0.118445 2.78112e-21)
(1.13437 0.118092 -2.74052e-21)
(1.13606 0.117738 2.69085e-21)
(1.13774 0.117384 -2.10514e-21)
(1.13944 0.11703 4.30664e-21)
(1.14113 0.116676 -1.77425e-21)
(1.14282 0.116322 6.00595e-23)
(1.14451 0.115969 -2.14053e-21)
(1.14621 0.115616 2.00578e-22)
(1.14791 0.115264 -1.10227e-21)
(1.14961 0.114912 -1.09888e-21)
(1.15131 0.114561 3.53091e-21)
(1.15301 0.114211 3.30094e-22)
(1.15471 0.113861 -3.35026e-23)
(1.15642 0.113512 -1.4314e-22)
(1.09192 0.121602 1.98077e-21)
(1.09354 0.121306 3.55499e-22)
(1.09512 0.121006 5.89864e-21)
(1.09664 0.120702 4.06233e-22)
(1.09817 0.120397 2.87013e-21)
(1.09971 0.12009 2.26371e-21)
(1.10126 0.119781 3.39604e-21)
(1.10281 0.11947 -2.88053e-21)
(1.10437 0.119156 2.03945e-21)
(1.10593 0.118841 8.85207e-22)
(1.1075 0.118524 1.43325e-21)
(1.10907 0.118205 6.62569e-22)
(1.11065 0.117885 7.78648e-22)
(1.11223 0.117563 -1.8327e-21)
(1.11381 0.11724 -7.01191e-22)
(1.1154 0.116915 3.31109e-21)
(1.11699 0.116589 -3.888e-21)
(1.11859 0.116262 -4.92941e-21)
(1.12019 0.115934 -3.41034e-21)
(1.1218 0.115605 3.15646e-21)
(1.1234 0.115275 -1.64089e-21)
(1.12501 0.114945 3.73419e-21)
(1.12663 0.114614 5.63817e-22)
(1.12824 0.114282 -3.60222e-21)
(1.12986 0.11395 9.75103e-22)
(1.13148 0.113618 -4.44331e-21)
(1.13311 0.113285 2.24975e-22)
(1.13474 0.112952 3.02479e-22)
(1.13636 0.112619 5.09652e-21)
(1.138 0.112287 -1.43735e-21)
(1.13963 0.111954 4.54594e-22)
(1.14126 0.111622 1.5211e-21)
(1.1429 0.11129 3.69637e-21)
(1.14454 0.110959 5.44626e-22)
(1.14618 0.110628 6.03316e-22)
(1.14782 0.110298 5.2737e-22)
(1.14947 0.109969 2.41566e-23)
(1.15111 0.10964 -1.07229e-21)
(1.15276 0.109312 -2.6389e-22)
(1.1544 0.108985 1.52127e-22)
(1.09226 0.116413 -1.0238e-21)
(1.09381 0.116131 4.16941e-23)
(1.09531 0.115844 -1.3641e-21)
(1.09677 0.115554 -1.19989e-21)
(1.09823 0.115264 1.87477e-21)
(1.09971 0.114971 -2.4778e-21)
(1.10119 0.114677 -2.94939e-21)
(1.10268 0.114381 -2.56331e-22)
(1.10418 0.114083 -1.61589e-21)
(1.10568 0.113784 -1.90586e-21)
(1.10718 0.113483 -1.31757e-22)
(1.10869 0.113181 4.67489e-22)
(1.11021 0.112877 -4.43148e-22)
(1.11172 0.112572 -9.97848e-22)
(1.11325 0.112266 2.70444e-21)
(1.11478 0.111959 -3.12628e-21)
(1.11631 0.11165 -4.14915e-22)
(1.11784 0.111341 2.65199e-21)
(1.11938 0.111031 3.53009e-21)
(1.12093 0.110721 -3.09809e-21)
(1.12248 0.11041 -6.08497e-22)
(1.12403 0.110098 -8.81572e-22)
(1.12558 0.109786 -3.76206e-21)
(1.12714 0.109473 8.29425e-21)
(1.1287 0.10916 2.59918e-21)
(1.13027 0.108847 -2.62351e-21)
(1.13183 0.108534 6.74823e-22)
(1.1334 0.108221 -5.05318e-22)
(1.13498 0.107908 -2.10226e-21)
(1.13655 0.107595 -3.8793e-22)
(1.13813 0.107282 -1.88537e-21)
(1.13971 0.10697 1.62941e-21)
(1.14129 0.106659 -4.63354e-21)
(1.14287 0.106348 -1.71302e-21)
(1.14446 0.106037 -7.37716e-23)
(1.14605 0.105728 -4.93926e-22)
(1.14764 0.105419 -1.02206e-21)
(1.14923 0.10511 6.09602e-22)
(1.15082 0.104803 -8.19041e-23)
(1.15241 0.104497 2.99275e-22)
(1.09249 0.111292 8.26862e-22)
(1.09397 0.111023 -4.38216e-22)
(1.09541 0.110749 -1.28275e-21)
(1.09681 0.110474 6.01222e-22)
(1.09821 0.110198 7.90196e-22)
(1.09962 0.10992 7.60453e-22)
(1.10105 0.10964 1.55976e-21)
(1.10248 0.109359 4.25181e-23)
(1.10391 0.109077 2.58577e-21)
(1.10535 0.108793 1.03597e-21)
(1.1068 0.108507 -2.87829e-21)
(1.10825 0.108221 -4.60648e-21)
(1.1097 0.107933 7.40924e-22)
(1.11116 0.107645 -2.31648e-21)
(1.11263 0.107355 -7.15571e-22)
(1.1141 0.107065 3.45615e-22)
(1.11558 0.106774 -1.23067e-22)
(1.11706 0.106482 3.71819e-21)
(1.11854 0.106189 -6.77856e-22)
(1.12003 0.105896 2.42802e-21)
(1.12152 0.105602 4.76841e-21)
(1.12302 0.105309 -2.58371e-21)
(1.12452 0.105014 4.83944e-21)
(1.12602 0.10472 2.32966e-24)
(1.12753 0.104425 -2.01157e-21)
(1.12904 0.104131 -2.07355e-22)
(1.13055 0.103836 -7.19537e-22)
(1.13206 0.103542 -1.36194e-21)
(1.13358 0.103247 -7.12627e-22)
(1.1351 0.102953 -6.36556e-22)
(1.13663 0.10266 3.49393e-21)
(1.13815 0.102366 -1.20035e-21)
(1.13968 0.102074 1.91105e-21)
(1.14121 0.101782 1.10273e-21)
(1.14275 0.101491 1.65003e-21)
(1.14428 0.1012 -2.98443e-22)
(1.14582 0.100911 2.10869e-22)
(1.14736 0.100621 2.02222e-22)
(1.14889 0.100333 1.66445e-22)
(1.15043 0.100046 -2.95003e-22)
(1.09261 0.106235 1.93229e-21)
(1.09402 0.105979 1.26793e-22)
(1.0954 0.105719 -4.65002e-22)
(1.09675 0.105458 -4.68057e-22)
(1.09809 0.105196 -2.66034e-21)
(1.09945 0.104932 1.08922e-21)
(1.10082 0.104667 2.95239e-21)
(1.10219 0.1044 -4.13965e-22)
(1.10357 0.104133 -2.77174e-22)
(1.10496 0.103864 1.81385e-21)
(1.10635 0.103594 -5.39216e-22)
(1.10775 0.103323 4.08433e-21)
(1.10915 0.103051 7.66301e-22)
(1.11055 0.102778 -8.92709e-23)
(1.11197 0.102505 -9.54923e-22)
(1.11338 0.102231 2.76859e-21)
(1.11481 0.101956 -2.63332e-21)
(1.11623 0.10168 -3.07558e-22)
(1.11766 0.101404 -1.2188e-21)
(1.1191 0.101128 -7.81427e-23)
(1.12054 0.100851 -3.1049e-21)
(1.12198 0.100574 -5.11679e-21)
(1.12343 0.100297 -2.08364e-21)
(1.12488 0.10002 -3.46223e-21)
(1.12633 0.0997428 -3.56811e-22)
(1.12779 0.0994656 2.46994e-21)
(1.12925 0.0991885 1.53969e-21)
(1.13072 0.0989116 1.57737e-21)
(1.13218 0.098635 -7.08277e-22)
(1.13365 0.0983585 -2.52804e-21)
(1.13513 0.0980823 -2.69675e-21)
(1.1366 0.0978064 -3.06208e-21)
(1.13808 0.0975306 1.04743e-21)
(1.13956 0.0972568 6.33179e-22)
(1.14105 0.0969841 -7.2069e-22)
(1.14253 0.0967119 1.10304e-21)
(1.14401 0.0964403 -8.26753e-22)
(1.1455 0.0961693 1.77911e-22)
(1.14699 0.0958992 -1.67213e-22)
(1.14848 0.09563 1.53801e-22)
(1.09263 0.101238 -2.49722e-21)
(1.09399 0.100996 5.72491e-22)
(1.09531 0.10075 1.56658e-21)
(1.0966 0.100502 1.16904e-21)
(1.09789 0.100254 1.95874e-21)
(1.0992 0.100004 -9.88053e-22)
(1.10052 0.0997537 -2.54822e-21)
(1.10184 0.0995017 1.23876e-21)
(1.10317 0.0992486 1.13776e-21)
(1.1045 0.0989944 -4.63156e-21)
(1.10584 0.0987394 2.03779e-21)
(1.10719 0.0984834 -3.60781e-21)
(1.10854 0.0982267 7.62907e-22)
(1.1099 0.0979692 5.69302e-22)
(1.11126 0.0977111 1.11653e-22)
(1.11263 0.0974524 -3.10762e-22)
(1.114 0.0971931 3.72787e-21)
(1.11537 0.0969335 4.18968e-21)
(1.11676 0.0966735 -1.60602e-21)
(1.11814 0.0964132 -2.73112e-22)
(1.11953 0.0961527 -1.49366e-22)
(1.12092 0.095892 2.13424e-21)
(1.12232 0.0956314 -5.93523e-22)
(1.12372 0.0953707 2.79994e-21)
(1.12513 0.0951101 -9.48635e-22)
(1.12654 0.0948498 1.02554e-21)
(1.12795 0.0945896 -2.59027e-21)
(1.12937 0.0943299 1.67991e-21)
(1.13078 0.0940705 2.62318e-21)
(1.1322 0.0938117 1.62056e-21)
(1.13363 0.0935536 3.05614e-22)
(1.13505 0.0932962 2.52499e-21)
(1.13648 0.0930398 9.42762e-22)
(1.13792 0.0927822 -8.18008e-22)
(1.13936 0.0925246 7.41194e-22)
(1.14079 0.0922679 -1.51812e-21)
(1.14223 0.0920124 6.39973e-22)
(1.14367 0.0917578 -6.3475e-22)
(1.14511 0.0915041 3.27135e-23)
(1.14655 0.0912514 1.71386e-22)
(1.09257 0.0963001 1.106e-21)
(1.09386 0.0960705 -3.28655e-21)
(1.09513 0.0958381 -1.76029e-21)
(1.09638 0.0956043 -2.86992e-21)
(1.09762 0.0953696 -9.4251e-22)
(1.09888 0.0951339 2.1003e-21)
(1.10015 0.0948971 -1.42154e-21)
(1.10143 0.0946592 -8.91412e-23)
(1.10271 0.0944203 -1.63711e-21)
(1.10399 0.0941805 2.17962e-21)
(1.10529 0.0939399 1.27044e-21)
(1.10658 0.0936985 -5.77557e-22)
(1.10789 0.0934564 3.47148e-21)
(1.1092 0.0932138 6.26357e-22)
(1.11051 0.0929705 -1.79506e-21)
(1.11183 0.0927268 -3.62981e-21)
(1.11316 0.0924827 -1.54254e-21)
(1.11449 0.0922383 -1.18742e-21)
(1.11582 0.0919936 -1.67566e-21)
(1.11716 0.0917487 -7.67471e-22)
(1.1185 0.0915036 -2.96599e-21)
(1.11985 0.0912586 -3.60816e-21)
(1.1212 0.0910135 1.53795e-21)
(1.12256 0.0907686 1.75163e-21)
(1.12392 0.0905238 2.11596e-22)
(1.12528 0.0902792 2.19689e-21)
(1.12665 0.090035 5.371e-22)
(1.12802 0.0897912 -1.40669e-21)
(1.12939 0.0895478 1.94398e-22)
(1.13077 0.089305 -1.96498e-21)
(1.13214 0.089063 2.66125e-22)
(1.13353 0.0888217 -2.1858e-21)
(1.13491 0.0885815 1.51795e-21)
(1.13628 0.0883399 -1.24329e-21)
(1.13767 0.0880981 9.22492e-22)
(1.13906 0.0878574 2.38611e-22)
(1.14045 0.0876178 -8.07167e-22)
(1.14185 0.0873793 3.05528e-22)
(1.14324 0.0871416 4.07092e-22)
(1.14464 0.0869048 -1.53013e-22)
(1.09241 0.0914161 1.78266e-22)
(1.09366 0.0911996 3.21834e-21)
(1.09488 0.0909804 4.52875e-23)
(1.09608 0.0907601 1.89965e-21)
(1.09729 0.0905389 8.40422e-22)
(1.0985 0.0903167 -1.86672e-21)
(1.09973 0.0900936 -2.80219e-22)
(1.10096 0.0898694 1.2601e-21)
(1.10219 0.0896444 3.44408e-22)
(1.10343 0.0894186 -2.25331e-22)
(1.10468 0.089192 -1.19646e-21)
(1.10594 0.0889648 8.8496e-23)
(1.1072 0.088737 -2.95815e-21)
(1.10846 0.0885086 4.15559e-21)
(1.10973 0.0882798 -1.49386e-22)
(1.11101 0.0880506 1.5747e-21)
(1.11229 0.0878211 -2.18122e-21)
(1.11358 0.0875912 1.45145e-21)
(1.11487 0.0873612 2.82839e-21)
(1.11616 0.0871311 3.12493e-21)
(1.11746 0.0869009 7.19361e-21)
(1.11876 0.0866707 2.40237e-21)
(1.12007 0.0864405 -2.64003e-21)
(1.12138 0.0862105 -2.28058e-21)
(1.1227 0.0859806 -1.82707e-22)
(1.12402 0.085751 -3.15638e-21)
(1.12534 0.0855216 2.08587e-21)
(1.12667 0.0852926 1.53185e-21)
(1.12799 0.0850638 3.90579e-22)
(1.12933 0.0848354 -1.2102e-21)
(1.13066 0.0846074 2.21562e-21)
(1.132 0.0843796 6.62235e-22)
(1.13333 0.084152 -9.44794e-22)
(1.13467 0.0839263 5.65726e-22)
(1.13601 0.0837016 -1.03017e-22)
(1.13736 0.0834775 1.52952e-21)
(1.13871 0.0832541 -4.50347e-23)
(1.14006 0.0830313 2.66102e-22)
(1.14141 0.0828093 -6.10617e-22)
(1.14276 0.0825881 1.45656e-22)
(1.09219 0.086583 -1.08591e-21)
(1.09339 0.0863794 -6.27831e-22)
(1.09456 0.0861733 1.57079e-21)
(1.09572 0.0859661 -1.53246e-21)
(1.09689 0.0857582 -1.06596e-21)
(1.09806 0.0855493 2.64839e-22)
(1.09924 0.0853395 -6.59894e-22)
(1.10043 0.0851288 -3.01947e-22)
(1.10163 0.0849173 1.91519e-21)
(1.10283 0.0847051 1.20409e-21)
(1.10404 0.0844922 -2.00208e-21)
(1.10525 0.0842788 -1.62308e-21)
(1.10647 0.0840648 4.40357e-22)
(1.1077 0.0838503 -2.43461e-21)
(1.10893 0.0836354 1.88546e-21)
(1.11016 0.0834202 3.33366e-21)
(1.1114 0.0832048 2.35413e-21)
(1.11264 0.0829891 -1.48667e-21)
(1.11389 0.0827732 -6.55317e-23)
(1.11515 0.0825573 -7.1854e-23)
(1.11641 0.0823414 -4.0694e-21)
(1.11767 0.0821255 7.72541e-22)
(1.11894 0.0819097 6.001e-22)
(1.12021 0.081694 -4.9106e-22)
(1.12148 0.0814786 -1.71314e-21)
(1.12276 0.0812634 3.92325e-21)
(1.12404 0.0810485 -3.58448e-22)
(1.12532 0.0808339 -1.48621e-21)
(1.12661 0.0806198 -4.16422e-22)
(1.1279 0.0804061 2.88629e-21)
(1.12919 0.0801928 -4.26665e-22)
(1.13048 0.0799802 5.20102e-23)
(1.13178 0.079768 -6.68758e-22)
(1.13308 0.079557 -6.96766e-22)
(1.13438 0.0793467 -1.38414e-22)
(1.13568 0.0791369 -1.56735e-21)
(1.13699 0.0789278 1.68268e-22)
(1.13829 0.0787193 6.40322e-22)
(1.1396 0.0785116 -2.49828e-23)
(1.14091 0.0783046 1.72349e-22)
(1.09189 0.0817971 -4.94106e-22)
(1.09305 0.0816061 -2.25258e-21)
(1.09418 0.0814129 7.20201e-22)
(1.09531 0.0812187 -5.15563e-22)
(1.09643 0.0810237 9.60295e-22)
(1.09757 0.0808279 2.43377e-21)
(1.09872 0.0806311 -4.97404e-22)
(1.09987 0.0804336 -1.28909e-21)
(1.10103 0.0802353 -4.30902e-22)
(1.10219 0.0800364 1.28902e-21)
(1.10336 0.0798368 2.78498e-21)
(1.10454 0.0796367 1.38812e-21)
(1.10572 0.0794361 -1.48425e-21)
(1.1069 0.0792351 -1.92266e-21)
(1.10809 0.0790338 -1.97074e-22)
(1.10929 0.0788322 -3.6369e-21)
(1.11049 0.0786303 4.98458e-22)
(1.1117 0.0784283 5.05535e-22)
(1.11291 0.0782261 2.34663e-21)
(1.11413 0.078024 -7.6696e-22)
(1.11534 0.0778218 -2.3314e-21)
(1.11657 0.0776197 -5.55877e-22)
(1.1178 0.0774177 2.33085e-21)
(1.11903 0.0772159 -1.58641e-21)
(1.12026 0.0770143 2.26562e-21)
(1.1215 0.076813 -2.34226e-21)
(1.12274 0.076612 -2.66462e-22)
(1.12399 0.0764114 -2.06487e-21)
(1.12523 0.0762111 -6.35312e-22)
(1.12648 0.0760113 -1.27651e-21)
(1.12774 0.0758121 -6.1705e-22)
(1.12899 0.0756133 -1.87871e-21)
(1.13025 0.0754151 6.50148e-22)
(1.13151 0.0752177 1.3593e-21)
(1.13277 0.075021 -1.12732e-21)
(1.13403 0.0748249 6.72887e-22)
(1.13529 0.0746295 -4.18647e-22)
(1.13656 0.0744348 -7.83011e-22)
(1.13782 0.0742408 -1.26451e-24)
(1.13909 0.0740476 -2.72579e-25)
(1.09153 0.0770545 1.20754e-21)
(1.09265 0.076876 2.67848e-21)
(1.09375 0.0766954 -2.06621e-21)
(1.09484 0.0765139 2.54056e-22)
(1.09593 0.0763316 1.60514e-21)
(1.09704 0.0761485 -3.3465e-22)
(1.09815 0.0759646 -4.70054e-22)
(1.09927 0.0757799 -5.83696e-22)
(1.10039 0.0755945 -1.75177e-21)
(1.10152 0.0754085 -2.92719e-22)
(1.10265 0.0752219 -3.4547e-22)
(1.10379 0.0750348 -2.5562e-21)
(1.10494 0.0748473 3.7282e-21)
(1.10609 0.0746594 -1.38248e-21)
(1.10725 0.0744712 -6.40311e-22)
(1.10841 0.0742827 3.31651e-21)
(1.10957 0.0740941 -1.55065e-21)
(1.11074 0.0739053 -8.43088e-22)
(1.11192 0.0737164 -2.36748e-21)
(1.1131 0.0735275 -6.1021e-22)
(1.11428 0.0733386 8.76639e-22)
(1.11547 0.0731499 1.55494e-21)
(1.11666 0.0729612 -1.9328e-21)
(1.11785 0.0727728 1.92908e-21)
(1.11905 0.0725846 -2.9725e-21)
(1.12025 0.0723966 -1.52098e-21)
(1.12146 0.072209 -3.19024e-21)
(1.12267 0.0720218 4.74726e-21)
(1.12388 0.071835 1.27772e-21)
(1.12509 0.0716486 1.44444e-21)
(1.1263 0.0714627 -1.22339e-22)
(1.12752 0.0712774 -4.04334e-22)
(1.12874 0.0710926 -1.38809e-21)
(1.12996 0.0709085 1.10141e-21)
(1.13118 0.070725 6.02724e-22)
(1.13241 0.0705422 7.66847e-22)
(1.13363 0.07036 2.57131e-22)
(1.13486 0.0701785 -2.58633e-22)
(1.13609 0.0699977 -3.87076e-23)
(1.13732 0.0698175 -2.41622e-22)
(1.09113 0.0723512 -5.04612e-22)
(1.09221 0.0721849 -3.6752e-22)
(1.09328 0.0720167 1.11784e-21)
(1.09433 0.0718476 -5.99527e-22)
(1.0954 0.0716778 -1.05311e-21)
(1.09647 0.0715071 -2.71603e-21)
(1.09755 0.0713357 -3.80301e-22)
(1.09863 0.0711636 1.25758e-22)
(1.09973 0.0709908 3.54629e-22)
(1.10082 0.0708174 1.87982e-21)
(1.10192 0.0706434 -2.69616e-21)
(1.10303 0.0704691 1.72282e-21)
(1.10415 0.0702943 1.93168e-21)
(1.10526 0.0701191 -1.23613e-21)
(1.10639 0.0699437 -1.23112e-21)
(1.10752 0.069768 -7.14961e-22)
(1.10865 0.0695922 5.45119e-22)
(1.10979 0.0694162 2.91997e-21)
(1.11093 0.0692402 5.58531e-22)
(1.11207 0.0690642 1.00206e-21)
(1.11322 0.0688882 2.07615e-22)
(1.11438 0.0687123 -1.63402e-21)
(1.11553 0.0685366 2.05407e-21)
(1.11669 0.0683611 3.3785e-21)
(1.11786 0.0681858 4.31003e-22)
(1.11902 0.0680108 5.94008e-22)
(1.12019 0.0678361 3.05531e-21)
(1.12137 0.0676618 -2.1318e-21)
(1.12254 0.0674879 -3.57125e-21)
(1.12372 0.0673145 -1.80259e-21)
(1.1249 0.0671415 1.1401e-21)
(1.12608 0.066969 -3.27663e-23)
(1.12726 0.0667971 1.04224e-21)
(1.12845 0.0666257 -2.67957e-22)
(1.12963 0.066455 -1.45891e-21)
(1.13082 0.0662849 -8.16091e-22)
(1.13201 0.0661154 2.22847e-22)
(1.1332 0.0659465 3.2601e-22)
(1.13439 0.0657783 5.68426e-22)
(1.13558 0.0656107 6.24515e-23)
(1.09068 0.0676828 2.13008e-21)
(1.09173 0.0675285 3.53961e-22)
(1.09276 0.0673725 -1.81426e-21)
(1.09379 0.0672155 1.73866e-21)
(1.09483 0.0670579 -8.83676e-22)
(1.09587 0.0668995 6.21686e-22)
(1.09692 0.0667403 2.79939e-22)
(1.09798 0.0665804 2.17979e-21)
(1.09904 0.0664199 9.34336e-22)
(1.10011 0.0662588 -2.7695e-21)
(1.10118 0.0660972 2.6409e-21)
(1.10226 0.0659352 -3.55099e-21)
(1.10334 0.0657728 -3.09355e-22)
(1.10443 0.0656101 4.88463e-22)
(1.10552 0.0654471 2.34802e-21)
(1.10662 0.0652839 -1.20901e-21)
(1.10772 0.0651205 -6.91526e-23)
(1.10883 0.064957 -8.70821e-22)
(1.10994 0.0647935 -2.13243e-21)
(1.11105 0.06463 -8.66661e-22)
(1.11217 0.0644666 5.04933e-22)
(1.11329 0.0643032 2.08609e-22)
(1.11442 0.06414 -9.49845e-22)
(1.11555 0.063977 -2.71716e-21)
(1.11668 0.0638143 -2.41671e-21)
(1.11781 0.0636518 2.81696e-21)
(1.11895 0.0634896 -3.02353e-21)
(1.12009 0.0633278 1.19653e-21)
(1.12123 0.0631664 4.9603e-22)
(1.12238 0.0630054 1.47484e-21)
(1.12352 0.0628449 2.97488e-22)
(1.12467 0.0626849 -1.15868e-21)
(1.12582 0.0625253 6.53511e-23)
(1.12697 0.0623663 8.56776e-22)
(1.12812 0.0622079 -1.30673e-22)
(1.12928 0.0620501 -5.33518e-22)
(1.13043 0.0618928 4.02464e-23)
(1.13159 0.0617362 -3.32943e-22)
(1.13274 0.0615801 -1.94965e-22)
(1.1339 0.0614246 1.29621e-23)
(1.09019 0.0630447 -2.93224e-21)
(1.09121 0.0629022 -1.57301e-21)
(1.09222 0.0627581 9.3817e-22)
(1.09323 0.062613 -8.86653e-22)
(1.09424 0.0624673 1.66731e-21)
(1.09525 0.0623208 -3.25615e-22)
(1.09628 0.0621736 1.20731e-21)
(1.09731 0.0620258 -3.24068e-21)
(1.09834 0.0618773 -5.03655e-22)
(1.09938 0.0617283 1.20498e-21)
(1.10043 0.0615788 -1.11036e-21)
(1.10148 0.0614288 4.2404e-21)
(1.10254 0.0612785 -6.40015e-22)
(1.1036 0.0611279 -6.86806e-22)
(1.10466 0.060977 -4.81717e-22)
(1.10573 0.060826 -6.97346e-22)
(1.10681 0.0606748 -6.86498e-22)
(1.10788 0.0605235 2.62361e-21)
(1.10896 0.0603721 8.09905e-22)
(1.11005 0.0602208 2.83019e-22)
(1.11114 0.0600695 -1.25291e-22)
(1.11223 0.0599184 7.71037e-22)
(1.11333 0.0597673 -5.16158e-22)
(1.11442 0.0596165 2.55962e-21)
(1.11553 0.0594659 -1.01083e-21)
(1.11663 0.0593156 3.25131e-22)
(1.11774 0.0591656 1.81546e-21)
(1.11885 0.0590159 -7.68901e-22)
(1.11996 0.0588666 6.87702e-22)
(1.12107 0.0587177 -6.2913e-22)
(1.12218 0.0585693 -8.23489e-22)
(1.1233 0.0584213 1.84005e-21)
(1.12442 0.0582738 -1.61177e-21)
(1.12554 0.0581268 7.51511e-22)
(1.12666 0.0579803 -3.22767e-22)
(1.12778 0.0578344 1.21044e-22)
(1.1289 0.057689 4.55761e-22)
(1.13002 0.0575441 8.42073e-23)
(1.13114 0.0573998 2.52087e-22)
(1.13227 0.057256 -8.90562e-23)
(1.08968 0.0584319 1.93519e-21)
(1.09068 0.058301 -1.53361e-22)
(1.09166 0.0581685 1.41237e-21)
(1.09264 0.0580352 1.02664e-21)
(1.09363 0.0579011 2.78706e-22)
(1.09462 0.0577664 9.77558e-22)
(1.09563 0.0576309 7.91923e-22)
(1.09663 0.0574948 -3.49174e-22)
(1.09764 0.0573581 -1.35662e-21)
(1.09866 0.0572208 -3.16337e-21)
(1.09968 0.0570831 3.48385e-21)
(1.10071 0.056945 -3.80477e-21)
(1.10174 0.0568066 1.56338e-22)
(1.10277 0.0566678 -3.88471e-22)
(1.10381 0.0565288 -1.89536e-21)
(1.10485 0.0563896 9.00527e-22)
(1.1059 0.0562503 -4.51649e-22)
(1.10695 0.0561109 2.40873e-21)
(1.10801 0.0559714 -2.5046e-22)
(1.10907 0.055832 -1.95766e-21)
(1.11013 0.0556926 -6.17299e-22)
(1.11119 0.0555533 4.85194e-22)
(1.11226 0.0554141 9.94291e-22)
(1.11333 0.0552752 1.35871e-21)
(1.1144 0.0551365 1.70286e-21)
(1.11548 0.054998 -4.11293e-22)
(1.11656 0.0548598 -8.7271e-22)
(1.11764 0.0547219 4.45376e-22)
(1.11872 0.0545844 -1.56392e-21)
(1.1198 0.0544473 1.23783e-21)
(1.12089 0.0543106 9.55221e-22)
(1.12198 0.0541743 -1.54206e-22)
(1.12306 0.0540385 1.08392e-21)
(1.12415 0.0539031 9.90923e-22)
(1.12524 0.0537683 2.61398e-22)
(1.12633 0.0536339 -1.61229e-21)
(1.12742 0.0535 -3.59901e-22)
(1.12851 0.0533667 1.75995e-22)
(1.12961 0.0532338 -1.0026e-22)
(1.1307 0.0531014 -7.61567e-23)
(1.08915 0.0538392 -9.0794e-22)
(1.09013 0.0537196 1.18557e-21)
(1.09109 0.0535985 -3.01665e-21)
(1.09205 0.0534766 1.42592e-21)
(1.09302 0.053354 5.36528e-22)
(1.09399 0.0532307 7.68109e-23)
(1.09497 0.0531068 2.19252e-21)
(1.09595 0.0529822 -2.47709e-22)
(1.09694 0.052857 2.30899e-21)
(1.09794 0.0527313 7.25673e-22)
(1.09894 0.0526052 1.10265e-22)
(1.09994 0.0524786 1.09758e-22)
(1.10095 0.0523518 1.46872e-22)
(1.10196 0.0522246 9.79831e-22)
(1.10297 0.0520972 -9.5806e-22)
(1.10399 0.0519697 5.10474e-22)
(1.10502 0.051842 -1.46537e-21)
(1.10604 0.0517142 4.89182e-22)
(1.10707 0.0515864 1.71819e-21)
(1.10811 0.0514586 2.92695e-21)
(1.10915 0.0513308 -1.23514e-21)
(1.11018 0.0512031 2.81909e-22)
(1.11123 0.0510756 -1.30699e-21)
(1.11227 0.0509483 2.55037e-21)
(1.11332 0.0508211 -2.87295e-21)
(1.11437 0.0506942 1.91765e-21)
(1.11542 0.0505676 -2.57882e-21)
(1.11647 0.0504413 1.05705e-21)
(1.11753 0.0503153 -1.82378e-21)
(1.11859 0.0501897 4.36733e-22)
(1.11964 0.0500644 9.16162e-22)
(1.1207 0.0499396 6.21787e-22)
(1.12176 0.0498151 -1.44023e-21)
(1.12282 0.0496911 -3.16274e-22)
(1.12388 0.0495676 -4.63281e-22)
(1.12495 0.0494445 1.06397e-21)
(1.12601 0.0493219 -1.21928e-22)
(1.12707 0.0491998 -2.0724e-22)
(1.12813 0.0490781 2.99178e-22)
(1.12919 0.0489568 -1.41818e-22)
(1.08862 0.0492606 3.0803e-22)
(1.08957 0.0491521 -1.245e-21)
(1.09052 0.0490423 1.82001e-21)
(1.09146 0.0489316 -2.45666e-21)
(1.09241 0.0488202 -1.42626e-21)
(1.09336 0.0487082 -4.86221e-22)
(1.09432 0.0485955 -1.15209e-21)
(1.09529 0.0484822 -6.25006e-22)
(1.09626 0.0483683 2.171e-21)
(1.09723 0.048254 -1.07207e-21)
(1.09821 0.0481392 1.35955e-22)
(1.09919 0.0480241 -8.24796e-22)
(1.10018 0.0479086 -1.00965e-21)
(1.10117 0.0477928 -7.43186e-22)
(1.10216 0.0476768 8.77451e-23)
(1.10316 0.0475607 -5.13837e-22)
(1.10416 0.0474444 2.80571e-21)
(1.10517 0.047328 -1.04758e-21)
(1.10618 0.0472116 -1.44147e-21)
(1.10719 0.0470952 -1.01607e-21)
(1.1082 0.0469789 6.15674e-22)
(1.10922 0.0468626 1.54333e-21)
(1.11024 0.0467465 -1.5348e-21)
(1.11126 0.0466305 -1.13727e-21)
(1.11228 0.0465147 4.00399e-22)
(1.1133 0.0463992 3.52962e-22)
(1.11433 0.0462839 -1.40294e-21)
(1.11536 0.0461689 2.17959e-23)
(1.11639 0.0460542 9.28323e-22)
(1.11742 0.0459398 9.38899e-22)
(1.11845 0.0458258 -1.86818e-21)
(1.11949 0.0457122 -2.86817e-23)
(1.12052 0.0455989 1.64197e-21)
(1.12156 0.045486 -4.02388e-23)
(1.12259 0.0453736 5.86364e-22)
(1.12363 0.0452616 -9.67293e-22)
(1.12466 0.0451501 1.02053e-22)
(1.1257 0.0450389 -1.60389e-22)
(1.12673 0.0449282 -2.60271e-22)
(1.12777 0.0448178 2.73776e-23)
(1.08809 0.0446899 1.59327e-22)
(1.08902 0.0445923 7.42978e-22)
(1.08995 0.0444934 2.62804e-22)
(1.09088 0.0443938 5.53258e-22)
(1.09181 0.0442934 1.14593e-21)
(1.09275 0.0441925 -2.77456e-22)
(1.09369 0.0440908 -1.25273e-21)
(1.09464 0.0439886 -1.28293e-22)
(1.09559 0.0438859 -8.92074e-22)
(1.09655 0.0437827 6.14723e-22)
(1.09751 0.0436791 1.9052e-22)
(1.09847 0.0435752 -1.3346e-21)
(1.09944 0.0434709 7.36821e-23)
(1.10041 0.0433663 8.24169e-22)
(1.10138 0.0432616 3.83645e-22)
(1.10236 0.0431567 2.54721e-22)
(1.10334 0.0430516 -3.72162e-22)
(1.10433 0.0429465 -1.09962e-23)
(1.10532 0.0428413 -1.36927e-21)
(1.10631 0.0427362 1.15899e-21)
(1.1073 0.042631 -2.13067e-21)
(1.10829 0.042526 8.43436e-22)
(1.10929 0.0424211 1.12583e-22)
(1.11029 0.0423163 -4.84805e-22)
(1.11129 0.0422117 -7.33495e-22)
(1.1123 0.0421073 9.63679e-22)
(1.1133 0.0420032 2.07608e-21)
(1.11431 0.0418993 2.09062e-21)
(1.11531 0.0417957 -2.13818e-21)
(1.11632 0.0416924 -1.71792e-22)
(1.11733 0.0415894 -7.84346e-22)
(1.11834 0.0414868 6.4151e-22)
(1.11935 0.0413844 -4.83663e-23)
(1.12036 0.0412824 -6.22778e-22)
(1.12137 0.041181 -2.99338e-22)
(1.12238 0.0410799 3.36722e-22)
(1.12339 0.0409792 -1.82678e-22)
(1.1244 0.0408788 3.24756e-22)
(1.12541 0.0407788 -1.51444e-22)
(1.12642 0.0406792 6.1373e-23)
(1.08757 0.0401202 5.19837e-24)
(1.08848 0.0400332 -1.18621e-22)
(1.0894 0.0399451 4.90132e-22)
(1.09031 0.0398563 -7.03783e-22)
(1.09123 0.0397668 -1.18797e-21)
(1.09215 0.0396767 1.14585e-22)
(1.09308 0.039586 1.0272e-21)
(1.09401 0.0394947 -1.52481e-21)
(1.09495 0.039403 8.64038e-22)
(1.09589 0.0393108 4.33172e-22)
(1.09684 0.0392182 -2.46169e-21)
(1.09778 0.0391253 8.71354e-22)
(1.09873 0.039032 2.23699e-22)
(1.09969 0.0389385 6.22284e-22)
(1.10065 0.0388449 5.01132e-23)
(1.10161 0.038751 -1.80764e-22)
(1.10257 0.038657 1.55348e-22)
(1.10354 0.038563 -8.74195e-22)
(1.10451 0.0384689 1.72322e-21)
(1.10548 0.0383749 -1.00019e-21)
(1.10645 0.0382808 -9.44121e-22)
(1.10743 0.0381869 -3.84058e-22)
(1.10841 0.038093 -1.32181e-23)
(1.10939 0.0379993 -1.68721e-22)
(1.11037 0.0379058 -6.7624e-22)
(1.11135 0.0378125 -2.70285e-22)
(1.11233 0.0377194 -1.61631e-22)
(1.11332 0.0376266 6.358e-22)
(1.1143 0.037534 2.72071e-22)
(1.11529 0.0374417 -1.10991e-21)
(1.11628 0.0373498 1.76203e-23)
(1.11726 0.0372582 -7.83521e-22)
(1.11825 0.0371669 3.74564e-22)
(1.11924 0.0370761 -2.27821e-22)
(1.12023 0.0369852 7.26866e-22)
(1.12122 0.0368946 7.75056e-23)
(1.1222 0.0368044 1.46521e-22)
(1.12319 0.0367146 -1.97349e-22)
(1.12417 0.0366251 3.04483e-22)
(1.12516 0.036536 -3.84077e-23)
(1.08707 0.0355437 1.65059e-22)
(1.08797 0.0354672 -1.54718e-22)
(1.08887 0.0353897 -7.3758e-22)
(1.08977 0.0353116 4.44679e-22)
(1.09068 0.0352328 1.3385e-21)
(1.09159 0.0351534 5.15831e-22)
(1.09251 0.0350734 -4.83019e-22)
(1.09343 0.034993 1.85178e-22)
(1.09435 0.0349121 6.69421e-22)
(1.09528 0.0348307 -1.94179e-22)
(1.09621 0.034749 -6.9078e-22)
(1.09714 0.034667 -3.44894e-22)
(1.09808 0.0345847 6.34359e-22)
(1.09902 0.0345022 -1.20341e-21)
(1.09996 0.0344194 1.14125e-21)
(1.1009 0.0343366 1.57548e-21)
(1.10185 0.0342536 -8.02152e-22)
(1.1028 0.0341705 1.41126e-21)
(1.10375 0.0340874 4.35876e-22)
(1.10471 0.0340043 -1.85921e-21)
(1.10567 0.0339213 6.89188e-22)
(1.10662 0.0338383 -1.67237e-21)
(1.10758 0.0337554 -3.08114e-22)
(1.10855 0.0336726 1.87419e-21)
(1.10951 0.03359 -3.34017e-22)
(1.11047 0.0335076 1.04817e-21)
(1.11144 0.0334254 4.252e-22)
(1.1124 0.0333434 -2.50573e-21)
(1.11337 0.0332617 6.73452e-22)
(1.11434 0.0331802 2.42426e-22)
(1.11531 0.0330991 6.18205e-22)
(1.11627 0.0330182 -6.202e-22)
(1.11724 0.0329377 -6.58471e-22)
(1.11821 0.0328574 5.18094e-22)
(1.11917 0.0327773 1.01382e-21)
(1.12014 0.0326974 3.76757e-22)
(1.12111 0.0326178 -1.04541e-21)
(1.12207 0.0325386 5.26715e-22)
(1.12304 0.0324597 -2.73879e-22)
(1.124 0.0323811 1.22596e-22)
(1.0866 0.030952 2.10796e-22)
(1.08749 0.030886 -4.10084e-22)
(1.08838 0.0308189 7.44256e-22)
(1.08927 0.0307512 -9.87675e-22)
(1.09017 0.030683 8.99154e-22)
(1.09107 0.0306142 -3.66597e-22)
(1.09198 0.0305449 -4.44052e-22)
(1.09288 0.0304751 -6.64762e-22)
(1.0938 0.0304049 3.0148e-22)
(1.09471 0.0303343 -1.07452e-21)
(1.09563 0.0302634 1.3073e-21)
(1.09655 0.0301922 2.44519e-21)
(1.09747 0.0301207 -2.21207e-21)
(1.0984 0.030049 1.35632e-21)
(1.09933 0.0299771 1.07259e-21)
(1.10026 0.0299051 -1.92237e-21)
(1.10119 0.029833 -9.42539e-22)
(1.10213 0.0297609 1.93495e-21)
(1.10307 0.0296886 -6.00788e-22)
(1.10401 0.0296164 -1.60174e-21)
(1.10495 0.0295443 4.60652e-22)
(1.10589 0.0294721 1.34872e-21)
(1.10684 0.0294001 9.76512e-22)
(1.10778 0.0293282 -6.42257e-22)
(1.10873 0.0292564 -1.06474e-21)
(1.10968 0.0291848 -3.83437e-22)
(1.11062 0.0291133 -5.48855e-22)
(1.11157 0.0290421 4.61648e-22)
(1.11252 0.028971 -1.12555e-23)
(1.11347 0.0289002 -5.34431e-22)
(1.11442 0.0288296 -2.97981e-22)
(1.11537 0.0287592 1.48656e-21)
(1.11632 0.0286891 -2.6023e-22)
(1.11727 0.0286192 -3.09293e-22)
(1.11822 0.0285498 -1.1849e-21)
(1.11917 0.0284807 5.62173e-22)
(1.12011 0.0284118 7.08247e-23)
(1.12106 0.0283432 -5.01074e-22)
(1.122 0.0282749 3.56187e-22)
(1.12295 0.0282068 -1.67579e-22)
(1.08617 0.026336 -6.46152e-22)
(1.08705 0.0262801 -5.63972e-23)
(1.08793 0.0262234 -6.2845e-22)
(1.08882 0.0261661 1.45011e-21)
(1.08971 0.0261084 -1.1492e-21)
(1.0906 0.0260501 4.72292e-22)
(1.0915 0.0259913 1.00049e-21)
(1.09239 0.0259322 -1.05061e-21)
(1.0933 0.0258726 1.74697e-22)
(1.0942 0.0258128 5.64618e-22)
(1.09511 0.0257526 5.36969e-22)
(1.09602 0.0256921 4.61896e-22)
(1.09693 0.0256315 3.53601e-22)
(1.09785 0.0255706 -3.41842e-21)
(1.09877 0.0255096 2.21304e-23)
(1.09969 0.0254484 2.86136e-21)
(1.10061 0.0253872 -1.22081e-22)
(1.10153 0.0253259 9.06287e-23)
(1.10246 0.0252646 -1.41049e-22)
(1.10338 0.0252033 -3.47017e-21)
(1.10431 0.025142 1.02145e-21)
(1.10524 0.0250808 1.62036e-21)
(1.10617 0.0250197 -1.36095e-21)
(1.1071 0.0249586 1.39751e-21)
(1.10804 0.0248977 -8.27564e-22)
(1.10897 0.0248369 5.78156e-22)
(1.1099 0.0247763 1.12734e-21)
(1.11084 0.0247159 -1.62028e-21)
(1.11177 0.0246557 -8.81602e-22)
(1.1127 0.0245956 2.06572e-21)
(1.11364 0.0245358 -1.61064e-21)
(1.11457 0.0244762 1.13944e-21)
(1.11551 0.0244168 7.47427e-22)
(1.11644 0.0243577 -6.93972e-22)
(1.11737 0.0242989 4.99937e-22)
(1.1183 0.0242403 -3.18169e-22)
(1.11923 0.0241819 -2.43641e-22)
(1.12016 0.0241238 2.18969e-22)
(1.12109 0.0240659 -3.94655e-23)
(1.12201 0.0240082 -4.60124e-23)
(1.08579 0.0216851 3.14328e-22)
(1.08666 0.0216394 1.81946e-22)
(1.08754 0.0215929 -1.68322e-22)
(1.08842 0.0215459 -1.13278e-21)
(1.0893 0.0214984 6.63584e-22)
(1.09019 0.0214506 1.02392e-21)
(1.09108 0.0214023 -1.01166e-21)
(1.09197 0.0213537 -9.25811e-23)
(1.09286 0.0213047 -1.15027e-21)
(1.09376 0.0212554 1.28999e-21)
(1.09466 0.0212059 -2.73776e-21)
(1.09556 0.0211561 8.64345e-22)
(1.09647 0.0211062 -3.11493e-22)
(1.09737 0.021056 9.70447e-22)
(1.09828 0.0210058 2.98634e-21)
(1.09919 0.0209554 2.10032e-22)
(1.1001 0.020905 -8.04316e-23)
(1.10102 0.0208545 -1.29823e-21)
(1.10193 0.020804 -3.13573e-21)
(1.10285 0.0207535 4.07313e-21)
(1.10376 0.0207031 -4.88725e-22)
(1.10468 0.0206526 -4.35811e-22)
(1.1056 0.0206023 2.35295e-22)
(1.10652 0.0205521 2.04905e-22)
(1.10744 0.0205019 -7.15815e-22)
(1.10836 0.0204519 -4.11541e-22)
(1.10928 0.0204021 4.87621e-22)
(1.1102 0.0203524 6.0485e-22)
(1.11112 0.0203028 -7.33596e-22)
(1.11204 0.0202535 1.4133e-21)
(1.11296 0.0202043 -9.13008e-23)
(1.11388 0.0201554 -2.30924e-22)
(1.1148 0.0201066 -3.8789e-22)
(1.11572 0.0200581 5.82912e-22)
(1.11664 0.0200098 8.64074e-23)
(1.11755 0.0199617 -4.20686e-22)
(1.11847 0.0199139 -3.06488e-22)
(1.11938 0.0198662 2.10481e-23)
(1.12029 0.0198188 -1.0705e-23)
(1.12121 0.0197715 5.19011e-23)
(1.08546 0.016988 -6.86594e-23)
(1.08634 0.0169523 3.13806e-22)
(1.08721 0.0169161 1.16365e-22)
(1.08809 0.0168794 2.28355e-22)
(1.08896 0.0168423 3.81262e-22)
(1.08985 0.016805 -4.58832e-22)
(1.09073 0.0167673 -2.66499e-22)
(1.09162 0.0167292 -2.41475e-22)
(1.0925 0.016691 4.61423e-22)
(1.0934 0.0166525 -1.91917e-22)
(1.09429 0.0166138 8.70073e-22)
(1.09518 0.0165749 -1.95629e-21)
(1.09608 0.0165359 2.50456e-21)
(1.09698 0.0164967 -1.20618e-21)
(1.09788 0.0164575 -2.61824e-21)
(1.09878 0.0164182 1.87742e-21)
(1.09969 0.0163788 -1.22713e-21)
(1.10059 0.0163394 2.43159e-21)
(1.1015 0.0163 6.13476e-22)
(1.1024 0.0162606 6.04335e-22)
(1.10331 0.0162212 -2.60359e-21)
(1.10422 0.0161819 -8.51925e-23)
(1.10513 0.0161427 3.84901e-21)
(1.10604 0.0161035 -5.98107e-22)
(1.10695 0.0160644 -4.41556e-21)
(1.10786 0.0160254 1.88712e-21)
(1.10877 0.0159866 -8.66577e-24)
(1.10968 0.0159479 3.45987e-22)
(1.11059 0.0159093 -9.97518e-23)
(1.1115 0.0158709 4.88129e-22)
(1.11241 0.0158326 6.92294e-22)
(1.11331 0.0157945 -1.85517e-21)
(1.11422 0.0157565 2.48527e-21)
(1.11513 0.0157187 -2.18808e-21)
(1.11603 0.0156811 1.37251e-21)
(1.11694 0.0156436 -5.51756e-22)
(1.11784 0.0156063 5.09494e-22)
(1.11874 0.0155692 -4.20426e-22)
(1.11964 0.0155322 2.45881e-22)
(1.12054 0.0154954 -9.77995e-23)
(1.08521 0.0122317 3.64173e-22)
(1.08608 0.0122059 1.85553e-23)
(1.08695 0.0121796 1.03271e-22)
(1.08783 0.0121531 -9.12729e-22)
(1.0887 0.0121262 3.64557e-22)
(1.08958 0.012099 1.53679e-21)
(1.09046 0.0120716 -2.14348e-22)
(1.09135 0.0120439 6.1237e-22)
(1.09223 0.0120161 -1.52133e-21)
(1.09312 0.011988 1.08498e-21)
(1.09401 0.0119598 -2.22703e-21)
(1.0949 0.0119314 2.09277e-21)
(1.09579 0.0119029 1.31021e-21)
(1.09668 0.0118743 -3.32742e-21)
(1.09758 0.0118457 1.55337e-21)
(1.09848 0.011817 4.73626e-22)
(1.09937 0.0117882 1.11655e-22)
(1.10027 0.0117595 -2.53731e-21)
(1.10117 0.0117308 1.69175e-21)
(1.10207 0.0117021 -1.61211e-21)
(1.10297 0.0116735 6.51094e-22)
(1.10387 0.0116449 1.22712e-21)
(1.10477 0.0116164 1.20062e-21)
(1.10568 0.011588 3.92392e-23)
(1.10658 0.0115597 -4.56246e-21)
(1.10748 0.0115315 3.40256e-21)
(1.10838 0.0115034 -1.26092e-21)
(1.10928 0.0114755 6.49131e-22)
(1.11018 0.0114477 -5.03716e-22)
(1.11108 0.01142 1.35047e-21)
(1.11198 0.0113926 -2.55203e-21)
(1.11288 0.0113652 1.93693e-21)
(1.11377 0.0113381 2.71268e-22)
(1.11467 0.011311 -7.45697e-22)
(1.11557 0.0112842 -6.6903e-22)
(1.11646 0.0112576 1.0826e-21)
(1.11735 0.0112311 -5.31532e-22)
(1.11824 0.0112047 -2.25916e-22)
(1.11913 0.0111785 3.56498e-22)
(1.12002 0.0111524 -1.06281e-22)
(1.08503 0.00740244 2.12191e-23)
(1.0859 0.00738679 -2.00452e-22)
(1.08678 0.00737092 2.45833e-22)
(1.08765 0.00735491 5.13448e-22)
(1.08853 0.00733878 -6.63828e-23)
(1.0894 0.00732255 -2.92232e-22)
(1.09028 0.0073062 -5.34521e-23)
(1.09116 0.00728977 -1.69163e-21)
(1.09205 0.00727325 1.20747e-21)
(1.09293 0.00725667 8.33276e-22)
(1.09382 0.00724002 -2.41136e-22)
(1.09471 0.00722333 -2.51195e-22)
(1.0956 0.00720659 -7.35287e-22)
(1.09649 0.00718982 3.64352e-24)
(1.09738 0.00717302 2.40388e-22)
(1.09827 0.0071562 -9.63756e-22)
(1.09916 0.00713937 2.75746e-21)
(1.10006 0.00712254 -2.6858e-21)
(1.10095 0.00710571 1.18768e-21)
(1.10185 0.00708889 1.24232e-23)
(1.10274 0.00707208 -8.65194e-22)
(1.10364 0.00705528 -6.17475e-22)
(1.10453 0.00703852 9.23699e-22)
(1.10543 0.00702178 1.31187e-21)
(1.10633 0.00700508 1.95472e-22)
(1.10722 0.00698841 -1.73111e-21)
(1.10812 0.00697179 -3.9225e-22)
(1.10901 0.00695521 8.88873e-22)
(1.1099 0.00693868 4.61772e-22)
(1.1108 0.00692219 -1.31772e-21)
(1.11169 0.00690576 5.00705e-22)
(1.11258 0.00688938 -2.55676e-22)
(1.11347 0.00687305 1.46609e-21)
(1.11436 0.00685677 -9.36424e-22)
(1.11525 0.00684054 2.75293e-22)
(1.11613 0.00682436 -6.48758e-22)
(1.11702 0.00680823 4.98579e-22)
(1.1179 0.00679215 1.59352e-22)
(1.11878 0.00677613 -3.64306e-22)
(1.11966 0.00676015 1.26915e-22)
(1.08494 0.00248339 -1.66987e-22)
(1.08582 0.00247732 5.68998e-23)
(1.08669 0.00247088 2.3544e-22)
(1.08757 0.00246416 -7.72145e-22)
(1.08845 0.0024572 4.54488e-23)
(1.08933 0.00245006 9.57921e-22)
(1.09021 0.00244278 -6.9403e-22)
(1.09109 0.00243539 -8.99154e-22)
(1.09198 0.00242794 1.74421e-22)
(1.09286 0.00242047 7.57821e-23)
(1.09375 0.00241299 -6.09243e-22)
(1.09464 0.00240554 5.10793e-22)
(1.09553 0.00239814 -1.46491e-22)
(1.09642 0.00239082 2.1191e-21)
(1.09731 0.00238359 -6.86865e-22)
(1.0982 0.00237647 2.23185e-22)
(1.09909 0.00236948 -4.91817e-22)
(1.09998 0.00236262 1.7849e-21)
(1.10087 0.00235592 -3.94093e-21)
(1.10176 0.00234936 3.33206e-21)
(1.10265 0.00234298 9.89349e-22)
(1.10355 0.00233676 -2.58427e-21)
(1.10444 0.00233072 -5.15928e-23)
(1.10533 0.00232486 2.60587e-22)
(1.10622 0.00231918 -2.29293e-21)
(1.10711 0.00231368 2.53486e-21)
(1.108 0.00230835 1.3102e-21)
(1.10889 0.00230321 -6.22407e-22)
(1.10978 0.00229824 5.54838e-23)
(1.11066 0.00229344 -1.96508e-22)
(1.11155 0.0022888 -1.96355e-21)
(1.11243 0.00228433 9.37135e-22)
(1.11332 0.00228001 8.42329e-22)
(1.1142 0.00227582 6.64643e-22)
(1.11508 0.00227174 -1.22928e-21)
(1.11596 0.00226776 8.44292e-22)
(1.11684 0.00226389 -9.21539e-22)
(1.11771 0.00226015 2.87521e-22)
(1.11859 0.00225651 -1.10685e-22)
(1.11946 0.00225297 -2.67181e-24)
(0.999987 0.00150569 0)
(0.999334 0.00448635 0)
(0.998075 0.007497 0)
(0.996294 0.0106034 0)
(0.994022 0.0138907 0)
(0.991291 0.017422 0)
(0.988131 0.0212623 0)
(0.984556 0.0254736 0)
(0.980596 0.0301192 0)
(0.976266 0.0352639 0)
(0.9716 0.0409732 0)
(0.966618 0.0473184 0)
(0.961371 0.05437 0)
(0.955887 0.062207 0)
(0.950245 0.0709031 0)
(0.944484 0.0805443 0)
(0.938723 0.0912011 0)
(0.933012 0.102963 0)
(0.927532 0.115884 0)
(0.922325 0.130055 0)
(0.917681 0.145483 0)
(0.913578 0.162267 0)
(0.910512 0.180315 0)
(0.908243 0.199774 0)
(0.907744 0.220311 0)
(0.908081 0.242339 0)
(0.911557 0.264776 0)
(0.915061 0.289442 0)
(0.92506 0.31164 0)
(0.93255 0.344141 0)
(0.999988 0.00154789 0)
(0.999349 0.004611 0)
(0.998115 0.00770146 0)
(0.99637 0.0108878 0)
(0.994145 0.0142557 0)
(0.991474 0.0178695 0)
(0.988385 0.0217946 0)
(0.984898 0.0260931 0)
(0.981043 0.0308281 0)
(0.976837 0.0360634 0)
(0.972319 0.0418635 0)
(0.96751 0.0482981 0)
(0.962468 0.0554351 0)
(0.957225 0.0633503 0)
(0.951864 0.0721135 0)
(0.946429 0.0818055 0)
(0.941049 0.0924907 0)
(0.935771 0.104251 0)
(0.930794 0.117132 0)
(0.926149 0.131214 0)
(0.922149 0.146493 0)
(0.918744 0.163054 0)
(0.916473 0.180787 0)
(0.915016 0.19983 0)
(0.915456 0.21981 0)
(0.916646 0.241163 0)
(0.921182 0.262657 0)
(0.925453 0.286378 0)
(0.936522 0.306625 0)
(0.943018 0.336386 0)
(0.999989 0.00159043 0)
(0.999365 0.00473754 0)
(0.99816 0.00791078 0)
(0.996455 0.0111813 0)
(0.994283 0.0146353 0)
(0.991677 0.0183381 0)
(0.988669 0.0223556 0)
(0.985278 0.0267499 0)
(0.981538 0.0315835 0)
(0.977466 0.0369195 0)
(0.973107 0.0428209 0)
(0.968483 0.049355 0)
(0.963658 0.056587 0)
(0.958664 0.0645888 0)
(0.953594 0.073425 0)
(0.948492 0.08317 0)
(0.943494 0.0938804 0)
(0.93865 0.105629 0)
(0.934166 0.118449 0)
(0.930067 0.132409 0)
(0.926683 0.147489 0)
(0.923936 0.163759 0)
(0.922405 0.181085 0)
(0.921694 0.199595 0)
(0.92297 0.218868 0)
(0.924928 0.239377 0)
(0.930311 0.259702 0)
(0.935244 0.282221 0)
(0.946769 0.300473 0)
(0.953256 0.327799 0)
(0.999989 0.00163324 0)
(0.999382 0.00486508 0)
(0.998208 0.0081217 0)
(0.996547 0.0114767 0)
(0.994433 0.0150169 0)
(0.991899 0.0188086 0)
(0.988978 0.0229181 0)
(0.985692 0.0274073 0)
(0.982074 0.0323385 0)
(0.978148 0.0377736 0)
(0.973957 0.0437743 0)
(0.96953 0.0504056 0)
(0.964932 0.0577299 0)
(0.960199 0.0658147 0)
(0.955429 0.0747201 0)
(0.950667 0.0845137 0)
(0.946057 0.0952447 0)
(0.941646 0.106976 0)
(0.93765 0.119731 0)
(0.934084 0.133565 0)
(0.931294 0.148443 0)
(0.929174 0.164422 0)
(0.928329 0.181346 0)
(0.928308 0.199335 0)
(0.930319 0.217927 0)
(0.932971 0.237628 0)
(0.939007 0.256867 0)
(0.944528 0.278248 0)
(0.956239 0.294975 0)
(0.963067 0.320538 0)
(0.99999 0.00167589 0)
(0.999399 0.00499219 0)
(0.998259 0.00833168 0)
(0.996645 0.0117703 0)
(0.994593 0.0153954 0)
(0.992136 0.0192743 0)
(0.989309 0.0234733 0)
(0.986134 0.0280545 0)
(0.982648 0.0330792 0)
(0.978875 0.0386085 0)
(0.974863 0.0447023 0)
(0.970642 0.0514232 0)
(0.966281 0.0588306 0)
(0.961819 0.0669876 0)
(0.957358 0.0759492 0)
(0.952944 0.0857765 0)
(0.948727 0.0965112 0)
(0.94475 0.108207 0)
(0.941238 0.120877 0)
(0.938196 0.134562 0)
(0.935978 0.149218 0)
(0.934458 0.164885 0)
(0.934252 0.181392 0)
(0.934875 0.198849 0)
(0.93753 0.21676 0)
(0.940811 0.235667 0)
(0.947349 0.25388 0)
(0.953391 0.274189 0)
(0.965162 0.289653 0)
(0.97231 0.31371 0)
(0.99999 0.00171822 0)
(0.999417 0.00511839 0)
(0.998312 0.00854006 0)
(0.996748 0.0120615 0)
(0.994762 0.0157703 0)
(0.992387 0.0197347 0)
(0.989658 0.0240212 0)
(0.986601 0.0286913 0)
(0.983253 0.0338059 0)
(0.979642 0.0394245 0)
(0.975817 0.0456054 0)
(0.971811 0.0524083 0)
(0.967697 0.0598892 0)
(0.963515 0.0681068 0)
(0.95937 0.077111 0)
(0.955311 0.0869553 0)
(0.951491 0.0976747 0)
(0.947949 0.109312 0)
(0.944916 0.121872 0)
(0.942388 0.135382 0)
(0.940722 0.149787 0)
(0.939778 0.165111 0)
(0.940164 0.181172 0)
(0.941386 0.198072 0)
(0.944605 0.215281 0)
(0.94845 0.233386 0)
(0.955374 0.250594 0)
(0.961858 0.269853 0)
(0.9736 0.284154 0)
(0.981005 0.306789 0)
(0.99999 0.00176018 0)
(0.999436 0.0052435 0)
(0.998368 0.00874653 0)
(0.996856 0.0123498 0)
(0.994938 0.016141 0)
(0.992649 0.0201893 0)
(0.990024 0.0245609 0)
(0.98709 0.0293172 0)
(0.983888 0.0345179 0)
(0.980445 0.040221 0)
(0.976815 0.0464829 0)
(0.973032 0.0533602 0)
(0.969172 0.0609056 0)
(0.965277 0.0691725 0)
(0.961456 0.0782057 0)
(0.957757 0.0880515 0)
(0.954335 0.0987372 0)
(0.951229 0.110296 0)
(0.948669 0.122722 0)
(0.946645 0.136033 0)
(0.945509 0.150159 0)
(0.945116 0.165116 0)
(0.946052 0.180703 0)
(0.94783 0.197025 0)
(0.951538 0.213517 0)
(0.955882 0.230815 0)
(0.963102 0.247041 0)
(0.969942 0.265265 0)
(0.981584 0.278479 0)
(0.989208 0.299763 0)
(0.99999 0.00180168 0)
(0.999456 0.00536727 0)
(0.998425 0.00895064 0)
(0.996967 0.0126344 0)
(0.995122 0.0165066 0)
(0.992922 0.0206368 0)
(0.990406 0.025091 0)
(0.987601 0.0299301 0)
(0.984549 0.0352127 0)
(0.981281 0.0409951 0)
(0.977853 0.0473316 0)
(0.974299 0.0542753 0)
(0.9707 0.0618754 0)
(0.967099 0.0701802 0)
(0.963606 0.079229 0)
(0.96027 0.0890605 0)
(0.957247 0.0996949 0)
(0.954575 0.111155 0)
(0.952479 0.123427 0)
(0.950948 0.136515 0)
(0.950322 0.15034 0)
(0.950454 0.164908 0)
(0.951898 0.180002 0)
(0.954189 0.195735 0)
(0.958325 0.211503 0)
(0.963104 0.227999 0)
(0.970546 0.243274 0)
(0.977666 0.260486 0)
(0.989154 0.272693 0)
(0.996956 0.292698 0)
(0.999991 0.00184263 0)
(0.999476 0.00548939 0)
(0.998484 0.00915186 0)
(0.997083 0.0129147 0)
(0.995313 0.016866 0)
(0.993205 0.0210757 0)
(0.990802 0.0256096 0)
(0.98813 0.0305278 0)
(0.985235 0.0358877 0)
(0.982147 0.0417437 0)
(0.978925 0.0481476 0)
(0.975608 0.0551493 0)
(0.972275 0.062794 0)
(0.968972 0.0711247 0)
(0.965811 0.0801752 0)
(0.96284 0.0899766 0)
(0.960215 0.100542 0)
(0.957973 0.111884 0)
(0.956333 0.123981 0)
(0.955282 0.136826 0)
(0.955142 0.150329 0)
(0.955774 0.164491 0)
(0.957688 0.179077 0)
(0.96045 0.194212 0)
(0.964957 0.209259 0)
(0.970111 0.224961 0)
(0.977716 0.239325 0)
(0.985049 0.255556 0)
(0.996342 0.26683 0)
(1.00427 0.285621 0)
(0.999991 0.00188292 0)
(0.999497 0.00560955 0)
(0.998546 0.00934966 0)
(0.997203 0.0131898 0)
(0.99551 0.0172181 0)
(0.993499 0.0215047 0)
(0.991212 0.026115 0)
(0.988677 0.0311083 0)
(0.985942 0.0365404 0)
(0.98304 0.0424638 0)
(0.980031 0.0489277 0)
(0.976954 0.0559783 0)
(0.973891 0.063657 0)
(0.97089 0.0720013 0)
(0.968062 0.0810393 0)
(0.965457 0.0907947 0)
(0.963228 0.101273 0)
(0.96141 0.112479 0)
(0.960214 0.124381 0)
(0.959628 0.136964 0)
(0.959953 0.150127 0)
(0.961057 0.163867 0)
(0.963405 0.177934 0)
(0.966594 0.192467 0)
(0.971426 0.206801 0)
(0.976897 0.221722 0)
(0.984617 0.235214 0)
(0.992106 0.250498 0)
(1.00317 0.260905 0)
(1.01118 0.278538 0)
(0.999991 0.00192245 0)
(0.999519 0.00572741 0)
(0.998609 0.00954346 0)
(0.997327 0.013459 0)
(0.995713 0.0175618 0)
(0.993802 0.0219224 0)
(0.991634 0.0266055 0)
(0.989241 0.0316694 0)
(0.986671 0.0371684 0)
(0.983958 0.0431525 0)
(0.981165 0.0496685 0)
(0.978332 0.0567588 0)
(0.975544 0.0644604 0)
(0.972847 0.0728056 0)
(0.970353 0.0818167 0)
(0.968113 0.0915103 0)
(0.966274 0.101885 0)
(0.964872 0.112937 0)
(0.964108 0.124624 0)
(0.963971 0.136928 0)
(0.964737 0.149734 0)
(0.966285 0.163041 0)
(0.969031 0.17658 0)
(0.972606 0.190512 0)
(0.977719 0.204143 0)
(0.983458 0.218298 0)
(0.991249 0.23096 0)
(0.998846 0.245333 0)
(1.00967 0.254933 0)
(1.01771 0.271462 0)
(0.999992 0.0019611 0)
(0.999541 0.00584262 0)
(0.998675 0.00973267 0)
(0.997455 0.0137213 0)
(0.995923 0.0178961 0)
(0.994114 0.0223273 0)
(0.992069 0.0270794 0)
(0.989821 0.032209 0)
(0.987419 0.037769 0)
(0.9849 0.0438071 0)
(0.982326 0.0503669 0)
(0.979741 0.057487 0)
(0.977228 0.0652003 0)
(0.974836 0.0735336 0)
(0.972676 0.0825033 0)
(0.970797 0.0921195 0)
(0.969342 0.102373 0)
(0.968348 0.113253 0)
(0.968001 0.124709 0)
(0.968294 0.136717 0)
(0.969477 0.149152 0)
(0.97144 0.162016 0)
(0.97455 0.175025 0)
(0.978471 0.188356 0)
(0.983826 0.2013 0)
(0.989785 0.214708 0)
(0.997613 0.226578 0)
(1.00527 0.240079 0)
(1.01583 0.248929 0)
(1.02387 0.264407 0)
(0.999992 0.00199874 0)
(0.999564 0.00595482 0)
(0.998743 0.00991669 0)
(0.997587 0.0139759 0)
(0.99614 0.0182197 0)
(0.994435 0.0227182 0)
(0.992516 0.0275348 0)
(0.990416 0.0327251 0)
(0.988186 0.03834 0)
(0.985864 0.0444246 0)
(0.983512 0.0510195 0)
(0.981177 0.0581595 0)
(0.97894 0.0658729 0)
(0.976854 0.0741814 0)
(0.975024 0.0830952 0)
(0.973501 0.0926184 0)
(0.972423 0.102734 0)
(0.971825 0.113426 0)
(0.97188 0.124635 0)
(0.972583 0.136333 0)
(0.974158 0.148386 0)
(0.976506 0.160799 0)
(0.979946 0.173275 0)
(0.984176 0.18601 0)
(0.989735 0.198284 0)
(0.995872 0.210966 0)
(1.00371 0.222086 0)
(1.0114 0.234752 0)
(1.02168 0.242907 0)
(1.02968 0.257387 0)
(0.999993 0.00203526 0)
(0.999588 0.00606361 0)
(0.998812 0.0100949 0)
(0.997723 0.0142219 0)
(0.996362 0.0185314 0)
(0.994764 0.0230933 0)
(0.992974 0.02797 0)
(0.991026 0.0332155 0)
(0.98897 0.0388787 0)
(0.986847 0.0450022 0)
(0.98472 0.0516233 0)
(0.982636 0.0587728 0)
(0.980676 0.0664747 0)
(0.978893 0.0747452 0)
(0.97739 0.0835889 0)
(0.976219 0.0930041 0)
(0.975507 0.102966 0)
(0.975292 0.113455 0)
(0.975732 0.124401 0)
(0.976824 0.135777 0)
(0.978766 0.147437 0)
(0.981468 0.159394 0)
(0.985207 0.171341 0)
(0.989706 0.183486 0)
(0.995436 0.19511 0)
(1.00171 0.207089 0)
(1.00953 0.217497 0)
(1.01721 0.229367 0)
(1.02722 0.236878 0)
(1.03515 0.250414 0)
(0.999993 0.0020705 0)
(0.999612 0.00616859 0)
(0.998884 0.0102665 0)
(0.997862 0.0144584 0)
(0.99659 0.0188301 0)
(0.995102 0.0234512 0)
(0.993443 0.0283831 0)
(0.991649 0.0336779 0)
(0.98977 0.0393827 0)
(0.987849 0.0455371 0)
(0.985948 0.0521751 0)
(0.984115 0.0593238 0)
(0.982432 0.0670021 0)
(0.98095 0.0752219 0)
(0.979769 0.0839813 0)
(0.978941 0.0932737 0)
(0.978585 0.103067 0)
(0.97874 0.113338 0)
(0.979547 0.124009 0)
(0.981004 0.135051 0)
(0.983288 0.146312 0)
(0.986313 0.157809 0)
(0.990319 0.16923 0)
(0.995054 0.180795 0)
(1.00092 0.19179 0)
(1.00731 0.203089 0)
(1.01507 0.212823 0)
(1.02273 0.223938 0)
(1.03245 0.230853 0)
(1.0403 0.243497 0)
(0.999993 0.00210435 0)
(0.999637 0.00626933 0)
(0.998957 0.010431 0)
(0.998005 0.0146843 0)
(0.996824 0.0191144 0)
(0.995448 0.0237904 0)
(0.993923 0.0287721 0)
(0.992285 0.0341103 0)
(0.990585 0.0398495 0)
(0.988867 0.0460265 0)
(0.987193 0.052672 0)
(0.985612 0.0598091 0)
(0.984203 0.0674521 0)
(0.983019 0.0756081 0)
(0.982154 0.0842695 0)
(0.981661 0.0934249 0)
(0.98165 0.103036 0)
(0.982158 0.113075 0)
(0.983313 0.123459 0)
(0.985113 0.134158 0)
(0.987712 0.145014 0)
(0.991031 0.156051 0)
(0.995273 0.166953 0)
(1.00021 0.177949 0)
(1.00618 0.188336 0)
(1.01264 0.198981 0)
(1.02034 0.208078 0)
(1.02794 0.218476 0)
(1.03737 0.22484 0)
(1.04512 0.236643 0)
(0.999994 0.00213664 0)
(0.999663 0.00636542 0)
(0.999032 0.0105875 0)
(0.998151 0.0148986 0)
(0.997063 0.0193831 0)
(0.995802 0.0241091 0)
(0.994412 0.0291353 0)
(0.992932 0.0345104 0)
(0.991414 0.0402765 0)
(0.9899 0.0464677 0)
(0.988453 0.0531111 0)
(0.987123 0.0602258 0)
(0.985985 0.0678216 0)
(0.985094 0.0759012 0)
(0.98454 0.0844511 0)
(0.984372 0.0934561 0)
(0.984692 0.102871 0)
(0.985537 0.112667 0)
(0.98702 0.122753 0)
(0.989141 0.133102 0)
(0.992028 0.14355 0)
(0.995611 0.154127 0)
(1.00006 0.164518 0)
(1.00516 0.174957 0)
(1.01122 0.184759 0)
(1.01773 0.194777 0)
(1.02534 0.203273 0)
(1.03287 0.212992 0)
(1.042 0.218846 0)
(1.04964 0.229861 0)
(0.999994 0.00216723 0)
(0.99969 0.00645638 0)
(0.999109 0.0107353 0)
(0.998301 0.0151003 0)
(0.997307 0.0196348 0)
(0.996162 0.0244058 0)
(0.99491 0.0294706 0)
(0.993591 0.0348759 0)
(0.992254 0.0406613 0)
(0.990945 0.0468581 0)
(0.989725 0.0534894 0)
(0.988644 0.060571 0)
(0.987775 0.0681078 0)
(0.987173 0.0760985 0)
(0.986919 0.0845241 0)
(0.987066 0.0933657 0)
(0.987705 0.102573 0)
(0.98887 0.112114 0)
(0.990661 0.121893 0)
(0.993077 0.131886 0)
(0.996227 0.141925 0)
(1.00004 0.152046 0)
(1.00467 0.161935 0)
(1.00992 0.171832 0)
(1.01603 0.181072 0)
(1.02255 0.190489 0)
(1.03006 0.198417 0)
(1.0375 0.207495 0)
(1.04634 0.21288 0)
(1.05385 0.223154 0)
(0.999995 0.00219597 0)
(0.999717 0.00654177 0)
(0.999188 0.0108737 0)
(0.998454 0.0152884 0)
(0.997556 0.0198681 0)
(0.996529 0.0246788 0)
(0.995416 0.0297761 0)
(0.994258 0.0352047 0)
(0.993105 0.0410015 0)
(0.992001 0.0471948 0)
(0.991007 0.0538042 0)
(0.990173 0.060842 0)
(0.989569 0.0683082 0)
(0.989248 0.0761978 0)
(0.989288 0.0844867 0)
(0.989737 0.0931529 0)
(0.990679 0.102141 0)
(0.992147 0.111417 0)
(0.994226 0.120884 0)
(0.996913 0.130516 0)
(1.0003 0.140147 0)
(1.00433 0.149814 0)
(1.00911 0.159214 0)
(1.01446 0.168584 0)
(1.0206 0.177284 0)
(1.02712 0.186128 0)
(1.03451 0.193522 0)
(1.04185 0.201996 0)
(1.05039 0.206947 0)
(1.05777 0.216526 0)
(0.999995 0.0022227 0)
(0.999744 0.0066211 0)
(0.999268 0.0110018 0)
(0.998609 0.0154617 0)
(0.997809 0.0200816 0)
(0.996901 0.0249264 0)
(0.99593 0.0300498 0)
(0.994934 0.0354945 0)
(0.993965 0.0412945 0)
(0.993065 0.0474754 0)
(0.992296 0.054053 0)
(0.991706 0.0610361 0)
(0.991361 0.0684203 0)
(0.991315 0.0761972 0)
(0.991638 0.0843377 0)
(0.992379 0.0928173 0)
(0.99361 0.101576 0)
(0.995361 0.11058 0)
(0.997707 0.119727 0)
(1.00064 0.128997 0)
(1.00424 0.138221 0)
(1.00845 0.147442 0)
(1.01335 0.156364 0)
(1.01879 0.165224 0)
(1.02494 0.173408 0)
(1.03144 0.181705 0)
(1.0387 0.188597 0)
(1.04592 0.196502 0)
(1.05417 0.201052 0)
(1.06141 0.209982 0)
(0.999996 0.00224726 0)
(0.999772 0.00669389 0)
(0.999349 0.0111189 0)
(0.998767 0.0156192 0)
(0.998065 0.0202739 0)
(0.997279 0.025147 0)
(0.996449 0.0302898 0)
(0.995617 0.0357431 0)
(0.994831 0.0415381 0)
(0.994136 0.0476974 0)
(0.993589 0.0542332 0)
(0.993238 0.061151 0)
(0.993148 0.0684421 0)
(0.993369 0.0760949 0)
(0.993966 0.0840761 0)
(0.994984 0.0923587 0)
(0.996488 0.100879 0)
(0.998506 0.109603 0)
(1.0011 0.118428 0)
(1.00426 0.127333 0)
(1.00805 0.136154 0)
(1.01241 0.144937 0)
(1.01742 0.153394 0)
(1.02292 0.161762 0)
(1.02906 0.169453 0)
(1.03551 0.17723 0)
(1.04263 0.183649 0)
(1.04971 0.191019 0)
(1.05768 0.195202 0)
(1.06477 0.203523 0)
(0.999996 0.00226948 0)
(0.999801 0.00675965 0)
(0.999432 0.0112242 0)
(0.998927 0.0157596 0)
(0.998326 0.0204437 0)
(0.997661 0.0253387 0)
(0.996974 0.030494 0)
(0.996305 0.0359483 0)
(0.995702 0.0417298 0)
(0.99521 0.0478583 0)
(0.994882 0.0543424 0)
(0.994768 0.0611845 0)
(0.994926 0.0683718 0)
(0.995405 0.0758898 0)
(0.996265 0.0837013 0)
(0.997547 0.0917775 0)
(0.999309 0.100052 0)
(1.00157 0.108491 0)
(1.00439 0.11699 0)
(1.00776 0.125532 0)
(1.01171 0.133955 0)
(1.0162 0.142308 0)
(1.02129 0.150314 0)
(1.02683 0.158208 0)
(1.03294 0.165429 0)
(1.03934 0.172713 0)
(1.04631 0.178688 0)
(1.05325 0.185556 0)
(1.06094 0.189399 0)
(1.06787 0.197151 0)
(0.999997 0.00228919 0)
(0.999829 0.00681787 0)
(0.999515 0.0113169 0)
(0.999089 0.015882 0)
(0.998589 0.0205895 0)
(0.998046 0.0254999 0)
(0.997503 0.0306607 0)
(0.996997 0.0361081 0)
(0.996577 0.0418675 0)
(0.996285 0.047956 0)
(0.996173 0.0543786 0)
(0.99629 0.0611346 0)
(0.996689 0.0682078 0)
(0.997417 0.0755807 0)
(0.998529 0.083213 0)
(1.00006 0.0910744 0)
(1.00206 0.0990964 0)
(1.00456 0.107245 0)
(1.00758 0.115418 0)
(1.01113 0.123598 0)
(1.01523 0.131629 0)
(1.01983 0.139562 0)
(1.02497 0.147134 0)
(1.03053 0.154572 0)
(1.0366 0.161345 0)
(1.04293 0.168161 0)
(1.04974 0.173721 0)
(1.05654 0.180117 0)
(1.06395 0.183647 0)
(1.07072 0.190867 0)
(0.999997 0.00230622 0)
(0.999859 0.00686803 0)
(0.9996 0.011396 0)
(0.999253 0.0159851 0)
(0.998854 0.0207098 0)
(0.998434 0.025629 0)
(0.998034 0.0307879 0)
(0.997692 0.0362204 0)
(0.997452 0.0419491 0)
(0.997358 0.0479882 0)
(0.997459 0.0543396 0)
(0.9978 0.0609997 0)
(0.998434 0.0679487 0)
(0.999402 0.0751671 0)
(1.00075 0.0826116 0)
(1.00252 0.0902506 0)
(1.00475 0.0980147 0)
(1.00745 0.10587 0)
(1.01066 0.113716 0)
(1.01437 0.121538 0)
(1.01859 0.129185 0)
(1.02328 0.136709 0)
(1.02846 0.14386 0)
(1.03403 0.150862 0)
(1.04003 0.157209 0)
(1.04628 0.163582 0)
(1.05293 0.168753 0)
(1.05957 0.174707 0)
(1.06672 0.17795 0)
(1.07332 0.184673 0)
(0.999998 0.00232041 0)
(0.999888 0.00690965 0)
(0.999685 0.0114608 0)
(0.999418 0.0160678 0)
(0.999121 0.0208033 0)
(0.998825 0.0257243 0)
(0.998568 0.0308737 0)
(0.998387 0.0362832 0)
(0.998326 0.0419724 0)
(0.998427 0.0479531 0)
(0.998736 0.0542236 0)
(0.999296 0.0607782 0)
(1.00016 0.0675936 0)
(1.00135 0.0746485 0)
(1.00293 0.0818973 0)
(1.00492 0.0893076 0)
(1.00736 0.0968095 0)
(1.01026 0.10437 0)
(1.01363 0.11189 0)
(1.01748 0.119358 0)
(1.0218 0.126629 0)
(1.02656 0.133757 0)
(1.03176 0.140503 0)
(1.03732 0.147086 0)
(1.04325 0.15303 0)
(1.0494 0.158985 0)
(1.05589 0.16379 0)
(1.06238 0.169331 0)
(1.06926 0.172309 0)
(1.0757 0.178567 0)
(0.999999 0.00233158 0)
(0.999918 0.00694219 0)
(0.999771 0.0115105 0)
(0.999584 0.016129 0)
(0.999389 0.0208685 0)
(0.999216 0.0257842 0)
(0.999101 0.0309163 0)
(0.999081 0.0362945 0)
(0.999197 0.0419356 0)
(0.999489 0.0478486 0)
(1 0.0540292 0)
(1.00077 0.0604688 0)
(1.00185 0.0671418 0)
(1.00327 0.074025 0)
(1.00506 0.0810711 0)
(1.00726 0.0882472 0)
(1.00989 0.0954836 0)
(1.01296 0.102748 0)
(1.01649 0.109945 0)
(1.02045 0.117065 0)
(1.02486 0.123969 0)
(1.02967 0.130711 0)
(1.03488 0.137069 0)
(1.0404 0.143252 0)
(1.04626 0.148814 0)
(1.0523 0.154374 0)
(1.05863 0.158839 0)
(1.06495 0.163992 0)
(1.07158 0.166727 0)
(1.07786 0.172551 0)
(0.999999 0.00233955 0)
(0.999948 0.00696515 0)
(0.999857 0.0115441 0)
(0.999751 0.0161676 0)
(0.999658 0.0209042 0)
(0.999607 0.025807 0)
(0.999634 0.0309141 0)
(0.999772 0.0362527 0)
(1.00006 0.0418368 0)
(1.00054 0.0476733 0)
(1.00125 0.0537547 0)
(1.00223 0.0600705 0)
(1.00351 0.0665928 0)
(1.00514 0.0732967 0)
(1.00713 0.080134 0)
(1.00953 0.0870714 0)
(1.01233 0.0940401 0)
(1.01556 0.101009 0)
(1.01922 0.107887 0)
(1.02329 0.114664 0)
(1.02776 0.121211 0)
(1.03261 0.127582 0)
(1.03781 0.133566 0)
(1.04329 0.139369 0)
(1.04906 0.144569 0)
(1.05499 0.149756 0)
(1.06115 0.153902 0)
(1.06731 0.158693 0)
(1.0737 0.161204 0)
(1.0798 0.166623 0)
(1 0.00234416 0)
(0.999978 0.00697804 0)
(0.999944 0.011561 0)
(0.999918 0.0161825 0)
(0.999926 0.0209089 0)
(0.999998 0.0257913 0)
(1.00016 0.0308653 0)
(1.00046 0.0361559 0)
(1.00092 0.0416745 0)
(1.00158 0.0474255 0)
(1.00248 0.0533991 0)
(1.00366 0.0595827 0)
(1.00514 0.0659465 0)
(1.00696 0.0724643 0)
(1.00915 0.0790875 0)
(1.01172 0.0857827 0)
(1.01469 0.0924826 0)
(1.01806 0.0991577 0)
(1.02183 0.105719 0)
(1.02598 0.112161 0)
(1.03051 0.118362 0)
(1.03537 0.124374 0)
(1.04055 0.130002 0)
(1.04598 0.135442 0)
(1.05165 0.1403 0)
(1.05747 0.145136 0)
(1.06346 0.148985 0)
(1.06946 0.153436 0)
(1.07561 0.155742 0)
(1.08155 0.160782 0)
(1 0.00234524 0)
(1.00001 0.00698034 0)
(1.00003 0.0115603 0)
(1.00008 0.0161726 0)
(1.00019 0.0208814 0)
(1.00039 0.0257356 0)
(1.00069 0.0307684 0)
(1.00114 0.0360026 0)
(1.00177 0.041447 0)
(1.00261 0.047104 0)
(1.00369 0.0529614 0)
(1.00506 0.0590048 0)
(1.00673 0.0652029 0)
(1.00874 0.0715287 0)
(1.0111 0.0779333 0)
(1.01383 0.0843838 0)
(1.01695 0.0908146 0)
(1.02044 0.0971977 0)
(1.02431 0.103449 0)
(1.02853 0.109564 0)
(1.0331 0.115428 0)
(1.03797 0.121095 0)
(1.04311 0.126382 0)
(1.04848 0.131477 0)
(1.05405 0.136012 0)
(1.05975 0.140519 0)
(1.06557 0.144089 0)
(1.07141 0.148224 0)
(1.07733 0.150341 0)
(1.0831 0.155027 0)
(1 0.00234262 0)
(1.00004 0.00697157 0)
(1.00012 0.0115413 0)
(1.00025 0.0161368 0)
(1.00046 0.0208204 0)
(1.00077 0.0256384 0)
(1.00121 0.0306219 0)
(1.00181 0.0357913 0)
(1.0026 0.0411532 0)
(1.00361 0.0467077 0)
(1.00488 0.0524408 0)
(1.00642 0.0583366 0)
(1.00827 0.0643624 0)
(1.01045 0.0704909 0)
(1.01298 0.0766734 0)
(1.01587 0.0828774 0)
(1.01911 0.0890398 0)
(1.02271 0.0951341 0)
(1.02667 0.101081 0)
(1.03094 0.106877 0)
(1.03553 0.112417 0)
(1.04039 0.117752 0)
(1.04549 0.122713 0)
(1.05079 0.127481 0)
(1.05626 0.131712 0)
(1.06183 0.135908 0)
(1.06749 0.139219 0)
(1.07316 0.143057 0)
(1.07887 0.145001 0)
(1.08447 0.149356 0)
(1 0.00233614 0)
(1.00007 0.00695126 0)
(1.0002 0.011503 0)
(1.00041 0.0160743 0)
(1.00072 0.0207247 0)
(1.00115 0.0254986 0)
(1.00173 0.0304244 0)
(1.00247 0.0355207 0)
(1.00342 0.0407917 0)
(1.0046 0.0462357 0)
(1.00603 0.0518369 0)
(1.00775 0.057578 0)
(1.00977 0.0634258 0)
(1.01211 0.0693524 0)
(1.01479 0.0753099 0)
(1.01781 0.0812667 0)
(1.02118 0.0871621 0)
(1.02487 0.0929715 0)
(1.02889 0.0986201 0)
(1.03321 0.104107 0)
(1.03781 0.109333 0)
(1.04265 0.11435 0)
(1.0477 0.119001 0)
(1.05292 0.123459 0)
(1.05828 0.127402 0)
(1.06373 0.131306 0)
(1.06922 0.134376 0)
(1.07474 0.137937 0)
(1.08023 0.139721 0)
(1.08568 0.143767 0)
(1 0.00232564 0)
(1.0001 0.00691894 0)
(1.00029 0.011445 0)
(1.00058 0.015984 0)
(1.00098 0.0205932 0)
(1.00153 0.0253148 0)
(1.00223 0.0301748 0)
(1.00312 0.0351897 0)
(1.00423 0.0403616 0)
(1.00556 0.0456873 0)
(1.00716 0.0511493 0)
(1.00904 0.0567294 0)
(1.01122 0.0623939 0)
(1.01371 0.0681148 0)
(1.01653 0.0738453 0)
(1.01967 0.0795548 0)
(1.02314 0.0851855 0)
(1.02692 0.0907144 0)
(1.03099 0.096072 0)
(1.03534 0.101258 0)
(1.03994 0.106182 0)
(1.04475 0.110895 0)
(1.04974 0.115251 0)
(1.05488 0.119415 0)
(1.06012 0.123087 0)
(1.06544 0.126717 0)
(1.07078 0.129561 0)
(1.07614 0.132864 0)
(1.08143 0.134501 0)
(1.08671 0.138257 0)
(1 0.00231097 0)
(1.00013 0.00687418 0)
(1.00037 0.0113663 0)
(1.00074 0.015865 0)
(1.00124 0.0204249 0)
(1.0019 0.0250858 0)
(1.00273 0.0298718 0)
(1.00376 0.0347971 0)
(1.00501 0.0398622 0)
(1.0065 0.045062 0)
(1.00825 0.050378 0)
(1.01029 0.0557912 0)
(1.01261 0.0612678 0)
(1.01525 0.0667799 0)
(1.01819 0.0722821 0)
(1.02144 0.077745 0)
(1.025 0.0831139 0)
(1.02884 0.0883677 0)
(1.03296 0.0934415 0)
(1.03733 0.0983373 0)
(1.04191 0.102971 0)
(1.04669 0.107393 0)
(1.05162 0.111467 0)
(1.05667 0.115353 0)
(1.0618 0.118771 0)
(1.06698 0.122144 0)
(1.07217 0.124777 0)
(1.07737 0.127838 0)
(1.08247 0.12934 0)
(1.08759 0.132826 0)
(1 0.00229198 0)
(1.00016 0.00681657 0)
(1.00045 0.0112665 0)
(1.0009 0.0157164 0)
(1.00149 0.0202187 0)
(1.00226 0.0248108 0)
(1.00322 0.0295145 0)
(1.00438 0.0343422 0)
(1.00577 0.0392926 0)
(1.00741 0.0443594 0)
(1.00931 0.0495232 0)
(1.01149 0.0547642 0)
(1.01395 0.0600489 0)
(1.01671 0.0653498 0)
(1.01977 0.0706231 0)
(1.02312 0.0758408 0)
(1.02675 0.0809514 0)
(1.03065 0.0859356 0)
(1.0348 0.0907336 0)
(1.03917 0.0953486 0)
(1.04374 0.099703 0)
(1.04847 0.103847 0)
(1.05333 0.107655 0)
(1.05829 0.111277 0)
(1.0633 0.114455 0)
(1.06836 0.117587 0)
(1.0734 0.120024 0)
(1.07844 0.122859 0)
(1.08336 0.124237 0)
(1.08833 0.127469 0)
(1 0.00226855 0)
(1.00018 0.0067457 0)
(1.00053 0.0111448 0)
(1.00105 0.0155376 0)
(1.00174 0.0199738 0)
(1.00262 0.0244887 0)
(1.00369 0.029102 0)
(1.00499 0.0338242 0)
(1.00651 0.0386526 0)
(1.00829 0.0435796 0)
(1.01033 0.0485852 0)
(1.01264 0.0536492 0)
(1.01523 0.0587386 0)
(1.01811 0.0638266 0)
(1.02127 0.0688711 0)
(1.02471 0.0738456 0)
(1.0284 0.078702 0)
(1.03235 0.0834228 0)
(1.03652 0.0879529 0)
(1.04089 0.0922969 0)
(1.04542 0.0963838 0)
(1.0501 0.100262 0)
(1.05489 0.103817 0)
(1.05975 0.107191 0)
(1.06465 0.110144 0)
(1.06958 0.113049 0)
(1.07447 0.115302 0)
(1.07936 0.117927 0)
(1.08411 0.11919 0)
(1.08893 0.122186 0)
(1 0.00224054 0)
(1.00021 0.0066612 0)
(1.00061 0.0110007 0)
(1.0012 0.0153277 0)
(1.00198 0.0196894 0)
(1.00296 0.0241188 0)
(1.00416 0.0286336 0)
(1.00557 0.0332426 0)
(1.00723 0.0379418 0)
(1.00914 0.0427226 0)
(1.01131 0.0475646 0)
(1.01374 0.0524474 0)
(1.01645 0.0573388 0)
(1.01944 0.0622126 0)
(1.02269 0.067029 0)
(1.0262 0.0717629 0)
(1.02995 0.0763695 0)
(1.03393 0.0808334 0)
(1.03811 0.085104 0)
(1.04246 0.0891869 0)
(1.04697 0.0930175 0)
(1.05159 0.0966431 0)
(1.05629 0.0999577 0)
(1.06107 0.103097 0)
(1.06585 0.105837 0)
(1.07065 0.10853 0)
(1.07539 0.110613 0)
(1.08014 0.11304 0)
(1.08473 0.114197 0)
(1.08939 0.116971 0)
(1 0.00220783 0)
(1.00024 0.00656276 0)
(1.00069 0.0108337 0)
(1.00135 0.0150862 0)
(1.00222 0.0193648 0)
(1.0033 0.0237004 0)
(1.0046 0.0281087 0)
(1.00614 0.032597 0)
(1.00792 0.0371602 0)
(1.00995 0.0417888 0)
(1.01224 0.0464622 0)
(1.0148 0.0511601 0)
(1.01761 0.0558512 0)
(1.02069 0.0605103 0)
(1.02402 0.0650997 0)
(1.0276 0.0695961 0)
(1.03139 0.0739579 0)
(1.03539 0.0781716 0)
(1.03957 0.0821909 0)
(1.04391 0.0860227 0)
(1.04837 0.0896081 0)
(1.05293 0.0929928 0)
(1.05756 0.0960799 0)
(1.06223 0.0989973 0)
(1.0669 0.101539 0)
(1.07158 0.104032 0)
(1.07618 0.105955 0)
(1.08079 0.108198 0)
(1.08521 0.109258 0)
(1.08973 0.111824 0)
(1.00001 0.00217032 0)
(1.00027 0.00645005 0)
(1.00077 0.0106434 0)
(1.00149 0.0148124 0)
(1.00245 0.0189994 0)
(1.00362 0.0232328 0)
(1.00504 0.0275268 0)
(1.00669 0.0318871 0)
(1.00858 0.0363077 0)
(1.01073 0.0407785 0)
(1.01313 0.0452788 0)
(1.0158 0.0497886 0)
(1.01871 0.0542778 0)
(1.02188 0.0587222 0)
(1.02528 0.0630863 0)
(1.0289 0.0673487 0)
(1.03273 0.071471 0)
(1.03675 0.0754413 0)
(1.04092 0.0792178 0)
(1.04523 0.0828082 0)
(1.04965 0.0861591 0)
(1.05414 0.0893146 0)
(1.05869 0.0921862 0)
(1.06326 0.0948942 0)
(1.06782 0.0972483 0)
(1.07238 0.0995548 0)
(1.07684 0.101329 0)
(1.08131 0.103399 0)
(1.08558 0.10437 0)
(1.08996 0.106741 0)
(1.00001 0.00212791 0)
(1.00029 0.00632281 0)
(1.00084 0.0104292 0)
(1.00163 0.0145059 0)
(1.00267 0.0185926 0)
(1.00394 0.0227157 0)
(1.00545 0.0268877 0)
(1.00721 0.031113 0)
(1.00921 0.0353848 0)
(1.01147 0.0396924 0)
(1.01398 0.0440156 0)
(1.01674 0.0483346 0)
(1.01974 0.0526206 0)
(1.02298 0.0568508 0)
(1.02645 0.0609918 0)
(1.03011 0.065024 0)
(1.03397 0.0689122 0)
(1.03799 0.0726463 0)
(1.04215 0.0761884 0)
(1.04643 0.0795469 0)
(1.05079 0.0826738 0)
(1.05522 0.0856114 0)
(1.05968 0.0882788 0)
(1.06416 0.0907893 0)
(1.0686 0.0929673 0)
(1.07304 0.0950984 0)
(1.07738 0.0967334 0)
(1.08171 0.0986428 0)
(1.08584 0.09953 0)
(1.09008 0.101719 0)
(1.00001 0.00208052 0)
(1.00032 0.0061808 0)
(1.00091 0.0101908 0)
(1.00177 0.0141662 0)
(1.00288 0.018144 0)
(1.00424 0.0221487 0)
(1.00585 0.0261912 0)
(1.00771 0.0302746 0)
(1.00982 0.0343917 0)
(1.01218 0.0385314 0)
(1.01478 0.0426738 0)
(1.01763 0.0467998 0)
(1.02071 0.0508819 0)
(1.02402 0.0548986 0)
(1.02753 0.0588191 0)
(1.03123 0.0626252 0)
(1.03511 0.066285 0)
(1.03913 0.0697899 0)
(1.04327 0.073106 0)
(1.04751 0.0762421 0)
(1.05182 0.0791551 0)
(1.05618 0.0818854 0)
(1.06055 0.0843596 0)
(1.06493 0.0866837 0)
(1.06927 0.0886962 0)
(1.07359 0.0906627 0)
(1.0778 0.0921677 0)
(1.082 0.0939263 0)
(1.086 0.0947369 0)
(1.09011 0.0967549 0)
(1.00001 0.00202808 0)
(1.00034 0.00602384 0)
(1.00098 0.0099281 0)
(1.0019 0.0137931 0)
(1.00308 0.0176535 0)
(1.00453 0.0215317 0)
(1.00623 0.0254373 0)
(1.00818 0.0293723 0)
(1.01039 0.033329 0)
(1.01284 0.0372962 0)
(1.01554 0.0412546 0)
(1.01847 0.0451858 0)
(1.02162 0.0490637 0)
(1.02498 0.0528683 0)
(1.02854 0.056571 0)
(1.03227 0.0601554 0)
(1.03615 0.0635926 0)
(1.04016 0.0668755 0)
(1.04428 0.0699737 0)
(1.04848 0.0728966 0)
(1.05273 0.0756053 0)
(1.05702 0.0781387 0)
(1.0613 0.08043 0)
(1.06559 0.0825781 0)
(1.06982 0.084435 0)
(1.07402 0.0862469 0)
(1.07811 0.0876307 0)
(1.0822 0.0892479 0)
(1.08606 0.0899878 0)
(1.09004 0.0918452 0)
(1.00001 0.00197052 0)
(1.00036 0.00585175 0)
(1.00104 0.0096407 0)
(1.00202 0.0133862 0)
(1.00328 0.0171207 0)
(1.0048 0.0208646 0)
(1.00659 0.024626 0)
(1.00863 0.0284063 0)
(1.01093 0.0321974 0)
(1.01347 0.035988 0)
(1.01624 0.0397596 0)
(1.01925 0.0434944 0)
(1.02246 0.0471682 0)
(1.02587 0.0507622 0)
(1.02946 0.0542502 0)
(1.03321 0.0576175 0)
(1.03709 0.060838 0)
(1.04109 0.0639059 0)
(1.04518 0.0667943 0)
(1.04933 0.0695127 0)
(1.05353 0.0720267 0)
(1.05774 0.0743729 0)
(1.06194 0.0764909 0)
(1.06613 0.078473 0)
(1.07026 0.0801835 0)
(1.07436 0.0818503 0)
(1.07833 0.0831206 0)
(1.08229 0.0846055 0)
(1.08604 0.08528 0)
(1.08989 0.0869865 0)
(1.00001 0.0019078 0)
(1.00039 0.00566442 0)
(1.00111 0.00932848 0)
(1.00214 0.0129456 0)
(1.00346 0.0165456 0)
(1.00506 0.0201474 0)
(1.00693 0.0237578 0)
(1.00906 0.0273773 0)
(1.01144 0.0309977 0)
(1.01406 0.0346079 0)
(1.0169 0.0381901 0)
(1.01997 0.0417276 0)
(1.02324 0.0451976 0)
(1.02669 0.0485829 0)
(1.0303 0.0518595 0)
(1.03407 0.0550143 0)
(1.03795 0.0580239 0)
(1.04193 0.0608838 0)
(1.04598 0.0635701 0)
(1.05009 0.0660927 0)
(1.05422 0.0684207 0)
(1.05836 0.0705891 0)
(1.06248 0.072543 0)
(1.06658 0.0743683 0)
(1.07061 0.075941 0)
(1.07459 0.0774715 0)
(1.07846 0.0786357 0)
(1.0823 0.0799965 0)
(1.08594 0.0806105 0)
(1.08967 0.0821753 0)
(1.00001 0.0018399 0)
(1.00041 0.00546177 0)
(1.00116 0.00899136 0)
(1.00225 0.012471 0)
(1.00363 0.0159283 0)
(1.00531 0.0193802 0)
(1.00725 0.0228328 0)
(1.00946 0.0262857 0)
(1.01191 0.0297307 0)
(1.0146 0.033157 0)
(1.01752 0.0365478 0)
(1.02064 0.0398871 0)
(1.02395 0.043154 0)
(1.02744 0.0463326 0)
(1.03107 0.0494012 0)
(1.03484 0.0523482 0)
(1.03871 0.0551527 0)
(1.04267 0.0578115 0)
(1.04669 0.0603032 0)
(1.05075 0.0626381 0)
(1.05482 0.0647887 0)
(1.05889 0.0667879 0)
(1.06292 0.0685864 0)
(1.06693 0.0702637 0)
(1.07086 0.0717066 0)
(1.07475 0.073109 0)
(1.07851 0.0741737 0)
(1.08224 0.0754182 0)
(1.08576 0.0759761 0)
(1.08938 0.0774078 0)
(1.00001 0.00176678 0)
(1.00043 0.00524376 0)
(1.00122 0.00862929 0)
(1.00235 0.0119625 0)
(1.0038 0.0152687 0)
(1.00554 0.0185634 0)
(1.00755 0.0218515 0)
(1.00983 0.0251322 0)
(1.01235 0.0283975 0)
(1.01511 0.0316367 0)
(1.01808 0.0348341 0)
(1.02125 0.0379747 0)
(1.02461 0.0410394 0)
(1.02812 0.0440135 0)
(1.03177 0.0468776 0)
(1.03554 0.0496215 0)
(1.0394 0.0522266 0)
(1.04333 0.0546908 0)
(1.04731 0.0569953 0)
(1.05132 0.0591503 0)
(1.05532 0.0611315 0)
(1.05932 0.0629698 0)
(1.06328 0.0646209 0)
(1.0672 0.0661582 0)
(1.07103 0.0674789 0)
(1.07482 0.0687607 0)
(1.07848 0.0697322 0)
(1.08211 0.0708675 0)
(1.08553 0.0713735 0)
(1.08903 0.0726799 0)
(1.00001 0.00168846 0)
(1.00045 0.00501038 0)
(1.00127 0.0082423 0)
(1.00245 0.0114201 0)
(1.00395 0.0145672 0)
(1.00575 0.0176973 0)
(1.00783 0.0208145 0)
(1.01018 0.0239178 0)
(1.01276 0.026999 0)
(1.01558 0.0300482 0)
(1.0186 0.0330505 0)
(1.02182 0.0359922 0)
(1.0252 0.0388556 0)
(1.02874 0.0416276 0)
(1.0324 0.0442907 0)
(1.03616 0.0468361 0)
(1.04 0.0492474 0)
(1.04391 0.0515233 0)
(1.04785 0.0536475 0)
(1.0518 0.05563 0)
(1.05575 0.0574494 0)
(1.05967 0.0591346 0)
(1.06355 0.0606459 0)
(1.06738 0.0620508 0)
(1.07113 0.0632561 0)
(1.07482 0.0644243 0)
(1.07839 0.0653084 0)
(1.08191 0.0663411 0)
(1.08524 0.0667988 0)
(1.08864 0.0679874 0)
(1.00001 0.00160493 0)
(1.00046 0.00476168 0)
(1.00132 0.00783047 0)
(1.00254 0.0108442 0)
(1.0041 0.013824 0)
(1.00595 0.0167823 0)
(1.00809 0.0197225 0)
(1.0105 0.0226431 0)
(1.01314 0.0255363 0)
(1.01601 0.0283928 0)
(1.01908 0.0311986 0)
(1.02233 0.0339412 0)
(1.02574 0.0366044 0)
(1.02929 0.0391767 0)
(1.03295 0.0416423 0)
(1.03671 0.0439936 0)
(1.04054 0.0462164 0)
(1.04441 0.0483101 0)
(1.0483 0.0502606 0)
(1.05221 0.0520776 0)
(1.05609 0.0537423 0)
(1.05995 0.0552816 0)
(1.06375 0.0566601 0)
(1.0675 0.0579395 0)
(1.07117 0.0590358 0)
(1.07477 0.060097 0)
(1.07824 0.0608989 0)
(1.08167 0.0618352 0)
(1.08491 0.062248 0)
(1.0882 0.0633256 0)
(1.00001 0.00151622 0)
(1.00048 0.00449773 0)
(1.00137 0.00739396 0)
(1.00263 0.0102348 0)
(1.00423 0.0130395 0)
(1.00614 0.015819 0)
(1.00833 0.0185761 0)
(1.01079 0.0213091 0)
(1.01349 0.0240106 0)
(1.0164 0.0266717 0)
(1.01951 0.0292797 0)
(1.02279 0.0318231 0)
(1.02622 0.0342875 0)
(1.02978 0.0366623 0)
(1.03345 0.0389337 0)
(1.03719 0.0410954 0)
(1.041 0.0431348 0)
(1.04484 0.0450521 0)
(1.04869 0.046835 0)
(1.05254 0.0484929 0)
(1.05637 0.0500096 0)
(1.06016 0.0514097 0)
(1.06389 0.0526619 0)
(1.06756 0.0538224 0)
(1.07114 0.0548156 0)
(1.07466 0.0557757 0)
(1.07805 0.0565003 0)
(1.08139 0.0573457 0)
(1.08455 0.0577168 0)
(1.08774 0.0586897 0)
(1.00001 0.00142236 0)
(1.0005 0.00421863 0)
(1.00141 0.00693297 0)
(1.00271 0.00959235 0)
(1.00435 0.0122141 0)
(1.00631 0.0148079 0)
(1.00855 0.0173761 0)
(1.01106 0.0199167 0)
(1.0138 0.0224228 0)
(1.01675 0.0248862 0)
(1.0199 0.0272952 0)
(1.02321 0.0296395 0)
(1.02665 0.0319061 0)
(1.03022 0.0340857 0)
(1.03388 0.0361662 0)
(1.03761 0.0381423 0)
(1.04139 0.0400032 0)
(1.0452 0.0417494 0)
(1.04901 0.0433705 0)
(1.05281 0.0448755 0)
(1.05658 0.0462502 0)
(1.06031 0.0475173 0)
(1.06397 0.0486491 0)
(1.06757 0.0496966 0)
(1.07107 0.0505921 0)
(1.07451 0.0514566 0)
(1.07782 0.0521083 0)
(1.08107 0.052868 0)
(1.08415 0.0532001 0)
(1.08726 0.0540742 0)
(1.00001 0.0013234 0)
(1.00051 0.00392454 0)
(1.00145 0.00644773 0)
(1.00278 0.00891717 0)
(1.00446 0.0113483 0)
(1.00647 0.0137497 0)
(1.00875 0.0161232 0)
(1.0113 0.0184668 0)
(1.01408 0.0207741 0)
(1.01707 0.0230374 0)
(1.02024 0.0252463 0)
(1.02357 0.0273915 0)
(1.02704 0.0294614 0)
(1.03061 0.0314479 0)
(1.03426 0.0333406 0)
(1.03798 0.0351349 0)
(1.04173 0.0368217 0)
(1.0455 0.0384018 0)
(1.04927 0.0398665 0)
(1.05302 0.041224 0)
(1.05674 0.0424624 0)
(1.0604 0.0436023 0)
(1.064 0.0446192 0)
(1.06753 0.045559 0)
(1.07096 0.0463617 0)
(1.07432 0.0471356 0)
(1.07756 0.0477183 0)
(1.08074 0.0483971 0)
(1.08374 0.0486928 0)
(1.08676 0.0494734 0)
(1.00001 0.00121941 0)
(1.00052 0.00361564 0)
(1.00148 0.00593857 0)
(1.00285 0.00820971 0)
(1.00457 0.0104427 0)
(1.00661 0.0126452 0)
(1.00893 0.0148184 0)
(1.01152 0.0169605 0)
(1.01434 0.0190654 0)
(1.01736 0.0211264 0)
(1.02055 0.023134 0)
(1.0239 0.02508 0)
(1.02737 0.0269542 0)
(1.03094 0.0287497 0)
(1.03459 0.0304573 0)
(1.03829 0.0320733 0)
(1.04202 0.0335901 0)
(1.04576 0.0350086 0)
(1.04948 0.0363216 0)
(1.05319 0.0375369 0)
(1.05685 0.038644 0)
(1.06045 0.0396617 0)
(1.06399 0.0405687 0)
(1.06745 0.0414058 0)
(1.07082 0.0421201 0)
(1.07411 0.0428079 0)
(1.07728 0.0433253 0)
(1.08038 0.0439274 0)
(1.08333 0.0441888 0)
(1.08626 0.0448808 0)
(1.00001 0.00111044 0)
(1.00053 0.00329213 0)
(1.00151 0.00540584 0)
(1.0029 0.00747045 0)
(1.00466 0.00949797 0)
(1.00673 0.0114949 0)
(1.00909 0.0134624 0)
(1.01171 0.0153985 0)
(1.01456 0.0172978 0)
(1.01761 0.0191542 0)
(1.02082 0.0209593 0)
(1.02418 0.0227059 0)
(1.02766 0.0243852 0)
(1.03123 0.0259912 0)
(1.03487 0.0275162 0)
(1.03855 0.0289571 0)
(1.04225 0.0303074 0)
(1.04596 0.0315685 0)
(1.04965 0.0327342 0)
(1.05331 0.0338117 0)
(1.05692 0.0347922 0)
(1.06047 0.0356923 0)
(1.06395 0.0364937 0)
(1.06735 0.0372325 0)
(1.07066 0.0378623 0)
(1.07388 0.038468 0)
(1.07699 0.0389233 0)
(1.08003 0.0394526 0)
(1.08291 0.0396818 0)
(1.08577 0.0402897 0)
(1.00001 0.000996589 0)
(1.00054 0.00295427 0)
(1.00154 0.00484993 0)
(1.00296 0.00669995 0)
(1.00474 0.00851471 0)
(1.00684 0.0102998 0)
(1.00924 0.0120562 0)
(1.01189 0.0137818 0)
(1.01476 0.0154721 0)
(1.01783 0.0171214 0)
(1.02106 0.0187227 0)
(1.02443 0.0202696 0)
(1.02791 0.0217546 0)
(1.03148 0.0231725 0)
(1.0351 0.0245169 0)
(1.03877 0.0257854 0)
(1.04244 0.0269725 0)
(1.04612 0.0280797 0)
(1.04977 0.0291019 0)
(1.05339 0.0300455 0)
(1.05696 0.0309033 0)
(1.06046 0.03169 0)
(1.06389 0.0323896 0)
(1.06723 0.0330339 0)
(1.07048 0.0335828 0)
(1.07365 0.03411 0)
(1.0767 0.034506 0)
(1.07967 0.0349659 0)
(1.0825 0.0351646 0)
(1.0853 0.0356922 0)
(1.00001 0.00087795 0)
(1.00055 0.00260233 0)
(1.00157 0.0042713 0)
(1.003 0.0058988 0)
(1.00481 0.00749367 0)
(1.00694 0.00906068 0)
(1.00936 0.0106004 0)
(1.01204 0.0121113 0)
(1.01493 0.013589 0)
(1.01802 0.015029 0)
(1.02126 0.0164249 0)
(1.02464 0.0177714 0)
(1.02812 0.0190622 0)
(1.03168 0.0202931 0)
(1.0353 0.0214586 0)
(1.03894 0.0225568 0)
(1.0426 0.0235833 0)
(1.04625 0.0245396 0)
(1.04987 0.0254215 0)
(1.05345 0.0262347 0)
(1.05697 0.0269732 0)
(1.06043 0.0276498 0)
(1.06381 0.0282511 0)
(1.0671 0.0288042 0)
(1.0703 0.0292751 0)
(1.07342 0.0297268 0)
(1.07642 0.0300661 0)
(1.07933 0.0304594 0)
(1.08212 0.0306291 0)
(1.08485 0.03108 0)
(1.00001 0.000754631 0)
(1.00056 0.00223665 0)
(1.00159 0.00367046 0)
(1.00304 0.00506767 0)
(1.00487 0.00643563 0)
(1.00702 0.00777831 0)
(1.00947 0.00909618 0)
(1.01216 0.0103877 0)
(1.01508 0.0116494 0)
(1.01818 0.0128773 0)
(1.02143 0.014066 0)
(1.02482 0.0152113 0)
(1.0283 0.0163078 0)
(1.03185 0.0173521 0)
(1.03546 0.0183397 0)
(1.03909 0.0192693 0)
(1.04272 0.0201373 0)
(1.04634 0.020945 0)
(1.04993 0.0216892 0)
(1.05348 0.0223748 0)
(1.05696 0.0229969 0)
(1.06038 0.0235663 0)
(1.06372 0.0240719 0)
(1.06697 0.0245366 0)
(1.07013 0.024932 0)
(1.07319 0.0253109 0)
(1.07615 0.0255953 0)
(1.07902 0.0259246 0)
(1.08176 0.0260666 0)
(1.08444 0.0264438 0)
(1.00001 0.000626754 0)
(1.00057 0.00185757 0)
(1.00161 0.00304797 0)
(1.00308 0.00420727 0)
(1.00492 0.0053414 0)
(1.00709 0.0064536 0)
(1.00956 0.0075442 0)
(1.01227 0.00861192 0)
(1.0152 0.00965383 0)
(1.01831 0.0106667 0)
(1.02157 0.0116462 0)
(1.02496 0.0125888 0)
(1.02844 0.0134903 0)
(1.03199 0.0143481 0)
(1.03558 0.0151584 0)
(1.0392 0.0159204 0)
(1.04281 0.0166313 0)
(1.04641 0.0172922 0)
(1.04998 0.0179006 0)
(1.05349 0.0184606 0)
(1.05695 0.0189684 0)
(1.06033 0.0194328 0)
(1.06363 0.0198449 0)
(1.06684 0.0202234 0)
(1.06996 0.0205452 0)
(1.07299 0.0208534 0)
(1.07591 0.0210846 0)
(1.07873 0.021352 0)
(1.08144 0.0214672 0)
(1.08408 0.0217731 0)
(1.00001 0.000494456 0)
(1.00057 0.00146551 0)
(1.00162 0.00240447 0)
(1.0031 0.0033184 0)
(1.00496 0.0042119 0)
(1.00715 0.00508749 0)
(1.00963 0.00594539 0)
(1.01235 0.00678459 0)
(1.01529 0.00760277 0)
(1.01841 0.00839737 0)
(1.02168 0.00916515 0)
(1.02507 0.00990335 0)
(1.02855 0.0106087 0)
(1.0321 0.0112792 0)
(1.03568 0.0119122 0)
(1.03928 0.0125069 0)
(1.04288 0.0130613 0)
(1.04646 0.0135763 0)
(1.05 0.0140501 0)
(1.05349 0.014486 0)
(1.05692 0.0148809 0)
(1.06028 0.0152419 0)
(1.06355 0.015562 0)
(1.06673 0.0158558 0)
(1.06982 0.0161056 0)
(1.07281 0.0163445 0)
(1.0757 0.0165237 0)
(1.07849 0.0167307 0)
(1.08117 0.0168198 0)
(1.08377 0.0170563 0)
(1.00001 0.000357882 0)
(1.00058 0.00106089 0)
(1.00163 0.00174063 0)
(1.00312 0.00240194 0)
(1.00499 0.0030481 0)
(1.00719 0.00368095 0)
(1.00968 0.00430066 0)
(1.01242 0.00490647 0)
(1.01537 0.00549668 0)
(1.01849 0.00606947 0)
(1.02177 0.00662253 0)
(1.02516 0.00715391 0)
(1.02864 0.00766131 0)
(1.03218 0.00814331 0)
(1.03575 0.00859803 0)
(1.03935 0.00902499 0)
(1.04293 0.00942276 0)
(1.0465 0.00979209 0)
(1.05002 0.0101317 0)
(1.05349 0.0104439 0)
(1.0569 0.0107267 0)
(1.06023 0.0109849 0)
(1.06348 0.011214 0)
(1.06664 0.011424 0)
(1.0697 0.0116025 0)
(1.07267 0.0117731 0)
(1.07553 0.0119011 0)
(1.0783 0.0120488 0)
(1.08096 0.0121123 0)
(1.08352 0.0122808 0)
(1.00001 0.000217226 0)
(1.00058 0.000644233 0)
(1.00164 0.00105722 0)
(1.00314 0.00145882 0)
(1.00501 0.00185104 0)
(1.00722 0.00223504 0)
(1.00972 0.00261094 0)
(1.01246 0.00297824 0)
(1.01542 0.0033359 0)
(1.01855 0.00368284 0)
(1.02182 0.00401765 0)
(1.02522 0.00433917 0)
(1.02869 0.00464604 0)
(1.03223 0.00493741 0)
(1.0358 0.00521217 0)
(1.03939 0.00547003 0)
(1.04296 0.00571017 0)
(1.04652 0.00593305 0)
(1.05003 0.0061379 0)
(1.05349 0.00632617 0)
(1.05688 0.00649663 0)
(1.0602 0.00665228 0)
(1.06343 0.00679026 0)
(1.06657 0.00691675 0)
(1.06962 0.0070242 0)
(1.07257 0.00712689 0)
(1.07542 0.00720382 0)
(1.07816 0.00729266 0)
(1.0808 0.00733075 0)
(1.08335 0.00743216 0)
(1.00001 7.29522e-05 0)
(1.00058 0.000216485 0)
(1.00165 0.000355361 0)
(1.00314 0.000490361 0)
(1.00503 0.000622168 0)
(1.00724 0.000751195 0)
(1.00974 0.000877476 0)
(1.01248 0.00100084 0)
(1.01544 0.00112094 0)
(1.01858 0.00123741 0)
(1.02185 0.00134977 0)
(1.02524 0.00145765 0)
(1.02872 0.00156058 0)
(1.03226 0.00165829 0)
(1.03582 0.0017504 0)
(1.03941 0.00183684 0)
(1.04298 0.00191731 0)
(1.04653 0.00199198 0)
(1.05003 0.0020606 0)
(1.05348 0.00212365 0)
(1.05687 0.00218073 0)
(1.06018 0.00223285 0)
(1.0634 0.00227902 0)
(1.06654 0.00232137 0)
(1.06957 0.0023573 0)
(1.07252 0.00239169 0)
(1.07535 0.00241734 0)
(1.07809 0.00244719 0)
(1.08073 0.00245958 0)
(1.08326 0.00249422 0)
(0.995788 0.000133193 -4.69645e-22)
(0.993166 0.000174941 8.10065e-23)
(0.989986 0.000219811 -1.05938e-22)
(0.986256 0.000268756 -2.9479e-22)
(0.981969 0.000320487 -4.81896e-22)
(0.977135 0.000380864 -8.36609e-23)
(0.971742 0.000446453 3.25127e-22)
(0.965772 0.000519218 5.31334e-22)
(0.959204 0.000600276 -6.86096e-23)
(0.952017 0.000690557 -2.53375e-22)
(0.944181 0.000791522 -5.62429e-23)
(0.935668 0.000904239 3.8467e-22)
(0.92644 0.00103059 5.47788e-22)
(0.916463 0.00117183 8.38493e-23)
(0.905687 0.00133041 4.29607e-22)
(0.894076 0.00150783 -1.1031e-22)
(0.881566 0.00170724 -1.12837e-22)
(0.868116 0.00193042 -2.66231e-22)
(0.853647 0.0021815 9.88677e-24)
(0.838122 0.0024623 -8.31393e-22)
(0.82143 0.00277865 -5.21699e-22)
(0.803557 0.00313145 2.34254e-21)
(0.784333 0.00353039 -1.30409e-21)
(0.763813 0.00397114 -6.29228e-22)
(0.741691 0.00447806 1.76089e-21)
(0.718209 0.00501206 -9.86283e-22)
(0.692778 0.00570683 -9.90524e-22)
(0.999987 5.57408e-05 3.1942e-22)
(0.999256 0.000167772 -6.51953e-22)
(0.997823 0.000281487 7.15655e-22)
(0.995789 0.000399629 1.36771e-21)
(0.993167 0.000524885 5.15781e-22)
(0.989987 0.000659524 7.95661e-22)
(0.986257 0.000806362 -9.23542e-23)
(0.981972 0.000961953 -7.21287e-22)
(0.977138 0.00114275 1.03513e-21)
(0.971747 0.00133952 -7.41793e-22)
(0.965778 0.00155783 -3.69447e-22)
(0.959211 0.00180101 6.64527e-22)
(0.952027 0.00207186 -2.71772e-22)
(0.944193 0.00237476 -4.69737e-22)
(0.935684 0.00271291 -4.59585e-22)
(0.926459 0.00309194 -9.46163e-22)
(0.916487 0.00351566 -4.3415e-22)
(0.905717 0.00399135 1.49862e-21)
(0.894113 0.00452357 -1.02577e-21)
(0.881612 0.00512174 8.21253e-22)
(0.868173 0.00579115 -1.21047e-21)
(0.853717 0.00654425 1.17612e-23)
(0.838208 0.00738644 5.09204e-22)
(0.821535 0.0083352 -1.94068e-21)
(0.803686 0.00939325 -1.48523e-21)
(0.78449 0.0105896 6.85941e-22)
(0.764004 0.0119112 -8.91203e-22)
(0.741921 0.0134311 2.29774e-21)
(0.718487 0.0150321 -4.7774e-21)
(0.693114 0.017115 1.38749e-21)
(0.999987 9.29064e-05 -5.20483e-22)
(0.999256 0.000279622 9.4507e-22)
(0.997824 0.000469146 1.31022e-22)
(0.99579 0.000666045 -8.80907e-22)
(0.993168 0.000874797 -1.29048e-21)
(0.989989 0.00109922 -2.14138e-21)
(0.98626 0.0013439 4.04714e-22)
(0.981977 0.00160431 7.70742e-22)
(0.977145 0.00190462 1.49745e-21)
(0.971756 0.00223252 1.10553e-21)
(0.96579 0.00259633 -1.34332e-21)
(0.959226 0.00300161 -1.05592e-21)
(0.952046 0.003453 1.22827e-21)
(0.944217 0.00395779 -4.67047e-22)
(0.935714 0.00452132 4.76035e-22)
(0.926498 0.00515296 -1.11127e-21)
(0.916535 0.00585905 1.65807e-21)
(0.905778 0.00665171 -1.08775e-21)
(0.894188 0.00753851 -6.6431e-22)
(0.881704 0.00853517 -1.82787e-21)
(0.868287 0.00965044 -2.51585e-21)
(0.853857 0.0109051 7.86685e-22)
(0.838381 0.012308 2.28051e-21)
(0.821746 0.0138883 4.39451e-22)
(0.803944 0.0156504 -4.93499e-21)
(0.784802 0.0176426 5.51878e-21)
(0.764385 0.0198432 4.58305e-21)
(0.742381 0.0223737 -6.26168e-21)
(0.719045 0.0250385 3.01371e-21)
(0.693787 0.0285052 1.84994e-21)
(0.999987 0.000130077 7.88238e-22)
(0.999256 0.000391468 -6.46709e-22)
(0.997824 0.00065679 2.49943e-21)
(0.995791 0.000932432 2.31015e-21)
(0.99317 0.00122465 1.35282e-21)
(0.989993 0.00153887 2.64104e-21)
(0.986265 0.00188131 1.27281e-21)
(0.981984 0.00224736 -1.30343e-21)
(0.977155 0.00266642 -2.40609e-21)
(0.971769 0.0031254 -2.86295e-22)
(0.965807 0.00363467 1.83117e-21)
(0.959249 0.004202 6.36127e-22)
(0.952075 0.00483387 -1.14051e-21)
(0.944254 0.00554048 -3.50976e-22)
(0.935761 0.00632929 1.03568e-21)
(0.926556 0.00721341 -9.02274e-23)
(0.916608 0.00820169 -2.69504e-21)
(0.905868 0.00931109 3.25028e-21)
(0.8943 0.0105521 -1.69924e-21)
(0.881843 0.0119468 1.76956e-21)
(0.868459 0.0135073 -4.02348e-21)
(0.854068 0.0152627 3.90549e-21)
(0.838639 0.0172252 7.25004e-22)
(0.822062 0.0194356 -3.30906e-21)
(0.80433 0.0218999 3.47015e-21)
(0.785271 0.0246855 -5.38555e-21)
(0.764956 0.0277617 2.66581e-21)
(0.743069 0.0312987 -1.66542e-21)
(0.71988 0.0350222 6.29197e-21)
(0.694794 0.0398655 2.31288e-21)
(0.999987 0.000167255 -1.72175e-21)
(0.999256 0.000503307 -2.0924e-22)
(0.997825 0.000844413 -4.06975e-22)
(0.995792 0.00119878 -1.00318e-21)
(0.993173 0.00157443 -8.57909e-22)
(0.989997 0.00197846 1.57202e-21)
(0.986271 0.00241857 -4.33777e-21)
(0.981993 0.00289075 1.76159e-21)
(0.977169 0.00342812 1.11149e-21)
(0.971787 0.00401811 -3.39464e-22)
(0.965831 0.00467277 -2.91559e-21)
(0.959279 0.00540207 4.99532e-22)
(0.952113 0.00621435 9.84122e-22)
(0.944302 0.00712269 2.88983e-21)
(0.935822 0.00813665 -7.0116e-22)
(0.926633 0.00927307 -1.51847e-21)
(0.916704 0.0105433 3.44399e-21)
(0.905988 0.0119691 8.11078e-22)
(0.894449 0.0135639 -6.81351e-22)
(0.882027 0.015356 -1.42674e-22)
(0.868687 0.0173609 -1.02866e-21)
(0.854348 0.0196158 3.20454e-21)
(0.838983 0.0221364 -1.18531e-21)
(0.822482 0.0249749 -3.77989e-21)
(0.804845 0.0281386 7.37962e-21)
(0.785896 0.0317142 -2.42374e-21)
(0.765717 0.0356615 7.25869e-21)
(0.743987 0.0401991 -5.04208e-21)
(0.720992 0.044974 -1.42472e-20)
(0.696135 0.051184 1.24073e-20)
(0.999987 0.000204441 3.35782e-21)
(0.999257 0.000615136 -1.00582e-21)
(0.997826 0.00103201 4.3521e-23)
(0.995794 0.00146506 -1.71597e-21)
(0.993177 0.00192412 -1.72431e-21)
(0.990003 0.00241796 -3.2209e-21)
(0.986279 0.0029556 3.21742e-21)
(0.982005 0.00353437 -1.98895e-21)
(0.977186 0.00418967 1.93417e-21)
(0.971809 0.00491059 9.18051e-23)
(0.96586 0.00571056 3.77572e-21)
(0.959316 0.00660176 -4.49236e-21)
(0.952161 0.00759435 -3.1713e-21)
(0.944363 0.00870428 -3.46407e-22)
(0.935899 0.00994322 6.25845e-22)
(0.926729 0.0113317 1.19038e-22)
(0.916825 0.0128836 -1.21452e-21)
(0.906138 0.0146253 -4.45261e-22)
(0.894636 0.0165733 4.13225e-21)
(0.882258 0.018762 -8.16499e-21)
(0.868971 0.0212101 -3.15148e-21)
(0.854698 0.0239632 9.78724e-21)
(0.839414 0.0270397 2.90296e-21)
(0.823008 0.0305038 -4.63444e-21)
(0.805487 0.0343634 5.36387e-21)
(0.786677 0.0387247 -8.55108e-21)
(0.766667 0.0435372 1.0299e-20)
(0.745132 0.0490681 -9.24254e-21)
(0.722381 0.0548851 -6.29209e-21)
(0.697809 0.0624488 1.6232e-20)
(0.999986 0.000241639 -1.27995e-21)
(0.999257 0.000726954 4.33397e-22)
(0.997827 0.00121957 -2.87487e-21)
(0.995797 0.00173128 5.17256e-22)
(0.993181 0.00227368 3.06629e-21)
(0.99001 0.00285734 3.33947e-21)
(0.986288 0.00349235 2.57564e-21)
(0.982019 0.00417808 -2.74554e-21)
(0.977207 0.00495102 -2.1937e-21)
(0.971836 0.00580279 -1.0906e-21)
(0.965895 0.00674797 -5.99145e-22)
(0.959362 0.00780096 4.67604e-21)
(0.952219 0.00897375 -3.21703e-21)
(0.944437 0.0102851 2.99922e-22)
(0.935991 0.0117488 1.57908e-21)
(0.926845 0.0133891 -2.1806e-21)
(0.91697 0.0152222 1.06849e-21)
(0.906318 0.0172794 -2.21083e-21)
(0.89486 0.0195798 -1.56763e-21)
(0.882535 0.0221642 1.9108e-21)
(0.869313 0.0250541 -1.09497e-21)
(0.855118 0.0283035 -3.34173e-21)
(0.839929 0.0319337 2.88769e-22)
(0.823638 0.0360201 5.52641e-22)
(0.806258 0.0405714 -3.56799e-21)
(0.787612 0.0457129 -8.00524e-21)
(0.767806 0.0513835 1.46798e-20)
(0.746504 0.0578986 -3.8884e-21)
(0.724044 0.0647464 -1.02933e-20)
(0.699814 0.073648 -4.56558e-21)
(0.999986 0.000278848 -6.79088e-22)
(0.999257 0.000838757 -3.57547e-21)
(0.997828 0.00140708 2.5194e-21)
(0.9958 0.00199741 4.92169e-21)
(0.993186 0.00262311 -1.06713e-21)
(0.990018 0.00329656 -4.8415e-21)
(0.9863 0.00402877 -1.41866e-21)
(0.982036 0.00482175 3.42075e-21)
(0.977231 0.00571212 9.11453e-22)
(0.971867 0.00669465 -4.08499e-22)
(0.965935 0.00778494 -7.95494e-22)
(0.959414 0.0089996 -1.03133e-21)
(0.952286 0.0103524 3.03102e-21)
(0.944522 0.0118651 -2.43899e-21)
(0.936099 0.0135533 -2.90905e-21)
(0.92698 0.0154451 2.59984e-21)
(0.917139 0.0175589 2.9263e-21)
(0.906528 0.019931 -1.54726e-21)
(0.895121 0.0225829 7.95942e-21)
(0.882857 0.0255618 3.73476e-21)
(0.869712 0.028892 -7.09286e-21)
(0.855607 0.0326356 -4.42615e-21)
(0.840531 0.0368164 1.56574e-20)
(0.824373 0.0415215 -1.33327e-21)
(0.807156 0.0467595 6.78421e-21)
(0.788702 0.0526748 -1.49015e-20)
(0.769132 0.0591952 5.85753e-21)
(0.748103 0.0666837 6.1116e-21)
(0.725981 0.074549 1.28593e-20)
(0.702147 0.0847701 3.02473e-21)
(0.999986 0.000316071 1.51784e-21)
(0.999257 0.000950544 2.18933e-21)
(0.997829 0.00159455 -2.77273e-21)
(0.995803 0.00226345 -7.71769e-21)
(0.993192 0.00297238 5.8373e-21)
(0.990028 0.00373561 3.80808e-21)
(0.986313 0.00456475 -1.66425e-21)
(0.982055 0.00546526 3.20558e-21)
(0.977258 0.00647292 -4.17878e-22)
(0.971903 0.00758609 -2.59949e-21)
(0.965982 0.00882137 7.72014e-21)
(0.959474 0.0101976 -2.25897e-21)
(0.952363 0.0117303 4.8517e-22)
(0.944619 0.013444 4.53337e-21)
(0.936222 0.0153565 6.52971e-22)
(0.927134 0.0174994 3.31939e-21)
(0.917332 0.0198935 -2.02876e-22)
(0.906769 0.0225796 -3.10499e-21)
(0.895419 0.0255821 -9.54999e-23)
(0.883226 0.0289541 1.3692e-21)
(0.870166 0.0327227 -3.66345e-21)
(0.856166 0.0369582 3.66103e-21)
(0.841217 0.0416863 -1.14207e-20)
(0.825211 0.0470058 6.16123e-21)
(0.808181 0.0529247 -8.84818e-21)
(0.789945 0.0596065 7.48799e-21)
(0.770646 0.0669669 6.45818e-21)
(0.749925 0.0754167 -1.14963e-20)
(0.728189 0.084284 1.43462e-20)
(0.704805 0.0958033 -5.34026e-21)
(0.999986 0.000353308 2.60548e-21)
(0.999257 0.00106231 1.90693e-21)
(0.997831 0.00178197 3.55932e-21)
(0.995807 0.00252937 7.438e-21)
(0.993199 0.00332146 -1.98454e-21)
(0.990038 0.00417442 -6.60971e-21)
(0.986328 0.00510023 2.81899e-21)
(0.982077 0.00610851 -1.14399e-21)
(0.977288 0.00723335 -4.35661e-21)
(0.971943 0.00847706 6.65623e-21)
(0.966035 0.0098572 -1.50193e-21)
(0.959542 0.0113948 -4.18493e-21)
(0.95245 0.0131073 5.50817e-21)
(0.944729 0.0150218 -1.42678e-21)
(0.936361 0.0171582 4.88894e-22)
(0.927308 0.0195518 -4.77175e-21)
(0.917549 0.0222255 -4.10744e-21)
(0.907038 0.025225 3.22785e-21)
(0.895754 0.0285769 -3.15039e-21)
(0.88364 0.0323406 8.18109e-21)
(0.870678 0.0365454 4.3541e-21)
(0.856794 0.04127 -1.37431e-20)
(0.841989 0.0465417 -2.7595e-22)
(0.826153 0.0524708 1.83392e-20)
(0.809332 0.059064 3.99795e-22)
(0.791341 0.0665041 -1.50763e-20)
(0.772344 0.0746935 -6.8069e-21)
(0.751971 0.0840908 1.43767e-20)
(0.730667 0.0939425 -1.94824e-20)
(0.707787 0.106736 2.89742e-20)
(0.999985 0.000390561 -4.61628e-21)
(0.999258 0.00117405 3.20565e-22)
(0.997833 0.00196932 1.38421e-21)
(0.995811 0.00279517 -1.06758e-20)
(0.993206 0.00367035 -9.54022e-21)
(0.99005 0.00461297 7.8859e-21)
(0.986344 0.00563504 -4.10933e-23)
(0.982101 0.00675142 1.21632e-21)
(0.977322 0.00799335 1.11176e-21)
(0.971987 0.00936748 -7.14498e-21)
(0.966093 0.0108924 -2.60542e-21)
(0.959617 0.0125912 -7.20799e-21)
(0.952546 0.0144832 2.26377e-21)
(0.944851 0.0165982 -6.62067e-21)
(0.936514 0.0189584 -2.65747e-21)
(0.927501 0.021602 2.62301e-21)
(0.91779 0.0245548 3.58132e-21)
(0.907338 0.0278667 -1.79313e-21)
(0.896126 0.0315668 9.32386e-21)
(0.884099 0.0357204 -9.23648e-21)
(0.871245 0.0403592 -1.51506e-20)
(0.857492 0.0455698 1.24946e-20)
(0.842845 0.0513809 -7.87196e-21)
(0.827198 0.0579142 -8.22503e-21)
(0.810608 0.0651745 2.26453e-20)
(0.79289 0.0733636 -1.76646e-20)
(0.774228 0.0823699 1.58497e-20)
(0.754238 0.0926991 3.65927e-21)
(0.733412 0.103516 2.47948e-21)
(0.711087 0.117557 -3.43134e-20)
(0.999985 0.000427831 -1.60634e-21)
(0.999258 0.00128577 -4.74471e-21)
(0.997835 0.00215659 -1.47745e-21)
(0.995815 0.00306082 2.60312e-21)
(0.993214 0.00401901 3.05048e-21)
(0.990063 0.0050512 -6.92437e-21)
(0.986363 0.006169 -2.34044e-21)
(0.982128 0.00739391 9.33185e-22)
(0.977359 0.00875287 -3.37042e-21)
(0.972037 0.0102573 1.07195e-20)
(0.966157 0.0119268 3.23849e-21)
(0.9597 0.0137866 2.40775e-21)
(0.952652 0.015858 -2.04443e-21)
(0.944985 0.0181733 1.05336e-20)
(0.936683 0.0207567 -3.05625e-21)
(0.927712 0.02365 3.561e-21)
(0.918055 0.0268811 -1.56449e-23)
(0.907667 0.0305044 -2.55508e-21)
(0.896535 0.0345513 -2.09421e-22)
(0.884605 0.0390931 -8.06304e-21)
(0.871869 0.0441632 2.1583e-20)
(0.858257 0.0498565 -4.81904e-21)
(0.843785 0.0562023 9.51412e-21)
(0.828346 0.0633338 -1.3014e-20)
(0.81201 0.0712532 -2.18854e-20)
(0.79459 0.0801813 2.66188e-20)
(0.776294 0.089991 -2.40838e-20)
(0.756724 0.101235 3.00715e-20)
(0.736422 0.112996 -1.01122e-20)
(0.714704 0.128254 -2.32736e-20)
(0.999984 0.000465117 4.4919e-21)
(0.999258 0.00139745 3.36792e-21)
(0.997837 0.00234379 -6.62566e-21)
(0.99582 0.00332631 6.65911e-21)
(0.993224 0.00436744 -8.3209e-22)
(0.990077 0.00548907 7.27888e-22)
(0.986384 0.00670196 3.42979e-21)
(0.982157 0.00803591 -6.11582e-22)
(0.9774 0.00951184 3.77302e-21)
(0.97209 0.0111464 -3.8171e-21)
(0.966227 0.0129603 1.77069e-21)
(0.95979 0.0149811 -1.66806e-21)
(0.952767 0.0172315 9.19193e-21)
(0.945131 0.0197468 -9.50388e-21)
(0.936868 0.022553 2.98401e-22)
(0.927943 0.0256955 8.55279e-21)
(0.918344 0.0292041 -1.11606e-21)
(0.908026 0.0331377 2.42744e-22)
(0.896981 0.0375299 -8.72075e-21)
(0.885155 0.0424578 9.06437e-22)
(0.872548 0.0479565 1.9593e-20)
(0.859092 0.0541288 -8.23744e-21)
(0.844809 0.0610043 2.79078e-21)
(0.829596 0.0687277 1.8291e-20)
(0.813537 0.0772973 -5.8807e-22)
(0.796439 0.0869532 9.49282e-21)
(0.778543 0.0975516 -3.83469e-20)
(0.759428 0.109692 4.40487e-20)
(0.739693 0.122373 -3.22897e-20)
(0.718632 0.138818 -2.18365e-20)
(0.999984 0.00050242 1.22577e-21)
(0.999259 0.0015091 1.80265e-21)
(0.99784 0.0025309 1.46098e-21)
(0.995826 0.00359162 -8.77716e-22)
(0.993233 0.00471561 1.65663e-21)
(0.990092 0.00592644 4.69644e-21)
(0.986406 0.00723346 -2.47523e-21)
(0.982189 0.00867743 5.03503e-21)
(0.977444 0.0102702 -1.7455e-21)
(0.972148 0.0120348 2.50843e-21)
(0.966303 0.013993 -1.35314e-21)
(0.959888 0.0161744 -6.74782e-21)
(0.952892 0.0186037 -8.04724e-21)
(0.945289 0.0213186 -1.13251e-21)
(0.937067 0.0243473 3.30402e-21)
(0.928194 0.0277382 -1.01914e-20)
(0.918656 0.0315235 6.4418e-22)
(0.908415 0.0357664 -2.25329e-21)
(0.897463 0.0405022 -6.85002e-21)
(0.885751 0.045814 7.05439e-21)
(0.873284 0.0517383 -1.98786e-20)
(0.859995 0.0583856 3.85131e-21)
(0.845917 0.0657853 8.03117e-21)
(0.830947 0.0740935 -2.81492e-21)
(0.815186 0.0833038 -1.36592e-20)
(0.798438 0.0936757 5.62104e-21)
(0.780971 0.105047 -2.10061e-21)
(0.762348 0.118064 2.36551e-20)
(0.743223 0.13164 -1.59902e-20)
(0.722868 0.149236 -9.70734e-21)
(0.999984 0.000539739 -8.39503e-21)
(0.999259 0.00162071 3.40598e-21)
(0.997842 0.00271791 -9.53391e-22)
(0.995832 0.00385673 1.70264e-22)
(0.993244 0.00506352 2.63183e-21)
(0.990108 0.00636328 -4.25309e-21)
(0.98643 0.00776058 -3.45076e-21)
(0.982225 0.00931834 -2.39286e-21)
(0.977491 0.0110279 -5.86866e-21)
(0.972211 0.0129224 -1.45441e-21)
(0.966385 0.0150247 -1.37588e-21)
(0.959993 0.0173665 6.31254e-21)
(0.953027 0.0199745 1.06722e-20)
(0.94546 0.0228887 -5.67606e-22)
(0.937283 0.0261393 -5.29261e-22)
(0.928463 0.0297781 -1.37023e-21)
(0.918993 0.0338391 -8.54195e-21)
(0.908833 0.0383899 4.29743e-22)
(0.897982 0.0434677 1.96448e-20)
(0.886392 0.0491611 -1.08418e-20)
(0.874075 0.0555076 6.05554e-21)
(0.860965 0.0626257 -8.88037e-21)
(0.847108 0.0705437 3.92403e-21)
(0.8324 0.0794292 2.75228e-21)
(0.816959 0.0892701 -2.4636e-21)
(0.800585 0.100345 -1.15085e-20)
(0.783578 0.112472 1.63984e-20)
(0.76548 0.126344 2.95528e-21)
(0.747008 0.140788 2.77283e-20)
(0.727406 0.159498 -1.34099e-20)
(0.999983 0.000577073 -3.3051e-21)
(0.99926 0.00173227 -3.14398e-21)
(0.997845 0.00290481 1.24962e-20)
(0.995838 0.00412163 -1.67619e-21)
(0.993256 0.00541117 2.53578e-21)
(0.990125 0.0067997 1.06428e-20)
(0.986457 0.0082798 7.26712e-21)
(0.982263 0.00995824 -7.68213e-21)
(0.977542 0.0117849 7.17586e-21)
(0.972279 0.0138091 2.18928e-21)
(0.966473 0.0160553 -3.21504e-21)
(0.960106 0.0185574 -7.94508e-21)
(0.953171 0.0213437 -7.71154e-23)
(0.945642 0.0244568 1.40518e-21)
(0.937513 0.0279288 -2.24218e-21)
(0.928751 0.0318148 -4.51927e-21)
(0.919353 0.0361506 -1.33716e-21)
(0.909281 0.0410081 1.01634e-20)
(0.898538 0.0464259 -1.01492e-21)
(0.887078 0.0524985 7.39116e-21)
(0.874921 0.0592637 1.00341e-20)
(0.862003 0.0668481 2.46899e-21)
(0.848381 0.0752781 -1.13273e-20)
(0.833953 0.0847327 2.3313e-20)
(0.818853 0.0951932 -1.18493e-20)
(0.802879 0.106957 1.49301e-20)
(0.786362 0.119822 -2.03064e-20)
(0.768823 0.134525 2.67069e-20)
(0.751046 0.149809 -1.05722e-20)
(0.732241 0.169593 -3.18473e-20)
(0.999983 0.000614423 8.04019e-21)
(0.999261 0.00184378 1.23353e-21)
(0.997848 0.00309159 -1.50323e-20)
(0.995845 0.0043863 -4.15822e-21)
(0.993268 0.00575856 -7.98226e-21)
(0.990142 0.00723538 -3.84314e-21)
(0.986485 0.00881451 -1.16862e-22)
(0.982305 0.0105979 6.73348e-21)
(0.977596 0.0125412 3.00515e-21)
(0.972351 0.0146949 -7.8078e-21)
(0.966567 0.0170848 3.9544e-21)
(0.960227 0.0197469 -1.40232e-21)
(0.953325 0.0227112 9.51043e-22)
(0.945837 0.0260228 2.55637e-21)
(0.937758 0.0297159 2.77848e-21)
(0.929059 0.0338482 -8.66606e-22)
(0.919737 0.0384579 -9.81982e-21)
(0.909758 0.0436205 7.80253e-21)
(0.89913 0.0493765 -7.88182e-21)
(0.887809 0.0558255 6.96036e-21)
(0.875822 0.0630057 -4.65823e-21)
(0.863109 0.0710515 -7.86459e-21)
(0.849737 0.0799867 2.05586e-21)
(0.835605 0.0900021 -1.91519e-20)
(0.820869 0.10107 9.88721e-21)
(0.805318 0.113509 2.72382e-21)
(0.789321 0.127092 -2.23171e-20)
(0.772373 0.142603 3.55541e-21)
(0.755331 0.158694 4.96238e-21)
(0.737368 0.17951 7.01592e-21)
(0.999982 0.000651784 6.60338e-21)
(0.999261 0.00195524 -9.35478e-21)
(0.997852 0.00327824 2.83248e-21)
(0.995853 0.00465072 4.29774e-21)
(0.993282 0.00610565 6.10228e-21)
(0.990162 0.00766999 8.33974e-22)
(0.986515 0.00936092 -5.9165e-21)
(0.982349 0.0112372 -6.89974e-21)
(0.977654 0.0132967 -1.00226e-20)
(0.972427 0.0155796 7.0676e-21)
(0.966667 0.0181131 -4.60481e-21)
(0.960355 0.0209349 4.94376e-21)
(0.953489 0.024077 -9.6444e-21)
(0.946045 0.0275867 4.94653e-21)
(0.938019 0.0315002 2.36059e-22)
(0.929386 0.0358781 -4.41701e-21)
(0.920145 0.0407606 8.24887e-21)
(0.910265 0.046227 -7.60722e-21)
(0.899759 0.0523189 -1.84661e-21)
(0.888584 0.0591415 -2.7371e-21)
(0.876778 0.0667329 -3.3628e-21)
(0.864282 0.0752349 1.49675e-20)
(0.851175 0.0846683 -4.58846e-21)
(0.837357 0.0952353 1.75936e-21)
(0.823004 0.106899 1.13894e-20)
(0.807901 0.119997 8.01773e-21)
(0.792453 0.134277 -8.64092e-21)
(0.776129 0.15057 -2.15152e-20)
(0.759861 0.167437 1.56225e-20)
(0.742782 0.189241 -2.33724e-20)
(0.999982 0.000689157 -9.27257e-21)
(0.999262 0.00206663 8.8639e-21)
(0.997856 0.00346474 4.27227e-21)
(0.995861 0.00491486 3.82909e-22)
(0.993296 0.00645236 -4.10296e-21)
(0.990184 0.00810402 -6.47238e-21)
(0.986548 0.00989686 3.0262e-21)
(0.982394 0.0118753 1.15815e-20)
(0.977716 0.0140512 -3.14523e-21)
(0.972508 0.0164632 -1.92532e-22)
(0.966773 0.01914 9.24049e-21)
(0.960491 0.0221213 -1.20878e-20)
(0.953662 0.0254409 -5.53217e-22)
(0.946264 0.0291483 1.75781e-20)
(0.938296 0.0332816 -3.76786e-21)
(0.929731 0.0379044 -8.61461e-21)
(0.920577 0.0430586 -4.71416e-21)
(0.910801 0.048827 3.04086e-21)
(0.900423 0.0552529 6.61755e-22)
(0.889405 0.0624461 1.50407e-20)
(0.877789 0.0704445 -7.71005e-22)
(0.865522 0.0793972 -2.6984e-20)
(0.852694 0.0893212 1.02148e-21)
(0.839208 0.10043 7.59572e-22)
(0.825259 0.112677 5.04964e-21)
(0.810627 0.126418 2.07396e-20)
(0.795756 0.141373 -1.80519e-20)
(0.780087 0.15842 -1.26596e-20)
(0.764631 0.176029 4.04536e-21)
(0.748476 0.198774 2.01615e-21)
(0.999982 0.000726537 5.46643e-21)
(0.999263 0.00217796 -1.99127e-21)
(0.99786 0.00365107 -1.00558e-20)
(0.99587 0.00517873 9.61629e-21)
(0.993311 0.00679851 -2.46425e-21)
(0.990207 0.00853727 9.15481e-21)
(0.986582 0.0104301 -1.0076e-20)
(0.982443 0.0125124 -1.05748e-22)
(0.977781 0.0148047 1.43059e-21)
(0.972595 0.0173456 6.85315e-21)
(0.966885 0.0201656 7.17086e-21)
(0.960635 0.0233061 5.26964e-21)
(0.953846 0.0268029 4.46793e-21)
(0.946496 0.0307075 9.9683e-21)
(0.938588 0.0350601 5.0794e-21)
(0.930096 0.0399269 2.55684e-21)
(0.921033 0.0453516 -9.0339e-21)
(0.911367 0.0514205 7.31375e-21)
(0.901125 0.0581779 -3.4068e-21)
(0.89027 0.0657386 -9.31113e-21)
(0.878855 0.0741397 4.15319e-21)
(0.866828 0.0835374 -3.34477e-21)
(0.854295 0.0939441 -2.05658e-21)
(0.841157 0.105585 3.40815e-20)
(0.827632 0.1184 -2.07238e-20)
(0.813494 0.132767 2.3488e-20)
(0.799227 0.148375 -2.35425e-20)
(0.784244 0.166148 2.01092e-20)
(0.769636 0.184463 2.4109e-20)
(0.754444 0.2081 -4.46799e-21)
(0.999981 0.000763923 -2.49603e-22)
(0.999264 0.0022892 2.88868e-21)
(0.997864 0.00383724 1.4339e-20)
(0.995879 0.00544231 -3.54846e-21)
(0.993327 0.00714401 2.80046e-21)
(0.990232 0.00896586 -7.58955e-21)
(0.986619 0.0109623 6.29321e-21)
(0.982494 0.0131486 -2.44228e-21)
(0.97785 0.0155572 -5.40089e-22)
(0.972685 0.0182268 -1.25544e-20)
(0.967003 0.0211897 4.26475e-21)
(0.960787 0.0244892 -7.86942e-21)
(0.954039 0.0281628 -1.17821e-21)
(0.94674 0.0322642 1.6691e-21)
(0.938895 0.0368355 -3.39347e-21)
(0.930481 0.0419453 -1.15818e-20)
(0.921512 0.0476393 2.4395e-21)
(0.911962 0.054007 7.25763e-21)
(0.901862 0.0610937 -2.99328e-21)
(0.891179 0.0690185 8.07834e-22)
(0.879976 0.0778177 2.51871e-21)
(0.868201 0.0876545 1.41676e-20)
(0.855976 0.0985355 -1.13628e-20)
(0.843202 0.110698 9.43025e-21)
(0.830122 0.124067 -2.56558e-20)
(0.816501 0.139042 -2.0316e-21)
(0.802866 0.155278 3.67543e-20)
(0.788598 0.173748 -5.3879e-20)
(0.774873 0.192731 -9.53878e-21)
(0.760679 0.21721 2.98694e-20)
(0.999981 0.000801309 -9.18405e-21)
(0.999266 0.00240036 8.26087e-21)
(0.997869 0.00402321 -1.54554e-20)
(0.995889 0.00570561 2.69587e-21)
(0.993343 0.00748914 -7.20846e-21)
(0.990258 0.00937933 1.28116e-20)
(0.986658 0.0114927 2.39928e-22)
(0.982548 0.0137838 -2.08183e-21)
(0.977922 0.0163085 9.77914e-21)
(0.972781 0.0191066 -9.46284e-21)
(0.967127 0.0222122 -6.91471e-21)
(0.960947 0.0256704 5.84558e-21)
(0.954242 0.0295205 -4.86778e-21)
(0.946997 0.0338182 3.51086e-21)
(0.939218 0.0386076 -7.63792e-21)
(0.930885 0.0439596 1.05062e-20)
(0.922016 0.0499217 -8.89496e-21)
(0.912587 0.0565862 1.49631e-20)
(0.902636 0.0639997 -2.43893e-20)
(0.892133 0.0722853 7.80539e-21)
(0.881151 0.0814779 1.74595e-21)
(0.86964 0.0917474 1.89375e-20)
(0.857737 0.103094 -1.48279e-20)
(0.845345 0.115767 1.53744e-20)
(0.832728 0.129675 -4.04062e-20)
(0.819647 0.14524 6.36897e-21)
(0.806669 0.162079 9.07676e-21)
(0.793144 0.181214 -4.89584e-21)
(0.780337 0.200826 2.20221e-20)
(0.767175 0.226094 -4.83669e-20)
(0.999981 0.000838693 6.97938e-21)
(0.999267 0.00251143 -1.25185e-20)
(0.997874 0.00420898 1.61874e-20)
(0.9959 0.00596863 -1.10754e-20)
(0.993359 0.0078336 7.46775e-21)
(0.990287 0.00981272 -3.93683e-21)
(0.986702 0.0120224 -6.95426e-21)
(0.982605 0.014418 1.0974e-20)
(0.977999 0.0170587 -4.60384e-21)
(0.972882 0.0199851 1.78401e-21)
(0.967258 0.0232332 3.64205e-21)
(0.961114 0.0268498 1.88663e-21)
(0.954456 0.030876 6.36696e-21)
(0.947266 0.0353695 -2.06397e-22)
(0.939557 0.0403763 -2.77917e-21)
(0.931308 0.0459695 -1.65514e-21)
(0.922544 0.0521984 1.43249e-20)
(0.913241 0.059158 -1.08622e-20)
(0.903447 0.0668958 1.2037e-20)
(0.893132 0.0755384 -1.33985e-20)
(0.88238 0.0851196 7.62107e-21)
(0.871145 0.0958151 6.53162e-21)
(0.859579 0.107619 2.8163e-21)
(0.847584 0.120791 -3.31496e-20)
(0.835451 0.135221 1.78202e-20)
(0.82293 0.151356 9.91436e-21)
(0.810635 0.168772 -1.85367e-21)
(0.797881 0.188541 -9.20768e-21)
(0.786023 0.208741 2.19332e-20)
(0.773925 0.234745 -5.49114e-20)
(0.99998 0.000876068 -3.05785e-21)
(0.999268 0.00262239 -1.751e-21)
(0.997879 0.00439452 -5.52281e-21)
(0.995911 0.00623128 1.13499e-20)
(0.993377 0.00817691 -5.41675e-21)
(0.990316 0.0102649 -4.4516e-23)
(0.986746 0.0125518 -2.90051e-21)
(0.982664 0.0150512 -8.04616e-21)
(0.978079 0.0178075 7.88648e-21)
(0.972988 0.020862 -6.08849e-21)
(0.967395 0.0242524 1.04213e-20)
(0.96129 0.0280271 3.50365e-21)
(0.95468 0.0322291 -7.95879e-21)
(0.947549 0.036918 -3.85165e-21)
(0.939912 0.0421415 3.09369e-21)
(0.931751 0.0479749 -1.43823e-20)
(0.923096 0.0544693 -2.50981e-21)
(0.913926 0.061722 7.64928e-21)
(0.904295 0.0697814 5.33782e-21)
(0.894176 0.0787773 -1.71931e-20)
(0.883665 0.088742 1.59961e-20)
(0.872716 0.0998566 1.35202e-21)
(0.861501 0.112108 2.06906e-20)
(0.849919 0.125766 -2.41023e-20)
(0.838287 0.140704 -1.58421e-20)
(0.826349 0.157389 -8.96156e-21)
(0.814761 0.175354 6.72702e-20)
(0.802805 0.195724 -5.57186e-20)
(0.791925 0.21647 -1.62707e-20)
(0.780922 0.243153 4.84694e-20)
(0.99998 0.000913429 4.80525e-21)
(0.99927 0.00273324 7.14198e-21)
(0.997885 0.00457983 -6.36133e-22)
(0.995922 0.00649346 -9.58571e-21)
(0.993397 0.00851817 -5.00806e-22)
(0.990348 0.0107013 1.39394e-21)
(0.986791 0.0130793 -1.56888e-21)
(0.982727 0.0156831 5.18872e-21)
(0.978163 0.018555 -1.85746e-20)
(0.973099 0.0217374 1.63322e-20)
(0.967539 0.0252698 -1.13162e-20)
(0.961475 0.0292023 -9.43193e-21)
(0.954914 0.0335798 3.1324e-21)
(0.947845 0.0384634 5.34763e-21)
(0.940283 0.043903 4.67189e-21)
(0.932215 0.0499757 -6.62526e-21)
(0.923673 0.0567343 6.72412e-21)
(0.914641 0.064278 -9.47467e-21)
(0.905179 0.0726563 -1.28529e-20)
(0.895265 0.0820016 -6.38041e-21)
(0.885004 0.0923446 4.34961e-20)
(0.874354 0.103871 -5.52878e-20)
(0.863503 0.11656 -4.74702e-21)
(0.852349 0.130693 4.0904e-20)
(0.841238 0.14612 -2.68159e-20)
(0.829902 0.163334 2.45513e-21)
(0.819045 0.181819 2.486e-20)
(0.807912 0.202757 2.16244e-20)
(0.79804 0.224006 -1.7036e-21)
(0.788159 0.251311 -7.83591e-20)
(0.99998 0.000950771 -2.03183e-22)
(0.999272 0.00284397 4.27687e-21)
(0.997891 0.00476491 -7.5404e-21)
(0.995935 0.00675521 1.34545e-21)
(0.993419 0.00885363 -3.07549e-21)
(0.990381 0.011133 -4.17608e-22)
(0.986839 0.0136056 1.56144e-21)
(0.982793 0.0163139 -3.59187e-21)
(0.978252 0.019301 2.38159e-21)
(0.973215 0.0226111 -1.00349e-20)
(0.96769 0.0262853 1.08284e-20)
(0.961668 0.0303754 -3.80451e-21)
(0.955159 0.0349279 -2.68352e-21)
(0.948154 0.0400058 1.48456e-21)
(0.940671 0.0456608 3.10748e-21)
(0.932699 0.0519717 -4.43343e-22)
(0.924275 0.058993 5.85615e-21)
(0.915387 0.0668257 2.16469e-20)
(0.906102 0.0755201 -3.17806e-20)
(0.8964 0.0852107 -3.89672e-22)
(0.886399 0.0959266 -1.25744e-20)
(0.876059 0.107858 6.36394e-21)
(0.865585 0.120974 3.57545e-20)
(0.854874 0.135569 2.51732e-21)
(0.844303 0.151467 -2.31529e-20)
(0.833588 0.169189 -9.03718e-21)
(0.823486 0.188165 1.58483e-20)
(0.813199 0.209636 -2.05327e-20)
(0.804362 0.231341 -3.6222e-21)
(0.795628 0.259212 2.29073e-20)
(0.99998 0.000988086 -6.67821e-23)
(0.999273 0.00295456 -4.17765e-21)
(0.997898 0.00494975 6.3547e-21)
(0.995947 0.00701671 8.44033e-22)
(0.993441 0.00919274 -1.49421e-21)
(0.990417 0.011564 1.87678e-21)
(0.986889 0.0141309 5.46686e-21)
(0.982862 0.0169433 6.18675e-21)
(0.978344 0.0200455 1.07777e-20)
(0.973337 0.023483 -1.00062e-20)
(0.967848 0.0272988 -6.83391e-21)
(0.96187 0.0315461 1.17575e-21)
(0.955416 0.0362732 -5.64227e-21)
(0.948477 0.0415449 -5.01894e-21)
(0.941076 0.0474146 6.80519e-21)
(0.933204 0.0539626 -8.56805e-21)
(0.924904 0.0612452 2.14631e-20)
(0.916165 0.0693648 -7.72448e-21)
(0.907063 0.0783726 -3.86589e-20)
(0.897581 0.0884043 3.98558e-20)
(0.88785 0.0994876 6.7216e-21)
(0.87783 0.111815 -2.04747e-20)
(0.867747 0.125349 9.9575e-21)
(0.857495 0.140391 -1.6434e-20)
(0.84748 0.156743 -2.37223e-21)
(0.837406 0.174951 -6.90576e-22)
(0.828081 0.194387 2.36719e-21)
(0.818664 0.216355 -4.34635e-21)
(0.810887 0.238471 -2.85937e-21)
(0.803322 0.266848 2.1326e-21)
(0.99998 0.00102537 2.98319e-21)
(0.999275 0.00306499 -2.12063e-21)
(0.997905 0.00513425 5.29077e-21)
(0.99596 0.00727788 -8.9924e-21)
(0.993465 0.00954105 3.80087e-21)
(0.990454 0.0119942 -3.60862e-21)
(0.986942 0.0146549 -2.1295e-21)
(0.982934 0.0175713 -3.77091e-21)
(0.978442 0.0207884 2.78954e-21)
(0.973465 0.0243531 2.6181e-21)
(0.968014 0.0283102 2.09549e-21)
(0.962082 0.0327143 3.8794e-21)
(0.955684 0.0376158 2.78654e-21)
(0.948815 0.0430807 4.40758e-21)
(0.941499 0.0491643 7.81807e-21)
(0.933732 0.0559484 -6.94697e-21)
(0.925559 0.0634909 2.72155e-22)
(0.916976 0.0718952 -1.40495e-20)
(0.908063 0.0812133 1.88864e-20)
(0.89881 0.0915818 -8.02769e-21)
(0.889358 0.103027 4.42789e-21)
(0.87967 0.115743 -2.85558e-22)
(0.869991 0.129684 -1.6567e-20)
(0.860212 0.145159 1.66214e-20)
(0.850771 0.161945 -5.7984e-21)
(0.841356 0.180616 2.66599e-20)
(0.832829 0.20048 7.81565e-21)
(0.824303 0.222911 2.50956e-20)
(0.817609 0.245389 -4.88914e-20)
(0.811235 0.274213 7.97933e-21)
(0.99998 0.00106261 -8.72715e-21)
(0.999278 0.00317528 5.26805e-21)
(0.997912 0.0053184 -7.59886e-21)
(0.995975 0.0075356 1.09917e-20)
(0.99349 0.00988794 5.49855e-21)
(0.990493 0.012423 5.43783e-21)
(0.986998 0.0151777 -5.94767e-21)
(0.983011 0.0181979 7.35003e-23)
(0.978544 0.0215296 -1.85659e-21)
(0.973599 0.0252213 -9.344e-22)
(0.968187 0.0293193 7.59944e-21)
(0.962304 0.03388 -9.88969e-22)
(0.955966 0.0389554 9.79924e-21)
(0.949169 0.0446129 -7.49539e-21)
(0.941942 0.0509098 -2.20309e-21)
(0.934283 0.0579289 -5.64138e-21)
(0.926243 0.0657297 1.83746e-20)
(0.917821 0.0744165 4.88919e-21)
(0.909105 0.0840419 -1.4824e-20)
(0.900089 0.0947428 1.30549e-20)
(0.890925 0.106544 -8.96867e-21)
(0.88158 0.11964 1.22466e-20)
(0.872317 0.133977 -2.82089e-20)
(0.863026 0.149871 -2.62053e-21)
(0.854176 0.167072 2.80663e-20)
(0.845437 0.186183 1.67569e-20)
(0.83773 0.20644 -1.88648e-20)
(0.830114 0.229299 8.30344e-21)
(0.824525 0.252088 -5.19823e-20)
(0.81936 0.281302 3.84585e-20)
(0.99998 0.00109979 -5.71155e-23)
(0.99928 0.00328541 -1.28071e-20)
(0.99792 0.00550243 8.06547e-22)
(0.995991 0.00778249 -6.74659e-21)
(0.993517 0.0102301 1.04307e-21)
(0.990534 0.0128504 -6.89026e-21)
(0.987056 0.0156992 6.63645e-21)
(0.983091 0.0188229 1.63656e-21)
(0.978652 0.022269 1.43639e-21)
(0.973741 0.0260874 1.42935e-21)
(0.96837 0.0303261 -4.13336e-21)
(0.962536 0.0350431 2.55842e-21)
(0.95626 0.0402918 -8.42233e-21)
(0.949539 0.0461415 -5.1754e-21)
(0.942405 0.0526508 5.33635e-21)
(0.934858 0.0599039 1.29562e-20)
(0.926956 0.0679615 5.87244e-21)
(0.918701 0.0769285 8.82947e-21)
(0.910189 0.0868581 5.4158e-21)
(0.901418 0.0978869 -4.03348e-20)
(0.892552 0.110038 1.95207e-20)
(0.883561 0.123505 2.92445e-21)
(0.874728 0.138227 -1.04183e-20)
(0.865937 0.154525 8.46681e-22)
(0.857695 0.172122 -1.84157e-20)
(0.849649 0.191647 1.31743e-20)
(0.842782 0.212265 -1.96189e-20)
(0.836094 0.235516 6.48591e-20)
(0.83163 0.258563 -4.33427e-20)
(0.827691 0.28811 2.3355e-20)
(0.99998 0.00113692 4.11927e-21)
(0.999283 0.00339536 3.64393e-21)
(0.997927 0.00568604 1.70963e-21)
(0.996007 0.00804173 -7.06632e-22)
(0.993547 0.0105705 -7.49724e-21)
(0.990577 0.0132766 -2.6673e-21)
(0.987118 0.0162192 3.33052e-22)
(0.983176 0.0194462 2.51651e-21)
(0.978765 0.0230065 -1.46757e-21)
(0.973889 0.0269512 4.13059e-22)
(0.968561 0.0313304 -5.90077e-21)
(0.962781 0.0362032 8.28438e-22)
(0.95657 0.041625 -3.69971e-21)
(0.949927 0.0476662 2.80177e-21)
(0.942889 0.0543872 -7.15271e-21)
(0.935461 0.061873 -9.52346e-21)
(0.927702 0.070186 1.4636e-20)
(0.91962 0.0794308 -4.97084e-21)
(0.911319 0.0896616 -3.02887e-21)
(0.902802 0.101014 2.63093e-21)
(0.894243 0.113508 7.79267e-21)
(0.885617 0.127338 -3.6068e-20)
(0.877225 0.142434 3.72603e-20)
(0.86895 0.159119 -3.33856e-20)
(0.861331 0.177092 2.02093e-20)
(0.853992 0.197006 -1.19788e-20)
(0.847985 0.217949 3.86529e-20)
(0.842242 0.241557 9.08399e-21)
(0.838922 0.264807 -3.9182e-20)
(0.836223 0.294635 -2.53677e-20)
(0.999981 0.00117397 -4.96524e-21)
(0.999286 0.00350514 5.97881e-21)
(0.997936 0.00586824 -5.66614e-22)
(0.996025 0.00831341 6.45446e-21)
(0.993577 0.0109102 2.75434e-21)
(0.990623 0.0137015 7.283e-21)
(0.987183 0.0167377 -5.65306e-21)
(0.983266 0.0200677 -6.99695e-21)
(0.978886 0.0237418 3.62832e-21)
(0.974046 0.0278127 -2.87088e-22)
(0.968764 0.032332 3.33315e-21)
(0.963039 0.0373603 9.634e-21)
(0.956895 0.0429546 -7.10563e-21)
(0.950335 0.0491867 7.98698e-22)
(0.943399 0.0561186 7.614e-21)
(0.936092 0.0638361 -1.1007e-20)
(0.928482 0.0724028 1.20117e-20)
(0.920581 0.0819232 -9.63678e-22)
(0.912498 0.0924519 4.41995e-21)
(0.904244 0.104122 -2.71919e-20)
(0.896001 0.116955 7.08888e-21)
(0.887752 0.131138 -8.95145e-21)
(0.879813 0.146597 -4.54981e-21)
(0.872066 0.163653 4.62166e-20)
(0.865086 0.181981 -3.41746e-20)
(0.85847 0.202257 1.37727e-20)
(0.853342 0.22349 -5.0754e-20)
(0.848555 0.247419 -1.49351e-21)
(0.8464 0.270812 3.48865e-20)
(0.844953 0.300873 4.09515e-21)
(0.999981 0.00121095 2.83474e-21)
(0.999289 0.0036148 -5.80164e-21)
(0.997945 0.00604824 -3.35973e-21)
(0.996044 0.00857429 -2.47129e-21)
(0.993609 0.0112484 -1.55309e-21)
(0.990672 0.0141251 -4.68498e-22)
(0.987253 0.0172547 -1.88872e-22)
(0.983361 0.0206874 -2.34928e-21)
(0.979013 0.024475 -7.99355e-21)
(0.974213 0.0286717 2.54869e-21)
(0.968979 0.0333306 -6.59632e-21)
(0.963312 0.038514 -2.65972e-21)
(0.95724 0.0442805 1.03003e-20)
(0.950766 0.0507029 1.65103e-21)
(0.943935 0.0578449 -4.32825e-21)
(0.936756 0.0657929 1.3269e-21)
(0.929302 0.0746116 -9.44562e-21)
(0.921588 0.0844052 1.50614e-20)
(0.913732 0.0952286 -5.37008e-21)
(0.905748 0.107213 9.27677e-21)
(0.897833 0.120376 -1.98499e-20)
(0.889971 0.134903 1.33866e-20)
(0.882498 0.150714 -2.39332e-20)
(0.875293 0.168123 -1.40973e-21)
(0.868965 0.186787 3.70136e-20)
(0.863086 0.207397 -7.39711e-21)
(0.858855 0.228885 1.68089e-21)
(0.855035 0.253098 3.74107e-20)
(0.854064 0.276574 -1.30467e-20)
(0.853877 0.306828 2.55629e-21)
(0.999982 0.00124783 -9.62847e-22)
(0.999292 0.00372425 3.34002e-21)
(0.997955 0.00623032 2.89665e-21)
(0.996065 0.00883144 -1.37678e-21)
(0.993643 0.0115853 7.33218e-21)
(0.990724 0.0145473 -7.99016e-21)
(0.987327 0.0177699 -3.47437e-21)
(0.983463 0.021305 7.78591e-21)
(0.979149 0.0252058 8.82953e-21)
(0.974391 0.0295279 -1.49224e-21)
(0.969207 0.0343263 -8.92604e-21)
(0.963603 0.0396644 7.69512e-21)
(0.957605 0.0456025 -7.24721e-21)
(0.951223 0.0522146 -1.05577e-20)
(0.944502 0.0595659 1.13455e-20)
(0.937458 0.0677432 3.52724e-21)
(0.930165 0.0768124 -1.60282e-20)
(0.922646 0.0868768 6.04643e-21)
(0.915025 0.0979916 1.77464e-20)
(0.907324 0.110284 -3.21915e-20)
(0.899746 0.123773 3.17376e-20)
(0.892283 0.138634 -3.50022e-20)
(0.885288 0.154784 1.74084e-20)
(0.878638 0.172529 -2.64392e-21)
(0.872977 0.191509 1.43472e-20)
(0.867846 0.212423 1.70981e-20)
(0.86453 0.234131 -2.23682e-20)
(0.861683 0.258591 -1.74636e-21)
(0.861919 0.282084 1.51993e-20)
(0.862998 0.312504 1.51728e-20)
(0.999982 0.00128461 3.60089e-21)
(0.999295 0.0038329 9.42144e-22)
(0.997966 0.00641476 5.09852e-21)
(0.996087 0.00908803 4.48896e-21)
(0.99368 0.011921 -1.4609e-21)
(0.99078 0.0149679 4.62621e-21)
(0.987407 0.0182832 6.26243e-21)
(0.983573 0.0219203 -3.49023e-21)
(0.979295 0.0259339 -4.66128e-21)
(0.974581 0.0303812 8.23628e-21)
(0.969452 0.0353186 3.18905e-21)
(0.963913 0.0408109 2.56191e-21)
(0.957995 0.0469202 -7.93114e-21)
(0.951709 0.0537214 2.95073e-21)
(0.945105 0.0612811 -3.05252e-21)
(0.938202 0.0696866 9.2167e-21)
(0.931079 0.0790047 -1.45948e-20)
(0.923765 0.0893375 1.00603e-20)
(0.916389 0.10074 -2.2899e-20)
(0.90898 0.113337 1.45798e-20)
(0.901751 0.127144 -1.81185e-20)
(0.894701 0.142331 7.29939e-21)
(0.888195 0.158808 1.26731e-20)
(0.882114 0.176871 1.38936e-20)
(0.877131 0.196146 -2.91851e-20)
(0.872763 0.217332 -1.08975e-20)
(0.870376 0.239227 -7.52444e-21)
(0.868507 0.263892 3.57582e-20)
(0.869976 0.287338 -1.82929e-20)
(0.872317 0.317913 -2.58027e-20)
(0.999983 0.00132129 -2.01339e-21)
(0.999299 0.00393975 -1.66972e-21)
(0.997979 0.00659682 -7.44568e-21)
(0.99611 0.0093436 -4.49235e-21)
(0.99372 0.012255 -4.04149e-21)
(0.99084 0.0153864 -6.74916e-21)
(0.987493 0.0187938 4.11503e-21)
(0.983691 0.0225324 -5.31206e-21)
(0.979453 0.0266582 6.07131e-21)
(0.974787 0.0312299 -4.96763e-21)
(0.969716 0.0363056 -3.02529e-21)
(0.964247 0.0419515 2.25421e-21)
(0.958414 0.048231 -8.97126e-21)
(0.952231 0.0552202 2.33699e-21)
(0.945752 0.0629871 7.65067e-21)
(0.938997 0.0716191 -2.15729e-21)
(0.932054 0.0811841 8.18721e-21)
(0.924955 0.0917826 3.72567e-21)
(0.917836 0.10347 -1.55615e-21)
(0.910731 0.116366 3.06613e-20)
(0.903864 0.130484 -2.21115e-20)
(0.89724 0.145986 9.34447e-21)
(0.891238 0.162779 -7.34069e-21)
(0.88574 0.181141 3.70455e-20)
(0.881449 0.200692 -1.45467e-20)
(0.877854 0.222117 2.214e-20)
(0.87641 0.244167 -3.07713e-20)
(0.875518 0.268993 -1.4222e-20)
(0.878253 0.292328 4.09226e-20)
(0.881843 0.323065 -2.96245e-20)
(0.999983 0.00135782 -1.70892e-21)
(0.999304 0.00404809 7.01565e-22)
(0.997992 0.00677726 4.20999e-21)
(0.996137 0.00959785 -1.23535e-21)
(0.993764 0.0125873 4.07698e-21)
(0.990907 0.0158025 1.38955e-21)
(0.987588 0.0193014 4.26209e-21)
(0.983821 0.0231406 2.58624e-22)
(0.979625 0.0273779 -3.55547e-22)
(0.975011 0.032073 -2.86302e-21)
(0.970003 0.0372859 2.29153e-22)
(0.96461 0.043084 2.32746e-21)
(0.958869 0.0495323 3.29446e-22)
(0.952796 0.0567078 -5.30755e-21)
(0.946449 0.0646799 -8.69601e-22)
(0.939855 0.0735362 2.75799e-21)
(0.933103 0.083345 1.41251e-20)
(0.92623 0.0942056 -1.52054e-20)
(0.919382 0.106173 -3.49312e-21)
(0.912598 0.119361 1.03345e-20)
(0.90611 0.133785 1.21944e-20)
(0.899928 0.149591 -6.71851e-21)
(0.894446 0.166687 1.36251e-21)
(0.889546 0.185331 5.10941e-21)
(0.885959 0.205139 -8.26564e-21)
(0.883149 0.22677 1.52451e-20)
(0.88266 0.248949 -1.54922e-20)
(0.882741 0.273884 1.44064e-21)
(0.886784 0.297051 -5.61177e-21)
(0.891591 0.327986 -3.47675e-21)
(0.999984 0.00139426 8.07546e-22)
(0.999309 0.00415828 4.32582e-22)
(0.998007 0.0069578 -1.22572e-21)
(0.996166 0.00985239 5.10099e-23)
(0.993813 0.0129202 1.88768e-21)
(0.990981 0.0162196 -2.84969e-21)
(0.987693 0.0198106 -1.60035e-21)
(0.983964 0.0237512 -6.26882e-22)
(0.979815 0.0281006 1.06385e-21)
(0.975257 0.0329201 3.1136e-21)
(0.970317 0.0382712 -1.50078e-21)
(0.965007 0.0442225 -9.91143e-21)
(0.959366 0.0508407 -5.40635e-21)
(0.953413 0.0582035 4.29971e-21)
(0.947211 0.0663817 7.59294e-21)
(0.940788 0.0754627 -2.95671e-21)
(0.934241 0.0855156 -1.19992e-20)
(0.927613 0.0966377 -6.84614e-21)
(0.921054 0.108883 2.06653e-20)
(0.914609 0.122362 -6.72619e-21)
(0.90852 0.137085 -1.01201e-20)
(0.902802 0.153189 3.09866e-20)
(0.897861 0.170578 -1.54727e-20)
(0.893579 0.189486 -2.03064e-20)
(0.890714 0.209531 1.19473e-20)
(0.8887 0.231333 -8.25715e-21)
(0.889176 0.253615 -1.46271e-20)
(0.890224 0.278603 3.01155e-20)
(0.895629 0.301561 -9.78061e-21)
(0.901585 0.332771 -1.62208e-20)
(0.999985 0.00143078 -3.88479e-22)
(0.999315 0.00426768 1.61318e-21)
(0.998025 0.00713994 -4.7381e-22)
(0.996199 0.0101099 1.2418e-21)
(0.993868 0.013258 -2.46611e-22)
(0.991063 0.0166442 3.42429e-21)
(0.98781 0.0203305 -1.14626e-22)
(0.984123 0.0243762 -2.57207e-21)
(0.980026 0.0288424 2.68415e-21)
(0.975531 0.0337917 -8.13366e-22)
(0.970667 0.0392874 -4.48191e-21)
(0.965448 0.0453991 3.61904e-21)
(0.959917 0.0521952 -4.09568e-21)
(0.954096 0.0597541 1.64337e-20)
(0.948052 0.0681476 -7.33049e-21)
(0.941817 0.0774628 -1.38186e-20)
(0.935496 0.0877693 1.93471e-20)
(0.929132 0.0991615 -6.8713e-22)
(0.922887 0.111693 1.02403e-20)
(0.916808 0.125466 -4.65819e-21)
(0.911148 0.14049 -2.43393e-20)
(0.905921 0.156887 -2.886e-21)
(0.901552 0.174559 1.32787e-20)
(0.897911 0.193711 -6.3176e-23)
(0.895794 0.213968 2.80933e-20)
(0.894588 0.235889 -2.75319e-20)
(0.89605 0.258231 3.01503e-20)
(0.898046 0.283163 -2.1304e-21)
(0.904895 0.305907 -2.14622e-20)
(0.911845 0.337506 -1.57695e-20)
(0.999986 0.00146657 5.63619e-22)
(0.999322 0.00437382 8.62028e-22)
(0.998045 0.00731643 -3.38255e-22)
(0.996238 0.0103583 9.81107e-22)
(0.993932 0.0135826 -9.04814e-22)
(0.991158 0.0170509 4.83354e-22)
(0.987944 0.020827 -2.21976e-21)
(0.984304 0.0249719 1.44249e-21)
(0.980265 0.0295481 -8.76363e-22)
(0.975841 0.0346197 2.65815e-21)
(0.971062 0.0402515 -1.92517e-21)
(0.965945 0.0465142 -6.17766e-21)
(0.960538 0.0534776 2.25767e-21)
(0.954864 0.0612206 4.79369e-21)
(0.948997 0.0698161 2.37595e-21)
(0.942973 0.0793503 3.82796e-21)
(0.936902 0.089893 1.2178e-21)
(0.930832 0.101536 -1.7861e-20)
(0.924935 0.11433 7.40211e-21)
(0.919257 0.128371 -2.1227e-21)
(0.914068 0.143666 -6.5095e-22)
(0.909372 0.16032 5.55197e-22)
(0.905623 0.178235 -2.62788e-21)
(0.902658 0.197581 6.39338e-21)
(0.901335 0.217999 -9.34501e-21)
(0.900945 0.239965 2.53909e-20)
(0.90343 0.262313 -1.98073e-20)
(0.906337 0.287013 -4.21803e-21)
(0.914773 0.309508 -1.65179e-21)
(0.922398 0.341416 -4.74084e-21)
)
;

boundaryField
{
    inlet
    {
        type            uniformFixedValue;
        uniformValue    constant (1 0 0);
        value           uniform (1 0 0);
    }
    outlet
    {
        type            pressureInletOutletVelocity;
        value           nonuniform 0();
    }
    cylinder
    {
        type            fixedValue;
        value           uniform (0 0 0);
    }
    top
    {
        type            symmetryPlane;
    }
    bottom
    {
        type            symmetryPlane;
    }
    defaultFaces
    {
        type            empty;
    }
    procBoundary2to0
    {
        type            processor;
        value           nonuniform List<vector> 
52
(
(0.00384896 0.00355943 4.56846e-21)
(0.0232537 0.00843971 5.00475e-22)
(0.059853 0.0114466 -8.32514e-21)
(0.103677 0.0130272 1.19033e-21)
(0.150884 0.0135929 3.72334e-21)
(0.198765 0.0135078 -8.55788e-21)
(0.245573 0.0130552 1.96261e-21)
(0.245573 0.0130552 1.96261e-21)
(0.290437 -0.0124291 1.59082e-20)
(0.333002 -0.0117445 9.55977e-21)
(0.373201 -0.0110626 -1.2575e-20)
(0.411102 -0.0104096 -4.51701e-21)
(0.446823 -0.00979431 5.50301e-21)
(0.480492 -0.0092177 -4.48918e-21)
(0.512236 -0.00867818 -8.57804e-21)
(0.542177 -0.00817346 2.23613e-21)
(0.570425 -0.00770118 5.91237e-21)
(0.597086 -0.00725919 1.31044e-20)
(0.622258 -0.00684579 1.10408e-21)
(0.646031 -0.00645851 9.5792e-22)
(0.668499 -0.00609249 6.29742e-21)
(0.999987 1.85783e-05 1.37326e-22)
(0.999256 5.5918e-05 -1.73755e-22)
(0.997823 9.38185e-05 3.52247e-22)
(0.997823 9.38185e-05 3.52247e-22)
(0.995788 -0.000133247 -4.00647e-22)
(0.993166 -0.000175015 4.09104e-23)
(0.989986 -0.000219908 -1.43475e-22)
(0.986256 -0.000268873 -1.58761e-22)
(0.981969 -0.000320606 -5.49383e-22)
(0.977135 -0.000381025 -2.63312e-26)
(0.971742 -0.000446636 2.43959e-22)
(0.965772 -0.000519421 5.5698e-22)
(0.959204 -0.000600499 -2.20402e-22)
(0.952017 -0.000690799 3.57707e-23)
(0.944181 -0.000791784 -1.23815e-22)
(0.935668 -0.000904518 -4.96658e-23)
(0.92644 -0.00103088 6.83488e-22)
(0.916463 -0.00117214 5.18016e-22)
(0.905687 -0.00133073 -7.28229e-23)
(0.894076 -0.00150817 1.82095e-22)
(0.881566 -0.0017076 1.783e-22)
(0.868116 -0.00193079 -7.1808e-22)
(0.853647 -0.00218188 -3.96848e-22)
(0.838122 -0.0024627 2.86618e-22)
(0.82143 -0.00277905 -7.59409e-22)
(0.803557 -0.00313187 1.95095e-21)
(0.784333 -0.00353082 -1.53909e-21)
(0.763813 -0.00397158 -5.59543e-22)
(0.741691 -0.00447851 1.97976e-21)
(0.718209 -0.00501252 3.75306e-23)
(0.692778 -0.00570729 -2.06592e-21)
)
;
    }
    procBoundary2to3
    {
        type            processor;
        value           nonuniform List<vector> 
100
(
(-0.00894913 0.00717646 -7.97148e-20)
(-0.0191498 0.0160163 1.83781e-19)
(-0.0191498 0.0160163 1.83781e-19)
(-0.0197571 0.0205319 1.68763e-20)
(-0.0197571 0.0205319 1.68763e-20)
(-0.00858127 0.0216403 2.14384e-19)
(-0.00332445 0.0195553 -2.50499e-19)
(-0.00332445 0.0195553 -2.50499e-19)
(0.0258114 0.0183327 1.84746e-20)
(0.0258114 0.0183327 1.84746e-20)
(0.0727886 0.016823 4.71572e-20)
(0.0727886 0.016823 4.71572e-20)
(0.140008 0.0167527 1.35039e-20)
(0.140008 0.0167527 1.35039e-20)
(0.229212 0.0199205 -2.88392e-19)
(0.229212 0.0199205 -2.88392e-19)
(0.340693 0.0280043 -1.20094e-19)
(0.340693 0.0280043 -1.20094e-19)
(0.472272 0.0422339 1.97725e-19)
(0.472272 0.0422339 1.97725e-19)
(0.618416 0.0629614 2.63767e-19)
(0.618416 0.0629614 2.63767e-19)
(0.770061 0.0892789 1.91157e-19)
(0.770061 0.0892789 1.91157e-19)
(0.874284 0.109096 -2.88863e-19)
(1.00856 0.138595 -6.45309e-20)
(1.00856 0.138595 -6.45309e-20)
(1.11953 0.166124 -3.71614e-19)
(1.11953 0.166124 -3.71614e-19)
(1.2024 0.189137 -7.86791e-21)
(1.2024 0.189137 -7.86791e-21)
(1.24335 0.198851 -5.38208e-20)
(1.28155 0.211522 4.43497e-20)
(1.28155 0.211522 4.43497e-20)
(1.30078 0.219419 -3.94747e-20)
(1.30078 0.219419 -3.94747e-20)
(1.30605 0.217818 1.4149e-19)
(1.30656 0.222155 -9.96711e-21)
(1.30656 0.222155 -9.96711e-21)
(1.30489 0.22143 -2.03785e-21)
(1.30236 0.220261 -1.108e-20)
(1.29913 0.218661 2.4815e-20)
(1.29534 0.21668 -3.84558e-20)
(1.29111 0.214377 4.72707e-20)
(1.28656 0.211796 -1.42676e-20)
(1.2818 0.208968 -8.09109e-21)
(1.2818 0.208968 -8.09109e-21)
(1.27994 0.20399 -1.94452e-20)
(1.27511 0.200921 2.2323e-21)
(1.27034 0.197698 -8.79366e-21)
(1.2657 0.194354 1.74738e-20)
(1.26121 0.190911 -1.89166e-20)
(1.25688 0.187386 1.03165e-20)
(1.25269 0.183788 4.79388e-21)
(1.24864 0.180122 2.35047e-21)
(1.2447 0.176394 -2.05063e-20)
(1.24085 0.172605 3.47056e-20)
(1.23709 0.16876 -2.11457e-20)
(1.2334 0.164862 1.78326e-20)
(1.22978 0.160918 -7.37723e-21)
(1.22622 0.156931 1.99612e-21)
(1.22271 0.152907 -6.77668e-21)
(1.21926 0.14885 7.48139e-21)
(1.21585 0.144766 -2.00302e-21)
(1.21249 0.140659 -4.17199e-21)
(1.20917 0.136533 2.30848e-21)
(1.2059 0.132394 -8.14388e-21)
(1.20267 0.128245 5.73152e-21)
(1.19947 0.124089 -3.83848e-21)
(1.19632 0.119931 6.05578e-21)
(1.19321 0.115773 -9.76188e-21)
(1.19013 0.111619 4.05187e-21)
(1.1871 0.10747 5.42457e-21)
(1.18411 0.103331 -2.2292e-21)
(1.18116 0.0992015 1.1765e-20)
(1.17826 0.0950848 -9.68768e-21)
(1.1754 0.0909817 6.47058e-21)
(1.1726 0.0868936 3.26755e-21)
(1.16984 0.0828212 7.0038e-22)
(1.16714 0.078765 -2.09399e-21)
(1.1645 0.0747253 1.24685e-21)
(1.16192 0.0707017 -5.31197e-21)
(1.15941 0.0666937 5.63439e-21)
(1.15697 0.0627003 -1.67166e-21)
(1.15462 0.0587199 -8.60772e-22)
(1.15235 0.0547509 2.70331e-21)
(1.15017 0.0507906 3.79267e-22)
(1.15017 0.0507906 3.79267e-22)
(1.14913 0.0467201 9.86289e-22)
(1.14713 0.0427779 -1.12206e-21)
(1.14525 0.038834 1.90316e-21)
(1.1435 0.0348833 1.56895e-22)
(1.14189 0.0309207 1.79391e-21)
(1.14043 0.0269391 7.7471e-22)
(1.13913 0.0229325 1.41984e-21)
(1.13801 0.0188906 -2.89867e-21)
(1.13707 0.0148061 3.81446e-21)
(1.13633 0.0106677 9.18959e-22)
(1.13582 0.00645737 2.60454e-21)
(1.13551 0.00218816 -5.45979e-21)
)
;
    }
}


// ************************************************************************* //
