/*--------------------------------*- C++ -*----------------------------------*\
  =========                 |
  \\      /  F ield         | OpenFOAM: The Open Source CFD Toolbox
   \\    /   O peration     | Website:  https://openfoam.org
    \\  /    A nd           | Version:  7
     \\/     M anipulation  |
\*---------------------------------------------------------------------------*/
FoamFile
{
    version     2.0;
    format      ascii;
    class       volScalarField;
    location    "74";
    object      p;
}
// * * * * * * * * * * * * * * * * * * * * * * * * * * * * * * * * * * * * * //

dimensions      [0 2 -2 0 0 0 0];

internalField   nonuniform List<scalar> 
34000
(
-0.350634
-0.351802
-0.352474
-0.353037
-0.353508
-0.353892
-0.35421
-0.354476
-0.354702
-0.354893
-0.355056
-0.355192
-0.355305
-0.355397
-0.355477
-0.35555
-0.355633
-0.355776
-0.355856
-0.355756
-0.351355
-0.352578
-0.353283
-0.353877
-0.354379
-0.354794
-0.355146
-0.355449
-0.355713
-0.355946
-0.356151
-0.356332
-0.356489
-0.356625
-0.356746
-0.356858
-0.356975
-0.357146
-0.357242
-0.357157
-0.352134
-0.353409
-0.354145
-0.354768
-0.355299
-0.355745
-0.356129
-0.356467
-0.356768
-0.35704
-0.357287
-0.357509
-0.357708
-0.357886
-0.358046
-0.358193
-0.358341
-0.358536
-0.358646
-0.358569
-0.352976
-0.354297
-0.355062
-0.355712
-0.356271
-0.356746
-0.35716
-0.357531
-0.357868
-0.358178
-0.358464
-0.358726
-0.358965
-0.35918
-0.359376
-0.359555
-0.35973
-0.359946
-0.360068
-0.359992
-0.353881
-0.355246
-0.356037
-0.356712
-0.357296
-0.357797
-0.35824
-0.358642
-0.359013
-0.35936
-0.359683
-0.359983
-0.360259
-0.36051
-0.360738
-0.360945
-0.361142
-0.361377
-0.361507
-0.361426
-0.354853
-0.356256
-0.35707
-0.357767
-0.358374
-0.3589
-0.35937
-0.359802
-0.360206
-0.360586
-0.360945
-0.361281
-0.361591
-0.361874
-0.362131
-0.362362
-0.362578
-0.362827
-0.362962
-0.362871
-0.355894
-0.357329
-0.358163
-0.35888
-0.359507
-0.360055
-0.360551
-0.361011
-0.361445
-0.361858
-0.36225
-0.362619
-0.362962
-0.363274
-0.363556
-0.363807
-0.364036
-0.364294
-0.364431
-0.364321
-0.357005
-0.358466
-0.359316
-0.36005
-0.360695
-0.361264
-0.361783
-0.362269
-0.362732
-0.363175
-0.363599
-0.363999
-0.36437
-0.364708
-0.365011
-0.365276
-0.365514
-0.365776
-0.365909
-0.365774
-0.358188
-0.359668
-0.360531
-0.361277
-0.361939
-0.362525
-0.363065
-0.363576
-0.364065
-0.364538
-0.364991
-0.365419
-0.365817
-0.366177
-0.366495
-0.36677
-0.36701
-0.36727
-0.367393
-0.367224
-0.359443
-0.360935
-0.361807
-0.362563
-0.363237
-0.363839
-0.364398
-0.364931
-0.365445
-0.365944
-0.366424
-0.366879
-0.3673
-0.367678
-0.368007
-0.368285
-0.368519
-0.36877
-0.368877
-0.368663
-0.360771
-0.362267
-0.363143
-0.363906
-0.364589
-0.365204
-0.36578
-0.366333
-0.366871
-0.367394
-0.3679
-0.368378
-0.368818
-0.36921
-0.369545
-0.369819
-0.37004
-0.370273
-0.370355
-0.370083
-0.36217
-0.363663
-0.364539
-0.365305
-0.365994
-0.36662
-0.36721
-0.367781
-0.36834
-0.368886
-0.369415
-0.369914
-0.37037
-0.370771
-0.371107
-0.371369
-0.371567
-0.371771
-0.37182
-0.371474
-0.363642
-0.365122
-0.365994
-0.366758
-0.367451
-0.368084
-0.368686
-0.369273
-0.369851
-0.370418
-0.370967
-0.371484
-0.371954
-0.37236
-0.372689
-0.372932
-0.373097
-0.373261
-0.373264
-0.372825
-0.365183
-0.366643
-0.367505
-0.368265
-0.368957
-0.369594
-0.370206
-0.370807
-0.371402
-0.371988
-0.372555
-0.373088
-0.373568
-0.373974
-0.374291
-0.374506
-0.374625
-0.374736
-0.374679
-0.374124
-0.366793
-0.368224
-0.369071
-0.369821
-0.370509
-0.371148
-0.371767
-0.372379
-0.372989
-0.373592
-0.374175
-0.374722
-0.375208
-0.37561
-0.375908
-0.376087
-0.376149
-0.376189
-0.376058
-0.375356
-0.368467
-0.369861
-0.370689
-0.371425
-0.372106
-0.372743
-0.373366
-0.373987
-0.374609
-0.375227
-0.375825
-0.376382
-0.376872
-0.377266
-0.377539
-0.377671
-0.377663
-0.377616
-0.377395
-0.376508
-0.370205
-0.371551
-0.372355
-0.373073
-0.373742
-0.374375
-0.374998
-0.375626
-0.376258
-0.376888
-0.377499
-0.378064
-0.378555
-0.378937
-0.37918
-0.379257
-0.379164
-0.379011
-0.378683
-0.377564
-0.372
-0.373291
-0.374065
-0.374762
-0.375415
-0.376039
-0.37666
-0.377291
-0.377932
-0.378572
-0.379192
-0.379765
-0.380254
-0.380621
-0.380827
-0.38084
-0.380649
-0.38037
-0.379919
-0.378508
-0.37385
-0.375077
-0.375817
-0.376486
-0.377119
-0.377731
-0.378347
-0.378978
-0.379624
-0.380272
-0.3809
-0.381477
-0.381963
-0.382311
-0.382476
-0.382419
-0.382116
-0.381687
-0.3811
-0.379317
-0.375749
-0.376904
-0.377605
-0.378243
-0.378851
-0.379447
-0.380053
-0.380681
-0.381329
-0.381982
-0.382616
-0.383196
-0.383676
-0.384003
-0.384123
-0.383988
-0.383561
-0.382959
-0.382227
-0.379933
-0.377693
-0.378768
-0.379425
-0.380026
-0.380606
-0.38118
-0.381773
-0.382394
-0.38304
-0.383696
-0.384333
-0.384913
-0.385385
-0.385689
-0.385762
-0.385543
-0.384981
-0.384188
-0.383329
-0.380302
-0.379675
-0.380664
-0.381271
-0.381832
-0.382378
-0.382927
-0.383502
-0.384111
-0.384752
-0.385406
-0.386043
-0.386621
-0.387083
-0.387362
-0.387385
-0.387078
-0.386372
-0.385373
-0.384445
-0.380701
-0.381691
-0.382587
-0.38314
-0.383655
-0.384162
-0.38468
-0.385232
-0.385825
-0.386455
-0.387103
-0.387737
-0.38831
-0.38876
-0.389013
-0.388983
-0.388584
-0.387729
-0.386483
-0.385228
-0.381299
-0.383734
-0.384532
-0.385027
-0.385491
-0.385954
-0.386436
-0.386958
-0.387529
-0.388144
-0.388781
-0.389407
-0.389971
-0.390406
-0.390629
-0.390545
-0.390053
-0.389047
-0.387586
-0.385906
-0.381679
-0.385799
-0.386495
-0.386927
-0.387335
-0.387748
-0.388188
-0.388675
-0.389217
-0.389809
-0.390429
-0.391042
-0.391592
-0.392008
-0.392199
-0.39206
-0.391472
-0.39031
-0.388617
-0.386559
-0.381816
-0.387881
-0.38847
-0.388836
-0.389183
-0.389541
-0.389931
-0.390375
-0.390882
-0.391444
-0.392041
-0.392632
-0.393162
-0.393555
-0.39371
-0.393514
-0.392828
-0.391506
-0.389562
-0.387151
-0.38174
-0.389974
-0.390454
-0.390749
-0.391031
-0.391327
-0.391661
-0.392056
-0.392518
-0.393043
-0.393606
-0.394169
-0.394672
-0.395034
-0.395149
-0.394889
-0.394105
-0.39262
-0.390412
-0.387658
-0.381455
-0.392074
-0.392443
-0.392665
-0.392876
-0.393104
-0.393374
-0.39371
-0.39412
-0.394597
-0.395119
-0.395644
-0.396111
-0.396434
-0.396501
-0.396173
-0.395285
-0.393636
-0.391152
-0.388066
-0.380956
-0.394178
-0.394435
-0.39458
-0.394715
-0.394868
-0.395068
-0.395336
-0.395683
-0.396103
-0.396572
-0.397049
-0.397469
-0.397744
-0.397754
-0.39735
-0.396353
-0.394536
-0.391765
-0.388362
-0.380236
-0.396282
-0.396428
-0.396493
-0.396547
-0.396619
-0.396739
-0.39693
-0.397204
-0.397555
-0.397961
-0.398378
-0.39874
-0.398954
-0.398896
-0.398407
-0.397293
-0.395304
-0.392235
-0.38853
-0.37929
-0.398385
-0.398421
-0.398403
-0.398371
-0.398355
-0.398386
-0.398491
-0.398681
-0.398952
-0.399282
-0.399626
-0.399917
-0.400059
-0.399921
-0.399335
-0.398095
-0.395927
-0.392548
-0.388559
-0.37812
-0.400486
-0.400414
-0.400311
-0.400187
-0.400076
-0.40001
-0.400018
-0.400113
-0.400292
-0.400533
-0.400792
-0.400998
-0.401054
-0.400823
-0.400128
-0.398751
-0.396398
-0.392697
-0.388438
-0.376734
-0.402586
-0.402407
-0.402217
-0.401998
-0.401783
-0.401612
-0.401513
-0.401502
-0.401577
-0.401716
-0.401876
-0.401984
-0.401939
-0.401602
-0.400786
-0.39926
-0.396715
-0.392684
-0.388164
-0.375157
-0.404687
-0.404405
-0.404125
-0.403804
-0.403481
-0.403196
-0.402979
-0.402851
-0.402809
-0.402834
-0.402881
-0.402877
-0.402719
-0.402262
-0.401313
-0.39963
-0.396888
-0.392526
-0.387744
-0.373433
-0.406794
-0.40641
-0.406037
-0.405611
-0.405172
-0.404763
-0.40442
-0.404163
-0.403993
-0.403891
-0.403813
-0.403685
-0.403401
-0.402812
-0.40172
-0.399875
-0.396933
-0.392259
-0.387212
-0.371661
-0.408911
-0.408427
-0.40796
-0.407424
-0.406861
-0.406322
-0.405842
-0.405446
-0.405137
-0.404896
-0.404681
-0.404416
-0.403994
-0.403264
-0.402022
-0.400015
-0.396877
-0.391933
-0.386616
-0.369993
-0.411044
-0.410463
-0.409898
-0.409247
-0.408555
-0.407877
-0.407252
-0.406707
-0.406248
-0.405859
-0.405495
-0.405082
-0.404512
-0.403633
-0.402239
-0.400077
-0.396755
-0.39161
-0.385974
-0.368436
-0.413202
-0.412525
-0.41186
-0.411088
-0.410261
-0.409437
-0.408659
-0.407956
-0.407339
-0.40679
-0.406268
-0.405698
-0.404971
-0.403937
-0.402393
-0.400097
-0.396631
-0.391423
-0.385278
-0.366515
-0.415395
-0.41462
-0.413853
-0.412956
-0.411988
-0.41101
-0.410072
-0.409204
-0.408419
-0.407703
-0.407014
-0.406278
-0.405387
-0.404194
-0.402505
-0.400105
-0.396587
-0.391635
-0.384918
-0.364533
-0.417633
-0.416759
-0.415885
-0.41486
-0.413744
-0.412608
-0.411502
-0.410462
-0.409503
-0.408612
-0.407748
-0.406838
-0.405775
-0.404418
-0.402588
-0.400114
-0.396653
-0.392382
-0.386
-0.369036
-0.419926
-0.418952
-0.417967
-0.416808
-0.41554
-0.41424
-0.412961
-0.411743
-0.410603
-0.409531
-0.408485
-0.407394
-0.406151
-0.404623
-0.402647
-0.400104
-0.39673
-0.393186
-0.388322
-0.391676
-0.422288
-0.421208
-0.420109
-0.418811
-0.417387
-0.415917
-0.41446
-0.41306
-0.411735
-0.410475
-0.409241
-0.407959
-0.406527
-0.404815
-0.40268
-0.400044
-0.39671
-0.39368
-0.389506
-0.395782
-0.424732
-0.42354
-0.422322
-0.42088
-0.419294
-0.417651
-0.416013
-0.414425
-0.41291
-0.411458
-0.410029
-0.408548
-0.406915
-0.405003
-0.402683
-0.399908
-0.39652
-0.393635
-0.389383
-0.39507
-0.42727
-0.425958
-0.424615
-0.423025
-0.421273
-0.419454
-0.41763
-0.415853
-0.414144
-0.412494
-0.410862
-0.409173
-0.407323
-0.405191
-0.402653
-0.399681
-0.396131
-0.393092
-0.388452
-0.392718
-0.429915
-0.428475
-0.427001
-0.425257
-0.423336
-0.421334
-0.419324
-0.417354
-0.415448
-0.413595
-0.411753
-0.409842
-0.407758
-0.405379
-0.402585
-0.399351
-0.395535
-0.392123
-0.386927
-0.389315
-0.432679
-0.4311
-0.429489
-0.427587
-0.425492
-0.423308
-0.421107
-0.418942
-0.416834
-0.414773
-0.41271
-0.410564
-0.408225
-0.405569
-0.402475
-0.398915
-0.394739
-0.390797
-0.384951
-0.385348
-0.435577
-0.433844
-0.43209
-0.430024
-0.427752
-0.425382
-0.422989
-0.420626
-0.418313
-0.416035
-0.413742
-0.411344
-0.408725
-0.405759
-0.40232
-0.398371
-0.393754
-0.389181
-0.382644
-0.38114
-0.438617
-0.436719
-0.434813
-0.432579
-0.430126
-0.427568
-0.42498
-0.422416
-0.419893
-0.417391
-0.414853
-0.412183
-0.409258
-0.405945
-0.402116
-0.39772
-0.392598
-0.387333
-0.380105
-0.376876
-0.441812
-0.439733
-0.437669
-0.43526
-0.432622
-0.429874
-0.42709
-0.424321
-0.421581
-0.418846
-0.416047
-0.413083
-0.409821
-0.406124
-0.401858
-0.396966
-0.39129
-0.385305
-0.377404
-0.37266
-0.445171
-0.442895
-0.440664
-0.438077
-0.43525
-0.432308
-0.429325
-0.426347
-0.423384
-0.420402
-0.417325
-0.41404
-0.410409
-0.406288
-0.401544
-0.396112
-0.389846
-0.383138
-0.374598
-0.368543
-0.448702
-0.446213
-0.443808
-0.441035
-0.438017
-0.434878
-0.431692
-0.4285
-0.425304
-0.422061
-0.418684
-0.415051
-0.411016
-0.406432
-0.401169
-0.395162
-0.388283
-0.380865
-0.371722
-0.364549
-0.452412
-0.449692
-0.447106
-0.444142
-0.440928
-0.43759
-0.434197
-0.430784
-0.427344
-0.423822
-0.420122
-0.416109
-0.411633
-0.406548
-0.400729
-0.39412
-0.386616
-0.378508
-0.368805
-0.36068
-0.456305
-0.45334
-0.450563
-0.447404
-0.44399
-0.440449
-0.436843
-0.433201
-0.429503
-0.425683
-0.421631
-0.417205
-0.412252
-0.406628
-0.400222
-0.39299
-0.384856
-0.376087
-0.365862
-0.35693
-0.460387
-0.457159
-0.454185
-0.450825
-0.447206
-0.443458
-0.439634
-0.435751
-0.43178
-0.427638
-0.423205
-0.41833
-0.41286
-0.406663
-0.399641
-0.391772
-0.383012
-0.373614
-0.362905
-0.353285
-0.46466
-0.461152
-0.457974
-0.454408
-0.450581
-0.44662
-0.442569
-0.438435
-0.43417
-0.42968
-0.424832
-0.419471
-0.413448
-0.406643
-0.398984
-0.390469
-0.381091
-0.371096
-0.359938
-0.349729
-0.469124
-0.465322
-0.461932
-0.458155
-0.454115
-0.449936
-0.44565
-0.441247
-0.436667
-0.4318
-0.426501
-0.420616
-0.414002
-0.40656
-0.398244
-0.389081
-0.379097
-0.368538
-0.356962
-0.346244
-0.473778
-0.469668
-0.466061
-0.462068
-0.45781
-0.453405
-0.448872
-0.444185
-0.439264
-0.433986
-0.428199
-0.421749
-0.41451
-0.406405
-0.397419
-0.387608
-0.377034
-0.365941
-0.353976
-0.342813
-0.47862
-0.474188
-0.470358
-0.466146
-0.461665
-0.457027
-0.452233
-0.447239
-0.441949
-0.436224
-0.429909
-0.422856
-0.414957
-0.406166
-0.396501
-0.386049
-0.374902
-0.363305
-0.350975
-0.33942
-0.483646
-0.478881
-0.474823
-0.470387
-0.465677
-0.460796
-0.455726
-0.450402
-0.44471
-0.4385
-0.431615
-0.423919
-0.415331
-0.405835
-0.395487
-0.384402
-0.372701
-0.360627
-0.347954
-0.336047
-0.488849
-0.48374
-0.479451
-0.474787
-0.469843
-0.464708
-0.459343
-0.453662
-0.447533
-0.440796
-0.433299
-0.424923
-0.415617
-0.405402
-0.394369
-0.382664
-0.370428
-0.357902
-0.344906
-0.33268
-0.494221
-0.48876
-0.484237
-0.479341
-0.474156
-0.468753
-0.463072
-0.457004
-0.450399
-0.443093
-0.434941
-0.42585
-0.415802
-0.404857
-0.393144
-0.380831
-0.36808
-0.355126
-0.341825
-0.329304
-0.499754
-0.493932
-0.489172
-0.484043
-0.478607
-0.472923
-0.466902
-0.460412
-0.45329
-0.44537
-0.436522
-0.426682
-0.415871
-0.404192
-0.391804
-0.378899
-0.365654
-0.352293
-0.338702
-0.325907
-0.505433
-0.499246
-0.494249
-0.488882
-0.483188
-0.477205
-0.470815
-0.463867
-0.456185
-0.447605
-0.43802
-0.427401
-0.415812
-0.403396
-0.390343
-0.376864
-0.363144
-0.349396
-0.335528
-0.322475
-0.511246
-0.50469
-0.499455
-0.493847
-0.487884
-0.481582
-0.474795
-0.467348
-0.459059
-0.449775
-0.439414
-0.427991
-0.415612
-0.40246
-0.388754
-0.374718
-0.360543
-0.346427
-0.332296
-0.318998
-0.517176
-0.51025
-0.504777
-0.498924
-0.492681
-0.486038
-0.47882
-0.470832
-0.461889
-0.451855
-0.440683
-0.428432
-0.415256
-0.401374
-0.38703
-0.372457
-0.357845
-0.343378
-0.328997
-0.315465
-0.523203
-0.515908
-0.510198
-0.504096
-0.497561
-0.490552
-0.482866
-0.474292
-0.464647
-0.45382
-0.441805
-0.428709
-0.414733
-0.40013
-0.385164
-0.370073
-0.355043
-0.340241
-0.32562
-0.311864
-0.529307
-0.521645
-0.515701
-0.509345
-0.502502
-0.4951
-0.486907
-0.4777
-0.467306
-0.455645
-0.442758
-0.428804
-0.41403
-0.398718
-0.383148
-0.367558
-0.352129
-0.337008
-0.322157
-0.308185
-0.535465
-0.52744
-0.521264
-0.514649
-0.50748
-0.499656
-0.490914
-0.481027
-0.469837
-0.457304
-0.443521
-0.428701
-0.413133
-0.397127
-0.380973
-0.364904
-0.349094
-0.333669
-0.3186
-0.30442
-0.541649
-0.533269
-0.526862
-0.519983
-0.512471
-0.504191
-0.494857
-0.484241
-0.47221
-0.45877
-0.444073
-0.428384
-0.412031
-0.395349
-0.37863
-0.362103
-0.345929
-0.330215
-0.314938
-0.300558
-0.547832
-0.539105
-0.532472
-0.52532
-0.517444
-0.508673
-0.498703
-0.48731
-0.474395
-0.46002
-0.444393
-0.427836
-0.410712
-0.393373
-0.376111
-0.359147
-0.342626
-0.326637
-0.311162
-0.296591
-0.553982
-0.544919
-0.538062
-0.530631
-0.522367
-0.51307
-0.502417
-0.4902
-0.476363
-0.461025
-0.444462
-0.427042
-0.409164
-0.391188
-0.373406
-0.356025
-0.339176
-0.322926
-0.307264
-0.292509
-0.560067
-0.55068
-0.543603
-0.535882
-0.527206
-0.517344
-0.505963
-0.492876
-0.478081
-0.461763
-0.444259
-0.425988
-0.407374
-0.388785
-0.370507
-0.352729
-0.335568
-0.319073
-0.303235
-0.288305
-0.56605
-0.556355
-0.54906
-0.541039
-0.531925
-0.521458
-0.509303
-0.495306
-0.479522
-0.462208
-0.443766
-0.424658
-0.40533
-0.386154
-0.367402
-0.349249
-0.331794
-0.315068
-0.299065
-0.28397
-0.571893
-0.561906
-0.554397
-0.546064
-0.536485
-0.525373
-0.5124
-0.497452
-0.480655
-0.462337
-0.442963
-0.423038
-0.403021
-0.383283
-0.364082
-0.345576
-0.327845
-0.310903
-0.294747
-0.279496
-0.577558
-0.567298
-0.559576
-0.550919
-0.540845
-0.529048
-0.515214
-0.499282
-0.481451
-0.462127
-0.441835
-0.421114
-0.400436
-0.380163
-0.360538
-0.3417
-0.32371
-0.306568
-0.290271
-0.274875
-0.583003
-0.572488
-0.564557
-0.555561
-0.544963
-0.532442
-0.517708
-0.500762
-0.481883
-0.461557
-0.440363
-0.418872
-0.397561
-0.376783
-0.35676
-0.337611
-0.319381
-0.302056
-0.285631
-0.270101
-0.588185
-0.577437
-0.569299
-0.559949
-0.548796
-0.535513
-0.519842
-0.501857
-0.481924
-0.460604
-0.438531
-0.416299
-0.394388
-0.373132
-0.352736
-0.3333
-0.31485
-0.297357
-0.280817
-0.265166
-0.593059
-0.582101
-0.573756
-0.564038
-0.552301
-0.538217
-0.521578
-0.502536
-0.481547
-0.459249
-0.436324
-0.413383
-0.390903
-0.3692
-0.348459
-0.328758
-0.310106
-0.292464
-0.275824
-0.260064
-0.597582
-0.586436
-0.577886
-0.567782
-0.555431
-0.540515
-0.52288
-0.502768
-0.480728
-0.457473
-0.433725
-0.410112
-0.387096
-0.364978
-0.343918
-0.323976
-0.305143
-0.287369
-0.270643
-0.254788
-0.601706
-0.590397
-0.581643
-0.571138
-0.558144
-0.542363
-0.52371
-0.502523
-0.479445
-0.455257
-0.430723
-0.406472
-0.382957
-0.360455
-0.339105
-0.318945
-0.299951
-0.282065
-0.265268
-0.249334
-0.605387
-0.59394
-0.584982
-0.574058
-0.560394
-0.543723
-0.524035
-0.501773
-0.477674
-0.452586
-0.427302
-0.402453
-0.378475
-0.355623
-0.33401
-0.313656
-0.294524
-0.276544
-0.259694
-0.243694
-0.608576
-0.597017
-0.587854
-0.576496
-0.562138
-0.544553
-0.523821
-0.500491
-0.475396
-0.449443
-0.42345
-0.398044
-0.373641
-0.350471
-0.328625
-0.308103
-0.288854
-0.270801
-0.253913
-0.237866
-0.611229
-0.599583
-0.590216
-0.578408
-0.563334
-0.544817
-0.523037
-0.498654
-0.472591
-0.445814
-0.419155
-0.393235
-0.368446
-0.344992
-0.322942
-0.302278
-0.282935
-0.264829
-0.247921
-0.231843
-0.6133
-0.601593
-0.592022
-0.57975
-0.563939
-0.544478
-0.521653
-0.496237
-0.469243
-0.441685
-0.414407
-0.388016
-0.36288
-0.339178
-0.316954
-0.296174
-0.27676
-0.258623
-0.241714
-0.225623
-0.614744
-0.603004
-0.593227
-0.580477
-0.563915
-0.543503
-0.519641
-0.493219
-0.465335
-0.437044
-0.409195
-0.382379
-0.356937
-0.333021
-0.310653
-0.289785
-0.270324
-0.252178
-0.235286
-0.219202
-0.615518
-0.60377
-0.593789
-0.58055
-0.563225
-0.54186
-0.516978
-0.489583
-0.460854
-0.43188
-0.403511
-0.376316
-0.350609
-0.326514
-0.304035
-0.283105
-0.263622
-0.245489
-0.228634
-0.212576
-0.615581
-0.603851
-0.593665
-0.579928
-0.561832
-0.539519
-0.513639
-0.485311
-0.455787
-0.426183
-0.397347
-0.36982
-0.343889
-0.319652
-0.297092
-0.276129
-0.25665
-0.238553
-0.221755
-0.205743
-0.614893
-0.603206
-0.592816
-0.578574
-0.559704
-0.536453
-0.509605
-0.480389
-0.450122
-0.419946
-0.390695
-0.362885
-0.336772
-0.31243
-0.289822
-0.268854
-0.249403
-0.231366
-0.214646
-0.198701
-0.613416
-0.601798
-0.591204
-0.576453
-0.556811
-0.53264
-0.504858
-0.474802
-0.443852
-0.413161
-0.38355
-0.355505
-0.329253
-0.304843
-0.282219
-0.261275
-0.24188
-0.223926
-0.207306
-0.191453
-0.611114
-0.59959
-0.588795
-0.573532
-0.553125
-0.528058
-0.499383
-0.468542
-0.436968
-0.405823
-0.375907
-0.347677
-0.321329
-0.296887
-0.27428
-0.25339
-0.234075
-0.216227
-0.199733
-0.184009
-0.607955
-0.596549
-0.585557
-0.569784
-0.548623
-0.522687
-0.493166
-0.461599
-0.429465
-0.397927
-0.367763
-0.339397
-0.312996
-0.288561
-0.266004
-0.245196
-0.225988
-0.208263
-0.19192
-0.176359
-0.60391
-0.592644
-0.581459
-0.565181
-0.543284
-0.516515
-0.486199
-0.453968
-0.421338
-0.389471
-0.359115
-0.330663
-0.304252
-0.279862
-0.25739
-0.236695
-0.217617
-0.200039
-0.183864
-0.168424
-0.598951
-0.58785
-0.576476
-0.559702
-0.537089
-0.509527
-0.478473
-0.445644
-0.412587
-0.380453
-0.349962
-0.321474
-0.295098
-0.270791
-0.248437
-0.227885
-0.208967
-0.191574
-0.175607
-0.160108
-0.593055
-0.58214
-0.570585
-0.553326
-0.530025
-0.501715
-0.469983
-0.436624
-0.403209
-0.370873
-0.340306
-0.311832
-0.285533
-0.261347
-0.239145
-0.218767
-0.200039
-0.182878
-0.167196
-0.151574
-0.586203
-0.575496
-0.563767
-0.546037
-0.522081
-0.493073
-0.460728
-0.42691
-0.393207
-0.360734
-0.330147
-0.301737
-0.275559
-0.251533
-0.229517
-0.209343
-0.190834
-0.173916
-0.158368
-0.143098
-0.578377
-0.567898
-0.556005
-0.537824
-0.513248
-0.483597
-0.450706
-0.416503
-0.382583
-0.350038
-0.319488
-0.291192
-0.265178
-0.24135
-0.219554
-0.199615
-0.181356
-0.164698
-0.149336
-0.134421
-0.569565
-0.559334
-0.547289
-0.528679
-0.503523
-0.473288
-0.439923
-0.405408
-0.371342
-0.338789
-0.308333
-0.2802
-0.254394
-0.230802
-0.20926
-0.189588
-0.171604
-0.155228
-0.140105
-0.125522
-0.559757
-0.549793
-0.537609
-0.518595
-0.492904
-0.462148
-0.428381
-0.393631
-0.35949
-0.326994
-0.296689
-0.268768
-0.243213
-0.219894
-0.198641
-0.179265
-0.161585
-0.145515
-0.130669
-0.116408
-0.548948
-0.53927
-0.52696
-0.507571
-0.481395
-0.450182
-0.416089
-0.38118
-0.347037
-0.314661
-0.284562
-0.256902
-0.231639
-0.208633
-0.187701
-0.168652
-0.151302
-0.135567
-0.121024
-0.107089
-0.537136
-0.527762
-0.515343
-0.49561
-0.469
-0.4374
-0.403057
-0.368065
-0.33399
-0.301799
-0.271961
-0.244608
-0.219681
-0.197023
-0.176447
-0.157754
-0.140762
-0.125387
-0.111171
-0.0975749
-0.524324
-0.515269
-0.502759
-0.482718
-0.455729
-0.423811
-0.389296
-0.354298
-0.320363
-0.288416
-0.258895
-0.231898
-0.207346
-0.185074
-0.164886
-0.146579
-0.129973
-0.114982
-0.101114
-0.0878732
-0.510516
-0.501798
-0.489215
-0.468904
-0.441594
-0.409431
-0.374822
-0.339894
-0.306167
-0.274525
-0.245379
-0.21878
-0.194645
-0.172793
-0.153026
-0.135135
-0.11894
-0.104358
-0.0908594
-0.0779918
-0.495723
-0.487356
-0.474722
-0.45418
-0.426609
-0.394275
-0.359651
-0.324869
-0.291418
-0.260145
-0.231415
-0.205265
-0.181587
-0.160192
-0.140877
-0.12343
-0.107674
-0.0935241
-0.0804135
-0.0679382
-0.479958
-0.471957
-0.459293
-0.438562
-0.410792
-0.378362
-0.343801
-0.309239
-0.276132
-0.245285
-0.217024
-0.191366
-0.168183
-0.147281
-0.128449
-0.111475
-0.0961815
-0.0824873
-0.0697845
-0.0577206
-0.463236
-0.455615
-0.442946
-0.422069
-0.394164
-0.361714
-0.327294
-0.293024
-0.260326
-0.229962
-0.20222
-0.177097
-0.154448
-0.134071
-0.115753
-0.0992792
-0.0844741
-0.0712572
-0.0589813
-0.0473476
-0.445579
-0.43835
-0.4257
-0.404724
-0.376749
-0.344355
-0.310155
-0.27624
-0.244019
-0.214194
-0.187019
-0.162473
-0.140394
-0.120576
-0.102802
-0.0868546
-0.0725621
-0.059844
-0.0480134
-0.0368286
-0.42701
-0.420185
-0.407578
-0.386551
-0.358572
-0.326311
-0.292394
-0.258921
-0.227233
-0.197999
-0.171439
-0.147508
-0.126037
-0.10681
-0.0896081
-0.0742133
-0.060457
-0.0482583
-0.0368913
-0.0261735
-0.407555
-0.401145
-0.388608
-0.367578
-0.339668
-0.307606
-0.274046
-0.241083
-0.209989
-0.181397
-0.155496
-0.132222
-0.111392
-0.092787
-0.0761854
-0.0613684
-0.0481712
-0.036512
-0.0256262
-0.0153933
-0.387244
-0.381259
-0.368818
-0.347838
-0.320065
-0.288255
-0.255148
-0.222752
-0.192309
-0.16441
-0.139211
-0.11663
-0.0964751
-0.0785224
-0.0625483
-0.0483337
-0.0357179
-0.0246174
-0.01423
-0.00450011
-0.366107
-0.360559
-0.348244
-0.327375
-0.29976
-0.268318
-0.23572
-0.203955
-0.174219
-0.147059
-0.122604
-0.100752
-0.0813042
-0.0640327
-0.0487122
-0.0351236
-0.0231109
-0.0125877
-0.00271578
0.00649267
-0.344178
-0.339082
-0.326925
-0.306235
-0.278788
-0.247811
-0.215793
-0.184721
-0.155744
-0.129369
-0.105696
-0.0846075
-0.0658974
-0.0493346
-0.0346928
-0.0217532
-0.0103647
-0.000436573
0.00890292
0.0175699
-0.321491
-0.316866
-0.304892
-0.284348
-0.257287
-0.226776
-0.195399
-0.165079
-0.136911
-0.111363
-0.0885087
-0.0682169
-0.0502736
-0.0344457
-0.0205065
-0.0082381
0.0025055
0.0118216
0.0206114
0.0287143
-0.298085
-0.293951
-0.282179
-0.261855
-0.235214
-0.205245
-0.174573
-0.145059
-0.117747
-0.0930671
-0.0710664
-0.0516014
-0.0344522
-0.0193841
-0.00617008
0.0054059
0.0154844
0.0241721
0.0323936
0.0399032
-0.273996
-0.270382
-0.258817
-0.238802
-0.212613
-0.183258
-0.153349
-0.124692
-0.0982815
-0.0745066
-0.0533924
-0.0347828
-0.0184533
-0.0041682
0.00829943
0.0191627
0.0285565
0.0366
0.0442313
0.0511059
-0.249255
-0.246219
-0.234873
-0.215211
-0.18953
-0.160851
-0.131762
-0.104011
-0.0785431
-0.0557087
-0.0355113
-0.0177838
-0.00229772
0.0111831
0.0228848
0.0330162
0.0417059
0.0490908
0.0561071
0.0622904
-0.223921
-0.221508
-0.210398
-0.191124
-0.166008
-0.138065
-0.109848
-0.0830501
-0.0585624
-0.0367012
-0.0174485
-0.000627552
0.0139934
0.0266505
0.0375686
0.0469502
0.054917
0.0616325
0.0680122
0.0734345
-0.198144
-0.196215
-0.18543
-0.16659
-0.142092
-0.11494
-0.087645
-0.061842
-0.0383705
-0.0175124
0.000769944
0.0166622
0.0303984
0.0422145
0.0523334
0.0609482
0.0681752
0.0742217
0.0799458
0.0844728
-0.171902
-0.170435
-0.160017
-0.141655
-0.117826
-0.0915173
-0.065191
-0.0404219
-0.0179993
0.00182855
0.0191175
0.0340609
0.046895
0.0578551
0.0671614
0.074994
0.0814724
0.0868694
0.0918799
0.0951598
-0.145222
-0.144239
-0.134209
-0.116366
-0.0932556
-0.0678393
-0.0425246
-0.0188253
0.00251895
0.021292
0.0375668
0.0515438
0.0634606
0.073552
0.0820339
0.0890737
0.0948112
0.0995923
0.103721
0.105156
-0.118163
-0.117679
-0.108057
-0.0907742
-0.0684284
-0.0439491
-0.0196853
0.00291169
0.0231512
0.0408478
0.0560902
0.0690852
0.0800716
0.0892835
0.0969317
0.103175
0.108194
0.112368
0.11535
0.114776
-0.0907834
-0.0908066
-0.0816136
-0.0649288
-0.0433912
-0.0198903
0.00328693
0.0247527
0.0438641
0.0604651
0.0746593
0.0866591
0.0967041
0.105027
0.111834
0.117283
0.121602
0.125102
0.126667
0.126057
-0.0631368
-0.0636744
-0.0549308
-0.0388802
-0.0181914
0.00429311
0.0263519
0.0466607
0.0646238
0.0801129
0.0932456
0.104239
0.113333
0.12076
0.126721
0.131377
0.134983
0.137763
0.138433
0.13814
-0.0352807
-0.0363377
-0.0280631
-0.0126803
0.00712268
0.0285568
0.0494687
0.0685985
0.0853959
0.0997597
0.11182
0.121798
0.129934
0.136459
0.14157
0.145433
0.148311
0.150355
0.150323
0.149972
-0.0072725
-0.00885184
-0.00106484
0.0136191
0.0325027
0.052856
0.0725967
0.0905286
0.106146
0.119374
0.130353
0.139309
0.146481
0.152099
0.156358
0.159427
0.161567
0.162885
0.162236
0.161643
0.0208305
0.0187272
0.0260092
0.0399661
0.0579001
0.077146
0.0956946
0.112413
0.12684
0.138923
0.148815
0.156744
0.16295
0.167658
0.171063
0.173336
0.174732
0.175333
0.174089
0.173144
0.0489706
0.0463431
0.053104
0.0663084
0.0832663
0.101382
0.118721
0.134215
0.147443
0.158377
0.167178
0.174077
0.179313
0.18311
0.185661
0.187137
0.187786
0.187676
0.185838
0.184467
0.0770902
0.0739393
0.0801647
0.092594
0.108553
0.12552
0.141636
0.155897
0.167921
0.177702
0.18541
0.191279
0.195547
0.198434
0.20013
0.200809
0.200711
0.199891
0.197453
0.195607
0.105132
0.101459
0.107136
0.118771
0.133711
0.149514
0.164398
0.17742
0.188238
0.196867
0.203484
0.208324
0.211625
0.213604
0.214449
0.214331
0.213486
0.211958
0.208915
0.20656
0.133037
0.128846
0.133964
0.144787
0.158693
0.173321
0.186967
0.198748
0.208362
0.21584
0.221369
0.225185
0.227523
0.228597
0.228594
0.227683
0.226092
0.22386
0.220208
0.21732
0.16075
0.156044
0.160594
0.170591
0.183451
0.196896
0.209302
0.219844
0.228257
0.23459
0.239038
0.241835
0.243215
0.243391
0.242545
0.240845
0.238512
0.235577
0.231316
0.227879
0.188212
0.182997
0.186971
0.196133
0.207938
0.220197
0.231363
0.240671
0.24789
0.253087
0.25646
0.258247
0.258678
0.257963
0.256281
0.253798
0.250729
0.247096
0.242228
0.238231
0.215369
0.20965
0.213044
0.221361
0.232107
0.243179
0.253111
0.261193
0.267227
0.271298
0.273608
0.274395
0.273887
0.27229
0.269781
0.266523
0.262724
0.258401
0.25293
0.248367
0.242164
0.235948
0.238758
0.246227
0.255912
0.265802
0.274507
0.281374
0.286237
0.289194
0.290455
0.290254
0.288818
0.286351
0.283025
0.279002
0.274482
0.269477
0.26341
0.258278
0.268542
0.261837
0.264062
0.270682
0.279308
0.288024
0.295513
0.301179
0.304886
0.306746
0.306971
0.305798
0.303448
0.300123
0.295994
0.291217
0.285986
0.280309
0.273655
0.267955
0.29445
0.287264
0.288905
0.294677
0.302251
0.309803
0.316092
0.320574
0.323143
0.323924
0.323131
0.321001
0.317754
0.313587
0.308668
0.303149
0.297219
0.290883
0.283653
0.277388
0.319834
0.312178
0.313237
0.318165
0.324698
0.331099
0.336207
0.339526
0.340977
0.340698
0.338909
0.335841
0.331714
0.326721
0.321027
0.314783
0.308168
0.301186
0.293392
0.286565
0.344644
0.336528
0.33701
0.341102
0.346604
0.351874
0.355822
0.358
0.358358
0.357043
0.354277
0.350293
0.345306
0.339506
0.333055
0.3261
0.318816
0.311203
0.302859
0.295477
0.368828
0.360263
0.360175
0.363442
0.367931
0.37209
0.374901
0.375965
0.375255
0.372929
0.369212
0.364334
0.358508
0.351921
0.344732
0.337086
0.329148
0.320921
0.312041
0.304114
0.392337
0.383336
0.382687
0.385142
0.388637
0.39171
0.393412
0.39339
0.39164
0.388331
0.383688
0.377941
0.371299
0.363948
0.356041
0.347722
0.339149
0.330326
0.320927
0.312464
0.415124
0.4057
0.404501
0.40616
0.408683
0.410698
0.411322
0.410244
0.407486
0.403222
0.397682
0.391092
0.38366
0.375567
0.366966
0.357994
0.348806
0.339406
0.329505
0.320517
0.437143
0.42731
0.425573
0.426456
0.428033
0.429019
0.428597
0.426499
0.422765
0.417579
0.411171
0.403767
0.395571
0.386761
0.377488
0.367887
0.358105
0.348148
0.337762
0.328263
0.458349
0.448122
0.445861
0.445989
0.446649
0.44664
0.445209
0.442125
0.43745
0.431376
0.424132
0.415944
0.407013
0.397513
0.387594
0.377386
0.367032
0.35654
0.345687
0.335692
0.478699
0.468094
0.465326
0.464723
0.464497
0.463529
0.461127
0.457097
0.451518
0.444591
0.436545
0.427604
0.417967
0.407806
0.397266
0.386477
0.375573
0.364569
0.35327
0.342796
0.498152
0.487185
0.483929
0.482621
0.481543
0.479656
0.476323
0.471387
0.464944
0.457201
0.448389
0.438729
0.428417
0.417624
0.406491
0.395146
0.383718
0.372224
0.360499
0.349563
0.516669
0.505358
0.501633
0.49965
0.497757
0.494991
0.49077
0.484971
0.477706
0.469186
0.459644
0.449299
0.438346
0.426951
0.415254
0.40338
0.391453
0.379494
0.367365
0.355987
0.534213
0.522576
0.518403
0.515776
0.513107
0.509507
0.504443
0.497825
0.489781
0.480525
0.470292
0.459299
0.447738
0.435773
0.423542
0.411167
0.398768
0.386368
0.373857
0.362057
0.55075
0.538805
0.534207
0.530969
0.527566
0.523176
0.517318
0.509928
0.501149
0.4912
0.480315
0.468711
0.456577
0.444075
0.431342
0.418496
0.405651
0.392838
0.379966
0.367767
0.566244
0.554012
0.549013
0.5452
0.541107
0.535976
0.529372
0.521259
0.51179
0.501192
0.489698
0.477521
0.464851
0.451847
0.438642
0.425354
0.412093
0.398892
0.385684
0.373108
0.580667
0.568166
0.562793
0.558442
0.553704
0.547882
0.540583
0.531796
0.521687
0.510485
0.498423
0.485715
0.472546
0.459074
0.445431
0.431732
0.418084
0.404522
0.391001
0.378073
0.593989
0.58124
0.575519
0.570669
0.565334
0.558874
0.550933
0.541524
0.530823
0.519063
0.506478
0.493278
0.479649
0.465745
0.451698
0.437621
0.423614
0.409721
0.395911
0.382657
0.606183
0.593208
0.587167
0.58186
0.575977
0.568931
0.560402
0.550424
0.539182
0.526912
0.513848
0.500199
0.486149
0.471851
0.457434
0.44301
0.428677
0.41448
0.400407
0.386852
0.617226
0.604046
0.597715
0.591991
0.585612
0.578035
0.568975
0.558482
0.546751
0.534019
0.520522
0.506467
0.492036
0.477381
0.462631
0.447893
0.433263
0.418793
0.404481
0.390653
0.627096
0.613733
0.607142
0.601046
0.594222
0.586172
0.576636
0.565683
0.553515
0.540373
0.526489
0.512072
0.497301
0.482327
0.467279
0.452261
0.437368
0.422652
0.408128
0.394056
0.635772
0.622249
0.615429
0.609005
0.601791
0.593325
0.583373
0.572016
0.559465
0.545961
0.531738
0.517003
0.501935
0.486682
0.471371
0.456108
0.440983
0.426053
0.411343
0.397055
0.643239
0.629579
0.622561
0.615856
0.608306
0.599482
0.589172
0.57747
0.56459
0.550776
0.536262
0.521255
0.50593
0.490438
0.474903
0.459429
0.444105
0.428991
0.414121
0.399648
0.649482
0.635707
0.628525
0.621584
0.613755
0.604633
0.594025
0.582035
0.568881
0.55481
0.540054
0.524819
0.509282
0.49359
0.477868
0.462218
0.446729
0.431461
0.416458
0.401829
0.654488
0.640621
0.633308
0.62618
0.618127
0.608769
0.597923
0.585703
0.572332
0.558055
0.543106
0.527691
0.511984
0.496133
0.480261
0.464472
0.44885
0.43346
0.41835
0.403597
0.658247
0.644313
0.636902
0.629635
0.621416
0.611881
0.60086
0.588469
0.574936
0.560507
0.545415
0.529865
0.514032
0.498063
0.48208
0.466187
0.450466
0.434985
0.419796
0.40495
0.660754
0.646776
0.639301
0.631942
0.623616
0.613966
0.60283
0.590329
0.57669
0.562162
0.546976
0.531339
0.515423
0.499377
0.483322
0.46736
0.451575
0.436034
0.420793
0.405886
0.662002
0.648004
0.6405
0.633099
0.624723
0.61502
0.60383
0.591278
0.577591
0.563017
0.547788
0.53211
0.516156
0.500074
0.483985
0.467991
0.452175
0.436605
0.42134
0.406403
0.661991
0.647997
0.640497
0.633102
0.624734
0.615041
0.60386
0.591317
0.577638
0.563071
0.54785
0.532178
0.51623
0.500152
0.484068
0.468078
0.452266
0.436699
0.421436
0.406501
0.660721
0.646754
0.639293
0.631954
0.623652
0.614029
0.60292
0.590445
0.576831
0.562325
0.547161
0.531542
0.515644
0.499613
0.483571
0.467622
0.451847
0.436315
0.421082
0.406181
0.658194
0.644278
0.63689
0.629655
0.621478
0.611987
0.601011
0.588664
0.575172
0.560781
0.545723
0.530205
0.5144
0.498456
0.482496
0.466623
0.45092
0.435454
0.420279
0.405442
0.654416
0.640575
0.633293
0.626211
0.618216
0.608919
0.598137
0.585978
0.572664
0.55844
0.54354
0.528168
0.5125
0.496685
0.480845
0.465084
0.449486
0.434117
0.419027
0.404288
0.649396
0.635653
0.628511
0.62163
0.613873
0.604832
0.594304
0.582392
0.569312
0.555308
0.540614
0.525436
0.509949
0.494302
0.478621
0.463007
0.447548
0.432308
0.417329
0.402718
0.643143
0.629522
0.622553
0.615919
0.608458
0.599732
0.58952
0.577913
0.565122
0.55139
0.536952
0.522013
0.50675
0.491313
0.475827
0.460396
0.44511
0.430029
0.415188
0.400736
0.635672
0.622196
0.615432
0.609092
0.601982
0.593629
0.583793
0.572548
0.560101
0.546694
0.53256
0.517905
0.502909
0.487721
0.472468
0.457256
0.442175
0.427283
0.412608
0.398345
0.626997
0.613688
0.607161
0.60116
0.594456
0.586536
0.577133
0.566308
0.55426
0.541228
0.527445
0.51312
0.498432
0.483533
0.468551
0.453591
0.438748
0.424077
0.409593
0.395548
0.617136
0.604017
0.597758
0.592141
0.585895
0.578466
0.569554
0.559205
0.547608
0.535002
0.521618
0.507667
0.493329
0.478757
0.464081
0.449408
0.434835
0.420414
0.406147
0.39235
0.606111
0.593203
0.587242
0.582052
0.576316
0.569433
0.561069
0.55125
0.540158
0.528026
0.515088
0.501554
0.487606
0.4734
0.459066
0.444714
0.430442
0.4163
0.402276
0.388755
0.593943
0.581268
0.575633
0.570912
0.565738
0.559455
0.551694
0.542459
0.531922
0.520313
0.507866
0.494791
0.481275
0.467472
0.453515
0.439515
0.425577
0.411743
0.397987
0.384768
0.580658
0.568237
0.562957
0.558744
0.55418
0.54855
0.541446
0.532848
0.522916
0.511877
0.499965
0.487392
0.474345
0.460982
0.447436
0.433822
0.420246
0.406749
0.393285
0.380396
0.566283
0.554136
0.549237
0.545572
0.541664
0.536739
0.530344
0.522434
0.513155
0.502733
0.491399
0.479368
0.466829
0.453941
0.44084
0.427643
0.41446
0.401326
0.388179
0.375644
0.550847
0.538996
0.534502
0.531421
0.528215
0.524044
0.518409
0.511235
0.502658
0.492896
0.482183
0.470733
0.458738
0.446361
0.433737
0.420987
0.408225
0.395483
0.382677
0.37052
0.534384
0.522846
0.518782
0.51632
0.513859
0.510489
0.505661
0.499271
0.491441
0.482384
0.472332
0.461502
0.450088
0.438254
0.426139
0.413866
0.401554
0.389229
0.376786
0.36503
0.516926
0.50572
0.502109
0.500297
0.498622
0.496098
0.492125
0.486566
0.479527
0.471215
0.461863
0.451691
0.440892
0.429634
0.418059
0.406291
0.394455
0.382574
0.370516
0.359183
0.49851
0.487653
0.484516
0.483386
0.482534
0.480899
0.477825
0.47314
0.466934
0.459409
0.450795
0.441315
0.431165
0.420515
0.409509
0.398274
0.386941
0.375527
0.363876
0.352986
0.479173
0.468683
0.466039
0.465618
0.465626
0.464921
0.462787
0.459019
0.453686
0.446986
0.439147
0.430393
0.420924
0.410912
0.400503
0.389828
0.379022
0.3681
0.356877
0.346449
0.458956
0.44885
0.446715
0.44703
0.447931
0.448192
0.447039
0.444227
0.439807
0.433968
0.426938
0.418943
0.410185
0.40084
0.391056
0.380966
0.370711
0.360304
0.349529
0.33958
0.437901
0.428193
0.426583
0.427658
0.429481
0.430745
0.43061
0.428791
0.42532
0.420377
0.41419
0.406985
0.398968
0.390316
0.381182
0.371701
0.36202
0.35215
0.341842
0.332388
0.41605
0.406756
0.405686
0.407539
0.410313
0.412612
0.413529
0.412739
0.410251
0.406237
0.400923
0.394538
0.387289
0.379357
0.370897
0.362048
0.352964
0.343651
0.333828
0.324885
0.39345
0.384583
0.384064
0.386715
0.390464
0.393826
0.395828
0.396099
0.394626
0.391572
0.387161
0.381623
0.375168
0.367981
0.360218
0.352023
0.343554
0.334819
0.3255
0.317079
0.370147
0.361721
0.361763
0.365226
0.369972
0.374424
0.37754
0.378902
0.378474
0.376408
0.372927
0.368262
0.362625
0.356205
0.349162
0.34164
0.333807
0.325667
0.316867
0.308981
0.346189
0.338216
0.338828
0.343116
0.348876
0.354441
0.358697
0.361178
0.361822
0.360771
0.358245
0.354476
0.349681
0.344049
0.337745
0.330916
0.323735
0.316208
0.307944
0.300601
0.321628
0.314118
0.315305
0.320427
0.327217
0.333915
0.339334
0.342959
0.3447
0.344688
0.34314
0.34029
0.336356
0.331533
0.325985
0.319866
0.313354
0.306457
0.298741
0.29195
0.296512
0.289477
0.291244
0.297207
0.305037
0.312885
0.319487
0.324277
0.327137
0.328186
0.327638
0.325726
0.322672
0.318675
0.313901
0.308507
0.302679
0.296426
0.289272
0.28304
0.270896
0.264344
0.266693
0.2735
0.282379
0.291389
0.299191
0.305166
0.309165
0.311295
0.311764
0.310809
0.308652
0.305496
0.301512
0.296857
0.291726
0.286129
0.27955
0.273879
0.244832
0.238772
0.241703
0.249354
0.259287
0.269469
0.278485
0.28566
0.290815
0.294042
0.295546
0.295562
0.294319
0.292018
0.288836
0.284933
0.280509
0.275582
0.269586
0.26448
0.218375
0.212815
0.216326
0.224819
0.235806
0.247166
0.257405
0.265793
0.272119
0.276457
0.27901
0.280012
0.279694
0.278262
0.275894
0.272752
0.269047
0.264797
0.259394
0.254851
0.191581
0.186527
0.190613
0.199943
0.211982
0.224522
0.235991
0.245602
0.253109
0.258571
0.262184
0.264184
0.264802
0.264249
0.262704
0.260334
0.257354
0.25379
0.248986
0.245004
0.164505
0.159963
0.164619
0.174776
0.18786
0.201579
0.214282
0.225122
0.233819
0.240414
0.245097
0.248104
0.249667
0.250001
0.249288
0.247696
0.245448
0.242576
0.238375
0.234947
0.137205
0.133179
0.138397
0.149369
0.163489
0.178381
0.192317
0.20439
0.214282
0.222017
0.227778
0.231798
0.234314
0.235541
0.235665
0.234857
0.233345
0.231171
0.227574
0.224689
0.109737
0.106232
0.112002
0.123774
0.138916
0.154972
0.170137
0.183443
0.194533
0.203412
0.210254
0.215293
0.218766
0.220891
0.221858
0.221837
0.221065
0.219589
0.216595
0.214237
0.082159
0.079177
0.0854875
0.0980416
0.114189
0.131396
0.147782
0.162317
0.174605
0.184629
0.192556
0.198616
0.203049
0.206076
0.207888
0.208656
0.208624
0.207848
0.205454
0.203598
0.0545295
0.0520721
0.0589096
0.0722251
0.0893564
0.107698
0.125294
0.141052
0.154534
0.165701
0.174712
0.181795
0.187189
0.191118
0.193776
0.195334
0.196042
0.195967
0.194166
0.192778
0.026906
0.0249739
0.0323235
0.0463765
0.064467
0.0839227
0.102713
0.119684
0.134353
0.14666
0.156752
0.164855
0.17121
0.176041
0.179545
0.181892
0.183338
0.183967
0.182753
0.181784
-0.000653184
-0.0020608
0.00578437
0.0205481
0.0395697
0.0601148
0.0800815
0.0982505
0.114098
0.127538
0.138707
0.147826
0.155138
0.160869
0.165217
0.168352
0.170532
0.171868
0.171242
0.170618
-0.0280904
-0.0289754
-0.0206526
-0.00520741
0.0147134
0.0363195
0.0574396
0.0767905
0.0938039
0.108367
0.120604
0.130735
0.138999
0.145626
0.150816
0.154735
0.157643
0.159696
0.159679
0.159293
-0.0553478
-0.0557138
-0.0469324
-0.0308379
-0.010053
0.0125819
0.034829
0.0553413
0.0735045
0.0891786
0.102475
0.113608
0.122818
0.130335
0.136364
0.141065
0.144692
0.14747
0.148145
0.147817
-0.0823681
-0.0822204
-0.0730005
-0.0562914
-0.0346811
-0.0110532
0.0122908
0.0339407
0.0532348
0.0700048
0.0843478
0.0964732
0.10662
0.115022
0.121884
0.127366
0.131695
0.135182
0.13674
0.136113
-0.109094
-0.10844
-0.0988023
-0.0815158
-0.0591222
-0.0345411
-0.0101341
0.0126259
0.033029
0.0508771
0.0662521
0.0793575
0.0904313
0.0997075
0.107397
0.113661
0.118681
0.122832
0.125783
0.12524
-0.13547
-0.134321
-0.124286
-0.106461
-0.0833289
-0.0578378
-0.0324053
-0.00856606
0.0129211
0.0318268
0.0482165
0.0622873
0.0742757
0.0844164
0.0929258
0.0999724
0.105698
0.110446
0.114518
0.115941
-0.161436
-0.159811
-0.149398
-0.131076
-0.107254
-0.0808997
-0.0544828
-0.0295985
-0.0070554
0.0128845
0.0302693
0.0452887
0.0581774
0.0691706
0.0784887
0.0863131
0.0927653
0.0981162
0.103048
0.106269
-0.186945
-0.184852
-0.17409
-0.155312
-0.130851
-0.103684
-0.076327
-0.0504353
-0.0268676
-0.00591948
0.0124383
0.0283872
0.0421598
0.0539916
0.0641057
0.0726958
0.0798808
0.0858664
0.0914931
0.0959326
-0.212004
-0.20935
-0.19831
-0.179121
-0.154073
-0.126147
-0.0978991
-0.0710412
-0.0464831
-0.0245555
-0.00524937
0.0116077
0.0262456
0.0388997
0.0497952
0.0591348
0.0670427
0.073681
0.0799454
0.0852601
-0.236545
-0.23328
-0.222015
-0.202455
-0.176877
-0.148249
-0.119161
-0.0913812
-0.06587
-0.0429946
-0.022767
-0.00502537
0.0104569
0.023915
0.0355751
0.0456462
0.0542591
0.0615496
0.0684324
0.0744892
-0.260455
-0.256641
-0.245164
-0.225265
-0.19922
-0.169949
-0.140076
-0.111421
-0.0849975
-0.0612083
-0.0400888
-0.0214883
-0.00518467
0.00905689
0.0214628
0.0322464
0.0415445
0.0494755
0.0569549
0.063684
-0.283694
-0.279373
-0.267709
-0.247507
-0.221058
-0.191206
-0.160606
-0.131129
-0.103835
-0.079169
-0.0571894
-0.0377581
-0.0206579
-0.00565553
0.0074757
0.0189516
0.0289148
0.0374709
0.0455217
0.0528669
-0.306228
-0.301422
-0.289548
-0.269187
-0.242351
-0.211983
-0.180718
-0.150471
-0.122354
-0.09685
-0.0740443
-0.0538121
-0.0359423
-0.0202034
-0.00636916
0.00577783
0.0163855
0.0255502
0.0341502
0.0420692
-0.32802
-0.32275
-0.310701
-0.290191
-0.263067
-0.232241
-0.200377
-0.169416
-0.140524
-0.114225
-0.0906298
-0.0696287
-0.0510179
-0.0345683
-0.0200548
-0.00725894
0.00397207
0.0137282
0.0228581
0.0313213
-0.349032
-0.343314
-0.331123
-0.310485
-0.283172
-0.251942
-0.219548
-0.187935
-0.15832
-0.13127
-0.106923
-0.0851867
-0.0658652
-0.0487324
-0.0335645
-0.0201429
-0.00831013
0.0020196
0.0116615
0.0206454
-0.369229
-0.363076
-0.350772
-0.330058
-0.302587
-0.271077
-0.238202
-0.205998
-0.175714
-0.147959
-0.122901
-0.100466
-0.0804655
-0.0626783
-0.0468821
-0.0328587
-0.0204462
-0.00956154
0.000574697
0.0100587
-0.38858
-0.382002
-0.369613
-0.348878
-0.321311
-0.289587
-0.256304
-0.223577
-0.192682
-0.164271
-0.138545
-0.115447
-0.0948009
-0.0763893
-0.0599919
-0.0453914
-0.0324217
-0.0210016
-0.0103887
-0.000424027
-0.407054
-0.400061
-0.387613
-0.366909
-0.339315
-0.307426
-0.27384
-0.240647
-0.209198
-0.180182
-0.153832
-0.130111
-0.108854
-0.0898492
-0.0728788
-0.0577267
-0.0442231
-0.0322875
-0.0212161
-0.0107895
-0.424622
-0.417225
-0.404745
-0.384118
-0.356567
-0.32459
-0.290764
-0.257182
-0.22524
-0.195673
-0.168745
-0.144441
-0.122609
-0.103043
-0.0855285
-0.069851
-0.0558373
-0.0434072
-0.0318955
-0.0210257
-0.441258
-0.43347
-0.420982
-0.40048
-0.373037
-0.341051
-0.307055
-0.273158
-0.240787
-0.210723
-0.183264
-0.15842
-0.13605
-0.115956
-0.0979275
-0.0817514
-0.0672521
-0.0543489
-0.042416
-0.0311221
-0.456942
-0.448775
-0.436303
-0.415971
-0.3887
-0.356781
-0.322693
-0.288551
-0.255818
-0.225314
-0.197374
-0.172032
-0.149162
-0.128575
-0.110063
-0.093416
-0.0784561
-0.0651022
-0.0527674
-0.0410686
-0.471653
-0.463121
-0.450688
-0.430568
-0.403533
-0.371757
-0.337656
-0.303344
-0.270315
-0.23943
-0.211059
-0.185263
-0.161933
-0.140887
-0.121923
-0.104833
-0.0894388
-0.075657
-0.0629402
-0.0508561
-0.485377
-0.476495
-0.464123
-0.444256
-0.417518
-0.385959
-0.351924
-0.317517
-0.28426
-0.253053
-0.224304
-0.1981
-0.174349
-0.152881
-0.133496
-0.115993
-0.10019
-0.0860043
-0.0729257
-0.0604762
-0.498103
-0.488887
-0.476594
-0.457019
-0.430637
-0.399368
-0.365479
-0.331054
-0.297638
-0.26617
-0.237096
-0.21053
-0.1864
-0.164545
-0.144774
-0.126886
-0.110702
-0.0961358
-0.0827161
-0.0699209
-0.509822
-0.500288
-0.488093
-0.468846
-0.442876
-0.411971
-0.378304
-0.343938
-0.310434
-0.278768
-0.249423
-0.222543
-0.198075
-0.17587
-0.155745
-0.137504
-0.120965
-0.106044
-0.0923044
-0.0791826
-0.520531
-0.510696
-0.498616
-0.47973
-0.454227
-0.423753
-0.390388
-0.356158
-0.322637
-0.290836
-0.261275
-0.234128
-0.209364
-0.186848
-0.166403
-0.147838
-0.130973
-0.115722
-0.101685
-0.088254
-0.53023
-0.520112
-0.508162
-0.489667
-0.46468
-0.434705
-0.401717
-0.3677
-0.334235
-0.302363
-0.272642
-0.245278
-0.220261
-0.197471
-0.17674
-0.157883
-0.140719
-0.125165
-0.110853
-0.0971276
-0.538923
-0.528541
-0.516734
-0.498656
-0.474231
-0.44482
-0.412284
-0.378556
-0.345218
-0.31334
-0.283516
-0.255984
-0.230758
-0.207733
-0.18675
-0.167631
-0.150198
-0.134366
-0.119806
-0.105795
-0.546616
-0.53599
-0.524338
-0.5067
-0.482881
-0.454094
-0.422082
-0.388719
-0.35558
-0.323761
-0.293891
-0.26624
-0.240849
-0.217628
-0.196428
-0.177079
-0.159404
-0.143321
-0.128544
-0.114249
-0.553323
-0.542471
-0.530984
-0.513808
-0.490632
-0.462525
-0.431106
-0.398182
-0.365315
-0.33362
-0.303761
-0.276043
-0.25053
-0.227151
-0.205769
-0.186222
-0.168336
-0.152024
-0.137064
-0.122491
-0.559056
-0.548002
-0.536688
-0.519989
-0.49749
-0.470116
-0.439357
-0.406944
-0.374418
-0.342913
-0.313123
-0.285387
-0.259797
-0.236299
-0.214771
-0.195057
-0.17699
-0.160478
-0.145336
-0.130565
-0.563837
-0.552601
-0.541468
-0.525258
-0.503465
-0.476871
-0.446833
-0.415002
-0.382888
-0.351637
-0.321975
-0.294272
-0.268648
-0.245071
-0.22343
-0.20358
-0.185361
-0.168674
-0.153371
-0.138629
-0.567686
-0.556292
-0.545344
-0.529634
-0.508569
-0.482797
-0.45354
-0.422357
-0.390724
-0.359792
-0.330315
-0.302695
-0.277082
-0.253464
-0.231745
-0.211791
-0.193448
-0.176614
-0.161165
-0.146395
-0.57063
-0.559101
-0.548343
-0.533137
-0.51282
-0.487907
-0.459484
-0.429013
-0.397927
-0.367378
-0.338142
-0.310657
-0.285098
-0.261478
-0.239715
-0.219688
-0.201249
-0.184296
-0.16871
-0.153847
-0.572697
-0.561057
-0.550493
-0.535794
-0.516237
-0.492215
-0.464674
-0.434975
-0.404501
-0.374396
-0.34546
-0.318158
-0.292698
-0.269114
-0.247342
-0.227271
-0.208763
-0.191715
-0.176014
-0.161054
-0.57392
-0.562194
-0.551825
-0.537632
-0.518844
-0.495737
-0.469121
-0.44025
-0.41045
-0.380851
-0.35227
-0.325202
-0.299884
-0.276374
-0.254626
-0.234542
-0.215991
-0.198873
-0.183084
-0.168049
-0.574333
-0.562547
-0.552375
-0.538683
-0.520668
-0.498494
-0.472841
-0.44485
-0.415781
-0.386747
-0.358576
-0.331791
-0.306658
-0.28326
-0.26157
-0.241501
-0.222935
-0.205771
-0.189919
-0.174836
-0.573975
-0.562153
-0.552179
-0.538982
-0.521737
-0.500509
-0.475849
-0.448784
-0.420503
-0.392091
-0.364384
-0.337931
-0.313025
-0.289776
-0.268177
-0.248153
-0.229598
-0.212413
-0.19652
-0.18141
-0.572884
-0.561054
-0.551277
-0.538566
-0.522084
-0.501809
-0.478166
-0.452068
-0.424625
-0.39689
-0.3697
-0.343626
-0.318989
-0.295927
-0.27445
-0.254501
-0.235983
-0.218801
-0.202889
-0.187773
-0.571104
-0.559292
-0.549712
-0.537475
-0.521745
-0.502422
-0.479814
-0.454718
-0.42816
-0.401153
-0.374531
-0.348883
-0.324557
-0.301717
-0.280395
-0.260549
-0.242093
-0.224937
-0.209028
-0.193926
-0.568677
-0.55691
-0.547527
-0.535751
-0.520757
-0.502381
-0.480819
-0.456752
-0.431121
-0.40489
-0.378885
-0.353709
-0.329735
-0.307153
-0.286016
-0.266301
-0.247932
-0.230827
-0.214939
-0.199872
-0.565649
-0.553954
-0.544766
-0.533437
-0.51916
-0.501718
-0.481206
-0.458192
-0.433524
-0.408115
-0.382773
-0.358113
-0.334531
-0.312241
-0.291321
-0.271763
-0.253507
-0.236473
-0.220628
-0.205613
-0.562066
-0.550469
-0.541478
-0.530579
-0.516997
-0.500471
-0.481006
-0.45906
-0.435386
-0.410839
-0.386205
-0.362103
-0.338951
-0.316989
-0.296315
-0.276941
-0.25882
-0.241881
-0.226096
-0.211154
-0.557975
-0.546503
-0.537707
-0.527222
-0.51431
-0.498678
-0.48025
-0.45938
-0.436726
-0.413077
-0.389192
-0.365689
-0.343006
-0.321404
-0.301006
-0.281841
-0.263879
-0.247055
-0.23135
-0.216497
-0.553423
-0.542102
-0.533502
-0.523413
-0.511143
-0.496378
-0.478971
-0.459179
-0.437564
-0.414845
-0.391746
-0.368882
-0.346703
-0.325494
-0.305401
-0.286471
-0.26869
-0.252002
-0.236393
-0.221646
-0.548458
-0.537314
-0.52891
-0.519201
-0.507543
-0.493614
-0.477206
-0.458486
-0.437921
-0.416159
-0.393881
-0.371692
-0.350054
-0.329269
-0.309508
-0.290838
-0.273259
-0.256727
-0.241231
-0.226607
-0.543128
-0.532186
-0.523979
-0.514632
-0.503556
-0.490427
-0.474992
-0.457331
-0.437823
-0.417037
-0.395611
-0.374132
-0.353067
-0.332738
-0.313337
-0.294949
-0.277594
-0.261236
-0.24587
-0.231383
-0.53748
-0.526762
-0.518754
-0.509753
-0.499228
-0.486862
-0.472365
-0.455745
-0.437292
-0.417499
-0.39695
-0.376212
-0.355753
-0.33591
-0.316894
-0.298813
-0.281701
-0.265536
-0.250315
-0.235981
-0.531558
-0.521087
-0.513281
-0.504611
-0.494605
-0.482962
-0.469366
-0.453762
-0.436357
-0.417565
-0.397915
-0.377947
-0.358123
-0.338794
-0.32019
-0.302437
-0.285588
-0.269634
-0.254573
-0.240405
-0.525409
-0.515206
-0.507603
-0.499249
-0.489732
-0.478771
-0.466035
-0.451416
-0.435044
-0.417256
-0.398522
-0.379348
-0.360188
-0.341401
-0.323233
-0.305831
-0.289264
-0.273538
-0.25865
-0.244661
-0.519074
-0.509159
-0.501763
-0.493711
-0.484653
-0.474332
-0.462413
-0.448742
-0.433382
-0.416594
-0.398788
-0.380429
-0.361959
-0.34374
-0.326033
-0.309002
-0.292735
-0.277253
-0.262554
-0.248755
-0.512596
-0.502987
-0.4958
-0.48804
-0.47941
-0.469687
-0.458538
-0.445776
-0.4314
-0.415604
-0.398731
-0.381205
-0.363448
-0.345821
-0.328598
-0.31196
-0.29601
-0.280789
-0.26629
-0.252693
-0.506014
-0.496727
-0.489754
-0.482273
-0.474046
-0.46488
-0.454453
-0.442554
-0.429131
-0.414309
-0.39837
-0.38169
-0.364665
-0.347654
-0.330937
-0.314712
-0.299098
-0.284152
-0.269866
-0.256482
-0.499366
-0.490415
-0.48366
-0.476449
-0.468598
-0.459949
-0.450195
-0.439112
-0.426604
-0.412735
-0.397724
-0.381898
-0.365623
-0.349248
-0.333059
-0.317266
-0.302005
-0.28735
-0.27329
-0.260128
-0.492686
-0.484084
-0.47755
-0.470602
-0.463104
-0.454932
-0.445804
-0.435487
-0.423851
-0.410907
-0.396813
-0.381844
-0.366333
-0.350614
-0.334974
-0.319632
-0.30474
-0.29039
-0.276568
-0.263639
-0.486008
-0.477765
-0.471457
-0.464764
-0.457597
-0.449867
-0.441316
-0.431714
-0.420905
-0.408852
-0.395658
-0.381545
-0.366808
-0.35176
-0.336688
-0.321817
-0.30731
-0.29328
-0.279707
-0.26702
-0.479361
-0.471486
-0.465407
-0.458965
-0.45211
-0.444787
-0.436767
-0.427829
-0.417798
-0.406598
-0.394281
-0.381016
-0.367058
-0.352697
-0.338209
-0.323827
-0.309723
-0.296028
-0.282715
-0.270278
-0.472774
-0.465273
-0.459426
-0.453229
-0.446669
-0.439723
-0.432191
-0.423864
-0.41456
-0.404171
-0.392703
-0.380274
-0.367097
-0.353433
-0.339547
-0.325671
-0.311986
-0.29864
-0.285599
-0.273422
-0.466271
-0.459147
-0.453536
-0.447581
-0.441302
-0.434703
-0.427617
-0.419851
-0.411222
-0.401599
-0.390946
-0.379336
-0.366936
-0.353978
-0.340707
-0.327355
-0.314105
-0.301123
-0.288366
-0.276458
-0.459875
-0.45313
-0.447757
-0.442042
-0.43603
-0.429753
-0.423074
-0.415821
-0.407815
-0.398909
-0.389034
-0.378219
-0.366589
-0.35434
-0.341697
-0.328885
-0.316087
-0.303483
-0.291022
-0.279393
-0.453605
-0.44724
-0.442107
-0.436629
-0.430873
-0.424896
-0.418588
-0.411802
-0.404367
-0.396127
-0.386989
-0.376941
-0.366068
-0.354528
-0.342524
-0.330266
-0.317936
-0.305727
-0.293574
-0.282235
-0.447478
-0.441491
-0.4366
-0.431356
-0.425848
-0.42015
-0.414182
-0.40782
-0.400904
-0.39328
-0.384833
-0.375521
-0.365387
-0.354552
-0.343192
-0.331503
-0.319657
-0.30786
-0.296029
-0.284992
-0.441509
-0.435897
-0.431247
-0.426237
-0.420969
-0.415533
-0.409876
-0.403896
-0.397453
-0.390393
-0.382591
-0.373976
-0.364558
-0.354421
-0.343709
-0.3326
-0.321255
-0.309887
-0.298391
-0.287672
-0.43571
-0.430467
-0.426059
-0.421281
-0.416246
-0.411057
-0.405685
-0.400052
-0.394034
-0.387489
-0.380282
-0.372326
-0.363596
-0.354144
-0.344081
-0.333562
-0.322733
-0.311813
-0.300666
-0.290283
-0.430091
-0.425211
-0.421044
-0.416496
-0.411688
-0.406734
-0.401625
-0.396305
-0.39067
-0.38459
-0.37793
-0.370588
-0.362516
-0.35373
-0.344312
-0.334391
-0.324094
-0.313641
-0.302861
-0.292836
-0.424659
-0.420135
-0.416207
-0.411887
-0.407301
-0.402571
-0.397706
-0.392669
-0.387379
-0.381716
-0.375554
-0.368782
-0.361331
-0.353189
-0.344408
-0.335091
-0.32534
-0.315374
-0.304978
-0.295341
-0.419422
-0.415244
-0.411552
-0.407457
-0.40309
-0.398575
-0.393936
-0.389157
-0.384174
-0.378886
-0.373174
-0.366925
-0.360056
-0.352532
-0.344376
-0.335664
-0.326471
-0.317015
-0.307022
-0.297808
-0.414383
-0.410541
-0.407081
-0.403209
-0.399056
-0.394747
-0.390322
-0.385778
-0.381071
-0.376116
-0.370808
-0.365035
-0.358706
-0.35177
-0.34422
-0.336111
-0.327488
-0.318564
-0.308997
-0.300249
-0.409543
-0.406028
-0.402796
-0.399143
-0.395199
-0.391091
-0.386866
-0.382537
-0.378077
-0.373419
-0.368471
-0.363128
-0.357296
-0.350912
-0.343948
-0.336435
-0.328389
-0.320023
-0.310905
-0.30268
-0.404906
-0.401705
-0.398696
-0.395258
-0.39152
-0.387605
-0.38357
-0.37944
-0.375202
-0.370808
-0.366178
-0.36122
-0.355841
-0.34997
-0.343565
-0.336638
-0.329175
-0.32139
-0.312746
-0.305114
-0.40047
-0.397571
-0.394779
-0.391553
-0.388014
-0.384288
-0.380434
-0.376488
-0.372451
-0.36829
-0.363941
-0.359325
-0.354354
-0.348956
-0.343079
-0.336721
-0.329841
-0.322663
-0.314521
-0.307567
-0.396235
-0.393626
-0.391044
-0.388023
-0.384681
-0.381136
-0.377456
-0.373682
-0.369827
-0.365873
-0.361772
-0.357456
-0.35285
-0.347882
-0.342496
-0.336685
-0.330384
-0.323837
-0.316226
-0.310056
-0.3922
-0.389867
-0.387488
-0.384666
-0.381514
-0.378147
-0.374633
-0.371021
-0.367332
-0.363562
-0.359677
-0.355625
-0.35134
-0.346759
-0.341826
-0.336534
-0.3308
-0.324905
-0.317855
-0.312597
-0.388361
-0.386291
-0.384108
-0.381479
-0.378511
-0.375316
-0.371961
-0.368501
-0.364966
-0.36136
-0.357666
-0.353843
-0.349838
-0.345599
-0.341076
-0.336269
-0.331084
-0.325856
-0.319398
-0.315203
-0.384717
-0.382897
-0.3809
-0.378456
-0.375667
-0.372637
-0.369436
-0.366121
-0.362727
-0.35927
-0.355742
-0.352117
-0.348355
-0.344414
-0.340255
-0.335892
-0.331227
-0.326677
-0.32084
-0.317882
-0.381265
-0.37968
-0.377861
-0.375594
-0.372978
-0.370107
-0.367054
-0.363875
-0.360614
-0.357291
-0.35391
-0.350456
-0.346901
-0.343216
-0.339374
-0.335407
-0.331224
-0.327347
-0.322155
-0.320632
-0.378001
-0.376637
-0.374986
-0.37289
-0.370437
-0.36772
-0.364809
-0.361762
-0.358624
-0.355424
-0.352173
-0.348866
-0.345486
-0.342017
-0.338442
-0.334819
-0.331067
-0.327841
-0.323311
-0.323433
-0.374922
-0.373765
-0.372273
-0.370337
-0.368042
-0.365473
-0.362697
-0.359775
-0.356754
-0.353667
-0.350531
-0.347352
-0.34412
-0.340828
-0.337473
-0.334133
-0.330747
-0.328126
-0.32426
-0.326233
-0.372025
-0.371059
-0.369717
-0.367934
-0.365788
-0.363359
-0.360714
-0.357911
-0.355001
-0.352019
-0.348988
-0.345918
-0.342809
-0.33966
-0.336477
-0.333357
-0.33026
-0.328163
-0.324938
-0.328929
-0.369307
-0.368518
-0.367315
-0.365675
-0.363671
-0.361376
-0.358855
-0.356167
-0.353362
-0.350478
-0.347542
-0.344569
-0.341562
-0.338525
-0.33547
-0.332503
-0.329602
-0.327903
-0.32526
-0.331336
-0.366763
-0.366136
-0.365063
-0.363557
-0.361686
-0.359519
-0.357117
-0.354539
-0.351834
-0.349043
-0.346195
-0.343306
-0.340385
-0.337435
-0.334466
-0.331585
-0.328777
-0.327297
-0.325117
-0.333131
-0.36439
-0.36391
-0.362956
-0.361576
-0.359831
-0.357785
-0.355496
-0.353023
-0.350414
-0.347711
-0.344945
-0.342134
-0.339285
-0.336401
-0.333483
-0.330623
-0.327798
-0.326294
-0.324388
-0.333882
-0.362184
-0.361837
-0.360992
-0.359729
-0.358102
-0.35617
-0.35399
-0.351617
-0.349101
-0.346482
-0.343793
-0.341052
-0.338266
-0.335432
-0.332538
-0.329643
-0.326688
-0.324831
-0.322857
-0.333201
-0.360141
-0.359911
-0.359167
-0.358011
-0.356495
-0.354671
-0.352594
-0.350318
-0.347891
-0.345353
-0.342737
-0.340062
-0.337333
-0.334538
-0.331649
-0.328677
-0.325491
-0.322871
-0.319891
-0.327589
-0.358256
-0.358129
-0.357476
-0.35642
-0.355007
-0.353285
-0.351307
-0.349123
-0.346781
-0.344322
-0.341777
-0.339165
-0.336488
-0.333727
-0.330836
-0.32777
-0.324308
-0.3207
-0.315632
-0.300559
-0.356524
-0.356486
-0.355916
-0.354951
-0.353634
-0.352009
-0.350124
-0.34803
-0.345771
-0.343388
-0.340912
-0.33836
-0.335733
-0.333006
-0.330116
-0.326971
-0.323273
-0.31875
-0.312863
-0.293973
-0.35494
-0.354978
-0.354481
-0.3536
-0.352374
-0.350839
-0.349044
-0.347035
-0.344857
-0.342548
-0.340139
-0.337646
-0.33507
-0.332379
-0.329501
-0.326317
-0.322511
-0.317563
-0.311967
-0.294743
-0.353498
-0.3536
-0.353169
-0.352365
-0.351221
-0.349773
-0.348063
-0.346137
-0.344036
-0.3418
-0.339456
-0.337022
-0.334496
-0.331846
-0.328995
-0.325813
-0.322008
-0.316993
-0.311733
-0.2958
-0.352193
-0.352346
-0.351974
-0.351239
-0.350173
-0.348806
-0.347178
-0.345332
-0.343307
-0.341141
-0.338862
-0.336486
-0.334011
-0.331405
-0.328592
-0.325442
-0.321694
-0.31677
-0.311716
-0.296818
-0.351017
-0.351212
-0.350891
-0.35022
-0.349226
-0.347936
-0.346386
-0.344617
-0.342666
-0.34057
-0.338354
-0.336036
-0.333612
-0.331053
-0.328285
-0.325186
-0.321521
-0.316769
-0.311907
-0.298234
-0.349965
-0.350192
-0.349915
-0.349303
-0.348376
-0.347158
-0.345683
-0.343989
-0.342111
-0.340083
-0.337931
-0.33567
-0.333297
-0.330786
-0.328069
-0.325032
-0.321466
-0.316934
-0.312288
-0.300004
-0.349031
-0.34928
-0.349043
-0.348483
-0.347619
-0.346469
-0.345067
-0.343445
-0.341638
-0.339678
-0.337589
-0.335385
-0.333065
-0.330603
-0.327939
-0.324971
-0.321516
-0.317231
-0.312817
-0.301957
-0.348206
-0.348471
-0.348267
-0.347755
-0.34695
-0.345866
-0.344533
-0.342982
-0.341246
-0.339352
-0.337326
-0.33518
-0.332913
-0.330502
-0.327894
-0.325001
-0.321664
-0.317633
-0.313465
-0.30399
-0.347484
-0.347758
-0.347584
-0.347116
-0.346365
-0.345343
-0.344078
-0.342597
-0.340929
-0.339103
-0.337141
-0.335054
-0.332841
-0.330484
-0.327935
-0.325121
-0.321908
-0.318132
-0.314226
-0.306048
-0.346858
-0.347137
-0.346988
-0.34656
-0.34586
-0.344899
-0.343698
-0.342286
-0.340687
-0.338928
-0.33703
-0.335004
-0.332849
-0.330548
-0.328063
-0.325332
-0.32225
-0.318725
-0.315096
-0.3081
-0.346321
-0.3466
-0.346474
-0.346082
-0.345431
-0.344527
-0.343391
-0.342045
-0.340515
-0.338825
-0.336992
-0.335029
-0.332934
-0.330695
-0.328279
-0.325638
-0.322692
-0.319414
-0.316073
-0.310125
-0.345867
-0.346143
-0.346036
-0.345679
-0.345074
-0.344226
-0.343151
-0.341872
-0.340411
-0.338789
-0.337024
-0.335127
-0.333097
-0.330924
-0.328583
-0.326039
-0.323237
-0.3202
-0.31715
-0.31211
-0.345488
-0.34576
-0.345671
-0.345346
-0.344785
-0.34399
-0.342976
-0.341763
-0.340371
-0.338819
-0.337124
-0.335296
-0.333335
-0.331235
-0.328976
-0.326537
-0.323884
-0.321082
-0.318319
-0.314049
-0.345178
-0.345445
-0.345373
-0.345078
-0.344559
-0.343816
-0.342862
-0.341714
-0.340391
-0.338911
-0.337288
-0.335533
-0.333646
-0.331624
-0.329456
-0.327128
-0.324629
-0.322054
-0.31957
-0.315942
-0.344931
-0.345193
-0.345137
-0.344871
-0.344393
-0.343701
-0.342806
-0.341723
-0.34047
-0.339062
-0.337514
-0.335835
-0.334028
-0.33209
-0.330018
-0.327809
-0.325468
-0.323112
-0.32089
-0.31779
-0.344742
-0.345
-0.344959
-0.344722
-0.344283
-0.343641
-0.342804
-0.341786
-0.340603
-0.339269
-0.337798
-0.336198
-0.334475
-0.332628
-0.330659
-0.328573
-0.326391
-0.324244
-0.322267
-0.319594
-0.344604
-0.34486
-0.344835
-0.344626
-0.344226
-0.343633
-0.342853
-0.3419
-0.340787
-0.339528
-0.338136
-0.336619
-0.334983
-0.333232
-0.331371
-0.329413
-0.327389
-0.32544
-0.323686
-0.321359
-0.344514
-0.344771
-0.344761
-0.34458
-0.344219
-0.343673
-0.342951
-0.342062
-0.341019
-0.339836
-0.338524
-0.337093
-0.335548
-0.333896
-0.332147
-0.33032
-0.328451
-0.326689
-0.325137
-0.323088
-0.344467
-0.344727
-0.344734
-0.344581
-0.344258
-0.34376
-0.343094
-0.342268
-0.341296
-0.34019
-0.33896
-0.337615
-0.336165
-0.334615
-0.33298
-0.331283
-0.329566
-0.327978
-0.326609
-0.324784
-0.344458
-0.344725
-0.34475
-0.344625
-0.34434
-0.34389
-0.343279
-0.342517
-0.341616
-0.340585
-0.339438
-0.338182
-0.336827
-0.335381
-0.333861
-0.332293
-0.330724
-0.329298
-0.328091
-0.326449
-0.344484
-0.344762
-0.344807
-0.344711
-0.344464
-0.34406
-0.343504
-0.342806
-0.341974
-0.34102
-0.339956
-0.338789
-0.337529
-0.336188
-0.334783
-0.333342
-0.331913
-0.330637
-0.329577
-0.328087
-0.344543
-0.344836
-0.344903
-0.344836
-0.344627
-0.344269
-0.343768
-0.343131
-0.342369
-0.341491
-0.340509
-0.339431
-0.338268
-0.33703
-0.335738
-0.334421
-0.333125
-0.331988
-0.331059
-0.329696
-0.344631
-0.344944
-0.345034
-0.344997
-0.344826
-0.344515
-0.344067
-0.343492
-0.342798
-0.341996
-0.341095
-0.340106
-0.339037
-0.337902
-0.33672
-0.335522
-0.334352
-0.333342
-0.332533
-0.331277
-0.344747
-0.345085
-0.345199
-0.345194
-0.345061
-0.344795
-0.344401
-0.343886
-0.34326
-0.342532
-0.341711
-0.340809
-0.339833
-0.338798
-0.337724
-0.336639
-0.335588
-0.334695
-0.333995
-0.332829
-0.34489
-0.345257
-0.345397
-0.345424
-0.345331
-0.34511
-0.344768
-0.344313
-0.343752
-0.343097
-0.342355
-0.341537
-0.340653
-0.339715
-0.338744
-0.337767
-0.336827
-0.336041
-0.335443
-0.33435
-0.345058
-0.345459
-0.345628
-0.345688
-0.345633
-0.345458
-0.345167
-0.34477
-0.344274
-0.343689
-0.343025
-0.34229
-0.341494
-0.34065
-0.339777
-0.338904
-0.338067
-0.337376
-0.336879
-0.335839
-0.345251
-0.34569
-0.345889
-0.345984
-0.345968
-0.345837
-0.345597
-0.345257
-0.344824
-0.344308
-0.343719
-0.343064
-0.342353
-0.341599
-0.340821
-0.340045
-0.339304
-0.338696
-0.33831
-0.33728
-0.345469
-0.345951
-0.346182
-0.346312
-0.346336
-0.346249
-0.346059
-0.345773
-0.345402
-0.344953
-0.344436
-0.343858
-0.34323
-0.342563
-0.341875
-0.34119
-0.340538
-0.339994
-0.339751
-0.338629
-0.345714
-0.346242
-0.346507
-0.346672
-0.346735
-0.346692
-0.34655
-0.346319
-0.346007
-0.345624
-0.345176
-0.344673
-0.344123
-0.343539
-0.342936
-0.342339
-0.341774
-0.341331
-0.341109
-0.339912
-0.345985
-0.346563
-0.346863
-0.347065
-0.347167
-0.347167
-0.347073
-0.346895
-0.346641
-0.346319
-0.345939
-0.345508
-0.345034
-0.344528
-0.344007
-0.343492
-0.34301
-0.34265
-0.342437
-0.34154
-0.346284
-0.346916
-0.347252
-0.34749
-0.347632
-0.347674
-0.347627
-0.3475
-0.347302
-0.347041
-0.346726
-0.346363
-0.345961
-0.34553
-0.345086
-0.344649
-0.344245
-0.343961
-0.343774
-0.343094
-0.346613
-0.347301
-0.347674
-0.34795
-0.348131
-0.348215
-0.348213
-0.348136
-0.347992
-0.347789
-0.347536
-0.347239
-0.346906
-0.346546
-0.346175
-0.345811
-0.34548
-0.345264
-0.345112
-0.344571
-0.346975
-0.347721
-0.348132
-0.348445
-0.348665
-0.34879
-0.348833
-0.348803
-0.348711
-0.348565
-0.348371
-0.348137
-0.34787
-0.347578
-0.347276
-0.34698
-0.346717
-0.346563
-0.346447
-0.34601
-0.347371
-0.348177
-0.348626
-0.348977
-0.349235
-0.3494
-0.349486
-0.349503
-0.349462
-0.34937
-0.349233
-0.349059
-0.348854
-0.348627
-0.34839
-0.348158
-0.347957
-0.34786
-0.347779
-0.347426
-0.347804
-0.348671
-0.349159
-0.349547
-0.349843
-0.350048
-0.350175
-0.350238
-0.350245
-0.350205
-0.350123
-0.350007
-0.349861
-0.349695
-0.349519
-0.349347
-0.349204
-0.349157
-0.34911
-0.348826
-0.348277
-0.349206
-0.349732
-0.350157
-0.35049
-0.350733
-0.350901
-0.351008
-0.351062
-0.351071
-0.351043
-0.350982
-0.350893
-0.350784
-0.350665
-0.35055
-0.35046
-0.350459
-0.350443
-0.350215
-0.348794
-0.349784
-0.350348
-0.350809
-0.351179
-0.351458
-0.351666
-0.351815
-0.351914
-0.351972
-0.351994
-0.351986
-0.351951
-0.351897
-0.351832
-0.35177
-0.351728
-0.351769
-0.351781
-0.351597
-0.349357
-0.350408
-0.351009
-0.351505
-0.35191
-0.352226
-0.352471
-0.352661
-0.352804
-0.352908
-0.352979
-0.353021
-0.353038
-0.353035
-0.353022
-0.353008
-0.353011
-0.35309
-0.353127
-0.352979
-0.349969
-0.35108
-0.351717
-0.352247
-0.352686
-0.353036
-0.353319
-0.353547
-0.353732
-0.353881
-0.353999
-0.354089
-0.354155
-0.354201
-0.354236
-0.354267
-0.354312
-0.354425
-0.354485
-0.354364
-0.366279
-0.353217
-0.379405
-0.405336
-0.430865
-0.384366
-0.320644
-0.24307
-0.208825
-0.194339
-0.198355
-0.171233
-0.135804
-0.110386
-0.0915276
-0.0884335
-0.0942732
-0.0978364
-0.0887724
-0.0788014
-0.06354
-0.0484893
-0.0397116
-0.0439647
-0.0543754
-0.057171
-0.0484368
-0.0311204
-0.0231622
-0.0337124
-0.0475242
-0.0497884
-0.035788
-0.0255217
-0.0298553
-0.0437414
-0.0446257
-0.0314355
-0.0220462
-0.0303634
-0.0375795
-0.0268795
-0.0139903
-0.0179418
-0.020576
-0.0117464
-0.00839671
-0.01246
-0.0100996
-0.0105142
-0.0160059
-0.0146247
-0.0118645
-0.0166497
-0.0174435
-0.0107885
-0.0108138
-0.0113719
-0.00804536
0.00100035
-0.367561
-0.353224
-0.376064
-0.397091
-0.419043
-0.373247
-0.314757
-0.242106
-0.212629
-0.201014
-0.205947
-0.175776
-0.137268
-0.109889
-0.0901514
-0.0861009
-0.0909645
-0.094893
-0.0875725
-0.078686
-0.0638367
-0.0490667
-0.0406541
-0.0448949
-0.0548454
-0.0573787
-0.0485819
-0.0312946
-0.023343
-0.0338553
-0.0476031
-0.0497986
-0.0356813
-0.0252318
-0.0294193
-0.0433014
-0.0443384
-0.0314265
-0.0223834
-0.0308797
-0.0380284
-0.027087
-0.013893
-0.0177248
-0.0203511
-0.0116047
-0.00829119
-0.012352
-0.0101039
-0.0106479
-0.0162134
-0.0147339
-0.0117934
-0.0164133
-0.0172835
-0.010799
-0.0110146
-0.0116188
-0.0080816
0.00102177
-0.368923
-0.353241
-0.372675
-0.388703
-0.406913
-0.361631
-0.308378
-0.240847
-0.216294
-0.207723
-0.213313
-0.180151
-0.138667
-0.109369
-0.0887937
-0.0838088
-0.0877124
-0.091954
-0.0863626
-0.0785612
-0.0641403
-0.049677
-0.0416391
-0.0458495
-0.0553157
-0.0575803
-0.0487248
-0.0314787
-0.0235325
-0.0340007
-0.0476762
-0.0498015
-0.0355731
-0.0249443
-0.0289848
-0.0428568
-0.044046
-0.0314139
-0.022721
-0.031391
-0.0384711
-0.0272904
-0.0137982
-0.0175044
-0.0201211
-0.0114596
-0.00818301
-0.0122362
-0.0101021
-0.0107757
-0.0164127
-0.0148363
-0.0117171
-0.0161691
-0.0171168
-0.0108064
-0.0112104
-0.0118595
-0.00811438
0.00104226
-0.370373
-0.353282
-0.369268
-0.380221
-0.39453
-0.349526
-0.301486
-0.239277
-0.219797
-0.214444
-0.220434
-0.184357
-0.140001
-0.108832
-0.0874586
-0.0815644
-0.0845266
-0.0890268
-0.0851434
-0.0784264
-0.0644501
-0.05032
-0.0426654
-0.0468271
-0.0557858
-0.0577757
-0.0488649
-0.031672
-0.0237301
-0.0341484
-0.0477432
-0.0497973
-0.0354635
-0.02466
-0.0285526
-0.0424084
-0.0437489
-0.0313976
-0.0230582
-0.0318964
-0.038907
-0.0274897
-0.0137065
-0.0172813
-0.0198865
-0.0113112
-0.00807206
-0.0121124
-0.0100941
-0.0108977
-0.0166036
-0.014932
-0.0116356
-0.0159172
-0.0169435
-0.0108104
-0.0114013
-0.0120941
-0.0081438
0.00106181
-0.371916
-0.35336
-0.365872
-0.371694
-0.381944
-0.336961
-0.29406
-0.237379
-0.223119
-0.221154
-0.227296
-0.188394
-0.141273
-0.10828
-0.08615
-0.0793743
-0.0814161
-0.0861191
-0.0839157
-0.078281
-0.0647657
-0.0509949
-0.0437315
-0.0478264
-0.0562553
-0.0579647
-0.0490017
-0.0318735
-0.0239354
-0.0342976
-0.0478036
-0.0497859
-0.035353
-0.0243795
-0.028124
-0.0419567
-0.0434471
-0.031377
-0.0233941
-0.0323947
-0.0393353
-0.027685
-0.0136185
-0.0170562
-0.0196479
-0.0111596
-0.00795823
-0.0119806
-0.0100795
-0.0110137
-0.0167863
-0.0150213
-0.0115491
-0.0156577
-0.0167634
-0.0108112
-0.0115873
-0.0123228
-0.00816998
0.00108043
-0.373555
-0.353487
-0.362516
-0.36317
-0.369204
-0.323968
-0.286082
-0.235141
-0.226243
-0.227823
-0.233888
-0.192261
-0.142485
-0.107719
-0.084871
-0.0772443
-0.078389
-0.0832384
-0.0826804
-0.0781243
-0.0650862
-0.0517011
-0.0448359
-0.0488457
-0.0567237
-0.0581471
-0.0491346
-0.0320825
-0.0241479
-0.034448
-0.0478571
-0.0497674
-0.0352418
-0.0241034
-0.0276998
-0.0415026
-0.0431409
-0.0313519
-0.0237275
-0.032885
-0.0397553
-0.0278762
-0.0135348
-0.0168297
-0.0194059
-0.0110049
-0.00784141
-0.0118405
-0.0100583
-0.0111238
-0.0169609
-0.0151042
-0.0114574
-0.0153904
-0.0165765
-0.0108086
-0.0117685
-0.0125455
-0.00819303
0.00109813
-0.375292
-0.353676
-0.359227
-0.354698
-0.356362
-0.310584
-0.277538
-0.232547
-0.229152
-0.234422
-0.240204
-0.19596
-0.14364
-0.107153
-0.0836246
-0.0751796
-0.0754527
-0.080392
-0.0814383
-0.0779558
-0.0654107
-0.0524375
-0.0459769
-0.0498836
-0.0571907
-0.058323
-0.0492632
-0.0322979
-0.0243671
-0.0345989
-0.0479035
-0.0497417
-0.0351302
-0.0238321
-0.027281
-0.0410465
-0.0428304
-0.0313219
-0.0240576
-0.0333664
-0.0401665
-0.0280632
-0.0134559
-0.0166026
-0.0191609
-0.0108471
-0.00772156
-0.011692
-0.0100303
-0.0112282
-0.0171276
-0.0151809
-0.0113608
-0.0151155
-0.0163826
-0.0108028
-0.011945
-0.0127624
-0.00821307
0.00111493
-0.377128
-0.353937
-0.356029
-0.346326
-0.343473
-0.296849
-0.268419
-0.229587
-0.231832
-0.240916
-0.246238
-0.19949
-0.144741
-0.106587
-0.0824132
-0.0731843
-0.0726139
-0.0775871
-0.0801907
-0.0777748
-0.0657384
-0.0532029
-0.0471524
-0.0509382
-0.057656
-0.0584921
-0.049387
-0.0325187
-0.0245923
-0.0347497
-0.0479424
-0.049709
-0.0350186
-0.0235664
-0.0268684
-0.0405892
-0.0425156
-0.0312866
-0.0243834
-0.033838
-0.0405681
-0.0282461
-0.0133825
-0.0163756
-0.0189133
-0.0106864
-0.00759862
-0.011535
-0.00999535
-0.0113267
-0.0172864
-0.0152516
-0.0112593
-0.0148331
-0.0161818
-0.0107935
-0.0121168
-0.0129736
-0.00823021
0.00113084
-0.379059
-0.354279
-0.352946
-0.338101
-0.330593
-0.282809
-0.258718
-0.226248
-0.234273
-0.247271
-0.25199
-0.202854
-0.14579
-0.106023
-0.0812389
-0.071262
-0.0698781
-0.0748305
-0.0789389
-0.0775809
-0.0660682
-0.0539959
-0.0483604
-0.0520079
-0.0581193
-0.0586544
-0.0495054
-0.0327441
-0.0248231
-0.0349
-0.0479736
-0.0496692
-0.0349071
-0.0233065
-0.0264629
-0.0401313
-0.0421966
-0.0312458
-0.0247041
-0.0342989
-0.0409594
-0.0284249
-0.013315
-0.0161496
-0.0186638
-0.0105228
-0.00747257
-0.0113694
-0.00995328
-0.0114195
-0.0174376
-0.0153165
-0.0111529
-0.0145431
-0.0159741
-0.0107809
-0.012284
-0.0131792
-0.00824459
0.00114586
-0.381081
-0.354707
-0.349998
-0.330067
-0.317782
-0.268517
-0.248439
-0.222523
-0.236463
-0.253454
-0.257457
-0.206053
-0.14679
-0.105466
-0.0801033
-0.0694152
-0.0672503
-0.0721286
-0.0776841
-0.0773736
-0.066399
-0.0548151
-0.0495989
-0.0530907
-0.0585801
-0.0588098
-0.0496181
-0.0329729
-0.0250589
-0.035049
-0.0479966
-0.0496224
-0.034796
-0.023053
-0.0260653
-0.0396732
-0.0418735
-0.0311991
-0.0250187
-0.0347482
-0.0413397
-0.0285994
-0.0132539
-0.0159251
-0.0184127
-0.0103566
-0.00734342
-0.0111953
-0.00990398
-0.0115067
-0.0175812
-0.0153758
-0.0110418
-0.0142457
-0.0157593
-0.010765
-0.0124467
-0.0133793
-0.00825635
0.00116002
-0.383187
-0.355227
-0.347205
-0.322265
-0.305098
-0.254028
-0.23759
-0.218403
-0.238394
-0.259431
-0.26264
-0.209089
-0.147744
-0.104921
-0.0790078
-0.0676458
-0.0647344
-0.0694878
-0.0764281
-0.0771525
-0.0667293
-0.0556588
-0.0508653
-0.0541848
-0.0590383
-0.0589583
-0.0497245
-0.0332041
-0.0252991
-0.0351963
-0.0480113
-0.0495687
-0.0346855
-0.0228062
-0.0256762
-0.0392154
-0.0415462
-0.0311462
-0.0253263
-0.0351852
-0.0417084
-0.0287697
-0.0131998
-0.0157029
-0.0181605
-0.0101878
-0.00721118
-0.0110125
-0.00984734
-0.0115883
-0.0177176
-0.0154296
-0.010926
-0.0139411
-0.0155375
-0.0107456
-0.012605
-0.0135741
-0.0082656
0.00117332
-0.385367
-0.35584
-0.344582
-0.314735
-0.292601
-0.239405
-0.22619
-0.213884
-0.240059
-0.265169
-0.267537
-0.211964
-0.148655
-0.104389
-0.0779534
-0.0659546
-0.0623337
-0.0669141
-0.0751726
-0.0769172
-0.0670579
-0.056525
-0.0521575
-0.0552882
-0.0594935
-0.0590999
-0.0498244
-0.0334367
-0.0255432
-0.0353412
-0.0480174
-0.0495081
-0.0345758
-0.0225665
-0.0252962
-0.0387585
-0.0412147
-0.0310869
-0.0256262
-0.0356092
-0.0420649
-0.0289356
-0.0131531
-0.0154838
-0.0179077
-0.0100166
-0.00707591
-0.0108212
-0.00978326
-0.0116644
-0.0178468
-0.0154783
-0.0108058
-0.0136292
-0.0153087
-0.010723
-0.012759
-0.0137636
-0.0082725
0.00118579
-0.387609
-0.356546
-0.342142
-0.30751
-0.28035
-0.224714
-0.214264
-0.208963
-0.241451
-0.270637
-0.272149
-0.214679
-0.149524
-0.103875
-0.0769408
-0.0643419
-0.0600506
-0.0644032
-0.0739194
-0.0766674
-0.0673832
-0.0574119
-0.0534728
-0.0563991
-0.0599455
-0.0592345
-0.0499172
-0.0336695
-0.0257907
-0.0354832
-0.0480146
-0.0494406
-0.034467
-0.0223341
-0.024926
-0.0383029
-0.0408791
-0.0310209
-0.0259175
-0.0360196
-0.0424085
-0.0290971
-0.0131142
-0.0152685
-0.0176545
-0.00984307
-0.00693766
-0.0106213
-0.00971165
-0.0117351
-0.0179692
-0.0155219
-0.0106811
-0.0133103
-0.0150729
-0.010697
-0.0129089
-0.0139482
-0.00827717
0.00119745
-0.389899
-0.357343
-0.339894
-0.300621
-0.268405
-0.210026
-0.201849
-0.203641
-0.242563
-0.275809
-0.276475
-0.217237
-0.150355
-0.103381
-0.0759705
-0.0628071
-0.0578867
-0.0619789
-0.0726707
-0.0764029
-0.0677036
-0.0583173
-0.0548089
-0.0575154
-0.060394
-0.0593623
-0.0500027
-0.0339015
-0.026041
-0.0356218
-0.0480026
-0.0493662
-0.0343593
-0.0221094
-0.0245661
-0.0378489
-0.0405392
-0.030948
-0.0261996
-0.0364156
-0.0427387
-0.0292541
-0.0130836
-0.0150576
-0.0174015
-0.00966745
-0.00679651
-0.0104129
-0.00963242
-0.0118006
-0.0180849
-0.0155607
-0.0105522
-0.0129846
-0.0148302
-0.0106678
-0.0130547
-0.0141278
-0.00827977
0.00120831
-0.39222
-0.358224
-0.337845
-0.294093
-0.256823
-0.195416
-0.188991
-0.197921
-0.243391
-0.28066
-0.280514
-0.21964
-0.15115
-0.102911
-0.0750427
-0.0613491
-0.0558431
-0.0596362
-0.0714287
-0.0761236
-0.0680173
-0.0592391
-0.0561631
-0.0586351
-0.0608388
-0.0594832
-0.0500805
-0.0341316
-0.0262935
-0.0357565
-0.0479813
-0.049285
-0.0342528
-0.0218925
-0.024217
-0.037397
-0.0401949
-0.0308679
-0.0264716
-0.0367969
-0.0430548
-0.0294065
-0.0130616
-0.0148519
-0.017149
-0.00948988
-0.00665258
-0.0101962
-0.0095455
-0.0118609
-0.0181942
-0.015595
-0.0104192
-0.0126521
-0.0145806
-0.0106352
-0.0131966
-0.0143028
-0.00828042
0.0012184
-0.394554
-0.359182
-0.335998
-0.287949
-0.245661
-0.180969
-0.175739
-0.191811
-0.243926
-0.285166
-0.284265
-0.22189
-0.151911
-0.102467
-0.0741575
-0.0599661
-0.05392
-0.0573779
-0.0701956
-0.0758294
-0.0683227
-0.060175
-0.0575331
-0.0597563
-0.0612797
-0.0595975
-0.0501504
-0.0343586
-0.0265479
-0.0358867
-0.0479504
-0.0491971
-0.0341476
-0.0216835
-0.0238789
-0.0369475
-0.0398462
-0.0307804
-0.026733
-0.0371629
-0.0433564
-0.0295542
-0.0130485
-0.014652
-0.0168972
-0.00931052
-0.006506
-0.00997123
-0.00945084
-0.0119161
-0.0182972
-0.0156249
-0.0102822
-0.0123131
-0.0143241
-0.0105994
-0.0133347
-0.0144733
-0.00827926
0.00122773
-0.39688
-0.360205
-0.334353
-0.282204
-0.23497
-0.166777
-0.162155
-0.18532
-0.244161
-0.28931
-0.287727
-0.223989
-0.15264
-0.102053
-0.0733146
-0.0586558
-0.0521167
-0.055207
-0.0689738
-0.0755204
-0.0686178
-0.0611226
-0.0589162
-0.060877
-0.0617163
-0.0597051
-0.050212
-0.0345816
-0.0268035
-0.0360121
-0.0479098
-0.0491024
-0.0340437
-0.0214826
-0.0235524
-0.0365006
-0.0394929
-0.0306854
-0.026983
-0.0375131
-0.0436429
-0.029697
-0.0130446
-0.0144586
-0.0166465
-0.00912954
-0.00635689
-0.00973823
-0.0093484
-0.0119665
-0.0183944
-0.0156507
-0.0101415
-0.0119678
-0.0140608
-0.0105605
-0.0134692
-0.0146394
-0.00827645
0.00123633
-0.399177
-0.361281
-0.332906
-0.276871
-0.2248
-0.15294
-0.148307
-0.178462
-0.244089
-0.293074
-0.290899
-0.225939
-0.153339
-0.10167
-0.0725139
-0.0574157
-0.0504321
-0.0531258
-0.067766
-0.0751967
-0.0689005
-0.0620795
-0.0603101
-0.0619953
-0.0621486
-0.0598064
-0.0502652
-0.0347994
-0.0270599
-0.0361322
-0.0478592
-0.049001
-0.0339412
-0.0212899
-0.0232377
-0.0360566
-0.0391348
-0.0305826
-0.0272211
-0.0378474
-0.0439138
-0.0298349
-0.0130503
-0.0142722
-0.0163972
-0.00894711
-0.00620543
-0.00949737
-0.00923814
-0.012012
-0.0184859
-0.0156726
-0.00999713
-0.0116164
-0.0137907
-0.0105183
-0.0136002
-0.0148015
-0.0082721
0.00124423
-0.401425
-0.362396
-0.33165
-0.271957
-0.215197
-0.139524
-0.13429
-0.171252
-0.243699
-0.296443
-0.293779
-0.227742
-0.154011
-0.10132
-0.0717548
-0.0562426
-0.0488641
-0.0511361
-0.0665746
-0.0748586
-0.069169
-0.0630433
-0.0617122
-0.0631093
-0.0625763
-0.0599015
-0.0503098
-0.035011
-0.0273166
-0.0362466
-0.0477984
-0.0488929
-0.03384
-0.0211054
-0.0229351
-0.0356159
-0.0387719
-0.0304719
-0.0274469
-0.0381654
-0.0441687
-0.0299676
-0.0130656
-0.0140934
-0.0161496
-0.00876342
-0.0060518
-0.00924887
-0.00912004
-0.012053
-0.018572
-0.0156909
-0.00984936
-0.0112591
-0.0135141
-0.0104731
-0.0137279
-0.0149595
-0.00826637
0.00125146
-0.403605
-0.363532
-0.330575
-0.267466
-0.206197
-0.126636
-0.120209
-0.163711
-0.242982
-0.299406
-0.296365
-0.229401
-0.154656
-0.101005
-0.0710371
-0.0551334
-0.0474098
-0.0492393
-0.0654019
-0.0745063
-0.069421
-0.0640114
-0.0631204
-0.0642172
-0.0629991
-0.0599906
-0.0503455
-0.0352154
-0.0275732
-0.0363551
-0.0477274
-0.0487782
-0.0337402
-0.020929
-0.0226448
-0.0351785
-0.0384039
-0.0303532
-0.0276597
-0.038467
-0.0444073
-0.0300949
-0.0130908
-0.0139229
-0.0159038
-0.00857863
-0.00589618
-0.00899299
-0.0089941
-0.0120893
-0.0186529
-0.0157056
-0.00969834
-0.0108962
-0.013231
-0.0104248
-0.0138524
-0.0151139
-0.00825939
0.00125803
-0.405699
-0.364668
-0.329666
-0.263396
-0.197829
-0.115753
-0.106171
-0.155862
-0.241929
-0.301953
-0.298657
-0.230917
-0.155277
-0.100728
-0.0703601
-0.0540845
-0.0460657
-0.0474363
-0.0642504
-0.0741403
-0.0696545
-0.0649814
-0.0645322
-0.0653172
-0.0634169
-0.0600741
-0.0503724
-0.0354116
-0.0278291
-0.0364574
-0.0476459
-0.0486568
-0.0336417
-0.0207608
-0.0223669
-0.0347448
-0.0380307
-0.0302263
-0.0278592
-0.0387519
-0.0446291
-0.0302167
-0.013126
-0.013761
-0.0156601
-0.00839292
-0.00573879
-0.00873001
-0.0088603
-0.0121213
-0.018729
-0.0157172
-0.00954428
-0.0105279
-0.0129414
-0.0103735
-0.0139739
-0.0152647
-0.00825128
0.00126398
-0.407641
-0.365779
-0.328909
-0.259741
-0.190118
-0.10348
-0.0922686
-0.147731
-0.24053
-0.304075
-0.300654
-0.232293
-0.155876
-0.100488
-0.0697232
-0.0530925
-0.0448274
-0.0457277
-0.0631222
-0.0737611
-0.0698671
-0.0659507
-0.0659457
-0.0664075
-0.0638293
-0.0601521
-0.0503903
-0.0355985
-0.0280838
-0.0365532
-0.0475537
-0.0485288
-0.0335445
-0.0206007
-0.0221017
-0.0343148
-0.0376521
-0.0300911
-0.028045
-0.0390202
-0.0448339
-0.0303328
-0.0131713
-0.0136084
-0.0154186
-0.00820646
-0.00557984
-0.00846023
-0.00871867
-0.0121491
-0.0188005
-0.0157258
-0.00938738
-0.0101544
-0.0126456
-0.0103193
-0.0140926
-0.0154122
-0.00824217
0.00126934
-0.409413
-0.366873
-0.328288
-0.256492
-0.183095
-0.0917979
-0.0785945
-0.139347
-0.238776
-0.305765
-0.302355
-0.23353
-0.156452
-0.100289
-0.069126
-0.052154
-0.0436898
-0.0441135
-0.0620194
-0.0733692
-0.0700568
-0.0669168
-0.0673587
-0.0674864
-0.0642362
-0.060225
-0.0503993
-0.0357753
-0.0283369
-0.0366423
-0.0474508
-0.0483942
-0.0334485
-0.0204485
-0.0218492
-0.0338887
-0.0372679
-0.0299474
-0.0282168
-0.0392718
-0.0450214
-0.0304429
-0.0132267
-0.0134654
-0.0151796
-0.00801941
-0.00541957
-0.00818399
-0.00856924
-0.0121727
-0.0188677
-0.0157316
-0.00922784
-0.00977604
-0.0123436
-0.0102621
-0.0142086
-0.0155566
-0.0082322
0.00127414
-0.411022
-0.367942
-0.327787
-0.253638
-0.176781
-0.0811815
-0.0652327
-0.130746
-0.236659
-0.30702
-0.30376
-0.234631
-0.157009
-0.10013
-0.0685679
-0.0512656
-0.0426468
-0.0425932
-0.0609434
-0.0729651
-0.0702211
-0.067877
-0.0687693
-0.0685523
-0.0646372
-0.0602932
-0.0503995
-0.035941
-0.0285878
-0.0367248
-0.0473371
-0.0482529
-0.0333535
-0.0203041
-0.0216096
-0.0334668
-0.0368781
-0.0297952
-0.0283743
-0.0395069
-0.0451914
-0.0305467
-0.0132923
-0.0133326
-0.014943
-0.00783194
-0.00525822
-0.00790165
-0.00841202
-0.0121923
-0.0189308
-0.0157348
-0.00906586
-0.00939309
-0.0120357
-0.0102022
-0.014322
-0.015698
-0.00822148
0.00127842
-0.412489
-0.368951
-0.327368
-0.251172
-0.171183
-0.071528
-0.0522677
-0.121962
-0.234177
-0.307836
-0.30487
-0.235597
-0.157546
-0.100013
-0.0680486
-0.0504241
-0.041692
-0.0411659
-0.0598957
-0.0725495
-0.0703579
-0.0688289
-0.0701759
-0.0696037
-0.0650321
-0.0603569
-0.0503909
-0.0360947
-0.0288361
-0.0368005
-0.0472123
-0.048105
-0.0332595
-0.0201674
-0.0213828
-0.033049
-0.0364824
-0.0296343
-0.0285172
-0.0397256
-0.0453437
-0.0306441
-0.013368
-0.0132101
-0.0147091
-0.00764419
-0.00509604
-0.00761358
-0.00824708
-0.0122081
-0.0189902
-0.0157356
-0.00890167
-0.00900583
-0.0117219
-0.0101395
-0.0144331
-0.0158368
-0.00821013
0.00128219
-0.413791
-0.369884
-0.327008
-0.249077
-0.166295
-0.0627682
-0.0397844
-0.113034
-0.231324
-0.308213
-0.305685
-0.23643
-0.158065
-0.0999372
-0.0675676
-0.0496267
-0.0408182
-0.0398304
-0.0588773
-0.0721231
-0.0704649
-0.0697698
-0.0715766
-0.0706389
-0.0654205
-0.0604165
-0.0503737
-0.0362358
-0.0290812
-0.0368696
-0.0470764
-0.0479504
-0.0331663
-0.0200381
-0.0211689
-0.0326356
-0.0360806
-0.0294648
-0.0286455
-0.0399282
-0.0454784
-0.0307346
-0.0134538
-0.0130984
-0.0144779
-0.00745632
-0.0049333
-0.00732021
-0.00807447
-0.0122201
-0.0190461
-0.0157343
-0.00873548
-0.00861454
-0.0114024
-0.010074
-0.014542
-0.0159731
-0.00819826
0.00128551
-0.414905
-0.370725
-0.326752
-0.247255
-0.16212
-0.0549261
-0.0278637
-0.104003
-0.228101
-0.308152
-0.306206
-0.237132
-0.158567
-0.0999042
-0.0671248
-0.0488707
-0.0400176
-0.0385852
-0.0578886
-0.0716863
-0.0705397
-0.0706971
-0.07297
-0.0716566
-0.065802
-0.0604723
-0.0503483
-0.0363632
-0.0293226
-0.0369322
-0.0469292
-0.0477891
-0.0330738
-0.0199159
-0.0209679
-0.0322266
-0.0356727
-0.0292864
-0.0287589
-0.0401149
-0.0455953
-0.0308182
-0.0135494
-0.0129979
-0.0142494
-0.00726846
-0.00477026
-0.00702194
-0.00789426
-0.0122284
-0.0190988
-0.015731
-0.0085675
-0.00821952
-0.0110774
-0.010006
-0.0146489
-0.016107
-0.00818599
0.0012884
-0.415812
-0.371467
-0.32653
-0.245727
-0.158647
-0.0480402
-0.0165799
-0.0949079
-0.224512
-0.307657
-0.306436
-0.237705
-0.159052
-0.099914
-0.0667202
-0.0481541
-0.0392825
-0.0374282
-0.0569298
-0.0712398
-0.0705801
-0.0716084
-0.0743547
-0.0726551
-0.0661761
-0.0605246
-0.050315
-0.0364765
-0.0295598
-0.0369884
-0.0467706
-0.047621
-0.0329818
-0.0198007
-0.0207798
-0.0318221
-0.0352584
-0.0290992
-0.0288575
-0.040286
-0.0456944
-0.0308943
-0.0136548
-0.0129086
-0.0140238
-0.00708074
-0.00460721
-0.00671924
-0.00770652
-0.0122333
-0.0191484
-0.0157259
-0.00839795
-0.00782106
-0.010747
-0.00993537
-0.0147539
-0.0162389
-0.00817341
0.0012909
-0.41649
-0.372104
-0.326326
-0.244563
-0.155777
-0.0421141
-0.00600064
-0.0857897
-0.220561
-0.306733
-0.306376
-0.238149
-0.159521
-0.0999666
-0.0663538
-0.047475
-0.0386044
-0.0363572
-0.0560006
-0.0707839
-0.0705838
-0.0725009
-0.0757293
-0.0736327
-0.0665422
-0.0605739
-0.0502742
-0.0365749
-0.0297923
-0.0370387
-0.0466005
-0.0474461
-0.0328901
-0.019692
-0.0206044
-0.0314222
-0.0348377
-0.0289031
-0.0289412
-0.040442
-0.045776
-0.0309628
-0.0137698
-0.0128309
-0.013801
-0.00689326
-0.00444441
-0.00641257
-0.00751135
-0.0122348
-0.0191954
-0.0157193
-0.00822705
-0.00741947
-0.0104115
-0.00986225
-0.0148571
-0.0163689
-0.00816062
0.00129304
-0.416914
-0.37263
-0.326132
-0.243653
-0.153578
-0.0371555
0.00381313
-0.0766885
-0.216257
-0.305387
-0.306028
-0.238467
-0.159973
-0.100062
-0.0660258
-0.0468317
-0.037975
-0.0353695
-0.0551002
-0.070319
-0.0705485
-0.0733721
-0.0770928
-0.074588
-0.0668998
-0.0606204
-0.0502264
-0.0366577
-0.0300194
-0.0370831
-0.0464189
-0.0472642
-0.0327986
-0.0195896
-0.0204418
-0.031027
-0.0344104
-0.0286979
-0.0290101
-0.0405833
-0.04584
-0.0310233
-0.0138941
-0.0127649
-0.0135811
-0.00670615
-0.00428216
-0.0061024
-0.00730884
-0.0122329
-0.0192398
-0.0157112
-0.00805502
-0.00701505
-0.010071
-0.0097867
-0.0149588
-0.0164972
-0.00814773
0.00129486
-0.417052
-0.373042
-0.325935
-0.24298
-0.151992
-0.0331793
0.0128078
-0.0676437
-0.211611
-0.303627
-0.305396
-0.23866
-0.16041
-0.100199
-0.0657364
-0.0462231
-0.037386
-0.034462
-0.0542274
-0.0698452
-0.070472
-0.0742193
-0.0784438
-0.0755195
-0.0672481
-0.0606644
-0.0501722
-0.0367245
-0.0302406
-0.0371222
-0.0462256
-0.0470752
-0.032707
-0.0194932
-0.0202916
-0.0306366
-0.0339763
-0.0284837
-0.0290641
-0.0407102
-0.0458868
-0.0310755
-0.0140275
-0.0127108
-0.013364
-0.00651948
-0.00412074
-0.00578925
-0.00709912
-0.0122278
-0.019282
-0.015702
-0.00788207
-0.0066081
-0.00972578
-0.00970878
-0.0150591
-0.016624
-0.00813481
0.0012964
-0.416863
-0.373335
-0.325726
-0.242533
-0.150975
-0.0301655
0.0209378
-0.0586944
-0.206635
-0.301463
-0.304483
-0.238729
-0.160831
-0.100378
-0.0654864
-0.0456486
-0.0368295
-0.033631
-0.0533808
-0.0693625
-0.0703521
-0.0750397
-0.0797814
-0.0764262
-0.0675862
-0.0607062
-0.0501123
-0.0367748
-0.0304554
-0.0371563
-0.0460205
-0.046879
-0.0326151
-0.0194022
-0.0201539
-0.030251
-0.0335353
-0.0282604
-0.0291035
-0.0408234
-0.0459167
-0.031119
-0.0141697
-0.0126687
-0.0131497
-0.00633334
-0.0039605
-0.00547361
-0.00688231
-0.0122196
-0.0193222
-0.0156916
-0.00770843
-0.00619895
-0.00937595
-0.00962857
-0.0151581
-0.0167495
-0.00812194
0.0012977
-0.4163
-0.373506
-0.325501
-0.242292
-0.150495
-0.0280875
0.028166
-0.0498791
-0.201344
-0.298907
-0.30329
-0.238675
-0.161238
-0.100602
-0.0652789
-0.0451091
-0.0362993
-0.0328736
-0.0525588
-0.0688705
-0.0701866
-0.0758307
-0.0811044
-0.0773062
-0.0679124
-0.0607458
-0.0500469
-0.0368081
-0.0306642
-0.0371866
-0.0458038
-0.0466754
-0.0325228
-0.0193163
-0.0200281
-0.0298699
-0.0330866
-0.0280278
-0.0291288
-0.0409236
-0.04593
-0.0311535
-0.0143202
-0.0126386
-0.0129378
-0.00614774
-0.00380193
-0.00515612
-0.00665854
-0.0122084
-0.0193605
-0.0156802
-0.0075343
-0.00578792
-0.00902176
-0.00954612
-0.0152559
-0.0168738
-0.00810921
0.00129879
-0.415306
-0.37355
-0.325255
-0.242241
-0.150518
-0.0269168
0.0344637
-0.0412364
-0.195753
-0.295967
-0.301816
-0.238498
-0.161634
-0.100871
-0.0651147
-0.0446035
-0.0357879
-0.0321864
-0.0517608
-0.0683691
-0.0699732
-0.0765892
-0.0824112
-0.0781562
-0.0682252
-0.0607831
-0.0499767
-0.0368239
-0.0308662
-0.0372138
-0.0455759
-0.0464643
-0.0324298
-0.019235
-0.0199138
-0.0294928
-0.0326302
-0.0277858
-0.0291399
-0.0410115
-0.0459273
-0.0311788
-0.0144787
-0.0126203
-0.0127284
-0.00596271
-0.00364516
-0.00483733
-0.00642801
-0.0121941
-0.0193971
-0.015668
-0.00735989
-0.0053753
-0.00866343
-0.00946151
-0.0153528
-0.0169971
-0.00809669
0.00129971
-0.413818
-0.373457
-0.324983
-0.242357
-0.150999
-0.0266139
0.0398153
-0.0328057
-0.189879
-0.292655
-0.300069
-0.238196
-0.162
-0.101166
-0.0649821
-0.0441236
-0.03528
-0.0315574
-0.0509839
-0.0678572
-0.0697098
-0.0773124
-0.083701
-0.0789762
-0.0685265
-0.0608205
-0.0499046
-0.0368218
-0.0310562
-0.0372336
-0.0453352
-0.0462451
-0.0323358
-0.0191579
-0.0198114
-0.0291224
-0.0321699
-0.0275351
-0.0291343
-0.0410849
-0.0459085
-0.0311944
-0.0146449
-0.0126147
-0.0125234
-0.00577854
-0.00348895
-0.00451706
-0.00619077
-0.012177
-0.0194326
-0.0156555
-0.00718528
-0.00496107
-0.00830104
-0.00937479
-0.0154488
-0.0171196
-0.00808444
0.0013005
-0.411773
-0.373211
-0.324665
-0.242597
-0.151854
-0.02709
0.0442347
-0.024631
-0.18375
-0.289011
-0.298081
-0.237768
-0.162315
-0.10146
-0.0648657
-0.0436644
-0.034761
-0.0309625
-0.0502113
-0.0673277
-0.0693931
-0.0779973
-0.084977
-0.0797791
-0.0688231
-0.0608617
-0.0498354
-0.0368022
-0.0312278
-0.0372374
-0.0450753
-0.0460149
-0.03224
-0.019085
-0.0197232
-0.0287657
-0.0317103
-0.0272767
-0.0291107
-0.0411398
-0.0458713
-0.0311993
-0.0148187
-0.0126242
-0.0123254
-0.00559574
-0.00333216
-0.00419421
-0.00594658
-0.0121574
-0.019468
-0.0156437
-0.00701066
-0.00454508
-0.00793455
-0.009286
-0.0155441
-0.0172417
-0.00807254
0.00130121
-0.409137
-0.372812
-0.324318
-0.24296
-0.15305
-0.0282679
0.0477332
-0.0167494
-0.17739
-0.285055
-0.295848
-0.237238
-0.162643
-0.101826
-0.0648218
-0.0432665
-0.0342664
-0.0304203
-0.049433
-0.0667762
-0.069019
-0.0786407
-0.0862366
-0.0805555
-0.0690951
-0.0608976
-0.0497618
-0.0367659
-0.0314024
-0.0372475
-0.0448048
-0.0457742
-0.0321416
-0.0190152
-0.0196459
-0.0284093
-0.0312321
-0.0270077
-0.0290836
-0.0411908
-0.0458199
-0.0311932
-0.0149993
-0.0126444
-0.0121236
-0.00541325
-0.00318431
-0.00387359
-0.00569614
-0.0121348
-0.0195014
-0.0156297
-0.00683692
-0.00412983
-0.00756497
-0.00919524
-0.0156387
-0.017363
-0.008061
0.00130184
-0.405875
-0.372316
-0.32411
-0.243684
-0.154885
-0.0304535
0.0501324
-0.00915469
-0.170656
-0.280512
-0.293127
-0.236636
-0.163185
-0.102497
-0.0650075
-0.0430074
-0.0338925
-0.0300766
-0.0487769
-0.0662728
-0.0686048
-0.0792321
-0.0874105
-0.0811594
-0.0692557
-0.060891
-0.04965
-0.0367099
-0.0316469
-0.0373615
-0.0445945
-0.0455553
-0.0320492
-0.0189388
-0.0195392
-0.0279752
-0.0306711
-0.026716
-0.0290866
-0.0412961
-0.0457922
-0.0311855
-0.0151784
-0.0126425
-0.011878
-0.00522581
-0.00307239
-0.00357907
-0.00544599
-0.0121047
-0.0195198
-0.0156031
-0.00666574
-0.00372312
-0.00719671
-0.00910295
-0.015731
-0.0174823
-0.00804968
0.00130227
-0.401685
-0.371582
-0.323981
-0.244766
-0.157397
-0.0339328
0.0511981
-0.00194816
-0.163388
-0.275097
-0.28974
-0.235831
-0.163763
-0.103288
-0.0652736
-0.0427402
-0.0335099
-0.0299249
-0.048457
-0.0659214
-0.0681918
-0.0797485
-0.0884256
-0.0815134
-0.0693326
-0.0608581
-0.0495072
-0.0366233
-0.0319153
-0.0375443
-0.0444591
-0.0453853
-0.0319802
-0.0188486
-0.0193822
-0.0274587
-0.0300634
-0.0264021
-0.0290784
-0.0414324
-0.0458037
-0.0311885
-0.0153498
-0.0126112
-0.0116059
-0.00503281
-0.00297331
-0.00330838
-0.00519969
-0.0120658
-0.0195231
-0.0155682
-0.00649493
-0.00332008
-0.00682895
-0.00900935
-0.0158213
-0.0175996
-0.00803875
0.00130262
-0.395805
-0.369897
-0.322546
-0.244194
-0.157867
-0.0356968
0.0524663
0.00405284
-0.157651
-0.271393
-0.287171
-0.234476
-0.163042
-0.102707
-0.0645719
-0.0418716
-0.0323901
-0.0289381
-0.0474554
-0.0649393
-0.067434
-0.0802924
-0.0900846
-0.0827918
-0.0699698
-0.0610694
-0.0495596
-0.0365067
-0.0317279
-0.037047
-0.0437569
-0.0448983
-0.0318217
-0.0188658
-0.0195956
-0.0275206
-0.0298985
-0.0261404
-0.0287733
-0.0411063
-0.0454681
-0.0310743
-0.0156132
-0.0128811
-0.0116469
-0.00487002
-0.00264793
-0.00283069
-0.00488285
-0.0120731
-0.0196436
-0.0156226
-0.00630912
-0.00284745
-0.00641691
-0.00891027
-0.0159265
-0.0177305
-0.00803011
0.00130452
-0.387644
-0.367548
-0.319234
-0.240661
-0.154205
-0.0312972
0.0591834
0.0109826
-0.156201
-0.274018
-0.288134
-0.233292
-0.160857
-0.100137
-0.0624226
-0.0403885
-0.0299531
-0.0250144
-0.0412194
-0.0599528
-0.0643551
-0.0818446
-0.095607
-0.0882284
-0.0722749
-0.0620089
-0.050284
-0.0364729
-0.0304645
-0.034575
-0.040841
-0.042829
-0.0310121
-0.0193699
-0.0213703
-0.0295403
-0.0308403
-0.0260078
-0.0277739
-0.0393898
-0.043694
-0.0303318
-0.0163882
-0.0143425
-0.0126065
-0.00478514
-0.00168128
-0.0015376
-0.00419593
-0.0122677
-0.0202139
-0.0159656
-0.00605361
-0.00207301
-0.00577059
-0.00876922
-0.0161066
-0.0179382
-0.00802642
0.00131061
-0.377851
-0.361205
-0.312549
-0.234715
-0.149457
-0.0291554
0.0597627
0.0126785
-0.152512
-0.269023
-0.281946
-0.227601
-0.156756
-0.0975012
-0.06052
-0.0388134
-0.0283851
-0.0239769
-0.0413401
-0.0587924
-0.0634923
-0.0824597
-0.0976458
-0.0900755
-0.0727376
-0.0616286
-0.0497303
-0.0360664
-0.0302971
-0.0343662
-0.0403563
-0.0421675
-0.0304859
-0.0190643
-0.0213402
-0.0294147
-0.0304843
-0.0255766
-0.0274753
-0.0391608
-0.0434286
-0.0301322
-0.0164603
-0.0145379
-0.0126731
-0.00452015
-0.00119288
-0.00104677
-0.0038788
-0.0122346
-0.0203358
-0.0160198
-0.00574155
-0.00138851
-0.00521893
-0.008639
-0.0162617
-0.0181229
-0.00800454
0.00131337
-0.369444
-0.353561
-0.304879
-0.228168
-0.144504
-0.0275894
0.0586593
0.0114024
-0.14962
-0.26285
-0.274413
-0.221135
-0.15233
-0.0947469
-0.0585599
-0.0372285
-0.0268963
-0.0232652
-0.0412276
-0.0588057
-0.0635109
-0.0827038
-0.0984402
-0.0913205
-0.0728444
-0.0610281
-0.0490044
-0.0356091
-0.0302336
-0.0344826
-0.0403241
-0.0418977
-0.0299881
-0.0184333
-0.020797
-0.0289788
-0.0299717
-0.0251219
-0.02726
-0.0391793
-0.043535
-0.0300546
-0.0162478
-0.0144003
-0.0125936
-0.00424018
-0.000787296
-0.00072778
-0.00368057
-0.0121309
-0.0203364
-0.0160128
-0.00541925
-0.000729131
-0.00470061
-0.00851515
-0.0164078
-0.0182989
-0.00797918
0.00131538
-0.362015
-0.345354
-0.297041
-0.221767
-0.13993
-0.0266738
0.056779
0.00958771
-0.147123
-0.256634
-0.266672
-0.214477
-0.147767
-0.0918844
-0.0565244
-0.0356115
-0.0253141
-0.0222982
-0.0405787
-0.0583656
-0.0632697
-0.0829997
-0.0995869
-0.0928382
-0.0730287
-0.0604502
-0.0482796
-0.035118
-0.0301029
-0.0344405
-0.0400596
-0.0414493
-0.029399
-0.0178261
-0.0204103
-0.0287034
-0.0295091
-0.0246546
-0.0269908
-0.0390724
-0.0434778
-0.0298852
-0.0160763
-0.014385
-0.01258
-0.00396191
-0.000342397
-0.000335445
-0.0034385
-0.0120398
-0.020372
-0.0160227
-0.00508618
-3.84065e-05
-0.00415258
-0.00838545
-0.0165629
-0.0184833
-0.0079554
0.00131742
-0.354755
-0.336632
-0.289092
-0.215581
-0.135828
-0.0265913
0.053874
0.0074002
-0.144541
-0.24995
-0.258466
-0.207518
-0.143052
-0.0889455
-0.0544501
-0.0339711
-0.0236818
-0.0212139
-0.039724
-0.0575251
-0.0627186
-0.0833617
-0.101025
-0.0943634
-0.0731841
-0.0598292
-0.0475013
-0.0345779
-0.0299431
-0.0343487
-0.0396804
-0.0408698
-0.0287539
-0.0172658
-0.0201316
-0.0284747
-0.0290348
-0.0241619
-0.0266932
-0.0389081
-0.0433097
-0.0296493
-0.015963
-0.0144497
-0.0125879
-0.00367742
0.000118064
9.16784e-05
-0.00316228
-0.0119591
-0.0204274
-0.0160369
-0.00474192
0.000674862
-0.00358137
-0.00825099
-0.0167258
-0.0186741
-0.00793283
0.00131934
-0.34739
-0.327455
-0.281032
-0.209588
-0.132165
-0.0273145
0.0498807
0.00464117
-0.141734
-0.242615
-0.249713
-0.200258
-0.138199
-0.0859408
-0.0523422
-0.0323069
-0.0220092
-0.0200579
-0.0387683
-0.0565235
-0.0620323
-0.0836861
-0.102457
-0.0957824
-0.0732551
-0.059137
-0.0466528
-0.0339854
-0.0297642
-0.0342587
-0.0392878
-0.0402526
-0.0280792
-0.016697
-0.019849
-0.0282245
-0.0285288
-0.0236416
-0.0263755
-0.0387274
-0.0431126
-0.029387
-0.0158551
-0.0145259
-0.0125943
-0.00338509
0.000582033
0.000518028
-0.00287777
-0.0118749
-0.0204805
-0.0160469
-0.00438658
0.0014038
-0.00299598
-0.00811361
-0.0168943
-0.0188695
-0.00791103
0.00132109
-0.339826
-0.317943
-0.272914
-0.203799
-0.128916
-0.0287542
0.0449172
0.0013322
-0.138678
-0.234661
-0.240469
-0.192744
-0.133234
-0.0828788
-0.0502016
-0.0306164
-0.020293
-0.0188168
-0.0376945
-0.0554085
-0.0612691
-0.0839057
-0.103785
-0.0970884
-0.0732317
-0.0583703
-0.0457324
-0.033338
-0.0295642
-0.0341696
-0.03889
-0.0396149
-0.0273743
-0.0160956
-0.0195382
-0.027949
-0.0279905
-0.0230928
-0.0260367
-0.0385304
-0.0428987
-0.0291039
-0.0157304
-0.0146029
-0.0125985
-0.00308486
0.00104889
0.00093961
-0.00259057
-0.011783
-0.0205287
-0.0160526
-0.00402021
0.00214773
-0.00239779
-0.0079737
-0.0170682
-0.0190698
-0.00789009
0.00132274
-0.331953
-0.308216
-0.264798
-0.198229
-0.126057
-0.030812
0.0391435
-0.00238625
-0.135347
-0.226138
-0.230806
-0.185029
-0.12818
-0.0797693
-0.0480303
-0.0288969
-0.0185297
-0.0174758
-0.0364757
-0.0541428
-0.0604066
-0.0839983
-0.105011
-0.0982659
-0.0731059
-0.0575261
-0.0447372
-0.0326324
-0.029341
-0.0340767
-0.038476
-0.0389463
-0.0266333
-0.015462
-0.0192072
-0.0276513
-0.0274182
-0.0225137
-0.0256753
-0.0383134
-0.0426593
-0.0287938
-0.015589
-0.0146861
-0.0126007
-0.00277618
0.00151873
0.00135877
-0.0022987
-0.0116844
-0.0205741
-0.0160546
-0.00364277
0.00290678
-0.00178623
-0.00783123
-0.017248
-0.0192752
-0.00787013
0.00132435
-0.323723
-0.298386
-0.256732
-0.192879
-0.123555
-0.0333795
0.0327242
-0.00636668
-0.131714
-0.217089
-0.220807
-0.177166
-0.123063
-0.0766222
-0.0458309
-0.0271464
-0.0167169
-0.0160249
-0.0350964
-0.0526927
-0.0594154
-0.0839524
-0.106128
-0.0992892
-0.0728662
-0.0565995
-0.0436635
-0.0318654
-0.0290926
-0.0339789
-0.038041
-0.0382399
-0.0258539
-0.0147996
-0.0188596
-0.0273283
-0.026809
-0.0219023
-0.02529
-0.0380752
-0.0423892
-0.0284526
-0.0154333
-0.0147765
-0.0125992
-0.00245832
0.00199097
0.00177568
-0.00200113
-0.0115801
-0.0206179
-0.0160532
-0.00325421
0.00368059
-0.00116129
-0.00768629
-0.0174339
-0.0194857
-0.00785122
0.00132598
-0.315148
-0.288549
-0.248756
-0.187742
-0.121366
-0.03634
0.02583
-0.0104767
-0.127765
-0.207586
-0.210563
-0.169213
-0.117909
-0.0734478
-0.043606
-0.0253626
-0.0148521
-0.0144557
-0.033546
-0.0510383
-0.0582775
-0.0837496
-0.107111
-0.10013
-0.0725011
-0.0555857
-0.042508
-0.0310334
-0.0288169
-0.0338751
-0.0375838
-0.0374941
-0.0250354
-0.0141087
-0.0184932
-0.0269758
-0.02616
-0.0212566
-0.0248797
-0.0378152
-0.0420869
-0.0280786
-0.0152618
-0.0148722
-0.0125918
-0.00213043
0.00246495
0.00218932
-0.00169813
-0.0114703
-0.02066
-0.0160481
-0.0028545
0.0044686
-0.000523308
-0.00753899
-0.0176258
-0.0197012
-0.00783341
0.00132768
-0.30627
-0.278783
-0.2409
-0.182808
-0.119446
-0.0395743
0.0186357
-0.0145988
-0.123518
-0.197726
-0.200177
-0.161229
-0.112743
-0.0702564
-0.0413586
-0.0235437
-0.0129333
-0.0127611
-0.0318138
-0.0491642
-0.0569792
-0.0833649
-0.107929
-0.100761
-0.071999
-0.0544802
-0.0412673
-0.0301328
-0.0285113
-0.0337638
-0.0371027
-0.0367082
-0.0241773
-0.0133877
-0.0181051
-0.0265896
-0.0254683
-0.0205745
-0.0244429
-0.0375324
-0.0417512
-0.0276702
-0.0150717
-0.0149704
-0.0125762
-0.0017916
0.0029401
0.00259871
-0.00139013
-0.0113548
-0.0207007
-0.0160395
-0.00244361
0.00527022
0.000127305
-0.00738944
-0.0178237
-0.0199214
-0.00781669
0.00132949
-0.297146
-0.269149
-0.233188
-0.178059
-0.117746
-0.0429683
0.0113118
-0.0186351
-0.119018
-0.187629
-0.189758
-0.153275
-0.107591
-0.0670579
-0.0390916
-0.0216882
-0.0109586
-0.0109351
-0.029889
-0.0470547
-0.0555057
-0.0827723
-0.108554
-0.101154
-0.0713484
-0.0532783
-0.0399382
-0.0291598
-0.0281729
-0.0336426
-0.0365955
-0.0358807
-0.023279
-0.0126356
-0.0176931
-0.0261657
-0.0247307
-0.0198538
-0.0239783
-0.0372256
-0.0413802
-0.0272251
-0.0148595
-0.0150686
-0.01255
-0.00144074
0.00341592
0.00300311
-0.00107738
-0.0112338
-0.0207402
-0.0160272
-0.00202152
0.00608484
0.000790157
-0.00723766
-0.0180273
-0.020146
-0.00780105
0.00133145
-0.287839
-0.259692
-0.225636
-0.173479
-0.116222
-0.0464184
0.00401511
-0.0225142
-0.114337
-0.177435
-0.179413
-0.145405
-0.102475
-0.0638618
-0.0368082
-0.0197947
-0.00892615
-0.00897317
-0.0277604
-0.0446937
-0.0538395
-0.0819474
-0.108958
-0.10128
-0.0705379
-0.0519759
-0.0385177
-0.0281105
-0.0277986
-0.0335086
-0.0360592
-0.03501
-0.0223398
-0.011852
-0.0172551
-0.0257
-0.0239441
-0.0190919
-0.0234839
-0.0368931
-0.0409713
-0.0267408
-0.0146222
-0.0151639
-0.0125103
-0.00107665
0.00389203
0.00340188
-0.00075995
-0.0111071
-0.0207789
-0.0160113
-0.00158821
0.0069118
0.00146483
-0.00708366
-0.0182362
-0.0203741
-0.00778641
0.00133355
-0.278412
-0.250443
-0.218254
-0.16905
-0.114831
-0.0498359
-0.00311738
-0.0261923
-0.109566
-0.16729
-0.169245
-0.137672
-0.0974168
-0.0606772
-0.0345117
-0.0178623
-0.00683441
-0.00687138
-0.0254159
-0.0420651
-0.0519619
-0.0808677
-0.109112
-0.101113
-0.0695561
-0.0505687
-0.0370032
-0.026981
-0.0273844
-0.033358
-0.0354904
-0.0340943
-0.0213599
-0.0110372
-0.0167891
-0.0251885
-0.0231052
-0.0182862
-0.0229577
-0.0365328
-0.0405217
-0.0262143
-0.0143565
-0.0152531
-0.0124541
-0.000697947
0.00436816
0.00379453
-0.000437853
-0.0109749
-0.0208171
-0.0159917
-0.00114365
0.00775042
0.00215086
-0.00692735
-0.0184497
-0.0206049
-0.00777267
0.00133581
-0.268923
-0.241422
-0.211049
-0.164755
-0.113537
-0.0531482
-0.00997328
-0.0296491
-0.104803
-0.157338
-0.159345
-0.130122
-0.0924352
-0.0575124
-0.0322058
-0.0158905
-0.00468205
-0.0046265
-0.0228425
-0.0391532
-0.0498528
-0.0795128
-0.108983
-0.100625
-0.0683921
-0.0490531
-0.0353923
-0.0257672
-0.0269261
-0.0331861
-0.0348855
-0.0331322
-0.0203395
-0.0101917
-0.0162933
-0.0246268
-0.0222106
-0.0174339
-0.0223975
-0.0361419
-0.0400282
-0.0256424
-0.0140589
-0.0153324
-0.012378
-0.000303074
0.00484421
0.00418073
-0.000110976
-0.0108373
-0.0208553
-0.0159684
-0.000687806
0.00859994
0.00284776
-0.00676862
-0.018667
-0.0208372
-0.0077597
0.00133818
-0.259422
-0.23264
-0.204024
-0.160579
-0.112305
-0.0562991
-0.0164663
-0.0328814
-0.100142
-0.147703
-0.149786
-0.122791
-0.0875465
-0.0543749
-0.0298941
-0.0138792
-0.00246804
-0.00223557
-0.0200257
-0.0359419
-0.0474917
-0.0778653
-0.10854
-0.0997928
-0.0670355
-0.0474257
-0.033683
-0.0244649
-0.0264186
-0.0329872
-0.0342401
-0.0321221
-0.0192796
-0.00931664
-0.0157656
-0.0240109
-0.0212567
-0.0165322
-0.0218005
-0.0357173
-0.0394869
-0.0250212
-0.0137255
-0.0153978
-0.0122784
0.000109721
0.00532024
0.00456034
0.000220922
-0.0106942
-0.0208937
-0.0159412
-0.000220665
0.00945959
0.00355495
-0.00660723
-0.0188868
-0.0210695
-0.00774729
0.00134061
-0.249956
-0.224101
-0.197178
-0.156508
-0.111109
-0.0592472
-0.0225352
-0.0358944
-0.0956649
-0.138488
-0.140627
-0.115711
-0.0827645
-0.0512716
-0.0275805
-0.0118287
-0.000191736
0.000304348
-0.0169496
-0.0324154
-0.0448572
-0.0759117
-0.107752
-0.0985924
-0.0654768
-0.0456834
-0.0318738
-0.0230701
-0.0258562
-0.0327545
-0.0335498
-0.0310629
-0.0181818
-0.0084138
-0.0152043
-0.0233364
-0.0202399
-0.0155777
-0.0211637
-0.035255
-0.0388933
-0.0243468
-0.0133523
-0.015445
-0.0121514
0.000542406
0.00579653
0.00493349
0.000558244
-0.0105458
-0.020933
-0.01591
0.0002578
0.0103285
0.00427183
-0.00644291
-0.0191079
-0.0213
-0.0077352
0.00134302
-0.240561
-0.215806
-0.190512
-0.152529
-0.109924
-0.0619634
-0.0281413
-0.0386956
-0.0914319
-0.129767
-0.131908
-0.108903
-0.0781006
-0.0482087
-0.0252691
-0.00974015
0.00214699
0.00299623
-0.0135971
-0.0285576
-0.0419278
-0.0736442
-0.106587
-0.0970035
-0.0637074
-0.043824
-0.0299638
-0.0215784
-0.0252326
-0.0324805
-0.0328093
-0.0299537
-0.0170483
-0.00748561
-0.0146076
-0.022599
-0.0191563
-0.0145673
-0.0204835
-0.0347502
-0.0382425
-0.0236146
-0.0129352
-0.015469
-0.0119927
0.000997173
0.00627358
0.00530058
0.000901579
-0.0103919
-0.0209735
-0.0158748
0.000747607
0.0112058
0.00499768
-0.00627525
-0.0193283
-0.0215265
-0.00772312
0.00134526
-0.231274
-0.207752
-0.184021
-0.148632
-0.108731
-0.0644258
-0.0332645
-0.0412904
-0.0874806
-0.121584
-0.12365
-0.102382
-0.0735636
-0.0451915
-0.0229641
-0.00761505
0.00454756
0.00584311
-0.00994987
-0.0243536
-0.038683
-0.0710618
-0.105016
-0.0950088
-0.06172
-0.0418455
-0.0279525
-0.0199859
-0.0245405
-0.0321561
-0.0320132
-0.028794
-0.0158822
-0.00653523
-0.013974
-0.0217944
-0.0180022
-0.0134972
-0.0197559
-0.0341974
-0.0375286
-0.0228197
-0.0124699
-0.0154649
-0.011798
0.00147646
0.00675219
0.00566238
0.00125174
-0.0102325
-0.0210158
-0.0158353
0.00124876
0.0120905
0.0057317
-0.00610381
-0.0195462
-0.0217465
-0.00771071
0.00134719
-0.222121
-0.199933
-0.177702
-0.144808
-0.107514
-0.0666275
-0.0378995
-0.0436807
-0.0838276
-0.11396
-0.115862
-0.0961571
-0.0691606
-0.0422248
-0.0206699
-0.00545577
0.00700848
0.00884785
-0.0059893
-0.0197902
-0.0351044
-0.0681709
-0.103012
-0.092595
-0.0595091
-0.0397468
-0.0258404
-0.0182883
-0.0237719
-0.0317715
-0.0311556
-0.0275835
-0.0146874
-0.00556661
-0.0133018
-0.0209182
-0.0167736
-0.0123639
-0.0189764
-0.03359
-0.0367452
-0.0219566
-0.011952
-0.0154273
-0.0115625
0.00198297
0.00723345
0.00602005
0.00160979
-0.0100675
-0.0210603
-0.0157912
0.00176123
0.0129813
0.00647296
-0.00592803
-0.0197591
-0.0219571
-0.00769753
0.00134858
-0.213127
-0.192344
-0.171552
-0.141048
-0.106261
-0.0685613
-0.0420518
-0.0458646
-0.080472
-0.106893
-0.108542
-0.0902301
-0.064897
-0.0393128
-0.0183907
-0.00326547
0.00952707
0.0120128
-0.00169697
-0.0148574
-0.0311771
-0.0649859
-0.100551
-0.0897529
-0.057071
-0.0375275
-0.0236284
-0.0164819
-0.0229181
-0.0313152
-0.0302301
-0.0263226
-0.0134686
-0.00458443
-0.0125898
-0.019966
-0.0154665
-0.0111634
-0.0181399
-0.0329207
-0.0358849
-0.0210197
-0.0113774
-0.0153504
-0.0112813
0.00251968
0.00771881
0.00637524
0.00197709
-0.00989653
-0.0211074
-0.0157422
0.00228498
0.0138771
0.00722035
-0.0057473
-0.0199642
-0.022155
-0.00768309
0.00134919
-0.204311
-0.184977
-0.165567
-0.137346
-0.104961
-0.070226
-0.0457342
-0.0478384
-0.0774001
-0.100366
-0.101679
-0.0845999
-0.0607766
-0.0364595
-0.0161312
-0.00104829
0.0120992
0.0153394
0.00294378
-0.00955089
-0.0268917
-0.0615288
-0.0976128
-0.0864786
-0.0544045
-0.035188
-0.0213183
-0.0145628
-0.0219691
-0.0307747
-0.0292298
-0.025012
-0.0122315
-0.00359411
-0.0118363
-0.0189334
-0.014077
-0.00989158
-0.0172406
-0.0321809
-0.0349396
-0.0200026
-0.0107416
-0.0152284
-0.0109493
0.00308982
0.00821015
0.00673014
0.00235535
-0.00971934
-0.0211576
-0.0156878
0.00281988
0.0147763
0.00797257
-0.00556093
-0.0201587
-0.0223369
-0.00766685
0.00134873
-0.195691
-0.177826
-0.159742
-0.133696
-0.103607
-0.071624
-0.0489649
-0.0495975
-0.0745901
-0.0943522
-0.0952543
-0.0792616
-0.0568025
-0.0336683
-0.0138959
0.00119047
0.0147189
0.0188272
0.00794583
-0.00387337
-0.022247
-0.0578283
-0.0941827
-0.0827739
-0.0515106
-0.0327295
-0.0189128
-0.0125278
-0.0209143
-0.0301358
-0.0281474
-0.0236528
-0.0109828
-0.00260173
-0.0110401
-0.0178162
-0.012601
-0.00854422
-0.0162721
-0.0313615
-0.0339004
-0.018899
-0.0100406
-0.0150555
-0.0105614
0.00369697
0.0087098
0.00708758
0.00274668
-0.00953531
-0.0212112
-0.0156275
0.00336577
0.0156772
0.00872808
-0.00536823
-0.0203392
-0.0224988
-0.00764819
0.00134685
-0.187279
-0.170886
-0.154073
-0.130092
-0.102193
-0.0727605
-0.0517648
-0.0511381
-0.0720179
-0.0888194
-0.0892487
-0.074208
-0.0529767
-0.0309424
-0.0116893
0.00344424
0.0173781
0.0224732
0.0133151
0.00216189
-0.0172526
-0.053917
-0.0902513
-0.078647
-0.0483937
-0.0301542
-0.0164154
-0.0103737
-0.0197419
-0.0293826
-0.0269747
-0.0222462
-0.00972995
-0.00161388
-0.0101995
-0.0166099
-0.0110347
-0.00711696
-0.0152276
-0.030452
-0.0327576
-0.0177022
-0.00927065
-0.0148257
-0.0101122
0.00434495
0.00922062
0.00745109
0.00315362
-0.00934364
-0.0212683
-0.0155606
0.00392236
0.0165776
0.00948506
-0.00516846
-0.020502
-0.0226366
-0.0076264
0.00134319
-0.179086
-0.164149
-0.148557
-0.126541
-0.100715
-0.0736426
-0.0541568
-0.0524581
-0.0696553
-0.0837315
-0.08364
-0.06943
-0.049301
-0.0282849
-0.00951611
0.00570488
0.0200661
0.0262698
0.0190464
0.00852782
-0.0119334
-0.0498286
-0.085816
-0.0741131
-0.0450611
-0.0274653
-0.0138303
-0.0080982
-0.018439
-0.0284972
-0.025703
-0.0207936
-0.00848114
-0.000637415
-0.00931265
-0.0153103
-0.0093744
-0.00560534
-0.0140994
-0.0294412
-0.0315008
-0.0164052
-0.00842845
-0.0145332
-0.0095964
0.0050379
0.00974609
0.007825
0.00357927
-0.00914325
-0.0213289
-0.0154861
0.00448926
0.0174753
0.0102414
-0.00496094
-0.0206436
-0.0227463
-0.00760074
0.00133733
-0.171121
-0.157612
-0.143189
-0.12302
-0.0991689
-0.074279
-0.0561649
-0.0535578
-0.0674702
-0.0790519
-0.0784052
-0.0649175
-0.0457762
-0.0256988
-0.00738086
0.00796258
0.0227692
0.0302029
0.025117
0.0151794
-0.00633276
-0.045592
-0.0808818
-0.069195
-0.0415237
-0.024667
-0.0111627
-0.00569935
-0.0169917
-0.0274595
-0.024322
-0.0192958
-0.00724508
0.000320789
-0.00837761
-0.0139132
-0.00761655
-0.00400489
-0.0128794
-0.0283171
-0.0301189
-0.0150014
-0.00751122
-0.0141724
-0.00900886
0.00578023
0.0102903
0.00821451
0.00402728
-0.00893268
-0.0213926
-0.0154029
0.00506591
0.0183674
0.0109945
-0.00474502
-0.0207598
-0.0228234
-0.00757039
0.00132884
-0.16339
-0.15127
-0.137968
-0.119536
-0.0975542
-0.0746796
-0.0578132
-0.0544405
-0.0654386
-0.0747444
-0.0735219
-0.0606596
-0.0424033
-0.0231871
-0.00528834
0.0102056
0.0254704
0.0342494
0.0314797
0.0220495
-0.000516729
-0.041226
-0.0754613
-0.0639239
-0.0377963
-0.0217649
-0.00841854
-0.0031762
-0.0153847
-0.026247
-0.0228208
-0.0177533
-0.00603064
0.00125428
-0.00739188
-0.0124147
-0.00575796
-0.00231114
-0.0115591
-0.0270668
-0.0286002
-0.0134841
-0.00651691
-0.0137381
-0.00834444
0.00657664
0.0108582
0.00862582
0.004502
-0.00871002
-0.0214587
-0.0153096
0.00565158
0.0192505
0.0117415
-0.00452013
-0.0208467
-0.0228636
-0.00753448
0.00131727
-0.1559
-0.145118
-0.132889
-0.116089
-0.0958711
-0.0748556
-0.0591262
-0.0551117
-0.0635371
-0.0707751
-0.0689679
-0.0566451
-0.0391823
-0.0207527
-0.00324346
0.0124202
0.0281489
0.0383736
0.0380543
0.0290452
0.00542476
-0.0367334
-0.0695759
-0.0583389
-0.0338974
-0.0187655
-0.00560452
-0.000528759
-0.0136018
-0.0248348
-0.0211863
-0.0161652
-0.00484635
0.00215751
-0.00635249
-0.010811
-0.00379583
-0.000519781
-0.0101295
-0.025677
-0.0269326
-0.011847
-0.00544437
-0.0132257
-0.00759823
0.00743203
0.0114553
0.00906615
0.00500848
-0.00847281
-0.021526
-0.0152044
0.00624531
0.0201208
0.0124792
-0.00428582
-0.0209001
-0.0228627
-0.0074921
0.00130216
-0.148655
-0.139152
-0.127952
-0.112677
-0.0941209
-0.074819
-0.0601281
-0.055579
-0.0617447
-0.0671123
-0.0647222
-0.0528631
-0.0361133
-0.0183986
-0.00125147
0.0145906
0.0307803
0.0425242
0.044719
0.0360459
0.0113797
-0.0320974
-0.0632572
-0.0524873
-0.0298495
-0.0156767
-0.00272801
0.00224167
-0.0116252
-0.0231951
-0.0194039
-0.0145292
-0.00369978
0.00302644
-0.00525595
-0.00909866
-0.00172795
0.00137328
-0.00858135
-0.0241337
-0.025104
-0.0100844
-0.00429343
-0.0126309
-0.00676558
0.00835151
0.0120882
0.00954381
0.00555258
-0.00821794
-0.0215925
-0.0150852
0.00684592
0.0209738
0.0132037
-0.00404176
-0.0209161
-0.0228167
-0.00744232
0.00128307
-0.141656
-0.13337
-0.123152
-0.109301
-0.0923061
-0.0745827
-0.0608426
-0.0558514
-0.0600432
-0.0637266
-0.0607647
-0.0493027
-0.0331957
-0.0161278
0.000681903
0.0166996
0.0333365
0.0466321
0.051306
0.0429049
0.0172218
-0.027282
-0.056548
-0.0464251
-0.0256789
-0.0125076
0.000203004
0.00513225
-0.00943636
-0.0212975
-0.0174566
-0.0128402
-0.00259674
0.00385916
-0.0040981
-0.00727466
0.000447241
0.00337174
-0.00690527
-0.0224228
-0.0231018
-0.00819131
-0.0030651
-0.0119504
-0.00584219
0.00934029
0.0127643
0.0100683
0.00614103
-0.00794155
-0.0216556
-0.0149495
0.00745193
0.0218046
0.0139109
-0.00378779
-0.0208906
-0.0227219
-0.00738417
0.00125957
-0.134904
-0.127769
-0.118488
-0.105962
-0.0904301
-0.0741599
-0.0612932
-0.0559408
-0.0584169
-0.0605912
-0.0570765
-0.0459532
-0.0304282
-0.0139434
0.00255037
0.0187286
0.0357867
0.0506094
0.0576049
0.0494561
0.0228257
-0.0222394
-0.0495044
-0.0402164
-0.0214157
-0.00926891
0.00318001
0.00813829
-0.00701605
-0.0191091
-0.0153251
-0.0110904
-0.00154038
0.00465663
-0.00287412
-0.00533657
0.0027304
0.00547877
-0.005092
-0.02053
-0.0209141
-0.00616398
-0.00176166
-0.0111816
-0.00482415
0.0104037
0.0134916
0.0106501
0.00678143
-0.00763888
-0.0217116
-0.014794
0.00806159
0.0226075
0.0145962
-0.00352386
-0.0208199
-0.0225748
-0.0073167
0.00123128
-0.128402
-0.122345
-0.113959
-0.102661
-0.0884976
-0.0735644
-0.0615008
-0.0558591
-0.0568525
-0.0576816
-0.0536396
-0.0428047
-0.027809
-0.0118487
0.00434701
0.0206581
0.0380988
0.0543519
0.0633804
0.055526
0.028087
-0.0169259
-0.0421861
-0.033931
-0.0170926
-0.00597244
0.00619404
0.0112529
-0.00434466
-0.0165955
-0.0129872
-0.00926837
-0.000530107
0.00542328
-0.00157853
-0.00328271
0.00512115
0.00769681
-0.00313261
-0.0184415
-0.0185295
-0.0039999
-0.000386738
-0.0103227
-0.003708
0.0115468
0.0142794
0.011301
0.00748235
-0.00730423
-0.0217555
-0.0146152
0.00867283
0.0233766
0.0152548
-0.00325004
-0.0207003
-0.0223727
-0.00723902
0.00119789
-0.122147
-0.117098
-0.109563
-0.0994025
-0.0865137
-0.072811
-0.0614795
-0.0556185
-0.055339
-0.0549758
-0.050437
-0.0398475
-0.0253357
-0.00984711
0.00606442
0.0224694
0.0402406
0.0577469
0.0684041
0.0609516
0.0329399
-0.0113227
-0.0347034
-0.0276427
-0.0127449
-0.0026314
0.00923569
0.0144666
-0.00140307
-0.0137208
-0.0104181
-0.00735858
0.000439454
0.00616763
-0.000205279
-0.00111241
0.00761783
0.0100273
-0.00101876
-0.0161442
-0.0159373
-0.0016983
0.00105458
-0.00937278
-0.00249079
0.0127747
0.0151373
0.0120335
0.00825322
-0.00693082
-0.0217811
-0.0144088
0.00928328
0.024105
0.0158816
-0.00296652
-0.0205285
-0.0221131
-0.00715026
0.00115917
-0.11614
-0.112024
-0.105297
-0.096188
-0.0844847
-0.0719143
-0.0612651
-0.0552327
-0.0538675
-0.0524539
-0.0474529
-0.0370724
-0.0230052
-0.00794201
0.00769495
0.0241446
0.04218
0.0606842
0.0724948
0.0655991
0.0373628
-0.00545591
-0.0271695
-0.0214276
-0.0084085
0.000739823
0.0122952
0.0177669
0.00182627
-0.0104497
-0.0075903
-0.00534149
0.00137948
0.00690266
0.00125208
0.00117376
0.0102173
0.0124704
0.00125687
-0.013626
-0.0131288
0.000739576
0.00255578
-0.00833175
-0.00117012
0.0140921
0.0160758
0.012861
0.00910432
-0.0065108
-0.0217807
-0.0141697
0.00989029
0.0247859
0.0164713
-0.00267349
-0.0203015
-0.0217944
-0.00704966
0.00111497
-0.110377
-0.107123
-0.101162
-0.0930214
-0.0824174
-0.0708886
-0.0608719
-0.0547159
-0.0524309
-0.0500981
-0.0446722
-0.0344706
-0.0208139
-0.00613681
0.00923104
0.0256685
0.0438866
0.0630693
0.0755516
0.069378
0.0413643
0.000588867
-0.0197068
-0.0153593
-0.00411906
0.00412579
0.0153622
0.021138
0.00535794
-0.00674936
-0.00447456
-0.00319397
0.00230772
0.00764586
0.00280011
0.00357368
0.0129145
0.0150249
0.0037002
-0.0108766
-0.010097
0.00331011
0.00410897
-0.0072002
0.000255756
0.0155028
0.0171055
0.0137971
0.0100466
-0.00603525
-0.0217447
-0.0138924
0.0104909
0.0254121
0.0170186
-0.00237115
-0.0200166
-0.0214156
-0.00693656
0.00106526
-0.104857
-0.102394
-0.0971569
-0.0899065
-0.0803189
-0.0697486
-0.0603196
-0.0540822
-0.0510238
-0.0478925
-0.0420811
-0.0320336
-0.0187577
-0.00443462
0.0106657
0.0270291
0.0453333
0.0648392
0.0775681
0.0722483
0.0449558
0.0066682
-0.012446
-0.00950378
8.98379e-05
0.00751025
0.018426
0.0245603
0.00920152
-0.00259184
-0.00104082
-0.000890477
0.00324881
0.008419
0.00444512
0.00608339
0.0157027
0.0176874
0.00631523
-0.00788806
-0.00683783
0.00600692
0.00570496
-0.00597937
0.00178792
0.0170102
0.018237
0.0148555
0.0110914
-0.00549434
-0.0216621
-0.0135709
0.011082
0.0259763
0.0175185
-0.0020596
-0.0196715
-0.0209767
-0.0068105
0.00101015
-0.0995764
-0.0978346
-0.0932802
-0.0868476
-0.0781971
-0.0685088
-0.0596267
-0.0533451
-0.0496424
-0.0458231
-0.0396664
-0.0297535
-0.0168324
-0.00283804
0.011993
0.0282186
0.0464977
0.0659738
0.0786209
0.0742188
0.0481299
0.0126033
-0.00550966
-0.00391556
0.00418801
0.0108763
0.021475
0.0280105
0.0133591
0.00204738
0.00273956
0.00159489
0.00423407
0.00924734
0.00619279
0.00869674
0.0185726
0.0204525
0.00910347
-0.00464915
-0.00335096
0.00882049
0.00733352
-0.00467095
0.00342661
0.0186163
0.0194805
0.0160492
0.0122503
-0.0048775
-0.0215204
-0.0131986
0.0116602
0.0264713
0.0179662
-0.00173883
-0.0192646
-0.0204782
-0.00667118
0.000949881
-0.0945324
-0.0934449
-0.0895321
-0.0838492
-0.0760603
-0.0671757
-0.0588108
-0.0525181
-0.0482842
-0.0438776
-0.0374159
-0.0276225
-0.0150334
-0.00134889
0.0132083
0.0292337
0.0473636
0.0664964
0.0788404
0.0753423
0.0508587
0.0182159
0.00100091
0.00136532
0.00814976
0.0142069
0.0244967
0.0314613
0.0178219
0.00716407
0.00689036
0.00428536
0.00530029
0.0101584
0.00804709
0.0114051
0.0215125
0.0233121
0.0120631
-0.00117159
0.000359319
0.0117378
0.00898363
-0.00327689
0.00517119
0.0203217
0.0208447
0.0173898
0.013534
-0.00417388
-0.0213055
-0.0127686
0.012222
0.0268906
0.0183577
-0.00140866
-0.0187946
-0.0199219
-0.00651855
0.000884828
-0.0897214
-0.0892243
-0.0859126
-0.0809161
-0.0739177
-0.0657751
-0.0578889
-0.0516143
-0.0469479
-0.0420452
-0.0353186
-0.0256334
-0.0133563
3.19339e-05
0.0143087
0.0300757
0.0479278
0.0664561
0.0783771
0.0757082
0.0531129
0.023363
0.00701442
0.00631411
0.0119545
0.0174844
0.0274777
0.0348822
0.0225671
0.0127478
0.011426
0.00719767
0.00648767
0.0111801
0.0100099
0.0141969
0.024508
0.0262552
0.0151884
0.00254555
0.00428304
0.0147421
0.0106439
-0.00179937
0.00702
0.0221253
0.0223368
0.0188866
0.0149526
-0.00337281
-0.0210028
-0.0122743
0.0127641
0.0272282
0.0186893
-0.0010688
-0.0182614
-0.0193106
-0.00635282
0.000815527
-0.0851399
-0.0851724
-0.0824221
-0.0780531
-0.0717779
-0.0643153
-0.0568774
-0.0506463
-0.0456333
-0.0403166
-0.0333639
-0.023779
-0.0117965
0.00130459
0.015293
0.0307495
0.0482031
0.0659356
0.0773775
0.0754326
0.0548828
0.0279568
0.0124926
0.01092
0.0155865
0.0206916
0.030403
0.0382394
0.0275541
0.0187581
0.0163451
0.0103377
0.00783671
0.0123386
0.0120805
0.0170579
0.0275421
0.0292672
0.0184692
0.00649114
0.00840348
0.0178126
0.0123031
-0.000240596
0.00897006
0.0240238
0.0239608
0.0205456
0.0165138
-0.00246453
-0.0205973
-0.0117093
0.0132831
0.027479
0.0189587
-0.000718874
-0.0176656
-0.0186482
-0.00617454
0.000742649
-0.0807842
-0.0812892
-0.0790611
-0.075265
-0.0696497
-0.0628105
-0.0557926
-0.0496264
-0.0443409
-0.0386838
-0.0315424
-0.0220527
-0.0103494
0.00247029
0.0161618
0.0312634
0.0482133
0.0650645
0.0759763
0.074644
0.0561883
0.0319662
0.0174281
0.0151832
0.0190351
0.0238111
0.033256
0.0414977
0.0327202
0.0251218
0.0216235
0.0136962
0.00938419
0.013656
0.0142543
0.0199706
0.0305947
0.03233
0.0218897
0.0106462
0.0126962
0.0209244
0.0139509
0.00139722
0.0110169
0.0260111
0.0257172
0.0223686
0.0182226
-0.00144099
-0.0200752
-0.0110683
0.0137758
0.0276396
0.0191642
-0.000358586
-0.0170094
-0.0179398
-0.00598456
0.000666994
-0.0766507
-0.0775747
-0.0758306
-0.072557
-0.0675421
-0.061274
-0.0546494
-0.0485665
-0.0430724
-0.0371402
-0.0298454
-0.0204483
-0.00901066
0.00353125
0.0169178
0.0316282
0.0479906
0.0639232
0.074289
0.0734695
0.0570748
0.0354055
0.0218366
0.0191114
0.0222937
0.026826
0.0360192
0.0446209
0.0379778
0.0317273
0.0272053
0.0172458
0.0111588
0.0151477
0.0165229
0.0229143
0.033643
0.0354217
0.0254277
0.0149829
0.0171281
0.0240492
0.0155787
0.00311192
0.0131545
0.0280784
0.0276016
0.0243525
0.02008
-0.000296688
-0.0194241
-0.0103471
0.0142395
0.0277079
0.0193056
1.20542e-05
-0.0162966
-0.0171918
-0.00578411
0.000589474
-0.0727356
-0.0740292
-0.0727319
-0.0699341
-0.0654642
-0.0597184
-0.0534624
-0.0474778
-0.0418299
-0.0356802
-0.0282651
-0.0189598
-0.00777571
0.00449061
0.0175651
0.0318566
0.0475728
0.0625869
0.0724101
0.0720233
0.0576016
0.038317
0.0257482
0.0227167
0.0253592
0.02972
0.0386741
0.0475734
0.0432133
0.0384226
0.0329963
0.0209399
0.0131775
0.0168205
0.0188729
0.0258658
0.0366619
0.0385164
0.029054
0.0194635
0.0216575
0.0271555
0.0171803
0.00490195
0.0153749
0.0302135
0.0296041
0.0264883
0.0220823
0.000970423
-0.0186348
-0.00954347
0.0146719
0.027684
0.0193838
0.000392484
-0.0155328
-0.016412
-0.00557478
0.00051108
-0.0690358
-0.0706531
-0.0697665
-0.0674015
-0.0634249
-0.0581562
-0.0522452
-0.0463712
-0.040616
-0.0342994
-0.0267945
-0.0175814
-0.00664014
0.00535231
0.0181094
0.0319626
0.0469985
0.0611193
0.0704159
0.070402
0.0578313
0.0407555
0.0292003
0.0260137
0.028231
0.0324782
0.0412025
0.0503226
0.0482895
0.0450171
0.0388602
0.0247155
0.015443
0.0186711
0.0212865
0.0287996
0.0396242
0.0415843
0.0327324
0.0240405
0.0262338
0.0302103
0.0187531
0.00676522
0.017668
0.0324008
0.0317087
0.0287609
0.0242202
0.00235818
-0.0177021
-0.00865733
0.0150712
0.0275701
0.0194006
0.000781267
-0.0147257
-0.0156092
-0.00535848
0.000432855
-0.0655478
-0.067447
-0.0669365
-0.0649643
-0.0614334
-0.0565995
-0.0510111
-0.0452573
-0.0394339
-0.0329941
-0.0254273
-0.0163078
-0.00559953
0.00612098
0.0185573
0.0319608
0.0463039
0.0595737
0.0683679
0.0686836
0.0578235
0.0427787
0.0322326
0.0290173
0.0309107
0.035087
0.0435876
0.0528405
0.0530536
0.0512905
0.0446216
0.0285002
0.0179434
0.0206851
0.023741
0.0316881
0.0425017
0.0445917
0.036419
0.0286565
0.030799
0.0331802
0.0202988
0.00870038
0.0200218
0.034621
0.0338932
0.0311493
0.0264785
0.00385975
-0.0166256
-0.00769111
0.0154365
0.0273706
0.0193591
0.00117582
-0.0138852
-0.0147931
-0.00513743
0.000355851
-0.062269
-0.0644119
-0.064244
-0.0626278
-0.0594986
-0.0550599
-0.0497727
-0.0441459
-0.0382872
-0.0317619
-0.024158
-0.015134
-0.00464947
0.00680182
0.0189166
0.0318665
0.0455223
0.0579931
0.0663153
0.0669289
0.0576312
0.0444423
0.0348846
0.0317432
0.0334008
0.0375353
0.0458147
0.0551068
0.0573533
0.0570128
0.0500803
0.0322238
0.0206547
0.0228376
0.026209
0.034503
0.0452658
0.0475023
0.0400632
0.0332456
0.035289
0.0360338
0.0218239
0.0107064
0.0224216
0.0368514
0.0361294
0.0336269
0.028836
0.00546343
-0.0154104
-0.00664989
0.0157678
0.0270922
0.0192634
0.00157234
-0.0130229
-0.0139743
-0.00491411
0.000281089
-0.0591968
-0.0615488
-0.0616917
-0.0603973
-0.0576291
-0.0535489
-0.0485419
-0.0430469
-0.0371799
-0.0306008
-0.0229818
-0.0140553
-0.00378561
0.00740043
0.0191956
0.0316947
0.0446829
0.0564126
0.0642973
0.0651848
0.0573005
0.0457968
0.0371948
0.0342065
0.0357044
0.0398144
0.0478718
0.0571097
0.0610598
0.0619779
0.0550393
0.0358311
0.023541
0.0250954
0.0286601
0.0372162
0.0478885
0.0502777
0.0436085
0.0377354
0.0396367
0.0387434
0.0233397
0.0127817
0.0248504
0.0390659
0.0383843
0.0361623
0.0312662
0.00715279
-0.0140667
-0.00554125
0.0160657
0.0267439
0.0191184
0.00196591
-0.0121522
-0.0131635
-0.00469112
0.000209513
-0.0563292
-0.0588592
-0.0592825
-0.0582785
-0.0558337
-0.0520777
-0.0473307
-0.0419695
-0.0361161
-0.02951
-0.0218945
-0.0130673
-0.0030036
0.00792272
0.0194031
0.0314607
0.0438113
0.0548604
0.0623449
0.0634865
0.0568705
0.0468883
0.0391989
0.0364224
0.0378247
0.0419186
0.0497495
0.0588458
0.0640889
0.0660436
0.0593421
0.0392881
0.0265536
0.0274353
0.0310617
0.0398006
0.0503443
0.0528788
0.0469949
0.0420498
0.0437749
0.0412864
0.0248604
0.0149232
0.0272886
0.0412356
0.0406208
0.0387201
0.0337381
0.00890723
-0.0126091
-0.0043751
0.0163321
0.0263366
0.01893
0.0023508
-0.0112872
-0.0123714
-0.00447116
0.000141958
-0.0536646
-0.0563449
-0.0570199
-0.0562769
-0.054121
-0.050657
-0.04615
-0.0409229
-0.0351003
-0.028489
-0.0208929
-0.0121659
-0.0022992
0.00837476
0.019548
0.0311788
0.0429296
0.0533594
0.0604821
0.0618602
0.0563743
0.0477574
0.0409298
0.0384055
0.039765
0.0438449
0.051442
0.0603199
0.0664123
0.0691551
0.0629046
0.0425751
0.0296273
0.0297658
0.0333794
0.0422318
0.0526111
0.0552677
0.0501612
0.0461129
0.0476398
0.0436464
0.026401
0.0171242
0.0297137
0.0433297
0.0427984
0.041261
0.0362164
0.0107031
-0.0110559
-0.0031634
0.0165693
0.0258828
0.0187051
0.00272085
-0.0104419
-0.0116081
-0.00425688
7.91129e-05
-0.0512023
-0.0540081
-0.0549076
-0.0543984
-0.0524995
-0.0492974
-0.045011
-0.0399158
-0.0341373
-0.0275381
-0.019974
-0.0113476
-0.00166826
0.00876267
0.0196395
0.0308629
0.042057
0.0519278
0.0587277
0.0603254
0.0558395
0.0484404
0.0424178
0.0401705
0.0415288
0.0455927
0.0529477
0.0615455
0.0680666
0.0713639
0.0657249
0.0456698
0.0326795
0.0320468
0.0355803
0.044489
0.0546718
0.0574105
0.0530489
0.0498531
0.0511744
0.0458134
0.0279727
0.0193725
0.0321001
0.0453168
0.0448749
0.0437416
0.0386626
0.0125149
-0.00942799
-0.00192012
0.0167805
0.0253964
0.0184513
0.00307007
-0.00962945
-0.0108826
-0.00405082
2.15057e-05
-0.0489421
-0.0518515
-0.05295
-0.0526492
-0.050978
-0.0480094
-0.0439242
-0.0389571
-0.033232
-0.0266582
-0.0191359
-0.010609
-0.00110681
0.00909251
0.0196864
0.0305261
0.0412099
0.0505808
0.0570959
0.0588961
0.0552892
0.0489691
0.0436905
0.0417312
0.0431194
0.0471636
0.0542694
0.0625401
0.0691434
0.0728057
0.0678668
0.0485323
0.0356156
0.0342265
0.0376356
0.0465566
0.0565152
0.0592808
0.0556073
0.0532083
0.0543318
0.0477835
0.0295795
0.0216477
0.0344194
0.0471663
0.0468073
0.0461143
0.0410351
0.0143173
-0.00774758
-0.00066127
0.0169688
0.0248921
0.0181773
0.00339339
-0.00886008
-0.0102026
-0.00385531
-3.0507e-05
-0.0468846
-0.0498784
-0.0511519
-0.0510358
-0.0495648
-0.046803
-0.0428999
-0.0380551
-0.0323895
-0.0258507
-0.0183769
-0.00994727
-0.000611058
0.00937014
0.0196975
0.0301808
0.0404028
0.0493306
0.0555975
0.057583
0.0547426
0.0493715
0.044772
0.0431008
0.0445406
0.0485609
0.055414
0.0633241
0.0697658
0.0736531
0.0694292
0.0511109
0.0383458
0.0362606
0.0395223
0.0484238
0.0581369
0.0608628
0.0578009
0.0561319
0.0570797
0.0495566
0.0312134
0.023919
0.0366409
0.0488506
0.048553
0.0483284
0.0432905
0.0160859
-0.00603886
0.000595012
0.0171373
0.0243848
0.0178924
0.00368695
-0.00814764
-0.00957497
-0.00367249
-7.67329e-05
-0.0450313
-0.048093
-0.0495188
-0.0495649
-0.0482689
-0.0456885
-0.0419485
-0.0372185
-0.0316151
-0.0251177
-0.0176963
-0.00936009
-0.000177525
0.00960121
0.0196812
0.0298382
0.0396481
0.0481875
0.054241
0.0563937
0.0542161
0.0496717
0.0456839
0.0442915
0.0457961
0.049789
0.0563918
0.0639221
0.0700604
0.0740724
0.0705204
0.0533606
0.0408024
0.0381164
0.0412238
0.0500847
0.0595391
0.0621536
0.059612
0.0585993
0.0594042
0.0511354
0.032853
0.0261447
0.038732
0.050348
0.0500745
0.0503335
0.0453851
0.0177977
-0.00432907
0.00182772
0.0172888
0.0238893
0.0176061
0.00394827
-0.00749835
-0.00900473
-0.00350423
-0.000117127
-0.0433849
-0.0465
-0.0480569
-0.0482439
-0.047099
-0.044676
-0.0410799
-0.0364557
-0.0309146
-0.0244616
-0.0170938
-0.00884556
0.000196942
0.00979097
0.0196455
0.0295091
0.0389568
0.0471603
0.0530328
0.0553343
0.053723
0.0498906
0.0464449
0.0453144
0.0468898
0.0508531
0.0572148
0.0643615
0.0701366
0.0742026
0.0712444
0.0552597
0.0429466
0.0397714
0.0427292
0.0515367
0.060729
0.0631662
0.0610367
0.0606116
0.0613132
0.0525234
0.0344612
0.0282732
0.0406592
0.0516444
0.0513449
0.0520863
0.0472794
0.01943
-0.0026506
0.00301219
0.017425
0.0234193
0.0173281
0.0041761
-0.00691807
-0.00849593
-0.00335219
-0.000151767
-0.041949
-0.0451053
-0.0467731
-0.0470808
-0.0460644
-0.0437756
-0.0403044
-0.0357752
-0.0302937
-0.0238853
-0.0165699
-0.00840237
0.000515073
0.00994428
0.0195978
0.0292033
0.0383386
0.0462566
0.0519783
0.0544097
0.0532751
0.0500459
0.0470712
0.046179
0.0478254
0.0517586
0.0578957
0.0646718
0.0700796
0.0741503
0.0716942
0.056814
0.044766
0.0412119
0.0440324
0.0527801
0.0617175
0.0639287
0.062104
0.062197
0.0628351
0.053723
0.0359884
0.0302459
0.0423893
0.0527336
0.0523534
0.0535587
0.0489415
0.0209569
-0.00104447
0.0041204
0.0175465
0.0229878
0.0170677
0.00437025
-0.00641119
-0.00805168
-0.00321787
-0.000180817
-0.0407287
-0.043916
-0.0456755
-0.0460842
-0.0451747
-0.0429977
-0.039632
-0.0351855
-0.0297587
-0.0233926
-0.0161258
-0.00802986
0.000779076
0.0100655
0.0195451
0.0289298
0.0378027
0.0454836
0.0510828
0.0536244
0.0528822
0.0501526
0.0475763
0.0468933
0.0486059
0.0525104
0.0584466
0.064882
0.0699521
0.0739958
0.071949
0.0580485
0.0462648
0.0424285
0.0451296
0.0538162
0.062517
0.0644787
0.0628835
0.063406
0.064013
0.0547335
0.0373771
0.0320024
0.0438906
0.0536177
0.0531091
0.054743
0.0503499
0.0223453
0.000438862
0.00512089
0.0176527
0.0226064
0.0168335
0.00453116
-0.00598092
-0.00767452
-0.00310262
-0.000204501
-0.0397309
-0.0429405
-0.0447732
-0.0452636
-0.0444399
-0.0423527
-0.0390728
-0.0346955
-0.0293161
-0.0229875
-0.0157632
-0.00772807
0.000990532
0.0101583
0.0194935
0.0286969
0.0373574
0.0448485
0.0503514
0.0529831
0.052553
0.0502233
0.047971
0.0474632
0.0492337
0.0531124
0.0588778
0.0650177
0.0697994
0.0737996
0.0720741
0.058995
0.0474544
0.0434112
0.0460183
0.0546469
0.0631403
0.0648575
0.0634311
0.0642983
0.0648948
0.0555514
0.0385689
0.0334863
0.0451347
0.0543049
0.0536408
0.0556507
0.0514921
0.0235524
0.00174312
0.00598067
0.0177421
0.0222854
0.0166336
0.00465953
-0.0056299
-0.00736675
-0.00300772
-0.000223052
-0.0389636
-0.0421886
-0.0440765
-0.0446292
-0.0438708
-0.0418515
-0.0386374
-0.034314
-0.0289727
-0.0226748
-0.0154849
-0.00749787
0.00115028
0.0102257
0.0194487
0.0285122
0.0370111
0.0443589
0.0497901
0.052491
0.0522955
0.0502676
0.0482632
0.0478924
0.0497095
0.053567
0.0591971
0.0651
0.0696553
0.0736083
0.0721215
0.059683
0.0483453
0.0441706
0.0466955
0.0552738
0.063599
0.0651046
0.0637992
0.0649275
0.0655235
0.0561716
0.0395129
0.0346497
0.0460974
0.0548072
0.0539892
0.0563054
0.0523618
0.0245274
0.00282569
0.00666753
0.0178127
0.0220339
0.0164751
0.00475601
-0.0053609
-0.0071309
-0.00293446
-0.000236656
-0.0384383
-0.0416724
-0.0435974
-0.0441929
-0.0434786
-0.0415054
-0.0383361
-0.0340502
-0.0287358
-0.0224598
-0.0152944
-0.00734108
0.00125826
0.0102698
0.0194152
0.0283826
0.0367715
0.0440225
0.0494062
0.0521546
0.0521173
0.0502934
0.0484575
0.0481819
0.0500318
0.0538742
0.0594097
0.0651453
0.0695437
0.073457
0.0721312
0.0601354
0.0489437
0.0446893
0.0471556
0.055696
0.0639019
0.0652528
0.0640267
0.0653321
0.0659302
0.0565908
0.040171
0.0354541
0.0467571
0.0551372
0.0541954
0.05673
0.0529531
0.0252207
0.00358643
0.00714986
0.0178613
0.0218593
0.0163645
0.00482122
-0.005177
-0.00697005
-0.00288448
-0.000245401
-0.0381667
-0.0414056
-0.0433497
-0.0439672
-0.0432757
-0.041326
-0.0381799
-0.0339134
-0.0286132
-0.0223488
-0.0151962
-0.00726052
0.00131343
0.0102919
0.0193971
0.0283148
0.0366469
0.0438482
0.0492079
0.0519813
0.0520252
0.0503062
0.0485576
0.0483302
0.0501972
0.0540315
0.059517
0.0651654
0.0694829
0.0733682
0.0721286
0.0603662
0.0492503
0.0449561
0.0473912
0.0559079
0.0640529
0.0653252
0.064138
0.0655314
0.06613
0.0568044
0.0405176
0.0358703
0.0470921
0.0553035
0.0542945
0.0569369
0.0532546
0.0255905
0.00398689
0.00740025
0.0178848
0.0217676
0.016307
0.00485546
-0.00508059
-0.00688764
-0.00285984
-0.000249464
-0.237105
-0.242447
-0.247629
-0.252656
-0.257534
-0.262267
-0.266862
-0.271324
-0.275661
-0.279878
-0.283983
-0.287982
-0.291882
-0.295691
-0.299416
-0.303063
-0.306641
-0.310156
-0.313617
-0.31703
-0.320404
-0.323748
-0.327071
-0.330384
-0.333699
-0.337032
-0.3404
-0.343824
-0.347332
-0.350955
-0.354732
-0.358713
-0.362956
-0.367541
-0.372576
-0.378234
-0.384814
-0.392931
-0.403713
-0.421875
-0.227837
-0.233054
-0.238127
-0.24306
-0.247857
-0.252524
-0.257065
-0.261486
-0.265793
-0.269991
-0.274085
-0.278083
-0.281991
-0.285814
-0.28956
-0.293236
-0.296848
-0.300404
-0.303911
-0.307379
-0.310816
-0.314232
-0.317639
-0.321051
-0.324484
-0.327957
-0.331495
-0.335128
-0.338891
-0.342831
-0.347007
-0.351492
-0.356385
-0.361812
-0.367948
-0.375029
-0.383341
-0.393309
-0.40447
-0.421557
-0.218918
-0.223997
-0.228947
-0.233773
-0.238478
-0.243066
-0.247543
-0.251912
-0.256179
-0.260349
-0.264426
-0.268417
-0.272328
-0.276163
-0.27993
-0.283635
-0.287284
-0.290886
-0.294448
-0.297978
-0.301488
-0.304986
-0.308486
-0.312002
-0.31555
-0.31915
-0.322824
-0.326599
-0.330509
-0.334591
-0.338894
-0.343472
-0.348393
-0.353733
-0.359577
-0.366017
-0.3731
-0.38113
-0.389263
-0.403393
-0.210335
-0.215275
-0.220101
-0.224816
-0.229423
-0.233927
-0.238331
-0.242639
-0.246856
-0.250986
-0.255034
-0.259005
-0.262903
-0.266735
-0.270506
-0.274222
-0.277888
-0.281513
-0.285102
-0.288664
-0.292208
-0.295744
-0.299281
-0.302831
-0.306409
-0.310031
-0.313712
-0.317475
-0.321343
-0.325342
-0.329505
-0.333865
-0.338464
-0.343349
-0.348574
-0.354231
-0.360385
-0.367512
-0.374715
-0.387204
-0.202084
-0.206884
-0.211581
-0.216179
-0.22068
-0.22509
-0.22941
-0.233645
-0.237798
-0.241873
-0.245875
-0.249807
-0.253675
-0.257483
-0.261236
-0.264938
-0.268597
-0.272217
-0.275804
-0.279366
-0.28291
-0.286444
-0.289977
-0.293518
-0.297079
-0.300671
-0.30431
-0.308012
-0.311794
-0.31568
-0.319695
-0.32387
-0.328245
-0.332869
-0.337806
-0.343155
-0.348943
-0.35557
-0.361986
-0.372579
-0.194148
-0.198804
-0.203368
-0.207844
-0.212234
-0.216541
-0.220768
-0.224919
-0.228997
-0.233005
-0.236947
-0.240826
-0.244647
-0.248414
-0.252132
-0.255803
-0.259435
-0.26303
-0.266596
-0.270137
-0.273661
-0.277173
-0.280681
-0.284194
-0.287721
-0.291272
-0.294859
-0.298497
-0.3022
-0.305988
-0.309883
-0.313911
-0.318105
-0.322502
-0.327137
-0.332071
-0.337269
-0.34306
-0.348511
-0.357341
-0.186507
-0.191018
-0.195448
-0.199798
-0.204072
-0.208271
-0.212399
-0.216458
-0.220452
-0.224382
-0.228254
-0.232069
-0.235831
-0.239544
-0.243212
-0.246839
-0.250428
-0.253985
-0.257513
-0.261018
-0.264506
-0.267981
-0.27145
-0.27492
-0.278399
-0.281895
-0.285418
-0.288978
-0.292588
-0.29626
-0.300012
-0.303859
-0.30782
-0.311918
-0.316169
-0.320619
-0.325236
-0.330315
-0.335091
-0.342507
-0.179147
-0.183513
-0.187807
-0.192029
-0.196183
-0.20027
-0.204293
-0.208255
-0.212157
-0.216002
-0.219794
-0.223536
-0.227229
-0.230878
-0.234486
-0.238055
-0.241591
-0.245095
-0.248573
-0.252029
-0.255466
-0.25889
-0.262306
-0.265719
-0.269136
-0.272562
-0.276005
-0.279473
-0.282974
-0.286517
-0.290112
-0.293772
-0.297508
-0.301338
-0.305275
-0.309361
-0.313562
-0.318107
-0.322378
-0.328606
-0.172053
-0.176275
-0.180432
-0.184525
-0.188556
-0.192528
-0.196442
-0.200301
-0.204106
-0.20786
-0.211566
-0.215226
-0.218842
-0.222418
-0.225956
-0.229459
-0.23293
-0.236372
-0.239788
-0.243183
-0.246559
-0.249921
-0.253273
-0.256619
-0.259963
-0.263311
-0.266667
-0.270038
-0.27343
-0.276849
-0.280304
-0.283802
-0.287353
-0.29097
-0.294659
-0.298449
-0.302303
-0.306389
-0.310244
-0.31551
-0.165213
-0.169292
-0.173312
-0.177274
-0.181182
-0.185035
-0.188837
-0.192589
-0.196293
-0.199951
-0.203565
-0.207137
-0.21067
-0.214165
-0.217626
-0.221054
-0.224452
-0.227824
-0.231171
-0.234496
-0.237803
-0.241095
-0.244375
-0.247646
-0.250913
-0.254178
-0.257446
-0.260721
-0.264009
-0.267313
-0.270639
-0.273993
-0.27738
-0.280808
-0.284279
-0.28781
-0.291375
-0.295095
-0.298641
-0.303172
-0.158616
-0.162552
-0.166435
-0.170267
-0.17405
-0.177784
-0.181471
-0.185114
-0.188713
-0.19227
-0.195788
-0.199267
-0.202711
-0.20612
-0.209498
-0.212845
-0.216165
-0.219459
-0.22273
-0.22598
-0.229212
-0.232428
-0.23563
-0.238823
-0.242008
-0.245188
-0.248367
-0.251547
-0.254732
-0.257926
-0.261131
-0.264352
-0.267591
-0.270853
-0.274141
-0.277465
-0.280806
-0.284247
-0.287563
-0.29154
-0.152251
-0.156045
-0.159793
-0.163495
-0.167152
-0.170765
-0.174337
-0.177867
-0.181359
-0.184813
-0.188231
-0.191614
-0.194964
-0.198283
-0.201573
-0.204835
-0.208071
-0.211283
-0.214473
-0.217642
-0.220794
-0.22393
-0.227052
-0.230162
-0.233263
-0.236356
-0.239445
-0.242531
-0.245617
-0.248706
-0.251799
-0.254899
-0.258009
-0.261131
-0.264267
-0.267423
-0.270586
-0.273807
-0.276944
-0.280508
-0.146107
-0.149763
-0.153376
-0.156948
-0.16048
-0.163972
-0.167427
-0.170845
-0.174227
-0.177576
-0.180891
-0.184175
-0.187429
-0.190654
-0.193852
-0.197025
-0.200173
-0.203299
-0.206404
-0.20949
-0.212558
-0.21561
-0.218648
-0.221674
-0.224689
-0.227695
-0.230694
-0.233688
-0.236679
-0.239668
-0.242657
-0.245648
-0.248642
-0.251642
-0.254647
-0.257661
-0.260675
-0.263723
-0.266716
-0.269975
-0.140178
-0.143696
-0.147177
-0.15062
-0.154027
-0.157399
-0.160736
-0.164041
-0.167313
-0.170554
-0.173765
-0.176948
-0.180103
-0.183232
-0.186336
-0.189416
-0.192474
-0.195511
-0.198528
-0.201526
-0.204508
-0.207475
-0.210427
-0.213366
-0.216295
-0.219213
-0.222124
-0.225027
-0.227925
-0.230819
-0.23371
-0.236599
-0.239488
-0.242377
-0.245266
-0.248159
-0.251049
-0.253956
-0.25683
-0.259861
-0.134453
-0.137837
-0.141187
-0.144503
-0.147787
-0.151038
-0.154259
-0.157449
-0.160611
-0.163744
-0.16685
-0.16993
-0.172985
-0.176016
-0.179023
-0.182009
-0.184974
-0.18792
-0.190847
-0.193756
-0.19665
-0.199528
-0.202393
-0.205245
-0.208086
-0.210917
-0.213739
-0.216553
-0.21936
-0.222162
-0.224959
-0.227752
-0.230542
-0.23333
-0.236117
-0.238902
-0.241684
-0.244473
-0.247244
-0.250101
-0.128925
-0.132178
-0.135399
-0.13859
-0.141751
-0.144884
-0.147988
-0.151066
-0.154116
-0.157142
-0.160142
-0.163119
-0.166072
-0.169004
-0.171914
-0.174804
-0.177675
-0.180528
-0.183363
-0.186182
-0.188985
-0.191775
-0.194551
-0.197315
-0.200068
-0.202811
-0.205544
-0.208269
-0.210987
-0.213699
-0.216405
-0.219106
-0.221804
-0.224498
-0.227188
-0.229876
-0.232561
-0.235246
-0.237924
-0.240642
-0.123587
-0.12671
-0.129806
-0.132874
-0.135915
-0.13893
-0.14192
-0.144885
-0.147825
-0.150743
-0.153638
-0.156511
-0.159363
-0.162194
-0.165007
-0.1678
-0.170576
-0.173335
-0.176077
-0.178804
-0.181517
-0.184217
-0.186903
-0.189579
-0.192243
-0.194897
-0.197542
-0.200179
-0.202809
-0.205432
-0.208049
-0.210661
-0.213269
-0.215872
-0.218472
-0.221069
-0.223662
-0.226254
-0.228845
-0.231449
-0.11843
-0.121428
-0.1244
-0.127348
-0.130271
-0.133171
-0.136047
-0.138901
-0.141733
-0.144544
-0.147333
-0.150103
-0.152854
-0.155586
-0.1583
-0.160996
-0.163676
-0.166341
-0.16899
-0.171625
-0.174246
-0.176855
-0.179452
-0.182038
-0.184613
-0.187179
-0.189736
-0.192285
-0.194826
-0.197361
-0.199891
-0.202415
-0.204934
-0.20745
-0.209962
-0.212471
-0.214977
-0.217481
-0.219987
-0.222492
-0.113449
-0.116325
-0.119177
-0.122007
-0.124815
-0.127601
-0.130366
-0.13311
-0.135835
-0.13854
-0.141225
-0.143893
-0.146543
-0.149175
-0.151791
-0.154391
-0.156976
-0.159545
-0.162101
-0.164644
-0.167174
-0.169692
-0.172198
-0.174694
-0.17718
-0.179657
-0.182126
-0.184587
-0.18704
-0.189488
-0.19193
-0.194367
-0.196799
-0.199228
-0.201654
-0.204077
-0.206497
-0.208916
-0.211338
-0.213752
-0.108638
-0.111394
-0.11413
-0.116845
-0.11954
-0.122215
-0.12487
-0.127507
-0.130126
-0.132727
-0.13531
-0.137876
-0.140426
-0.14296
-0.145479
-0.147982
-0.150472
-0.152948
-0.15541
-0.157861
-0.160299
-0.162726
-0.165142
-0.167549
-0.169946
-0.172334
-0.174714
-0.177087
-0.179453
-0.181813
-0.184168
-0.186517
-0.188863
-0.191206
-0.193545
-0.195882
-0.198218
-0.200551
-0.20289
-0.205216
-0.103991
-0.106631
-0.109253
-0.111856
-0.114441
-0.117007
-0.119556
-0.122088
-0.124603
-0.127101
-0.129583
-0.13205
-0.134501
-0.136938
-0.13936
-0.141769
-0.144164
-0.146546
-0.148916
-0.151275
-0.153622
-0.155958
-0.158285
-0.160602
-0.16291
-0.165209
-0.167501
-0.169786
-0.172065
-0.174337
-0.176605
-0.178868
-0.181127
-0.183382
-0.185635
-0.187886
-0.190136
-0.192385
-0.194638
-0.196877
-0.0995009
-0.10203
-0.104541
-0.107035
-0.109513
-0.111973
-0.114418
-0.116847
-0.11926
-0.121658
-0.124041
-0.12641
-0.128764
-0.131105
-0.133432
-0.135747
-0.138049
-0.140339
-0.142618
-0.144885
-0.147142
-0.149388
-0.151626
-0.153854
-0.156073
-0.158285
-0.160489
-0.162686
-0.164877
-0.167062
-0.169243
-0.171418
-0.173591
-0.175759
-0.177926
-0.18009
-0.182254
-0.184416
-0.186583
-0.188735
-0.0951639
-0.0975842
-0.0999886
-0.102377
-0.104751
-0.107109
-0.109452
-0.11178
-0.114094
-0.116394
-0.11868
-0.120953
-0.123212
-0.125459
-0.127693
-0.129915
-0.132125
-0.134324
-0.136512
-0.13869
-0.140857
-0.143015
-0.145164
-0.147304
-0.149435
-0.151559
-0.153676
-0.155786
-0.15789
-0.159989
-0.162082
-0.164171
-0.166257
-0.168339
-0.170418
-0.172496
-0.174573
-0.176648
-0.178727
-0.180791
-0.0909746
-0.0932903
-0.0955913
-0.0978778
-0.10015
-0.102408
-0.104653
-0.106884
-0.109101
-0.111305
-0.113497
-0.115675
-0.117842
-0.119996
-0.122139
-0.12427
-0.12639
-0.1285
-0.130599
-0.132688
-0.134767
-0.136837
-0.138899
-0.140952
-0.142997
-0.145034
-0.147064
-0.149088
-0.151106
-0.153118
-0.155125
-0.157128
-0.159127
-0.161123
-0.163115
-0.165106
-0.167096
-0.169083
-0.171075
-0.17305
-0.086928
-0.0891428
-0.091344
-0.0935319
-0.0957065
-0.0978681
-0.100017
-0.102153
-0.104276
-0.106388
-0.108487
-0.110574
-0.11265
-0.114714
-0.116767
-0.11881
-0.120842
-0.122863
-0.124875
-0.126877
-0.12887
-0.130854
-0.132829
-0.134797
-0.136756
-0.138708
-0.140653
-0.142592
-0.144524
-0.146451
-0.148373
-0.15029
-0.152203
-0.154113
-0.156019
-0.157924
-0.159826
-0.161727
-0.16363
-0.165516
-0.0830213
-0.0851386
-0.0872434
-0.0893358
-0.0914159
-0.0934838
-0.0955398
-0.0975839
-0.0996163
-0.101637
-0.103647
-0.105645
-0.107632
-0.109609
-0.111575
-0.113531
-0.115476
-0.117412
-0.119338
-0.121256
-0.123164
-0.125063
-0.126954
-0.128837
-0.130713
-0.132581
-0.134442
-0.136297
-0.138145
-0.139988
-0.141826
-0.143659
-0.145487
-0.147312
-0.149133
-0.150951
-0.152768
-0.154581
-0.156397
-0.158194
-0.0792497
-0.0812731
-0.0832849
-0.0852852
-0.0872741
-0.0892516
-0.0912179
-0.093173
-0.0951171
-0.0970504
-0.0989729
-0.100885
-0.102786
-0.104678
-0.106559
-0.10843
-0.110292
-0.112144
-0.113987
-0.115821
-0.117646
-0.119463
-0.121272
-0.123073
-0.124866
-0.126652
-0.128431
-0.130203
-0.131969
-0.13373
-0.135484
-0.137234
-0.138979
-0.14072
-0.142457
-0.144191
-0.145923
-0.147651
-0.14938
-0.151089
-0.0756091
-0.0775423
-0.0794647
-0.0813763
-0.0832773
-0.0851675
-0.0870472
-0.0889165
-0.0907753
-0.0926238
-0.0944621
-0.0962903
-0.0981086
-0.0999171
-0.101716
-0.103505
-0.105285
-0.107056
-0.108818
-0.110571
-0.112316
-0.114052
-0.11578
-0.117501
-0.119214
-0.120919
-0.122618
-0.12431
-0.125996
-0.127675
-0.129349
-0.131018
-0.132681
-0.13434
-0.135995
-0.137646
-0.139294
-0.140938
-0.142582
-0.144206
-0.0720961
-0.0739427
-0.0757791
-0.0776055
-0.0794218
-0.0812281
-0.0830244
-0.0848107
-0.0865872
-0.0883539
-0.0901108
-0.0918581
-0.0935959
-0.0953243
-0.0970433
-0.0987532
-0.100454
-0.102146
-0.103829
-0.105504
-0.10717
-0.108828
-0.110478
-0.112121
-0.113755
-0.115383
-0.117003
-0.118617
-0.120224
-0.121825
-0.12342
-0.125009
-0.126593
-0.128172
-0.129746
-0.131316
-0.132883
-0.134445
-0.136006
-0.137546
-0.0687078
-0.0704711
-0.072225
-0.0739694
-0.0757043
-0.0774298
-0.0791458
-0.0808524
-0.0825495
-0.0842373
-0.0859158
-0.087585
-0.089245
-0.090896
-0.0925379
-0.0941709
-0.0957952
-0.0974107
-0.0990177
-0.100616
-0.102207
-0.103789
-0.105363
-0.10693
-0.108488
-0.11004
-0.111584
-0.113122
-0.114653
-0.116177
-0.117695
-0.119207
-0.120714
-0.122215
-0.123711
-0.125203
-0.12669
-0.128173
-0.129653
-0.131111
-0.0654394
-0.0671233
-0.0687982
-0.0704642
-0.0721212
-0.0737692
-0.0754081
-0.077038
-0.0786589
-0.0802708
-0.0818738
-0.0834678
-0.0850529
-0.0866293
-0.0881968
-0.0897557
-0.0913059
-0.0928477
-0.094381
-0.0959061
-0.097423
-0.0989318
-0.100433
-0.101926
-0.103411
-0.104889
-0.10636
-0.107824
-0.109281
-0.110731
-0.112175
-0.113613
-0.115044
-0.11647
-0.117891
-0.119306
-0.120716
-0.122122
-0.123524
-0.124904
-0.0622892
-0.0638973
-0.0654968
-0.0670877
-0.0686699
-0.0702436
-0.0718086
-0.0733649
-0.0749126
-0.0764516
-0.0779819
-0.0795036
-0.0810166
-0.0825211
-0.0840171
-0.0855045
-0.0869835
-0.0884542
-0.0899165
-0.0913707
-0.0928167
-0.0942548
-0.0956849
-0.0971073
-0.098522
-0.0999292
-0.101329
-0.102722
-0.104107
-0.105486
-0.106858
-0.108224
-0.109583
-0.110936
-0.112283
-0.113625
-0.114961
-0.116292
-0.117619
-0.118924
-0.0592544
-0.0607899
-0.0623172
-0.0638363
-0.0653472
-0.0668497
-0.0683439
-0.0698298
-0.0713073
-0.0727764
-0.074237
-0.0756893
-0.0771332
-0.0785687
-0.0799958
-0.0814147
-0.0828252
-0.0842274
-0.0856215
-0.0870075
-0.0883854
-0.0897553
-0.0911173
-0.0924715
-0.093818
-0.0951569
-0.0964883
-0.0978124
-0.0991293
-0.100439
-0.101742
-0.103038
-0.104328
-0.105611
-0.106888
-0.108159
-0.109424
-0.110683
-0.111938
-0.11317
-0.0563348
-0.0578006
-0.0592587
-0.0607089
-0.0621513
-0.0635857
-0.0650121
-0.0664304
-0.0678406
-0.0692427
-0.0706366
-0.0720223
-0.0733999
-0.0747692
-0.0761304
-0.0774833
-0.0788281
-0.0801648
-0.0814933
-0.0828138
-0.0841262
-0.0854307
-0.0867273
-0.088016
-0.089297
-0.0905703
-0.0918361
-0.0930943
-0.0943453
-0.0955889
-0.0968255
-0.0980551
-0.0992778
-0.100494
-0.101703
-0.102906
-0.104103
-0.105294
-0.10648
-0.107643
-0.0535255
-0.0549251
-0.0563173
-0.0577019
-0.0590789
-0.0604483
-0.0618099
-0.0631637
-0.0645097
-0.0658477
-0.0671778
-0.0684999
-0.069814
-0.07112
-0.072418
-0.0737079
-0.0749897
-0.0762635
-0.0775292
-0.0787869
-0.0800367
-0.0812785
-0.0825123
-0.0837383
-0.0849565
-0.086167
-0.0873698
-0.088565
-0.0897527
-0.0909331
-0.0921061
-0.0932719
-0.0944306
-0.0955824
-0.0967273
-0.0978655
-0.0989972
-0.100122
-0.101242
-0.102339
-0.0508253
-0.0521618
-0.0534911
-0.0548132
-0.056128
-0.0574353
-0.0587352
-0.0600275
-0.0613121
-0.0625889
-0.0638581
-0.0651194
-0.0663728
-0.0676183
-0.0688559
-0.0700855
-0.0713072
-0.0725209
-0.0737266
-0.0749243
-0.0761141
-0.0772959
-0.0784699
-0.0796359
-0.0807941
-0.0819444
-0.0830871
-0.084222
-0.0853493
-0.0864691
-0.0875814
-0.0886863
-0.0897839
-0.0908744
-0.0919577
-0.093034
-0.0941035
-0.095166
-0.0962228
-0.0972574
-0.0482321
-0.0495086
-0.0507782
-0.0520408
-0.0532963
-0.0545446
-0.0557856
-0.0570192
-0.0582454
-0.059464
-0.060675
-0.0618783
-0.0630739
-0.0642617
-0.0654417
-0.0666139
-0.0677781
-0.0689345
-0.0700829
-0.0712234
-0.0723559
-0.0734806
-0.0745973
-0.075706
-0.076807
-0.0779
-0.0789852
-0.0800627
-0.0811324
-0.0821945
-0.0832489
-0.0842958
-0.0853352
-0.0863673
-0.087392
-0.0884094
-0.0894198
-0.0904229
-0.0914199
-0.0923952
-0.0457441
-0.0469636
-0.0481764
-0.0493825
-0.0505817
-0.0517738
-0.0529589
-0.0541367
-0.0553073
-0.0564704
-0.0576261
-0.0587743
-0.0599149
-0.0610477
-0.0621729
-0.0632903
-0.0643999
-0.0655017
-0.0665955
-0.0676815
-0.0687596
-0.0698297
-0.0708919
-0.0719462
-0.0729926
-0.0740311
-0.0750617
-0.0760845
-0.0770994
-0.0781066
-0.079106
-0.0800977
-0.0810818
-0.0820584
-0.0830274
-0.083989
-0.0849432
-0.08589
-0.0868303
-0.0877497
-0.0433597
-0.0445252
-0.0456842
-0.0468366
-0.0479823
-0.0491212
-0.0502531
-0.051378
-0.0524958
-0.0536063
-0.0547094
-0.0558052
-0.0568934
-0.0579741
-0.0590472
-0.0601125
-0.0611702
-0.06222
-0.063262
-0.0642962
-0.0653225
-0.0663408
-0.0673513
-0.0683538
-0.0693484
-0.0703351
-0.0713138
-0.0722846
-0.0732475
-0.0742026
-0.0751498
-0.0760893
-0.0770209
-0.0779449
-0.0788612
-0.0797699
-0.080671
-0.0815645
-0.0824512
-0.0833178
-0.0410778
-0.042192
-0.0432999
-0.0444015
-0.0454965
-0.0465849
-0.0476665
-0.0487412
-0.0498088
-0.0508694
-0.0519227
-0.0529688
-0.0540074
-0.0550386
-0.0560622
-0.0570782
-0.0580866
-0.0590872
-0.06008
-0.0610651
-0.0620422
-0.0630115
-0.0639729
-0.0649263
-0.0658718
-0.0668093
-0.0677389
-0.0686605
-0.0695742
-0.0704799
-0.0713777
-0.0722676
-0.0731497
-0.0740239
-0.0748904
-0.0757491
-0.0766001
-0.0774432
-0.0782794
-0.0790963
-0.0388957
-0.0399616
-0.0410215
-0.0420751
-0.0431224
-0.0441631
-0.0451971
-0.0462243
-0.0472447
-0.048258
-0.0492642
-0.0502632
-0.0512549
-0.0522392
-0.0532161
-0.0541854
-0.0551471
-0.0561011
-0.0570473
-0.0579858
-0.0589165
-0.0598393
-0.0607542
-0.0616612
-0.0625603
-0.0634513
-0.0643344
-0.0652095
-0.0660766
-0.0669357
-0.0677869
-0.0686301
-0.0694653
-0.0702927
-0.0711121
-0.0719236
-0.0727274
-0.0735232
-0.0743118
-0.075082
-0.0368135
-0.0378342
-0.0388487
-0.0398571
-0.0408592
-0.0418549
-0.0428439
-0.0438263
-0.0448019
-0.0457706
-0.0467323
-0.0476868
-0.0486342
-0.0495742
-0.0505068
-0.0514319
-0.0523495
-0.0532595
-0.0541618
-0.0550564
-0.0559431
-0.0568221
-0.0576931
-0.0585562
-0.0594114
-0.0602587
-0.0610979
-0.0619291
-0.0627523
-0.0635675
-0.0643747
-0.0651739
-0.065965
-0.0667482
-0.0675234
-0.0682906
-0.0690499
-0.0698013
-0.0705452
-0.0712716
-0.0348299
-0.0358078
-0.0367797
-0.0377456
-0.0387052
-0.0396585
-0.0406053
-0.0415455
-0.0424789
-0.0434056
-0.0443253
-0.0452379
-0.0461435
-0.0470417
-0.0479327
-0.0488162
-0.0496922
-0.0505607
-0.0514215
-0.0522747
-0.0531201
-0.0539577
-0.0547874
-0.0556092
-0.0564231
-0.0572291
-0.058027
-0.058817
-0.0595989
-0.0603727
-0.0611386
-0.0618964
-0.0626461
-0.0633878
-0.0641215
-0.0648471
-0.0655648
-0.0662744
-0.0669765
-0.0676619
-0.0329469
-0.0338842
-0.0348157
-0.0357413
-0.0366607
-0.037574
-0.0384808
-0.0393812
-0.040275
-0.041162
-0.0420422
-0.0429154
-0.0437815
-0.0446405
-0.0454922
-0.0463366
-0.0471735
-0.0480029
-0.0488248
-0.049639
-0.0504455
-0.0512442
-0.0520351
-0.0528181
-0.0535932
-0.0543604
-0.0551196
-0.0558708
-0.056614
-0.0573491
-0.0580762
-0.0587952
-0.0595061
-0.0602089
-0.0609037
-0.0615905
-0.0622692
-0.0629398
-0.0636028
-0.06425
-0.0311616
-0.032061
-0.0329547
-0.0338425
-0.0347243
-0.0356
-0.0364694
-0.0373324
-0.0381889
-0.0390387
-0.0398818
-0.0407179
-0.0415471
-0.0423692
-0.0431841
-0.0439917
-0.044792
-0.0455848
-0.0463701
-0.0471477
-0.0479177
-0.04868
-0.0494345
-0.0501812
-0.05092
-0.0516508
-0.0523738
-0.0530887
-0.0537956
-0.0544944
-0.0551852
-0.055868
-0.0565427
-0.0572092
-0.0578677
-0.0585182
-0.0591605
-0.0597947
-0.0604212
-0.0610329
-0.0294742
-0.030338
-0.0311963
-0.0320487
-0.0328953
-0.0337359
-0.0345702
-0.0353983
-0.0362198
-0.0370349
-0.0378432
-0.0386447
-0.0394393
-0.0402269
-0.0410073
-0.0417805
-0.0425465
-0.043305
-0.0440561
-0.0447996
-0.0455355
-0.0462637
-0.0469842
-0.0476969
-0.0484017
-0.0490987
-0.0497877
-0.0504688
-0.0511419
-0.0518069
-0.0524639
-0.0531129
-0.0537538
-0.0543866
-0.0550113
-0.0556279
-0.0562365
-0.0568369
-0.0574295
-0.0580082
-0.0278845
-0.0287153
-0.0295405
-0.03036
-0.0311737
-0.0319814
-0.0327831
-0.0335785
-0.0343675
-0.03515
-0.0359259
-0.036695
-0.0374573
-0.0382127
-0.038961
-0.0397022
-0.0404361
-0.0411627
-0.0418818
-0.0425935
-0.0432976
-0.0439941
-0.0446829
-0.045364
-0.0460372
-0.0467027
-0.0473602
-0.0480098
-0.0486514
-0.049285
-0.0499106
-0.0505282
-0.0511377
-0.0517392
-0.0523325
-0.0529179
-0.0534951
-0.0540642
-0.0546255
-0.0551736
-0.0263929
-0.0271929
-0.0279873
-0.0287762
-0.0295593
-0.0303366
-0.0311078
-0.0318728
-0.0326315
-0.0333838
-0.0341295
-0.0348686
-0.0356009
-0.0363263
-0.0370448
-0.0377561
-0.0384603
-0.0391572
-0.0398467
-0.0405288
-0.0412034
-0.0418705
-0.0425299
-0.0431816
-0.0438256
-0.0444617
-0.04509
-0.0457105
-0.046323
-0.0469275
-0.0475241
-0.0481126
-0.0486931
-0.0492656
-0.0498301
-0.0503864
-0.0509348
-0.051475
-0.0520074
-0.0525274
-0.0249999
-0.0257713
-0.0265373
-0.0272978
-0.0280526
-0.0288016
-0.0295445
-0.0302814
-0.0310121
-0.0317364
-0.0324542
-0.0331654
-0.0338699
-0.0345676
-0.0352584
-0.0359421
-0.0366188
-0.0372882
-0.0379504
-0.0386052
-0.0392525
-0.0398923
-0.0405246
-0.0411492
-0.0417661
-0.0423753
-0.0429767
-0.0435702
-0.0441559
-0.0447336
-0.0453034
-0.0458653
-0.0464191
-0.046965
-0.0475028
-0.0480326
-0.0485544
-0.0490681
-0.0495739
-0.0500682
-0.0237063
-0.0244514
-0.0251912
-0.0259255
-0.0266541
-0.027377
-0.028094
-0.028805
-0.0295097
-0.0302082
-0.0309003
-0.0315858
-0.0322647
-0.0329369
-0.0336022
-0.0342606
-0.0349119
-0.035556
-0.036193
-0.0368226
-0.0374449
-0.0380597
-0.0386671
-0.0392668
-0.0398589
-0.0404433
-0.04102
-0.0415889
-0.0421499
-0.0427031
-0.0432484
-0.0437858
-0.0443153
-0.0448368
-0.0453503
-0.0458558
-0.0463534
-0.0468429
-0.0473246
-0.0477953
-0.0225134
-0.0232343
-0.02395
-0.0246603
-0.025365
-0.026064
-0.0267571
-0.0274443
-0.0281253
-0.0288002
-0.0294686
-0.0301307
-0.0307861
-0.0314349
-0.0320769
-0.032712
-0.0333401
-0.0339612
-0.0345751
-0.0351818
-0.0357811
-0.0363731
-0.0369577
-0.0375347
-0.0381042
-0.038666
-0.0392202
-0.0397666
-0.0403053
-0.0408362
-0.0413593
-0.0418745
-0.0423818
-0.0428811
-0.0433726
-0.0438561
-0.0443317
-0.0447993
-0.0452591
-0.0457085
-0.0214227
-0.0221217
-0.0228154
-0.0235038
-0.0241867
-0.0248639
-0.0255353
-0.0262008
-0.0268603
-0.0275136
-0.0281606
-0.0288013
-0.0294354
-0.0300629
-0.0306837
-0.0312977
-0.0319048
-0.0325049
-0.0330979
-0.0336838
-0.0342624
-0.0348337
-0.0353976
-0.0359541
-0.0365031
-0.0370446
-0.0375784
-0.0381046
-0.0386231
-0.0391339
-0.0396368
-0.040132
-0.0406194
-0.0410989
-0.0415705
-0.0420343
-0.0424902
-0.0429381
-0.0433783
-0.0438086
-0.0204361
-0.0211153
-0.0217892
-0.0224578
-0.023121
-0.0237785
-0.0244304
-0.0250763
-0.0257163
-0.0263502
-0.0269779
-0.0275992
-0.0282142
-0.0288225
-0.0294243
-0.0300193
-0.0306075
-0.0311887
-0.031763
-0.0323301
-0.0328902
-0.0334429
-0.0339884
-0.0345266
-0.0350573
-0.0355805
-0.0360962
-0.0366043
-0.0371048
-0.0375976
-0.0380827
-0.0385601
-0.0390297
-0.0394916
-0.0399456
-0.0403918
-0.0408302
-0.0412608
-0.0416835
-0.042097
-0.0195567
-0.0202181
-0.0208743
-0.0215253
-0.0221708
-0.0228108
-0.0234452
-0.0240737
-0.0246963
-0.0253129
-0.0259233
-0.0265275
-0.0271253
-0.0277166
-0.0283014
-0.0288795
-0.0294509
-0.0300154
-0.030573
-0.0311236
-0.0316672
-0.0322036
-0.0327327
-0.0332546
-0.0337691
-0.0342763
-0.034776
-0.0352681
-0.0357528
-0.0362298
-0.0366993
-0.0371611
-0.0376152
-0.0380615
-0.0385002
-0.0389311
-0.0393542
-0.0397696
-0.0401772
-0.040576
-0.0187865
-0.0194323
-0.020073
-0.0207084
-0.0213384
-0.021963
-0.0225819
-0.0231951
-0.0238025
-0.0244039
-0.0249992
-0.0255883
-0.0261712
-0.0267476
-0.0273176
-0.027881
-0.0284377
-0.0289877
-0.0295308
-0.0300671
-0.0305963
-0.0311185
-0.0316335
-0.0321413
-0.0326419
-0.0331352
-0.0336211
-0.0340996
-0.0345706
-0.0350341
-0.0354901
-0.0359385
-0.0363793
-0.0368125
-0.037238
-0.0376558
-0.0380659
-0.0384684
-0.0388631
-0.0392493
-0.0181313
-0.0187636
-0.0193907
-0.0200127
-0.0206293
-0.0212405
-0.0218462
-0.0224462
-0.0230403
-0.0236286
-0.0242109
-0.0247871
-0.025357
-0.0259207
-0.0264779
-0.0270286
-0.0275728
-0.0281103
-0.0286411
-0.029165
-0.029682
-0.0301921
-0.0306951
-0.031191
-0.0316798
-0.0321613
-0.0326356
-0.0331025
-0.0335621
-0.0340143
-0.034459
-0.0348962
-0.0353259
-0.0357481
-0.0361627
-0.0365697
-0.0369691
-0.0373609
-0.037745
-0.038121
-0.0175919
-0.0182129
-0.0188288
-0.0194396
-0.0200451
-0.0206452
-0.0212399
-0.0218289
-0.0224122
-0.0229897
-0.0235612
-0.0241267
-0.0246861
-0.0252393
-0.0257861
-0.0263266
-0.0268605
-0.0273879
-0.0279086
-0.0284226
-0.0289298
-0.0294301
-0.0299235
-0.0304099
-0.0308892
-0.0313614
-0.0318264
-0.0322842
-0.0327347
-0.0331779
-0.0336137
-0.0340421
-0.0344631
-0.0348766
-0.0352826
-0.0356811
-0.0360721
-0.0364554
-0.0368312
-0.0371992
-0.0171805
-0.0177921
-0.0183987
-0.0190002
-0.0195965
-0.0201875
-0.020773
-0.0213529
-0.0219273
-0.0224958
-0.0230585
-0.0236153
-0.024166
-0.0247106
-0.0252489
-0.025781
-0.0263067
-0.0268259
-0.0273385
-0.0278446
-0.028344
-0.0288366
-0.0293223
-0.0298012
-0.0302732
-0.0307381
-0.031196
-0.0316468
-0.0320905
-0.0325269
-0.0329561
-0.0333781
-0.0337927
-0.0341999
-0.0345998
-0.0349923
-0.0353773
-0.0357549
-0.036125
-0.0364874
-0.0168925
-0.0174977
-0.0180979
-0.0186931
-0.0192831
-0.0198679
-0.0204473
-0.0210211
-0.0215894
-0.022152
-0.0227089
-0.0232599
-0.0238049
-0.0243438
-0.0248767
-0.0254033
-0.0259236
-0.0264375
-0.026945
-0.0274459
-0.0279403
-0.028428
-0.0289089
-0.0293831
-0.0298504
-0.0303107
-0.0307642
-0.0312105
-0.0316499
-0.032082
-0.0325071
-0.0329249
-0.0333355
-0.0337388
-0.0341347
-0.0345234
-0.0349046
-0.0352785
-0.0356449
-0.0360038
-0.016751
-0.0173507
-0.0179455
-0.0185352
-0.0191199
-0.0196993
-0.0202735
-0.0208422
-0.0214055
-0.0219632
-0.0225152
-0.0230615
-0.023602
-0.0241366
-0.0246652
-0.0251877
-0.0257041
-0.0262144
-0.0267183
-0.0272159
-0.027707
-0.0281917
-0.0286699
-0.0291414
-0.0296063
-0.0300645
-0.0305159
-0.0309604
-0.0313981
-0.0318289
-0.0322527
-0.0326694
-0.0330791
-0.0334817
-0.0338772
-0.0342654
-0.0346465
-0.0350202
-0.0353867
-0.0357459
0.110276
0.0999514
0.089693
0.0795296
0.0690267
0.0583935
0.0477762
0.0371768
0.0266059
0.0160913
0.00565245
-0.00469819
-0.0149493
-0.0250901
-0.035111
-0.0450032
-0.0547588
-0.0643703
-0.0738308
-0.0831341
-0.0922742
-0.101246
-0.110044
-0.118664
-0.1271
-0.135343
-0.143365
-0.151101
-0.159164
-0.166804
-0.174108
-0.181212
-0.188145
-0.194898
-0.201466
-0.207849
-0.214051
-0.220075
-0.225922
-0.231598
0.105046
0.0945195
0.0837164
0.0737667
0.0636846
0.0534426
0.0432623
0.0331588
0.0231102
0.0131311
0.00323827
-0.00656026
-0.0162575
-0.0258458
-0.0353175
-0.0446662
-0.0538856
-0.0629699
-0.0719138
-0.0807126
-0.0893621
-0.0978585
-0.106199
-0.114384
-0.122414
-0.130302
-0.138069
-0.145745
-0.152824
-0.160002
-0.16703
-0.173852
-0.1805
-0.186986
-0.193307
-0.199461
-0.205452
-0.211282
-0.216955
-0.222472
0.0985765
0.0880393
0.077123
0.0674663
0.0579091
0.0481689
0.0384806
0.0289009
0.0193926
0.00995495
0.000603983
-0.00865203
-0.0178083
-0.0268588
-0.0357974
-0.0446187
-0.0533178
-0.0618902
-0.0703316
-0.0786385
-0.0868076
-0.0948363
-0.102722
-0.110464
-0.118061
-0.12551
-0.132797
-0.139909
-0.146768
-0.153689
-0.160416
-0.166931
-0.173287
-0.179499
-0.185565
-0.191481
-0.19725
-0.202876
-0.208361
-0.213707
0.0917467
0.0815405
0.0709197
0.0616722
0.0526531
0.0434366
0.0342386
0.0251576
0.01616
0.00723311
-0.00160932
-0.0103577
-0.0190082
-0.0275567
-0.0359983
-0.0443287
-0.052544
-0.0606408
-0.0686158
-0.0764663
-0.0841898
-0.091784
-0.099247
-0.106577
-0.113769
-0.120818
-0.127704
-0.134395
-0.140833
-0.14759
-0.154052
-0.160274
-0.166349
-0.172301
-0.178122
-0.183811
-0.189368
-0.194796
-0.200098
-0.205277
0.0850095
0.0752745
0.0650857
0.0562597
0.0477321
0.0390146
0.0302923
0.0216876
0.0131767
0.00473861
-0.00361772
-0.0118823
-0.0200518
-0.0281237
-0.0360943
-0.0439602
-0.0517185
-0.0593666
-0.0669019
-0.0743224
-0.0816261
-0.0888114
-0.0958767
-0.102821
-0.109643
-0.116344
-0.122931
-0.129425
-0.13586
-0.141826
-0.14789
-0.15387
-0.159702
-0.165406
-0.170991
-0.176459
-0.18181
-0.187045
-0.192168
-0.19718
0.0785758
0.0693267
0.0596163
0.051209
0.0431377
0.0348968
0.0266382
0.018493
0.0104472
0.00247553
-0.00541775
-0.0132232
-0.0209375
-0.028559
-0.0360853
-0.0435137
-0.0508418
-0.0580677
-0.0651895
-0.0722056
-0.0791145
-0.0859151
-0.0926062
-0.0991871
-0.105657
-0.112016
-0.118262
-0.124387
-0.130377
-0.136179
-0.142011
-0.147742
-0.153331
-0.158797
-0.164157
-0.169411
-0.174561
-0.179607
-0.184552
-0.189398
0.072477
0.0636942
0.0544828
0.0464962
0.0388584
0.0310736
0.0232651
0.0155628
0.00796098
0.00043321
-0.00701991
-0.01439
-0.0216736
-0.0288697
-0.0359766
-0.0429924
-0.0499152
-0.0567436
-0.0634761
-0.0701116
-0.0766489
-0.0830872
-0.0894255
-0.0956631
-0.101799
-0.107832
-0.113759
-0.119575
-0.125276
-0.130839
-0.13643
-0.141897
-0.147233
-0.152464
-0.157602
-0.162648
-0.1676
-0.17246
-0.17723
-0.181912
0.066715
0.0583821
0.0496752
0.0421083
0.0348853
0.0275355
0.02016
0.0128827
0.00570348
-0.0014029
-0.00843853
-0.0153962
-0.0222726
-0.029067
-0.0357783
-0.0424052
-0.0489461
-0.0554001
-0.061766
-0.0680431
-0.0742304
-0.0803275
-0.0863335
-0.0922479
-0.09807
-0.103799
-0.109433
-0.114969
-0.120402
-0.12572
-0.131037
-0.136258
-0.141365
-0.146376
-0.151303
-0.156148
-0.160909
-0.165588
-0.170186
-0.174705
0.0612965
0.0533993
0.0451899
0.0380347
0.0312084
0.024272
0.0173103
0.0104389
0.00366145
-0.00304557
-0.00968585
-0.0162534
-0.0227451
-0.0291604
-0.0354986
-0.0417589
-0.04794
-0.0540413
-0.060062
-0.0660015
-0.0718593
-0.0776348
-0.0833279
-0.0889381
-0.0944654
-0.0999098
-0.105272
-0.110555
-0.115763
-0.120901
-0.125853
-0.130814
-0.135714
-0.140523
-0.145249
-0.149898
-0.154474
-0.158975
-0.163405
-0.167763
0.0562232
0.0487461
0.0410191
0.0342628
0.0278148
0.0212708
0.014703
0.00821805
0.00182186
-0.00450709
-0.0107734
-0.0169723
-0.0231007
-0.0291583
-0.0351448
-0.0410596
-0.0469018
-0.0526708
-0.0583663
-0.0639878
-0.069535
-0.0750076
-0.0804054
-0.0857284
-0.0909766
-0.0961501
-0.101249
-0.106274
-0.111223
-0.116091
-0.120848
-0.125602
-0.130292
-0.134897
-0.139426
-0.143887
-0.148281
-0.15261
-0.156874
-0.161074
0.0514895
0.0444155
0.0371517
0.0307788
0.0246909
0.0185189
0.0123252
0.00620722
0.000172329
-0.00579906
-0.0117121
-0.0175627
-0.0233484
-0.0290687
-0.0347237
-0.0403129
-0.0458357
-0.0512918
-0.0566809
-0.0620028
-0.0672572
-0.072444
-0.0775631
-0.0826145
-0.0875981
-0.0925139
-0.0973614
-0.102141
-0.106851
-0.111494
-0.11606
-0.120623
-0.1251
-0.129494
-0.133826
-0.138102
-0.14232
-0.14648
-0.150581
-0.154626
0.0470849
0.0403968
0.0335751
0.0275688
0.0218232
0.0160034
0.0101641
0.00439406
-0.00129892
-0.00693248
-0.0125119
-0.018034
-0.0234963
-0.0288987
-0.0342413
-0.0395237
-0.0447457
-0.049907
-0.0550074
-0.0600467
-0.0650251
-0.0699423
-0.0747984
-0.0795934
-0.0843272
-0.0889998
-0.0936104
-0.098157
-0.102634
-0.107032
-0.111337
-0.115773
-0.120077
-0.12428
-0.128427
-0.132527
-0.136575
-0.140571
-0.144514
-0.148407
0.0429973
0.0366778
0.0302761
0.024619
0.0191982
0.0137116
0.0082076
0.00276672
-0.00260309
-0.00791773
-0.0131825
-0.0183947
-0.0235522
-0.028655
-0.0337032
-0.0386966
-0.0436351
-0.0485185
-0.0533468
-0.0581199
-0.0628378
-0.0675006
-0.0721084
-0.0766615
-0.0811599
-0.0856043
-0.0899956
-0.0943358
-0.0986304
-0.102888
-0.107119
-0.111137
-0.115198
-0.119239
-0.123224
-0.127156
-0.131038
-0.134875
-0.138664
-0.142408
0.0392132
0.0332452
0.0272415
0.0219159
0.0168028
0.0116308
0.00644369
0.00131386
-0.00375083
-0.00876464
-0.0137327
-0.0186528
-0.0235231
-0.0283436
-0.0331144
-0.0378355
-0.0425069
-0.0471284
-0.0517001
-0.056222
-0.0606942
-0.0651167
-0.0694899
-0.0738138
-0.0780888
-0.0823155
-0.0864942
-0.0906254
-0.0947089
-0.098741
-0.102716
-0.106614
-0.110515
-0.114388
-0.118208
-0.121977
-0.1257
-0.129382
-0.133021
-0.136619
0.0357188
0.0300853
0.0244576
0.0194461
0.014624
0.00974908
0.00486086
2.46076e-05
-0.00475224
-0.00948246
-0.0141709
-0.0188158
-0.0234155
-0.02797
-0.0324796
-0.0369441
-0.0413638
-0.0457384
-0.0500681
-0.0543529
-0.0585929
-0.0627884
-0.0669393
-0.0710461
-0.0751087
-0.0791276
-0.0831028
-0.0870343
-0.090922
-0.094765
-0.098563
-0.102304
-0.106036
-0.109732
-0.113382
-0.116989
-0.120556
-0.124086
-0.127578
-0.131034
0.0325
0.0271844
0.0219111
0.0171964
0.0126493
0.00805448
0.00344807
-0.00111136
-0.00561689
-0.0100799
-0.014505
-0.0188907
-0.0232356
-0.0275395
-0.0318029
-0.0360257
-0.040208
-0.0443498
-0.0484512
-0.0525122
-0.056533
-0.0605136
-0.0644543
-0.0683552
-0.0722164
-0.076038
-0.0798201
-0.0835626
-0.0872656
-0.0909287
-0.0945532
-0.0981337
-0.101711
-0.105241
-0.108727
-0.112176
-0.115592
-0.118975
-0.122325
-0.125641
0.0295426
0.0245287
0.0195888
0.0151543
0.0108667
0.00653574
0.00219475
-0.00210386
-0.00635381
-0.0105652
-0.0147423
-0.0188839
-0.0229888
-0.0270568
-0.0310883
-0.0350833
-0.0390419
-0.0429641
-0.0468499
-0.0506996
-0.0545132
-0.0582908
-0.0620325
-0.0657385
-0.069409
-0.0730439
-0.0766432
-0.0802066
-0.0837331
-0.0872201
-0.090663
-0.0940538
-0.0975109
-0.100898
-0.10423
-0.107529
-0.1108
-0.114042
-0.117253
-0.120434
0.0268327
0.0221047
0.0174779
0.0133074
0.00926461
0.00518201
0.00109082
-0.00296225
-0.00697156
-0.0109461
-0.0148898
-0.0188016
-0.0226805
-0.0265263
-0.0303393
-0.0341195
-0.0378672
-0.0415822
-0.0452647
-0.0489148
-0.0525326
-0.0561181
-0.0596716
-0.0631932
-0.0666831
-0.0701416
-0.073569
-0.076966
-0.0803337
-0.0836749
-0.0869938
-0.0902956
-0.0934862
-0.0966912
-0.0998829
-0.103044
-0.106176
-0.109279
-0.112356
-0.115406
0.0243567
0.0198994
0.0155662
0.0116441
0.00783184
0.00398293
0.000126676
-0.00369536
-0.00747823
-0.01123
-0.014954
-0.0186495
-0.0223156
-0.0259521
-0.0295592
-0.0331371
-0.0366858
-0.0402054
-0.0436959
-0.0471574
-0.05059
-0.0539938
-0.057369
-0.0607157
-0.0640341
-0.0673245
-0.0705872
-0.0738224
-0.0770306
-0.0802119
-0.0833648
-0.086487
-0.0895591
-0.0926292
-0.0956836
-0.09871
-0.101708
-0.10468
-0.107627
-0.11055
0.0221013
0.0178999
0.0138416
0.0101529
0.00655778
0.00292862
-0.000706808
-0.00431158
-0.00788144
-0.0114235
-0.0149409
-0.0184329
-0.0218986
-0.025338
-0.0287511
-0.0321383
-0.0354994
-0.0388344
-0.0421436
-0.0454268
-0.0486843
-0.0519161
-0.0551222
-0.0583029
-0.0614583
-0.0645884
-0.0676935
-0.0707737
-0.0738289
-0.0768591
-0.0798638
-0.0828423
-0.0857866
-0.0887218
-0.0916383
-0.0945298
-0.0973963
-0.10024
-0.103061
-0.10586
0.0200536
0.0160939
0.0122927
0.00882316
0.00543229
0.00200967
-0.00141829
-0.00481885
-0.00818842
-0.0115333
-0.0148563
-0.0181567
-0.0214339
-0.0246876
-0.027918
-0.0311252
-0.0343093
-0.0374703
-0.0406081
-0.0437229
-0.0468146
-0.0498834
-0.0529294
-0.0559525
-0.0589529
-0.0619307
-0.0648859
-0.0678186
-0.0707288
-0.0736165
-0.0764815
-0.0793236
-0.0821386
-0.084944
-0.0877292
-0.0904912
-0.0932313
-0.095951
-0.0986507
-0.10133
0.0182012
0.0144696
0.0109085
0.00764449
0.00444571
0.00121713
-0.00201601
-0.00522469
-0.00840598
-0.0115655
-0.0147056
-0.0178258
-0.0209254
-0.0240042
-0.0270625
-0.0301001
-0.0331172
-0.0361138
-0.0390898
-0.0420452
-0.0449802
-0.0478947
-0.0507888
-0.0536624
-0.0565157
-0.0593487
-0.0621614
-0.0649538
-0.0677259
-0.0704777
-0.0732091
-0.0759203
-0.0786094
-0.081293
-0.083953
-0.08659
-0.089208
-0.0918081
-0.0943904
-0.0969546
0.016532
0.0130155
0.0096785
0.00660706
0.00358882
0.000542479
-0.00250775
-0.00553622
-0.00854055
-0.0115258
-0.014494
-0.0174446
-0.020377
-0.0232912
-0.0261871
-0.0290649
-0.0319244
-0.0347658
-0.0375889
-0.0403937
-0.0431804
-0.0459488
-0.048699
-0.051431
-0.0541448
-0.0568403
-0.0595177
-0.0621768
-0.0648175
-0.0674393
-0.0700414
-0.0726228
-0.075181
-0.0777564
-0.0803007
-0.0828191
-0.08532
-0.0878053
-0.0902746
-0.0927274
0.0150345
0.0117207
0.00859264
0.00570152
0.00285288
-2.2357e-05
-0.00290094
-0.00576018
-0.00859827
-0.0114197
-0.0142261
-0.0170173
-0.0197924
-0.0225514
-0.0252945
-0.0280214
-0.0307324
-0.0334272
-0.0361058
-0.0387683
-0.0414146
-0.0440447
-0.0466587
-0.0492564
-0.0518379
-0.0544032
-0.0569525
-0.0594857
-0.0620031
-0.064505
-0.066992
-0.0694652
-0.0719254
-0.0743465
-0.0767647
-0.0791719
-0.0815631
-0.0839385
-0.0862988
-0.0886442
0.0136978
0.0105748
0.00764135
0.00491895
0.00222957
-0.000485065
-0.0032026
-0.00590299
-0.00858491
-0.0112523
-0.0139068
-0.0165478
-0.0191749
-0.0217879
-0.0243868
-0.0269716
-0.0295423
-0.0320988
-0.034641
-0.0371688
-0.0396824
-0.0421816
-0.0446663
-0.0471367
-0.0495926
-0.0520341
-0.0544613
-0.0568741
-0.0592727
-0.061657
-0.0640273
-0.066383
-0.0687233
-0.0710352
-0.0733441
-0.0756447
-0.0779306
-0.0802012
-0.0824573
-0.0846995
0.0125112
0.00956778
0.0068155
0.00425086
0.00171097
-0.000852949
-0.00341941
-0.00597073
-0.00850598
-0.0110287
-0.0135403
-0.0160402
-0.0185279
-0.0210033
-0.0234665
-0.0259172
-0.0283556
-0.0307814
-0.0331947
-0.0355953
-0.0379832
-0.0403584
-0.0427207
-0.0450702
-0.0474068
-0.0497305
-0.0520413
-0.054339
-0.0566237
-0.0588953
-0.0611537
-0.0633985
-0.0656292
-0.0678411
-0.0700466
-0.0722423
-0.0744248
-0.0765933
-0.0787487
-0.0808913
0.0114646
0.00869009
0.00610639
0.00368919
0.00128957
-0.00113296
-0.00355775
-0.00596919
-0.00836673
-0.0107536
-0.0131308
-0.0154979
-0.0178545
-0.0202004
-0.0225356
-0.02486
-0.0271735
-0.029476
-0.0317675
-0.0340478
-0.0363168
-0.0385746
-0.0408209
-0.0430557
-0.0452791
-0.0474908
-0.0496909
-0.0518792
-0.0540557
-0.0562204
-0.0583731
-0.0605136
-0.0626417
-0.0647548
-0.0668604
-0.0689556
-0.0710386
-0.0731091
-0.0751677
-0.0772145
0.0105485
0.00793266
0.00550572
0.00322626
0.0009582
-0.0013317
-0.00362367
-0.0059039
-0.00817217
-0.0104313
-0.0126823
-0.0149246
-0.0171578
-0.0193817
-0.0215964
-0.0238017
-0.0259974
-0.0281835
-0.0303599
-0.0325264
-0.034683
-0.0368296
-0.038966
-0.0410922
-0.0432081
-0.0453135
-0.0474085
-0.0494929
-0.0515666
-0.0536295
-0.0556816
-0.0577227
-0.0597526
-0.0617699
-0.06378
-0.0657795
-0.0677676
-0.0697443
-0.0717101
-0.073665
0.00975356
0.00728684
0.0050056
0.00285475
0.000710049
-0.00145549
-0.00362295
-0.00578013
-0.00792706
-0.0100663
-0.0121986
-0.0143236
-0.0164407
-0.0185498
-0.020651
-0.0227439
-0.0248286
-0.0269048
-0.0289726
-0.0310316
-0.0330819
-0.0351232
-0.0371555
-0.0391788
-0.0411927
-0.0431973
-0.0451925
-0.0471782
-0.0491541
-0.0511204
-0.0530767
-0.0550231
-0.0569592
-0.0588843
-0.0608034
-0.0627118
-0.0646089
-0.0664958
-0.0683726
-0.0702395
0.00907114
0.00674437
0.0045985
0.00256769
0.000538609
-0.00151035
-0.00356113
-0.00560294
-0.00763602
-0.00966269
-0.0116835
-0.0136981
-0.0157061
-0.0177072
-0.0197014
-0.0216885
-0.0236685
-0.025641
-0.0276062
-0.0295636
-0.0315134
-0.0334552
-0.035389
-0.0373146
-0.039232
-0.041141
-0.0430415
-0.0449333
-0.0468164
-0.0486906
-0.050556
-0.0524123
-0.0542595
-0.056097
-0.057931
-0.059752
-0.0615613
-0.0633614
-0.0651527
-0.0669349
0.00849285
0.00629739
0.00427725
0.00235843
0.000437668
-0.00150203
-0.00344349
-0.00537715
-0.00730344
-0.00922443
-0.0111406
-0.0130515
-0.0149568
-0.0168562
-0.0187498
-0.0206372
-0.0225184
-0.0243932
-0.0262615
-0.028123
-0.0299777
-0.0318255
-0.033666
-0.0354993
-0.0373252
-0.0391435
-0.0409541
-0.0427568
-0.0445515
-0.046338
-0.048116
-0.0498852
-0.0516454
-0.053397
-0.0551521
-0.056892
-0.0586182
-0.0603354
-0.0620451
-0.0637467
0.00801073
0.00593842
0.00403499
0.0022206
0.00040129
-0.00143605
-0.00327511
-0.00510745
-0.00693359
-0.00875541
-0.0105733
-0.0123868
-0.0141955
-0.0159994
-0.0177981
-0.0195917
-0.0213798
-0.0231624
-0.0249393
-0.0267103
-0.0284753
-0.0302341
-0.0319865
-0.0337324
-0.0354718
-0.0372043
-0.0389299
-0.0406486
-0.0423602
-0.0440647
-0.0457621
-0.0474526
-0.0491361
-0.0508118
-0.0524651
-0.0541192
-0.0557706
-0.0574139
-0.0590477
-0.0606727
0.00761719
0.0056603
0.00386516
0.00214813
0.00042379
-0.00131769
-0.00306088
-0.00479829
-0.00653055
-0.00825934
-0.00998495
-0.011707
-0.013425
-0.0151389
-0.0168485
-0.0185537
-0.0202542
-0.0219499
-0.0236406
-0.0253261
-0.0270063
-0.0286811
-0.0303501
-0.0320134
-0.0336706
-0.0353218
-0.0369666
-0.038605
-0.0402368
-0.0418619
-0.04348
-0.0450908
-0.0466941
-0.0482893
-0.0498737
-0.0514548
-0.0530311
-0.0545995
-0.0561593
-0.0577109
0.00730497
0.0054562
0.00376153
0.0021352
0.000499721
-0.00115202
-0.00280547
-0.004454
-0.00609828
-0.00773984
-0.00937888
-0.011015
-0.0126479
-0.0142772
-0.015903
-0.0175249
-0.0191429
-0.0207567
-0.0223662
-0.0239711
-0.0255713
-0.0271666
-0.0287569
-0.0303419
-0.0319215
-0.0334955
-0.0350639
-0.0366263
-0.0381826
-0.0397327
-0.0412764
-0.0428135
-0.0443439
-0.0458673
-0.0473821
-0.0488916
-0.0503952
-0.0518915
-0.0533802
-0.0548613
0.00706716
0.00531961
0.00371808
0.00217624
0.000623856
-0.000943917
-0.00251342
-0.00407875
-0.00564063
-0.00720042
-0.00875828
-0.0103138
-0.0118666
-0.0134166
-0.0149635
-0.0165072
-0.0180475
-0.0195842
-0.0211171
-0.022646
-0.0241707
-0.0256911
-0.0272069
-0.028718
-0.0302242
-0.0317254
-0.0332213
-0.0347118
-0.0361967
-0.0376758
-0.039149
-0.0406161
-0.042077
-0.0435313
-0.0449781
-0.0464195
-0.0478548
-0.0492832
-0.0507045
-0.0521186
0.00689715
0.0052443
0.0037291
0.00226589
0.000791171
-0.000698074
-0.00218907
-0.00367657
-0.00516131
-0.00664451
-0.00812626
-0.00960619
-0.0110839
-0.0125593
-0.0140322
-0.0155023
-0.0169695
-0.0184336
-0.0198944
-0.0213517
-0.0228053
-0.0242549
-0.0257005
-0.0271419
-0.0285788
-0.030011
-0.0314384
-0.0328609
-0.0342782
-0.0356901
-0.0370965
-0.0384972
-0.0398921
-0.0412808
-0.0426629
-0.0440395
-0.0454101
-0.0467741
-0.0481313
-0.0494817
0.00678862
0.0052243
0.00378906
0.00239901
0.000996835
-0.000419018
-0.00183664
-0.00325137
-0.00466394
-0.00607542
-0.00748589
-0.00889495
-0.0103023
-0.0117077
-0.013111
-0.014512
-0.0159106
-0.0173064
-0.0186993
-0.0200891
-0.0214757
-0.0228587
-0.0242381
-0.0256136
-0.026985
-0.0283522
-0.029715
-0.0310731
-0.0324264
-0.0337748
-0.035118
-0.0364558
-0.0377881
-0.0391147
-0.0404352
-0.0417503
-0.0430596
-0.0443624
-0.0456589
-0.0469488
0.00673551
0.0052539
0.0038927
0.00257066
0.00123619
-0.000111115
-0.00146021
-0.00280695
-0.00415204
-0.00549642
-0.00684015
-0.00818283
-0.00952418
-0.010864
-0.012202
-0.0135382
-0.0148722
-0.0162038
-0.0175329
-0.0188593
-0.0201828
-0.0215031
-0.02282
-0.0241335
-0.0254432
-0.026749
-0.0280507
-0.0293481
-0.030641
-0.0319292
-0.0332126
-0.034491
-0.0357641
-0.0370318
-0.0382938
-0.0395508
-0.0408019
-0.0420468
-0.0432855
-0.044518
0.00673205
0.00532764
0.00403494
0.00277608
0.00150475
0.000221411
-0.00106374
-0.002347
-0.00362903
-0.00491069
-0.00619199
-0.00747255
-0.00875209
-0.0100304
-0.0113073
-0.0125825
-0.013856
-0.0151274
-0.0163966
-0.0176633
-0.0189274
-0.0201887
-0.0214469
-0.0227019
-0.0239535
-0.0252014
-0.0264455
-0.0276856
-0.0289215
-0.030153
-0.03138
-0.0326021
-0.0338193
-0.0350313
-0.0362379
-0.0374398
-0.0386359
-0.0398259
-0.04101
-0.0421879
0.00677268
0.00544026
0.00421089
0.00301069
0.00179817
0.000574473
-0.000651048
-0.00187509
-0.00309827
-0.00432135
-0.0055443
-0.00676678
-0.00798849
-0.00920923
-0.0104288
-0.011647
-0.0128637
-0.0140786
-0.0152915
-0.0165022
-0.0177106
-0.0189163
-0.0201193
-0.0213193
-0.0225161
-0.0237095
-0.0248994
-0.0260855
-0.0272676
-0.0284456
-0.0296194
-0.0307886
-0.0319532
-0.033113
-0.0342676
-0.0354181
-0.0365619
-0.0376994
-0.0388313
-0.0399575
0.00685211
0.00558672
0.00441587
0.00327005
0.00211227
0.000944111
-0.000225869
-0.00139473
-0.00256304
-0.00373146
-0.00489994
-0.00606816
-0.00723582
-0.00840274
-0.00956871
-0.0107335
-0.011897
-0.0130589
-0.0142191
-0.0153773
-0.0165333
-0.0176869
-0.018838
-0.0199863
-0.0211316
-0.0222737
-0.0234124
-0.0245476
-0.0256789
-0.0268063
-0.0279295
-0.0290483
-0.0301627
-0.0312725
-0.0323781
-0.0334814
-0.0345764
-0.035664
-0.0367464
-0.0378238
0.00696522
0.0057622
0.00464534
0.0035499
0.00244299
0.00132649
0.000208173
-0.000909334
-0.00202654
-0.00314403
-0.00426172
-0.00537932
-0.00649654
-0.00761318
-0.00872906
-0.00984397
-0.0109577
-0.0120701
-0.0131808
-0.0142898
-0.0153968
-0.0165016
-0.017604
-0.0187038
-0.0198008
-0.0208948
-0.0219856
-0.023073
-0.0241569
-0.025237
-0.0263132
-0.0273853
-0.028453
-0.0295161
-0.0305739
-0.0316233
-0.032671
-0.0337156
-0.0347544
-0.0357869
0.00710713
0.00596203
0.00489494
0.0038461
0.00278639
0.00171787
0.000647549
-0.000422229
-0.00149192
-0.00256201
-0.00363242
-0.00470286
-0.00577306
-0.00684283
-0.00791196
-0.00898027
-0.0100475
-0.0111136
-0.0121782
-0.0132411
-0.0143022
-0.0153613
-0.016418
-0.0174724
-0.018524
-0.0195728
-0.0206185
-0.021661
-0.0226999
-0.0237352
-0.0247666
-0.0257938
-0.0268168
-0.0278351
-0.0288488
-0.0298568
-0.0308614
-0.0318617
-0.0328568
-0.0338462
0.00727317
0.00618175
0.00516047
0.00415467
0.00313868
0.00211463
0.00108882
6.3324e-05
-0.000962247
-0.00198831
-0.00301478
-0.00404136
-0.00506782
-0.00609394
-0.00711953
-0.00814441
-0.00916836
-0.0101912
-0.0112127
-0.0122326
-0.0132508
-0.0142671
-0.0152813
-0.0162931
-0.0173023
-0.0183088
-0.0193123
-0.0203127
-0.0213098
-0.0223033
-0.0232931
-0.024279
-0.0252607
-0.0262382
-0.0272112
-0.0281791
-0.0291427
-0.0301016
-0.0310555
-0.032004
0.00745881
0.00641706
0.00543786
0.00447172
0.00349614
0.00251324
0.00152862
0.000544128
-0.00044057
-0.00142582
-0.00241152
-0.00339741
-0.00438324
-0.00536881
-0.00635393
-0.00733841
-0.00832204
-0.00930463
-0.010286
-0.0112659
-0.0122441
-0.0132205
-0.0141949
-0.015167
-0.0161367
-0.0171037
-0.0180678
-0.019029
-0.0199869
-0.0209413
-0.0218922
-0.0228392
-0.0237822
-0.0247211
-0.0256556
-0.0265852
-0.0275104
-0.028431
-0.0293465
-0.0302568
0.00765974
0.0066638
0.00572318
0.0047935
0.00385519
0.00291025
0.00196366
0.00101704
7.0119e-05
-0.000877384
-0.00182537
-0.00277357
-0.00372176
-0.00466974
-0.00561733
-0.00656432
-0.00751053
-0.00845575
-0.0093998
-0.0103425
-0.0112835
-0.0122228
-0.0131602
-0.0140953
-0.0150281
-0.0159583
-0.0168857
-0.0178102
-0.0187315
-0.0196495
-0.020564
-0.0214747
-0.0223815
-0.0232842
-0.0241827
-0.0250765
-0.0259658
-0.0268505
-0.0277303
-0.0286049
0.00787178
0.00691799
0.00601262
0.00511637
0.00421231
0.0033023
0.00239071
0.00147897
0.000566858
-0.00034584
-0.00125902
-0.00217243
-0.00308585
-0.00399909
-0.00491196
-0.00582427
-0.00673583
-0.00764644
-0.00855591
-0.00946404
-0.0103706
-0.0112755
-0.0121784
-0.0130793
-0.0139778
-0.0148738
-0.015767
-0.0166574
-0.0175447
-0.0184288
-0.0193093
-0.0201862
-0.0210593
-0.0219283
-0.0227932
-0.0236535
-0.0245094
-0.0253607
-0.0262071
-0.0270484
0.00809092
0.00717574
0.00630249
0.00543678
0.00456407
0.00368608
0.00280659
0.00192685
0.0010467
0.000165988
-0.000715186
-0.00159659
-0.002478
-0.00335923
-0.00424011
-0.00512043
-0.00600002
-0.00687867
-0.0077562
-0.00863242
-0.00950713
-0.0103801
-0.0112513
-0.0121203
-0.012987
-0.0138513
-0.014713
-0.0155717
-0.0164275
-0.01728
-0.0181291
-0.0189746
-0.0198163
-0.020654
-0.0214876
-0.0223168
-0.0231417
-0.0239619
-0.0247773
-0.0255877
0.0083133
0.00743333
0.00658921
0.00575124
0.00490711
0.00405833
0.00320814
0.00235764
0.00150673
0.00065527
-0.000196605
-0.00104868
-0.00190075
-0.00275262
-0.00360412
-0.00445506
-0.00530526
-0.00615453
-0.00700268
-0.00784952
-0.00869486
-0.00953851
-0.0103803
-0.01122
-0.0120575
-0.0128925
-0.0137248
-0.0145544
-0.015381
-0.0162043
-0.0170243
-0.0178408
-0.0186535
-0.0194623
-0.0202669
-0.0210673
-0.0218633
-0.0226548
-0.0234415
-0.0242232
0.00853519
0.00768712
0.00686925
0.00605638
0.00523814
0.00441585
0.00359226
0.00276833
0.00194399
0.00111915
0.000293962
-0.000531387
-0.00135669
-0.00218177
-0.00300644
-0.00383053
-0.00465386
-0.00547623
-0.00629747
-0.0071174
-0.00793581
-0.00875254
-0.00956739
-0.0103802
-0.0111907
-0.0119988
-0.0128043
-0.013607
-0.0144067
-0.0152033
-0.0159965
-0.0167862
-0.0175721
-0.0183542
-0.0191323
-0.0199061
-0.0206755
-0.0214405
-0.0222007
-0.022956
0.00875296
0.00793359
0.00713922
0.00634885
0.0055539
0.00475546
0.00395585
0.00315588
0.00235553
0.00155476
0.000753706
-4.74445e-05
-0.000848496
-0.00164927
-0.0024496
-0.0032493
-0.00404819
-0.00484611
-0.00564286
-0.00643826
-0.00723214
-0.00802432
-0.0088146
-0.00960281
-0.0103888
-0.0111723
-0.0119532
-0.0127313
-0.0135065
-0.0142785
-0.0150471
-0.0158123
-0.0165738
-0.0173315
-0.0180851
-0.0188345
-0.0195796
-0.0203202
-0.0210561
-0.0217872
0.00896312
0.00816931
0.00739576
0.00662536
0.00585115
0.00507399
0.00429579
0.00351724
0.00273836
0.00195915
0.00117974
0.000400311
-0.000378947
-0.00115786
-0.00193627
-0.00271399
-0.00349086
-0.00426669
-0.00504132
-0.00581456
-0.00658624
-0.00735619
-0.00812422
-0.00889015
-0.00965382
-0.010415
-0.0111736
-0.0119294
-0.0126823
-0.0134319
-0.0141783
-0.0149212
-0.0156604
-0.0163958
-0.0171272
-0.0178544
-0.0185773
-0.0192957
-0.0200096
-0.0207186
0.00916228
0.00839092
0.00763557
0.0068827
0.00612671
0.00536829
0.00460897
0.00384934
0.00308945
0.00232934
0.00156912
0.000808986
4.91051e-05
-0.000710353
-0.00146922
-0.00222734
-0.00298453
-0.00374063
-0.00449546
-0.00524885
-0.00600064
-0.00675064
-0.00749869
-0.00824461
-0.00898823
-0.00972938
-0.0104679
-0.0112036
-0.0119363
-0.0126659
-0.0133921
-0.0141149
-0.014834
-0.0155492
-0.0162605
-0.0169677
-0.0176706
-0.018369
-0.0190629
-0.019752
0.00934711
0.00859513
0.0078554
0.00711758
0.00637733
0.00563512
0.00489218
0.00414898
0.00340562
0.00266215
0.0019187
0.00117543
0.000432525
-0.000309866
-0.00105158
-0.00179245
-0.00253231
-0.003271
-0.00400835
-0.0047442
-0.00547838
-0.00621072
-0.00694106
-0.00766922
-0.00839505
-0.00911836
-0.00983901
-0.0105568
-0.0112716
-0.0119833
-0.0126916
-0.0133964
-0.0140975
-0.0147949
-0.0154883
-0.0161775
-0.0168625
-0.017543
-0.018219
-0.0188903
0.00951443
0.00877875
0.00805208
0.0073269
0.00659989
0.0058714
0.00514233
0.00441311
0.00368383
0.00295458
0.00222548
0.00149669
0.000768377
4.0695e-05
-0.0006862
-0.00141215
-0.002137
-0.00286058
-0.00358274
-0.00430332
-0.00502215
-0.00573907
-0.00645392
-0.00716655
-0.00787678
-0.00858446
-0.00928943
-0.00999152
-0.0106906
-0.0113865
-0.012079
-0.012768
-0.0134534
-0.0141349
-0.0148125
-0.0154859
-0.0161552
-0.01682
-0.0174802
-0.0181358
0.00966101
0.00893847
0.00822224
0.00750719
0.00679089
0.00607353
0.00535578
0.00463799
0.00392028
0.00320274
0.0024855
0.00176872
0.00105254
0.00033712
-0.000377389
-0.00109084
-0.00180307
-0.00251393
-0.00322327
-0.00393092
-0.00463675
-0.00534058
-0.00604227
-0.00674165
-0.00743858
-0.00813289
-0.00882444
-0.00951307
-0.0101986
-0.010881
-0.0115599
-0.0122353
-0.0129071
-0.013575
-0.0142389
-0.0148988
-0.0155543
-0.0162055
-0.0168522
-0.0174941
0.00978402
0.00907154
0.00836317
0.0076558
0.00694772
0.00623898
0.00553006
0.00482124
0.00411267
0.00340444
0.00269668
0.00198954
0.00128315
0.00057768
-0.000126745
-0.000829973
-0.00153186
-0.00223225
-0.00293101
-0.00362799
-0.00432303
-0.00501598
-0.00570671
-0.00639505
-0.00708087
-0.00776401
-0.00844433
-0.00912168
-0.00979591
-0.0104669
-0.0111344
-0.0117984
-0.0124588
-0.0131152
-0.0137677
-0.0144161
-0.0150604
-0.0157002
-0.0163354
-0.0169661
0.0098798
0.00917385
0.00847046
0.00776802
0.00706532
0.00636232
0.00565934
0.00495664
0.00425435
0.00355259
0.00285148
0.00215116
0.00145178
0.000753476
5.63833e-05
-0.000639354
-0.00133359
-0.0020262
-0.00271702
-0.00340591
-0.00409275
-0.00477737
-0.00545965
-0.00613943
-0.00681658
-0.00749096
-0.00816242
-0.00883083
-0.00949604
-0.0101579
-0.0108163
-0.0114712
-0.0121222
-0.0127695
-0.0134127
-0.0140517
-0.0146864
-0.0153168
-0.0159427
-0.016564
0.0099472
0.00924486
0.00854404
0.00784424
0.00714465
0.00644515
0.00574593
0.00504721
0.00434912
0.00365176
0.00295527
0.00225975
0.00156534
0.000872177
0.000180379
-0.000509919
-0.00119859
-0.00188549
-0.00257049
-0.00325347
-0.00393427
-0.00461278
-0.00528886
-0.00596237
-0.00663318
-0.00730115
-0.00796616
-0.00862806
-0.00928673
-0.00994204
-0.0105938
-0.011242
-0.0118865
-0.012527
-0.0131635
-0.013796
-0.0144244
-0.0150484
-0.0156677
-0.0162825
0.00997971
0.00927629
0.00857384
0.00787249
0.00717166
0.00647121
0.00577129
0.00507211
0.00437382
0.00367655
0.00298042
0.00228557
0.00159211
0.000900186
0.000209918
-0.000478566
-0.00116514
-0.00184967
-0.00253204
-0.00321212
-0.00388979
-0.00456492
-0.00523739
-0.00590707
-0.00657385
-0.00723761
-0.00789822
-0.00855557
-0.00920953
-0.00986
-0.0105068
-0.01115
-0.0117892
-0.0124246
-0.0130558
-0.0136829
-0.0143052
-0.0149234
-0.0155372
-0.0161465
0.132672
0.13323
0.134344
0.135928
0.137962
0.140399
0.143219
0.146394
0.149898
0.153696
0.157755
0.162027
0.166463
0.170994
0.175545
0.180015
0.1843
0.188253
0.191736
0.194541
0.196505
0.197332
0.196864
0.194665
0.190691
0.184185
0.175574
0.163063
0.148737
0.125778
0.132286
0.132831
0.133918
0.135463
0.137444
0.139815
0.142555
0.145631
0.149017
0.152675
0.156569
0.160648
0.164859
0.169128
0.173378
0.177503
0.181394
0.184902
0.187886
0.190136
0.191489
0.191655
0.19048
0.187542
0.182806
0.175557
0.166192
0.153101
0.138051
0.116958
0.131881
0.132412
0.13347
0.134973
0.136896
0.139195
0.141846
0.144815
0.148073
0.151582
0.1553
0.159175
0.163151
0.16715
0.171093
0.17487
0.178372
0.181446
0.183955
0.18569
0.186493
0.186083
0.184321
0.180803
0.175521
0.167793
0.158049
0.144842
0.129946
0.110485
0.131456
0.131972
0.132999
0.134457
0.13632
0.138543
0.141101
0.143958
0.147082
0.150434
0.153969
0.157632
0.161364
0.165084
0.16871
0.172131
0.175235
0.17787
0.179899
0.181118
0.181376
0.180401
0.178071
0.174001
0.168207
0.160059
0.149997
0.136783
0.12203
0.103468
0.13101
0.13151
0.132505
0.133917
0.135717
0.137862
0.140323
0.143065
0.146052
0.149242
0.15259
0.156036
0.159519
0.162956
0.166262
0.169323
0.172029
0.174226
0.175779
0.17649
0.176214
0.174692
0.171814
0.167223
0.160949
0.152428
0.142083
0.128886
0.114217
0.0963002
0.130543
0.131027
0.131989
0.133353
0.135087
0.137151
0.139513
0.142135
0.144981
0.148006
0.151162
0.154388
0.157619
0.16077
0.163754
0.166457
0.168766
0.17053
0.171618
0.171836
0.171048
0.169008
0.165618
0.160553
0.153852
0.145023
0.134458
0.121318
0.106783
0.0894739
0.130055
0.130521
0.131449
0.132762
0.13443
0.13641
0.138669
0.141168
0.14387
0.146726
0.149686
0.152688
0.155663
0.158526
0.161187
0.163532
0.165448
0.166788
0.167422
0.167165
0.165888
0.163362
0.159502
0.154013
0.146941
0.137869
0.127152
0.114118
0.0997798
0.0830591
0.129543
0.129993
0.130884
0.132146
0.133744
0.135638
0.137791
0.140164
0.142716
0.1454
0.148161
0.150934
0.153651
0.156224
0.158562
0.160551
0.16208
0.163003
0.163197
0.162484
0.160743
0.157764
0.153472
0.147607
0.14022
0.130961
0.120153
0.107266
0.0931678
0.07701
0.129009
0.12944
0.130294
0.131503
0.133029
0.134833
0.136877
0.139121
0.141521
0.144028
0.146586
0.149129
0.151586
0.153867
0.155883
0.157519
0.158666
0.159184
0.158951
0.157801
0.155624
0.152224
0.14754
0.141345
0.133693
0.1243
0.113454
0.100745
0.0869178
0.0713052
0.128451
0.128863
0.129679
0.130832
0.132285
0.133997
0.135929
0.13804
0.140285
0.142612
0.144964
0.147274
0.149468
0.151459
0.153154
0.154441
0.155214
0.155336
0.154693
0.153129
0.150541
0.146755
0.141717
0.135237
0.127368
0.117887
0.10705
0.0945487
0.0810178
0.0659409
0.127868
0.128261
0.129038
0.130133
0.13151
0.133127
0.134945
0.13692
0.139007
0.141151
0.143295
0.14537
0.147301
0.149001
0.150378
0.151322
0.151729
0.151469
0.150433
0.148476
0.145505
0.141366
0.136015
0.129292
0.121253
0.111726
0.100941
0.0886704
0.0754592
0.0609117
0.12726
0.127633
0.12837
0.129406
0.130705
0.132225
0.133926
0.135762
0.137687
0.139646
0.14158
0.143418
0.145087
0.146497
0.14756
0.148167
0.148218
0.14759
0.146179
0.143853
0.140528
0.13607
0.130442
0.123518
0.115351
0.105818
0.0951217
0.083104
0.0702316
0.056208
0.126627
0.12698
0.127674
0.12865
0.12987
0.13129
0.13287
0.134565
0.136327
0.138098
0.13982
0.141421
0.142828
0.143952
0.144705
0.144983
0.144689
0.143706
0.14194
0.139269
0.135619
0.130875
0.125008
0.117921
0.109667
0.100162
0.0895882
0.0778421
0.0653239
0.0518184
0.125968
0.126299
0.126951
0.127865
0.129002
0.130321
0.131779
0.133331
0.134926
0.136508
0.138017
0.139381
0.140527
0.141367
0.141816
0.141774
0.141147
0.139827
0.137725
0.134734
0.130787
0.12579
0.119721
0.112507
0.104203
0.0947576
0.0843352
0.0728767
0.0607249
0.0477308
0.125283
0.125592
0.1262
0.12705
0.128104
0.129319
0.130653
0.132058
0.133486
0.134878
0.136173
0.137301
0.138187
0.138749
0.1389
0.138547
0.1376
0.135959
0.133543
0.130256
0.126042
0.120823
0.114586
0.107279
0.0989594
0.0896028
0.0793572
0.0681995
0.056423
0.043933
0.124571
0.124858
0.125421
0.126206
0.127174
0.128283
0.129491
0.130749
0.132007
0.133208
0.134289
0.135182
0.135813
0.1361
0.135962
0.135308
0.134055
0.13211
0.129401
0.125845
0.121392
0.115982
0.109609
0.102243
0.0939379
0.0846951
0.0746479
0.0638017
0.0524066
0.0404122
0.123832
0.124096
0.124613
0.125331
0.126212
0.127214
0.128294
0.129403
0.130491
0.1315
0.132368
0.133028
0.133407
0.133426
0.133006
0.132063
0.130519
0.128289
0.125309
0.121508
0.116844
0.111273
0.104796
0.0973987
0.0891376
0.0800311
0.0702007
0.0596741
0.0486641
0.0371556
0.123065
0.123306
0.123776
0.124427
0.125219
0.126112
0.127062
0.128021
0.128938
0.129755
0.130412
0.130842
0.130973
0.13073
0.130039
0.128819
0.126999
0.124503
0.121274
0.117252
0.112406
0.106702
0.10015
0.0927492
0.0845571
0.0756066
0.0660082
0.0558074
0.0451836
0.0341503
0.122271
0.122488
0.12291
0.123492
0.124195
0.124978
0.125797
0.126605
0.12735
0.127977
0.128424
0.128626
0.128515
0.128019
0.127066
0.125582
0.123502
0.120759
0.117303
0.113085
0.108082
0.102274
0.0956733
0.0882947
0.0801943
0.0714168
0.0620631
0.0521917
0.0419534
0.0313836
0.121449
0.121642
0.122016
0.122528
0.123139
0.123811
0.124498
0.125155
0.12573
0.126166
0.126407
0.126386
0.126039
0.125296
0.124092
0.122358
0.120035
0.117064
0.113403
0.109014
0.10388
0.0979918
0.0913689
0.0840349
0.0760463
0.0674565
0.0583573
0.0488172
0.0389616
0.0288431
0.120599
0.120767
0.121092
0.121533
0.122053
0.122612
0.123168
0.123673
0.124078
0.124326
0.124362
0.124123
0.123546
0.122567
0.121124
0.119154
0.116604
0.113425
0.109581
0.105043
0.0998025
0.0938595
0.0872376
0.0799689
0.0721097
0.0637197
0.0548827
0.0456739
0.0361967
0.0265164
0.119721
0.119865
0.12014
0.12051
0.120937
0.121383
0.121807
0.122161
0.122396
0.122459
0.122295
0.121842
0.121044
0.119837
0.118167
0.115975
0.113217
0.109848
0.105842
0.101179
0.0958546
0.0898792
0.0832798
0.0760949
0.0683804
0.0602002
0.0516308
0.0427518
0.0336473
0.0243917
0.118816
0.118934
0.11916
0.119457
0.119791
0.120124
0.120416
0.120619
0.120687
0.120568
0.120207
0.119548
0.118535
0.117112
0.115226
0.112828
0.109878
0.10634
0.102193
0.0974247
0.0920394
0.0860526
0.0794952
0.0724106
0.0648537
0.0568914
0.048593
0.0400409
0.0313022
0.0224575
0.117883
0.117976
0.118151
0.118376
0.118617
0.118837
0.118996
0.119051
0.118954
0.118655
0.118102
0.117243
0.116025
0.114395
0.112308
0.109719
0.106593
0.102904
0.0986365
0.0937852
0.0883594
0.0823807
0.0758828
0.0689128
0.0615246
0.0537862
0.0457608
0.0375313
0.0291506
0.0207026
0.116924
0.116991
0.117115
0.117267
0.117415
0.117522
0.11755
0.117457
0.117198
0.116723
0.115985
0.114932
0.113518
0.111693
0.109417
0.106652
0.103369
0.0995475
0.0951785
0.0902636
0.0848165
0.0788636
0.072441
0.0655982
0.0583877
0.0508776
0.0431253
0.0352132
0.0271817
0.0191162
0.115938
0.115979
0.116053
0.116132
0.116186
0.116181
0.11608
0.115841
0.115422
0.114776
0.113858
0.11262
0.111019
0.109011
0.106559
0.103633
0.10021
0.0962739
0.0918223
0.0868624
0.0814118
0.0755011
0.0691677
0.0624628
0.0554372
0.0481582
0.0406778
0.0330771
0.0253853
0.0176882
0.114926
0.114942
0.114964
0.114971
0.114932
0.114816
0.114586
0.114205
0.11363
0.112818
0.111726
0.110311
0.108532
0.106352
0.10374
0.100668
0.0971203
0.0930876
0.0885713
0.0835837
0.0781461
0.072292
0.0660601
0.0595022
0.052667
0.0456205
0.0384098
0.0311133
0.0237514
0.0164084
0.113889
0.113879
0.113851
0.113785
0.113654
0.113428
0.113072
0.112551
0.111824
0.110851
0.109592
0.108008
0.106063
0.103724
0.100963
0.0977612
0.0941052
0.0899923
0.085428
0.0804289
0.0750194
0.069235
0.0631152
0.0567115
0.0500708
0.0432571
0.0363125
0.0293128
0.0222704
0.0152673
0.112829
0.112793
0.112714
0.112576
0.112354
0.112019
0.11154
0.110881
0.110007
0.108879
0.107461
0.105717
0.103616
0.101129
0.0982343
0.0949166
0.0911682
0.086991
0.0823946
0.0773991
0.0720312
0.0663281
0.0603293
0.0540859
0.0476424
0.0410603
0.0343776
0.0276666
0.020933
0.0142558
0.111745
0.111683
0.111555
0.111346
0.111034
0.110592
0.109992
0.1092
0.108183
0.106906
0.105336
0.103442
0.101195
0.098573
0.0955575
0.0921385
0.0883128
0.0840865
0.0794727
0.0744946
0.0691805
0.0635688
0.0576986
0.05162
0.0453751
0.0390227
0.0325967
0.0261658
0.0197301
0.0133652
0.110639
0.110553
0.110375
0.110096
0.109695
0.109149
0.10843
0.107509
0.106354
0.104935
0.103222
0.101187
0.0988055
0.0960601
0.0929371
0.0894308
0.0855422
0.081281
0.0766635
0.0717153
0.0664659
0.0609543
0.0552189
0.0493083
0.0432624
0.0371367
0.0309617
0.0248019
0.0186531
0.012587
0.109514
0.109402
0.109176
0.108827
0.10834
0.107692
0.106858
0.105812
0.104526
0.102971
0.101122
0.0989555
0.096451
0.0935944
0.0903768
0.0867967
0.0828588
0.0785762
0.0739677
0.0690606
0.0638856
0.0584814
0.0528857
0.0471452
0.0412975
0.0353949
0.0294644
0.0235667
0.0176938
0.0119132
0.10837
0.108234
0.10796
0.107543
0.106971
0.106223
0.105279
0.104113
0.102701
0.101018
0.0990418
0.096753
0.0941358
0.0911799
0.0878803
0.0842394
0.0802652
0.0759736
0.0713856
0.0665297
0.0614373
0.0561467
0.0506943
0.045125
0.0394738
0.0337899
0.0280972
0.0224523
0.0168442
0.0113362
0.10721
0.107049
0.106728
0.106246
0.10559
0.104747
0.103695
0.102414
0.100882
0.0990785
0.096984
0.0945831
0.091864
0.0888203
0.085451
0.0817615
0.0777631
0.0734739
0.0689168
0.0641212
0.0591185
0.0539464
0.04864
0.0432419
0.0377848
0.0323146
0.0268524
0.0214508
0.0160964
0.0108484
0.106035
0.10585
0.105484
0.104937
0.104201
0.103265
0.10211
0.10072
0.0990744
0.0971574
0.0949532
0.0924498
0.0896394
0.0865193
0.0830917
0.0793653
0.0753539
0.0710778
0.066561
0.0618334
0.0569264
0.0518765
0.0467176
0.0414899
0.0362238
0.0309618
0.0257227
0.0205548
0.0154433
0.0104429
0.104848
0.10464
0.104229
0.10362
0.102807
0.101781
0.100528
0.0990329
0.0972811
0.0952584
0.0929532
0.0903571
0.0874657
0.0842799
0.0808052
0.0770528
0.073039
0.0687854
0.0643171
0.0596642
0.0548577
0.049933
0.0449222
0.0398633
0.0347843
0.0297247
0.0247007
0.0197572
0.0148777
0.0101129
0.103651
0.103421
0.102967
0.102297
0.10141
0.100298
0.0989512
0.0973579
0.0955061
0.0933856
0.090988
0.0883085
0.0853464
0.0821054
0.0785939
0.0748258
0.070819
0.0665964
0.0621839
0.0576115
0.0529093
0.0481115
0.0432486
0.0383561
0.03346
0.0285964
0.0237797
0.0190509
0.0143928
0.00985189
0.102447
0.102195
0.1017
0.100972
0.100013
0.0988197
0.0973842
0.0956983
0.0937535
0.0915428
0.0890614
0.0863079
0.0832846
0.0799983
0.07646
0.0726855
0.0686943
0.0645105
0.06016
0.0556726
0.0510776
0.0464077
0.0416917
0.0369626
0.0322444
0.0275703
0.0229528
0.0184292
0.013982
0.00965373
0.10124
0.100967
0.100432
0.0996482
0.098621
0.0973499
0.0958307
0.0940582
0.0920272
0.0897341
0.0871773
0.0843587
0.0812836
0.0779613
0.0744053
0.070633
0.0666653
0.0625268
0.0582436
0.0538448
0.049359
0.044817
0.0402462
0.035677
0.0311315
0.0266401
0.0222135
0.0178858
0.0136392
0.00951243
0.100032
0.0997388
0.0991658
0.0983287
0.0972367
0.0958923
0.0942946
0.0924415
0.0903312
0.0879632
0.0853393
0.0824643
0.0793461
0.0759967
0.0724314
0.0686691
0.0647318
0.0606443
0.0564327
0.0521254
0.0477497
0.0433351
0.038907
0.0344937
0.0301153
0.0257995
0.0215556
0.0174144
0.0133582
0.00942231
0.0988266
0.0985143
0.097905
0.0970175
0.0958641
0.0944509
0.0927798
0.0908523
0.0886694
0.0862341
0.0835511
0.0806279
0.077475
0.0741066
0.0705396
0.0667944
0.0628935
0.0588618
0.0547252
0.0505112
0.046246
0.0419574
0.037669
0.033407
0.0291899
0.0250425
0.020973
0.017009
0.0131334
0.00937787
0.097628
0.0972974
0.0966537
0.0957185
0.0945074
0.0930297
0.0912907
0.0892946
0.0870461
0.0845507
0.0818161
0.0788525
0.0756728
0.0722929
0.0687313
0.0650092
0.0611498
0.0571778
0.0531188
0.0489992
0.044844
0.0406793
0.0365272
0.0324117
0.0283495
0.0243632
0.0204597
0.0166639
0.0129591
0.00937388
0.0964399
0.096092
0.0954159
0.0944358
0.0931708
0.0916331
0.0898314
0.0877729
0.0854651
0.0829166
0.0801378
0.0771413
0.0739419
0.0705573
0.0670072
0.0633137
0.0595
0.0555909
0.0516111
0.0475862
0.0435399
0.0394966
0.0354767
0.0315024
0.0275887
0.0237561
0.0200103
0.0163736
0.0128302
0.00940531
0.0952667
0.0949025
0.0941959
0.0931739
0.0918586
0.0902656
0.0884063
0.0862912
0.0839306
0.0813358
0.0785197
0.075497
0.0722846
0.0689014
0.0653683
0.0617079
0.0579434
0.0540994
0.0501998
0.0462691
0.0423299
0.0384047
0.0345127
0.030674
0.0269022
0.0232156
0.0196193
0.0161329
0.0127414
0.00946731
0.0941129
0.0937334
0.0929984
0.0919374
0.0905756
0.0889317
0.0870201
0.0848541
0.0824468
0.079812
0.076965
0.0739225
0.070703
0.0673267
0.0638153
0.0601916
0.056479
0.0527014
0.0488823
0.0450447
0.0412101
0.0373994
0.0336305
0.0299215
0.0262848
0.0227367
0.0192815
0.0159366
0.0126879
0.00955527
0.0929832
0.0925896
0.0918281
0.0907311
0.0893266
0.0876361
0.0856773
0.0834659
0.0810177
0.078349
0.075477
0.0724205
0.0691992
0.0658345
0.0623486
0.0587646
0.0551058
0.0513954
0.0476561
0.0439099
0.0401769
0.0364767
0.0328256
0.0292401
0.0257316
0.0223143
0.0189921
0.01578
0.0126651
0.00966473
0.0918827
0.0914759
0.0906902
0.0895601
0.0881165
0.0863839
0.0843826
0.0821311
0.0796476
0.0769505
0.0740591
0.0709936
0.0677753
0.0644261
0.0609689
0.0574269
0.0538228
0.0501796
0.0465189
0.0428617
0.0392268
0.0356325
0.0320936
0.0286254
0.0252378
0.0219437
0.0187461
0.0156584
0.0126684
0.00979142
0.0908168
0.0903979
0.0895898
0.0884296
0.0869505
0.0851801
0.0831411
0.0808545
0.0783407
0.0756204
0.0727145
0.0696447
0.0664332
0.0631029
0.0596768
0.056178
0.0526291
0.0490523
0.0454684
0.0418971
0.0383564
0.0348629
0.0314306
0.0280729
0.0247991
0.0216203
0.0185392
0.0155673
0.0126937
0.00993123
0.089791
0.089361
0.0885327
0.0873451
0.0858342
0.0840299
0.0819577
0.0796407
0.0771015
0.0743627
0.0714466
0.0683764
0.0651751
0.0618661
0.0584727
0.0550179
0.0515238
0.0480119
0.0445022
0.0410135
0.0375624
0.0341645
0.0308324
0.0275786
0.024411
0.0213398
0.018367
0.0155026
0.0127367
0.0100802
0.0888112
0.0883712
0.0875247
0.0863125
0.0847731
0.0829389
0.0808376
0.0784946
0.0759345
0.0731812
0.0702589
0.0671915
0.0640029
0.0607171
0.0573573
0.0539464
0.0505061
0.0470571
0.0436185
0.0402083
0.0368418
0.0335337
0.0302956
0.0271385
0.0240698
0.0210982
0.0182255
0.0154603
0.0127935
0.0102346
0.0878836
0.0874347
0.0865718
0.0853378
0.0837732
0.0819127
0.0797864
0.0774214
0.0748441
0.0720802
0.0691547
0.0660929
0.0629191
0.0596575
0.0563315
0.0529637
0.0495754
0.0461865
0.0428155
0.0394791
0.036192
0.0329676
0.0298166
0.026749
0.0237715
0.0208916
0.0181109
0.0154365
0.0128605
0.0103907
0.0870146
0.0865577
0.0856804
0.0844271
0.0828405
0.0809573
0.0788095
0.0764263
0.0738354
0.0710638
0.068138
0.0650836
0.0619258
0.0586889
0.0553963
0.0520701
0.0487314
0.0453993
0.0420915
0.0388239
0.0356104
0.0324632
0.0293924
0.0264069
0.0235127
0.0207164
0.0180194
0.0154276
0.012934
0.0105451
0.0862111
0.0857472
0.0848571
0.0835871
0.0819814
0.0800788
0.0779129
0.0755147
0.0729132
0.0701368
0.0672126
0.0641671
0.0610258
0.0578133
0.0545528
0.0512662
0.0479739
0.0446947
0.0414454
0.0382411
0.0350948
0.0320181
0.0290201
0.0261091
0.0232902
0.0205694
0.0179478
0.0154302
0.0130107
0.0106943
0.0854801
0.08501
0.084109
0.0828246
0.0812027
0.0792836
0.0771027
0.0746924
0.072083
0.0693037
0.0663827
0.0633469
0.0602221
0.057033
0.0538028
0.0505529
0.0473035
0.0440726
0.0408764
0.0377293
0.0346437
0.0316303
0.0286975
0.0258529
0.0231012
0.0204475
0.0178929
0.0154411
0.0130872
0.010835
0.0848289
0.0843536
0.0834433
0.0821468
0.0805112
0.0785785
0.0763854
0.0739656
0.0713504
0.0685699
0.0656529
0.062627
0.059518
0.0563507
0.0531482
0.0499317
0.0467208
0.043533
0.0403841
0.0372877
0.0342557
0.0312979
0.0284225
0.025636
0.0229431
0.0203481
0.0178518
0.0154574
0.0131606
0.0109642
0.0842652
0.0837855
0.0828676
0.0815611
0.0799144
0.0779706
0.0757678
0.0733406
0.0707214
0.0679409
0.0650284
0.0620118
0.0589173
0.0557697
0.0525917
0.0494044
0.0462271
0.0430768
0.0399687
0.0369161
0.03393
0.03102
0.0281934
0.0254567
0.0228138
0.0202686
0.0178219
0.0154763
0.0132278
0.0110788
0.083797
0.0833138
0.0823897
0.0810753
0.0794198
0.0774674
0.0752572
0.0728245
0.0702026
0.0674227
0.0645146
0.0615064
0.0584245
0.0552936
0.0521364
0.0489737
0.0458245
0.0427054
0.0396312
0.0366146
0.0336665
0.0307957
0.0280094
0.0253135
0.0227116
0.0202072
0.0178011
0.0154952
0.0132863
0.0111759
0.0834327
0.0829467
0.082018
0.0806977
0.0790356
0.0770768
0.0748611
0.0724247
0.069801
0.0670221
0.0641178
0.0611165
0.0580448
0.0549272
0.0517864
0.048643
0.0455157
0.0424209
0.039373
0.0363845
0.0334657
0.0306253
0.02787
0.0252055
0.0226352
0.0201623
0.0177873
0.015512
0.0133335
0.0112527
0.0831808
0.0826929
0.081761
0.0804368
0.0787704
0.0768073
0.074588
0.0721491
0.0695245
0.0667464
0.063845
0.0608487
0.0577841
0.0546759
0.0515465
0.0484166
0.0453045
0.0422266
0.0391969
0.0362276
0.033329
0.0305095
0.0277756
0.0251326
0.022584
0.0201326
0.017779
0.0155246
0.013367
0.0113068
0.0830504
0.0825614
0.0816278
0.0803016
0.078633
0.0766678
0.0744466
0.0720065
0.0693815
0.0666039
0.0637041
0.0607104
0.0576496
0.0545463
0.0514229
0.0483
0.0451958
0.0421266
0.0391063
0.0361471
0.0332589
0.0304502
0.0277273
0.0250955
0.022558
0.0201177
0.0177752
0.0155316
0.0133846
0.0113346
0.138678
0.139314
0.140611
0.142458
0.14485
0.147755
0.151162
0.155068
0.159468
0.164369
0.169781
0.175708
0.182186
0.189209
0.196796
0.204975
0.213754
0.223147
0.233213
0.243923
0.25532
0.267406
0.280208
0.293729
0.308002
0.322966
0.338696
0.355046
0.372202
0.389744
0.138652
0.139287
0.140583
0.142429
0.14482
0.147722
0.151127
0.155031
0.159428
0.164326
0.169734
0.175656
0.18213
0.189146
0.19672
0.204896
0.213664
0.223032
0.233096
0.243798
0.255185
0.267261
0.280062
0.293555
0.307787
0.322714
0.338405
0.354707
0.371813
0.38929
0.138618
0.139253
0.140548
0.142393
0.144782
0.147682
0.151084
0.154984
0.159378
0.164271
0.169674
0.175587
0.182053
0.189061
0.196613
0.204788
0.213558
0.222963
0.232961
0.243632
0.254988
0.267027
0.279782
0.293226
0.30741
0.322277
0.337896
0.354112
0.37112
0.388474
0.138578
0.139212
0.140506
0.142349
0.144736
0.147633
0.151032
0.154927
0.159317
0.164205
0.1696
0.175497
0.181955
0.188962
0.196551
0.204671
0.213411
0.222772
0.232753
0.243394
0.254713
0.266705
0.279403
0.292782
0.306891
0.321666
0.337179
0.353266
0.370129
0.387301
0.138532
0.139164
0.140457
0.142298
0.144682
0.147576
0.150971
0.154861
0.159246
0.164127
0.169513
0.175382
0.181876
0.188851
0.196398
0.204505
0.213222
0.22255
0.232501
0.243101
0.254369
0.266301
0.278928
0.292222
0.30623
0.320882
0.336254
0.35217
0.36884
0.385771
0.138478
0.13911
0.140401
0.14224
0.144621
0.147511
0.150901
0.154786
0.159165
0.164037
0.169412
0.17536
0.181747
0.188702
0.196227
0.204314
0.213002
0.222294
0.232204
0.242751
0.253957
0.265814
0.278352
0.291541
0.305423
0.319925
0.335121
0.350825
0.367256
0.383886
0.138419
0.139049
0.140338
0.142174
0.144552
0.147438
0.150823
0.154701
0.159073
0.163936
0.169323
0.175212
0.181597
0.188535
0.196038
0.204097
0.212749
0.221998
0.231859
0.242344
0.253477
0.265245
0.277677
0.290739
0.304472
0.318794
0.333781
0.349232
0.365377
0.381648
0.138352
0.138982
0.140269
0.142102
0.144476
0.147357
0.150735
0.154606
0.158972
0.163821
0.169196
0.17506
0.181435
0.188351
0.195825
0.203852
0.212464
0.221663
0.231466
0.24188
0.252927
0.264592
0.276902
0.289818
0.303377
0.31749
0.332235
0.347392
0.363205
0.379059
0.138279
0.138907
0.140192
0.142022
0.144391
0.147267
0.15064
0.154502
0.158862
0.163717
0.169049
0.174898
0.181255
0.188147
0.195589
0.203579
0.212145
0.221288
0.231025
0.241359
0.252309
0.263857
0.276029
0.288777
0.302139
0.316014
0.330483
0.345306
0.360742
0.376123
0.138199
0.138826
0.140108
0.141935
0.1443
0.14717
0.150535
0.154389
0.158743
0.16358
0.168892
0.174723
0.181059
0.187922
0.195329
0.203278
0.211793
0.220874
0.230537
0.24078
0.251623
0.26304
0.275056
0.287617
0.300759
0.314367
0.328528
0.342976
0.35799
0.372841
0.138113
0.138738
0.140018
0.141841
0.1442
0.147065
0.150422
0.154266
0.15861
0.163424
0.168724
0.174534
0.180845
0.187678
0.195046
0.202949
0.211408
0.22042
0.230002
0.240146
0.250869
0.262141
0.273985
0.286339
0.299236
0.312551
0.32637
0.340404
0.354952
0.369218
0.138021
0.138644
0.139921
0.141739
0.144094
0.146951
0.150301
0.154135
0.158456
0.16326
0.168543
0.174329
0.180615
0.187413
0.19474
0.202592
0.21099
0.219928
0.22942
0.239454
0.250046
0.261161
0.272816
0.284943
0.297573
0.310565
0.324011
0.337593
0.351631
0.365258
0.137922
0.138543
0.139817
0.141631
0.14398
0.14683
0.150171
0.153996
0.158317
0.163084
0.16835
0.174111
0.180367
0.187129
0.194411
0.202208
0.21054
0.219396
0.228791
0.238707
0.249157
0.260099
0.27155
0.28343
0.29577
0.308412
0.321452
0.334543
0.34803
0.360966
0.137816
0.138436
0.139706
0.141516
0.143858
0.146701
0.150033
0.153846
0.158135
0.162897
0.168144
0.173878
0.180102
0.186825
0.194058
0.201797
0.210057
0.218826
0.228116
0.237904
0.248201
0.258957
0.270188
0.281801
0.293828
0.306093
0.318697
0.331259
0.344152
0.356345
0.137704
0.138322
0.139589
0.141394
0.143729
0.146564
0.149887
0.153686
0.157958
0.162701
0.167925
0.173631
0.179821
0.186501
0.193683
0.201359
0.209542
0.218217
0.227395
0.237045
0.247177
0.257735
0.268729
0.280056
0.291748
0.303609
0.315746
0.327743
0.340002
0.351401
0.137586
0.138202
0.139465
0.141265
0.143593
0.14642
0.149733
0.153514
0.157773
0.162494
0.167694
0.17337
0.179523
0.186158
0.193285
0.200893
0.208994
0.21757
0.226627
0.236131
0.246088
0.256433
0.267174
0.278197
0.289531
0.300962
0.312601
0.323997
0.335583
0.34614
0.137462
0.138075
0.139334
0.141129
0.14345
0.146268
0.149572
0.153354
0.157576
0.162277
0.167451
0.173094
0.179209
0.185796
0.192864
0.200401
0.208415
0.216885
0.225814
0.235163
0.244933
0.255052
0.265525
0.276225
0.287179
0.298153
0.309266
0.320025
0.3309
0.340567
0.137331
0.137942
0.139198
0.140986
0.1433
0.146108
0.149404
0.153171
0.157369
0.162048
0.167196
0.172804
0.178878
0.185415
0.192421
0.199883
0.207805
0.216162
0.224956
0.23414
0.243712
0.253592
0.263782
0.274139
0.284693
0.295184
0.305742
0.315829
0.325957
0.33469
0.137194
0.137803
0.139054
0.140837
0.143142
0.145941
0.149227
0.152967
0.157153
0.16181
0.166928
0.172501
0.178532
0.185015
0.191956
0.199338
0.207163
0.215402
0.224053
0.233062
0.242427
0.252054
0.261945
0.271942
0.282073
0.292057
0.302032
0.311414
0.320759
0.328513
0.137051
0.137658
0.138905
0.140682
0.142978
0.145767
0.149038
0.15276
0.156928
0.16156
0.166648
0.172184
0.178169
0.184597
0.191469
0.198767
0.20649
0.214605
0.223105
0.231932
0.241077
0.250439
0.260016
0.269634
0.279323
0.288775
0.298138
0.306783
0.315311
0.322045
0.136902
0.137507
0.138749
0.14052
0.142807
0.145586
0.14883
0.152545
0.156694
0.161301
0.166357
0.171853
0.17779
0.184159
0.19096
0.19817
0.205786
0.21377
0.222113
0.230748
0.239664
0.248748
0.257995
0.267217
0.276443
0.285337
0.294064
0.30194
0.309618
0.315293
0.136746
0.137349
0.138586
0.140351
0.142629
0.145399
0.14865
0.15232
0.156451
0.161031
0.166053
0.171509
0.177396
0.183704
0.190429
0.197548
0.205052
0.2129
0.221077
0.229511
0.238187
0.24698
0.255884
0.264691
0.273434
0.281748
0.289812
0.296888
0.303686
0.308264
0.136585
0.137185
0.138418
0.140176
0.142444
0.145204
0.148423
0.152088
0.156198
0.16075
0.165738
0.171152
0.176987
0.183231
0.189877
0.1969
0.204287
0.211993
0.219998
0.228223
0.236647
0.245138
0.253683
0.262058
0.270298
0.278008
0.285385
0.291631
0.297519
0.300966
0.136418
0.137016
0.138244
0.139995
0.142253
0.144999
0.1482
0.151849
0.155937
0.16046
0.165412
0.170781
0.176562
0.18274
0.189305
0.196227
0.203493
0.21105
0.218875
0.226882
0.235046
0.24322
0.251392
0.259318
0.267037
0.274121
0.280786
0.286174
0.291125
0.293406
0.136245
0.136841
0.138063
0.139808
0.142056
0.144787
0.147974
0.151602
0.155667
0.16016
0.165074
0.170397
0.176122
0.182231
0.188711
0.19553
0.202669
0.210071
0.21771
0.22549
0.233382
0.241229
0.249014
0.256474
0.263653
0.270087
0.276018
0.280521
0.284509
0.285593
0.136066
0.13666
0.137877
0.139615
0.141854
0.144585
0.14774
0.151348
0.155388
0.15985
0.164726
0.170001
0.175668
0.181704
0.188097
0.194808
0.201816
0.209058
0.216502
0.224048
0.231658
0.239165
0.246548
0.253526
0.260146
0.26591
0.271085
0.274675
0.277676
0.277536
0.135881
0.136473
0.137685
0.139416
0.141639
0.144354
0.147499
0.151087
0.155101
0.15953
0.164366
0.169592
0.175199
0.181161
0.187462
0.194062
0.200933
0.20801
0.215253
0.222555
0.229873
0.237029
0.243996
0.250476
0.25652
0.261592
0.26599
0.268641
0.270634
0.269242
0.135691
0.13628
0.137487
0.139212
0.141411
0.14412
0.147251
0.150817
0.154805
0.159201
0.163995
0.169171
0.174715
0.180601
0.186808
0.193292
0.200022
0.206927
0.213962
0.221012
0.228028
0.234821
0.241359
0.247325
0.252775
0.257135
0.260736
0.262423
0.263388
0.260719
0.135495
0.136082
0.137284
0.139003
0.141238
0.143883
0.146997
0.150541
0.1545
0.158862
0.163614
0.168738
0.174217
0.180024
0.186133
0.192498
0.199083
0.20581
0.21263
0.21942
0.226124
0.232542
0.238638
0.244074
0.248913
0.252541
0.255327
0.256026
0.255946
0.251975
0.135293
0.135879
0.137075
0.138784
0.140998
0.143639
0.146736
0.150257
0.154188
0.158514
0.163223
0.168293
0.173706
0.17943
0.18544
0.191682
0.198116
0.20466
0.211258
0.21778
0.224162
0.230193
0.235833
0.240725
0.244936
0.247813
0.249765
0.249452
0.248314
0.243017
0.135086
0.13567
0.13686
0.138554
0.140757
0.14339
0.146468
0.149965
0.153868
0.158157
0.162821
0.167835
0.17318
0.178821
0.184727
0.190842
0.197121
0.203476
0.209845
0.216091
0.222141
0.227775
0.232946
0.237279
0.240845
0.242953
0.244054
0.242706
0.240498
0.233851
0.134874
0.135456
0.136641
0.138338
0.140515
0.143135
0.146194
0.149667
0.153539
0.157792
0.16241
0.167367
0.172641
0.178195
0.183994
0.189979
0.196099
0.20226
0.208393
0.214354
0.220063
0.225289
0.229977
0.233738
0.236643
0.237964
0.238197
0.235792
0.232506
0.224483
0.134656
0.135237
0.136416
0.138096
0.140268
0.142874
0.145914
0.149362
0.153203
0.157418
0.161988
0.166887
0.172089
0.177554
0.183244
0.189094
0.19505
0.20101
0.206901
0.21257
0.217927
0.222735
0.226927
0.230102
0.232329
0.232849
0.232198
0.228714
0.224345
0.214915
0.134433
0.135012
0.136186
0.137854
0.140016
0.142607
0.145627
0.149049
0.15286
0.157035
0.161557
0.166396
0.171524
0.176898
0.182475
0.188188
0.193974
0.199729
0.205371
0.210739
0.215736
0.220114
0.223798
0.226373
0.227907
0.22761
0.226057
0.221476
0.21602
0.205147
0.134205
0.134783
0.135952
0.137611
0.139759
0.142334
0.145334
0.148731
0.152508
0.156644
0.161116
0.165894
0.170946
0.176226
0.181688
0.187259
0.192872
0.198416
0.203802
0.208861
0.213489
0.217426
0.220589
0.222553
0.223377
0.22225
0.219778
0.214081
0.207536
0.195174
0.133971
0.134548
0.13571
0.137362
0.139496
0.142056
0.145034
0.148405
0.152149
0.156244
0.160665
0.165379
0.170353
0.175537
0.18088
0.186306
0.191741
0.197068
0.202191
0.206934
0.211182
0.214668
0.217298
0.218637
0.218737
0.216767
0.213359
0.206533
0.198893
0.184986
0.133733
0.134309
0.135465
0.137108
0.139229
0.141772
0.144729
0.148073
0.151784
0.155836
0.160205
0.164855
0.169749
0.174834
0.180055
0.185331
0.190583
0.195688
0.200541
0.20496
0.208819
0.211845
0.213929
0.214632
0.213993
0.211171
0.206808
0.198844
0.190096
0.174576
0.13349
0.134065
0.135215
0.136851
0.138958
0.141486
0.144423
0.14774
0.151418
0.15543
0.159747
0.164333
0.169148
0.174135
0.179234
0.18436
0.189428
0.194308
0.198887
0.202976
0.206439
0.208995
0.210523
0.210577
0.209182
0.205494
0.20015
0.191041
0.181166
0.163953
0.133242
0.133817
0.134962
0.13659
0.138685
0.141198
0.144115
0.147407
0.151054
0.155026
0.159294
0.163818
0.168555
0.173444
0.178422
0.183398
0.18828
0.192932
0.197233
0.200985
0.204042
0.206114
0.207068
0.206453
0.204277
0.199699
0.193337
0.183051
0.172003
0.152974
0.132989
0.13356
0.134697
0.136312
0.138388
0.140878
0.143765
0.147021
0.150622
0.154539
0.158739
0.16318
0.167816
0.172583
0.177412
0.182206
0.186869
0.191258
0.195244
0.198622
0.201236
0.202791
0.203141
0.201836
0.198864
0.193398
0.186016
0.174582
0.162221
0.141167
0.134509
0.135097
0.136275
0.137951
0.140103
0.142688
0.145685
0.149067
0.152811
0.156885
0.161259
0.16589
0.170734
0.175725
0.180796
0.185851
0.190793
0.19548
0.199784
0.203498
0.20647
0.208402
0.209152
0.208266
0.205741
0.200743
0.193863
0.182962
0.171171
0.150768
0.134727
0.135317
0.136504
0.138192
0.140361
0.142968
0.145993
0.149408
0.153194
0.15732
0.161758
0.166467
0.171406
0.176513
0.181727
0.186955
0.192108
0.197049
0.201657
0.205734
0.209136
0.211572
0.212911
0.2127
0.210952
0.206824
0.200939
0.191164
0.180639
0.162246
0.134939
0.13553
0.13672
0.138415
0.140594
0.143213
0.146255
0.149692
0.153506
0.157667
0.16215
0.166916
0.171927
0.177126
0.182454
0.187825
0.193155
0.198315
0.203192
0.207596
0.211392
0.214299
0.216197
0.21664
0.215655
0.212398
0.207506
0.198887
0.189497
0.172903
0.135146
0.135737
0.136933
0.138634
0.140823
0.143457
0.146516
0.149976
0.153819
0.158017
0.162547
0.167372
0.172457
0.177748
0.183191
0.188705
0.194212
0.199589
0.20473
0.209454
0.213635
0.217
0.219442
0.220519
0.220272
0.217864
0.213929
0.206437
0.198138
0.183216
0.135348
0.13594
0.137141
0.138849
0.14105
0.143698
0.146776
0.150259
0.154133
0.158369
0.162946
0.167831
0.172991
0.178375
0.183934
0.18959
0.195272
0.200863
0.206265
0.211303
0.215862
0.219676
0.222649
0.224348
0.224824
0.223252
0.22025
0.213876
0.206653
0.193319
0.135545
0.136138
0.137345
0.13906
0.141272
0.143933
0.14703
0.150537
0.15444
0.158713
0.163337
0.16828
0.173512
0.178987
0.184658
0.190453
0.196306
0.202105
0.207761
0.213105
0.218033
0.222286
0.225779
0.228089
0.229274
0.228527
0.226441
0.221176
0.215021
0.203203
0.135737
0.13633
0.137539
0.139265
0.141488
0.144163
0.147277
0.150806
0.154738
0.159048
0.163717
0.168716
0.174019
0.179581
0.185362
0.191291
0.19731
0.203312
0.209214
0.214857
0.220145
0.224826
0.228828
0.231736
0.233615
0.233683
0.232495
0.228326
0.223235
0.212878
0.135923
0.136518
0.137732
0.139466
0.141698
0.144387
0.147518
0.151069
0.155029
0.159373
0.164086
0.169141
0.174513
0.18016
0.186047
0.192108
0.198287
0.204486
0.21063
0.216563
0.222201
0.227301
0.231799
0.235293
0.237849
0.238719
0.238413
0.235323
0.231295
0.222353
0.136104
0.1367
0.137919
0.139661
0.141903
0.144604
0.147752
0.151325
0.155312
0.15969
0.164446
0.169554
0.174993
0.180724
0.186714
0.192902
0.199238
0.205629
0.212006
0.218223
0.224201
0.229709
0.23469
0.238758
0.241977
0.243633
0.244193
0.242162
0.239197
0.231633
0.136279
0.136877
0.1381
0.139843
0.142101
0.144815
0.147979
0.151573
0.155587
0.159999
0.164796
0.169956
0.17546
0.181272
0.187361
0.193673
0.200162
0.206739
0.213343
0.219836
0.226145
0.23205
0.237502
0.24213
0.245995
0.248423
0.249834
0.248841
0.246933
0.240718
0.136449
0.137048
0.138276
0.140026
0.142294
0.145021
0.1482
0.151814
0.155853
0.160298
0.165136
0.170346
0.175913
0.181803
0.18799
0.194422
0.201059
0.207817
0.214641
0.2214
0.228032
0.234324
0.240233
0.245407
0.249903
0.253085
0.25533
0.255354
0.254498
0.249606
0.136613
0.137213
0.138446
0.140204
0.142484
0.14522
0.148414
0.152047
0.156112
0.160587
0.165465
0.170724
0.176352
0.182318
0.188599
0.195148
0.201927
0.208861
0.215899
0.222917
0.22986
0.236528
0.242882
0.248588
0.253699
0.257617
0.260681
0.261698
0.261883
0.258292
0.136771
0.137373
0.138611
0.140375
0.142672
0.145413
0.148621
0.152273
0.156362
0.160868
0.165783
0.17109
0.176777
0.182817
0.189189
0.19585
0.202768
0.209871
0.217116
0.224385
0.231631
0.238663
0.245448
0.251672
0.257381
0.262017
0.265881
0.267869
0.269081
0.266768
0.136924
0.137528
0.138769
0.140539
0.142813
0.145599
0.148821
0.152491
0.156603
0.161139
0.16609
0.171444
0.177188
0.183298
0.189759
0.196528
0.20358
0.210847
0.218292
0.225804
0.233342
0.240728
0.247931
0.254657
0.260947
0.266282
0.270929
0.273863
0.276087
0.275028
0.13707
0.137676
0.138922
0.140697
0.142988
0.145779
0.149013
0.152701
0.156836
0.1614
0.166387
0.171784
0.177583
0.183763
0.190308
0.197182
0.204363
0.211789
0.219426
0.227174
0.234994
0.242721
0.250329
0.257542
0.264397
0.270409
0.275819
0.279676
0.282893
0.283063
0.137211
0.137819
0.139068
0.140849
0.143153
0.145951
0.149198
0.152903
0.15706
0.161651
0.166672
0.172112
0.177964
0.18421
0.190837
0.197812
0.205118
0.212696
0.220519
0.228493
0.236586
0.244643
0.252642
0.260326
0.267727
0.274397
0.28055
0.285303
0.289492
0.290866
0.137346
0.137955
0.139209
0.140995
0.143308
0.14612
0.149376
0.153097
0.157275
0.161892
0.166946
0.172427
0.17833
0.184639
0.191345
0.198418
0.205843
0.213567
0.221569
0.229761
0.238117
0.246492
0.254868
0.263006
0.270936
0.278243
0.285117
0.29074
0.295879
0.298429
0.137475
0.138086
0.139344
0.141135
0.143454
0.146289
0.149547
0.153282
0.157481
0.162123
0.167208
0.172729
0.178681
0.185051
0.191832
0.198998
0.206538
0.214403
0.222577
0.230979
0.239586
0.248267
0.257006
0.265583
0.274023
0.281944
0.289517
0.295984
0.302047
0.305743
0.137598
0.138211
0.139472
0.141269
0.143593
0.146383
0.14971
0.153459
0.157677
0.162343
0.167459
0.173017
0.179016
0.185444
0.192298
0.199553
0.207203
0.215203
0.223542
0.232144
0.240994
0.249969
0.259056
0.268054
0.276986
0.285499
0.293747
0.301029
0.30799
0.312799
0.137714
0.138329
0.139594
0.141396
0.143726
0.14654
0.149865
0.153628
0.157864
0.162553
0.167698
0.173292
0.179336
0.18582
0.192742
0.200083
0.207838
0.215967
0.224463
0.233258
0.242339
0.251595
0.261017
0.270419
0.279823
0.288904
0.297804
0.305872
0.313702
0.31959
0.137825
0.138441
0.139709
0.141516
0.143853
0.146681
0.150011
0.153788
0.158042
0.162753
0.167925
0.173553
0.17964
0.186177
0.193165
0.200587
0.208442
0.216695
0.22534
0.234319
0.243621
0.253146
0.262887
0.272676
0.282532
0.292159
0.301685
0.310509
0.319177
0.326108
0.137929
0.138547
0.139819
0.14163
0.143973
0.146811
0.150149
0.153939
0.15821
0.162942
0.16814
0.1738
0.179928
0.186515
0.193566
0.201066
0.209015
0.217385
0.226173
0.235326
0.244839
0.25462
0.264666
0.274824
0.285113
0.295261
0.305387
0.314936
0.32441
0.332346
0.138027
0.138647
0.139921
0.141737
0.144086
0.146932
0.150279
0.154081
0.158368
0.16312
0.168342
0.174033
0.180199
0.186834
0.193944
0.201517
0.209557
0.218038
0.226962
0.236281
0.245993
0.256017
0.266353
0.276862
0.287563
0.298208
0.308907
0.319149
0.329396
0.338295
0.138118
0.13874
0.140018
0.141837
0.144192
0.147045
0.1504
0.154215
0.158517
0.163287
0.168532
0.174252
0.180455
0.187135
0.194301
0.201943
0.210068
0.218654
0.227705
0.237181
0.247082
0.257337
0.267947
0.278788
0.289881
0.300998
0.312242
0.323144
0.334129
0.343949
0.138203
0.138827
0.140107
0.141931
0.144291
0.147151
0.150513
0.15434
0.158655
0.163443
0.16871
0.174457
0.180693
0.187416
0.194635
0.202342
0.210547
0.219232
0.228404
0.238027
0.248106
0.258578
0.269448
0.280603
0.292065
0.303629
0.31539
0.326917
0.338604
0.3493
0.138282
0.138907
0.14019
0.142017
0.144382
0.147249
0.150617
0.154456
0.158784
0.163587
0.168875
0.174648
0.180916
0.187678
0.194946
0.202714
0.210994
0.219772
0.229056
0.238818
0.249065
0.259741
0.270854
0.282304
0.294115
0.3061
0.318348
0.330467
0.342818
0.354343
0.138355
0.138981
0.140266
0.142097
0.144466
0.147338
0.150711
0.154563
0.158902
0.163721
0.169027
0.174824
0.181121
0.18792
0.195234
0.203059
0.211409
0.220273
0.229663
0.239554
0.249957
0.260824
0.272165
0.283892
0.296029
0.308408
0.321114
0.333788
0.346764
0.359072
0.138421
0.139049
0.140336
0.142169
0.144543
0.147419
0.150772
0.154661
0.159011
0.163843
0.169167
0.174985
0.18131
0.188143
0.195499
0.203377
0.211792
0.220736
0.230224
0.240235
0.250783
0.261827
0.27338
0.285364
0.297806
0.310552
0.323686
0.336879
0.35044
0.36348
0.13848
0.139109
0.140399
0.142235
0.144612
0.147493
0.150861
0.15475
0.159109
0.163954
0.169293
0.175131
0.181481
0.188346
0.195741
0.203667
0.212142
0.221159
0.230738
0.24086
0.251542
0.262749
0.274498
0.286721
0.299444
0.312531
0.326062
0.339736
0.353842
0.367563
0.138533
0.139163
0.140455
0.142293
0.144674
0.14756
0.150941
0.15483
0.159197
0.164053
0.169407
0.175263
0.181636
0.188529
0.195959
0.20393
0.212459
0.221544
0.231205
0.241429
0.252234
0.263591
0.27552
0.287961
0.300943
0.314343
0.328239
0.342357
0.356965
0.371315
0.138579
0.139211
0.140504
0.142345
0.144728
0.147618
0.151009
0.1549
0.159274
0.164141
0.169508
0.17538
0.181773
0.188692
0.196155
0.204166
0.212744
0.22189
0.231626
0.241941
0.252858
0.264351
0.276444
0.289084
0.302302
0.315987
0.330217
0.344739
0.359806
0.374732
0.138619
0.139252
0.140546
0.142389
0.144775
0.147669
0.151074
0.154961
0.159341
0.164217
0.169595
0.175481
0.181893
0.188836
0.196326
0.204373
0.212995
0.222196
0.231999
0.242397
0.253414
0.26503
0.27727
0.290089
0.303519
0.317462
0.331992
0.34688
0.362363
0.377809
0.138652
0.139286
0.140581
0.142426
0.144814
0.147711
0.15112
0.155013
0.159398
0.164281
0.169669
0.175568
0.181996
0.188958
0.196474
0.204552
0.213214
0.222463
0.232325
0.242796
0.253901
0.265626
0.277997
0.290975
0.304594
0.318766
0.333565
0.348779
0.364633
0.380544
0.138679
0.139313
0.140609
0.142455
0.144846
0.147745
0.151157
0.155054
0.159444
0.164333
0.16973
0.175639
0.182081
0.189061
0.196598
0.204704
0.213399
0.222689
0.232603
0.243139
0.254321
0.26614
0.278625
0.291742
0.305527
0.319899
0.334933
0.350432
0.366613
0.382931
0.138699
0.139333
0.140631
0.142478
0.144869
0.147771
0.151183
0.155085
0.159479
0.164374
0.169777
0.175695
0.182149
0.189143
0.196698
0.204827
0.21355
0.222876
0.232834
0.243423
0.254671
0.266572
0.279153
0.292389
0.306316
0.32086
0.336095
0.35184
0.3683
0.38497
0.138712
0.139347
0.140645
0.142493
0.144885
0.147789
0.151201
0.155107
0.159504
0.164403
0.169811
0.175736
0.182199
0.189205
0.196775
0.204922
0.213668
0.223023
0.233018
0.243651
0.254953
0.26692
0.279582
0.292917
0.306961
0.321648
0.33705
0.353
0.369693
0.386656
0.138718
0.139354
0.140652
0.1425
0.144894
0.147799
0.151211
0.155118
0.159518
0.16442
0.169832
0.175761
0.182232
0.189247
0.196827
0.204989
0.213753
0.223129
0.233153
0.243821
0.255165
0.267185
0.279911
0.293324
0.307461
0.322262
0.337798
0.35391
0.370791
0.387988
0.138718
0.139354
0.140652
0.142501
0.144894
0.1478
0.151212
0.15512
0.159521
0.164425
0.16984
0.175771
0.182247
0.189268
0.196855
0.205028
0.213804
0.223196
0.23324
0.243934
0.255309
0.267367
0.280139
0.293612
0.307818
0.322702
0.338338
0.354572
0.371593
0.388965
0.138712
0.139347
0.140646
0.142494
0.144887
0.147793
0.151204
0.155112
0.159514
0.164418
0.169834
0.175766
0.182244
0.189269
0.19686
0.205039
0.213822
0.223223
0.233281
0.243989
0.255384
0.267466
0.280268
0.293779
0.30803
0.322968
0.338669
0.354983
0.372096
0.389584
0.138698
0.139334
0.140632
0.14248
0.144873
0.147778
0.151188
0.155095
0.159496
0.1644
0.169814
0.175745
0.182224
0.18925
0.19684
0.205022
0.213806
0.223209
0.233274
0.243988
0.255389
0.26748
0.280292
0.293819
0.308093
0.323058
0.33879
0.355143
0.372301
0.389846
0.0874403
0.0869638
0.0860541
0.0847604
0.0831303
0.0812069
0.079029
0.0766312
0.0740456
0.0713027
0.0684314
0.0654592
0.0624118
0.0593133
0.0561859
0.05305
0.0499239
0.0468243
0.0437656
0.0407605
0.0378195
0.0349517
0.0321643
0.0294632
0.0268525
0.0243356
0.0219138
0.019589
0.0173592
0.0152256
0.0875673
0.0870921
0.0861843
0.0848929
0.0832654
0.0813449
0.0791694
0.0767735
0.0741892
0.0714467
0.0685748
0.065601
0.0625509
0.0594485
0.0563161
0.0531743
0.0500414
0.046934
0.0438669
0.0408526
0.037902
0.0350242
0.0322265
0.0295149
0.0268935
0.0243659
0.0219334
0.0195981
0.0173579
0.0152143
0.0878126
0.0873396
0.0864355
0.0851487
0.0835265
0.0816113
0.0794407
0.0770487
0.0744669
0.0717253
0.0688524
0.0658755
0.0628202
0.0597105
0.0565688
0.0534155
0.0502694
0.0471472
0.0440637
0.0410319
0.0380627
0.0351655
0.0323478
0.0296158
0.0269738
0.0244256
0.0219724
0.0196167
0.017356
0.0151921
0.0881674
0.0876975
0.0867987
0.0855189
0.0839045
0.0819973
0.079834
0.0774479
0.0748701
0.07213
0.069256
0.066275
0.0632124
0.0600924
0.0569372
0.0537676
0.0506024
0.0474588
0.0443517
0.0412944
0.0382983
0.035373
0.0325263
0.0297646
0.0270926
0.0245143
0.022031
0.0196456
0.0173551
0.015162
0.0886231
0.0881573
0.0872654
0.0859948
0.0843909
0.0824943
0.0803409
0.0779629
0.0753907
0.0726532
0.0697783
0.0667924
0.063721
0.060588
0.0574159
0.0542256
0.0510362
0.047865
0.0447276
0.0416376
0.0386067
0.0356451
0.0327607
0.0299607
0.0272497
0.0246324
0.02211
0.019686
0.0173569
0.0151259
0.0891716
0.0887106
0.0878276
0.0865684
0.0849776
0.0830945
0.0809536
0.0785862
0.0760216
0.073288
0.0704127
0.0674218
0.0643404
0.0611925
0.0580005
0.0547856
0.0515672
0.0483631
0.0451892
0.0420597
0.0389867
0.035981
0.033051
0.0302043
0.0274459
0.0247809
0.0222109
0.0197398
0.0173634
0.015086
0.0898049
0.0893498
0.0884772
0.0872319
0.085657
0.0837903
0.0816648
0.0793106
0.0767559
0.0740279
0.0711533
0.0681576
0.0650657
0.0619013
0.0586871
0.0554444
0.0521929
0.0489509
0.0457349
0.0425596
0.0394377
0.0363807
0.0333974
0.030496
0.0276821
0.0249614
0.0223353
0.0198089
0.0173769
0.0150451
0.0905154
0.0900671
0.0892068
0.0879779
0.0864217
0.0845745
0.0824676
0.0801296
0.0775873
0.0748672
0.0719947
0.068995
0.0658925
0.0627108
0.0594726
0.0561993
0.0529113
0.0496271
0.0463639
0.043137
0.03996
0.0368447
0.0338008
0.0308373
0.0279601
0.0251756
0.0224855
0.0198957
0.0174001
0.0150057
0.0912958
0.0908554
0.0900092
0.0887991
0.0872647
0.0854403
0.0833554
0.0810368
0.0785101
0.0758003
0.072932
0.0699297
0.0668172
0.0636178
0.0603544
0.0570486
0.0537209
0.0503908
0.0470758
0.0437922
0.040554
0.037374
0.0342628
0.0312299
0.0282817
0.0254258
0.0226638
0.0200028
0.0174355
0.0149709
0.0921393
0.0917076
0.0908774
0.0896888
0.0881793
0.0863812
0.0843219
0.0820264
0.0795186
0.0768222
0.0739607
0.0709576
0.0678362
0.0646195
0.0613303
0.0579905
0.054621
0.0512417
0.0478709
0.0445257
0.0412208
0.0379702
0.034785
0.0316757
0.0286494
0.0257146
0.022873
0.0201331
0.0174863
0.0149436
0.0930389
0.092617
0.0918048
0.0906403
0.0891591
0.087391
0.0853611
0.0830926
0.0806075
0.077928
0.0750764
0.072075
0.0689464
0.0657135
0.0623986
0.0590239
0.0556108
0.0521797
0.0487497
0.0453385
0.0419621
0.0386351
0.0353696
0.0321773
0.0290658
0.0260447
0.0231159
0.0202895
0.0175555
0.0149269
0.0939884
0.0935774
0.092785
0.0916475
0.0901979
0.0884636
0.0864673
0.08423
0.0817719
0.0791133
0.076275
0.0732784
0.0701451
0.0668974
0.0635576
0.060148
0.0566902
0.0532053
0.049713
0.0462322
0.0427795
0.0393709
0.0360192
0.0327374
0.0295337
0.0264192
0.0233958
0.0204753
0.0176464
0.0149243
0.0949816
0.0945825
0.0938121
0.0927044
0.0912899
0.0895933
0.0876349
0.0854334
0.0830068
0.0803736
0.0775528
0.0745646
0.0714296
0.0681694
0.0648062
0.0613621
0.0578591
0.0543189
0.050762
0.0472082
0.0436751
0.0401799
0.0367364
0.0333589
0.0300564
0.0268414
0.023716
0.0206939
0.0177622
0.014939
0.0960127
0.0956265
0.0948801
0.093805
0.0924292
0.0907746
0.0888587
0.0866978
0.0843076
0.0817046
0.078906
0.0759303
0.0727972
0.0695276
0.066143
0.0626656
0.0591176
0.0555214
0.051898
0.0482684
0.0446513
0.0410649
0.0375243
0.0340452
0.0306373
0.0273148
0.0240801
0.0209487
0.0179066
0.0149744
0.0970761
0.096704
0.0959836
0.0949441
0.0936106
0.0920021
0.0901335
0.0880183
0.0856698
0.0831022
0.0803308
0.0773726
0.0742457
0.0709702
0.0675669
0.0640581
0.0604661
0.0568136
0.0531226
0.049415
0.0457105
0.0420288
0.0383861
0.0347995
0.03128
0.0278431
0.0244918
0.0212436
0.0180833
0.0150342
0.0981667
0.0978096
0.0971172
0.0961163
0.0948288
0.0932708
0.0914543
0.0893901
0.0870889
0.0845624
0.0818239
0.0788883
0.0757726
0.0724954
0.069077
0.0655394
0.0619049
0.0581967
0.0544374
0.0506501
0.0468555
0.0430747
0.0393252
0.0356257
0.0319882
0.0284301
0.0249549
0.0215824
0.0182958
0.0151219
0.0992793
0.0989384
0.0982761
0.0973165
0.0960787
0.0945757
0.0928163
0.0908086
0.0885605
0.0860812
0.0833816
0.0804746
0.0773754
0.0741015
0.0706723
0.0671091
0.0634344
0.0596716
0.0558442
0.051976
0.048089
0.0442058
0.0403451
0.0365274
0.0327659
0.0290799
0.0254735
0.0219689
0.0185482
0.0152414
0.100409
0.100086
0.0994553
0.0985401
0.0973557
0.0959119
0.0942148
0.0922692
0.0900803
0.0876546
0.0850003
0.0821283
0.0790518
0.0757868
0.0723515
0.0687669
0.065055
0.0612396
0.0573447
0.0533951
0.049414
0.0454254
0.0414495
0.0375086
0.0336172
0.0297967
0.0260518
0.0224075
0.0188445
0.0153964
0.101552
0.101247
0.10065
0.0997823
0.098655
0.097275
0.0956452
0.0937676
0.0916441
0.0892786
0.0866766
0.0838464
0.0807992
0.0775493
0.0741137
0.0705124
0.066767
0.0629017
0.0589407
0.0549098
0.0508334
0.0467371
0.0426424
0.0385736
0.0345465
0.0305849
0.0266943
0.0229023
0.0191887
0.0155909
0.102704
0.102418
0.101857
0.101039
0.0999723
0.0986605
0.0971032
0.0952993
0.0932478
0.0909494
0.0884069
0.0856258
0.0826152
0.0793873
0.0759576
0.072345
0.0685708
0.0646589
0.060634
0.0565227
0.0523504
0.0481444
0.0439277
0.0397265
0.0355583
0.0314491
0.0274054
0.0234577
0.0195853
0.0158289
0.103861
0.103594
0.103072
0.102306
0.101303
0.100064
0.0985844
0.0968602
0.0948872
0.092663
0.0901874
0.0874633
0.0844969
0.0812985
0.0778817
0.0742643
0.0704665
0.0665123
0.0624263
0.0582361
0.0539681
0.049651
0.0453094
0.0409718
0.0366571
0.0323939
0.0281898
0.0240785
0.0200385
0.0161146
0.105019
0.104773
0.10429
0.103579
0.102644
0.101482
0.100085
0.098446
0.0965581
0.0944155
0.0920147
0.0893555
0.0864416
0.0832808
0.0798846
0.0762693
0.0724542
0.0684625
0.0643192
0.0600524
0.0556894
0.0512605
0.0467918
0.042314
0.0378477
0.0334243
0.0290525
0.0247694
0.020553
0.0164524
0.106175
0.10595
0.105508
0.104855
0.103991
0.102909
0.1016
0.100053
0.0982566
0.0962029
0.0938848
0.0912992
0.0884464
0.0853318
0.0819646
0.0783592
0.0745336
0.0705105
0.0663144
0.061974
0.0575174
0.0529766
0.048379
0.0437577
0.039135
0.0345452
0.0299985
0.0255353
0.0211335
0.0168466
0.107325
0.107123
0.106724
0.106131
0.10534
0.104343
0.103126
0.101676
0.0999786
0.0980213
0.0957941
0.0932907
0.0905082
0.0874489
0.0841197
0.0805328
0.0767045
0.0726565
0.0684131
0.064003
0.0594553
0.054803
0.0500754
0.0453077
0.0405242
0.035762
0.031033
0.0263813
0.021785
0.0173019
0.108468
0.108288
0.107933
0.107402
0.106689
0.10578
0.10466
0.103313
0.10172
0.0998667
0.0977388
0.0953264
0.0926236
0.0896295
0.0863478
0.0827886
0.0789662
0.074901
0.0706165
0.0661416
0.0615058
0.0567434
0.0518852
0.0469687
0.0420202
0.03708
0.0321616
0.0273128
0.0225126
0.0178231
0.109599
0.109444
0.109134
0.108667
0.108032
0.107216
0.106198
0.104959
0.103477
0.101735
0.0997148
0.0974028
0.0947894
0.0918704
0.0886466
0.085125
0.0813179
0.0772439
0.0729256
0.0683917
0.0636717
0.0588014
0.0538128
0.0487457
0.0436286
0.0385047
0.0333897
0.0283354
0.0233217
0.0184152
0.110717
0.110586
0.110322
0.109921
0.109369
0.108648
0.107736
0.10661
0.105246
0.103623
0.101718
0.0995158
0.0970019
0.0941687
0.0910134
0.0875401
0.0837584
0.0796851
0.0753412
0.0707549
0.0659558
0.0609805
0.0558624
0.0506436
0.0453546
0.0400418
0.0347234
0.0294549
0.0242179
0.0190835
0.11182
0.111713
0.111497
0.111163
0.110695
0.110073
0.109271
0.108263
0.107023
0.105525
0.103745
0.101662
0.0992575
0.0965208
0.0934453
0.0900317
0.0862865
0.082224
0.0778637
0.0732328
0.0683605
0.0632842
0.0580385
0.0526674
0.0472038
0.0416973
0.0361686
0.0306771
0.025207
0.0198333
0.112905
0.112823
0.112656
0.112391
0.112009
0.111488
0.110799
0.109915
0.108805
0.10744
0.105792
0.103836
0.101552
0.0989232
0.0959392
0.0925972
0.0889002
0.0848598
0.0804933
0.0758264
0.070888
0.0657157
0.060345
0.054822
0.0491818
0.0434771
0.0377316
0.0320085
0.026295
0.0206704
0.113971
0.113915
0.113796
0.113601
0.113308
0.11289
0.112318
0.111561
0.110586
0.109361
0.107854
0.106036
0.103882
0.101372
0.0984918
0.0952338
0.0915974
0.0875913
0.0832297
0.0785368
0.0735404
0.0682781
0.0627862
0.0571125
0.0512943
0.0453875
0.0394188
0.0334555
0.0274885
0.0216009
0.115016
0.114985
0.114917
0.114793
0.114589
0.114277
0.113825
0.1132
0.112365
0.111286
0.109927
0.108256
0.106243
0.103864
0.101099
0.0979383
0.0943759
0.0904168
0.0860724
0.0813645
0.0763194
0.0709743
0.0653661
0.0595438
0.0535471
0.0474347
0.0412371
0.0350249
0.0287941
0.022631
0.116039
0.116034
0.116016
0.115963
0.11585
0.115646
0.115317
0.114827
0.114138
0.113211
0.112008
0.110492
0.10863
0.106393
0.103758
0.100707
0.0972327
0.0933344
0.0890205
0.0843096
0.0792264
0.073807
0.0680884
0.0621208
0.0559459
0.0496253
0.0431933
0.0367238
0.0302188
0.0237674
0.117038
0.117059
0.117091
0.117111
0.11709
0.116996
0.116792
0.116441
0.115901
0.115132
0.114092
0.11274
0.11104
0.108957
0.106463
0.103537
0.100165
0.0963419
0.0920725
0.087372
0.0822625
0.0767784
0.0709567
0.0648481
0.0584966
0.0519658
0.0452945
0.0385596
0.03177
0.0250172
0.118014
0.11806
0.118143
0.118236
0.118307
0.118323
0.118247
0.118037
0.117652
0.117046
0.116176
0.114997
0.113468
0.11155
0.109211
0.106423
0.103168
0.0994362
0.0952267
0.090551
0.0854282
0.0798906
0.0739745
0.0677306
0.0612048
0.0544628
0.047548
0.0405399
0.0334555
0.0263877
0.118963
0.119036
0.119169
0.119335
0.119499
0.119627
0.11968
0.119614
0.119386
0.118949
0.118255
0.117257
0.115909
0.114168
0.111997
0.109362
0.10624
0.102614
0.0984809
0.0938454
0.0887238
0.0831452
0.0771447
0.0707725
0.0640764
0.0571231
0.0499614
0.0426725
0.0352834
0.0278868
0.119887
0.119985
0.120169
0.120408
0.120666
0.120906
0.121089
0.121169
0.121102
0.120837
0.120326
0.119516
0.118359
0.116806
0.114815
0.112348
0.109374
0.105873
0.101832
0.0972537
0.092149
0.0865433
0.0804702
0.0739781
0.0671168
0.0599535
0.0525424
0.0449658
0.0372621
0.0295228
0.120784
0.120907
0.121142
0.121453
0.121805
0.122158
0.122472
0.1227
0.122797
0.122709
0.122385
0.121771
0.120813
0.11946
0.117662
0.115377
0.112568
0.109207
0.105277
0.100774
0.095703
0.0900856
0.0839531
0.0773514
0.0703316
0.0629606
0.0552987
0.0474281
0.0394005
0.0313043
0.121654
0.121803
0.122088
0.122471
0.122916
0.123382
0.123827
0.124205
0.124467
0.12456
0.124428
0.124016
0.123267
0.122123
0.120532
0.118443
0.115815
0.112613
0.108813
0.104403
0.0993845
0.0937725
0.0875955
0.0808959
0.073726
0.0661512
0.0582384
0.0500682
0.0417079
0.0332405
0.122497
0.12267
0.123005
0.12346
0.123998
0.124576
0.125154
0.125682
0.126111
0.126387
0.126453
0.126249
0.125716
0.124792
0.123419
0.121541
0.119111
0.116085
0.112434
0.108138
0.103192
0.0976034
0.0913988
0.0846148
0.077305
0.0695318
0.0613694
0.052895
0.044194
0.0353409
0.123312
0.12351
0.123894
0.124421
0.12505
0.125741
0.12645
0.127129
0.127727
0.128188
0.128456
0.128466
0.128156
0.127461
0.126318
0.124666
0.12245
0.119619
0.116137
0.111975
0.107122
0.101577
0.0953637
0.0885109
0.0810734
0.073109
0.0646998
0.0559177
0.0468686
0.0376158
0.124099
0.124322
0.124755
0.125351
0.126071
0.126874
0.127714
0.128544
0.129312
0.129961
0.130432
0.130661
0.130582
0.130126
0.129225
0.127811
0.125825
0.123208
0.119915
0.115909
0.111172
0.105693
0.0994905
0.0925863
0.0850354
0.0768889
0.0682376
0.0591456
0.0497423
0.0400757
0.124859
0.125106
0.125586
0.126252
0.127062
0.127975
0.128946
0.129926
0.130864
0.131703
0.132381
0.132833
0.13299
0.132781
0.132132
0.130971
0.129232
0.126846
0.123764
0.119936
0.115338
0.109948
0.103779
0.0968428
0.089195
0.0808775
0.0719908
0.0625881
0.0528256
0.0427314
0.125592
0.125862
0.126389
0.127123
0.128022
0.129044
0.130144
0.131274
0.132383
0.133411
0.134298
0.134977
0.135377
0.135421
0.135036
0.13414
0.132663
0.130528
0.127677
0.12405
0.119615
0.114339
0.108227
0.101281
0.0935556
0.0850805
0.0759672
0.0662546
0.0561294
0.0455946
0.126297
0.12659
0.127163
0.127964
0.12895
0.13008
0.131309
0.132587
0.133865
0.135084
0.136182
0.13709
0.137737
0.138043
0.13793
0.137312
0.136112
0.134245
0.131647
0.128245
0.123999
0.118862
0.112835
0.105902
0.0981198
0.089503
0.0801745
0.0701547
0.059665
0.0486769
0.126975
0.12729
0.127909
0.128775
0.129847
0.131083
0.132438
0.133864
0.135311
0.13672
0.138029
0.139169
0.140067
0.14064
0.140808
0.14048
0.139572
0.137992
0.135668
0.132514
0.128483
0.123513
0.117598
0.110705
0.10289
0.0941497
0.0846201
0.0742977
0.0634437
0.0519905
0.127627
0.127963
0.128627
0.129557
0.130713
0.132053
0.133532
0.135104
0.136718
0.138317
0.139838
0.141211
0.142364
0.14321
0.143667
0.143639
0.143037
0.141761
0.139731
0.13685
0.133062
0.128286
0.122513
0.115688
0.107868
0.0990249
0.089311
0.0786928
0.0674769
0.0555476
0.128252
0.12861
0.129316
0.130309
0.131547
0.132989
0.134591
0.136307
0.138087
0.139874
0.141606
0.143214
0.144623
0.145747
0.1465
0.146782
0.1465
0.145545
0.14383
0.141245
0.137727
0.133176
0.127576
0.12085
0.113053
0.104132
0.094254
0.0833491
0.0717761
0.0593608
0.128851
0.12923
0.129978
0.131031
0.13235
0.133892
0.135615
0.137472
0.139416
0.141389
0.143332
0.145175
0.146843
0.148248
0.149303
0.149904
0.149954
0.149336
0.147955
0.145692
0.14247
0.138176
0.132782
0.126186
0.118447
0.109474
0.0994554
0.0882754
0.0763528
0.0634424
0.129425
0.129824
0.130613
0.131725
0.133123
0.134762
0.136603
0.138599
0.140704
0.142862
0.145015
0.147092
0.149019
0.150709
0.152071
0.152999
0.153392
0.153126
0.1521
0.15018
0.147285
0.143277
0.138124
0.131695
0.124048
0.115052
0.104921
0.0934799
0.0812183
0.0678045
0.129974
0.130392
0.131221
0.132391
0.133865
0.135599
0.137555
0.139687
0.141951
0.144291
0.146652
0.148962
0.15115
0.153125
0.154799
0.156061
0.156807
0.156908
0.156255
0.154703
0.15216
0.148472
0.143595
0.137369
0.129853
0.120869
0.110656
0.0989708
0.0863841
0.072459
0.130499
0.130936
0.131803
0.133029
0.134577
0.136404
0.138472
0.140737
0.143156
0.145677
0.148242
0.150785
0.153232
0.155495
0.157483
0.159085
0.160194
0.160674
0.160412
0.15925
0.157088
0.15375
0.149188
0.143204
0.13586
0.126924
0.116666
0.104756
0.0918612
0.0774174
0.131
0.131455
0.132359
0.133639
0.135259
0.137176
0.139353
0.141749
0.144321
0.147018
0.149786
0.152558
0.155263
0.157814
0.16012
0.162066
0.163546
0.164417
0.164562
0.163811
0.162057
0.159104
0.154892
0.149192
0.142065
0.133217
0.122954
0.110841
0.0976603
0.0826892
0.131478
0.131951
0.132891
0.134223
0.135912
0.137917
0.1402
0.142723
0.145443
0.148314
0.151281
0.15428
0.157242
0.16008
0.162704
0.165
0.166857
0.16813
0.168697
0.168378
0.167058
0.164521
0.160698
0.155324
0.148461
0.139746
0.129523
0.117234
0.10379
0.0882801
0.131934
0.132423
0.133398
0.134781
0.136537
0.138626
0.141013
0.143659
0.146525
0.149564
0.152727
0.15595
0.159167
0.162291
0.165233
0.16788
0.17012
0.171805
0.172808
0.17294
0.172078
0.16999
0.166594
0.161592
0.155041
0.14651
0.136377
0.123941
0.110263
0.0941941
0.132368
0.132873
0.133882
0.135313
0.137134
0.139305
0.141791
0.144557
0.147565
0.15077
0.154124
0.157568
0.161035
0.164443
0.167704
0.170704
0.173331
0.175436
0.176886
0.177489
0.17711
0.175501
0.172571
0.167987
0.1618
0.153508
0.143524
0.13098
0.117109
0.100454
0.132781
0.133302
0.134342
0.13582
0.137705
0.139954
0.142537
0.145419
0.148564
0.151931
0.155473
0.159133
0.162848
0.166537
0.170114
0.173468
0.176486
0.179018
0.180928
0.182017
0.182143
0.181046
0.17862
0.174504
0.168737
0.160746
0.150977
0.13837
0.124368
0.107104
0.133173
0.133709
0.134781
0.136303
0.138248
0.140574
0.14325
0.146245
0.149524
0.153048
0.156773
0.160646
0.164605
0.168572
0.172465
0.176172
0.179584
0.182547
0.184926
0.186517
0.18717
0.186613
0.184726
0.181123
0.175827
0.168201
0.158705
0.146075
0.131986
0.114074
0.133546
0.134096
0.135197
0.136763
0.138766
0.141165
0.143932
0.147035
0.150444
0.154121
0.158026
0.162105
0.166304
0.170545
0.174749
0.178807
0.18261
0.186007
0.188859
0.190958
0.192149
0.192147
0.190821
0.187759
0.182965
0.175748
0.166559
0.153928
0.139688
0.12087
0.133899
0.134462
0.135591
0.137198
0.139256
0.141724
0.144577
0.147784
0.151316
0.155139
0.159215
0.163494
0.167922
0.172428
0.176934
0.181333
0.18552
0.189343
0.192663
0.19527
0.197002
0.197568
0.196818
0.194328
0.190069
0.183319
0.174496
0.16197
0.147563
0.127112
0.134234
0.13481
0.135965
0.137608
0.139717
0.142249
0.14518
0.148482
0.152129
0.156087
0.160323
0.16479
0.169438
0.174199
0.179
0.183738
0.188311
0.192571
0.196381
0.199534
0.201867
0.203084
0.203029
0.201265
0.197754
0.191735
0.183648
0.171688
0.15798
0.135681
0.0138126
0.0130785
0.0123447
0.0116115
0.0108783
0.010145
0.00941162
0.00867849
0.00794574
0.0072135
0.00648189
0.00575105
0.00502111
0.00429222
0.00356451
0.00283811
0.00211316
0.00138979
0.000668144
-5.16487e-05
-0.000769452
-0.00148513
-0.00219855
-0.00290958
-0.00361808
-0.00432392
-0.00502697
-0.00572708
-0.00642414
-0.00711801
-0.00780855
-0.00849563
-0.00917913
-0.00985891
-0.0105348
-0.0112068
-0.0118745
-0.0125381
-0.0131974
-0.0138522
0.0137967
0.0130637
0.0123316
0.0116
0.0108681
0.0101358
0.00940317
0.00867053
0.00793798
0.00720565
0.00647364
0.0057421
0.00501115
0.00428094
0.00355159
0.00282325
0.00209606
0.00137015
0.000645678
-7.72253e-05
-0.000798412
-0.00151774
-0.00223505
-0.00295022
-0.00366309
-0.00437351
-0.00508134
-0.00578644
-0.00648865
-0.00718782
-0.00788383
-0.00857651
-0.00926573
-0.00995133
-0.0106332
-0.0113112
-0.0119851
-0.0126549
-0.0133204
-0.0139813
0.0137613
0.0130247
0.0122898
0.0115554
0.0108203
0.0100843
0.00934782
0.008611
0.00787404
0.00713706
0.00640018
0.00566356
0.00492733
0.00419165
0.00345665
0.0027225
0.00198933
0.00125731
0.000526572
-0.000202723
-0.000930424
-0.00165638
-0.00238043
-0.00310243
-0.00382223
-0.00453966
-0.00525457
-0.00596682
-0.00667625
-0.0073827
-0.00808603
-0.00878607
-0.00948269
-0.0101757
-0.010865
-0.0115504
-0.0122318
-0.0129089
-0.0135818
-0.0142503
0.0137125
0.0129692
0.012229
0.0114895
0.0107488
0.0100068
0.00926408
0.00852085
0.00777729
0.00703348
0.00628958
0.00554572
0.00480206
0.00405874
0.00331592
0.00257375
0.00183239
0.00109198
0.00035269
-0.000385331
-0.00112192
-0.00185693
-0.00259018
-0.00332153
-0.00405081
-0.00477786
-0.00550253
-0.00622464
-0.00694404
-0.00766058
-0.00837408
-0.00908439
-0.00979136
-0.0104948
-0.0111946
-0.0118906
-0.0125826
-0.0132704
-0.013954
-0.0146332
0.0136508
0.0128973
0.0121487
0.0114011
0.0106518
0.00990094
0.009149
0.00839638
0.00764322
0.00688962
0.00613572
0.00538167
0.00462762
0.00387375
0.00312019
0.00236711
0.00161467
0.000863037
0.000112365
-0.00063718
-0.00138543
-0.00213223
-0.0028774
-0.00362078
-0.00436221
-0.00510151
-0.00583853
-0.00657308
-0.00730501
-0.00803415
-0.00876034
-0.0094834
-0.0102032
-0.0109195
-0.0116322
-0.0123411
-0.013046
-0.0137468
-0.0144435
-0.0151357
0.0135794
0.0128125
0.012053
0.0112947
0.0105343
0.0097719
0.00900817
0.0082436
0.00747833
0.00671244
0.00594605
0.00517934
0.00441246
0.00364558
0.00287886
0.00211246
0.00134655
0.000581287
-0.000183155
-0.00094661
-0.00170891
-0.00246988
-0.00322935
-0.00398715
-0.0047431
-0.00549705
-0.0062488
-0.0069982
-0.00774506
-0.00848922
-0.00923051
-0.00996875
-0.0107038
-0.0114354
-0.0121635
-0.0128878
-0.0136082
-0.0143246
-0.0150368
-0.0157446
0.0135009
0.0127175
0.0119442
0.0111727
0.0103986
0.009622
0.00884385
0.00806472
0.00728474
0.00650396
0.00572252
0.00494057
0.0041583
0.00337588
0.00259345
0.0018112
0.00102929
0.000247893
-0.00053282
-0.00131268
-0.0020915
-0.00286912
-0.00364536
-0.00442003
-0.00519298
-0.00596401
-0.00673295
-0.00749963
-0.00826386
-0.00902548
-0.0097843
-0.0105401
-0.0112928
-0.0120422
-0.0127881
-0.0135303
-0.0142683
-0.0150026
-0.0157329
-0.0164588
0.0134184
0.0126153
0.0118255
0.0110384
0.0102481
0.00945469
0.00865959
0.00786338
0.00706618
0.00626803
0.00546905
0.00466941
0.0038693
0.00306889
0.00226834
0.00146782
0.00066751
-0.000132417
-0.000931787
-0.00173042
-0.00252814
-0.00332477
-0.00412013
-0.00491404
-0.00570631
-0.00649678
-0.00728525
-0.00807155
-0.00885551
-0.00963695
-0.0104157
-0.0111915
-0.0119644
-0.012734
-0.0135003
-0.014263
-0.0150206
-0.0157749
-0.0165255
-0.0172719
0.0133347
0.0125089
0.0117001
0.0108947
0.0100856
0.009273
0.0084584
0.00764259
0.00682567
0.00600765
0.00518865
0.00436886
0.00354845
0.0027276
0.00190649
0.00108528
0.000264153
-0.000556711
-0.00137713
-0.00219693
-0.00301593
-0.00383394
-0.00465078
-0.00546626
-0.00628021
-0.00709242
-0.00790273
-0.00871094
-0.00951687
-0.0103203
-0.0111211
-0.0119191
-0.012714
-0.0135056
-0.0142938
-0.0150784
-0.0158604
-0.016638
-0.0174114
-0.0181806
0.0132531
0.0124016
0.0115709
0.0107449
0.00991455
0.00908008
0.00824345
0.00740553
0.00656639
0.00572603
0.00488455
0.00404213
0.00319898
0.00235526
0.00151116
0.000666844
-0.000177502
-0.0010217
-0.00186556
-0.00270891
-0.00355155
-0.00439331
-0.005234
-0.00607342
-0.0069114
-0.00774775
-0.00858227
-0.00941479
-0.0102451
-0.0110731
-0.0118984
-0.0127211
-0.0135408
-0.0143574
-0.0151707
-0.0159805
-0.0167871
-0.0175897
-0.0183881
-0.0191822
0.0131767
0.0122964
0.0114413
0.010592
0.00973787
0.00887903
0.00801782
0.00715525
0.00629139
0.00542617
0.00455971
0.0036922
0.00282384
0.0019548
0.00108527
0.000215417
-0.000654571
-0.00152451
-0.00239422
-0.0032635
-0.00413218
-0.00500007
-0.00586697
-0.00673271
-0.00759708
-0.00845991
-0.00932099
-0.0101802
-0.0110372
-0.0118919
-0.0127442
-0.0135938
-0.0144405
-0.0152842
-0.0161247
-0.0169617
-0.0177954
-0.0186252
-0.019451
-0.0202727
0.0131089
0.0121967
0.0113143
0.0104392
0.00955874
0.00867295
0.00778456
0.00689479
0.00600365
0.00511105
0.0042171
0.00332199
0.00242593
0.00152909
0.00063166
-0.000266181
-0.00116425
-0.00206236
-0.00296033
-0.00385796
-0.00475507
-0.00565147
-0.00654697
-0.00744138
-0.00833451
-0.00922617
-0.0101162
-0.0110043
-0.0118904
-0.0127743
-0.0136557
-0.0145346
-0.0154107
-0.0162838
-0.0171537
-0.0180203
-0.0188835
-0.019743
-0.0205986
-0.0214502
0.0130531
0.0121057
0.0111933
0.0102897
0.0093803
0.00846491
0.00754672
0.00662711
0.00570611
0.00478355
0.00385954
0.00293428
0.00200798
0.00108083
0.000152998
-0.000775325
-0.00170395
-0.0026327
-0.00356138
-0.00448981
-0.00541778
-0.00634512
-0.00727163
-0.00819711
-0.00912139
-0.0100443
-0.0109655
-0.011885
-0.0128026
-0.0137179
-0.0146309
-0.0155414
-0.0164492
-0.017354
-0.0182558
-0.0191543
-0.0200494
-0.0209409
-0.0218287
-0.0227124
0.0130128
0.012027
0.0110814
0.0101467
0.00920566
0.00825797
0.00730727
0.00635516
0.00540163
0.00444648
0.00348979
0.00253177
0.00157265
0.000612605
-0.00034818
-0.00130952
-0.00227124
-0.00323314
-0.00419503
-0.00515672
-0.00611803
-0.00707876
-0.00803872
-0.00899772
-0.00995557
-0.0109121
-0.011867
-0.0128203
-0.0137716
-0.0147209
-0.0156678
-0.0166123
-0.0175541
-0.0184931
-0.019429
-0.0203617
-0.0212911
-0.022217
-0.0231393
-0.0240576
0.0129913
0.0119638
0.0109821
0.0100134
0.00903797
0.00805518
0.0070692
0.00608182
0.00509303
0.00410257
0.00311051
0.00211706
0.00112246
0.000126893
-0.000869466
-0.00186643
-0.00286381
-0.00386143
-0.00485908
-0.00585658
-0.00685375
-0.00785038
-0.00884628
-0.00984128
-0.0108352
-0.0118278
-0.0128189
-0.0138083
-0.0147959
-0.0157814
-0.0167647
-0.0177455
-0.0187238
-0.0196993
-0.0206718
-0.0216411
-0.0226072
-0.0235699
-0.024529
-0.0254842
0.0129925
0.0119198
0.0108986
0.0098931
0.00888036
0.0078596
0.00683544
0.00580995
0.00478307
0.0037545
0.00272429
0.00169267
0.000659853
-0.000373955
-0.00140858
-0.00244384
-0.00347954
-0.0045155
-0.00555153
-0.00658744
-0.00762303
-0.00865813
-0.00969253
-0.010726
-0.0117585
-0.0127897
-0.0138194
-0.0148475
-0.0158738
-0.0168981
-0.0179201
-0.0189399
-0.019957
-0.0209714
-0.0219829
-0.0229911
-0.0239963
-0.0249982
-0.0259966
-0.0269912
0.0130199
0.0118983
0.0108344
0.00978894
0.00873597
0.00767423
0.00660892
0.00554235
0.00447446
0.00340489
0.00233366
0.001261
0.000187154
-0.00088769
-0.00196335
-0.00303965
-0.00411641
-0.00519343
-0.00627052
-0.0073475
-0.00842417
-0.00950036
-0.0105759
-0.0116505
-0.0127241
-0.0137964
-0.0148673
-0.0159367
-0.0170042
-0.0180697
-0.0191331
-0.0201941
-0.0212526
-0.0223084
-0.0233613
-0.0244109
-0.0254575
-0.0265011
-0.0275411
-0.0285775
0.0130772
0.0119031
0.0107928
0.00970425
0.00860794
0.00750213
0.00639253
0.00528181
0.00416988
0.00305629
0.00194106
0.000824414
-0.000293392
-0.00141217
-0.00253174
-0.00365193
-0.00477255
-0.00589341
-0.00701433
-0.00813513
-0.0092556
-0.0103756
-0.0114949
-0.0126133
-0.0137307
-0.0148468
-0.0159615
-0.0170746
-0.0181859
-0.0192952
-0.0204025
-0.0215074
-0.0226098
-0.0237095
-0.0248063
-0.0258996
-0.0269901
-0.0280778
-0.029162
-0.0302426
0.0131684
0.0119379
0.0107774
0.00964234
0.00849946
0.0073463
0.00618919
0.0050311
0.00387194
0.0027112
0.00154886
0.000385162
-0.000779641
-0.00194536
-0.00311181
-0.00427883
-0.00544623
-0.00661382
-0.00778143
-0.00894886
-0.0101159
-0.0112825
-0.0124483
-0.0136132
-0.0147771
-0.0159397
-0.0171008
-0.0182604
-0.0194182
-0.020574
-0.0217277
-0.0228791
-0.0240279
-0.025174
-0.0263171
-0.0274558
-0.0285927
-0.0297272
-0.0308583
-0.0319858
0.0132974
0.0120063
0.0107916
0.00960656
0.00841371
0.0072098
0.00600175
0.00479293
0.00358323
0.00237207
0.00115938
-5.45732e-05
-0.00126954
-0.00248532
-0.00370175
-0.00491865
-0.00613585
-0.00735316
-0.0085704
-0.0097874
-0.011004
-0.0122199
-0.0134351
-0.0146493
-0.0158624
-0.0170742
-0.0182845
-0.0194933
-0.0207002
-0.0219053
-0.0231084
-0.0243095
-0.0255085
-0.0267054
-0.0279002
-0.0290833
-0.0302675
-0.031451
-0.0326313
-0.0338079
0.0134682
0.0121122
0.0108391
0.00960029
0.00835392
0.00709568
0.00583312
0.00457003
0.00330632
0.0020413
0.000774874
-0.000492685
-0.00176111
-0.00303022
-0.00429985
-0.00556982
-0.00683997
-0.0081101
-0.00938004
-0.0106496
-0.0119187
-0.013187
-0.0144544
-0.0157208
-0.0169859
-0.0182496
-0.0195117
-0.020772
-0.0220303
-0.0232865
-0.0245403
-0.0257915
-0.0270397
-0.0282847
-0.029526
-0.0307727
-0.0320129
-0.0332479
-0.0344793
-0.0357076
0.0136851
0.0122596
0.0109236
0.00962701
0.00832335
0.00700701
0.00568617
0.0043651
0.00304372
0.00172125
0.000397538
-0.000927129
-0.00225248
-0.00357834
-0.00490453
-0.00623089
-0.00755726
-0.00888345
-0.0102093
-0.0115346
-0.0128593
-0.0141831
-0.0155058
-0.0168274
-0.0181476
-0.0194662
-0.0207832
-0.0220983
-0.0234115
-0.0247224
-0.0260311
-0.0273373
-0.028641
-0.029942
-0.0312402
-0.0325374
-0.0338304
-0.0351194
-0.036405
-0.0376874
0.0139522
0.0124525
0.0110487
0.00969022
0.00832532
0.00694692
0.00556384
0.00418087
0.00279798
0.00141426
2.95383e-05
-0.00135591
-0.00274182
-0.00412798
-0.00551426
-0.00690049
-0.00828651
-0.00967215
-0.0110572
-0.0124416
-0.0138251
-0.0152075
-0.0165888
-0.0179687
-0.019347
-0.0207237
-0.0220986
-0.0234715
-0.0248423
-0.0262108
-0.0275769
-0.0289405
-0.0303014
-0.0316595
-0.0330144
-0.0343675
-0.0357172
-0.0370633
-0.0384061
-0.0397455
0.0142742
0.0126952
0.0112184
0.00979354
0.00836322
0.00691856
0.00546904
0.00402006
0.00257161
0.00112266
-0.000326997
-0.0017771
-0.00322736
-0.00467758
-0.00612763
-0.00757736
-0.0090266
-0.0104752
-0.011923
-0.0133698
-0.0148155
-0.0162599
-0.017703
-0.0191444
-0.0205841
-0.0220219
-0.0234577
-0.0248914
-0.0263228
-0.0277518
-0.0291782
-0.0306019
-0.0320228
-0.0334408
-0.0348553
-0.0362677
-0.037677
-0.0390828
-0.0404852
-0.0418841
0.0146555
0.0129919
0.0114366
0.00994067
0.00844052
0.00692517
0.00540478
0.00388541
0.00236712
0.000848758
-0.000669972
-0.00218879
-0.0037074
-0.00522561
-0.0067433
-0.00826033
-0.00977654
-0.0112918
-0.0128059
-0.0143187
-0.0158302
-0.01734
-0.0188482
-0.0203545
-0.0218588
-0.023361
-0.024861
-0.0263586
-0.0278537
-0.0293461
-0.0308359
-0.0323227
-0.0338065
-0.0352872
-0.0367639
-0.0382385
-0.0397102
-0.0411784
-0.0426431
-0.0441042
0.015101
0.0133471
0.0117075
0.0101354
0.00856077
0.00697003
0.00537408
0.00377971
0.00218707
0.000594845
-0.000997314
-0.00258913
-0.0041803
-0.00577064
-0.00736004
-0.00894836
-0.0105355
-0.0121212
-0.0137054
-0.015288
-0.0168688
-0.0184477
-0.0200245
-0.0215992
-0.0231715
-0.0247415
-0.0263089
-0.0278736
-0.0294356
-0.0309948
-0.0325509
-0.0341039
-0.0356536
-0.0371999
-0.0387414
-0.040281
-0.041818
-0.0433515
-0.0448812
-0.0464072
0.0156159
0.0137656
0.0120353
0.0103818
0.00872763
0.00705654
0.00538004
0.00370578
0.002034
0.00036323
-0.00130696
-0.0029763
-0.00464447
-0.0063113
-0.00797668
-0.00964048
-0.0113026
-0.0129629
-0.0146211
-0.0162773
-0.0179313
-0.019583
-0.0212322
-0.0228788
-0.0245227
-0.0261639
-0.0278021
-0.0294374
-0.0310697
-0.0326987
-0.0343245
-0.0359469
-0.0375657
-0.0391805
-0.0407884
-0.0423959
-0.0440014
-0.0456033
-0.047201
-0.0487947
0.0162052
0.0142523
0.0124246
0.0106838
0.00894493
0.00718819
0.00542586
0.00366651
0.00191052
0.000156237
-0.00159687
-0.00334851
-0.00509837
-0.00684628
-0.00859215
-0.0103359
-0.0120773
-0.0138163
-0.0155529
-0.0172868
-0.0190179
-0.0207462
-0.0224716
-0.0241939
-0.025913
-0.0276289
-0.0293416
-0.0310508
-0.0327567
-0.0344592
-0.0361583
-0.0378542
-0.0395471
-0.0412367
-0.0429106
-0.0445874
-0.0462641
-0.0479368
-0.049605
-0.051269
0.0168747
0.0148123
0.0128799
0.0110458
0.0092166
0.00736861
0.00551482
0.00366487
0.00181928
-2.37763e-05
-0.00186495
-0.00370397
-0.00554048
-0.00737433
-0.00920544
-0.0110337
-0.0128591
-0.0146813
-0.0165005
-0.0183163
-0.0201288
-0.0219379
-0.0237434
-0.0255453
-0.0273434
-0.0291377
-0.0309282
-0.0327146
-0.034497
-0.0362752
-0.038049
-0.0398182
-0.0415825
-0.0433414
-0.0451035
-0.046859
-0.0486086
-0.0503539
-0.0520951
-0.0538322
0.01763
0.0154511
0.0134062
0.0114723
0.00954678
0.00760157
0.00565034
0.00370392
0.00176303
-0.000174398
-0.00210913
-0.00404087
-0.00596929
-0.00789423
-0.00981561
-0.0117334
-0.0136474
-0.0155577
-0.017464
-0.0193664
-0.0212647
-0.0231588
-0.0250487
-0.0269343
-0.0288155
-0.0306923
-0.0325645
-0.0344322
-0.0362952
-0.0381534
-0.0400069
-0.0418554
-0.043699
-0.0455373
-0.047378
-0.0492109
-0.0510367
-0.0528577
-0.0546746
-0.0564874
0.0184774
0.0161743
0.0140086
0.0119679
0.00993981
0.00789103
0.00583598
0.00378686
0.00174459
-0.000293145
-0.00232724
-0.00435741
-0.0063833
-0.00840476
-0.0104218
-0.0124342
-0.0144421
-0.0164453
-0.0184437
-0.0204373
-0.022426
-0.0244097
-0.0263884
-0.0283621
-0.0303307
-0.032294
-0.0342522
-0.0362051
-0.0381528
-0.0400951
-0.0420321
-0.0439637
-0.0458898
-0.0478096
-0.0497282
-0.0516407
-0.0535469
-0.0554479
-0.0573441
-0.0592356
0.0194234
0.0169881
0.0146926
0.0125377
0.0104003
0.00824113
0.00607549
0.00391702
0.0017669
-0.000377448
-0.00251708
-0.00465173
-0.006781
-0.00890475
-0.011023
-0.0131356
-0.0152427
-0.017344
-0.0194396
-0.0215295
-0.0236135
-0.0256916
-0.0277638
-0.02983
-0.0318903
-0.0339446
-0.0359929
-0.0380352
-0.0400714
-0.0421015
-0.0441255
-0.0461433
-0.0481547
-0.0501582
-0.0521595
-0.0541556
-0.0561455
-0.0581294
-0.0601078
-0.0620809
0.0204749
0.0178988
0.0154639
0.0131869
0.0109329
0.00865627
0.0063728
0.00409789
0.00183305
-0.000424625
-0.00267637
-0.00492191
-0.00716083
-0.009393
-0.0116184
-0.0138371
-0.016049
-0.0182541
-0.0204523
-0.0226436
-0.024828
-0.0270055
-0.029176
-0.0313396
-0.0334962
-0.0356459
-0.0377886
-0.0399245
-0.0420534
-0.0441753
-0.0462903
-0.0483981
-0.0504985
-0.0525883
-0.0546763
-0.0567597
-0.0588364
-0.0609062
-0.0629696
-0.0650271
0.0216391
0.0189132
0.0163287
0.0139211
0.011543
0.00914108
0.00673205
0.00433318
0.00194629
-0.000431867
-0.00280271
-0.00516597
-0.00752121
-0.00986831
-0.0122073
-0.0145382
-0.016861
-0.0191756
-0.0214821
-0.0237805
-0.0260707
-0.0283527
-0.0306266
-0.0328924
-0.0351502
-0.0373999
-0.0396417
-0.0418757
-0.0441018
-0.0463202
-0.0485307
-0.0507325
-0.0529246
-0.0551001
-0.0572779
-0.0594534
-0.0616212
-0.0637804
-0.0659321
-0.068077
0.022924
0.0200387
0.0172935
0.0147462
0.0122358
0.00970049
0.00715768
0.00462679
0.00211004
-0.000396203
-0.0028936
-0.00538185
-0.0078605
-0.0103294
-0.0127887
-0.0152384
-0.0176785
-0.0201089
-0.0225297
-0.024941
-0.0273426
-0.0297348
-0.0321174
-0.0344905
-0.0368543
-0.0392088
-0.0415541
-0.0438904
-0.0462182
-0.0485382
-0.0508515
-0.0531597
-0.0554641
-0.057715
-0.0599806
-0.062249
-0.064509
-0.0667595
-0.0690019
-0.0712367
0.0243376
0.0212827
0.0183651
0.0156685
0.0130172
0.0103398
0.00765437
0.0049829
0.00232798
-0.000314476
-0.00294635
-0.00556735
-0.00817697
-0.0107751
-0.0133619
-0.0159373
-0.0185014
-0.0210543
-0.0235959
-0.0261262
-0.0286454
-0.0311535
-0.0336504
-0.0361363
-0.0386113
-0.0410752
-0.0435282
-0.0459701
-0.0484008
-0.0508197
-0.0532257
-0.0556171
-0.0579917
-0.0604024
-0.0627852
-0.0651476
-0.0674999
-0.0698447
-0.0721811
-0.074509
0.0258888
0.0226536
0.0195509
0.0166947
0.0138934
0.0110645
0.00822715
0.00540596
0.002604
-0.000183309
-0.00295812
-0.00572012
-0.00846876
-0.0112039
-0.0139258
-0.0166344
-0.0193299
-0.0220121
-0.0246813
-0.0273375
-0.0299806
-0.0326109
-0.0352283
-0.037833
-0.0404249
-0.0430043
-0.045571
-0.0481253
-0.0506672
-0.0531967
-0.055714
-0.0582196
-0.0607123
-0.0632075
-0.0656857
-0.068148
-0.0705998
-0.0730425
-0.0754757
-0.0778992
0.0275868
0.02416
0.0208587
0.0178321
0.0148709
0.0118806
0.00888139
0.00590074
0.0029423
9.19631e-07
-0.00292584
-0.00583764
-0.00873387
-0.0116144
-0.0144795
-0.0173293
-0.0201637
-0.0229829
-0.0257869
-0.0285759
-0.0313499
-0.034109
-0.0368533
-0.0395829
-0.042298
-0.0449987
-0.047685
-0.0503572
-0.0530153
-0.0556595
-0.0582897
-0.0609058
-0.0635045
-0.0661008
-0.0686846
-0.0712537
-0.0738101
-0.0763548
-0.0788884
-0.0814109
0.0294414
0.025811
0.0222969
0.0190883
0.0159568
0.0127946
0.00962283
0.00647236
0.00334738
0.000242113
-0.00284621
-0.00591718
-0.00897014
-0.012005
-0.015022
-0.0180213
-0.0210029
-0.0239669
-0.0269135
-0.0298427
-0.0327547
-0.0356496
-0.0385276
-0.0413887
-0.0442332
-0.0470613
-0.0498729
-0.0526685
-0.0554479
-0.0582113
-0.0609585
-0.0636893
-0.0663972
-0.0691029
-0.0717979
-0.074477
-0.0771406
-0.0797902
-0.0824269
-0.0850511
0.031463
0.0276165
0.0238743
0.0204714
0.0171587
0.0138133
0.0104576
0.00712633
0.00382411
0.000544484
-0.00271563
-0.00595579
-0.00917521
-0.0123739
-0.015552
-0.0187097
-0.0218472
-0.0249646
-0.0280619
-0.0311393
-0.034197
-0.0372351
-0.0402538
-0.0432533
-0.0462338
-0.0491955
-0.0521387
-0.0550637
-0.0579706
-0.0608594
-0.0637288
-0.0665774
-0.0693915
-0.0722108
-0.0750236
-0.0778181
-0.0805932
-0.0833517
-0.0860953
-0.0888244
0.0336625
0.0295867
0.0256003
0.02199
0.0184845
0.014944
0.0113924
0.00786856
0.00437771
0.000912587
-0.00253024
-0.00595022
-0.0093465
-0.0127191
-0.0160681
-0.019394
-0.0226967
-0.0259763
-0.0292331
-0.0324672
-0.0356786
-0.0388678
-0.0420347
-0.0451797
-0.0483029
-0.0514046
-0.0544853
-0.0575455
-0.0605862
-0.0636094
-0.0666175
-0.0696106
-0.0725249
-0.075456
-0.0783845
-0.0812932
-0.084181
-0.0870506
-0.0899033
-0.0927394
0.0360513
0.0317324
0.0274848
0.0236536
0.0199428
0.0161945
0.0124343
0.00870541
0.00501383
0.00135135
-0.0022858
-0.00589697
-0.00948118
-0.0130384
-0.016569
-0.0200731
-0.0235509
-0.0270025
-0.030428
-0.0338277
-0.0372017
-0.0405502
-0.0438734
-0.0471715
-0.0504448
-0.0536932
-0.0569169
-0.0601156
-0.0632885
-0.0664338
-0.069549
-0.0726313
-0.0757657
-0.078848
-0.0818879
-0.084906
-0.0879075
-0.0908911
-0.0938555
-0.0968011
0.0386414
0.034065
0.0295383
0.0254717
0.0215427
0.0175732
0.0135908
0.00964373
0.00573857
0.00186613
-0.00197772
-0.00579217
-0.00957612
-0.0133296
-0.0170528
-0.0207461
-0.0244096
-0.0280434
-0.0316476
-0.0352225
-0.0387683
-0.0422852
-0.0457734
-0.0492332
-0.0526647
-0.0560683
-0.059444
-0.0627921
-0.0661127
-0.0694059
-0.072673
-0.0759087
-0.0791435
-0.0823437
-0.0855107
-0.0886542
-0.0917769
-0.0948783
-0.0979579
-0.101016
0.0414453
0.0365965
0.0317718
0.0274549
0.023294
0.019089
0.0148701
0.0106909
0.00655851
0.00246272
-0.00160099
-0.00563159
-0.00962785
-0.0135897
-0.0175176
-0.0214118
-0.0252722
-0.0290991
-0.0328927
-0.0366531
-0.0403805
-0.0440753
-0.0477377
-0.051368
-0.0549665
-0.0585335
-0.0620694
-0.0655742
-0.0690479
-0.0724896
-0.0758988
-0.0792653
-0.0826277
-0.0859656
-0.0892709
-0.0925461
-0.0957948
-0.0990181
-0.102216
-0.10539
0.044476
0.0393392
0.034197
0.0296139
0.0252067
0.0207514
0.0162808
0.0118547
0.00748073
0.00314738
-0.00115016
-0.00541061
-0.00963257
-0.013816
-0.0179613
-0.0220686
-0.0261381
-0.0301699
-0.034164
-0.0381208
-0.0420404
-0.0459231
-0.0497693
-0.0535792
-0.0573533
-0.0610922
-0.0647965
-0.0684668
-0.0721029
-0.0757018
-0.0792587
-0.0827515
-0.0862528
-0.089737
-0.0931837
-0.0965934
-0.0999716
-0.103321
-0.106641
-0.109933
0.0477467
0.0423059
0.0368258
0.0319604
0.0272918
0.0225703
0.0178322
0.0131437
0.00851287
0.00392691
-0.000619294
-0.00512414
-0.00958604
-0.014005
-0.0183813
-0.0227151
-0.0270065
-0.0312556
-0.0354624
-0.0396272
-0.0437502
-0.0478316
-0.0518716
-0.0558707
-0.0598291
-0.0637477
-0.0676274
-0.0714705
-0.0752825
-0.0790725
-0.0828522
-0.0864294
-0.0900583
-0.093682
-0.0972653
-0.100809
-0.104319
-0.107796
-0.11124
-0.114653
0.0512712
0.0455099
0.0396708
0.0345063
0.0295607
0.0245564
0.019534
0.0145668
0.00966312
0.00480865
-1.93067e-06
-0.00476661
-0.00948361
-0.0141529
-0.0187747
-0.0233491
-0.0278763
-0.032356
-0.0367886
-0.0411739
-0.0455124
-0.049804
-0.054049
-0.0582475
-0.0623998
-0.0665057
-0.0705646
-0.0745746
-0.0785302
-0.0824218
-0.0862333
-0.0901916
-0.0940347
-0.0977951
-0.101513
-0.105197
-0.108843
-0.112452
-0.116023
-0.119558
0.0550631
0.0489647
0.042745
0.0372642
0.0320251
0.0267207
0.0213967
0.0161337
0.0109403
0.00580051
0.000708943
-0.00433194
-0.00932012
-0.0142555
-0.0191383
-0.0239685
-0.0287461
-0.0334709
-0.038143
-0.0427624
-0.0473293
-0.0518438
-0.0563059
-0.060716
-0.0650742
-0.0693804
-0.0736347
-0.0778369
-0.0819867
-0.0860867
-0.0901278
-0.0941737
-0.0981536
-0.10207
-0.10594
-0.109768
-0.113554
-0.117297
-0.120998
-0.124657
0.0591361
0.0526834
0.0460614
0.0402469
0.0346975
0.0290749
0.023431
0.0178545
0.0123537
0.00691104
0.00152094
-0.00381345
-0.00908984
-0.0143081
-0.0194683
-0.0245704
-0.0296142
-0.0345994
-0.0395259
-0.0443938
-0.0492031
-0.0539539
-0.0586462
-0.0632804
-0.0678566
-0.0723754
-0.0768371
-0.0812421
-0.0855888
-0.0898752
-0.0940767
-0.0982767
-0.102429
-0.106517
-0.110548
-0.114528
-0.118458
-0.12234
-0.126174
-0.12996
0.0635034
0.0566793
0.0496333
0.0434678
0.0375908
0.0316311
0.0256485
0.0197401
0.0139136
0.00814939
0.00244231
-0.00320385
-0.00878649
-0.0143054
-0.0197606
-0.0251518
-0.0304785
-0.0357404
-0.0409373
-0.0460691
-0.0511356
-0.056137
-0.0610731
-0.0659441
-0.0707504
-0.0754923
-0.0801709
-0.0847881
-0.0893462
-0.0938481
-0.0982114
-0.102583
-0.106909
-0.111165
-0.115358
-0.119492
-0.123571
-0.127594
-0.131563
-0.135478
0.0681774
0.0609645
0.0534735
0.0469404
0.0407179
0.0344017
0.0280611
0.0218019
0.0156305
0.00952542
0.00348196
-0.00249518
-0.00840313
-0.0142416
-0.0200103
-0.0257088
-0.0313364
-0.0368925
-0.0423768
-0.047789
-0.0531288
-0.058396
-0.0635905
-0.0687122
-0.0737611
-0.0787369
-0.0836393
-0.0884671
-0.0932185
-0.0978856
-0.102522
-0.107099
-0.111597
-0.11602
-0.120378
-0.124672
-0.128902
-0.13307
-0.137175
-0.141221
0.0731685
0.0655498
0.0575948
0.0506784
0.0440925
0.0373995
0.0306811
0.0240518
0.0175158
0.0110496
0.00464951
-0.00167878
-0.00793211
-0.01411
-0.0202121
-0.0262374
-0.0321849
-0.0380539
-0.0438438
-0.0495541
-0.0551842
-0.060734
-0.0662029
-0.0715908
-0.0768973
-0.0821218
-0.0872631
-0.0923178
-0.0972827
-0.10214
-0.107027
-0.111811
-0.116492
-0.121092
-0.125621
-0.130079
-0.134464
-0.138779
-0.143024
-0.147201
0.0784825
0.0704425
0.0620082
0.0546956
0.0477279
0.0406371
0.0335211
0.0265025
0.0195816
0.0127332
0.00595533
-0.000745189
-0.00736501
-0.0139035
-0.0203598
-0.0267325
-0.0330202
-0.0392221
-0.045337
-0.0513644
-0.0573034
-0.0631534
-0.068914
-0.0745848
-0.0801656
-0.0856562
-0.0910565
-0.0963631
-0.101572
-0.106644
-0.111723
-0.116715
-0.121598
-0.126388
-0.131097
-0.135724
-0.140269
-0.144734
-0.149121
-0.153431
0.0841182
0.0756426
0.0667219
0.0590048
0.0516369
0.0441269
0.0365943
0.0291673
0.0218406
0.0145883
0.00741063
0.00031589
-0.0066926
-0.0136139
-0.0204465
-0.0271885
-0.0338382
-0.0403941
-0.046855
-0.0532197
-0.0594872
-0.0656565
-0.0717269
-0.0776977
-0.0835686
-0.0893399
-0.0950143
-0.100598
-0.106099
-0.111365
-0.11665
-0.121853
-0.126942
-0.131928
-0.136821
-0.141622
-0.146331
-0.15095
-0.15548
-0.159923
0.09007
0.0811422
0.0717397
0.0636166
0.0558298
0.0478795
0.0399131
0.0320597
0.0243061
0.0166273
0.00902736
0.00151557
-0.00590485
-0.0132324
-0.0204647
-0.0275992
-0.0346338
-0.0415664
-0.0483954
-0.0551191
-0.0617362
-0.0682454
-0.0746453
-0.0809347
-0.0871118
-0.093174
-0.0991154
-0.104927
-0.110588
-0.116273
-0.121831
-0.127244
-0.132537
-0.137726
-0.14281
-0.147791
-0.152667
-0.157442
-0.162117
-0.166694
0.0963379
0.0869384
0.077073
0.0685443
0.0603158
0.0519048
0.0434906
0.035194
0.0269923
0.0188646
0.0108197
0.00286724
-0.00498941
-0.0127478
-0.0204045
-0.0279562
-0.0354001
-0.0427336
-0.0499545
-0.0570606
-0.0640501
-0.0709213
-0.0776726
-0.0843023
-0.0908084
-0.0971879
-0.103434
-0.10954
-0.115465
-0.12143
-0.127239
-0.132883
-0.138398
-0.143797
-0.14908
-0.154244
-0.159293
-0.164226
-0.169048
-0.17376
0.102892
0.0930362
0.0827514
0.0738128
0.0651072
0.0562125
0.047338
0.0385811
0.0299095
0.0213105
0.0127975
0.00437989
-0.0039386
-0.0121539
-0.0202614
-0.0282568
-0.0361364
-0.043897
-0.0515353
-0.0590489
-0.0664352
-0.0736922
-0.080818
-0.0878109
-0.0946693
-0.101392
-0.107977
-0.114422
-0.120615
-0.126824
-0.132893
-0.13879
-0.144543
-0.150163
-0.155651
-0.161006
-0.16623
-0.171325
-0.176294
-0.18114
0.109524
0.0993518
0.0887796
0.0794426
0.0702143
0.0608109
0.0514608
0.0422208
0.0330551
0.0239625
0.0149589
0.00605216
-0.00275283
-0.0114503
-0.0200344
-0.0284997
-0.0368415
-0.0450554
-0.0531375
-0.0610844
-0.0688928
-0.0765604
-0.084085
-0.0914643
-0.098696
-0.105775
-0.112698
-0.119446
-0.126016
-0.132515
-0.138841
-0.144993
-0.150991
-0.156841
-0.162541
-0.168092
-0.173496
-0.178756
-0.183874
-0.188852
0.115794
0.105637
0.0951748
0.0855558
0.075819
0.0659284
0.0561006
0.0463524
0.0366627
0.0270456
0.0175175
0.00808644
-0.0012407
-0.0104563
-0.0195532
-0.0285248
-0.0373651
-0.0460685
-0.05463
-0.0630451
-0.0713097
-0.0794207
-0.0873756
-0.0951727
-0.10281
-0.110277
-0.117549
-0.124532
-0.131613
-0.138451
-0.145048
-0.151466
-0.157723
-0.163815
-0.169738
-0.175494
-0.181086
-0.186516
-0.191786
-0.196899
0.120859
0.110873
0.100932
0.0911034
0.0809553
0.0706838
0.0604322
0.0502037
0.0400084
0.0298734
0.019818
0.00985439
-6.23168e-06
-0.0097533
-0.0193774
-0.0288699
-0.0382231
-0.0474296
-0.0564828
-0.0653767
-0.0741056
-0.0826649
-0.0910505
-0.0992605
-0.107297
-0.115168
-0.122883
-0.130286
-0.137673
-0.144805
-0.15169
-0.158382
-0.164894
-0.171219
-0.177357
-0.183308
-0.189077
-0.194665
-0.200074
-0.205309
-0.0145025
-0.015148
-0.0157886
-0.0164243
-0.0170549
-0.0176803
-0.0183003
-0.018915
-0.0195241
-0.0201275
-0.0207251
-0.0213169
-0.0219027
-0.0224824
-0.0230558
-0.023623
-0.0241838
-0.024738
-0.0252856
-0.0258265
-0.0263607
-0.0268879
-0.0274081
-0.0279212
-0.0284272
-0.0289259
-0.0294172
-0.0299011
-0.0303775
-0.0308463
-0.0313074
-0.0317608
-0.0322063
-0.0326439
-0.0330735
-0.0334951
-0.0339086
-0.0343139
-0.0347109
-0.0350996
-0.0146377
-0.0152894
-0.0159362
-0.016578
-0.0172146
-0.017846
-0.018472
-0.0190925
-0.0197074
-0.0203165
-0.0209197
-0.0215169
-0.022108
-0.0226928
-0.0232713
-0.0238433
-0.0244088
-0.0249675
-0.0255195
-0.0260646
-0.0266028
-0.0271338
-0.0276576
-0.0281742
-0.0286834
-0.0291852
-0.0296794
-0.030166
-0.0306449
-0.031116
-0.0315792
-0.0320345
-0.0324819
-0.0329211
-0.0333523
-0.0337752
-0.0341899
-0.0345963
-0.0349943
-0.0353838
-0.0149141
-0.0155732
-0.0162274
-0.0168766
-0.0175206
-0.0181593
-0.0187926
-0.0194203
-0.0200424
-0.0206586
-0.021269
-0.0218732
-0.0224713
-0.0230631
-0.0236485
-0.0242273
-0.0247995
-0.025365
-0.0259237
-0.0264754
-0.02702
-0.0275575
-0.0280878
-0.0286108
-0.0291263
-0.0296343
-0.0301348
-0.0306275
-0.0311126
-0.0315898
-0.0320591
-0.0325205
-0.0329738
-0.033419
-0.0338561
-0.034285
-0.0347056
-0.0351179
-0.0355218
-0.0359173
-0.0153078
-0.0159776
-0.0166426
-0.0173026
-0.0179574
-0.0186069
-0.0192509
-0.0198894
-0.0205222
-0.0211491
-0.0217701
-0.0223849
-0.0229935
-0.0235958
-0.0241917
-0.0247809
-0.0253635
-0.0259393
-0.0265081
-0.02707
-0.0276247
-0.0281722
-0.0287125
-0.0292453
-0.0297706
-0.0302884
-0.0307985
-0.0313009
-0.0317954
-0.0322821
-0.0327608
-0.0332315
-0.0336942
-0.0341486
-0.0345949
-0.0350329
-0.0354626
-0.035884
-0.0362969
-0.0367012
-0.0158234
-0.0165063
-0.0171844
-0.0178574
-0.0185253
-0.0191879
-0.019845
-0.0204966
-0.0211424
-0.0217823
-0.0224163
-0.0230442
-0.0236658
-0.024281
-0.0248897
-0.0254919
-0.0260873
-0.0266759
-0.0272576
-0.0278322
-0.0283996
-0.0289599
-0.0295128
-0.0300583
-0.0305962
-0.0311266
-0.0316493
-0.0321643
-0.0326714
-0.0331707
-0.033662
-0.0341452
-0.0346204
-0.0350874
-0.0355463
-0.0359969
-0.0364393
-0.0368733
-0.0372989
-0.0377159
-0.0164479
-0.0171466
-0.0178403
-0.0185291
-0.0192128
-0.0198911
-0.020564
-0.0212314
-0.021893
-0.0225487
-0.0231985
-0.0238422
-0.0244796
-0.0251106
-0.0257351
-0.0263531
-0.0269643
-0.0275686
-0.028166
-0.0287564
-0.0293396
-0.0299156
-0.0304843
-0.0310455
-0.0315992
-0.0321453
-0.0326838
-0.0332145
-0.0337373
-0.0342523
-0.0347594
-0.0352584
-0.0357494
-0.0362322
-0.0367069
-0.0371734
-0.0376316
-0.0380816
-0.0385232
-0.038956
-0.0171802
-0.0178969
-0.0186088
-0.0193158
-0.0200177
-0.0207142
-0.0214054
-0.022091
-0.0227709
-0.023445
-0.024113
-0.024775
-0.0254308
-0.0260802
-0.0267231
-0.0273594
-0.027989
-0.0286117
-0.0292276
-0.0298364
-0.0304381
-0.0310326
-0.0316197
-0.0321994
-0.0327717
-0.0333364
-0.0338934
-0.0344428
-0.0349843
-0.035518
-0.0360438
-0.0365617
-0.0370715
-0.0375733
-0.038067
-0.0385525
-0.0390298
-0.0394989
-0.0399599
-0.0404118
-0.0180138
-0.0187511
-0.0194835
-0.0202111
-0.0209336
-0.0216508
-0.0223627
-0.0230691
-0.0237698
-0.0244647
-0.0251536
-0.0258365
-0.0265132
-0.0271835
-0.0278474
-0.0285048
-0.0291554
-0.0297993
-0.0304363
-0.0310663
-0.0316892
-0.032305
-0.0329134
-0.0335145
-0.0341082
-0.0346944
-0.0352729
-0.0358439
-0.0364071
-0.0369625
-0.0375101
-0.0380498
-0.0385816
-0.0391054
-0.0396212
-0.0401289
-0.0406286
-0.0411201
-0.0416036
-0.0420778
-0.0189453
-0.0197056
-0.020461
-0.0212117
-0.0219572
-0.0226976
-0.0234327
-0.0241623
-0.0248863
-0.0256045
-0.0263168
-0.0270231
-0.0277232
-0.0284171
-0.0291045
-0.0297855
-0.0304598
-0.0311275
-0.0317882
-0.0324421
-0.0330889
-0.0337286
-0.0343611
-0.0349864
-0.0356042
-0.0362147
-0.0368176
-0.037413
-0.0380007
-0.0385808
-0.0391531
-0.0397177
-0.0402744
-0.0408233
-0.0413643
-0.0418973
-0.0424224
-0.0429396
-0.0434488
-0.0439485
-0.0199721
-0.0207576
-0.0215383
-0.0223143
-0.0230853
-0.0238512
-0.0246118
-0.025367
-0.0261166
-0.0268606
-0.0275987
-0.0283309
-0.029057
-0.0297768
-0.0304904
-0.0311975
-0.0318981
-0.0325921
-0.0332792
-0.0339596
-0.034633
-0.0352994
-0.0359587
-0.0366108
-0.0372556
-0.0378932
-0.0385233
-0.039146
-0.0397612
-0.0403688
-0.0409689
-0.0415612
-0.042146
-0.042723
-0.0432922
-0.0438537
-0.0444074
-0.0449533
-0.0454915
-0.0460199
-0.0210902
-0.0219033
-0.0227118
-0.0235155
-0.0243143
-0.0251081
-0.0258967
-0.02668
-0.0274578
-0.0282299
-0.0289964
-0.0297569
-0.0305115
-0.0312599
-0.0320021
-0.0327379
-0.0334673
-0.0341902
-0.0349064
-0.0356159
-0.0363185
-0.0370143
-0.0377031
-0.0383848
-0.0390594
-0.0397268
-0.0403869
-0.0410398
-0.0416853
-0.0423234
-0.042954
-0.0435772
-0.0441929
-0.0448011
-0.0454017
-0.0459948
-0.0465802
-0.047158
-0.0477284
-0.0482887
-0.0222976
-0.0231406
-0.0239792
-0.0248131
-0.0256421
-0.0264662
-0.0272852
-0.0280989
-0.0289073
-0.0297101
-0.0305072
-0.0312986
-0.0320841
-0.0328635
-0.0336369
-0.034404
-0.0351648
-0.0359192
-0.036667
-0.0374082
-0.0381428
-0.0388706
-0.0395915
-0.0403056
-0.0410126
-0.0417127
-0.0424057
-0.0430915
-0.0437702
-0.0444417
-0.045106
-0.045763
-0.0464127
-0.0470551
-0.0476901
-0.0483178
-0.0489382
-0.0495512
-0.050157
-0.0507524
-0.0235921
-0.0244675
-0.0253385
-0.0262049
-0.0270665
-0.0279233
-0.0287751
-0.0296217
-0.030463
-0.0312989
-0.0321292
-0.0329539
-0.0337728
-0.0345858
-0.0353928
-0.0361937
-0.0369885
-0.0377769
-0.038559
-0.0393346
-0.0401037
-0.0408661
-0.041622
-0.0423711
-0.0431134
-0.0438489
-0.0445775
-0.0452993
-0.046014
-0.0467218
-0.0474226
-0.0481164
-0.0488031
-0.0494828
-0.0501554
-0.0508209
-0.0514794
-0.0521308
-0.0527754
-0.053409
-0.0249719
-0.025882
-0.0267878
-0.0276891
-0.0285857
-0.0294776
-0.0303646
-0.0312465
-0.0321232
-0.0329946
-0.0338606
-0.034721
-0.0355758
-0.0364249
-0.0372681
-0.0381053
-0.0389365
-0.0397616
-0.0405805
-0.0413931
-0.0421994
-0.0429993
-0.0437927
-0.0445796
-0.0453599
-0.0461337
-0.0469008
-0.0476612
-0.0484149
-0.0491619
-0.0499022
-0.0506358
-0.0513626
-0.0520826
-0.0527959
-0.0535024
-0.0542022
-0.0548953
-0.0555819
-0.0562571
-0.0264356
-0.0273828
-0.0283258
-0.0292644
-0.0301984
-0.0311278
-0.0320523
-0.0329719
-0.0338865
-0.0347959
-0.0357
-0.0365987
-0.0374919
-0.0383795
-0.0392614
-0.0401375
-0.0410077
-0.0418721
-0.0427304
-0.0435826
-0.0444287
-0.0452686
-0.0461023
-0.0469298
-0.0477509
-0.0485656
-0.049374
-0.050176
-0.0509716
-0.0517608
-0.0525436
-0.0533199
-0.0540898
-0.0548533
-0.0556104
-0.0563612
-0.0571055
-0.0578435
-0.0585756
-0.0592956
-0.0279819
-0.0289687
-0.0299513
-0.0309295
-0.0319034
-0.0328727
-0.0338373
-0.034797
-0.0357519
-0.0367017
-0.0376463
-0.0385858
-0.0395198
-0.0404485
-0.0413716
-0.0422891
-0.043201
-0.0441071
-0.0450075
-0.045902
-0.0467906
-0.0476732
-0.0485499
-0.0494206
-0.0502852
-0.0511438
-0.0519964
-0.0528428
-0.0536832
-0.0545175
-0.0553457
-0.0561678
-0.056984
-0.057794
-0.0585981
-0.0593963
-0.0601885
-0.0609747
-0.0617556
-0.0625236
-0.0296101
-0.0306388
-0.0316634
-0.0326838
-0.0336999
-0.0347115
-0.0357186
-0.0367209
-0.0377185
-0.0387112
-0.0396989
-0.0406815
-0.041659
-0.0426312
-0.0435981
-0.0445595
-0.0455156
-0.0464661
-0.0474111
-0.0483505
-0.0492842
-0.0502123
-0.0511347
-0.0520514
-0.0529623
-0.0538675
-0.054767
-0.0556608
-0.0565488
-0.0574312
-0.0583078
-0.0591789
-0.0600442
-0.060904
-0.0617583
-0.0626071
-0.0634504
-0.0642882
-0.0651213
-0.0659408
-0.0313195
-0.0323925
-0.0334616
-0.0345266
-0.0355874
-0.0366438
-0.0376958
-0.0387432
-0.039786
-0.040824
-0.0418572
-0.0428855
-0.0439089
-0.0449271
-0.0459403
-0.0469483
-0.047951
-0.0489486
-0.0499408
-0.0509277
-0.0519092
-0.0528854
-0.0538561
-0.0548215
-0.0557816
-0.0567362
-0.0576855
-0.0586294
-0.0595681
-0.0605014
-0.0614295
-0.0623524
-0.0632702
-0.0641828
-0.0650904
-0.0659931
-0.0668908
-0.0677836
-0.0686723
-0.0695465
-0.0331095
-0.0342294
-0.0353455
-0.0364575
-0.0375655
-0.0386692
-0.0397685
-0.0408635
-0.041954
-0.0430398
-0.044121
-0.0451975
-0.0462692
-0.0473361
-0.0483981
-0.0494551
-0.0505071
-0.0515542
-0.0525963
-0.0536333
-0.0546652
-0.0556921
-0.056714
-0.0577309
-0.0587427
-0.0597495
-0.0607514
-0.0617484
-0.0627405
-0.0637278
-0.0647104
-0.0656882
-0.0666614
-0.06763
-0.0685941
-0.0695539
-0.0705093
-0.0714604
-0.0724081
-0.0733403
-0.0349808
-0.03615
-0.0373154
-0.038477
-0.0396345
-0.0407879
-0.0419371
-0.043082
-0.0442226
-0.0453588
-0.0464904
-0.0476176
-0.0487402
-0.0498581
-0.0509714
-0.05208
-0.0531839
-0.054283
-0.0553775
-0.0564672
-0.0575522
-0.0586325
-0.0597082
-0.0607792
-0.0618456
-0.0629074
-0.0639647
-0.0650176
-0.066066
-0.0671102
-0.0681501
-0.0691858
-0.0702175
-0.0712452
-0.072269
-0.0732891
-0.0743055
-0.0753182
-0.0763284
-0.0773219
-0.0369324
-0.0381536
-0.039371
-0.0405845
-0.0417942
-0.0429998
-0.0442014
-0.0453988
-0.046592
-0.0477809
-0.0489656
-0.0501459
-0.0513218
-0.0524933
-0.0536605
-0.0548231
-0.0559814
-0.0571352
-0.0582846
-0.0594297
-0.0605703
-0.0617067
-0.0628387
-0.0639665
-0.0650902
-0.0662097
-0.0673252
-0.0684367
-0.0695444
-0.0706483
-0.0717485
-0.0728451
-0.0739383
-0.0750281
-0.0761148
-0.0771983
-0.078279
-0.0793566
-0.0804326
-0.0814907
-0.0389664
-0.0402418
-0.0415135
-0.0427815
-0.0440457
-0.045306
-0.0465623
-0.0478146
-0.0490629
-0.0503071
-0.0515471
-0.052783
-0.0540148
-0.0552423
-0.0564658
-0.057685
-0.0589001
-0.0601111
-0.061318
-0.0625209
-0.0637198
-0.0649147
-0.0661058
-0.067293
-0.0684766
-0.0696565
-0.0708329
-0.0720059
-0.0731755
-0.0743419
-0.0755053
-0.0766658
-0.0778234
-0.0789784
-0.0801309
-0.0812811
-0.0824291
-0.0835749
-0.0847201
-0.0858458
-0.0410814
-0.0424138
-0.0437426
-0.0450676
-0.0463889
-0.0477064
-0.0490201
-0.0503298
-0.0516357
-0.0529376
-0.0542355
-0.0555295
-0.0568195
-0.0581056
-0.0593878
-0.0606661
-0.0619406
-0.0632112
-0.0644781
-0.0657414
-0.067001
-0.068257
-0.0695097
-0.070759
-0.072005
-0.073248
-0.0744879
-0.075725
-0.0769593
-0.0781911
-0.0794204
-0.0806475
-0.0818725
-0.0830956
-0.0843169
-0.0855367
-0.0867552
-0.0879723
-0.0891899
-0.0903865
-0.0432796
-0.0446716
-0.0460599
-0.0474445
-0.0488254
-0.0502026
-0.051576
-0.0529457
-0.0543115
-0.0556736
-0.0570318
-0.0583863
-0.0597371
-0.0610841
-0.0624275
-0.0637673
-0.0651035
-0.0664362
-0.0677656
-0.0690916
-0.0704144
-0.0717341
-0.0730508
-0.0743646
-0.0756757
-0.0769842
-0.0782902
-0.079594
-0.0808957
-0.0821954
-0.0834934
-0.0847899
-0.086085
-0.087379
-0.0886721
-0.0899645
-0.0912564
-0.0925478
-0.0938409
-0.0951113
-0.0455619
-0.0470159
-0.0484664
-0.0499131
-0.0513562
-0.0527956
-0.0542313
-0.0556633
-0.0570916
-0.0585162
-0.0599372
-0.0613546
-0.0627685
-0.0641789
-0.0655858
-0.0669894
-0.0683898
-0.069787
-0.0711811
-0.0725723
-0.0739606
-0.0753463
-0.0767295
-0.0781103
-0.0794888
-0.0808653
-0.08224
-0.083613
-0.0849845
-0.0863548
-0.0877241
-0.0890925
-0.0904604
-0.091828
-0.0931955
-0.0945632
-0.0959315
-0.0973
-0.0986715
-0.100019
-0.0479297
-0.0494485
-0.0509636
-0.052475
-0.0539828
-0.0554869
-0.0569873
-0.058484
-0.0599772
-0.0614668
-0.062953
-0.0644356
-0.065915
-0.067391
-0.0688638
-0.0703336
-0.0718004
-0.0732643
-0.0747255
-0.0761842
-0.0776404
-0.0790944
-0.0805463
-0.0819964
-0.0834447
-0.0848916
-0.0863372
-0.0877818
-0.0892256
-0.0906688
-0.0921117
-0.0935546
-0.0949978
-0.0964415
-0.097886
-0.0993317
-0.100779
-0.102227
-0.10368
-0.105106
-0.0503846
-0.0519709
-0.0535533
-0.055132
-0.0567069
-0.0582782
-0.0598458
-0.0614097
-0.0629702
-0.0645271
-0.0660807
-0.067631
-0.069178
-0.070722
-0.072263
-0.0738011
-0.0753365
-0.0768694
-0.0783999
-0.0799283
-0.0814545
-0.082979
-0.0845019
-0.0860234
-0.0875437
-0.0890631
-0.0905819
-0.0921002
-0.0936185
-0.0951369
-0.0966557
-0.0981754
-0.0996961
-0.101218
-0.102742
-0.104268
-0.105797
-0.107327
-0.108864
-0.110371
-0.0529291
-0.0545853
-0.0562376
-0.057886
-0.0595306
-0.0611715
-0.0628087
-0.0644422
-0.0660723
-0.0676989
-0.0693222
-0.0709422
-0.0725592
-0.0741733
-0.0757846
-0.0773933
-0.0789995
-0.0806035
-0.0822054
-0.0838054
-0.0854038
-0.0870008
-0.0885967
-0.0901916
-0.091786
-0.09338
-0.0949739
-0.0965681
-0.0981628
-0.0997584
-0.101355
-0.102954
-0.104554
-0.106157
-0.107762
-0.10937
-0.110982
-0.112597
-0.11422
-0.115811
-0.0555651
-0.0572939
-0.0590186
-0.0607393
-0.0624561
-0.064169
-0.0658781
-0.0675836
-0.0692856
-0.0709841
-0.0726793
-0.0743714
-0.0760605
-0.0777468
-0.0794305
-0.0811117
-0.0827907
-0.0844677
-0.086143
-0.0878167
-0.0894891
-0.0911606
-0.0928313
-0.0945016
-0.0961718
-0.0978422
-0.0995131
-0.101185
-0.102858
-0.104533
-0.106209
-0.107888
-0.10957
-0.111255
-0.112944
-0.114636
-0.116333
-0.118035
-0.119745
-0.121421
-0.0582957
-0.0600996
-0.0618993
-0.0636947
-0.065486
-0.0672733
-0.0690568
-0.0708365
-0.0726125
-0.0743851
-0.0761544
-0.0779206
-0.0796838
-0.0814443
-0.0832023
-0.0849581
-0.0867118
-0.0884637
-0.0902141
-0.0919632
-0.0937114
-0.095459
-0.0972063
-0.0989536
-0.100701
-0.10245
-0.104199
-0.10595
-0.107703
-0.109458
-0.111216
-0.112977
-0.114742
-0.116511
-0.118284
-0.120062
-0.121846
-0.123635
-0.125435
-0.127198
-0.0611222
-0.0630042
-0.0648815
-0.0667543
-0.0686227
-0.0704869
-0.0723469
-0.0742031
-0.0760555
-0.0779043
-0.0797497
-0.081592
-0.0834313
-0.085268
-0.0871022
-0.0889342
-0.0907643
-0.0925928
-0.0944199
-0.0962461
-0.0980717
-0.0998969
-0.101722
-0.103548
-0.105375
-0.107202
-0.109032
-0.110863
-0.112697
-0.114534
-0.116375
-0.118219
-0.120068
-0.121921
-0.123781
-0.125646
-0.127517
-0.129395
-0.131284
-0.133135
-0.0640487
-0.0660113
-0.0679688
-0.0699215
-0.0718694
-0.0738128
-0.0757518
-0.0776866
-0.0796174
-0.0815444
-0.083468
-0.0853882
-0.0873055
-0.08922
-0.091132
-0.0930419
-0.09495
-0.0968566
-0.098762
-0.100667
-0.102571
-0.104475
-0.10638
-0.108285
-0.110192
-0.1121
-0.11401
-0.115923
-0.117839
-0.119759
-0.121683
-0.123611
-0.125544
-0.127484
-0.129429
-0.131382
-0.133342
-0.135308
-0.137289
-0.139227
-0.0670787
-0.0691246
-0.0711649
-0.0731999
-0.0752297
-0.0772545
-0.0792745
-0.08129
-0.0833013
-0.0853085
-0.087312
-0.089312
-0.0913088
-0.0933028
-0.0952942
-0.0972835
-0.0992709
-0.101257
-0.103242
-0.105226
-0.10721
-0.109194
-0.111179
-0.113165
-0.115152
-0.117142
-0.119134
-0.121129
-0.123127
-0.12513
-0.127138
-0.12915
-0.131169
-0.133194
-0.135226
-0.137266
-0.139314
-0.14137
-0.143441
-0.145467
-0.0702154
-0.0723474
-0.0744731
-0.0765928
-0.0787068
-0.0808153
-0.0829185
-0.0850168
-0.0871104
-0.0891996
-0.0912847
-0.093366
-0.095444
-0.0975189
-0.099591
-0.101661
-0.103729
-0.105795
-0.107861
-0.109925
-0.11199
-0.114055
-0.11612
-0.118187
-0.120256
-0.122327
-0.124401
-0.126479
-0.12856
-0.130646
-0.132737
-0.134834
-0.136938
-0.139048
-0.141167
-0.143293
-0.145429
-0.147573
-0.149734
-0.151846
-0.0734642
-0.0756846
-0.077898
-0.0801048
-0.0823051
-0.0844993
-0.0866877
-0.0888706
-0.0910483
-0.0932211
-0.0953894
-0.0975536
-0.099714
-0.101871
-0.104025
-0.106177
-0.108326
-0.110474
-0.11262
-0.114766
-0.116912
-0.119058
-0.121205
-0.123353
-0.125503
-0.127656
-0.129812
-0.131971
-0.134135
-0.136304
-0.138478
-0.140659
-0.142847
-0.145042
-0.147245
-0.149458
-0.15168
-0.153911
-0.156159
-0.158356
-0.0768285
-0.0791399
-0.0814435
-0.0837396
-0.0860285
-0.0883105
-0.090586
-0.0928553
-0.0951187
-0.0973767
-0.0996296
-0.101878
-0.104122
-0.106362
-0.108599
-0.110833
-0.113064
-0.115294
-0.117522
-0.119749
-0.121976
-0.124204
-0.126432
-0.128661
-0.130892
-0.133126
-0.135364
-0.137605
-0.13985
-0.142101
-0.144357
-0.146621
-0.148891
-0.151169
-0.153456
-0.155752
-0.158059
-0.160374
-0.162708
-0.164987
-0.0803133
-0.0827182
-0.0851144
-0.087502
-0.0898815
-0.0922533
-0.0946176
-0.0969749
-0.0993255
-0.10167
-0.104009
-0.106342
-0.108671
-0.110995
-0.113315
-0.115632
-0.117946
-0.120258
-0.122568
-0.124876
-0.127185
-0.129493
-0.131802
-0.134112
-0.136423
-0.138738
-0.141055
-0.143377
-0.145703
-0.148034
-0.150371
-0.152714
-0.155065
-0.157425
-0.159792
-0.16217
-0.164558
-0.166954
-0.16937
-0.171727
-0.0839226
-0.0864238
-0.088915
-0.0913965
-0.0938687
-0.096332
-0.0987869
-0.101234
-0.103673
-0.106105
-0.108531
-0.11095
-0.113364
-0.115772
-0.118176
-0.120576
-0.122973
-0.125367
-0.127758
-0.130148
-0.132537
-0.134926
-0.137314
-0.139704
-0.142095
-0.144489
-0.146885
-0.149285
-0.15169
-0.154099
-0.156514
-0.158936
-0.161365
-0.163802
-0.166247
-0.168702
-0.171167
-0.17364
-0.176134
-0.178563
-0.087663
-0.0902629
-0.0928513
-0.0954286
-0.0979953
-0.100552
-0.103099
-0.105636
-0.108165
-0.110686
-0.113199
-0.115705
-0.118204
-0.120698
-0.123186
-0.125669
-0.128148
-0.130623
-0.133096
-0.135566
-0.138035
-0.140502
-0.14297
-0.145438
-0.147907
-0.150377
-0.152851
-0.155327
-0.157808
-0.160293
-0.162784
-0.16528
-0.167784
-0.170295
-0.172814
-0.175341
-0.177879
-0.180423
-0.182989
-0.185484
-0.0915393
-0.0942404
-0.0969284
-0.0996036
-0.102267
-0.104918
-0.107558
-0.110188
-0.112807
-0.115417
-0.118018
-0.120611
-0.123196
-0.125774
-0.128346
-0.130912
-0.133473
-0.136029
-0.138581
-0.141131
-0.143678
-0.146223
-0.148767
-0.151312
-0.153856
-0.156402
-0.15895
-0.1615
-0.164054
-0.166612
-0.169174
-0.171742
-0.174316
-0.176896
-0.179484
-0.182079
-0.184684
-0.187293
-0.189923
-0.192477
-0.0955593
-0.0983636
-0.101153
-0.103928
-0.106688
-0.109436
-0.11217
-0.114893
-0.117603
-0.120303
-0.122992
-0.125672
-0.128343
-0.131005
-0.13366
-0.136307
-0.138949
-0.141585
-0.144216
-0.146843
-0.149467
-0.152088
-0.154707
-0.157325
-0.159943
-0.162561
-0.16518
-0.167801
-0.170424
-0.173051
-0.175681
-0.178316
-0.180955
-0.183601
-0.186252
-0.188909
-0.191573
-0.19424
-0.196927
-0.199532
-0.0997284
-0.102638
-0.10553
-0.108406
-0.111266
-0.114111
-0.11694
-0.119756
-0.122558
-0.125348
-0.128126
-0.130892
-0.133648
-0.136393
-0.13913
-0.141858
-0.144579
-0.147293
-0.150001
-0.152703
-0.155402
-0.158096
-0.160787
-0.163477
-0.166164
-0.168851
-0.171539
-0.174226
-0.176916
-0.179607
-0.182301
-0.184997
-0.187698
-0.190402
-0.193111
-0.195823
-0.198541
-0.201258
-0.203993
-0.206642
-0.104053
-0.10707
-0.110068
-0.113046
-0.116006
-0.118949
-0.121874
-0.124784
-0.127678
-0.130557
-0.133422
-0.136274
-0.139114
-0.141942
-0.144759
-0.147567
-0.150365
-0.153155
-0.155937
-0.158713
-0.161482
-0.164247
-0.167008
-0.169765
-0.172519
-0.175272
-0.178023
-0.180774
-0.183524
-0.186276
-0.189029
-0.191783
-0.194539
-0.197297
-0.200057
-0.202818
-0.205582
-0.208344
-0.211117
-0.213805
-0.10854
-0.111667
-0.114771
-0.117853
-0.120915
-0.123956
-0.126978
-0.129981
-0.132966
-0.135934
-0.138887
-0.141823
-0.144746
-0.147654
-0.15055
-0.153434
-0.156307
-0.159171
-0.162025
-0.16487
-0.167709
-0.17054
-0.173366
-0.176188
-0.179005
-0.181819
-0.18463
-0.18744
-0.190248
-0.193055
-0.195862
-0.198668
-0.201475
-0.204282
-0.207088
-0.209893
-0.212698
-0.215497
-0.218302
-0.221028
-0.113197
-0.116436
-0.119648
-0.122835
-0.125999
-0.129139
-0.132257
-0.135353
-0.138429
-0.141485
-0.144523
-0.147543
-0.150546
-0.153533
-0.156505
-0.159463
-0.162408
-0.165342
-0.168264
-0.171176
-0.174079
-0.176974
-0.179862
-0.182743
-0.185619
-0.18849
-0.191357
-0.194221
-0.197082
-0.199941
-0.202797
-0.205652
-0.208505
-0.211356
-0.214205
-0.21705
-0.219891
-0.222725
-0.225554
-0.228325
-0.118034
-0.121385
-0.124706
-0.127999
-0.131265
-0.134504
-0.137718
-0.140907
-0.144072
-0.147215
-0.150336
-0.153436
-0.156517
-0.15958
-0.162625
-0.165654
-0.168668
-0.171668
-0.174655
-0.177629
-0.180593
-0.183547
-0.186492
-0.189429
-0.192359
-0.195282
-0.198201
-0.201115
-0.204024
-0.206931
-0.209833
-0.212733
-0.215629
-0.218522
-0.22141
-0.224294
-0.227169
-0.230039
-0.232888
-0.235718
-0.123057
-0.126522
-0.129954
-0.133353
-0.136721
-0.140059
-0.143367
-0.146647
-0.1499
-0.153127
-0.156329
-0.159508
-0.162664
-0.165799
-0.168913
-0.172009
-0.175087
-0.178149
-0.181196
-0.184228
-0.187248
-0.190255
-0.193253
-0.19624
-0.19922
-0.202192
-0.205157
-0.208117
-0.211071
-0.214022
-0.216968
-0.21991
-0.222849
-0.225783
-0.228711
-0.231634
-0.234546
-0.237458
-0.240327
-0.243247
-0.128277
-0.131857
-0.135399
-0.138905
-0.142374
-0.145809
-0.149211
-0.15258
-0.155918
-0.159227
-0.162507
-0.16576
-0.168988
-0.172191
-0.17537
-0.178528
-0.181666
-0.184784
-0.187885
-0.19097
-0.19404
-0.197096
-0.200141
-0.203174
-0.206198
-0.209213
-0.212221
-0.215223
-0.218219
-0.221211
-0.224199
-0.227183
-0.230165
-0.233142
-0.236115
-0.239086
-0.242041
-0.24501
-0.247905
-0.250962
-0.133701
-0.137398
-0.141051
-0.144662
-0.148233
-0.151764
-0.155256
-0.158713
-0.162133
-0.16552
-0.168874
-0.172198
-0.175492
-0.178757
-0.181997
-0.185211
-0.188403
-0.191572
-0.194721
-0.197852
-0.200966
-0.204065
-0.20715
-0.210223
-0.213286
-0.21634
-0.219386
-0.222426
-0.225462
-0.228494
-0.231523
-0.234551
-0.237578
-0.240606
-0.243632
-0.246662
-0.249678
-0.252732
-0.255668
-0.258939
-0.139342
-0.143155
-0.146918
-0.150634
-0.154304
-0.157929
-0.161511
-0.16505
-0.16855
-0.172011
-0.175435
-0.178823
-0.182178
-0.185501
-0.188794
-0.192058
-0.195296
-0.19851
-0.2017
-0.20487
-0.208021
-0.211155
-0.214274
-0.217381
-0.220476
-0.223563
-0.226643
-0.229718
-0.232791
-0.235863
-0.238936
-0.242012
-0.245093
-0.248181
-0.251275
-0.254385
-0.257486
-0.260664
-0.263671
-0.267267
-0.145208
-0.149137
-0.153011
-0.156831
-0.160598
-0.164314
-0.167981
-0.171601
-0.175174
-0.178704
-0.182192
-0.185639
-0.189049
-0.192422
-0.195761
-0.199068
-0.202345
-0.205594
-0.208818
-0.212018
-0.215198
-0.218359
-0.221504
-0.224635
-0.227756
-0.230869
-0.233977
-0.237083
-0.24019
-0.243301
-0.246421
-0.249553
-0.252701
-0.25587
-0.259058
-0.262283
-0.26551
-0.268868
-0.271993
-0.276063
-0.151312
-0.155358
-0.15934
-0.163262
-0.167124
-0.170928
-0.174676
-0.17837
-0.182013
-0.185606
-0.189151
-0.19265
-0.196106
-0.199522
-0.202898
-0.206238
-0.209545
-0.21282
-0.216067
-0.219288
-0.222486
-0.225665
-0.228826
-0.231974
-0.235112
-0.238244
-0.241373
-0.244505
-0.247643
-0.250793
-0.25396
-0.257152
-0.260377
-0.263643
-0.266957
-0.270344
-0.273762
-0.277389
-0.280712
-0.285452
-0.157665
-0.161827
-0.165917
-0.169937
-0.173891
-0.177778
-0.181603
-0.185367
-0.189072
-0.19272
-0.196315
-0.199858
-0.203352
-0.2068
-0.210204
-0.213567
-0.216892
-0.220182
-0.22344
-0.226669
-0.229874
-0.233057
-0.236223
-0.239376
-0.242521
-0.245663
-0.248807
-0.25196
-0.255129
-0.25832
-0.261543
-0.264807
-0.268123
-0.271506
-0.274968
-0.278551
-0.282213
-0.286204
-0.289838
-0.295492
-0.164282
-0.168558
-0.172753
-0.17687
-0.18091
-0.184877
-0.188772
-0.192598
-0.196358
-0.200054
-0.203689
-0.207266
-0.210787
-0.214256
-0.217675
-0.221048
-0.224378
-0.227669
-0.230924
-0.234147
-0.237343
-0.240516
-0.243671
-0.246813
-0.249949
-0.253087
-0.256233
-0.259397
-0.26259
-0.265825
-0.269113
-0.272473
-0.275919
-0.279473
-0.283149
-0.286995
-0.290971
-0.295398
-0.299436
-0.306246
-0.171176
-0.175565
-0.179862
-0.184071
-0.188194
-0.192234
-0.196193
-0.200074
-0.203879
-0.207613
-0.211278
-0.214876
-0.218412
-0.221889
-0.22531
-0.228678
-0.231998
-0.235273
-0.238509
-0.241708
-0.244877
-0.248021
-0.251145
-0.254257
-0.257365
-0.260476
-0.263602
-0.266755
-0.269949
-0.273202
-0.276536
-0.279976
-0.283554
-0.287308
-0.291273
-0.29551
-0.29998
-0.305033
-0.309663
-0.317863
-0.178364
-0.182863
-0.187259
-0.191555
-0.195754
-0.19986
-0.203874
-0.2078
-0.211641
-0.2154
-0.219082
-0.222689
-0.226225
-0.229695
-0.233101
-0.236447
-0.23974
-0.242982
-0.246179
-0.249335
-0.252458
-0.255554
-0.258628
-0.261691
-0.26475
-0.267817
-0.270904
-0.274025
-0.277199
-0.280444
-0.283788
-0.28726
-0.290901
-0.294764
-0.298914
-0.30346
-0.308431
-0.314245
-0.319795
-0.329764
-0.185864
-0.190469
-0.194959
-0.199336
-0.203603
-0.207764
-0.211823
-0.215782
-0.219645
-0.223416
-0.227099
-0.230698
-0.234217
-0.23766
-0.241032
-0.244336
-0.247579
-0.250765
-0.253901
-0.256991
-0.260044
-0.263067
-0.266069
-0.26906
-0.272052
-0.275058
-0.278095
-0.281182
-0.28434
-0.287595
-0.290979
-0.294525
-0.298274
-0.302276
-0.306588
-0.311311
-0.316523
-0.322721
-0.328999
-0.340883
-0.193694
-0.198402
-0.202979
-0.207429
-0.211755
-0.215962
-0.220052
-0.22403
-0.2279
-0.231666
-0.235332
-0.238903
-0.242383
-0.245777
-0.24909
-0.252326
-0.255491
-0.258591
-0.261631
-0.264619
-0.267562
-0.270469
-0.273351
-0.276219
-0.279088
-0.281976
-0.284905
-0.287901
-0.290997
-0.294231
-0.297652
-0.301319
-0.305299
-0.309675
-0.314534
-0.319973
-0.326051
-0.333075
-0.340243
-0.35377
-0.201858
-0.206667
-0.211328
-0.215846
-0.220224
-0.224467
-0.22858
-0.232565
-0.236429
-0.240176
-0.243811
-0.247338
-0.250762
-0.254088
-0.257322
-0.260467
-0.263529
-0.266513
-0.269425
-0.27227
-0.275056
-0.277789
-0.280479
-0.283137
-0.285778
-0.28842
-0.291084
-0.293802
-0.296611
-0.29956
-0.302711
-0.306145
-0.30997
-0.314326
-0.319403
-0.325457
-0.332798
-0.341859
-0.352257
-0.368945
-0.210372
-0.215267
-0.219998
-0.22457
-0.228987
-0.233254
-0.237375
-0.241357
-0.245205
-0.248922
-0.252516
-0.255992
-0.259354
-0.262608
-0.265758
-0.268811
-0.271771
-0.274642
-0.277428
-0.280136
-0.282769
-0.285334
-0.287836
-0.290283
-0.292685
-0.295055
-0.297408
-0.299766
-0.302155
-0.304611
-0.307175
-0.309903
-0.312864
-0.316151
-0.319894
-0.324294
-0.329695
-0.336744
-0.34678
-0.364846
-0.0377153
-0.0411193
-0.0429521
-0.0430873
-0.0414897
-0.0381898
-0.0333092
-0.0270855
-0.0198637
-0.0120898
-0.00423563
0.00322449
0.0098814
0.0154999
0.0200912
0.0239854
0.0277666
0.031919
0.036671
0.0420949
0.0481171
0.05446
0.0606343
0.065956
0.0695356
0.0692253
0.0634434
0.0557481
0.0509846
0.0505315
0.054947
0.0626286
0.0673554
0.0676923
0.0675478
0.0629531
0.0552871
0.0481767
0.0439515
0.0478075
0.0585481
0.0648228
0.0627606
0.0642106
0.0695862
0.0543955
0.0264579
0.019948
0.0323837
0.0405973
0.0418381
0.035277
0.0139125
-0.0044781
-0.00459647
0.00296372
0.00832702
0.00843885
0.00412829
0.000339157
-0.0380227
-0.0414361
-0.0432623
-0.0433817
-0.0417613
-0.0384247
-0.0334926
-0.0272068
-0.019918
-0.0120786
-0.00416655
0.00333484
0.0100086
0.0156147
0.0201645
0.0240039
0.027737
0.0318562
0.0365906
0.0420159
0.0480615
0.0544526
0.0606967
0.0660806
0.0696975
0.0693582
0.0634226
0.055571
0.0507454
0.0502821
0.0547376
0.0624969
0.0673086
0.0676646
0.0674102
0.0627345
0.0550757
0.0479773
0.0436964
0.0475109
0.0583008
0.0646809
0.0626239
0.0639414
0.0692322
0.0540138
0.0259614
0.019485
0.032144
0.0406012
0.0419017
0.035246
0.0137518
-0.00472335
-0.00476636
0.00291483
0.00835598
0.00848041
0.0041262
0.000326112
-0.038617
-0.0420484
-0.0438571
-0.0439521
-0.042288
-0.0388799
-0.033848
-0.027442
-0.0200234
-0.0120566
-0.00403224
0.00354976
0.0102568
0.0158387
0.0203076
0.0240398
0.0276787
0.0317331
0.0364334
0.0418609
0.0479515
0.0544352
0.0608142
0.0663179
0.0700053
0.0696127
0.0633796
0.0552241
0.0502782
0.049798
0.054327
0.0622281
0.0672059
0.0675862
0.0671253
0.0623026
0.0546613
0.0475904
0.0432029
0.0469311
0.0578097
0.0643951
0.0623412
0.0633912
0.0685142
0.0532758
0.0250361
0.0186012
0.0316743
0.0406051
0.0420149
0.0351795
0.0134442
-0.00519341
-0.00509844
0.00281823
0.00841096
0.00856067
0.0041236
0.00030083
-0.0394845
-0.0429409
-0.0447294
-0.0447848
-0.0430569
-0.0395441
-0.0343662
-0.0277846
-0.0201759
-0.0120224
-0.00383322
0.00386775
0.0106234
0.0161689
0.0205168
0.0240899
0.0275898
0.0315494
0.0362
0.0416299
0.0477851
0.0544026
0.0609782
0.0666573
0.070447
0.069978
0.063304
0.0547013
0.0495848
0.0490858
0.0537198
0.0618183
0.0670256
0.0674388
0.0666735
0.061649
0.0540457
0.0470228
0.0424788
0.0460782
0.0570841
0.0639519
0.0618682
0.0625242
0.0674174
0.0522076
0.0237442
0.0173496
0.0309937
0.0405985
0.0421646
0.0350726
0.0129969
-0.005875
-0.00558201
0.00267767
0.00849122
0.00867763
0.00411964
0.000263593
-0.0406117
-0.0440997
-0.0458614
-0.0458675
-0.044057
-0.0404074
-0.0350393
-0.0282286
-0.0203718
-0.011974
-0.0035689
0.00428873
0.0111081
0.016604
0.0207894
0.0241504
0.0274672
0.0313033
0.0358891
0.0413213
0.0475586
0.0543475
0.0611786
0.0670863
0.071008
0.0704404
0.0631806
0.05399
0.0486625
0.0481501
0.0529178
0.0612586
0.0667368
0.0671824
0.0660215
0.0607599
0.0532314
0.046283
0.0415335
0.0449614
0.056129
0.0633311
0.0611515
0.0612869
0.0659127
0.0508337
0.0221625
0.0157942
0.0301227
0.0405662
0.0423311
0.0349159
0.0124196
-0.00674986
-0.0062052
0.00249669
0.00859594
0.00882912
0.00411363
0.000214662
-0.041989
-0.0455135
-0.0472427
-0.0471904
-0.0452796
-0.0414623
-0.0358605
-0.0287691
-0.0206074
-0.0119089
-0.00323762
0.00481231
0.011712
0.0171442
0.0211229
0.0242171
0.0273066
0.0309915
0.0354981
0.0409318
0.0472666
0.0542609
0.0614028
0.0675904
0.0716708
0.0709839
0.0629902
0.0530709
0.0475042
0.0469935
0.0519198
0.0605384
0.0663019
0.0667543
0.0651231
0.0596188
0.0522252
0.0453845
0.0403814
0.0435909
0.0549472
0.0625097
0.0601382
0.0596262
0.0639722
0.049177
0.020371
0.0140039
0.029084
0.0404894
0.042489
0.034699
0.0117271
-0.00779449
-0.00695469
0.00227886
0.00872423
0.00901309
0.004105
0.000154139
-0.0436079
-0.0471728
-0.048864
-0.0487457
-0.0467178
-0.0427021
-0.0368246
-0.0294016
-0.0208795
-0.0118243
-0.00283661
0.00544013
0.0124379
0.0177911
0.021515
0.0242848
0.0271025
0.0306094
0.0350233
0.040457
0.0469025
0.0541319
0.061636
0.0681525
0.072415
0.0715884
0.062709
0.0519188
0.0460988
0.0456169
0.050724
0.0596475
0.065679
0.0660741
0.0639216
0.0582071
0.0510393
0.0443483
0.0390445
0.0419822
0.0535427
0.0614662
0.058788
0.0575109
0.0615853
0.0472586
0.0184425
0.0120472
0.0279025
0.0403469
0.0426088
0.0344108
0.010938
-0.00897985
-0.00781458
0.00202827
0.00887515
0.00922742
0.00409298
8.19805e-05
-0.0454617
-0.0490698
-0.0507182
-0.0505271
-0.0483661
-0.0441221
-0.0379272
-0.0301227
-0.0211849
-0.0117171
-0.00236259
0.00617954
0.0132906
0.0185472
0.0219638
0.0243476
0.0268482
0.0301514
0.03446
0.0398918
0.0464584
0.0539479
0.0618605
0.0687522
0.0732154
0.0722288
0.0623079
0.0505015
0.0444318
0.0440202
0.0493282
0.0585777
0.0648241
0.0650561
0.0623562
0.0565036
0.0496886
0.0432028
0.0375543
0.0401577
0.0519215
0.0601844
0.057083
0.0549438
0.0587686
0.0451021
0.0164396
0.00998856
0.0266036
0.0401176
0.0426596
0.0340414
0.0100732
-0.0102723
-0.00876602
0.00174952
0.00904768
0.0094698
0.00407672
-1.94218e-06
-0.0475451
-0.0511979
-0.0527991
-0.0525297
-0.0502202
-0.0457183
-0.0391649
-0.0309294
-0.0215208
-0.0115845
-0.00181202
0.00703502
0.0142759
0.0194159
0.0224669
0.0243989
0.0265359
0.0296109
0.0338026
0.0392302
0.0459259
0.0536946
0.0620546
0.069365
0.0740406
0.0728735
0.0617525
0.048781
0.0424856
0.0422026
0.0477315
0.0573223
0.0636973
0.0636214
0.0603716
0.0544868
0.0481836
0.0419803
0.0359511
0.0381468
0.0500933
0.0586565
0.0550309
0.0519602
0.0555661
0.042738
0.0144141
0.00788484
0.0252121
0.0397832
0.0426116
0.0335818
0.00915337
-0.0116362
-0.00978821
0.0014476
0.00924046
0.00973768
0.00405524
-9.78075e-05
-0.0498536
-0.0535518
-0.055102
-0.0547498
-0.0522771
-0.0474879
-0.0405353
-0.0318195
-0.021885
-0.0114237
-0.00118118
0.00801173
0.0154005
0.0204014
0.0230218
0.0244307
0.0261567
0.0289804
0.0330454
0.0384663
0.0452958
0.0533562
0.0621924
0.0699606
0.074851
0.0734819
0.0610032
0.0467131
0.0402396
0.0401634
0.0459344
0.0558765
0.0622681
0.0617171
0.0579331
0.0521413
0.0465275
0.0407111
0.0342794
0.0359842
0.048072
0.0568857
0.0526614
0.0486197
0.0520425
0.0402053
0.01241
0.00578471
0.0237515
0.0393301
0.0424397
0.0330257
0.00819637
-0.0130372
-0.0108595
0.00112767
0.00945179
0.0100286
0.00402749
-0.0002058
-0.0523841
-0.0561269
-0.0576229
-0.0571847
-0.0545347
-0.0494291
-0.0420368
-0.0327915
-0.0222754
-0.0112322
-0.000466408
0.0091154
0.0166718
0.0215083
0.0236255
0.0244338
0.0257005
0.0282515
0.0321818
0.0375939
0.0445589
0.0529155
0.0622429
0.0705007
0.075596
0.0740027
0.0600153
0.0442488
0.0376709
0.0379021
0.0439396
0.054237
0.06052
0.0593295
0.0550388
0.0494667
0.0447163
0.0394187
0.0325816
0.0337075
0.045876
0.0548854
0.0500217
0.0449984
0.0482736
0.0375488
0.0104643
0.00372835
0.0222427
0.0387511
0.0421262
0.0323703
0.00721568
-0.0144446
-0.0119586
0.000794835
0.0096795
0.0103385
0.0039924
-0.000326061
-0.0551339
-0.0589194
-0.0603588
-0.0598327
-0.0569918
-0.0515407
-0.0436685
-0.0338443
-0.0226907
-0.0110077
0.000335756
0.010352
0.0180978
0.0227413
0.0242741
0.0243981
0.025156
0.0274152
0.0312054
0.0366072
0.0437062
0.0523543
0.0621697
0.0709365
0.0762106
0.0743713
0.0587408
0.0413384
0.0347557
0.0354196
0.0417523
0.0524026
0.0584521
0.0564842
0.0517216
0.0464816
0.0427432
0.0381169
0.030895
0.0313534
0.0435274
0.052679
0.0471696
0.0411788
0.0443388
0.034815
0.00860607
0.00174766
0.0207046
0.0380452
0.0416625
0.0316163
0.00622078
-0.0158334
-0.0130659
0.00045389
0.00992099
0.010664
0.00394886
-0.000458631
-0.058101
-0.0619261
-0.0633072
-0.0626926
-0.0596477
-0.0538224
-0.0454304
-0.0349776
-0.0231299
-0.0107487
0.00122833
0.0117278
0.019687
0.0241053
0.0249629
0.0243118
0.0245106
0.0264616
0.0301094
0.0355011
0.0427288
0.0516535
0.0619322
0.071204
0.0766103
0.0745062
0.0571338
0.0379381
0.0314726
0.0327191
0.0393802
0.0503741
0.0560782
0.0532379
0.0480419
0.0432203
0.0406023
0.0368086
0.0292476
0.0289568
0.0410517
0.0502964
0.0441663
0.0372446
0.0403157
0.0320483
0.00685468
-0.000133984
0.0191538
0.0372175
0.0410485
0.0307691
0.00521823
-0.0171841
-0.0141642
0.000109161
0.0101732
0.0110011
0.00389581
-0.000603395
-0.0612841
-0.0651441
-0.0664663
-0.0657641
-0.0625027
-0.0562748
-0.0473231
-0.0361916
-0.0235928
-0.0104543
0.00221369
0.0132487
0.0214479
0.0256048
0.0256859
0.0241618
0.0237505
0.02538
0.0288871
0.0342712
0.0416191
0.0507947
0.0614879
0.0712196
0.0766858
0.0743075
0.055159
0.0340205
0.0278075
0.0298081
0.0368339
0.0481552
0.0534264
0.049668
0.0440766
0.0397256
0.0382898
0.0354855
0.0276575
0.0265486
0.0384761
0.0477716
0.0410726
0.0332763
0.0362768
0.0292886
0.00521959
-0.00190169
0.0176045
0.0362775
0.0402916
0.0298373
0.00421314
-0.0184827
-0.0152387
-0.000235614
0.0104326
0.0113456
0.00383232
-0.000760007
-0.0646821
-0.0685709
-0.0698347
-0.0690472
-0.0655574
-0.0588989
-0.0493478
-0.037487
-0.0240795
-0.0101242
0.00329353
0.0149206
0.0233891
0.0272443
0.0264359
0.023934
0.0228602
0.0241592
0.027532
0.032914
0.0403701
0.0497613
0.0607965
0.0708762
0.0762966
0.0736555
0.0528016
0.0295895
0.0237602
0.0266999
0.034127
0.0457524
0.0505342
0.0458591
0.0399069
0.0360422
0.0358037
0.0341312
0.0261327
0.0241545
0.0358281
0.0451396
0.0379458
0.0293471
0.0322871
0.0265699
0.00370114
-0.00354829
0.016069
0.0352384
0.0394042
0.0288324
0.00321029
-0.0197186
-0.0162776
-0.000577315
0.0106954
0.0116932
0.00375765
-0.000927826
-0.0682942
-0.0722041
-0.0734113
-0.0725424
-0.068813
-0.0616964
-0.0515065
-0.0388654
-0.024591
-0.00975898
0.00446857
0.0167489
0.0255189
0.0290272
0.0272041
0.0236539
0.0218226
0.0227872
0.0260376
0.0314275
0.0389769
0.04854
0.0598238
0.07005
0.0752681
0.072412
0.0500703
0.0246915
0.0193514
0.0234149
0.0312758
0.0431756
0.0474442
0.0418939
0.035611
0.0322123
0.0331452
0.0327231
0.0246716
0.021795
0.0331345
0.0424355
0.0348362
0.0255202
0.0284015
0.0239192
0.00229291
-0.00507293
0.0145575
0.0341153
0.0384019
0.0277671
0.00221487
-0.0208839
-0.0172709
-0.000913419
0.0109574
0.0120396
0.00367132
-0.00110585
-0.0721198
-0.0760415
-0.0771953
-0.0762505
-0.0722711
-0.0646699
-0.0538017
-0.0403284
-0.0251287
-0.00936033
0.00573835
0.0187382
0.0278452
0.0309555
0.0279771
0.0232101
0.0206175
0.0212511
0.0243978
0.0298106
0.0374364
0.0471223
0.058543
0.0685524
0.0734005
0.0704241
0.0469844
0.0194158
0.0146276
0.0199816
0.0282993
0.040437
0.0441996
0.0378482
0.03126
0.028275
0.0303194
0.0312364
0.0232658
0.0194859
0.0304209
0.0396925
0.0317863
0.0218468
0.0246644
0.0213572
0.000984478
-0.00647938
0.0130788
0.0329244
0.0373017
0.0266552
0.00123268
-0.0219721
-0.0182108
-0.00124195
0.0112142
0.0123805
0.00357321
-0.0012927
-0.0761583
-0.0800807
-0.0811862
-0.0801728
-0.0759337
-0.0678224
-0.0562363
-0.0418785
-0.0256951
-0.00893078
0.00710116
0.0208922
0.0303748
0.0330302
0.0287413
0.0226283
0.0192256
0.0195378
0.0226068
0.0280634
0.035748
0.0455055
0.0569324
0.0662348
0.0704998
0.0675404
0.0435506
0.013882
0.00965983
0.0164363
0.0252187
0.0375517
0.0408423
0.0337875
0.0269153
0.0242663
0.0273366
0.029649
0.0219027
0.0172386
0.0277106
0.0369407
0.0288298
0.0183651
0.0211091
0.0188987
-0.000236032
-0.0077743
0.0116398
0.0316822
0.0361212
0.0255101
0.000270164
-0.0229775
-0.0190909
-0.00156139
0.0114616
0.0127119
0.00346354
-0.00148653
-0.0804091
-0.0843194
-0.0853835
-0.0843103
-0.0798034
-0.0711574
-0.058814
-0.0435184
-0.0262929
-0.00847391
0.00855378
0.0232135
0.033113
0.0352498
0.0294807
0.0218856
0.017626
0.0176333
0.0206597
0.0261869
0.0339137
0.0436932
0.0549812
0.0630706
0.0664225
0.0636435
0.0397457
0.00821672
0.00453711
0.0128211
0.0220564
0.034537
0.0374115
0.0297667
0.0226289
0.0202205
0.0242127
0.027944
0.0205673
0.0150613
0.0250243
0.0342066
0.0259922
0.0151011
0.0177583
0.0165539
-0.00138008
-0.00896574
0.0102465
0.0304047
0.0348777
0.0243451
-0.000665893
-0.0238951
-0.0199062
-0.00187062
0.0116951
0.0130301
0.00334296
-0.00168513
-0.0848715
-0.0887549
-0.0897866
-0.0886645
-0.083883
-0.0746793
-0.0615389
-0.0452515
-0.0269259
-0.00799449
0.0100914
0.0257031
0.0360636
0.0376106
0.0301755
0.0209546
0.0157957
0.0155233
0.018552
0.024183
0.0319381
0.0416943
0.0526928
0.0590655
0.0611295
0.0586971
0.0355236
0.00253092
-0.000644129
0.00918097
0.0188355
0.0314122
0.0339425
0.02583
0.0184433
0.0161703
0.0209699
0.0261124
0.0192453
0.0129595
0.0223803
0.031513
0.0232912
0.0120697
0.0146256
0.0143284
-0.00245766
-0.0100619
0.00890356
0.0291073
0.0335883
0.0231727
-0.00156861
-0.0247205
-0.0206524
-0.00216887
0.0119107
0.0133319
0.0032125
-0.00188586
-0.0895445
-0.0933843
-0.0943951
-0.0932368
-0.0881758
-0.0783929
-0.0644153
-0.0470814
-0.0275983
-0.00749835
0.0117073
0.0283602
0.0392279
0.0401057
0.0308026
0.019805
0.0137104
0.013193
0.0162801
0.0220541
0.0298284
0.039523
0.0500838
0.0542988
0.0547214
0.0527785
0.0308469
-0.00308764
-0.00578865
0.00556111
0.0155794
0.0281986
0.0304667
0.0220114
0.0143925
0.0121474
0.0176346
0.0241534
0.017924
0.010937
0.019794
0.0288785
0.020738
0.00927649
0.0117168
0.0122249
-0.00347676
-0.0110703
0.00761454
0.0278042
0.0322682
0.0220043
-0.00243133
-0.0254503
-0.0213267
-0.00245562
0.0121046
0.0136143
0.00307353
-0.0020858
-0.0944268
-0.0982045
-0.0992085
-0.0980284
-0.0926853
-0.0823036
-0.0674483
-0.0490121
-0.0283151
-0.00699243
0.0133931
0.0311819
0.0426043
0.0427241
0.031335
0.0184026
0.0113436
0.0106272
0.0138409
0.0198033
0.0275939
0.0371966
0.0471844
0.0489176
0.0474207
0.0460759
0.0257222
-0.00856927
-0.0108076
0.00200427
0.0123106
0.0249185
0.0270115
0.0183364
0.0105031
0.00818186
0.0142368
0.0220743
0.0165939
0.00899651
0.0172783
0.0263179
0.0183385
0.00672348
0.0090315
0.0102434
-0.00444327
-0.0119976
0.00638225
0.026508
0.0309344
0.0208505
-0.00324795
-0.0260819
-0.0219269
-0.00273058
0.0122732
0.0138748
0.00292768
-0.00228183
-0.0995166
-0.103212
-0.104226
-0.103041
-0.0974156
-0.0864174
-0.0706431
-0.051048
-0.0290819
-0.00648462
0.0151379
0.0341622
0.0461876
0.0454498
0.0317408
0.0167104
0.00866734
0.00781069
0.011232
0.0174343
0.0252461
0.0347353
0.0440378
0.0431137
0.0395295
0.0388504
0.0202168
-0.0138521
-0.0156204
-0.00145066
0.00905102
0.0215947
0.0236001
0.0148227
0.00679345
0.00430209
0.0108081
0.0198888
0.0152488
0.00713975
0.0148436
0.0238429
0.016094
0.00440142
0.00656435
0.00838208
-0.00536114
-0.0128493
0.00520874
0.02523
0.0296012
0.0197202
-0.0040132
-0.0266145
-0.0224522
-0.00299369
0.0124137
0.0141112
0.00277675
-0.00247073
-0.104812
-0.108403
-0.109447
-0.108275
-0.102371
-0.090741
-0.0740052
-0.0531938
-0.0299046
-0.00598373
0.0169287
0.037292
0.0499681
0.0482612
0.0319833
0.0146875
0.005652
0.00472835
0.00845158
0.014951
0.0227977
0.0321611
0.0406962
0.0370905
0.0313717
0.031385
0.014452
-0.0188753
-0.0201559
-0.00476979
0.00582107
0.0182502
0.020252
0.011482
0.0032803
0.000533438
0.0073798
0.0176156
0.013886
0.00536799
0.0124981
0.0214617
0.0140023
0.00229952
0.00430664
0.00663797
-0.00623276
-0.0136299
0.00409537
0.0239795
0.0282804
0.0186211
-0.00472292
-0.0270487
-0.0229024
-0.00324505
0.0125237
0.0143217
0.00262256
-0.00264932
-0.110309
-0.113772
-0.114869
-0.113731
-0.107557
-0.0952815
-0.0775407
-0.0554542
-0.0307898
-0.00549941
0.0187501
0.0405579
0.0539312
0.0511292
0.0320197
0.0122891
0.00226644
0.00136539
0.00549816
0.012358
0.0202626
0.029497
0.0372156
0.0310386
0.0232443
0.0239411
0.00858075
-0.0235786
-0.0243529
-0.00792482
0.00263983
0.0149071
0.0169835
0.00832107
-2.97915e-05
-0.00310236
0.0039821
0.0152769
0.0125057
0.00368209
0.0102479
0.01918
0.0120586
0.000404558
0.00224718
0.00500711
-0.00705931
-0.014343
0.00304294
0.0227639
0.0269824
0.0175591
-0.0053742
-0.0273866
-0.0232788
-0.00348494
0.0126012
0.0145046
0.00246689
-0.00281464
-0.116004
-0.119316
-0.120491
-0.119411
-0.112979
-0.100047
-0.0812556
-0.0578347
-0.0317441
-0.00504206
0.020584
0.0439421
0.0580563
0.0540169
0.0318016
0.00946676
-0.00152221
-0.00229252
0.00237077
0.00966058
0.0176551
0.026766
0.0336523
0.0251187
0.0153901
0.0167333
0.00276316
-0.027906
-0.0281612
-0.0108932
-0.000475262
0.0115865
0.0138077
0.00534239
-0.00313336
-0.00658701
0.000642444
0.0128962
0.0111111
0.00208262
0.00809745
0.0170011
0.0102563
-0.0012983
0.00037328
0.00348503
-0.00784112
-0.0149916
0.00205171
0.0215887
0.0257159
0.0165383
-0.00596554
-0.027632
-0.0235835
-0.00371378
0.0126448
0.0146584
0.0023113
-0.00296402
-0.121894
-0.125028
-0.126311
-0.125314
-0.118643
-0.105044
-0.0851564
-0.0603404
-0.0327743
-0.00462265
0.0224101
0.0474212
0.0623165
0.0568774
0.0312741
0.00616724
-0.00574801
-0.00625897
-0.000931084
0.0068645
0.0149895
0.0239904
0.0300586
0.0194543
0.00798973
0.00992051
-0.00285289
-0.0318115
-0.0315428
-0.0136581
-0.00350861
0.0083077
0.010735
0.00254494
-0.00603002
-0.00990606
-0.00261503
0.0104972
0.00970714
0.000569942
0.00604971
0.0149264
0.00858764
-0.00282464
-0.00132855
0.00206689
-0.00857799
-0.0155779
0.0011215
0.0204578
0.0244873
0.0155613
-0.0064968
-0.0277902
-0.0238198
-0.00393211
0.0126536
0.0147817
0.00215711
-0.00309518
-0.127971
-0.130903
-0.132326
-0.13144
-0.124556
-0.110284
-0.0892497
-0.0629771
-0.0338871
-0.00425252
0.0242057
0.0509658
0.0666777
0.0596534
0.0303768
0.00233365
-0.0104459
-0.0105466
-0.00440728
0.0039764
0.0122794
0.0211904
0.0264805
0.0141327
0.00116429
0.00360794
-0.00814456
-0.0352631
-0.0344729
-0.0162085
-0.00644658
0.00508842
0.00777335
-7.46731e-05
-0.00872199
-0.0130491
-0.00576997
0.00810239
0.00830066
-0.00085589
0.00410624
0.0129559
0.00704416
-0.00419019
-0.00287207
0.00074768
-0.00926946
-0.016104
0.00025174
0.0193733
0.0233012
0.0146293
-0.00696921
-0.0278677
-0.0239918
-0.00414058
0.0126274
0.0148732
0.0020053
-0.0032064
-0.13423
-0.136933
-0.138532
-0.13779
-0.130725
-0.115774
-0.0935426
-0.0657507
-0.0350889
-0.0039432
0.025946
0.0545398
0.0710984
0.062277
0.0290449
-0.00209317
-0.0156507
-0.015167
-0.00805696
0.00100359
0.00953807
0.0183843
0.0229569
0.00921005
-0.00501711
-0.00214566
-0.0130203
-0.0382442
-0.0369403
-0.0185383
-0.00927758
0.00194417
0.00492844
-0.0025217
-0.0112144
-0.0160095
-0.00880597
0.00573262
0.00689916
-0.00219498
0.00226749
0.0110881
0.00561688
-0.0054104
-0.00427088
-0.00047769
-0.009915
-0.0165716
-0.000558521
0.0183357
0.0221603
0.0137419
-0.00738519
-0.0278721
-0.0241044
-0.0043399
0.0125661
0.0149316
0.00185651
-0.00329633
-0.140663
-0.143111
-0.144925
-0.144363
-0.137159
-0.121524
-0.098042
-0.0686669
-0.0363856
-0.00370626
0.0276048
0.0581009
0.0755306
0.0646709
0.0272127
-0.00717175
-0.0213951
-0.0201297
-0.0118783
-0.00204591
0.00677739
0.015588
0.0195195
0.00471516
-0.0105277
-0.00731876
-0.017421
-0.0407534
-0.0389486
-0.0206467
-0.0119921
-0.00111169
0.00220416
-0.0048028
-0.0135144
-0.0187842
-0.0117105
0.00340616
0.00551059
-0.00344784
0.000532942
0.00932054
0.0042968
-0.00650015
-0.00553819
-0.00161431
-0.0105142
-0.0169824
-0.00131055
0.0173445
0.0210655
0.0128978
-0.00774814
-0.0278117
-0.0241631
-0.00453085
0.01247
0.0149559
0.001711
-0.0033643
-0.14726
-0.149431
-0.1515
-0.151158
-0.143866
-0.127545
-0.102755
-0.0717321
-0.0377826
-0.00355311
0.029156
0.0616014
0.0799205
0.066753
0.0248206
-0.012954
-0.0277075
-0.0254416
-0.0158682
-0.00516347
0.00400837
0.0128149
0.0161932
0.00065509
-0.0153729
-0.0119177
-0.0213177
-0.0428032
-0.0405076
-0.0225369
-0.0145829
-0.00406799
-0.000397303
-0.00692559
-0.0156307
-0.0213728
-0.0144745
0.00113863
0.00414277
-0.00461545
-0.00109878
0.00765016
0.00307497
-0.00747353
-0.00668659
-0.00266722
-0.0110667
-0.0173382
-0.00200588
0.0163982
0.0200163
0.0120947
-0.00806227
-0.027695
-0.0241737
-0.00471424
0.0123399
0.0149451
0.00156871
-0.00341017
-0.154011
-0.155882
-0.158249
-0.158175
-0.150857
-0.133847
-0.10769
-0.0749525
-0.0392846
-0.00349485
0.0305755
0.0649908
0.0842117
0.0684442
0.0218248
-0.0194763
-0.0346073
-0.031106
-0.020022
-0.00833999
0.00124087
0.0100765
0.0129965
-0.00297948
-0.0195811
-0.0159684
-0.0247071
-0.0444171
-0.0416436
-0.0242159
-0.0170444
-0.00691573
-0.00287515
-0.00889829
-0.0175729
-0.0237781
-0.0170925
-0.00105715
0.00280306
-0.00569922
-0.00262975
0.00607324
0.00194272
-0.00834376
-0.00772797
-0.00364138
-0.0115728
-0.0176408
-0.00264635
0.0154946
0.0190109
0.0113296
-0.00833229
-0.0275307
-0.0241424
-0.00489084
0.0121767
0.0148982
0.00142923
-0.0034343
-0.160905
-0.162456
-0.165167
-0.165412
-0.158142
-0.140441
-0.112855
-0.0783342
-0.0408955
-0.00354206
0.0318432
0.068219
0.088348
0.0696802
0.0182111
-0.0267471
-0.0421004
-0.0371203
-0.024333
-0.0115659
-0.0015163
0.00738229
0.00994178
-0.00620883
-0.0231954
-0.0195096
-0.0276062
-0.0456278
-0.0423889
-0.0256936
-0.0193733
-0.00964797
-0.0052298
-0.0107295
-0.0193514
-0.0260045
-0.0195618
-0.00317116
0.0014981
-0.00670107
-0.00406264
0.00458571
0.000891755
-0.00912312
-0.00867341
-0.00454163
-0.0120327
-0.0178923
-0.00323398
0.0146307
0.0180469
0.0105994
-0.00856325
-0.0273274
-0.0240753
-0.00506145
0.0119817
0.0148148
0.00129196
-0.00343744
-0.167927
-0.169142
-0.172243
-0.172869
-0.165733
-0.147339
-0.118257
-0.0818833
-0.0426185
-0.00370456
0.0329456
0.0712404
0.0922763
0.0704251
0.0140081
-0.0347343
-0.0501728
-0.0434746
-0.0287922
-0.0148314
-0.00425533
0.00474005
0.00703673
-0.00906013
-0.0262681
-0.022587
-0.0300471
-0.0464738
-0.0427816
-0.026982
-0.0215678
-0.0122597
-0.00746265
-0.0124278
-0.0209774
-0.0280587
-0.021882
-0.00519595
0.000233606
-0.00762344
-0.00540068
0.00318324
-8.58004e-05
-0.00982291
-0.00953319
-0.0053727
-0.0124472
-0.0180949
-0.00377101
0.0138036
0.017121
0.00990041
-0.00876025
-0.0270932
-0.0239783
-0.00522679
0.0117561
0.0146944
0.00115605
-0.00342073
-0.175064
-0.175931
-0.17947
-0.180544
-0.173642
-0.154553
-0.123905
-0.0856056
-0.0444568
-0.00399128
0.033877
0.0740173
0.0959471
0.070682
0.00929564
-0.0433526
-0.0587852
-0.0501493
-0.0333873
-0.0181262
-0.00696936
0.00215612
0.00428484
-0.0115644
-0.0288551
-0.0252495
-0.0320715
-0.0469972
-0.0428634
-0.0280948
-0.0236278
-0.0147475
-0.00957596
-0.0140019
-0.0224617
-0.0299485
-0.0240552
-0.00712647
-0.000985699
-0.0084693
-0.00664747
0.00186137
-0.000997318
-0.0104535
-0.0103167
-0.00613917
-0.0128175
-0.0182511
-0.00425985
0.0130101
0.0162298
0.00922917
-0.00892833
-0.0268355
-0.0238572
-0.00538757
0.0115015
0.0145369
0.00102057
-0.00338558
-0.182299
-0.18281
-0.186834
-0.188438
-0.181885
-0.162095
-0.129807
-0.0895063
-0.0464131
-0.00441026
0.0346389
0.0765204
0.0993099
0.0704949
0.00420225
-0.0524584
-0.0678691
-0.0571138
-0.0381031
-0.0214398
-0.00965236
-0.000364439
0.00168638
-0.0137543
-0.0310129
-0.0275456
-0.033727
-0.0472416
-0.0426779
-0.0290466
-0.0255546
-0.0171098
-0.0115727
-0.0154603
-0.0238157
-0.0316829
-0.0260848
-0.00895979
-0.00215614
-0.00924207
-0.007807
0.000615586
-0.00184965
-0.0110243
-0.0110327
-0.00684545
-0.0131448
-0.0183636
-0.00470302
0.0122469
0.0153694
0.00858224
-0.00907226
-0.0265614
-0.0237173
-0.00554441
0.0112194
0.0143427
0.000884475
-0.00333366
-0.189615
-0.189769
-0.194325
-0.196548
-0.190476
-0.169979
-0.135972
-0.0935898
-0.0484907
-0.00496858
0.0352379
0.0787324
0.102305
0.0699367
-0.00111215
-0.0618524
-0.0773255
-0.0643255
-0.0429203
-0.0247614
-0.012299
-0.00281767
-0.000760905
-0.0156624
-0.032796
-0.0295222
-0.0350627
-0.0472504
-0.0422689
-0.0298525
-0.0273506
-0.0193461
-0.0134562
-0.016811
-0.02505
-0.0332714
-0.0279758
-0.0106949
-0.00327505
-0.00994559
-0.00888352
-0.000558588
-0.00264912
-0.0115437
-0.011689
-0.0074958
-0.013431
-0.0184351
-0.00510317
0.011511
0.0145363
0.00795636
-0.0091965
-0.0262768
-0.0235633
-0.00569788
0.0109115
0.0141122
0.000746749
-0.00326674
-0.19699
-0.196793
-0.201929
-0.204876
-0.199432
-0.178219
-0.142411
-0.0978599
-0.0506933
-0.00567249
0.0356808
0.0806147
0.104854
0.0690862
-0.00648372
-0.0712961
-0.0870281
-0.07173
-0.0478163
-0.02808
-0.0149046
-0.00520057
-0.00306111
-0.0173197
-0.0342553
-0.0312224
-0.0361274
-0.0470651
-0.0416786
-0.0305273
-0.0290194
-0.0214573
-0.0152304
-0.0180618
-0.0261751
-0.0347242
-0.029734
-0.0123321
-0.00434074
-0.0105841
-0.00988147
-0.00166556
-0.00340151
-0.0120195
-0.0122926
-0.0080943
-0.0136779
-0.0184687
-0.005463
0.0107995
0.013727
0.00734858
-0.00930505
-0.0259871
-0.0233997
-0.0058485
0.0105795
0.0138463
0.000606393
-0.0031867
-0.204405
-0.203872
-0.209631
-0.213422
-0.20877
-0.186828
-0.149131
-0.102319
-0.0530248
-0.00652732
0.0359709
0.0821424
0.106859
0.067999
-0.0117742
-0.0805361
-0.0968307
-0.0792624
-0.052765
-0.0313845
-0.0174651
-0.00751092
-0.00521964
-0.0187554
-0.0354371
-0.0326856
-0.0369667
-0.0467246
-0.0409469
-0.0310858
-0.0305651
-0.023445
-0.0168994
-0.0192201
-0.0272011
-0.0360514
-0.0313662
-0.0138733
-0.00535238
-0.0111621
-0.0108055
-0.00270963
-0.00411207
-0.0124584
-0.0128499
-0.00864483
-0.013888
-0.0184674
-0.00578524
0.0101097
0.0129381
0.00675623
-0.00940147
-0.0256967
-0.0232302
-0.00599668
0.0102252
0.0135461
0.000462495
-0.0030954
-0.211835
-0.210989
-0.217415
-0.222186
-0.218509
-0.195823
-0.156143
-0.10697
-0.05549
-0.00753733
0.036105
0.0832845
0.108203
0.0666861
-0.0168916
-0.0893335
-0.106577
-0.0868506
-0.0577373
-0.0346635
-0.0199768
-0.00974722
-0.00724278
-0.0199966
-0.036383
-0.0339468
-0.0376227
-0.0462645
-0.0401102
-0.031542
-0.0319926
-0.025312
-0.0184675
-0.0202928
-0.0281373
-0.0372633
-0.0328792
-0.0153213
-0.00630995
-0.0116843
-0.0116602
-0.00369492
-0.00478554
-0.0128665
-0.0133665
-0.0091511
-0.0140633
-0.0184345
-0.00607263
0.00943918
0.0121667
0.00617701
-0.00948886
-0.0254094
-0.0230579
-0.0061428
0.00985026
0.0132131
0.000314258
-0.00299467
-0.219252
-0.218132
-0.225263
-0.231169
-0.228669
-0.205218
-0.163458
-0.111813
-0.0580934
-0.00870524
0.0360725
0.0840023
0.108768
0.0651062
-0.0217955
-0.0974895
-0.116112
-0.0944181
-0.0627026
-0.0379061
-0.0224363
-0.0119085
-0.00913729
-0.0210677
-0.0371296
-0.0350368
-0.0381326
-0.0457166
-0.0392012
-0.0319088
-0.0333071
-0.0270615
-0.0199391
-0.0212863
-0.0289923
-0.0383697
-0.0342802
-0.0166794
-0.00721409
-0.0121555
-0.0124503
-0.00462539
-0.00542614
-0.0132491
-0.0138476
-0.00961658
-0.0142066
-0.0183729
-0.00632787
0.00878596
0.0114102
0.00560896
-0.00956981
-0.025128
-0.0228857
-0.00628717
0.0094566
0.012849
0.000161024
-0.00288628
-0.226628
-0.225283
-0.233156
-0.240372
-0.239268
-0.21503
-0.171083
-0.11685
-0.0608393
-0.0100319
0.0358567
0.0842564
0.108452
0.0631758
-0.0264873
-0.104863
-0.125289
-0.101888
-0.0676287
-0.0411012
-0.0248409
-0.0139945
-0.0109102
-0.0219909
-0.0377087
-0.0359826
-0.0385287
-0.0451089
-0.0382483
-0.0321985
-0.0345144
-0.0286974
-0.0213187
-0.0222067
-0.0297741
-0.03938
-0.0355764
-0.0179518
-0.00806605
-0.0125807
-0.0131806
-0.00550482
-0.00603763
-0.0136107
-0.0142976
-0.0100446
-0.0143202
-0.0182859
-0.00655361
0.00814822
0.0106664
0.00505044
-0.00964652
-0.0248551
-0.0227156
-0.00643002
0.00904595
0.0124557
2.28987e-06
-0.00277187
-0.233928
-0.232425
-0.241071
-0.249793
-0.250327
-0.225273
-0.179029
-0.122081
-0.0637312
-0.0115163
0.0354377
0.0840132
0.107184
0.0607892
-0.030993
-0.111377
-0.133981
-0.109184
-0.0724839
-0.0442384
-0.0271879
-0.016005
-0.0125686
-0.022786
-0.0381482
-0.0368075
-0.0388385
-0.0444653
-0.0372761
-0.0324221
-0.0356202
-0.0302237
-0.0226107
-0.0230596
-0.0304899
-0.0403032
-0.0367748
-0.0191427
-0.00886755
-0.0129647
-0.0138556
-0.00633677
-0.00662329
-0.0139553
-0.0147202
-0.0104381
-0.0144068
-0.0181764
-0.00675241
0.00752445
0.0099334
0.00450014
-0.00972071
-0.0245922
-0.0225495
-0.00657154
0.00862009
0.0120353
-0.000162284
-0.00265293
-0.241111
-0.239537
-0.248984
-0.25943
-0.261861
-0.235962
-0.187304
-0.127506
-0.0667717
-0.0131554
0.0347959
0.0832484
0.104934
0.0578431
-0.035346
-0.117019
-0.142083
-0.116239
-0.0772372
-0.0473078
-0.029475
-0.0179404
-0.0141194
-0.0234706
-0.038472
-0.0375315
-0.039085
-0.043806
-0.0363046
-0.0325897
-0.0366303
-0.0316451
-0.0238195
-0.0238502
-0.0311461
-0.0411473
-0.0378821
-0.0202568
-0.00962066
-0.0133124
-0.0144799
-0.00712461
-0.00718596
-0.0142863
-0.0151187
-0.0108001
-0.0144689
-0.0180474
-0.00692673
0.00691341
0.00920971
0.00395704
-0.00979379
-0.0243405
-0.0223886
-0.00671185
0.00818079
0.01159
-0.000332875
-0.00253084
-0.248134
-0.246594
-0.256862
-0.269275
-0.273883
-0.247109
-0.195915
-0.133124
-0.0699619
-0.0149448
0.0339147
0.0819496
0.101716
0.0542581
-0.0395752
-0.121825
-0.149514
-0.122991
-0.0818597
-0.0503002
-0.0317003
-0.0198014
-0.0155693
-0.0240603
-0.0387007
-0.0381718
-0.0392871
-0.0431479
-0.0353504
-0.0327102
-0.0375505
-0.0329662
-0.0249495
-0.0245831
-0.0317486
-0.04192
-0.0389048
-0.0212986
-0.0103278
-0.0136283
-0.0150579
-0.00787149
-0.00772808
-0.0146066
-0.015496
-0.0111331
-0.0145089
-0.0179018
-0.00707893
0.0063141
0.00849416
0.0034204
-0.00986678
-0.0241009
-0.0222339
-0.00685105
0.00772976
0.0111221
-0.000509498
-0.0024068
-0.254946
-0.253568
-0.264672
-0.279315
-0.2864
-0.258722
-0.204867
-0.138936
-0.0733015
-0.0168796
0.0327822
0.0801157
0.0975795
0.0499913
-0.0436993
-0.125869
-0.15622
-0.129385
-0.0863245
-0.0532075
-0.0338621
-0.0215889
-0.0169247
-0.0245689
-0.038852
-0.0387425
-0.03946
-0.0425045
-0.0344263
-0.0327915
-0.0383868
-0.0341918
-0.0260047
-0.0252627
-0.0323025
-0.042628
-0.0398488
-0.0222726
-0.0109915
-0.0139171
-0.0155938
-0.00858035
-0.00825171
-0.0149184
-0.0158544
-0.0114396
-0.0145294
-0.0177421
-0.00721122
0.00572573
0.00778586
0.00288971
-0.00994047
-0.0238737
-0.0220861
-0.00698916
0.00726871
0.0106339
-0.00069202
-0.00228187
-0.26149
-0.260421
-0.272369
-0.289526
-0.299406
-0.270804
-0.214159
-0.144938
-0.0767884
-0.0189547
0.0313918
0.0777574
0.0926055
0.0450417
-0.0477262
-0.129247
-0.162171
-0.135381
-0.0906083
-0.0560222
-0.0359587
-0.0233041
-0.0181918
-0.025008
-0.0389409
-0.0392555
-0.0396158
-0.0418864
-0.033542
-0.0328407
-0.0391446
-0.0353267
-0.0269894
-0.0258931
-0.0328124
-0.0432773
-0.0407198
-0.0231831
-0.0116145
-0.0141829
-0.0160918
-0.00925396
-0.00875857
-0.0152235
-0.0161957
-0.0117218
-0.0145326
-0.0175708
-0.00732567
0.00514771
0.00708425
0.00236464
-0.0100153
-0.0236589
-0.0219455
-0.00712617
0.00679928
0.010128
-0.000880173
-0.00215696
-0.267704
-0.267112
-0.279901
-0.299873
-0.312883
-0.283347
-0.22379
-0.151127
-0.080419
-0.0211657
0.0297415
0.0748951
0.0868934
0.0394474
-0.051656
-0.132061
-0.167357
-0.140943
-0.0946907
-0.058738
-0.0379892
-0.0249481
-0.0193763
-0.0253879
-0.0389803
-0.0397204
-0.0397639
-0.0413017
-0.0327045
-0.0328637
-0.0398295
-0.0363757
-0.0279073
-0.026478
-0.033282
-0.0438734
-0.0415229
-0.0240343
-0.0121997
-0.0144298
-0.0165556
-0.00989485
-0.00925004
-0.0155233
-0.0165214
-0.0119818
-0.0145206
-0.0173902
-0.00742423
0.0045796
0.00638895
0.00184506
-0.0100917
-0.0234563
-0.0218122
-0.00726205
0.0063231
0.0096065
-0.00107357
-0.00203283
-0.27352
-0.273586
-0.287233
-0.310305
-0.326794
-0.296336
-0.233748
-0.157498
-0.084188
-0.0235088
0.0278333
0.0715588
0.0805526
0.0332792
-0.0554843
-0.134409
-0.171792
-0.146048
-0.0985547
-0.0613498
-0.0399526
-0.0265226
-0.0204837
-0.0257174
-0.0389801
-0.040145
-0.0399113
-0.0407558
-0.0319182
-0.0328657
-0.0404468
-0.0373437
-0.0287623
-0.0270206
-0.0337151
-0.0444207
-0.0422629
-0.0248301
-0.0127498
-0.0146617
-0.0169891
-0.0105054
-0.00972724
-0.0158188
-0.0168328
-0.0122212
-0.0144955
-0.0172024
-0.00750867
0.00402113
0.00569983
0.00133098
-0.0101697
-0.0232656
-0.0216863
-0.00739672
0.0058417
0.00907194
-0.00127171
-0.00191013
-0.27887
-0.279782
-0.294237
-0.32075
-0.341079
-0.30974
-0.24402
-0.164044
-0.0880886
-0.025981
0.0256715
0.0677876
0.0736956
0.0266318
-0.0592062
-0.136379
-0.175503
-0.150681
-0.102187
-0.0638535
-0.0418483
-0.0280292
-0.021519
-0.0260036
-0.038951
-0.0405355
-0.0400635
-0.0402523
-0.0311859
-0.0328512
-0.0410016
-0.0382352
-0.0295579
-0.0275241
-0.0341144
-0.0449235
-0.0429441
-0.0255742
-0.0132677
-0.0148819
-0.0173957
-0.0110878
-0.0101911
-0.0161106
-0.0171307
-0.0124418
-0.0144592
-0.0170093
-0.00758065
0.0034721
0.0050169
0.000822513
-0.0102494
-0.0230862
-0.0215675
-0.00753008
0.0053566
0.00852654
-0.00147401
-0.00178938
-0.283691
-0.285628
-0.300861
-0.331119
-0.355652
-0.323512
-0.254579
-0.170755
-0.0921124
-0.0285801
0.0232621
0.0636293
0.0664329
0.0196164
-0.0628179
-0.138047
-0.178531
-0.154834
-0.105578
-0.0662458
-0.0436759
-0.0294695
-0.0224871
-0.026253
-0.0388993
-0.0408971
-0.0402241
-0.0397932
-0.0305085
-0.0328236
-0.0414987
-0.0390548
-0.0302976
-0.0279912
-0.0344826
-0.0453852
-0.0435705
-0.02627
-0.0137562
-0.0150937
-0.0177788
-0.0116441
-0.0106422
-0.016399
-0.0174157
-0.0126451
-0.0144134
-0.0168127
-0.00764166
0.00293243
0.00434032
0.000319865
-0.0103305
-0.0229174
-0.0214555
-0.00766202
0.00486922
0.00797252
-0.00167985
-0.00167099
-0.287935
-0.291045
-0.307022
-0.341304
-0.370399
-0.337586
-0.265394
-0.177616
-0.09625
-0.0313038
0.0206119
0.0591391
0.0588716
0.0123548
-0.0663166
-0.139477
-0.18093
-0.158508
-0.108721
-0.0685248
-0.0454352
-0.0308453
-0.0233925
-0.0264711
-0.0388309
-0.0412335
-0.0403952
-0.0393796
-0.0298864
-0.0327859
-0.0419427
-0.039807
-0.0309847
-0.0284246
-0.034822
-0.0458088
-0.0441453
-0.0269208
-0.0142185
-0.0152999
-0.0181413
-0.012176
-0.0110811
-0.0166841
-0.0176883
-0.0128322
-0.0143597
-0.016614
-0.00769307
0.00240212
0.00367037
-0.000176654
-0.010413
-0.0227584
-0.0213499
-0.0077924
0.00438092
0.00741199
-0.00188851
-0.0015553
-0.291585
-0.295951
-0.312633
-0.351177
-0.385181
-0.351879
-0.276421
-0.184611
-0.100491
-0.0341499
0.0177282
0.0543792
0.051116
0.00497226
-0.0696979
-0.140724
-0.182756
-0.161708
-0.111612
-0.0706893
-0.0471265
-0.0321587
-0.0242396
-0.0266624
-0.03875
-0.0415469
-0.0405772
-0.0390112
-0.0293197
-0.0327409
-0.0423382
-0.040496
-0.0316222
-0.0288265
-0.0351344
-0.0461967
-0.0446711
-0.0275291
-0.0146578
-0.0155036
-0.0184863
-0.0126855
-0.0115081
-0.0169656
-0.0179481
-0.0130043
-0.0143
-0.0164149
-0.00773611
0.0018812
0.00300745
-0.000666597
-0.0104966
-0.0226086
-0.0212503
-0.00792106
0.00389299
0.00684696
-0.00209928
-0.00144255
-0.294676
-0.300271
-0.317616
-0.360609
-0.399836
-0.366292
-0.287608
-0.191721
-0.104825
-0.0371158
0.0146192
0.0494171
0.0432656
-0.00242035
-0.0729568
-0.141817
-0.184071
-0.164449
-0.11425
-0.0727391
-0.0487501
-0.0334116
-0.0250324
-0.0268311
-0.0386601
-0.0418413
-0.0407711
-0.0386841
-0.0288068
-0.0326909
-0.0426897
-0.0411261
-0.0322131
-0.0291992
-0.0354214
-0.0465506
-0.0451507
-0.028097
-0.0150754
-0.0157074
-0.0188167
-0.0131739
-0.0119235
-0.0172431
-0.0181953
-0.0131621
-0.0142353
-0.0162168
-0.00777193
0.00136979
0.00235209
-0.00114957
-0.0105809
-0.0224671
-0.0211562
-0.00804786
0.00340666
0.00627932
-0.0023114
-0.00133292
-0.297327
-0.303942
-0.321915
-0.369473
-0.414194
-0.380708
-0.298897
-0.19892
-0.109239
-0.0401983
0.0112934
0.0443217
0.0354052
-0.00974503
-0.0760919
-0.14275
-0.184921
-0.166745
-0.116638
-0.0746746
-0.0503066
-0.0346061
-0.0257749
-0.0269811
-0.0385642
-0.042129
-0.040983
-0.0383896
-0.0283383
-0.0326338
-0.0430004
-0.0417014
-0.0327603
-0.0295446
-0.0356849
-0.0468747
-0.0455917
-0.0286277
-0.0154677
-0.0159102
-0.0191349
-0.0136429
-0.0123275
-0.0175166
-0.018433
-0.0133068
-0.014164
-0.01602
-0.00780151
0.000867959
0.00170441
-0.00162599
-0.0106655
-0.0223326
-0.0210668
-0.00817262
0.00292302
0.00571079
-0.00252417
-0.00122653
-0.299736
-0.306928
-0.325502
-0.377656
-0.428079
-0.395004
-0.310218
-0.206184
-0.113722
-0.0433941
0.00775911
0.0391559
0.0275991
-0.0169237
-0.0790923
-0.143513
-0.185326
-0.16861
-0.118778
-0.0764971
-0.0517965
-0.0357441
-0.0264711
-0.0271187
-0.0384668
-0.0424269
-0.0412217
-0.0381249
-0.0279023
-0.0325605
-0.0432679
-0.0422242
-0.0332663
-0.029865
-0.0359284
-0.0471775
-0.0460044
-0.0291279
-0.0158334
-0.016105
-0.0194409
-0.0140935
-0.0127205
-0.0177885
-0.0186671
-0.013441
-0.0140836
-0.0158227
-0.00782528
0.000375584
0.00106339
-0.00209708
-0.0107499
-0.0222034
-0.0209813
-0.00829506
0.00244304
0.00514279
-0.00273694
-0.00112341
-0.302124
-0.309212
-0.32838
-0.385073
-0.441336
-0.409052
-0.3215
-0.213482
-0.118264
-0.0467015
0.00402473
0.0339825
0.01996
-0.0237232
-0.0818914
-0.144236
-0.18537
-0.170061
-0.120672
-0.0782083
-0.0532208
-0.0368273
-0.0271244
-0.0272495
-0.0383846
-0.0427014
-0.0414646
-0.0379201
-0.0275271
-0.0324811
-0.0434944
-0.0426958
-0.0337327
-0.0301622
-0.0361538
-0.0474577
-0.046374
-0.0296002
-0.0162011
-0.0163044
-0.0197354
-0.0145261
-0.0131026
-0.0180573
-0.018886
-0.0135653
-0.0140067
-0.0156265
-0.00784353
-0.000107103
0.000430337
-0.00255943
-0.0108343
-0.0220803
-0.0208992
-0.00841505
0.00196774
0.00457696
-0.00294889
-0.00102367
-0.304854
-0.310788
-0.330583
-0.391718
-0.453958
-0.422812
-0.332692
-0.220788
-0.122852
-0.0501093
0.0001256
0.0289469
0.0128507
-0.0296555
-0.0843776
-0.145281
-0.18545
-0.171244
-0.122354
-0.0798144
-0.0545853
-0.0378598
-0.0277303
-0.0273329
-0.0382982
-0.0427885
-0.0416188
-0.0378358
-0.0273272
-0.0324905
-0.0437468
-0.0431426
-0.034164
-0.0304307
-0.0363294
-0.0476493
-0.0466154
-0.0300237
-0.0166439
-0.0165957
-0.0200523
-0.0149457
-0.0134676
-0.0182876
-0.0190271
-0.0136694
-0.0139787
-0.0154599
-0.0078631
-0.000576056
-0.000177467
-0.00299465
-0.0109197
-0.0219727
-0.0208259
-0.00853368
0.00149916
0.00401636
-0.00315841
-0.00092755
-0.308742
-0.311717
-0.33223
-0.39781
-0.466123
-0.436371
-0.343804
-0.228063
-0.127412
-0.0535421
-0.00382217
0.0243195
0.00668869
-0.0347288
-0.0867151
-0.146724
-0.185918
-0.172441
-0.123921
-0.0813235
-0.0558977
-0.0388568
-0.028266
-0.0272578
-0.0379084
-0.0426094
-0.0416539
-0.0378233
-0.0273119
-0.0326747
-0.0441455
-0.0436464
-0.0345824
-0.0306483
-0.0363847
-0.0476388
-0.0466867
-0.0303655
-0.0171456
-0.017041
-0.0204601
-0.0153739
-0.0137991
-0.0184241
-0.019055
-0.0137415
-0.0140065
-0.01537
-0.00789983
-0.0010242
-0.000738508
-0.00339296
-0.0110064
-0.0218858
-0.0207665
-0.00865238
0.00103972
0.00346649
-0.00336421
-0.000835097
-0.314856
-0.312306
-0.333731
-0.40342
-0.476886
-0.448756
-0.354317
-0.235102
-0.131868
-0.0569962
-0.00800181
0.0194027
-0.000253847
-0.0416004
-0.089892
-0.146903
-0.18472
-0.172602
-0.125028
-0.0826502
-0.0570835
-0.0397769
-0.0288467
-0.0274686
-0.0377605
-0.0432167
-0.0420796
-0.0374597
-0.0267316
-0.0324195
-0.0442164
-0.043938
-0.0349482
-0.0309337
-0.0366602
-0.0478342
-0.0471128
-0.0307125
-0.0172581
-0.0170702
-0.0206588
-0.0157539
-0.0141888
-0.0187705
-0.0193697
-0.0138389
-0.0138114
-0.015185
-0.00788419
-0.00149422
-0.00138741
-0.0038751
-0.0110884
-0.0217487
-0.0206731
-0.00875814
0.000580338
0.00297021
-0.00357252
-0.000744137
-0.322222
-0.31289
-0.335013
-0.404492
-0.479899
-0.453874
-0.360299
-0.240552
-0.136507
-0.0609653
-0.013374
0.0114255
-0.0126986
-0.0527022
-0.0938666
-0.14275
-0.177176
-0.16762
-0.123874
-0.0833976
-0.0577443
-0.0401664
-0.0300742
-0.0300142
-0.0417596
-0.0466185
-0.0436955
-0.036351
-0.0245072
-0.0302755
-0.0421135
-0.0425523
-0.0347701
-0.0318938
-0.0384927
-0.0502892
-0.0488797
-0.0312938
-0.0163481
-0.0154135
-0.0194902
-0.0156137
-0.0150051
-0.0202845
-0.0207583
-0.014082
-0.01295
-0.0140641
-0.00754127
-0.00206924
-0.00241791
-0.00461295
-0.0111358
-0.0214325
-0.0204398
-0.0088026
0.000157747
0.00244154
-0.00376816
-0.000663165
-0.326678
-0.313292
-0.337657
-0.409975
-0.486188
-0.459051
-0.363214
-0.241563
-0.136934
-0.0618992
-0.0158093
0.00824604
-0.0178994
-0.0578867
-0.0965404
-0.142645
-0.176112
-0.166827
-0.123459
-0.0834575
-0.0580128
-0.0405197
-0.0304542
-0.0304338
-0.042086
-0.0472805
-0.0440268
-0.0358849
-0.0240199
-0.0300142
-0.0418706
-0.0425285
-0.0349092
-0.0321764
-0.038955
-0.0507455
-0.0491936
-0.0313749
-0.0161637
-0.0152605
-0.0195765
-0.015852
-0.0152711
-0.0206311
-0.0211601
-0.0141457
-0.0126926
-0.0138662
-0.00753096
-0.00236217
-0.00291671
-0.00501654
-0.011204
-0.0213297
-0.0203632
-0.00885531
-0.000150615
0.0020496
-0.00391963
-0.000601057
-0.329454
-0.313721
-0.341112
-0.416519
-0.493659
-0.46339
-0.363588
-0.239449
-0.134703
-0.0608685
-0.0164355
0.00662962
-0.0220269
-0.0623038
-0.0990793
-0.14316
-0.176539
-0.167138
-0.12309
-0.0830602
-0.0579302
-0.0406683
-0.0304012
-0.0301556
-0.041742
-0.0473814
-0.0441043
-0.0355034
-0.0239226
-0.0302803
-0.0422182
-0.0430234
-0.0351683
-0.0321506
-0.0389036
-0.050741
-0.0492137
-0.0313769
-0.0161188
-0.0155014
-0.0201116
-0.0162493
-0.0153082
-0.0205985
-0.0213309
-0.0141748
-0.0125638
-0.0138815
-0.00763386
-0.00256646
-0.00327689
-0.00535396
-0.0112832
-0.0212808
-0.0203297
-0.00891346
-0.000443281
0.00166929
-0.00406761
-0.000541246
-0.33151
-0.314175
-0.344487
-0.422504
-0.500396
-0.467336
-0.36404
-0.237706
-0.13293
-0.0601825
-0.0172548
0.00471061
-0.0264933
-0.066603
-0.101402
-0.143416
-0.176526
-0.167065
-0.12265
-0.0827157
-0.0578592
-0.0407817
-0.030344
-0.0299863
-0.0430212
-0.0475882
-0.0442097
-0.0351156
-0.0237697
-0.0304571
-0.042479
-0.0434586
-0.0353998
-0.032119
-0.0388699
-0.050807
-0.0492781
-0.0313927
-0.0160607
-0.0156989
-0.0206039
-0.0166268
-0.015342
-0.0205963
-0.021523
-0.014203
-0.0124198
-0.0138654
-0.00772795
-0.00277581
-0.00364934
-0.00569542
-0.0113592
-0.0212252
-0.0202927
-0.00897219
-0.000738695
0.00128442
-0.0042156
-0.000482323
-0.333104
-0.314705
-0.347871
-0.428284
-0.50661
-0.471179
-0.364876
-0.23664
-0.131862
-0.0600838
-0.0185467
0.0023931
-0.0311122
-0.0706861
-0.103505
-0.143502
-0.176207
-0.166666
-0.122141
-0.0824682
-0.0578621
-0.0409216
-0.0303418
-0.0299485
-0.0430481
-0.0478509
-0.0443237
-0.0347325
-0.0235841
-0.0305601
-0.0426485
-0.0437954
-0.0355919
-0.0321254
-0.038899
-0.050922
-0.0493594
-0.0314103
-0.0160006
-0.0158651
-0.0210304
-0.0169711
-0.0154044
-0.0206447
-0.0217279
-0.0142268
-0.0122663
-0.0138234
-0.00780562
-0.00300069
-0.00404084
-0.00604017
-0.0114319
-0.0211628
-0.0202505
-0.00903129
-0.00103793
0.000896688
-0.00436353
-0.000424246
-0.334282
-0.315345
-0.35134
-0.433958
-0.512583
-0.474885
-0.365701
-0.235687
-0.130994
-0.0602177
-0.0200099
-7.54073e-05
-0.0356866
-0.0745122
-0.105403
-0.143477
-0.175783
-0.166165
-0.121592
-0.0822434
-0.05789
-0.0410705
-0.0303365
-0.0299282
-0.0430928
-0.0481086
-0.0444287
-0.034362
-0.0234055
-0.0306548
-0.0428098
-0.0441123
-0.0357664
-0.0321316
-0.0389251
-0.0510237
-0.0494272
-0.0314231
-0.0159511
-0.0160444
-0.0214505
-0.0173062
-0.0154695
-0.0206974
-0.0219222
-0.0142437
-0.0121158
-0.0137824
-0.00788122
-0.00323076
-0.00443552
-0.00638169
-0.0115024
-0.0210991
-0.0202079
-0.00909118
-0.00133881
0.000508196
-0.00451088
-0.000367152
-0.335138
-0.316113
-0.354871
-0.439473
-0.518304
-0.478394
-0.366408
-0.23471
-0.130208
-0.0604893
-0.021539
-0.00265824
-0.0401892
-0.0780912
-0.107105
-0.143348
-0.175265
-0.165591
-0.121009
-0.0820206
-0.0579221
-0.0412136
-0.0303083
-0.0299022
-0.0431726
-0.0483609
-0.0445263
-0.0340048
-0.0232369
-0.0307492
-0.0429779
-0.0444314
-0.0359308
-0.0321218
-0.0389284
-0.0511041
-0.04948
-0.0314318
-0.0159134
-0.0162424
-0.0218795
-0.01764
-0.0155263
-0.0207424
-0.022103
-0.0142538
-0.0119693
-0.0137468
-0.00795901
-0.00346189
-0.00482922
-0.00671884
-0.0115707
-0.0210348
-0.0201659
-0.00915188
-0.00164053
0.000119479
-0.00465739
-0.000311075
-0.335773
-0.317019
-0.358443
-0.444801
-0.523717
-0.481686
-0.367044
-0.233794
-0.129577
-0.0609479
-0.0231591
-0.00540155
-0.0446136
-0.0814341
-0.108618
-0.143115
-0.174635
-0.164923
-0.120392
-0.0818079
-0.0579617
-0.0413501
-0.0302651
-0.0298852
-0.043267
-0.0486136
-0.0446189
-0.033661
-0.0230757
-0.0308385
-0.0431455
-0.0447456
-0.0360837
-0.032098
-0.0389136
-0.0511679
-0.0495201
-0.0314373
-0.0158871
-0.0164556
-0.0223132
-0.0179709
-0.0155753
-0.0207824
-0.0222715
-0.0142577
-0.0118264
-0.0137146
-0.00803807
-0.00369422
-0.00522258
-0.00705182
-0.0116368
-0.0209694
-0.0201239
-0.00921324
-0.00194293
-0.000269274
-0.00480287
-0.000256012
-0.336271
-0.31807
-0.36204
-0.44993
-0.528805
-0.484752
-0.367633
-0.232981
-0.129139
-0.0616233
-0.0248878
-0.00833406
-0.0489424
-0.0845499
-0.109951
-0.142782
-0.173891
-0.164158
-0.119743
-0.0816101
-0.0580121
-0.041482
-0.0302142
-0.0298853
-0.0433768
-0.0488681
-0.0447079
-0.033331
-0.0229219
-0.0309222
-0.0433099
-0.0450498
-0.0362237
-0.0320629
-0.0388839
-0.0512161
-0.0495478
-0.0314402
-0.0158726
-0.0166831
-0.0227486
-0.0182976
-0.0156185
-0.0208189
-0.0224277
-0.0142555
-0.0116868
-0.0136846
-0.00811761
-0.00392811
-0.00561584
-0.00738051
-0.0117005
-0.0209025
-0.0200817
-0.00927514
-0.00224586
-0.000657804
-0.00494715
-0.00020196
-0.336703
-0.319261
-0.365642
-0.454839
-0.533556
-0.48758
-0.368168
-0.232272
-0.128891
-0.0625178
-0.0267237
-0.0114692
-0.0531597
-0.0874488
-0.111108
-0.14235
-0.173034
-0.163302
-0.119065
-0.0814267
-0.0580728
-0.0416094
-0.0301587
-0.0299035
-0.0435018
-0.0491245
-0.044794
-0.0330153
-0.0227761
-0.0310013
-0.0434717
-0.0453439
-0.036351
-0.0320167
-0.038839
-0.0512477
-0.0495629
-0.0314408
-0.0158703
-0.0169253
-0.0231859
-0.01862
-0.0156559
-0.0208515
-0.022571
-0.0142474
-0.0115506
-0.0136569
-0.00819753
-0.00416335
-0.00600861
-0.00770469
-0.0117618
-0.0208339
-0.0200391
-0.00933746
-0.00254905
-0.0010458
-0.00509004
-0.00014892
-0.337123
-0.320586
-0.369231
-0.459511
-0.537958
-0.490153
-0.36864
-0.231662
-0.12883
-0.0636314
-0.0286664
-0.0148184
-0.057255
-0.0901414
-0.112099
-0.141822
-0.172063
-0.162356
-0.118359
-0.0812566
-0.0581425
-0.041732
-0.0301007
-0.0299406
-0.0436426
-0.049383
-0.0448783
-0.0327143
-0.0226384
-0.0310765
-0.0436317
-0.0456284
-0.0364662
-0.0319587
-0.0387781
-0.0512619
-0.0495654
-0.0314395
-0.0158807
-0.0171822
-0.0236255
-0.0189386
-0.0156872
-0.0208793
-0.0227012
-0.0142335
-0.0114179
-0.0136313
-0.00827787
-0.00439957
-0.00640046
-0.00802411
-0.0118205
-0.0207635
-0.0199959
-0.00940009
-0.00285223
-0.00143294
-0.00523133
-9.68928e-05
-0.337571
-0.322034
-0.372784
-0.463925
-0.541995
-0.492457
-0.369048
-0.231156
-0.128958
-0.0649679
-0.0307231
-0.0183914
-0.061223
-0.0926382
-0.112927
-0.141198
-0.170977
-0.161323
-0.117628
-0.081099
-0.0582205
-0.0418497
-0.030043
-0.0299979
-0.0437997
-0.0496437
-0.0449616
-0.0324282
-0.0225093
-0.0311485
-0.0437899
-0.0459034
-0.0365696
-0.0318886
-0.0387006
-0.0512585
-0.0495552
-0.0314367
-0.015904
-0.0174539
-0.0240675
-0.0192534
-0.0157122
-0.0209017
-0.022818
-0.0142142
-0.0112886
-0.0136078
-0.00835859
-0.00463647
-0.00679098
-0.00833857
-0.0118765
-0.020691
-0.019952
-0.00946291
-0.00315516
-0.00181893
-0.00537084
-4.58791e-05
-0.338076
-0.323591
-0.376277
-0.46806
-0.545649
-0.494479
-0.369389
-0.23076
-0.129279
-0.0665314
-0.0329055
-0.0221937
-0.0650615
-0.0949497
-0.1136
-0.140479
-0.169774
-0.160202
-0.116872
-0.0809537
-0.0583063
-0.0419628
-0.0299889
-0.0300769
-0.0439735
-0.0499069
-0.0450446
-0.0321575
-0.0223887
-0.0312177
-0.0439465
-0.0461687
-0.0366616
-0.0318065
-0.0386064
-0.0512368
-0.0495325
-0.0314327
-0.0159404
-0.0177403
-0.0245121
-0.0195646
-0.0157306
-0.0209183
-0.0229212
-0.0141894
-0.0111629
-0.0135859
-0.0084396
-0.00487373
-0.00717979
-0.00864785
-0.0119299
-0.0206162
-0.0199072
-0.00952579
-0.00345756
-0.00220345
-0.00550839
4.12232e-06
-0.338655
-0.32524
-0.379686
-0.471894
-0.548901
-0.496203
-0.36966
-0.230477
-0.129794
-0.068324
-0.0352286
-0.0262248
-0.0687716
-0.0970856
-0.114124
-0.139665
-0.168453
-0.158996
-0.116094
-0.08082
-0.0583996
-0.0420717
-0.0299415
-0.0301787
-0.0441643
-0.0501725
-0.045128
-0.0319022
-0.0222771
-0.0312845
-0.0441014
-0.0464241
-0.0367423
-0.0317122
-0.0384953
-0.0511967
-0.0494973
-0.031428
-0.0159902
-0.0180413
-0.0249591
-0.0198722
-0.0157426
-0.0209286
-0.0230105
-0.0141594
-0.0110405
-0.0135657
-0.00852079
-0.00511105
-0.00756652
-0.00895175
-0.0119803
-0.0205388
-0.0198613
-0.00958861
-0.00375919
-0.00258622
-0.00564379
5.31129e-05
-0.339316
-0.326964
-0.382987
-0.475405
-0.551732
-0.497615
-0.369856
-0.23031
-0.130504
-0.070346
-0.0377108
-0.0304791
-0.0723567
-0.0990552
-0.114502
-0.138756
-0.167013
-0.157705
-0.115294
-0.0806973
-0.0584999
-0.0421771
-0.0299039
-0.0303047
-0.0443725
-0.0504404
-0.0452124
-0.0316627
-0.0221744
-0.0313496
-0.0442549
-0.0466696
-0.036812
-0.0316057
-0.038367
-0.0511379
-0.0494498
-0.0314227
-0.0160536
-0.0183569
-0.0254086
-0.0201763
-0.0157479
-0.020932
-0.0230858
-0.0141244
-0.0109216
-0.0135467
-0.00860204
-0.00534813
-0.00795077
-0.00925008
-0.0120279
-0.0204587
-0.019814
-0.00965124
-0.00405977
-0.00296692
-0.00577688
0.000101094
-0.340062
-0.328744
-0.386155
-0.47857
-0.554123
-0.4987
-0.369975
-0.230259
-0.13141
-0.0725965
-0.0403738
-0.0349505
-0.0758219
-0.100867
-0.114741
-0.137753
-0.165451
-0.156328
-0.114474
-0.0805848
-0.0586071
-0.0422797
-0.0298791
-0.0304556
-0.044598
-0.0507105
-0.0452984
-0.0314391
-0.0220811
-0.0314132
-0.0444067
-0.0469051
-0.0368711
-0.0314869
-0.0382213
-0.0510602
-0.04939
-0.0314172
-0.0161308
-0.018687
-0.0258605
-0.0204771
-0.0157465
-0.0209281
-0.023147
-0.0140845
-0.0108059
-0.0135287
-0.00868324
-0.00558466
-0.00833217
-0.00954265
-0.0120723
-0.0203756
-0.0197653
-0.00971356
-0.00435906
-0.00334528
-0.00590747
0.000148068
-0.340891
-0.33056
-0.389165
-0.481365
-0.556051
-0.499445
-0.37001
-0.230327
-0.132511
-0.0750734
-0.0432417
-0.0396389
-0.0791736
-0.102528
-0.114845
-0.136656
-0.163768
-0.154868
-0.113634
-0.0804819
-0.0587208
-0.0423805
-0.0298701
-0.0306325
-0.0448409
-0.0509825
-0.0453864
-0.0312317
-0.0219971
-0.031476
-0.0445571
-0.0471306
-0.0369199
-0.0313561
-0.0380582
-0.0509636
-0.0493181
-0.0314118
-0.0162218
-0.0190313
-0.0263149
-0.0207744
-0.0157384
-0.0209164
-0.0231941
-0.0140398
-0.0106933
-0.0135116
-0.00876422
-0.00582033
-0.00871033
-0.00982927
-0.0121136
-0.0202892
-0.0197149
-0.00977542
-0.00465682
-0.00372101
-0.00603541
0.000194036
-0.341795
-0.332393
-0.391992
-0.483766
-0.557496
-0.499834
-0.369958
-0.230512
-0.13381
-0.0777743
-0.0463413
-0.0445179
-0.0824192
-0.104045
-0.11482
-0.135465
-0.161963
-0.153323
-0.112775
-0.0803877
-0.0588409
-0.0424806
-0.0298798
-0.0308363
-0.045101
-0.0512562
-0.045477
-0.0310407
-0.0219228
-0.0315383
-0.0447059
-0.0473461
-0.0369586
-0.0312132
-0.0378776
-0.0508479
-0.0492343
-0.0314067
-0.0163268
-0.0193897
-0.0267717
-0.0210685
-0.0157236
-0.0208966
-0.0232271
-0.0139904
-0.0105838
-0.0134949
-0.00884484
-0.00605483
-0.00908487
-0.0101098
-0.0121516
-0.0201993
-0.0196625
-0.00983669
-0.00495278
-0.00409382
-0.00616054
0.000239001
-0.342765
-0.334225
-0.394613
-0.485752
-0.558437
-0.499855
-0.369811
-0.230813
-0.135305
-0.0806964
-0.0497009
-0.0495741
-0.0855655
-0.105425
-0.11467
-0.134181
-0.160034
-0.151696
-0.111898
-0.0803014
-0.0589674
-0.0425814
-0.0299109
-0.0310678
-0.0453781
-0.0515312
-0.0455704
-0.0308661
-0.0218583
-0.0316006
-0.0448532
-0.0475516
-0.0369876
-0.0310584
-0.0376795
-0.0507132
-0.0491388
-0.0314021
-0.0164458
-0.019762
-0.0272309
-0.0213592
-0.0157021
-0.0208682
-0.023246
-0.0139366
-0.0104771
-0.0134784
-0.00892493
-0.00628785
-0.00945544
-0.010384
-0.0121862
-0.0201057
-0.019608
-0.00989725
-0.00524671
-0.00446345
-0.0062827
0.000282965
-0.343791
-0.336035
-0.397005
-0.487298
-0.558853
-0.499492
-0.369564
-0.231226
-0.136998
-0.0838373
-0.0533495
-0.0547911
-0.0886194
-0.106673
-0.114401
-0.132805
-0.157984
-0.149985
-0.111003
-0.0802222
-0.0591002
-0.0426843
-0.0299661
-0.0313277
-0.0456717
-0.0518074
-0.045667
-0.030708
-0.0218038
-0.0316634
-0.0449989
-0.0477471
-0.0370071
-0.030892
-0.037464
-0.0505597
-0.0490318
-0.0313982
-0.0165786
-0.0201479
-0.0276925
-0.0216467
-0.0156739
-0.020831
-0.0232508
-0.0138783
-0.0103732
-0.0134618
-0.00900429
-0.00651911
-0.00982166
-0.0106518
-0.0122172
-0.020008
-0.0195512
-0.00995694
-0.00553838
-0.00482962
-0.00640177
0.00032593
-0.34486
-0.337807
-0.399148
-0.488384
-0.558723
-0.498734
-0.36921
-0.231748
-0.13889
-0.0871956
-0.0573158
-0.0601496
-0.0915868
-0.107795
-0.114018
-0.131337
-0.155811
-0.148192
-0.110091
-0.0801492
-0.0592393
-0.0427909
-0.0300478
-0.0316168
-0.0459814
-0.0520841
-0.045767
-0.0305667
-0.0217594
-0.031727
-0.045143
-0.0479327
-0.0370174
-0.0307141
-0.0372313
-0.0503874
-0.0489136
-0.0313951
-0.0167254
-0.0205469
-0.0281562
-0.0219309
-0.0156393
-0.0207846
-0.0232416
-0.0138158
-0.0102718
-0.0134447
-0.00908275
-0.00674829
-0.0101832
-0.010913
-0.0122446
-0.0199062
-0.0194919
-0.0100156
-0.00582755
-0.0051921
-0.00651761
0.000367898
-0.345961
-0.339524
-0.401023
-0.488991
-0.558029
-0.497565
-0.368741
-0.232372
-0.14098
-0.0907706
-0.0616266
-0.0656328
-0.0944731
-0.108794
-0.113525
-0.12978
-0.153518
-0.146316
-0.109163
-0.0800816
-0.0593848
-0.0429029
-0.0301582
-0.0319357
-0.0463067
-0.0523611
-0.0458707
-0.030442
-0.0217254
-0.031792
-0.0452855
-0.0481086
-0.0370188
-0.030525
-0.0369816
-0.0501967
-0.0487843
-0.0313929
-0.0168859
-0.0209589
-0.0286222
-0.0222118
-0.0155982
-0.0207289
-0.0232187
-0.013749
-0.0101727
-0.0134268
-0.00916008
-0.0069751
-0.0105397
-0.0111674
-0.0122682
-0.0197999
-0.0194297
-0.0100732
-0.00611401
-0.00555062
-0.0066301
0.000408872
-0.347082
-0.341171
-0.402611
-0.489101
-0.556753
-0.495975
-0.368147
-0.23309
-0.14327
-0.0945624
-0.066305
-0.0712248
-0.0972828
-0.109675
-0.112929
-0.128134
-0.151107
-0.14436
-0.108219
-0.0800186
-0.0595367
-0.0430221
-0.0302997
-0.032285
-0.0466467
-0.052638
-0.0459782
-0.0303342
-0.0217019
-0.0318588
-0.0454263
-0.0482747
-0.0370117
-0.0303252
-0.0367153
-0.0499877
-0.0486443
-0.0313918
-0.0170601
-0.0213833
-0.0290902
-0.0224894
-0.0155508
-0.0206636
-0.0231822
-0.0136781
-0.0100757
-0.0134078
-0.00923608
-0.00719926
-0.0108908
-0.011415
-0.012288
-0.0196888
-0.0193646
-0.0101295
-0.00639753
-0.00590496
-0.00673912
0.000448852
-0.348214
-0.342734
-0.403899
-0.488699
-0.55488
-0.493949
-0.367421
-0.233893
-0.145759
-0.0985713
-0.071369
-0.0769099
-0.100019
-0.110442
-0.112235
-0.126403
-0.14858
-0.142324
-0.107259
-0.0799594
-0.0596953
-0.0431504
-0.0304741
-0.0326653
-0.047001
-0.0529144
-0.0460896
-0.0302432
-0.021689
-0.0319279
-0.0455654
-0.0484314
-0.0369963
-0.030115
-0.0364328
-0.049761
-0.0484937
-0.0313917
-0.0172477
-0.0218196
-0.0295601
-0.0227637
-0.0154974
-0.0205886
-0.0231322
-0.0136031
-0.00998063
-0.0133873
-0.00931053
-0.0074205
-0.0112362
-0.0116557
-0.0123037
-0.0195728
-0.0192963
-0.0101845
-0.0066779
-0.00625489
-0.00684457
0.00048784
-0.349347
-0.344202
-0.404872
-0.487771
-0.552397
-0.491478
-0.366551
-0.234769
-0.148447
-0.102797
-0.07683
-0.0826724
-0.102685
-0.1111
-0.111449
-0.124588
-0.14594
-0.140209
-0.106284
-0.079903
-0.0598606
-0.0432897
-0.0306833
-0.0330768
-0.0473685
-0.0531898
-0.0462049
-0.0301689
-0.0216869
-0.0319996
-0.0457026
-0.0485786
-0.0369729
-0.0298949
-0.0361345
-0.0495168
-0.048333
-0.0313926
-0.0174485
-0.0222674
-0.0300318
-0.0230347
-0.0154381
-0.0205039
-0.0230691
-0.0135241
-0.00988715
-0.0133649
-0.00938319
-0.00763852
-0.0115756
-0.0118892
-0.0123153
-0.0194517
-0.0192246
-0.0102378
-0.00695494
-0.00660019
-0.00694636
0.00052584
-0.350474
-0.345564
-0.405522
-0.48631
-0.549294
-0.488549
-0.365526
-0.235704
-0.151331
-0.107239
-0.0826909
-0.0884963
-0.105281
-0.111653
-0.110576
-0.122693
-0.143192
-0.138016
-0.105293
-0.0798487
-0.0600328
-0.043442
-0.0309291
-0.0335202
-0.0477486
-0.0534638
-0.0463242
-0.0301114
-0.0216958
-0.0320743
-0.0458379
-0.0487166
-0.0369419
-0.0296653
-0.035821
-0.0492556
-0.0481624
-0.0313946
-0.0176622
-0.0227261
-0.030505
-0.0233023
-0.0153732
-0.0204094
-0.0229932
-0.0134411
-0.00979503
-0.0133404
-0.00945382
-0.00785309
-0.0119088
-0.0121156
-0.0123227
-0.0193251
-0.0191492
-0.0102896
-0.00722846
-0.00694067
-0.00704441
0.00056285
-0.351588
-0.346814
-0.405842
-0.484308
-0.545561
-0.485152
-0.364334
-0.236683
-0.154405
-0.111895
-0.0889459
-0.0943648
-0.107809
-0.112105
-0.109623
-0.120721
-0.140341
-0.135747
-0.104288
-0.0797958
-0.0602121
-0.0436093
-0.0312129
-0.0339955
-0.0481402
-0.053736
-0.0464473
-0.0300706
-0.0217158
-0.0321524
-0.0459711
-0.0488456
-0.0369036
-0.0294268
-0.0354929
-0.048978
-0.0479822
-0.0313976
-0.0178884
-0.0231949
-0.0309797
-0.0235665
-0.0153031
-0.0203051
-0.0229047
-0.0133543
-0.00970403
-0.0133133
-0.00952218
-0.00806393
-0.0122353
-0.0123347
-0.0123258
-0.0191929
-0.0190699
-0.0103395
-0.00749826
-0.00727612
-0.00713865
0.000598873
-0.35269
-0.347944
-0.405828
-0.481764
-0.541195
-0.481278
-0.362961
-0.237687
-0.157663
-0.116759
-0.0955798
-0.100261
-0.110269
-0.112459
-0.108596
-0.118677
-0.137393
-0.133404
-0.103268
-0.0797435
-0.0603986
-0.0437936
-0.0315361
-0.034503
-0.0485427
-0.0540061
-0.0465741
-0.0300464
-0.021747
-0.0322344
-0.0461022
-0.0489657
-0.0368582
-0.0291799
-0.0351509
-0.0486845
-0.0477927
-0.0314014
-0.0181266
-0.0236733
-0.0314556
-0.0238273
-0.0152279
-0.020191
-0.0228039
-0.0132636
-0.00961386
-0.0132832
-0.00958801
-0.00827082
-0.0125551
-0.0125465
-0.0123244
-0.0190549
-0.0189866
-0.0103875
-0.0077642
-0.00760638
-0.00722902
0.000633911
-0.353786
-0.348946
-0.405479
-0.47868
-0.536195
-0.476917
-0.361394
-0.238699
-0.161095
-0.121825
-0.102568
-0.106165
-0.11266
-0.112721
-0.107501
-0.116566
-0.134355
-0.13099
-0.102233
-0.0796909
-0.0605926
-0.0439968
-0.0319001
-0.0350429
-0.048955
-0.0542737
-0.0467046
-0.0300386
-0.0217894
-0.0323204
-0.046231
-0.0490771
-0.0368062
-0.0289253
-0.0347958
-0.0483757
-0.0475942
-0.031406
-0.0183766
-0.0241604
-0.0319323
-0.0240845
-0.0151481
-0.0200674
-0.0226914
-0.0131691
-0.00952426
-0.0132498
-0.00965108
-0.00847352
-0.0128677
-0.0127509
-0.0123184
-0.0189109
-0.018899
-0.0104335
-0.0080261
-0.00793129
-0.00731548
0.000667964
-0.354877
-0.349816
-0.404798
-0.47506
-0.530561
-0.472061
-0.359616
-0.239696
-0.164686
-0.127084
-0.109879
-0.112059
-0.114983
-0.112894
-0.106346
-0.114393
-0.131234
-0.128506
-0.101184
-0.0796375
-0.0607941
-0.0442208
-0.0323059
-0.0356151
-0.0493763
-0.0545383
-0.0468384
-0.030047
-0.0218431
-0.0324107
-0.0463573
-0.04918
-0.0367478
-0.0286636
-0.0344284
-0.0480523
-0.0473871
-0.0314112
-0.0186376
-0.0246555
-0.0324096
-0.0243381
-0.0150641
-0.0199343
-0.0225673
-0.0130708
-0.00943496
-0.0132127
-0.00971112
-0.00867182
-0.0131731
-0.0129478
-0.0123079
-0.0187606
-0.0188069
-0.0104774
-0.00828383
-0.00825068
-0.00739798
0.000701033
-0.355883
-0.350572
-0.403796
-0.470914
-0.5243
-0.466702
-0.35761
-0.240657
-0.168421
-0.132524
-0.117472
-0.117923
-0.117235
-0.112984
-0.105136
-0.112163
-0.128038
-0.125956
-0.100121
-0.0795825
-0.0610034
-0.0444674
-0.0327546
-0.0362195
-0.0498057
-0.0547997
-0.0469754
-0.0300715
-0.0219082
-0.0325056
-0.046481
-0.0492745
-0.0366835
-0.0283954
-0.0340495
-0.0477149
-0.0471716
-0.0314168
-0.0189092
-0.0251577
-0.0328872
-0.0245882
-0.0149761
-0.0197921
-0.0224322
-0.0129687
-0.00934567
-0.0131715
-0.00976787
-0.0088655
-0.013471
-0.0131373
-0.0122925
-0.0186038
-0.0187102
-0.010519
-0.00853725
-0.00856443
-0.0074765
0.000733119
-0.356856
-0.351223
-0.402484
-0.466256
-0.51742
-0.460833
-0.35536
-0.241558
-0.172281
-0.138134
-0.125303
-0.123737
-0.119418
-0.112995
-0.10388
-0.109884
-0.124777
-0.123344
-0.0990447
-0.0795252
-0.0612206
-0.0447384
-0.0332469
-0.0368562
-0.0502423
-0.0550575
-0.0471152
-0.0301118
-0.0219846
-0.0326053
-0.0466019
-0.0493608
-0.0366134
-0.0281215
-0.0336602
-0.0473643
-0.0469481
-0.0314225
-0.0191908
-0.0256663
-0.0333647
-0.0248346
-0.0148848
-0.0196408
-0.0222865
-0.0128629
-0.00925613
-0.013126
-0.00982109
-0.00905438
-0.0137611
-0.0133194
-0.0122724
-0.0184405
-0.0186085
-0.0105582
-0.00878623
-0.0088724
-0.00755103
0.000764225
-0.357827
-0.351768
-0.400859
-0.461104
-0.509934
-0.454449
-0.352846
-0.242375
-0.176246
-0.143902
-0.133324
-0.129484
-0.121528
-0.112932
-0.102582
-0.107562
-0.121461
-0.120674
-0.0979544
-0.0794651
-0.0614458
-0.0450353
-0.0337837
-0.0375247
-0.0506854
-0.0553114
-0.0472576
-0.0301676
-0.0220723
-0.0327097
-0.0467198
-0.0494391
-0.0365381
-0.0278426
-0.0332613
-0.0470013
-0.0467168
-0.0314282
-0.0194816
-0.0261801
-0.0338417
-0.0250772
-0.0147905
-0.019481
-0.0221306
-0.0127534
-0.00916605
-0.0130756
-0.00987051
-0.00923829
-0.0140434
-0.0134939
-0.0122474
-0.0182704
-0.0185017
-0.0105949
-0.00903068
-0.00917451
-0.00762156
0.00079435
-0.358799
-0.352209
-0.398944
-0.455477
-0.501859
-0.447542
-0.350048
-0.243084
-0.180293
-0.149814
-0.141482
-0.135145
-0.123567
-0.112801
-0.101251
-0.105206
-0.1181
-0.117949
-0.0968507
-0.0794013
-0.0616791
-0.0453596
-0.0343654
-0.0382249
-0.0511342
-0.0555611
-0.0474021
-0.0302385
-0.0221712
-0.0328191
-0.0468344
-0.0495095
-0.0364578
-0.0275594
-0.0328539
-0.0466265
-0.0464782
-0.0314336
-0.0197809
-0.0266984
-0.0343177
-0.0253161
-0.0146936
-0.0193128
-0.021965
-0.0126402
-0.00907519
-0.0130201
-0.00991588
-0.00941706
-0.0143177
-0.013661
-0.0122174
-0.0180933
-0.0183897
-0.010629
-0.00927048
-0.00947064
-0.00768811
0.000823497
-0.359776
-0.352551
-0.396761
-0.449394
-0.493218
-0.44011
-0.346946
-0.24366
-0.184397
-0.155859
-0.149727
-0.140704
-0.125533
-0.112605
-0.0998926
-0.102823
-0.114706
-0.115176
-0.0957338
-0.0793334
-0.0619206
-0.0457128
-0.0349926
-0.0389562
-0.0515878
-0.0558063
-0.0475484
-0.0303241
-0.0222812
-0.0329333
-0.0469456
-0.049572
-0.0363729
-0.0272727
-0.0324391
-0.0462407
-0.0462325
-0.0314384
-0.020088
-0.02722
-0.0347923
-0.0255512
-0.0145948
-0.0191367
-0.0217901
-0.0125233
-0.00898328
-0.0129591
-0.00995695
-0.00959054
-0.0145839
-0.0138206
-0.0121824
-0.0179092
-0.0182722
-0.0106605
-0.00950557
-0.00976073
-0.0077507
0.000851668
-0.360767
-0.352805
-0.394333
-0.442878
-0.484036
-0.432147
-0.343516
-0.24408
-0.188534
-0.162027
-0.158008
-0.146146
-0.127426
-0.112351
-0.0985138
-0.10042
-0.111288
-0.112359
-0.094604
-0.0792606
-0.0621703
-0.0460958
-0.0356654
-0.0397183
-0.0520456
-0.0560469
-0.0476959
-0.0304241
-0.0224022
-0.0330524
-0.047053
-0.0496268
-0.0362838
-0.0269833
-0.0320178
-0.0458448
-0.04598
-0.0314423
-0.0204021
-0.027744
-0.0352649
-0.0257824
-0.0144945
-0.0189532
-0.0216066
-0.0124028
-0.00889007
-0.0128923
-0.00999348
-0.00975861
-0.0148418
-0.0139727
-0.0121423
-0.0177179
-0.0181491
-0.0106892
-0.00973586
-0.0100447
-0.00780935
0.000878865
-0.361782
-0.352985
-0.391682
-0.436
-0.474307
-0.423653
-0.339737
-0.244322
-0.192679
-0.168307
-0.166276
-0.151459
-0.129245
-0.112044
-0.0971208
-0.0980084
-0.10786
-0.109504
-0.0934615
-0.0791823
-0.0624283
-0.0465098
-0.036384
-0.0405104
-0.052507
-0.0562824
-0.0478444
-0.030538
-0.0225339
-0.0331761
-0.0471564
-0.0496741
-0.0361908
-0.0266918
-0.0315914
-0.0454396
-0.045721
-0.0314448
-0.0207222
-0.0282694
-0.0357351
-0.0260097
-0.0143933
-0.0187627
-0.0214148
-0.0122786
-0.00879533
-0.0128193
-0.0100252
-0.00992114
-0.0150914
-0.0141176
-0.0120971
-0.0175193
-0.0180201
-0.0107151
-0.00996129
-0.0103225
-0.00786411
0.000905091
-0.36283
-0.353102
-0.388836
-0.428768
-0.464094
-0.414626
-0.335584
-0.244362
-0.196806
-0.174689
-0.174485
-0.156633
-0.130992
-0.111689
-0.0957198
-0.0955949
-0.104433
-0.106617
-0.0923068
-0.0790979
-0.0626944
-0.0469557
-0.0371482
-0.041332
-0.0529712
-0.0565128
-0.0479932
-0.0306651
-0.022676
-0.0333042
-0.0472556
-0.0497138
-0.0360944
-0.0263992
-0.0311607
-0.0450259
-0.0454558
-0.0314458
-0.0210477
-0.0287951
-0.0362023
-0.0262331
-0.0142917
-0.0185658
-0.0212154
-0.0121509
-0.00869883
-0.0127399
-0.0100519
-0.010078
-0.0153327
-0.0142551
-0.0120467
-0.0173132
-0.0178853
-0.010738
-0.0101818
-0.0105942
-0.00791502
0.000930349
-0.363923
-0.35317
-0.385821
-0.421219
-0.453426
-0.405066
-0.331034
-0.244179
-0.200889
-0.181163
-0.182593
-0.161657
-0.132667
-0.111291
-0.094317
-0.0931888
-0.101019
-0.103706
-0.09114
-0.0790067
-0.0629685
-0.0474339
-0.0379579
-0.0421822
-0.0534377
-0.0567379
-0.0481419
-0.030805
-0.0228283
-0.0334365
-0.0473501
-0.049746
-0.0359948
-0.0261061
-0.0307271
-0.0446044
-0.0451847
-0.0314448
-0.0213774
-0.0293201
-0.0366658
-0.0264526
-0.0141903
-0.0183629
-0.0210087
-0.0120196
-0.00860037
-0.0126537
-0.0100734
-0.0102292
-0.0155655
-0.0143854
-0.0119912
-0.0170996
-0.0177443
-0.0107579
-0.0103974
-0.0108596
-0.00796216
0.000954641
-0.365069
-0.353203
-0.382667
-0.413394
-0.442337
-0.394977
-0.326062
-0.243755
-0.204904
-0.187717
-0.190561
-0.166526
-0.13427
-0.110854
-0.0929178
-0.0907989
-0.0976282
-0.100776
-0.0899618
-0.0789081
-0.0632504
-0.047945
-0.0388126
-0.0430601
-0.0539059
-0.0569573
-0.0482899
-0.030957
-0.0229905
-0.0335727
-0.0474398
-0.0497709
-0.0358926
-0.0258134
-0.0302916
-0.044176
-0.0449079
-0.0314415
-0.0217106
-0.0298432
-0.0371251
-0.0266681
-0.0140896
-0.0181547
-0.0207954
-0.0118847
-0.00849972
-0.0125605
-0.0100893
-0.0103747
-0.0157899
-0.0145086
-0.0119305
-0.0168785
-0.0175971
-0.0107747
-0.0106081
-0.0111189
-0.00800558
0.000977973
)
;

boundaryField
{
    inlet
    {
        type            zeroGradient;
    }
    outlet
    {
        type            fixedValue;
        value           uniform 0;
    }
    cylinder
    {
        type            zeroGradient;
    }
    top
    {
        type            symmetryPlane;
    }
    bottom
    {
        type            symmetryPlane;
    }
    defaultFaces
    {
        type            empty;
    }
}


// ************************************************************************* //
