# Probe 0 (2 -0.5 0)
# Probe 1 (2 0.5 0)
#       Probe             0             1
#        Time
        0.005      -2.21902      -2.21901
         0.01     -0.436262     -0.436266
        0.015    -0.0295442    -0.0295436
         0.02    -0.0555072    -0.0555072
        0.025    -0.0505631     -0.050563
         0.03    -0.0474556    -0.0474556
        0.035    -0.0455955    -0.0455956
         0.04    -0.0459359     -0.045936
        0.045     -0.048271    -0.0482713
         0.05     -0.052391    -0.0523915
        0.055    -0.0580927    -0.0580934
         0.06    -0.0651727    -0.0651738
        0.065    -0.0733506     -0.073352
         0.07    -0.0822323    -0.0822342
        0.075     -0.091299    -0.0913013
         0.08     -0.099864    -0.0998668
        0.085     -0.107042     -0.107045
         0.09     -0.111747      -0.11175
        0.095     -0.112682     -0.112686
          0.1     -0.108338     -0.108341
        0.105    -0.0970052    -0.0970078
         0.11    -0.0768202    -0.0768216
        0.115     -0.045808    -0.0458075
         0.12   -0.00200915    -0.0020074
        0.125     0.0563792     0.0563844
         0.13      0.130782      0.130791
        0.135      0.222069      0.222082
         0.14      0.330121      0.330139
        0.145      0.453461      0.453484
         0.15      0.588795      0.588822
        0.155      0.730474      0.730505
         0.16       0.87004      0.870075
        0.165      0.996021      0.996056
         0.17         1.094       1.09404
        0.175       1.14727        1.1473
         0.18       1.13805       1.13806
        0.185       1.04898       1.04898
         0.19      0.865267      0.865246
        0.195      0.575384      0.575342
          0.2      0.175451      0.175381
        0.205     -0.332425     -0.332521
         0.21     -0.943976     -0.944098
        0.215      -1.65441      -1.65456
         0.22      -2.46279      -2.46297
        0.225      -3.35983      -3.36004
         0.23      -4.35904      -4.35928
        0.235      -5.44426      -5.44452
         0.24       -6.6086      -6.60888
        0.245      -7.76083      -7.76108
         0.25      -8.73547      -8.73562
        0.255      -9.19601      -9.19591
         0.26      -8.79688      -8.79645
        0.265      -7.25292      -7.25217
         0.27      -4.74659      -4.74564
        0.275      -1.96185      -1.96089
         0.28      0.550389      0.551231
        0.285       2.32363       2.32424
         0.29       3.31802       3.31844
        0.295       3.68082       3.68103
          0.3       3.67183       3.67186
        0.305        3.5225       3.52238
         0.31       3.44468       3.44451
        0.315       3.62665       3.62647
         0.32       4.24394       4.24386
        0.325       5.43513       5.43522
         0.33       7.34428       7.34456
        0.335       9.96418       9.96444
         0.34       12.8294       12.8293
        0.345       14.8724       14.8715
         0.35        14.796       14.7945
        0.355        12.066       12.0642
         0.36       7.16709       7.16533
        0.365       1.30336       1.30202
         0.37       -4.3381      -4.33899
        0.375      -9.04619       -9.0467
         0.38      -12.9139      -12.9141
        0.385      -15.3546      -15.3541
         0.39      -15.0117      -15.0101
        0.395      -9.66365      -9.66069
          0.4     -0.442504     -0.439573
        0.405       7.46871       7.47036
         0.41       10.7059       10.7065
        0.415       10.3399       10.3399
         0.42       9.55884       9.55898
        0.425       9.12388       9.12414
         0.43       9.26395       9.26428
        0.435       9.93081       9.93111
         0.44       10.7008        10.701
        0.445        11.336        11.336
         0.45       11.6498       11.6496
        0.455       11.6433       11.6431
         0.46       11.3884       11.3881
        0.465        10.937       10.9367
         0.47       10.3265       10.3262
        0.475       9.55776       9.55742
         0.48       8.49812       8.49777
        0.485       6.87736       6.87682
         0.49       4.42783       4.42713
        0.495       1.29737       1.29695
          0.5      -1.93122      -1.93134
        0.505      -4.77009      -4.76987
         0.51      -7.12955      -7.12909
        0.515      -9.03003      -9.02938
         0.52      -10.4949       -10.494
        0.525      -11.3502      -11.3489
         0.53      -11.1074      -11.1056
        0.535      -9.12432      -9.12227
         0.54      -5.21998        -5.218
        0.545      -0.17444     -0.173056
         0.55       4.63999       4.64049
        0.555       8.05721       8.05715
         0.56       9.96809       9.96801
        0.565       11.0075       11.0079
         0.57       11.8507       11.8516
        0.575       12.8504       12.8514
         0.58       13.9232       13.9242
        0.585       14.6767       14.6773
         0.59       14.6895       14.6897
        0.595       13.8572       13.8571
          0.6       12.3503         12.35
        0.605       10.3913       10.3909
         0.61       8.15771       8.15737
        0.615         5.874       5.87374
         0.62       3.71021       3.71009
        0.625       1.77601       1.77602
         0.63      0.134397      0.134525
        0.635      -1.13204      -1.13183
         0.64      -2.03022       -2.0298
        0.645      -2.60863        -2.608
         0.65      -2.74809      -2.74725
        0.655      -2.28199      -2.28016
         0.66     -0.908868     -0.906872
        0.665       1.65374       1.65556
         0.67       5.03979       5.04087
        0.675       8.31218       8.31238
         0.68       10.5502       10.5503
        0.685       11.5728       11.5739
         0.69       11.9195       11.9217
        0.695        12.227       12.2285
          0.7       12.6927       12.6939
        0.705       12.8934       12.8941
         0.71       12.2361        12.236
        0.715       10.6108       10.6096
         0.72       8.35016        8.3477
        0.725       5.99334       5.99018
         0.73       3.93342       3.93147
        0.735       2.37968       2.38066
         0.74         1.311       1.31606
        0.745      0.613149      0.621147
         0.75      0.140833      0.150491
        0.755     -0.222452     -0.212423
         0.76      -0.53414      -0.52445
        0.765     -0.719297     -0.710228
         0.77     -0.616762     -0.607714
        0.775    -0.0188814   -0.00983147
         0.78       1.28338       1.29193
        0.785       3.39125       3.39796
         0.79       6.05695       6.06084
        0.795       8.65221       8.65292
          0.8       10.4843       10.4835
        0.805       11.3752       11.3749
         0.81       11.6649       11.6656
        0.815       11.9276       11.9297
         0.82        12.482       12.4834
        0.825       13.1159       13.1168
         0.83       13.1754       13.1729
        0.835       12.1296       12.1242
         0.84       9.97475       9.96719
        0.845       7.05675       7.04857
         0.85         3.863       3.85439
        0.855      0.745293      0.735949
         0.86      -2.04652      -2.05717
        0.865      -4.20337      -4.21569
         0.87      -5.51701      -5.52974
        0.875      -5.99233      -6.00196
         0.88      -5.77463      -5.77944
        0.885      -5.10978      -5.10927
         0.89      -4.04393      -4.04017
        0.895      -2.41432      -2.40824
          0.9      0.083372     0.0881215
        0.905       3.49904       3.50172
         0.91       7.29944       7.29913
        0.915       10.5993        10.596
         0.92       12.8133       12.8083
        0.925       14.0074       13.9996
         0.93        14.788       14.7804
        0.935       15.6321        15.627
         0.94        16.389       16.3891
        0.945       16.4245       16.4274
         0.95       15.1857       15.1876
        0.955       12.8054       12.8031
         0.96       9.84256       9.83749
        0.965       6.83283         6.826
         0.97       4.05202       4.04603
        0.975       1.57194       1.56655
         0.98     -0.600581     -0.604521
        0.985      -2.46717      -2.47019
         0.99       -4.0979       -4.0996
        0.995      -5.57461      -5.57597
            1      -6.97929      -6.97976
        1.005      -8.34161      -8.34069
         1.01      -9.59902      -9.59541
        1.015      -10.4756      -10.4671
         1.02      -10.4573      -10.4424
        1.025      -8.83501      -8.81403
         1.03      -5.28485      -5.26198
        1.035     -0.521521     -0.502322
         1.04       3.91843        3.9298
        1.045       6.74148       6.74547
         1.05       7.90146       7.90155
        1.055       8.07962       8.08018
         1.06        8.1739       8.17625
        1.065       8.78886       8.79251
         1.07       10.0565         10.06
        1.075       11.5504       11.5509
         1.08       12.5992       12.5957
        1.085       12.6492       12.6423
         1.09       11.6522       11.6435
        1.095       9.89494       9.88621
          1.1       7.70171       7.69386
        1.105       5.34417       5.33768
         1.11       3.03624       3.03147
        1.115      0.934103      0.931064
         1.12      -0.88519     -0.886772
        1.125      -2.34776      -2.34801
         1.13      -3.46907      -3.46823
        1.135      -4.25277       -4.2507
         1.14      -4.68767      -4.68429
        1.145      -4.70418      -4.69902
         1.15      -4.17384      -4.16642
        1.155      -2.85279      -2.84301
         1.16     -0.645161     -0.633961
        1.165       2.00376        2.0143
         1.17       4.33256       4.34047
        1.175       5.77108       5.77563
         1.18       6.27018       6.27282
        1.185       6.19461       6.19735
         1.19       6.02654       6.03042
        1.195       6.06381       6.06783
          1.2       6.27529       6.27759
        1.205       6.43581       6.43377
         1.21       6.46363       6.45665
        1.215       6.46954       6.46039
         1.22       6.29564       6.28707
        1.225       5.66843       5.66177
         1.23       4.53273       4.52765
        1.235       3.06411       3.06056
         1.24       1.47582       1.47354
        1.245     -0.113588     -0.114818
         1.25      -1.62862      -1.62891
        1.255      -3.03472      -3.03425
         1.26       -4.3399      -4.33885
        1.265      -5.52961      -5.52802
         1.27      -6.52633      -6.52446
        1.275       -7.1702      -7.16825
         1.28      -7.19059      -7.18913
        1.285      -6.20838      -6.20839
         1.29      -4.00211      -4.00501
        1.295     -0.883181     -0.889503
          1.3       2.38604       2.37744
        1.305       5.05254       5.04542
         1.31       7.05818       7.05655
        1.315       8.81475       8.82132
         1.32       10.7301       10.7436
        1.325       12.8459       12.8631
         1.33       14.8444       14.8597
        1.335       16.1912       16.2018
         1.34        16.476       16.4796
        1.345       15.8183       15.8158
         1.35        14.503       14.4962
        1.355       12.7244       12.7167
         1.36       10.3098       10.3032
        1.365       7.09154       7.08666
         1.37       3.47467       3.46933
        1.375      0.220912      0.215192
         1.38      -2.35806      -2.36396
        1.385        -4.253      -4.25792
         1.39      -5.68215       -5.6864
        1.395      -6.72966      -6.73332
          1.4      -7.44399      -7.44719
        1.405      -7.72998      -7.73211
         1.41      -7.32273      -7.32307
        1.415      -5.79919      -5.79622
         1.42      -2.82016      -2.81338
        1.425       1.30679       1.31573
         1.43       5.55025       5.55773
        1.435       8.71687       8.71934
         1.44        10.417       10.4145
        1.445       10.9775       10.9732
         1.45       11.1863       11.1816
        1.455       11.6344       11.6303
         1.46       12.1763        12.173
        1.465       12.2427       12.2397
         1.47       11.2615       11.2578
        1.475       9.27393       9.26929
         1.48       6.58499       6.57945
        1.485       3.58225       3.57361
         1.49      0.482379      0.471578
        1.495      -2.58287      -2.59874
          1.5       -5.4865      -5.51033
        1.505      -7.97297      -8.00652
         1.51      -9.63178      -9.67068
        1.515      -9.97224      -9.99815
         1.52      -9.05778       -9.0565
        1.525      -7.57656      -7.55391
         1.53      -6.21648      -6.18573
        1.535      -4.87233      -4.84548
         1.54      -2.68582      -2.66809
        1.545      0.958969      0.973612
         1.55       5.12684       5.14044
        1.555       7.78504       7.79256
         1.56       8.18683       8.18177
        1.565       7.43888       7.42911
         1.57       6.67916        6.6698
        1.575       6.58357       6.57652
         1.58       7.39499       7.38861
        1.585        9.0404       9.03501
         1.59        11.026       11.0243
        1.595       12.5916       12.5971
          1.6       13.0109       13.0238
        1.605       12.0796       12.0954
         1.61       9.94386       9.95816
        1.615       6.97516       6.98477
         1.62       3.55746       3.56186
        1.625   -0.00682193   -0.00793244
         1.63      -3.37866      -3.38404
        1.635      -6.42367      -6.43216
         1.64      -9.07283      -9.08344
        1.645      -11.3607      -11.3722
         1.65      -13.2419      -13.2527
        1.655      -14.5725      -14.5781
         1.66      -14.7085       -14.702
        1.665      -12.6734       -12.648
         1.67      -8.17533      -8.13689
        1.675      -2.61602      -2.58342
         1.68       1.90529       1.91919
        1.685       4.41377       4.41522
         1.69       5.52848        5.5293
        1.695       6.09078       6.09808
          1.7       6.61773       6.63316
        1.705       7.42936       7.45134
         1.71       8.59263       8.61586
        1.715       9.87829       9.89566
         1.72       10.9068       10.9121
        1.725       11.2925       11.2868
         1.73       10.9294       10.9147
        1.735        9.9405       9.92165
         1.74       8.54394       8.52361
        1.745       6.96015       6.93972
         1.75       5.38497       5.36532
        1.755       3.91407       3.89511
         1.76       2.47211        2.4581
        1.765      0.792176      0.790324
         1.77      -1.44457      -1.43067
        1.775      -4.32243      -4.30618
         1.78      -7.34238      -7.33882
        1.785      -9.81238      -9.82248
         1.79      -11.2544      -11.2739
        1.795      -11.3375      -11.3566
          1.8      -9.79041      -9.79953
        1.805      -6.60022      -6.59206
         1.81      -2.56446      -2.54509
        1.815       1.00598        1.0194
         1.82       3.21901       3.21719
        1.825       4.44012       4.42898
         1.83       5.46537       5.46091
        1.835       6.67005       6.67142
         1.84       8.13048       8.13152
        1.845       9.66179       9.65965
         1.85       10.8806       10.8744
        1.855       11.2917       11.2824
         1.86       10.7742       10.7637
        1.865       9.44115       9.43135
         1.87       7.56213       7.55399
        1.875       5.38354        5.3772
         1.88       3.08267       3.07745
        1.885      0.796926      0.792222
         1.89      -1.37958      -1.38424
        1.895      -3.39899      -3.40389
          1.9      -5.26011      -5.26603
        1.905      -6.95496      -6.96181
         1.91      -8.46401      -8.47243
        1.915       -9.6446      -9.65564
         1.92      -10.2776      -10.2922
        1.925      -9.91098      -9.92926
         1.93      -7.94576      -7.96503
        1.935      -4.05259      -4.06867
         1.94       1.18446        1.1734
        1.945       6.30395       6.29749
         1.95       9.83537        9.8308
        1.955       11.5932       11.5878
         1.96       12.2219       12.2145
        1.965       12.7199       12.7113
         1.97       13.8062       13.7983
        1.975       15.3932       15.3895
         1.98       16.7801       16.7827
        1.985       17.0322       17.0407
         1.99       15.6727       15.6843
        1.995       12.7685       12.7799
            2       8.90503       8.91182
        2.005       4.90173       4.90351
         2.01       1.31255        1.3094
        2.015      -1.66792      -1.67414
         2.02      -4.11185      -4.12066
        2.025      -6.07277      -6.08248
         2.03      -7.77588      -7.78626
        2.035      -9.25749      -9.26897
         2.04      -10.5771      -10.5888
        2.045      -11.6745      -11.6844
         2.05      -12.1588      -12.1636
        2.055      -11.2915      -11.2846
         2.06      -8.28268      -8.26138
        2.065      -3.39831      -3.36855
         2.07       1.73511       1.76153
        2.075        5.1978       5.21336
         2.08       6.49647       6.49955
        2.085       6.42616       6.42466
         2.09       5.89217       5.89146
        2.095       5.76002       5.75985
          2.1       6.32055       6.32237
        2.105       7.43785       7.44014
         2.11       8.67204       8.67411
        2.115       9.47071        9.4723
         2.12        9.4987       9.49873
        2.125       8.72606       8.72393
         2.13       7.31867       7.31418
        2.135       5.42288       5.41553
         2.14       3.26353       3.25351
        2.145      0.981917      0.970374
         2.15      -1.24697       -1.2605
        2.155      -3.34587       -3.3599
         2.16      -5.27897      -5.29282
        2.165      -7.06921      -7.08277
         2.17      -8.69718      -8.70945
        2.175      -10.0915      -10.1008
         2.18      -10.9578      -10.9603
        2.185      -10.7491      -10.7397
         2.19      -8.64027      -8.61482
        2.195      -4.38884      -4.34978
          2.2      0.935444      0.976199
        2.205       5.51665       5.54668
         2.21       8.13396       8.14636
        2.215       9.18645       9.18458
         2.22       9.52987       9.52143
        2.225       10.0637       10.0497
         2.23         11.27       11.2516
        2.235       12.9705       12.9466
         2.24       14.5653       14.5336
        2.245       15.3945       15.3607
         2.25       15.1689       15.1376
        2.255       14.0477       14.0213
         2.26       12.1103       12.0875
        2.265       9.28599       9.26264
         2.27       5.63586       5.61571
        2.275       1.61059       1.60119
         2.28      -2.16758      -2.16668
        2.285      -5.35047      -5.34265
         2.29      -7.89018       -7.8763
        2.295      -9.97711      -9.96434
          2.3      -11.6823       -11.671
        2.305       -13.098      -13.0961
         2.31      -13.9199      -13.9371
        2.315      -13.4694      -13.5319
         2.32      -10.9012      -11.0214
        2.325      -6.17632       -6.3389
         2.33     -0.853097      -1.01623
        2.335        3.1728       3.04869
         2.34       5.11797       5.06969
        2.345       5.71252       5.70926
         2.35       5.79122        5.8092
        2.355       6.09362       6.13203
         2.36       6.94718       7.00353
        2.365       8.22764       8.30866
         2.37        9.5295       9.63146
        2.375       10.3891       10.4983
         2.38       10.4505       10.5487
        2.385       9.67594       9.75461
         2.39       8.20021       8.26241
        2.395       6.21153       6.26132
          2.4       3.92029       3.96199
        2.405       1.47253       1.51672
         2.41      -0.97483     -0.925467
        2.415      -3.35152      -3.29133
         2.42      -5.62248      -5.54348
        2.425      -7.82547      -7.72413
         2.43      -9.96186      -9.82754
        2.435      -12.0007       -11.824
         2.44      -13.6267      -13.3838
        2.445      -14.2138      -13.8762
         2.45      -12.8308      -12.3997
        2.455      -8.87481      -8.39264
         2.46      -3.10659      -2.65677
        2.465       2.51401        2.8449
         2.47       6.27569       6.40141
        2.475       8.11612       7.95078
         2.48         8.957       8.47968
        2.485       9.71194       8.84097
         2.49       10.9218       9.71731
        2.495       12.5613       11.2831
          2.5       14.2678       13.1596
        2.505       15.4317       14.7593
         2.51       15.6469       15.5096
        2.515       14.8682       15.1276
         2.52       13.2271       13.5908
        2.525       10.7522       11.0228
         2.53       7.56245       7.87685
        2.535       3.99741       4.54447
         2.54      0.583328       1.36711
        2.545      -2.36625      -1.47236
         2.55      -4.75924      -3.90215
        2.555       -6.7082      -5.98202
         2.56      -8.42428      -7.71745
        2.565      -9.83555      -9.18336
         2.57       -10.877      -10.3029
        2.575      -11.1753      -10.8318
         2.58      -10.0111      -10.1486
        2.585      -6.70947      -7.46265
         2.59      -1.64522      -2.70752
        2.595       3.47851       2.67907
          2.6       6.91832       6.80116
        2.605       8.32834       8.87392
         2.61       8.52779       9.32287
        2.615       8.31607        9.1489
         2.62       8.54053       9.34871
        2.625       9.45393       10.1769
         2.63       10.9135       11.4539
        2.635       12.3639       12.6246
         2.64       12.9473       12.9096
        2.645       12.1529       11.9468
         2.65       9.99489       9.76034
        2.655       6.81561       6.67774
         2.66        3.0425       3.07658
        2.665     -0.931461     -0.712156
         2.67      -4.87267      -4.47881
        2.675       -8.6674      -8.11378
         2.68      -12.2887      -11.6651
        2.685        -15.44      -14.8673
         2.69      -17.4952      -16.9241
        2.695      -17.8487      -16.9624
          2.7      -16.3467      -15.1947
        2.705      -12.9221      -12.2805
         2.71      -6.94492      -7.50366
        2.715       1.20402      -0.31906
         2.72       8.43814       7.21678
        2.725       11.9255       11.6887
         2.73       11.9452       12.4693
        2.735       10.1998       10.4966
         2.74        7.7216       7.55563
        2.745       5.70795       5.19878
         2.75        4.7132       4.02134
        2.755       5.06935       4.19519
         2.76       6.52919       5.59616
        2.765       8.43246       7.74256
         2.77       9.98236       9.78858
        2.775       10.5359        10.899
         2.78       9.81225       10.6269
        2.785       7.87915       9.00563
         2.79       5.04841         6.334
        2.795       1.73944       3.06703
          2.8      -1.72746     -0.419928
        2.805      -5.04044      -3.76995
         2.81      -8.16711      -6.91419
        2.815      -11.0673      -9.82156
         2.82      -13.7032      -12.4963
        2.825      -15.5828      -14.8601
         2.83      -15.5709      -16.2546
        2.835      -12.2374      -15.2712
         2.84      -6.00381      -10.8108
        2.845   -0.00446991      -4.25662
         2.85       3.22527      0.865922
        2.855       3.58424       2.92138
         2.86       2.40854       2.80114
        2.865      0.864651       1.67326
         2.87     -0.473646      0.422913
        2.875      -1.13835     -0.460775
         2.88     -0.803438     -0.640578
        2.885      0.545573      0.171928
         2.89       2.59034       2.01656
        2.895       5.03047       4.64054
          2.9       7.67929       7.70345
        2.905       10.4415       10.8537
         2.91        12.987       13.7074
        2.915       14.7719       15.6943
         2.92       15.1271       16.1101
        2.925       13.6113       14.5386
         2.93       10.0276       11.0203
        2.935       5.10922       6.15578
         2.94     0.0949956      0.951802
        2.945      -4.23922      -3.84382
         2.95      -8.04416      -8.15512
        2.955      -11.4825      -12.2527
         2.96      -14.3183      -16.1065
        2.965      -15.5004      -18.3146
         2.97      -13.3471      -16.6662
        2.975      -7.61295      -10.1965
         2.98      -0.81578      -2.37803
        2.985       4.01117       2.59084
         2.99       5.80549       3.95771
        2.995       5.65011       3.55122
            3       4.66136       2.88122
        3.005       3.68156       2.63843
         3.01       3.53757       3.01561
        3.015       4.42432       3.76462
         3.02       5.88724       4.68581
        3.025       7.42189       5.87589
         3.03       8.74522       7.43102
        3.035       9.66346       9.16213
         3.04       9.98434       10.5368
        3.045       9.56046        10.886
         3.05       8.31576       9.78755
        3.055       6.26983        7.1753
         3.06       3.55756       3.34581
        3.065      0.471486      -1.22554
         3.07       -2.6303      -6.02759
        3.075      -5.42207      -10.5786
         3.08      -7.60603      -14.4482
        3.085      -9.00492      -17.1275
         3.09       -9.8219      -18.1588
        3.095      -9.77651      -16.7334
          3.1      -7.80406       -11.514
        3.105      -2.88726      -2.83477
         3.11       4.43305       5.53959
        3.115       11.3453       10.2263
         3.12         15.26       11.2427
        3.125       15.8945       10.4867
         3.13       14.8213       8.94329
        3.135       13.8639       7.67869
         3.14       13.7883       7.62648
        3.145       14.1154       9.08104
         3.15       14.0725       11.4061
        3.155       13.3012       13.6556
         3.16       11.9681       14.8406
        3.165       10.3255       14.5484
         3.17       8.62919       13.0507
        3.175       6.88246       10.6188
         3.18       5.01662       7.42751
        3.185       2.96155         3.793
         3.19      0.617055     0.0140192
        3.195      -1.88509      -3.70098
          3.2      -4.37193      -7.17717
        3.205      -6.57258      -10.2438
         3.21      -8.37529      -12.4363
        3.215      -9.70835      -12.7983
         3.22      -10.3125      -10.1833
        3.225      -9.52603       -4.4468
         3.23      -6.64964       2.16969
        3.235      -2.03772       6.69908
         3.24       2.92482       8.22922
        3.245       6.90155       8.13686
         3.25       8.94593       8.47807
        3.255       9.57515       9.11926
         3.26       9.94582       9.75163
        3.265       10.6247        10.232
         3.27       11.5711       10.4531
        3.275       12.2334       10.4007
         3.28       12.0205       10.0413
        3.285       10.7457       9.24355
         3.29       8.62039       8.00522
        3.295       5.98566       6.41274
          3.3        3.1805        4.5275
        3.305      0.499271       2.55247
         3.31      -1.79334      0.627284
        3.315      -3.50164      -1.16634
         3.32      -4.54337       -2.7932
        3.325      -5.11493      -4.20822
         3.33      -5.30725      -5.27271
        3.335      -5.18481      -5.68252
         3.34      -4.75721      -4.95509
        3.345      -3.85816      -2.67443
         3.35      -2.17343       1.16392
        3.355      0.367139       5.64842
         3.36       3.34925       9.42734
        3.365       6.32789       11.4741
         3.37       8.47109       12.3835
        3.375       9.56499       13.1039
         3.38       10.5117       13.9222
        3.385        11.782       14.8389
         3.39       13.3691       15.1827
        3.395       14.5362       14.3128
          3.4       14.4109        12.179
        3.405       12.6067       9.31077
         3.41       9.58245       6.38915
        3.415       6.10625       3.81237
         3.42       2.88298       1.66895
        3.425      0.267105     -0.185358
         3.43      -1.79322      -1.88859
        3.435      -3.41233      -3.50841
         3.44       -4.7702      -5.04891
        3.445      -5.95394      -6.58639
         3.45      -6.93644      -8.05328
        3.455      -7.61527      -9.19656
         3.46      -7.80194      -9.48867
        3.465      -7.18852      -8.14985
         3.47      -5.36449      -4.71355
        3.475      -2.15093      0.105896
         3.48        1.9045       4.60621
        3.485       5.63548       7.23327
         3.49       8.16966       7.90601
        3.495       9.03116       7.82413
          3.5       8.99477       7.71551
        3.505       8.99577       8.19383
         3.51       9.44345       9.35383
        3.515        10.254       10.7167
         3.52       11.0047       11.6712
        3.525        11.274       11.7832
         3.53       10.9233       10.9836
        3.535        10.061       9.42193
         3.54       8.77546       7.43697
        3.545       7.19685       5.29886
         3.55       5.52319       3.27073
        3.555       3.88969       1.48061
         3.56       2.33801    -0.0930268
        3.565      0.800682      -1.69754
         3.57     -0.858863      -3.59812
        3.575      -2.67309      -5.80141
         3.58      -4.46237      -7.87475
        3.585      -5.93338      -9.38422
         3.59      -6.88825      -9.88402
        3.595      -7.25323      -8.72648
          3.6      -6.77983      -5.56995
        3.605      -5.12351     -0.860394
         3.61      -2.11492       4.09868
        3.615       1.90648       7.84334
         3.62       6.28397       9.73995
        3.625       9.74549       10.6518
         3.63       11.6879       11.5682
        3.635       12.8257        12.748
         3.64        14.046       14.2445
        3.645       15.7623       15.5808
         3.65       17.6165       16.1415
        3.655       18.5232       15.6667
         3.66        17.595       14.0967
        3.665       14.9804       11.5759
         3.67       11.4221       8.32124
        3.675       7.67938       4.65883
         3.68       4.03373      0.887479
        3.685      0.640568      -2.54891
         3.69      -2.27857      -5.39228
        3.695      -4.69263      -7.50526
          3.7      -6.65759      -9.20211
        3.705       -8.3718      -10.7407
         3.71      -10.1835      -11.9844
        3.715      -12.0931      -12.5453
         3.72      -13.5679      -11.6861
        3.725      -13.7492      -8.74862
         3.73       -11.802       -3.9978
        3.735      -7.31957       1.41216
         3.74       -1.0297       5.86696
        3.745       4.92366        8.2879
         3.75       8.74976       8.75595
        3.755       9.64864       8.66535
         3.76       9.04457       8.46055
        3.765        8.4796         8.589
         3.77       8.52605       9.28337
        3.775        9.2502       10.0761
         3.78       10.1508       10.3043
        3.785       10.4601       9.53496
         3.79       9.78825       7.72966
        3.795       8.18156        5.1536
          3.8       5.96018       2.04589
        3.805       3.40297       -1.3605
         3.81      0.836066      -4.99693
        3.815      -1.30786       -8.5127
         3.82      -2.62124      -11.1656
        3.825       -3.3239      -12.1059
         3.83      -4.13749      -11.7284
        3.835      -5.46656      -11.2212
         3.84      -7.09122      -11.1017
        3.845      -8.59942      -10.7952
         3.85      -9.67815       -9.0306
        3.855      -10.0887      -4.87698
         3.86      -9.36572      0.782919
        3.865      -6.82101       5.42451
         3.87       -2.3664       7.31778
        3.875       2.86493       6.90671
         3.88       7.03037       5.61413
        3.885       8.87878       4.69338
         3.89       9.00498       4.38349
        3.895       8.63916       4.51225
          3.9       8.50876       5.22004
        3.905       8.95774       6.44022
         3.91       10.0509       8.05587
        3.915       11.4676       9.90171
         3.92       12.4658       11.5095
        3.925        12.416       12.0403
         3.93       11.0643       10.8351
        3.935       8.62631       7.86415
         3.94       5.38309       3.69064
        3.945       1.79253      -1.00541
         3.95      -1.83757      -5.66042
        3.955      -5.20313      -9.86446
         3.96      -8.23023      -13.6891
        3.965      -10.9069      -17.1407
         3.97      -13.4274      -20.0276
        3.975      -15.8563      -21.2713
         3.98      -17.7198      -18.9711
        3.985      -17.5665      -12.5781
         3.99      -13.4015       -5.2526
        3.995      -5.63411     -0.586699
            4       1.86376       1.56099
        4.005       6.00985       2.64528
         4.01       6.90688       3.30634
        4.015       6.00289       3.60892
         4.02        4.7275        3.4262
        4.025       3.69974       3.18148
         4.03       3.25969        3.1268
        4.035       3.56476       3.52065
         4.04       4.67391       4.57941
        4.045       6.45938       6.42128
         4.05       8.54298        8.9667
        4.055       10.3321       11.7677
         4.06       11.2492       13.7164
        4.065       11.0082       13.6976
         4.07       9.63203       11.2745
        4.075       7.23834       6.92429
         4.08       4.00561       1.57581
        4.085      0.401356        -3.839
         4.09      -3.18608      -8.74683
        4.095      -6.64012      -13.0134
          4.1      -9.75531      -16.8688
        4.105      -12.5559      -20.1836
         4.11      -15.0776      -21.7737
        4.115      -16.6211      -19.4181
         4.12      -15.4276      -12.9428
        4.125      -10.0738      -6.20161
         4.13      -2.56576        -2.391
        4.135       2.92692     -0.814207
         4.14       4.94596    -0.0947165
        4.145       4.74706      0.505738
         4.15       4.01186       1.06181
        4.155       3.61631        1.3737
         4.16       3.70041       1.42144
        4.165       4.28066       1.24559
         4.17       5.33093      0.886049
        4.175       6.78149      0.488938
         4.18       8.48985      0.208041
        4.185       10.1377      0.188873
         4.19       11.2138      0.590308
        4.195       11.3442       1.47993
          4.2       10.4082       2.95384
        4.205       8.54535       5.09562
         4.21       6.02823        7.9047
        4.215       3.22641       11.1038
         4.22      0.435383       13.8668
        4.225      -2.09064       14.9435
         4.23      -4.28819       13.4749
        4.235      -6.18764       9.40046
         4.24      -8.00376        3.5174
        4.245      -9.54791      -3.05357
         4.25      -10.3943      -9.28637
        4.255      -9.65308        -14.95
         4.26      -6.34272      -19.7478
        4.265     -0.879388       -22.671
         4.27       4.34443      -20.7941
        4.275       7.23023      -13.1534
         4.28       7.77144      -4.20878
        4.285       7.08022       1.34587
         4.29       6.33052       3.51207
        4.295       6.27871       4.04812
          4.3       6.93014       4.32126
        4.305       7.86054       4.83901
         4.31       8.65465       5.66161
        4.315        8.9786       6.80235
         4.32       8.71495       8.25763
        4.325       7.99433       9.99074
         4.33       6.99299        11.884
        4.335       5.91309       13.5947
         4.34       4.92836       14.6704
        4.345       4.03632       14.7346
         4.35       3.17763       13.6921
        4.355       2.10796       11.5809
         4.36      0.439043       8.59039
        4.365      -1.84519       4.96735
         4.37      -4.22779       1.12486
        4.375      -6.16653      -2.49228
         4.38      -7.52335      -5.54652
        4.385      -8.19809      -8.03034
         4.39      -7.74675      -10.0384
        4.395      -5.85571      -11.3621
          4.4      -2.52517      -11.3061
        4.405       1.41007      -8.72198
         4.41       4.74209      -3.36982
        4.415       6.73501       2.83091
         4.42       7.44997       7.74264
        4.425       7.95653       9.83944
         4.43       8.98019       10.0603
        4.435       10.2977       10.0297
         4.44       11.6492       10.3613
        4.445       12.6875       11.0251
         4.45       12.8692       11.6669
        4.455       12.0799       11.9027
         4.46       10.5377       11.6407
        4.465       8.68383       10.9513
         4.47       6.74923       9.98309
        4.475       4.91296       8.79863
         4.48       3.24808       7.44958
        4.485        1.7026       5.89085
         4.49      0.181994       4.03809
        4.495      -1.41373        1.8465
          4.5      -3.11124      -0.52287
        4.505      -4.69774      -2.80679
         4.51      -6.01788      -4.79408
        4.515      -6.91405      -6.46967
         4.52      -7.08563      -7.73302
        4.525      -6.19205      -8.61207
         4.53      -4.04463       -8.8622
        4.535     -0.932681      -7.99261
         4.54       2.30625      -5.59812
        4.545       4.68392      -1.85433
         4.55       5.78279       2.55277
        4.555       6.21205       6.57052
         4.56       7.18684       9.09598
        4.565       8.54988       10.6475
         4.57       10.1719       11.9111
        4.575        11.733       13.3626
         4.58       12.9272       14.9546
        4.585       13.4319       16.0983
         4.59       13.1656       16.0308
        4.595       12.1265       14.7274
          4.6       10.5741       12.6199
        4.605        8.8155       10.3041
         4.61       7.12155       8.15093
        4.615       5.60655       6.31783
         4.62       4.22322       4.68894
        4.625       2.69673       2.97918
         4.63      0.779131      0.905954
        4.635      -1.50652      -1.53559
         4.64      -3.77597      -3.96859
        4.645      -5.62447        -6.042
         4.65      -6.82926       -7.5625
        4.655      -7.12336      -8.48268
         4.66      -6.43073      -8.60854
        4.665      -4.63217      -7.74343
         4.67      -1.90245      -5.71513
        4.675       1.17085       -2.8327
         4.68       3.95393      0.017838
        4.685       5.99348       2.25502
         4.69       7.42722       3.80415
        4.695       8.54474       4.96117
          4.7       9.42779       6.26158
        4.705       10.2293       7.91826
         4.71       10.8314       9.89361
        4.715       10.9178       11.8592
         4.72       10.4044       13.1647
        4.725       9.35859        13.331
         4.73       7.91914        12.299
        4.735       6.26181       10.3793
         4.74       4.52173       8.02049
        4.745       2.81982       5.58106
         4.75       1.26037       3.32177
        4.755     -0.105643       1.37497
         4.76      -1.22109     -0.218773
        4.765      -2.10422      -1.46974
         4.77      -2.80147      -2.47035
        4.775      -3.42003      -3.32893
         4.78      -4.06344      -4.09532
        4.785      -4.69148       -4.8002
         4.79      -5.07044      -5.33885
        4.795      -4.64787      -5.46288
          4.8      -2.92233      -4.74779
        4.805    -0.0936924      -2.90236
         4.81       3.10698       -0.1823
        4.815       5.69944       2.81231
         4.82       7.17432         5.482
        4.825       7.97852       7.14956
         4.83       8.69821        7.8162
        4.835       9.66462       8.08791
         4.84        11.071        8.4975
        4.845       12.5169       9.38362
         4.85       13.4333       10.5914
        4.855       13.3942       11.5096
         4.86       12.4601       11.6543
        4.865       10.8963       10.8847
         4.87       8.98078        9.4164
        4.875       6.85642       7.45118
         4.88       4.52546       5.07251
        4.885       2.03823        2.4224
         4.89     -0.474241     -0.191925
        4.895      -2.78643      -2.44824
          4.9      -4.78021      -4.27473
        4.905      -6.43155      -5.74753
         4.91      -7.82313      -6.90703
        4.915      -8.86551      -7.81548
         4.92       -9.3148      -8.41286
        4.925      -8.73093      -8.49005
         4.93      -6.60824      -7.65871
        4.935      -3.08466      -5.56126
         4.94       0.74337      -2.39802
        4.945       3.56285      0.912794
         4.95       4.77755       3.41967
        4.955       5.04672       4.71061
         4.96       5.37279       4.96007
        4.965       6.07964       5.17892
         4.97       7.36333       6.00324
        4.975       8.99447       7.57264
         4.98       10.5485       9.52666
        4.985       11.5469       11.2349
         4.99       11.6932       12.1273
        4.995       11.0101       11.8859
            5        9.6344       10.6749
        5.005       7.80328       8.83671
         5.01       5.79619       6.70211
        5.015       3.79878       4.57632
         5.02       1.99041       2.62098
        5.025      0.325123      0.843476
         5.03      -1.33659     -0.799851
        5.035      -3.24253      -2.45759
         5.04       -5.3888      -4.24654
        5.045      -7.50193      -6.10594
         5.05      -9.19731      -7.82017
        5.055      -10.0194      -9.28186
         5.06      -9.37139      -10.3509
        5.065      -6.74384      -10.7352
         5.07      -2.55394      -9.82827
        5.075       1.87988      -7.14799
         5.08       5.16001      -2.91522
        5.085       6.77423       1.81759
         5.09       7.19151       5.85237
        5.095       7.64273       8.01925
          5.1        8.5178       8.60649
        5.105       9.75546       8.58237
         5.11       11.1626       8.77273
        5.115       12.2458        9.6568
         5.12       12.5969       11.0938
        5.125       12.1646       12.4515
         5.13       11.1723       13.0297
        5.135       9.69734       12.5065
         5.14        7.8134       10.8509
        5.145       5.56139       8.28177
         5.15       3.00916       5.12064
        5.155      0.380585       1.93958
         5.16      -2.11405      -0.89101
        5.165      -4.32186      -3.19329
         5.17      -6.18393      -5.13463
        5.175      -7.76334      -6.73746
         5.18      -9.03189      -8.11444
        5.185      -9.71885      -9.39747
         5.19      -9.28716      -10.5814
        5.195      -7.03382      -11.4911
          5.2      -2.75316        -11.54
        5.205       2.46394      -9.83084
         5.21       6.83084      -5.91029
        5.215       9.19206     -0.724574
         5.22       9.63517       4.17779
        5.225       9.53797       7.10503
         5.23       9.89147        8.0051
        5.235       10.6385       8.11549
         5.24       11.6372       8.44849
        5.245       12.5027       9.51444
         5.25        12.681       11.3473
        5.255       11.9955       13.3948
         5.26       10.6038       14.7392
        5.265       8.62605       14.5994
         5.27       6.24957       12.9499
        5.275       3.69748       10.2931
         5.28       1.07701       7.08291
        5.285      -1.69248       3.66869
         5.29      -4.84312     0.0949345
        5.295      -8.49747       -3.4883
          5.3      -12.2661      -6.67494
        5.305      -15.4663      -8.71764
         5.31      -17.1745      -9.73917
        5.315      -16.8725      -10.8776
         5.32      -14.5501      -12.5123
        5.325      -9.54515        -14.39
         5.33      -2.65978      -15.5591
        5.335       3.04492      -14.5651
         5.34       5.47551      -10.6473
        5.345       5.34752      -4.93897
         5.35       4.38784       0.18955
        5.355       3.54106        3.1686
         5.36        3.1459       4.04813
        5.365       3.13073        3.7305
         5.37       3.41673       3.14981
        5.375       4.07192       2.84704
         5.38       5.00868       3.20312
        5.385       6.01627       4.44234
         5.39       6.87216       6.59057
        5.395       7.41354       9.28183
          5.4       7.52507       11.7658
        5.405       7.11071        13.257
         5.41       6.04806       13.2998
        5.415       4.42002       11.9689
         5.42       2.48247       9.68267
        5.425      0.504446       6.96892
         5.43      -1.32193       4.28871
        5.435       -2.9949       1.83333
         5.44      -4.63638     -0.505659
        5.445      -6.45993      -3.06141
         5.45      -8.33641      -5.96806
        5.455      -9.58468      -9.01532
         5.46       -8.8916      -11.7547
        5.465      -5.74353      -13.4077
         5.47      -1.32826      -12.8966
        5.475       2.51416      -9.56362
         5.48       4.73893      -4.17276
        5.485       5.48921       1.08222
         5.49       5.31738       4.56043
        5.495       5.21104       5.62365
          5.5       5.50716       5.11106
        5.505       6.28542       4.28514
         5.51       7.76107       3.93974
        5.515       9.63632       4.52723
         5.52       11.2223       6.08366
        5.525       11.9473        8.1739
         5.53       11.5461        10.132
        5.535       10.1158       11.3398
         5.54       7.93636        11.428
        5.545       5.29423       10.3789
         5.55       2.41654       8.36408
        5.555     -0.539889       5.61749
         5.56      -3.47229       2.44541
        5.565      -6.31157     -0.847858
         5.57      -8.91679      -4.00046
        5.575      -11.0701       -6.8992
         5.58      -12.4871      -9.45112
        5.585      -12.2093       -11.812
         5.59      -9.50694       -13.945
        5.595      -4.64694      -15.1797
          5.6      0.450207      -14.2015
        5.605       3.97323      -10.0522
         5.61        5.9267      -3.73668
        5.615       7.08802       2.44212
         5.62       8.10723       6.53697
        5.625       9.52289       8.24063
         5.63       11.0319       8.75773
        5.635       12.0439       9.34965
         5.64       12.4336       10.4426
        5.645       12.1534       12.0491
         5.65       11.4275        13.978
        5.655       10.6726       15.7217
         5.66       10.0024       16.5969
        5.665       9.28288       16.2344
         5.67       8.14531       14.6558
        5.675       6.25787       11.9893
         5.68        3.7842       8.48214
        5.685       1.14981       4.46802
         5.69      -1.38236      0.407764
        5.695      -3.72352      -3.27626
          5.7      -5.75797       -6.2477
        5.705      -7.40101      -8.66157
         5.71      -8.53583      -10.5406
        5.715      -8.93699      -12.1046
         5.72      -8.34216      -13.2776
        5.725      -6.34933      -13.5247
         5.73      -2.96462      -11.8265
        5.735        1.0241      -7.58152
         5.74        4.5565      -1.90358
        5.745       6.78114       3.04439
         5.75       7.66927       6.09419
        5.755        8.3501       6.92762
         5.76       9.05524       6.68248
        5.765       9.90203       6.43108
         5.77       10.8182       6.63151
        5.775       11.2738       7.51797
         5.78       10.9602       8.97897
        5.785       9.84529       10.5984
         5.79       8.26677        11.727
        5.795       6.41766       11.7164
          5.8       4.46441       10.2405
        5.805       2.41315       7.44467
         5.81      0.308399       3.68897
        5.815      -1.81203     -0.575989
         5.82       -3.8435      -4.95851
        5.825      -5.64507      -9.11384
         5.83      -6.97729      -12.7328
        5.835      -7.58255       -15.328
         5.84      -7.67925      -16.5091
        5.845      -7.48117       -16.302
         5.85      -6.82489       -14.613
        5.855      -4.93134       -10.391
         5.86       -1.0142      -3.25511
        5.865       4.41901       4.22589
         5.87       9.30712       8.31261
        5.875       11.5062       8.51086
         5.88       11.5329       6.85028
        5.885       10.9945       5.01737
         5.89        11.143       3.92752
        5.895       12.0901        3.7305
          5.9        13.433       4.31563
        5.905       14.2472       5.55311
         5.91       13.7163       7.14555
        5.915       11.7499       8.97589
         5.92       8.99799       11.0906
        5.925       6.24489        13.012
         5.93       3.86518       13.7225
        5.935       1.91104        12.207
         5.94      0.132682       8.39418
        5.945        -1.632         3.001
         5.95      -3.43901      -2.90924
        5.955       -5.2104      -8.50011
         5.96      -6.90936      -13.4209
        5.965      -8.54989      -17.5551
         5.97       -10.044      -20.8602
        5.975      -11.3334      -22.1432
         5.98       -12.045      -18.9998
        5.985      -11.1741      -11.2427
         5.99      -7.61977      -3.32934
        5.995      -2.11962      0.638187
            6       3.08609       1.40953
        6.005       6.37403       1.30274
         6.01       7.50905       1.48584
        6.015       7.39383       1.66379
         6.02       6.98033       1.62071
        6.025       6.75545       1.41212
         6.03       7.03877      0.991145
        6.035       7.85104      0.467232
         6.04       8.88902    -0.0344667
        6.045       9.51167     -0.325979
         6.05       9.09432     -0.346406
        6.055       7.36064     -0.140211
         6.06        4.4613      0.387825
        6.065      0.743956       1.40306
         6.07      -3.30115       3.32983
        6.075      -6.94637       6.57816
         6.08      -9.19825       11.0421
        6.085      -9.44031       15.4325
         6.09      -8.22686       17.8327
        6.095      -6.60083       16.8801
          6.1      -5.50527       12.9699
        6.105      -5.04396       7.35286
         6.11      -4.49383      0.944978
        6.115      -2.93947      -6.09715
         6.12     -0.420545      -13.5186
        6.125       1.96961      -19.5816
         6.13       3.42004       -22.095
        6.135       3.61085      -19.0304
         6.14       3.06084      -11.2788
        6.145        2.6111      -3.71767
         6.15        2.2573      0.458589
        6.155       1.87206       1.84615
         6.16       1.78911       1.80318
        6.165       2.43686       1.10507
         6.17       4.08326      0.483837
        6.175       6.50355       0.48332
         6.18       9.10453       1.08803
        6.185        11.164       1.97478
         6.19       11.8817       3.02062
        6.195       10.7162       4.23716
          6.2        7.6404       5.61374
        6.205        3.2475        7.0857
         6.21       -1.6246       8.61489
        6.215      -6.25002       10.0498
         6.22      -10.1658       10.9346
        6.225      -13.2721       10.7949
         6.23      -15.5489       9.25465
        6.235       -16.473        6.3138
         6.24      -14.4635       2.26513
        6.245       -8.3529      -2.23718
         6.25     -0.151704      -6.40394
        6.255       5.87397       -9.5911
         6.26       8.16539      -11.8613
        6.265       8.20887      -13.1016
         6.27       7.78255      -12.7601
        6.275       7.58822      -9.87203
         6.28       7.70272      -3.96624
        6.285       8.14165       3.18543
         6.29       8.95133       9.04851
        6.295       10.1447       12.1196
          6.3       11.4056       13.2119
        6.305       11.8487       14.1457
         6.31       11.6486       15.2158
        6.315       10.9311       16.4189
         6.32       9.64536        17.194
        6.325       7.77191        16.848
         6.33       5.31726       15.2159
        6.335       2.47398       12.8572
         6.34     -0.321654       10.4844
        6.345      -2.73937       8.26973
         6.35      -4.79479       6.24949
        6.355      -6.69068       4.14647
         6.36      -8.60496       1.83613
        6.365      -10.3177     -0.778722
         6.37      -10.8076       -3.6732
        6.375      -8.92681      -6.49207
         6.38      -4.68246      -8.82227
        6.385      0.307113      -10.4448
         6.39       3.93482      -11.2045
        6.395       5.37546      -10.9193
          6.4       5.15057      -9.08175
        6.405       4.48531      -5.71691
         6.41       4.45663      -1.40287
        6.415       5.50133       3.05844
         6.42       7.33333       6.76329
        6.425       9.18489       9.32149
         6.43       10.2749       11.1782
        6.435       10.5435       12.7946
         6.44       10.1117        14.269
        6.445        9.1817       15.3026
         6.45       7.84034       15.3515
        6.455       6.11178       14.2665
         6.46       4.06741       12.3289
        6.465       1.86938       9.89159
         6.47     -0.341679       7.35425
        6.475      -2.45999       4.91074
         6.48       -4.4077        2.7209
        6.485        -6.095      0.826909
         6.49      -7.41612     -0.723178
        6.495      -8.15015       -1.9295
          6.5      -7.87789      -2.83769
        6.505      -5.93229      -3.48653
         6.51      -1.98248      -3.81464
        6.515       3.13706      -3.57742
         6.52       7.78172      -2.58447
        6.525        10.559     -0.638855
         6.53       11.3649       2.24605
        6.535       11.4729       5.07782
         6.54       11.7778       7.42514
        6.545       12.4836       9.20452
         6.55       13.2876       10.6798
        6.555       13.6082       12.1732
         6.56       13.1785       13.6601
        6.565       12.0572       14.7102
         6.57       10.5089        14.636
        6.575       8.61671        13.062
         6.58       6.40199       10.2284
        6.585       4.00169       6.91571
         6.59       1.59127       3.92716
        6.595     -0.689611       1.51997
          6.6      -2.77866     -0.287752
        6.605      -4.65125      -1.59663
         6.61      -6.26895      -2.65528
        6.615      -7.66886      -3.50039
         6.62      -8.73019      -4.11648
        6.625      -8.99459      -4.51651
         6.63      -7.72627      -4.60681
        6.635       -4.3858      -4.15671
         6.64      0.463139      -2.78295
        6.645       5.17832      -0.39603
         6.65       8.18333       2.62231
        6.655       9.10899       5.72355
         6.66       8.84398       7.95424
        6.665       8.35935       9.13441
         6.67        8.1374       9.81805
        6.675       8.46747       10.4647
         6.68        9.1947       11.2121
        6.685       9.82651       11.7227
         6.69       9.95357       11.4287
        6.695       9.29054       10.0709
          6.7       7.83639       7.79607
        6.705       5.77008       4.97537
         6.71       3.38381       1.93729
        6.715      0.996544      -1.01705
         6.72      -1.05576      -3.56232
        6.725      -2.67306      -5.33864
         6.73      -4.01251      -6.20744
        6.735      -5.31016       -6.4155
         6.74      -6.69728      -6.30954
        6.745      -8.09974      -6.03715
         6.75      -9.11162      -5.49798
        6.755      -9.07682      -4.31795
         6.76      -7.07654      -2.13892
        6.765      -2.67928       1.10675
         6.77       3.14299        4.8259
        6.775       8.33827       7.97853
         6.78        11.262       9.88793
        6.785       11.8585        10.553
         6.79       11.5252       10.4226
        6.795       11.5299       10.5533
          6.8       12.3966       11.4181
        6.805       13.8102       12.8096
         6.81       14.9288        13.845
        6.815       14.7982       13.6264
         6.82        13.121       11.9356
        6.825       10.4133       9.24913
         6.83       7.27668        6.3342
        6.835       4.19623       3.61459
         6.84       1.36655       1.20682
        6.845      -1.13123     -0.818432
         6.85      -3.26714      -2.53222
        6.855       -5.0726      -4.00344
         6.86      -6.63168      -5.35305
        6.865      -8.11305       -6.5277
         6.87      -9.48004      -7.51413
        6.875       -10.533      -8.23807
         6.88      -10.7362       -8.3809
        6.885       -9.2651      -7.51918
         6.89      -5.65881      -5.20976
        6.895     -0.819061      -1.61672
          6.9       3.32441       2.28667
        6.905       5.46223       5.19928
         6.91       5.71773       6.64813
        6.915       5.39582       6.51073
         6.92        5.4318       6.06263
        6.925       6.28067       6.43538
         6.93       7.83898       7.96359
        6.935       9.62296       10.1347
         6.94       11.1027       12.1124
        6.945       11.7942       13.2835
         6.95       11.4601       13.2751
        6.955       9.82808       12.1045
         6.96       6.55436       9.79995
        6.965       1.67528       6.70032
         6.97      -3.46056       3.57965
        6.975      -7.12078        1.2425
         6.98      -8.71287     -0.452611
        6.985      -8.99736      -1.98275
         6.99      -9.11585      -3.53856
        6.995      -9.52517      -4.98275
            7      -9.99075      -6.08133
        7.005      -9.65437      -6.83694
         7.01       -7.5163      -7.17359
        7.015      -3.46284       -6.8097
         7.02      0.799223      -4.79246
        7.025       3.48441     -0.887707
         7.03       4.30835       3.44728
        7.035       4.08409       6.41932
         7.04       3.70748       7.41317
        7.045       3.40996       7.33336
         7.05        3.3556        7.2097
        7.055       3.88456       7.49838
         7.06       5.13337       8.35311
        7.065       7.12142       9.50161
         7.07       9.57453       10.4806
        7.075       11.7056       10.9295
         7.08        12.526       10.6772
        7.085       11.4393         9.675
         7.09       8.46555       7.96939
        7.095       4.20451       5.70713
          7.1     -0.551707       3.17241
        7.105      -5.18832      0.634094
         7.11      -9.32808      -1.77314
        7.115        -12.86      -4.00581
         7.12      -16.0121      -5.96207
        7.125       -18.675      -7.65693
         7.13      -19.6951      -9.15219
        7.135      -16.9796       -10.183
         7.14       -9.9276      -10.1605
        7.145       -1.7839      -8.38014
         7.15       3.32668      -4.90445
        7.155       4.75755     -0.569346
         7.16       4.05854       3.54807
        7.165       2.66563       6.27448
         7.17       1.47591        6.9726
        7.175      0.545294       6.30921
         7.18      0.278133       5.25392
        7.185       1.35796       4.74868
         7.19       4.04158       5.86152
        7.195       7.58209        8.7476
          7.2       11.0168       11.8595
        7.205       13.8158       13.7983
         7.21       15.6318       14.3294
        7.215       15.9923       13.6596
         7.22       14.4742       11.9571
        7.225       10.9086       9.36689
         7.23       5.76033        6.3501
        7.235     -0.105071       3.29996
         7.24      -5.85213      0.390846
        7.245      -10.8478       -2.3115
         7.25      -14.8348      -4.76382
        7.255      -18.2507      -6.75558
         7.26      -20.5773        -8.328
        7.265      -20.2679      -9.68872
         7.27      -15.7112       -10.638
        7.275      -8.37042      -10.3501
         7.28      -2.38229      -7.83709
        7.285      0.373754      -3.30898
         7.29      0.966457       1.93948
        7.295      0.810086       6.25895
          7.3      0.572988       8.57588
        7.305      0.428422       9.10179
         7.31     0.0353542       9.03268
        7.315     -0.311141       9.13569
         7.32     -0.482181       9.60627
        7.325     -0.355207       10.1332
         7.33      0.151771        10.187
        7.335       1.01143       9.47365
         7.34       2.22589       8.11857
        7.345       3.95152       6.39948
         7.35       6.25596        4.5561
        7.355       9.01858       2.82357
         7.36       11.4845       1.41199
        7.365       12.5561      0.444508
         7.37       11.2637     -0.200873
        7.375       7.54335     -0.830947
         7.38       2.14351      -1.69607
        7.385      -3.84491       -2.8234
         7.39      -9.59186      -4.10337
        7.395       -14.734      -5.41238
          7.4      -19.1381      -6.59807
        7.405        -21.95      -7.54342
         7.41       -20.969      -8.10976
        7.415      -14.5953      -7.74701
         7.42      -5.75757       -5.5437
        7.425      0.676183      -1.41095
         7.43       3.52824       3.33444
        7.435       4.53735       7.11138
         7.44       5.08767        9.3038
        7.445       5.54191       10.0832
         7.45       5.76561       10.3834
        7.455       6.01823        11.045
         7.46       6.57135       12.3593
        7.465       7.79453       13.9868
         7.47       9.88953       15.1606
        7.475       12.6469       15.2118
         7.48        15.412       14.0593
        7.485       17.1294       12.0218
         7.49       16.7953       9.51879
        7.495       13.9317       6.77561
          7.5       8.78295       3.72112
        7.505       2.53875      0.503199
         7.51      -3.52047      -2.53221
        7.515      -8.81364      -5.11718
         7.52      -13.0996      -7.40589
        7.525      -16.8291       -9.3414
         7.53      -19.7905      -11.2874
        7.535      -20.8541      -13.5847
         7.54      -18.0063       -16.094
        7.545      -10.9408      -17.5898
         7.55      -3.16845      -15.8434
        7.555       1.66074      -10.0929
         7.56       3.56757      -2.37083
        7.565       3.90705       3.93219
         7.57       3.61019       7.13166
        7.575       3.49338       7.39438
         7.58       3.38455       6.40739
        7.585       3.27942       5.51822
         7.59       3.49538       5.20645
        7.595       4.12924       5.65155
          7.6       5.30537       6.70197
        7.605       6.91854        8.0382
         7.61       8.66455       9.10121
        7.615       10.0322       9.49013
         7.62       10.4667       9.06042
        7.625       9.65004       7.89596
         7.63       7.57905       6.14193
        7.635       4.52507         3.966
         7.64      0.915441       1.58389
        7.645      -2.78706     -0.783639
         7.65      -6.27119      -2.97495
        7.655      -9.41792      -4.97917
         7.66      -11.9942      -6.70844
        7.665      -13.3691      -8.33126
         7.67      -12.2437       -9.9847
        7.675      -7.55389        -11.58
         7.68     -0.421782      -12.4778
        7.685       5.93014      -11.5759
         7.69       9.51503      -8.17474
        7.695       10.4939      -2.66838
          7.7       10.4434       3.00138
        7.705       10.6625       6.57066
         7.71       11.2847       7.85981
        7.715        12.143        7.8468
         7.72       12.5892       7.59841
        7.725       12.5075       7.60675
         7.73       11.7454       8.00016
        7.735       10.2756       8.70578
         7.74       8.10659       9.55401
        7.745       5.48632       10.4772
         7.75       2.78512       11.3208
        7.755      0.401627       11.5823
         7.76       -1.5652       10.6556
        7.765       -3.2719       8.36355
         7.77        -4.902       5.05776
        7.775      -6.40059        1.2624
         7.78      -7.66322       -2.6305
        7.785      -8.47798      -6.19042
         7.79       -8.4184      -9.27769
        7.795      -6.62506      -12.0207
          7.8      -2.64816      -14.4892
        7.805       2.61761      -16.2671
         7.81       7.28179      -16.1565
        7.815       9.86158      -12.5586
         7.82       10.2683      -5.15276
        7.825       9.97194       2.52239
         7.83       9.87695       6.98715
        7.835       10.4807       8.00682
         7.84       11.3534       7.44613
        7.845       11.6728       6.85857
         7.85        11.346       6.67892
        7.855       10.2315       7.01225
         7.86       8.54998       7.86401
        7.865        6.5327        9.2716
         7.87       4.46107       11.0351
        7.875       2.51739       12.6626
         7.88      0.818443       13.4158
        7.885     -0.701149       12.7008
         7.89      -2.17732       10.3982
        7.895       -3.7801       6.81894
          7.9      -5.48591       2.49701
        7.905      -7.18572      -2.03065
         7.91      -8.71917      -6.33992
        7.915      -10.0562      -10.1968
         7.92       -10.626      -13.5032
        7.925      -9.75237      -16.0774
         7.93      -6.87174      -17.1737
        7.935      -1.89905      -15.5078
         7.94       4.13628      -10.0422
        7.945       9.27585      -1.86051
         7.95       12.3321       5.55421
        7.955       13.3447        9.9728
         7.96       14.1447       11.2229
        7.965       15.2677       11.1092
         7.97       16.2814        10.939
        7.975       16.9485       10.7038
         7.98       16.2802       10.5389
        7.985       14.0248        10.887
         7.99       10.8078       12.0772
        7.995       7.38019       13.6683
            8       4.19702        14.691
        8.005       1.49635       14.2626
         8.01     -0.690727       12.1186
        8.015      -2.48236       8.52142
         8.02      -4.05402       4.08249
        8.025      -5.48388     -0.610544
         8.03      -6.87303      -5.06211
        8.035      -8.37965      -9.02498
         8.04      -9.96503      -12.5976
        8.045      -11.2634      -16.0023
         8.05       -11.889      -19.0098
        8.055      -11.2187      -20.4546
         8.06      -8.68854       -18.253
        8.065      -4.44731      -11.8218
         8.07      0.393466      -4.29291
        8.075       4.21807      0.860599
         8.08       5.89137       3.10658
        8.085       5.86068        3.8054
         8.09       5.13088       3.66466
        8.095       4.13784        3.2792
          8.1       3.45491       2.90235
        8.105       3.42046       2.75547
         8.11        4.2521       2.95387
        8.115        5.9019       3.62955
         8.12       8.00053       4.95262
        8.125       9.98852       7.06006
         8.13       11.3186       9.99596
        8.135       11.6921       13.4464
         8.14       11.0598       16.5583
        8.145       9.58672       17.9707
         8.15       7.40647       16.6914
        8.155       4.68683       12.6787
         8.16       1.75956       6.86811
        8.165      -1.10542      0.511917
         8.17      -3.89368      -5.69977
        8.175      -6.80586      -11.5542
         8.18      -9.61424      -17.1849
        8.185      -11.8251      -21.9224
         8.19      -12.6787      -23.7997
        8.195      -11.3279       -20.264
          8.2      -7.37813      -12.5678
        8.205      -1.86624      -5.92307
         8.21       2.53709      -3.00003
        8.215       4.12049      -2.42948
         8.22       3.53639      -2.14439
        8.225       2.69782      -1.36525
         8.23        3.0182     -0.417819
        8.235       4.34045      0.199412
         8.24       5.98798      0.402986
        8.245       7.57407      0.405814
         8.25       8.87492      0.386533
        8.255       9.66853      0.438416
         8.26       9.71748       0.61071
        8.265       8.94419      0.898682
         8.27       7.41725       1.33689
        8.275       5.31044       2.01614
         8.28       2.86102       3.06101
        8.285      0.298522       4.62409
         8.29      -2.13709       6.81022
        8.295      -4.21329       9.39755
          8.3      -5.69366       11.7091
        8.305       -6.5183       12.6691
         8.31      -6.85483       11.4596
        8.315      -6.99286       7.99398
         8.32      -6.95131        2.9566
        8.325      -6.38343      -2.76213
         8.33      -4.64045      -8.37698
        8.335      -1.45379      -13.4551
         8.34       2.73748      -17.7108
        8.345       6.65816      -19.7815
         8.35       9.02928      -17.3578
        8.355       9.76163      -9.84886
         8.36       9.84509      -1.14559
        8.365       9.97427       4.70545
         8.37       10.5291       7.16314
        8.375       11.8075       7.77755
         8.38       13.1031       8.28928
        8.385        14.026       9.03833
         8.39       14.2348       10.2328
        8.395       13.6075       11.8997
          8.4       12.3181       13.8901
        8.405       10.6364       15.8062
         8.41       8.73215       16.9659
        8.415       6.54756       16.7806
         8.42       3.95553       14.9244
        8.425        1.0836       11.5949
         8.43      -1.80445       7.32913
        8.435      -4.43425       2.86873
         8.44      -6.67454      -1.37027
        8.445        -8.438      -5.12061
         8.45      -9.74422      -8.33911
        8.455      -10.5299      -11.0582
         8.46      -9.79511      -13.3592
        8.465       -7.1126      -14.8449
         8.47      -2.84654      -14.3442
        8.475       1.52241      -10.5462
         8.48       4.64151      -3.95716
        8.485       6.16797       2.48237
         8.49       6.54416       6.62198
        8.495       7.03813         7.837
          8.5       7.58529       7.84045
        8.505       8.45722       7.71304
         8.51       9.54957       7.93079
        8.515       10.4641       8.60065
         8.52        10.844       9.48167
        8.525       10.5321       10.2006
         8.53       9.57352       10.4441
        8.535       8.10626       10.0771
         8.54       6.29428       9.04465
        8.545       4.25811       7.42634
         8.55       2.08442        5.3194
        8.555     -0.092279       2.89822
         8.56      -2.24268      0.419416
        8.565      -4.26541      -1.97911
         8.57      -6.06958      -4.15566
        8.575      -7.63793      -5.97296
         8.58      -8.90349      -7.35087
        8.585      -9.40432      -8.20059
         8.59      -8.66713      -8.31002
        8.595      -6.07662      -7.16135
          8.6      -1.56285      -4.19031
        8.605       3.77248      0.412337
         8.61        8.1878       5.26015
        8.615       10.6501       8.78749
         8.62       11.6239       10.5704
        8.625       11.8435       11.3539
         8.63       12.2872       12.1539
        8.635       13.4923       13.4122
         8.64       15.2748       14.9201
        8.645       16.9321       15.9602
         8.65       17.4723       15.8143
        8.655         16.36       14.2861
         8.66        13.897       11.8023
        8.665       10.7395       9.01002
         8.67       7.34259       6.27474
        8.675       3.87872       3.56457
         8.68      0.360545      0.875793
        8.685      -3.03269      -1.83079
         8.69      -6.03752      -4.44911
        8.695      -8.61415      -6.81669
          8.7      -10.9392      -8.73191
        8.705      -12.9488      -10.2492
         8.71      -14.3572      -11.2826
        8.715      -14.3394      -11.5901
         8.72      -11.8608      -10.7254
        8.725      -6.84036        -8.252
         8.73      -1.12459      -4.37735
        8.735       3.25263     -0.199233
         8.74       5.60478       3.21407
        8.745         6.362       5.55791
         8.75       6.35076       6.83141
        8.755       6.08929       7.63356
         8.76       6.07611       8.46373
        8.765       6.59767       9.52697
         8.77       7.80968       10.6226
        8.775       9.59053       11.3307
         8.78       11.4972        11.324
        8.785       12.8452       10.5988
         8.79        13.103       9.33438
        8.795       12.1173       7.73983
          8.8       10.0543        5.9952
        8.805       7.29629       4.17576
         8.81       4.22859       2.38935
        8.815       1.07522      0.611646
         8.82      -2.13901       -1.1388
        8.825      -5.48564      -2.96375
         8.83      -8.88086      -4.86131
        8.835      -12.0384      -6.62157
         8.84       -14.408      -7.99208
        8.845      -14.9405      -8.73829
         8.85      -12.2717       -8.7092
        8.855      -6.20948      -7.49501
         8.86      0.873487      -4.68875
        8.865       5.94691     -0.629799
         8.87       8.08305        3.4986
        8.875       8.20723       6.63513
         8.88       7.85789       7.93257
        8.885       7.73783       7.87765
         8.89       8.24087       7.67969
        8.895       9.58959        8.1065
          8.9       11.5594        9.3114
        8.905        13.602       10.7708
         8.91       14.8666       11.6603
        8.915       14.6926       11.3498
         8.92       12.9766       9.91036
        8.925       10.1134       7.83852
         8.93       6.64404       5.55512
        8.935       2.98051       3.28696
         8.94     -0.524731       1.10971
        8.945      -3.69233      -0.84264
         8.95      -6.45093      -2.66074
        8.955      -8.87667      -4.27443
         8.96       -11.026      -5.65271
        8.965       -12.697      -6.89939
         8.97      -13.0913      -8.10587
        8.975      -10.9761      -9.27826
         8.98       -5.8161      -10.0443
        8.985      0.560034      -9.70053
         8.99       5.31679      -7.61709
        8.995       7.37012      -3.79827
            9       7.48159       1.04702
        9.005       6.95334       5.46218
         9.01       6.76865       8.17615
        9.015       6.88775       9.39278
         9.02       7.19375       9.90041
        9.025        7.7704        10.343
         9.03       8.75423       11.0683
        9.035       10.0556       12.1619
         9.04       11.3023       13.2006
        9.045       11.8634       13.5078
         9.05       10.9614       12.6141
        9.055       8.20745       10.4768
         9.06       3.62713        7.4179
        9.065      -1.98953        4.1327
         9.07      -7.23646       1.56249
        9.075      -10.7305       -0.1069
         9.08      -12.1416      -1.36166
        9.085      -12.5938      -2.68135
         9.09      -13.0165      -4.12898
        9.095      -12.7525      -5.58091
          9.1      -9.98548      -6.91942
        9.105       -3.8839      -8.27277
         9.11       2.88017      -9.46953
        9.115       6.65973       -9.9338
         9.12       7.01212      -8.38247
        9.125       5.71185      -3.95626
         9.13       4.40897       1.42985
        9.135        3.5225       5.41356
         9.14       3.05025       6.93161
        9.145       2.73474       6.58818
         9.15       2.42994       5.58418
        9.155       2.42812       4.62839
         9.16       2.93313        4.1322
        9.165       4.16197       4.29685
         9.17       6.17176       5.06674
        9.175       8.59509        6.1738
         9.18       10.5527       7.08292
        9.185       10.9212       7.23678
         9.19       9.09636       6.30485
        9.195       5.51219       4.43294
          9.2      0.968331       2.26688
        9.205      -3.89959      0.380443
         9.21      -8.66424      -1.27257
        9.215      -13.1961      -2.91959
         9.22       -17.191      -4.62693
        9.225      -19.4508      -6.47757
         9.23      -17.5826      -8.59941
        9.235      -10.5615      -10.9457
         9.24      -2.53371      -12.7535
        9.245       1.40788      -12.8544
         9.25       1.77177      -10.5431
        9.255       1.32312      -5.69557
         9.26       1.29824   -0.00513482
        9.265       1.65213       4.44727
         9.27       2.05258       6.87085
        9.275       2.43618       7.63664
         9.28       2.61511       7.62408
        9.285       2.70731       7.54382
         9.29       2.89533       7.81556
        9.295       3.28436       8.71821
          9.3       3.99791       10.3186
        9.305       5.11797       12.2896
         9.31       6.73979       13.8318
        9.315       8.88887       13.9301
         9.32        11.397       12.1815
        9.325       13.5756       9.06584
         9.33       13.8932       5.42443
        9.335       11.0856       1.69731
         9.34       5.33334      -2.12852
        9.345      -1.96213      -6.07921
         9.35      -9.38161      -10.0055
        9.355      -15.9815      -13.9632
         9.36      -21.5811       -17.947
        9.365       -25.804      -21.4069
         9.37      -27.0882       -22.641
        9.375      -22.9854      -19.3369
         9.38       -14.692      -10.9756
        9.385      -7.40088      -1.09341
         9.39      -3.48335       5.01366
        9.395      -1.71644       6.57076
          9.4     -0.480052       5.69319
        9.405       0.53882       4.15907
         9.41       1.18945       2.75524
        9.415       1.50323       1.60358
         9.42       1.56138      0.707162
        9.425       1.42692     0.0581457
         9.43       1.14205     -0.267856
        9.435       0.78742     -0.173896
         9.44      0.458225      0.486331
        9.445      0.276606       1.87781
         9.45       0.44148       4.06241
        9.455       1.18784       6.78261
         9.46       2.72798       9.32141
        9.465       5.12166       10.6618
         9.47       8.12231       10.1175
        9.475       11.2754        7.7492
         9.48        13.879       4.17555
        9.485       14.9898      0.273481
         9.49       13.9955      -3.37016
        9.495       10.9014      -6.68061
          9.5       6.46314      -9.76742
        9.505       1.46568      -12.6532
         9.51       -3.5246      -14.7526
        9.515      -8.28612        -14.74
         9.52      -12.9085      -11.2277
        9.525      -16.1143      -5.70478
         9.53      -15.6559      -1.50321
        9.535      -10.2324      0.215564
         9.54        -2.175      0.550692
        9.545       4.28626      0.672177
         9.55       7.43461      0.820526
        9.555        7.9385       1.03751
         9.56       7.66382       1.18553
        9.565       7.36417      0.883193
         9.57       7.28183      0.378123
        9.575       7.64991     -0.165361
         9.58         8.456     -0.498892
        9.585       9.47058     -0.355362
         9.59       10.3218      0.367899
        9.595       10.7136        1.5138
          9.6       10.5219       2.94897
        9.605         9.757       4.65695
         9.61       8.50796       6.66177
        9.615       6.84108       8.98799
         9.62       4.86049       11.4886
        9.625       2.70949       13.6867
         9.63      0.538197       14.8471
        9.635      -1.50483       14.1823
         9.64      -3.34763       11.2709
        9.645       -5.0381       6.32381
         9.65      -6.47139       0.10426
        9.655      -7.27422      -6.55499
         9.66      -6.93426      -12.8955
        9.665      -4.99988      -18.1826
         9.67      -1.67718      -20.8705
        9.675       1.74387      -17.8378
         9.68       4.27495      -8.07336
        9.685       6.66334       3.11785
         9.69       9.22658       9.92576
        9.695       11.4064       11.8979
          9.7       13.4421       11.4983
        9.705       14.7583        11.224
         9.71       15.1842       11.7082
        9.715        14.814       12.8483
         9.72       13.7766       14.1181
        9.725       12.2354       14.8146
         9.73       10.3918        14.512
        9.735       8.29476       13.1975
         9.74       6.06691       11.2076
        9.745        3.8278       8.91322
         9.75        1.7239       6.55533
        9.755      -0.14637        4.3003
         9.76       -1.7861       2.15934
        9.765      -3.10786      0.191366
         9.77      -4.01637      -1.55165
        9.775      -4.38327      -3.14267
         9.78      -3.93852      -4.51242
        9.785       -2.3207      -5.57974
         9.79       0.58937      -6.08306
        9.795       4.29526      -5.61314
          9.8       7.78374      -3.68119
        9.805       10.1905    -0.0999604
         9.81       11.3354       4.51825
        9.815       11.9686       8.76157
         9.82        12.909       11.5719
        9.825       13.7229       13.3609
         9.83       13.9032       14.8527
        9.835       13.2596       16.2373
         9.84       11.8796       17.2625
        9.845       10.0852       17.4698
         9.85       8.13849       16.6241
        9.855       6.07467       14.8831
         9.86       3.95302       12.6528
        9.865       1.89015       10.1972
         9.87    -0.0551115       7.68077
        9.875      -1.86705        5.2921
         9.88      -3.51412       3.12584
        9.885      -4.98538        1.2218
         9.89      -6.23732     -0.370413
        9.895      -7.21932      -1.57017
          9.9      -7.63767      -2.19603
        9.905      -6.76921      -2.09557
         9.91      -3.80225      -1.35142
        9.915       1.14184     -0.161539
         9.92       6.59152       1.44821
        9.925       10.7733        3.7558
         9.93       12.7738       7.02723
        9.935       13.3541        10.242
         9.94       13.4238       12.1207
        9.945       13.3486       11.9689
         9.95       13.0522       10.8042
        9.955       12.5586       10.5601
         9.96       11.8023       11.4113
        9.965       10.7552        12.591
         9.97       9.29711       13.4516
        9.975        7.4509       13.4419
         9.98       5.37207       12.5946
        9.985       3.40672       11.1526
         9.99       1.77028       9.40066
        9.995      0.287776       7.59387
           10      -1.33889       5.71012
       10.005      -3.40261       3.73383
        10.01      -5.61624       1.80397
       10.015      -7.40865      0.194812
        10.02      -8.51238     -0.937548
       10.025      -8.84586      -1.57988
        10.03      -8.14973      -1.76603
       10.035      -5.98279      -1.57626
        10.04      -2.44498     -0.955084
       10.045        1.5976      0.176117
        10.05       4.92853       1.78084
       10.055       6.75433        3.7264
        10.06       7.16771       5.74307
       10.065       6.90684       7.51581
        10.07       6.70707       8.94934
       10.075       7.02116       10.1583
        10.08        8.0364       11.1645
       10.085       9.55705       11.8433
        10.09       10.9622       11.9881
       10.095       11.6038       11.4705
         10.1       11.0362        10.267
       10.105         9.304       8.53874
        10.11       6.72316       6.52602
       10.115        3.7155       4.42164
        10.12      0.631306       2.37699
       10.125      -2.27054       0.46974
        10.13      -4.87796       -1.2549
       10.135      -7.15325      -2.77266
        10.14      -9.15293      -4.08885
       10.145      -10.8581      -5.20319
        10.15      -12.0988      -6.05703
       10.155      -12.3152      -6.50213
        10.16      -10.6189      -6.21762
       10.165      -6.42577      -4.74427
        10.17     -0.521699      -1.84345
       10.175       5.04326       2.06462
        10.18       8.58216       6.11123
       10.185       10.0038       9.51324
        10.19       10.2949       11.8193
       10.195       10.6858       13.2565
         10.2       11.5953       14.4104
       10.205       12.8166       15.3583
        10.21       13.6436       15.7179
       10.215       13.8198       15.0424
        10.22       13.3792       13.3883
       10.225       12.3446       11.2562
        10.23       10.6841        8.9965
       10.235       8.41906       6.68662
        10.24       5.61231       4.16833
       10.245       2.41459       1.45158
        10.25     -0.835715      -1.06121
       10.255      -3.76572      -3.11263
        10.26      -6.21102      -4.63899
       10.265      -8.25007      -5.82783
        10.27      -10.0502      -6.84043
       10.275      -11.8612      -7.78995
        10.28      -13.6636      -8.65427
       10.285      -14.9531      -9.26016
        10.29      -14.7033       -9.1903
       10.295      -11.8098      -7.90581
         10.3      -6.61325      -5.19912
       10.305      -1.30056      -1.56223
        10.31       2.08626       1.87193
       10.315       3.15377       4.19113
        10.32       2.79489       5.15019
       10.325       2.26774       4.92407
        10.33       2.39636       4.47826
       10.335       3.47384       4.80606
        10.34       5.28582       6.27698
       10.345       7.33483       8.35059
        10.35       9.14786       10.1141
       10.355       10.2095       11.0396
        10.36       10.2293       10.9124
       10.365       9.17922       9.84488
        10.37       7.26387       8.16524
       10.375       4.81497       6.17644
        10.38       2.16475       4.17088
       10.385     -0.449123       2.30611
        10.39      -2.91974      0.622411
       10.395      -5.34586     -0.915249
         10.4      -7.87665      -2.39907
       10.405      -10.4121      -3.91485
        10.41      -12.5984      -5.33169
       10.415      -13.9064      -6.37116
        10.42        -13.74      -6.83953
       10.425      -11.1841      -6.57824
        10.43      -6.19707      -5.14322
       10.435     -0.490451      -2.22603
        10.44       3.67981       1.70477
       10.445       5.40542       5.57352
        10.45       5.40743       8.29597
       10.455       5.08174       9.40598
        10.46       5.06204       9.61939
       10.465       5.54846       9.77256
        10.47       6.70434       10.0569
       10.475       8.34837       10.1928
        10.48       9.93442       9.88648
       10.485       10.6203       9.05185
        10.49       9.88252       7.83759
       10.495       7.74434        6.3421
         10.5       4.59637       4.65146
       10.505      0.955667       2.82995
        10.51      -2.79416      0.935489
       10.515      -6.35111     -0.938581
        10.52      -9.65094      -2.81981
       10.525      -12.7101      -4.59115
        10.53      -15.6705      -6.16671
       10.535      -18.3539      -7.31288
        10.54      -19.9212      -8.05772
       10.545      -18.7603      -8.63502
        10.55      -13.4862      -9.17474
       10.555      -5.17486      -9.40782
        10.56       2.19651      -8.76544
       10.565       5.97083      -6.84242
        10.57       6.57178      -3.39295
       10.575       5.55097       1.20382
        10.58       4.34643       5.59271
       10.585        3.6219       8.53266
        10.59       3.53857       9.83222
       10.595       4.02092       10.3099
         10.6       5.16021       10.8736
       10.605       7.02224       12.0566
        10.61       9.45088       13.7632
       10.615       11.8253       15.2515
        10.62       13.2397       15.5874
       10.625       12.8943       14.4548
        10.63        10.628       12.3527
       10.635       6.86283       9.70522
        10.64       2.09607       6.75077
       10.645      -3.15211       3.58506
        10.65      -8.22901      0.356826
       10.655       -12.715      -2.80602
        10.66      -16.4603      -5.62378
       10.665      -19.6937      -7.91587
        10.67      -21.7463      -9.93943
       10.675      -21.0362       -12.027
        10.68      -16.1542      -14.2977
       10.685       -8.8956      -16.2276
        10.69      -3.34536      -16.8875
       10.695      -1.07746      -15.2734
         10.7     -0.693194      -10.4457
       10.705     -0.827149      -3.50775
        10.71      -1.10887       2.77587
       10.715      -1.46452       6.36345
        10.72      -1.76234       7.28577
       10.725      -2.10388       6.90582
        10.73      -2.66597       6.45015
       10.735      -3.29841       6.45019
        10.74      -3.90787       7.05179
       10.745        -4.396       8.10741
        10.75      -4.72602       9.21282
       10.755      -4.86642       9.83614
        10.76      -4.86964       9.62845
       10.765      -4.76647       8.56592
        10.77      -4.45831       6.82325
       10.775      -3.77074       4.59292
        10.78      -2.41187       2.07081
       10.785      0.016868     -0.548235
        10.79       3.75551      -3.01666
       10.795       8.41855      -5.04468
         10.8       12.3035      -6.26335
       10.805       12.4851      -6.56041
        10.81       7.37011      -6.44113
       10.815      -1.08854      -6.84662
        10.82      -9.89431      -7.58254
       10.825      -17.1652      -8.06038
        10.83       -22.629      -7.36994
       10.835      -27.0407      -4.47771
        10.84      -29.4001     0.0114123
       10.845      -26.8886       4.35105
        10.85      -19.4938       7.25332
       10.855       -12.483       8.55473
        10.86      -8.55691       8.57165
       10.865      -6.49493       8.00813
        10.87      -5.20329       7.78789
       10.875      -4.31517       8.17844
        10.88      -3.57696       8.94814
       10.885      -2.81903       9.61188
        10.89      -2.06495       9.68484
       10.895      -1.36351       9.01177
         10.9     -0.784991        7.7466
       10.905     -0.316737       6.10175
        10.91     0.0393988       4.29784
       10.915      0.323608       2.50883
        10.92      0.550203       0.84142
       10.925      0.723865     -0.618421
        10.93      0.791367      -1.93007
       10.935      0.674494      -3.24165
        10.94      0.296062      -4.85061
       10.945     -0.432442      -6.91834
        10.95      -1.41216      -9.15041
       10.955      -2.33419      -10.9541
        10.96      -2.90138      -11.8254
       10.965      -3.21547      -11.1487
        10.97      -3.46742      -8.50304
       10.975      -3.88006      -4.08484
        10.98      -4.52242      0.865925
       10.985      -5.36088       4.87844
        10.99      -6.08774       7.28811
       10.995      -6.12231       8.51646
           11       -5.4957       9.37652
       11.005       -4.4917       10.3374
        11.01       -3.3236        11.663
       11.015      -1.96292       13.1682
        11.02     -0.315135       14.1886
       11.025       1.55077       14.0514
        11.03       3.41944       12.5376
       11.035       5.12682        9.9695
        11.04       6.69573       6.80151
       11.045       8.18935        3.5593
        11.05        9.2551      0.658682
       11.055       9.06802      -1.63766
        11.06       6.86532      -3.39272
       11.065       2.45529      -4.87302
        11.07      -3.64913      -6.33879
       11.075      -10.4584      -7.98098
        11.08      -16.9295      -10.0477
       11.085      -22.7094      -12.2155
        11.09      -26.3424      -14.0047
       11.095      -24.9346      -14.5359
         11.1      -16.9382      -12.2146
       11.105      -7.04152      -6.18103
        11.11     -0.796587       1.38075
       11.115       1.72575       6.89457
        11.12       2.75978        9.0297
       11.125       3.36001       8.91658
        11.13       3.47295       8.05592
       11.135       3.17374       7.35808
        11.14       2.70193       7.25388
       11.145        2.2272       7.96788
        11.15       1.95683       9.45647
       11.155       1.99427       11.3676
        11.16       2.35486       13.0635
       11.165        2.9623       13.8055
        11.17       3.53846       13.1527
       11.175       3.91851       11.0825
        11.18       4.20122       7.99726
       11.185       4.83702       4.36679
        11.19       6.38294      0.670473
       11.195       8.92074      -2.62216
         11.2       11.5182      -5.10198
       11.205        12.337      -6.60147
        11.21       9.97481      -7.49492
       11.215       4.56529      -8.39768
        11.22      -2.58178      -9.62298
       11.225      -9.95709      -10.9016
        11.23      -16.4205      -11.8065
       11.235      -22.1669       -10.824
        11.24      -25.7119       -7.2738
       11.245      -23.7737      -2.24213
        11.25       -15.207       2.03287
       11.255      -5.76504       4.66027
        11.26     -0.991551       5.50059
       11.265      0.159214       4.93377
        11.27      0.208772       3.94404
       11.275    -0.0456792       3.24936
        11.28     -0.373034       3.00523
       11.285     -0.745935       3.28075
        11.29      -1.14563       4.13696
       11.295       -1.4941       5.51432
         11.3      -1.74647       7.17077
       11.305      -1.83262       8.68241
        11.31      -1.79022       9.54229
       11.315      -1.68558       9.41244
        11.32      -1.61071       8.23051
       11.325      -1.67596       6.16628
        11.33      -1.93579       3.52443
       11.335      -2.40416      0.645844
        11.34      -3.01979      -2.18904
       11.345      -3.75743      -4.85727
        11.35      -4.61065      -7.30856
       11.355      -5.52369      -9.54463
        11.36      -6.43926      -11.5744
       11.365      -7.28048      -13.0923
        11.37      -8.00452      -13.2483
       11.375      -8.52131      -10.8157
        11.38      -8.62055       -5.5075
       11.385      -7.96076      0.665915
        11.39      -6.53146       5.10824
       11.395      -4.59072       7.00539
         11.4      -2.36248       7.19687
       11.405     -0.169478       6.98654
        11.41       1.68253       7.13268
       11.415       3.06578       7.95832
        11.42        4.0986       9.40979
       11.425       4.95481        11.233
        11.43       5.75678       13.1109
       11.435       6.68758       14.5523
        11.44       7.92412       15.0985
       11.445       9.52571       14.5319
        11.45       11.5336       12.8707
       11.455       13.8771        10.212
        11.46       16.4432        6.6998
       11.465       18.6593       2.86711
        11.47       18.8075      -0.50806
       11.475       15.1312      -3.00735
        11.48       7.89373      -5.08674
       11.485     -0.979053      -7.25031
        11.49      -9.44931      -9.42805
       11.495      -16.1069      -11.5874
         11.5      -21.2914      -12.7999
       11.505      -25.8081      -11.7691
        11.51      -27.9885      -7.95522
       11.515      -24.1804      -2.49882
        11.52      -14.1288       2.22483
       11.525      -5.10249       5.21824
        11.53      -1.52982       5.99002
       11.535     -0.863415       5.05671
        11.54     -0.856158       3.88211
       11.545      -1.05226       3.21202
        11.55      -1.33114       3.09689
       11.555      -1.62047       3.49815
        11.56      -1.89648       4.37378
       11.565      -2.11992       5.58938
        11.57      -2.23105       6.91076
       11.575      -2.19837       8.01051
        11.58      -2.02225        8.5692
       11.585      -1.73354       8.40375
        11.59      -1.37628       7.46203
       11.595      -1.02597       5.82589
         11.6     -0.711963       3.68378
       11.605     -0.438125       1.25782
        11.61     -0.185787      -1.22006
       11.615     0.0390368      -3.60201
        11.62      0.239649      -5.82287
       11.625      0.412011      -7.86507
        11.63      0.554282      -9.70008
       11.635      0.632712      -11.1152
        11.64      0.594555      -11.4981
       11.645      0.376419      -9.90112
        11.65     -0.018189      -5.70068
       11.655     -0.428334      0.165702
        11.66     -0.764118       5.36953
       11.665     -0.935553       8.38357
        11.67     -0.873409       9.31668
       11.675     -0.747569       9.33465
        11.68     -0.721708       9.50069
       11.685     -0.686244       10.2023
        11.69     -0.582391       11.4528
       11.695     -0.307863       12.8898
         11.7      0.230657       13.8964
       11.705      0.990717       14.0311
        11.71       1.90281       13.2096
       11.715       2.87249       11.6487
        11.72       3.81088       9.58906
       11.725       4.66894       7.20354
        11.73       5.37094       4.58319
       11.735       6.03378       1.83166
        11.74       7.02247     -0.857637
       11.745       8.63371      -3.24453
        11.75       10.7908      -5.08268
       11.755       12.7869      -6.30307
        11.76       13.4466      -6.95685
       11.765       11.5026      -7.14157
        11.77       6.57254      -6.84912
       11.775     -0.729848       -5.5866
        11.78      -8.93272      -2.84452
       11.785      -16.4661      0.624162
        11.79      -22.4998       3.86989
       11.795      -26.4993       5.92318
         11.8       -26.667       6.35328
       11.805      -20.0185       5.56845
        11.81      -8.22133       4.68814
       11.815      0.710584       5.31242
        11.82       2.99574       6.92543
       11.825       2.32518       9.29861
        11.83       2.25444       11.4992
       11.835       3.12643       12.2496
        11.84       3.73272       11.7638
       11.845       3.83441       10.4294
        11.85       3.64795       8.66296
       11.855       3.39637       6.79305
        11.86        3.3381       4.99129
       11.865       3.60444       3.35903
        11.87       4.28135       1.84653
       11.875       5.44872      0.422547
        11.88       7.23445      -1.03223
       11.885        9.5427      -2.40092
        11.89       11.9037      -3.35353
       11.895       13.3866      -3.62229
         11.9       12.9677      -3.16623
       11.905       10.2794      -2.06785
        11.91       5.80921     -0.364534
       11.915      0.504215       1.93642
        11.92      -4.79565       4.68698
       11.925      -9.56213       7.28577
        11.93      -13.5981       9.20302
       11.935      -17.0146       10.5532
        11.94      -19.5159       11.3496
       11.945      -19.6563       11.6966
        11.95      -15.6784        11.598
       11.955      -8.30328       11.0835
        11.96      -1.41435       10.3021
       11.965       2.31186       8.74998
        11.97       3.27177       6.84585
       11.975       3.23055       4.75812
        11.98       2.94086       2.86141
       11.985       2.53337       1.45962
        11.99       2.04524      0.494305
       11.995       1.47433     -0.172446
           12      0.832997     -0.650998
       12.005      0.139613     -0.996246
        12.01     -0.571192      -1.23896
       12.015      -1.26588      -1.37689
        12.02      -1.94999      -1.33636
       12.025      -2.62088      -1.01704
        12.03      -3.26313     -0.299123
       12.035      -3.88238      0.927115
        12.04      -4.47567       2.73054
       12.045       -5.0072       4.99501
        12.05      -5.42937       7.35774
       12.055      -5.69132       9.24531
        12.06      -5.80149       10.1747
       12.065      -5.70562       10.1349
        12.07      -5.19606       9.55612
       12.075      -4.16046       8.99297
        12.08      -2.83663       8.55526
       12.085      -1.80624       7.88891
        12.09      -1.73731       6.63091
       12.095      -2.99569       5.05362
         12.1      -4.87034       4.18087
       12.105      -5.59544       4.07575
        12.11      -4.72632       2.95445
       12.115      -4.12638      0.472879
        12.12      -4.57756      -2.02963
       12.125      -5.54622      -3.60774
        12.13       -6.5609      -4.28188
       12.135      -7.16127      -4.41581
        12.14      -6.98899      -4.35198
       12.145      -5.78678      -4.20052
        12.15      -3.74054      -3.82475
       12.155      -1.44465      -2.92669
        12.16      0.440368      -1.14822
       12.165       1.63765       1.51474
        12.17       2.17572        4.7105
       12.175        2.2414       7.77899
        12.18       2.26015       9.93556
       12.185       2.35298       11.0412
        12.19       2.39063       11.6476
       12.195       2.52185       12.2724
         12.2       2.89467       13.1557
       12.205       3.61355        14.034
        12.21       4.65329       14.2586
       12.215       5.81759       13.2957
        12.22        6.9881       11.1555
       12.225       8.45581        8.2389
        12.23       10.4028       5.27524
       12.235       12.2951        2.8566
        12.24       12.6458       1.23825
       12.245       10.1119      0.242242
        12.25       4.34346     -0.544698
       12.255      -3.61948      -1.59906
        12.26      -12.0649      -3.00104
       12.265      -19.6068      -5.01952
        12.27      -25.8277      -7.10768
       12.275      -30.1008      -8.83047
        12.28      -29.4142      -10.3633
       12.285      -20.6918      -11.2783
        12.29      -7.32448      -10.5268
       12.295       1.50088      -6.06426
         12.3       3.02241      0.497874
       12.305       2.10271       6.70594
        12.31       1.20343       10.9793
       12.315      0.828139       12.3185
        12.32      0.397026       11.5413
       12.325     -0.753536       9.81834
        12.33      -2.50534       7.96059
       12.335      -4.51152       6.66175
        12.34      -6.22841       6.34507
       12.345      -7.37861       6.85781
        12.35      -7.95045       7.28655
       12.355      -8.41129       7.10635
        12.36      -9.06088       6.28664
       12.365      -9.84725       5.16848
        12.37      -10.3658       4.19586
       12.375      -9.67686       3.89929
        12.38      -6.60001        3.9025
       12.385      -1.68492       2.98291
        12.39       2.72131      0.949952
       12.395       5.29963      -1.28209
         12.4       6.14732      -3.04552
       12.405       5.91319      -4.31575
        12.41       5.26026      -5.28739
       12.415       4.52984      -5.97224
        12.42       4.03709      -6.43133
       12.425       3.88656      -6.75251
        12.43       4.12528      -6.80433
       12.435       4.82706      -6.14387
        12.44       6.11451      -4.50784
       12.445       7.88411      -1.76063
        12.45       9.40818       1.83307
       12.455       9.55578       5.53336
        12.46       7.37227       8.42217
       12.465        2.8003       10.0587
        12.47      -3.31545       10.6651
       12.475      -9.50324        10.855
        12.48       -14.558       11.2179
       12.485      -18.2476         11.95
        12.49      -21.1366       12.4571
       12.495      -23.4942       12.0856
         12.5      -23.7869       10.5832
       12.505      -19.0068        8.1802
        12.51      -9.36524       5.56784
       12.515     -0.853769       3.60365
        12.52       2.26896       2.29128
       12.525       2.12155       1.05974
        12.53       1.40132      0.140117
       12.535       0.91439     -0.495145
        12.54      0.689894     -0.951144
       12.545      0.614843       -1.2924
        12.55      0.539332       -1.5905
       12.555      0.289458      -1.92796
        12.56     -0.242188      -2.31161
       12.565     -0.942683      -2.63643
        12.57      -1.61037      -2.65726
       12.575      -2.12916      -2.14904
        12.58      -2.53209     -0.988311
       12.585      -2.80614      0.664409
        12.59       -3.0649        2.6068
       12.595      -3.33098       4.44889
         12.6      -3.60201       5.83561
       12.605      -3.82641       6.60476
        12.61      -3.95217       6.88273
       12.615      -3.85255       7.00453
        12.62      -3.44338       7.31251
       12.625      -2.91404        7.8477
        12.63      -2.48657        8.2602
       12.635      -2.30648       8.20811
        12.64      -2.30472       7.67442
       12.645      -2.27707       6.89335
        12.65      -2.00235       6.03141
       12.655      -1.39342       5.10512
        12.66     -0.589726        4.1323
       12.665      0.245126        3.1361
        12.67       1.00034       2.17104
       12.675        1.6215        1.3425
        12.68       2.17625      0.742582
       12.685       2.73047      0.479558
        12.69       3.35771      0.588606
       12.695        4.0439       1.01534
         12.7       4.69163       1.57452
       12.705        5.1298       2.08015
        12.71       5.22981       2.55968
       12.715       5.03183       3.16347
        12.72       4.84643       3.94276
       12.725       5.01426        4.9417
        12.73           5.6       6.15916
       12.735       6.23739       7.55374
        12.74       6.41296       9.01737
       12.745       5.50045       10.4368
        12.75       3.25606       11.5241
       12.755     -0.188347       11.9274
        12.76      -4.38188       11.3584
       12.765      -8.64059        9.8139
        12.77       -12.031       7.64585
       12.775      -13.2381       5.17645
        12.78      -10.2581       2.64525
       12.785      -1.90728      0.241626
        12.79       9.06104      -1.63349
       12.795       16.9209      -2.51716
         12.8       19.1662      -2.47211
       12.805       20.1467      -2.57808
        12.81       21.8244      -2.39495
       12.815       22.2953      -1.29588
        12.82       19.1523      0.477922
       12.825       13.6299       1.79756
        12.83       8.64256       2.73149
       12.835        5.0425       3.69316
        12.84       2.44247       4.82736
       12.845      0.475865       6.04984
        12.85       -1.0618       7.27464
       12.855      -2.29729        8.3907
        12.86      -3.30909       9.31704
       12.865      -4.16368       10.0219
        12.87      -4.93173       10.4392
       12.875      -5.63426       10.4758
        12.88      -6.32223       10.0124
       12.885      -7.04783       8.98216
        12.89      -7.86749       7.46474
       12.895      -8.73118       5.71919
         12.9      -9.48799       4.09721
       12.905      -9.85333       2.90183
        12.91      -9.53945       2.29894
       12.915      -8.44174       2.23233
        12.92      -6.73098       2.55137
       12.925      -4.59598       3.12827
        12.93      -2.30402       3.92693
       12.935     -0.222441       4.60693
        12.94       1.11834       4.36005
       12.945       1.43852       3.06778
        12.95       1.36295       2.13915
       12.955       1.79937       2.52371
        12.96       2.73046       4.04114
       12.965       3.73628       5.79697
        12.97       4.40732       7.29006
       12.975       4.77207       8.41933
        12.98       5.18649       9.33639
       12.985       5.85852       10.2407
        12.99       6.98266       11.0349
       12.995       8.49288       11.5119
           13       10.3195       11.2673
       13.005       12.2349        10.027
        13.01       13.7091       8.03855
       13.015        14.024       6.07644
        13.02       12.4546       4.71562
       13.025       8.67935       3.96394
        13.03         3.266       3.35646
       13.035      -2.79786       2.68938
        13.04      -8.38651       1.79852
       13.045      -12.8284      0.890313
        13.05      -15.3262      0.273939
       13.055      -13.9975    -0.0110168
        13.06      -7.11684     -0.235215
       13.065       3.41696       -0.1725
        13.07       11.6804      0.438241
       13.075       14.3436        1.7181
        13.08       13.6359       2.96446
       13.085       12.7672       3.89627
        13.09       11.7806       5.08253
       13.095       10.4229       6.27363
         13.1       8.59929       7.22445
       13.105       6.78482       7.62017
        13.11        5.3463       7.37194
       13.115       4.55353       6.64695
        13.12       4.50771       6.09034
       13.125        4.7968       6.28918
        13.13       4.73031       7.00154
       13.135       4.07988       7.58365
        13.14       2.94494       7.77162
       13.145       1.67475       7.58883
        13.15      0.514883       7.23809
       13.155     -0.445748       6.89108
        13.16        -1.263       6.54439
       13.165      -2.18548       6.11743
        13.17       -3.3795       5.50783
       13.175      -4.59133        4.7595
        13.18      -5.17481       4.02566
       13.185      -4.62716       3.43817
        13.19      -2.76313       3.09875
       13.195      0.195067       3.01595
         13.2       3.71936       3.15992
       13.205       6.95435       3.60178
        13.21        9.2945       4.32741
       13.215       10.9421       5.21716
        13.22       12.3116       6.15336
       13.225       13.7472       7.19291
        13.23       15.2166       8.36388
       13.235       16.1858        9.6509
        13.24       16.0572       10.9353
       13.245       14.7181       11.9245
        13.25       12.4272       12.3277
       13.255       9.66145       12.0573
        13.26       6.79362       11.1507
       13.265       4.06307       9.75373
        13.27       1.66689       8.12825
       13.275     -0.303559       6.48107
        13.28      -1.74941       5.01629
       13.285      -2.64496       3.72441
        13.29      -3.00005       2.53734
       13.295      -2.75936       1.17787
         13.3      -1.85195     -0.636971
       13.305     -0.145045      -2.78147
        13.31       2.42493      -4.50604
       13.315       5.47923      -4.92565
        13.32       8.11869      -3.75788
       13.325       9.72339       -1.6561
        13.33       10.1602      0.659935
       13.335       9.61452       2.95428
        13.34        8.3922       5.69746
       13.345       7.54338       9.18343
        13.35       7.93928       12.5501
       13.355       8.78676       14.8689
        13.36       9.05454       16.0723
       13.365       8.51883       16.2981
        13.37       7.31199       15.5878
       13.375       5.77633       13.9211
        13.38       4.32772       11.5711
       13.385       3.18341        8.9962
        13.39       2.37988       6.58107
       13.395       1.89781       4.54747
         13.4       1.77758       2.94207
       13.405       1.99214       1.75993
        13.41       2.53174      0.933456
       13.415       3.38369      0.338625
        13.42       4.48392    -0.0791902
       13.425       5.75508     -0.365824
        13.43       7.05812     -0.482728
       13.435       8.25539     -0.352611
        13.44       9.20515      0.192669
       13.445       9.84931       1.29755
        13.45       10.1504       3.01088
       13.455       10.0531       5.15089
        13.46       9.50373       7.37015
       13.465       8.44604       9.32368
        13.47       6.91572       10.7998
       13.475       4.98205       11.7475
        13.48       2.89345       12.1844
       13.485       0.94951       12.0494
        13.49     -0.602674       11.2116
       13.495      -1.68074       9.61117
         13.5      -2.24417       7.40776
       13.505      -2.40091       4.88425
        13.51      -2.12204       2.16633
       13.515      -1.24215     -0.563472
        13.52      0.491278      -2.80759
       13.525       2.91165      -3.80836
        13.53       5.28772       -3.4326
       13.535       7.16232      -2.45709
        13.54        8.5626      -1.51372
       13.545       9.66269     -0.672112
        13.55       10.6133      0.294474
       13.555       11.3777       1.59154
        13.56       11.8537       3.24704
       13.565       11.8652       5.13965
        13.57       11.2949       7.06196
       13.575       10.0612       8.80556
        13.58       8.20172       10.1484
       13.585       5.85565       11.0361
        13.59       3.41742       11.5822
       13.595        1.4113        12.013
         13.6      0.106921       12.1425
       13.605     -0.631309       11.5653
        13.61     -0.974529       9.99277
       13.615      -1.21677       7.63959
        13.62       -1.5145       4.97181
       13.625      -1.80548       2.40773
        13.63      -1.97352      0.216388
       13.635      -1.80636      -1.49888
        13.64       -1.2017      -2.75291
       13.645     -0.111724      -3.66481
        13.65       1.32431      -4.33764
       13.655       2.92264       -4.7832
        13.66       4.49663      -4.96262
       13.665       5.90329      -4.76888
        13.67       7.07361      -4.07052
       13.675       7.95231      -2.75415
        13.68        8.5085     -0.772928
       13.685       8.70472        1.7068
        13.69       8.53248       4.32179
       13.695        8.0138        6.6121
         13.7       7.16792       8.33918
       13.705        6.0733       9.57999
        13.71       4.87198       10.4989
       13.715       3.73694       11.1416
        13.72       2.78453       11.3375
       13.725       2.04176       10.7634
        13.73       1.38797       9.35191
       13.735      0.713536       7.29337
        13.74    -0.0354305        4.9724
       13.745     -0.777681       2.71444
        13.75      -1.43086      0.723016
       13.755      -1.79774     -0.853938
        13.76      -1.70142      -1.99656
       13.765     -0.971912      -2.74322
        13.77      0.411359      -3.23541
       13.775       2.31233      -3.60328
        13.78       4.45271      -3.91879
       13.785       6.55399      -4.20572
        13.79       8.35492      -4.34015
       13.795       9.75007         -4.16
         13.8       10.7729       -3.4958
       13.805       11.4458      -2.16893
        13.81       11.7569     -0.106852
       13.815       11.6477       2.47806
        13.82       11.0799       5.14814
       13.825       10.0208       7.36224
        13.83       8.52289       8.90428
       13.835       6.74763       9.96897
        13.84       4.95497       10.9261
       13.845       3.39129       11.7907
        13.85       2.24453       12.2023
       13.855        1.5136        11.778
        13.86       1.08794       10.5066
       13.865      0.920238       8.67527
        13.87      0.982478       6.69871
       13.875       1.27553       4.79963
        13.88       1.65771       3.01188
       13.885       1.96061       1.23012
        13.89       2.26218     -0.609147
       13.895       2.94004      -2.35973
         13.9       4.17851      -3.79757
       13.905       5.80858       -4.8111
        13.91       7.52084      -5.37862
       13.915       9.04673      -5.54329
        13.92       10.1969      -5.35321
       13.925       10.8365      -4.86365
        13.93       10.7813      -4.03079
       13.935       9.86562       -2.8256
        13.94       8.09953      -1.28969
       13.945       5.72675       0.36067
        13.95       3.16587       1.82881
       13.955      0.664955       2.96022
        13.96      -1.67191       3.71695
       13.965      -3.93578       4.32507
        13.97      -6.01066       5.13294
       13.975      -7.27129       6.39265
        13.98       -6.8555       7.65123
       13.985      -4.97135       7.99195
        13.99      -2.76075       7.11486
       13.995     -0.952029       5.48689
           14      0.588431       3.69457
       14.005        2.2515        2.1441
        14.01        4.2866      0.919518
       14.015       6.51005    -0.0942829
        14.02       8.54595      -1.14133
       14.025       10.0636      -2.39389
        14.03       11.0164      -3.74847
       14.035       11.6299      -4.88038
        14.04       12.1079      -5.45556
       14.045       12.3279      -5.44643
        14.05       11.9072      -4.89955
       14.055       10.6568       -3.9965
        14.06       8.69862      -2.86394
       14.065       6.43088      -1.58356
        14.07       4.18948     -0.171528
       14.075       2.20819        1.3284
        14.08      0.582637       2.84976
       14.085     -0.637237       4.28693
        14.09      -1.46347        5.6112
       14.095      -1.91748       6.78725
         14.1      -2.03215       7.75372
       14.105      -1.80698       8.41085
        14.11      -1.24822       8.58594
       14.115     -0.336552       8.12933
        14.12      0.938224       7.02425
       14.125       2.56304       5.46739
        14.13       4.43852       3.73455
       14.135       6.38153       2.05199
        14.14       8.16369      0.584255
       14.145        9.5386     -0.633831
        14.15       10.3076      -1.62833
       14.155       10.3714      -2.41055
        14.16       9.88715      -2.86928
       14.165       9.19296       -2.8437
        14.17       8.59026      -2.37432
       14.175       8.08314      -1.63948
        14.18       7.60789     -0.887232
       14.185       6.99123     -0.114347
        14.19       6.20938      0.784838
       14.195       5.28809       1.85507
         14.2       4.20505        2.8221
       14.205       2.83862       3.12819
        14.21       1.19769       2.43718
       14.215     -0.304849       1.38272
        14.22      -1.09328      0.952154
       14.225      -1.02675       1.36549
        14.23     -0.436876       2.35495
       14.235      0.483827       3.41282
        14.24       1.65486       4.21961
       14.245       3.07589       4.67609
        14.25        4.7944       4.78222
       14.255       6.75158       4.60458
        14.26       8.81201       4.27271
       14.265       10.8118        3.9238
        14.27       12.6037       3.65083
       14.275       14.0814       3.48504
        14.28       15.0978       3.39364
       14.285        15.385       3.34981
        14.29       14.7013       3.19437
       14.295       12.9755       2.71942
         14.3       10.4442       1.80006
       14.305       7.53426      0.536473
        14.31       4.62511     -0.790355
       14.315       2.02658       -1.9327
        14.32     -0.188145      -2.68655
       14.325      -2.00315      -3.11768
        14.33      -3.55441       -3.2676
       14.335      -5.02593      -3.19161
        14.34      -6.48569      -2.84973
       14.345      -7.65009       -2.0101
        14.35      -7.89949     -0.639859
       14.355      -6.84152      0.753899
        14.36      -4.74791       1.62153
       14.365       -2.1147       1.90808
        14.37      0.780931       1.83062
       14.375       3.65872       1.65851
        14.38       6.15816       1.51893
       14.385        8.0883       1.40034
        14.39       9.50068       1.25421
       14.395       10.5763       1.04866
         14.4       11.3604      0.883862
       14.405       11.6971      0.802837
        14.41       11.3254      0.838384
       14.415       10.1637      0.899836
        14.42       8.38848      0.889787
       14.425       6.33499      0.794544
        14.43       4.29662       0.63136
       14.435       2.45211      0.431898
        14.44      0.869442      0.240457
       14.445     -0.436687      0.073898
        14.45      -1.47517    -0.0305421
       14.455      -2.27051    -0.0708182
        14.46      -2.83068    -0.0339999
       14.465      -3.13942     0.0847257
        14.47      -3.14965      0.274522
       14.475      -2.76679      0.519752
        14.48      -1.89415      0.777733
       14.485     -0.460112       1.04204
        14.49       1.48227       1.23374
       14.495       3.72525       1.31638
         14.5       5.97635       1.35127
       14.505       8.00739       1.39224
        14.51       9.79803       1.45248
       14.515        11.395       1.55026
        14.52       12.7767       1.80351
       14.525       13.7159       2.28692
        14.53       13.8832       2.96595
       14.535       13.1258        3.6875
        14.54       11.6435       4.29186
       14.545       9.83663       4.69911
        14.55       8.05024        4.9654
       14.555       6.49495       5.11312
        14.56       5.24643       5.14667
       14.565       4.17698       5.02347
        14.57        3.0859       4.65401
       14.575       1.76664       3.94736
        14.58      0.308973       2.93968
       14.585     -0.984706       1.79129
        14.59      -1.87657      0.698315
       14.595      -2.26026     -0.226648
         14.6      -2.12622      -0.92415
       14.605      -1.47353      -1.42192
        14.61     -0.448131      -1.68786
       14.615      0.789553      -1.77102
        14.62       2.00819      -1.65877
       14.625       3.02589      -1.27335
        14.63       3.88139     -0.491732
       14.635       4.83184      0.695985
        14.64       6.12166       2.03118
       14.645       7.56549       3.18631
        14.65       8.73825       3.99882
       14.655       9.34519       4.45907
        14.66       9.30048        4.6837
       14.665       8.73119       4.76358
        14.67       7.85267       4.76461
       14.675       6.85818       4.75108
        14.68       5.91354       4.73519
       14.685       5.04217       4.66274
        14.69       4.18653       4.35501
       14.695       3.24488        3.5759
         14.7       2.15962        2.2767
       14.705       1.03091      0.851692
        14.71      0.113634     -0.241337
       14.715     -0.377793     -0.911128
        14.72     -0.470345      -1.19465
       14.725     -0.191292      -1.23585
        14.73      0.413782      -1.14953
       14.735       1.25626     -0.987692
        14.74       2.24093     -0.778927
       14.745       3.24679     -0.512632
        14.75       4.16325     -0.152986
       14.755       4.94443      0.334812
        14.76       5.59127      0.947268
       14.765        6.1143       1.62422
        14.77       6.47087       2.28518
       14.775       6.59955       2.85222
        14.78       6.45813       3.29288
       14.785       6.05655       3.58552
        14.79       5.45523       3.71385
       14.795        4.7347       3.68582
         14.8       3.96537       3.53657
       14.805       3.21163       3.29384
        14.81       2.51114       3.00326
       14.815       1.90303       2.71457
        14.82       1.41966       2.45304
       14.825       1.08086       2.26468
        14.83      0.919952       2.17596
       14.835      0.961735       2.20241
        14.84       1.22864       2.35516
       14.845       1.72091       2.62022
        14.85       2.40069       2.94867
       14.855       3.17554       3.25553
        14.86       3.89257       3.44353
       14.865       4.42585        3.4183
        14.87        4.7714       3.15173
       14.875       4.99813       2.68999
        14.88       5.18079       2.10157
       14.885       5.29451        1.4643
        14.89       5.29909      0.736159
       14.895        5.0428    -0.0848531
         14.9       4.49868      -1.08752
       14.905       3.79143      -2.29164
        14.91       3.31929      -3.50177
       14.915       3.50878      -4.03239
        14.92       4.07853      -3.06214
       14.925       4.28717     -0.864252
        14.93       3.91073       1.43937
       14.935       3.23365       3.27336
        14.94       2.74104       4.63606
       14.945       2.58712       5.74279
        14.95       2.56219       6.61447
       14.955       2.28937       7.14557
        14.96       1.83457       7.24895
       14.965       1.62619       7.03738
        14.97       1.95214       6.59117
       14.975       2.66688       5.92782
        14.98       3.54287       5.02264
       14.985       4.39767       3.93647
        14.99       5.11559       2.77533
       14.995       5.62364       1.65306
           15       5.87701      0.659027
       15.005       5.84089     -0.168247
        15.01        5.5113     -0.792041
       15.015       4.91194      -1.20811
        15.02       4.09586      -1.40855
       15.025       3.14866      -1.37948
        15.03       2.17216      -1.11007
       15.035       1.27146     -0.589673
        15.04      0.542219      0.193043
       15.045      0.068783       1.19791
        15.05     -0.111723       2.35239
       15.055      0.012144       3.55631
        15.06      0.425461       4.69834
       15.065       1.06942       5.71315
        15.07       1.89545       6.56394
       15.075       2.88457       7.22571
        15.08       3.99373       7.69262
       15.085       5.16859       7.93323
        15.09       6.29136       7.86883
       15.095       7.17732       7.36896
         15.1       7.64594       6.37236
       15.105        7.6212       5.01734
        15.11       7.14877       3.59137
       15.115       6.31742          2.32
        15.12       5.19319       1.24676
       15.125        3.8393      0.308611
        15.13        2.3252     -0.536463
       15.135      0.774851      -1.38478
        15.14     -0.734652      -2.25348
       15.145      -2.14872      -3.11305
        15.15       -3.4418      -3.94907
       15.155      -4.61278      -4.70627
        15.16      -5.57033      -5.30168
       15.165      -6.00994      -5.57232
        15.17      -5.39552      -5.28827
       15.175      -3.38428      -4.05803
        15.18      -0.41942      -1.48244
       15.185       2.53327       2.08551
        15.19        4.8915       5.56539
       15.195       6.69011       8.34449
         15.2       8.39863       10.2978
       15.205       9.98009       11.6081
        15.21       10.9237       12.1998
       15.215       10.6704         11.95
        15.22       9.60818       10.8746
       15.225       8.83335       9.36616
        15.23       8.46764       7.80105
       15.235       7.96906       6.26651
        15.24       7.07728       4.70445
       15.245        5.7121       3.01523
        15.25       3.95421       1.17222
       15.255       1.96116     -0.657524
        15.26    -0.0111711      -2.18647
       15.265      -1.77742      -3.25391
        15.27      -3.19448      -3.86617
       15.275      -4.28094      -3.96863
        15.28      -5.00635      -3.60234
       15.285      -5.34898      -2.82779
        15.29      -5.30859      -1.70709
       15.295      -4.86881     -0.374487
         15.3      -4.03744       1.01741
       15.305      -2.86967       2.31899
        15.31      -1.47291       3.48426
       15.315   -0.00204443         4.547
        15.32       1.44594       5.50827
       15.325       2.81422       6.29064
        15.33       4.11477       6.73577
       15.335       5.28832       6.72865
        15.34       6.23127       6.29769
       15.345       6.78512       5.56035
        15.35       6.83652       4.64266
       15.355       6.32581       3.65339
        15.36       5.33369       2.65084
       15.365       4.04225       1.67046
        15.37       2.61764      0.753274
       15.375       1.19052    -0.0630102
        15.38     -0.149578     -0.728008
       15.385      -1.33954      -1.21526
        15.39       -2.3631      -1.46447
       15.395      -3.20641      -1.44697
         15.4      -3.85901      -1.14569
       15.405       -4.3057     -0.538903
        15.41      -4.51277      0.347356
       15.415      -4.42435       1.45253
        15.42      -3.99112       2.69692
       15.425      -3.14023       3.96592
        15.43      -1.85771       5.18621
       15.435     -0.200842       6.30379
        15.44       1.70807       7.26834
       15.445       3.74365       7.94392
        15.45       5.76567       8.17284
       15.455       7.64409       7.80564
        15.46       9.23204       6.78645
       15.465       10.3354       5.31968
        15.47       10.7532       3.65097
       15.475       10.3547       1.98653
        15.48       9.19278      0.397705
       15.485       7.56948      -1.14357
        15.49       5.89035      -2.67329
       15.495       4.54533      -3.99509
         15.5       3.70415      -4.43839
       15.505       3.05717      -3.34137
        15.51       2.13104     -0.887653
       15.515       1.11265       1.82206
        15.52      0.539611       4.13521
       15.525      0.412743        5.7529
        15.53     -0.437364       6.66041
       15.535      -3.93082       6.93686
        15.54      -6.71277       6.80929
       15.545      -5.71698       7.93324
        15.55      -2.33109       9.29345
       15.555       1.28126       9.92631
        15.56       4.37936       9.59952
       15.565       6.66472        8.4375
        15.57       7.99554       6.75932
       15.575       8.74767       4.81396
        15.58       9.35001       3.00868
       15.585       9.83576       1.66783
        15.59       9.92302      0.781178
       15.595       9.16689      0.134107
         15.6       7.37612     -0.536414
       15.605       4.76323      -1.28795
        15.61       1.78221      -1.88659
       15.615      -1.12228      -2.08031
        15.62       -3.7465      -1.73824
       15.625      -6.05427      -1.00889
        15.63      -8.22214    -0.0688938
       15.635      -10.4016       1.00597
        15.64      -12.4063        2.4296
       15.645      -13.5358       4.37693
        15.65      -13.2227       6.31897
       15.655      -11.8461        7.5129
        15.66      -10.0279       7.82317
       15.665      -7.64256       7.39146
        15.67      -4.41832        6.4612
       15.675     -0.591936       5.23394
        15.68       3.01142       3.92965
       15.685       5.48293       2.73078
        15.69       6.63565       1.64887
       15.695        7.0655      0.628654
         15.7       7.40188     -0.231373
       15.705       7.94212     -0.817964
        15.71       8.35771     -0.994616
       15.715       8.11255     -0.770737
        15.72        6.9398     -0.320995
       15.725       5.09281      0.205357
        15.73        2.9947      0.759778
       15.735      0.980844       1.35416
        15.74     -0.820648       2.01376
       15.745      -2.34893       2.76915
        15.75      -3.62807       3.61424
       15.755        -4.679        4.5408
        15.76       -5.5169       5.49846
       15.765      -6.14716       6.43222
        15.77      -6.58961       7.29292
       15.775      -6.82901        8.0171
        15.78      -6.81493        8.5439
       15.785      -6.45253       8.81743
        15.79      -5.62306       8.80163
       15.795      -4.20443       8.46939
         15.8      -2.15437       7.80287
       15.805      0.299385       6.75214
        15.81        2.6465        5.2377
       15.815       4.26217       3.15488
        15.82       4.85674      0.506082
       15.825       4.59827      -2.49025
        15.83       4.09068      -5.51214
       15.835       3.84697      -8.37515
        15.84       4.01932      -11.0402
       15.845       4.89809      -13.2258
        15.85       6.55078      -13.1445
       15.855        6.8791      -9.20704
        15.86       3.79358       -3.7307
       15.865      -1.20027    -0.0137581
        15.87      -5.15556       2.14859
       15.875      -7.02783       3.90114
        15.88      -7.59269       5.58882
       15.885      -7.74068       7.02424
        15.89       -7.8092       8.11659
       15.895      -7.84267       8.90747
         15.9      -7.70621       9.44752
       15.905      -7.11934       9.67501
        15.91      -5.79332       9.47622
       15.915      -3.53026       8.75377
        15.92     -0.424693       7.55918
       15.925       2.97635       6.11722
        15.93       6.00513       4.71517
       15.935       8.22419       3.48366
        15.94       9.69942       2.35204
       15.945       10.7287       1.24605
        15.95       11.4268      0.176271
       15.955       11.5037     -0.781558
        15.96       10.5026      -1.48643
       15.965        8.3383       -1.8603
        15.97       5.46302       -2.0153
       15.975       2.46034      -2.02333
        15.98     -0.320384      -1.80923
       15.985      -2.76127       -1.3562
        15.99      -4.85628     -0.678659
       15.995      -6.66167       0.21175
           16      -8.26442       1.25742
       16.005      -9.74012       2.38351
        16.01      -11.1054       3.57005
       16.015      -12.2606        4.7925
        16.02      -13.0439       6.01652
       16.025      -13.2207       7.10199
        16.03      -12.5405       7.83176
       16.035      -10.6627       8.04006
        16.04      -7.37897       7.64751
       16.045      -2.97652       6.72065
        16.05       1.58142       5.47316
       16.055       5.05828       4.20954
        16.06       6.95513       3.02253
       16.065       7.79249        1.8383
        16.07        8.4178       0.76503
       16.075       9.30034    -0.0409168
        16.08       10.3428     -0.419911
       16.085       10.9104     -0.311065
        16.09       10.4252      0.179197
       16.095       8.86671      0.859774
         16.1       6.70106       1.62451
       16.105        4.3987       2.47408
        16.11       2.26682       3.48707
       16.115      0.451731       4.70688
        16.12     -0.978791       6.13936
       16.125      -2.02469       7.71133
        16.13      -2.76855       9.31606
       16.135      -3.31025       10.7138
        16.14      -3.81497       11.6118
       16.145      -4.46946       11.6817
        16.15      -5.48364       10.7907
       16.155      -6.82271       9.16142
        16.16      -8.07053       7.05727
       16.165      -8.78541       4.71418
        16.17      -8.64014       2.33785
       16.175      -7.60117      0.039593
        16.18      -5.81359      -2.21017
       16.185       -3.8563      -4.30523
        16.19      -2.13325      -6.15346
       16.195     -0.544348      -7.53504
         16.2       1.60921      -8.12492
       16.205       4.72065      -7.42103
        16.21       7.85123      -5.09565
       16.215       10.0599       -1.9392
        16.22       11.1486          1.11
       16.225       11.1305       3.82064
        16.23       10.1272       6.22908
       16.235       8.40403       8.37022
        16.24       6.28287       10.2023
       16.245       4.03984       11.6049
        16.25       1.76758       12.5373
       16.255     -0.426803       12.9281
        16.26      -2.40533       12.6405
       16.265      -4.03806        11.537
        16.27      -5.37051       9.68081
       16.275      -6.50727       7.31859
        16.28      -7.48543       4.82358
       16.285      -8.26543       2.51158
        16.29      -8.64943      0.611088
       16.295      -8.28502     -0.799361
         16.3      -6.80315      -1.72943
       16.305      -4.01625      -2.26964
        16.31     -0.232457      -2.58411
       16.315       3.80126      -2.76663
        16.32       7.14835      -2.71896
       16.325       9.36571      -2.30167
        16.33         10.79      -1.49517
       16.335       11.8804    -0.0943147
        16.34       12.7534       2.07898
       16.345        13.132       4.90881
        16.35       12.5457       7.86777
       16.355       10.8914       10.2935
        16.36       8.39502        11.785
       16.365       5.49732       12.4824
        16.37       2.71905          12.8
       16.375      0.367047       12.7731
        16.38      -1.50597       12.1243
       16.385      -3.02359       10.5571
        16.39      -4.36949       8.21644
       16.395      -5.61544       5.43843
         16.4      -6.81251       2.59786
       16.405      -7.91578    -0.0777943
        16.41      -8.84513      -2.48988
       16.415      -9.44808      -4.64263
        16.42      -9.49697      -6.51961
       16.425      -8.61166      -7.99647
        16.43      -6.32173       -8.7273
       16.435      -2.60553      -8.23121
        16.44       1.81269      -6.33088
       16.445       5.83117      -3.33856
        16.45        8.5631      0.488573
       16.455       10.0397       4.65303
        16.46       10.6585       8.21658
       16.465        10.501       10.2285
        16.47        9.4858       10.6004
       16.475       8.27968       10.4004
        16.48       7.32791       10.7773
       16.485        6.1028       11.5984
        16.49       4.32598       11.9195
       16.495       1.94556       11.0612
         16.5     -0.800324       9.19482
       16.505      -3.52892       7.07889
        16.51      -5.58258       5.33635
       16.515      -6.37764       3.93185
        16.52      -6.18261        2.5495
       16.525      -5.69063       1.01545
        16.53      -5.41485     -0.457362
       16.535       -5.4912      -1.54341
        16.54      -5.75822      -2.47993
       16.545      -6.15683      -3.88956
        16.55      -6.46093      -6.08244
       16.555      -6.10142      -7.84456
        16.56      -4.54575      -7.82261
       16.565      -1.98447      -5.91191
        16.57      0.794621      -2.48708
       16.575       3.19852       1.56711
        16.58       4.93799       5.32559
       16.585       6.30368        7.8732
        16.59        7.5899       9.18523
       16.595       8.86341       10.0484
         16.6       10.2851       11.0686
       16.605       11.4928       12.4536
        16.61       11.9517       13.7126
       16.615       11.2097       14.1309
        16.62        9.1185       13.0861
       16.625       5.93033       10.6634
        16.63       2.08916       7.20096
       16.635      -1.96864       3.30785
        16.64       -5.7581     -0.612699
       16.645      -9.09346       -4.2748
        16.65      -11.8339      -7.63128
       16.655      -14.2604      -10.6595
        16.66      -16.3509      -13.5686
       16.665      -17.7122      -16.4572
        16.67      -17.1806      -18.9828
       16.675       -13.484       -19.825
        16.68      -7.02564      -17.6518
       16.685     -0.114247      -12.3799
        16.69       4.99367      -4.68534
       16.695       7.44153       2.94597
         16.7       7.65279       8.19446
       16.705       7.26084       9.60848
        16.71       7.22959       8.43654
       16.715       7.45017       7.08549
        16.72       7.95512       6.52609
       16.725        8.2565       7.11266
        16.73         8.099       8.54911
       16.735        7.4683       10.1076
        16.74       6.52224       11.0558
       16.745       5.27636       10.9132
        16.75       3.67384       9.51973
       16.755       1.71341         6.952
        16.76     -0.617006       3.49516
       16.765      -3.08563     -0.133061
        16.77      -5.39752      -3.40452
       16.775      -7.31941      -6.11132
        16.78      -8.93363      -8.27217
       16.785      -10.3017      -10.0747
        16.79      -11.5085      -11.5771
       16.795      -12.6078      -12.9058
         16.8      -13.3036      -14.0077
       16.805      -12.9198      -14.5363
        16.81      -10.6021      -13.6942
       16.815      -6.16829      -10.4641
        16.82      -1.00067      -4.99022
       16.825        2.9972      0.944371
        16.83       4.94769       5.21414
       16.835       5.17618       7.41215
        16.84        4.9831       7.75912
       16.845       4.98398       7.43344
        16.85       5.51757        7.2798
       16.855       6.75572       7.72475
        16.86       8.38834       8.98952
       16.865       9.80622       10.9018
        16.87       10.3254       12.7614
       16.875       9.63927        13.507
        16.88       8.03165       12.5166
       16.885       5.80481       9.91598
        16.89         3.164       6.26074
       16.895      0.291067       2.18772
         16.9      -2.56741      -1.92449
       16.905      -5.28231      -5.69083
        16.91       -7.8975      -9.00271
       16.915      -10.3672      -11.9552
        16.92      -12.6681       -14.694
       16.925      -14.7603      -17.0836
        16.93      -16.2867      -18.4451
       16.935      -16.4166      -17.2311
        16.94      -13.8705      -12.0098
       16.945      -8.23692       -4.1185
        16.95      -1.31535       2.59276
       16.955       4.14555       5.72711
        16.96       6.86839       6.02986
       16.965       7.52503       5.17829
        16.97       7.36167        3.9778
       16.975       7.30887       3.00933
        16.98       7.79134       2.65884
       16.985       8.95814       3.10159
        16.99       10.5069       4.47348
       16.995        11.817       6.68688
           17       12.2245       9.22016
       17.005        11.438        11.237
        17.01       9.53979       12.0074
       17.015        6.8876       11.3476
        17.02       3.94402       9.40589
       17.025      0.920027       6.50264
        17.03      -1.98224       2.93241
       17.035      -4.72605      -0.78138
        17.04      -7.19766      -4.44037
       17.045      -9.43473      -7.83818
        17.05      -11.5008      -10.9021
       17.055      -13.2836      -13.6333
        17.06      -14.2854      -15.7737
       17.065      -13.5432      -16.4672
        17.07         -10.1      -14.0324
       17.075      -4.51045      -7.86369
        17.08      0.800951     -0.576044
       17.085       3.97896       4.16059
        17.09       4.79828       5.74577
       17.095       4.46514       5.48339
         17.1       4.00119       4.57087
       17.105       3.71908       3.99054
        17.11       3.90947       3.95594
       17.115       4.73324       4.56657
        17.12       6.20793       5.78683
       17.125       8.13716       7.46424
        17.13       10.0736        9.2855
       17.135       11.4044       10.7251
        17.14       11.6656       11.4234
       17.145       10.7208       11.1087
        17.15       8.64379        9.8193
       17.155       5.81392       7.74879
        17.16       2.58942       5.16724
       17.165     -0.712178       2.35004
        17.17      -3.86692      -0.49539
       17.175      -6.81739      -3.28981
        17.18      -9.59079      -5.92431
       17.185      -12.0307       -8.2748
        17.19      -13.8697      -10.0411
       17.195       -14.498      -10.6769
         17.2      -12.9113      -9.52344
       17.205      -9.01029      -6.02997
        17.21      -4.33396     -0.604531
       17.215     -0.322731       5.22491
        17.22       3.29888        9.4852
       17.225       6.88037       11.1538
        17.23       8.80083       11.3733
       17.235       9.47951       11.0088
        17.24       9.90287       10.8941
       17.245       10.6649       10.8788
        17.25       11.8878        10.413
       17.255        13.131       9.38774
        17.26       13.5284       8.21764
       17.265       12.5672       7.02796
        17.27       10.4046       5.68619
       17.275       7.46864       4.18248
        17.28        4.2433       2.48935
       17.285       1.01603      0.752218
        17.29      -1.97464     -0.955381
       17.295       -4.6372      -2.53593
         17.3      -6.97856      -4.01202
       17.305      -9.09866      -5.38725
        17.31      -10.9993      -6.52801
       17.315      -12.5153       -7.4081
        17.32      -13.0327      -7.86631
       17.325      -11.5999      -7.55325
        17.33      -7.71214      -5.96956
       17.335        -2.539      -2.84825
        17.34        1.7176       1.13766
       17.345        3.8136       4.62644
        17.35       4.15066       6.70694
       17.355       3.73076       7.38422
        17.36       3.00596       7.46864
       17.365       2.63572       7.91058
        17.37       2.92689         9.004
       17.375       4.09048       10.4983
        17.38       6.14208       11.7387
       17.385       8.80352       12.1511
        17.39       11.6618       11.6474
       17.395       14.1052       10.5917
         17.4       15.4883       9.33904
       17.405       15.4084       8.15915
        17.41       13.8226       7.10433
       17.415       10.9549       6.04245
        17.42       7.09223       4.77457
       17.425        2.4157       2.93142
        17.43      -2.63362      0.278482
       17.435      -7.62332      -2.92697
        17.44      -12.0276      -5.90705
       17.445      -15.3087      -8.30533
        17.45      -16.6707      -9.82448
       17.455      -14.8608      -10.7227
        17.46       -9.5291      -10.6937
       17.465      -2.73036      -9.04775
        17.47       2.02095      -5.63229
       17.475       3.38897      -1.26547
        17.48       2.69819       3.09113
       17.485       2.14917       6.24152
        17.49       2.69896       7.49864
       17.495       3.69359       7.64354
         17.5       4.87334       7.70892
       17.505       6.23715        8.1868
        17.51          7.78        8.9092
       17.515       9.32374       9.42618
        17.52       10.4616       9.35113
       17.525       10.7497       8.60794
        17.53       10.0014        7.3576
       17.535       8.23599       5.81457
        17.54       5.68555       4.07461
       17.545       2.67457       2.24803
        17.55     -0.478628      0.492198
       17.555      -3.49302      -1.14984
        17.56      -6.17824      -2.65422
       17.565      -8.41981      -3.91441
        17.57      -10.0795      -5.02579
       17.575      -10.7455      -6.17256
        17.58      -9.53738      -7.35993
       17.585       -5.7005      -8.57208
        17.59     0.0841523      -9.43536
       17.595       5.63374      -9.40902
         17.6       9.11754      -7.86113
       17.605       10.2031      -4.34104
        17.61       9.98082      0.447286
       17.615        9.6764       4.79308
        17.62       9.97034       7.43089
       17.625       10.8679       8.34142
        17.63       11.7738       8.63634
       17.635       12.4426       9.17765
        17.64       12.5723       10.4714
       17.645       12.1052       12.4726
        17.65        11.258       14.6388
       17.655       10.1133       16.0272
        17.66       8.66427       15.9556
       17.665       6.80355       14.3392
        17.67       4.42742       11.4473
       17.675       1.64047       7.79821
        17.68      -1.27624       4.07227
       17.685       -4.0089      0.803824
        17.69      -6.28043      -1.94622
       17.695      -8.06464      -4.31967
         17.7      -9.17084      -6.56733
       17.705      -8.85562      -8.95602
        17.71      -6.44187      -11.4056
       17.715      -2.42953      -13.5045
        17.72       1.68179      -14.5893
       17.725       4.66919       -14.272
        17.73       6.24166      -12.3613
       17.735        6.7364      -8.72038
        17.74       6.85856      -4.08676
       17.745       7.30746      0.204311
        17.75       8.58941       3.16086
       17.755       10.5282       5.21012
        17.76       11.9848       7.19647
       17.765       12.0732       9.15945
        17.77       10.9857       10.8371
       17.775       9.21627       12.3717
        17.78       7.24418        13.928
       17.785        5.4655       15.2556
        17.79       3.94966       15.7698
       17.795       2.40336       14.9139
         17.8       0.46516       12.7257
       17.805      -1.81156       9.60153
        17.81      -4.03851       6.16635
       17.815      -5.78433       2.92042
        17.82      -6.79384      0.117709
       17.825      -6.84708      -2.22178
        17.83       -5.6981      -4.16233
       17.835      -2.95516      -5.92579
        17.84       1.31917      -7.62651
       17.845       6.18234      -9.23084
        17.85       10.3004       -10.452
       17.855        12.751      -10.6783
        17.86       13.7907      -9.13871
       17.865       14.3413      -5.29875
        17.87       14.9251      0.219554
       17.875       15.3926       5.52167
        17.88       15.4052        8.7731
       17.885        14.152       9.66444
        17.89       11.6223       9.38095
       17.895       8.61965       8.99482
         17.9       5.66101       9.07058
       17.905        3.0329       9.78602
        17.91      0.862231        10.942
       17.915     -0.774864       11.9103
        17.92      -1.92765       12.0452
       17.925      -2.80752       11.0299
        17.93      -3.58455       9.02023
       17.935      -4.38324       6.32059
        17.94      -5.12044       3.28601
       17.945      -5.61195      0.167246
        17.95       -5.4884       -2.8704
       17.955      -4.35507      -5.72349
        17.96      -1.92861      -8.35608
       17.965        1.5098      -10.8216
        17.97        5.0285      -13.1166
       17.975       7.58037      -15.0725
        17.98       8.89395      -16.0265
       17.985        9.5974      -14.9656
        17.99        10.526      -10.6679
       17.995       11.8928      -3.35006
           18       13.3407       4.53399
       18.005       14.3975       10.3115
        18.01       14.7507       13.1194
       18.015       14.0971       14.1696
        18.02       12.6777       14.7268
       18.025       10.2502         15.26
        18.03       6.68687       15.7073
       18.035       3.39214       15.7674
        18.04       1.64505       15.1287
       18.045      0.951764       13.4864
        18.05      0.425469       10.9638
       18.055     -0.293814       7.92785
        18.06      -1.30264       4.61131
       18.065         -2.59       1.14169
        18.07      -4.10301      -2.30627
       18.075      -5.69913      -5.58524
        18.08      -7.12075      -8.66358
       18.085      -8.04381      -11.4833
        18.09      -8.11233      -14.0116
       18.095      -7.16216      -15.9043
         18.1      -5.11766      -16.0923
       18.105      -1.55479       -13.268
        18.11       3.75209      -7.52727
       18.115       9.29454       -1.0326
        18.12       12.7128       4.24522
       18.125       14.2079       7.32149
        18.13        15.143       8.18506
       18.135       15.7048       7.86198
        18.14       15.5443       7.32341
       18.145       14.2994       6.99264
        18.15        11.806       7.16518
       18.155       8.68196       7.88705
        18.16        5.6182       9.04951
       18.165       3.03109       10.3659
        18.17         1.062       11.2245
       18.175     -0.394205       11.0805
        18.18      -1.49627       9.69581
       18.185      -2.44205       7.21926
        18.19      -3.38456       4.02932
       18.195      -4.33281      0.542102
         18.2      -5.32271      -2.86123
       18.205      -6.31969      -5.96248
        18.21      -7.24151      -8.66759
       18.215       -7.9202      -10.9932
        18.22      -7.91776      -12.9292
       18.225      -6.88096      -14.0698
        18.23      -4.58856      -13.4375
       18.235      -1.35137      -9.91499
        18.24       2.03334      -3.89849
       18.245       4.60767       2.11935
        18.25       5.83917       5.90346
       18.255        6.2835       7.13155
        18.26       6.34534       7.06753
       18.265       6.56191       7.12643
        18.27       7.54663        7.8363
       18.275       9.25279        9.2585
        18.28       11.3233       10.9954
       18.285       13.0859        12.468
        18.29       13.8953       13.2283
       18.295       13.5769       13.1425
         18.3       12.3645       12.3617
       18.305        10.576       11.0505
        18.31       8.33009       9.25126
       18.315       5.49225       6.76795
        18.32         1.934       3.28785
       18.325      -2.19687     -0.961118
        18.33       -6.2681       -5.2483
       18.335      -9.70013      -8.86757
        18.34      -12.3769      -11.6267
       18.345      -14.2704      -13.8334
        18.35      -15.2608      -15.7224
       18.355      -14.9235      -17.2283
        18.36      -12.5264      -17.6569
       18.365      -8.00758      -15.6378
        18.37      -2.40762      -10.2624
       18.375        2.7012      -2.91782
        18.38       6.04613       3.41564
       18.385       7.45983       6.96594
        18.39       8.08737       7.83236
       18.395       8.11855       7.55563
         18.4       8.31615       7.29453
       18.405       8.88753        7.5275
        18.41       9.61964       8.33953
       18.415       10.1436       9.32709
        18.42       10.0575       9.83753
       18.425       9.12765       9.42925
        18.43       7.39434       8.06644
       18.435       5.05629       5.93906
        18.44       2.34599       3.29671
       18.445     -0.404874      0.443975
        18.45      -2.93777      -2.31924
       18.455      -5.00486      -4.66695
        18.46      -6.54063      -6.30646
       18.465      -7.67534      -7.15832
        18.47      -8.50492      -7.51795
       18.475      -9.15529      -7.74212
        18.48      -9.26031      -8.12427
       18.485      -7.99494      -8.58538
        18.49      -4.58931      -8.40378
       18.495      0.620988      -6.56224
         18.5       5.88768      -2.64056
       18.505        9.5219       2.29407
        18.51       11.0628       6.54442
       18.515        11.404        8.8774
        18.52       11.1698       9.22336
       18.525        10.613       8.63985
        18.53       10.4971       7.86563
       18.535       10.8161       7.50676
        18.54       11.2895       7.94244
       18.545       11.3326        9.1292
        18.55       10.5497       10.3908
       18.555       8.88203       10.7714
        18.56       6.42054       9.83042
       18.565       3.44297       7.60545
        18.57      0.182489       4.53367
       18.575      -3.08971       1.10982
        18.58      -6.25345      -2.28846
       18.585      -9.27144      -5.39157
        18.59      -12.2154      -7.94252
       18.595      -14.7461      -9.89783
         18.6      -16.0699      -11.3352
       18.605      -14.7669      -12.3631
        18.61      -9.57183      -12.6667
       18.615      -1.67455      -11.2084
        18.62       5.10101      -6.89497
       18.625        8.2555     -0.811288
        18.63       8.26317       4.48583
       18.635       7.04457       7.15557
        18.64        6.0883       7.02744
       18.645       5.29599        5.8467
        18.65       5.11117       4.73327
       18.655       5.70791       4.09404
        18.66       7.08244       3.99907
       18.665       9.16347       4.38368
        18.67       11.5523       5.35743
       18.675       13.5004        7.1458
        18.68        14.234       9.35299
       18.685       13.4289       11.1017
        18.69       11.4783       11.7707
       18.695       9.03737        11.112
         18.7       6.17997       9.15969
       18.705       2.45707       6.04741
        18.71      -2.41654       2.29758
       18.715      -7.31283      -1.52767
        18.72      -10.7776      -4.81239
       18.725       -12.658      -7.28668
        18.73      -12.7241      -9.22705
       18.735      -10.0037       -11.032
        18.74      -4.28758       -12.387
       18.745       2.33874      -12.5145
        18.75       6.92577      -10.5039
       18.755        8.4067      -6.13016
        18.76       7.87275     -0.289513
       18.765       7.19443        4.7126
        18.77       7.36492       7.48491
       18.775       8.02971       8.52289
        18.78       8.62199       9.11401
       18.785       9.13971       9.97485
        18.79       9.36612       11.2505
       18.795       9.32029       12.5515
         18.8       8.95816       13.2231
       18.805       8.25963       12.8143
        18.81       7.17296       11.3771
       18.815       5.70751       9.24683
        18.82       3.89649       6.74697
       18.825       1.86364       4.11353
        18.83     -0.316252       1.44975
       18.835      -2.60223       -1.1242
        18.84      -4.85871      -3.62044
       18.845      -6.98255      -5.98651
        18.85      -8.83003      -8.16541
       18.855      -9.99053      -10.2199
        18.86      -9.85338      -12.1933
       18.865      -7.86976      -13.9055
        18.87      -3.97799      -14.8662
       18.875        1.0285      -14.0282
        18.88       6.07163      -10.2766
       18.885       10.0314      -3.67888
        18.89        12.265       3.96809
       18.895        13.461       9.57103
         18.9       14.8178       11.9309
       18.905       15.8256       12.6031
        18.91       16.4953       13.2413
       18.915       16.6697       14.5869
        18.92       16.0601       16.5288
       18.925       14.7164       18.1892
        18.93       12.6073       18.4504
       18.935       9.82432       16.6149
        18.94       6.67788        12.978
       18.945       3.58419       8.56935
        18.95      0.814791        4.3293
       18.955      -1.59805      0.692568
        18.96      -3.60257      -2.30969
       18.965      -5.28445      -4.70649
        18.97      -6.64586      -6.66393
       18.975      -7.73782      -8.35202
        18.98       -8.3195      -9.88563
       18.985      -7.98279      -11.3762
        18.99      -6.12535      -12.7618
       18.995      -2.50073      -13.5102
           19       2.09278      -12.6693
       19.005       6.06803       -9.4946
        19.01       8.30075      -4.64473
       19.015       8.64379      0.281372
        19.02       8.21499       3.47637
       19.025       8.10796       4.64786
        19.03       8.38127       4.65663
       19.035       8.78831        4.4155
        19.04       8.97458       4.41358
       19.045       8.58008       4.88349
        19.05       7.56149       5.86444
       19.055       6.17484       7.35025
        19.06       4.65469       9.17227
       19.065       3.23554       10.7487
        19.07       2.02558       11.4033
       19.075       0.97087       10.6123
        19.08    0.00136043        8.3688
       19.085      -1.02076       5.04065
        19.09      -2.09242       1.23548
       19.095      -3.20532      -2.52155
         19.1      -4.29281      -5.85178
       19.105       -5.2444      -8.67932
        19.11      -6.04001      -10.9616
       19.115      -6.48187      -12.6135
        19.12      -6.19676      -13.2083
       19.125       -4.7869      -11.6281
        19.13      -1.95785       -6.7964
       19.135       2.10779      0.251896
        19.14       6.40813        6.2927
       19.145       9.53731       9.24398
        19.15       11.0424       9.65929
       19.155       11.1748       8.93408
        19.16       10.9386       8.13498
       19.165       11.1213       7.86507
        19.17        11.697       8.18343
       19.175       12.1485       8.82646
        19.18       11.8079       9.02607
       19.185       10.5343       8.20148
        19.19        8.7788       6.19309
       19.195       7.20605       3.35978
         19.2       6.33562      0.559418
       19.205       5.97613      -1.10763
        19.21       5.23497      -1.21601
       19.215       3.28766     -0.908735
        19.22      0.679856      -1.52189
       19.225      -1.71593      -3.34336
        19.23       -3.9099      -5.88453
       19.235      -6.04058      -8.58293
        19.24      -8.40422      -10.7497
       19.245      -11.0317       -12.121
        19.25      -13.1256       -12.262
       19.255      -13.6299      -10.8089
        19.26      -11.4835      -7.65643
       19.265      -6.03891      -3.71582
        19.27       1.10415     -0.253843
       19.275       6.95117       2.02583
        19.28       9.73322       3.31225
       19.285       9.99817       4.08677
        19.29       9.52035        4.3362
       19.295       9.37792       4.52997
         19.3       10.0048       4.87224
       19.305       11.1052       5.40477
        19.31       11.8325       6.13984
       19.315        11.428       7.16173
        19.32       9.85495       8.59741
       19.325       7.66266        10.461
        19.33       5.42604       12.3222
       19.335        3.4936       13.2942
        19.34       1.94966        12.478
       19.345      0.648756       9.44009
        19.35     -0.603287       4.53572
       19.355      -1.93384      -1.40288
        19.36      -3.31236      -7.40176
       19.365      -4.71484      -12.7414
        19.37      -6.25944      -16.5151
       19.375      -8.06502      -16.8797
        19.38      -10.1861      -11.4017
       19.385      -12.2061     -0.731601
        19.39      -12.6344       8.94998
       19.395      -10.7298       13.2776
         19.4      -6.35276       13.4298
       19.405     -0.840385       12.7299
        19.41       3.59621       12.3179
       19.415       6.05404       12.3755
        19.42       6.81851       12.3686
       19.425       6.86277        11.752
        19.43       6.86194       10.7714
       19.435       7.20851        9.5816
        19.44       8.17408       8.28166
       19.445       9.83926       6.90501
        19.45         11.94       5.53589
       19.455       13.6908       4.26703
        19.46       14.2666        3.0564
       19.465       13.0751       1.77272
        19.47        10.273      0.225025
       19.475       6.44832      -1.63825
        19.48       2.26378      -3.67924
       19.485       -1.7665       -5.7414
        19.49      -5.36433      -7.46373
       19.495      -8.25664      -8.51045
         19.5      -10.1475      -8.06657
       19.505      -10.8538      -5.02774
        19.51      -10.5947       1.34949
       19.515      -10.0848       9.79469
        19.52      -9.07454       17.0393
       19.525      -5.60016       20.6874
        19.53     -0.233372       21.4877
       19.535       4.59608       20.9559
        19.54   3.86124e+70  -7.77697e+70
