/*--------------------------------*- C++ -*----------------------------------*\
  =========                 |
  \\      /  F ield         | OpenFOAM: The Open Source CFD Toolbox
   \\    /   O peration     | Website:  https://openfoam.org
    \\  /    A nd           | Version:  7
     \\/     M anipulation  |
\*---------------------------------------------------------------------------*/
FoamFile
{
    version     2.0;
    format      ascii;
    class       volScalarField;
    location    "0.5";
    object      rho;
}
// * * * * * * * * * * * * * * * * * * * * * * * * * * * * * * * * * * * * * //

dimensions      [1 -3 0 0 0 0 0];

internalField   nonuniform List<scalar> 
16896
(
0.745431
0.833044
0.904065
0.967657
1.0171
1.06224
1.10163
1.12059
1.14384
1.16909
1.17174
1.16632
1.15796
1.15019
1.14252
1.14636
1.15692
1.18457
1.2355
1.28325
1.30197
1.3097
1.31718
1.32699
1.33978
1.35393
1.36852
1.38166
1.39495
1.40657
1.41568
1.42462
1.42597
1.42051
1.41638
1.41597
1.41617
1.41687
1.41851
1.41933
1.41893
1.41838
1.41597
1.406
1.38472
1.35718
1.3383
1.33315
0.63664
0.654959
0.696064
0.749643
0.815056
0.878295
0.942783
0.995027
1.03646
1.08151
1.10369
1.12074
1.12568
1.13131
1.14516
1.16389
1.18228
1.20978
1.25279
1.29092
1.31856
1.33266
1.3412
1.34834
1.35561
1.36322
1.37423
1.38979
1.407
1.42006
1.42829
1.43579
1.43556
1.42846
1.42382
1.42278
1.42261
1.42252
1.42223
1.42172
1.4208
1.4194
1.41533
1.40467
1.38364
1.35653
1.33742
1.33221
0.649696
0.655432
0.665938
0.671124
0.676163
0.687955
0.71126
0.749859
0.79187
0.847212
0.912045
0.973913
1.03188
1.08054
1.11196
1.13511
1.15819
1.18407
1.22086
1.27314
1.34068
1.37948
1.38142
1.38234
1.3843
1.38848
1.40005
1.41751
1.43274
1.44241
1.44891
1.45418
1.45099
1.44076
1.43263
1.4298
1.42835
1.4271
1.42561
1.4241
1.4225
1.4197
1.41357
1.40112
1.37987
1.35415
1.33553
1.32975
0.774362
0.753765
0.740364
0.723784
0.703805
0.692484
0.682879
0.673867
0.668192
0.670415
0.6803
0.699259
0.730249
0.778745
0.838422
0.901985
0.97276
1.04286
1.10753
1.1937
1.30002
1.36219
1.38018
1.39364
1.40669
1.42336
1.44015
1.45241
1.46365
1.47284
1.47691
1.47511
1.46848
1.45815
1.44581
1.4402
1.43955
1.43962
1.43768
1.43435
1.42979
1.42264
1.41146
1.39477
1.37121
1.346
1.33131
1.32813
0.866494
0.828334
0.802827
0.783889
0.759148
0.733168
0.72761
0.723075
0.710469
0.705995
0.708729
0.706943
0.701694
0.701633
0.70589
0.71657
0.740008
0.774438
0.825932
0.901386
1.01697
1.1627
1.27569
1.34082
1.38905
1.41868
1.4401
1.45893
1.4743
1.48562
1.49182
1.49397
1.48954
1.4818
1.471
1.46093
1.45749
1.4553
1.45205
1.44701
1.43936
1.42744
1.41087
1.38817
1.36063
1.33671
1.3271
1.32536
1.01351
0.974939
0.946561
0.92905
0.908688
0.877954
0.859767
0.849118
0.831826
0.808646
0.791428
0.777018
0.758508
0.739204
0.729752
0.730034
0.727254
0.726745
0.72954
0.740002
0.76853
0.830879
0.943458
1.0854
1.21446
1.31593
1.38736
1.42931
1.4517
1.47042
1.48881
1.49689
1.50153
1.50136
1.49454
1.48282
1.4749
1.46982
1.46334
1.45428
1.44226
1.42795
1.40835
1.38102
1.35052
1.32973
1.3237
1.32223
1.16856
1.12229
1.0816
1.04842
1.01987
0.985619
0.952745
0.93251
0.913962
0.888029
0.86415
0.851156
0.838491
0.810803
0.790038
0.788865
0.784482
0.773707
0.770069
0.772501
0.779966
0.795338
0.817463
0.859917
0.932303
1.03785
1.15502
1.2709
1.36548
1.41946
1.45822
1.48693
1.49815
1.49772
1.49138
1.48278
1.47393
1.46435
1.45482
1.44429
1.43208
1.41647
1.39438
1.36559
1.33725
1.3227
1.31947
1.31823
1.32458
1.26919
1.22056
1.17624
1.14485
1.11178
1.0716
1.04727
1.03163
1.00773
0.976433
0.958764
0.947376
0.927051
0.899461
0.885141
0.876374
0.862574
0.847648
0.843517
0.842781
0.842949
0.846088
0.854605
0.868709
0.894319
0.936072
1.0028
1.10398
1.22809
1.33023
1.39769
1.44769
1.47167
1.47349
1.47062
1.46573
1.4595
1.45008
1.43542
1.41664
1.39502
1.36893
1.34006
1.31792
1.3107
1.30954
1.30896
1.47846
1.42489
1.37085
1.3102
1.2704
1.24075
1.19783
1.15333
1.13086
1.11044
1.07586
1.04207
1.0234
1.00585
0.980733
0.961385
0.951388
0.940098
0.920673
0.912601
0.914488
0.914783
0.911666
0.904741
0.906353
0.913053
0.933369
0.967103
1.0106
1.06727
1.14139
1.22362
1.30058
1.37099
1.43091
1.45491
1.45536
1.45294
1.446
1.43274
1.41008
1.37803
1.34315
1.31411
1.3003
1.29716
1.29581
1.29688
1.64566
1.57941
1.52324
1.4603
1.3969
1.35894
1.32672
1.27851
1.2347
1.21085
1.18456
1.14848
1.12222
1.10279
1.07626
1.05259
1.0434
1.03535
1.01615
1.00432
1.0038
1.0022
0.997911
0.992018
0.988302
0.988363
0.992396
1.00484
1.02647
1.05346
1.08341
1.11787
1.15832
1.21307
1.28498
1.34438
1.35876
1.3593
1.35701
1.35011
1.33673
1.31629
1.29413
1.27891
1.27372
1.2728
1.27391
1.28344
1.8328
1.74807
1.67458
1.61499
1.54935
1.48478
1.44553
1.40828
1.35867
1.31793
1.28851
1.25296
1.21823
1.19512
1.17144
1.13973
1.11969
1.10884
1.09418
1.07668
1.07109
1.06968
1.06641
1.06142
1.05933
1.06074
1.06461
1.06983
1.07541
1.0826
1.09588
1.11796
1.14645
1.17587
1.20601
1.22922
1.23757
1.24093
1.23939
1.24229
1.24667
1.24642
1.24682
1.25035
1.25648
1.26504
1.27427
1.28906
2.01912
1.93537
1.84967
1.77312
1.70822
1.6415
1.57782
1.53098
1.48634
1.43795
1.39833
1.36248
1.32194
1.29041
1.26822
1.2409
1.21294
1.19715
1.18423
1.16588
1.15571
1.15396
1.15094
1.14845
1.14947
1.15379
1.15747
1.16084
1.16375
1.16554
1.16865
1.17387
1.1822
1.19382
1.20514
1.20818
1.20778
1.19906
1.18587
1.18753
1.19659
1.20691
1.21765
1.22969
1.24292
1.25667
1.26866
1.28843
2.11568
2.07188
2.01507
1.9465
1.87453
1.80703
1.73884
1.67447
1.6198
1.5678
1.51889
1.47777
1.43779
1.39778
1.36698
1.34004
1.30857
1.28551
1.272
1.25637
1.2393
1.22924
1.22415
1.22336
1.22491
1.22899
1.23092
1.23069
1.22972
1.22982
1.2293
1.22761
1.22588
1.22432
1.22127
1.2177
1.21243
1.2006
1.18661
1.18717
1.19451
1.204
1.21485
1.2276
1.24133
1.25541
1.26738
1.28933
2.11936
2.09936
2.07547
2.04916
2.01143
1.96123
1.90082
1.8358
1.77227
1.71378
1.65854
1.60701
1.56089
1.51655
1.4766
1.44652
1.41736
1.38693
1.36677
1.35245
1.33553
1.32058
1.31519
1.31571
1.31828
1.32171
1.32589
1.32837
1.32805
1.32616
1.32262
1.31653
1.30748
1.29525
1.27951
1.2613
1.24196
1.22199
1.20865
1.20914
1.21542
1.22561
1.23732
1.25031
1.2639
1.27817
1.29048
1.31147
2.05686
2.07803
2.06811
2.05344
2.03985
2.02153
1.9949
1.95885
1.91545
1.86559
1.81062
1.75509
1.70271
1.65391
1.60723
1.56732
1.53584
1.50564
1.47824
1.45896
1.44278
1.42538
1.41561
1.41539
1.41642
1.41763
1.41959
1.42135
1.42166
1.41991
1.41513
1.4045
1.38556
1.35988
1.33208
1.3024
1.27207
1.24758
1.23849
1.23921
1.24326
1.25067
1.26068
1.27266
1.28607
1.30051
1.31365
1.335
1.81011
1.93127
1.98455
2.01676
2.02519
2.01706
2.00115
1.98382
1.96537
1.94246
1.91111
1.87426
1.83424
1.79172
1.74764
1.70532
1.66892
1.63766
1.60876
1.58312
1.56263
1.54553
1.53259
1.5258
1.52246
1.52043
1.51845
1.51565
1.51099
1.50267
1.48878
1.4675
1.44046
1.40733
1.37167
1.34033
1.31487
1.30081
1.29868
1.29958
1.30221
1.30693
1.31374
1.32221
1.33169
1.34195
1.3511
1.36558
1.51067
1.61274
1.7322
1.82837
1.90843
1.95269
1.96967
1.97255
1.96488
1.9478
1.92523
1.90191
1.87977
1.85573
1.82857
1.79925
1.77094
1.74426
1.71872
1.69421
1.67158
1.65161
1.63471
1.62055
1.60799
1.59584
1.58249
1.5654
1.54501
1.52135
1.49472
1.46773
1.43955
1.41302
1.38757
1.3652
1.35243
1.34993
1.35042
1.35171
1.35388
1.35707
1.36125
1.36617
1.37145
1.37688
1.38159
1.38841
1.40749
1.42743
1.47329
1.54302
1.63002
1.72952
1.80418
1.8603
1.89465
1.90944
1.90686
1.89908
1.88398
1.86272
1.83835
1.81434
1.79253
1.77187
1.75088
1.72947
1.70828
1.68781
1.66833
1.64967
1.63083
1.61088
1.5897
1.56806
1.54396
1.51684
1.48776
1.45853
1.43194
1.40991
1.39387
1.3849
1.38325
1.38366
1.38459
1.38584
1.38733
1.38898
1.39069
1.39239
1.394
1.39549
1.3967
1.39824
1.40009
1.4008
1.40408
1.41382
1.43716
1.47834
1.5415
1.61011
1.68316
1.74451
1.78688
1.81571
1.8277
1.8256
1.81886
1.80429
1.78657
1.76936
1.75124
1.7311
1.70969
1.68858
1.66797
1.6473
1.62602
1.60338
1.57863
1.55136
1.52181
1.49129
1.46191
1.43634
1.41675
1.4039
1.39785
1.39686
1.39701
1.39733
1.39773
1.39815
1.39855
1.39889
1.39918
1.3994
1.39958
1.39971
1.39982
1.39992
1.40001
1.40001
1.40005
1.40029
1.40137
1.40496
1.41451
1.43321
1.46537
1.50824
1.55875
1.6093
1.65244
1.68373
1.70686
1.7168
1.71563
1.7113
1.70265
1.68949
1.67245
1.65287
1.63164
1.60878
1.58407
1.55732
1.5288
1.49957
1.47137
1.44634
1.42641
1.41246
1.40418
1.40053
1.39978
1.39979
1.39982
1.39986
1.3999
1.39993
1.39996
1.39998
1.39999
1.39999
1.4
1.4
1.4
1.4
1.40001
1.40001
1.40001
1.40001
1.40001
1.40006
1.40031
1.40118
1.40376
1.40969
1.42096
1.43852
1.462
1.4887
1.51505
1.53981
1.55586
1.56557
1.56862
1.56634
1.55944
1.54779
1.53234
1.51405
1.49392
1.47311
1.45305
1.43526
1.42101
1.41092
1.40474
1.40157
1.40032
1.40002
1.4
1.4
1.4
1.4
1.4
1.4
1.4
1.40001
1.40001
1.40001
1.40001
1.40001
1.40001
1.40001
1.40001
1.40001
1.40001
1.40001
1.40001
1.40001
1.40001
1.40001
1.40004
1.40017
1.40058
1.40162
1.40383
1.40772
1.41342
1.42075
1.42834
1.43492
1.4392
1.44066
1.44001
1.43752
1.43291
1.42675
1.41999
1.41358
1.40826
1.4044
1.40201
1.40076
1.40022
1.40005
1.40001
1.40001
1.40001
1.40001
1.40001
1.40001
1.40001
1.40001
1.40001
1.40001
1.40001
1.40001
1.40001
1.40001
1.40001
1.40001
1.40001
1.40001
1.40001
1.40001
1.40001
1.40001
1.40001
1.40001
1.40001
1.40001
1.40001
1.40002
1.40004
1.40012
1.40031
1.40064
1.40114
1.40174
1.40229
1.40258
1.40261
1.4025
1.40217
1.40167
1.40111
1.40064
1.40031
1.40013
1.40004
1.40001
1.40001
1.40001
1.40001
1.40001
1.40001
1.40001
1.40001
1.40001
1.40001
1.40001
1.40001
1.40001
1.40001
1.40001
1.40001
1.40001
1.40001
1.40001
1.40001
1.40001
1.40001
1.40001
1.40001
1.40001
1.40001
1.40001
1.40001
1.40001
1.40001
1.40001
1.40001
1.40001
1.40001
1.40001
1.40001
1.40002
1.40003
1.40003
1.40003
1.40003
1.40003
1.40002
1.40002
1.40001
1.40001
1.40001
1.40001
1.40001
1.40001
1.40001
1.40001
1.40001
1.40001
1.40001
1.40001
1.40001
1.40001
1.40001
1.40001
1.40001
1.40001
1.40001
1.40001
1.40001
1.40001
1.40001
1.40001
1.40001
1.40001
1.40001
1.40001
1.40001
1.40001
1.40001
1.40001
1.40001
1.40001
1.40001
1.40001
1.40001
1.40001
1.40001
1.40001
1.40001
1.40001
1.40001
1.40001
1.40001
1.40001
1.40001
1.40001
1.40001
1.40001
1.40001
1.40001
1.40001
1.40001
1.40001
1.40001
1.40001
1.40001
1.40001
1.40001
1.40001
1.40001
1.40001
1.40001
1.40001
1.40001
1.40001
1.40001
1.40001
1.40001
1.40001
1.40001
1.40001
1.40001
1.40001
1.40001
1.40001
1.40001
1.40001
1.40001
1.40001
1.40001
1.40001
1.40001
1.40001
1.40001
1.40001
1.40001
1.40001
1.40001
1.40001
1.40001
1.40001
1.40001
1.40001
1.40001
1.40001
1.40001
1.40001
1.40001
1.40001
1.40001
1.40001
1.40001
1.40001
1.40001
1.40001
1.40001
1.40001
1.40001
1.40001
1.40001
1.40001
1.40001
1.40001
1.40001
1.40001
1.40001
1.40001
1.40001
1.40001
1.40001
1.40001
1.40001
1.40001
1.40001
1.40001
1.40001
1.40001
1.40001
1.40001
1.40001
1.40001
1.40001
1.40001
1.40001
1.40001
1.40001
1.40001
1.40001
1.40001
1.40001
1.40001
1.40001
1.40001
1.40001
1.40001
1.40001
1.40001
1.40001
1.40001
1.40001
1.40001
1.40001
1.40001
1.40001
1.40001
1.40001
1.40001
1.40001
1.40001
1.40001
1.40001
1.40001
1.40001
1.40001
1.40001
1.40001
1.40001
1.40001
1.40001
1.40001
1.40001
1.40001
1.40001
1.40001
1.40001
1.40001
1.40001
1.40001
1.40001
1.40001
1.40001
1.40001
1.40001
1.40001
1.40001
1.40001
1.40001
1.40001
1.40001
1.40001
1.40001
1.40001
1.40001
1.40001
1.40001
1.40001
1.40001
1.40001
1.40001
1.40001
1.40001
1.40001
1.40001
1.40001
1.40001
1.40001
1.40001
1.40001
1.40001
1.40001
1.40001
1.40001
1.40001
1.40001
1.40001
1.40001
1.40001
1.40001
1.40001
1.40001
1.40001
1.40001
1.40001
1.40001
1.40001
1.40001
1.40001
1.40001
1.40001
1.40001
1.40001
1.40001
1.40001
1.40001
1.40001
1.40001
1.40001
1.40001
1.40001
1.40001
1.40001
1.40001
1.40001
1.40001
1.40001
1.40001
1.40001
1.40001
1.40001
1.40001
1.40001
1.40001
1.40001
1.40001
1.40001
1.40001
1.40001
1.40001
1.40001
1.40001
1.40001
1.40001
1.40001
1.40001
1.40001
1.40001
1.40001
1.40001
1.40001
1.40001
1.40001
1.40001
1.40001
1.40001
1.40001
1.40001
1.40001
1.40001
1.40001
1.40001
1.40001
1.40001
1.40001
1.40001
1.40001
1.40001
1.40001
1.40001
1.40001
1.40001
1.40001
1.40001
1.40001
1.40001
1.40001
1.40001
1.40001
1.40001
1.40001
1.40001
1.40001
1.40001
1.40001
1.40001
1.40001
1.40001
1.40001
1.40001
1.40001
1.40001
1.40001
1.40001
1.40001
1.40001
1.40001
1.40001
1.40001
1.40001
1.40001
1.40001
1.40001
1.40001
1.40001
1.40001
1.40001
1.40001
1.40001
1.40001
1.40001
1.40001
1.40001
1.40001
1.40001
1.40001
1.40001
1.40001
1.40001
1.40001
1.40001
1.40001
1.40001
1.40001
1.40001
1.40001
1.40001
1.40001
1.40001
1.40001
1.40001
1.40001
1.40001
1.40001
1.40001
1.40001
1.40001
1.40001
1.40001
1.40001
1.40001
1.40001
1.40001
1.40001
1.40001
1.40001
1.40001
1.40001
1.40001
1.40001
1.40001
1.40001
1.40001
1.40001
1.40001
1.40001
1.40001
1.40001
1.40001
1.40001
1.40001
1.40001
1.40001
1.40001
1.40001
1.40001
1.40001
1.40001
1.40001
1.40001
1.40001
1.40001
1.40001
1.40001
1.40001
1.40001
1.40001
1.40001
1.40001
1.40001
1.40001
1.40001
1.40001
1.40001
1.40001
1.40001
1.40001
1.40001
1.40001
1.40001
1.40001
1.40001
1.40001
1.40001
1.40001
1.40001
1.40001
1.40001
1.40001
1.40001
1.40001
1.40001
1.40001
1.40001
1.40001
1.40001
1.40001
1.40001
1.40001
1.40001
1.40001
1.40001
1.40001
1.40001
1.40001
1.40001
1.40001
1.40001
1.40001
1.40001
1.40001
1.40001
1.40001
1.40001
1.40001
1.40001
1.40001
1.40001
1.40001
1.40001
1.40001
1.40001
1.40001
1.40001
1.40001
1.40001
1.40001
1.40001
1.40001
1.40001
1.40001
1.40001
1.40001
1.40001
1.40001
1.40001
1.40001
1.40001
1.40001
1.40001
1.40001
1.40001
1.40001
1.40001
1.40001
1.40001
1.40001
1.40001
1.40001
1.40001
1.40001
1.40001
1.40001
1.40001
1.40001
1.40001
1.40001
1.40001
1.40001
1.40001
1.40001
1.40001
1.40001
1.40001
1.40001
1.40001
1.40001
1.40001
1.40001
1.40001
1.40001
1.40001
1.40001
1.40001
1.40001
1.40001
1.40001
1.40001
1.40001
1.40001
1.40001
1.40001
1.40001
1.40001
1.40001
1.40001
1.40001
1.40001
1.40001
1.40001
1.40001
1.40001
1.40001
1.40001
1.40001
1.40001
1.40001
1.40001
1.40001
1.40001
1.40001
1.40001
1.40001
1.40001
1.40001
1.40001
1.40001
1.40001
1.40001
1.40001
1.40001
1.40001
1.40001
1.40001
1.40001
1.40001
1.40001
1.40001
1.40001
1.40001
1.40001
1.40001
1.40001
1.40001
1.40001
1.40001
1.40001
1.40001
1.40001
1.40001
1.40001
1.40001
1.40001
1.40001
1.40001
1.40001
1.40001
1.40001
1.40001
1.40001
1.40001
1.40001
1.40001
1.40001
1.40001
1.40001
1.40001
1.40001
1.40001
1.40001
1.40001
1.40001
1.40001
1.40001
1.40001
1.40001
1.40001
1.40001
1.40001
1.40001
1.40001
1.40001
1.40001
1.40001
1.40001
1.40001
1.40001
1.40001
1.40001
1.40001
1.40001
1.40001
1.40001
1.40001
1.40001
1.40001
1.40001
1.40001
1.40001
1.40001
1.40001
1.40001
1.40001
1.40001
1.40001
1.40001
1.40001
1.40001
1.40001
1.40001
1.40001
1.40001
1.40001
1.40001
1.40001
1.40001
1.40001
1.40001
1.40001
1.40001
1.40001
1.40001
1.40001
1.40001
1.40001
1.40001
1.40001
1.40001
1.40001
1.40001
1.40001
1.40001
1.40001
1.40001
1.40001
1.40001
1.40001
1.40001
1.40001
1.40001
1.40001
1.40001
1.40001
1.40001
1.40001
1.40001
1.40001
1.40001
1.40001
1.40001
1.40001
1.40001
1.40001
1.40001
1.40001
1.40001
1.40001
1.40001
1.40001
1.40001
1.40001
1.40001
1.40001
1.40001
1.40001
1.40001
1.40001
1.40001
1.40001
1.40001
1.40001
1.40001
1.40001
1.40001
1.40001
1.40001
1.40001
1.40001
1.40001
1.40001
1.40001
1.40001
1.40001
1.40001
1.40001
1.40001
1.40001
1.40001
1.40001
1.40001
1.40001
1.40001
1.40001
1.40001
1.40001
1.40001
1.40001
1.40001
1.40001
1.40001
1.40001
1.40001
1.40001
1.40001
1.40001
1.40001
1.40001
1.40001
1.40001
1.40001
1.40001
1.40001
1.40001
1.40001
1.40001
1.40001
1.40001
1.40001
1.40001
1.40001
1.40001
1.40001
1.40001
1.40001
1.40001
1.40001
1.40001
1.40001
1.40001
1.40001
1.40001
1.40001
1.40001
1.40001
1.40001
1.40001
1.40001
1.40001
1.40001
1.40001
1.40001
1.40001
1.40001
1.40001
1.40001
1.40001
1.40001
1.40001
1.40001
1.40001
1.40001
1.40001
1.40001
1.40001
1.40001
1.40001
1.40001
1.40001
1.40001
1.40001
1.40001
1.40001
1.40001
1.40001
1.40001
1.40001
1.40001
1.40001
1.40001
1.40001
1.40001
1.40001
1.40001
1.40001
1.40001
1.40001
1.40001
1.40001
1.40001
1.40001
1.40001
1.40001
1.40001
1.40001
1.40001
1.40001
1.40001
1.40001
1.40001
1.40001
1.40001
1.40001
1.40001
1.40001
1.40001
1.40001
1.40001
1.40001
1.40001
1.40001
1.40001
1.40001
1.40001
1.40001
1.40001
1.40001
1.40001
1.40001
1.40001
1.40001
1.40001
1.40001
1.40001
1.40001
1.40001
1.40001
1.40001
1.40001
1.40001
1.40001
1.40001
1.40001
1.40001
1.40001
1.40001
1.40001
1.40001
1.40001
1.40001
1.40001
1.40001
1.40001
1.40001
1.40001
1.40001
1.40001
1.40001
1.40001
1.40001
1.40001
1.40001
1.40001
1.40001
1.40001
1.40001
1.40001
1.40001
1.40001
1.40001
1.40001
1.40001
1.40001
1.40001
1.40001
1.40001
1.40001
1.40001
1.40001
1.40001
1.40001
1.40001
1.40001
1.40001
1.40001
1.40001
1.40001
1.40001
1.40001
1.40001
1.40001
1.40001
1.40001
1.40001
1.40001
1.40001
1.40001
1.40001
1.40001
1.40001
1.40001
1.40001
1.40001
1.40001
1.40001
1.40001
1.40001
1.40001
1.40001
1.40001
1.40001
1.40001
1.40001
1.40001
1.40001
1.40001
1.40001
1.40001
1.40001
1.40001
1.40001
1.40001
1.40001
1.40001
1.40001
1.40001
1.40001
1.40001
1.40001
1.40001
1.40001
1.40001
1.40001
1.40001
1.40001
1.40001
1.40001
1.40001
1.40001
1.40001
1.40001
1.40001
1.40001
1.40001
1.40001
1.40001
1.40001
1.40001
1.40001
1.40001
1.40001
1.40001
1.40001
1.40001
1.40001
1.40001
1.40001
1.40001
1.40001
1.40001
1.40001
1.40001
1.40001
1.40001
1.40001
1.40001
1.40001
1.40001
1.40001
1.40001
1.40001
1.40001
1.40001
1.40001
1.40001
1.40001
1.40001
1.40001
1.40001
1.40001
1.40001
1.40001
1.40001
1.40001
1.40001
1.40001
1.40001
1.40001
1.40001
1.40001
1.40001
1.40001
1.40001
1.40001
1.40001
1.40001
1.40001
1.40001
1.40001
1.40001
1.40001
1.40001
1.40001
1.40001
1.40001
1.40001
1.40001
1.40001
1.40001
1.40001
1.40001
1.40001
1.40001
1.40001
1.40001
1.40001
1.40001
1.40001
1.40001
1.40001
1.40001
1.40001
1.40001
1.40001
1.40001
1.40001
1.40001
1.40001
1.40001
1.40001
1.40001
1.40001
1.40001
1.40001
1.40001
1.40001
1.40001
1.40001
1.40001
1.40001
1.40001
1.40001
1.40001
1.40001
1.40001
1.40001
1.40001
1.40001
1.40001
1.40001
1.40001
1.40001
1.40001
1.40001
1.40001
1.40001
1.40001
1.40001
1.40001
1.40001
1.40001
1.40001
1.40001
1.40001
1.40001
1.40001
1.40001
1.40001
1.40001
1.40001
1.40001
1.40001
1.40001
1.40001
1.40001
1.40001
1.40001
1.40001
1.40001
1.40001
1.40001
1.40001
1.40001
1.40001
1.40001
1.40001
1.40001
1.40001
1.40001
1.40001
1.40001
1.40001
1.40001
1.40001
1.40001
1.40001
1.40001
1.40001
1.40001
1.40001
1.40001
1.40001
1.40001
1.40001
1.40001
1.40001
1.40001
1.40001
1.40001
1.40001
1.40001
1.40001
1.40001
1.40001
1.40001
1.40001
1.40001
1.40001
1.40001
1.40001
1.40001
1.40001
1.40001
1.40001
1.40001
1.40001
1.40001
1.40001
1.40001
1.40001
1.40001
1.40001
1.40001
1.40001
1.40001
1.40001
1.40001
1.40001
1.40001
1.40001
1.40001
1.40001
1.40001
1.40001
1.40001
1.40001
1.40001
1.40001
1.40001
1.40001
1.40001
1.40001
1.40001
1.40001
1.40001
1.40001
1.40001
1.40001
1.40001
1.40001
1.40001
1.40001
1.40001
1.40001
1.40001
1.40001
1.40001
1.40001
1.40001
1.40001
1.40001
1.40001
1.40001
1.40001
1.40001
1.40001
1.40001
1.40001
1.40001
1.40001
1.40001
1.40001
1.40001
1.40001
1.40001
1.40001
1.40001
1.40001
1.40001
1.40001
1.40001
1.40001
1.40001
1.40001
1.40001
1.40001
1.40001
1.40001
1.40001
1.40001
1.40001
1.40001
1.40001
1.40001
1.40001
1.40001
1.40001
1.40001
1.40001
1.40001
1.40001
1.40001
1.40001
1.40001
1.40001
1.40001
1.40001
1.40001
1.40001
1.40001
1.40001
1.40001
1.40001
1.40001
1.40001
1.40001
1.40001
1.40001
1.40001
1.40001
1.40001
1.40001
1.40001
1.40001
1.40001
1.40001
1.40001
1.40001
1.40001
1.40001
1.40001
1.40001
1.40001
1.40001
1.40001
1.40001
1.40001
1.40001
1.40001
1.40001
1.40001
1.40001
1.40001
1.40001
1.40001
1.40001
1.40001
1.40001
1.40001
1.40001
1.40001
1.40001
1.40001
1.40001
1.40001
1.40001
1.40001
1.40001
1.40001
1.40001
1.40001
1.40001
1.40001
1.40001
1.40001
1.40001
1.40001
1.40001
1.40001
1.40001
1.40001
1.40001
1.40001
1.40001
1.40001
1.40001
1.40001
1.40001
1.40001
1.40001
1.40001
1.40001
1.40001
1.40001
1.40001
1.40001
1.40001
1.40001
1.40001
1.40001
1.40001
1.40001
1.40001
1.40001
1.40001
1.40001
1.40001
1.40001
1.40001
1.40001
1.40001
1.40001
1.40001
1.40001
1.40001
1.40001
1.40001
1.40001
1.40001
1.40001
1.40001
1.40001
1.40001
1.40001
1.40001
1.40001
1.40001
1.40001
1.40001
1.40001
1.40001
1.40001
1.40001
1.40001
1.40001
1.40001
1.40001
1.40001
1.40001
1.40001
1.40001
1.40001
1.40001
1.40001
1.40001
1.40001
1.40001
1.40001
1.40001
1.40001
1.40001
1.40001
1.40001
1.40001
1.40001
1.40001
1.40001
1.40001
1.40001
1.40001
1.40001
1.40001
1.40001
1.40001
1.40001
1.40001
1.40001
1.40001
1.40001
1.40001
1.40001
1.40001
1.40001
1.40001
1.40001
1.40001
1.40001
1.40001
1.40001
1.40001
1.40001
1.40001
1.40001
1.40001
1.40001
1.40001
1.40001
1.40001
1.40001
1.40001
1.40001
1.40001
1.40001
1.40001
1.40001
1.40001
1.40001
1.40001
1.40001
1.40001
1.40001
1.40001
1.40001
1.40001
1.40001
1.40001
1.40001
1.40001
1.40001
1.40001
1.40001
1.40001
1.40001
1.40001
1.40001
1.40001
1.40001
1.40001
1.40001
1.40001
1.40001
1.40001
1.40001
1.40001
1.40001
1.40001
1.40001
1.40001
1.40001
1.40001
1.40001
1.40001
1.40001
1.40001
1.40001
1.40001
1.40001
1.40001
1.40001
1.40001
1.40001
1.40001
1.40001
1.40001
1.40001
1.40001
1.40001
1.40001
1.40001
1.40001
1.40001
1.40001
1.40001
1.40001
1.40001
1.40001
1.40001
1.40001
1.40001
1.40001
1.40001
1.40001
1.40001
1.40001
1.40001
1.40001
1.40001
1.40001
1.40001
1.40001
1.40001
1.40001
1.40001
1.40001
1.40001
1.40001
1.40001
1.40001
1.40001
1.40001
1.40001
1.40001
1.40001
1.40001
1.40001
1.40001
1.40001
1.40001
1.40001
1.40001
1.40001
1.40001
1.40001
1.40001
1.40001
1.40001
1.40001
1.40001
1.40001
1.40001
1.40001
1.40001
1.40001
1.40001
1.40001
1.40001
1.40001
1.40001
1.40001
1.40001
1.40001
1.40001
1.40001
1.40001
1.40001
1.40001
1.40001
1.40001
1.40001
1.40001
1.40001
1.40001
1.40001
1.40001
1.40001
1.40001
1.40001
1.40001
1.40001
1.40001
1.40001
1.40001
1.40001
1.40001
1.40001
1.40001
1.40001
1.40001
1.40001
1.40001
1.40001
1.40001
1.40001
1.40001
1.40001
1.40001
1.40001
1.40001
1.40001
1.40001
1.40001
1.40001
1.40001
1.40001
1.40001
1.40001
1.40001
1.40001
1.40001
1.40001
1.40001
1.40001
1.40001
1.40001
1.40001
1.40001
1.40001
1.40001
1.40001
1.40001
1.40001
1.40001
1.40001
1.40001
1.40001
1.40001
1.40001
1.40001
1.40001
1.40001
1.40001
1.40001
1.40001
1.40001
1.40001
1.40001
1.40001
1.40001
1.40001
1.40001
1.40001
1.40001
1.40001
1.40001
1.40001
1.40001
1.40001
1.40001
1.40001
1.40001
1.40001
1.40001
1.40001
1.40001
1.40001
1.40001
1.40001
1.40001
1.40001
1.40001
1.40001
1.40001
1.40001
1.40001
1.40001
1.40001
1.40001
1.40001
1.40001
1.40001
1.40001
1.40001
1.40001
1.40001
1.40001
1.40001
1.40001
1.40001
1.40001
1.40001
1.40001
1.40001
1.40001
1.40001
1.40001
1.40001
1.40001
1.40001
1.40001
1.40001
1.40001
1.40001
1.40001
1.40001
1.40001
1.40001
1.40001
1.40001
1.40001
1.40001
1.40001
1.40001
1.40001
1.40001
1.40001
1.40001
1.40001
1.40001
1.40001
1.40001
1.40001
1.40001
1.40001
1.40001
1.40001
1.40001
1.40002
1.40001
1.40001
1.40001
1.40001
1.40001
1.40001
1.40001
1.40001
1.40001
1.40001
1.40001
1.40001
1.40001
1.40001
1.40001
1.40001
1.40001
1.40001
1.40001
1.40001
1.40001
1.40001
1.40001
1.40001
1.40001
1.40001
1.40001
1.40001
1.40001
1.40001
1.40001
1.40001
1.40001
1.40001
1.40001
1.40001
1.40001
1.40001
1.40001
1.40001
1.40001
1.40001
1.40001
1.40001
1.40001
1.40001
1.40001
1.40001
1.40001
1.40001
1.40001
1.40001
1.40001
1.40001
1.40001
1.40001
1.40001
1.40001
1.40001
1.40001
1.40001
1.40001
1.40001
1.40001
1.40001
1.40001
1.40001
1.40001
1.40001
1.40001
1.40001
1.40001
1.40001
1.40001
1.40001
1.40001
1.40001
1.40001
1.40001
1.40001
1.40001
1.40001
1.40001
1.40001
1.40001
1.40001
1.40001
1.40001
1.40001
1.40001
1.40001
1.40001
1.40001
1.40001
1.40001
1.40259
1.40156
1.40114
1.40079
1.40046
1.40027
1.40019
1.40012
1.40007
1.40004
1.40002
1.40002
1.40001
1.40001
1.40001
1.40001
1.40001
1.40001
1.40001
1.40001
1.40001
1.40001
1.40001
1.40001
1.40001
1.40001
1.40001
1.40001
1.40001
1.40001
1.40001
1.40001
1.40001
1.40001
1.40001
1.40001
1.40001
1.40001
1.40001
1.40001
1.40001
1.40001
1.40001
1.40001
1.40001
1.40001
1.40001
1.40001
1.40001
1.40001
1.40001
1.40001
1.40001
1.40001
1.40001
1.40001
1.40001
1.40001
1.40001
1.40001
1.40001
1.40001
1.40001
1.40001
1.40001
1.40001
1.40001
1.40001
1.40001
1.40001
1.40001
1.40001
1.40001
1.40001
1.40001
1.40001
1.40001
1.40001
1.40001
1.40001
1.40001
1.40001
1.40001
1.40001
1.40001
1.40001
1.40001
1.40001
1.40001
1.40001
1.40001
1.40001
1.40001
1.40001
1.40001
1.40001
1.4644
1.44851
1.43951
1.43331
1.42508
1.4173
1.41346
1.41071
1.40743
1.40474
1.4033
1.40242
1.4016
1.40094
1.40057
1.40039
1.40024
1.40013
1.40007
1.40004
1.40003
1.40002
1.40001
1.40001
1.40001
1.40001
1.40001
1.40001
1.40001
1.40001
1.40001
1.40001
1.40001
1.40001
1.40001
1.40001
1.40001
1.40001
1.40001
1.40001
1.40001
1.40001
1.40001
1.40001
1.40001
1.40001
1.40001
1.40001
1.40001
1.40001
1.40001
1.40001
1.40001
1.40001
1.40001
1.40001
1.40001
1.40001
1.40001
1.40001
1.40001
1.40001
1.40001
1.40001
1.40001
1.40001
1.40001
1.40001
1.40001
1.40001
1.40001
1.40001
1.40001
1.40001
1.40001
1.40001
1.40001
1.40001
1.40001
1.40001
1.40001
1.40001
1.40001
1.40001
1.40001
1.40001
1.40001
1.40001
1.40001
1.40001
1.40001
1.40001
1.40001
1.40001
1.40001
1.40001
1.74111
1.69841
1.6636
1.64705
1.62844
1.58963
1.55771
1.54097
1.52374
1.49687
1.47527
1.46392
1.45364
1.43958
1.42801
1.42186
1.41718
1.41182
1.40755
1.40533
1.40392
1.40253
1.40147
1.40092
1.40061
1.40037
1.4002
1.40011
1.40007
1.40004
1.40002
1.40001
1.40001
1.40001
1.40001
1.40001
1.40001
1.40001
1.40001
1.40001
1.40001
1.40001
1.40001
1.40001
1.40001
1.40001
1.40001
1.40001
1.40001
1.40001
1.40001
1.40001
1.40001
1.40001
1.40001
1.40001
1.40001
1.40001
1.40001
1.40001
1.40001
1.40001
1.40001
1.40001
1.40001
1.40001
1.40001
1.40001
1.40001
1.40001
1.40001
1.40001
1.40001
1.40001
1.40001
1.40001
1.40001
1.40001
1.40001
1.40001
1.40001
1.40001
1.40001
1.40001
1.40001
1.40001
1.40001
1.40001
1.40001
1.40001
1.40001
1.40001
1.40001
1.40001
1.40001
1.40001
2.0278
2.01608
1.98598
1.96851
1.96366
1.95398
1.89831
1.86369
1.84821
1.83122
1.77883
1.74163
1.72192
1.69812
1.64521
1.60689
1.58689
1.56543
1.52977
1.50203
1.4868
1.47236
1.45266
1.43775
1.42972
1.4232
1.41582
1.41036
1.40749
1.40547
1.40348
1.40207
1.40134
1.4009
1.40054
1.40029
1.40017
1.40011
1.40006
1.40003
1.40002
1.40001
1.40001
1.40001
1.40001
1.40001
1.40001
1.40001
1.40001
1.40001
1.40001
1.40001
1.40001
1.40001
1.40001
1.40001
1.40001
1.40001
1.40001
1.40001
1.40001
1.40001
1.40001
1.40001
1.40001
1.40001
1.40001
1.40001
1.40001
1.40001
1.40001
1.40001
1.40001
1.40001
1.40001
1.40001
1.40001
1.40001
1.40001
1.40001
1.40001
1.40001
1.40001
1.40001
1.40001
1.40001
1.40001
1.40001
1.40001
1.40001
1.40001
1.40001
1.40001
1.40001
1.40001
1.40001
2.12517
2.12632
2.12782
2.12925
2.13053
2.1302
2.12
2.10385
2.09664
2.09906
2.09701
2.0673
2.04561
2.03668
2.02083
1.96837
1.93838
1.92641
1.91225
1.84773
1.80219
1.77831
1.75018
1.6901
1.6483
1.62556
1.59945
1.55489
1.5238
1.50591
1.48751
1.46359
1.44726
1.43791
1.42936
1.41997
1.41359
1.41005
1.40716
1.40446
1.40274
1.40186
1.40121
1.4007
1.40039
1.40024
1.40014
1.40008
1.40004
1.40002
1.40002
1.40001
1.40001
1.40001
1.40001
1.40001
1.40001
1.40001
1.40001
1.40001
1.40001
1.40001
1.40001
1.40001
1.40001
1.40001
1.40001
1.40001
1.40001
1.40001
1.40001
1.40001
1.40001
1.40001
1.40001
1.40001
1.40001
1.40001
1.40001
1.40001
1.40001
1.40001
1.40001
1.40001
1.40001
1.40001
1.40001
1.40001
1.40001
1.40001
1.40001
1.40001
1.40001
1.40001
1.40001
1.40001
2.13398
2.13805
2.14398
2.15036
2.1541
2.15754
2.16161
2.16509
2.16929
2.17454
2.17845
2.1795
2.17839
2.17684
2.1763
2.17111
2.16439
2.16296
2.16554
2.15765
2.12373
2.09992
2.0929
2.0831
2.03246
2.00019
1.98531
1.9634
1.88878
1.8438
1.8201
1.78951
1.72362
1.68264
1.65771
1.62565
1.57504
1.54483
1.52518
1.5017
1.47402
1.45741
1.44653
1.43469
1.42352
1.4168
1.41255
1.40848
1.40528
1.40348
1.40237
1.40144
1.40082
1.40051
1.40031
1.40017
1.40009
1.40005
1.40003
1.40002
1.40001
1.40001
1.40001
1.40001
1.40001
1.40001
1.40001
1.40001
1.40001
1.40001
1.40001
1.40001
1.40001
1.40001
1.40001
1.40001
1.40001
1.40001
1.40001
1.40001
1.40001
1.40001
1.40001
1.40001
1.40001
1.40001
1.40001
1.40001
1.40001
1.40001
1.40001
1.40001
1.40001
1.40001
1.40001
1.40001
2.07039
2.08305
2.09226
2.10927
2.1264
2.13465
2.14215
2.15334
2.16748
2.17545
2.17965
2.18295
2.18816
2.19498
2.19978
2.20487
2.21115
2.21666
2.22103
2.22238
2.22074
2.22099
2.22363
2.2288
2.22907
2.21848
2.21057
2.20955
2.1959
2.1605
2.14278
2.13935
2.12674
2.06991
2.03704
2.01938
1.98846
1.91786
1.88298
1.86121
1.8214
1.75041
1.71436
1.68667
1.64334
1.59244
1.56548
1.54244
1.51042
1.48327
1.46738
1.45322
1.43732
1.42677
1.42021
1.41421
1.40907
1.40613
1.40429
1.40263
1.40151
1.40095
1.40059
1.40032
1.40017
1.4001
1.40006
1.40003
1.40002
1.40001
1.40001
1.40001
1.40001
1.40001
1.40001
1.40001
1.40001
1.40001
1.40001
1.40001
1.40001
1.40001
1.40001
1.40001
1.40001
1.40001
1.40001
1.40001
1.40001
1.40001
1.40001
1.40001
1.40001
1.40001
1.40001
1.40001
1.89017
1.907
1.91722
1.94787
1.97824
1.99091
1.99725
2.01299
2.05632
2.08023
2.0911
2.09734
2.11179
2.14174
2.15935
2.17379
2.18747
2.20101
2.21136
2.21834
2.22401
2.23008
2.23865
2.2476
2.25408
2.25785
2.25965
2.25846
2.25798
2.25834
2.2594
2.26292
2.2642
2.26108
2.24334
2.23118
2.22759
2.2169
2.18974
2.17918
2.17605
2.14781
2.09192
2.06763
2.0521
2.00831
1.94814
1.92115
1.89461
1.83203
1.77417
1.74322
1.70678
1.64946
1.61194
1.58455
1.54973
1.51436
1.49418
1.4761
1.45416
1.43948
1.43072
1.42199
1.41392
1.40963
1.40694
1.40425
1.40243
1.40156
1.401
1.40053
1.40027
1.40016
1.40009
1.40004
1.40002
1.40001
1.40001
1.40001
1.40001
1.40001
1.40001
1.40001
1.40001
1.40001
1.40001
1.40001
1.40001
1.40001
1.40001
1.40001
1.40001
1.40001
1.40001
1.40001
1.69283
1.71696
1.74216
1.76036
1.77124
1.77502
1.78762
1.82685
1.85826
1.87802
1.88618
1.89418
1.92976
1.96079
1.98398
2.00488
2.02692
2.0548
2.07627
2.09882
2.12264
2.14042
2.15787
2.18713
2.2119
2.22254
2.23159
2.24371
2.25512
2.26071
2.26745
2.27582
2.28069
2.28174
2.28008
2.27788
2.27799
2.2789
2.28171
2.28414
2.28467
2.28334
2.27223
2.25793
2.25272
2.25265
2.24132
2.21621
2.20677
2.19734
2.15365
2.11577
2.09905
2.07723
2.01763
1.97948
1.95135
1.90042
1.8375
1.80454
1.76684
1.70411
1.66337
1.63359
1.59122
1.54699
1.52379
1.50162
1.47257
1.45353
1.44265
1.43088
1.4195
1.41363
1.4099
1.40608
1.40351
1.40226
1.40139
1.40073
1.40039
1.40022
1.40011
1.40005
1.40003
1.40002
1.40001
1.40001
1.40001
1.40001
1.40001
1.40001
1.40001
1.40001
1.40001
1.40001
1.53655
1.55373
1.56012
1.56175
1.5686
1.59356
1.61484
1.63386
1.65287
1.67203
1.69812
1.70991
1.71979
1.73436
1.77167
1.79964
1.81282
1.82724
1.85974
1.89097
1.9048
1.91938
1.95284
2.00007
2.02067
2.03497
2.05227
2.09456
2.12196
2.13882
2.15959
2.19186
2.21388
2.22412
2.23455
2.25157
2.264
2.2712
2.27977
2.2887
2.29357
2.29538
2.29541
2.29488
2.29518
2.29648
2.29936
2.30052
2.30067
2.30024
2.29555
2.28686
2.27908
2.27512
2.27218
2.25582
2.2379
2.22604
2.1971
2.16135
2.14773
2.12871
2.07521
2.04029
2.01552
1.95977
1.89618
1.86716
1.82671
1.75416
1.71268
1.68206
1.63139
1.57906
1.55303
1.52663
1.49166
1.46854
1.45426
1.43868
1.42518
1.4179
1.41222
1.4072
1.4045
1.40285
1.40148
1.40078
1.40046
1.40022
1.40009
1.40005
1.40002
1.40001
1.40001
1.40001
1.36266
1.36828
1.37956
1.3937
1.39882
1.40453
1.42465
1.46437
1.48528
1.49445
1.4993
1.50667
1.53348
1.55063
1.56325
1.58229
1.61096
1.63939
1.65151
1.66119
1.67321
1.71556
1.74337
1.75972
1.77392
1.798
1.84117
1.86223
1.87985
1.89845
1.94328
1.97699
1.99263
2.00666
2.03509
2.07653
2.09565
2.11374
2.14273
2.17891
2.19539
2.20854
2.22848
2.25179
2.26346
2.2745
2.28787
2.29688
2.30099
2.30526
2.30933
2.31093
2.31193
2.31374
2.31474
2.31586
2.31629
2.31307
2.30678
2.30672
2.30803
2.30206
2.28954
2.28265
2.28133
2.26281
2.22637
2.21086
2.20367
2.16903
2.11886
2.09851
2.07618
2.00483
1.95082
1.92303
1.87955
1.80299
1.76133
1.72438
1.66571
1.61449
1.58253
1.54394
1.50748
1.48553
1.46197
1.44136
1.43045
1.42046
1.41148
1.40739
1.40474
1.40225
1.40104
1.40053
1.19724
1.20503
1.20634
1.2069
1.21502
1.25218
1.2792
1.29068
1.2985
1.30837
1.32352
1.33123
1.33716
1.34548
1.37859
1.40781
1.42136
1.4315
1.44055
1.46671
1.48817
1.50051
1.51478
1.53419
1.57236
1.59181
1.60742
1.62104
1.65022
1.68586
1.70071
1.71495
1.73016
1.77147
1.7989
1.81508
1.83114
1.86604
1.90824
1.92642
1.94344
1.96977
2.0176
2.04167
2.06057
2.08792
2.13288
2.15622
2.17175
2.19407
2.22785
2.24571
2.25913
2.27779
2.29713
2.30563
2.31173
2.31774
2.32186
2.32353
2.32551
2.3286
2.33056
2.33138
2.33196
2.33179
2.32866
2.32657
2.32661
2.32478
2.31386
2.30896
2.30825
2.28998
2.26243
2.24951
2.24064
2.20668
2.17077
2.14883
2.11471
2.05665
2.01974
1.97468
1.90936
1.867
1.82005
1.74551
1.69718
1.65618
1.5974
1.55137
1.52457
1.49048
1.45861
1.44198
1.03191
1.0356
1.03615
1.04059
1.06777
1.09306
1.10664
1.11719
1.12514
1.12933
1.13069
1.13368
1.15393
1.18142
1.19766
1.21121
1.2251
1.24458
1.25762
1.26668
1.27329
1.28743
1.32187
1.3387
1.35356
1.36916
1.39487
1.42023
1.43051
1.43993
1.44963
1.48618
1.50866
1.52307
1.53917
1.56443
1.60045
1.61471
1.62754
1.64123
1.68585
1.72026
1.73835
1.75638
1.78752
1.83392
1.85403
1.87177
1.89645
1.95029
1.98101
2.00161
2.02692
2.07696
2.10934
2.12746
2.15114
2.19268
2.21933
2.23541
2.2556
2.2824
2.29695
2.3077
2.31954
2.32846
2.33229
2.33621
2.34037
2.34214
2.34284
2.34419
2.34676
2.34913
2.34874
2.34712
2.34768
2.34896
2.3444
2.3333
2.32825
2.32707
2.31398
2.28329
2.26825
2.26182
2.24227
2.18547
2.15643
2.13524
2.0824
2.00539
1.96822
1.9242
1.84198
1.78168
0.885367
0.888559
0.888796
0.895614
0.92353
0.944846
0.952638
0.955696
0.958242
0.962759
0.970842
0.975307
0.983655
1.00932
1.03471
1.04644
1.05337
1.06052
1.07217
1.08997
1.09624
1.10199
1.11926
1.14583
1.17384
1.18179
1.18867
1.19666
1.21562
1.23705
1.24307
1.25505
1.27437
1.30668
1.33072
1.33796
1.34524
1.35312
1.3884
1.41375
1.42956
1.45175
1.4772
1.51341
1.52947
1.54286
1.55759
1.59883
1.63411
1.65256
1.67452
1.7114
1.75809
1.77662
1.79398
1.81985
1.88182
1.91668
1.93805
1.96208
2.01505
2.06016
2.08245
2.10705
2.1524
2.19325
2.2141
2.23882
2.27372
2.2972
2.31224
2.33118
2.34873
2.35515
2.36064
2.36721
2.37196
2.37391
2.37618
2.37935
2.38107
2.38142
2.38116
2.37676
2.37439
2.37377
2.36986
2.36103
2.35666
2.35597
2.34627
2.32168
2.3099
2.3019
2.27344
2.23416
0.782796
0.782532
0.782182
0.78655
0.804977
0.81994
0.826151
0.829627
0.832515
0.833615
0.833088
0.833831
0.845
0.869919
0.881825
0.888742
0.896439
0.907259
0.914952
0.918249
0.917957
0.924176
0.952182
0.9683
0.977197
0.982792
0.988458
1.00494
1.01388
1.01864
1.0224
1.03957
1.07372
1.08806
1.0946
1.09732
1.10597
1.12556
1.13665
1.15206
1.1773
1.20828
1.2216
1.23016
1.23937
1.26765
1.29086
1.30306
1.32224
1.35144
1.39422
1.41104
1.42398
1.43277
1.46857
1.51641
1.53773
1.55695
1.5767
1.6334
1.67209
1.6935
1.71329
1.75183
1.80972
1.83808
1.86749
1.91227
1.96345
1.98805
2.01488
2.06735
2.11399
2.13561
2.16031
2.20349
2.23381
2.24804
2.26538
2.28918
2.30193
2.30761
2.31393
2.32104
2.32413
2.32557
2.32604
2.32958
2.33893
2.34282
2.3442
2.34659
2.35042
2.35157
2.35193
2.35125
0.644523
0.640895
0.64003
0.640049
0.643625
0.651873
0.656971
0.659308
0.660081
0.659623
0.659788
0.661115
0.666805
0.681523
0.690765
0.698049
0.705747
0.712692
0.717898
0.720178
0.72047
0.721176
0.736198
0.75842
0.766819
0.770577
0.773431
0.781946
0.790812
0.795897
0.804716
0.820658
0.84435
0.85821
0.863731
0.865801
0.866893
0.875353
0.896254
0.916443
0.931694
0.945413
0.958436
0.970701
0.983788
0.991125
1.00436
1.02241
1.05274
1.08004
1.09283
1.10409
1.11328
1.14544
1.17129
1.18802
1.2078
1.23246
1.27075
1.29265
1.31399
1.33182
1.36854
1.40181
1.42493
1.46358
1.51269
1.54178
1.55819
1.58314
1.64878
1.70357
1.72544
1.74756
1.79395
1.88358
1.92141
1.94706
1.98042
2.05625
2.10613
2.13917
2.17801
2.22772
2.26294
2.29393
2.32431
2.34512
2.35857
2.37199
2.38239
2.38884
2.39439
2.39971
2.40324
2.40529
0.629328
0.623917
0.622433
0.622301
0.624638
0.631579
0.634603
0.634501
0.634068
0.634426
0.638641
0.64315
0.644196
0.644525
0.647438
0.658187
0.667423
0.673635
0.676628
0.676702
0.676232
0.676073
0.680219
0.687947
0.692799
0.693282
0.692062
0.693585
0.706422
0.714803
0.715466
0.715744
0.725707
0.737013
0.742799
0.744281
0.742099
0.740921
0.748726
0.767014
0.778832
0.783457
0.783505
0.786035
0.798235
0.806626
0.8124
0.817658
0.831229
0.854487
0.86874
0.874741
0.877598
0.883297
0.90917
0.934171
0.946373
0.952654
0.960599
0.979782
1.01529
1.02805
1.03668
1.05089
1.08249
1.1303
1.14641
1.1562
1.16294
1.21039
1.256
1.27634
1.28725
1.31177
1.38271
1.4244
1.44885
1.4638
1.51763
1.57908
1.62377
1.67022
1.72079
1.76077
1.80842
1.8857
1.94693
1.98248
2.03216
2.1096
2.16261
2.20059
2.24935
2.29572
2.32469
2.34589
0.681789
0.669839
0.662146
0.660592
0.660612
0.663533
0.66593
0.665975
0.664394
0.661377
0.656081
0.649078
0.644955
0.642162
0.640634
0.640799
0.640899
0.636687
0.627348
0.6164
0.607163
0.60367
0.603023
0.600557
0.585004
0.567974
0.562567
0.562429
0.565179
0.566085
0.557457
0.54481
0.541207
0.538816
0.534684
0.525977
0.507264
0.498666
0.497944
0.50002
0.50029
0.4926
0.481721
0.475698
0.470218
0.465796
0.460945
0.456332
0.455829
0.458619
0.461266
0.457839
0.446731
0.443674
0.446404
0.453885
0.455253
0.451844
0.445474
0.447795
0.463892
0.472855
0.472995
0.470235
0.475605
0.504925
0.527337
0.531036
0.527575
0.529356
0.560263
0.604703
0.631945
0.644397
0.650466
0.674924
0.737583
0.786186
0.816964
0.834678
0.867876
0.948403
1.01152
1.05654
1.09544
1.16772
1.26492
1.33581
1.40395
1.4807
1.59127
1.69937
1.80915
1.92861
2.06156
2.19087
1.40001
1.40001
1.40001
1.40001
1.40001
1.40001
1.40001
1.40001
1.40001
1.40001
1.40001
1.40001
1.40001
1.40001
1.40001
1.40001
1.40001
1.40001
1.40001
1.40001
1.40001
1.40001
1.40001
1.40001
1.40001
1.40001
1.40001
1.40001
1.40001
1.40001
1.40001
1.40001
1.40001
1.40001
1.40001
1.40001
1.40001
1.40001
1.40001
1.40001
1.40001
1.40001
1.40001
1.40001
1.40001
1.40001
1.40001
1.40001
1.40001
1.40001
1.40001
1.40001
1.40001
1.40001
1.40001
1.40001
1.40001
1.40001
1.40001
1.40001
1.40001
1.40001
1.40001
1.40001
1.40001
1.40001
1.40001
1.40001
1.40001
1.40001
1.40001
1.40001
1.40001
1.40001
1.40001
1.40001
1.40001
1.40001
1.40001
1.40001
1.40001
1.40001
1.40001
1.40001
1.40001
1.40001
1.40001
1.40001
1.40001
1.40001
1.40001
1.40001
1.40001
1.40001
1.40001
1.40001
1.40001
1.40001
1.40001
1.40001
1.40001
1.40001
1.40001
1.40001
1.40001
1.40001
1.40001
1.40001
1.40001
1.40001
1.40001
1.40001
1.40001
1.40001
1.40001
1.40001
1.40001
1.40001
1.40001
1.40001
1.40001
1.40001
1.40001
1.40001
1.40001
1.40001
1.40001
1.40001
1.40001
1.40001
1.40001
1.40001
1.40001
1.40001
1.40001
1.40001
1.40001
1.40001
1.40001
1.40001
1.40001
1.40001
1.40001
1.40001
1.40001
1.40001
1.40001
1.40001
1.40001
1.40001
1.40001
1.40001
1.40001
1.40001
1.40001
1.40001
1.40001
1.40001
1.40001
1.40001
1.40001
1.40001
1.40001
1.40001
1.40001
1.40001
1.40001
1.40001
1.40001
1.40001
1.40001
1.40001
1.40001
1.40001
1.40001
1.40001
1.40001
1.40001
1.40001
1.40001
1.40001
1.40001
1.40001
1.40001
1.40001
1.40001
1.40001
1.40001
1.40001
1.40001
1.40001
1.40001
1.40001
1.40001
1.40001
1.40001
1.40001
1.40001
1.40001
1.40001
1.40001
1.40001
1.40001
1.40001
1.40001
1.40001
1.40001
1.40001
1.40001
1.40001
1.40001
1.40001
1.40001
1.40001
1.40001
1.40001
1.40001
1.40001
1.40001
1.40001
1.40001
1.40001
1.40001
1.40001
1.40001
1.40001
1.40001
1.40001
1.40001
1.40001
1.40001
1.40001
1.40001
1.40001
1.40001
1.40001
1.40001
1.40001
1.40001
1.40001
1.40001
1.40001
1.40001
1.40001
1.40001
1.40001
1.40001
1.40001
1.40001
1.40001
1.40001
1.40001
1.40001
1.40001
1.40001
1.40001
1.40001
1.40001
1.40001
1.40001
1.40001
1.40001
1.40001
1.40001
1.40001
1.40001
1.40001
1.40001
1.40001
1.40001
1.40001
1.40001
1.40001
1.40001
1.40001
1.40001
1.40001
1.40001
1.40001
1.40001
1.40001
1.40001
1.40001
1.40001
1.40001
1.40001
1.40001
1.40001
1.40001
1.40001
1.40001
1.40001
1.40001
1.40001
1.40001
1.40001
1.40001
1.40001
1.40001
1.40001
1.40001
1.40001
1.40001
1.40001
1.40001
1.40001
1.40001
1.40001
1.40001
1.40001
1.40001
1.40001
1.40001
1.40001
1.40001
1.40001
1.40001
1.40001
1.40001
1.40001
1.40001
1.40001
1.40001
1.40001
1.40001
1.40001
1.40001
1.40001
1.40001
1.40001
1.40001
1.40001
1.40001
1.40001
1.40001
1.40001
1.40001
1.40001
1.40001
1.40001
1.40001
1.40001
1.40001
1.40001
1.40001
1.40001
1.40001
1.40001
1.40001
1.40001
1.40001
1.40001
1.40001
1.40001
1.40001
1.40001
1.40001
1.40001
1.40001
1.40001
1.40001
1.40001
1.40001
1.40001
1.40001
1.40001
1.40001
1.40001
1.40001
1.40001
1.40001
1.40001
1.40001
1.40001
1.40001
1.40001
1.40001
1.40001
1.40001
1.40001
1.40001
1.40001
1.40001
1.40001
1.40001
1.40001
1.40001
1.40001
1.40001
1.40001
1.40001
1.40001
1.40001
1.40001
1.40001
1.40001
1.40001
1.40001
1.40001
1.40001
1.40001
1.40001
1.40001
1.40001
1.40001
1.40001
1.40001
1.40001
1.40001
1.40001
1.40001
1.40001
1.40001
1.40001
1.40001
1.40001
1.40001
1.40001
1.40001
1.40001
1.40001
1.40001
1.40001
1.40001
1.40001
1.40001
1.40001
1.40001
1.40001
1.40001
1.40001
1.40001
1.40001
1.40001
1.40001
1.40001
1.40001
1.40001
1.40001
1.40001
1.40001
1.40001
1.40001
1.40001
1.40001
1.40001
1.40001
1.40001
1.40001
1.40001
1.40001
1.40001
1.40001
1.40001
1.40001
1.40001
1.40001
1.40001
1.40001
1.40001
1.40001
1.40001
1.40001
1.40001
1.40001
1.40001
1.40001
1.40001
1.40001
1.40001
1.40001
1.40001
1.40001
1.40001
1.40001
1.40001
1.40001
1.40001
1.40001
1.40001
1.40001
1.40001
1.40001
1.40001
1.40001
1.40001
1.40001
1.40001
1.40001
1.40001
1.40001
1.40001
1.40001
1.40001
1.40001
1.40001
1.40001
1.40001
1.40001
1.40001
1.40001
1.40001
1.40001
1.40001
1.40001
1.40001
1.40001
1.40001
1.40001
1.40001
1.40001
1.40001
1.40001
1.40001
1.40001
1.40001
1.40001
1.40001
1.40001
1.40001
1.40001
1.40001
1.40001
1.40001
1.40001
1.40001
1.40001
1.40001
1.40001
1.40001
1.40001
1.40001
1.40001
1.40001
1.40001
1.40001
1.40001
1.40001
1.40001
1.40001
1.40001
1.40001
1.40001
1.40001
1.40001
1.40001
1.40001
1.40001
1.40001
1.40001
1.40001
1.40001
1.40001
1.40001
1.40001
1.40001
1.40001
1.40001
1.40001
1.40001
1.40001
1.40001
1.40001
1.40001
1.40001
1.40001
1.40001
1.40001
1.40001
1.40001
1.40001
1.40001
1.40001
1.40001
1.40001
1.40001
1.40001
1.40001
1.40001
1.40001
1.40001
1.40001
1.40001
1.40001
1.40001
1.40001
1.40001
1.40001
1.40001
1.40001
1.40001
1.40001
1.40001
1.40001
1.40001
1.40001
1.40001
1.40001
1.40001
1.40001
1.40001
1.40001
1.40001
1.40001
1.40001
1.40001
1.40001
1.40001
1.40001
1.40001
1.40001
1.40001
1.40001
1.40001
1.40001
1.40001
1.40001
1.40001
1.40001
1.40001
1.40001
1.40001
1.40001
1.40001
1.40001
1.40001
1.40001
1.40001
1.40001
1.40001
1.40001
1.40001
1.40001
1.40001
1.40001
1.40001
1.40001
1.40001
1.40001
1.40001
1.40001
1.40001
1.40001
1.40001
1.40001
1.40001
1.40001
1.40001
1.40001
1.40001
1.40001
1.40001
1.40001
1.40001
1.40001
1.40001
1.40001
1.40001
1.40001
1.40001
1.40001
1.40001
1.40001
1.40001
1.40001
1.40001
1.40001
1.40001
1.40001
1.40001
1.40001
1.40001
1.40001
1.40001
1.40001
1.40001
1.40001
1.40001
1.40001
1.40001
1.40001
1.40001
1.40001
1.40001
1.40001
1.40001
1.40001
1.40001
1.40001
1.40001
1.40001
1.40001
1.40001
1.40001
1.40001
1.40001
1.40001
1.40001
1.40001
1.40001
1.40001
1.40001
1.40001
1.40001
1.40001
1.40001
1.40001
1.40001
1.40001
1.40001
1.40001
1.40001
1.40001
1.40001
1.40001
1.40001
1.40001
1.40001
1.40001
1.40001
1.40001
1.40001
1.40001
1.40001
1.40001
1.40001
1.40001
1.40001
1.40001
1.40001
1.40001
1.40001
1.40001
1.40001
1.40001
1.40001
1.40001
1.40001
1.40001
1.40001
1.40001
1.40001
1.40001
1.40001
1.40001
1.40001
1.40001
1.40001
1.40001
1.40001
1.40001
1.40001
1.40001
1.40001
1.40001
1.40001
1.40001
1.40001
1.40001
1.40001
1.40001
1.40001
1.40001
1.40001
1.40001
1.40001
1.40001
1.40001
1.40001
1.40001
1.40001
1.40001
1.40001
1.40001
1.40001
1.40001
1.40001
1.40001
1.40001
1.40001
1.40001
1.40001
1.40001
1.40001
1.40001
1.40001
1.40001
1.40001
1.40001
1.40001
1.40001
1.40001
1.40001
1.40001
1.40001
1.40001
1.40001
1.40001
1.40001
1.40001
1.40001
1.40001
1.40001
1.40001
1.40001
1.40001
1.40001
1.40001
1.40001
1.40001
1.40001
1.40001
1.40001
1.40001
1.40001
1.40001
1.40001
1.40001
1.40001
1.40001
1.40001
1.40001
1.40001
1.40001
1.40001
1.40001
1.40001
1.40001
1.40001
1.40001
1.40001
1.40001
1.40001
1.40001
1.40001
1.40001
1.40001
1.40001
1.40001
1.40001
1.40001
1.40001
1.40001
1.40001
1.40001
1.40001
1.40001
1.40001
1.40001
1.40001
1.40001
1.40001
1.40001
1.40001
1.40001
1.40001
1.40001
1.40001
1.40001
1.40001
1.40001
1.40001
1.40001
1.40001
1.40001
1.40001
1.40001
1.40001
1.40001
1.40001
1.40001
1.40001
1.40001
1.40001
1.40001
1.40001
1.40001
1.40001
1.40001
1.40001
1.40001
1.40001
1.40001
1.40001
1.40001
1.40001
1.40001
1.40001
1.40001
1.40001
1.40001
1.40001
1.40001
1.40001
1.40001
1.40001
1.40001
1.40001
1.40001
1.40001
1.40001
1.40001
1.40001
1.40001
1.40001
1.40001
1.40001
1.40001
1.40001
1.40001
1.40001
1.40001
1.40001
1.40001
1.40001
1.40001
1.40001
1.40001
1.40001
1.40001
1.40001
1.40001
1.40001
1.40001
1.40001
1.40001
1.40001
1.40001
1.40001
1.40001
1.40001
1.40001
1.40001
1.40001
1.40001
1.40001
1.40001
1.40001
1.40001
1.40001
1.40001
1.40001
1.40001
1.40001
1.40001
1.40001
1.40001
1.40001
1.40001
1.40001
1.40001
1.40001
1.40001
1.40001
1.40001
1.40001
1.40001
1.40001
1.40001
1.40001
1.40001
1.40001
1.40001
1.40001
1.40001
1.40001
1.40001
1.40001
1.40001
1.40001
1.40001
1.40001
1.40001
1.40001
1.40001
1.40001
1.40001
1.40001
1.40001
1.40001
1.40001
1.40001
1.40001
1.40001
1.40001
1.40001
1.40001
1.40001
1.40001
1.40001
1.40001
1.40001
1.40001
1.40001
1.40001
1.40001
1.40001
1.40001
1.40001
1.40001
1.40001
1.40001
1.40001
1.40001
1.40001
1.40001
1.40001
1.40001
1.40001
1.40001
1.40001
1.40001
1.40001
1.40001
1.40001
1.40001
1.40001
1.40001
1.40001
1.40001
1.40001
1.40001
1.40001
1.40001
1.40001
1.40001
1.40001
1.40001
1.40001
1.40001
1.40001
1.40001
1.40001
1.40001
1.40001
1.40001
1.40001
1.40001
1.40001
1.40001
1.40001
1.40001
1.40001
1.40001
1.40001
1.40001
1.40001
1.40001
1.40001
1.40001
1.40001
1.40001
1.40001
1.40001
1.40001
1.40001
1.40001
1.40001
1.40001
1.40001
1.40001
1.40001
1.40001
1.40001
1.40001
1.40001
1.40001
1.40001
1.40001
1.40001
1.40001
1.40001
1.40001
1.40001
1.40001
1.40001
1.40001
1.40001
1.40001
1.40001
1.40001
1.40001
1.40001
1.40001
1.40001
1.40001
1.40001
1.40001
1.40001
1.40001
1.40001
1.40001
1.40001
1.40001
1.40001
1.40001
1.40001
1.40001
1.40001
1.40001
1.40001
1.40001
1.40001
1.40001
1.40001
1.40001
1.40001
1.40001
1.40001
1.40001
1.40001
1.40001
1.40001
1.40001
1.40001
1.40001
1.40001
1.40001
1.40001
1.40001
1.40001
1.40001
1.40001
1.40001
1.40001
1.40001
1.40001
1.40001
1.40001
1.40001
1.40001
1.40001
1.40001
1.40001
1.40001
1.40001
1.40001
1.40001
1.40001
1.40001
1.40001
1.40001
1.40001
1.40001
1.40001
1.40001
1.40001
1.40001
1.40001
1.40001
1.40001
1.40001
1.40001
1.40001
1.40001
1.40001
1.40001
1.40001
1.40001
1.40001
1.40001
1.40001
1.40001
1.40001
1.40001
1.40001
1.40001
1.40001
1.40001
1.40001
1.40001
1.40001
1.40001
1.40001
1.40001
1.40001
1.40001
1.40001
1.40001
1.40001
1.40001
1.40001
1.40001
1.40001
1.40001
1.40001
1.40001
1.40001
1.40001
1.40001
1.40001
1.40001
1.40001
1.40001
1.40001
1.40001
1.40001
1.40001
1.40001
1.40001
1.40001
1.40001
1.40001
1.40001
1.40001
1.40001
1.40001
1.40001
1.40001
1.40001
1.40001
1.40001
1.40001
1.40001
1.40001
1.40001
1.40001
1.40001
1.40001
1.40001
1.40001
1.40001
1.40001
1.40001
1.40001
1.40001
1.40001
1.40001
1.40001
1.40001
1.40001
1.40001
1.40001
1.40001
1.40001
1.40001
1.40001
1.40001
1.40001
1.40001
1.40001
1.40001
1.40001
1.40001
1.40001
1.40001
1.40001
1.40001
1.40001
1.40001
1.40001
1.40001
1.40001
1.40001
1.40001
1.40001
1.40001
1.40001
1.40001
1.40001
1.40001
1.40001
1.40001
1.40001
1.40001
1.40001
1.40001
1.40001
1.40001
1.40001
1.40001
1.40001
1.40001
1.40001
1.40001
1.40001
1.40001
1.40001
1.40001
1.40001
1.40001
1.40001
1.40001
1.40001
1.40001
1.40001
1.40001
1.40001
1.40001
1.40001
1.40001
1.40001
1.40001
1.40001
1.40001
1.40001
1.40001
1.40001
1.40001
1.40001
1.40001
1.40001
1.40001
1.40001
1.40001
1.40001
1.40001
1.40001
1.40001
1.40001
1.40001
1.40001
1.40001
1.40001
1.40001
1.40001
1.40001
1.40001
1.40001
1.40001
1.40001
1.40001
1.40001
1.40001
1.40001
1.40001
1.40001
1.40001
1.40001
1.40001
1.40001
1.40001
1.40001
1.40001
1.40001
1.40001
1.40001
1.40001
1.40001
1.40001
1.40001
1.40001
1.40001
1.40001
1.40001
1.40001
1.40001
1.40001
1.40001
1.40001
1.40001
1.40001
1.40001
1.40001
1.40001
1.40001
1.40001
1.40001
1.40001
1.40001
1.40001
1.40001
1.40001
1.40001
1.40001
1.40001
1.40001
1.40001
1.40001
1.40001
1.40001
1.40001
1.40001
1.40001
1.40001
1.40001
1.40001
1.40001
1.40001
1.40001
1.40001
1.40001
1.40001
1.40001
1.40001
1.40001
1.40001
1.40001
1.40001
1.40001
1.40001
1.40001
1.40001
1.40001
1.40001
1.40001
1.40001
1.40001
1.40001
1.40001
1.40001
1.40001
1.40001
1.40001
1.40001
1.40001
1.40001
1.40001
1.40001
1.40001
1.40001
1.40001
1.40001
1.40001
1.40001
1.40001
1.40001
1.40001
1.40001
1.40001
1.40001
1.40001
1.40001
1.40001
1.40001
1.40001
1.40001
1.40001
1.40001
1.40001
1.40001
1.40001
1.40001
1.40001
1.40001
1.40001
1.40001
1.40001
1.40001
1.40001
1.40001
1.40001
1.40001
1.40001
1.40001
1.40001
1.40001
1.40001
1.40001
1.40001
1.40001
1.40001
1.40001
1.40001
1.40001
1.40001
1.40001
1.40001
1.40001
1.40001
1.40001
1.40001
1.40001
1.40001
1.40001
1.40001
1.40001
1.40001
1.40001
1.40001
1.40001
1.40001
1.40001
1.40001
1.40001
1.40001
1.40001
1.40001
1.40001
1.40001
1.40001
1.40001
1.40001
1.40001
1.40001
1.40001
1.40001
1.40001
1.40001
1.40001
1.40001
1.40001
1.40001
1.40001
1.40001
1.40001
1.40001
1.40001
1.40001
1.40001
1.40001
1.40001
1.40001
1.40001
1.40001
1.40001
1.40001
1.40001
1.40001
1.40001
1.40001
1.40001
1.40001
1.40001
1.40001
1.40001
1.40001
1.40001
1.40001
1.40001
1.40001
1.40001
1.40001
1.40001
1.40001
1.40001
1.40001
1.40001
1.40001
1.40001
1.40001
1.40001
1.40001
1.40001
1.40001
1.40001
1.40001
1.40001
1.40001
1.40001
1.40001
1.40001
1.40001
1.40001
1.40001
1.40001
1.40001
1.40001
1.40001
1.40001
1.40001
1.40001
1.40001
1.40001
1.40001
1.40001
1.40001
1.40001
1.40001
1.40001
1.40001
1.40001
1.40001
1.40001
1.40001
1.40001
1.40001
1.40001
1.40001
1.40001
1.40001
1.40001
1.40001
1.40001
1.40001
1.40001
1.40001
1.40001
1.40001
1.40001
1.40001
1.40001
1.40001
1.40001
1.40001
1.40001
1.40001
1.40001
1.40001
1.40001
1.40001
1.40001
1.40001
1.40001
1.40001
1.40001
1.40001
1.40001
1.40001
1.40001
1.40001
1.40001
1.40001
1.40001
1.40001
1.40001
1.40001
1.40001
1.40001
1.40001
1.40001
1.40001
1.40001
1.40001
1.40001
1.40001
1.40001
1.40001
1.40001
1.40001
1.40001
1.40001
1.40001
1.40001
1.40001
1.40001
1.40001
1.40001
1.40001
1.40001
1.40001
1.40001
1.40001
1.40001
1.40001
1.40001
1.40001
1.40001
1.40001
1.40001
1.40001
1.40001
1.40001
1.40001
1.40001
1.40001
1.40001
1.40001
1.40001
1.40001
1.40001
1.40001
1.40001
1.40001
1.40001
1.40001
1.40001
1.40001
1.40001
1.40001
1.40001
1.40001
1.40001
1.40001
1.40001
1.40001
1.40001
1.40001
1.40001
1.40001
1.40001
1.40001
1.40001
1.40001
1.40001
1.40001
1.40001
1.40001
1.40001
1.40001
1.40001
1.40001
1.40001
1.40001
1.40001
1.40001
1.40001
1.40001
1.40001
1.40001
1.40001
1.40001
1.40001
1.40001
1.40001
1.40001
1.40001
1.40001
1.40001
1.40001
1.40001
1.40001
1.40001
1.40001
1.40001
1.40001
1.40001
1.40001
1.40001
1.40001
1.40001
1.40001
1.40001
1.40001
1.40001
1.40001
1.40001
1.40001
1.40001
1.40001
1.40001
1.40001
1.40001
1.40001
1.40001
1.40001
1.40001
1.40001
1.40001
1.40001
1.40001
1.40001
1.40001
1.40001
1.40001
1.40001
1.40001
1.40001
1.40001
1.40001
1.40001
1.40001
1.40001
1.40001
1.40001
1.40001
1.40001
1.40001
1.40001
1.40001
1.40001
1.40001
1.40001
1.40001
1.40001
1.40001
1.40001
1.40001
1.40001
1.40001
1.40001
1.40001
1.40001
1.40001
1.40001
1.40001
1.40001
1.40001
1.40001
1.40001
1.40001
1.40001
1.40001
1.40001
1.40001
1.40001
1.40001
1.40001
1.40001
1.40001
1.40001
1.40001
1.40001
1.40001
1.40001
1.40001
1.40001
1.40001
1.40001
1.40001
1.40001
1.40001
1.40001
1.40001
1.40001
1.40001
1.40001
1.40001
1.40001
1.40001
1.40001
1.40001
1.40001
1.40001
1.40001
1.40001
1.40001
1.40001
1.40001
1.40001
1.40001
1.40001
1.40001
1.40001
1.40001
1.40001
1.40001
1.40001
1.40001
1.40001
1.40001
1.40001
1.40001
1.40001
1.40001
1.40001
1.40001
1.40001
1.40001
1.40001
1.40001
1.40001
1.40001
1.40001
1.40001
1.40001
1.40001
1.40001
1.40001
1.40001
1.40001
1.40001
1.40001
1.40001
1.40001
1.40001
1.40001
1.40001
1.40001
1.40001
1.40001
1.40001
1.40001
1.40001
1.40001
1.40001
1.40001
1.40001
1.40001
1.40001
1.40001
1.40001
1.40001
1.40001
1.40001
1.40001
1.40001
1.40001
1.40001
1.40001
1.40001
1.40001
1.40001
1.40001
1.40001
1.40001
1.40001
1.40001
1.40001
1.40001
1.40001
1.40001
1.40001
1.40001
1.40001
1.40001
1.40001
1.40001
1.40001
1.40001
1.40001
1.40001
1.40001
1.40001
1.40001
1.40001
1.40001
1.40001
1.40001
1.40001
1.40001
1.40001
1.40001
1.40001
1.40001
1.40001
1.40001
1.40001
1.40001
1.40001
1.40001
1.40001
1.40001
1.40001
1.40001
1.40001
1.40001
1.40001
1.40001
1.40001
1.40001
1.40001
1.40001
1.40001
1.40001
1.40001
1.40001
1.40001
1.40001
1.40001
1.40001
1.40001
1.40001
1.40001
1.40001
1.40001
1.40001
1.40001
1.40001
1.40001
1.40001
1.40001
1.40001
1.40001
1.40001
1.40001
1.40001
1.40001
1.40001
1.40001
1.40001
1.40001
1.40001
1.40001
1.40001
1.40001
1.40001
1.40001
1.40001
1.40001
1.40001
1.40001
1.40001
1.40001
1.40001
1.40001
1.40001
1.40001
1.40001
1.40001
1.40001
1.40001
1.40001
1.40001
1.40001
1.40001
1.40001
1.40001
1.40001
1.40001
1.40001
1.40001
1.40001
1.40001
1.40001
1.40001
1.40001
1.40001
1.40001
1.40001
1.40001
1.40001
1.40001
1.40001
1.40001
1.40001
1.40001
1.40001
1.40001
1.40001
1.40001
1.40001
1.40001
1.40001
1.40001
1.40001
1.40001
1.40001
1.40001
1.40001
1.40001
1.40001
1.40001
1.40001
1.40001
1.40001
1.40001
1.40001
1.40001
1.40001
1.40001
1.40001
1.40001
1.40001
1.40001
1.40001
1.40001
1.40001
1.40001
1.40001
1.40001
1.40001
1.40001
1.40001
1.40001
1.40001
1.40001
1.40001
1.40001
1.40001
1.40001
1.40001
1.40001
1.40001
1.40001
1.40001
1.40001
1.40001
1.40001
1.40001
1.40001
1.40001
1.40001
1.40001
1.40001
1.40001
1.40001
1.40001
1.40001
1.40001
1.40001
1.40001
1.40001
1.40001
1.40001
1.40001
1.40001
1.40001
1.40001
1.40001
1.40001
1.40001
1.40001
1.40001
1.40001
1.40001
1.40001
1.40001
1.40001
1.40001
1.40001
1.40001
1.40001
1.40001
1.40001
1.40001
1.40001
1.40001
1.40001
1.40001
1.40001
1.40001
1.40001
1.40001
1.40001
1.40001
1.40001
1.40001
1.40001
1.40001
1.40001
1.40001
1.40001
1.40001
1.40001
1.40001
1.40001
1.40001
1.40001
1.40001
1.40001
1.40001
1.40001
1.40001
1.40001
1.40001
1.40001
1.40001
1.40001
1.40001
1.40001
1.40001
1.40001
1.40001
1.40001
1.40001
1.40001
1.40001
1.40001
1.40001
1.40001
1.40001
1.40001
1.40001
1.40001
1.40001
1.40001
1.40001
1.40001
1.40001
1.40001
1.40001
1.40001
1.40001
1.40001
1.40001
1.40001
1.40001
1.40001
1.40001
1.40001
1.40001
1.40001
1.40001
1.40001
1.40001
1.40001
1.40001
1.40001
1.40001
1.40001
1.40001
1.40001
1.40001
1.40001
1.40001
1.40001
1.40001
1.40001
1.40001
1.40001
1.40001
1.40001
1.40001
1.40001
1.40001
1.40001
1.40001
1.40001
1.40001
1.40001
1.40001
1.40001
1.40001
1.40001
1.40001
1.40001
1.40001
1.40001
1.40001
1.40001
1.40001
1.40001
1.40001
1.40001
1.40001
1.40001
1.40001
1.40001
1.40001
1.40001
1.40001
1.40001
1.40001
1.40001
1.40001
1.40001
1.40001
1.4
1.40001
1.40001
1.40001
1.40001
1.40001
1.40001
1.40001
1.40001
1.40001
1.40001
1.40001
1.40001
1.40001
1.40001
1.40001
1.40001
1.40001
1.40001
1.40001
1.40001
1.40001
1.40001
1.40001
1.40001
1.40001
1.40001
1.40001
1.40001
1.40001
1.40001
1.40001
1.40001
1.40001
1.40001
1.40001
1.40001
1.40001
1.40001
1.40001
1.40001
1.40001
1.40001
1.40001
1.40001
1.40001
1.40001
1.40001
1.40001
1.40001
1.40001
1.40001
1.40001
1.40001
1.40001
1.40001
1.40001
1.40001
1.40001
1.40001
1.40001
1.40001
1.40001
1.40001
1.40001
1.40001
1.40001
1.40001
1.40001
1.40001
1.40001
1.40001
1.40001
1.40001
1.40001
1.40001
1.40001
1.40001
1.40001
1.40001
1.40001
1.40001
1.40001
1.40001
1.40001
1.40001
1.40001
1.40001
1.40001
1.40001
1.40001
1.40001
1.40001
1.40001
1.40001
1.40001
1.40012
1.40023
1.40012
1.40008
1.40005
1.40004
1.40002
1.40002
1.40001
1.40001
1.40001
1.40001
1.40001
1.40001
1.40001
1.40001
1.40001
1.40001
1.40001
1.40001
1.40001
1.40001
1.40001
1.40001
1.40001
1.40001
1.40001
1.40001
1.40001
1.40001
1.40001
1.40001
1.40001
1.40001
1.40001
1.40001
1.40001
1.40001
1.40001
1.40001
1.40001
1.40001
1.40001
1.40001
1.40001
1.40001
1.40001
1.40001
1.40001
1.40001
1.40001
1.40001
1.40001
1.40001
1.40001
1.40001
1.40001
1.40001
1.40001
1.40001
1.40001
1.40001
1.40001
1.40001
1.40001
1.40001
1.40001
1.40001
1.40001
1.40001
1.40001
1.40001
1.40001
1.40001
1.40001
1.40001
1.40001
1.40001
1.40001
1.40001
1.40001
1.40001
1.40001
1.40001
1.40001
1.40001
1.40001
1.40001
1.40001
1.40001
1.40001
1.40001
1.40001
1.40001
1.40001
1.40001
1.42797
1.42393
1.41785
1.41433
1.41053
1.40805
1.40616
1.40447
1.40333
1.40244
1.40171
1.40126
1.4009
1.4006
1.40044
1.40031
1.40019
1.40014
1.4001
1.40006
1.40004
1.40003
1.40002
1.40001
1.40001
1.40001
1.40001
1.40001
1.40001
1.40001
1.40001
1.40001
1.40001
1.40001
1.40001
1.40001
1.40001
1.40001
1.40001
1.40001
1.40001
1.40001
1.40001
1.40001
1.40001
1.40001
1.40001
1.40001
1.40001
1.40001
1.40001
1.40001
1.40001
1.40001
1.40001
1.40001
1.40001
1.40001
1.40001
1.40001
1.40001
1.40001
1.40001
1.40001
1.40001
1.40001
1.40001
1.40001
1.40001
1.40001
1.40001
1.40001
1.40001
1.40001
1.40001
1.40001
1.40001
1.40001
1.40001
1.40001
1.40001
1.40001
1.40001
1.40001
1.40001
1.40001
1.40001
1.40001
1.40001
1.40001
1.40001
1.40001
1.40001
1.40001
1.40001
1.40001
1.73753
1.71031
1.66774
1.64454
1.61673
1.58541
1.56199
1.54063
1.51952
1.50111
1.48413
1.47049
1.45862
1.44676
1.43821
1.43153
1.42427
1.41909
1.41569
1.4118
1.40865
1.40696
1.40537
1.40375
1.40277
1.40214
1.40155
1.40107
1.40078
1.40057
1.40039
1.40027
1.4002
1.40015
1.40009
1.40007
1.40005
1.40004
1.40003
1.40002
1.40002
1.40001
1.40001
1.40001
1.40001
1.40001
1.40001
1.40001
1.40001
1.40001
1.40001
1.40001
1.40001
1.40001
1.40001
1.40001
1.40001
1.40001
1.40001
1.40001
1.40001
1.40001
1.40001
1.40001
1.40001
1.40001
1.40001
1.40001
1.40001
1.40001
1.40001
1.40001
1.40001
1.40001
1.40001
1.40001
1.40001
1.40001
1.40001
1.40001
1.40001
1.40001
1.40001
1.40001
1.40001
1.40001
1.40001
1.40001
1.40001
1.40001
1.40001
1.40001
1.40001
1.40001
1.40001
1.40001
2.21253
2.20851
2.16373
2.13509
2.12014
2.09771
2.04901
2.01924
1.99937
1.96589
1.91501
1.88751
1.86012
1.81646
1.7773
1.7531
1.71931
1.6797
1.65544
1.62972
1.59522
1.57138
1.55341
1.53089
1.50802
1.49327
1.48023
1.46536
1.45278
1.44427
1.43655
1.42846
1.42287
1.41908
1.41475
1.41119
1.40916
1.40732
1.4055
1.40431
1.4034
1.40256
1.40199
1.40157
1.40116
1.40085
1.40067
1.40052
1.40036
1.40027
1.40021
1.40016
1.40011
1.40008
1.40007
1.40005
1.40003
1.40003
1.40002
1.40001
1.40001
1.40001
1.40001
1.40001
1.40001
1.40001
1.40001
1.40001
1.40001
1.40001
1.40001
1.40001
1.40001
1.40001
1.40001
1.40001
1.40001
1.40001
1.40001
1.40001
1.40001
1.40001
1.40001
1.40001
1.40001
1.40001
1.40001
1.40001
1.40001
1.40001
1.40001
1.40001
1.40001
1.40001
1.40001
1.40001
2.34823
2.35056
2.34781
2.34104
2.33976
2.33944
2.32866
2.32082
2.31938
2.31262
2.29128
2.28245
2.27923
2.2581
2.22794
2.21782
2.21119
2.17386
2.13979
2.12671
2.10759
2.05687
2.0287
2.01254
1.97927
1.92853
1.90512
1.88032
1.83367
1.79691
1.77559
1.74181
1.69695
1.67405
1.6517
1.61452
1.58644
1.56966
1.55022
1.52511
1.50892
1.49614
1.48232
1.46978
1.46016
1.45089
1.44232
1.43632
1.43085
1.42514
1.4207
1.41751
1.41446
1.41166
1.40968
1.40784
1.40611
1.40508
1.40423
1.40321
1.40243
1.40203
1.40165
1.40119
1.40091
1.40075
1.40057
1.40039
1.4003
1.40025
1.40017
1.40011
1.40009
1.40007
1.40005
1.40003
1.40002
1.40002
1.40001
1.40001
1.40001
1.40001
1.40001
1.40001
1.40001
1.40001
1.40001
1.40001
1.40001
1.40001
1.40001
1.40001
1.40001
1.40001
1.40001
1.40001
2.40716
2.41019
2.41255
2.41431
2.4161
2.41785
2.41892
2.4198
2.421
2.42177
2.42167
2.42131
2.42171
2.42125
2.41558
2.41321
2.41334
2.40718
2.39749
2.39518
2.39349
2.37632
2.36392
2.36209
2.35553
2.32824
2.31698
2.31533
2.30173
2.27015
2.25899
2.2518
2.22215
2.1842
2.16863
2.15017
2.10581
2.06405
2.04352
2.0178
1.96921
1.92873
1.90497
1.87667
1.83982
1.80711
1.7802
1.7505
1.72324
1.69935
1.6718
1.64572
1.62621
1.60555
1.58391
1.56607
1.54802
1.53107
1.51855
1.50559
1.49036
1.47917
1.47157
1.46179
1.45201
1.44546
1.43971
1.4331
1.42781
1.42423
1.42025
1.41615
1.41343
1.41152
1.40931
1.40715
1.40572
1.40469
1.40366
1.40278
1.40211
1.40157
1.40115
1.40088
1.40064
1.40039
1.40025
1.40018
1.40012
1.40006
1.40003
1.40002
1.40001
1.40001
1.40001
1.40001
2.35881
2.35996
2.36207
2.36187
2.36408
2.36986
2.37351
2.37386
2.37335
2.37502
2.38091
2.38415
2.38476
2.38898
2.39089
2.38862
2.38914
2.39243
2.39947
2.40176
2.39918
2.39808
2.39852
2.39762
2.39019
2.38634
2.38366
2.3748
2.36472
2.35811
2.34825
2.3371
2.33132
2.32281
2.31399
2.3081
2.30137
2.28963
2.2815
2.27989
2.27277
2.24639
2.23328
2.23042
2.21855
2.18676
2.17425
2.16796
2.14818
2.11553
2.10439
2.0944
2.06141
2.03481
2.02736
2.01217
1.96787
1.94772
1.93885
1.91667
1.87323
1.85591
1.84426
1.816
1.78273
1.76876
1.75221
1.7183
1.6985
1.68625
1.66521
1.63356
1.6189
1.60682
1.58962
1.5639
1.549
1.53603
1.52268
1.50783
1.49438
1.48097
1.46926
1.46183
1.45419
1.44205
1.4327
1.42818
1.42357
1.41632
1.41085
1.40795
1.40544
1.40278
1.40122
1.40053
2.28948
2.28985
2.29253
2.2946
2.30109
2.30613
2.30949
2.31058
2.31044
2.31109
2.31793
2.33131
2.33729
2.34031
2.34316
2.34527
2.34671
2.35111
2.36321
2.37739
2.38851
2.3987
2.40984
2.42072
2.43068
2.44236
2.45799
2.47531
2.49049
2.50243
2.51375
2.52763
2.54512
2.55693
2.56792
2.58135
2.59649
2.60288
2.61045
2.62366
2.63038
2.63229
2.63797
2.64364
2.64137
2.63899
2.64677
2.64963
2.64434
2.63369
2.63219
2.63567
2.62676
2.60707
2.60292
2.605
2.59162
2.56326
2.55318
2.55219
2.53568
2.49943
2.4809
2.47194
2.46113
2.42491
2.39554
2.37817
2.36553
2.3399
2.29762
2.27369
2.25638
2.23343
2.18679
2.15675
2.13484
2.1107
2.06384
2.02826
2.00157
1.97525
1.93033
1.889
1.85719
1.82613
1.78607
1.74139
1.70538
1.66778
1.62912
1.58554
1.54601
1.50567
1.46687
1.43582
1.40001
1.40001
1.40001
1.40001
1.40001
1.40001
1.40001
1.40001
1.40001
1.40001
1.40001
1.40001
1.40001
1.40001
1.40001
1.40001
1.40001
1.40001
1.40001
1.40001
1.40001
1.40001
1.40001
1.40001
1.40001
1.40001
1.40001
1.40001
1.40001
1.40001
1.40001
1.40001
1.40001
1.40001
1.40001
1.40001
1.40001
1.40001
1.40001
1.40001
1.40001
1.40001
1.40001
1.40001
1.40001
1.40001
1.40001
1.40001
1.40001
1.40001
1.40001
1.40001
1.40001
1.40001
1.40001
1.40001
1.40001
1.40001
1.40001
1.40001
1.40001
1.40001
1.40001
1.40001
1.40001
1.40001
1.40001
1.40001
1.40001
1.40001
1.40001
1.40001
1.40001
1.40001
1.40001
1.40001
1.40001
1.40001
1.40001
1.40001
1.40001
1.40001
1.40001
1.40001
1.40001
1.40001
1.40001
1.40001
1.40001
1.40001
1.40001
1.40001
1.40001
1.40001
1.40001
1.40001
1.40001
1.40001
1.40001
1.40001
1.40001
1.40001
1.40001
1.40001
1.40001
1.40001
1.40001
1.40001
1.40001
1.40001
1.40001
1.40001
1.40001
1.40001
1.40001
1.40001
1.40001
1.40001
1.40001
1.40001
1.40001
1.40001
1.40001
1.40001
1.40001
1.40001
1.40001
1.40001
1.40001
1.40001
1.40001
1.40001
1.40001
1.40001
1.40001
1.40001
1.40001
1.40001
1.40001
1.40001
1.40001
1.40001
1.40001
1.40001
1.40001
1.40001
1.40001
1.40001
1.40001
1.40001
1.40001
1.40001
1.40001
1.40001
1.40001
1.40001
1.40001
1.40001
1.40001
1.40001
1.40001
1.40001
1.40001
1.40001
1.40001
1.40001
1.40001
1.40001
1.40001
1.40001
1.40001
1.40001
1.40001
1.40001
1.40001
1.40001
1.40001
1.40001
1.40001
1.40001
1.40001
1.40001
1.40001
1.40001
1.40001
1.40001
1.40001
1.40001
1.40001
1.40001
1.40001
1.40001
1.40001
1.40001
1.40001
1.40001
1.40001
1.40001
1.40001
1.40001
1.40001
1.40001
1.40001
1.40001
1.40001
1.40001
1.40001
1.40001
1.40001
1.40001
1.40001
1.40001
1.40001
1.40001
1.40001
1.40001
1.40001
1.40001
1.40001
1.40001
1.40001
1.40001
1.40001
1.40001
1.40001
1.40001
1.40001
1.40001
1.40001
1.40001
1.40001
1.40001
1.40001
1.40001
1.40001
1.40001
1.40001
1.40001
1.40001
1.40001
1.40001
1.40001
1.40001
1.40001
1.40001
1.40001
1.40001
1.40001
1.40001
1.40001
1.40001
1.40001
1.40001
1.40001
1.40001
1.40001
1.40001
1.40001
1.40001
1.40001
1.40001
1.40001
1.40001
1.40001
1.40001
1.40001
1.40001
1.40001
1.40001
1.40001
1.40001
1.40001
1.40001
1.40001
1.40001
1.40001
1.40001
1.40001
1.40001
1.40001
1.40001
1.40001
1.40001
1.40001
1.40001
1.40001
1.40001
1.40001
1.40001
1.40001
1.40001
1.40001
1.40001
1.40001
1.40001
1.40001
1.40001
1.40001
1.40001
1.40001
1.40001
1.40001
1.40001
1.40001
1.40001
1.40001
1.40001
1.40001
1.40001
1.40001
1.40001
1.40001
1.40001
1.40001
1.40001
1.40001
1.40001
1.40001
1.40001
1.40001
1.40001
1.40001
1.40001
1.40001
1.40001
1.40001
1.40001
1.40001
1.40001
1.40001
1.40001
1.40001
1.40001
1.40001
1.40001
1.40001
1.40001
1.40001
1.40001
1.40001
1.40001
1.40001
1.40001
1.40001
1.40001
1.40001
1.40001
1.40001
1.40001
1.40001
1.40001
1.40001
1.40001
1.40001
1.40001
1.40001
1.40001
1.40001
1.40001
1.40001
1.40001
1.40001
1.40001
1.40001
1.40001
1.40001
1.40001
1.40001
1.40001
1.40001
1.40001
1.40001
1.40001
1.40001
1.40001
1.40001
1.40001
1.40001
1.40001
1.40001
1.40001
1.40001
1.40001
1.40001
1.40001
1.40001
1.40001
1.40001
1.40001
1.40001
1.40001
1.40001
1.40001
1.40001
1.40001
1.40001
1.40001
1.40001
1.40001
1.40001
1.40001
1.40001
1.40001
1.40001
1.40001
1.40001
1.40001
1.40001
1.40001
1.40001
1.40001
1.40001
1.40001
1.40001
1.40001
1.40001
1.40001
1.40001
1.40001
1.40001
1.40001
1.40001
1.40001
1.40001
1.40001
1.40001
1.40001
1.40001
1.40001
1.40001
1.40001
1.40001
1.40001
1.40001
1.40001
1.40001
1.40001
1.40001
1.40001
1.40001
1.40001
1.40001
1.40001
1.40001
1.40001
1.40001
1.40001
1.40001
1.40001
1.40001
1.40001
1.40001
1.40001
1.40001
1.40001
1.40001
1.40001
1.40001
1.40001
1.40001
1.40001
1.40001
1.40001
1.40001
1.40001
1.40001
1.40001
1.40001
1.40001
1.40001
1.40001
1.40001
1.40001
1.40001
1.40001
1.40001
1.40001
1.40001
1.40001
1.40001
1.40001
1.40001
1.40001
1.40001
1.40001
1.40001
1.40001
1.40001
1.40001
1.40001
1.40001
1.40001
1.40001
1.40001
1.40001
1.40001
1.40001
1.40001
1.40001
1.40001
1.40001
1.40001
1.40001
1.40001
1.40001
1.40001
1.40001
1.40001
1.40001
1.40001
1.40001
1.40001
1.40001
1.40001
1.40001
1.40001
1.40001
1.40001
1.40001
1.40001
1.40001
1.40001
1.40001
1.40001
1.40001
1.40001
1.40001
1.40001
1.40001
1.40001
1.40001
1.40001
1.40001
1.40001
1.40001
1.40001
1.40001
1.40001
1.40001
1.40001
1.40001
1.40001
1.40001
1.40001
1.40001
1.40001
1.40001
1.40001
1.40001
1.40001
1.40001
1.40001
1.40001
1.40001
1.40001
1.40001
1.40001
1.40001
1.40001
1.40001
1.40001
1.40001
1.40001
1.40001
1.40001
1.40001
1.40001
1.40001
1.40001
1.40001
1.40001
1.40001
1.40001
1.40001
1.40001
1.40001
1.40001
1.40001
1.40001
1.40001
1.40001
1.40001
1.40001
1.40001
1.40001
1.40001
1.40001
1.40001
1.40001
1.40001
1.40001
1.40001
1.40001
1.40001
1.40001
1.40001
1.40001
1.40001
1.40001
1.40001
1.40001
1.40001
1.40001
1.40001
1.40001
1.40001
1.40001
1.40001
1.40001
1.40001
1.40001
1.40001
1.40001
1.40001
1.40001
1.40001
1.40001
1.40001
1.40001
1.40001
1.40001
1.40001
1.40001
1.40001
1.40001
1.40001
1.40001
1.40001
1.40001
1.40001
1.40001
1.40001
1.40001
1.40001
1.40001
1.40001
1.40001
1.40001
1.40001
1.40001
1.40001
1.40001
1.40001
1.40001
1.40001
1.40001
1.40001
1.40001
1.40001
1.40001
1.40001
1.40001
1.40001
1.40001
1.40001
1.40001
1.40001
1.40001
1.40001
1.40001
1.40001
1.40001
1.40001
1.40001
1.40001
1.40001
1.40001
1.40001
1.40001
1.40001
1.40001
1.40001
1.40001
1.40001
1.40001
1.40001
1.40001
1.40001
1.40001
1.40001
1.40001
1.40001
1.40001
1.40001
1.40001
1.40001
1.40001
1.40001
1.40001
1.40001
1.40001
1.40001
1.40001
1.40001
1.40001
1.40001
1.40001
1.40001
1.40001
1.40001
1.40001
1.40001
1.40001
1.40001
1.40001
1.40001
1.40001
1.40001
1.40001
1.40001
1.40001
1.40001
1.40001
1.40001
1.40001
1.40001
1.40001
1.40001
1.40001
1.40001
1.40001
1.40001
1.40001
1.40001
1.40001
1.40001
1.40001
1.40001
1.40001
1.40001
1.40001
1.40001
1.40001
1.40001
1.40001
1.40001
1.40001
1.40001
1.40001
1.40001
1.40001
1.40001
1.40001
1.40001
1.40001
1.40001
1.40001
1.40001
1.40001
1.40001
1.40001
1.40001
1.40001
1.40001
1.40001
1.40001
1.40001
1.40001
1.40001
1.40001
1.40001
1.40001
1.40001
1.40001
1.40001
1.40001
1.40001
1.40001
1.40001
1.40001
1.40001
1.40001
1.40001
1.40001
1.40001
1.40001
1.40001
1.40001
1.40001
1.40001
1.40001
1.40001
1.40001
1.40001
1.40001
1.40001
1.40001
1.40001
1.40001
1.40001
1.40001
1.40001
1.40001
1.40001
1.40001
1.40001
1.40001
1.40001
1.40001
1.40001
1.40001
1.40001
1.40001
1.40001
1.40001
1.40001
1.40001
1.40001
1.40001
1.40001
1.40001
1.40001
1.40001
1.40001
1.40001
1.40001
1.40001
1.40001
1.40001
1.40001
1.40001
1.40001
1.40001
1.40001
1.40001
1.40001
1.40001
1.40001
1.40001
1.40001
1.40001
1.40001
1.40001
1.40001
1.40001
1.40001
1.40001
1.40001
1.40001
1.40001
1.40001
1.40001
1.40001
1.40001
1.40001
1.40001
1.40001
1.40001
1.40001
1.40001
1.40001
1.40001
1.40001
1.40001
1.40001
1.40001
1.40001
1.40001
1.40001
1.40001
1.40001
1.40001
1.40001
1.40001
1.40001
1.40001
1.40001
1.40001
1.40001
1.40001
1.40001
1.40001
1.40001
1.40001
1.40001
1.40001
1.40001
1.40001
1.40001
1.40001
1.40001
1.40001
1.40001
1.40001
1.40001
1.40001
1.40001
1.40001
1.40001
1.40001
1.40001
1.40001
1.40001
1.40001
1.40001
1.40001
1.40001
1.40001
1.40001
1.40001
1.40001
1.40001
1.40001
1.40001
1.40001
1.40001
1.40001
1.40001
1.40001
1.40001
1.40001
1.40001
1.40001
1.40001
1.40001
1.40001
1.40001
1.40001
1.40001
1.40001
1.40001
1.40001
1.40001
1.40001
1.40001
1.40001
1.40001
1.40001
1.40001
1.40001
1.40001
1.40001
1.40001
1.40001
1.40001
1.40001
1.40001
1.40001
1.40001
1.40001
1.40001
1.40001
1.40001
1.40001
1.40001
1.40001
1.40001
1.40001
1.40001
1.40001
1.40001
1.40001
1.40001
1.40001
1.40001
1.40001
1.40001
1.40001
1.40001
1.40001
1.40001
1.40001
1.40001
1.40001
1.40001
1.40001
1.40001
1.40001
1.40001
1.40001
1.40001
1.40001
1.40001
1.40001
1.40001
1.40001
1.40001
1.40001
1.40001
1.40001
1.40001
1.40001
1.40001
1.40001
1.40001
1.40001
1.40001
1.40001
1.40001
1.40001
1.40001
1.40001
1.40001
1.40001
1.40001
1.40001
1.40001
1.40001
1.40001
1.40001
1.40001
1.40001
1.40001
1.40001
1.40001
1.40001
1.40001
1.40001
1.40001
1.40001
1.40001
1.40001
1.40001
1.40001
1.40001
1.40001
1.40001
1.40001
1.40001
1.40001
1.40001
1.40001
1.40001
1.40001
1.40001
1.40001
1.40001
1.40001
1.40001
1.40001
1.40001
1.40001
1.40001
1.40001
1.40001
1.40001
1.40001
1.40001
1.40001
1.40001
1.40001
1.40001
1.40001
1.40001
1.40001
1.40001
1.40001
1.40001
1.40001
1.40001
1.40001
1.40001
1.40001
1.40001
1.40001
1.40001
1.40001
1.40001
1.40001
1.40001
1.40001
1.40001
1.40001
1.40001
1.40001
1.40001
1.40001
1.40001
1.40001
1.40001
1.40001
1.40001
1.40001
1.40001
1.40001
1.40001
1.40001
1.40001
1.40001
1.40001
1.40001
1.40001
1.40001
1.40001
1.40001
1.40001
1.40001
1.40001
1.40001
1.40001
1.40001
1.40001
1.40001
1.40001
1.40001
1.40001
1.40001
1.40001
1.40001
1.40001
1.40001
1.40001
1.40001
1.40001
1.40001
1.40001
1.40001
1.40001
1.40001
1.40001
1.40001
1.40001
1.40001
1.40001
1.40001
1.40001
1.40001
1.40001
1.40001
1.40001
1.40001
1.40001
1.40001
1.40001
1.40001
1.40001
1.40001
1.40001
1.40001
1.40001
1.40001
1.40001
1.40001
1.40001
1.40001
1.40001
1.40001
1.40001
1.40001
1.40001
1.40001
1.40001
1.40001
1.40001
1.40001
1.40001
1.40001
1.40001
1.40001
1.40001
1.40001
1.40001
1.40001
1.40001
1.40001
1.40001
1.40001
1.40001
1.40001
1.40001
1.40001
1.40001
1.40001
1.40001
1.40001
1.40001
1.40001
1.40001
1.40001
1.40001
1.40001
1.40001
1.40001
1.40001
1.40001
1.40001
1.40001
1.40001
1.40001
1.40001
1.40001
1.40001
1.40001
1.40001
1.40001
1.40001
1.40001
1.40001
1.40001
1.40001
1.40001
1.40001
1.40001
1.40001
1.40001
1.40001
1.40001
1.40001
1.40001
1.40001
1.40001
1.40001
1.40001
1.40001
1.40001
1.40001
1.40001
1.40001
1.40001
1.40001
1.40001
1.40001
1.40001
1.40001
1.40001
1.40001
1.40001
1.40001
1.40001
1.40001
1.40001
1.40001
1.40001
1.40001
1.40001
1.40001
1.40001
1.40001
1.40001
1.40001
1.40001
1.40001
1.40001
1.40001
1.40001
1.40001
1.40001
1.40001
1.40001
1.40001
1.40001
1.40001
1.40001
1.40001
1.40001
1.40001
1.40001
1.40001
1.40001
1.40001
1.40001
1.40001
1.40001
1.40001
1.40001
1.40001
1.40001
1.40001
1.40001
1.40001
1.40001
1.40001
1.40001
1.40001
1.40001
1.40001
1.40001
1.40001
1.40001
1.40001
1.40001
1.40001
1.40001
1.40001
1.40001
1.40001
1.40001
1.40001
1.40001
1.40001
1.40001
1.40001
1.40001
1.40001
1.40001
1.40001
1.40001
1.40001
1.40001
1.40001
1.40001
1.40001
1.40001
1.40001
1.40001
1.40001
1.40001
1.40001
1.40001
1.40001
1.40001
1.40001
1.40001
1.40001
1.40001
1.40001
1.40001
1.40001
1.40001
1.40001
1.40001
1.40001
1.40001
1.40001
1.40001
1.40001
1.40001
1.40001
1.40001
1.40001
1.40001
1.40001
1.40001
1.40001
1.40001
1.40001
1.40001
1.40001
1.40001
1.40001
1.40001
1.40001
1.40001
1.40001
1.40001
1.40001
1.40001
1.40001
1.40001
1.40001
1.40001
1.40001
1.40001
1.40001
1.40001
1.40001
1.40001
1.40001
1.40001
1.40001
1.40001
1.40001
1.40001
1.40001
1.40001
1.40001
1.40001
1.40001
1.40001
1.40001
1.40001
1.40001
1.40001
1.40001
1.40001
1.40001
1.40001
1.40001
1.40001
1.40001
1.40001
1.40001
1.40001
1.40001
1.40001
1.40001
1.40001
1.40001
1.40001
1.40001
1.40001
1.40001
1.40001
1.40001
1.40001
1.40001
1.40001
1.40001
1.40001
1.40001
1.40001
1.40001
1.40001
1.40001
1.40001
1.40001
1.40001
1.40001
1.40001
1.40001
1.40001
1.40001
1.40001
1.40001
1.40001
1.40001
1.40001
1.40001
1.40001
1.40001
1.40001
1.40001
1.40001
1.40001
1.40001
1.40001
1.40001
1.40001
1.40001
1.40001
1.40001
1.40001
1.40001
1.40001
1.40001
1.40001
1.40001
1.40001
1.40001
1.40001
1.40001
1.40001
1.40001
1.40001
1.40001
1.40001
1.40001
1.40001
1.40001
1.40001
1.40001
1.40001
1.40001
1.40001
1.40001
1.40001
1.40001
1.40001
1.40001
1.40001
1.40001
1.40001
1.40001
1.40001
1.40001
1.40001
1.40001
1.40001
1.40001
1.40001
1.40001
1.40001
1.40001
1.40001
1.40001
1.40001
1.40001
1.40001
1.40001
1.40001
1.40001
1.40001
1.40001
1.40001
1.40001
1.40001
1.40001
1.40001
1.40001
1.40001
1.40001
1.40001
1.40001
1.40001
1.40001
1.40001
1.40001
1.40001
1.40001
1.40001
1.40001
1.40001
1.40001
1.40001
1.40001
1.40001
1.40001
1.40001
1.40001
1.40001
1.40001
1.40001
1.40001
1.40001
1.40001
1.40001
1.40001
1.40001
1.40001
1.40001
1.40001
1.40001
1.40001
1.40001
1.40001
1.40001
1.40001
1.40001
1.40001
1.40001
1.40001
1.40001
1.40001
1.40001
1.40001
1.40001
1.40001
1.40001
1.40001
1.40001
1.40001
1.40001
1.40001
1.40001
1.40001
1.40001
1.40001
1.40001
1.40001
1.40001
1.40001
1.40001
1.40001
1.40001
1.40001
1.40001
1.40001
1.40001
1.40001
1.40001
1.40001
1.40001
1.40001
1.40001
1.40001
1.40001
1.40001
1.40001
1.40001
1.40001
1.40001
1.40001
1.40001
1.40001
1.40001
1.40001
1.40001
1.40001
1.40001
1.40001
1.40001
1.40001
1.40001
1.40001
1.40001
1.40001
1.40001
1.40001
1.40001
1.40001
1.40001
1.40001
1.40001
1.40001
1.40001
1.40001
1.40001
1.40001
1.40001
1.40001
1.40001
1.40001
1.40001
1.40001
1.40001
1.40001
1.40001
1.40001
1.40001
1.40001
1.40001
1.40001
1.40001
1.40001
1.40001
1.40001
1.40001
1.40001
1.40001
1.40001
1.40001
1.40001
1.40001
1.40001
1.40001
1.40001
1.40001
1.40001
1.40001
1.40001
1.40001
1.40001
1.40001
1.40001
1.40001
1.40001
1.40001
1.40001
1.40001
1.40001
1.40001
1.40001
1.40001
1.40001
1.40001
1.40001
1.40001
1.40001
1.40001
1.40001
1.40001
1.40001
1.40001
1.40001
1.40001
1.40001
1.40001
1.40001
1.40001
1.40001
1.40001
1.40001
1.40001
1.40001
1.40001
1.40001
1.40001
1.40001
1.40001
1.40001
1.40001
1.40001
1.40001
1.40001
1.40001
1.40001
1.40001
1.40001
1.40001
1.40001
1.40001
1.40001
1.40001
1.40001
1.40001
1.40001
1.40001
1.40001
1.40001
1.40001
1.40001
1.40001
1.40001
1.40001
1.40001
1.40001
1.40001
1.40001
1.40001
1.40001
1.40001
1.40001
1.40001
1.40001
1.40001
1.40001
1.40001
1.40001
1.40001
1.40001
1.40001
1.40001
1.40001
1.40001
1.40001
1.40001
1.40001
1.40001
1.40001
1.40001
1.40001
1.40001
1.40001
1.40001
1.40001
1.40001
1.40001
1.40001
1.40001
1.40001
1.40001
1.40001
1.40001
1.40001
1.40001
1.40001
1.40001
1.40001
1.40001
1.40001
1.40001
1.40001
1.40001
1.40001
1.40001
1.40001
1.40001
1.40001
1.40001
1.40001
1.40001
1.40001
1.40001
1.40001
1.40001
1.40001
1.40001
1.40001
1.40001
1.40001
1.40001
1.40001
1.40001
1.40001
1.40001
1.40001
1.40001
1.40001
1.40001
1.40001
1.40001
1.40001
1.40001
1.40001
1.40001
1.40001
1.40001
1.40001
1.40001
1.40001
1.40001
1.40001
1.40001
1.40001
1.40001
1.40001
1.40001
1.40001
1.40001
1.40001
1.40001
1.40001
1.40001
1.40001
1.40001
1.40001
1.40001
1.40001
1.40001
1.40001
1.40001
1.40001
1.40001
1.40001
1.40001
1.40001
1.40001
1.40001
1.40001
1.40001
1.40001
1.40001
1.40001
1.40001
1.40001
1.40001
1.40001
1.40001
1.40001
1.40001
1.40001
1.40001
1.40001
1.40001
1.40001
1.40001
1.40001
1.40001
1.40001
1.40001
1.40001
1.40001
1.40001
1.40001
1.40001
1.40001
1.40001
1.40001
1.40001
1.40001
1.40001
1.40001
1.40001
1.40001
1.40001
1.40001
1.40001
1.40001
1.40001
1.40001
1.40001
1.40001
1.40001
1.40001
1.40001
1.40001
1.40001
1.40001
1.40001
1.40001
1.40001
1.40001
1.40001
1.40001
1.40001
1.40001
1.40001
1.40001
1.40001
1.40001
1.40001
1.40001
1.40001
1.40001
1.40001
1.40001
1.40001
1.40001
1.40001
1.40001
1.40001
1.40001
1.40001
1.40001
1.40001
1.40001
1.40001
1.40001
1.40001
1.40001
1.40001
1.40001
1.40001
1.40001
1.40001
1.40001
1.40001
1.40001
1.40001
1.40001
1.40001
1.40001
1.40001
1.40001
1.40001
1.40001
1.40001
1.40001
1.40001
1.40001
1.40001
1.40001
1.40001
1.40001
1.40001
1.40001
1.40001
1.40001
1.40001
1.40001
1.40001
1.40001
1.40001
1.40001
1.40001
1.40001
1.40001
1.40001
1.40001
1.40001
1.40001
1.40001
1.40001
1.40001
1.40001
1.40001
1.40001
1.40001
1.40001
1.40001
1.40001
1.40001
1.40001
1.40001
1.40001
1.40001
1.40001
1.40001
1.40001
1.40001
1.40001
1.40001
1.40001
1.40001
1.40001
1.40001
1.40001
1.40001
1.40001
1.40001
1.40001
1.40001
1.40001
1.40001
1.40001
1.40001
1.40001
1.40001
1.40001
1.40001
1.40001
1.40001
1.40001
1.40001
1.40001
1.40001
1.40001
1.40001
1.40001
1.40001
1.40001
1.40001
1.40001
1.40001
1.40001
1.40001
1.40001
1.40001
1.40001
1.40001
1.40001
1.40001
1.40001
1.40001
1.40001
1.40001
1.40001
1.40001
1.40001
1.40001
1.40001
1.40001
1.40001
1.40001
1.40001
1.40001
1.40001
1.40001
1.40001
1.40001
1.40001
1.40001
1.40001
1.40001
1.40001
1.40001
1.40001
1.40001
1.40001
1.40001
1.40001
1.40001
1.40001
1.40001
1.40001
1.40001
1.40001
1.40001
1.40001
1.40001
1.40001
1.40001
1.40001
1.40001
1.40001
1.40001
1.40001
1.40001
1.40001
1.40001
1.40001
1.40001
1.40001
1.40001
1.40001
1.40001
1.40001
1.40001
1.40001
1.40001
1.40001
1.40001
1.40001
1.40001
1.40001
1.40001
1.40001
1.40001
1.40001
1.40001
1.40001
1.40001
1.40001
1.40001
1.40001
1.40001
1.40001
1.40001
1.40001
1.40001
1.40001
1.40001
1.40001
1.40001
1.40001
1.40001
1.40001
1.40001
1.40001
1.40001
1.40001
1.40001
1.40001
1.40001
1.40001
1.40001
1.40001
1.40001
1.40001
1.40001
1.40001
1.40001
1.40001
1.40001
1.40001
1.40001
1.40001
1.40001
1.40001
1.40001
1.40001
1.40001
1.40001
1.40001
1.40001
1.40001
1.40001
1.40001
1.40001
1.40001
1.40001
1.40001
1.40001
1.40001
1.40001
1.40001
1.40001
1.40001
1.40001
1.40001
1.40001
1.40001
1.40001
1.40001
1.40001
1.40001
1.40001
1.40001
1.40001
1.40001
1.40001
1.40001
1.40001
1.40001
1.40001
1.40001
1.40001
1.40001
1.40001
1.40001
1.40001
1.40001
1.40001
1.40001
1.40001
1.40001
1.40001
1.40001
1.40001
1.40001
1.40001
1.40001
1.40001
1.40001
1.40001
1.40001
1.40001
1.40001
1.40001
1.40001
1.40001
1.40001
1.40001
1.40001
1.40001
1.40001
1.40001
1.40001
1.40001
1.40001
1.40001
1.40001
1.40001
1.40001
1.40001
1.40001
1.40001
1.40001
1.40001
1.40001
1.40001
1.40001
1.40001
1.40001
1.40001
1.40001
1.40001
1.40001
1.40001
1.40001
1.40001
1.40001
1.40001
1.40001
1.40001
1.40001
1.40001
1.40001
1.40001
1.40001
1.40001
1.40001
1.40001
1.40001
1.40001
1.40001
1.40001
1.40001
1.40001
1.40001
1.40001
1.40001
1.40001
1.40001
1.40001
1.40001
1.40001
1.40001
1.40001
1.40001
1.40001
1.40001
1.40001
1.40001
1.40001
1.40001
1.40001
1.40001
1.40001
1.40001
1.40001
1.40001
1.40001
1.40001
1.40001
1.40001
1.40001
1.40001
1.40001
1.40001
1.40001
1.40001
1.40001
1.40001
1.40001
1.40001
1.40001
1.40001
1.40001
1.40001
1.40001
1.40001
1.40001
1.40001
1.40001
1.40001
1.40001
1.40001
1.40001
1.40001
1.40001
1.40001
1.40001
1.40001
1.40001
1.40001
1.40001
1.40001
1.40001
1.40001
1.40001
1.40001
1.40001
1.40001
1.40001
1.40001
1.40001
1.40001
1.40001
1.40001
1.40001
1.40001
1.40001
1.40001
1.40001
1.40001
1.40001
1.40001
1.40001
1.40001
1.40001
1.40001
1.40001
1.40001
1.40001
1.40001
1.40001
1.40001
1.40001
1.40001
1.40001
1.40001
1.40001
1.40001
1.40001
1.40001
1.40001
1.40001
1.40001
1.40001
1.40001
1.40001
1.40001
1.40001
1.40001
1.40001
1.40001
1.40001
1.40001
1.40001
1.40001
1.40001
1.40001
1.40001
1.40001
1.40001
1.40001
1.40001
1.40001
1.40001
1.40001
1.40001
1.40001
1.40001
1.40001
1.40001
1.40001
1.40001
1.40001
1.40001
1.40001
1.40001
1.40001
1.40001
1.40001
1.40001
1.40001
1.40001
1.40001
1.40001
1.40001
1.40001
1.40001
1.40001
1.40001
1.40001
1.40001
1.40001
1.40001
1.40001
1.40001
1.40001
1.40001
1.40001
1.40001
1.40001
1.40001
1.40001
1.40001
1.40001
1.40001
1.40001
1.40001
1.40001
1.40001
1.40001
1.40001
1.40001
1.40001
1.40001
1.40001
1.40001
1.40001
1.40001
1.40001
1.40001
1.40001
1.40001
1.40001
1.40001
1.40001
1.40001
1.40001
1.40001
1.40001
1.40001
1.40001
1.40001
1.40001
1.40001
1.40001
1.40001
1.40001
1.40001
1.40001
1.40001
1.40001
1.40001
1.40001
1.40001
1.40001
1.40001
1.40001
1.40001
1.40001
1.40001
1.40001
1.40001
1.40001
1.40001
1.40001
1.40001
1.40001
1.40001
1.40001
1.40001
1.40001
1.40001
1.40001
1.40001
1.40001
1.40001
1.40001
1.40001
1.40001
1.40001
1.40001
1.40001
1.40001
1.40001
1.40001
1.40001
1.40001
1.40001
1.40001
1.40001
1.40001
1.40001
1.40001
1.40001
1.40001
1.40001
1.40001
1.40001
1.40001
1.40001
1.40001
1.40001
1.40001
1.40001
1.40001
1.40001
1.40001
1.40001
1.40001
1.40001
1.40001
1.40001
1.40001
1.40001
1.40001
1.40001
1.40001
1.40001
1.40001
1.40001
1.40001
1.40001
1.40001
1.40001
1.40001
1.40001
1.40001
1.40001
1.40001
1.40001
1.40001
1.40001
1.40001
1.40001
1.40001
1.40001
1.40001
1.40001
1.40001
1.40001
1.40001
1.40001
1.40001
1.40001
1.40001
1.40001
1.40001
1.40001
1.40001
1.40001
1.40001
1.40001
1.40001
1.40001
1.40001
1.40001
1.40001
1.40001
1.40001
1.40001
1.40001
1.40001
1.40001
1.40001
1.40001
1.40001
1.40001
1.40001
1.40001
1.40001
1.40001
1.40001
1.40001
1.40001
1.40001
1.40001
1.40001
1.40001
1.40001
1.40001
1.40001
1.40001
1.40001
1.40001
1.40001
1.40001
1.40001
1.40001
1.40001
1.40001
1.40001
1.40001
1.40001
1.40001
1.40001
1.40001
1.40001
1.40001
1.40001
1.40001
1.40001
1.40001
1.40001
1.40001
1.40001
1.40001
1.40001
1.40001
1.40001
1.40001
1.40001
1.40001
1.40001
1.40001
1.40001
1.40001
1.40001
1.40001
1.40001
1.40001
1.40001
1.40001
1.40001
1.40001
1.40001
1.40001
1.40001
1.40001
1.40001
1.40001
1.40001
1.40001
1.40001
1.40001
1.40001
1.40001
1.40001
1.40001
1.40001
1.40001
1.40001
1.40001
1.40001
1.40001
1.40001
1.40001
1.40001
1.40001
1.40001
1.40001
1.40001
1.40001
1.40001
1.40001
1.40001
1.40001
1.40001
1.40001
1.40001
1.40001
1.40001
1.40001
1.40001
1.40001
1.40001
1.40001
1.40001
1.40001
1.40001
1.40001
1.40001
1.40001
1.40001
1.40001
1.40001
1.40001
1.40001
1.40001
1.40001
1.40001
1.40001
1.40001
1.40001
1.40001
1.40001
1.40001
1.40001
1.40001
1.40001
1.40001
1.40001
1.40001
1.40001
1.40001
1.40001
1.40001
1.40001
1.40001
1.40001
1.40001
1.40001
1.40001
1.40001
1.40001
1.40001
1.40001
1.40001
1.40001
1.40001
1.40001
1.40001
1.40001
1.40001
1.40001
1.40001
1.40001
1.40001
1.40001
1.40001
1.40001
1.40001
1.40001
1.40001
1.40001
1.40001
1.40001
1.40001
1.40001
1.40001
1.40001
1.40001
1.40001
1.40001
1.40001
1.40001
1.40001
1.40001
1.40001
1.40001
1.40001
1.40001
1.40001
1.40001
1.40001
1.40001
1.40001
1.40001
1.40001
1.40001
1.40001
1.40001
1.40001
1.40001
1.40001
1.40001
1.40001
1.40001
1.40001
1.40001
1.40001
1.40001
1.40001
1.40001
1.40001
1.40001
1.40001
1.40001
1.40001
1.40001
1.40001
1.40001
1.40001
1.40001
1.40001
1.40001
1.40001
1.40001
1.40001
1.40001
1.40001
1.40001
1.40001
1.40001
1.40001
1.40001
1.40001
1.40001
1.40001
1.40001
1.40001
1.40001
1.40001
1.40001
1.40001
1.40001
1.40001
1.40001
1.40001
1.40001
1.40001
1.40001
1.40001
1.40001
1.40001
1.40001
1.40001
1.40001
1.40001
1.40001
1.40001
1.40001
1.40001
1.40001
1.40001
1.40001
1.40001
1.40001
1.40001
1.40001
1.40001
1.40001
1.40001
1.40001
1.40001
1.40001
1.40001
1.40001
1.40001
1.40001
1.40001
1.40001
1.40001
1.40001
1.40001
1.40001
1.40001
1.40001
1.40001
1.40001
1.40001
1.40001
1.40001
1.40001
1.40001
1.40001
1.40001
1.40001
1.40001
1.40001
1.40001
1.40001
1.40001
1.40001
1.40001
1.40001
1.40001
1.40001
1.40001
1.40001
1.40001
1.40001
1.40001
1.40001
1.40001
1.40001
1.40001
1.40001
1.40001
1.40001
1.40001
1.40001
1.40001
1.40001
1.40001
1.40001
1.40001
1.40001
1.40001
1.40001
1.40001
1.40001
1.40001
1.40001
1.40001
1.40001
1.40001
1.40001
1.40001
1.40001
1.40001
1.40001
1.40001
1.40001
1.40001
1.40001
1.40001
1.40001
1.40001
1.40001
1.40001
1.40001
1.40001
1.40001
1.40001
1.40001
1.40001
1.40001
1.40001
1.40001
1.40001
1.40001
1.40001
1.40001
1.40001
1.40001
1.40001
1.40001
1.40001
1.40001
1.40001
1.40001
1.40001
1.40001
1.40001
1.40001
1.40001
1.40001
1.40001
1.40001
1.40001
1.40001
1.40001
1.40001
1.40001
1.40001
1.40001
1.40001
1.40001
1.40001
1.40001
1.40001
1.40001
1.40001
1.40001
1.40001
1.40001
1.40001
1.40001
1.40001
1.40001
1.40001
1.40001
1.40001
1.40001
1.40001
1.40001
1.40001
1.40001
1.40001
1.40001
1.40001
1.40001
1.40001
1.40001
1.40001
1.40001
1.40001
1.40001
1.40001
1.40001
1.40001
1.40001
1.40001
1.40001
1.40001
1.40001
1.40001
1.40001
1.40001
1.40001
1.40001
1.40001
1.40001
1.40001
1.40001
1.40001
1.40001
1.40001
1.40001
1.40001
1.40001
1.40001
1.40001
1.40001
1.40001
1.40001
1.40001
1.40001
1.40001
1.40001
1.40001
1.40001
1.40001
1.40001
1.40001
1.40001
1.40001
1.40001
1.40001
1.40001
1.40001
1.40001
1.40001
1.40001
1.40001
1.40001
1.40001
1.40001
1.40001
1.40001
1.40001
1.40001
1.40001
1.40001
1.40001
1.40001
1.40001
1.40001
1.40001
1.40001
1.40001
1.40001
1.40001
1.40001
1.40001
1.40001
1.40001
1.40001
1.40001
1.40001
1.40001
1.40001
1.40001
1.40001
1.40001
1.40001
1.40001
1.40001
1.40001
1.40001
1.40001
1.40001
1.40001
1.40001
1.40001
1.40001
1.40001
1.40001
1.40001
1.40001
1.40001
1.40001
1.40001
1.40001
1.40001
1.40001
1.40001
1.40001
1.40001
1.40001
1.40001
1.40001
1.40001
1.40001
1.40001
1.40001
1.40001
1.40001
1.40001
1.40001
1.40001
1.40001
1.40001
1.40001
1.40001
1.40001
1.40001
1.40001
1.40001
1.40001
1.40001
1.40001
1.40001
1.40001
1.40001
1.40001
1.40001
1.40001
1.40001
1.40001
1.40001
1.40001
1.40001
1.40001
1.40001
1.40001
1.40001
1.40001
1.40001
1.40001
1.40001
1.40001
1.40001
1.40001
1.40001
1.40001
1.40001
1.40001
1.40001
1.40001
1.40001
1.40001
1.40001
1.40001
1.40001
1.40001
1.40001
1.40001
1.40001
1.40001
1.40001
1.40001
1.40001
1.40001
1.40001
1.40001
1.40001
1.40001
1.40001
1.40001
1.40001
1.40001
1.40001
1.40001
1.40001
1.40001
1.40001
1.40001
1.40001
1.40001
1.40001
1.40001
1.40001
1.40001
1.40001
1.40001
1.40001
1.40001
1.40001
1.40001
1.40001
1.40001
1.40001
1.40001
1.40001
1.40001
1.40001
1.40001
1.40001
1.40001
1.40001
1.40001
1.40001
1.40001
1.40001
1.40001
1.40001
1.40001
1.40001
1.40001
1.40001
1.40001
1.40001
1.40001
1.40001
1.40001
1.40001
1.40001
1.40001
1.40001
1.40001
1.40001
1.40001
1.40001
1.40001
1.40001
1.40001
1.40001
1.40001
1.40001
1.40001
1.40001
1.40001
1.40001
1.40001
1.40001
1.40001
1.40001
1.40001
1.40001
1.40001
1.40001
1.40001
1.40001
1.40001
1.40001
1.40001
1.40001
1.40001
1.40001
1.40001
1.40001
1.40001
1.40001
1.40001
1.40001
1.40001
1.40001
1.40001
1.40001
1.40001
1.40001
1.40001
1.40001
1.40001
1.40001
1.40001
1.40001
1.40001
1.40001
1.40001
1.40001
1.40001
1.40001
1.40001
1.40001
1.40001
1.40001
1.40001
1.40001
1.40001
1.40001
1.40001
1.40001
1.40001
1.40001
1.40001
1.40001
1.40001
1.40001
1.40001
1.40001
1.40001
1.40001
1.40001
1.40001
1.40001
1.40001
1.40001
1.40001
1.40001
1.40001
1.40001
1.40001
1.40001
1.40001
1.40001
1.40001
1.40001
1.40001
1.40001
1.40001
1.40001
1.40001
1.40001
1.40001
1.40001
1.40001
1.40001
1.40001
1.40001
1.40001
1.40001
1.40001
1.40001
1.40001
1.40001
1.40001
1.40001
1.40001
1.40001
1.40001
1.40001
1.40001
1.40001
1.40001
1.40001
1.40001
1.40001
1.40001
1.40001
1.40001
1.40001
1.40001
1.40001
1.40001
1.40001
1.40001
1.40001
1.40001
1.40001
1.40001
1.40001
1.40001
1.40001
1.40001
1.40001
1.40001
1.40001
1.40001
1.40001
1.40001
1.40001
1.40001
1.40001
1.40001
1.40001
1.40001
1.40001
1.40001
1.40001
1.40001
1.40001
1.40001
1.40001
1.40001
1.40001
1.40001
1.40001
1.40001
1.40001
1.40001
1.40001
1.40001
1.40001
1.40001
1.40001
1.40001
1.40001
1.40001
1.40001
1.40001
1.40001
1.40001
1.40001
1.40001
1.40001
1.40001
1.40001
1.40001
1.40001
1.40001
1.40001
1.40001
1.40001
1.40001
1.40001
1.40001
1.40001
1.40001
1.40001
1.40001
1.40001
1.40001
1.40001
1.40001
1.40001
1.40001
1.40001
1.40001
1.40001
1.40001
1.40001
1.40001
1.40001
1.40001
1.40001
1.40001
1.40001
1.40001
1.40001
1.40001
1.40001
1.40001
1.40001
1.40001
1.40001
1.40001
1.40001
1.40001
1.40001
1.40001
1.40001
1.40001
1.40001
1.40001
1.40001
1.40001
1.40001
1.40001
1.40001
1.40001
1.40001
1.40001
1.40001
1.40001
1.40001
1.40001
1.40001
1.40001
1.40001
1.40001
1.40001
1.40001
1.40001
1.40001
1.40001
1.40001
1.40001
1.40001
1.40001
1.40001
1.40001
1.40001
1.40001
1.40001
1.40001
1.40001
1.40001
1.40001
1.40001
1.40001
1.40001
1.40001
1.40001
1.40001
1.40001
1.40001
1.40001
1.40001
1.40001
1.40001
1.40001
1.40001
1.40001
1.40001
1.40001
1.40001
1.40001
1.40001
1.40001
1.40001
1.40001
1.40001
1.40001
1.40001
1.40001
1.40001
1.40001
1.40001
1.40001
1.40001
1.40001
1.40001
1.40001
1.40001
1.40001
1.40001
1.40001
1.40001
1.40001
1.40001
1.40001
1.40001
1.40001
1.40001
1.40001
1.40001
1.40001
1.40001
1.40001
1.40001
1.40001
1.40001
1.40001
1.40001
1.40001
1.40001
1.40001
1.40001
1.40001
1.40001
1.40001
1.40001
1.40001
1.40001
1.40001
1.40001
1.40001
1.40001
1.40001
1.40001
1.40001
1.40001
1.40001
1.40001
1.40001
1.40001
1.40001
1.40001
1.40001
1.40001
1.40001
1.40001
1.40001
1.40001
1.40001
1.40001
1.40001
1.40001
1.40001
1.40001
1.40001
1.40001
1.40001
1.40001
1.40001
1.40001
1.40001
1.40001
1.40001
1.40001
1.40001
1.40001
1.40001
1.40001
1.40001
1.40001
1.40001
1.40001
1.40001
1.40001
1.40001
1.40001
1.40001
1.40001
1.40001
1.40001
1.40001
1.40001
1.40001
1.40001
1.40001
1.40001
1.40001
1.40001
1.40001
1.40001
1.40001
1.40001
1.40001
1.40001
1.40001
1.40001
1.40001
1.40001
1.40001
1.40001
1.40001
1.40001
1.40001
1.40001
1.40001
1.40001
1.40001
1.40001
1.40001
1.40001
1.40001
1.40001
1.40001
1.40001
1.40001
1.40001
1.40001
1.40001
1.40001
1.40001
1.40001
1.40001
1.40001
1.40001
1.40001
1.40001
1.40001
1.40001
1.40001
1.40001
1.40001
1.40001
1.40001
1.40001
1.40001
1.40001
1.40001
1.40001
1.40001
1.40001
1.40001
1.40001
1.40001
1.40001
1.40001
1.40001
1.40001
1.40001
1.40001
1.40001
1.40001
1.40001
1.40001
1.40001
1.40001
1.40001
1.40001
1.40001
1.40001
1.40001
1.40001
1.40001
1.40001
1.40001
1.40001
1.40001
1.40001
1.40001
1.40001
1.40001
1.40001
1.40001
1.40001
1.40001
1.40001
1.40001
1.40001
1.40001
1.40001
1.40001
1.40001
1.40001
1.40001
1.40001
1.40001
1.40001
1.40001
1.40001
1.40001
1.40001
1.40001
1.40001
1.40001
1.40001
1.40001
1.40001
1.40001
1.40001
1.40001
1.40001
1.40001
1.40001
1.40001
1.40001
1.40001
1.40001
1.40001
1.40001
1.40001
1.40001
1.40001
1.40001
1.40001
1.40001
1.40001
1.40001
1.40001
1.40001
1.40001
1.40001
1.40001
1.40001
1.40001
1.40001
1.40001
1.40001
1.40001
1.40001
1.40001
1.40001
1.40001
1.40001
1.40001
1.40001
1.40001
1.40001
1.40001
1.40001
1.40001
1.40001
1.40001
1.40001
1.40001
1.40001
1.40001
1.40001
1.40001
1.40001
1.40001
1.40001
1.40001
1.40001
1.40001
1.40001
1.40001
1.40001
1.40001
1.40001
1.40001
1.40001
1.40001
1.40001
1.40001
1.40001
1.40001
1.40001
1.40001
1.40001
1.40001
1.40001
1.40001
1.40001
1.40001
1.40001
1.40001
1.40001
1.40001
1.40001
1.40001
1.40001
1.40001
1.40001
1.40001
1.40001
1.40001
1.40001
1.40001
1.40001
1.40001
1.40001
1.40001
1.40001
1.40001
1.40001
1.40001
1.40001
1.40001
1.40001
1.40001
1.40001
1.40001
1.40001
1.40001
1.40001
1.40001
1.40001
1.40001
1.40001
1.40001
1.40001
1.40001
1.40001
1.40001
1.40001
1.40001
1.40001
1.40001
1.40001
1.40001
1.40001
1.40001
1.40001
1.40001
1.40001
1.40001
1.40001
1.40001
1.40001
1.40001
1.40001
1.40001
1.40001
1.40001
1.40001
1.40001
1.40001
1.40001
1.40001
1.40001
1.40001
1.40001
1.40001
1.40001
1.40001
1.40001
1.40001
1.40001
1.40001
1.40001
1.40001
1.40001
1.40001
1.40001
1.40001
1.40001
1.40001
1.40001
1.40001
1.40001
1.40001
1.40001
1.40001
1.40001
1.40001
1.40001
1.40001
1.40001
1.40001
1.40001
1.40001
1.40001
1.40001
1.40001
1.40001
1.40001
1.40001
1.40001
1.40001
1.40001
1.40001
1.40001
1.40001
1.40001
1.40001
1.40001
1.40001
1.40001
1.40001
1.40001
1.40001
1.40001
1.40001
1.40001
1.40001
1.40001
1.40001
1.40001
1.40001
1.40001
1.40001
1.40001
1.40001
1.40001
1.40001
1.40001
1.4
1.40001
1.40001
1.40001
1.40001
1.40001
1.40001
1.40001
1.40001
1.40001
1.40001
1.40001
1.40001
1.40001
1.40001
1.40001
1.40001
1.40001
1.40001
1.40001
1.40001
1.40001
1.40001
1.40001
1.40001
1.40001
1.40001
1.40001
1.40001
1.40001
1.40001
1.40001
1.40001
1.40001
1.40001
1.40001
1.40001
1.40001
1.40001
1.40001
1.40001
1.40001
1.40001
1.40001
1.40001
1.40001
1.40001
1.40001
1.40001
1.40001
1.40001
1.40001
1.40001
1.40001
1.40001
1.40001
1.40001
1.40001
1.40001
1.40001
1.40001
1.40001
1.40001
1.40001
1.40001
1.40001
1.40001
1.40001
1.40001
1.40001
1.40001
1.40001
1.40001
1.40001
1.40001
1.40001
1.40001
1.40001
1.40001
1.40001
1.40001
1.40001
1.40001
1.40001
1.40001
1.40001
1.40001
1.40001
1.40001
1.40002
1.40002
1.40004
1.40005
1.40008
1.40012
1.40023
1.40012
1.40001
1.40001
1.40001
1.40001
1.40001
1.40001
1.40001
1.40001
1.40001
1.40001
1.40001
1.40001
1.40001
1.40001
1.40001
1.40001
1.40001
1.40001
1.40001
1.40001
1.40001
1.40001
1.40001
1.40001
1.40001
1.40001
1.40001
1.40001
1.40001
1.40001
1.40001
1.40001
1.40001
1.40001
1.40001
1.40001
1.40001
1.40001
1.40001
1.40001
1.40001
1.40001
1.40001
1.40001
1.40001
1.40001
1.40001
1.40001
1.40001
1.40001
1.40001
1.40001
1.40001
1.40001
1.40001
1.40001
1.40001
1.40001
1.40001
1.40001
1.40001
1.40001
1.40001
1.40001
1.40001
1.40001
1.40001
1.40001
1.40001
1.40001
1.40001
1.40001
1.40001
1.40002
1.40003
1.40004
1.40006
1.4001
1.40014
1.40019
1.40031
1.40044
1.4006
1.4009
1.40126
1.40171
1.40244
1.40334
1.40446
1.40615
1.40807
1.41052
1.41431
1.41786
1.42397
1.42795
1.40001
1.40001
1.40001
1.40001
1.40001
1.40001
1.40001
1.40001
1.40001
1.40001
1.40001
1.40001
1.40001
1.40001
1.40001
1.40001
1.40001
1.40001
1.40001
1.40001
1.40001
1.40001
1.40001
1.40001
1.40001
1.40001
1.40001
1.40001
1.40001
1.40001
1.40001
1.40001
1.40001
1.40001
1.40001
1.40001
1.40001
1.40001
1.40001
1.40001
1.40001
1.40001
1.40001
1.40001
1.40001
1.40001
1.40001
1.40001
1.40001
1.40001
1.40001
1.40001
1.40001
1.40001
1.40001
1.40002
1.40002
1.40003
1.40003
1.40005
1.40007
1.40009
1.40014
1.4002
1.40027
1.40039
1.40057
1.40078
1.40107
1.40154
1.40215
1.40279
1.40374
1.40535
1.407
1.40868
1.41172
1.4157
1.41918
1.42421
1.43145
1.43827
1.44678
1.45861
1.47042
1.48407
1.50132
1.51952
1.5403
1.56227
1.58566
1.61615
1.64463
1.6682
1.70969
1.73771
1.40001
1.40001
1.40001
1.40001
1.40001
1.40001
1.40001
1.40001
1.40001
1.40001
1.40001
1.40001
1.40001
1.40001
1.40001
1.40001
1.40001
1.40001
1.40001
1.40001
1.40001
1.40001
1.40001
1.40001
1.40001
1.40001
1.40001
1.40001
1.40001
1.40001
1.40001
1.40001
1.40001
1.40001
1.40001
1.40001
1.40001
1.40002
1.40003
1.40003
1.40005
1.40007
1.40008
1.40011
1.40016
1.40022
1.40027
1.40036
1.40052
1.40067
1.40085
1.40116
1.40157
1.40199
1.40256
1.4034
1.40431
1.40549
1.40732
1.40916
1.4112
1.41475
1.41905
1.42288
1.42846
1.43646
1.44432
1.45289
1.46516
1.48017
1.49355
1.50812
1.53024
1.55359
1.57205
1.5946
1.62929
1.65625
1.67992
1.7182
1.75322
1.77806
1.81588
1.85984
1.88791
1.91527
1.96545
1.99932
2.01956
2.04893
2.09733
2.12031
2.13545
2.1634
2.20851
2.21282
1.40001
1.40001
1.40001
1.40001
1.40001
1.40001
1.40001
1.40001
1.40001
1.40001
1.40001
1.40001
1.40001
1.40001
1.40001
1.40001
1.40001
1.40001
1.40002
1.40002
1.40003
1.40005
1.40007
1.40009
1.40011
1.40017
1.40025
1.4003
1.40039
1.40057
1.40075
1.40091
1.40119
1.40165
1.40203
1.40243
1.40321
1.40423
1.40508
1.40611
1.40784
1.40969
1.41166
1.41445
1.41752
1.42071
1.42513
1.43087
1.43632
1.44231
1.45092
1.46022
1.46976
1.4822
1.49624
1.50905
1.525
1.55001
1.56977
1.58652
1.61427
1.65172
1.67424
1.69689
1.74146
1.77566
1.79708
1.8335
1.88025
1.9053
1.92853
1.9788
2.01262
2.029
2.0566
2.10731
2.12708
2.14
2.17302
2.21135
2.21817
2.2279
2.25739
2.27972
2.28301
2.29149
2.31248
2.31946
2.32086
2.32842
2.33936
2.33982
2.3411
2.34783
2.3506
2.34828
1.40001
1.40001
1.40001
1.40001
1.40002
1.40003
1.40006
1.40012
1.40018
1.40025
1.40039
1.40064
1.40088
1.40115
1.40157
1.40211
1.40278
1.40366
1.40469
1.40572
1.40715
1.40931
1.41152
1.41343
1.41615
1.42025
1.42422
1.42781
1.4331
1.43971
1.44546
1.45201
1.46179
1.47157
1.47917
1.49036
1.5056
1.51857
1.53104
1.54802
1.56612
1.58387
1.60548
1.62632
1.64565
1.67171
1.69955
1.72305
1.75017
1.78061
1.80754
1.83912
1.87645
1.90559
1.92931
1.9683
2.01763
2.04401
2.06433
2.10483
2.15042
2.16924
2.18437
2.22134
2.25238
2.25954
2.27016
2.30115
2.31544
2.31707
2.32795
2.35529
2.36221
2.36406
2.3762
2.39338
2.39513
2.39746
2.40724
2.41344
2.41311
2.41497
2.421
2.42193
2.42194
2.42225
2.42216
2.42096
2.41958
2.41869
2.41764
2.41589
2.41412
2.41246
2.41021
2.40722
1.40053
1.40122
1.40278
1.40544
1.40795
1.41085
1.41632
1.42357
1.42818
1.4327
1.44206
1.45418
1.46183
1.46926
1.48097
1.49437
1.50783
1.52269
1.53602
1.54899
1.5639
1.58963
1.60681
1.61888
1.63356
1.66524
1.68623
1.69847
1.71833
1.75222
1.76873
1.78272
1.81604
1.84425
1.85589
1.87325
1.91672
1.9388
1.94767
1.96801
2.01215
2.02698
2.0349
2.06191
2.09253
2.10435
2.11665
2.14537
2.16822
2.17584
2.18694
2.21645
2.23142
2.23462
2.24637
2.27187
2.28043
2.28223
2.28998
2.30133
2.3082
2.31404
2.32297
2.33157
2.33743
2.34837
2.35827
2.36483
2.37441
2.38299
2.38628
2.39077
2.39811
2.39846
2.3978
2.39886
2.40164
2.39944
2.39256
2.3894
2.38899
2.39109
2.3886
2.38472
2.38438
2.38104
2.37497
2.37332
2.3738
2.37343
2.36978
2.36397
2.36188
2.36212
2.35994
2.35876
1.43582
1.46687
1.50567
1.54601
1.58554
1.62912
1.66778
1.70538
1.74139
1.78607
1.82613
1.85719
1.889
1.93033
1.97525
2.00156
2.02826
2.06385
2.1107
2.13484
2.15675
2.18679
2.23343
2.25638
2.2737
2.29762
2.33988
2.36553
2.37818
2.39554
2.42491
2.46113
2.47195
2.4809
2.49944
2.53571
2.55217
2.55317
2.56327
2.59171
2.60489
2.60285
2.60718
2.62689
2.63552
2.63205
2.63337
2.64385
2.64971
2.64766
2.63911
2.64058
2.64317
2.63793
2.6323
2.63059
2.62428
2.61087
2.60285
2.59629
2.58109
2.56771
2.55701
2.54546
2.52845
2.51408
2.5024
2.49019
2.47513
2.45795
2.44236
2.43065
2.42074
2.40985
2.3986
2.38828
2.3771
2.36312
2.35144
2.34708
2.34556
2.34324
2.34027
2.33722
2.33114
2.31765
2.31101
2.31041
2.31059
2.30954
2.30615
2.30096
2.29453
2.29256
2.2899
2.28952
1.40001
1.40001
1.40001
1.40001
1.40001
1.40001
1.40001
1.40001
1.40001
1.40001
1.40001
1.40001
1.40001
1.40001
1.40001
1.40001
1.40001
1.40001
1.40001
1.40001
1.40001
1.40001
1.40001
1.40001
1.40001
1.40001
1.40001
1.40001
1.40001
1.40001
1.40001
1.40001
1.40001
1.40001
1.40001
1.40001
1.40001
1.40001
1.40001
1.40001
1.40001
1.40001
1.40001
1.40001
1.40001
1.40001
1.40001
1.40001
1.40001
1.40001
1.40001
1.40001
1.40001
1.40001
1.40001
1.40001
1.40001
1.40001
1.40001
1.40001
1.40001
1.40001
1.40001
1.40001
1.40001
1.40001
1.40001
1.40001
1.40001
1.40001
1.40001
1.40001
1.40001
1.40001
1.40001
1.40001
1.40001
1.40001
1.40001
1.40001
1.40001
1.40001
1.40001
1.40001
1.40001
1.40001
1.40001
1.40001
1.40001
1.40001
1.40001
1.40001
1.40001
1.40001
1.40001
1.40001
1.40001
1.40001
1.40001
1.40001
1.40001
1.40001
1.40001
1.40001
1.40001
1.40001
1.40001
1.40001
1.40001
1.40001
1.40001
1.40001
1.40001
1.40001
1.40001
1.40001
1.40001
1.40001
1.40001
1.40001
1.40001
1.40001
1.40001
1.40001
1.40001
1.40001
1.40001
1.40001
1.40001
1.40001
1.40001
1.40001
1.40001
1.40001
1.40001
1.40001
1.40001
1.40001
1.40001
1.40001
1.40001
1.40001
1.40001
1.40001
1.40001
1.40001
1.40001
1.40001
1.40001
1.40001
1.40001
1.40001
1.40001
1.40001
1.40001
1.40001
1.40001
1.40001
1.40001
1.40001
1.40001
1.40001
1.40001
1.40001
1.40001
1.40001
1.40001
1.40001
1.40001
1.40001
1.40001
1.40001
1.40001
1.40001
1.40001
1.40001
1.40001
1.40001
1.40001
1.40001
1.40001
1.40001
1.40001
1.40001
1.40001
1.40001
1.40001
1.40001
1.40001
1.40001
1.40001
1.40001
1.40001
1.40001
1.40001
1.40001
1.40001
1.40001
1.40001
1.40001
1.40001
1.40001
1.40001
1.40001
1.40001
1.40001
1.40001
1.40001
1.40001
1.40001
1.40001
1.40001
1.40001
1.40001
1.40001
1.40001
1.40001
1.40001
1.40001
1.40001
1.40001
1.40001
1.40001
1.40001
1.40001
1.40001
1.40001
1.40001
1.40001
1.40001
1.40001
1.40001
1.40001
1.40001
1.40001
1.40001
1.40001
1.40001
1.40001
1.40001
1.40001
1.40001
1.40001
1.40001
1.40001
1.40001
1.40001
1.40001
1.40001
1.40001
1.40001
1.40001
1.40001
1.40001
1.40001
1.40001
1.40001
1.40001
1.40001
1.40001
1.40001
1.40001
1.40001
1.40001
1.40001
1.40001
1.40001
1.40001
1.40001
1.40001
1.40001
1.40001
1.40001
1.40001
1.40001
1.40001
1.40001
1.40001
1.40001
1.40001
1.40001
1.40001
1.40001
1.40001
1.40001
1.40001
1.40001
1.40001
1.40001
1.40001
1.40001
1.40001
1.40001
1.40001
1.40001
1.40001
1.40001
1.40001
1.40001
1.40001
1.40001
1.40001
1.40001
1.40001
1.40001
1.40001
1.40001
1.40001
1.40001
1.40001
1.40001
1.40001
1.40001
1.40001
1.40001
1.40001
1.40001
1.40001
1.40001
1.40001
1.40001
1.40001
1.40001
1.40001
1.40001
1.40001
1.40001
1.40001
1.40001
1.40001
1.40001
1.40001
1.40001
1.40001
1.40001
1.40001
1.40001
1.40001
1.40001
1.40001
1.40001
1.40001
1.40001
1.40001
1.40001
1.40001
1.40001
1.40001
1.40001
1.40001
1.40001
1.40001
1.40001
1.40001
1.40001
1.40001
1.40001
1.40001
1.40001
1.40001
1.40001
1.40001
1.40001
1.40001
1.40001
1.40001
1.40001
1.40001
1.40001
1.40001
1.40001
1.40001
1.40001
1.40001
1.40001
1.40001
1.40001
1.40001
1.40001
1.40001
1.40001
1.40001
1.40001
1.40001
1.40001
1.40001
1.40001
1.40001
1.40001
1.40001
1.40001
1.40001
1.40001
1.40001
1.40001
1.40001
1.40001
1.40001
1.40001
1.40001
1.40001
1.40001
1.40001
1.40001
1.40001
1.40001
1.40001
1.40001
1.40001
1.40001
1.40001
1.40001
1.40001
1.40001
1.40001
1.40001
1.40001
1.40001
1.40001
1.40001
1.40001
1.40001
1.40001
1.40001
1.40001
1.40001
1.40001
1.40001
1.40001
1.40001
1.40001
1.40001
1.40001
1.40001
1.40001
1.40001
1.40001
1.40001
1.40001
1.40001
1.40001
1.40001
1.40001
1.40001
1.40001
1.40001
1.40001
1.40001
1.40001
1.40001
1.40001
1.40001
1.40001
1.40001
1.40001
1.40001
1.40001
1.40001
1.40001
1.40001
1.40001
1.40001
1.40001
1.40001
1.40001
1.40001
1.40001
1.40001
1.40001
1.40001
1.40001
1.40001
1.40001
1.40001
1.40001
1.40001
1.40001
1.40001
1.40001
1.40001
1.40001
1.40001
1.40001
1.40001
1.40001
1.40001
1.40001
1.40001
1.40001
1.40001
1.40001
1.40001
1.40001
1.40001
1.40001
1.40001
1.40001
1.40001
1.40001
1.40001
1.40001
1.40001
1.40001
1.40001
1.40001
1.40001
1.40001
1.40001
1.40001
1.40001
1.40001
1.40001
1.40001
1.40001
1.40001
1.40001
1.40001
1.40001
1.40001
1.40001
1.40001
1.40001
1.40001
1.40001
1.40001
1.40001
1.40001
1.40001
1.40001
1.40001
1.40001
1.40001
1.40001
1.40001
1.40001
1.40001
1.40001
1.40001
1.40001
1.40001
1.40001
1.40001
1.40001
1.40001
1.40001
1.40001
1.40001
1.40001
1.40001
1.40001
1.40001
1.40001
1.40001
1.40001
1.40001
1.40001
1.40001
1.40001
1.40001
1.40001
1.40001
1.40001
1.40001
1.40001
1.40001
1.40001
1.40001
1.40001
1.40001
1.40001
1.40001
1.40001
1.40001
1.40001
1.40001
1.40001
1.40001
1.40001
1.40001
1.40001
1.40001
1.40001
1.40001
1.40001
1.40001
1.40001
1.40001
1.40001
1.40001
1.40001
1.40001
1.40001
1.40001
1.40001
1.40001
1.40001
1.40001
1.40001
1.40001
1.40001
1.40001
1.40001
1.40001
1.40001
1.40001
1.40001
1.40001
1.40001
1.40001
1.40001
1.40001
1.40001
1.40001
1.40001
1.40001
1.40001
1.40001
1.40001
1.40001
1.40001
1.40001
1.40001
1.40001
1.40001
1.40001
1.40001
1.40001
1.40001
1.40001
1.40001
1.40001
1.40001
1.40001
1.40001
1.40001
1.40001
1.40001
1.40001
1.40001
1.40001
1.40001
1.40001
1.40001
1.40001
1.40001
1.40001
1.40001
1.40001
1.40001
1.40001
1.40001
1.40001
1.40001
1.40001
1.40001
1.40001
1.40001
1.40001
1.40001
1.40001
1.40001
1.40001
1.40001
1.40001
1.40001
1.40001
1.40001
1.40001
1.40001
1.40001
1.40001
1.40001
1.40001
1.40001
1.40001
1.40001
1.40001
1.40001
1.40001
1.40001
1.40001
1.40001
1.40001
1.40001
1.40001
1.40001
1.40001
1.40001
1.40001
1.40001
1.40001
1.40001
1.40001
1.40001
1.40001
1.40001
1.40001
1.40001
1.40001
1.40001
1.40001
1.40001
1.40001
1.40001
1.40001
1.40001
1.40001
1.40001
1.40001
1.40001
1.40001
1.40001
1.40001
1.40001
1.40001
1.40001
1.40001
1.40001
1.40001
1.40001
1.40001
1.40001
1.40001
1.40001
1.40001
1.40001
1.40001
1.40001
1.40001
1.40001
1.40001
1.40001
1.40001
1.40001
1.40001
1.40001
1.40001
1.40001
1.40001
1.40001
1.40001
1.40001
1.40001
1.40001
1.40001
1.40001
1.40001
1.40001
1.40001
1.40001
1.40001
1.40001
1.40001
1.40001
1.40001
1.40001
1.40001
1.40001
1.40001
1.40001
1.40001
1.40001
1.40001
1.40001
1.40001
1.40001
1.40001
1.40001
1.40001
1.40001
1.40001
1.40001
1.40001
1.40001
1.40001
1.40001
1.40001
1.40001
1.40001
1.40001
1.40001
1.40001
1.40001
1.40001
1.40001
1.40001
1.40001
1.40001
1.40001
1.40001
1.40001
1.40001
1.40001
1.40001
1.40001
1.40001
1.40001
1.40001
1.40001
1.40001
1.40001
1.40001
1.40001
1.40001
1.40001
1.40001
1.40001
1.40001
1.40001
1.40001
1.40001
1.40001
1.40001
1.40001
1.40001
1.40001
1.40001
1.40001
1.40001
1.40001
1.40001
1.40001
1.40001
1.40001
1.40001
1.40001
1.40001
1.40001
1.40001
1.40001
1.40001
1.40001
1.40001
1.40001
1.40001
1.40001
1.40001
1.40001
1.40001
1.40001
1.40001
1.40001
1.40001
1.40001
1.40001
1.40001
1.40001
1.40001
1.40001
1.40001
1.40001
1.40001
1.40001
1.40001
1.40001
1.40001
1.40001
1.40001
1.40001
1.40001
1.40001
1.40001
1.40001
1.40001
1.40001
1.40001
1.40001
1.40001
1.40001
1.40001
1.40001
1.40001
1.40001
1.40001
1.40001
1.40001
1.40001
1.40001
1.40001
1.40001
1.40001
1.40001
1.40001
1.40001
1.40001
1.40001
1.40001
1.40001
1.40001
1.40001
1.40001
1.40001
1.40001
1.40001
1.40001
1.40001
1.40001
1.40001
1.40001
1.40001
1.40001
1.40001
1.40001
1.40001
1.40001
1.40001
1.40001
1.40001
1.40001
1.40001
1.40001
1.40001
1.40001
1.40001
1.40001
1.40001
1.40001
1.40001
1.40001
1.40001
1.40001
1.40001
1.40001
1.40001
1.40001
1.40001
1.40001
1.40001
1.40001
1.40001
1.40001
1.40001
1.40001
1.40001
1.40001
1.40001
1.40001
1.40001
1.40001
1.40001
1.40001
1.40001
1.40001
1.40001
1.40001
1.40001
1.40001
1.40001
1.40001
1.40001
1.40001
1.40001
1.40001
1.40001
1.40001
1.40001
1.40001
1.40001
1.40001
1.40001
1.40001
1.40001
1.40001
1.40001
1.40001
1.40001
1.40001
1.40001
1.40001
1.40001
1.40001
1.40001
1.40001
1.40001
1.40001
1.40001
1.40001
1.40001
1.40001
1.40001
1.40001
1.40001
1.40001
1.40001
1.40001
1.40001
1.40001
1.40001
1.40001
1.40001
1.40001
1.40001
1.40001
1.40001
1.40001
1.40001
1.40001
1.40001
1.40001
1.40001
1.40001
1.40001
1.40001
1.40001
1.40001
1.40001
1.40001
1.40001
1.40001
1.40001
1.40001
1.40001
1.40001
1.40001
1.40001
1.40001
1.40001
1.40001
1.40001
1.40001
1.40001
1.40001
1.40001
1.40001
1.40001
1.40001
1.40001
1.40001
1.40001
1.40001
1.40001
1.40001
1.40001
1.40001
1.40001
1.40001
1.40001
1.40001
1.40001
1.40001
1.40001
1.40001
1.40001
1.40001
1.40001
1.40001
1.40001
1.40001
1.40001
1.40001
1.40001
1.40001
1.40001
1.40001
1.40001
1.40001
1.40001
1.40001
1.40001
1.40001
1.40001
1.40001
1.40001
1.40001
1.40001
1.40001
1.40001
1.40001
1.40001
1.40001
1.40001
1.40001
1.40001
1.40001
1.40001
1.40001
1.40001
1.40001
1.40001
1.40001
1.40001
1.40001
1.40001
1.40001
1.40001
1.40001
1.40001
1.40001
1.40001
1.40001
1.40001
1.40001
1.40001
1.40001
1.40001
1.40001
1.40001
1.40001
1.40001
1.40001
1.40001
1.40001
1.40001
1.40001
1.40001
1.40001
1.40001
1.40001
1.40001
1.40001
1.40001
1.40001
1.40001
1.40001
1.40001
1.40001
1.40001
1.40001
1.40001
1.40001
1.40001
1.40001
1.40001
1.40001
1.40001
1.40001
1.40001
1.40001
1.40001
1.40001
1.40001
1.40001
1.40001
1.40001
1.40001
1.40001
1.40001
1.40001
1.40001
1.40001
1.40001
1.40001
1.40001
1.40001
1.40001
1.40001
1.40001
1.40001
1.40001
1.40001
1.40001
1.40001
1.40001
1.40001
1.40001
1.40001
1.40001
1.40001
1.40001
1.40001
1.40001
1.40001
1.40001
1.40001
1.40001
1.40001
1.40001
1.40001
1.40001
1.40001
1.40001
1.40001
1.40001
1.40001
1.40001
1.40001
1.40001
1.40001
1.40001
1.40001
1.40001
1.40001
1.40001
1.40001
1.40001
1.40001
1.40001
1.40001
1.40001
1.40001
1.40001
1.40001
1.40001
1.40001
1.40001
1.40001
1.40001
1.40001
1.40001
1.40001
1.40001
1.40001
1.40001
1.40001
1.40001
1.40001
1.40001
1.40001
1.40001
1.40001
1.40001
1.40001
1.40001
1.40001
1.40001
1.40001
1.40001
1.40001
1.40001
1.40001
1.40001
1.40001
1.40001
1.40001
1.40001
1.40001
1.40001
1.40001
1.40001
1.40001
1.40001
1.40001
1.40001
1.40001
1.40001
1.40001
1.40001
1.40001
1.40001
1.40001
1.40001
1.40001
1.40001
1.40001
1.40001
1.40001
1.40001
1.40001
1.40001
1.40001
1.40001
1.40001
1.40001
1.40001
1.40001
1.40001
1.40001
1.40001
1.40001
1.40001
1.40001
1.40001
1.40001
1.40001
1.40001
1.40001
1.40001
1.40001
1.40001
1.40001
1.40001
1.40001
1.40001
1.40001
1.40001
1.40001
1.40001
1.40001
1.40001
1.40001
1.40001
1.40001
1.40001
1.40001
1.40001
1.40001
1.40001
1.40001
1.40001
1.40001
1.40001
1.40001
1.40001
1.40001
1.40001
1.40001
1.40001
1.40001
1.40001
1.40001
1.40001
1.40001
1.40001
1.40001
1.40001
1.40001
1.40001
1.40001
1.40001
1.40001
1.40001
1.40001
1.40001
1.40001
1.40001
1.40001
1.40001
1.40001
1.40001
1.40001
1.40001
1.40001
1.40001
1.40001
1.40001
1.40001
1.40001
1.40001
1.40001
1.40001
1.40001
1.40001
1.40001
1.40001
1.40001
1.40001
1.40001
1.40001
1.40001
1.40001
1.40001
1.40001
1.40001
1.40002
1.40001
1.40001
1.40001
1.40001
1.40001
1.40001
1.40001
1.40001
1.40001
1.40001
1.40001
1.40001
1.40001
1.40001
1.40001
1.40001
1.40001
1.40001
1.40001
1.40001
1.40001
1.40001
1.40001
1.40001
1.40001
1.40001
1.40001
1.40001
1.40001
1.40001
1.40001
1.40001
1.40001
1.40001
1.40001
1.40001
1.40001
1.40001
1.40001
1.40001
1.40001
1.40001
1.40001
1.40001
1.40001
1.40001
1.40001
1.40001
1.40001
1.40001
1.40001
1.40001
1.40001
1.40001
1.40001
1.40001
1.40001
1.40001
1.40001
1.40001
1.40001
1.40001
1.40001
1.40001
1.40001
1.40001
1.40001
1.40001
1.40001
1.40001
1.40001
1.40001
1.40001
1.40001
1.40001
1.40001
1.40001
1.40001
1.40001
1.40001
1.40001
1.40001
1.40001
1.40001
1.40002
1.40002
1.40004
1.40007
1.40012
1.40019
1.40027
1.40046
1.4008
1.40114
1.40156
1.40259
1.40001
1.40001
1.40001
1.40001
1.40001
1.40001
1.40001
1.40001
1.40001
1.40001
1.40001
1.40001
1.40001
1.40001
1.40001
1.40001
1.40001
1.40001
1.40001
1.40001
1.40001
1.40001
1.40001
1.40001
1.40001
1.40001
1.40001
1.40001
1.40001
1.40001
1.40001
1.40001
1.40001
1.40001
1.40001
1.40001
1.40001
1.40001
1.40001
1.40001
1.40001
1.40001
1.40001
1.40001
1.40001
1.40001
1.40001
1.40001
1.40001
1.40001
1.40001
1.40001
1.40001
1.40001
1.40001
1.40001
1.40001
1.40001
1.40001
1.40001
1.40001
1.40001
1.40001
1.40001
1.40001
1.40001
1.40001
1.40001
1.40001
1.40001
1.40001
1.40001
1.40001
1.40001
1.40002
1.40003
1.40004
1.40007
1.40013
1.40024
1.40039
1.40057
1.40094
1.4016
1.40242
1.4033
1.40474
1.40744
1.41071
1.41346
1.4173
1.4251
1.43334
1.43954
1.44854
1.46437
1.40001
1.40001
1.40001
1.40001
1.40001
1.40001
1.40001
1.40001
1.40001
1.40001
1.40001
1.40001
1.40001
1.40001
1.40001
1.40001
1.40001
1.40001
1.40001
1.40001
1.40001
1.40001
1.40001
1.40001
1.40001
1.40001
1.40001
1.40001
1.40001
1.40001
1.40001
1.40001
1.40001
1.40001
1.40001
1.40001
1.40001
1.40001
1.40001
1.40001
1.40001
1.40001
1.40001
1.40001
1.40001
1.40001
1.40001
1.40001
1.40001
1.40001
1.40001
1.40001
1.40001
1.40001
1.40001
1.40001
1.40001
1.40001
1.40001
1.40001
1.40001
1.40001
1.40001
1.40001
1.40001
1.40002
1.40004
1.40007
1.40011
1.4002
1.40037
1.40061
1.40092
1.40147
1.40253
1.40392
1.40533
1.40755
1.41183
1.41719
1.42186
1.428
1.43957
1.45363
1.46394
1.47534
1.49702
1.52392
1.54105
1.55761
1.58938
1.62814
1.64696
1.66371
1.699
1.74154
1.40001
1.40001
1.40001
1.40001
1.40001
1.40001
1.40001
1.40001
1.40001
1.40001
1.40001
1.40001
1.40001
1.40001
1.40001
1.40001
1.40001
1.40001
1.40001
1.40001
1.40001
1.40001
1.40001
1.40001
1.40001
1.40001
1.40001
1.40001
1.40001
1.40001
1.40001
1.40001
1.40001
1.40001
1.40001
1.40001
1.40001
1.40001
1.40001
1.40001
1.40001
1.40001
1.40001
1.40001
1.40001
1.40001
1.40001
1.40001
1.40001
1.40001
1.40001
1.40001
1.40001
1.40001
1.40001
1.40002
1.40003
1.40006
1.40011
1.40017
1.4003
1.40054
1.4009
1.40134
1.40207
1.40348
1.40546
1.40748
1.41035
1.41582
1.4232
1.42971
1.43772
1.45263
1.47235
1.48679
1.50199
1.52973
1.56544
1.58697
1.60712
1.64558
1.6982
1.72176
1.74131
1.77855
1.83148
1.84878
1.86431
1.89849
1.95324
1.96282
1.9679
1.98578
2.01681
2.02883
1.40001
1.40001
1.40001
1.40001
1.40001
1.40001
1.40001
1.40001
1.40001
1.40001
1.40001
1.40001
1.40001
1.40001
1.40001
1.40001
1.40001
1.40001
1.40001
1.40001
1.40001
1.40001
1.40001
1.40001
1.40001
1.40001
1.40001
1.40001
1.40001
1.40001
1.40001
1.40001
1.40001
1.40001
1.40001
1.40001
1.40001
1.40001
1.40001
1.40001
1.40001
1.40001
1.40001
1.40001
1.40001
1.40002
1.40002
1.40004
1.40008
1.40014
1.40024
1.4004
1.4007
1.40121
1.40186
1.40275
1.40447
1.40715
1.41005
1.4136
1.41999
1.42936
1.43791
1.44727
1.46361
1.48746
1.50581
1.52374
1.55491
1.59948
1.62551
1.64817
1.68995
1.75031
1.77859
1.80244
1.84771
1.91163
1.92606
1.93834
1.96906
2.02258
2.03742
2.04555
2.06624
2.09615
2.09816
2.09652
2.10475
2.12136
2.13011
2.12973
2.12802
2.1272
2.12636
2.12566
1.40001
1.40001
1.40001
1.40001
1.40001
1.40001
1.40001
1.40001
1.40001
1.40001
1.40001
1.40001
1.40001
1.40001
1.40001
1.40001
1.40001
1.40001
1.40001
1.40001
1.40001
1.40001
1.40001
1.40001
1.40001
1.40001
1.40001
1.40001
1.40001
1.40001
1.40001
1.40001
1.40001
1.40001
1.40001
1.40001
1.40002
1.40003
1.40005
1.40009
1.40017
1.4003
1.4005
1.40082
1.40144
1.40237
1.40348
1.40528
1.40847
1.41256
1.41681
1.42351
1.43466
1.44654
1.45746
1.47409
1.5017
1.52516
1.54484
1.5751
1.62553
1.65758
1.68267
1.72389
1.7897
1.82005
1.84368
1.88868
1.96346
1.98523
1.99999
2.03202
2.08314
2.09343
2.10056
2.12439
2.15788
2.16488
2.16222
2.16409
2.17127
2.17753
2.17811
2.17859
2.17879
2.17743
2.17351
2.16938
2.16562
2.16176
2.15767
2.15409
2.14977
2.1425
2.13785
2.13465
1.40001
1.40001
1.40001
1.40001
1.40001
1.40001
1.40001
1.40001
1.40001
1.40001
1.40001
1.40001
1.40001
1.40001
1.40001
1.40001
1.40001
1.40001
1.40001
1.40001
1.40001
1.40001
1.40001
1.40001
1.40001
1.40001
1.40001
1.40002
1.40003
1.40006
1.4001
1.40017
1.40032
1.40059
1.40096
1.40151
1.40262
1.40428
1.40614
1.40909
1.41418
1.42015
1.42674
1.43732
1.45323
1.46741
1.4833
1.5104
1.54252
1.56562
1.59255
1.64319
1.68655
1.71434
1.75041
1.82126
1.86128
1.88329
1.91832
1.98813
2.01858
2.03649
2.06994
2.12721
2.1398
2.14313
2.16083
2.19576
2.20939
2.21062
2.21859
2.2292
2.22894
2.22372
2.22124
2.22115
2.22253
2.22081
2.21634
2.21085
2.20476
2.19996
2.19558
2.18875
2.18234
2.17891
2.17495
2.16774
2.15358
2.14193
2.13449
2.12662
2.10971
2.09177
2.08243
2.07021
1.40001
1.40001
1.40001
1.40001
1.40001
1.40001
1.40001
1.40001
1.40001
1.40001
1.40001
1.40001
1.40001
1.40001
1.40001
1.40001
1.40001
1.40001
1.40001
1.40002
1.40004
1.40009
1.40016
1.40027
1.40053
1.401
1.40157
1.40243
1.40423
1.40695
1.40966
1.41393
1.42195
1.43075
1.43955
1.45402
1.47573
1.49408
1.51456
1.54978
1.58422
1.61173
1.64971
1.70746
1.74357
1.77407
1.8314
1.8944
1.92136
1.94854
2.00879
2.05223
2.06764
2.09172
2.14766
2.17515
2.179
2.19024
2.21779
2.22738
2.23046
2.24248
2.26072
2.26421
2.26316
2.25991
2.2588
2.2584
2.25866
2.25988
2.25808
2.25443
2.24794
2.23875
2.23063
2.22432
2.21803
2.21046
2.20143
2.188
2.17187
2.15586
2.14134
2.11823
2.09761
2.08886
2.07824
2.05899
2.01694
1.99474
1.98839
1.9776
1.9524
1.91958
1.90716
1.88906
1.40001
1.40001
1.40001
1.40001
1.40001
1.40001
1.40001
1.40001
1.40001
1.40001
1.40002
1.40003
1.40005
1.40011
1.40022
1.40038
1.40073
1.4014
1.40224
1.40348
1.4061
1.40994
1.41363
1.41944
1.43088
1.4428
1.45368
1.47245
1.50156
1.52395
1.54721
1.5909
1.63333
1.66325
1.70404
1.7659
1.804
1.83756
1.90044
1.95056
1.97937
2.01822
2.07881
2.10049
2.11658
2.15344
2.19541
2.20569
2.21607
2.24249
2.25326
2.25326
2.25837
2.27183
2.28263
2.28427
2.2839
2.28186
2.27901
2.27786
2.27765
2.27945
2.28124
2.28038
2.27594
2.26788
2.26114
2.25563
2.24439
2.23197
2.22272
2.2123
2.1882
2.15645
2.13963
2.12625
2.09961
2.0676
2.05055
2.03552
2.00611
1.97523
1.95281
1.93588
1.90731
1.88545
1.87433
1.85679
1.83053
1.79103
1.77231
1.76832
1.75939
1.74467
1.72244
1.69449
1.40001
1.40001
1.40001
1.40002
1.40005
1.40009
1.40022
1.40045
1.40078
1.4015
1.4028
1.40445
1.4073
1.41219
1.4176
1.42516
1.43902
1.45409
1.46813
1.49174
1.52716
1.55326
1.57885
1.6311
1.68255
1.71322
1.75434
1.82646
1.86727
1.89619
1.9599
2.01503
2.03896
2.07307
2.12676
2.14832
2.16385
2.19732
2.2225
2.23623
2.2579
2.27568
2.27665
2.27939
2.28668
2.2949
2.29968
2.30031
2.30027
2.29981
2.29765
2.29567
2.29521
2.29517
2.29486
2.29306
2.28834
2.28007
2.2717
2.26418
2.25106
2.23411
2.2238
2.21352
2.19111
2.1594
2.13939
2.12278
2.09492
2.05245
2.03553
2.02124
2.00057
1.9534
1.91747
1.90425
1.89034
1.86505
1.82649
1.80941
1.79462
1.77638
1.73529
1.71284
1.70662
1.69919
1.68298
1.65348
1.63011
1.61128
1.59548
1.57094
1.55923
1.55706
1.55317
1.53927
1.40053
1.40103
1.40227
1.40473
1.40734
1.4116
1.42047
1.43002
1.44171
1.46221
1.48404
1.50782
1.54557
1.58066
1.61285
1.66844
1.72458
1.75964
1.80316
1.88237
1.92361
1.95036
2.00354
2.07705
2.09915
2.11874
2.16796
2.20496
2.21153
2.22572
2.26009
2.28294
2.28251
2.28677
2.2987
2.30906
2.30964
2.30768
2.31058
2.3157
2.3162
2.31542
2.3141
2.312
2.31092
2.30932
2.30539
2.30113
2.29693
2.28799
2.27496
2.26387
2.25184
2.22809
2.20838
2.19531
2.17854
2.14255
2.1144
2.09623
2.07642
2.03408
2.00674
1.99273
1.97681
1.9419
1.89807
1.88002
1.86256
1.84136
1.79806
1.7747
1.76049
1.74353
1.71557
1.67243
1.66043
1.65183
1.63944
1.61407
1.58167
1.56116
1.5469
1.53372
1.50868
1.49781
1.49292
1.48466
1.46768
1.42938
1.40086
1.39533
1.39131
1.37955
1.3689
1.36299
1.44196
1.45861
1.49046
1.52435
1.55127
1.59848
1.65481
1.69582
1.74927
1.81621
1.86322
1.91775
1.97317
2.0127
2.05951
2.12115
2.14659
2.16772
2.20788
2.24537
2.25054
2.2612
2.28731
2.30817
2.30958
2.31407
2.32476
2.32678
2.32674
2.32862
2.33132
2.33157
2.3311
2.33061
2.32935
2.32653
2.32381
2.32163
2.31722
2.3113
2.30526
2.29702
2.27824
2.25979
2.24618
2.22789
2.19378
2.17146
2.15592
2.13241
2.0879
2.06088
2.04196
2.01736
1.96937
1.94367
1.9267
1.9083
1.86547
1.83132
1.81516
1.79896
1.77105
1.73045
1.71532
1.70081
1.68543
1.64865
1.62028
1.60737
1.59216
1.57295
1.53477
1.51495
1.50049
1.48796
1.46677
1.44073
1.43199
1.42181
1.40779
1.38034
1.34427
1.33499
1.32989
1.32287
1.30908
1.29969
1.2918
1.28003
1.25197
1.21521
1.20733
1.20643
1.2041
1.19583
1.78225
1.8406
1.92423
1.96964
2.00601
2.07942
2.13655
2.15814
2.18439
2.23924
2.26443
2.27007
2.28282
2.31251
2.3287
2.32858
2.33232
2.34321
2.34944
2.34883
2.3475
2.3481
2.34852
2.34659
2.3444
2.34315
2.3424
2.34053
2.3364
2.33239
2.32832
2.3192
2.30773
2.29734
2.28268
2.25581
2.23582
2.21971
2.19251
2.15068
2.12709
2.109
2.07637
2.02689
2.00196
1.98139
1.95022
1.89624
1.87168
1.85391
1.83368
1.78708
1.75638
1.7384
1.72035
1.68564
1.64141
1.62782
1.61503
1.60061
1.56393
1.53873
1.52283
1.50879
1.48633
1.45011
1.44031
1.43056
1.41986
1.39362
1.36845
1.35358
1.33915
1.32209
1.28727
1.27331
1.26686
1.25771
1.24447
1.22541
1.21182
1.19851
1.18134
1.15235
1.13387
1.1312
1.12937
1.12458
1.11648
1.10689
1.09456
1.0703
1.04122
1.03568
1.0349
1.03093
2.23412
2.27266
2.30243
2.31035
2.32158
2.34572
2.3563
2.3569
2.361
2.36987
2.37409
2.37472
2.37699
2.38114
2.38135
2.38094
2.37916
2.37599
2.37376
2.37183
2.3671
2.36046
2.35502
2.34873
2.33134
2.31228
2.29715
2.27364
2.23889
2.21419
2.19326
2.15216
2.10723
2.08263
2.06024
2.01453
1.96237
1.93849
1.91707
1.88142
1.81963
1.79413
1.77669
1.75782
1.71064
1.67473
1.65297
1.63445
1.59832
1.5573
1.54288
1.52955
1.51335
1.47696
1.45173
1.42969
1.41392
1.38843
1.35343
1.34553
1.33811
1.33079
1.30601
1.27337
1.25476
1.24339
1.23781
1.21682
1.19727
1.18863
1.18132
1.17311
1.14508
1.11899
1.10216
1.09641
1.08997
1.07184
1.06049
1.05341
1.04626
1.0345
1.00996
0.984626
0.97549
0.970059
0.962163
0.958439
0.956015
0.952624
0.944313
0.923972
0.898062
0.890833
0.889244
0.884408
2.35119
2.35185
2.35148
2.35039
2.34671
2.34412
2.34278
2.33912
2.33006
2.32598
2.32548
2.3242
2.32122
2.31408
2.30771
2.30196
2.2891
2.26515
2.2478
2.23369
2.20354
2.16031
2.13555
2.11397
2.06734
2.01484
1.98795
1.96323
1.91202
1.86771
1.83832
1.80971
1.75135
1.71341
1.69358
1.67223
1.63298
1.57675
1.55727
1.53798
1.51654
1.46824
1.43278
1.424
1.41106
1.39415
1.35118
1.32223
1.30312
1.29093
1.26774
1.23915
1.23016
1.22176
1.20875
1.17736
1.15177
1.13675
1.12538
1.10574
1.09755
1.09492
1.08825
1.07235
1.03743
1.02308
1.02046
1.01578
1.00598
0.988944
0.98312
0.976999
0.967572
0.95105
0.923207
0.917305
0.917903
0.914775
0.907627
0.89647
0.887979
0.880601
0.870073
0.847233
0.834061
0.833058
0.833164
0.832121
0.829824
0.826414
0.819849
0.805253
0.787129
0.782275
0.782334
0.782844
2.40532
2.40326
2.39973
2.39439
2.38882
2.38235
2.37198
2.35866
2.34523
2.32426
2.29401
2.26328
2.22788
2.17798
2.13943
2.10658
2.05584
1.97975
1.94702
1.92161
1.88331
1.79322
1.74792
1.72589
1.70389
1.64779
1.58321
1.55856
1.54226
1.51237
1.46349
1.42514
1.40213
1.36816
1.33129
1.31381
1.29267
1.27085
1.2323
1.20772
1.18828
1.17148
1.1456
1.11338
1.10407
1.09272
1.07989
1.05271
1.02237
1.0045
0.991191
0.983782
0.970726
0.958619
0.946018
0.931409
0.916416
0.896713
0.873378
0.867047
0.866197
0.863929
0.858266
0.843221
0.818635
0.80475
0.797771
0.792603
0.782588
0.774402
0.771426
0.76727
0.758366
0.735622
0.720312
0.719703
0.719475
0.71716
0.712185
0.705657
0.698026
0.690249
0.681528
0.667869
0.661175
0.659814
0.659702
0.660527
0.659999
0.65733
0.651689
0.643316
0.639269
0.639229
0.640337
0.644764
2.34578
2.32471
2.29579
2.24915
2.20083
2.16287
2.10881
2.03208
1.98308
1.9471
1.88414
1.80974
1.76234
1.71982
1.66935
1.62456
1.58001
1.51567
1.46255
1.44891
1.42496
1.38247
1.31111
1.28801
1.27702
1.25644
1.20947
1.16304
1.15662
1.14678
1.1304
1.08188
1.05096
1.03676
1.02817
1.01536
0.979507
0.96052
0.952591
0.946516
0.934502
0.907569
0.882936
0.87808
0.875247
0.869123
0.854542
0.83099
0.817973
0.812581
0.806636
0.798341
0.785987
0.783323
0.783159
0.778799
0.767034
0.748198
0.741121
0.742671
0.744491
0.742619
0.736102
0.724861
0.715691
0.71535
0.714971
0.707461
0.694462
0.69302
0.693782
0.692505
0.687654
0.681482
0.676619
0.675671
0.675741
0.675645
0.672806
0.666817
0.657754
0.647706
0.645409
0.644841
0.643637
0.63827
0.634639
0.634514
0.635325
0.635254
0.631416
0.623734
0.621238
0.621285
0.622716
0.629295
2.19091
2.06158
1.92858
1.80914
1.69948
1.59135
1.48053
1.40387
1.33595
1.26485
1.16729
1.09557
1.057
1.01169
0.948313
0.868208
0.834731
0.816797
0.785878
0.737589
0.675153
0.650322
0.64427
0.631895
0.604725
0.560234
0.529376
0.527692
0.531108
0.527339
0.504675
0.475453
0.470354
0.473124
0.47293
0.463669
0.447726
0.445547
0.452019
0.455233
0.453621
0.445971
0.443458
0.446766
0.458121
0.461382
0.458554
0.455636
0.456436
0.461178
0.465251
0.470149
0.477461
0.48297
0.489856
0.499176
0.50011
0.498555
0.499454
0.50814
0.526388
0.53404
0.537406
0.539973
0.544701
0.558628
0.566727
0.565795
0.563001
0.563189
0.568178
0.58369
0.600823
0.604569
0.605235
0.608185
0.616292
0.625844
0.634438
0.640302
0.64082
0.640839
0.642461
0.645539
0.650119
0.656709
0.662615
0.665833
0.666354
0.66599
0.662296
0.658834
0.658866
0.660415
0.66768
0.681056
1.40001
1.40001
1.40001
1.40001
1.40001
1.40001
1.40001
1.40001
1.40001
1.40001
1.40001
1.40001
1.40001
1.40001
1.40001
1.40001
1.40001
1.40001
1.40001
1.40001
1.40001
1.40001
1.40001
1.40001
1.40001
1.40001
1.40001
1.40001
1.40001
1.40001
1.40001
1.40001
1.40001
1.40001
1.40001
1.40001
1.40001
1.40001
1.40001
1.40001
1.40001
1.40001
1.40001
1.40001
1.40001
1.40001
1.40001
1.40001
1.40001
1.40001
1.40001
1.40001
1.40001
1.40001
1.40001
1.40001
1.40001
1.40001
1.40001
1.40001
1.40001
1.40001
1.40001
1.40001
1.40001
1.40001
1.40001
1.40001
1.40001
1.40001
1.40001
1.40001
1.40001
1.40001
1.40001
1.40001
1.40001
1.40001
1.40001
1.40001
1.40001
1.40001
1.40001
1.40001
1.40001
1.40001
1.40001
1.40001
1.40001
1.40001
1.40001
1.40001
1.40001
1.40001
1.40001
1.40001
1.40001
1.40001
1.40001
1.40001
1.40001
1.40001
1.40001
1.40001
1.40001
1.40001
1.40001
1.40001
1.40001
1.40001
1.40001
1.40001
1.40001
1.40001
1.40001
1.40001
1.40001
1.40001
1.40001
1.40001
1.40001
1.40001
1.40001
1.40001
1.40001
1.40001
1.40001
1.40001
1.40001
1.40001
1.40001
1.40001
1.40001
1.40001
1.40001
1.40001
1.40001
1.40001
1.40001
1.40001
1.40001
1.40001
1.40001
1.40001
1.40001
1.40001
1.40001
1.40001
1.40001
1.40001
1.40001
1.40001
1.40001
1.40001
1.40001
1.40001
1.40001
1.40001
1.40001
1.40001
1.40001
1.40001
1.40001
1.40001
1.40001
1.40001
1.40001
1.40001
1.40001
1.40001
1.40001
1.40001
1.40001
1.40001
1.40001
1.40001
1.40001
1.40001
1.40001
1.40001
1.40001
1.40001
1.40001
1.40001
1.40001
1.40001
1.40001
1.40001
1.40001
1.40001
1.40001
1.40001
1.40001
1.40001
1.40001
1.40001
1.40001
1.40001
1.40001
1.40001
1.40001
1.40001
1.40001
1.40001
1.40001
1.40001
1.40001
1.40001
1.40001
1.40001
1.40001
1.40001
1.40001
1.40001
1.40001
1.40001
1.40001
1.40001
1.40001
1.40001
1.40001
1.40001
1.40001
1.40001
1.40001
1.40001
1.40001
1.40001
1.40001
1.40001
1.40001
1.40001
1.40001
1.40001
1.40001
1.40001
1.40001
1.40001
1.40001
1.40001
1.40001
1.40001
1.40001
1.40001
1.40001
1.40001
1.40001
1.40001
1.40001
1.40001
1.40001
1.40001
1.40001
1.40001
1.40001
1.40001
1.40001
1.40001
1.40001
1.40001
1.40001
1.40001
1.40001
1.40001
1.40001
1.40001
1.40001
1.40001
1.40001
1.40001
1.40001
1.40001
1.40001
1.40001
1.40001
1.40001
1.40001
1.40001
1.40001
1.40001
1.40001
1.40001
1.40001
1.40001
1.40001
1.40001
1.40001
1.40001
1.40001
1.40001
1.40001
1.40001
1.40001
1.40001
1.40001
1.40001
1.40001
1.40001
1.40001
1.40001
1.40001
1.40001
1.40001
1.40001
1.40001
1.40001
1.40001
1.40001
1.40001
1.40001
1.40001
1.40001
1.40001
1.40001
1.40001
1.40001
1.40001
1.40001
1.40001
1.40001
1.40001
1.40001
1.40001
1.40001
1.40001
1.40001
1.40001
1.40001
1.40001
1.40001
1.40001
1.40001
1.40001
1.40001
1.40001
1.40001
1.40001
1.40001
1.40001
1.40001
1.40001
1.40001
1.40001
1.40001
1.40001
1.40001
1.40001
1.40001
1.40001
1.40001
1.40001
1.40001
1.40001
1.40001
1.40001
1.40001
1.40001
1.40001
1.40001
1.40001
1.40001
1.40001
1.40001
1.40001
1.40001
1.40001
1.40001
1.40001
1.40001
1.40001
1.40001
1.40001
1.40001
1.40001
1.40001
1.40001
1.40001
1.40001
1.40001
1.40001
1.40001
1.40001
1.40001
1.40001
1.40001
1.40001
1.40001
1.40001
1.40001
1.40001
1.40001
1.40001
1.40001
1.40001
1.40001
1.40001
1.40001
1.40001
1.40001
1.40001
1.40001
1.40002
1.40003
1.40003
1.40003
1.40003
1.40003
1.40002
1.40002
1.40001
1.40001
1.40001
1.40001
1.40001
1.40001
1.40001
1.40001
1.40001
1.40001
1.40001
1.40001
1.40001
1.40001
1.40001
1.40001
1.40001
1.40001
1.40001
1.40001
1.40001
1.40001
1.40001
1.40001
1.40001
1.40001
1.40001
1.40001
1.40001
1.40001
1.40001
1.40001
1.40001
1.40001
1.40002
1.40004
1.40012
1.40031
1.40064
1.40114
1.40174
1.40229
1.40258
1.40261
1.4025
1.40217
1.40167
1.40111
1.40064
1.40031
1.40013
1.40004
1.40001
1.40001
1.40001
1.40001
1.40001
1.40001
1.40001
1.40001
1.40001
1.40001
1.40001
1.40001
1.40001
1.40001
1.40001
1.40001
1.40001
1.40001
1.40001
1.40001
1.40001
1.40001
1.40001
1.40001
1.40001
1.40001
1.40001
1.40004
1.40017
1.40058
1.40162
1.40383
1.40772
1.41343
1.42075
1.42834
1.43492
1.4392
1.44066
1.44001
1.43752
1.43291
1.42675
1.41999
1.41358
1.40826
1.4044
1.40201
1.40076
1.40022
1.40005
1.40001
1.40001
1.40001
1.40001
1.40001
1.40001
1.40001
1.40001
1.40001
1.40001
1.40001
1.40001
1.40001
1.40001
1.40001
1.40001
1.40001
1.40001
1.40001
1.40001
1.40001
1.40006
1.40031
1.40118
1.40376
1.40968
1.42096
1.43852
1.462
1.4887
1.51506
1.53982
1.55588
1.56558
1.56862
1.56634
1.55944
1.54779
1.53234
1.51405
1.49391
1.47311
1.45305
1.43526
1.42101
1.41092
1.40474
1.40157
1.40032
1.40002
1.4
1.4
1.4
1.4
1.4
1.4
1.4
1.40001
1.40001
1.40001
1.40001
1.40001
1.40001
1.40001
1.40001
1.40001
1.40005
1.40029
1.40137
1.40496
1.41451
1.4332
1.46535
1.50821
1.55873
1.60928
1.65243
1.68373
1.70687
1.71681
1.71564
1.71131
1.70266
1.68949
1.67245
1.65287
1.63163
1.60878
1.58406
1.55731
1.5288
1.49957
1.47137
1.44634
1.42641
1.41246
1.40418
1.40053
1.39978
1.39979
1.39982
1.39986
1.3999
1.39993
1.39996
1.39998
1.39999
1.4
1.4
1.4
1.4
1.4
1.40009
1.40079
1.40408
1.41381
1.43716
1.47833
1.54149
1.6101
1.68316
1.7445
1.78687
1.81571
1.8277
1.8256
1.81886
1.80428
1.78657
1.76936
1.75125
1.73111
1.7097
1.68859
1.66798
1.6473
1.62602
1.60338
1.57863
1.55136
1.52181
1.4913
1.46192
1.43634
1.41675
1.4039
1.39785
1.39687
1.39702
1.39734
1.39775
1.39817
1.39857
1.39892
1.3992
1.39942
1.3996
1.39973
1.39983
1.39993
1.40748
1.4274
1.47324
1.54298
1.62999
1.72952
1.80417
1.8603
1.89467
1.90948
1.90689
1.8991
1.884
1.86273
1.83836
1.81434
1.79253
1.77186
1.75087
1.72946
1.70829
1.68782
1.66834
1.64967
1.63082
1.61087
1.5897
1.56806
1.54396
1.51684
1.48776
1.45853
1.43193
1.4099
1.39386
1.38492
1.38329
1.38372
1.38466
1.38594
1.38745
1.38912
1.39084
1.39254
1.39413
1.39559
1.39677
1.39828
1.51065
1.61266
1.73211
1.82832
1.90844
1.95266
1.96962
1.97257
1.96491
1.94786
1.92528
1.90193
1.87978
1.85574
1.82857
1.79926
1.77093
1.74424
1.71871
1.6942
1.67158
1.65162
1.63472
1.62056
1.60799
1.59583
1.58248
1.56539
1.54501
1.52135
1.49472
1.46772
1.43955
1.41299
1.38757
1.36523
1.35253
1.35009
1.3506
1.35192
1.35412
1.35732
1.3615
1.36639
1.37162
1.37698
1.38162
1.38838
1.80993
1.93135
1.98467
2.01662
2.02514
2.01706
2.00122
1.98389
1.9654
1.94248
1.91114
1.87429
1.83426
1.79172
1.74764
1.70532
1.66891
1.63764
1.60875
1.58312
1.56264
1.54555
1.53261
1.5258
1.52246
1.52042
1.51844
1.51564
1.51098
1.50266
1.48876
1.46749
1.44047
1.4074
1.37175
1.34043
1.31499
1.301
1.29891
1.2998
1.30241
1.30709
1.31382
1.32221
1.33159
1.34174
1.35079
1.36516
2.05671
2.0781
2.06826
2.05348
2.03982
2.02151
1.99494
1.95888
1.91543
1.86556
1.81062
1.75511
1.70274
1.65394
1.60724
1.56731
1.53582
1.50561
1.47822
1.45897
1.44279
1.42541
1.41562
1.41539
1.41641
1.41763
1.41958
1.42134
1.42165
1.41991
1.41513
1.40452
1.38562
1.35997
1.33221
1.30255
1.27222
1.24775
1.23866
1.23937
1.24334
1.25064
1.26053
1.27238
1.28566
1.29996
1.31294
1.33409
2.11962
2.09923
2.07556
2.04921
2.01142
1.9612
1.90075
1.83569
1.77217
1.71374
1.65856
1.60707
1.56096
1.51659
1.47659
1.44649
1.41733
1.38691
1.36677
1.35246
1.33556
1.3206
1.3152
1.31571
1.31828
1.3217
1.32588
1.32837
1.32804
1.32616
1.32263
1.31656
1.30754
1.29536
1.27967
1.26148
1.24211
1.22212
1.20871
1.20913
1.2153
1.22537
1.23696
1.24988
1.26349
1.27783
1.2903
1.31111
2.11583
2.07179
2.01519
1.94662
1.87457
1.80699
1.73871
1.67427
1.61963
1.56771
1.51893
1.47787
1.43787
1.39781
1.36696
1.33999
1.30852
1.28551
1.27203
1.2564
1.23932
1.22925
1.22416
1.22337
1.22491
1.22899
1.23092
1.23068
1.22972
1.22982
1.22932
1.22766
1.22597
1.22448
1.22146
1.2179
1.2126
1.20073
1.18662
1.18704
1.19426
1.20364
1.2144
1.22716
1.24101
1.25538
1.26752
1.28906
2.01917
1.93535
1.84975
1.77319
1.70824
1.64147
1.5777
1.53079
1.48614
1.43786
1.39838
1.36259
1.32203
1.29043
1.26819
1.24083
1.21291
1.19719
1.18428
1.16592
1.15572
1.15396
1.15094
1.14846
1.14947
1.15378
1.15747
1.16085
1.16375
1.16554
1.16867
1.17395
1.18236
1.19406
1.20537
1.20839
1.20796
1.19921
1.18589
1.18738
1.1963
1.20653
1.21726
1.22938
1.24276
1.25669
1.2688
1.28886
1.83195
1.748
1.67474
1.61505
1.54932
1.48473
1.44552
1.40823
1.35859
1.31788
1.28849
1.25299
1.21829
1.19514
1.17138
1.13964
1.11969
1.1089
1.09425
1.07671
1.07109
1.06966
1.06638
1.06142
1.05932
1.06073
1.06462
1.06986
1.07542
1.08263
1.09596
1.11816
1.14674
1.17622
1.20634
1.22953
1.23788
1.24123
1.23963
1.24222
1.24647
1.24633
1.24697
1.25066
1.25686
1.26527
1.27465
1.29022
1.64403
1.57911
1.52341
1.46027
1.39682
1.359
1.32685
1.27862
1.23475
1.21082
1.18449
1.14846
1.12222
1.10276
1.07615
1.05254
1.04343
1.03541
1.01622
1.00438
1.0038
1.00217
0.997893
0.992031
0.988315
0.988367
0.9924
1.00484
1.02649
1.05353
1.08357
1.11816
1.15884
1.21374
1.28561
1.34473
1.35897
1.35946
1.35713
1.35019
1.33681
1.31644
1.29453
1.27964
1.27463
1.27383
1.27491
1.28436
1.47824
1.42467
1.37128
1.31047
1.27035
1.24066
1.19789
1.15362
1.13106
1.11043
1.07569
1.04195
1.02338
1.00583
0.980706
0.961414
0.951449
0.940163
0.920711
0.912627
0.914505
0.914788
0.911664
0.904744
0.906352
0.913049
0.933382
0.967114
1.01066
1.06753
1.14199
1.22441
1.30134
1.37151
1.43112
1.45496
1.45537
1.45292
1.44597
1.4327
1.40932
1.37667
1.34144
1.31276
1.29984
1.29727
1.29594
1.29694
1.32488
1.26948
1.22097
1.17644
1.14468
1.11154
1.0716
1.04741
1.03172
1.00766
0.976302
0.958685
0.947333
0.926978
0.899455
0.885179
0.87641
0.862554
0.84758
0.843527
0.842821
0.842995
0.846121
0.854618
0.868711
0.894336
0.936101
1.00288
1.10428
1.22873
1.33091
1.39818
1.44779
1.47138
1.47317
1.47038
1.46563
1.45952
1.45021
1.43571
1.4177
1.39671
1.3708
1.34176
1.31906
1.31082
1.30935
1.30878
1.16866
1.12256
1.08167
1.04837
1.01978
0.985604
0.952839
0.932572
0.913949
0.887947
0.864102
0.851113
0.838392
0.81063
0.790046
0.788893
0.784494
0.773693
0.770069
0.772527
0.780093
0.795491
0.817574
0.859942
0.932185
1.03789
1.1552
1.27133
1.36579
1.4193
1.45782
1.48624
1.49723
1.49695
1.49082
1.48246
1.47348
1.46415
1.45508
1.44519
1.43369
1.41822
1.39593
1.36656
1.33686
1.32129
1.31835
1.3173
1.01328
0.97522
0.94644
0.928812
0.908626
0.878332
0.860093
0.849175
0.831614
0.808477
0.791372
0.777016
0.758492
0.739177
0.72983
0.730159
0.727339
0.72675
0.729501
0.740005
0.768777
0.831047
0.943346
1.08518
1.21445
1.31602
1.38714
1.42941
1.45192
1.47052
1.48837
1.49599
1.50048
1.5005
1.49387
1.48235
1.47502
1.46999
1.46351
1.45428
1.44189
1.42691
1.40669
1.37973
1.35006
1.32945
1.32333
1.32197
0.86577
0.828487
0.802869
0.783752
0.75923
0.733734
0.727791
0.72279
0.709975
0.705866
0.70872
0.707004
0.701793
0.701728
0.705972
0.716711
0.740286
0.774322
0.825446
0.901728
1.0178
1.16249
1.27531
1.34088
1.3894
1.41869
1.44002
1.4587
1.4738
1.48485
1.49095
1.49302
1.48864
1.48094
1.47035
1.46096
1.45789
1.45581
1.45241
1.44706
1.43878
1.42628
1.40994
1.38819
1.36175
1.33831
1.32788
1.32577
0.774706
0.753671
0.740161
0.723679
0.703913
0.69266
0.682948
0.673773
0.668112
0.670353
0.680323
0.69936
0.730546
0.77895
0.838382
0.9026
0.973423
1.04219
1.10702
1.19482
1.30018
1.36136
1.3798
1.39363
1.40678
1.4233
1.44023
1.45236
1.46277
1.47105
1.47486
1.47392
1.46783
1.45766
1.44587
1.44122
1.44063
1.44003
1.43747
1.43385
1.4291
1.4221
1.41132
1.39481
1.37122
1.34636
1.33229
1.32907
0.650097
0.655353
0.66557
0.670946
0.676158
0.688026
0.71129
0.750011
0.791732
0.846738
0.912009
0.973953
1.03193
1.08032
1.11207
1.13583
1.15788
1.18327
1.22069
1.27368
1.3405
1.37903
1.381
1.38213
1.38398
1.38816
1.39956
1.41579
1.4295
1.43878
1.44586
1.45252
1.45014
1.44071
1.43265
1.42972
1.42823
1.42652
1.4244
1.42273
1.42124
1.4187
1.41278
1.39994
1.37766
1.35147
1.33535
1.3314
0.637006
0.654852
0.695654
0.749782
0.815432
0.878016
0.942699
0.995171
1.03593
1.08213
1.10417
1.12037
1.12505
1.13099
1.14555
1.16413
1.18198
1.2095
1.25295
1.29066
1.31842
1.33233
1.34053
1.3472
1.35466
1.36408
1.37751
1.39447
1.4112
1.42355
1.43114
1.43697
1.43589
1.42827
1.42334
1.42138
1.42033
1.41983
1.41969
1.41956
1.41903
1.41826
1.41498
1.40382
1.38132
1.35405
1.3368
1.33239
0.745888
0.83308
0.903725
0.967876
1.01729
1.06201
1.10175
1.12062
1.14376
1.16928
1.17178
1.16624
1.15775
1.14999
1.14267
1.14636
1.15687
1.18459
1.23468
1.28289
1.30193
1.30976
1.31713
1.32672
1.33862
1.35076
1.36361
1.38248
1.40226
1.41502
1.41922
1.42358
1.42577
1.42036
1.41678
1.41665
1.41697
1.41797
1.41973
1.4204
1.41983
1.4191
1.41627
1.40605
1.38321
1.3535
1.33457
1.32975
)
;

boundaryField
{
    inlet
    {
        type            calculated;
        value           uniform 1.40001;
    }
    outlet
    {
        type            calculated;
        value           nonuniform List<scalar> 
64
(
1.3332
1.33226
1.3298
1.32816
1.32539
1.32226
1.31826
1.309
1.29691
1.28336
1.28895
1.28825
1.28911
1.31123
1.33472
1.36536
1.3883
1.39821
1.39992
1.4
1.40001
1.40001
1.40001
1.40001
1.40001
1.40001
1.40001
1.40001
1.40001
1.40001
1.40001
1.40001
1.40001
1.40001
1.40001
1.40001
1.40001
1.40001
1.40001
1.40001
1.40001
1.40001
1.40001
1.40001
1.4
1.39993
1.39825
1.38827
1.36494
1.33381
1.31088
1.28885
1.28868
1.2901
1.28429
1.29697
1.30882
1.31733
1.322
1.3258
1.3291
1.33144
1.33244
1.3298
)
;
    }
    bottom
    {
        type            symmetryPlane;
    }
    top
    {
        type            symmetryPlane;
    }
    obstacle
    {
        type            calculated;
        value           nonuniform List<scalar> 
384
(
0.681789
0.669839
0.662146
0.660592
0.660612
0.663533
0.66593
0.665975
0.664394
0.661377
0.656081
0.649078
0.644955
0.642162
0.640634
0.640799
0.640899
0.636687
0.627348
0.6164
0.607163
0.60367
0.603023
0.600557
0.585004
0.567974
0.562567
0.562429
0.565179
0.566085
0.557457
0.54481
0.541207
0.538816
0.534684
0.525977
0.507264
0.498666
0.497944
0.50002
0.50029
0.4926
0.481721
0.475698
0.470218
0.465796
0.460945
0.456332
0.455829
0.458619
0.461266
0.457839
0.446731
0.443674
0.446404
0.453885
0.455253
0.451844
0.445474
0.447795
0.463892
0.472855
0.472995
0.470235
0.475605
0.504925
0.527337
0.531036
0.527575
0.529356
0.560263
0.604703
0.631945
0.644397
0.650466
0.674924
0.737583
0.786186
0.816964
0.834678
0.867876
0.948403
1.01152
1.05654
1.09544
1.16772
1.26492
1.33581
1.40395
1.4807
1.59127
1.69937
1.80915
1.92861
2.06156
2.19087
2.28948
2.28985
2.29253
2.2946
2.30109
2.30613
2.30949
2.31058
2.31044
2.31109
2.31793
2.33131
2.33729
2.34031
2.34316
2.34527
2.34671
2.35111
2.36321
2.37739
2.38851
2.3987
2.40984
2.42072
2.43068
2.44236
2.45799
2.47531
2.49049
2.50243
2.51375
2.52763
2.54512
2.55693
2.56792
2.58135
2.59649
2.60288
2.61045
2.62366
2.63038
2.63229
2.63797
2.64364
2.64137
2.63899
2.64677
2.64963
2.64434
2.63369
2.63219
2.63567
2.62676
2.60707
2.60292
2.605
2.59162
2.56326
2.55318
2.55219
2.53568
2.49943
2.4809
2.47194
2.46113
2.42491
2.39554
2.37817
2.36553
2.3399
2.29762
2.27369
2.25638
2.23343
2.18679
2.15675
2.13484
2.1107
2.06384
2.02826
2.00157
1.97525
1.93033
1.889
1.85719
1.82613
1.78607
1.74139
1.70538
1.66778
1.62912
1.58554
1.54601
1.50567
1.46687
1.43582
1.43582
1.46687
1.50567
1.54601
1.58554
1.62912
1.66778
1.70538
1.74139
1.78607
1.82613
1.85719
1.889
1.93033
1.97525
2.00156
2.02826
2.06385
2.1107
2.13484
2.15675
2.18679
2.23343
2.25638
2.2737
2.29762
2.33988
2.36553
2.37818
2.39554
2.42491
2.46113
2.47195
2.4809
2.49944
2.53571
2.55217
2.55317
2.56327
2.59171
2.60489
2.60285
2.60718
2.62689
2.63552
2.63205
2.63337
2.64385
2.64971
2.64766
2.63911
2.64058
2.64317
2.63793
2.6323
2.63059
2.62428
2.61087
2.60285
2.59629
2.58109
2.56771
2.55701
2.54546
2.52845
2.51408
2.5024
2.49019
2.47513
2.45795
2.44236
2.43065
2.42074
2.40985
2.3986
2.38828
2.3771
2.36312
2.35144
2.34708
2.34556
2.34324
2.34027
2.33722
2.33114
2.31765
2.31101
2.31041
2.31059
2.30954
2.30615
2.30096
2.29453
2.29256
2.2899
2.28952
2.19091
2.06158
1.92858
1.80914
1.69948
1.59135
1.48053
1.40387
1.33595
1.26485
1.16729
1.09557
1.057
1.01169
0.948313
0.868208
0.834731
0.816797
0.785878
0.737589
0.675153
0.650322
0.64427
0.631895
0.604725
0.560234
0.529376
0.527692
0.531108
0.527339
0.504675
0.475453
0.470354
0.473124
0.47293
0.463669
0.447726
0.445547
0.452019
0.455233
0.453621
0.445971
0.443458
0.446766
0.458121
0.461382
0.458554
0.455636
0.456436
0.461178
0.465251
0.470149
0.477461
0.48297
0.489856
0.499176
0.50011
0.498555
0.499454
0.50814
0.526388
0.53404
0.537406
0.539973
0.544701
0.558628
0.566727
0.565795
0.563001
0.563189
0.568178
0.58369
0.600823
0.604569
0.605235
0.608185
0.616292
0.625844
0.634438
0.640302
0.64082
0.640839
0.642461
0.645539
0.650119
0.656709
0.662615
0.665833
0.666354
0.66599
0.662296
0.658834
0.658866
0.660415
0.66768
0.681056
)
;
    }
    defaultFaces
    {
        type            empty;
    }
}


// ************************************************************************* //
