/*--------------------------------*- C++ -*----------------------------------*\
  =========                 |
  \\      /  F ield         | OpenFOAM: The Open Source CFD Toolbox
   \\    /   O peration     | Website:  https://openfoam.org
    \\  /    A nd           | Version:  7
     \\/     M anipulation  |
\*---------------------------------------------------------------------------*/
FoamFile
{
    version     2.0;
    format      ascii;
    class       surfaceScalarField;
    location    "70";
    object      phi;
}
// * * * * * * * * * * * * * * * * * * * * * * * * * * * * * * * * * * * * * //

dimensions      [0 3 -1 0 0 0 0];

internalField   nonuniform List<scalar> 
67470
(
-8.99726e-07
1.17072e-05
-1.08075e-05
-3.38785e-06
2.9961e-05
-2.74729e-05
-7.32758e-06
4.42464e-05
-4.03067e-05
-1.25799e-05
5.4869e-05
-4.96166e-05
-1.90064e-05
6.22074e-05
-5.5781e-05
-2.6472e-05
6.66941e-05
-5.92284e-05
-3.48484e-05
6.87879e-05
-6.04114e-05
-4.40173e-05
6.89475e-05
-5.97787e-05
-5.38737e-05
6.76038e-05
-5.77473e-05
-6.43305e-05
6.51353e-05
-5.46785e-05
-7.53227e-05
6.18495e-05
-5.08574e-05
-8.68125e-05
5.79705e-05
-4.64806e-05
-9.87959e-05
5.36334e-05
-4.165e-05
-0.000111308
4.88848e-05
-3.63727e-05
-0.000124429
4.36857e-05
-3.05644e-05
-0.000138289
3.79155e-05
-2.40554e-05
-0.000153068
3.13722e-05
-1.65936e-05
-0.000168991
2.37699e-05
-7.84732e-06
-0.000186311
1.47342e-05
2.58654e-06
3.76757e-06
1.52234e-05
-0.000205302
-8.86781e-07
1.2594e-05
-3.34489e-06
3.24191e-05
-7.24438e-06
4.81459e-05
-1.24519e-05
6.00765e-05
-1.88333e-05
6.85889e-05
-2.62568e-05
7.41176e-05
-3.4596e-05
7.71271e-05
-4.37333e-05
7.80849e-05
-5.35641e-05
7.74345e-05
-6.40003e-05
7.55715e-05
-7.49759e-05
7.28252e-05
-8.64524e-05
6.9447e-05
-9.84248e-05
6.56058e-05
-0.000110929
6.13887e-05
-0.000124047
5.68036e-05
-0.000137913
5.17816e-05
-0.000152715
4.61743e-05
-0.000168691
3.97457e-05
-0.000186112
3.21553e-05
2.29289e-05
-0.000205273
-8.71104e-07
1.34651e-05
-3.29179e-06
3.48398e-05
-7.13932e-06
5.19935e-05
-1.22862e-05
6.52233e-05
-1.86026e-05
7.49053e-05
-2.59597e-05
8.14747e-05
-3.42326e-05
8.54e-05
-4.33041e-05
8.71564e-05
-5.30684e-05
8.71988e-05
-6.34356e-05
8.59387e-05
-7.4337e-05
8.37266e-05
-8.57308e-05
8.08407e-05
-9.76089e-05
7.74839e-05
-0.000110005
7.37844e-05
-0.000123
6.97987e-05
-0.000136731
6.55124e-05
-0.000151391
6.08351e-05
-0.000167232
5.55862e-05
-0.000184542
4.94652e-05
4.20281e-05
-0.000203641
-8.52645e-07
1.43178e-05
-3.22834e-06
3.72155e-05
-7.01188e-06
5.5777e-05
-1.20818e-05
7.02932e-05
-1.83127e-05
8.11362e-05
-2.55786e-05
8.87405e-05
-3.37556e-05
9.35771e-05
-4.27261e-05
9.61269e-05
-5.23825e-05
9.68551e-05
-6.26315e-05
9.61877e-05
-7.34e-05
9.4495e-05
-8.46408e-05
9.20816e-05
-9.63404e-05
8.91835e-05
-0.000108527
8.59706e-05
-0.000121277
8.25495e-05
-0.000134729
7.89637e-05
-0.000149079
7.51851e-05
-0.000164588
7.10959e-05
-0.000181567
6.64436e-05
6.08219e-05
-0.000200361
-8.31383e-07
1.51492e-05
-3.15443e-06
3.95385e-05
-6.86181e-06
5.94844e-05
-1.18383e-05
7.52697e-05
-1.79629e-05
8.72608e-05
-2.51121e-05
9.58898e-05
-3.31631e-05
0.000101628
-4.19971e-05
0.000104961
-5.15035e-05
0.000106362
-6.15847e-05
0.000106269
-7.21614e-05
0.000105072
-8.31789e-05
0.000103099
-9.46152e-05
0.00010062
-0.00010649
9.78453e-05
-0.000118874
9.49334e-05
-0.000131899
9.19885e-05
-0.000145764
8.90508e-05
-0.000160742
8.60733e-05
-0.00017716
8.28616e-05
7.90597e-05
-0.000195397
-8.07328e-07
1.59565e-05
-3.07008e-06
4.18013e-05
-6.68909e-06
6.31034e-05
-1.15554e-05
8.0136e-05
-1.75527e-05
9.32581e-05
-2.45598e-05
0.000102897
-3.24544e-05
0.000109523
-4.1116e-05
0.000113622
-5.04304e-05
0.000115676
-6.02943e-05
0.000116133
-7.06204e-05
0.000115398
-8.13445e-05
0.000113823
-9.24333e-05
0.000111709
-0.000103895
0.000109307
-0.000115789
0.000106827
-0.000128239
0.000104439
-0.000141444
0.000102256
-0.000155682
0.000100311
-0.000171302
9.84818e-05
9.64728e-05
-0.000188715
-7.80536e-07
1.6737e-05
-2.97543e-06
4.39962e-05
-6.49394e-06
6.66219e-05
-1.12336e-05
8.48757e-05
-1.70825e-05
9.91069e-05
-2.39219e-05
0.000109736
-3.16296e-05
0.00011723
-4.00831e-05
0.000122076
-4.91636e-05
0.000124757
-5.8761e-05
0.00012573
-6.87784e-05
0.000125415
-7.91398e-05
0.000124185
-8.9798e-05
0.000122367
-0.000100746
0.000120254
-0.000112027
0.000118109
-0.000123755
0.000116166
-0.000136121
0.000114622
-0.000149408
0.000113599
-0.000163986
0.000113059
0.000112785
-0.000180298
-7.51099e-07
1.74881e-05
-2.87077e-06
4.61159e-05
-6.27682e-06
7.0028e-05
-1.08734e-05
8.94723e-05
-1.6553e-05
0.000104787
-2.31993e-05
0.000116383
-3.06898e-05
0.000124721
-3.88996e-05
0.000130286
-4.77048e-05
0.000133562
-5.69871e-05
0.000135012
-6.66389e-05
0.000135067
-7.65699e-05
0.000134116
-8.67162e-05
0.000132513
-9.70513e-05
0.000130589
-0.000107601
0.000128658
-0.000118459
0.000127024
-0.000129806
0.000125969
-0.000141928
0.000125721
-0.000155213
0.000126344
0.000127712
-0.00017014
-7.19144e-07
1.82073e-05
-2.75645e-06
4.81532e-05
-6.03841e-06
7.33099e-05
-1.04758e-05
9.39097e-05
-1.59656e-05
0.000110276
-2.23935e-05
0.000122811
-2.96369e-05
0.000131964
-3.75679e-05
0.000138217
-4.60568e-05
0.000142051
-5.49765e-05
0.000143932
-6.42069e-05
0.000144297
-7.36418e-05
0.000143551
-8.31974e-05
0.000142069
-9.28245e-05
0.000140216
-0.000102524
0.000138358
-0.000112368
0.000136868
-0.00012252
0.000136121
-0.000133261
0.000136462
-0.000144997
0.00013808
0.000140959
-0.000158244
-6.84824e-07
1.88921e-05
-2.63297e-06
5.01013e-05
-5.77959e-06
7.64565e-05
-1.00421e-05
9.81721e-05
-1.53218e-05
0.000115556
-2.15066e-05
0.000128995
-2.84733e-05
0.000138931
-3.60908e-05
0.000145834
-4.42234e-05
0.000150183
-5.27339e-05
0.000152443
-6.14888e-05
0.000153052
-7.0364e-05
0.000152426
-7.92532e-05
0.000150958
-8.80805e-05
0.000149044
-9.68174e-05
0.000147095
-0.000105506
0.000145557
-0.000114287
0.000144903
-0.000123433
0.000145607
-0.000133361
0.000148008
0.000152224
-0.000144626
-6.48321e-07
1.95404e-05
-2.50088e-06
5.19539e-05
-5.50142e-06
7.94571e-05
-9.57382e-06
0.000102245
-1.46238e-05
0.000120606
-2.05411e-05
0.000134913
-2.72021e-05
0.000145592
-3.44722e-05
0.000153104
-4.22089e-05
0.00015792
-5.02649e-05
0.000160499
-5.8492e-05
0.000161279
-6.67463e-05
0.00016068
-7.48966e-05
0.000159108
-8.28366e-05
0.000156984
-9.05029e-05
0.000154761
-9.79017e-05
0.000152955
-0.000105142
0.000152143
-0.000112478
0.000152943
-0.000120341
0.000155871
0.000161197
-0.000129314
-6.09838e-07
2.01503e-05
-2.36085e-06
5.37049e-05
-5.20512e-06
8.23013e-05
-9.07287e-06
0.000106112
-1.3874e-05
0.000125407
-1.95001e-05
0.000140539
-2.58267e-05
0.000151919
-3.27159e-05
0.000159993
-4.00181e-05
0.000165222
-4.75753e-05
0.000168056
-5.52237e-05
0.000168928
-6.27985e-05
0.000168255
-7.01412e-05
0.000166451
-7.71111e-05
0.000163953
-8.36049e-05
0.000161255
-8.95855e-05
0.000158936
-9.51216e-05
0.000157679
-0.000100441
0.000158263
-0.000105981
0.000161411
0.000167566
-0.00011235
-5.69601e-07
2.07199e-05
-2.21358e-06
5.53488e-05
-4.89204e-06
8.49798e-05
-8.54125e-06
0.000109762
-1.3075e-05
0.000129941
-1.83867e-05
0.00014585
-2.4351e-05
0.000157883
-3.08262e-05
0.000166469
-3.76559e-05
0.000172052
-4.46708e-05
0.000175071
-5.16911e-05
0.000175948
-5.85301e-05
0.000175094
-6.49995e-05
0.000172921
-7.09217e-05
0.000169876
-7.61477e-05
0.000166481
-8.05897e-05
0.000163378
-8.42662e-05
0.000161356
-8.7369e-05
0.000161366
-9.03358e-05
0.000164377
0.000171017
-9.37867e-05
-5.2785e-07
2.12477e-05
-2.05987e-06
5.68809e-05
-4.56369e-06
8.74836e-05
-7.98119e-06
0.000113179
-1.22299e-05
0.00013419
-1.72045e-05
0.000150825
-2.27789e-05
0.000163457
-2.88075e-05
0.000172497
-3.51269e-05
0.000178371
-4.15566e-05
0.0001815
-4.79004e-05
0.000182292
-5.39487e-05
0.000181142
-5.94827e-05
0.000178454
-6.42839e-05
0.000174677
-6.81534e-05
0.000170351
-7.09448e-05
0.000166169
-7.26163e-05
0.000163027
-7.33122e-05
0.000162062
-7.34647e-05
0.00016453
0.000171246
-7.36932e-05
-4.84845e-07
2.17325e-05
-1.90056e-06
5.82966e-05
-4.22164e-06
8.98047e-05
-7.39506e-06
0.000116352
-1.13415e-05
0.000138136
-1.5957e-05
0.000155441
-2.11143e-05
0.000168614
-2.66639e-05
0.000178047
-3.24352e-05
0.000184143
-3.82368e-05
0.000187302
-4.38561e-05
0.000187911
-4.90602e-05
0.000186346
-5.35983e-05
0.000182993
-5.72095e-05
0.000178288
-5.964e-05
0.000172781
-6.06773e-05
0.000167207
-6.02087e-05
0.000162558
-5.8319e-05
0.000160172
-5.5429e-05
0.00016164
0.000167973
-5.21567e-05
-4.40857e-07
2.21734e-05
-1.73653e-06
5.95923e-05
-3.86758e-06
9.19357e-05
-6.78538e-06
0.00011927
-1.04133e-05
0.000141764
-1.46481e-05
0.000159675
-1.93611e-05
0.000173328
-2.43991e-05
0.000183085
-2.95845e-05
0.000189328
-3.47146e-05
0.000192432
-3.95608e-05
0.000192758
-4.3867e-05
0.000190652
-4.735e-05
0.000186476
-4.97047e-05
0.000180643
-5.06186e-05
0.000173695
-4.98058e-05
0.000166394
-4.70712e-05
0.000159824
-4.24252e-05
0.000155526
-3.62803e-05
0.000155495
0.000160997
-2.93039e-05
-3.96173e-07
2.25696e-05
-1.56873e-06
6.07648e-05
-3.50327e-06
9.38703e-05
-6.15475e-06
0.000121922
-9.44849e-06
0.000145058
-1.32815e-05
0.000163508
-1.75234e-05
0.000177569
-2.20168e-05
0.000187578
-2.65772e-05
0.000193888
-3.09911e-05
0.000196846
-3.50142e-05
0.000196781
-3.83675e-05
0.000194006
-4.07357e-05
0.000188844
-4.17684e-05
0.000181675
-4.10913e-05
0.000173018
-3.83382e-05
0.000163641
-3.32185e-05
0.000154704
-2.56369e-05
0.000147944
-1.59626e-05
0.000145821
0.000150611
-5.5772e-06
-3.51089e-07
2.29207e-05
-1.39811e-06
6.18118e-05
-3.13056e-06
9.56027e-05
-5.50588e-06
0.000124297
-8.45048e-06
0.000148002
-1.18609e-05
0.000166919
-1.56046e-05
0.000181313
-1.95198e-05
0.000191494
-2.34149e-05
0.000197783
-2.7066e-05
0.000200497
-3.02133e-05
0.000199928
-3.25558e-05
0.000196348
-3.37467e-05
0.000190035
-3.33905e-05
0.000181319
-3.10495e-05
0.000170677
-2.62705e-05
0.000158862
-1.86551e-05
0.000147089
-7.97459e-06
0.000137264
5.76697e-06
0.000132079
0.000135758
2.062e-05
-3.05913e-07
2.32266e-05
-1.22569e-06
6.27316e-05
-2.75135e-06
9.71284e-05
-4.84155e-06
0.000126387
-7.42278e-06
0.000150584
-1.03902e-05
0.000169886
-1.36084e-05
0.000184531
-1.69107e-05
0.000194796
-2.00984e-05
0.000200971
-2.2937e-05
0.000203336
-2.51518e-05
0.000202143
-2.6421e-05
0.000197617
-2.63673e-05
0.000189981
-2.45511e-05
0.000179503
-2.0471e-05
0.000166597
-1.35836e-05
0.000151974
-3.36622e-06
0.000136872
1.05306e-05
0.000123367
2.80083e-05
0.000114602
0.000115642
4.81251e-05
-2.60963e-07
2.34875e-05
-1.05251e-06
6.35232e-05
-2.36757e-06
9.84435e-05
-4.16463e-06
0.000128184
-6.36889e-06
0.000152788
-8.87312e-06
0.00017239
-1.1538e-05
0.000187196
-1.41915e-05
0.000197449
-1.6627e-05
0.000203407
-1.85996e-05
0.000205308
-1.98203e-05
0.000203363
-1.9947e-05
0.000197744
-1.85736e-05
0.000188608
-1.52188e-05
0.000176148
-9.31863e-06
0.000160697
-2.36999e-07
0.000142893
1.26767e-05
0.000123958
2.99445e-05
0.000106099
5.1606e-05
9.29401e-05
9.04069e-05
7.68407e-05
-2.16565e-07
2.37041e-05
-8.7963e-07
6.41862e-05
-1.98124e-06
9.95451e-05
-3.47801e-06
0.000129681
-5.29238e-06
0.000154602
-7.31334e-06
0.000174411
-9.39658e-06
0.000189279
-1.13636e-05
0.000199416
-1.29993e-05
0.000205042
-1.4048e-05
0.000206357
-1.42061e-05
0.000203522
-1.31125e-05
0.00019665
-1.03341e-05
0.000185829
-5.35035e-06
0.000171164
2.46136e-06
0.000152885
1.38263e-05
0.000131528
2.95339e-05
0.00010825
5.02877e-05
8.53454e-05
7.63231e-05
6.69047e-05
5.98441e-05
0.000106886
-1.73053e-07
2.38772e-05
-7.0812e-07
6.47213e-05
-1.59434e-06
0.000100431
-2.78459e-06
0.000130871
-4.19679e-06
0.000156014
-5.71455e-06
0.000175929
-7.18711e-06
0.000190752
-8.42812e-06
0.000200657
-9.21302e-06
0.000205827
-9.27428e-06
0.000206418
-8.29378e-06
0.000202541
-5.89145e-06
0.000194248
-1.6093e-06
0.000181547
5.10902e-06
0.000164446
1.49402e-05
0.000143054
2.86946e-05
0.000117773
4.72949e-05
8.96499e-05
7.16419e-05
6.09984e-05
0.0001022
3.6347e-05
2.3719e-05
0.000138325
-1.30763e-07
2.40079e-05
-5.39059e-07
6.51296e-05
-1.2089e-06
0.000101101
-2.08728e-06
0.00013175
-3.08562e-06
0.000157013
-4.0803e-06
0.000176924
-4.91232e-06
0.000191584
-5.38582e-06
0.000201131
-5.26509e-06
0.000205706
-4.2695e-06
0.000205423
-2.06539e-06
0.000200337
1.74613e-06
0.000190437
7.64686e-06
0.000175646
1.62253e-05
0.000155868
2.82058e-05
0.000131073
4.44753e-05
0.000101504
6.60824e-05
6.80427e-05
9.41294e-05
3.29514e-05
0.000129341
1.1352e-06
-1.81968e-05
0.000171257
-9.00308e-08
2.4098e-05
-3.73506e-07
6.54131e-05
-8.26851e-07
0.000101554
-1.38887e-06
0.000132312
-1.96224e-06
0.000157586
-2.41397e-06
0.000177376
-2.5747e-06
0.000191745
-2.23695e-06
0.000200793
-1.15179e-06
0.000204621
9.76502e-07
0.000203295
4.49885e-06
0.000196815
9.8338e-06
0.000185102
1.74862e-05
0.000167994
2.80737e-05
0.00014528
4.23615e-05
0.000116786
6.13012e-05
8.25643e-05
8.60544e-05
4.32896e-05
0.000117919
1.08631e-06
0.000157906
-3.88517e-05
-6.61193e-05
0.000205829
-5.1191e-08
2.41491e-05
-2.1247e-07
6.55743e-05
-4.50048e-07
0.000101792
-6.92006e-07
0.000132554
-8.29769e-07
0.000157724
-7.1861e-07
0.000177264
-1.76351e-07
0.000191202
1.01866e-06
0.000199598
3.13121e-06
0.000202509
6.47483e-06
0.000199951
1.14201e-05
0.000191869
1.84072e-05
0.000178114
2.79647e-05
0.000158436
4.07368e-05
0.000132508
5.75227e-05
9.99997e-05
7.93256e-05
6.07613e-05
0.0001074
1.52149e-05
0.000143226
-3.47395e-05
0.000188108
-8.37333e-05
-0.000120245
0.000242233
-1.46568e-08
2.41638e-05
-5.68749e-08
6.56166e-05
-8.01375e-08
0.000101815
1.2151e-09
0.000132472
3.09081e-07
0.000157416
1.00318e-06
0.00017657
2.28118e-06
0.000189924
4.38182e-06
0.000197498
7.58896e-06
0.000199302
1.22373e-05
0.000195303
1.87205e-05
0.000185386
2.75035e-05
0.000169331
3.91404e-05
0.0001468
5.43013e-05
0.000117347
7.38133e-05
8.04877e-05
9.8717e-05
3.58576e-05
0.000130336
-1.6404e-05
0.000170302
-7.47057e-05
0.000220208
-0.000133639
-0.000180745
0.000280708
1.99382e-08
2.41439e-05
9.248e-08
6.5544e-05
2.81336e-07
0.000101626
6.88137e-07
0.000132066
1.45199e-06
0.000156652
2.74955e-06
0.000175273
4.79723e-06
0.000187877
7.85432e-06
0.00019444
1.22274e-05
0.000194928
1.82766e-05
0.000189253
2.6423e-05
0.00017724
3.71606e-05
0.000158594
5.10725e-05
0.000132888
6.88556e-05
9.95639e-05
9.13606e-05
5.79827e-05
0.000119652
7.56646e-06
0.000155093
-5.18454e-05
0.00019943
-0.000119042
0.000254512
-0.000188721
-0.000247761
0.000321527
5.13134e-08
2.40925e-05
2.34922e-07
6.53604e-05
6.33427e-07
0.000101228
1.36812e-06
0.000131331
2.59779e-06
0.000155422
4.51973e-06
0.000173351
7.37238e-06
0.000185024
1.14393e-05
0.000190374
1.70541e-05
0.000189314
2.46068e-05
0.000181701
3.45516e-05
0.000167295
4.74168e-05
0.000145729
6.38194e-05
0.000116485
8.44865e-05
7.88969e-05
0.00011029
3.2179e-05
0.000142306
-2.44495e-05
0.000181909
-9.14485e-05
0.000230906
-0.000168039
0.000291349
-0.000249165
-0.000321402
0.000364991
8.00114e-08
2.40125e-05
3.70088e-07
6.50703e-05
9.75543e-07
0.000100622
2.04035e-06
0.000130266
3.74622e-06
0.000153717
6.31437e-06
0.000170783
1.00089e-05
0.000181329
1.51418e-05
0.000185241
2.20783e-05
0.000182377
3.12439e-05
0.000172535
4.31316e-05
0.000155407
5.83108e-05
0.000130549
7.74388e-05
9.7357e-05
0.000101278
5.50581e-05
0.000130722
2.73502e-06
0.000166848
-6.05761e-05
0.000211014
-0.000135614
0.000265026
-0.000222051
0.000331063
-0.000315201
-0.000401741
0.000411402
1.05816e-07
2.39067e-05
4.97883e-07
6.46783e-05
1.30771e-06
9.98127e-05
2.70525e-06
0.000128868
4.89848e-06
0.000151523
8.13601e-06
0.000167545
1.27115e-05
0.000176754
1.89697e-05
0.000178983
2.73125e-05
0.000174034
3.82067e-05
0.000161641
5.21908e-05
0.000141423
6.98826e-05
0.000112857
9.19875e-05
7.52522e-05
0.000119309
2.77369e-05
0.000152766
-3.0722e-05
0.000193431
-0.000101242
0.000242617
-0.0001848
0.000302065
-0.000281499
0.000373982
-0.000387119
-0.000488806
0.000461047
1.2874e-07
2.3778e-05
6.18563e-07
6.41885e-05
1.63071e-06
9.88005e-05
3.36449e-06
0.000127135
6.05753e-06
0.00014883
9.98952e-06
0.000163613
1.54878e-05
0.000171256
2.29342e-05
0.000171536
3.27729e-05
0.000164196
4.55181e-05
0.000148896
6.17608e-05
0.000125181
8.21749e-05
9.24433e-05
0.000107522
4.9905e-05
0.000138655
-3.39564e-06
0.000176522
-6.85891e-05
0.000222188
-0.000146908
0.000276897
-0.000239509
0.000342258
-0.00034686
0.000420403
-0.000465264
-0.000582571
0.000514168
1.48933e-07
2.3629e-05
7.32818e-07
6.36046e-05
1.94621e-06
9.75871e-05
4.02115e-06
0.00012506
7.22846e-06
0.000145623
1.18826e-05
0.000158959
1.83487e-05
0.00016479
2.70509e-05
0.000162834
3.84808e-05
0.000152766
5.32062e-05
0.00013417
7.1878e-05
0.000106509
9.52343e-05
6.90871e-05
0.000124101
2.10384e-05
0.000159387
-3.86821e-05
0.000202078
-0.00011128
0.000253229
-0.000198059
0.000313996
-0.000300276
0.000385787
-0.00041865
0.000470564
-0.000550042
-0.000682941
0.000570935
1.66681e-07
2.34624e-05
8.41821e-07
6.29294e-05
2.25684e-06
9.61721e-05
4.67997e-06
0.000122637
8.41872e-06
0.000141884
1.38262e-05
0.000153552
2.13097e-05
0.000157306
3.13403e-05
0.000152803
4.4463e-05
0.000139643
6.13056e-05
0.000117328
8.25855e-05
8.52288e-05
0.000109113
4.256e-05
0.000141785
-1.1634e-05
0.000181576
-7.84733e-05
0.000229512
-0.000159215
0.000286637
-0.000255184
0.00035401
-0.000367649
0.000432767
-0.000497407
0.00052463
-0.000641905
-0.000789732
0.000631422
1.8243e-07
2.32799e-05
9.4728e-07
6.21646e-05
2.56635e-06
9.4553e-05
5.34746e-06
0.000119856
9.63841e-06
0.000137593
1.58349e-05
0.000147355
2.43907e-05
0.00014875
3.58289e-05
0.000141365
5.07534e-05
0.000124719
6.9858e-05
9.82231e-05
9.39336e-05
6.11532e-05
0.000123868
1.26255e-05
0.000160638
-4.84042e-05
0.000205288
-0.000123123
0.000258886
-0.000212814
0.00032247
-0.000318768
0.000396987
-0.000442167
0.000483241
-0.000583662
0.000582675
-0.000741339
-0.000902644
0.000695586
1.9679e-07
2.30831e-05
1.05146e-06
6.13099e-05
2.87962e-06
9.27249e-05
6.03206e-06
0.000116703
1.09004e-05
0.000132725
1.7927e-05
0.000140328
2.76164e-05
0.000139061
4.0549e-05
0.000128433
5.73925e-05
0.000107875
7.8913e-05
7.67027e-05
0.00010598
3.40863e-05
0.000139565
-2.09594e-05
0.000180727
-8.95669e-05
0.000230584
-0.000172979
0.00029025
-0.00027248
0.00036075
-0.000389268
0.000442918
-0.000524334
0.000537173
-0.000677917
0.000644675
-0.000848841
-0.00102121
0.000763244
2.1054e-07
2.28726e-05
1.1572e-06
6.03632e-05
3.2027e-06
9.06794e-05
6.74409e-06
0.000113162
1.22205e-05
0.000127249
2.01247e-05
0.000132424
3.10168e-05
0.000128169
4.55389e-05
0.00011391
6.44282e-05
8.89857e-05
8.85273e-05
5.26035e-05
0.000118789
3.82452e-06
0.000156272
-5.84419e-05
0.000202119
-0.000135414
0.000257519
-0.000228379
0.00032363
-0.000338591
0.00040146
-0.000467098
0.000491724
-0.000614598
0.000594432
-0.000780624
0.000710498
-0.000964908
-0.00114477
0.000834054
2.24623e-07
2.2648e-05
1.2679e-06
5.932e-05
3.54275e-06
8.84045e-05
7.49577e-06
0.000109209
1.36171e-05
0.000121127
2.24539e-05
0.000123587
3.46263e-05
0.000115996
5.08426e-05
9.76941e-05
7.1914e-05
6.79144e-05
9.87637e-05
2.57538e-05
0.00013243
-2.9842e-05
0.000174058
-0.00010007
0.000224873
-0.000186228
0.000286127
-0.000289634
0.000359016
-0.000411479
0.000444525
-0.000552608
0.000543239
-0.000713311
0.000654771
-0.000892156
0.000779817
-0.00108995
-0.00127252
0.000907573
2.40136e-07
2.24078e-05
1.38745e-06
5.81727e-05
3.90798e-06
8.5884e-05
8.30098e-06
0.000104816
1.51111e-05
0.000114317
2.49439e-05
0.000113755
3.84834e-05
0.000102457
5.65088e-05
7.96687e-05
7.99086e-05
4.45146e-05
0.000109689
-4.02668e-06
0.000146974
-6.7127e-05
0.000192991
-0.000146087
0.000249037
-0.000242274
0.000316418
-0.000357015
0.00039635
-0.000491412
0.000489798
-0.000646055
0.000597224
-0.000820737
0.00071792
-0.00101285
0.000852036
-0.00122407
-0.00140396
0.000983467
2.5831e-07
2.21495e-05
1.5202e-06
5.69108e-05
4.3075e-06
8.30967e-05
9.17506e-06
9.99481e-05
1.67254e-05
0.000106767
2.76264e-05
0.000102854
4.26299e-05
8.74533e-05
6.25895e-05
5.97092e-05
8.84734e-05
1.86306e-05
0.000121371
-3.69246e-05
0.000162489
-0.000108244
0.000213127
-0.000196724
0.000274637
-0.000303785
0.000348357
-0.000430735
0.000435499
-0.000578554
0.000537007
-0.000747564
0.000653326
-0.000937055
0.000783816
-0.00114334
0.000926922
-0.00136718
-0.00153845
0.00106142
2.8048e-07
2.18691e-05
1.67083e-06
5.55204e-05
4.75105e-06
8.00165e-05
1.01344e-05
9.45647e-05
1.84846e-05
9.84165e-05
3.05352e-05
9.08031e-05
4.71095e-05
7.0879e-05
6.9138e-05
3.76807e-05
9.767e-05
-9.90133e-06
0.000133876
-7.31303e-05
0.000179035
-0.000153404
0.000234506
-0.000252195
0.000301671
-0.00037095
0.000381856
-0.00051092
0.000476229
-0.000672927
0.000585682
-0.000857017
0.000710755
-0.00106213
0.000851849
-0.00128444
0.00100676
-0.00152209
-0.00167055
0.00113886
3.07918e-07
2.15611e-05
1.84403e-06
5.39843e-05
5.24857e-06
7.66119e-05
1.11958e-05
8.86175e-05
2.04136e-05
8.91987e-05
3.37045e-05
7.75122e-05
5.1966e-05
5.26175e-05
7.62072e-05
1.34395e-05
0.000107557
-4.12513e-05
0.000147261
-0.000112834
0.00019666
-0.000202803
0.000257147
-0.000312682
0.000330098
-0.000443901
0.000416775
-0.000597597
0.000518221
-0.000774373
0.000635175
-0.00097397
0.000768075
-0.00119503
0.000917792
-0.00143415
0.00108646
-0.00169076
-0.00191334
0.00132926
3.42304e-07
2.12188e-05
2.04522e-06
5.22814e-05
5.81091e-06
7.28462e-05
1.2377e-05
8.20514e-05
2.25382e-05
7.90375e-05
3.71687e-05
6.28817e-05
5.72423e-05
3.25439e-05
8.38467e-05
-1.31649e-05
0.000118187
-7.55917e-05
0.000161575
-0.000156222
0.000215394
-0.000256622
0.000281041
-0.00037833
0.000359838
-0.000522698
0.000452918
-0.000690677
0.0005611
-0.000882556
0.000684814
-0.00109768
0.0008241
-0.00133431
0.000979542
-0.0015896
0.0011512
-0.00186241
-0.00212245
0.0013603
3.8492e-07
2.08339e-05
2.27909e-06
5.03872e-05
6.44793e-06
6.86774e-05
1.36944e-05
7.4805e-05
2.48824e-05
6.78494e-05
4.09599e-05
4.68043e-05
6.29776e-05
1.05262e-05
9.21002e-05
-4.22875e-05
0.000129603
-0.000113094
0.000176849
-0.000203468
0.000235242
-0.000315014
0.000306145
-0.000449233
0.000390773
-0.000607326
0.000490051
-0.000789954
0.000604476
-0.000996981
0.000734022
-0.00122723
0.000878084
-0.00147838
0.00103611
-0.00174762
0.00120568
-0.00203198
-0.00231219
0.00139542
4.37125e-07
2.03968e-05
2.55034e-06
4.8274e-05
7.16926e-06
6.40585e-05
1.51637e-05
6.68105e-05
2.74688e-05
5.55443e-05
4.51072e-05
2.91659e-05
6.92062e-05
-1.35729e-05
0.000101003
-7.40846e-05
0.000141834
-0.000153925
0.000193096
-0.00025473
0.000256182
-0.000378101
0.00033238
-0.000525431
0.000422735
-0.000697681
0.000527891
-0.000895111
0.000647933
-0.00111702
0.000782276
-0.00136157
0.000929575
-0.00162568
0.0010881
-0.00190614
0.00125422
-0.0021981
-0.00248793
0.00142995
5.00178e-07
1.98966e-05
2.86331e-06
4.59109e-05
7.98374e-06
5.8938e-05
1.67994e-05
5.79949e-05
3.03174e-05
4.20263e-05
4.96355e-05
9.84773e-06
7.59554e-05
-3.98927e-05
0.000110581
-0.00010871
0.000154895
-0.000198239
0.000210306
-0.000310141
0.000278162
-0.000445957
0.000359626
-0.000606895
0.000455512
-0.000793567
0.000566112
-0.00100571
0.000691025
-0.00124194
0.000829055
-0.0014996
0.000978129
-0.00177475
0.00113553
-0.00206354
0.00129698
-0.00235956
-0.00265225
0.00146131
5.752e-07
1.93214e-05
3.22186e-06
4.32642e-05
8.89913e-06
5.32608e-05
1.86136e-05
4.82805e-05
3.34448e-05
2.7195e-05
5.45646e-05
-1.1272e-05
8.32444e-05
-6.85726e-05
0.000120845
-0.000146311
0.00016878
-0.000246173
0.000228441
-0.000369803
0.000301093
-0.000518609
0.000387719
-0.00069352
0.000488842
-0.00089469
0.000604338
-0.00112121
0.000733272
-0.00137087
0.000873824
-0.00164015
0.00102326
-0.00192419
0.00117812
-0.0022184
0.00133386
-0.0025153
-0.00280634
0.00148795
6.63149e-07
1.86583e-05
3.62926e-06
4.02981e-05
9.92189e-06
4.69681e-05
2.06163e-05
3.75861e-05
3.68638e-05
1.09474e-05
5.99075e-05
-3.43157e-05
9.10827e-05
-9.97478e-05
0.000131795
-0.000187023
0.000183465
-0.000297843
0.000247439
-0.000433777
0.000324851
-0.000596022
0.000416454
-0.000785123
0.000522419
-0.00100066
0.000642156
-0.00124094
0.000774171
-0.00150289
0.000916042
-0.00178203
0.00106449
-0.00207264
0.00121555
-0.00236946
0.00136468
-0.00266443
-0.00295065
0.00150899
7.64797e-07
1.78935e-05
4.0881e-06
3.69748e-05
1.1057e-05
3.99992e-05
2.28147e-05
2.58285e-05
4.05826e-05
-6.8205e-06
6.56707e-05
-5.94038e-05
9.9469e-05
-0.000133546
0.000143412
-0.000230965
0.000198904
-0.000353336
0.000267207
-0.00050208
0.00034928
-0.000678095
0.000445589
-0.000881431
0.000555902
-0.00111097
0.000679125
-0.00136417
0.000813209
-0.00163697
0.000955189
-0.00192401
0.00110136
-0.00221881
0.00124751
-0.0025156
0.00138932
-0.00280624
-0.00308534
0.00152401
8.80719e-07
1.70127e-05
4.60027e-06
3.32553e-05
1.23079e-05
3.22916e-05
2.52132e-05
1.29232e-05
4.46046e-05
-2.62119e-05
7.18529e-05
-8.66521e-05
0.000108391
-0.000170085
0.000155664
-0.000278238
0.000215029
-0.000412701
0.000287627
-0.000574677
0.00037419
-0.000764658
0.000474846
-0.000982087
0.000588919
-0.00122504
0.000714793
-0.00149004
0.000849888
-0.00177206
0.000990784
-0.0020649
0.00113351
-0.00236154
0.0012738
-0.00265589
0.00140773
-0.00294017
-0.00321051
0.00153289
1.01129e-06
1.60015e-05
5.16694e-06
2.90996e-05
1.36764e-05
2.37821e-05
2.78131e-05
-1.21352e-06
4.89284e-05
-4.73272e-05
7.84455e-05
-0.000116169
0.000117827
-0.000209466
0.000168502
-0.000328913
0.000231753
-0.000475953
0.000308553
-0.000651476
0.000399361
-0.000855467
0.000503921
-0.00108665
0.000621081
-0.0013422
0.000748707
-0.00161767
0.00088374
-0.0019071
0.00102241
-0.00220358
0.00116064
-0.00249976
0.0012943
-0.00278956
0.00141998
-0.00306585
-0.0033263
0.00153578
1.15672e-06
1.48447e-05
5.78855e-06
2.44678e-05
1.51627e-05
1.4408e-05
3.0613e-05
-1.66639e-05
5.35477e-05
-7.02619e-05
8.5432e-05
-0.000148053
0.00012774
-0.000251774
0.000181862
-0.000383035
0.000248968
-0.000543059
0.000329818
-0.000732326
0.000424553
-0.000950202
0.000532495
-0.00119459
0.000651999
-0.00146171
0.000780439
-0.00174611
0.000914351
-0.00204101
0.00104975
-0.00233898
0.00118257
-0.00263258
0.00130902
-0.00291601
0.00142626
-0.00318309
-0.00343298
0.00153294
1.317e-06
1.35277e-05
6.46488e-06
1.93199e-05
1.67653e-05
4.10754e-06
3.36083e-05
-3.35069e-05
5.84512e-05
-9.51047e-05
9.27887e-05
-0.000182391
0.000138087
-0.000297071
0.000195667
-0.000440616
0.000266548
-0.000613939
0.000351235
-0.000817013
0.000449508
-0.00104848
0.000560237
-0.00130532
0.000681289
-0.00158276
0.000809591
-0.00187441
0.000941371
-0.00217279
0.00107255
-0.00247015
0.00119924
-0.00275927
0.00131808
-0.00303485
0.00142686
-0.00329187
-0.00353089
0.00152477
1.49201e-06
1.20357e-05
7.19508e-06
1.36169e-05
1.84815e-05
-7.17892e-06
3.67918e-05
-5.18172e-05
6.36232e-05
-0.000121936
0.000100485
-0.000219253
0.000148811
-0.000345398
0.000209825
-0.00050163
0.000284352
-0.000688466
0.000372602
-0.000905262
0.000473957
-0.00114983
0.00058682
-0.00141818
0.000708592
-0.00170453
0.000835819
-0.00200163
0.000964525
-0.0023015
0.00109068
-0.0025963
0.00121067
-0.00287926
0.00132168
-0.00314586
0.00142214
-0.00339232
-0.00362049
0.00151173
1.68148e-06
1.03543e-05
7.97772e-06
7.3206e-06
2.03071e-05
-1.95083e-05
4.01537e-05
-7.16637e-05
6.90435e-05
-0.000150826
0.000108483
-0.000258692
0.00015985
-0.000396765
0.000224233
-0.000566014
0.000302227
-0.00076646
0.000393706
-0.000996741
0.000497627
-0.00125375
0.000611928
-0.00153248
0.00073358
-0.00182618
0.000858833
-0.00212689
0.000983626
-0.00242629
0.00110409
-0.00271676
0.00121701
-0.00299219
0.00132014
-0.00324899
0.00141253
-0.00348471
-0.0037023
0.00149434
1.88502e-06
8.46924e-06
8.81091e-06
3.94724e-07
2.22366e-05
-3.2934e-05
4.36816e-05
-9.31087e-05
7.46881e-05
-0.000181832
0.00011674
-0.000300744
0.00017113
-0.000451155
0.000238779
-0.000633663
0.00032001
-0.000847691
0.000414329
-0.00109106
0.00052025
-0.00135967
0.000635264
-0.0016475
0.000755969
-0.00194689
0.000878413
-0.00224933
0.000998566
-0.00254644
0.00111283
-0.00283103
0.00121847
-0.00309783
0.00131382
-0.00334434
0.00139849
-0.00356938
-0.00377688
0.00147308
2.10218e-06
6.36705e-06
9.69226e-06
-7.19535e-06
2.42635e-05
-4.75053e-05
4.73612e-05
-0.000116206
8.0529e-05
-0.000215
0.000125206
-0.000345421
0.000182572
-0.000508521
0.000253341
-0.000704432
0.000337532
-0.000931882
0.000434251
-0.00118778
0.000541571
-0.00146699
0.000656562
-0.00176249
0.000775525
-0.00206585
0.000894408
-0.00236821
0.00100932
-0.00266135
0.00111703
-0.00293873
0.00121532
-0.00319612
0.0013031
-0.00343212
0.00138051
-0.00364679
-0.00384484
0.00144846
2.33239e-06
4.03466e-06
1.0619e-05
-1.5482e-05
2.63801e-05
-6.32664e-05
5.1176e-05
-0.000141002
8.65349e-05
-0.000250359
0.000133828
-0.000392713
0.000194089
-0.000568783
0.000267794
-0.000778137
0.000354619
-0.00101871
0.000453258
-0.00128642
0.000561348
-0.00157508
0.00067559
-0.00187673
0.000792068
-0.00218233
0.000906735
-0.00248288
0.00101594
-0.00277056
0.00111689
-0.00303968
0.00120789
-0.00328713
0.00128841
-0.00351264
0.00135904
-0.00371742
-0.00390675
0.00142095
2.57502e-06
1.45964e-06
1.1588e-05
-2.44949e-05
2.85778e-05
-8.02562e-05
5.51075e-05
-0.000167532
9.26714e-05
-0.000287923
0.000142547
-0.000442589
0.000205592
-0.000631827
0.000282005
-0.000854551
0.0003711
-0.0011078
0.000471145
-0.00138646
0.000579368
-0.00168331
0.000692158
-0.00198952
0.000805475
-0.00229565
0.000915378
-0.00259278
0.00101854
-0.00287372
0.00111264
-0.00313378
0.00119654
-0.00337103
0.00127019
-0.00358629
0.00133454
-0.00378177
-0.00396318
0.00139098
2.82938e-06
-1.36974e-06
1.25957e-05
-3.42612e-05
3.08471e-05
-9.85076e-05
5.91353e-05
-0.00019582
9.89012e-05
-0.000327689
0.000151301
-0.000494989
0.000216984
-0.00069751
0.000295844
-0.000933411
0.000386807
-0.00119876
0.000487722
-0.00148738
0.000595441
-0.00179103
0.000706118
-0.0021002
0.00081568
-0.00240521
0.000920384
-0.00269749
0.0010173
-0.00297064
0.00110459
-0.00322108
0.00118164
-0.00344807
0.00124884
-0.00365349
0.00130744
-0.00384037
-0.00401468
0.00135893
3.09468e-06
-4.46443e-06
1.36382e-05
-4.48047e-05
3.31774e-05
-0.000118047
6.32377e-05
-0.000225881
0.000105184
-0.000369636
0.000160025
-0.00054983
0.00022817
-0.000765655
0.000309179
-0.00101442
0.000401579
-0.00129116
0.000502815
-0.00158861
0.000609414
-0.00189763
0.00071737
-0.00220815
0.000822671
-0.00251051
0.000921851
-0.00279667
0.00101241
-0.0030612
0.00109304
-0.0033017
0.00116357
-0.0035186
0.00122477
-0.00371469
0.00127811
-0.00389371
-0.00406172
0.00132516
3.37008e-06
-7.83451e-06
1.47112e-05
-5.61458e-05
3.55575e-05
-0.000138893
6.73909e-05
-0.000257714
0.000111479
-0.000413724
0.000168652
-0.000607004
0.000239051
-0.000836054
0.000321882
-0.00109725
0.000415267
-0.00138455
0.000516275
-0.00168962
0.000621166
-0.00200252
0.000725858
-0.00231284
0.000826485
-0.00261114
0.000919923
-0.00289011
0.00100414
-0.00314541
0.0010783
-0.00337586
0.00114268
-0.00358298
0.00119835
-0.00377036
0.00124691
-0.00394228
-0.00410477
0.00128996
3.65463e-06
-1.14891e-05
1.58102e-05
-6.83014e-05
3.7975e-05
-0.000161058
7.15701e-05
-0.000291309
0.000117741
-0.000459894
0.000177113
-0.000666376
0.000249531
-0.000908471
0.000333829
-0.00118155
0.000427735
-0.00147846
0.000527974
-0.00178986
0.000630611
-0.00210515
0.000731568
-0.0024138
0.000827202
-0.00270677
0.00091478
-0.00297768
0.000992743
-0.00322338
0.00106072
-0.00344384
0.00111934
-0.0036416
0.00116992
-0.00382094
0.00121415
-0.00398651
-0.0041442
0.00125358
3.94728e-06
-1.54364e-05
1.69301e-05
-8.12841e-05
4.04169e-05
-0.000184545
7.57488e-05
-0.000326641
0.000123924
-0.00050807
0.000185338
-0.00072779
0.000259514
-0.000982647
0.000344906
-0.00126694
0.000438863
-0.00157241
0.000537815
-0.00188881
0.0006377
-0.00220504
0.000734527
-0.00251063
0.000824939
-0.00279718
0.000906628
-0.00305937
0.000978498
-0.00329525
0.0010406
-0.00350594
0.00109387
-0.00369487
0.00113979
-0.00386686
0.00118009
-0.0040268
-0.00418038
0.00121626
4.24688e-06
-1.96833e-05
1.80654e-05
-9.51026e-05
4.28694e-05
-0.000209349
7.98996e-05
-0.000363671
0.000129984
-0.000558154
0.000193258
-0.000791064
0.000268908
-0.0010583
0.000355008
-0.00135304
0.000448549
-0.00166595
0.000545725
-0.00198599
0.000642419
-0.00230173
0.000734797
-0.00260301
0.000819845
-0.00288223
0.000895691
-0.00313522
0.000961686
-0.00336124
0.00101825
-0.0035625
0.00106657
-0.00374319
0.00110824
-0.00390853
0.00114497
-0.00406353
-0.00421358
0.00117817
4.55217e-06
-2.42355e-05
1.92103e-05
-0.000109761
4.53177e-05
-0.000235456
8.39941e-05
-0.000402348
0.000135871
-0.000610031
0.000200806
-0.000855998
0.000277629
-0.00113512
0.00036404
-0.00143945
0.000456713
-0.00175863
0.00055166
-0.00208093
0.000644782
-0.00239485
0.000732472
-0.0026907
0.000812089
-0.00296185
0.000882203
-0.00320533
0.00094258
-0.00342162
0.000993958
-0.00361388
0.00103771
-0.00378695
0.0010755
-0.00394632
0.00110898
-0.00409701
-0.00424407
0.00113947
4.86177e-06
-2.90972e-05
2.03587e-05
-0.000125258
4.77467e-05
-0.000262844
8.80032e-05
-0.000442604
0.000141541
-0.000663569
0.000207915
-0.000922372
0.000285596
-0.0012128
0.000371924
-0.00152578
0.000463293
-0.00185
0.0005556
-0.00217324
0.000644836
-0.00248409
0.000727669
-0.00277353
0.000801858
-0.00303604
0.000866402
-0.00326988
0.000921445
-0.00347666
0.000967991
-0.00366043
0.00100755
-0.00382651
0.0010418
-0.00398056
0.00107231
-0.00412752
-0.00427206
0.00110029
5.17417e-06
-3.42714e-05
2.1504e-05
-0.000141588
5.01405e-05
-0.000291481
9.18977e-05
-0.000484361
0.000146947
-0.000718618
0.000214523
-0.000989948
0.000292738
-0.00129102
0.000378592
-0.00161163
0.000468249
-0.00193965
0.000557554
-0.00226255
0.00064265
-0.00256918
0.000720525
-0.0028514
0.000789346
-0.00310486
0.000848524
-0.00332905
0.000898534
-0.00352667
0.000940593
-0.00370249
0.000976299
-0.00386222
0.0010073
-0.00401157
0.00103508
-0.0041553
-0.00429771
0.00106074
5.48777e-06
-3.97592e-05
2.26394e-05
-0.000158739
5.2483e-05
-0.000321324
9.56481e-05
-0.000527526
0.000152044
-0.000775014
0.000220574
-0.00105848
0.000298994
-0.00136944
0.000383993
-0.00169663
0.000471561
-0.00202722
0.000557552
-0.00234854
0.000638316
-0.00264995
0.000711191
-0.00292428
0.000774755
-0.00316842
0.000828798
-0.0033831
0.00087408
-0.00357195
0.000911982
-0.00374039
0.000944146
-0.00389438
0.000972168
-0.00403959
0.000997426
-0.00418056
-0.00432118
0.00102089
5.80086e-06
-4.556e-05
2.37577e-05
-0.000176696
5.47579e-05
-0.000352324
9.92256e-05
-0.000571994
0.000156789
-0.000832577
0.000226015
-0.0011277
0.00030431
-0.00144773
0.000388092
-0.00178041
0.000473228
-0.00211236
0.000555644
-0.00243095
0.000631942
-0.00272625
0.00069983
-0.00299217
0.000758285
-0.00322688
0.000807441
-0.00343225
0.000848299
-0.00361281
0.000882356
-0.00377445
0.00091126
-0.00392329
0.000936532
-0.00406486
0.000959437
-0.00420347
-0.00434258
0.000980834
6.11165e-06
-5.16717e-05
2.48518e-05
-0.000195436
5.69487e-05
-0.000384421
0.000102602
-0.000617648
0.000161144
-0.00089112
0.000230799
-0.00119736
0.000308645
-0.00152558
0.000390869
-0.00186264
0.000473268
-0.00219476
0.000551897
-0.00250958
0.000623648
-0.002798
0.000686607
-0.00305513
0.000740131
-0.0032804
0.00078466
-0.00347678
0.000821389
-0.00364954
0.000851889
-0.00380495
0.000877783
-0.00394918
0.000900505
-0.00408758
0.000921199
-0.00422416
-0.004362
0.000940616
6.41827e-06
-5.809e-05
2.59143e-05
-0.000214932
5.90393e-05
-0.000417546
0.000105751
-0.000664359
0.000165072
-0.000950441
0.000234886
-0.00126717
0.000311969
-0.00160266
0.000392316
-0.00194299
0.000471715
-0.00227415
0.000546394
-0.00258426
0.000613565
-0.00286517
0.000671691
-0.00311325
0.000720482
-0.00332919
0.000760646
-0.00351695
0.000793527
-0.00368242
0.000820734
-0.00383215
0.00084384
-0.00397229
0.000864181
-0.00410792
0.000882781
-0.00424276
-0.0043795
0.00090029
6.7188e-06
-6.48088e-05
2.69379e-05
-0.000235151
6.10141e-05
-0.000451622
0.000108646
-0.00071199
0.000168539
-0.00101033
0.000238245
-0.00133688
0.000314262
-0.00167868
0.000392443
-0.00202117
0.000468616
-0.00235033
0.00053923
-0.00265488
0.000601828
-0.00292777
0.000655247
-0.00316667
0.000699518
-0.00337346
0.000735575
-0.003553
0.000764873
-0.00371172
0.000789025
-0.00385631
0.000809537
-0.0039928
0.000827638
-0.00412602
0.000844241
-0.00425937
-0.00439516
0.000859898
7.0113e-06
-7.18201e-05
2.79151e-05
-0.000256055
6.28577e-05
-0.000486565
0.000111264
-0.000760396
0.000171518
-0.00107059
0.00024085
-0.00140621
0.000315514
-0.00175334
0.000391269
-0.00209692
0.000464033
-0.00242309
0.000530505
-0.00272135
0.000588576
-0.00298584
0.000637436
-0.00321553
0.000677407
-0.00341343
0.000709608
-0.0035852
0.000735567
-0.00373768
0.000756877
-0.00387762
0.000774963
-0.00401088
0.000790944
-0.004142
0.000805626
-0.00427405
-0.00440901
0.000819475
7.29379e-06
-7.91138e-05
2.8839e-05
-0.0002776
6.45558e-05
-0.000522282
0.000113584
-0.000809424
0.000173985
-0.00113099
0.000242683
-0.00147491
0.000315727
-0.00182639
0.000388827
-0.00217002
0.000458035
-0.0024923
0.000520329
-0.00278364
0.000573947
-0.00303945
0.000618413
-0.00326
0.000654306
-0.00344933
0.000682891
-0.00361379
0.000705735
-0.00376052
0.000724392
-0.00389627
0.000740194
-0.00402668
0.000754154
-0.00415597
0.000766976
-0.00428687
-0.00442109
0.000779051
7.56435e-06
-8.66782e-05
2.97027e-05
-0.000299739
6.60951e-05
-0.000558674
0.000115587
-0.000858916
0.000175919
-0.00119132
0.000243735
-0.00154273
0.000314911
-0.00189756
0.000385159
-0.00224027
0.000450701
-0.00255784
0.000508813
-0.00284175
0.000558078
-0.00308872
0.000598326
-0.00330025
0.000630359
-0.00348136
0.000655552
-0.00363898
0.000675487
-0.00378046
0.000691656
-0.00391244
0.000705295
-0.00404032
0.000717316
-0.00416799
0.000728327
-0.00429788
-0.00443141
0.000738651
7.82106e-06
-9.44993e-05
3.04997e-05
-0.000322418
6.74633e-05
-0.000595638
0.000117257
-0.00090871
0.000177308
-0.00125137
0.000244003
-0.00160942
0.000313087
-0.00196665
0.000380314
-0.0023075
0.000442114
-0.00261964
0.000496071
-0.00289571
0.0005411
-0.00313375
0.000577314
-0.00333646
0.000605698
-0.00350974
0.000627709
-0.00366099
0.000644917
-0.00379766
0.000658742
-0.00392627
0.000670322
-0.0040519
0.000680469
-0.00417813
0.000689707
-0.00430712
-0.00444
0.000698298
8.06208e-06
-0.000102561
3.12238e-05
-0.000345579
6.86496e-05
-0.000633063
0.00011858
-0.00095864
0.000178142
-0.00131094
0.00024349
-0.00167477
0.000310281
-0.00203344
0.000374351
-0.00237157
0.000432362
-0.00267765
0.000482215
-0.00294556
0.00052314
-0.00317467
0.000555503
-0.00336882
0.000580443
-0.00353468
0.000599466
-0.00368002
0.000614109
-0.00381231
0.000625715
-0.00393787
0.000635322
-0.00406151
0.000643648
-0.00418646
0.000651142
-0.00431461
-0.00444687
0.000658014
8.28564e-06
-0.000110847
3.18695e-05
-0.000369163
6.96444e-05
-0.000670838
0.000119547
-0.00100854
0.000178417
-0.00136981
0.000242207
-0.00173856
0.000306527
-0.00209776
0.000367332
-0.00243237
0.000421536
-0.00273186
0.000467356
-0.00299138
0.000504319
-0.00321164
0.000533015
-0.00339752
0.000554702
-0.00355637
0.000570912
-0.00369623
0.000583136
-0.00382453
0.000592629
-0.00394737
0.000600334
-0.00406922
0.000606882
-0.00419301
0.000612655
-0.00432038
-0.00445204
0.000617816
8.49006e-06
-0.000119337
3.24317e-05
-0.000393105
7.04398e-05
-0.000708846
0.00012015
-0.00105825
0.000178132
-0.00142779
0.000240171
-0.0018006
0.000301866
-0.00215945
0.000359323
-0.00248983
0.000409726
-0.00278226
0.0004516
-0.00303326
0.00048475
-0.00324479
0.000509956
-0.00342273
0.000528571
-0.00357498
0.000542128
-0.00370979
0.00055206
-0.00383446
0.000559531
-0.00395484
0.000565393
-0.00407508
0.000570198
-0.00419781
0.000574265
-0.00432445
-0.00445549
0.000577723
8.6738e-06
-0.000128011
3.29059e-05
-0.000417337
7.10294e-05
-0.00074697
0.000120385
-0.00110761
0.000177292
-0.00148469
0.000237404
-0.00186071
0.000296342
-0.00221839
0.000350395
-0.00254388
0.000397023
-0.00282889
0.000435051
-0.00307129
0.000464538
-0.00327427
0.000486427
-0.00344462
0.000502137
-0.00359069
0.000513186
-0.00372083
0.000520935
-0.00384221
0.000526462
-0.00396036
0.000530528
-0.00407915
0.000533616
-0.0042009
0.000535992
-0.00432683
-0.00445725
0.00053775
8.83645e-06
-0.000136847
3.32904e-05
-0.000441791
7.14113e-05
-0.000785091
0.000120254
-0.00115645
0.000175911
-0.00154035
0.000233936
-0.00191873
0.000290011
-0.00227447
0.000340625
-0.00259449
0.000383522
-0.00287179
0.000417814
-0.00310558
0.000443789
-0.00330025
0.000462526
-0.00346335
0.000475486
-0.00360365
0.000484153
-0.0037295
0.000489816
-0.00384787
0.000493462
-0.00396401
0.000495773
-0.00408146
0.000497164
-0.00420229
0.000497858
-0.00432752
-0.00445731
0.00049792
8.97488e-06
-0.000145822
3.35781e-05
-0.000466394
7.15765e-05
-0.000823089
0.000119751
-0.00120463
0.000173993
-0.00159459
0.000229788
-0.00197453
0.000282911
-0.00232759
0.00033007
-0.00264165
0.000369294
-0.00291101
0.000399967
-0.00313625
0.000422578
-0.00332286
0.000438319
-0.00347909
0.000448668
-0.003614
0.000455069
-0.0037359
0.000458728
-0.00385153
0.000460549
-0.00396583
0.000461136
-0.00408204
0.000460847
-0.004202
0.000459865
-0.00432654
-0.00445568
0.000458234
9.08891e-06
-0.000154911
3.37684e-05
-0.000491074
7.15261e-05
-0.000860847
0.000118883
-0.00125198
0.000171556
-0.00164727
0.000224998
-0.00202797
0.000275101
-0.00237769
0.000318809
-0.00268536
0.00035443
-0.00294663
0.000381603
-0.00316343
0.000400996
-0.00334225
0.000413885
-0.00349198
0.000421753
-0.00362187
0.000425987
-0.00374014
0.000427715
-0.00385326
0.000427755
-0.00396587
0.000426643
-0.00408093
0.000424687
-0.00420005
0.000422035
-0.00432389
-0.00445236
0.000418712
9.17761e-06
-0.000164089
3.38597e-05
-0.000515756
7.12601e-05
-0.000898247
0.000117657
-0.00129838
0.000168621
-0.00169823
0.000219601
-0.00207895
0.000266635
-0.00242472
0.00030691
-0.00272564
0.000339009
-0.00297873
0.000362804
-0.00318722
0.000379118
-0.00335856
0.000389291
-0.00350216
0.000394793
-0.00362737
0.00039695
-0.00374229
0.000396806
-0.00385312
0.000395103
-0.00396417
0.000392312
-0.00407814
0.000388698
-0.00419643
0.00038438
-0.00431957
-0.00444735
0.000379367
9.24019e-06
-0.000173329
3.38506e-05
-0.000540366
7.07798e-05
-0.000935176
0.000116082
-0.00134368
0.000165208
-0.00174736
0.000213636
-0.00212738
0.000257568
-0.00246866
0.000294442
-0.00276251
0.000323105
-0.00300739
0.000343643
-0.00320776
0.000357012
-0.00337193
0.000364595
-0.00350974
0.000367835
-0.00363061
0.000367992
-0.00374245
0.000366029
-0.00385116
0.000362614
-0.00396075
0.000358161
-0.00407369
0.000352896
-0.00419117
0.000346915
-0.00431359
-0.00444065
0.000340215
9.27605e-06
-0.000182605
3.3741e-05
-0.000564831
7.00879e-05
-0.000971523
0.000114167
-0.00138776
0.000161341
-0.00179453
0.000207141
-0.00217318
0.000247953
-0.00250947
0.00028147
-0.00279603
0.000306788
-0.00303271
0.00032419
-0.00322516
0.00033474
-0.00338248
0.000339848
-0.00351485
0.000340921
-0.00363169
0.000339145
-0.00374067
0.000335408
-0.00384742
0.000330305
-0.00395565
0.000324203
-0.00406758
0.000317293
-0.00418426
0.000309651
-0.00430595
-0.00443226
0.000301266
9.28479e-06
-0.00019189
3.35308e-05
-0.000589077
6.91885e-05
-0.00100718
0.000111927
-0.0014305
0.000157045
-0.00183965
0.000200157
-0.00221629
0.000237845
-0.00254716
0.000268056
-0.00282624
0.000290124
-0.00305478
0.000304507
-0.00323954
0.000312358
-0.00339033
0.000315097
-0.00351759
0.000314086
-0.00363068
0.000310437
-0.00373702
0.000304962
-0.00384194
0.000298194
-0.00394888
0.000290452
-0.00405984
0.000281901
-0.00417571
0.000272599
-0.00429664
-0.0044222
0.000262533
9.26614e-06
-0.000201156
3.32211e-05
-0.000613032
6.80866e-05
-0.00104205
0.000109373
-0.00147178
0.000152346
-0.00188262
0.000192723
-0.00225667
0.000227296
-0.00258173
0.000254259
-0.0028532
0.000273174
-0.00307369
0.000284652
-0.00325102
0.000289916
-0.0033956
0.000290383
-0.00351805
0.000287361
-0.00362765
0.000281891
-0.00373155
0.00027471
-0.00383476
0.000266294
-0.00394047
0.000256921
-0.00405047
0.000246731
-0.00416552
0.000235772
-0.00428568
-0.00441045
0.000224028
9.22003e-06
-0.000210376
3.28132e-05
-0.000636625
6.67885e-05
-0.00107602
0.000106522
-0.00151152
0.000147271
-0.00192337
0.000184879
-0.00229428
0.000216354
-0.0026132
0.000240137
-0.00287699
0.000255996
-0.00308955
0.000264678
-0.0032597
0.000267459
-0.00339838
0.000265742
-0.00351634
0.000260776
-0.00362269
0.000253529
-0.00372431
0.00024467
-0.0038259
0.00023462
-0.00393042
0.000223621
-0.00403947
0.000211795
-0.00415369
0.000199179
-0.00427307
-0.00439703
0.000185762
9.14655e-06
-0.000219522
3.23091e-05
-0.000659788
6.53014e-05
-0.00110901
0.000103389
-0.00154961
0.000141848
-0.00196183
0.000176664
-0.00232909
0.00020507
-0.00264161
0.000225741
-0.00289766
0.000238641
-0.00310245
0.000244631
-0.00326569
0.000245027
-0.00339877
0.000241205
-0.00351251
0.000234355
-0.00361584
0.00022537
-0.00371532
0.000214856
-0.00381539
0.000203183
-0.00391874
0.000190564
-0.00402685
0.000177103
-0.00414023
0.000162833
-0.0042588
-0.00438194
0.00014774
9.04593e-06
-0.000228568
3.17112e-05
-0.000682453
6.36331e-05
-0.00114094
9.99917e-05
-0.00158596
0.000136105
-0.00199794
0.000168117
-0.0023611
0.000193489
-0.00266698
0.000211122
-0.00291529
0.000221156
-0.00311249
0.000224555
-0.00326909
0.000222656
-0.00339687
0.000216802
-0.00350666
0.000208119
-0.00360715
0.000197431
-0.00370464
0.000185281
-0.00380324
0.000171996
-0.00390546
0.000157761
-0.00401262
0.000142664
-0.00412513
0.000126742
-0.00424288
-0.00436517
0.000109968
8.91855e-06
-0.000237487
3.10224e-05
-0.000704557
6.17922e-05
-0.00117171
9.63469e-05
-0.00162052
0.000130069
-0.00203167
0.000159276
-0.00239031
0.000181654
-0.00268936
0.000196324
-0.00292996
0.000203587
-0.00311975
0.000204488
-0.00327
0.000200377
-0.00339276
0.000192557
-0.00349884
0.000182088
-0.00359669
0.000169727
-0.00369227
0.000155959
-0.00378947
0.000141072
-0.00389057
0.000125221
-0.00399677
0.000108487
-0.0041084
9.09126e-05
-0.0042253
-0.00434671
7.24515e-05
8.76493e-06
-0.000246252
3.0246e-05
-0.000726038
5.97879e-05
-0.00120125
9.24726e-05
-0.0016532
0.000123768
-0.00206296
0.000150175
-0.00241672
0.000169607
-0.00270879
0.000181391
-0.00294174
0.000185972
-0.00312433
0.000184465
-0.00326849
0.000178219
-0.00338652
0.000168492
-0.00348911
0.000156279
-0.00358447
0.000142271
-0.00367827
0.000126902
-0.0037741
0.00011042
-0.00387409
9.29612e-05
-0.00397931
7.45931e-05
-0.00409003
5.5336e-05
-0.00420605
-0.00432655
3.51766e-05
8.58572e-06
-0.000254838
2.93856e-05
-0.000746838
5.76297e-05
-0.00122949
8.83866e-05
-0.00168396
0.000117229
-0.0020918
0.000140851
-0.00244034
0.000157388
-0.00272533
0.000166362
-0.00295072
0.000168349
-0.00312632
0.000164517
-0.00326466
0.000156207
-0.00337821
0.000144627
-0.00347753
0.000130707
-0.00357055
0.000115077
-0.00366264
9.81203e-05
-0.00375714
8.00535e-05
-0.00385602
6.09957e-05
-0.00396025
4.10186e-05
-0.00407005
2.00721e-05
-0.0041851
-0.00430391
-2.56992e-06
8.38165e-06
-0.000263219
2.84451e-05
-0.000766902
5.53274e-05
-0.00125637
8.41069e-05
-0.00171274
0.000110478
-0.00211817
0.000131335
-0.0024612
0.000145032
-0.00273903
0.000151273
-0.00295696
0.000150749
-0.00312579
0.000144672
-0.00325858
0.000134363
-0.0033679
0.000120978
-0.00346415
0.000105386
-0.00355496
8.81549e-05
-0.00364541
6.9624e-05
-0.00373861
4.99803e-05
-0.00383638
2.93299e-05
-0.0039396
7.73158e-06
-0.00404845
-1.47566e-05
-0.00416261
-0.00428039
-3.82725e-05
8.15359e-06
-0.000271373
2.74286e-05
-0.000786177
5.28911e-05
-0.00128184
7.96512e-05
-0.0017395
0.000103541
-0.00214206
0.000121659
-0.00247932
0.000132573
-0.00274994
0.000136157
-0.00296055
0.000133204
-0.00312284
0.000124954
-0.00325033
0.000112706
-0.00335565
9.75623e-05
-0.003449
8.03269e-05
-0.00353772
6.15151e-05
-0.0036266
4.14227e-05
-0.00371852
2.02089e-05
-0.00381517
-2.03662e-06
-0.00391735
-2.52328e-05
-0.00402526
-4.94184e-05
-0.00413843
-0.00425535
-7.44556e-05
7.90246e-06
-0.000279275
2.63404e-05
-0.000804615
5.0331e-05
-0.00130583
7.50371e-05
-0.00176421
9.64423e-05
-0.00216347
0.000111853
-0.00249473
0.000120042
-0.00275813
0.000121044
-0.00296155
0.000115738
-0.00311753
0.000105386
-0.00323998
9.12545e-05
-0.00334152
7.4392e-05
-0.00343214
5.55419e-05
-0.00351887
3.51672e-05
-0.00360622
1.35245e-05
-0.00369688
-9.24954e-06
-0.00379239
-3.30701e-05
-0.00389353
-5.7884e-05
-0.00400044
-8.36753e-05
-0.00411263
-0.00422865
-0.000110379
7.62928e-06
-0.000286905
2.5185e-05
-0.00082217
4.76573e-05
-0.0013283
7.02816e-05
-0.00178683
8.92053e-05
-0.00218239
0.000101944
-0.00250747
0.00010747
-0.00276365
0.000105963
-0.00296004
9.83775e-05
-0.00310995
8.59865e-05
-0.00322759
7.00235e-05
-0.00332556
5.14795e-05
-0.0034136
3.10402e-05
-0.00349844
9.11904e-06
-0.0035843
-1.40611e-05
-0.0036737
-3.83877e-05
-0.00376806
-6.37887e-05
-0.00386813
-9.02059e-05
-0.00397403
-0.000117604
-0.00408524
-0.00420028
-0.000145969
7.33511e-06
-0.00029424
2.39669e-05
-0.000838802
4.48801e-05
-0.00134921
6.54014e-05
-0.00180735
8.18524e-05
-0.00219884
9.19583e-05
-0.00251757
9.48816e-05
-0.00276658
9.09368e-05
-0.0029561
8.11428e-05
-0.00310015
6.67743e-05
-0.00321322
4.90267e-05
-0.00330781
2.88354e-05
-0.00339341
6.82987e-06
-0.00347643
-1.66195e-05
-0.00356085
-4.13261e-05
-0.00364899
-6.71982e-05
-0.00374219
-9.41735e-05
-0.00384116
-0.00012219
-0.00394601
-0.0001512
-0.00405623
-0.00417028
-0.000181209
7.02108e-06
-0.000301261
2.26907e-05
-0.000854472
4.20094e-05
-0.00136853
6.04126e-05
-0.00182576
7.44049e-05
-0.00221284
8.19199e-05
-0.00252509
8.23025e-05
-0.00276696
7.59896e-05
-0.00294978
6.40535e-05
-0.00308822
4.77642e-05
-0.00319693
2.82761e-05
-0.00328832
6.46875e-06
-0.0033716
-1.70787e-05
-0.00345288
-4.2042e-05
-0.00353589
-6.82637e-05
-0.00362277
-9.56721e-05
-0.00371478
-0.000124215
-0.00381261
-0.000153827
-0.0039164
-0.000184449
-0.0040256
-0.00413864
-0.000216089
6.68833e-06
-0.000307949
2.1361e-05
-0.000869144
3.9055e-05
-0.00138623
5.53307e-05
-0.00184203
6.68828e-05
-0.00222439
7.18515e-05
-0.00253005
6.97551e-05
-0.00276486
6.11416e-05
-0.00294117
4.71269e-05
-0.0030742
2.89701e-05
-0.00317877
7.78208e-06
-0.00326713
-1.56103e-05
-0.00334821
-4.06803e-05
-0.00342781
-6.71417e-05
-0.00350943
-9.4866e-05
-0.00359504
-0.000123801
-0.00368585
-0.000153905
-0.00378251
-0.000185107
-0.0038852
-0.00021734
-0.00399337
-0.00410538
-0.000250599
6.33806e-06
-0.000314287
1.99826e-05
-0.000882789
3.60267e-05
-0.00140227
5.01705e-05
-0.00185617
5.93052e-05
-0.00223352
6.17741e-05
-0.00253252
5.72599e-05
-0.00276035
4.64113e-05
-0.00293032
3.03784e-05
-0.00305817
1.04041e-05
-0.0031588
-1.24452e-05
-0.00324428
-3.73957e-05
-0.00332326
-6.39678e-05
-0.00340124
-9.19118e-05
-0.00348148
-0.000121126
-0.00356583
-0.000151577
-0.0036554
-0.000183232
-0.00375085
-0.000216022
-0.00385241
-0.000249861
-0.00395953
-0.00407051
-0.00028473
5.97148e-06
-0.000320259
1.85598e-05
-0.000895377
3.29336e-05
-0.00141664
4.49462e-05
-0.00186819
5.16897e-05
-0.00224027
5.17069e-05
-0.00253254
4.48359e-05
-0.00275348
3.18153e-05
-0.0029173
1.38216e-05
-0.00304018
-7.92315e-06
-0.00313705
-3.23979e-05
-0.00321981
-5.88805e-05
-0.00329677
-8.69352e-05
-0.00337319
-0.000116346
-0.00345207
-0.000147036
-0.00353514
-0.00017899
-0.00362344
-0.000212189
-0.00371765
-0.00024656
-0.00381804
-0.000282002
-0.00392409
-0.00403404
-0.000318472
5.58983e-06
-0.000325848
1.70974e-05
-0.000906885
2.97849e-05
-0.00142933
3.96714e-05
-0.00187807
4.40531e-05
-0.00224465
4.1668e-05
-0.00253016
3.25002e-05
-0.00274431
1.73685e-05
-0.00290217
-2.53107e-06
-0.00302028
-2.60019e-05
-0.00311358
-5.20688e-05
-0.00319374
-8.00585e-05
-0.00326878
-0.000109577
-0.00334367
-0.000140439
-0.00342121
-0.00017259
-0.00350299
-0.000206035
-0.00359
-0.000240765
-0.00368292
-0.00027671
-0.00378209
-0.000313751
-0.00388705
-0.00399597
-0.000351815
5.19434e-06
-0.000331043
1.55997e-05
-0.00091729
2.65893e-05
-0.00144032
3.43588e-05
-0.00188584
3.64109e-05
-0.0022467
3.16738e-05
-0.00252542
2.02684e-05
-0.0027329
3.08633e-06
-0.00288499
-1.86691e-05
-0.00299852
-4.38242e-05
-0.00308843
-7.14513e-05
-0.00316611
-0.000100924
-0.00323931
-0.000131888
-0.0033127
-0.000164184
-0.00338891
-0.000197781
-0.00346939
-0.000232701
-0.00355508
-0.00026895
-0.00364667
-0.000306463
-0.00374458
-0.0003451
-0.00384841
-0.00395632
-0.000384751
4.78634e-06
-0.000335829
1.40711e-05
-0.000926575
2.33553e-05
-0.0014496
2.90206e-05
-0.00189151
2.87778e-05
-0.00224646
2.17394e-05
-0.00251838
8.15528e-06
-0.00271932
-1.10244e-05
-0.00286581
-3.45831e-05
-0.00297496
-6.13825e-05
-0.00306163
-9.05397e-05
-0.00313696
-0.000121473
-0.00320838
-0.000153863
-0.00328031
-0.000187578
-0.0033552
-0.000222605
-0.00343437
-0.000258982
-0.0035187
-0.000296736
-0.00360892
-0.000335806
-0.00370551
-0.000376035
-0.00380818
-0.00391509
-0.000417268
4.36717e-06
-0.000340196
1.2516e-05
-0.000934724
2.00909e-05
-0.00145718
2.36684e-05
-0.00189509
2.11677e-05
-0.00224396
1.18785e-05
-0.00250909
-3.82513e-06
-0.00270362
-2.4948e-05
-0.00284468
-5.02645e-05
-0.00294965
-7.86705e-05
-0.00303322
-0.000109329
-0.0031063
-0.000141701
-0.00317601
-0.000175499
-0.00324652
-0.000210616
-0.00332008
-0.000247054
-0.00339793
-0.000284871
-0.00348089
-0.000324112
-0.00356968
-0.000364728
-0.00366489
-0.000406547
-0.00376636
-0.00387228
-0.000449359
3.93837e-06
-0.000344135
1.09387e-05
-0.000941724
1.68038e-05
-0.00146304
1.83128e-05
-0.0018966
1.35937e-05
-0.00223924
2.11935e-06
-0.00249762
-1.56692e-05
-0.00268583
-3.86777e-05
-0.00282167
-6.57059e-05
-0.00292262
-9.56823e-05
-0.00300324
-0.000127814
-0.00307417
-0.000161603
-0.00314222
-0.000196792
-0.00321133
-0.000233293
-0.00328358
-0.000271124
-0.0033601
-0.00031036
-0.00344165
-0.000351068
-0.00352897
-0.000393217
-0.00362274
-0.000436623
-0.00372296
-0.00382789
-0.000481012
3.50176e-06
-0.000347636
9.3434e-06
-0.000947566
1.35016e-05
-0.0014672
1.29652e-05
-0.00189606
6.06565e-06
-0.00223234
-7.57172e-06
-0.00248398
-2.73599e-05
-0.00266604
-5.22041e-05
-0.00279683
-8.09006e-05
-0.00289392
-0.000112413
-0.00297173
-0.000145992
-0.00304059
-0.000181176
-0.00310703
-0.000217738
-0.00317477
-0.000255606
-0.00324571
-0.000294811
-0.00332089
-0.000335445
-0.00340102
-0.000377597
-0.00348682
-0.000421261
-0.00357908
-0.00046625
-0.00367797
-0.00378192
-0.000512218
3.05896e-06
-0.000350695
7.73388e-06
-0.000952241
1.01913e-05
-0.00146966
7.63557e-06
-0.0018935
-1.37838e-06
-0.00222332
-1.71394e-05
-0.00246822
-3.88892e-05
-0.00264429
-6.55199e-05
-0.0027702
-9.5843e-05
-0.0028636
-0.000128858
-0.00293872
-0.000163858
-0.00300559
-0.000200418
-0.00307047
-0.000238334
-0.00313685
-0.000277552
-0.00320649
-0.000318112
-0.00328033
-0.000360119
-0.00335901
-0.000403689
-0.00344325
-0.000448847
-0.00353392
-0.000495416
-0.0036314
-0.00373437
-0.000542966
2.61e-06
-0.000353305
6.11369e-06
-0.000955744
6.87992e-06
-0.00147043
2.34075e-06
-0.00188896
-8.81571e-06
-0.00221217
-2.65944e-05
-0.00245044
-5.02487e-05
-0.00262064
-7.86183e-05
-0.00274183
-0.000110528
-0.00283169
-0.000145014
-0.00290423
-0.000181409
-0.00296919
-0.000219324
-0.00303256
-0.000258578
-0.00309759
-0.000299128
-0.00316594
-0.000341023
-0.00323843
-0.00038438
-0.00331565
-0.000429337
-0.00339829
-0.000475963
-0.0034873
-0.000524105
-0.00358325
-0.00368523
-0.000573244
2.1565e-06
-0.000355462
4.48786e-06
-0.000958076
3.56951e-06
-0.00146951
-2.94085e-06
-0.00188245
-1.61464e-05
-0.00219896
-3.59223e-05
-0.00243066
-6.14312e-05
-0.00259513
-9.14932e-05
-0.00271177
-0.00012495
-0.00279823
-0.000160876
-0.00286831
-0.000198643
-0.00293143
-0.000237893
-0.00299331
-0.000278467
-0.00305702
-0.000320332
-0.00312408
-0.000363544
-0.00319522
-0.000408224
-0.00327097
-0.000454536
-0.00335198
-0.000502597
-0.00343924
-0.000552301
-0.00353355
-0.00363449
-0.00060304
1.69869e-06
-0.000357161
2.86148e-06
-0.000959238
3.20686e-07
-0.00146697
-8.18537e-06
-0.00187395
-2.33954e-05
-0.00218375
-4.5116e-05
-0.00240894
-7.24299e-05
-0.00256781
-0.000104139
-0.00268006
-0.000139106
-0.00276326
-0.000176442
-0.00283097
-0.000215556
-0.00289231
-0.000256122
-0.00295274
-0.000297998
-0.00301515
-0.000341163
-0.00308091
-0.000385672
-0.00315071
-0.000431651
-0.00322499
-0.000479283
-0.00330435
-0.000528739
-0.00338978
-0.00057999
-0.0034823
-0.00358214
-0.000632344
1.23566e-06
-0.000358396
1.22327e-06
-0.000959226
-3.01688e-06
-0.00146273
-1.33812e-05
-0.00186358
-3.05533e-05
-0.00216658
-5.4169e-05
-0.00238533
-8.32388e-05
-0.00253874
-0.000116552
-0.00264675
-0.000152993
-0.00272682
-0.000191709
-0.00279225
-0.000232147
-0.00285187
-0.000274009
-0.00291088
-0.00031717
-0.00297198
-0.000361617
-0.00303647
-0.000407406
-0.00310492
-0.000454662
-0.00317774
-0.000503577
-0.00325544
-0.000554381
-0.00333898
-0.000607157
-0.00342952
-0.00352816
-0.00066114
7.63854e-07
-0.00035916
-4.1305e-07
-0.000958049
-6.28553e-06
-0.00145685
-1.8521e-05
-0.00185135
-3.7613e-05
-0.00214749
-6.30745e-05
-0.00235987
-9.38523e-05
-0.00250797
-0.000128727
-0.00261187
-0.000166606
-0.00268895
-0.000206673
-0.00275219
-0.000248412
-0.00281013
-0.00029155
-0.00286774
-0.000335979
-0.00292755
-0.000381693
-0.00299075
-0.000428748
-0.00305787
-0.00047726
-0.00312922
-0.000527423
-0.00320527
-0.000579522
-0.00328688
-0.00063379
-0.00337525
-0.00347255
-0.000689397
2.47499e-07
-0.000359408
-2.05076e-06
-0.000955751
-9.52709e-06
-0.00144938
-2.35996e-05
-0.00183728
-4.45681e-05
-0.00212652
-7.18265e-05
-0.00233261
-0.000104266
-0.00247553
-0.00014066
-0.00257548
-0.000179943
-0.00264966
-0.000221334
-0.0027108
-0.00026435
-0.00276712
-0.000308743
-0.00282335
-0.000354424
-0.00288187
-0.000401389
-0.00294379
-0.000449695
-0.00300956
-0.000499447
-0.00307947
-0.000550828
-0.00315389
-0.000604169
-0.00323354
-0.000659884
-0.00331954
-0.00341532
-0.000717114
-2.37979e-07
-0.00035917
-3.67762e-06
-0.000952311
-1.27387e-05
-0.00144032
-2.86122e-05
-0.0018214
-5.14126e-05
-0.00210372
-8.04198e-05
-0.0023036
-0.000114474
-0.00244147
-0.000152348
-0.0025376
-0.000193001
-0.00260901
-0.000235687
-0.00266811
-0.000279957
-0.00272285
-0.000325586
-0.00277772
-0.000372499
-0.00283496
-0.000420702
-0.00289559
-0.000470247
-0.00296002
-0.000521227
-0.00302849
-0.000573802
-0.00310132
-0.000628337
-0.003179
-0.000685452
-0.00326242
-0.00335641
-0.00074436
-6.70365e-07
-0.000358499
-5.28705e-06
-0.000947694
-1.59162e-05
-0.00142969
-3.35536e-05
-0.00180376
-5.8141e-05
-0.00207913
-8.88497e-05
-0.00227289
-0.000124474
-0.00240585
-0.000163789
-0.00249829
-0.000205778
-0.00256702
-0.000249732
-0.00262416
-0.000295231
-0.00267735
-0.000342076
-0.00273087
-0.000390203
-0.00278683
-0.000439627
-0.00284616
-0.0004904
-0.00290925
-0.000542602
-0.00297629
-0.000596363
-0.00304756
-0.000652062
-0.0031233
-0.000710497
-0.00320399
-0.00329581
-0.000771099
-1.13127e-06
-0.000357368
-6.88486e-06
-0.000941941
-1.90557e-05
-0.00141752
-3.84195e-05
-0.0017844
-6.47486e-05
-0.0020528
-9.71117e-05
-0.00224053
-0.000134263
-0.0023687
-0.000174978
-0.00245757
-0.000218271
-0.00252373
-0.000263465
-0.00257896
-0.000310171
-0.00263064
-0.000358209
-0.00268284
-0.000407531
-0.00273751
-0.000458159
-0.00279553
-0.000510148
-0.00285726
-0.000563568
-0.00292287
-0.000618533
-0.00299259
-0.000675412
-0.00306643
-0.000734948
-0.00314445
-0.00323353
-0.000797227
-1.59736e-06
-0.000355771
-8.4688e-06
-0.000935069
-2.21538e-05
-0.00140383
-4.32053e-05
-0.00176335
-7.12309e-05
-0.00202478
-0.000105202
-0.00220656
-0.000143836
-0.00233006
-0.000185915
-0.00241549
-0.000230479
-0.00247916
-0.000276886
-0.00253255
-0.000324773
-0.00258276
-0.000373983
-0.00263363
-0.000424478
-0.00268702
-0.000476291
-0.00274372
-0.000529479
-0.00280407
-0.000584114
-0.00286823
-0.000640319
-0.00293638
-0.000698437
-0.00300831
-0.000759283
-0.00308361
-0.00317076
-0.000822049
-2.06036e-06
-0.00035371
-1.0032e-05
-0.000927098
-2.52017e-05
-0.00138866
-4.79012e-05
-0.00174065
-7.75777e-05
-0.0019951
-0.000113111
-0.00217102
-0.000153185
-0.00228999
-0.00019659
-0.00237209
-0.000242394
-0.00243336
-0.000289985
-0.00248496
-0.00033903
-0.00253371
-0.000389388
-0.00258327
-0.000441035
-0.00263537
-0.000494009
-0.00269075
-0.000548375
-0.0027497
-0.000604216
-0.00281239
-0.000661682
-0.00287892
-0.000720863
-0.00294913
-0.000780865
-0.0030236
-0.00310528
-0.000846349
-2.52216e-06
-0.000351188
-1.15798e-05
-0.00091804
-2.82064e-05
-0.00137204
-5.25152e-05
-0.00171634
-8.3798e-05
-0.00196382
-0.000120848
-0.00213397
-0.00016232
-0.00224852
-0.000207014
-0.00232739
-0.000254025
-0.00238635
-0.000302774
-0.00243621
-0.000352951
-0.00248353
-0.000404433
-0.00253179
-0.000457207
-0.00258259
-0.000511319
-0.00263664
-0.000566837
-0.00269418
-0.000623857
-0.00275537
-0.000682514
-0.00282026
-0.000742835
-0.00288881
-0.00080477
-0.00296167
-0.00303937
-0.00087068
-2.97941e-06
-0.000348209
-1.31064e-05
-0.000907913
-3.11598e-05
-0.00135398
-5.70378e-05
-0.00169046
-8.9882e-05
-0.00193097
-0.000128403
-0.00209545
-0.000171232
-0.00220569
-0.000217179
-0.00228145
-0.000265367
-0.00233816
-0.000315245
-0.00238634
-0.000366529
-0.00243225
-0.00041911
-0.0024792
-0.000472987
-0.00252872
-0.00052821
-0.00258141
-0.000584852
-0.00263754
-0.000643012
-0.00269721
-0.000702807
-0.00276047
-0.000764294
-0.00282732
-0.000827688
-0.00289827
-0.00297295
-0.000894105
-3.43139e-06
-0.000344777
-1.46097e-05
-0.000896735
-3.40592e-05
-0.00133453
-6.14659e-05
-0.00166306
-9.58267e-05
-0.00189661
-0.000135776
-0.0020555
-0.00017992
-0.00216154
-0.000227084
-0.00223428
-0.000276417
-0.00228883
-0.000327397
-0.00233535
-0.000379761
-0.00237989
-0.000433417
-0.00242555
-0.000488371
-0.00247376
-0.000544678
-0.00252511
-0.000602416
-0.0025798
-0.00066168
-0.00263795
-0.000722579
-0.00269957
-0.000785197
-0.0027647
-0.000849779
-0.00283369
-0.00290584
-0.000916886
-3.87747e-06
-0.0003409
-1.60883e-05
-0.000884524
-3.69018e-05
-0.00131372
-6.57966e-05
-0.00163416
-0.000101629
-0.00186078
-0.000142962
-0.00201417
-0.000188382
-0.00211612
-0.000236727
-0.00218594
-0.000287174
-0.00223838
-0.000339228
-0.0022833
-0.000392646
-0.00232647
-0.000447351
-0.00237084
-0.000503357
-0.00241776
-0.000560721
-0.00246774
-0.000619525
-0.002521
-0.000679861
-0.00257761
-0.000741831
-0.0026376
-0.000805531
-0.002701
-0.000871171
-0.00276805
-0.00283797
-0.000939046
-4.31711e-06
-0.000336583
-1.75403e-05
-0.000871301
-3.96853e-05
-0.00129157
-7.0027e-05
-0.00160382
-0.000107287
-0.00182352
-0.00014996
-0.0019715
-0.000196617
-0.00206947
-0.000246108
-0.00213645
-0.000297638
-0.00218685
-0.000350737
-0.0022302
-0.000405183
-0.00227202
-0.000460912
-0.00231512
-0.000517942
-0.00236073
-0.000576337
-0.00240935
-0.000636177
-0.00246116
-0.000697554
-0.00251624
-0.000760562
-0.00257459
-0.000825301
-0.00263626
-0.000891936
-0.00270142
-0.00276927
-0.00096063
-4.74975e-06
-0.000331833
-1.89643e-05
-0.000857086
-4.24074e-05
-0.00126813
-7.41549e-05
-0.00157207
-0.000112799
-0.00178488
-0.000156769
-0.00192753
-0.000204622
-0.00202161
-0.000255225
-0.00208585
-0.000307807
-0.00213427
-0.000361923
-0.00217609
-0.000417371
-0.00221657
-0.000474097
-0.00225839
-0.000532126
-0.0023027
-0.000591524
-0.00234995
-0.000652372
-0.00240031
-0.000714759
-0.00245385
-0.000778776
-0.00251057
-0.000844518
-0.00257052
-0.000912114
-0.00263382
-0.00269973
-0.000981663
-5.17486e-06
-0.000326658
-2.03589e-05
-0.000841902
-4.50661e-05
-0.00124342
-7.81777e-05
-0.00153896
-0.000118161
-0.00174489
-0.000163386
-0.0018823
-0.000212398
-0.0019726
-0.000264078
-0.00203417
-0.00031768
-0.00208067
-0.000372786
-0.00212098
-0.000429209
-0.00216015
-0.000486905
-0.00220069
-0.000545907
-0.00224369
-0.000606282
-0.00228958
-0.00066811
-0.00233849
-0.000731479
-0.00239048
-0.000796476
-0.00244557
-0.00086319
-0.00250381
-0.000931729
-0.00256528
-0.0026293
-0.00100216
-5.59193e-06
-0.000321066
-2.17226e-05
-0.000825772
-4.76594e-05
-0.00121749
-8.20936e-05
-0.00150453
-0.000123373
-0.00170361
-0.000169811
-0.00183587
-0.000219942
-0.00192247
-0.000272665
-0.00198144
-0.000327259
-0.00202607
-0.000383326
-0.00206491
-0.000440696
-0.00210278
-0.000499337
-0.00214205
-0.000559284
-0.00218375
-0.000620608
-0.00222825
-0.000683389
-0.0022757
-0.000747713
-0.00232616
-0.000813665
-0.00237962
-0.000881327
-0.00243614
-0.000950793
-0.00249582
-0.00255798
-0.00102211
-6.00046e-06
-0.000315066
-2.30542e-05
-0.000808718
-5.01854e-05
-0.00119036
-8.59005e-05
-0.00146881
-0.000128432
-0.00166108
-0.000176041
-0.00178826
-0.000227255
-0.00187126
-0.000280987
-0.00192771
-0.000336541
-0.00197052
-0.00039354
-0.00200791
-0.000451831
-0.00204449
-0.00051139
-0.00208249
-0.000572257
-0.00212288
-0.000634504
-0.002166
-0.000698211
-0.002212
-0.000763463
-0.0022609
-0.000830344
-0.00231274
-0.000898932
-0.00236756
-0.000969312
-0.00242544
-0.00248576
-0.00104153
-6.39996e-06
-0.000308666
-2.43525e-05
-0.000790765
-5.26425e-05
-0.00116207
-8.95967e-05
-0.00143186
-0.000133338
-0.00161734
-0.000182077
-0.00173952
-0.000234335
-0.001819
-0.000289043
-0.001873
-0.000345526
-0.00191404
-0.00040343
-0.00195001
-0.000462615
-0.00198531
-0.000523064
-0.00202205
-0.000584824
-0.00206112
-0.000647967
-0.00210286
-0.000712574
-0.00214739
-0.000778729
-0.00219475
-0.000846515
-0.00224496
-0.000916008
-0.00229806
-0.000987289
-0.00235416
-0.00241264
-0.00106041
-6.78998e-06
-0.000301876
-2.56164e-05
-0.000771939
-5.50291e-05
-0.00113265
-9.31806e-05
-0.00139371
-0.000138088
-0.00157243
-0.000187916
-0.00168969
-0.000241183
-0.00176573
-0.000296832
-0.00181735
-0.000354214
-0.00185665
-0.000412994
-0.00189123
-0.000473045
-0.00192525
-0.000534359
-0.00196073
-0.000596985
-0.00199849
-0.000660997
-0.00203885
-0.000726478
-0.00208191
-0.000793511
-0.00212772
-0.000862178
-0.00217629
-0.000932554
-0.00222769
-0.00100472
-0.00228199
-0.00233863
-0.00107873
-7.1701e-06
-0.000294706
-2.68448e-05
-0.000752264
-5.73438e-05
-0.00110215
-9.66507e-05
-0.0013544
-0.000142682
-0.0015264
-0.000193559
-0.00163881
-0.000247796
-0.00171149
-0.000304354
-0.0017608
-0.000362605
-0.0017984
-0.000422233
-0.0018316
-0.000483122
-0.00186437
-0.000545273
-0.00189858
-0.000608738
-0.00193503
-0.000673594
-0.00197399
-0.000739922
-0.00201558
-0.000807808
-0.00205983
-0.000877331
-0.00210677
-0.00094857
-0.00215645
-0.00102161
-0.00220895
-0.00226374
-0.0010965
-7.53989e-06
-0.000287166
-2.80367e-05
-0.000731767
-5.95852e-05
-0.00107061
-0.000100006
-0.00131398
-0.000147118
-0.00147929
-0.000199004
-0.00158693
-0.000254175
-0.00165632
-0.000311609
-0.00170336
-0.000370699
-0.00173931
-0.000431145
-0.00177115
-0.000492846
-0.00180266
-0.000555806
-0.00183562
-0.000620084
-0.00187075
-0.000685756
-0.00190832
-0.000752906
-0.00194843
-0.000821618
-0.00199112
-0.000891974
-0.00203641
-0.000964054
-0.00208437
-0.00103794
-0.00213507
-0.00218798
-0.00111369
-7.89898e-06
-0.000279267
-2.91911e-05
-0.000710475
-6.17521e-05
-0.00103805
-0.000103244
-0.00127249
-0.000151395
-0.00143114
-0.000204251
-0.00153407
-0.00026032
-0.00160025
-0.000318597
-0.00164509
-0.000378494
-0.00167941
-0.000439731
-0.00170992
-0.000502215
-0.00174018
-0.000565958
-0.00177188
-0.000631021
-0.00180569
-0.000697482
-0.00184186
-0.000765427
-0.00188049
-0.00083494
-0.00192161
-0.000906105
-0.00196524
-0.000979002
-0.00201147
-0.00105372
-0.00206035
-0.00211139
-0.00113031
-8.24698e-06
-0.00027102
-3.03073e-05
-0.000688415
-6.38433e-05
-0.00100451
-0.000106365
-0.00122996
-0.000155513
-0.00138199
-0.000209299
-0.00148028
-0.000266229
-0.00154332
-0.000325316
-0.001586
-0.000385992
-0.00161874
-0.00044799
-0.00164792
-0.000511229
-0.00167694
-0.000575727
-0.00170738
-0.000641548
-0.00173987
-0.000708772
-0.00177464
-0.000777484
-0.00181177
-0.000847772
-0.00185132
-0.00091972
-0.0018933
-0.00099341
-0.00193778
-0.00106893
-0.00198483
-0.00203397
-0.00114635
-8.58355e-06
-0.000262436
-3.13843e-05
-0.000665614
-6.58577e-05
-0.000970036
-0.000109368
-0.00118645
-0.000159471
-0.00133189
-0.000214147
-0.00142561
-0.000271904
-0.00148557
-0.000331768
-0.00152613
-0.000393191
-0.00155732
-0.000455921
-0.00158519
-0.000519887
-0.00161298
-0.000585113
-0.00164215
-0.000651664
-0.00167332
-0.000719623
-0.00170668
-0.000789077
-0.00174232
-0.000860113
-0.00178028
-0.000932817
-0.00182059
-0.00100728
-0.00186332
-0.00108358
-0.00190853
-0.00195575
-0.0011618
-8.90836e-06
-0.000253528
-3.24214e-05
-0.000642101
-6.77944e-05
-0.000934663
-0.00011225
-0.001142
-0.000163268
-0.00128087
-0.000218795
-0.00137008
-0.000277342
-0.00142702
-0.000337952
-0.00146552
-0.000400092
-0.00149518
-0.000463525
-0.00152176
-0.00052819
-0.00154831
-0.000594115
-0.00157623
-0.000661368
-0.00160606
-0.000730035
-0.00163801
-0.000800202
-0.00167215
-0.000871959
-0.00170852
-0.000945394
-0.00174716
-0.00102059
-0.00178812
-0.00109765
-0.00183147
-0.00187676
-0.00117664
-9.22109e-06
-0.000244307
-3.3418e-05
-0.000617904
-6.96523e-05
-0.000898428
-0.000115013
-0.00109664
-0.000166902
-0.00122898
-0.000223243
-0.00131374
-0.000282545
-0.00136772
-0.000343867
-0.0014042
-0.000406693
-0.00143235
-0.000470801
-0.00145765
-0.000536135
-0.00148298
-0.000602731
-0.00150963
-0.000670659
-0.00153813
-0.000740005
-0.00156867
-0.000810858
-0.0016013
-0.000883308
-0.00163607
-0.000957446
-0.00167302
-0.00103336
-0.00171221
-0.00111115
-0.00175368
-0.00179702
-0.00119089
-9.52145e-06
-0.000234785
-3.43732e-05
-0.000593052
-7.14306e-05
-0.000861371
-0.000117654
-0.00105041
-0.000170375
-0.00117626
-0.00022749
-0.00125663
-0.000287512
-0.00130769
-0.000349513
-0.0013422
-0.000412996
-0.00136887
-0.000477747
-0.0013929
-0.000543724
-0.001417
-0.000610962
-0.00144239
-0.000679536
-0.00146956
-0.000749533
-0.00149867
-0.000821043
-0.00152979
-0.000894159
-0.00156296
-0.000968972
-0.00159821
-0.00104557
-0.00163561
-0.00112406
-0.00167519
-0.00171657
-0.00120452
-9.80916e-06
-0.000224976
-3.52865e-05
-0.000567575
-7.31285e-05
-0.000823529
-0.000120172
-0.00100337
-0.000173684
-0.00112275
-0.000231535
-0.00119877
-0.000292242
-0.00124699
-0.000354891
-0.00127955
-0.000418998
-0.00130476
-0.000484365
-0.00132753
-0.000550954
-0.00135041
-0.000618805
-0.00137454
-0.000687997
-0.00140037
-0.000758616
-0.00142805
-0.000830755
-0.00145765
-0.000904508
-0.00148921
-0.000979967
-0.00152275
-0.00105723
-0.00155835
-0.00113639
-0.00159603
-0.00163543
-0.00121753
-1.00839e-05
-0.000214892
-3.61572e-05
-0.000541502
-7.47452e-05
-0.000784941
-0.000122568
-0.000955548
-0.00017683
-0.00106849
-0.000235379
-0.00114022
-0.000296736
-0.00118563
-0.000359999
-0.00121629
-0.000424701
-0.00124006
-0.000490654
-0.00126158
-0.000557825
-0.00128324
-0.000626261
-0.00130611
-0.000696041
-0.00133059
-0.000767253
-0.00135684
-0.000839992
-0.00138491
-0.000914352
-0.00141484
-0.000990429
-0.00144667
-0.00106832
-0.00148046
-0.00114812
-0.00151623
-0.00155363
-0.00122992
-1.03456e-05
-0.000204547
-3.69849e-05
-0.000514862
-7.628e-05
-0.000745646
-0.000124841
-0.000906987
-0.000179811
-0.00101352
-0.000239021
-0.00108101
-0.000300993
-0.00112366
-0.000364839
-0.00115244
-0.000430104
-0.00117479
-0.000496612
-0.00119507
-0.000564336
-0.00121552
-0.000633328
-0.00123711
-0.000703666
-0.00126025
-0.000775443
-0.00128506
-0.000848752
-0.0013116
-0.00092369
-0.00133991
-0.00100035
-0.00137001
-0.00107884
-0.00140197
-0.00115926
-0.00143581
-0.0014712
-0.00124168
-1.05938e-05
-0.000193953
-3.7769e-05
-0.000487687
-7.77323e-05
-0.000705683
-0.000126989
-0.00085773
-0.000182628
-0.000957878
-0.00024246
-0.00102118
-0.000305012
-0.00106111
-0.000369408
-0.00108805
-0.000435207
-0.00110899
-0.000502239
-0.00112804
-0.000570488
-0.00114727
-0.000640005
-0.0011676
-0.000710872
-0.00118938
-0.000783183
-0.00121275
-0.000857033
-0.00123775
-0.000932519
-0.00126442
-0.00100974
-0.00129278
-0.0010888
-0.00132291
-0.00116979
-0.00135482
-0.00138818
-0.00125281
-1.08284e-05
-0.000183124
-3.8509e-05
-0.000460007
-7.91014e-05
-0.00066509
-0.000129013
-0.000807819
-0.00018528
-0.000901611
-0.000245697
-0.000960765
-0.000308794
-0.00099801
-0.000373708
-0.00102313
-0.000440008
-0.00104269
-0.000507536
-0.00106051
-0.000576278
-0.00107853
-0.000646291
-0.00109758
-0.000717658
-0.00111802
-0.000790473
-0.00113994
-0.000864833
-0.00116339
-0.000940837
-0.00118842
-0.00101858
-0.00121504
-0.00109818
-0.00124332
-0.00117972
-0.00127327
-0.0013046
-0.0012633
-1.10492e-05
-0.000172075
-3.92045e-05
-0.000431851
-8.03868e-05
-0.000623908
-0.000130911
-0.000757295
-0.000187766
-0.000844756
-0.000248731
-0.0008998
-0.000312339
-0.000934402
-0.000377738
-0.000957736
-0.000444508
-0.000975923
-0.0005125
-0.000992519
-0.000581706
-0.00100932
-0.000652185
-0.00102711
-0.000724021
-0.00104618
-0.00079731
-0.00106665
-0.00087215
-0.00108855
-0.000948641
-0.00111193
-0.00102688
-0.0011368
-0.00110698
-0.00116322
-0.00118904
-0.00119121
-0.00122049
-0.00127315
-1.1256e-05
-0.000160819
-3.9855e-05
-0.000403252
-8.1588e-05
-0.000582175
-0.000132684
-0.000706199
-0.000190087
-0.000787353
-0.000251562
-0.000838325
-0.000315646
-0.000870318
-0.000381497
-0.000891885
-0.000448707
-0.000908713
-0.000517133
-0.000924093
-0.000586773
-0.00093968
-0.000657686
-0.000956192
-0.000729961
-0.000973905
-0.000803694
-0.000992915
-0.000878982
-0.00101326
-0.000955929
-0.00103498
-0.00103463
-0.00105809
-0.00111521
-0.00108265
-0.00119775
-0.00110867
-0.00113589
-0.00128236
-1.14486e-05
-0.000149371
-4.04602e-05
-0.000374241
-8.27044e-05
-0.000539931
-0.00013433
-0.000654573
-0.000192241
-0.000729442
-0.000254189
-0.000776377
-0.000318715
-0.000805792
-0.000384986
-0.000825614
-0.000452604
-0.000841094
-0.000521433
-0.000855263
-0.000591476
-0.000869637
-0.000662794
-0.000884874
-0.000735477
-0.000901222
-0.000809622
-0.00091877
-0.000885329
-0.000937558
-0.000962699
-0.000957609
-0.00104184
-0.000978952
-0.00112285
-0.00100164
-0.00120584
-0.00102567
-0.00105082
-0.00129091
-1.16269e-05
-0.000137744
-4.10196e-05
-0.000344848
-8.37356e-05
-0.000497215
-0.00013585
-0.000602458
-0.000194229
-0.000671064
-0.000256613
-0.000713993
-0.000321546
-0.00074086
-0.000388204
-0.000758956
-0.000456199
-0.0007731
-0.000525401
-0.000786061
-0.000595815
-0.000799223
-0.000667508
-0.000813181
-0.000740568
-0.000828162
-0.000815094
-0.000844244
-0.000891187
-0.000861465
-0.000968949
-0.000879847
-0.00104849
-0.000899415
-0.0011299
-0.00092022
-0.00121332
-0.00094226
-0.000965324
-0.00129881
-1.17906e-05
-0.000125953
-4.1533e-05
-0.000315106
-8.46813e-05
-0.000454067
-0.000137243
-0.000549896
-0.00019605
-0.000612257
-0.000258833
-0.000651211
-0.000324138
-0.000675554
-0.000391151
-0.000691943
-0.000459491
-0.00070476
-0.000529034
-0.000716518
-0.00059979
-0.000728467
-0.000671826
-0.000741145
-0.000745232
-0.000754755
-0.000820108
-0.000769368
-0.000896555
-0.000785018
-0.000974678
-0.000801724
-0.00105458
-0.000819512
-0.00113637
-0.000838427
-0.00122017
-0.000858466
-0.000879438
-0.00130605
-1.19398e-05
-0.000114013
-4.20001e-05
-0.000285045
-8.5541e-05
-0.000410526
-0.000138509
-0.000496928
-0.000197704
-0.000553061
-0.000260849
-0.000588066
-0.000326492
-0.000609911
-0.000393827
-0.000624608
-0.00046248
-0.000636106
-0.000532334
-0.000646664
-0.0006034
-0.000657401
-0.000675748
-0.000668798
-0.000749469
-0.000681034
-0.000824663
-0.000694174
-0.000901433
-0.000708248
-0.000979883
-0.000723274
-0.00106012
-0.000739275
-0.00114225
-0.000756293
-0.0012264
-0.000774324
-0.000793195
-0.00131264
-1.20741e-05
-0.000101939
-4.24206e-05
-0.000254699
-8.63144e-05
-0.000366632
-0.000139647
-0.000443595
-0.000199191
-0.000493517
-0.00026266
-0.000524598
-0.000328607
-0.000543965
-0.000396231
-0.000556984
-0.000465167
-0.000567171
-0.000535299
-0.000576531
-0.000606645
-0.000586056
-0.000679273
-0.000596169
-0.000753278
-0.000607029
-0.000828758
-0.000618693
-0.000905819
-0.000631187
-0.000984564
-0.000644529
-0.0010651
-0.000658738
-0.00114754
-0.000673852
-0.001232
-0.000689867
-0.00070663
-0.00131856
-1.21936e-05
-8.97455e-05
-4.27942e-05
-0.000224098
-8.70012e-05
-0.000322425
-0.000140657
-0.000389939
-0.00020051
-0.000433664
-0.000264267
-0.000460841
-0.000330483
-0.000477749
-0.000398364
-0.000489102
-0.000467549
-0.000497985
-0.00053793
-0.000506151
-0.000609523
-0.000514463
-0.000682401
-0.000523291
-0.000756657
-0.000532773
-0.000832393
-0.000542958
-0.000909711
-0.000553869
-0.000988718
-0.000565521
-0.00106952
-0.000577933
-0.00115224
-0.000591138
-0.00123697
-0.000605132
-0.000619779
-0.00132382
-1.22982e-05
-7.74474e-05
-4.31208e-05
-0.000193276
-8.76012e-05
-0.000277944
-0.000141539
-0.000336001
-0.000201662
-0.000373542
-0.000265669
-0.000396833
-0.00033212
-0.000411298
-0.000400225
-0.000420998
-0.000469629
-0.000428581
-0.000540226
-0.000435554
-0.000612035
-0.000442653
-0.000685131
-0.000450195
-0.000759607
-0.000458297
-0.000835565
-0.000467
-0.000913109
-0.000476325
-0.000992345
-0.000486285
-0.00107338
-0.000496895
-0.00115634
-0.000508186
-0.00124132
-0.000520152
-0.000532679
-0.00132842
-1.23876e-05
-6.50597e-05
-4.34001e-05
-0.000162263
-8.81141e-05
-0.00023323
-0.000142293
-0.000281822
-0.000202646
-0.000313189
-0.000266867
-0.000332612
-0.000333518
-0.000344647
-0.000401814
-0.000352701
-0.000471404
-0.000358991
-0.000542186
-0.000364772
-0.000614181
-0.000370659
-0.000687462
-0.000376913
-0.000762126
-0.000383633
-0.000838274
-0.000390852
-0.000916011
-0.000398588
-0.000995444
-0.000406852
-0.00107668
-0.000415657
-0.00115984
-0.000425029
-0.00124503
-0.000434963
-0.000445363
-0.00133234
-1.2462e-05
-5.25978e-05
-4.3632e-05
-0.000131093
-8.85396e-05
-0.000188323
-0.000142918
-0.000227443
-0.000203461
-0.000252646
-0.00026786
-0.000268213
-0.000334677
-0.00027783
-0.000403131
-0.000284247
-0.000472876
-0.000289247
-0.000543811
-0.000293837
-0.000615959
-0.000298511
-0.000689395
-0.000303477
-0.000764215
-0.000308813
-0.000840521
-0.000314547
-0.000918418
-0.000320691
-0.000998013
-0.000327257
-0.00107942
-0.000334254
-0.00116274
-0.000341703
-0.00124811
-0.000349601
-0.00035787
-0.0013356
-1.25211e-05
-4.00767e-05
-4.38164e-05
-9.9798e-05
-8.88777e-05
-0.000143261
-0.000143415
-0.000172907
-0.000204108
-0.000191952
-0.000268648
-0.000203674
-0.000335596
-0.000210882
-0.000404176
-0.000215667
-0.000474043
-0.00021938
-0.000545099
-0.000222781
-0.000617369
-0.000226242
-0.000690928
-0.000229918
-0.000765872
-0.000233869
-0.000842303
-0.000238115
-0.000920327
-0.000242667
-0.00100005
-0.000247532
-0.00108159
-0.000252718
-0.00116505
-0.000258241
-0.00125055
-0.0002641
-0.000270235
-0.00133818
-1.2565e-05
-2.75117e-05
-4.39531e-05
-6.841e-05
-8.91283e-05
-9.80863e-05
-0.000143782
-0.000118253
-0.000204588
-0.000131147
-0.000269231
-0.000139031
-0.000336276
-0.000143837
-0.000404949
-0.000146994
-0.000474906
-0.000149422
-0.000546052
-0.000151635
-0.000618412
-0.000153882
-0.000692061
-0.000156269
-0.000767096
-0.000158834
-0.00084362
-0.000161591
-0.000921739
-0.000164549
-0.00100156
-0.000167711
-0.00108319
-0.000171084
-0.00116676
-0.00017468
-0.00125236
-0.000178497
-0.000182495
-0.0013401
-1.25936e-05
-1.49181e-05
-4.4042e-05
-3.69616e-05
-8.92911e-05
-5.28372e-05
-0.000144021
-6.35233e-05
-0.000204898
-7.02691e-05
-0.000269608
-7.43207e-05
-0.000336716
-7.67291e-05
-0.000405449
-7.82617e-05
-0.000475465
-7.94059e-05
-0.000546669
-8.04306e-05
-0.000619086
-8.14645e-05
-0.000692794
-8.25608e-05
-0.000767889
-8.37392e-05
-0.000844473
-8.50073e-05
-0.000922653
-8.63689e-05
-0.00100254
-8.78274e-05
-0.00108423
-8.93866e-05
-0.00116786
-9.10531e-05
-0.00125353
-9.28268e-05
-9.46854e-05
-0.00134134
-1.26069e-05
-2.31112e-06
-4.40832e-05
-5.48526e-06
-8.93661e-05
-7.55434e-06
-0.00014413
-8.75926e-06
-0.00020504
-9.35885e-06
-0.000269781
-9.58051e-06
-0.000336917
-9.59301e-06
-0.000405676
-9.5022e-06
-0.000475719
-9.36346e-06
-0.000546949
-9.20031e-06
-0.000619393
-9.02051e-06
-0.000693128
-8.82604e-06
-0.000768249
-8.61747e-06
-0.000844861
-8.3955e-06
-0.000923069
-8.16106e-06
-0.00100298
-7.91527e-06
-0.00108471
-7.6595e-06
-0.00116837
-7.39576e-06
-0.00125407
-7.12512e-06
-6.84329e-06
-0.00134191
-1.2605e-05
1.02938e-05
-4.40767e-05
2.59864e-05
-8.93535e-05
3.77225e-05
-0.000144111
4.59981e-05
-0.000205014
5.15446e-05
-0.000269748
5.51532e-05
-0.000336878
5.75369e-05
-0.000405631
5.92513e-05
-0.000475668
6.06732e-05
-0.000546893
6.20244e-05
-0.000619331
6.34181e-05
-0.000693061
6.49034e-05
-0.000768177
6.64991e-05
-0.000844784
6.82112e-05
-0.000922987
7.00418e-05
-0.00100289
7.1992e-05
-0.00108462
7.40629e-05
-0.00116827
7.6257e-05
-0.00125397
7.85722e-05
8.09939e-05
-0.0013418
-1.25877e-05
2.28815e-05
-4.40224e-05
5.74211e-05
-8.92531e-05
8.29532e-05
-0.000143962
0.000100707
-0.00020482
0.000112402
-0.00026951
0.000119844
-0.000336599
0.000124626
-0.000405314
0.000127966
-0.000475313
0.000130672
-0.0005465
0.000133212
-0.000618902
0.000135819
-0.000692594
0.000138596
-0.000767673
0.000141578
-0.000844242
0.00014478
-0.000922406
0.000148207
-0.00100228
0.000151861
-0.00108396
0.000155746
-0.00116757
0.00015987
-0.00125323
0.00016423
0.000168791
-0.00134103
-1.25551e-05
3.54367e-05
-4.39202e-05
8.87862e-05
-8.9065e-05
0.000128098
-0.000143685
0.000155328
-0.000204457
0.000173174
-0.000269067
0.000184454
-0.000336081
0.00019164
-0.000404724
0.000196609
-0.000474653
0.000200601
-0.000545771
0.00020433
-0.000618104
0.000208152
-0.000691726
0.000212218
-0.000766736
0.000216587
-0.000843234
0.000221278
-0.000921328
0.0002263
-0.00100112
0.000231658
-0.00108273
0.000237357
-0.00116627
0.000243409
-0.00125186
0.000249811
0.000256511
-0.00133958
-1.25073e-05
4.7944e-05
-4.37704e-05
0.000120049
-8.87891e-05
0.000173117
-0.000143279
0.000209817
-0.000203925
0.00023382
-0.000268419
0.000248947
-0.000335324
0.000258545
-0.000403862
0.000265147
-0.000473689
0.000270428
-0.000544706
0.000275347
-0.000616938
0.000280383
-0.000690459
0.00028574
-0.000765366
0.000291494
-0.000841761
0.000297674
-0.000919751
0.00030429
-0.000999442
0.000311349
-0.00108095
0.00031886
-0.00116438
0.000326839
-0.00124985
0.000335282
0.000344117
-0.00133745
-1.24442e-05
6.03882e-05
-4.35729e-05
0.000151178
-8.84257e-05
0.000217969
-0.000142744
0.000264135
-0.000203226
0.000294302
-0.000267566
0.000313287
-0.000334326
0.000325306
-0.000402727
0.000333548
-0.00047242
0.000340121
-0.000543305
0.000346232
-0.000615403
0.000352481
-0.000688792
0.000359128
-0.000763564
0.000366267
-0.000839824
0.000373934
-0.000917676
0.000382142
-0.000997228
0.000390901
-0.00107859
0.000400222
-0.00116188
0.000410125
-0.0012472
0.000420605
0.000431574
-0.00133466
-1.23659e-05
7.27541e-05
-4.33279e-05
0.00018214
-8.79747e-05
0.000262616
-0.00014208
0.00031824
-0.000202358
0.00035458
-0.000266507
0.000377437
-0.000333089
0.000391888
-0.00040132
0.000401779
-0.000470847
0.000409648
-0.000541567
0.000416952
-0.000613502
0.000424416
-0.000686725
0.000432351
-0.000761331
0.000440874
-0.000837423
0.000450025
-0.000915105
0.000459824
-0.000994484
0.00047028
-0.00107567
0.000481408
-0.00115878
0.000493233
-0.00124392
0.000505747
0.000518844
-0.00133119
-1.22725e-05
8.50267e-05
-4.30354e-05
0.000212903
-8.74365e-05
0.000307017
-0.000141287
0.000372091
-0.000201321
0.000414614
-0.000265244
0.000441359
-0.000331613
0.000458257
-0.00039964
0.000469806
-0.000468969
0.000478977
-0.000539494
0.000487476
-0.000611232
0.000496154
-0.000684258
0.000505377
-0.000758666
0.000515282
-0.000834557
0.000525917
-0.000912036
0.000537303
-0.00099121
0.000549454
-0.00107219
0.000562385
-0.00115508
0.000576126
-0.00124001
0.00059067
0.000605892
-0.00132705
-1.21641e-05
9.71908e-05
-4.26958e-05
0.000243435
-8.68111e-05
0.000351133
-0.000140366
0.000425646
-0.000200117
0.000474366
-0.000263775
0.000505017
-0.000329897
0.000524379
-0.000397689
0.000537598
-0.000466788
0.000548076
-0.000537084
0.000557773
-0.000608595
0.000567665
-0.000681393
0.000578174
-0.00075557
0.000589459
-0.000831229
0.000601575
-0.000908472
0.000614547
-0.000987407
0.000628389
-0.00106814
0.00064312
-0.00115079
0.000658773
-0.00123546
0.000675341
0.000692681
-0.00132225
-1.20407e-05
0.000109231
-4.2309e-05
0.000273703
-8.60989e-05
0.000394922
-0.000139317
0.000478864
-0.000198745
0.000533794
-0.000262102
0.000568374
-0.000327942
0.00059022
-0.000395465
0.00060512
-0.000464302
0.000616913
-0.00053434
0.00062781
-0.000605592
0.000638917
-0.000678129
0.000650712
-0.000752044
0.000663374
-0.000827438
0.000676969
-0.000904413
0.000691522
-0.000983076
0.000707052
-0.00106353
0.000723577
-0.0011459
0.000741137
-0.00123028
0.000759724
0.000779176
-0.00131678
-1.19024e-05
0.000121134
-4.18755e-05
0.000303676
-8.53e-05
0.000438347
-0.000138139
0.000531703
-0.000197205
0.000592859
-0.000260224
0.000631393
-0.000325748
0.000655743
-0.000392969
0.000672342
-0.000461513
0.000685457
-0.00053126
0.000697557
-0.000602222
0.000709879
-0.000674467
0.000722957
-0.000748089
0.000736996
-0.000823185
0.000752065
-0.00089986
0.000768197
-0.000978218
0.000785409
-0.00105837
0.000803725
-0.00114041
0.000823185
-0.00122447
0.000843784
0.000865341
-0.00131064
-1.17494e-05
0.000132883
-4.13953e-05
0.000333322
-8.44148e-05
0.000481366
-0.000136834
0.000584123
-0.000195498
0.000651522
-0.000258141
0.000694037
-0.000323314
0.000720916
-0.000390201
0.000739228
-0.00045842
0.000753676
-0.000527845
0.000766983
-0.000598485
0.000780519
-0.000670408
0.00079488
-0.000743704
0.000810291
-0.000818472
0.000826833
-0.000894814
0.000844539
-0.000972834
0.00086343
-0.00105264
0.000883529
-0.00113434
0.000904883
-0.00121804
0.000927487
0.00095114
-0.00130384
-1.15818e-05
0.000144465
-4.08688e-05
0.000362609
-8.34436e-05
0.000523941
-0.000135402
0.000636081
-0.000193623
0.000709743
-0.000255854
0.000756268
-0.000320642
0.000785704
-0.000387161
0.000805748
-0.000455023
0.000821537
-0.000524096
0.000836055
-0.000594383
0.000850807
-0.000665952
0.000866449
-0.000738891
0.000883231
-0.000813299
0.000901241
-0.000889276
0.000920516
-0.000966926
0.00094108
-0.00104635
0.000962957
-0.00112767
0.000986198
-0.00121098
0.0010108
0.00103654
-0.00129638
-1.13997e-05
0.000155865
-4.02963e-05
0.000391505
-8.23869e-05
0.000566032
-0.000133843
0.000687537
-0.000191581
0.000767482
-0.000253363
0.00081805
-0.00031773
0.000850071
-0.00038385
0.000871868
-0.000451324
0.00088901
-0.000520012
0.000904744
-0.000589917
0.000920712
-0.0006611
0.000937633
-0.000733651
0.000955782
-0.000807667
0.000975256
-0.000883248
0.000996097
-0.000960496
0.00101833
-0.00103952
0.00104198
-0.00112041
0.0010671
-0.0012033
0.00109368
0.0011215
-0.00128826
-1.12033e-05
0.000167068
-3.96781e-05
0.00041998
-8.12449e-05
0.000607599
-0.000132156
0.000738448
-0.000189373
0.000824698
-0.000250668
0.000879345
-0.00031458
0.000913984
-0.000380268
0.000937556
-0.000447321
0.000956063
-0.000515595
0.000973018
-0.000585085
0.000990202
-0.000655853
0.0010084
-0.000727985
0.00102791
-0.000801578
0.00104885
-0.000876731
0.00107125
-0.000953545
0.00109514
-0.00103212
0.00112055
-0.00111257
0.00114754
-0.001195
0.00117611
0.001206
-0.00127949
-1.09927e-05
0.000178061
-3.90147e-05
0.000448002
-8.00181e-05
0.000648602
-0.000130344
0.000788774
-0.000186998
0.000881352
-0.000247769
0.000940115
-0.000311192
0.000977407
-0.000376414
0.00100278
-0.000443016
0.00102267
-0.000510844
0.00104085
-0.00057989
0.00105925
-0.000650211
0.00107872
-0.000721894
0.0010996
-0.000795033
0.00112199
-0.000869726
0.00114594
-0.000946074
0.00117149
-0.00102418
0.00119866
-0.00110414
0.00122751
-0.00118608
0.00125804
0.00128998
-0.00127007
-1.07681e-05
0.000188829
-3.83062e-05
0.00047554
-7.87071e-05
0.000689003
-0.000128405
0.000838473
-0.000184457
0.000937404
-0.000244666
0.00100032
-0.000307565
0.00104031
-0.00037229
0.0010675
-0.000438409
0.00108878
-0.000505761
0.0011082
-0.000574331
0.00112782
-0.000644176
0.00114857
-0.000715378
0.0011708
-0.000788033
0.00119464
-0.000862236
0.00122015
-0.000938087
0.00124734
-0.00101569
0.00127626
-0.00109514
0.00130696
-0.00117654
0.00133945
0.00137344
-0.00126
-1.05298e-05
0.000199359
-3.75533e-05
0.000502564
-7.73124e-05
0.000728762
-0.000126342
0.000887502
-0.00018175
0.000992812
-0.00024136
0.00105993
-0.0003037
0.00110265
-0.000367895
0.0011317
-0.0004335
0.00115439
-0.000500345
0.00117504
-0.00056841
0.00119588
-0.000637748
0.0012179
-0.00070844
0.00124149
-0.000780579
0.00126678
-0.000854261
0.00129383
-0.000929585
0.00132267
-0.00100665
0.00135332
-0.00108555
0.00138586
-0.0011664
0.0014203
0.00145632
-0.00124928
-1.02779e-05
0.000209637
-3.67564e-05
0.000529042
-7.58345e-05
0.00076784
-0.000124153
0.000935821
-0.000178878
0.00104754
-0.000237851
0.00111891
-0.000299597
0.00116439
-0.000363229
0.00119533
-0.000428289
0.00121945
-0.000494597
0.00124135
-0.000562127
0.00126341
-0.000630928
0.00128671
-0.00070108
0.00131164
-0.000772674
0.00133837
-0.000845805
0.00136696
-0.00092057
0.00139743
-0.000997066
0.00142982
-0.00107539
0.00146419
-0.00115565
0.00150056
0.00153859
-0.00123793
-1.00126e-05
0.000219649
-3.59159e-05
0.000554946
-7.4274e-05
0.000806198
-0.00012184
0.000983387
-0.000175841
0.00110154
-0.000234139
0.0011772
-0.000295256
0.00122551
-0.000358292
0.00125837
-0.000422776
0.00128393
-0.000488517
0.00130709
-0.000555482
0.00133038
-0.000623717
0.00135494
-0.000693299
0.00138122
-0.000764318
0.00140939
-0.000836868
0.00143951
-0.000911044
0.00147161
-0.000986943
0.00150572
-0.00106466
0.0015419
-0.0011443
0.0015802
0.00162024
-0.00122594
-9.73418e-06
0.000229384
-3.50324e-05
0.000580244
-7.26317e-05
0.000843797
-0.000119404
0.00103016
-0.00017264
0.00115477
-0.000230224
0.00123479
-0.000290678
0.00128596
-0.000353086
0.00132077
-0.000416963
0.00134781
-0.000482107
0.00137224
-0.000548477
0.00139675
-0.000616116
0.00142258
-0.000685098
0.00145021
-0.000755513
0.00147981
-0.000827452
0.00151145
-0.000901011
0.00154517
-0.000976281
0.00158099
-0.00105336
0.00161898
-0.00113235
0.00165918
0.00170121
-0.00121332
-9.44291e-06
0.000238826
-3.41064e-05
0.000604907
-7.09082e-05
0.000880599
-0.000116845
0.0010761
-0.000169274
0.0012072
-0.000226107
0.00129162
-0.000285862
0.00134572
-0.00034761
0.00138252
-0.000410849
0.00141105
-0.000475365
0.00143675
-0.000541112
0.0014625
-0.000608126
0.00148959
-0.000676479
0.00151856
-0.000746261
0.00154959
-0.00081756
0.00158275
-0.000890471
0.00161808
-0.000965085
0.0016556
-0.00104149
0.00169539
-0.0011198
0.00173749
0.00178149
-0.00120008
-9.13904e-06
0.000247965
-3.31386e-05
0.000628907
-6.91044e-05
0.000916565
-0.000114163
0.00112115
-0.000165746
0.00125879
-0.000221789
0.00134766
-0.000280809
0.00140474
-0.000341863
0.00144358
-0.000404434
0.00147362
-0.000468294
0.00150061
-0.000533387
0.00152759
-0.000599747
0.00155595
-0.000667444
0.00158626
-0.000736563
0.00161871
-0.000807194
0.00165338
-0.000879429
0.00169031
-0.000953357
0.00172953
-0.00102907
0.0017711
-0.00110666
0.00181508
0.00186104
-0.00118621
-8.82286e-06
0.000256788
-3.21296e-05
0.000652213
-6.7221e-05
0.000951656
-0.00011136
0.00116529
-0.000162054
0.00130948
-0.000217269
0.00140288
-0.000275519
0.00146299
-0.000335847
0.0015039
-0.000397719
0.00153549
-0.000460892
0.00156379
-0.000525304
0.001592
-0.000590981
0.00162163
-0.000657992
0.00165327
-0.00072642
0.00168714
-0.000796355
0.00172332
-0.000867885
0.00176184
-0.0009411
0.00180274
-0.00101609
0.00184609
-0.00109294
0.00189193
0.00193983
-0.00117173
-8.49468e-06
0.000265283
-3.10802e-05
0.000674799
-6.5259e-05
0.000985835
-0.000108437
0.00120847
-0.000158201
0.00135924
-0.000212548
0.00145723
-0.000269993
0.00152043
-0.000329562
0.00156347
-0.000390704
0.00159663
-0.000453162
0.00162624
-0.000516863
0.0016557
-0.000581829
0.00168659
-0.000648126
0.00171956
-0.000715835
0.00175485
-0.000785045
0.00179252
-0.000855843
0.00183264
-0.000928317
0.00187522
-0.00100255
0.00192033
-0.00107864
0.00196802
0.00201784
-0.00115665
-8.15479e-06
0.000273438
-2.99909e-05
0.000696635
-6.32193e-05
0.00101906
-0.000105393
0.00125065
-0.000154186
0.00140804
-0.000207626
0.00151067
-0.00026423
0.00157704
-0.000323008
0.00162225
-0.000383389
0.00165701
-0.000445102
0.00168796
-0.000508064
0.00171866
-0.000572291
0.00175082
-0.000637846
0.00178512
-0.000704809
0.00182181
-0.000773267
0.00186098
-0.000843306
0.00190268
-0.000915011
0.00194692
-0.000988466
0.00199378
-0.00106376
0.00204331
0.00209504
-0.00114096
-7.80357e-06
0.000281241
-2.88627e-05
0.000717694
-6.11029e-05
0.0010513
-0.000102231
0.00129177
-0.00015001
0.00145581
-0.000202504
0.00156316
-0.000258231
0.00163277
-0.000316184
0.00168021
-0.000375774
0.0017166
-0.000436714
0.0017489
-0.000498908
0.00178086
-0.000562369
0.00181428
-0.000627154
0.0018499
-0.000693343
0.001888
-0.000761021
0.00192866
-0.000830274
0.00197193
-0.000901185
0.00201783
-0.000973836
0.00206643
-0.00104831
0.00211779
0.00217141
-0.00112468
-7.44135e-06
0.000288683
-2.76964e-05
0.000737949
-5.8911e-05
0.00108252
-9.8952e-05
0.00133182
-0.000145675
0.00150254
-0.000197183
0.00161467
-0.000251996
0.00168758
-0.000309092
0.0017373
-0.00036786
0.00177537
-0.000427997
0.00180903
-0.000489396
0.00184226
-0.000552062
0.00187695
-0.000616051
0.00191389
-0.000681439
0.00195339
-0.00074831
0.00199553
-0.000816751
0.00204037
-0.000886842
0.00208793
-0.000958664
0.00213825
-0.0010323
0.00219143
0.00224692
-0.00110781
-7.06851e-06
0.000295751
-2.64929e-05
0.000757374
-5.66448e-05
0.00111267
-9.55563e-05
0.00137073
-0.00014118
0.00154816
-0.000191663
0.00166515
-0.000245526
0.00174144
-0.000301731
0.00179351
-0.000359647
0.00183329
-0.000418953
0.00186834
-0.000479529
0.00190283
-0.000541372
0.00193879
-0.000604537
0.00197706
-0.000669097
0.00201795
-0.000735135
0.00206157
-0.000802738
0.00210797
-0.000871985
0.00215717
-0.000942954
0.00220922
-0.00101573
0.0022642
0.00232156
-0.00109037
-6.68547e-06
0.000302437
-2.52531e-05
0.000775941
-5.43056e-05
0.00114172
-9.20454e-05
0.00140847
-0.000136528
0.00159264
-0.000185945
0.00171457
-0.00023882
0.00179432
-0.000294102
0.00184879
-0.000351136
0.00189032
-0.00040958
0.00192678
-0.000469305
0.00196256
-0.0005303
0.00199979
-0.000592613
0.00203937
-0.000656318
0.00208165
-0.000721498
0.00212675
-0.000788236
0.00217471
-0.000856614
0.00222555
-0.00092671
0.00227932
-0.000998603
0.0023361
0.00239531
-0.00107235
-6.29264e-06
0.000308729
-2.39781e-05
0.000793627
-5.18947e-05
0.00116964
-8.84209e-05
0.00144499
-0.00013172
0.00163594
-0.000180029
0.00176288
-0.000231881
0.00184617
-0.000286205
0.00190311
-0.000342325
0.00194644
-0.000399881
0.00198434
-0.000458728
0.00202141
-0.000518846
0.0020599
-0.000580281
0.00210081
-0.000643105
0.00214448
-0.000707399
0.00219104
-0.000773248
0.00224056
-0.000840733
0.00229304
-0.000909932
0.00234852
-0.000980927
0.00240709
0.00246815
-0.00105377
-5.89045e-06
0.00031462
-2.26689e-05
0.000810405
-4.94136e-05
0.00119638
-8.46843e-05
0.00148026
-0.000126756
0.00167801
-0.000173917
0.00181004
-0.000224707
0.00189696
-0.00027804
0.00195645
-0.000333217
0.00200162
-0.000389855
0.00204098
-0.000447795
0.00207935
-0.000507011
0.00211912
-0.000567541
0.00216134
-0.000629457
0.00220639
-0.000692839
0.00225443
-0.000757773
0.00230549
-0.000824341
0.0023596
-0.000892623
0.0024168
-0.000962704
0.00247717
0.00254008
-0.00103463
-5.47939e-06
0.000320099
-2.13268e-05
0.000826253
-4.68641e-05
0.00122192
-8.08372e-05
0.00151424
-0.000121638
0.00171882
-0.00016761
0.00185601
-0.0002173
0.00194665
-0.000269609
0.00200876
-0.000323811
0.00205582
-0.000379503
0.00209667
-0.00043651
0.00213635
-0.000494795
0.00217741
-0.000554394
0.00222094
-0.000615375
0.00226737
-0.000677819
0.00231687
-0.000741812
0.00236949
-0.000807439
0.00242523
-0.000874783
0.00248414
-0.000943935
0.00254632
0.00261109
-0.00101495
-5.05993e-06
0.000325159
-1.99529e-05
0.000841146
-4.42477e-05
0.00124622
-7.68816e-05
0.00154687
-0.000116368
0.0017583
-0.000161108
0.00190075
-0.000209661
0.0019952
-0.00026091
0.00206
-0.000314107
0.00210902
-0.000368824
0.00215139
-0.000424871
0.0021924
-0.000482199
0.00223473
-0.00054084
0.00227958
-0.00060086
0.00232739
-0.000662339
0.00237835
-0.000725366
0.00243251
-0.000790026
0.00248989
-0.000856409
0.00255053
-0.000924621
0.00261453
0.00268119
-0.000994724
-4.6326e-06
0.000329792
-1.85485e-05
0.000855061
-4.15664e-05
0.00126923
-7.28193e-05
0.00157812
-0.000110947
0.00179643
-0.000154413
0.00194421
-0.000201789
0.00204258
-0.000251945
0.00211016
-0.000304106
0.00216118
-0.00035782
0.0022051
-0.000412879
0.00224746
-0.000469225
0.00229108
-0.000526881
0.00233723
-0.000585913
0.00238642
-0.0006464
0.00243884
-0.000708432
0.00249455
-0.0007721
0.00255356
-0.000837498
0.00261592
-0.000904754
0.00268179
0.0027504
-0.000973963
-4.1979e-06
0.00033399
-1.71152e-05
0.000867979
-3.88223e-05
0.00129094
-6.86526e-05
0.00160795
-0.000105378
0.00183316
-0.000147527
0.00198636
-0.000193688
0.00208874
-0.000242715
0.00215919
-0.000293808
0.00221227
-0.000346491
0.00225778
-0.000400536
0.0023015
-0.000455872
0.00234642
-0.000512518
0.00239388
-0.000570534
0.00244444
-0.000630001
0.0024983
-0.000691011
0.00255555
-0.000753658
0.00261621
-0.000818042
0.00268031
-0.000884324
0.00274807
0.00281874
-0.000952661
-3.7564e-06
0.000337746
-1.56543e-05
0.000879877
-3.60174e-05
0.0013113
-6.43838e-05
0.00163632
-9.96621e-05
0.00186843
-0.000140451
0.00202715
-0.000185356
0.00213364
-0.00023322
0.00220705
-0.000283215
0.00226227
-0.000334839
0.00230941
-0.000387842
0.00235451
-0.000442142
0.00240072
-0.000497751
0.00244949
-0.000554724
0.00250141
-0.000613143
0.00255672
-0.000673101
0.00261551
-0.000734697
0.0026778
-0.000798032
0.00274364
-0.000863308
0.00281335
0.00288624
-0.000930811
-3.30865e-06
0.000341055
-1.41674e-05
0.000890735
-3.31542e-05
0.00133029
-6.00155e-05
0.00166318
-9.3802e-05
0.00190222
-0.000133186
0.00206654
-0.000176797
0.00217726
-0.000223462
0.00225372
-0.000272327
0.00231113
-0.000322862
0.00235994
-0.000374798
0.00240644
-0.000428037
0.00245395
-0.000482582
0.00250403
-0.000538486
0.00255732
-0.000595827
0.00261406
-0.000654701
0.00267439
-0.000715215
0.00273832
-0.000777456
0.00280588
-0.000841667
0.00287756
0.00295296
-0.000908389
-2.85522e-06
0.00034391
-1.26563e-05
0.000900537
-3.0235e-05
0.00134787
-5.55506e-05
0.0016885
-8.78005e-05
0.00193447
-0.000125737
0.00210447
-0.000168011
0.00221953
-0.000213441
0.00229915
-0.000261145
0.00235884
-0.000310564
0.00240936
-0.000361406
0.00245728
-0.000413557
0.00250611
-0.000467013
0.00255749
-0.00052182
0.00261213
-0.000578055
0.0026703
-0.000635812
0.00273214
-0.000695211
0.00279772
-0.000756312
0.00286698
-0.000819333
0.00294058
0.00301899
-0.000885357
-2.39673e-06
0.000346307
-1.11227e-05
0.000909263
-2.72627e-05
0.00136401
-5.09921e-05
0.00171223
-8.16603e-05
0.00196514
-0.000118103
0.00214091
-0.000159
0.00226043
-0.000203158
0.0023433
-0.000249669
0.00240535
-0.000297945
0.00245764
-0.000347666
0.002507
-0.000398705
0.00255714
-0.000451046
0.00260983
-0.00050473
0.00266581
-0.000559829
0.0027254
-0.000616434
0.00278875
-0.000674683
0.00285597
-0.000734608
0.00292691
-0.000796182
0.00300215
0.0030845
-0.000861698
-1.93397e-06
0.000348241
-9.56852e-06
0.000916897
-2.42402e-05
0.00137868
-4.63434e-05
0.00173433
-7.53847e-05
0.00199418
-0.000110289
0.00217582
-0.000149767
0.0022999
-0.000192617
0.00238615
-0.000237903
0.00245063
-0.000285006
0.00250474
-0.000333582
0.00255558
-0.000383484
0.00260705
-0.000434684
0.00266103
-0.00048722
0.00271835
-0.000541154
0.00277933
-0.00059657
0.00284417
-0.000653615
0.00291301
-0.000712386
0.00298568
-0.000772053
0.00306182
0.00314963
-0.000837179
-1.47035e-06
0.000349711
-7.99968e-06
0.000923426
-2.11755e-05
0.00139186
-4.16139e-05
0.00175477
-6.89835e-05
0.00202155
-0.000102304
0.00220914
-0.000140319
0.00233792
-0.000181823
0.00242766
-0.000225853
0.00249466
-0.000271755
0.00255064
-0.00031916
0.00260299
-0.0003679
0.00265579
-0.000417937
0.00271107
-0.000469299
0.00276971
-0.000522043
0.00283208
-0.000576242
0.00289836
-0.000632019
0.00296879
-0.000689718
0.00304338
-0.000750164
0.00312227
0.00321224
-0.000812778
-1.00443e-06
0.000350715
-6.41112e-06
0.000928833
-1.80621e-05
0.00140351
-3.6796e-05
0.0017735
-6.2448e-05
0.0020472
-9.41373e-05
0.00224083
-0.000130648
0.00237443
-0.000170768
0.00246778
-0.000213508
0.0025374
-0.000258182
0.00259532
-0.00030439
0.00264919
-0.000351947
0.00270334
-0.000400798
0.00275992
-0.000450963
0.00281987
-0.000502497
0.00288361
-0.00055547
0.00295134
-0.000610003
0.00302332
-0.000666466
0.00309984
-0.000725617
0.00318142
0.00327421
-0.00078758
-5.4628e-07
0.000351262
-4.81003e-06
0.000933097
-1.49085e-05
0.00141361
-3.18998e-05
0.00179049
-5.57888e-05
0.00207109
-8.58002e-05
0.00227084
-0.000120762
0.00240939
-0.000159459
0.00250648
-0.000200876
0.00257882
-0.000244294
0.00263874
-0.000289282
0.00269418
-0.000335632
0.00274969
-0.000383276
0.00280756
-0.000432225
0.00286882
-0.000482532
0.00293392
-0.000534277
0.00300308
-0.000587599
0.00307664
-0.000642881
0.00315512
-0.000700925
0.00323946
0.00333445
-0.000761164
-1.30676e-07
0.000351392
-3.19827e-06
0.000936164
-1.17183e-05
0.00142213
-2.69299e-05
0.0018057
-4.90105e-05
0.00209317
-7.72965e-05
0.00229913
-0.000110664
0.00244276
-0.000147899
0.00254371
-0.000187961
0.00261888
-0.000230094
0.00268087
-0.000273837
0.00273793
-0.000318959
0.00279481
-0.000365375
0.00285398
-0.000413091
0.00291654
-0.000462159
0.00298298
-0.000512673
0.0030536
-0.000564799
0.00312877
-0.000618909
0.00320923
-0.000675619
0.00329617
0.00339296
-0.000734137
3.99721e-07
0.000350993
-1.56551e-06
0.00093813
-8.4953e-06
0.00142906
-2.18911e-05
0.0018191
-4.21182e-05
0.0021134
-6.86308e-05
0.00232564
-0.000100358
0.00247449
-0.000136091
0.00257944
-0.000174763
0.00265755
-0.000215584
0.00272169
-0.000258058
0.0027804
-0.00030193
0.00283869
-0.000347101
0.00289915
-0.000393568
0.002963
-0.000441385
0.0030308
-0.00049066
0.00310287
-0.000541582
0.00317969
-0.000594485
0.00326214
-0.000649776
0.00335146
0.00344978
-0.000706589
8.90611e-07
0.000350102
7.03703e-08
0.00093895
-5.2435e-06
0.00143437
-1.67888e-05
0.00183065
-3.51176e-05
0.00213173
-5.98081e-05
0.00235033
-8.98489e-05
0.00250453
-0.000124039
0.00261363
-0.000161286
0.0026948
-0.000200765
0.00276117
-0.000241947
0.00282158
-0.000284549
0.00288129
-0.000328457
0.00294306
-0.00037366
0.00300821
-0.000420213
0.00307735
-0.000468237
0.0031509
-0.000517928
0.00322938
-0.000569574
0.00331378
-0.000623398
0.00340529
0.00350494
-0.000678564
1.3572e-06
0.000348745
1.70319e-06
0.000938604
-1.96121e-06
0.00143803
-1.16293e-05
0.00184031
-2.80149e-05
0.00214811
-5.08342e-05
0.00237315
-7.91408e-05
0.00253283
-0.000111745
0.00264624
-0.000147532
0.00273059
-0.000185642
0.00279928
-0.000225507
0.00286145
-0.000266819
0.0029226
-0.000309445
0.00298568
-0.000353368
0.00305213
-0.000398645
0.00312263
-0.0004454
0.00319765
-0.000493829
0.00327781
-0.000544162
0.00336412
-0.000596475
0.0034576
0.00355847
-0.000649998
1.81723e-06
0.000346928
3.33492e-06
0.000937086
1.33515e-06
0.00144003
-6.4194e-06
0.00184807
-2.08165e-05
0.00216251
-4.17152e-05
0.00239405
-6.8239e-05
0.00255936
-9.92138e-05
0.00267721
-0.000133505
0.00276488
-0.000170215
0.00283599
-0.00020874
0.00289997
-0.000248742
0.0029626
-0.000290069
0.00302701
-0.000332696
0.00309476
-0.000376679
0.00316661
-0.000422145
0.00324312
-0.000469276
0.00332494
-0.000518244
0.00341308
-0.000569014
0.00350837
0.00361035
-0.000620893
2.2728e-06
0.000344655
4.96149e-06
0.000934398
4.62493e-06
0.00144037
-1.13288e-06
0.00185383
-1.35292e-05
0.00217491
-3.24583e-05
0.00241298
-5.71493e-05
0.00258405
-8.64503e-05
0.00270651
-0.000119208
0.00279764
-0.000154489
0.00287127
-0.000191649
0.00293713
-0.00023032
0.00300127
-0.000270331
0.00306702
-0.000311646
0.00313607
-0.000354318
0.00320929
-0.000398471
0.00328727
-0.000444266
0.00337074
-0.000491822
0.00346064
-0.000541027
0.00355758
0.0036606
-0.000591277
2.7238e-06
0.000341931
6.5833e-06
0.000930538
7.92909e-06
0.00143903
4.12641e-06
0.00185763
-6.16623e-06
0.0021852
-2.30703e-05
0.00242988
-4.58785e-05
0.00260686
-7.34596e-05
0.0027341
-0.000104646
0.00282882
-0.000138465
0.00290509
-0.000174237
0.00297291
-0.000211557
0.00303859
-0.000250234
0.0031057
-0.00029022
0.00317606
-0.000331562
0.00325063
-0.000374376
0.00333008
-0.000418801
0.00341516
-0.000464903
0.00350674
-0.00051253
0.0036052
0.00370923
-0.000561166
3.16924e-06
0.000338762
8.19643e-06
0.000925511
1.1236e-05
0.00143599
9.44093e-06
0.00185942
1.29736e-06
0.00219334
-1.35597e-05
0.00244474
-3.44339e-05
0.00262773
-6.02472e-05
0.00275991
-8.98214e-05
0.0028584
-0.000122148
0.00293741
-0.000156506
0.00300726
-0.000192455
0.00307454
-0.00022978
0.00314302
-0.000268419
0.0032147
-0.000308412
0.00329062
-0.000349861
0.00337153
-0.000392882
0.00345818
-0.0004375
0.00355136
-0.000483537
0.00365124
0.00375627
-0.000530571
3.60847e-06
0.000335153
9.7973e-06
0.000919322
1.45389e-05
0.00143124
1.47742e-05
0.00185919
8.76317e-06
0.00219935
-3.93502e-06
0.00245744
-2.28234e-05
0.00264662
-4.68198e-05
0.0027839
-7.47407e-05
0.00288632
-0.000105542
0.00296822
-0.000138459
0.00304018
-0.000173016
0.0031091
-0.000208971
0.00317898
-0.000246247
0.00325197
-0.00028487
0.00332924
-0.00032493
0.00341159
-0.000366517
0.00349977
-0.000409624
0.00359447
-0.000454066
0.00369568
0.0038017
-0.000499503
4.04102e-06
0.000331112
1.13821e-05
0.000911981
1.783e-05
0.0014248
2.01209e-05
0.0018569
1.63115e-05
0.00220316
5.78535e-06
0.00246796
-1.10577e-05
0.00266346
-3.31844e-05
0.00280603
-5.94092e-05
0.00291254
-8.86508e-05
0.00299746
-0.000120101
0.00307163
-0.000153245
0.00314224
-0.000187812
0.00321355
-0.000223705
0.00328787
-0.000260939
0.00336648
-0.000299586
0.00345024
-0.000339713
0.0035399
-0.000381287
0.00363604
-0.00042413
0.00373852
0.00384555
-0.000467974
4.46477e-06
0.000326647
1.29467e-05
0.000903499
2.11021e-05
0.00141664
2.54703e-05
0.00185253
2.38997e-05
0.00220473
1.55985e-05
0.00247626
8.73861e-07
0.00267819
-1.93485e-05
0.00282625
-4.38332e-05
0.00293703
-7.14791e-05
0.0030251
-0.000101435
0.00310159
-0.000133144
0.00317395
-0.000166304
0.00324671
-0.000200798
0.00332236
-0.000236623
0.0034023
-0.000273835
0.00348745
-0.000312478
0.00357854
-0.000352503
0.00367607
-0.000393743
0.00377976
0.0038878
-0.000435994
4.87808e-06
0.000321769
1.44869e-05
0.00089389
2.43476e-05
0.00140678
3.08105e-05
0.00184607
3.15163e-05
0.00220403
2.54915e-05
0.00248229
1.29072e-05
0.00269077
-5.32503e-06
0.00284449
-2.80201e-05
0.00295972
-5.40327e-05
0.00305112
-8.2465e-05
0.00313002
-0.000112717
0.0032042
-0.000144452
0.00327844
-0.000177528
0.00335544
-0.000211926
0.0034367
-0.000247682
0.00352321
-0.000284821
0.00361568
-0.000323284
0.00371453
-0.000362918
0.0038194
0.00392845
-0.000403574
5.2795e-06
0.00031649
1.59982e-05
0.000883171
2.75584e-05
0.00139522
3.61303e-05
0.00183749
3.91482e-05
0.00220101
3.5452e-05
0.00248598
2.5083e-05
0.00270114
8.87915e-06
0.00286069
-1.19782e-05
0.00298058
-3.63178e-05
0.00307546
-6.31968e-05
0.0031569
-9.19682e-05
0.00323297
-0.000122259
0.00330873
-0.000153901
0.00338708
-0.000186854
0.00346965
-0.000221135
0.00355749
-0.000256753
0.0036513
-0.000293642
0.00375142
-0.000331667
0.00385742
0.00396751
-0.000370724
5.66771e-06
0.000310822
1.74764e-05
0.000871363
3.07262e-05
0.00138197
4.14177e-05
0.0018268
4.67811e-05
0.00219565
4.54647e-05
0.0024873
3.73682e-05
0.00270924
2.32526e-05
0.00287481
4.28384e-06
0.00299955
-1.83413e-05
0.00309808
-4.36356e-05
0.00318219
-7.09028e-05
0.00326024
-9.97308e-05
0.00333756
-0.000129921
0.00341727
-0.000161411
0.00350114
-0.000194201
0.00359028
-0.000228283
0.00368538
-0.000263588
0.00378672
-0.0003
0.00389384
0.00400496
-0.000337452
6.0414e-06
0.000304781
1.89168e-05
0.000858487
3.38423e-05
0.00136704
4.66603e-05
0.00181399
5.43999e-05
0.00218791
5.5513e-05
0.00248619
4.97486e-05
0.002715
3.7782e-05
0.00288677
2.07551e-05
0.00301657
-1.15859e-07
0.00311895
-2.3788e-05
0.00320586
-4.95258e-05
0.00328598
-7.68712e-05
0.00336491
-0.000105593
0.00344599
-0.000135605
0.00353116
-0.000166888
0.00362156
-0.000199421
0.00371791
-0.000233134
0.00382043
-0.00026793
0.00392863
0.0040408
-0.00030377
6.39935e-06
0.000298381
2.0315e-05
0.000844572
3.68977e-05
0.00135046
5.18446e-05
0.00179904
6.19879e-05
0.00217776
6.55792e-05
0.0024826
6.22078e-05
0.00271837
5.24525e-05
0.00289653
3.74251e-05
0.0030316
1.83616e-05
0.00313802
-3.66072e-06
0.00322789
-2.78431e-05
0.00331016
-5.36861e-05
0.00339075
-8.09231e-05
0.00347323
-0.000109442
0.00355967
-0.000139204
0.00365132
-0.000170177
0.00374888
-0.000202291
0.00385255
-0.000235466
0.00396181
0.00407502
-0.000269686
6.7403e-06
0.000291641
2.16663e-05
0.000829646
3.9883e-05
0.00133225
5.69568e-05
0.00178196
6.95279e-05
0.00216519
7.56445e-05
0.00247648
7.47272e-05
0.00271929
6.72482e-05
0.00290401
5.42793e-05
0.00304457
3.70687e-05
0.00315523
1.67389e-05
0.00324822
-5.86188e-06
0.00333276
-3.01814e-05
0.00341507
-5.59172e-05
0.00349896
-8.29284e-05
0.00358669
-0.000111157
0.00367955
-0.00014056
0.00377829
-0.00017107
0.00388306
-0.000202621
0.00399336
0.00410761
-0.00023521
7.06305e-06
0.000284578
2.29662e-05
0.000813743
4.27888e-05
0.00131242
6.1982e-05
0.00176277
7.70012e-05
0.00215017
8.56885e-05
0.00246779
8.72868e-05
0.00271769
8.21508e-05
0.00290914
7.13029e-05
0.00305542
5.5998e-05
0.00317053
3.74002e-05
0.00326681
1.64122e-05
0.00335375
-6.3645e-06
0.00343785
-3.05819e-05
0.00352318
-5.6072e-05
0.00361218
-8.27566e-05
0.00370624
-0.00011058
0.00380611
-0.000139481
0.00391196
-0.000169405
0.00402328
0.00413856
-0.000200352
7.36643e-06
0.000277212
2.421e-05
0.000796899
4.56052e-05
0.00129103
6.69049e-05
0.00174147
8.43881e-05
0.00213269
9.56889e-05
0.00245649
9.98646e-05
0.00271352
9.71405e-05
0.00291187
8.84794e-05
0.00306408
7.5136e-05
0.00318387
5.83133e-05
0.00328364
3.89693e-05
0.00337309
1.77598e-05
0.00345905
-4.92589e-06
0.00354587
-2.88803e-05
0.00363613
-5.40103e-05
0.00373137
-8.02475e-05
0.00383235
-0.000107534
0.00393925
-0.00013583
0.00405158
0.00416785
-0.000165124
7.64927e-06
0.000269562
2.53929e-05
0.000779155
4.83222e-05
0.0012681
7.17097e-05
0.00171808
9.16674e-05
0.00211273
0.000105622
0.00244254
0.000112436
0.0027067
0.000112195
0.00291211
0.00010579
0.00307049
9.44676e-05
0.0031952
7.94666e-05
0.00329864
6.18003e-05
0.00339076
4.21814e-05
0.00347867
2.10474e-05
0.003567
-1.36711e-06
0.00365855
-2.49277e-05
0.00375493
-4.95706e-05
0.00385699
-7.52366e-05
0.00396491
-0.000101911
0.00407825
0.00419548
-0.000129535
7.9105e-06
0.000261652
2.65105e-05
0.000760555
5.09296e-05
0.00124368
7.63796e-05
0.00169263
9.88173e-05
0.00209029
0.000115463
0.00242589
0.000124976
0.00269719
0.000127291
0.00290979
0.000123214
0.00307456
0.000113976
0.00320443
0.000100847
0.00331177
8.48947e-05
0.00340671
6.68919e-05
0.00349668
4.7327e-05
0.00358657
2.64763e-05
0.0036794
4.48334e-06
0.00377692
-1.85601e-05
0.00388003
-4.25965e-05
0.00398895
-6.76577e-05
0.00410331
0.00422142
-9.36047e-05
8.14905e-06
0.000253503
2.75581e-05
0.000741146
5.34172e-05
0.00121782
8.08977e-05
0.00166515
0.000105814
0.00206538
0.000125183
0.00240652
0.000137456
0.00268492
0.0001424
0.00290485
0.000140727
0.00307624
0.000133641
0.00321152
0.000122438
0.00332297
0.000108241
0.00342091
9.18817e-05
0.00351304
7.3904e-05
0.00360454
5.46243e-05
0.00369868
3.4215e-05
0.00379733
1.2775e-05
0.00390147
-9.62952e-06
0.00401135
-3.30612e-05
0.00412675
0.00424573
-5.73733e-05
8.36396e-06
0.000245139
2.85314e-05
0.000720979
5.57747e-05
0.00119058
8.52465e-05
0.00163568
0.000112634
0.00203799
0.000134754
0.0023844
0.000149844
0.00266983
0.000157493
0.0028972
0.000158304
0.00307542
0.000153443
0.00321638
0.000144225
0.00333219
0.000131825
0.00343331
0.00011714
0.00352772
0.000100769
0.00362091
8.3074e-05
0.00371637
6.42562e-05
0.00381615
4.44285e-05
0.0039213
2.36863e-05
0.0040321
2.19364e-06
0.00414824
0.00426893
-2.09994e-05
8.55433e-06
0.000236585
2.94262e-05
0.000700107
5.7992e-05
0.00116201
8.94083e-05
0.00160427
0.000119252
0.00200815
0.000144146
0.00235951
0.000162107
0.00265186
0.000172538
0.00288677
0.000175915
0.00307205
0.000173356
0.00321894
0.000166187
0.00333936
0.000155633
0.00344386
0.000142655
0.0035407
0.000127912
0.00363566
0.000111815
0.00373247
9.45971e-05
0.00383337
7.6385e-05
0.00393951
5.72406e-05
0.00405124
3.71167e-05
0.00416836
0.00429024
1.58075e-05
8.71937e-06
0.000227865
3.02384e-05
0.000678588
6.00591e-05
0.00113219
9.3365e-05
0.00157096
0.000125641
0.00197587
0.000153325
0.00233182
0.000174211
0.00263098
0.000187499
0.00287348
0.000193529
0.00306602
0.000193354
0.00321911
0.000188303
0.00334441
0.000179648
0.00345252
0.000168413
0.00355193
0.000155322
0.00364875
0.000140838
0.00374695
0.000125227
0.00384898
0.000108637
0.0039561
9.1129e-05
0.00406875
7.27318e-05
0.00418676
0.00430951
5.34582e-05
8.85838e-06
0.000219007
3.09642e-05
0.000656482
6.19661e-05
0.00110119
9.70986e-05
0.00153583
0.000131775
0.00194119
0.000162257
0.00230134
0.000186116
0.00260712
0.000202338
0.00285726
0.00021111
0.00305724
0.000213407
0.00321682
0.000210549
0.00334726
0.00020385
0.00345922
0.000194398
0.00356139
0.000182987
0.00366016
0.000170131
0.00375981
0.000156138
0.00386297
0.00014118
0.00397106
0.000125336
0.00408459
0.00010864
0.00420346
0.00432706
9.10943e-05
8.9708e-06
0.000210036
3.16003e-05
0.000633853
6.37039e-05
0.00106908
0.000100591
0.00149894
0.000137626
0.00190416
0.000170907
0.00226806
0.000197781
0.00258025
0.000217013
0.00283803
0.000228619
0.00304564
0.000233479
0.00321196
0.000232896
0.00334785
0.000228217
0.0034639
0.000220596
0.00356901
0.000210892
0.00366986
0.000199683
0.00377102
0.000187319
0.00387533
0.000173999
0.00398438
0.00015982
0.00409877
0.000144806
0.00421847
0.00434291
0.000128957
9.05617e-06
0.00020098
3.21437e-05
0.000610765
6.52635e-05
0.00103596
0.000103825
0.00146038
0.000143166
0.00186482
0.000179237
0.00223199
0.000209164
0.00255032
0.00023148
0.00281571
0.000246013
0.0030311
0.000253535
0.00320444
0.000255314
0.00334607
0.000252726
0.00346649
0.000246985
0.00357475
0.000239024
0.00367782
0.000229481
0.00378056
0.000218756
0.00388606
0.000207079
0.00399606
0.000194562
0.00411129
0.000181232
0.0042318
0.00435705
0.000167084
9.11422e-06
0.000191866
3.25915e-05
0.000587288
6.66366e-05
0.00100192
0.000106783
0.00142023
0.000148367
0.00182324
0.00018721
0.00219315
0.000220219
0.00251731
0.000245689
0.00279024
0.000263246
0.00301355
0.000273532
0.00319415
0.000277768
0.00334183
0.000277348
0.00346691
0.000273545
0.00357855
0.000267364
0.003684
0.000259511
0.00378841
0.000250438
0.00389513
0.000240408
0.00400609
0.000229553
0.00412214
0.000217911
0.00424344
0.0043695
0.000205468
9.14478e-06
0.000182721
3.29418e-05
0.000563491
6.7816e-05
0.000967046
0.000109449
0.0013786
0.000153202
0.00177948
0.000194785
0.00215156
0.000230898
0.0024812
0.000259588
0.00276155
0.000280265
0.00299287
0.000293423
0.00318099
0.000300219
0.00333504
0.000302052
0.00346507
0.000300251
0.00358035
0.000295894
0.00368836
0.000289757
0.00379455
0.00028235
0.00390254
0.000273975
0.00401446
0.000264786
0.00413133
0.000254833
0.00425339
0.00438023
0.000244097
9.14787e-06
0.000173573
3.31928e-05
0.000539446
6.87948e-05
0.000931444
0.000111807
0.00133559
0.000157642
0.00173365
0.000201924
0.00210728
0.000241151
0.00244197
0.000273122
0.00272958
0.000297015
0.00296898
0.000313157
0.00316485
0.000322622
0.00332557
0.000326804
0.00346089
0.000327077
0.00358008
0.000324592
0.00369085
0.000320203
0.00379894
0.000314479
0.00390826
0.000307767
0.00402117
0.000300247
0.00413885
0.000291985
0.00426166
0.00438925
0.000282963
9.12368e-06
0.000164449
3.33435e-05
0.000515226
6.95676e-05
0.00089522
0.000113843
0.00129131
0.000161661
0.00168583
0.000208585
0.00206036
0.000250925
0.00239963
0.000286232
0.00269428
0.000313436
0.00294177
0.000332678
0.00314561
0.000344929
0.00331332
0.000351561
0.00345426
0.00035399
0.00357765
0.000353436
0.0036914
0.00035083
0.00380155
0.00034681
0.00391228
0.000341771
0.00402621
0.000335925
0.0041447
0.000329357
0.00426823
0.00439656
0.000322054
9.07256e-06
0.000155377
3.33935e-05
0.000490905
7.01299e-05
0.000858483
0.000115543
0.0012459
0.000165235
0.00163614
0.000214729
0.00201086
0.000260169
0.00235419
0.000298856
0.00265559
0.000329463
0.00291117
0.000351924
0.00312315
0.000367085
0.00329816
0.000376281
0.00344506
0.000380954
0.00357298
0.000382396
0.00368996
0.000381617
0.00380233
0.000379326
0.00391457
0.000375973
0.00402957
0.000371807
0.00414886
0.000366936
0.0042731
0.00440214
0.000361357
8.99505e-06
0.000146382
3.33429e-05
0.000466557
7.04786e-05
0.000821347
0.000116898
0.00119948
0.000168337
0.0015847
0.000220316
0.00195889
0.000268827
0.00230568
0.000310929
0.00261349
0.000345027
0.00287707
0.000370827
0.00309735
0.000389029
0.00327996
0.000400911
0.00343318
0.000407931
0.00356596
0.000411444
0.00368645
0.000412541
0.00380123
0.000412008
0.00391511
0.000410357
0.00403122
0.00040788
0.00415134
0.00040471
0.00427627
0.00440599
0.000400859
8.89185e-06
0.00013749
3.31925e-05
0.000442257
7.06117e-05
0.000783928
0.000117896
0.00115219
0.000170947
0.00153165
0.000225307
0.00190453
0.000276846
0.00225414
0.000322384
0.00256795
0.000360054
0.0028394
0.000389314
0.00306809
0.000410695
0.00325858
0.000425394
0.00341848
0.000434873
0.00355648
0.000440543
0.00368078
0.000443574
0.0037982
0.000444836
0.00391384
0.000444907
0.00403115
0.000444128
0.00415212
0.000442664
0.00427773
0.00440811
0.000440546
8.76385e-06
0.000128726
3.2944e-05
0.000418076
7.05288e-05
0.000746343
0.000118532
0.00110419
0.000173045
0.00147713
0.000229667
0.0018479
0.00028417
0.00219964
0.000333152
0.00251897
0.000374465
0.00279809
0.000407305
0.00303525
0.000432007
0.00323388
0.000449666
0.00340082
0.000461729
0.00354441
0.000469652
0.00367285
0.000474687
0.00379316
0.000477787
0.00391074
0.000479605
0.00402933
0.000480536
0.00415119
0.000480785
0.00427748
0.00440849
0.000480403
8.61212e-06
0.000120114
3.25996e-05
0.000394089
7.02312e-05
0.000708712
0.0001188
0.00105562
0.000174613
0.00142132
0.000233361
0.00178916
0.000290745
0.00214225
0.00034316
0.00246655
0.000388178
0.00275307
0.000424715
0.00299871
0.000452885
0.00320571
0.000473656
0.00338005
0.000488439
0.00352963
0.000498726
0.00366257
0.000505844
0.00378605
0.000510835
0.00390575
0.00051443
0.00402573
0.000517088
0.00414853
0.000519056
0.00427551
0.00440713
0.000520415
8.43697e-06
0.000111677
3.21604e-05
0.000370366
6.97187e-05
0.000671153
0.000118694
0.00100665
0.000175634
0.00136438
0.000236351
0.00172844
0.000296514
0.00208209
0.000352332
0.00241073
0.000401102
0.0027043
0.000441444
0.00295837
0.000473232
0.00317392
0.000497276
0.00335601
0.00051493
0.00351198
0.000527704
0.00364979
0.000536998
0.00377675
0.000543941
0.00389881
0.000549352
0.00402032
0.000553757
0.00414413
0.000557456
0.00427181
0.00440402
0.000560561
8.24154e-06
0.000103435
3.16336e-05
0.000346974
6.90013e-05
0.000633786
0.000118223
0.000957425
0.000176108
0.0013065
0.000238623
0.00166592
0.000301439
0.00201927
0.000360609
0.00235156
0.000413161
0.00265175
0.000457412
0.00291412
0.000492966
0.00313836
0.000520453
0.00332852
0.000541139
0.00349129
0.000556541
0.00363439
0.000568116
0.00376518
0.000577086
0.00388984
0.000584358
0.00401305
0.000590537
0.00413795
0.00059598
0.00426637
0.00439917
0.000600836
8.0264e-06
9.54089e-05
3.10217e-05
0.000323978
6.80821e-05
0.000596725
0.000117386
0.000908121
0.000176022
0.00124786
0.000240146
0.0016018
0.000305468
0.00195395
0.000367914
0.00228912
0.000424257
0.0025954
0.000472506
0.00286587
0.000511975
0.0030989
0.00054308
0.00329741
0.000566976
0.00346739
0.000585159
0.00361621
0.000599139
0.0037512
0.000610222
0.00387876
0.000619412
0.00400386
0.000627397
0.00412996
0.000634601
0.00425917
0.00439255
0.000641217
7.79318e-06
8.76157e-05
3.03295e-05
0.000301442
6.69685e-05
0.000560086
0.00011619
0.0008589
0.000175376
0.00118867
0.000240903
0.00153627
0.000308559
0.0018863
0.000374179
0.0022235
0.000434301
0.00253528
0.000486622
0.00281355
0.000530147
0.00305537
0.00056505
0.00326251
0.000592344
0.0034401
0.00061348
0.00359507
0.000630003
0.00373467
0.000643302
0.00386546
0.000654479
0.00399268
0.000664312
0.00412013
0.0006733
0.00425018
0.00438417
0.000681685
7.54363e-06
8.00721e-05
2.95625e-05
0.000279423
6.56695e-05
0.000523979
0.000114643
0.000809926
0.000174172
0.00112915
0.000240882
0.00146956
0.000310676
0.0018165
0.000379339
0.00215483
0.0004432
0.00247142
0.000499648
0.0027571
0.000547362
0.00300766
0.000586247
0.00322363
0.000617136
0.00340921
0.000641413
0.00357079
0.000660638
0.00371545
0.000676273
0.00384982
0.000689518
0.00397944
0.000701251
0.0041084
0.000712051
0.00423938
0.004374
0.00072222
7.27958e-06
7.27925e-05
2.87266e-05
0.000257976
6.41958e-05
0.00048851
0.000112759
0.000761364
0.000172419
0.00106948
0.000240075
0.00140191
0.00031179
0.00174479
0.000383337
0.00208329
0.000450866
0.00240389
0.000511471
0.00269649
0.000563495
0.00295563
0.000606541
0.00318058
0.000641236
0.00337452
0.000668857
0.00354317
0.000690961
0.00369334
0.000709071
0.00383171
0.000724484
0.00396403
0.000738179
0.0040947
0.000750828
0.00422673
0.00436202
0.0007628
7.00294e-06
6.57896e-05
2.78284e-05
0.000237151
6.25592e-05
0.000453779
0.000110552
0.000713371
0.00017013
0.00100991
0.000238485
0.00133355
0.000311878
0.0016714
0.000386118
0.00200905
0.000457213
0.00233279
0.000521978
0.00263173
0.000578412
0.0028992
0.000625796
0.00313319
0.000664511
0.0033358
0.000695698
0.00351198
0.000720878
0.00366816
0.000741622
0.00381097
0.000759319
0.00394633
0.000775055
0.00407896
0.0007896
0.00421219
0.00434822
0.0008034
6.71566e-06
5.90739e-05
2.68745e-05
0.000216992
6.07728e-05
0.000419881
0.000108041
0.000666103
0.000167321
0.000950626
0.00023612
0.00126475
0.000310928
0.00159659
0.000387638
0.00193234
0.000462161
0.00225827
0.000531055
0.00256284
0.000591978
0.00283827
0.000643866
0.00308131
0.000686819
0.00329285
0.000721805
0.003477
0.00075028
0.00363969
0.000773841
0.00378741
0.00079396
0.00392621
0.000811832
0.00406109
0.000828333
0.00419568
0.00433256
0.000843993
6.41972e-06
5.26542e-05
2.58721e-05
0.000197539
5.88508e-05
0.000386902
0.000105246
0.000619707
0.000164017
0.000891856
0.000232994
0.00119577
0.000308935
0.00152065
0.000387863
0.00185341
0.000465637
0.0021805
0.000538592
0.00248988
0.000604054
0.00277281
0.000660596
0.00302477
0.000708005
0.00324544
0.000747036
0.00343797
0.000779044
0.00360768
0.000805628
0.00376083
0.000828331
0.00390351
0.000848453
0.00404097
0.000866984
0.00417715
0.004315
0.000884546
6.11709e-06
4.65371e-05
2.48286e-05
0.000178828
5.68082e-05
0.000354923
0.000102191
0.000574324
0.000160243
0.000833804
0.000229131
0.00112689
0.000305907
0.00144387
0.000386769
0.00177255
0.000467577
0.00209969
0.000544485
0.00241297
0.0006145
0.0027028
0.000675824
0.00296344
0.000727901
0.00319336
0.00077123
0.00339464
0.00080703
0.00357188
0.000836868
0.00373099
0.000862341
0.00387803
0.000884851
0.00401846
0.000905504
0.0041565
0.00429548
0.000925024
5.80976e-06
4.07274e-05
2.37514e-05
0.000160886
5.4661e-05
0.000324013
9.89011e-05
0.000530084
0.000156033
0.000776673
0.000224562
0.00105836
0.000301859
0.00136657
0.000384344
0.00169006
0.00046793
0.0020161
0.000548637
0.00233227
0.000623179
0.00262825
0.000689384
0.00289724
0.000746327
0.00313642
0.000794213
0.00334675
0.00083408
0.00353201
0.000867429
0.00369764
0.000895887
0.00384957
0.000920948
0.0039934
0.000943836
0.00413361
0.00427393
0.000965384
5.49963e-06
3.52277e-05
2.26479e-05
0.000143738
5.24252e-05
0.000294236
9.5402e-05
0.000487107
0.000151421
0.000720654
0.000219324
0.000990456
0.00029682
0.00128908
0.000380591
0.00160629
0.000466659
0.00193003
0.000550961
0.00224797
0.000629957
0.00254926
0.000701106
0.00282609
0.000763094
0.00307443
0.000815795
0.00329405
0.000860018
0.00348779
0.000897157
0.0036605
0.000928844
0.00381789
0.000956647
0.0039656
0.000981908
0.00410835
0.00425027
0.00100557
5.18857e-06
3.00392e-05
2.15255e-05
0.000127401
5.01174e-05
0.000265644
9.17224e-05
0.000445502
0.000146447
0.000665929
0.000213463
0.00092344
0.000290829
0.00121171
0.000375526
0.00152159
0.00046374
0.00184182
0.000551386
0.00216032
0.00063471
0.00246594
0.000710822
0.00274998
0.000778007
0.00300725
0.00083577
0.00323629
0.000884646
0.00343891
0.000925881
0.00361926
0.000961071
0.0037827
0.000991839
0.00393483
0.00101964
0.00408055
0.00422437
0.00104553
4.87838e-06
2.51608e-05
2.03916e-05
0.000111888
4.77542e-05
0.000238282
8.78911e-05
0.000405365
0.000141153
0.000612667
0.000207029
0.000857564
0.000283936
0.0011348
0.000369181
0.00143635
0.000459171
0.00175183
0.000549857
0.00206963
0.000637326
0.00237847
0.000718367
0.00266893
0.000790863
0.00293475
0.000853918
0.00317323
0.000907751
0.00338508
0.000953405
0.00357361
0.0009924
0.0037437
0.00102639
0.00390084
0.00105693
0.00405002
0.00419611
0.00108519
4.57075e-06
2.059e-05
1.92532e-05
9.72053e-05
4.5352e-05
0.000212183
8.39376e-05
0.00036678
0.000135583
0.000561022
0.000200079
0.000793068
0.000276199
0.00105868
0.000361605
0.00135094
0.000452966
0.00166047
0.000546337
0.00197626
0.000637708
0.0022871
0.000723587
0.00258306
0.000801459
0.00285688
0.000870011
0.00310468
0.000929096
0.003326
0.000979508
0.0035232
0.00102264
0.00370057
0.00106015
0.00386333
0.00109365
0.00401652
0.00416531
0.00112445
4.26725e-06
1.63228e-05
1.81169e-05
8.33556e-05
4.29268e-05
0.000187373
7.98915e-05
0.000329815
0.000129782
0.000511131
0.000192674
0.000730177
0.000267689
0.000983667
0.000352858
0.00126577
0.00044516
0.00156817
0.000540814
0.00188061
0.00063578
0.00219213
0.000726337
0.0024925
0.000809596
0.00277362
0.00088381
0.00303047
0.000948431
0.00326137
0.00100395
0.00346768
0.00105158
0.00365293
0.00109293
0.00382199
0.00112967
0.00397977
0.00413177
0.00116321
3.96934e-06
1.23534e-05
1.69892e-05
7.03357e-05
4.04941e-05
0.000163868
7.57818e-05
0.000294527
0.000123798
0.000463115
0.000184878
0.000669098
0.000258482
0.000910062
0.000343018
0.00118124
0.000435808
0.00147538
0.0005333
0.00178312
0.000631491
0.00209394
0.000726495
0.0023975
0.000815083
0.00268503
0.000895075
0.00295048
0.000965489
0.00319096
0.00102646
0.00340671
0.00107897
0.00360042
0.00112452
0.00377644
0.00116481
0.00393948
0.00409524
0.00120134
3.67834e-06
8.67511e-06
1.5876e-05
5.81381e-05
3.80686e-05
0.000141675
7.16368e-05
0.000260959
0.000117677
0.000417075
0.000176758
0.000610017
0.000248663
0.000838157
0.000332174
0.00109773
0.000424987
0.00138256
0.00052383
0.00168427
0.000624817
0.00199295
0.000723961
0.00229835
0.000817743
0.00259125
0.000903566
0.00286465
0.000979992
0.00311453
0.00104675
0.00333995
0.00110453
0.00354264
0.00115468
0.00372629
0.00119888
0.00389528
0.00405544
0.00123869
3.39543e-06
5.27968e-06
1.47827e-05
4.67508e-05
3.5664e-05
0.000120794
6.74837e-05
0.000229139
0.000111464
0.000373095
0.000168381
0.000553099
0.000238319
0.00076822
0.000320427
0.00101562
0.000412792
0.0012902
0.000512472
0.00158459
0.000615763
0.00188966
0.000718662
0.00219545
0.000817422
0.00249249
0.000909054
0.00277302
0.000991657
0.00303193
0.00106451
0.0032671
0.00112797
0.00347918
0.00118314
0.00367111
0.00123164
0.00384678
0.00401202
0.00127506
3.12161e-06
2.15807e-06
1.37141e-05
3.61584e-05
3.3293e-05
0.000101215
6.33482e-05
0.000199084
0.000105203
0.00033124
0.000159817
0.000498485
0.000227543
0.000700493
0.000307889
0.000935273
0.000399337
0.00119875
0.000499314
0.00148462
0.00060437
0.0017846
0.000710564
0.00208926
0.000813993
0.00238906
0.000911324
0.00267569
0.0010002
0.00294305
0.00107943
0.00318787
0.00114895
0.00340967
0.00120958
0.00361048
0.00126282
0.00379355
0.00396461
0.00131023
2.85776e-06
-6.99693e-07
1.26746e-05
2.63416e-05
3.09672e-05
8.29223e-05
5.92541e-05
0.000170797
9.8938e-05
0.000291556
0.000151131
0.000446293
0.00021643
0.000635194
0.000294678
0.000857026
0.000384752
0.00110868
0.000484477
0.00138489
0.000590714
0.00167837
0.000699668
0.0019803
0.000807364
0.00228136
0.000910189
0.00257287
0.00100535
0.00284789
0.00109117
0.00310205
0.00116711
0.00333372
0.00123367
0.00354392
0.0012921
0.00373511
0.00391276
0.00134395
2.60457e-06
-3.30426e-06
1.16678e-05
1.72784e-05
2.86968e-05
6.58933e-05
5.52232e-05
0.000144271
9.27074e-05
0.000254072
0.000142387
0.000396613
0.000205073
0.000572508
0.000280915
0.000781184
0.000369178
0.00102041
0.000468099
0.00128597
0.000574903
0.00157156
0.000686017
0.00186919
0.000797486
0.00216989
0.000905491
0.00246486
0.00100685
0.00274653
0.00109939
0.00300951
0.00118209
0.00325102
0.00125501
0.00347101
0.00131914
0.00367098
0.003856
0.0013759
2.36256e-06
-5.66682e-06
1.06967e-05
8.94418e-06
2.64905e-05
5.00996e-05
5.12748e-05
0.000119486
8.65478e-05
0.000218799
0.000133646
0.000349515
0.000193563
0.00051259
0.000266727
0.00070802
0.000352769
0.000934372
0.000450345
0.00118839
0.000557081
0.00146483
0.0006697
0.00175657
0.000784358
0.00205524
0.000897121
0.0023521
0.00100448
0.00263917
0.00110379
0.00291021
0.0011935
0.0031613
0.0012732
0.00339131
0.00134354
0.00360064
0.0037938
0.00140574
2.13211e-06
-7.79893e-06
9.76396e-06
1.31233e-06
2.43558e-05
3.55077e-05
4.74261e-05
9.64163e-05
8.04924e-05
0.000185732
0.000124965
0.000305042
0.00018199
0.000455566
0.000252238
0.000637771
0.000335684
0.000850926
0.000431394
0.00109268
0.000537422
0.0013588
0.000650849
0.00164314
0.000768031
0.00193805
0.000885015
0.00223511
0.00099805
0.00252614
0.00110406
0.0028042
0.00120097
0.00306439
0.00128783
0.00330445
0.00136487
0.0035236
0.0037256
0.00143307
1.91343e-06
-9.71236e-06
8.87121e-06
-5.64545e-06
2.22989e-05
2.208e-05
4.36914e-05
7.50237e-05
7.45701e-05
0.000154854
0.000116396
0.000263216
0.000170435
0.000401528
0.000237569
0.000570636
0.000318083
0.000770413
0.000411439
0.000999327
0.000516128
0.00125411
0.000629638
0.00152963
0.000748609
0.00181908
0.000869174
0.00211455
0.00098743
0.00240788
0.00109993
0.0026917
0.00120411
0.00296021
0.00129845
0.00321011
0.00138268
0.00343938
0.00365082
0.00145746
1.70659e-06
-1.14189e-05
8.01973e-06
-1.19586e-05
2.03243e-05
9.77543e-06
4.0083e-05
5.52651e-05
6.88063e-05
0.00012613
0.000107985
0.000224038
0.000158975
0.000350537
0.000222837
0.000506775
0.000300127
0.000693123
0.00039068
0.000908774
0.000493422
0.00115137
0.000606281
0.00141677
0.000726253
0.00169911
0.000849658
0.00199115
0.000972551
0.00228499
0.00109121
0.00257304
0.0012026
0.00284882
0.00130463
0.00310808
0.00139647
0.00334754
0.00356889
0.0014784
1.51152e-06
-1.29305e-05
7.21018e-06
-1.76573e-05
1.84354e-05
-1.44982e-06
3.66101e-05
3.70905e-05
6.32218e-05
9.95186e-05
9.97715e-05
0.000187488
0.00014768
0.000302628
0.000208149
0.000446306
0.000281972
0.0006193
0.00036932
0.000821425
0.000469543
0.00105115
0.000581025
0.00130529
0.000701176
0.00157896
0.000826598
0.00186572
0.000953416
0.00215817
0.00107774
0.00244872
0.00119613
0.00273042
0.00130595
0.00299827
0.00140576
0.00324772
0.00347924
0.00149541
1.32803e-06
-1.42585e-05
6.44273e-06
-2.2772e-05
1.66344e-05
-1.16415e-05
3.32799e-05
2.04449e-05
5.78339e-05
7.49646e-05
9.1791e-05
0.000153531
0.000136612
0.000257807
0.000193606
0.000389312
0.000263765
0.000549141
0.000347562
0.000737628
0.000444741
0.000953968
0.000554144
0.00119589
0.000673639
0.00145947
0.00080019
0.00173917
0.000930107
0.00202825
0.00105944
0.00231938
0.00118447
0.00260539
0.00130203
0.00288072
0.00141007
0.00313967
0.00338138
0.00150793
1.15582e-06
-1.54143e-05
5.71706e-06
-2.73332e-05
1.49221e-05
-2.08465e-05
3.00974e-05
5.26957e-06
5.26559e-05
5.24061e-05
8.40716e-05
0.000122115
0.000125823
0.000216055
0.000179298
0.000335837
0.000245646
0.000482793
0.000325599
0.000657675
0.000419265
0.000860302
0.000525932
0.00108922
0.000643944
0.00134145
0.000770695
0.00161242
0.000902788
0.00189616
0.00103635
0.00218582
0.00116747
0.00247427
0.00129255
0.00275564
0.00140895
0.00302327
0.00327488
0.00151545
9.94499e-07
-1.64088e-05
5.03246e-06
-3.13712e-05
1.32985e-05
-2.91125e-05
2.70652e-05
-8.49714e-06
4.76972e-05
3.17741e-05
7.6636e-05
9.31763e-05
0.000115359
0.000177332
0.000165302
0.000285894
0.000227738
0.000420357
0.000303616
0.000581797
0.000393365
0.000770553
0.000496693
0.000985894
0.000612424
0.00122572
0.000738431
0.00148642
0.0008717
0.00176289
0.00100856
0.00204896
0.00114506
0.00233777
0.00127727
0.00262343
0.00140199
0.00289855
0.00315941
0.00151746
8.4361e-07
-1.72524e-05
4.38789e-06
-3.49154e-05
1.17627e-05
-3.64873e-05
2.41844e-05
-2.09189e-05
4.29642e-05
1.29943e-05
6.95016e-05
6.6639e-05
0.000105256
0.000141578
0.000151686
0.000239464
0.000210155
0.000361889
0.000281783
0.000510168
0.000367278
0.000685059
0.00046673
0.000886443
0.000579433
0.00111302
0.000703762
0.00136209
0.000837163
0.00162949
0.000976289
0.00190983
0.00111728
0.00219678
0.00125605
0.00248467
0.00138889
0.0027657
0.00303477
0.00151353
7.02636e-07
-1.79551e-05
3.78203e-06
-3.79948e-05
1.0313e-05
-4.30183e-05
2.14544e-05
-3.20603e-05
3.84604e-05
-4.01168e-06
6.26804e-05
4.2419e-05
9.5542e-05
0.000108716
0.000138507
0.000196499
0.000192992
0.000307403
0.000260253
0.000442907
0.000341226
0.000604086
0.000436342
0.000791327
0.000545334
0.00100403
0.000667088
0.00124033
0.000799559
0.00149702
0.000939831
0.00176956
0.00108429
0.00205231
0.00122885
0.00234011
0.00136943
0.00262512
0.0029009
0.0015033
5.71032e-07
-1.85261e-05
3.21339e-06
-4.06372e-05
8.94724e-06
-4.87521e-05
1.88734e-05
-4.19864e-05
3.41865e-05
-1.93248e-05
5.61803e-05
2.04252e-05
8.62392e-05
7.86574e-05
0.000125808
0.00015693
0.000176332
0.000256879
0.000239161
0.000380078
0.000315415
0.000527833
0.000405813
0.000700929
0.000510492
0.000899348
0.000628828
0.001122
0.000759321
0.00136652
0.000899568
0.00162932
0.00104635
0.00190554
0.00119576
0.0021907
0.00134352
0.00247735
0.00275784
0.00148658
4.48244e-07
-1.89743e-05
2.68034e-06
-4.28693e-05
7.6627e-06
-5.37345e-05
1.64383e-05
-5.0762e-05
3.0141e-05
-3.30275e-05
5.00048e-05
5.61422e-07
7.73621e-05
5.13001e-05
0.000113625
0.000120667
0.000160243
0.000210262
0.000218624
0.000321697
0.000290025
0.000456431
0.000375406
0.000615548
0.000475255
0.000799499
0.00058941
0.00100784
0.000716916
0.00123902
0.000855946
0.00149028
0.00100379
0.00175769
0.00115698
0.00203752
0.00131119
0.00232314
0.00260567
0.00146336
3.3372e-07
-1.93081e-05
2.1812e-06
-4.47168e-05
6.45642e-06
-5.80097e-05
1.41454e-05
-5.8451e-05
2.6321e-05
-4.52031e-05
4.41544e-05
-1.7272e-05
6.89196e-05
2.65349e-05
0.000101984
8.76025e-05
0.000144777
0.000167468
0.000198737
0.000267738
0.000265217
0.000389952
0.000345361
0.000535403
0.000439955
0.000704905
0.000549254
0.000898542
0.000672827
0.00111544
0.000809457
0.00135365
0.000957061
0.00161009
0.00111281
0.00188177
0.0012726
0.00216334
0.00244438
0.00143389
2.26929e-07
-1.9535e-05
1.71425e-06
-4.62041e-05
5.32527e-06
-6.16207e-05
1.19904e-05
-6.51161e-05
2.27218e-05
-5.59346e-05
3.86267e-05
-3.31768e-05
6.09155e-05
4.246e-06
9.09005e-05
5.76175e-05
0.000129977
0.000128392
0.000179581
0.000218133
0.000241125
0.000328409
0.000315889
0.000460639
0.000404896
0.000615897
0.000508761
0.000794677
0.000627538
0.000996668
0.000760618
0.00122057
0.000906621
0.00146408
0.0010636
0.0017248
0.00122797
0.00199896
0.00227358
0.00139877
1.27372e-07
-1.96624e-05
1.27782e-06
-4.73545e-05
4.26604e-06
-6.4609e-05
9.96855e-06
-7.08186e-05
1.9338e-05
-6.5304e-05
3.34169e-05
-4.72558e-05
5.33496e-05
-1.56867e-05
8.03854e-05
3.05817e-05
0.00011587
9.29072e-05
0.000161218
0.000172785
0.000217862
0.000271765
0.000287173
0.000391328
0.000370353
0.000532717
0.000468308
0.000696722
0.000581518
0.000883458
0.000709946
0.00109215
0.000852961
0.00132107
0.00100969
0.00156807
0.00117756
0.0018311
0.00209206
0.00135908
3.46697e-08
-1.9697e-05
8.70321e-07
-4.81902e-05
3.27554e-06
-6.70142e-05
8.07496e-06
-7.5618e-05
1.61632e-05
-7.33922e-05
2.85188e-05
-5.96114e-05
4.6218e-05
-3.33858e-05
7.04421e-05
6.35753e-06
0.000102476
6.08729e-05
0.000143694
0.000131567
0.000195519
0.00021994
0.000259368
0.000327479
0.000336566
0.00045552
0.000428239
0.00060505
0.000535212
0.000776485
0.000657946
0.000969412
0.00079654
0.00118248
0.00095135
0.00141326
0.00112152
0.00166093
0.00189706
0.00131652
-5.20119e-08
-1.9645e-05
4.90224e-07
-4.87324e-05
2.3507e-06
-6.88747e-05
6.30467e-06
-7.9572e-05
1.31908e-05
-8.02783e-05
2.39249e-05
-7.03455e-05
3.95144e-05
-4.89754e-05
6.10696e-05
-1.51977e-05
8.98071e-05
3.21355e-05
0.000127042
9.4332e-05
0.000174167
0.000172815
0.000232605
0.000269041
0.000303748
0.000384377
0.000388869
0.000519929
0.000489043
0.00067631
0.000605107
0.000853348
0.000737753
0.00104983
0.000888465
0.00126254
0.00105956
0.00148983
0.00168311
0.00127351
-1.32411e-07
-1.95126e-05
1.36477e-07
-4.90013e-05
1.4886e-06
-7.02268e-05
4.6528e-06
-8.27362e-05
1.04139e-05
-8.60393e-05
1.96266e-05
-7.95582e-05
3.32305e-05
-6.25793e-05
5.22627e-05
-3.42299e-05
7.78655e-05
6.53265e-06
0.000111286
6.09117e-05
0.000153862
0.000130239
0.000206991
0.000215912
0.000272083
0.000319286
0.000350487
0.000441524
0.000443425
0.000583373
0.000551942
0.00074483
0.000677011
0.000924761
0.000820232
0.00111932
0.000986248
0.00132381
0.00143532
0.00123404
-2.07159e-07
-1.93054e-05
-1.92544e-07
-4.90159e-05
6.86645e-07
-7.1106e-05
3.11489e-06
-8.51645e-05
7.82575e-06
-9.07502e-05
1.56153e-05
-8.73478e-05
2.73566e-05
-7.43206e-05
4.40132e-05
-5.08865e-05
6.66499e-05
-1.61041e-05
9.64366e-05
3.1125e-05
0.000134642
9.20341e-05
0.000182611
0.000167942
0.00024173
0.000260167
0.000313363
0.000369891
0.000398778
0.000497958
0.000499065
0.000644543
0.000615112
0.000808714
0.000747748
0.000986686
0.00089547
0.00117609
0.00131167
0.00101912
-2.76693e-07
-1.90288e-05
-4.98306e-07
-4.87943e-05
-5.79477e-08
-7.15463e-05
1.68587e-06
-8.69083e-05
5.41905e-06
-9.44834e-05
1.18814e-05
-9.38101e-05
2.18814e-05
-8.43206e-05
3.63104e-05
-6.53154e-05
5.6154e-05
-3.59478e-05
8.25e-05
4.77907e-06
0.000116536
5.79979e-05
0.000159537
0.000124941
0.000212832
0.000206872
0.000277751
0.000304972
0.000355544
0.000420165
0.000447248
0.000552839
0.000553481
0.000702481
0.000673846
0.000866321
0.000806854
0.00104308
0.00118729
0.000931227
-3.41096e-07
-1.86877e-05
-7.81331e-07
-4.83541e-05
-7.48088e-07
-7.15796e-05
3.616e-07
-8.8018e-05
3.18723e-06
-9.7309e-05
8.41562e-06
-9.90385e-05
1.67936e-05
-9.26986e-05
2.91418e-05
-7.76637e-05
4.63677e-05
-5.31736e-05
6.94739e-05
-1.83272e-05
9.95613e-05
2.79106e-05
0.000137819
8.66831e-05
0.000185501
0.00015919
0.000243873
0.0002466
0.00031413
0.000349908
0.000397254
0.000469715
0.000493764
0.00060597
0.000603137
0.000756948
0.000725315
0.000920905
0.00106744
0.000845167
-4.00572e-07
-1.82871e-05
-1.04263e-06
-4.7712e-05
-1.38523e-06
-7.1237e-05
-8.6211e-07
-8.85411e-05
1.12361e-06
-9.92947e-05
5.2085e-06
-0.000103123
1.20808e-05
-9.95709e-05
2.24937e-05
-8.80765e-05
3.72776e-05
-6.79575e-05
5.73509e-05
-3.84005e-05
8.3724e-05
1.53749e-06
0.000117494
5.29126e-05
0.000159827
0.000116858
0.000211908
0.000194519
0.000274872
0.000286944
0.000349664
0.000394923
0.000436855
0.00051878
0.000536206
0.000657597
0.000648129
0.000808982
0.000952322
0.00076325
-4.55297e-07
-1.78318e-05
-1.28307e-06
-4.68842e-05
-1.97179e-06
-7.05483e-05
-1.98925e-06
-8.85236e-05
-7.78395e-07
-0.000100506
2.25045e-06
-0.000106152
7.73052e-06
-0.000105051
1.63507e-05
-9.66967e-05
2.88681e-05
-8.04749e-05
4.61183e-05
-5.56507e-05
6.9022e-05
-2.13661e-05
9.85824e-05
2.33522e-05
0.00013587
7.957e-05
0.000181989
0.0001484
0.000238008
0.000230925
0.000304859
0.000328072
0.000383201
0.000440437
0.000473165
0.000567634
0.000575443
0.000706703
0.000842171
0.000685594
-5.05428e-07
-1.73264e-05
-1.50348e-06
-4.58862e-05
-2.50981e-06
-6.95419e-05
-3.02382e-06
-8.80096e-05
-2.52537e-06
-0.000101004
-4.68243e-07
-0.000108209
3.72941e-06
-0.000109249
1.06965e-05
-0.000103664
2.11207e-05
-9.0899e-05
3.57588e-05
-7.02888e-05
5.54444e-05
-4.10517e-05
8.10883e-05
-2.29171e-06
0.000113669
4.69897e-05
0.000154204
0.000107865
0.000203703
0.000181426
0.000263094
0.000268681
0.000333145
0.000370386
0.000414369
0.000486409
0.000507812
0.00061326
0.000737552
0.000612431
-5.51113e-07
-1.67752e-05
-1.70462e-06
-4.47327e-05
-3.00134e-06
-6.82452e-05
-3.96979e-06
-8.70412e-05
-4.12392e-06
-0.00010085
-2.95762e-06
-0.000109376
6.37665e-08
-0.00011227
5.51345e-06
-0.000109114
1.40146e-05
-9.94001e-05
2.62503e-05
-8.25246e-05
4.29722e-05
-5.77737e-05
6.50033e-05
-2.43228e-05
9.3233e-05
1.87601e-05
0.0001286
7.24981e-05
0.00017206
0.000137966
0.000224545
0.000216196
0.000286941
0.00030799
0.000360128
0.000413223
0.000445514
0.000527875
0.000638942
0.000544123
-5.92501e-07
-1.61827e-05
-1.8873e-06
-4.34379e-05
-3.44842e-06
-6.66841e-05
-4.83122e-06
-8.56583e-05
-5.58089e-06
-0.0001001
-5.22797e-06
-0.000109729
-3.28106e-06
-0.000114217
7.82422e-07
-0.000113177
7.52639e-06
-0.000106144
1.75664e-05
-9.25646e-05
3.15787e-05
-7.17859e-05
5.03051e-05
-4.30492e-05
7.45536e-05
-5.48842e-06
0.000105191
4.1861e-05
0.000143128
0.000100029
0.000189309
0.000170015
0.000244736
0.000252563
0.000310602
0.000347357
0.00038863
0.000449847
0.000546649
0.000480924
-6.2975e-07
-1.5553e-05
-2.05233e-06
-4.20153e-05
-3.85319e-06
-6.48832e-05
-5.6123e-06
-8.38992e-05
-6.90334e-06
-9.88092e-05
-7.29014e-06
-0.000109342
-6.32033e-06
-0.000115187
-3.51718e-06
-0.00011598
1.63002e-06
-0.000111291
9.67592e-06
-0.000100611
2.12287e-05
-8.33387e-05
3.69577e-05
-5.87783e-05
5.75987e-05
-2.61294e-05
8.39555e-05
1.55042e-05
0.000116903
6.70812e-05
0.000157402
0.000129516
0.000206563
0.000203402
0.000265819
0.000288101
0.000337111
0.000378555
0.000460842
0.000422918
-6.63036e-07
-1.489e-05
-2.20059e-06
-4.04777e-05
-4.2179e-06
-6.28659e-05
-6.31744e-06
-8.17997e-05
-8.09872e-06
-9.70279e-05
-9.15555e-06
-0.000108285
-9.07052e-06
-0.000115272
-7.40767e-06
-0.000117643
-3.70359e-06
-0.000114995
2.54255e-06
-0.000106857
1.18792e-05
-9.26753e-05
2.49123e-05
-7.18114e-05
4.23152e-05
-4.35323e-05
6.48392e-05
-7.01987e-06
9.33311e-05
3.85893e-05
0.000128769
9.40778e-05
0.000172353
0.000159819
0.000225677
0.000234777
0.00029078
0.000313452
0.000381584
0.000370037
-6.92558e-07
-1.41974e-05
-2.33305e-06
-3.88373e-05
-4.54494e-06
-6.0654e-05
-6.95128e-06
-7.93934e-05
-9.17487e-06
-9.48043e-05
-1.08363e-05
-0.000106624
-1.15491e-05
-0.000114559
-1.09132e-05
-0.000118279
-8.50648e-06
-0.000117402
-3.87481e-06
-0.000111488
3.47879e-06
-0.000100029
1.41064e-05
-8.2439e-05
2.8629e-05
-5.80549e-05
4.77551e-05
-2.6146e-05
7.23096e-05
1.40349e-05
0.000103285
6.3102e-05
0.000141942
0.000121162
0.000189957
0.000186761
0.000249343
0.000254067
0.000308846
0.000322081
-7.18544e-07
-1.34789e-05
-2.45072e-06
-3.71051e-05
-4.83688e-06
-5.82679e-05
-7.51874e-06
-7.67115e-05
-1.01401e-05
-9.2183e-05
-1.23451e-05
-0.000104418
-1.37747e-05
-0.000113129
-1.40598e-05
-0.000117994
-1.28137e-05
-0.000118648
-9.62219e-06
-0.00011468
-4.03163e-06
-0.000105619
4.46509e-06
-9.09357e-05
1.64462e-05
-7.00361e-05
3.25856e-05
-4.22854e-05
5.36901e-05
-7.0696e-06
8.07594e-05
3.60327e-05
0.000115082
8.68393e-05
0.000158341
0.000143502
0.000212412
0.000199995
0.000242518
0.00027874
-7.41249e-07
-1.27376e-05
-2.55474e-06
-3.52916e-05
-5.09643e-06
-5.57262e-05
-8.02501e-06
-7.37829e-05
-1.1003e-05
-8.9205e-05
-1.36955e-05
-0.000101726
-1.57669e-05
-0.000111058
-1.68749e-05
-0.000116886
-1.66629e-05
-0.00011886
-1.47501e-05
-0.000116593
-1.07185e-05
-0.000109651
-4.09795e-06
-9.75563e-05
5.65522e-06
-7.97892e-05
1.91865e-05
-5.58167e-05
3.72856e-05
-2.51687e-05
6.09477e-05
1.23706e-05
9.1456e-05
5.6331e-05
0.00013043
0.000104528
0.000179528
0.000150897
0.000182422
0.000239624
-7.60958e-07
-1.19766e-05
-2.64631e-06
-3.34062e-05
-5.32645e-06
-5.3046e-05
-8.47552e-06
-7.06338e-05
-1.17727e-05
-8.59079e-05
-1.49014e-05
-9.85973e-05
-1.75463e-05
-0.000108413
-1.93877e-05
-0.000115044
-2.00943e-05
-0.000118154
-1.93127e-05
-0.000117374
-1.66543e-05
-0.000112309
-1.16786e-05
-0.000102532
-3.87029e-06
-8.75976e-05
7.39197e-06
-6.70789e-05
2.28787e-05
-4.06554e-05
4.35666e-05
-8.3173e-06
7.07002e-05
2.91974e-05
0.000105782
6.94466e-05
0.000150198
0.000106481
0.000128327
0.000204293
-7.77976e-07
-1.11987e-05
-2.72668e-06
-3.14575e-05
-5.52994e-06
-5.02428e-05
-8.87587e-06
-6.72879e-05
-1.24585e-05
-8.23253e-05
-1.59772e-05
-9.50786e-05
-1.91339e-05
-0.000105256
-2.16282e-05
-0.00011255
-2.31495e-05
-0.000116632
-2.33669e-05
-0.000117157
-2.19158e-05
-0.000113761
-1.83796e-05
-0.000106068
-1.22668e-05
-9.37104e-05
-2.97853e-06
-7.63672e-05
1.02323e-05
-5.38663e-05
2.8309e-05
-2.6394e-05
5.24276e-05
5.07882e-06
8.3934e-05
3.79402e-05
0.000123921
6.64946e-05
7.9958e-05
0.00017229
-7.92631e-07
-1.0406e-05
-2.79719e-06
-2.9453e-05
-5.70994e-06
-4.733e-05
-9.23174e-06
-6.37661e-05
-1.30698e-05
-7.84872e-05
-1.69373e-05
-9.1211e-05
-2.05512e-05
-0.000101643
-2.36269e-05
-0.000109474
-2.58711e-05
-0.000114388
-2.69712e-05
-0.000116057
-2.65821e-05
-0.00011415
-2.43074e-05
-0.000108343
-1.96762e-05
-9.83416e-05
-1.21126e-05
-8.39308e-05
-8.9877e-07
-6.50801e-05
1.48606e-05
-4.21534e-05
3.62494e-05
-1.631e-05
6.44332e-05
9.75637e-06
0.000100213
3.07149e-05
3.70137e-05
0.000143157
-8.05258e-07
-9.60078e-06
-2.85915e-06
-2.73991e-05
-5.86954e-06
-4.43196e-05
-9.54885e-06
-6.00868e-05
-1.3616e-05
-7.44201e-05
-1.77964e-05
-8.70306e-05
-2.18196e-05
-9.76194e-05
-2.54143e-05
-0.00010588
-2.83015e-05
-0.000111501
-3.0184e-05
-0.000114174
-3.07326e-05
-0.000113601
-2.95686e-05
-0.000109507
-2.62406e-05
-0.00010167
-2.01973e-05
-8.99741e-05
-1.07567e-05
-7.45206e-05
2.91621e-06
-5.58263e-05
2.17947e-05
-3.51885e-05
4.68559e-05
-1.53048e-05
7.86298e-05
-1.05905e-06
-8.20267e-07
0.000116464
-8.16195e-07
-8.78459e-06
-2.91389e-06
-2.53014e-05
-6.01175e-06
-4.12218e-05
-9.83276e-06
-5.62658e-05
-1.41064e-05
-7.01465e-05
-1.85686e-05
-8.25684e-05
-2.29597e-05
-9.32282e-05
-2.70199e-05
-0.000101819
-3.04822e-05
-0.000108039
-3.30622e-05
-0.000111594
-3.44446e-05
-0.000112219
-3.42668e-05
-0.000109685
-3.20973e-05
-0.000103839
-2.74118e-05
-9.46596e-05
-1.95708e-05
-8.23617e-05
-7.80995e-06
-6.75872e-05
8.72507e-06
-5.17235e-05
3.08237e-05
-3.74035e-05
5.87782e-05
-2.90135e-05
-3.38554e-05
9.18133e-05
-8.25774e-07
-7.95881e-06
-2.96269e-06
-2.31645e-05
-6.13948e-06
-3.8045e-05
-1.00888e-05
-5.23164e-05
-1.45496e-05
-6.56857e-05
-1.92672e-05
-7.78508e-05
-2.39914e-05
-8.85041e-05
-2.84721e-05
-9.73387e-05
-3.24527e-05
-0.000104058
-3.56598e-05
-0.000108387
-3.77913e-05
-0.000110087
-3.84998e-05
-0.000108976
-3.73747e-05
-0.000104964
-3.39219e-05
-9.81124e-05
-2.75496e-05
-8.87339e-05
-1.7571e-05
-7.75658e-05
-3.25361e-06
-6.60408e-05
1.60135e-05
-5.66706e-05
4.03269e-05
-5.33269e-05
-6.23815e-05
6.8853e-05
-8.34306e-07
-7.12451e-06
-3.00675e-06
-2.0992e-05
-6.25547e-06
-3.47963e-05
-1.03221e-05
-4.82498e-05
-1.4954e-05
-6.10538e-05
-1.99049e-05
-7.28999e-05
-2.49331e-05
-8.34759e-05
-2.97971e-05
-9.24747e-05
-3.42493e-05
-9.96059e-05
-3.80268e-05
-0.00010461
-4.08397e-05
-0.000107274
-4.23565e-05
-0.000107459
-4.21886e-05
-0.000105132
-3.98751e-05
-0.000100426
-3.48758e-05
-9.37332e-05
-2.65843e-05
-8.58573e-05
-1.4393e-05
-7.82322e-05
2.13325e-06
-7.31969e-05
2.30232e-05
-7.42168e-05
-8.66382e-05
4.72799e-05
-8.42079e-07
-6.28243e-06
-3.04717e-06
-1.87869e-05
-6.3622e-06
-3.14812e-05
-1.0537e-05
-4.4075e-05
-1.53269e-05
-5.62639e-05
-2.04932e-05
-6.77336e-05
-2.58016e-05
-7.81675e-05
-3.10186e-05
-8.72577e-05
-3.59051e-05
-9.47194e-05
-4.02081e-05
-0.000100307
-4.36498e-05
-0.000103832
-4.59155e-05
-0.000105194
-4.664e-05
-0.000104408
-4.5398e-05
-0.000101668
-4.1703e-05
-9.74282e-05
-3.5029e-05
-9.25313e-05
-2.48808e-05
-8.83804e-05
-1.09281e-05
-8.71495e-05
6.8207e-06
-9.19657e-05
-0.000106646
2.68286e-05
-8.49343e-07
-5.43309e-06
-3.08492e-06
-1.65514e-05
-6.46185e-06
-2.81043e-05
-1.07377e-05
-3.97992e-05
-1.56749e-05
-5.13266e-05
-2.10419e-05
-6.23666e-05
-2.66115e-05
-7.25979e-05
-3.21574e-05
-8.17118e-05
-3.74487e-05
-8.9428e-05
-4.22423e-05
-9.55131e-05
-4.62731e-05
-9.98016e-05
-4.92436e-05
-0.000102223
-5.08138e-05
-0.000102838
-5.05953e-05
-0.000101886
-4.81559e-05
-9.98676e-05
-4.30471e-05
-9.76401e-05
-3.48762e-05
-9.65513e-05
-2.34258e-05
-9.85998e-05
-8.85973e-06
-0.000106532
-0.000122572
7.06598e-06
-8.56308e-07
-4.57678e-06
-3.1208e-06
-1.42869e-05
-6.55625e-06
-2.46689e-05
-1.09274e-05
-3.54281e-05
-1.60035e-05
-4.62505e-05
-2.15597e-05
-5.68105e-05
-2.73752e-05
-6.67824e-05
-3.3231e-05
-7.5856e-05
-3.89043e-05
-8.37547e-05
-4.4162e-05
-9.02554e-05
-4.87521e-05
-9.52115e-05
-5.23955e-05
-9.85798e-05
-5.47782e-05
-0.000100455
-5.55494e-05
-0.000101115
-5.43302e-05
-0.000101087
-5.07441e-05
-0.000101226
-4.4486e-05
-0.000102809
-3.54425e-05
-0.000107643
-2.39413e-05
-0.000118033
-0.000135578
-1.0935e-05
-8.63135e-07
-3.71364e-06
-3.15544e-06
-1.19946e-05
-6.64687e-06
-2.11774e-05
-1.11089e-05
-3.09661e-05
-1.63173e-05
-4.10421e-05
-2.20532e-05
-5.10745e-05
-2.81027e-05
-6.07329e-05
-3.42535e-05
-6.97052e-05
-4.02912e-05
-7.7717e-05
-4.59929e-05
-8.45537e-05
-5.11204e-05
-9.0084e-05
-5.54135e-05
-9.42867e-05
-5.85851e-05
-9.72832e-05
-6.03218e-05
-9.93784e-05
-6.02954e-05
-0.000101113
-5.81947e-05
-0.000103327
-5.3787e-05
-0.000107217
-4.70242e-05
-0.000114406
-3.82113e-05
-0.000126846
-0.00014591
-2.78797e-05
-8.69937e-07
-2.84371e-06
-3.1893e-06
-9.67522e-06
-6.73475e-06
-1.7632e-05
-1.12841e-05
-2.64167e-05
-1.66194e-05
-3.57069e-05
-2.25278e-05
-4.51661e-05
-2.88015e-05
-5.44591e-05
-3.52356e-05
-6.32711e-05
-4.16239e-05
-7.13287e-05
-4.77541e-05
-7.84234e-05
-5.34025e-05
-8.44356e-05
-5.83283e-05
-8.93609e-05
-6.22712e-05
-9.33403e-05
-6.49546e-05
-9.66951e-05
-6.6098e-05
-9.99698e-05
-6.54482e-05
-0.000103977
-6.28326e-05
-0.000109833
-5.82474e-05
-0.000118991
-5.1976e-05
-0.000133117
-0.00015343
-4.4456e-05
-8.76771e-07
-1.96694e-06
-3.22263e-06
-7.32937e-06
-6.82054e-06
-1.40341e-05
-1.14544e-05
-2.17829e-05
-1.6912e-05
-3.02492e-05
-2.29866e-05
-3.90915e-05
-2.94768e-05
-4.7969e-05
-3.61845e-05
-5.65634e-05
-4.29121e-05
-6.46011e-05
-4.94586e-05
-7.1877e-05
-5.56147e-05
-7.82796e-05
-6.11593e-05
-8.38162e-05
-6.58592e-05
-8.86404e-05
-6.94725e-05
-9.30817e-05
-7.17637e-05
-9.76786e-05
-7.25308e-05
-0.00010321
-7.16525e-05
-0.000110711
-6.91589e-05
-0.000121485
-6.53187e-05
-0.000136958
-0.000158217
-6.05316e-05
-8.83643e-07
-1.08329e-06
-3.2555e-06
-4.95751e-06
-6.90445e-06
-1.03851e-05
-1.16202e-05
-1.70671e-05
-1.71962e-05
-2.46732e-05
-2.34316e-05
-3.2856e-05
-3.01312e-05
-4.12695e-05
-3.7104e-05
-4.95906e-05
-4.41614e-05
-5.75437e-05
-5.11133e-05
-6.4925e-05
-5.77653e-05
-7.16275e-05
-6.39164e-05
-7.76652e-05
-6.9359e-05
-8.31978e-05
-7.38852e-05
-8.85555e-05
-7.73003e-05
-9.42635e-05
-7.94484e-05
-0.000101062
-8.02514e-05
-0.000109908
-7.97667e-05
-0.000121969
-7.82494e-05
-0.000138475
-0.000160393
-7.60734e-05
-8.9051e-07
-1.92782e-07
-3.28779e-06
-2.56023e-06
-6.98633e-06
-6.68656e-06
-1.17813e-05
-1.22721e-05
-1.74719e-05
-1.89826e-05
-2.38628e-05
-2.64651e-05
-3.07651e-05
-3.43672e-05
-3.79951e-05
-4.23606e-05
-4.53729e-05
-5.01659e-05
-5.27198e-05
-5.75782e-05
-5.98561e-05
-6.44912e-05
-6.66002e-05
-7.09211e-05
-7.277e-05
-7.7028e-05
-7.81892e-05
-8.31363e-05
-8.27006e-05
-8.97521e-05
-8.61888e-05
-9.75734e-05
-8.8613e-05
-0.000107484
-9.00522e-05
-0.00012053
-9.07483e-05
-0.000137779
-0.000160092
-9.10488e-05
-8.97279e-07
7.04497e-07
-3.31923e-06
-1.38278e-07
-7.06566e-06
-2.94013e-06
-1.19371e-05
-7.40068e-06
-1.77381e-05
-1.31817e-05
-2.42791e-05
-1.99241e-05
-3.13772e-05
-2.72691e-05
-3.8856e-05
-3.48818e-05
-4.65443e-05
-4.24776e-05
-5.42748e-05
-4.98477e-05
-6.18823e-05
-5.68837e-05
-6.92042e-05
-6.35992e-05
-7.60825e-05
-7.01497e-05
-8.23703e-05
-7.68484e-05
-8.79448e-05
-8.41777e-05
-9.27262e-05
-9.27919e-05
-9.67057e-05
-0.000103504
-9.99792e-05
-0.000117257
-0.000102776
-0.000134982
-0.000157454
-0.000105415
-9.03816e-07
1.60831e-06
-3.34938e-06
2.30729e-06
-7.14158e-06
8.52069e-07
-1.20862e-05
-2.4561e-06
-1.79929e-05
-7.27493e-06
-2.46777e-05
-1.32393e-05
-3.1964e-05
-1.99828e-05
-3.96823e-05
-2.71635e-05
-4.76702e-05
-3.44897e-05
-5.57712e-05
-4.17467e-05
-6.38346e-05
-4.88203e-05
-7.17157e-05
-5.57181e-05
-7.92793e-05
-6.25861e-05
-8.64059e-05
-6.97218e-05
-9.30035e-05
-7.75801e-05
-9.90242e-05
-8.67712e-05
-0.000104486
-9.80426e-05
-0.000109499
-0.000112244
-0.00011428
-0.0001302
-0.000152615
-0.000119119
-9.09953e-07
2.51827e-06
-3.37767e-06
4.775e-06
-7.21296e-06
4.68736e-06
-1.22266e-05
2.55754e-06
-1.82336e-05
-1.26799e-06
-2.50552e-05
-6.41763e-06
-3.25208e-05
-1.25173e-05
-4.04678e-05
-1.92164e-05
-4.87423e-05
-2.62152e-05
-5.71986e-05
-3.32905e-05
-6.56992e-05
-4.03197e-05
-7.41169e-05
-4.73005e-05
-8.23375e-05
-5.43656e-05
-9.02667e-05
-6.17925e-05
-9.78402e-05
-7.00065e-05
-0.000105038
-7.95733e-05
-0.000111902
-9.11789e-05
-0.000118552
-0.000105594
-0.000125198
-0.000123555
-0.000145713
-0.000132099
-9.15488e-07
3.43375e-06
-3.40342e-06
7.26294e-06
-7.27843e-06
8.56237e-06
-1.23562e-05
7.63535e-06
-1.84568e-05
4.8326e-06
-2.54069e-05
5.32423e-07
-3.30414e-05
-4.88275e-06
-4.12046e-05
-1.10532e-05
-4.97507e-05
-1.76691e-05
-5.85438e-05
-2.44973e-05
-6.74595e-05
-3.1404e-05
-7.63864e-05
-3.83735e-05
-8.523e-05
-4.5522e-05
-9.39188e-05
-5.31038e-05
-0.000102413
-6.15119e-05
-0.000110719
-7.1268e-05
-0.000118896
-8.30015e-05
-0.000127077
-9.74133e-05
-0.00013546
-0.000115171
-0.000136889
-0.000144285
-9.20199e-07
4.35395e-06
-3.42588e-06
9.76862e-06
-7.33644e-06
1.24729e-05
-1.24725e-05
1.27714e-05
-1.86589e-05
1.1019e-05
-2.57276e-05
7.60107e-06
-3.35189e-05
2.90864e-06
-4.18837e-05
-2.68844e-06
-5.06834e-05
-8.86941e-06
-5.97919e-05
-1.53888e-05
-6.90965e-05
-2.20994e-05
-7.85005e-05
-2.89696e-05
-8.79271e-05
-3.60954e-05
-9.73254e-05
-4.37054e-05
-0.000106679
-5.21587e-05
-0.000116013
-6.19336e-05
-0.000125408
-7.36063e-05
-0.000135004
-8.78176e-05
-0.000144995
-0.00010518
-0.000126281
-0.000155602
-9.23849e-07
5.2778e-06
-3.44422e-06
1.2289e-05
-7.3853e-06
1.6414e-05
-1.25725e-05
1.79586e-05
-1.88357e-05
1.72822e-05
-2.60115e-05
1.47769e-05
-3.39457e-05
1.08429e-05
-4.24949e-05
5.86077e-06
-5.15278e-05
1.63452e-07
-6.09267e-05
-5.98992e-06
-7.05897e-05
-1.24364e-05
-8.04335e-05
-1.91258e-05
-9.03971e-05
-2.61317e-05
-0.000100448
-3.36543e-05
-0.00011059
-4.20174e-05
-0.000120867
-5.16562e-05
-0.000131376
-6.30972e-05
-0.000142265
-7.69282e-05
-0.000153728
-9.37179e-05
-0.000114036
-0.000165972
-9.26193e-07
6.20399e-06
-3.45759e-06
1.48204e-05
-7.42326e-06
2.03797e-05
-1.26535e-05
2.31888e-05
-1.89828e-05
2.36114e-05
-2.62526e-05
2.20467e-05
-3.43137e-05
1.8904e-05
-4.30279e-05
1.4575e-05
-5.22705e-05
9.40597e-06
-6.19313e-05
3.67095e-06
-7.19182e-05
-2.4495e-06
-8.21594e-05
-8.88464e-06
-9.26082e-05
-1.56828e-05
-0.000103248
-2.30141e-05
-0.0001141
-3.11655e-05
-0.000125227
-4.05295e-05
-0.000136739
-5.15856e-05
-0.000148793
-6.48739e-05
-0.000161583
-8.09275e-05
-0.000100306
-0.000175314
-9.26985e-07
7.13098e-06
-3.46514e-06
1.73585e-05
-7.44855e-06
2.43631e-05
-1.27124e-05
2.84527e-05
-1.90958e-05
2.99949e-05
-2.64448e-05
2.93957e-05
-3.46146e-05
2.70738e-05
-4.34721e-05
2.34326e-05
-5.2898e-05
1.88318e-05
-6.27889e-05
1.35619e-05
-7.30609e-05
7.82246e-06
-8.36523e-05
1.70683e-06
-9.45288e-05
-4.80636e-06
-0.000105688
-1.18548e-05
-0.000117166
-1.96878e-05
-0.00012904
-2.8655e-05
-0.000141435
-3.91905e-05
-0.000154519
-5.17906e-05
-0.000168487
-6.6959e-05
-8.52472e-05
-0.000183546
-9.25983e-07
8.05696e-06
-3.46602e-06
1.98986e-05
-7.45943e-06
2.83565e-05
-1.27463e-05
3.37395e-05
-1.91704e-05
3.6419e-05
-2.6582e-05
3.68073e-05
-3.48406e-05
3.53323e-05
-4.38171e-05
3.24091e-05
-5.33971e-05
2.84118e-05
-6.34829e-05
2.36477e-05
-7.39974e-05
1.83369e-05
-8.48874e-05
1.25969e-05
-9.61287e-05
6.43495e-06
-0.000107731
-2.52543e-07
-0.000119743
-7.67572e-06
-0.000132257
-1.61411e-05
-0.00014541
-2.6038e-05
-0.000159378
-3.78219e-05
-0.000174367
-5.19702e-05
-6.90279e-05
-0.000190586
-9.22948e-07
8.97991e-06
-3.45941e-06
2.2435e-05
-7.45421e-06
3.23513e-05
-1.27525e-05
3.90378e-05
-1.92025e-05
4.28689e-05
-2.66585e-05
4.42633e-05
-3.49837e-05
4.36576e-05
-4.40529e-05
4.14783e-05
-5.37553e-05
3.81141e-05
-6.39978e-05
3.38902e-05
-7.47085e-05
2.90477e-05
-8.58411e-05
2.37295e-05
-9.73796e-05
1.79734e-05
-0.000109343
1.17112e-05
-0.000121792
4.7733e-06
-0.000134831
-3.10275e-06
-0.000148607
-1.22618e-05
-0.00016331
-2.31189e-05
-0.000179153
-3.61272e-05
-5.18245e-05
-0.000196356
-9.17664e-07
9.89757e-06
-3.44458e-06
2.49619e-05
-7.43136e-06
3.63381e-05
-1.27283e-05
4.43347e-05
-1.9188e-05
4.93287e-05
-2.66688e-05
5.17441e-05
-3.5037e-05
5.20257e-05
-4.41703e-05
5.06116e-05
-5.39609e-05
4.79048e-05
-6.4319e-05
4.42483e-05
-7.51765e-05
3.99052e-05
-8.64921e-05
3.50451e-05
-9.82557e-05
2.9737e-05
-0.000110494
2.39499e-05
-0.000123277
1.75561e-05
-0.000136718
1.03385e-05
-0.000150978
1.99772e-06
-0.000166257
-7.84031e-06
-0.000182779
-1.96047e-05
-3.38238e-05
-0.00020078
-9.09948e-07
-3.42087e-06
-7.38949e-06
-1.26714e-05
-1.91237e-05
-2.6608e-05
-3.49937e-05
-4.41608e-05
-5.40034e-05
-6.44336e-05
-7.53857e-05
-8.68213e-05
-9.87343e-05
-0.000111157
-0.000124165
-0.000137882
-0.000152478
-0.000168166
-0.000185184
-0.000203784
-0.000263733
-0.000161675
0.000220105
-0.000298681
-0.000650868
0.000685817
-0.0003402
-0.00122091
0.00126243
-0.000368216
-0.00209303
0.00212105
-0.000385701
-0.00311439
0.00313187
-0.000386673
-0.00422146
0.00422243
-0.00036862
-0.0051578
0.00513975
-0.000326232
-0.00559055
0.00554816
-0.000246033
-0.00512859
0.00504839
-0.00011721
-0.00339228
0.00326346
5.37927e-05
-0.000400647
0.000229644
0.000237426
0.00323071
-0.00341434
0.000395095
0.00668344
-0.00684111
0.000491363
0.0093891
-0.00948537
0.000501455
0.0113399
-0.01135
0.000439056
0.0127414
-0.012679
0.000414913
0.0131411
-0.0131169
0.000537738
0.0109657
-0.0110886
0.000769974
0.00581898
-0.00605122
0.00102144
-0.000552319
0.000300856
0.00122703
-0.00624083
0.00603523
0.00135753
-0.0103506
0.0102201
0.0014273
-0.0125776
0.0125079
0.00141277
-0.0132767
0.0132912
0.00128548
-0.0140245
0.0141518
0.00113939
-0.0148859
0.015032
0.00111731
-0.0129717
0.0129937
0.0012309
-0.00673813
0.00662454
0.0013854
0.0014111
-0.00156559
0.00152425
0.00826651
-0.00840536
0.00161928
0.0121496
-0.0122446
0.00161891
0.0138529
-0.0138525
0.00151268
0.0154777
-0.0153715
0.00137648
0.01655
-0.0164137
0.00131494
0.0140876
-0.014026
0.0013691
0.00685592
-0.00691008
0.00149718
-0.00191688
0.0017888
0.00160894
-0.00851917
0.0084074
0.00162266
-0.0124348
0.0124211
0.00154483
-0.0154948
0.0155727
0.00145568
-0.0170851
0.0171742
0.00143585
-0.0145165
0.0145363
0.0015033
-0.00783673
0.00776928
0.00158769
0.000653961
-0.000738358
0.00160696
0.00773071
-0.00774998
0.00156445
0.01437
-0.0143275
0.00152882
0.0179283
-0.0178927
0.0015438
0.0164509
-0.0164659
0.00158232
0.0104103
-0.0104488
0.00159635
0.000277583
-0.000291615
0.00156935
-0.00820354
0.00823055
0.00154607
-0.0176018
0.0176251
0.00155475
-0.0185429
0.0185342
0.00158207
-0.0135125
0.0134852
0.0015852
-0.00562421
0.00562108
0.00154297
0.00926362
-0.00922139
0.00150482
0.0135142
-0.013476
0.00151277
0.0201951
-0.020203
0.00151536
0.0140048
-0.0140074
-0.0015668
0.00158993
-0.000265551
-0.000101397
-0.000303195
-0.000613225
-0.000348099
-0.00117601
-0.000380496
-0.00206063
-0.000402779
-0.0030921
-0.000408989
-0.00421525
-0.000396377
-0.00517042
-0.000359369
-0.00562755
-0.00028354
-0.00520442
-0.000155951
-0.00351987
1.79151e-05
-0.000574514
0.000206955
0.00304167
0.000370648
0.00651975
0.000472441
0.00928731
0.000488092
0.0113242
0.000435654
0.0127938
0.0004282
0.0131485
0.000562454
0.0108315
0.000793837
0.0055876
0.00103958
-0.000798063
0.00123815
-0.0064394
0.00136044
-0.0104729
0.00142373
-0.0126409
0.00140792
-0.0132608
0.00128046
-0.013897
0.0011306
-0.0147361
0.00110413
-0.0129452
0.0012181
-0.0068521
0.00137806
0.00125114
0.00152401
0.00812056
0.00162368
0.0120499
0.0016251
0.0138514
0.00151986
0.0155829
0.00138436
0.0166855
0.0013222
0.0141497
0.00137287
0.00680524
0.00149645
-0.00204046
0.00160578
-0.00862849
0.00161856
-0.0124476
0.00154014
-0.0154164
0.00145191
-0.0169968
0.00143449
-0.0144991
0.00150387
-0.00790611
0.00158895
0.000568884
0.00160851
0.00771115
0.00156672
0.0144118
0.00153083
0.0179642
0.00154421
0.0164375
0.0015817
0.0103728
0.00159567
0.000263603
0.00156877
-0.00817664
0.00154495
-0.017578
0.00155397
-0.0185519
0.0015822
-0.0135407
0.00158473
-0.00562674
0.00154201
0.00930634
0.00150399
0.0135522
0.0015124
0.0201867
0.00151625
0.014001
-0.00154442
-0.00026546
-3.95781e-05
-0.000305535
-0.000573149
-0.000353503
-0.00112804
-0.000390051
-0.00202409
-0.000416909
-0.00306525
-0.000428196
-0.00420396
-0.000420927
-0.00517768
-0.00038936
-0.00565912
-0.000318315
-0.00527547
-0.000192758
-0.00364543
-1.68971e-05
-0.000750375
0.000177181
0.00284759
0.000346687
0.00635024
0.000454123
0.00917987
0.000475932
0.0113024
0.000434469
0.0128353
0.000443679
0.0131393
0.000588098
0.0106871
0.000817759
0.00535794
0.00105737
-0.00103768
0.00124883
-0.00663085
0.00136305
-0.0105871
0.00141987
-0.0126977
0.00140285
-0.0132438
0.0012756
-0.0137698
0.00112219
-0.0145826
0.00109109
-0.0129141
0.00120507
-0.00696608
0.0013704
0.00108581
0.00152342
0.00796755
0.00162774
0.0119456
0.00163112
0.0138481
0.00152704
0.015687
0.00139236
0.0168201
0.00132957
0.0142125
0.0013766
0.00675821
0.0014955
-0.00215936
0.00160234
-0.00873533
0.0016143
-0.0124596
0.00153536
-0.0153375
0.00144801
-0.0169095
0.00143293
-0.014484
0.00150419
-0.00797738
0.00158997
0.000483109
0.00160991
0.00769121
0.00156887
0.0144529
0.00153265
0.0180005
0.00154435
0.0164258
0.00158083
0.0103363
0.00159483
0.000249607
0.0015681
-0.00814992
0.00154373
-0.0175536
0.00155301
-0.0185612
0.00158212
-0.0135698
0.00158411
-0.00562873
0.001541
0.00934945
0.00150312
0.0135901
0.00151195
0.0201778
0.00151704
0.0139959
-0.00152284
-0.000263382
2.3443e-05
-0.000305607
-0.000530924
-0.000356295
-0.00107735
-0.000396739
-0.00198364
-0.000427934
-0.00303405
-0.00044413
-0.00418777
-0.000442103
-0.00517971
-0.000416015
-0.00568521
-0.000350128
-0.00534135
-0.000227409
-0.00376815
-5.03111e-05
-0.000927473
0.000148173
0.00264911
0.000323295
0.00617512
0.000436518
0.00906665
0.000465105
0.0112738
0.000435568
0.0128648
0.000461258
0.0131136
0.000614559
0.0105338
0.000841721
0.00513078
0.0010748
-0.00127075
0.00125905
-0.0068151
0.00136536
-0.0106935
0.00141571
-0.0127481
0.00139757
-0.0132257
0.00127088
-0.0136431
0.00111418
-0.0144259
0.00107822
-0.0128781
0.00119185
-0.00707971
0.00136244
0.000915225
0.00152247
0.00780752
0.00163146
0.0118366
0.00163696
0.0138426
0.00153422
0.0157898
0.00140048
0.0169539
0.00133705
0.0142759
0.00138028
0.00671498
0.00149432
-0.00227339
0.00159863
-0.00883965
0.00160989
-0.0124708
0.00153049
-0.0152581
0.00144396
-0.016823
0.00143113
-0.0144712
0.00150424
-0.00805049
0.00159074
0.000396607
0.00161116
0.00767079
0.00157091
0.0144931
0.00153428
0.0180371
0.00154423
0.0164159
0.00157973
0.0103008
0.00159381
0.000235527
0.00156733
-0.00812344
0.00154241
-0.0175287
0.00155188
-0.0185706
0.00158183
-0.0135998
0.00158335
-0.00563024
0.00153995
0.00939284
0.00150223
0.0136278
0.00151141
0.0201687
0.00151772
0.0139896
-0.0015021
-0.000259247
8.72923e-05
-0.000303324
-0.000486847
-0.000356365
-0.00102431
-0.000400426
-0.00193958
-0.000435706
-0.00299877
-0.000456635
-0.00416684
-0.000459751
-0.0051766
-0.000439165
-0.0057058
-0.000378766
-0.00540175
-0.000259676
-0.00388724
-8.22692e-05
-0.00110488
0.000120026
0.00244681
0.000300559
0.00599459
0.000419741
0.00894747
0.000455739
0.0112378
0.000438992
0.0128816
0.000480828
0.0130718
0.000641733
0.0103728
0.000865708
0.0049068
0.00109186
-0.00149691
0.0012688
-0.00699203
0.00136735
-0.010792
0.00141126
-0.012792
0.00139206
-0.0132065
0.00126629
-0.0135173
0.00110657
-0.0142662
0.00106559
-0.0128371
0.0011785
-0.00719262
0.00135418
0.000739543
0.00152115
0.00764055
0.00163483
0.0117229
0.00164263
0.0138348
0.0015414
0.015891
0.00140873
0.0170866
0.00134465
0.01434
0.00138392
0.00667571
0.00149292
-0.00238239
0.00159465
-0.00894139
0.00160532
-0.0124815
0.00152553
-0.0151783
0.00143975
-0.0167372
0.0014291
-0.0144605
0.00150401
-0.0081254
0.00159128
0.000309345
0.00161225
0.00764982
0.00157282
0.0145325
0.00153571
0.0180742
0.00154385
0.0164077
0.00157839
0.0102662
0.00159262
0.0002213
0.00156646
-0.00809728
0.00154099
-0.0175033
0.00155057
-0.0185802
0.00158134
-0.0136306
0.00158244
-0.00563133
0.00153885
0.00943643
0.0015013
0.0136653
0.00151078
0.0201592
0.00151831
0.0139821
-0.00148226
-0.000253003
0.00015158
-0.000298612
-0.000441238
-0.000353615
-0.000969307
-0.000400989
-0.00189221
-0.000440085
-0.00295968
-0.000465566
-0.00414136
-0.000473728
-0.00516843
-0.000458657
-0.00572087
-0.000404028
-0.00545638
-0.000289328
-0.00400194
-0.000112569
-0.00128164
9.28448e-05
0.0022414
0.000278584
0.00580885
0.000403912
0.00882214
0.000447953
0.0111938
0.000444754
0.0128848
0.00050227
0.0130143
0.000669527
0.0102056
0.000889701
0.00468663
0.00110855
-0.00171576
0.00127806
-0.00716154
0.00136903
-0.010883
0.00140653
-0.0128295
0.00138631
-0.0131863
0.00126181
-0.0133928
0.00109937
-0.0141038
0.00105323
-0.012791
0.00116506
-0.00730445
0.00134565
0.000558956
0.00151947
0.00746672
0.00163785
0.0116045
0.00164811
0.0138245
0.00154857
0.0159905
0.00141708
0.017218
0.00135234
0.0144048
0.00138751
0.00664054
0.0014913
-0.00248618
0.00159041
-0.00904049
0.00160059
-0.0124917
0.00152048
-0.0150982
0.00143538
-0.0166521
0.00142681
-0.014452
0.0015035
-0.00820209
0.00159156
0.000221279
0.0016132
0.00762818
0.00157462
0.0145711
0.00153697
0.0181119
0.00154323
0.0164015
0.00157682
0.0102326
0.00159125
0.000206869
0.00156548
-0.0080715
0.00153947
-0.0174773
0.00154909
-0.0185898
0.00158065
-0.0136621
0.00158139
-0.00563207
0.00153771
0.0094801
0.00150035
0.0137027
0.00151005
0.0201495
0.0015188
0.0139733
-0.00146334
-0.000244601
0.000215883
-0.000291409
-0.00039443
-0.000347961
-0.000912756
-0.000398315
-0.00184185
-0.000440941
-0.00291705
-0.000470784
-0.00411151
-0.000483903
-0.00515531
-0.000474357
-0.00573041
-0.000425735
-0.005505
-0.000316135
-0.00411154
-0.000141007
-0.00145677
6.6739e-05
0.00203365
0.000257488
0.0056181
0.000389153
0.00869048
0.000441857
0.0111411
0.000452842
0.0128738
0.000525451
0.0129417
0.000697854
0.0100332
0.000913682
0.0044708
0.00112487
-0.00192694
0.00128682
-0.00732349
0.00137038
-0.0109665
0.00140152
-0.0128606
0.0013803
-0.0131651
0.00125742
-0.0132699
0.00109258
-0.0139389
0.00104118
-0.0127396
0.00115158
-0.00741485
0.00133685
0.000373687
0.00151741
0.00728617
0.00164052
0.0114814
0.0016534
0.0138116
0.00155572
0.0160882
0.00142555
0.0173482
0.00136011
0.0144702
0.00139104
0.00660961
0.00148947
-0.00258461
0.00158589
-0.00913691
0.00159569
-0.0125015
0.00151533
-0.0150178
0.00143084
-0.0165676
0.00142426
-0.0144454
0.00150268
-0.00828051
0.0015916
0.000132361
0.001614
0.00760579
0.00157631
0.0146088
0.00153803
0.0181501
0.00154237
0.0163971
0.00157504
0.0102
0.00158972
0.00019218
0.0015644
-0.00804617
0.00153785
-0.0174507
0.00154744
-0.0185994
0.00157975
-0.0136944
0.00158019
-0.00563252
0.00153652
0.00952378
0.00149937
0.0137399
0.00150922
0.0201396
0.00151918
0.0139634
-0.00144542
-0.000234003
0.000279746
-0.000281665
-0.000346767
-0.000339331
-0.00085509
-0.000392307
-0.00178888
-0.000438157
-0.0028712
-0.000472162
-0.00407751
-0.000490155
-0.00513732
-0.000486146
-0.00573442
-0.000443726
-0.00554742
-0.000339875
-0.00421539
-0.000167363
-0.00162928
4.18054e-05
0.00182449
0.000237399
0.00542251
0.000375588
0.00855229
0.00043755
0.0110791
0.000463216
0.0128481
0.000550227
0.0128547
0.000726632
0.00985678
0.000937627
0.0042598
0.0011408
-0.00213012
0.00129506
-0.00747776
0.00137139
-0.0110429
0.00139623
-0.0128855
0.00137403
-0.0131429
0.00125309
-0.013149
0.00108621
-0.0137721
0.00102949
-0.0126829
0.00113812
-0.00752348
0.00132781
0.000183995
0.00151497
0.00709901
0.00164282
0.0113536
0.00165849
0.013796
0.00156286
0.0161838
0.00143411
0.017477
0.00136795
0.0145364
0.00139452
0.00658304
0.00148744
-0.00267754
0.00158111
-0.00923058
0.00159063
-0.012511
0.00151008
-0.0149373
0.00142612
-0.0164836
0.00142143
-0.0144407
0.00150156
-0.00836064
0.00159139
4.25335e-05
0.00161465
0.00758253
0.00157787
0.0146456
0.00153892
0.0181891
0.00154127
0.0163948
0.00157303
0.0101682
0.00158803
0.000177183
0.00156321
-0.00802135
0.00153613
-0.0174236
0.00154563
-0.0186089
0.00157864
-0.0137274
0.00157886
-0.00563274
0.00153529
0.00956735
0.00149835
0.0137768
0.00150829
0.0201297
0.00151946
0.0139522
-0.00142852
-0.000221185
0.000342687
-0.000269346
-0.000298606
-0.000327672
-0.000796764
-0.000382881
-0.00173367
-0.000431627
-0.00282245
-0.000469582
-0.00403955
-0.00049237
-0.00511453
-0.000493922
-0.00573287
-0.000457865
-0.00558348
-0.000360337
-0.00431292
-0.000191411
-0.0017982
1.80412e-05
0.00161503
0.000218456
0.00522209
0.000363341
0.0084074
0.000435117
0.0110073
0.000475817
0.0128074
0.000576445
0.012754
0.000755779
0.00967745
0.000961509
0.00405407
0.00115635
-0.00232495
0.00130278
-0.0076242
0.00137204
-0.0111121
0.00139067
-0.0129041
0.00136747
-0.0131196
0.00124879
-0.0130303
0.00108023
-0.0136035
0.00101818
-0.0126208
0.0011247
-0.00763
0.00131853
-9.83378e-06
0.00151214
0.00690541
0.00164475
0.0112209
0.00166336
0.0137774
0.00156996
0.0162772
0.00144275
0.0176042
0.00137585
0.0146033
0.00139793
0.00656096
0.00148521
-0.00276482
0.00157605
-0.00932143
0.00158539
-0.0125203
0.00150474
-0.0148566
0.00142123
-0.0164001
0.00141832
-0.0144378
0.00150013
-0.00844245
0.00159093
-4.82641e-05
0.00161515
0.0075583
0.00157931
0.0146814
0.00153962
0.0182288
0.00153995
0.0163944
0.00157082
0.0101373
0.00158617
0.000161835
0.00156191
-0.00799709
0.00153431
-0.017396
0.00154365
-0.0186183
0.00157735
-0.0137611
0.00157739
-0.00563279
0.00153402
0.00961072
0.0014973
0.0138135
0.00150727
0.0201197
0.00151964
0.0139398
-0.0014127
-0.000206134
0.000404195
-0.000254429
-0.000250311
-0.000312946
-0.000738247
-0.000369973
-0.00167664
-0.000421265
-0.00277116
-0.000462937
-0.00399788
-0.000490445
-0.00508703
-0.000497596
-0.00572572
-0.000468041
-0.00561303
-0.000377328
-0.00440363
-0.00021292
-0.00196261
-4.53318e-06
0.00140665
0.000200809
0.00501675
0.000352532
0.00825568
0.000434629
0.0109252
0.000490564
0.0127515
0.000603945
0.0126407
0.000785218
0.00949618
0.000985294
0.003854
0.0011715
-0.00251115
0.00130996
-0.00776266
0.00137234
-0.0111745
0.00138485
-0.0129166
0.00136061
-0.0130954
0.00124451
-0.0129142
0.00107464
-0.0134336
0.00100727
-0.0125535
0.00111138
-0.00773411
0.00130904
-0.000207487
0.00150892
0.00670552
0.0016463
0.0110835
0.00166803
0.0137556
0.00157702
0.0163682
0.00145147
0.0177297
0.00138377
0.014671
0.00140126
0.00654347
0.00148277
-0.00284633
0.00157073
-0.00940938
0.00157997
-0.0125296
0.00149929
-0.014776
0.00141615
-0.016317
0.00141491
-0.0144366
0.00149837
-0.00852592
0.00159021
-0.0001401
0.00161551
0.007533
0.00158064
0.0147163
0.00154015
0.0182693
0.00153841
0.0163962
0.00156841
0.0101073
0.00158415
0.000146096
0.0015605
-0.00797344
0.0015324
-0.0173679
0.00154152
-0.0186274
0.00157586
-0.0137955
0.00157579
-0.00563272
0.00153272
0.00965379
0.00149622
0.01385
0.00150615
0.0201098
0.00151972
0.0139263
-0.00139802
-0.00018885
0.000463731
-0.000236911
-0.00020225
-0.000295135
-0.000680024
-0.000353538
-0.00161824
-0.000407003
-0.0027177
-0.00045214
-0.00395274
-0.000484286
-0.00505488
-0.000497088
-0.00571292
-0.000474165
-0.00563596
-0.000390679
-0.00448712
-0.000231666
-0.00212162
-2.34514e-05
0.00119843
0.00018461
0.00480869
0.000343276
0.00809701
0.000436143
0.0108324
0.000507357
0.0126803
0.000632564
0.0125154
0.000814866
0.00931387
0.00100894
0.00365992
0.00118624
-0.00268845
0.00131658
-0.007893
0.00137225
-0.0112302
0.00137876
-0.0129231
0.00135345
-0.0130701
0.0012402
-0.012801
0.00106943
-0.0132629
0.00099679
-0.0124808
0.00109819
-0.00783551
0.00129933
-0.000408628
0.0015053
0.00649956
0.00164747
0.0109414
0.00167246
0.0137306
0.00158403
0.0164567
0.00146023
0.0178535
0.00139171
0.0147395
0.00140451
0.00653067
0.00148015
-0.00292196
0.00156514
-0.00949438
0.00157436
-0.0125388
0.00149373
-0.0146953
0.00141089
-0.0162341
0.00141119
-0.0144369
0.00149629
-0.00861101
0.00158923
-0.000233048
0.00161572
0.00750651
0.00158185
0.0147502
0.00154051
0.0183106
0.00153667
0.0164
0.00156581
0.0100782
0.00158198
0.000129932
0.00155899
-0.00795045
0.00153038
-0.0173393
0.00153923
-0.0186362
0.00157417
-0.0138304
0.00157406
-0.00563261
0.00153137
0.00969648
0.00149511
0.0138863
0.00150492
0.0201
0.00151971
0.0139115
-0.00138451
-0.000169344
0.000520725
-0.000216803
-0.000154791
-0.000274242
-0.000622586
-0.000333559
-0.00155892
-0.000388797
-0.00266246
-0.00043712
-0.00390442
-0.000473813
-0.00501819
-0.000492331
-0.0056944
-0.000476168
-0.00565212
-0.000400251
-0.00456303
-0.000247438
-0.00227444
-4.07967e-05
0.000991789
0.000170019
0.00459787
0.000335683
0.00793135
0.000439691
0.0107284
0.000526084
0.0125939
0.000662137
0.0123794
0.000844644
0.00913137
0.00103241
0.00347215
0.00120057
-0.00285661
0.00132265
-0.00801508
0.00137178
-0.0112793
0.0013724
-0.0129237
0.00134597
-0.0130437
0.00123585
-0.0126909
0.00106457
-0.0130916
0.000986741
-0.012403
0.00108516
-0.00793392
0.00128943
-0.000612905
0.00150128
0.00628771
0.00164824
0.0107944
0.00167664
0.0137022
0.00159098
0.0165423
0.00146904
0.0179755
0.00139964
0.0148089
0.00140767
0.00652264
0.00147732
-0.00299162
0.00155928
-0.00957633
0.00156856
-0.0125481
0.00148807
-0.0146148
0.00140543
-0.0161515
0.00140716
-0.0144386
0.00149387
-0.00869772
0.001588
-0.000327183
0.00161578
0.00747873
0.00158293
0.014783
0.0015407
0.0183528
0.00153472
0.016406
0.00156303
0.0100499
0.00157965
0.000113312
0.00155736
-0.00792816
0.00152827
-0.0173103
0.0015368
-0.0186448
0.00157231
-0.0138659
0.0015722
-0.00563251
0.00153
0.00973869
0.00149396
0.0139223
0.0015036
0.0200903
0.0015196
0.0138955
-0.00137223
-0.000147636
0.000574574
-0.000194134
-0.000108292
-0.000250291
-0.000566428
-0.000310039
-0.00149917
-0.00036663
-0.00260587
-0.000417831
-0.00385322
-0.000458959
-0.00497706
-0.000483265
-0.00567009
-0.000474004
-0.00566138
-0.000405935
-0.0046311
-0.000260037
-0.00242034
-5.59691e-05
0.000787721
0.000157203
0.0043847
0.000329851
0.0077587
0.000445291
0.0106129
0.000546617
0.0124925
0.000692503
0.0122335
0.000874468
0.0089494
0.00105565
0.00329098
0.00121445
-0.00301541
0.00132814
-0.00812877
0.00137089
-0.011322
0.00136577
-0.0129186
0.00133815
-0.013016
0.00123141
-0.0125841
0.00106005
-0.0129202
0.000977131
-0.0123201
0.0010723
-0.00802909
0.00127935
-0.000819952
0.00149685
0.00607021
0.0016486
0.0106427
0.00168058
0.0136703
0.00159786
0.016625
0.00147786
0.0180955
0.00140753
0.0148792
0.00141072
0.00651945
0.00147431
-0.00305521
0.00155316
-0.00965518
0.00156257
-0.0125575
0.00148229
-0.0145346
0.00139979
-0.016069
0.00140282
-0.0144416
0.00149111
-0.00878601
0.00158651
-0.000422586
0.00161569
0.00744955
0.0015839
0.0148148
0.00154073
0.018396
0.00153259
0.0164141
0.00156007
0.0100224
0.00157717
9.62108e-05
0.00155562
-0.00790661
0.00152607
-0.0172807
0.00153421
-0.0186529
0.00157026
-0.013902
0.00157022
-0.00563247
0.00152858
0.00978033
0.00149278
0.0139581
0.00150218
0.0200809
0.0015194
0.0138782
-0.00136123
-0.000123757
0.000624637
-0.000168948
-6.31008e-05
-0.000223331
-0.000512045
-0.000283015
-0.00143949
-0.000340517
-0.00254836
-0.000394259
-0.00379948
-0.000439679
-0.00493164
-0.000469843
-0.00563993
-0.000467641
-0.00566358
-0.000407653
-0.00469109
-0.000269284
-0.0025587
-6.86985e-05
0.000587136
0.000146321
0.00416968
0.000325865
0.00757916
0.000452933
0.0104859
0.000568817
0.0123767
0.000723502
0.0120788
0.000904252
0.00876865
0.0010786
0.00311663
0.00122789
-0.0031647
0.00133305
-0.00823394
0.00136959
-0.0113586
0.00135888
-0.0129079
0.00133
-0.0129872
0.00122685
-0.012481
0.00105583
-0.0127492
0.000967961
-0.0122322
0.00105965
-0.00812078
0.00126908
-0.00102939
0.00149201
0.00584728
0.00164854
0.0104861
0.00168424
0.0136346
0.00160464
0.0167046
0.00148667
0.0182134
0.00141537
0.0149505
0.00141365
0.00652116
0.00147111
-0.00311267
0.00154676
-0.00973083
0.00155636
-0.0125671
0.0014764
-0.0144546
0.00139396
-0.0159865
0.00139815
-0.0144458
0.001488
-0.00887586
0.00158476
-0.000519343
0.00161545
0.00741886
0.00158474
0.0148455
0.00154059
0.0184401
0.00153028
0.0164245
0.00155694
0.00999577
0.00157454
7.86087e-05
0.00155376
-0.00788583
0.00152376
-0.0172507
0.00153149
-0.0186606
0.00156804
-0.0139385
0.00156812
-0.00563256
0.00152714
0.00982131
0.00149156
0.0139937
0.00150066
0.0200718
0.00151911
0.0138598
-0.00135156
-9.7742e-05
0.000670222
-0.000141314
-1.95287e-05
-0.00019343
-0.000459929
-0.000252549
-0.00138037
-0.000310509
-0.0024904
-0.000366425
-0.00374356
-0.000415958
-0.00488211
-0.00045203
-0.00560386
-0.000457059
-0.00565855
-0.000405359
-0.00474279
-0.000275032
-0.00268903
-7.87745e-05
0.000390878
0.000137522
0.00395339
0.000323799
0.00739288
0.000462588
0.0103471
0.000592535
0.0122467
0.000754983
0.0119164
0.000933911
0.00858972
0.0011012
0.00294934
0.00124084
-0.00330434
0.00133738
-0.00833047
0.00136784
-0.011389
0.00135173
-0.0128918
0.00132149
-0.0129569
0.00122213
-0.0123816
0.00105189
-0.012579
0.000959223
-0.0121395
0.0010472
-0.00820875
0.00125865
-0.00124084
0.00148675
0.00561918
0.00164806
0.0103248
0.00168762
0.013595
0.00161132
0.0167809
0.00149547
0.0183293
0.00142312
0.0150228
0.00141646
0.00652783
0.00146772
-0.00316394
0.00154011
-0.00980322
0.00154995
-0.0125769
0.00147039
-0.014375
0.00138793
-0.0159041
0.00139315
-0.014451
0.00148454
-0.00896725
0.00158274
-0.000617539
0.00161506
0.00738653
0.00158546
0.0148751
0.0015403
0.0184853
0.0015278
0.016437
0.00155365
0.00996991
0.00157177
6.04895e-05
0.00155179
-0.00786585
0.00152137
-0.0172203
0.00152864
-0.0186679
0.00156565
-0.0139755
0.00156591
-0.00563281
0.00152567
0.00986155
0.00149031
0.0140291
0.00149904
0.0200631
0.00151874
0.0138401
-0.00134326
-6.96178e-05
0.000710536
-0.0001113
2.21531e-05
-0.000160674
-0.000410555
-0.000218736
-0.00132231
-0.000276691
-0.00243245
-0.000334388
-0.00368587
-0.000387812
-0.00482868
-0.000429811
-0.00556186
-0.000442254
-0.00564611
-0.000399035
-0.00478601
-0.000277168
-0.0028109
-8.6016e-05
0.000199726
0.000130946
0.00373642
0.000323712
0.00720011
0.000474203
0.0101966
0.000617612
0.0121033
0.000786797
0.0117472
0.000963356
0.00841316
0.00112341
0.00278929
0.0012533
-0.00343424
0.0013411
-0.00841827
0.00136564
-0.0114136
0.0013443
-0.0128705
0.00131262
-0.0129252
0.00121722
-0.0122862
0.00104819
-0.0124099
0.000950908
-0.0120423
0.00103496
-0.00829281
0.00124805
-0.00145393
0.00148107
0.00538616
0.00164714
0.0101588
0.00169071
0.0135514
0.00161789
0.0168538
0.00150421
0.018443
0.00143077
0.0150963
0.00141912
0.00653949
0.00146415
-0.00320897
0.00153318
-0.00987225
0.00154332
-0.0125871
0.00146426
-0.014296
0.00138171
-0.0158215
0.00138782
-0.0144571
0.00148073
-0.00906017
0.00158046
-0.000717265
0.00161451
0.00735248
0.00158606
0.0149036
0.00153987
0.0185315
0.00152516
0.0164517
0.00155021
0.00994486
0.00156886
4.18419e-05
0.0015497
-0.0078467
0.00151887
-0.0171895
0.00152565
-0.0186747
0.00156309
-0.014013
0.00156358
-0.0056333
0.00152416
0.00990096
0.00148903
0.0140642
0.00149733
0.0200548
0.00151828
0.0138191
-0.0013364
-3.93503e-05
0.000744309
-7.89614e-05
6.17642e-05
-0.000125172
-0.000364344
-0.000181701
-0.00126578
-0.00023919
-0.00237496
-0.000298256
-0.0036268
-0.000355298
-0.00477164
-0.000403192
-0.00551396
-0.000423229
-0.00562607
-0.000388687
-0.00482055
-0.000275608
-0.00292398
-9.02645e-05
1.43828e-05
0.000126714
0.00351945
0.000325646
0.00700118
0.000487701
0.0100345
0.00064388
0.0119471
0.000818805
0.0115723
0.000992502
0.00823947
0.00114515
0.00263665
0.00126523
-0.00355433
0.00134422
-0.00849725
0.00136297
-0.0114323
0.0013366
-0.0128441
0.00130338
-0.012892
0.00121209
-0.0121949
0.00104471
-0.0122426
0.000942999
-0.0119405
0.00102294
-0.00837275
0.00123728
-0.00166827
0.00147495
0.00514849
0.00164576
0.00998795
0.00169348
0.0135037
0.00162431
0.0169229
0.00151289
0.0185544
0.00143829
0.0151709
0.00142162
0.00655615
0.00146038
-0.00324773
0.001526
-0.00993787
0.00153647
-0.0125975
0.001458
-0.0142175
0.0013753
-0.0157388
0.00138216
-0.014464
0.00147656
-0.00915457
0.00157791
-0.00081861
0.00161381
0.00731658
0.00158653
0.0149309
0.00153929
0.0185787
0.00152237
0.0164686
0.00154663
0.0099206
0.00156581
2.26583e-05
0.0015475
-0.00782839
0.00151629
-0.0171582
0.00152254
-0.0186809
0.00156038
-0.0140508
0.00156114
-0.00563406
0.00152263
0.00993947
0.00148772
0.0140991
0.00149553
0.020047
0.00151775
0.0137969
-0.001331
-6.19926e-06
0.000771128
-4.44639e-05
0.000100029
-8.70403e-05
-0.000321767
-0.000141594
-0.00121123
-0.000198168
-0.00231839
-0.00025818
-0.00356679
-0.000318524
-0.0047113
-0.000372215
-0.00546027
-0.000400003
-0.00559829
-0.000374339
-0.00484621
-0.000270303
-0.00302801
-9.144e-05
-0.00016448
0.000124923
0.00330308
0.000329621
0.00679648
0.000502984
0.00986117
0.000671166
0.0117789
0.000850872
0.0113926
0.00102126
0.00806907
0.00116636
0.00249155
0.00127661
-0.00366458
0.00134672
-0.00856736
0.00135982
-0.0114454
0.00132862
-0.0128129
0.00129378
-0.0128572
0.00120669
-0.0121078
0.0010414
-0.0120773
0.000935477
-0.0118346
0.00101112
-0.00844839
0.00122634
-0.00188349
0.0014684
0.00490643
0.00164392
0.00981243
0.00169593
0.0134517
0.00163059
0.0169883
0.00152147
0.0186635
0.00144565
0.0152467
0.00142396
0.00657784
0.00145644
-0.00328021
0.00151855
-0.00999999
0.00152939
-0.0126084
0.00145161
-0.0141397
0.0013687
-0.0156559
0.00137616
-0.0144715
0.00147204
-0.00925045
0.00157509
-0.000921667
0.00161295
0.00727872
0.00158687
0.014957
0.00153857
0.018627
0.00151944
0.0164877
0.00154291
0.00989714
0.00156263
2.93647e-06
0.00154519
-0.00781094
0.00151361
-0.0171267
0.00151932
-0.0186866
0.00155752
-0.014089
0.0015586
-0.00563515
0.00152107
0.009977
0.00148637
0.0141338
0.00149364
0.0200397
0.00151714
0.0137734
-0.00132713
2.63846e-05
0.000792869
-8.08123e-06
0.000134495
-4.63619e-05
-0.000283487
-9.85867e-05
-0.001159
-0.000153824
-0.00226315
-0.000214363
-0.00350625
-0.000277648
-0.00464801
-0.000336963
-0.00540096
-0.00037261
-0.00556264
-0.000356046
-0.00486278
-0.000261306
-0.00312275
-8.95026e-05
-0.000336283
0.000125644
0.00308794
0.00033564
0.00658649
0.000519936
0.00967687
0.00069929
0.0115996
0.000882868
0.011209
0.00104955
0.00790239
0.00118699
0.00235411
0.00128742
-0.00376501
0.00134859
-0.00862853
0.00135616
-0.011453
0.00132036
-0.0127771
0.00128379
-0.0128206
0.00120098
-0.012025
0.00103823
-0.0119145
0.000928321
-0.0117247
0.000999488
-0.00851955
0.00121523
-0.00209923
0.0014614
0.00466026
0.0016416
0.00963223
0.00169803
0.0133953
0.00163669
0.0170496
0.00152993
0.0187703
0.00145283
0.0153238
0.00142611
0.00660456
0.0014523
-0.0033064
0.00151085
-0.0100585
0.00152207
-0.0126196
0.00144508
-0.0140627
0.00136191
-0.0155728
0.00136983
-0.0144794
0.00146714
-0.00934776
0.001572
-0.00102653
0.00161193
0.00723879
0.00158708
0.0149818
0.00153772
0.0186764
0.00151639
0.016509
0.00153907
0.00987446
0.00155933
-1.73229e-05
0.00154275
-0.00779437
0.00151084
-0.0170948
0.00151598
-0.0186918
0.00155451
-0.0141275
0.00155596
-0.0056366
0.00151949
0.0100135
0.00148498
0.0141683
0.00149166
0.020033
0.00151647
0.0137486
-0.00132482
6.09388e-05
0.000808771
3.06576e-05
0.000164776
-2.47624e-06
-0.000250353
-5.28801e-05
-0.0011086
-0.000106388
-0.00220964
-0.000167052
-0.00344559
-0.000232886
-0.00458218
-0.000297566
-0.00533628
-0.000341109
-0.0055191
-0.00033387
-0.00487002
-0.000248765
-0.00320786
-8.44212e-05
-0.000500627
0.000128925
0.00287459
0.00034368
0.00637173
0.00053842
0.00948213
0.000728071
0.0114099
0.000914671
0.0110224
0.0010773
0.00773976
0.00120699
0.00222442
0.00129762
-0.00385564
0.00134984
-0.00868076
0.00135199
-0.0114551
0.0013118
-0.0127369
0.00127343
-0.0127823
0.00119494
-0.0119465
0.00103516
-0.0117547
0.000921506
-0.0116111
0.00098803
-0.00858608
0.00120394
-0.00231513
0.00145395
0.00441025
0.00163878
0.00944739
0.00169976
0.0133343
0.00164261
0.0171068
0.00153825
0.0188746
0.00145981
0.0154022
0.00142808
0.00663628
0.00144799
-0.00332631
0.00150288
-0.0101134
0.00151451
-0.0126312
0.00143842
-0.0139866
0.00135494
-0.0154893
0.00136317
-0.0144876
0.00146189
-0.00944648
0.00156864
-0.00113328
0.00161074
0.0071967
0.00158717
0.0150054
0.00153674
0.0187268
0.00151322
0.0165326
0.0015351
0.00985258
0.0015559
-3.81144e-05
0.00154021
-0.00777868
0.00150798
-0.0170625
0.00151254
-0.0186963
0.00155136
-0.0141663
0.00155323
-0.00563847
0.00151788
0.0100488
0.00148356
0.0142026
0.0014896
0.020027
0.00151574
0.0137225
-0.00132413
9.75281e-05
0.000818129
7.12176e-05
0.000191086
4.1275e-05
-0.00022041
-4.63762e-06
-0.00106268
-5.60968e-05
-0.00215818
-0.00011654
-0.00338514
-0.000184513
-0.0045142
-0.000254213
-0.00526658
-0.00030559
-0.00546772
-0.000307887
-0.00486772
-0.000232695
-0.00328305
-7.6226e-05
-0.000657096
0.000134779
0.00266358
0.000353698
0.00615281
0.000558287
0.00927754
0.000757323
0.0112109
0.000946161
0.0108335
0.00110441
0.00758152
0.00122629
0.00210254
0.00130719
-0.00393654
0.00135046
-0.00872402
0.00134728
-0.011452
0.00130296
-0.0126926
0.00126269
-0.012742
0.00118852
-0.0118723
0.00103215
-0.0115984
0.000915004
-0.0114939
0.000976724
-0.0086478
0.00119245
-0.00253086
0.00144603
0.00415667
0.00163546
0.00925796
0.00170112
0.0132686
0.00164831
0.0171596
0.0015464
0.0189766
0.00146656
0.0154821
0.00142984
0.006673
0.00144349
-0.00333995
0.00149466
-0.0101646
0.0015067
-0.0126433
0.00143161
-0.0139116
0.00134778
-0.0154054
0.00135617
-0.014496
0.00145626
-0.00954657
0.00156501
-0.00124203
0.00160938
0.00715232
0.00158712
0.0150276
0.00153564
0.0187783
0.00150995
0.0165583
0.00153103
0.0098315
0.00155235
-5.94296e-05
0.00153754
-0.00776388
0.00150503
-0.01703
0.00150899
-0.0187003
0.00154809
-0.0142054
0.00155041
-0.0056408
0.00151625
0.010083
0.00148211
0.0142368
0.00148747
0.0200217
0.00151495
0.013695
-0.0013251
0.000135914
0.000820539
0.000113486
0.000213514
8.77342e-05
-0.000194658
4.56489e-05
-0.0010206
-2.78212e-06
-0.00210975
-6.31614e-05
-0.00332476
-0.000132862
-0.0044445
-0.000207158
-0.00519228
-0.000266183
-0.00540869
-0.000278179
-0.00485572
-0.000213137
-0.00334809
-6.49681e-05
-0.000805265
0.000143176
0.00245544
0.000365624
0.00593036
0.000579371
0.00906379
0.000786867
0.0110034
0.000977223
0.0106432
0.00113082
0.00742792
0.00124485
0.0019885
0.00131611
-0.00400779
0.00135043
-0.00875834
0.00134203
-0.0114436
0.00129381
-0.0126444
0.00125157
-0.0126998
0.0011817
-0.0118025
0.00102916
-0.0114458
0.000908789
-0.0113735
0.000965544
-0.00870455
0.00118076
-0.00274608
0.00143764
0.00389979
0.00163162
0.00906399
0.00170208
0.0131982
0.00165379
0.0172079
0.00155437
0.019076
0.00147307
0.0155634
0.00143139
0.00671468
0.0014388
-0.00334736
0.00148618
-0.010212
0.00149864
-0.0126557
0.00142466
-0.0138376
0.00134045
-0.0153212
0.00134885
-0.0145044
0.00145027
-0.009648
0.00156109
-0.00135285
0.00160785
0.00710557
0.00158694
0.0150485
0.00153442
0.0188308
0.00150657
0.0165861
0.00152685
0.00981121
0.00154868
-8.1256e-05
0.00153477
-0.00774997
0.001502
-0.0169972
0.00150535
-0.0187037
0.00154469
-0.0142448
0.0015475
-0.00564362
0.00151459
0.0101159
0.00148063
0.0142707
0.00148525
0.020017
0.00151411
0.0136661
-0.00132777
0.000176019
0.000815777
0.000157431
0.000232103
0.000136145
-0.000173373
9.8004e-05
-0.000982458
5.1578e-05
-0.00206332
-7.30006e-06
-0.00326589
-7.83215e-05
-0.00437348
-0.000156724
-0.00511388
-0.00022307
-0.00534235
-0.000244845
-0.00483395
-0.000190195
-0.00340274
-5.07797e-05
-0.00094468
0.000154044
0.00225062
0.000379363
0.00570504
0.000601499
0.00884166
0.000816521
0.0107884
0.00100775
0.010452
0.00115646
0.00727921
0.00126263
0.00188233
0.00132435
-0.0040695
0.00134975
-0.00878375
0.00133622
-0.01143
0.00128434
-0.0125925
0.00124007
-0.0126555
0.00117443
-0.0117368
0.00102615
-0.0112975
0.000902832
-0.0112502
0.000954466
-0.00875619
0.00116885
-0.00296046
0.00142877
0.00363987
0.00162723
0.00886552
0.00170262
0.0131228
0.00165903
0.0172515
0.00156213
0.0191729
0.00147931
0.0156462
0.00143272
0.00676128
0.00143393
-0.00334857
0.00147746
-0.0102555
0.00149032
-0.0126686
0.00141755
-0.0137648
0.00133294
-0.0152366
0.00134119
-0.0145126
0.00144391
-0.00975071
0.00155689
-0.00146583
0.00160614
0.00705632
0.00158663
0.015068
0.00153309
0.0188844
0.00150311
0.0166161
0.00152258
0.00979174
0.0015449
-0.000103578
0.00153188
-0.00773694
0.00149887
-0.0169642
0.00150162
-0.0187064
0.00154117
-0.0142843
0.00154452
-0.00564696
0.00151291
0.0101475
0.00147911
0.0143045
0.00148297
0.0200132
0.00151323
0.0136359
-0.00133218
0.000217813
0.000803793
0.000202982
0.000246934
0.000186224
-0.000156615
0.000152126
-0.00094836
0.0001083
-0.0020195
5.06687e-05
-0.00320825
-2.13738e-05
-0.00430144
-0.000103314
-0.00503194
-0.000176501
-0.00526916
-0.000208009
-0.00480244
-0.000163991
-0.00344676
-3.3878e-05
-0.00107479
0.000167274
0.00204946
0.000394797
0.00547752
0.000624486
0.00861197
0.000846112
0.0105668
0.00103763
0.0102604
0.00118127
0.00713557
0.00127959
0.00178401
0.00133188
-0.00412179
0.00134842
-0.00880029
0.00132985
-0.0114115
0.00127456
-0.0125372
0.0012282
-0.0126091
0.00116668
-0.0116753
0.00102306
-0.0111539
0.000897102
-0.0111243
0.000943462
-0.00880255
0.00115669
-0.00317369
0.00141939
0.00337717
0.00162229
0.00866262
0.00170274
0.0130423
0.00166399
0.0172902
0.00156965
0.0192672
0.00148527
0.0157306
0.00143381
0.00681274
0.00142887
-0.00334364
0.00146848
-0.0102951
0.00148174
-0.0126818
0.00141028
-0.0136933
0.00132525
-0.0151516
0.00133322
-0.0145206
0.00143717
-0.00985466
0.00155241
-0.00158106
0.00160424
0.00700448
0.00158618
0.0150861
0.00153166
0.0189389
0.00149956
0.0166482
0.00151821
0.0097731
0.00154101
-0.000126377
0.00152888
-0.00772481
0.00149567
-0.016931
0.0014978
-0.0187085
0.00153754
-0.0143241
0.00154145
-0.00565087
0.00151121
0.0101777
0.00147756
0.0143382
0.00148063
0.0200101
0.00151232
0.0136042
-0.00133837
0.000261301
0.000784725
0.00025008
0.000258155
0.000237782
-0.000144317
0.000207763
-0.000918341
0.000166668
-0.0019784
0.000110333
-0.00315192
3.76744e-05
-0.00422878
-4.74564e-05
-0.00494681
-0.000126806
-0.00518981
-0.000167833
-0.00476141
-0.000134665
-0.00347993
-1.47042e-05
-0.00119475
0.000182731
0.00185203
0.000411784
0.00524847
0.000648143
0.00837561
0.00087547
0.0103394
0.00106677
0.0100691
0.00120519
0.00699715
0.00129569
0.0016935
0.0013387
-0.0041648
0.00134644
-0.00880803
0.00132289
-0.0113879
0.00126445
-0.0124787
0.00121595
-0.0125606
0.00115844
-0.0116178
0.00101987
-0.0110154
0.000891572
-0.010996
0.000932506
-0.00884348
0.00114427
-0.00338545
0.0014095
0.00311194
0.00161678
0.00845535
0.00170239
0.0129567
0.00166867
0.0173239
0.00157691
0.019359
0.00149094
0.0158166
0.00143466
0.00686902
0.00142363
-0.00333261
0.00145925
-0.0103307
0.0014729
-0.0126955
0.00140285
-0.0136233
0.0013174
-0.0150662
0.00132493
-0.0145281
0.00143007
-0.00995979
0.00154763
-0.00169863
0.00160216
0.00694995
0.00158559
0.0151027
0.00153012
0.0189943
0.00149595
0.0166824
0.00151376
0.00975528
0.00153701
-0.000149631
0.00152576
-0.00771356
0.00149238
-0.0168977
0.00149391
-0.0187101
0.00153381
-0.014364
0.00153831
-0.00565538
0.00150949
0.0102066
0.00147598
0.0143717
0.00147823
0.0200078
0.00151137
0.013571
-0.00134638
0.000306508
0.000758925
0.000298685
0.000265978
0.000290663
-0.000136295
0.000264673
-0.000892351
0.000226293
-0.00194002
0.000171263
-0.00309689
9.83388e-05
-0.00415586
9.85654e-06
-0.00485833
-7.44137e-05
-0.00510554
-0.000124539
-0.00471129
-0.000102385
-0.00350208
7.98858e-06
-0.00130513
0.000200271
0.00165975
0.000430161
0.00501858
0.000672274
0.0081335
0.000904433
0.0101073
0.00109506
0.00987852
0.00122816
0.00686405
0.00131091
0.00161075
0.00134477
-0.00419866
0.00134379
-0.00880705
0.00131534
-0.0113595
0.00125399
-0.0124174
0.00120334
-0.01251
0.00114967
-0.0115641
0.00101651
-0.0108822
0.000886213
-0.0108657
0.000921571
-0.00887884
0.00113156
-0.00359544
0.00139908
0.00284442
0.00161067
0.00824375
0.00170158
0.0128658
0.00167305
0.0173524
0.00158391
0.0194481
0.00149628
0.0159042
0.00143527
0.00693004
0.00141821
-0.00331556
0.00144978
-0.0103623
0.00146378
-0.0127095
0.00139525
-0.0135548
0.00130938
-0.0149803
0.00131634
-0.0145351
0.00142259
-0.010066
0.00154256
-0.0018186
0.00159989
0.00689263
0.00158485
0.0151177
0.00152849
0.0190507
0.00149227
0.0167186
0.00150923
0.00973832
0.00153292
-0.000173314
0.00152254
-0.00770318
0.00148901
-0.0168641
0.00148994
-0.018711
0.00152998
-0.014404
0.00153511
-0.00566051
0.00150774
0.0102339
0.00147436
0.0144051
0.00147577
0.0200064
0.0015104
0.0135364
-0.00135625
0.00035348
0.000726972
0.000348775
0.000270684
0.000344735
-0.000132255
0.000322623
-0.000870239
0.00028683
-0.00190423
0.000233033
-0.00304309
0.000159963
-0.00408279
7.06619e-05
-0.00476903
-2.01212e-05
-0.00501476
-7.8439e-05
-0.00465297
-6.737e-05
-0.00351315
3.50315e-05
-0.00140753
0.000219747
0.00147503
0.000449748
0.00478858
0.000696685
0.00788656
0.000932845
0.00987112
0.00112242
0.00968894
0.00125014
0.00673633
0.00132522
0.00153568
0.00135009
-0.00422354
0.00134048
-0.00879743
0.0013072
-0.0113262
0.00124319
-0.0123534
0.00119036
-0.0124572
0.00114035
-0.0115141
0.00101295
-0.0107548
0.000880994
-0.0107337
0.000910635
-0.00890848
0.00111853
-0.00380334
0.00138811
0.00257485
0.00160396
0.0080279
0.00170028
0.0127695
0.00167709
0.0173756
0.0015906
0.0195346
0.00150131
0.0159935
0.00143562
0.00699572
0.00141261
-0.00329255
0.00144007
-0.0103898
0.00145439
-0.0127238
0.00138747
-0.0134878
0.00130119
-0.014894
0.00130744
-0.0145414
0.00141474
-0.0101734
0.0015372
-0.00194106
0.00159741
0.00683242
0.00158398
0.0151311
0.00152676
0.0191079
0.00148854
0.0167568
0.00150463
0.00972222
0.00152872
-0.000197399
0.0015192
-0.00769366
0.00148556
-0.0168305
0.0014859
-0.0187113
0.00152605
-0.0144441
0.00153183
-0.00566629
0.00150598
0.0102598
0.00147272
0.0144384
0.00147327
0.0200059
0.00150943
0.0135002
-0.00136802
0.000402272
0.000689691
0.000400341
0.000272614
0.000399884
-0.000131798
0.000381392
-0.000851748
0.00034795
-0.00187079
0.000295216
-0.00299036
0.000222073
-0.00400964
0.000131676
-0.00467863
3.71716e-05
-0.00492025
-3.01235e-05
-0.00458568
-3.00554e-05
-0.00351322
6.34598e-05
-0.00150104
0.000240984
0.00129751
0.000470349
0.00455921
0.000721179
0.00763573
0.000960558
0.00963174
0.00114876
0.00950074
0.0012711
0.00661399
0.00133861
0.00146817
0.00135464
-0.00423957
0.0013365
-0.00877929
0.00129844
-0.0112881
0.00123202
-0.012287
0.00117702
-0.0124022
0.00113045
-0.0114675
0.00100914
-0.0106335
0.000875889
-0.0106005
0.000899676
-0.00893227
0.00110517
-0.00400884
0.00137657
0.00230345
0.00159662
0.00780785
0.00169846
0.0126676
0.00168079
0.0173933
0.00159698
0.0196184
0.00150599
0.0160845
0.00143572
0.007066
0.00140682
-0.00326366
0.00143012
-0.0104131
0.00144472
-0.0127384
0.00137951
-0.0134226
0.00129285
-0.0148073
0.00129824
-0.0145467
0.00140653
-0.0102816
0.00153153
-0.00206606
0.00159473
0.00676922
0.00158296
0.0151429
0.00152494
0.0191659
0.00148475
0.016797
0.00149997
0.009707
0.00152443
-0.000221855
0.00151577
-0.007685
0.00148203
-0.0167967
0.00148179
-0.0187111
0.00152204
-0.0144844
0.0015285
-0.00567275
0.00150419
0.0102841
0.00147104
0.0144715
0.00147073
0.0200062
0.00150844
0.0134625
-0.0013817
0.000452941
0.000648152
0.000453392
0.000272163
0.00045601
-0.000134416
0.00044077
-0.000836508
0.000409333
-0.00183935
0.000357395
-0.00293842
0.000284165
-0.00393641
0.000193006
-0.00458747
9.60694e-05
-0.00482332
2.1004e-05
-0.00451061
9.79521e-06
-0.00350201
9.37794e-05
-0.00158503
0.000263805
0.00112748
0.000491762
0.00433126
0.000745563
0.00738193
0.000987428
0.00938988
0.00117399
0.00931417
0.001291
0.00649699
0.00135107
0.0014081
0.00135841
-0.00424691
0.00133184
-0.00875272
0.00128908
-0.0112454
0.00122048
-0.0122184
0.00116333
-0.012345
0.00111998
-0.0114242
0.00100503
-0.0105186
0.000870871
-0.0104663
0.000888678
-0.00895007
0.00109145
-0.0042116
0.00136445
0.00203045
0.00158864
0.00758366
0.00169612
0.0125602
0.00168412
0.0174053
0.00160303
0.0196995
0.00151033
0.0161772
0.00143556
0.00714078
0.00140086
-0.00322896
0.00141994
-0.0104321
0.00143477
-0.0127532
0.00137136
-0.0133592
0.00128434
-0.0147203
0.00128876
-0.0145512
0.00139794
-0.0103908
0.00152556
-0.00219368
0.00159184
0.00670294
0.00158179
0.015153
0.00152304
0.0192247
0.00148093
0.0168391
0.00149525
0.00969269
0.00152004
-0.000246648
0.00151222
-0.00767718
0.00147842
-0.0167629
0.00147762
-0.0187103
0.00151795
-0.0145247
0.00152511
-0.0056799
0.00150237
0.0103068
0.00146934
0.0145045
0.00146816
0.0200074
0.00150746
0.0134232
-0.00139733
0.000505538
0.000603661
0.000507939
0.000269762
0.000513029
-0.000139505
0.000500552
-0.000824031
0.000470663
-0.00180946
0.000419162
-0.00288692
0.000345749
-0.003863
0.000254146
-0.00449587
0.00015533
-0.0047245
7.53682e-05
-0.00443065
5.46232e-05
-0.00348127
0.000126026
-0.00165643
0.00028804
0.000965467
0.000513787
0.00410551
0.000769651
0.00712607
0.00101332
0.0091462
0.00119805
0.00912944
0.00130983
0.00638521
0.0013626
0.00135533
0.00136139
-0.0042457
0.00132652
-0.00871786
0.0012791
-0.011198
0.00120855
-0.0121478
0.00114929
-0.0122858
0.0011089
-0.0113838
0.00100058
-0.0104102
0.000865913
-0.0103316
0.000877627
-0.00896179
0.00107734
-0.00441131
0.00135172
0.00175607
0.00157999
0.00735539
0.00169323
0.0124469
0.00168706
0.0174115
0.00160873
0.0197778
0.00151432
0.0162716
0.00143514
0.00721995
0.00139472
-0.00318854
0.00140952
-0.0104469
0.00142454
-0.0127682
0.00136303
-0.0132977
0.00127569
-0.014633
0.001279
-0.0145545
0.00138899
-0.0105008
0.00151927
-0.00232396
0.00158873
0.00663348
0.00158047
0.0151612
0.00152106
0.0192841
0.00147707
0.0168831
0.00149047
0.00967929
0.00151556
-0.000271742
0.00150857
-0.00767019
0.00147474
-0.0167291
0.00147338
-0.0187089
0.00151378
-0.0145651
0.00152166
-0.00568778
0.00150053
0.010328
0.00146761
0.0145375
0.00146557
0.0200094
0.00150649
0.0133823
-0.00141494
0.0005601
0.000557729
0.000563999
0.000265863
0.000570859
-0.000146365
0.000560535
-0.000813706
0.00053163
-0.00178056
0.000480123
-0.00283541
0.000406352
-0.00378923
0.000314559
-0.00440407
0.000214611
-0.00462455
0.000130249
-0.00434629
0.000100328
-0.00345135
0.000160132
-0.00171623
0.000313552
0.000812047
0.000536241
0.00388282
0.000793265
0.00686904
0.00103811
0.00890136
0.00122086
0.00894669
0.00132757
0.0062785
0.00137321
0.0013097
0.00136357
-0.00423607
0.00132052
-0.00867481
0.0012685
-0.0111459
0.00119623
-0.0120755
0.0011349
-0.0122244
0.00109722
-0.0113461
0.000995735
-0.0103088
0.00086099
-0.0101969
0.000866512
-0.00896731
0.00106282
-0.00460762
0.00133836
0.00148053
0.00157066
0.0071231
0.00168977
0.0123278
0.0016896
0.0174117
0.00161406
0.0198534
0.00151795
0.0163677
0.00143447
0.00730343
0.00138841
-0.00314247
0.00139887
-0.0104574
0.00141403
-0.0127834
0.00135449
-0.0132382
0.00126688
-0.0145454
0.00126897
-0.0145566
0.00137967
-0.0106115
0.00151267
-0.00245696
0.00158539
0.00656075
0.00157899
0.0151676
0.001519
0.0193441
0.00147318
0.0169289
0.00148564
0.00966683
0.001511
-0.000297098
0.00150482
-0.00766401
0.00147099
-0.0166953
0.00146909
-0.018707
0.00150955
-0.0146056
0.00151816
-0.00569639
0.00149867
0.0103474
0.00146585
0.0145703
0.00146295
0.0200123
0.00150554
0.0133397
-0.00143454
0.00061664
0.000512023
0.000621579
0.000260924
0.000629421
-0.000154207
0.000620513
-0.000804799
0.00059193
-0.00175197
0.000539897
-0.00278338
0.000465525
-0.00371486
0.000373722
-0.00431227
0.000273372
-0.0045242
0.000185667
-0.00425858
0.000147476
-0.00341315
0.000195997
-0.00176476
0.000340231
0.000667813
0.000558965
0.00366409
0.000816248
0.00661176
0.00106169
0.00865592
0.00124238
0.00876599
0.00134425
0.00617664
0.00138292
0.00127103
0.00136496
-0.00421811
0.00131385
-0.0086237
0.00125728
-0.0110894
0.0011835
-0.0120018
0.00112017
-0.0121611
0.00108492
-0.0113109
0.000990451
-0.0102143
0.000856079
-0.0100625
0.000855328
-0.00896656
0.00104787
-0.00480016
0.00132436
0.00120403
0.00156062
0.00688684
0.00168572
0.0122027
0.00169171
0.0174057
0.00161902
0.0199261
0.00152122
0.0164655
0.00143356
0.0073911
0.00138192
-0.00309084
0.001388
-0.0104635
0.00140323
-0.0127986
0.00134576
-0.0131807
0.00125793
-0.0144576
0.00125869
-0.0145573
0.00136999
-0.0107228
0.00150574
-0.00259271
0.00158182
0.00648467
0.00157736
0.0151721
0.00151686
0.0194046
0.00146927
0.0169765
0.00148077
0.00965533
0.00150635
-0.000322673
0.00150097
-0.00765863
0.00146716
-0.0166615
0.00146474
-0.0187046
0.00150524
-0.0146461
0.00151461
-0.00570576
0.00149678
0.0103653
0.00146407
0.014603
0.00146033
0.020016
0.00150462
0.0132954
-0.00145617
0.00067515
0.000468295
0.000680674
0.0002554
0.000688619
-0.000162152
0.000680273
-0.000796452
0.000651253
-0.00172295
0.000598115
-0.00273024
0.000522846
-0.00363959
0.00043114
-0.00422057
0.000331049
-0.00442411
0.000241156
-0.00416869
0.000195835
-0.00336783
0.000233494
-0.00180242
0.00036801
0.000533296
0.000581842
0.00345025
0.000838467
0.00635513
0.00108394
0.00841045
0.00126257
0.00858737
0.00135989
0.00607931
0.00139175
0.00123917
0.00136555
-0.00419191
0.0013065
-0.00856464
0.00124544
-0.0110283
0.00117034
-0.0119267
0.00110511
-0.0120959
0.001072
-0.0112777
0.000984684
-0.010127
0.000851155
-0.00992898
0.000844069
-0.00895947
0.00103248
-0.00498857
0.00130971
0.000926802
0.00154987
0.00664668
0.00168106
0.0120715
0.00169337
0.0173934
0.00162358
0.0199959
0.00152414
0.0165649
0.00143241
0.00748283
0.00137528
-0.00303371
0.0013769
-0.0104651
0.00139215
-0.0128139
0.00133682
-0.0131254
0.00124883
-0.0143696
0.00124815
-0.0145566
0.00135995
-0.0108346
0.00149849
-0.00273125
0.00157801
0.00640515
0.00157557
0.0151745
0.00151465
0.0194655
0.00146534
0.0170258
0.00147587
0.0096448
0.00150162
-0.000348422
0.00149701
-0.00765402
0.00146326
-0.0166277
0.00146034
-0.0187017
0.00150087
-0.0146866
0.00151101
-0.00571591
0.00149487
0.0103814
0.00146226
0.0146356
0.00145772
0.0200206
0.00150374
0.0132494
-0.00147983
0.0007356
0.000428281
0.000741254
0.000249746
0.000748339
-0.000169238
0.000739581
-0.000787694
0.000709286
-0.00169266
0.000654419
-0.00267537
0.000577927
-0.00356309
0.000486359
-0.004129
0.000387094
-0.00432485
0.000296157
-0.00407775
0.000245011
-0.00331669
0.000272458
-0.00182986
0.000396861
0.000408893
0.000604819
0.0032423
0.000859835
0.00610012
0.00110481
0.00816547
0.00128143
0.00841075
0.00137457
0.00598617
0.00139977
0.00121397
0.00136535
-0.00415749
0.00129847
-0.00849776
0.00123297
-0.0109628
0.00115675
-0.0118504
0.00108972
-0.0120288
0.00105847
-0.0112465
0.000978393
-0.0100469
0.000846198
-0.00979678
0.000832737
-0.00894601
0.00101664
-0.00517248
0.0012944
0.000649041
0.00153839
0.0064027
0.00167578
0.0119341
0.00169456
0.0173746
0.00162773
0.0200627
0.00152671
0.0166659
0.00143104
0.0075785
0.00136848
-0.00297115
0.00136558
-0.0104622
0.00138078
-0.0128291
0.00132766
-0.0130722
0.0012396
-0.0142815
0.00123738
-0.0145544
0.00134956
-0.0109468
0.0014909
-0.00287259
0.00157395
0.0063221
0.00157361
0.0151749
0.00151236
0.0195268
0.0014614
0.0170768
0.00147094
0.00963526
0.00149682
-0.000374295
0.00149296
-0.00765017
0.0014593
-0.0165941
0.00145589
-0.0186983
0.00149645
-0.0147272
0.00150737
-0.00572683
0.00149293
0.0103959
0.00146043
0.0146681
0.00145511
0.0200259
0.0015029
0.0132016
-0.00150554
0.00079796
0.000393565
0.000803257
0.00024445
0.000808427
-0.000174408
0.000798171
-0.000777438
0.000765707
-0.0016602
0.000708477
-0.00261814
0.000630432
-0.00348505
0.000539001
-0.00403757
0.000441028
-0.00422688
0.000350113
-0.00398684
0.000294541
-0.00326111
0.000312681
-0.001848
0.000426788
0.000294787
0.000627928
0.00304116
0.00088034
0.00584771
0.00112428
0.00792153
0.00129902
0.008236
0.00138839
0.0058968
0.00140703
0.00119534
0.00136435
-0.00411482
0.00128977
-0.00842318
0.00121991
-0.0108929
0.00114274
-0.0117733
0.00107403
-0.0119601
0.00104434
-0.0112168
0.000971545
-0.00997411
0.000841189
-0.00966643
0.000821335
-0.00892616
0.00100034
-0.00535148
0.00127842
0.000370958
0.00152616
0.00615496
0.00166985
0.0117904
0.00169526
0.0173492
0.00163146
0.0201265
0.00152895
0.0167685
0.00142947
0.00767798
0.00136152
-0.0029032
0.00135405
-0.0104547
0.00136913
-0.0128442
0.00131829
-0.0130214
0.00123022
-0.0141934
0.00122637
-0.0145506
0.00133883
-0.0110592
0.00148298
-0.00301674
0.00156963
0.00623544
0.00157148
0.015173
0.00151
0.0195882
0.00145746
0.0171293
0.001466
0.00962672
0.00149194
-0.000400237
0.00148882
-0.00764705
0.00145526
-0.0165605
0.00145138
-0.0186944
0.00149196
-0.0147678
0.00150369
-0.00573856
0.00149095
0.0104086
0.00145857
0.0147005
0.00145251
0.020032
0.00150212
0.013152
-0.00153331
0.000862223
0.000365396
0.000866567
0.000240106
0.00086866
-0.000176501
0.000855728
-0.000764507
0.000820166
-0.00162463
0.000759959
-0.00255794
0.00068006
-0.00340515
0.000588742
-0.00394625
0.000492431
-0.00413056
0.000402489
-0.0038969
0.000343914
-0.00320254
0.000353902
-0.00185799
0.000457824
0.000190865
0.000651319
0.00284766
0.00090009
0.00559893
0.00114243
0.00767919
0.0013155
0.00806293
0.00140154
0.00581077
0.00141358
0.00118329
0.00136256
-0.00406379
0.0012804
-0.00834102
0.00120623
-0.0108188
0.00112828
-0.0116953
0.00105802
-0.0118899
0.0010296
-0.0111884
0.000964092
-0.0099086
0.000836093
-0.00953843
0.000809862
-0.00889993
0.000983578
-0.00552519
0.00126178
9.27526e-05
0.00151318
0.00590356
0.00166325
0.0116404
0.00169546
0.017317
0.00163476
0.0201872
0.00153088
0.0168723
0.00142774
0.00778112
0.00135443
-0.00282989
0.0013423
-0.0104426
0.00135719
-0.0128591
0.0013087
-0.0129729
0.00122071
-0.0141054
0.00121515
-0.014545
0.00132775
-0.0111718
0.00147471
-0.0031637
0.00156504
0.00614511
0.00156918
0.0151689
0.00150756
0.0196499
0.00145352
0.0171833
0.00146104
0.0096192
0.00148699
-0.000426188
0.00148458
-0.00764464
0.00145116
-0.0165271
0.00144683
-0.0186901
0.00148743
-0.0148084
0.00149997
-0.00575109
0.00148895
0.0104196
0.0014567
0.0147327
0.00144995
0.0200387
0.00150141
0.0131005
-0.00156314
0.000928433
0.000344537
0.000931019
0.00023752
0.000928761
-0.000174244
0.000911897
-0.000747642
0.000872273
-0.00158501
0.000808471
-0.00249413
0.000726408
-0.00332309
0.000635132
-0.00385497
0.000540744
-0.00403618
0.000452597
-0.00380875
0.000392432
-0.00314237
0.000395719
-0.00186128
0.000489995
9.65887e-05
0.000675269
0.00266239
0.000919413
0.00535479
0.00115957
0.00743903
0.00133126
0.00789125
0.00141437
0.00572765
0.00141963
0.00117804
0.00136001
-0.00400418
0.00127031
-0.00825131
0.00119185
-0.0107403
0.00111324
-0.0116167
0.0010416
-0.0118182
0.00101419
-0.011161
0.000955939
-0.00985035
0.000830839
-0.00941333
0.000798277
-0.00886737
0.000966332
-0.00569325
0.00124449
-0.000185404
0.00149945
0.00564859
0.00165596
0.0114838
0.00169512
0.0172778
0.00163763
0.0202447
0.00153255
0.0169774
0.00142592
0.00788775
0.00134723
-0.0027512
0.00133035
-0.0104257
0.00134496
-0.0128737
0.00129888
-0.0129268
0.00121105
-0.0140176
0.00120371
-0.0145377
0.00131633
-0.0112845
0.00146609
-0.00331346
0.00156016
0.00605104
0.00156668
0.0151624
0.00150505
0.0197115
0.0014496
0.0172388
0.00145609
0.00961271
0.00148198
-0.000452079
0.00148025
-0.00764291
0.00144699
-0.0164938
0.00144223
-0.0186853
0.00148285
-0.014849
0.00149621
-0.00576445
0.00148691
0.0104289
0.0014548
0.0147648
0.00144742
0.0200461
0.00150077
0.0130472
-0.00159505
0.000996735
0.000331269
0.000996457
0.000237798
0.000988475
-0.000166262
0.000966369
-0.000725535
0.000921684
-0.00154032
0.000853625
-0.00242608
0.000769027
-0.00323849
0.000677634
-0.00376358
0.0005853
-0.00394384
0.000499615
-0.00372306
0.000439196
-0.00308195
0.000437511
-0.00185959
0.000523239
1.08614e-05
0.000700143
0.00248548
0.000938986
0.00511595
0.00117653
0.00720149
0.00134723
0.00772055
0.0014277
0.00564718
0.00142558
0.00118015
0.00135687
-0.00393547
0.0012595
-0.00815395
0.0011767
-0.0106575
0.00109755
-0.0115375
0.00102471
-0.0117454
0.00099807
-0.0111343
0.000947033
-0.00979931
0.000825396
-0.00929169
0.000786563
-0.00882853
0.000948525
-0.00585521
0.00122647
-0.00046335
0.00148492
0.00539015
0.00164791
0.0113209
0.00169421
0.0172315
0.0016401
0.0202988
0.00153412
0.0170834
0.00142417
0.0079977
0.00133998
-0.00266701
0.0013182
-0.0104039
0.00133242
-0.0128879
0.00128882
-0.0128832
0.00120125
-0.01393
0.00119205
-0.0145285
0.00130456
-0.011397
0.00145708
-0.00346597
0.00155495
0.00595317
0.00156396
0.0151534
0.00150246
0.019773
0.00144572
0.0172955
0.00145118
0.00960725
0.00147692
-0.000477825
0.00147583
-0.00764181
0.00144276
-0.0164607
0.00143758
-0.0186802
0.00147822
-0.0148896
0.00149241
-0.00577864
0.00148483
0.0104365
0.00145288
0.0147968
0.00144494
0.020054
0.00150022
0.0129919
-0.00162901
0.00106774
0.00032495
0.00106255
0.000242984
0.00104733
-0.000151043
0.00101878
-0.000696986
0.00096831
-0.00148985
0.000895709
-0.00235347
0.000808569
-0.00315135
0.000717118
-0.00367213
0.000626987
-0.00385371
0.000544213
-0.00364029
0.00048453
-0.00302227
0.000478965
-0.00185403
0.000557317
-6.74899e-05
0.000726598
0.0023162
0.000959861
0.00488269
0.00119452
0.00696683
0.00136452
0.00755055
0.00144197
0.00556972
0.00143126
0.00119086
0.00135293
-0.00385713
0.00124822
-0.00804924
0.00116133
-0.0105706
0.00108181
-0.011458
0.00100792
-0.0116715
0.000981707
-0.0111081
0.000937697
-0.0097553
0.000820028
-0.00917402
0.000775018
-0.00878352
0.000930349
-0.00601054
0.00120781
-0.000740815
0.00146964
0.00512832
0.00163905
0.0111515
0.00169267
0.0171779
0.00164221
0.0203492
0.00153568
0.0171899
0.00142245
0.00811092
0.00133256
-0.00257711
0.00130581
-0.0103772
0.00131962
-0.0129017
0.00127856
-0.0128422
0.00119135
-0.0138428
0.00118027
-0.0145174
0.00129253
-0.0115092
0.00144774
-0.00362118
0.0015494
0.00585151
0.00156099
0.0151418
0.00149977
0.0198342
0.00144187
0.0173534
0.0014463
0.00960283
0.0014718
-0.000503325
0.00147131
-0.00764133
0.00143846
-0.0164279
0.00143289
-0.0186746
0.00147356
-0.0149303
0.00148859
-0.00579367
0.00148272
0.0104424
0.00145094
0.0148286
0.00144251
0.0200625
0.00149976
0.0129347
-0.00166502
0.00114271
0.000321096
0.00112792
0.000257774
0.00110372
-0.000126838
0.00106793
-0.000661195
0.00101173
-0.00143366
0.00093543
-0.00227717
0.000846805
-0.00306273
0.000756132
-0.00358146
0.000668679
-0.00376626
0.000589196
-0.00356081
0.000530825
-0.0029639
0.000522614
-0.00184582
0.000594149
-0.000139025
0.000756529
0.00215382
0.000983941
0.00465527
0.00121492
0.00673585
0.00138305
0.00738242
0.00145508
0.0054977
0.00143405
0.0012119
0.00134696
-0.00377005
0.00123669
-0.00793897
0.00114674
-0.0104807
0.00106718
-0.0113785
0.00099231
-0.0115966
0.00096607
-0.0110819
0.000928602
-0.00971783
0.00081529
-0.00906071
0.000764442
-0.00873267
0.000912918
-0.00615902
0.00118965
-0.00101754
0.00145452
0.00486345
0.00162983
0.0109761
0.00169053
0.0171172
0.00164376
0.020396
0.00153669
0.017297
0.00141984
0.00822777
0.00132423
-0.0024815
0.00129306
-0.010346
0.00130674
-0.0129154
0.00126824
-0.0128037
0.00118149
-0.0137561
0.00116858
-0.0145045
0.00128063
-0.0116213
0.00143846
-0.00377901
0.00154374
0.00574622
0.00155779
0.0151277
0.00149688
0.0198951
0.00143795
0.0174123
0.00144128
0.00959949
0.00146648
-0.000528524
0.00146662
-0.00764147
0.00143405
-0.0163953
0.00142822
-0.0186688
0.00146892
-0.014971
0.00148481
-0.00580956
0.00148056
0.0104466
0.00144899
0.0148601
0.00144014
0.0200713
0.00149942
0.0128754
-0.00170306
0.00220247
0.000442199
-0.00232357
0.0021767
0.000283543
0.00218095
-0.000131092
0.00219319
-0.000673435
0.00218713
-0.0014276
0.00214344
-0.00223348
0.00205296
-0.00297225
0.00191867
-0.00344716
0.0017449
-0.00359249
0.00153982
-0.00335573
0.00132023
-0.00274431
0.00112793
-0.00165352
0.00102263
-3.37272e-05
0.00105112
0.00212533
0.00122304
0.00448335
0.00150776
0.00645113
0.00187529
0.0070149
0.00228071
0.00509228
0.00262547
0.000867135
0.00282558
-0.00397016
0.002866
-0.0079794
0.00280001
-0.0104147
0.00266148
-0.0112399
0.00247851
-0.0114136
0.00232907
-0.0109325
0.00217195
-0.00956071
0.00192317
-0.00881193
0.00171441
-0.00852392
0.00171549
-0.0061601
0.00187279
-0.00117484
0.00201363
0.00472261
0.00202855
0.0109612
0.00194855
0.0171972
0.00190729
0.0204373
0.0020118
0.0171925
0.00221259
0.00802698
0.00237901
-0.00264793
0.00247565
-0.0104427
0.00250209
-0.0129418
0.00241919
-0.0127208
0.00226859
-0.0136055
0.00218199
-0.0144179
0.00219776
-0.0116371
0.00223312
-0.00381437
0.00219882
0.00578052
0.00209506
0.0152315
0.00199639
0.0199938
0.00200145
0.0174073
0.00213925
0.00946169
0.00227954
-0.000668818
0.00234878
-0.0077107
0.00232333
-0.0163699
0.00227232
-0.0186178
0.0022524
-0.0149511
0.00217818
-0.00573535
0.00211568
0.0105091
0.00205527
0.0149205
0.00204932
0.0200773
0.00215421
0.0127705
-0.0017518
0.00248045
0.000581324
-0.00261958
0.00242912
0.000334872
0.00241286
-0.000114835
0.00240681
-0.000667375
0.00238442
-0.00140522
0.00232777
-0.00217683
0.00222783
-0.0028723
0.00208762
-0.00330695
0.00191115
-0.00341603
0.00170577
-0.00315035
0.00148529
-0.00252382
0.00128846
-0.00145669
0.00117375
8.09841e-05
0.00119755
0.00210152
0.00136853
0.00431238
0.001656
0.00616365
0.00202689
0.00664401
0.00242546
0.0046937
0.0027571
0.000535503
0.00294583
-0.00415889
0.00297409
-0.00800766
0.00289457
-0.0103352
0.00274648
-0.0110918
0.00255458
-0.0112217
0.00239747
-0.0107753
0.00224161
-0.00940485
0.00199301
-0.00856332
0.00177259
-0.0083035
0.00176326
-0.00615076
0.00191967
-0.00133126
0.00206055
0.00458173
0.00207396
0.0109478
0.0019958
0.0172753
0.00196089
0.0204722
0.00207652
0.0170769
0.00228723
0.00781626
0.00245661
-0.00281731
0.00255072
-0.0105368
0.00257394
-0.012965
0.00248865
-0.0126355
0.00233345
-0.0134503
0.00224152
-0.014326
0.00225486
-0.0116504
0.00228991
-0.00384941
0.00225373
0.00581669
0.00214575
0.0153395
0.00204395
0.0200956
0.00205069
0.0174005
0.00219415
0.00931823
0.0023395
-0.00081417
0.0024122
-0.0077834
0.00238575
-0.0163434
0.00233082
-0.0185628
0.00230718
-0.0149274
0.00222894
-0.00565711
0.00216526
0.0105728
0.00210263
0.0149832
0.00209537
0.0200845
0.00220681
0.012659
-0.00180441
0.00274864
0.000716062
-0.00288338
0.0026841
0.000399415
0.00265075
-8.14871e-05
0.00262766
-0.000644279
0.00258967
-0.00136723
0.00252012
-0.00210729
0.00241038
-0.00276256
0.00226373
-0.00316029
0.00208437
-0.00323667
0.00187937
-0.00294535
0.00165997
-0.00230443
0.00146007
-0.00125678
0.00133795
0.000203102
0.00135486
0.00208462
0.00152277
0.00414446
0.0018116
0.00587483
0.0021844
0.00627121
0.00257691
0.0043012
0.00289687
0.000215542
0.00307371
-0.00433573
0.00308667
-0.00802062
0.00299118
-0.0102397
0.0028324
-0.010933
0.00263154
-0.0110209
0.00246618
-0.01061
0.00231088
-0.00924955
0.00206352
-0.00831597
0.00183293
-0.00807291
0.00181259
-0.00613043
0.00196717
-0.00148584
0.00210791
0.00444099
0.00212053
0.0109352
0.00204432
0.0173515
0.00201615
0.0205004
0.0021439
0.0169491
0.00236585
0.00759432
0.0025389
-0.00299036
0.00262957
-0.0106274
0.00264815
-0.0129836
0.00255967
-0.012547
0.00239988
-0.0132905
0.00230286
-0.0142289
0.00231379
-0.0116613
0.00234836
-0.00388397
0.0023102
0.00585485
0.00219776
0.0154519
0.00209306
0.0202003
0.00210187
0.0173917
0.00225124
0.00916887
0.00240167
-0.0009646
0.00247777
-0.0078595
0.00245011
-0.0163157
0.00239096
-0.0185037
0.00236347
-0.0148999
0.00228095
-0.0055746
0.00221612
0.0106376
0.00215109
0.0150482
0.00214283
0.0200928
0.00226115
0.0125407
-0.00186106
0.00300479
0.000836533
-0.00312526
0.00293398
0.000470226
0.00288809
-3.5593e-05
0.00285035
-0.000606543
0.00279798
-0.00131486
0.00271608
-0.00202539
0.00259679
-0.00264327
0.0024439
-0.0030074
0.00226209
-0.00305486
0.00205851
-0.00274177
0.00184244
-0.00208836
0.00164241
-0.00105676
0.0015144
0.000331115
0.00152333
0.00207568
0.00168614
0.00398165
0.00197507
0.0055859
0.00234844
0.00589784
0.00273481
0.00391483
0.0030436
-9.32468e-05
0.00320647
-0.0044986
0.00320194
-0.00801609
0.00308938
-0.0101271
0.00291959
-0.0107633
0.00271008
-0.0108114
0.00253618
-0.0104361
0.00238097
-0.00909435
0.00213578
-0.00807077
0.00189578
-0.0078329
0.00186345
-0.0060981
0.0020151
-0.00163748
0.0021557
0.00430039
0.00216818
0.0109227
0.00209434
0.0174254
0.00207354
0.0205211
0.00221434
0.0168083
0.00244834
0.00736032
0.0026253
-0.00316732
0.00271172
-0.0107139
0.00272476
-0.0129966
0.00263261
-0.0124548
0.0024682
-0.0131261
0.00236606
-0.0141268
0.00237448
-0.0116698
0.00240849
-0.00391799
0.00236824
0.0058951
0.00225125
0.0155689
0.00214389
0.0203077
0.00215517
0.0173804
0.00231063
0.00901341
0.00246615
-0.00112012
0.00254553
-0.00793888
0.00251643
-0.0162866
0.00245285
-0.0184401
0.00242128
-0.0148684
0.0023343
-0.00548762
0.00226823
0.0107037
0.00220078
0.0151157
0.00219182
0.0201017
0.00231741
0.0124151
-0.00192185
0.0032438
0.000941279
-0.00334855
0.00317251
0.000541517
0.00311887
1.80548e-05
0.00306964
-0.000557313
0.00300483
-0.00125005
0.00291182
-0.00193237
0.00278386
-0.00251531
0.00262552
-0.00284906
0.00244213
-0.00287147
0.00224126
-0.0025409
0.00203084
-0.00187794
0.00183412
-0.000860032
0.00170254
0.000462691
0.00170316
0.00207506
0.00185903
0.00382578
0.00214647
0.00529846
0.00251895
0.00552536
0.00289901
0.00353476
0.00319627
-0.000390506
0.00334268
-0.00464501
0.00331904
-0.00799245
0.00318888
-0.00999698
0.00300807
-0.0105824
0.00279039
-0.0105937
0.00260783
-0.0102535
0.00245236
-0.00893889
0.00221019
-0.0078286
0.00196143
-0.00758414
0.00191593
-0.00605259
0.0020633
-0.00178486
0.00220389
0.0041598
0.00221696
0.0109096
0.00214597
0.0174964
0.00213321
0.0205339
0.00228805
0.0166535
0.00253481
0.00711356
0.00271568
-0.00334819
0.00279708
-0.0107953
0.00280381
-0.0130034
0.00270763
-0.0123587
0.00253856
-0.012957
0.00243118
-0.0140194
0.00243691
-0.0116755
0.00247031
-0.00395139
0.00242788
0.00593753
0.0023063
0.0156905
0.00219658
0.0204174
0.00221076
0.0173663
0.00237251
0.00885166
0.00253307
-0.00128068
0.00261554
-0.00802136
0.0025848
-0.0162559
0.00251653
-0.0183718
0.00248066
-0.0148325
0.00238901
-0.00539596
0.0023216
0.0107711
0.00225179
0.0151855
0.00224246
0.0201111
0.00237576
0.0122818
-0.00198686
0.00346234
0.00102862
-0.00354968
0.00339525
0.000608609
0.00333819
7.51126e-05
0.00328093
-0.000500046
0.00320624
-0.00117537
0.00310395
-0.00183008
0.00296879
-0.00238015
0.00280626
-0.00268653
0.00262251
-0.00268772
0.0024257
-0.00234409
0.0022232
-0.00167544
0.00203337
-0.000670207
0.00190148
0.000594588
0.00189437
0.00208217
0.00204188
0.00367827
0.00232584
0.0050145
0.00269587
0.00515532
0.00306934
0.00316129
0.00335382
-0.000674982
0.0034813
-0.00477249
0.00343735
-0.0079485
0.00328942
-0.00984905
0.00309775
-0.0103908
0.00287248
-0.0103684
0.00268128
-0.0100623
0.00252522
-0.00878284
0.00228692
-0.0075903
0.00203009
-0.00732732
0.00197015
-0.00599265
0.00211178
-0.00192649
0.00225244
0.00401915
0.00226691
0.0108952
0.00219932
0.017564
0.00219526
0.020538
0.00236525
0.0164835
0.00262544
0.00685336
0.00281003
-0.00353278
0.00288569
-0.0108709
0.00288535
-0.013003
0.00278481
-0.0122581
0.00261106
-0.0127833
0.00249829
-0.0139066
0.00250112
-0.0116783
0.00253384
-0.00398411
0.00248917
0.0059822
0.00236297
0.0158167
0.00225126
0.0205291
0.00226885
0.0173487
0.00243708
0.00868343
0.00260253
-0.00144613
0.0026879
-0.00810672
0.00265528
-0.0162233
0.00258209
-0.0182986
0.00254165
-0.014792
0.00244511
-0.00529942
0.00237624
0.01084
0.00230417
0.0152575
0.00229493
0.0201203
0.00243635
0.0121404
-0.00205612
0.00365937
0.00109789
-0.00372864
0.00359956
0.000668415
0.00354259
0.000132092
0.00348064
-0.000438105
0.00339892
-0.00109364
0.00328964
-0.00172081
0.00314918
-0.00223969
0.00298407
-0.00252143
0.00280138
-0.00250502
0.00261001
-0.00215272
0.00241745
-0.00148288
0.00223804
-0.000490802
0.00210974
0.000722894
0.00209665
0.00209526
0.00223503
0.00353989
0.00251334
0.00473618
0.00287927
0.0047894
0.00324546
0.0027951
0.0035152
-0.000944717
0.0036214
-0.00487869
0.00355633
-0.00788344
0.00339076
-0.00968347
0.00318854
-0.0101886
0.00295635
-0.0101362
0.00275663
-0.00986258
0.00259962
-0.00862583
0.00236598
-0.00735666
0.00210194
-0.00706328
0.00202634
-0.00591706
0.00216062
-0.00206076
0.00230141
0.00387836
0.00231809
0.0108785
0.00225449
0.0176276
0.00225984
0.0205326
0.00244616
0.0162972
0.00272044
0.00657908
0.00290842
-0.00372076
0.00297761
-0.0109401
0.00296946
-0.0129949
0.0028642
-0.0121529
0.00268576
-0.0126048
0.00256744
-0.0137883
0.00256714
-0.011678
0.0025991
-0.00401607
0.00255213
0.00602917
0.00242135
0.0159475
0.00230807
0.0206424
0.00232963
0.0173271
0.00250453
0.00850853
0.00267469
-0.00161629
0.00276269
-0.00819471
0.00272796
-0.0161886
0.00264959
-0.0182203
0.00260429
-0.0147467
0.00250262
-0.00519775
0.00243217
0.0109104
0.00235801
0.0153317
0.0023494
0.0201289
0.0024994
0.0119904
-0.00212963
0.00383525
0.00115007
-0.00388743
0.00378444
0.000719227
0.0037301
0.000186424
0.00366642
-0.00037442
0.00358048
-0.0010077
0.0034667
-0.00160703
0.00332307
-0.00209606
0.0031572
-0.00235555
0.0029771
-0.00232493
0.0027925
-0.00196811
0.00261155
-0.00130194
0.00244573
-0.000324982
0.00232526
0.000843363
0.00230908
0.00211144
0.00243848
0.0034105
0.00270913
0.00446553
0.0030692
0.00442933
0.00342681
0.0024375
0.0036793
-0.00119722
0.00376208
-0.00496147
0.00367547
-0.00779683
0.00349268
-0.00950068
0.00328031
-0.00997619
0.00304197
-0.00989789
0.00283396
-0.00965458
0.0026756
-0.00846747
0.00244737
-0.00712843
0.00217712
-0.00679302
0.00208477
-0.0058247
0.00220995
-0.00218595
0.00235087
0.00373743
0.00237057
0.0108588
0.00231159
0.0176865
0.00232718
0.020517
0.00253105
0.0160933
0.00282001
0.00629012
0.00301095
-0.0039117
0.00307291
-0.0110021
0.00305617
-0.0129781
0.00294583
-0.0120425
0.00276271
-0.0124217
0.00263872
-0.0136643
0.00263501
-0.0116743
0.00266611
-0.00404717
0.00261678
0.0060785
0.00248152
0.0160827
0.00236717
0.0207567
0.00239334
0.017301
0.00257509
0.00832678
0.00274968
-0.00179088
0.00284001
-0.00828504
0.0028029
-0.0161515
0.00271909
-0.0181365
0.00266863
-0.0146963
0.00256156
-0.00509069
0.0024894
0.0109826
0.00241339
0.0154077
0.00240609
0.0201362
0.0025651
0.0118314
-0.00220737
0.00399143
0.00118695
-0.00402831
0.00395025
0.000760409
0.00390022
0.000236447
0.00383711
-0.00031131
0.00374953
-0.000920113
0.00363368
-0.00149119
0.00348908
-0.00195145
0.00332428
-0.00219076
0.00314832
-0.00214897
0.00297168
-0.00179147
0.00280362
-0.00113387
0.00265394
-0.000175306
0.00254549
0.000951814
0.00253006
0.00212687
0.00265164
0.00328892
0.00291314
0.00420402
0.00326554
0.00407694
0.00361251
0.00209053
0.00384491
-0.00142962
0.00390244
-0.005019
0.00379426
-0.00768865
0.00359497
-0.00930139
0.00337301
-0.00975422
0.00312931
-0.0096542
0.00291336
-0.00943862
0.00275317
-0.00830729
0.00253104
-0.00690629
0.00225577
-0.00651775
0.00214575
-0.00571468
0.00226001
-0.00230022
0.00240097
0.00359648
0.00242442
0.0108353
0.00237075
0.0177402
0.00239754
0.0204902
0.00262027
0.0158706
0.00292437
0.00598602
0.00311771
-0.00410505
0.00317165
-0.011056
0.00314554
-0.012952
0.00302975
-0.0119267
0.00284195
-0.0122339
0.00271218
-0.0135346
0.00270479
-0.0116669
0.0027349
-0.00407729
0.00268317
0.00613023
0.00254356
0.0162223
0.00242873
0.0208715
0.00246019
0.0172695
0.00264897
0.008138
0.00282766
-0.00196958
0.00291998
-0.00837736
0.00288019
-0.0161117
0.00279067
-0.0180469
0.0027347
-0.0146403
0.00262195
-0.00497795
0.00254794
0.0110566
0.00247039
0.0154853
0.00246521
0.0201414
0.00263369
0.0116629
-0.00228922
0.00413029
0.00121076
-0.0041541
0.00409846
0.000792231
0.0040536
0.000281308
0.00399272
-0.000250424
0.00390561
-0.000833002
0.00378989
-0.00137548
0.00364636
-0.00180792
0.0034844
-0.0020288
0.00331399
-0.00197856
0.00314635
-0.00162384
0.002992
-0.000979522
0.00286024
-4.35452e-05
0.00276751
0.00104454
0.00275718
0.00213719
0.00287314
0.00317296
0.00312481
0.00395235
0.00346771
0.00373404
0.00380131
0.00175693
0.00401064
-0.00163896
0.00404155
-0.00504991
0.0039122
-0.00755929
0.00369743
-0.00908663
0.00346653
-0.00952333
0.00321835
-0.00940602
0.0029949
-0.00921517
0.00283239
-0.00814477
0.00261689
-0.0066908
0.00233799
-0.00623885
0.00220966
-0.00558636
0.00231114
-0.00240169
0.00245187
0.00345574
0.00247973
0.0108075
0.00243209
0.0177879
0.00247128
0.020451
0.0027142
0.0156277
0.00303378
0.00566644
0.00322884
-0.0043001
0.00327392
-0.0111011
0.00323762
-0.0129157
0.00311597
-0.0118051
0.00292354
-0.0120415
0.00278789
-0.0133989
0.00277651
-0.0116555
0.00280549
-0.00410627
0.00275131
0.0061844
0.00260758
0.0163661
0.00249292
0.0209862
0.00253043
0.017232
0.00272637
0.00794206
0.00290878
-0.00215198
0.00300269
-0.00847126
0.0029599
-0.0160689
0.0028644
-0.0179514
0.00280254
-0.0145784
0.0026838
-0.00485921
0.0026078
0.0111326
0.00252914
0.0155639
0.00252702
0.0201435
0.00270538
0.0114846
-0.00237505
0.00425471
0.00122389
-0.00426783
0.00423129
0.000815649
0.0041918
0.000320802
0.00413415
-0.000192776
0.00404912
-0.000747972
0.00393536
-0.00126171
0.00379468
-0.00166724
0.00363709
-0.00187121
0.00347344
-0.00181491
0.0033156
-0.001466
0.00317537
-0.000839288
0.00306243
6.93941e-05
0.00298828
0.0011187
0.0029874
0.00213808
0.00310072
0.00305964
0.00334282
0.00371025
0.00367448
0.00340238
0.0039915
0.00143991
0.00417497
-0.00182242
0.00417849
-0.00505343
0.00402883
-0.00740964
0.00379991
-0.0088577
0.00356085
-0.00928427
0.00330908
-0.00915424
0.00307869
-0.00898478
0.00291328
-0.00797936
0.00270485
-0.00648237
0.00242388
-0.00595789
0.00227692
-0.0054394
0.00236373
-0.0024885
0.0025038
0.00331567
0.00253662
0.0107747
0.00249574
0.0178287
0.00254875
0.020398
0.00281334
0.0153631
0.00314852
0.00533127
0.00334443
-0.00449602
0.00337975
-0.0111364
0.00333244
-0.0128684
0.00320451
-0.0116772
0.00300751
-0.0118445
0.00286592
-0.0132573
0.00285024
-0.0116398
0.00287789
-0.00413392
0.00282124
0.00624106
0.00267365
0.0165136
0.00255995
0.0210999
0.00260431
0.0171876
0.00280753
0.00773884
0.00299321
-0.00233767
0.00308826
-0.00856631
0.00304213
-0.0160228
0.00294035
-0.0178497
0.00287219
-0.0145103
0.0027471
-0.00473412
0.00266897
0.0112107
0.00258974
0.0156431
0.00259176
0.0201415
0.00278043
0.0112959
-0.00246466
0.00436762
0.00122866
-0.00437239
0.00435132
0.000831946
0.00431693
0.00035519
0.004263
-0.000138841
0.00418113
-0.000666111
0.0040707
-0.00115128
0.0039343
-0.00153084
0.00378233
-0.00171924
0.00362638
-0.00165896
0.00347889
-0.00131851
0.00335276
-0.000713158
0.00325874
0.000163413
0.00320491
0.00117253
0.00321721
0.00212577
0.00333128
0.00294557
0.00356492
0.00347661
0.00388381
0.00308349
0.00418095
0.00114278
0.00433627
-0.00197774
0.00431236
-0.00502952
0.00414377
-0.00724105
0.00390228
-0.0086162
0.00365593
-0.00903792
0.00340146
-0.00889977
0.0031648
-0.00874812
0.00299591
-0.00781048
0.00279481
-0.00628126
0.0025135
-0.00567658
0.00234797
-0.00527387
0.00241828
-0.00255881
0.00255703
0.00317692
0.00259521
0.0107365
0.00256185
0.0178621
0.00263037
0.0203295
0.0029182
0.0150752
0.00326887
0.0049806
0.00346461
-0.00469176
0.00348919
-0.011161
0.00343003
-0.0128093
0.00329541
-0.0115426
0.0030939
-0.011643
0.00294635
-0.0131098
0.00292602
-0.0116195
0.00295212
-0.00416002
0.00289297
0.00630021
0.00274189
0.0166647
0.00263002
0.0212118
0.00268208
0.0171356
0.00289266
0.00752825
0.00308113
-0.00252613
0.00317681
-0.00866199
0.00312695
-0.0159729
0.0030186
-0.0177413
0.00294369
-0.0144354
0.00281187
-0.0046023
0.00273146
0.0112912
0.00265231
0.0157223
0.00265972
0.0201341
0.00285909
0.0110965
-0.00255778
0.00447179
0.00122717
-0.0044703
0.00446124
0.000842502
0.00443141
0.00038502
0.00438125
-8.8688e-05
0.00430319
-0.000588044
0.00419702
-0.00104511
0.00406594
-0.00139976
0.00392051
-0.00157381
0.0037729
-0.00151135
0.00363602
-0.00118163
0.00352364
-0.000600778
0.00344788
0.00023918
0.00341491
0.0012055
0.00344308
0.0020976
0.00356116
0.00282749
0.00378802
0.00324975
0.00409288
0.00277863
0.00436714
0.000868518
0.00449291
-0.00210352
0.00444239
-0.004979
0.00425671
-0.00705537
0.00400446
-0.00836395
0.00375176
-0.00878523
0.00349548
-0.00864349
0.00325333
-0.00850597
0.00308037
-0.00763752
0.00288666
-0.00608755
0.00260686
-0.00539678
0.00242324
-0.00509025
0.00247535
-0.00261092
0.00261187
0.00304041
0.00265567
0.0106927
0.00263059
0.0178872
0.00271658
0.0202435
0.00302936
0.0147624
0.00339513
0.00461483
0.00358945
-0.00488609
0.00360226
-0.0111738
0.00353041
-0.0127374
0.00338868
-0.0114008
0.00318273
-0.011437
0.00302923
-0.0129563
0.00300392
-0.0115942
0.00302819
-0.00418429
0.00296654
0.00636186
0.00281239
0.0168189
0.00270332
0.0213208
0.00276399
0.0170749
0.002982
0.00731025
0.00317272
-0.00271685
0.00326845
-0.00875772
0.00321446
-0.0159189
0.00309922
-0.0176261
0.00301706
-0.0143532
0.00287809
-0.00446333
0.00279527
0.011374
0.002717
0.0158005
0.00273119
0.0201199
0.00294163
0.0108861
-0.00265408
0.00456973
0.00122112
-0.00456369
0.00456361
0.000848628
0.00453766
0.000410967
0.00449109
-4.21153e-05
0.00441708
-0.000514033
0.00431574
-0.000943773
0.00419065
-0.00127467
0.00405235
-0.00143551
0.00391342
-0.00137241
0.00378713
-0.00105535
0.00368786
-0.000501502
0.00362908
0.000297954
0.0036164
0.00121818
0.00366176
0.00205223
0.0037865
0.00270276
0.00400842
0.00302782
0.00429831
0.00248875
0.00454746
0.000619366
0.00464339
-0.00219945
0.00456795
-0.00490355
0.00436742
-0.00685484
0.00410644
-0.00810297
0.00384839
-0.00852718
0.00359111
-0.00838621
0.00334436
-0.00825922
0.00316676
-0.00745993
0.0029803
-0.00590108
0.00270396
-0.00512044
0.00250319
-0.00488948
0.00253554
-0.00264328
0.00266864
0.00290731
0.00271817
0.0106432
0.0027022
0.0179031
0.00280791
0.0201378
0.00314742
0.0144229
0.0035276
0.00423466
0.00371904
-0.00507752
0.00371896
-0.0111737
0.0036336
-0.012652
0.00348431
-0.0112515
0.00327405
-0.0112267
0.00311463
-0.0127969
0.00308399
-0.0115636
0.00310612
-0.00420641
0.00304198
0.006426
0.00288527
0.0169756
0.00278006
0.0214261
0.00285031
0.0170047
0.00307575
0.0070848
0.00326815
-0.00290925
0.00336332
-0.00885289
0.00330473
-0.0158603
0.00318229
-0.0175036
0.00309233
-0.0142632
0.00294577
-0.00431678
0.00286041
0.0114593
0.00278394
0.015877
0.00280648
0.0200974
0.0030283
0.0106643
-0.00275319
0.00466356
0.00121186
-0.0046543
0.00466072
0.000851465
0.00463797
0.000433719
0.00459464
1.22183e-06
0.00452468
-0.000444079
0.00442841
-0.000847504
0.00430966
-0.00115593
0.00417879
-0.00130464
0.0040486
-0.00124222
0.00393266
-0.00093941
0.00384561
-0.000414455
0.00380216
0.000341404
0.00380819
0.00121216
0.00387067
0.00198974
0.00400371
0.00256973
0.00422227
0.00280926
0.00449659
0.00221443
0.00471945
0.000396509
0.00478648
-0.00226647
0.00468862
-0.00480569
0.00447583
-0.00664206
0.00420823
-0.00783537
0.00394587
-0.00826482
0.00368836
-0.0081287
0.00343799
-0.00800884
0.00325521
-0.00727715
0.00307561
-0.00572148
0.00280472
-0.00484955
0.00258823
-0.00467299
0.00259949
-0.00265453
0.00272774
0.00277906
0.00278291
0.010588
0.00277697
0.0179091
0.00290501
0.0200098
0.00327304
0.0140549
0.00366656
0.00384113
0.0038534
-0.00526436
0.00383928
-0.0111596
0.00373959
-0.0125523
0.00358234
-0.0110943
0.00336786
-0.0110123
0.00320261
-0.0126316
0.00316628
-0.0115272
0.0031859
-0.00422603
0.00311931
0.00649259
0.00296064
0.0171342
0.00286045
0.0215262
0.00294127
0.0169238
0.00317415
0.00685192
0.00336763
-0.00310273
0.00346153
-0.00894679
0.00339785
-0.0157966
0.00326788
-0.0173737
0.00316952
-0.0141649
0.0030149
-0.00416216
0.00292689
0.0115473
0.0028533
0.0159506
0.0028859
0.0200648
0.00311936
0.0104308
-0.00285467
0.00475501
0.00120037
-0.00474351
0.00475453
0.000851939
0.00473436
0.000453895
0.00469386
4.17159e-05
0.00462781
-0.000378022
0.00453662
-0.000756319
0.00442431
-0.00104361
0.00430092
-0.00118124
0.00417932
-0.00112062
0.00407326
-0.000833353
0.00399741
-0.000338605
0.00396738
0.000371435
0.00398985
0.00118969
0.00406813
0.00191147
0.00420993
0.00242792
0.0044261
0.0025931
0.00468458
0.00195594
0.00488112
0.000199974
0.00492135
-0.00230671
0.00480425
-0.0046886
0.004582
-0.00641981
0.00430993
-0.0075633
0.00404428
-0.00799917
0.00378721
-0.00787163
0.00353427
-0.0077559
0.00334588
-0.00708876
0.00317251
-0.00554812
0.00290904
-0.00458608
0.00267873
-0.00444268
0.00266782
-0.00264363
0.00278955
0.00265733
0.00285008
0.0105275
0.00285524
0.0179039
0.0030086
0.0198564
0.00340686
0.0136566
0.00381227
0.00343572
0.00399254
-0.00544463
0.00396316
-0.0111302
0.00384836
-0.0124375
0.00368274
-0.0109287
0.00346418
-0.0107937
0.00329322
-0.0124606
0.00325085
-0.0114849
0.00326755
-0.00424273
0.00319858
0.00656156
0.00303863
0.0172942
0.0029447
0.0216202
0.00303711
0.0168314
0.00327741
0.00661162
0.00347133
-0.00329664
0.00356321
-0.00903868
0.00349392
-0.0157273
0.00335607
-0.0172358
0.00324865
-0.0140574
0.00308547
-0.00399897
0.00299472
0.0116381
0.00292523
0.0160201
0.00296974
0.0200203
0.00321506
0.0101855
-0.00295803
0.00484546
0.00118734
-0.00483244
0.00484664
0.000850764
0.00482852
0.000472007
0.0047905
7.97394e-05
0.0047281
-0.000315624
0.00464187
-0.000670089
0.0045359
-0.000937642
0.00441988
-0.00106522
0.00430656
-0.00100731
0.00420978
-0.000736572
0.00414401
-0.000272834
0.00412541
0.000390032
0.00416163
0.00115346
0.00425341
0.00181969
0.0044033
0.00227803
0.00461727
0.00237913
0.00485989
0.00171332
0.00503117
2.86932e-05
0.00504767
-0.00232321
0.00491496
-0.00455589
0.00468608
-0.00619092
0.00441165
-0.00728887
0.00414374
-0.00773126
0.00388767
-0.00761556
0.00363326
-0.00750149
0.00343893
-0.00689444
0.00327093
-0.00538011
0.00301676
-0.00433192
0.00277502
-0.00420094
0.0027412
-0.0026098
0.00285453
0.002544
0.00291988
0.0104621
0.00293744
0.0178863
0.00311953
0.0196743
0.00354955
0.0132266
0.00396491
0.00302036
0.00413642
-0.00561614
0.00409052
-0.0110843
0.00395988
-0.0123069
0.00378553
-0.0107543
0.00356303
-0.0105712
0.00338651
-0.0122841
0.00333776
-0.0114361
0.00335109
-0.00425606
0.00327981
0.00663284
0.00311936
0.0174546
0.00303301
0.0217065
0.00313807
0.0167264
0.00338575
0.00636394
0.00357945
-0.00349035
0.00366849
-0.00912772
0.00359301
-0.0156519
0.00344693
-0.0170898
0.00332975
-0.0139403
0.00315748
-0.0038267
0.00306393
0.0117316
0.0029999
0.0160841
0.00305833
0.0199618
0.00331565
0.00992815
-0.00306275
0.00493598
0.00117327
-0.00492191
0.00493829
0.000848457
0.00492184
0.000488449
0.00488598
0.000115606
0.00482698
-0.000256626
0.0047455
-0.000588608
0.00464568
-0.000837821
0.00453677
-0.000956312
0.00443133
-0.000901863
0.00434314
-0.000648379
0.0042863
-0.000215996
0.00427719
0.000399136
0.00432433
0.00110633
0.00442674
0.00171728
0.00458308
0.00212168
0.00479429
0.00216793
0.00502122
0.00148639
0.00516918
-0.000119267
0.00516565
-0.00231968
0.00502114
-0.00441138
0.00478838
-0.00595816
0.00451356
-0.00701404
0.0042444
-0.00746211
0.00398975
-0.0073609
0.00373499
-0.00724673
0.00353458
-0.00669403
0.00337082
-0.00521634
0.00312768
-0.00408878
0.00287733
-0.00395059
0.00282024
-0.00255271
0.00292311
0.00244113
0.0029925
0.0103927
0.00302405
0.0178548
0.00323875
0.0194596
0.00370172
0.0127637
0.00412464
0.00259743
0.00428494
-0.00577644
0.00422126
-0.0110207
0.00407412
-0.0121598
0.00389071
-0.0105709
0.00366442
-0.0103449
0.00348253
-0.0121022
0.00342704
-0.0113806
0.00343652
-0.00426554
0.00336304
0.00670631
0.00320299
0.0176147
0.00312559
0.0217839
0.00324434
0.0166076
0.00349937
0.00610891
0.00369219
-0.00368316
0.0037775
-0.00921303
0.00369522
-0.0155696
0.00354053
-0.0169351
0.00341283
-0.0138126
0.00323093
-0.0036448
0.00313457
0.011828
0.00307748
0.0161412
0.00315194
0.0198874
0.00342136
0.00965873
-0.00316826
0.00502737
0.00115846
-0.00501255
0.00503045
0.000845373
0.0050154
0.000503503
0.00498145
0.000149555
0.00492561
-0.000200793
0.00484865
-0.000511645
0.00475472
-0.000743886
0.00465263
-0.000854225
0.0045546
-0.000803832
0.00447427
-0.000568048
0.00442526
-0.000166988
0.00442384
0.000400558
0.00447911
0.00105105
0.00458908
0.00160732
0.00474961
0.00196115
0.00495691
0.00196063
0.00516847
0.00127482
0.00529559
-0.00024639
0.00527598
-0.00230007
0.0051234
-0.00425879
0.00488929
-0.00572406
0.00461584
-0.00674059
0.0043464
-0.00719267
0.00409348
-0.00710799
0.00383947
-0.00699272
0.00363303
-0.0064876
0.00347218
-0.00505549
0.00324153
-0.00385812
0.00298583
-0.0036949
0.00290555
-0.00247243
0.00299576
0.00235093
0.00306815
0.0103203
0.00311565
0.0178073
0.00336724
0.0192081
0.00386392
0.012267
0.00429149
0.00216986
0.00443796
-0.00592291
0.00435521
-0.0109379
0.00419099
-0.0119956
0.00399825
-0.0103782
0.00376835
-0.010115
0.0035813
-0.0119152
0.00351875
-0.0113181
0.00352385
-0.00427064
0.0034483
0.00678187
0.00328964
0.0177733
0.00322265
0.0218509
0.00335613
0.0164741
0.00361849
0.00584656
0.00380973
-0.0038744
0.00389037
-0.00929367
0.00380062
-0.0154798
0.00363695
-0.0167714
0.0034979
-0.0136735
0.00330586
-0.00345276
0.00320668
0.0119272
0.00315814
0.0161898
0.00325083
0.0197947
0.00353238
0.00937718
-0.00327398
0.00512018
0.00114308
-0.00510481
0.00512383
0.000841729
0.00510998
0.000517352
0.00507779
0.000181746
0.00502492
-0.000147928
0.00495225
-0.000438976
0.00486393
-0.000655562
0.00476833
-0.000758628
0.00467725
-0.000712751
0.00460408
-0.000494875
0.00456187
-0.000124783
0.00456651
0.000395916
0.00462741
0.000990162
0.00474193
0.00149279
0.00490411
0.00179897
0.00510598
0.00175876
0.00530258
0.00107823
0.00541158
-0.000355391
0.00537972
-0.00226821
0.00522249
-0.00410157
0.00498925
-0.00549082
0.00471871
-0.00647005
0.0044499
-0.00692386
0.00419891
-0.006857
0.00394667
-0.00674048
0.00373452
-0.00627545
0.0035751
-0.00489608
0.00335804
-0.00364106
0.00310057
-0.00343742
0.00299771
-0.00236958
0.00307293
0.00227571
0.00314702
0.0102462
0.00321292
0.0177414
0.00350605
0.0189149
0.0040366
0.0117364
0.0044654
0.00174106
0.00459523
-0.00605273
0.00449218
-0.0108349
0.00431043
-0.0118138
0.00410817
-0.0101759
0.00387482
-0.00988166
0.00368284
-0.0117232
0.00361294
-0.0112482
0.00361312
-0.00427081
0.00353562
0.00685936
0.00337947
0.0179295
0.00332438
0.021906
0.00347363
0.0163249
0.00374329
0.0055769
0.00393226
-0.00406337
0.00400722
-0.00936863
0.0039093
-0.0153819
0.00373623
-0.0165983
0.00358498
-0.0135223
0.00338227
-0.00325005
0.00328037
0.0120291
0.00324205
0.0162281
0.00335525
0.0196815
0.00364891
0.00908352
-0.00337934
0.00521482
0.00112722
-0.00519895
0.00521891
0.000837633
0.00520617
0.000530095
0.00517565
0.00021227
0.00512561
-9.78885e-05
0.00505704
-0.000370407
0.00497406
-0.000572583
0.00488463
-0.000669197
0.00480006
-0.00062818
0.00473338
-0.000428201
0.00469706
-8.84604e-05
0.00470636
0.000386612
0.00477068
0.000925845
0.00488707
0.0013764
0.00504837
0.00163767
0.00524321
0.00156392
0.0054253
0.000896137
0.00551885
-0.000448931
0.00547819
-0.00222755
0.00531928
-0.00394265
0.00508874
-0.00526029
0.00482236
-0.00620367
0.00455506
-0.00665655
0.0043061
-0.00660804
0.00405655
-0.00649093
0.00383926
-0.00605815
0.00367971
-0.00473653
0.00347691
-0.00343826
0.00322147
-0.00318198
0.00309721
-0.00224532
0.00315502
0.0022179
0.00322933
0.0101719
0.00331667
0.017654
0.00365619
0.0185754
0.00422004
0.0111726
0.00464618
0.00131492
0.00475646
-0.00616301
0.00463196
-0.0107104
0.00443233
-0.0116142
0.00422043
-0.009964
0.00398383
-0.00964506
0.00378718
-0.0115266
0.00370963
-0.0111706
0.00370433
-0.0042655
0.00362506
0.00693863
0.00347262
0.0180819
0.00343097
0.0219477
0.003597
0.0161588
0.00387397
0.00529993
0.00405996
-0.00424937
0.00412817
-0.00943684
0.00402134
-0.0152751
0.00383845
-0.0164154
0.0036741
-0.0133579
0.00346024
-0.00303619
0.00335576
0.0121336
0.00332938
0.0162545
0.00346539
0.0195455
0.0037711
0.00877781
-0.00348375
0.0053115
0.00111087
-0.00529515
0.00531602
0.00083311
0.00530435
0.000541763
0.00527547
0.000241152
0.00522816
-5.05781e-05
0.00516353
-0.000305783
0.00508566
-0.000494712
0.0050021
-0.000585634
0.00492364
-0.000549716
0.00486287
-0.000367437
0.00483164
-5.72248e-05
0.00484443
0.000373817
0.00491036
0.000859914
0.00502635
0.00126042
0.00518448
0.00147954
0.00537082
0.00137758
0.00553891
0.000728049
0.00561939
-0.000529415
0.00557285
-0.00218101
0.00541464
-0.00378445
0.00518826
-0.00503391
0.00492701
-0.00594242
0.00466204
-0.00639158
0.00441516
-0.00636116
0.00416904
-0.00624481
0.00394745
-0.00583656
0.00378623
-0.00457531
0.00359782
-0.00324986
0.00334834
-0.0029325
0.00320446
-0.00210144
0.00324241
0.00217995
0.00331537
0.010099
0.00342785
0.0175416
0.00381866
0.0181846
0.00441435
0.0105769
0.00483349
0.00089578
0.00492125
-0.00625077
0.00477427
-0.0105634
0.00455658
-0.0113965
0.00433504
-0.00974245
0.00409539
-0.00940541
0.00389429
-0.0113255
0.00380886
-0.0110852
0.0037975
-0.00425415
0.00371664
0.0070195
0.00356923
0.0182293
0.00354259
0.0219743
0.00372641
0.015975
0.00401071
0.00501563
0.00419301
-0.00443167
0.00425335
-0.00949719
0.00413681
-0.0151585
0.00394365
-0.0162223
0.00376526
-0.0131795
0.00353983
-0.00281076
0.003433
0.0122404
0.00342028
0.0162672
0.00358139
0.0193844
0.00389908
0.00846012
-0.00358667
0.00541036
0.001094
-0.00539349
0.00541535
0.000828125
0.00540477
0.000552342
0.00537755
0.00026837
0.00533292
-5.94283e-06
0.00527212
-0.000244987
0.00519915
-0.000421746
0.00512119
-0.00050767
0.00504848
-0.000477005
0.00499311
-0.000312071
0.00496629
-3.04038e-05
0.00498163
0.000358485
0.00504774
0.0007938
0.00516151
0.00114665
0.00531459
0.00132646
0.0054912
0.00120097
0.00564581
0.000573441
0.00571527
-0.000598876
0.00566509
-0.00213083
0.00550942
-0.00362877
0.00528827
-0.00481275
0.00503285
-0.005687
0.00477097
-0.0061297
0.00452618
-0.00611637
0.00428404
-0.00600267
0.00405925
-0.00561177
0.00389497
-0.00441103
0.00372051
-0.00307539
0.00348083
-0.00269282
0.00331971
-0.00194032
0.0033354
0.00216425
0.00340551
0.0100289
0.00354761
0.0173995
0.00399434
0.0177379
0.00461943
0.0099518
0.00502682
0.000488392
0.00508912
-0.00631307
0.00491881
-0.0103931
0.00468306
-0.0111607
0.00445197
-0.00951137
0.00420949
-0.00916293
0.00400417
-0.0111201
0.00391063
-0.0109917
0.00389266
-0.00423618
0.00381041
0.00710175
0.00366944
0.0183703
0.00365939
0.0219843
0.003862
0.0157724
0.00415369
0.00472394
0.00433157
-0.00460955
0.00438286
-0.00954848
0.00425578
-0.0150314
0.00405188
-0.0160184
0.00385851
-0.0129861
0.00362116
-0.00257341
0.0035123
0.0123492
0.00351489
0.0162646
0.00370337
0.0191959
0.00403297
0.00813051
-0.00368757
0.00551149
0.00107655
-0.00549405
0.00551701
0.000822605
0.00550757
0.000561783
0.00548208
0.000293864
0.00544009
3.60454e-05
0.00538305
-0.000187942
0.00531481
-0.000353516
0.00524222
-0.000435073
0.00517495
-0.000409739
0.00512455
-0.000261666
0.00510158
-7.43923e-06
0.00511869
0.000341373
0.00518391
0.000728589
0.00529409
0.00103646
0.00544066
0.00117989
0.00560666
0.00103497
0.00574833
0.000431772
0.0058084
-0.000658942
0.00575624
-0.00207867
0.00560438
-0.00347691
0.00538919
-0.00459756
0.00514006
-0.00543787
0.00488198
-0.00587162
0.00463933
-0.00587372
0.00440147
-0.00576481
0.0041748
-0.0053851
0.00400636
-0.00424259
0.00384478
-0.00291381
0.00361845
-0.00246649
0.00344304
-0.0017649
0.00343429
0.002173
0.00350031
0.00996285
0.00367723
0.0172225
0.004184
0.0172311
0.00483491
0.00930088
0.00522549
9.78152e-05
0.00525951
-0.00634709
0.00506522
-0.0101988
0.00481161
-0.0109071
0.00457122
-0.00927099
0.00432615
-0.00891787
0.00411679
-0.0109108
0.00401492
-0.0108898
0.00398982
-0.00421108
0.00390644
0.00718513
0.00377337
0.0185034
0.00378151
0.0219762
0.00400396
0.01555
0.0043031
0.0044248
0.0044758
-0.00478225
0.00451681
-0.00958949
0.0043783
-0.0148929
0.00416317
-0.0158032
0.00395386
-0.0127768
0.00370438
-0.00232393
0.00359391
0.0124597
0.00361337
0.0162452
0.00383138
0.0189779
0.00417286
0.00778904
-0.003786
0.00561493
0.00105846
-0.00559685
0.00562108
0.00081646
0.00561284
0.00057002
0.00558913
0.000317568
0.00554982
7.53555e-05
0.00549646
-0.000134577
0.00543282
-0.000289879
0.00536539
-0.000367637
0.0053033
-0.000347649
0.00525748
-0.000215852
0.00523792
1.21289e-05
0.00525622
0.000323066
0.00531974
0.000665066
0.00542537
0.000930836
0.00556441
0.00104085
0.00571926
0.000880113
0.00584854
0.000302495
0.00590046
-0.000710862
0.00584742
-0.00202563
0.00570016
-0.00332966
0.00549141
-0.00438881
0.00524881
-0.00519527
0.00499516
-0.00561796
0.00475474
-0.00563331
0.00452123
-0.00553129
0.00429412
-0.00515799
0.00412088
-0.00406935
0.00397055
-0.00276348
0.00376057
-0.00225651
0.00357432
-0.00157865
0.00353937
0.00220794
0.00360056
0.00990167
0.00381818
0.0170049
0.00438818
0.0166611
0.00506017
0.0086289
0.00542863
-0.000270644
0.00543176
-0.00635021
0.00521314
-0.00998018
0.00494208
-0.010636
0.00469277
-0.00902168
0.00444538
-0.00867047
0.00423211
-0.0106975
0.00412171
-0.0107794
0.00408899
-0.00417836
0.00400477
0.00726934
0.00388115
0.018627
0.00390912
0.0219482
0.00415243
0.0153067
0.0044591
0.00411813
0.00462583
-0.00494898
0.00465528
-0.00961894
0.00450444
-0.0147421
0.00427754
-0.0155763
0.00405138
-0.0125507
0.00378968
-0.00206223
0.00367815
0.0125712
0.00371585
0.0162075
0.00396547
0.0187282
0.00431882
0.00743568
-0.00388152
0.00572072
0.00103969
-0.00570194
0.00572758
0.000809597
0.00572062
0.00057698
0.00569879
0.0003394
0.00566218
0.000111965
0.00561245
-8.48524e-05
0.00555329
-0.000230718
0.00549083
-0.000305179
0.00543368
-0.000290496
0.00539215
-0.000174318
0.00537559
2.86857e-05
0.00539464
0.000304011
0.00545593
0.000603781
0.00555636
0.00083041
0.0056872
0.000910007
0.00583068
0.000736637
0.00594811
0.000185061
0.00599281
-0.000755562
0.00593955
-0.00197237
0.00579732
-0.00318743
0.00559526
-0.00418674
0.00535927
-0.00495929
0.00511058
-0.00536927
0.0048726
-0.00539532
0.00464328
-0.00530197
0.00441719
-0.00493191
0.00423906
-0.00389121
0.0040979
-0.00262232
0.00390642
-0.00206503
0.00371316
-0.00138539
0.00365098
0.00227012
0.0037074
0.00984525
0.00397213
0.0167402
0.00460724
0.016026
0.00529429
0.00794185
0.00563517
-0.000611525
0.00560512
-0.00632017
0.00536217
-0.00973723
0.00507433
-0.0103482
0.00481662
-0.00876397
0.0045672
-0.00842105
0.00435006
-0.0104804
0.00423092
-0.0106603
0.00419014
-0.00413758
0.00410546
0.00735402
0.00399288
0.0187396
0.00404235
0.0218988
0.00430764
0.0150414
0.00462189
0.00380388
0.0047818
-0.00510888
0.00479836
-0.00963551
0.00463424
-0.014578
0.00439502
-0.0153371
0.00415111
-0.0123068
0.00387729
-0.00178841
0.00376538
0.0126832
0.00382249
0.0161504
0.00410564
0.0184451
0.00447095
0.00707038
-0.00397378
0.00582889
0.00102019
-0.00580939
0.00583656
0.000801927
0.00583094
0.000582594
0.00581106
0.000359283
0.00577718
0.000145841
0.00573106
-3.8726e-05
0.00567627
-0.000175926
0.00561862
-0.000247535
0.00556619
-0.000238067
0.00552867
-0.000136793
0.0055148
4.25486e-05
0.00553427
0.000284548
0.00559295
0.000545095
0.00568778
0.000735583
0.00581009
0.000787697
0.00594222
0.000604513
0.00604836
7.89222e-05
0.00608651
-0.000793719
0.00603336
-0.00191922
0.00589629
-0.00305036
0.005701
-0.00399145
0.0054716
-0.00472989
0.00522831
-0.00512598
0.00499306
-0.00516008
0.00476761
-0.00507653
0.0045439
-0.0047082
0.00436144
-0.00370875
0.00422708
-0.00248796
0.00405515
-0.0018931
0.00385892
-0.00118916
0.00376954
0.00235951
0.00382238
0.00979241
0.0041409
0.0164217
0.00484125
0.0153256
0.00553604
0.00724705
0.00584385
-0.000919337
0.0057788
-0.00625511
0.00551191
-0.00947034
0.00520818
-0.0100445
0.00494275
-0.00849854
0.00469163
-0.00816993
0.00447058
-0.0102593
0.00434244
-0.0105321
0.00429327
-0.00408842
0.00420855
0.00743874
0.00410864
0.0188395
0.00418138
0.021826
0.00446981
0.0147529
0.00479163
0.00348205
0.00494379
-0.00526104
0.00494611
-0.00963782
0.00476774
-0.0143996
0.0045156
-0.015085
0.00425312
-0.0120443
0.00396748
-0.00150277
0.00385602
0.0127946
0.00393348
0.0160729
0.00425194
0.0181266
0.00462933
0.00669298
-0.00406243
0.0059395
0.000999936
-0.00591925
0.00594806
0.000793374
0.00594385
0.0005868
0.00592599
0.000377148
0.00589487
0.000176954
0.0058523
3.84351e-06
0.00580178
-0.000125407
0.00574879
-0.000194545
0.00570089
-0.000190163
0.00566713
-0.000103035
0.00565569
5.39888e-05
0.0056753
0.000264939
0.00573116
0.000489237
0.00582018
0.000646558
0.00593385
0.000674033
0.00605484
0.000483524
0.00615023
-1.64699e-05
0.00618233
-0.000825826
0.00612942
-0.00186631
0.00599741
-0.00291835
0.00580887
-0.00380292
0.00558596
-0.00450698
0.00534837
-0.00488839
0.00511627
-0.00492798
0.00489428
-0.00485454
0.00467408
-0.00448799
0.00448852
-0.00352319
0.00435857
-0.002358
0.00420591
-0.00174044
0.00401069
-0.000993948
0.0038956
0.0024746
0.00394755
0.00974046
0.00432652
0.0160427
0.00508999
0.0145622
0.00578387
0.00655318
0.00605322
-0.00118869
0.00595192
-0.0061538
0.00566194
-0.00918036
0.0053435
-0.00972603
0.00507116
-0.0082262
0.00481871
-0.00791748
0.00459359
-0.0100342
0.00445612
-0.0103947
0.00439832
-0.00403061
0.00431406
0.00752299
0.00422849
0.0189251
0.00432641
0.0217281
0.00463922
0.0144401
0.00496852
0.00315276
0.0051119
-0.00540442
0.00509856
-0.00962449
0.00490496
-0.014206
0.00463929
-0.0148193
0.00435749
-0.0117625
0.00406054
-0.00120582
0.00395054
0.0129046
0.00404907
0.0159744
0.00440443
0.0177713
0.0047941
0.00630331
-0.00414713
0.00605262
0.000978914
-0.0060316
0.00606213
0.000783871
0.00605938
0.000589544
0.00604359
0.000392941
0.00601525
0.00020529
0.00597621
4.28838e-05
0.00592986
-7.90538e-05
0.00588137
-0.000146055
0.00583779
-0.000146589
0.00580758
-7.28248e-05
0.00579833
6.32458e-05
0.00581788
0.000245387
0.00587078
0.000436339
0.00595393
0.000563405
0.006059
0.000568963
0.0061692
0.000373328
0.00625439
-0.000101667
0.00628082
-0.000852249
0.00622811
-0.0018136
0.00610094
-0.00279117
0.00591906
-0.00362104
0.0057025
-0.00429042
0.00547082
-0.00465671
0.00524235
-0.00469951
0.0050234
-0.00463559
0.0048075
-0.00427209
0.00462066
-0.00333636
0.00449301
-0.00223035
0.00435791
-0.00160534
0.00416731
-0.000803341
0.00402982
0.00261208
0.00408555
0.00968473
0.00453119
0.0155971
0.0053529
0.0137405
0.00603583
0.00587025
0.00626163
-0.0014145
0.00612358
-0.00601575
0.00581187
-0.00886865
0.00548014
-0.0093943
0.00520184
-0.0079479
0.00494848
-0.00766412
0.004719
-0.00980471
0.00457175
-0.0102474
0.00450517
-0.00396403
0.00442197
0.00760619
0.00435249
0.0189946
0.00447771
0.0216029
0.00481623
0.0141016
0.00515272
0.00281627
0.00528615
-0.00553785
0.00525573
-0.00959406
0.00504591
-0.0139962
0.00476607
-0.0145395
0.00446432
-0.0114607
0.00415681
-0.000898312
0.00404947
0.0130119
0.00416961
0.0158542
0.00456329
0.0173776
0.00496542
0.00590118
-0.00422753
0.00616832
0.000957118
-0.00614653
0.00617883
0.000773367
0.00617758
0.000590787
0.0061639
0.000406623
0.00613835
0.000230841
0.00610279
7.84401e-05
0.0060605
-3.67594e-05
0.00601635
-0.000101911
0.00597692
-0.000107156
0.00595005
-4.59539e-05
0.00594276
7.05335e-05
0.00596209
0.000226057
0.00601196
0.000386469
0.00608927
0.000486099
0.00618591
0.000472319
0.00628575
0.000273492
0.00636129
-0.000177207
0.00638232
-0.000873282
0.00632974
-0.00176102
0.00620711
-0.00266854
0.00603171
-0.00344564
0.00582138
-0.00408008
0.00559569
-0.00443102
0.00537139
-0.00447521
0.00515516
-0.00441936
0.00494397
-0.0040609
0.00475806
-0.00315045
0.00463118
-0.00210347
0.00451056
-0.00148472
0.00432741
-0.00062019
0.004173
0.00276649
0.00423965
0.00961807
0.00475721
0.0150795
0.0056289
0.0128688
0.00628954
0.00520961
0.00646728
-0.00159224
0.00629291
-0.00584138
0.00596136
-0.0085371
0.005618
-0.00905094
0.00533479
-0.00766468
0.00508098
-0.00741031
0.00484674
-0.00957047
0.00468909
-0.0100898
0.00461365
-0.00388859
0.00453218
0.00768766
0.00448063
0.0190461
0.00463563
0.0214479
0.00500125
0.013736
0.0053444
0.00247312
0.00546656
-0.00566
0.0054176
-0.0095451
0.00519058
-0.0137692
0.00489591
-0.0142448
0.0045737
-0.0111385
0.00425658
-0.000581198
0.00415339
0.0131151
0.00429562
0.015712
0.00472884
0.0169444
0.00514352
0.0054865
-0.0043032
0.00628668
0.000934553
-0.00626411
0.00629823
0.000761821
0.00629852
0.000590498
0.00628697
0.000418168
0.0062642
0.000253612
0.00623207
0.000110568
0.00619372
1.58956e-06
0.00615377
-6.19546e-05
0.00611828
-7.16739e-05
0.00609455
-2.22253e-05
0.00608904
7.60519e-05
0.00610801
0.000207085
0.00615482
0.000339653
0.00622637
0.00041455
0.00631483
0.000383863
0.00640478
0.000183537
0.0064712
-0.000243623
0.00648709
-0.000889171
0.00643452
-0.00170845
0.00631609
-0.00255012
0.00614696
-0.0032765
0.00594274
-0.00387587
0.00572305
-0.00421133
0.00550342
-0.00425558
0.00528976
-0.00420571
0.00508336
-0.0038545
0.00490068
-0.00296776
0.00477384
-0.00197664
0.00466355
-0.00137443
0.00448959
-0.000446235
0.00432606
0.00293003
0.00441374
0.00953039
0.00500675
0.0144865
0.00591616
0.0119594
0.00654212
0.00458365
0.00666825
-0.00171837
0.00645907
-0.0056322
0.00611012
-0.00818815
0.005757
-0.00869782
0.00547
-0.00737769
0.00521626
-0.00715657
0.00497671
-0.00933092
0.00480783
-0.00992087
0.00472349
-0.00380424
0.0046445
0.00776664
0.00461294
0.0190777
0.00480062
0.0212602
0.00519477
0.0133418
0.0055437
0.00212418
0.00565306
-0.00576936
0.00558413
-0.00947617
0.00533897
-0.013524
0.00502879
-0.0139346
0.00468572
-0.0107955
0.00436017
-0.00025564
0.0042629
0.0132124
0.00442779
0.0155471
0.00490156
0.0164706
0.00532867
0.00505938
-0.00437354
0.00640778
0.000911227
-0.00638446
0.0064204
0.000749201
0.00642225
0.000588656
0.00641285
0.000427567
0.00639284
0.000273619
0.00636408
0.000139334
0.00632956
3.6109e-05
0.00629362
-2.6019e-05
0.0062619
-3.99568e-05
0.00624111
-1.43371e-06
0.00623718
7.99832e-05
0.00625568
0.000188587
0.00629944
0.000295887
0.00636536
0.000348629
0.00644592
0.000303306
0.00652649
0.000102965
0.00658431
-0.000301437
0.00659528
-0.000900139
0.00654259
-0.00165577
0.00642804
-0.00243557
0.00626493
-0.00311339
0.00606674
-0.00367767
0.00585299
-0.00399758
0.00563844
-0.00404103
0.00542744
-0.0039947
0.00522561
-0.00365268
0.00504826
-0.00279041
0.00492165
-0.00185003
0.00481692
-0.0012697
0.00465257
-0.000281884
0.00449012
0.00309248
0.00461204
0.00940847
0.00528119
0.0138173
0.0062117
0.0110289
0.00679015
0.0040052
0.00686257
-0.00179079
0.00662133
-0.00539096
0.00625793
-0.00782476
0.00589708
-0.00833697
0.00560749
-0.0070881
0.00535435
-0.00690344
0.00510884
-0.00908541
0.00492759
-0.00973962
0.00483426
-0.00371092
0.00475863
0.00784227
0.00474942
0.0190869
0.00497327
0.0210364
0.00539731
0.0129178
0.00575073
0.00177076
0.00584557
-0.0058642
0.00575523
-0.00938583
0.00549103
-0.0132598
0.00516466
-0.0136083
0.0048005
-0.0104313
0.00446782
7.70419e-05
0.0043787
0.0133015
0.0045671
0.0153587
0.00508216
0.0159556
0.00552121
0.00462033
-0.00443781
0.00653173
0.000887151
-0.00650766
0.00654544
0.000735488
0.00654885
0.000585251
0.0065416
0.00043482
0.00652432
0.000290891
0.00649884
0.000164813
0.00646803
6.69202e-05
0.00643595
6.06709e-06
0.0064078
-1.18097e-05
0.00638976
1.66094e-05
0.00638724
8.25045e-05
0.00640516
0.000170665
0.0064459
0.000255149
0.00650635
0.000288177
0.00657931
0.000230341
0.00665101
3.12632e-05
0.00670073
-0.000351154
0.00670699
-0.000906399
0.00665409
-0.00160287
0.00654309
-0.00232456
0.00638574
-0.00295604
0.00619351
-0.00348544
0.00598561
-0.00378968
0.00577646
-0.00383189
0.00556839
-0.00378663
0.00537083
-0.00345511
0.00520039
-0.00261997
0.00507496
-0.0017246
0.00497117
-0.00116591
0.00481554
-0.000126253
0.00466639
0.00324163
0.00483821
0.00923664
0.00558001
0.0130755
0.00651087
0.010098
0.00702966
0.00348642
0.00704838
-0.0018095
0.00677914
-0.00512173
0.00640468
-0.00745029
0.00603826
-0.00797055
0.00574725
-0.00679709
0.00549527
-0.00665146
0.00524306
-0.0088332
0.00504798
-0.00954454
0.00494541
-0.00360835
0.0048741
0.00791359
0.00489012
0.0190709
0.0051543
0.0207722
0.00560947
0.0124626
0.0059655
0.00141474
0.00604388
-0.00594258
0.00593079
-0.00927274
0.0056467
-0.0129757
0.00530349
-0.013265
0.0049181
-0.0100459
0.00457975
0.0004154
0.00450154
0.0133797
0.00471482
0.0151454
0.00527158
0.0153988
0.00572151
0.0041704
-0.00449498
0.00665862
0.00086234
-0.0066338
0.00667343
0.00072067
0.00667841
0.000580278
0.00667328
0.000439942
0.00665871
0.00030547
0.00663643
0.00018709
0.00660919
9.41571e-05
0.00658079
3.44716e-05
0.00655602
1.29572e-05
0.00654053
3.21021e-05
0.00653925
8.37793e-05
0.00655651
0.000153406
0.00659426
0.000217402
0.00664942
0.000233017
0.00671512
0.00016464
0.00677845
-3.2068e-05
0.00682056
-0.000393268
0.00682232
-0.000908159
0.00676913
-0.00154967
0.00666137
-0.00221681
0.00650949
-0.00280415
0.00632316
-0.00329912
0.00612103
-0.00358756
0.00591747
-0.00362832
0.00571279
-0.00358194
0.0055192
-0.00326153
0.00535658
-0.00245735
0.00523377
-0.00160179
0.00512717
-0.00105931
0.00497851
2.2412e-05
0.00485598
0.00336416
0.00509374
0.00899888
0.00589919
0.0122701
0.00680702
0.00919016
0.00725642
0.00303702
0.00722408
-0.00177716
0.00693222
-0.00482987
0.00655037
-0.00706845
0.00618057
-0.00760075
0.0058893
-0.00650582
0.00563901
-0.00640117
0.00537932
-0.0085735
0.00516854
-0.00933376
0.00505617
-0.00349598
0.00499026
0.0079795
0.00503513
0.019026
0.00534459
0.0204627
0.00583182
0.0119754
0.00618798
0.00105858
0.00624775
-0.00600235
0.00611062
-0.00913561
0.00580591
-0.012671
0.00544521
-0.0129044
0.00503863
-0.00963933
0.00469613
0.000757893
0.00463227
0.0134436
0.00487253
0.0149052
0.00547096
0.0148004
0.00592995
0.00371141
-0.00454372
0.00678854
0.000836812
-0.00676301
0.00680447
0.000704742
0.006811
0.000573742
0.00680799
0.000442957
0.00679605
0.000317405
0.00677688
0.000206257
0.00675309
0.000117956
0.00672819
5.93679e-05
0.00670661
3.45391e-05
0.00669348
4.52304e-05
0.00669329
8.39651e-05
0.00670981
0.000136888
0.00674462
0.000182598
0.00679467
0.00018296
0.00685345
0.000105867
0.0069089
-8.75179e-05
0.00694388
-0.000428256
0.00694135
-0.000905626
0.00688778
-0.0014961
0.00678301
-0.00211204
0.00663631
-0.00265745
0.00645583
-0.00311865
0.0062594
-0.00339112
0.00606147
-0.00343039
0.00586072
-0.00338119
0.00567101
-0.00307182
0.00551639
-0.00230272
0.00539769
-0.00148309
0.00528608
-0.000947696
0.00514265
0.000165833
0.00505939
0.00344742
0.00537591
0.00868236
0.00622993
0.0114161
0.00709173
0.00832837
0.00746629
0.00266246
0.0073886
-0.00169946
0.00708056
-0.00452183
0.00669514
-0.00668303
0.00632412
-0.00722973
0.00603365
-0.00621535
0.00578555
-0.00615307
0.00551757
-0.00830552
0.00528882
-0.00910501
0.00516561
-0.00337278
0.00510634
0.00803877
0.00518466
0.0189477
0.00554512
0.0201023
0.00606488
0.0114556
0.00641798
0.000705482
0.00645681
-0.00604118
0.00629453
-0.00897332
0.00596855
-0.012345
0.00558979
-0.0125256
0.00516215
-0.00921169
0.00481715
0.00110289
0.00477188
0.0134888
0.00504212
0.0146349
0.00568159
0.0141609
0.00614688
0.00324613
-0.0045824
0.00692161
0.000810582
-0.00689538
0.00693864
0.000687709
0.00694673
0.000565657
0.00694579
0.000443897
0.00693643
0.000326758
0.00692028
0.000222411
0.00689978
0.000138459
0.00687821
8.09322e-05
0.00685962
5.31271e-05
0.00684868
5.61761e-05
0.00684943
8.32104e-05
0.00686515
0.000121175
0.00689706
0.000150678
0.00694222
0.000137806
0.0069944
5.36855e-05
0.00704244
-0.000135559
0.00707076
-0.000456577
0.00706415
-0.000899011
0.00701016
-0.00144211
0.00690813
-0.00201002
0.00676632
-0.00251564
0.00659163
-0.00294395
0.00640084
-0.00320033
0.00620851
-0.00323805
0.00601224
-0.00318492
0.00582654
-0.00288613
0.00567951
-0.00215569
0.00556605
-0.00136963
0.00544919
-0.00083083
0.0053103
0.000304716
0.005276
0.00348172
0.00567647
0.00828189
0.00655874
0.0105338
0.00735579
0.00753131
0.00765608
0.00236217
0.00754161
-0.001585
0.00722453
-0.00420475
0.00683924
-0.00629774
0.00646903
-0.00685952
0.00618034
-0.00592666
0.0059348
-0.00590752
0.00565778
-0.0080285
0.00540838
-0.00885561
0.00527265
-0.00323705
0.00522145
0.00808996
0.00533904
0.0188301
0.00575697
0.0196843
0.00630901
0.0109036
0.00665516
0.00035934
0.0066706
-0.00605663
0.00648224
-0.00878496
0.00613452
-0.0119973
0.00573718
-0.0121283
0.00528877
-0.00876328
0.00494304
0.00144862
0.00492155
0.0135103
0.00522566
0.0143308
0.00590477
0.0134818
0.00637254
0.00277836
-0.00460905
0.00705793
0.00078367
-0.00703102
0.00707606
0.000669578
0.00708568
0.000556039
0.00708677
0.000442805
0.00707993
0.000333596
0.00706668
0.000235658
0.00704933
0.000155811
0.00703092
9.93411e-05
0.00701514
6.891e-05
0.0070062
6.51152e-05
0.00700776
8.16538e-05
0.00702261
0.000106321
0.00705171
0.000121576
0.00709216
9.73583e-05
0.0071381
7.74463e-06
0.00717919
-0.000176644
0.00720128
-0.000478672
0.0071908
-0.000888527
0.00713635
-0.00138766
0.00703686
-0.00191053
0.00689967
-0.00237845
0.00673067
-0.00277495
0.00654549
-0.00301515
0.00635867
-0.00305123
0.00616736
-0.00299362
0.00598603
-0.00270481
0.00584582
-0.00201547
0.00573812
-0.00126193
0.00561769
-0.0007104
0.00548452
0.000437887
0.00550365
0.00346259
0.00598239
0.00780315
0.00686984
0.00964635
0.00759126
0.00680989
0.00782418
0.00212925
0.00768371
-0.00144452
0.00736481
-0.00388584
0.006983
-0.00591593
0.00661548
-0.00649201
0.0063294
-0.00564058
0.00608666
-0.00566478
0.00579996
-0.00774179
0.00552689
-0.00858254
0.00537614
-0.00308631
0.00533471
0.00813139
0.00549885
0.018666
0.00598118
0.019202
0.00656439
0.0103204
0.00689898
2.47473e-05
0.00688854
-0.00604619
0.00667346
-0.00856988
0.00630366
-0.0116275
0.00588734
-0.0117119
0.00541866
-0.0082946
0.00507417
0.00179312
0.00508263
0.0135019
0.00542536
0.0139881
0.00614171
0.0127654
0.00660705
0.00231301
-0.00462143
0.00719762
0.000756094
-0.00717004
0.00721683
0.000650365
0.00722796
0.000544913
0.00723103
0.000439728
0.00722663
0.000337996
0.00721618
0.000246108
0.00720184
0.000170157
0.00718641
0.000114771
0.00717324
8.20729e-05
0.00716614
7.2217e-05
0.00716837
7.94244e-05
0.00718232
9.23708e-05
0.00720868
9.5217e-05
0.00724464
6.14018e-05
0.00728467
-3.22872e-05
0.00731924
-0.000211213
0.00733553
-0.000494963
0.00732139
-0.000874388
0.00726645
-0.00133272
0.00716931
-0.0018134
0.00703648
-0.00224562
0.00687305
-0.00261153
0.00669346
-0.00283556
0.00651205
-0.00286982
0.00632609
-0.00280766
0.00614962
-0.00252834
0.00601536
-0.00188121
0.00591331
-0.00115988
0.00579247
-0.000589557
0.00566822
0.000562135
0.00573896
0.00339186
0.00627916
0.00726294
0.00714943
0.00877609
0.00779359
0.00616573
0.00797127
0.00195157
0.00781638
-0.00128962
0.00750234
-0.00357181
0.00712685
-0.00554044
0.00676367
-0.00612883
0.00648091
-0.00535782
0.006241
-0.00542488
0.00594409
-0.00744489
0.00564414
-0.00828258
0.00547506
-0.00291723
0.00544542
0.00816103
0.00566492
0.0184465
0.00621871
0.0186482
0.00683085
0.00970822
0.00714871
-0.000293113
0.00710994
-0.00600742
0.00686785
-0.00832779
0.00647583
-0.0112355
0.00604026
-0.0112764
0.00555209
-0.00780643
0.00521119
0.00213401
0.00525675
0.0134563
0.00564333
0.0136015
0.00639331
0.0120155
0.00685028
0.00185605
-0.00461709
0.00734079
0.000727871
-0.00731257
0.00736107
0.000630087
0.00737367
0.000532311
0.00737868
0.000434721
0.00737663
0.000340041
0.00736887
0.000253875
0.00735738
0.000181646
0.00734475
0.000127395
0.00733403
9.27969e-05
0.0073286
7.7643e-05
0.00733138
7.66412e-05
0.0073444
7.93574e-05
0.0073681
7.15145e-05
0.00739978
2.97245e-05
0.00743423
-6.67396e-05
0.00746271
-0.00023969
0.0074736
-0.00050585
0.00745602
-0.00085681
0.00740057
-0.00127727
0.00730562
-0.00171844
0.0071769
-0.00211689
0.00701892
-0.00245355
0.00684488
-0.00266152
0.00666878
-0.00269372
0.00648845
-0.00262733
0.00631735
-0.00235725
0.00618829
-0.00175214
0.00609137
-0.00106297
0.00597395
-0.000472138
0.00586317
0.000672912
0.00597806
0.00327697
0.00655523
0.00668577
0.00738985
0.00794146
0.00796303
0.00559255
0.00810026
0.00181433
0.0079418
-0.00113117
0.00763824
-0.00326824
0.00727125
-0.00517345
0.00691379
-0.00577137
0.00663493
-0.00507896
0.00639763
-0.00518758
0.0060902
-0.00713745
0.00576018
-0.00795256
0.00556868
-0.00272572
0.00555332
0.00817639
0.00583842
0.0181614
0.00647026
0.0180164
0.00710782
0.00907066
0.00740334
-0.000588631
0.007334
-0.00593809
0.00706502
-0.00805881
0.00665086
-0.0108213
0.00619594
-0.0108214
0.00568948
-0.00729996
0.00535516
0.00246833
0.00544577
0.0133657
0.00588143
0.0131659
0.00666007
0.0112368
0.00710185
0.00141427
-0.00459348
0.00748757
0.00069902
-0.00745872
0.00750889
0.000608768
0.00752293
0.000518266
0.00752981
0.000427844
0.00753004
0.000339817
0.00752483
0.000259077
0.00751605
0.000190428
0.00750606
0.000137386
0.0074976
0.000101257
0.0074937
8.15469e-05
0.00749693
7.34124e-05
0.00750898
6.7303e-05
0.00753011
5.03839e-05
0.00755773
2.1051e-06
0.00758693
-9.59397e-05
0.00760972
-0.000262479
0.00761559
-0.000511716
0.00759478
-0.000836006
0.00753883
-0.00122132
0.00744591
-0.00162552
0.00732107
-0.00199205
0.00716838
-0.00230086
0.00699985
-0.00249299
0.00682899
-0.00252286
0.00665446
-0.00245279
0.00648919
-0.00219198
0.00636479
-0.00162774
0.00627237
-0.00097055
0.00616207
-0.000361839
0.00606934
0.000765641
0.00621763
0.00312869
0.00680529
0.00609811
0.00759149
0.00715526
0.00810452
0.00507952
0.00821571
0.00170315
0.00806254
-0.000977998
0.00777361
-0.00297931
0.00741667
-0.00481651
0.00706607
-0.00542077
0.0067916
-0.0048045
0.0065564
-0.00495238
0.00623831
-0.00681937
0.00587543
-0.00758969
0.00565696
-0.00250725
0.00565895
0.00817441
0.00602089
0.0177994
0.00673616
0.0173011
0.00739428
0.00841255
0.00766165
-0.000856006
0.00755982
-0.00583626
0.00726458
-0.00776358
0.00682861
-0.0103853
0.00635444
-0.0103473
0.00583151
-0.00677703
0.00550764
0.0027922
0.00565179
0.0132215
0.00614107
0.0126766
0.00694191
0.010436
0.00736107
0.000995108
-0.00454809
0.00763809
0.000669556
-0.00760863
0.00766043
0.000586433
0.00767587
0.000502819
0.00768456
0.00041916
0.00768696
0.000337417
0.0076842
0.000261834
0.00767798
0.000196649
0.00767045
0.000144911
0.00766409
0.000107624
0.00766156
8.40739e-05
0.00766514
6.98361e-05
0.00767622
5.62215e-05
0.00769487
3.17357e-05
0.00771866
-2.16862e-05
0.00774292
-0.000120203
0.00776041
-0.000279966
0.00776161
-0.000512923
0.0077378
-0.000812189
0.00768134
-0.00116486
0.00759032
-0.0015345
0.00746914
-0.00187087
0.00732157
-0.00215329
0.0071585
-0.00232991
0.00699282
-0.00235719
0.00682419
-0.00228416
0.00666504
-0.00203283
0.00654502
-0.00150772
0.00645665
-0.000882187
0.00635638
-0.000261562
0.00628505
0.000836969
0.00645551
0.00295823
0.00703074
0.00552288
0.00776148
0.00642452
0.00822596
0.00461504
0.00832286
0.00160624
0.00818109
-0.000836223
0.00790948
-0.00270771
0.00756358
-0.00447061
0.00722069
-0.00507788
0.00695105
-0.00453485
0.00671715
-0.00471848
0.00638846
-0.00649068
0.00599077
-0.00719199
0.00574089
-0.00225737
0.00576397
0.00815133
0.00621429
0.0173491
0.00701627
0.0164991
0.00768868
0.00774013
0.00792219
-0.00108951
0.00778644
-0.00570051
0.00746612
-0.00744326
0.00700892
-0.00992814
0.00651589
-0.00985424
0.00597917
-0.00624031
0.00567085
0.00310053
0.00587709
0.0130153
0.00642306
0.0121306
0.00723805
0.00962097
0.00762693
0.000606232
-0.0044786
0.00779249
0.000639497
-0.00776243
0.00781581
0.000563108
0.00783262
0.000486011
0.00784304
0.000408737
0.00784752
0.000332936
0.00784709
0.00026227
0.00784328
0.000200457
0.00783805
0.000150135
0.00783362
0.00011206
0.00783233
8.53606e-05
0.00783617
6.59998e-05
0.00784627
4.61178e-05
0.00786256
1.54507e-05
0.0078827
-4.18297e-05
0.00790236
-0.000139861
0.00791491
-0.000292522
0.0079118
-0.000509815
0.00788518
-0.000785565
0.00782822
-0.00110791
0.00773897
-0.00144525
0.00762127
-0.00175317
0.00747863
-0.00201066
0.00732092
-0.0021722
0.00716038
-0.00219665
0.0069977
-0.00212148
0.00684486
-0.00187999
0.0067291
-0.00139196
0.00664465
-0.000797729
0.0065562
-0.000173113
0.00650768
0.000885483
0.00669078
0.00277513
0.00723736
0.00497631
0.00791023
0.00575165
0.00833594
0.00418934
0.00842665
0.00151553
0.00829964
-0.000709215
0.00804674
-0.00245481
0.00771243
-0.0041363
0.00737786
-0.00474332
0.00711344
-0.00427042
0.00687979
-0.00448483
0.00654073
-0.00615162
0.00610764
-0.0067589
0.00582289
-0.00197263
0.00587157
0.00810265
0.00642103
0.0167996
0.00730991
0.0156102
0.00798903
0.00706101
0.00818332
-0.0012838
0.00801285
-0.00553003
0.00766922
-0.00709963
0.0071917
-0.00945062
0.0066805
-0.00934304
0.00613382
-0.00569363
0.00584765
0.00338669
0.00612402
0.0127389
0.00672744
0.0115272
0.007547
0.00880141
0.00789805
0.000255176
-0.00438308
0.0079509
0.000608856
-0.00792026
0.00797518
0.000538823
0.00799331
0.00046789
0.0080054
0.000396645
0.00801186
0.00032647
0.00801363
0.000260505
0.00801209
0.000201998
0.00800901
0.000153217
0.00800634
0.000114722
0.00800617
8.55346e-05
0.00801019
6.19814e-05
0.00801932
3.69908e-05
0.00803335
1.418e-06
0.00805005
-5.85358e-05
0.00806541
-0.000155217
0.00807339
-0.000300501
0.00806629
-0.000502716
0.00803706
-0.000756337
0.00797962
-0.00105046
0.00789202
-0.00135765
0.0077776
-0.00163875
0.0076397
-0.00187276
0.00748725
-0.00201975
0.0073318
-0.0020412
0.00717505
-0.00196473
0.00702857
-0.00173351
0.00691712
-0.00128052
0.00683669
-0.000717296
0.00676085
-9.72735e-05
0.00673461
0.000911725
0.00692335
0.00258639
0.00743227
0.00446738
0.00804803
0.0051359
0.00844191
0.00379545
0.00853103
0.00142641
0.00841993
-0.000598116
0.00818607
-0.00222094
0.00786367
-0.0038139
0.00753777
-0.00441742
0.00727892
-0.00401157
0.00704434
-0.00425026
0.00669524
-0.00580252
0.00622814
-0.00629181
0.00590729
-0.00165178
0.00598685
0.0080231
0.00664402
0.0161425
0.00761599
0.0146383
0.00829289
0.00638412
0.00844327
-0.00143418
0.00823805
-0.00532482
0.00787348
-0.00673506
0.00737689
-0.00895403
0.00684861
-0.00881476
0.00629716
-0.00514219
0.00604154
0.00364231
0.00639481
0.0123857
0.00705336
0.0108687
0.00786648
0.00798829
0.00817277
-5.1115e-05
-0.00426014
0.00811348
0.000577647
-0.00808228
0.0081387
0.000513607
0.00815809
0.000448501
0.00817178
0.000382956
0.00818013
0.000318118
0.00818397
0.000256664
0.00818456
0.000201413
0.00818346
0.00015431
0.00818243
0.000115756
0.00818325
8.47147e-05
0.00818738
5.78469e-05
0.00819553
2.88395e-05
0.00820744
-1.04888e-05
0.00822091
-7.20063e-05
0.00823226
-0.000166566
0.008236
-0.000304243
0.00822522
-0.000491932
0.00819358
-0.000724698
0.00813567
-0.000992555
0.00804961
-0.00127159
0.00793829
-0.00152743
0.00780492
-0.00173939
0.0076576
-0.00187242
0.00750718
-0.00189078
0.00735633
-0.00181387
0.00721616
-0.00159334
0.00710912
-0.00117347
0.00703302
-0.000641197
0.0069697
-3.3953e-05
0.00696376
0.000917664
0.00715354
0.00239661
0.0076216
0.00399933
0.00818283
0.00457466
0.00854927
0.00342902
0.00863889
0.00133679
0.00854327
-0.000502499
0.00832803
-0.0020057
0.00801775
-0.00350362
0.00770061
-0.00410029
0.00744762
-0.00375858
0.00721096
-0.0040136
0.00685218
-0.00544373
0.00635502
-0.00579465
0.00600051
-0.00129727
0.00611718
0.00790643
0.00688686
0.0153728
0.00793305
0.0135921
0.00859746
0.00571971
0.00870019
-0.00153691
0.00846112
-0.00508575
0.00807854
-0.00635247
0.00756453
-0.00844003
0.00702069
-0.00827092
0.00647123
-0.00459272
0.00625633
0.00385721
0.00669128
0.0119507
0.00739887
0.0101611
0.00819349
0.00719367
0.00844914
-0.000306763
-0.00410915
0.00828041
0.000545882
-0.00824864
0.00830652
0.000487489
0.00832713
0.000427894
0.00834234
0.000367742
0.00835248
0.000307978
0.00835828
0.000250866
0.00836085
0.000198841
0.0083616
0.000153563
0.00836205
0.000115305
0.00836376
8.30103e-05
0.00836795
5.36545e-05
0.00837516
2.16305e-05
0.00838502
-2.03495e-05
0.00839547
-8.24618e-05
0.0084031
-0.000174194
0.00840293
-0.000304068
0.00838875
-0.000477751
0.00835488
-0.000690833
0.00829652
-0.000934197
0.0082119
-0.00118696
0.0081035
-0.00141904
0.00797445
-0.00161034
0.0078321
-0.00173007
0.00768665
-0.00174533
0.00754159
-0.00166881
0.00740764
-0.00145939
0.0073051
-0.00107094
0.00723368
-0.000569778
0.00718225
1.74747e-05
0.00719385
0.000906069
0.00738181
0.00220864
0.00780954
0.0035716
0.0083198
0.0040644
0.00866142
0.0030874
0.00875204
0.00124616
0.00867062
-0.000421072
0.00847305
-0.00180813
0.00817509
-0.00320566
0.00786661
-0.00379181
0.0076196
-0.00351156
0.00737995
-0.00377395
0.00701191
-0.00507569
0.00649139
-0.00527413
0.00611125
-0.000917132
0.00627249
0.00774519
0.0071539
0.0144914
0.00825936
0.0124866
0.00889965
0.00507942
0.00895224
-0.0015895
0.00868127
-0.00481477
0.00828407
-0.00595528
0.00775478
-0.00791073
0.0071974
-0.00771354
0.0066582
-0.00405352
0.0064957
0.00401971
0.00701426
0.0114321
0.00776076
0.00941457
0.00852426
0.00643016
0.008725
-0.000507507
-0.00393038
0.00845183
0.00051357
-0.00841952
0.00847883
0.000460498
0.0085006
0.000406118
0.00851727
0.000351077
0.0085291
0.000296148
0.00853673
0.000243232
0.00854116
0.000194418
0.0085436
0.000151114
0.00854541
0.000113499
0.0085479
8.05219e-05
0.0085521
4.9452e-05
0.00855839
1.5343e-05
0.00856632
-2.82801e-05
0.00857396
-9.01015e-05
0.00857814
-0.000178375
0.00857435
-0.000300282
0.00855705
-0.000460444
0.00852113
-0.000654917
0.00846234
-0.00087541
0.00837904
-0.00110366
0.0082734
-0.0013134
0.00814844
-0.00148537
0.00801089
-0.00159252
0.0078703
-0.00160475
0.00773091
-0.00152942
0.00760303
-0.00133151
0.00750508
-0.000972987
0.0074386
-0.000503303
0.00739816
5.79154e-05
0.00742427
0.000879961
0.00760862
0.00202429
0.00799856
0.00318167
0.00846182
0.00360113
0.00878024
0.00276898
0.00887164
0.00115476
0.00880272
-0.000352148
0.00862152
-0.00162693
0.00833612
-0.00292026
0.00803606
-0.00349175
0.00779485
-0.00327036
0.00755177
-0.00353087
0.00717504
-0.00469896
0.00664073
-0.00473982
0.0062496
-0.000526003
0.00646488
0.00752992
0.00744984
0.0135064
0.0085926
0.0113439
0.00919602
0.004476
0.00919767
-0.00159115
0.0088979
-0.004515
0.00848986
-0.00554724
0.0079479
-0.00736878
0.00737959
-0.00714523
0.00686011
-0.00353403
0.00676232
0.00411749
0.00736273
0.0108317
0.0081342
0.0086431
0.0088544
0.00570996
0.00899815
-0.000651262
-0.00372515
0.00862796
0.000480717
-0.00859511
0.0086558
0.000432661
0.00867869
0.000383219
0.00869674
0.000333032
0.00871016
0.000282724
0.00871952
0.000233877
0.00872566
0.000188272
0.00872968
0.0001471
0.00873272
0.000110462
0.0087359
7.73412e-05
0.00874007
4.52822e-05
0.00874547
9.94475e-06
0.00875158
-3.43947e-05
0.0087566
-9.51204e-05
0.00875759
-0.00017937
0.00875048
-0.000293172
0.0087303
-0.000440264
0.0086925
-0.000617111
0.0086333
-0.000816212
0.00855122
-0.00102157
0.00844815
-0.00121034
0.00832704
-0.00136426
0.00819409
-0.00145957
0.00805824
-0.0014689
0.00792435
-0.00139553
0.00780236
-0.00120951
0.00770904
-0.000879671
0.00764766
-0.000441928
0.00761715
8.84254e-05
0.00765489
0.00084222
0.00783446
0.00184472
0.00818994
0.00282618
0.00861027
0.00318081
0.00890669
0.00247256
0.00899835
0.00106311
0.0089402
-0.000293991
0.00877384
-0.00146058
0.0085012
-0.00264763
0.00820929
-0.00319983
0.00797332
-0.00303439
0.0077269
-0.00328444
0.00734254
-0.00431461
0.00680599
-0.00420326
0.00642568
-0.00014569
0.00670634
0.00724926
0.00777784
0.0124349
0.00892908
0.0101926
0.0094827
0.00392239
0.00943491
-0.00154337
0.00911075
-0.00419084
0.00869577
-0.00513226
0.0081443
-0.00681731
0.0075683
-0.00656923
0.00707844
-0.00304417
0.00705669
0.00413924
0.00773288
0.0101556
0.00851268
0.0078633
0.00917908
0.00504356
0.00926648
-0.000738656
-0.00349593
0.00880898
0.000447328
-0.00877559
0.00883764
0.000404003
0.00886161
0.000359245
0.00888097
0.000313677
0.00889589
0.000267799
0.00890685
0.000222913
0.0089146
0.000180529
0.00892005
0.000141646
0.0089242
0.000106308
0.00892799
7.35515e-05
0.0089321
4.11766e-05
0.00893664
5.40353e-06
0.00894106
-3.88097e-05
0.00894364
-9.77069e-05
0.0089417
-0.000177428
0.00893154
-0.000283009
0.00890872
-0.000417445
0.00886917
-0.000577565
0.00880958
-0.000756618
0.0087286
-0.0009406
0.00862794
-0.00110967
0.00851044
-0.00124676
0.00838186
-0.00133099
0.00825059
-0.00133763
0.00812198
-0.00126693
0.00800566
-0.00109319
0.00791696
-0.000790978
0.0078607
-0.000385666
0.00783903
0.000110094
0.00788585
0.000795408
0.00805984
0.00167073
0.00838435
0.00250167
0.00876574
0.00279941
0.00904125
0.00219705
0.0091326
0.000971754
0.0090836
-0.000244985
0.00893042
-0.0013074
0.00867067
-0.00238787
0.00838669
-0.00291586
0.00815497
-0.00280266
0.00790578
-0.00303525
0.00751577
-0.00392459
0.00698941
-0.0036769
0.00664626
0.000197464
0.00700367
0.00689185
0.00813582
0.0113027
0.00926247
0.00906597
0.00975552
0.00342934
0.00966283
-0.00145068
0.00931995
-0.00384795
0.00890187
-0.00471418
0.00834447
-0.00625991
0.00776472
-0.00598949
0.00731364
-0.00259309
0.007376
0.00407688
0.0081174
0.00941415
0.00888815
0.00709255
0.00949347
0.00443824
0.00952822
-0.000773398
-0.00324627
0.00899511
0.000413402
-0.00896118
0.00902456
0.000374548
0.00904957
0.000334241
0.00907016
0.000293081
0.0090865
0.000251462
0.00909896
0.00021045
0.00910819
0.000171308
0.00911496
0.000134871
0.00912012
0.000101144
0.00912445
6.92273e-05
0.00912846
3.71645e-05
0.00913219
1.67393e-06
0.00913502
-4.16371e-05
0.00913536
-9.80444e-05
0.00913071
-0.000172787
0.00911775
-0.000270048
0.00909251
-0.000392205
0.00905136
-0.000536414
0.00899138
-0.000696635
0.0089114
-0.000860619
0.00881293
-0.0010112
0.00869879
-0.00113261
0.00857432
-0.00120653
0.00844744
-0.00121075
0.00832388
-0.00114336
0.00821296
-0.000982274
0.00812883
-0.000706845
0.00807756
-0.000334399
0.00806367
0.000123988
0.00811738
0.000741698
0.00828527
0.00150284
0.00858214
0.0022048
0.00892848
0.00245307
0.0091842
0.00194133
0.00927471
0.000881245
0.00923343
-0.000203705
0.00909176
-0.00116572
0.0088448
-0.00214092
0.00856867
-0.00263973
0.00833988
-0.00257387
0.00808876
-0.00278414
0.00769631
-0.00353215
0.00719207
-0.00317266
0.00691129
0.000478241
0.00735232
0.00645082
0.00851284
0.0101422
0.00958355
0.00799526
0.0100106
0.00300232
0.009881
-0.0013211
0.0095261
-0.00349305
0.0091084
-0.00429648
0.00854895
-0.00570046
0.00797009
-0.00541063
0.0075648
-0.0021878
0.00771357
0.00392812
0.00850565
0.00862207
0.00925184
0.00634636
0.00979336
0.00389672
0.00978225
-0.000762286
-0.00298063
0.00918658
0.000378937
-0.00915211
0.00921681
0.000344314
0.00924281
0.000308247
0.00926458
0.000271307
0.00928224
0.000233801
0.0092961
0.000196589
0.00930669
0.00016072
0.00931467
0.000126887
0.00932075
9.50676e-05
0.00932554
6.4435e-05
0.00932944
3.32662e-05
0.0093324
-1.29074e-06
0.00933376
-4.29886e-05
0.00933202
-9.63093e-05
0.0093249
-0.00016567
0.00930938
-0.000254526
0.00928192
-0.000364744
0.00923929
-0.000493779
0.00917891
-0.000636262
0.0090998
-0.000781511
0.00900334
-0.000914743
0.00889227
-0.00102154
0.00877164
-0.0010859
0.00864891
-0.00108802
0.0085301
-0.00102455
0.00842431
-0.000876478
0.0083446
-0.00062714
0.00829811
-0.000287912
0.00829097
0.000131133
0.00834979
0.000682874
0.00851129
0.00134135
0.0087836
0.00193249
0.0090986
0.00213807
0.00933574
0.00170419
0.00942494
0.000792042
0.00939017
-0.000168929
0.0092584
-0.00103395
0.00902388
-0.0019064
0.00875558
-0.00237143
0.00852829
-0.00234657
0.00827607
-0.00253192
0.00788574
-0.00314182
0.00741356
-0.00270048
0.00721248
0.000679324
0.00773396
0.00592934
0.00888932
0.00898685
0.00988185
0.00700273
0.0102453
0.00263888
0.0100901
-0.00116588
0.00973032
-0.00313331
0.00931586
-0.00388203
0.00875827
-0.00514287
0.00818545
-0.00483781
0.00782954
-0.00183189
0.00805956
0.00369811
0.00888514
0.00779649
0.00959567
0.00563583
0.0100759
0.00341648
0.0100283
-0.000714715
-0.00270403
0.00938364
0.000343925
-0.00934863
0.00941464
0.000313316
0.00944158
0.000281303
0.00946447
0.000248417
0.00948337
0.000214898
0.00949853
0.000181428
0.00951038
0.000148872
0.00951947
0.000117798
0.00952637
8.81669e-05
0.00953158
5.92315e-05
0.00953535
2.9488e-05
0.00953759
-3.52282e-06
0.00953758
-4.29828e-05
0.00953394
-9.26724e-05
0.00952456
-0.00015629
0.0095067
-0.000236665
0.0094772
-0.000335245
0.00943319
-0.000449763
0.00937241
-0.000575486
0.00929404
-0.000703143
0.00919937
-0.000820068
0.00909108
-0.00091325
0.00897397
-0.000968787
0.00885511
-0.000969161
0.00874073
-0.00091017
0.00863971
-0.00077546
0.00856424
-0.000551674
0.00852223
-0.000245903
0.00852088
0.000132483
0.00858339
0.000620371
0.00873842
0.00118631
0.008989
0.00168191
0.00927618
0.00185089
0.0094961
0.00148427
0.00958359
0.000704547
0.00955427
-0.000139609
0.00943094
-0.000910619
0.0092082
-0.00168366
0.00894769
-0.00211092
0.00872061
-0.0021195
0.00846795
-0.00227926
0.00808512
-0.002759
0.00765221
-0.00226756
0.00753523
0.000796304
0.00812169
0.00534288
0.00924323
0.00786531
0.0101495
0.00609652
0.0104598
0.00232848
0.010292
-0.000997992
0.00993417
-0.00277552
0.009525
-0.00347286
0.00897287
-0.00459074
0.00841135
-0.0042763
0.00810438
-0.00152492
0.00840299
0.0033995
0.00924434
0.00695514
0.00991403
0.00496615
0.0103404
0.00299008
0.0102673
-0.000641607
-0.0024215
0.00958656
0.000308352
-0.00955099
0.00961831
0.000281567
0.00964617
0.000253441
0.00967012
0.000224467
0.00969019
0.000194829
0.00970656
0.000165061
0.00971957
0.000135864
0.00972966
0.000107701
0.00973731
8.05229e-05
0.00974287
5.36674e-05
0.00974653
2.58354e-05
0.00974807
-5.07182e-06
0.00974682
-4.17302e-05
0.00974145
-8.72981e-05
0.00973
-0.000144846
0.00971001
-0.000216668
0.00967864
-0.000303874
0.00963333
-0.000404454
0.00957212
-0.000514282
0.00949435
-0.000625369
0.00940122
-0.000726944
0.00929541
-0.000807432
0.00918146
-0.000854844
0.00906615
-0.000853843
0.00895582
-0.000799844
0.00885919
-0.000678835
0.00878771
-0.00048019
0.00874982
-0.000208018
0.00875339
0.000128918
0.00881845
0.000555309
0.00896716
0.00103761
0.00919862
0.00145044
0.00946134
0.00158817
0.0096655
0.00128011
0.00975099
0.000619065
0.00972621
-0.000114836
0.00961002
-0.000794429
0.00939811
-0.00147174
0.0091452
-0.00185802
0.00891739
-0.00189169
0.00866468
-0.00202654
0.00829466
-0.00238897
0.00790508
-0.00187799
0.00786403
0.000837352
0.00849087
0.00471604
0.00955926
0.00679692
0.0103847
0.00527106
0.0106578
0.00205545
0.0104898
-0.000829989
0.0101395
-0.00242526
0.00973678
-0.00307015
0.00919301
-0.00404697
0.0086476
-0.00373088
0.00838541
-0.00126274
0.00873464
0.00305028
0.00957574
0.00611403
0.0102053
0.0043366
0.0105886
0.00260676
0.010501
-0.000553993
-0.00213759
0.00979564
0.000272202
-0.00975949
0.00982813
0.000249072
0.00985688
0.000224691
0.00988184
0.00019951
0.009903
0.000173667
0.00992049
0.000147572
0.00993457
0.000121787
0.00994558
9.66825e-05
0.0099539
7.22084e-05
0.00995978
4.77857e-05
0.00996331
2.23088e-05
0.00996423
-5.99099e-06
0.00996184
-3.93397e-05
0.00995488
-8.03447e-05
0.00994156
-0.000131527
0.00991962
-0.000194727
0.00988652
-0.000270777
0.00983999
-0.000357922
0.00977832
-0.000452609
0.00970098
-0.000548027
0.00960915
-0.000635114
0.00950546
-0.000703739
0.00939429
-0.000743681
0.00928214
-0.000741689
0.00917545
-0.000693154
0.00908278
-0.000586171
0.00901496
-0.000412366
0.0089808
-0.000173856
0.00898849
0.000121228
0.00905526
0.000488539
0.00919796
0.000894902
0.00941277
0.00123563
0.00965422
0.00134673
0.00984422
0.00109011
0.00992749
0.000535787
0.00990646
-9.38059e-05
0.00979628
-0.000684248
0.00959404
-0.0012695
0.0093483
-0.00161228
0.00911918
-0.00166256
0.00886667
-0.00177404
0.00851355
-0.00203585
0.00816823
-0.00153267
0.00818735
0.000818225
0.00882825
0.00407515
0.00983462
0.00579054
0.0105934
0.00451231
0.0108453
0.00180349
0.0106872
-0.000671844
0.0103482
-0.00208627
0.00995225
-0.00267419
0.00941883
-0.00351355
0.00889305
-0.00320511
0.0086691
-0.00103878
0.00904929
0.00267008
0.0098777
0.00528562
0.0104722
0.00374214
0.0108244
0.0022545
0.010732
-0.000461592
-0.00185589
0.0100112
0.000235449
-0.00997443
0.0100444
0.000215832
0.010074
0.000195078
0.0101
0.000173593
0.0101221
0.000151479
0.0101407
0.000129044
0.0101557
0.000106728
0.0101676
8.48259e-05
0.0101765
6.32889e-05
0.0101827
4.16226e-05
0.0101861
1.89025e-05
0.0101864
-6.33646e-06
0.010183
-3.59194e-05
0.0101746
-7.19648e-05
0.0101596
-0.000116512
0.0101359
-0.000171014
0.0101012
-0.000236087
0.0100535
-0.00031022
0.0099913
-0.000390409
0.00991421
-0.000470937
0.00982339
-0.000544293
0.00972144
-0.000601794
0.00961263
-0.000634867
0.00950321
-0.000632263
0.00939968
-0.000589628
0.00931049
-0.000496985
0.00924595
-0.000347822
0.00921508
-0.000142988
0.0092262
0.000110111
0.00929407
0.000420669
0.00943127
0.000757695
0.00963179
0.00103512
0.00985501
0.00112351
0.0100325
0.000912574
0.0101136
0.000454767
0.0100956
-7.58014e-05
0.00999037
-0.00057906
0.00979647
-0.0010756
0.00955718
-0.001373
0.00932647
-0.00143185
0.00907432
-0.00152188
0.0087403
-0.00170184
0.00843735
-0.00122971
0.00849965
0.000755919
0.00913364
0.00344116
0.0100779
0.00484632
0.0107861
0.00380411
0.0110301
0.00155943
0.010888
-0.000529773
0.0105621
-0.00176032
0.0101725
-0.00228462
0.00965026
-0.0029913
0.00914595
-0.0027008
0.0089527
-0.000845528
0.00934638
0.00227639
0.0101543
0.00447775
0.0107208
0.00317555
0.0110531
0.00192221
0.0109633
-0.00037179
-0.00157872
0.0102335
0.000198063
-0.0101962
0.0102675
0.000181841
0.010298
0.000164622
0.0103248
0.000146758
0.010348
0.000128327
0.0103675
0.00010955
0.0103834
9.07673e-05
0.0103961
7.22064e-05
0.0104055
5.3823e-05
0.0104119
3.52073e-05
0.0104152
1.56058e-05
0.0104151
-6.16801e-06
0.0104107
-3.15775e-05
0.0104011
-6.23069e-05
0.0103845
-9.99707e-05
0.0103592
-0.000145694
0.010323
-0.000199918
0.0102742
-0.00026138
0.0102114
-0.000327601
0.0101343
-0.000393893
0.0100442
-0.000454167
0.00994361
-0.000501184
0.00983666
-0.000527922
0.00972947
-0.00052507
0.00962858
-0.000488736
0.00954233
-0.000410739
0.00948062
-0.000286112
0.00945259
-0.000114961
0.00946653
9.61769e-05
0.0095351
0.000352097
0.00966749
0.000625307
0.009856
0.000846603
0.010064
0.000915538
0.0102308
0.000745712
0.0103097
0.000375918
0.0102941
-6.01864e-05
0.0101929
-0.000477926
0.0100059
-0.000888602
0.0097721
-0.00113915
0.00953969
-0.00119945
0.00928794
-0.00127012
0.00897315
-0.00138705
0.00870847
-0.000965031
0.00880006
0.000664332
0.00941501
0.00282621
0.0103028
0.00395857
0.0109745
0.00313238
0.0112191
0.00131478
0.0110956
-0.000406282
0.0107827
-0.00144737
0.0103986
-0.0019005
0.00988715
-0.00247987
0.00940414
-0.00221779
0.00923445
-0.000675835
0.00962888
0.00188197
0.010413
0.00369358
0.0109592
0.00262937
0.0112805
0.00160094
0.0111979
-0.000289242
-0.00130716
0.0104631
0.000160006
-0.010425
0.0104979
0.000147087
0.0105291
0.000133335
0.0105569
0.000119043
0.0105809
0.000104267
0.0106013
8.91629e-05
0.0106181
7.39813e-05
0.0106314
5.88937e-05
0.0106414
4.38634e-05
0.010648
2.85635e-05
0.0106512
1.24021e-05
0.0106506
-5.54874e-06
0.0106454
-2.64231e-05
0.0106346
-5.15168e-05
0.0106167
-8.2066e-05
0.01059
-0.000118915
0.0105524
-0.000162372
0.0105025
-0.000211419
0.0104389
-0.000264084
0.0103617
-0.000316662
0.0102719
-0.000364384
0.0101722
-0.000401449
0.0100666
-0.000422309
0.00996105
-0.000419547
0.0098622
-0.00038988
0.00977829
-0.000326834
0.00971891
-0.000226732
0.00969325
-8.9299e-05
0.00970948
7.99458e-05
0.00977855
0.000283027
0.00990696
0.000496895
0.0100858
0.000667774
0.0102814
0.000719898
0.0104395
0.000587617
0.0105165
0.000298991
0.0105027
-4.63953e-05
0.0104047
-0.000379931
0.0102231
-0.000706991
0.00999339
-0.00090949
0.00975916
-0.000965213
0.00950765
-0.00101862
0.00921036
-0.00108976
0.00897849
-0.000733162
0.00908982
0.000553011
0.00968203
0.002234
0.0105223
0.00311832
0.0111684
0.00248621
0.011418
0.00106521
0.0113127
-0.000300969
0.0110114
-0.00114604
0.0106314
-0.0015205
0.0101293
-0.00197779
0.00966547
-0.00175397
0.0095133
-0.000523665
0.00990128
0.00149399
0.0106627
0.00293219
0.0111951
0.00209695
0.0115117
0.00128433
0.0114385
-0.000216047
-0.00104107
0.0107003
0.000121231
-0.0106615
0.0107358
0.000111557
0.0107679
0.000101228
0.0107965
9.04808e-05
0.0108214
7.93533e-05
0.0108426
6.79482e-05
0.0108601
5.64408e-05
0.0108741
4.4953e-05
0.0108845
3.34575e-05
0.0108913
2.1709e-05
0.0108945
9.26954e-06
0.0108935
-4.54618e-06
0.0108876
-2.05682e-05
0.0108758
-3.974e-05
0.0108567
-6.29567e-05
0.0108286
-9.08213e-05
0.0107898
-0.000123536
0.0107387
-0.000160332
0.0106743
-0.000199733
0.0105967
-0.000238981
0.0105068
-0.00027455
0.0104075
-0.000302075
0.0103026
-0.000317429
0.0101981
-0.000315052
0.0101006
-0.000292388
0.0100184
-0.000244601
0.00996074
-0.00016911
0.00993695
-6.55079e-05
0.00995503
6.18618e-05
0.0100246
0.00021349
0.01015
0.000371449
0.0103215
0.000496273
0.0105078
0.000533646
0.0106591
0.000436268
0.0107345
0.000223569
0.0107221
-3.39247e-05
0.0106263
-0.000284151
0.0104484
-0.000529145
0.0102215
-0.000682534
0.00998513
-0.000728864
0.00973342
-0.000766904
0.00945055
-0.000806884
0.00924515
-0.000527765
0.0093703
0.000427859
0.00994207
0.00166224
0.0107456
0.00231482
0.0113746
0.00185715
0.0116308
0.000809034
0.0115414
-0.000211521
0.0112493
-0.000853959
0.0108716
-0.00114286
0.0103764
-0.00148256
0.00992812
-0.00130569
0.00978852
-0.000384068
0.0101678
0.00111468
0.0109105
0.00218947
0.0114348
0.00157266
0.011751
0.000968198
0.0116872
-0.000152277
-0.0007794
0.0109455
8.16878e-05
-0.0109059
0.0109818
7.52175e-05
0.0110147
6.83037e-05
0.0110441
6.11011e-05
0.0110698
5.36366e-05
0.0110918
4.59711e-05
0.01111
3.82151e-05
0.0111245
3.04469e-05
0.0111353
2.2649e-05
0.0111424
1.46567e-05
0.0111455
6.18072e-06
0.0111442
-3.23326e-06
0.0111377
-1.41291e-05
0.0111251
-2.71244e-05
0.011105
-4.28009e-05
0.0110757
-6.15479e-05
0.0110356
-8.34848e-05
0.0109834
-0.000108097
0.0109181
-0.000134396
0.0108396
-0.000160548
0.0107493
-0.00018422
0.0106497
-0.000202488
0.0105449
-0.000212607
0.0104407
-0.000210862
0.0103438
-0.0001955
0.0102625
-0.000163293
0.010206
-0.000112607
0.0101836
-4.30665e-05
0.0102031
4.23042e-05
0.0102732
0.000143361
0.0103969
0.000247786
0.0105635
0.00032963
0.0107434
0.000353752
0.0108902
0.000289484
0.0109647
0.000149079
0.0109531
-2.23297e-05
0.0108586
-0.000189611
0.0106828
-0.000353332
0.0104568
-0.000456601
0.0102178
-0.000489862
0.00996506
-0.000514135
0.00969254
-0.00053436
0.00950679
-0.000342018
0.00964213
0.000292523
0.0101993
0.00110502
0.010978
0.00153616
0.0115973
0.00123782
0.0118604
0.000545926
0.0117834
-0.000134495
0.0114975
-0.000568045
0.0111201
-0.000765423
0.0106283
-0.000990745
0.0101906
-0.000867998
0.0100594
-0.000252906
0.0104315
0.000742572
0.0111621
0.00145891
0.0116832
0.00105149
0.0120016
0.000649821
0.0119459
-9.65562e-05
-0.000520319
0.0111992
4.12976e-05
-0.0111588
0.0112364
3.80501e-05
0.0112701
3.45566e-05
0.0113003
3.09248e-05
0.0113268
2.71631e-05
0.0113494
2.32944e-05
0.0113683
1.93729e-05
0.0113833
1.54375e-05
0.0113945
1.148e-05
0.0114017
7.4165e-06
0.0114048
3.10313e-06
0.0114032
-1.68944e-06
0.0113963
-7.22911e-06
0.011383
-1.38244e-05
0.011362
-2.17604e-05
0.0113317
-3.12311e-05
0.0112905
-4.22884e-05
0.0112371
-5.46757e-05
0.0111705
-6.78919e-05
0.011091
-8.10211e-05
0.0109997
-9.28933e-05
0.0108992
-0.00010204
0.0107937
-0.000107083
0.010689
-0.000106154
0.0105919
-9.83602e-05
0.0105107
-8.20704e-05
0.0104545
-5.65031e-05
0.0104329
-2.14173e-05
0.0104536
2.16033e-05
0.0105246
7.23718e-05
0.0106478
0.000124536
0.0108123
0.000165201
0.010989
0.000177013
0.0111336
0.000144883
0.0112079
7.47931e-05
0.0111968
-1.12084e-05
0.0111024
-9.52594e-05
0.0109268
-0.000177674
0.0107
-0.000229792
0.0104575
-0.000247386
0.0102024
-0.000259026
0.00993536
-0.000267348
0.00976203
-0.000168693
0.00990504
0.000149511
0.0104556
0.000554445
0.0112224
0.000769375
0.0118394
0.000620867
0.0121093
0.000276006
0.0120405
-6.57506e-05
0.0117571
-0.000284604
0.0113773
-0.000385591
0.0108846
-0.000498098
0.0104515
-0.000434922
0.0103251
-0.000126425
0.0106939
0.000373705
0.0114206
0.00073221
0.0119435
0.000528606
0.0122661
0.00032726
0.012216
-4.65324e-05
-0.000261417
0.0114621
-0.0114208
0.0115001
0.0115347
0.0115656
0.0115928
0.011616
0.0116354
0.0116509
0.0116623
0.0116698
0.0116729
0.0116712
0.0116639
0.0116501
0.0116284
0.0115971
0.0115548
0.0115002
0.0114323
0.0113512
0.0112584
0.0111563
0.0110492
0.0109431
0.0108447
0.0107626
0.0107061
0.0106847
0.0107063
0.0107787
0.0109032
0.0110684
0.0112454
0.0113903
0.0114651
0.0114539
0.0113587
0.011181
0.0109512
0.0107038
0.0104448
0.0101774
0.0100087
0.0101582
0.0107127
0.0114821
0.0121029
0.0123789
0.0123132
0.0120286
0.011643
0.0111449
0.01071
0.0105836
0.0109573
0.0116895
0.0122181
0.0125453
0.0124988
0.00296495
0.000525715
-0.00295292
0.00297695
0.000565722
0.00298892
0.000605845
0.00300087
0.000646067
0.0030128
0.000686372
0.00302471
0.000726743
0.00303659
0.000767161
0.00304846
0.000807607
0.0030603
0.000848058
0.0030721
0.000888492
0.00308384
0.000928879
0.00309548
0.000969189
0.00310699
0.00100938
0.00311831
0.00104942
0.00312936
0.00108925
0.00314004
0.0011288
0.00315021
0.001168
0.00315972
0.00120675
0.00316836
0.00124494
0.00317588
0.00128244
0.00318198
0.00131906
0.00318629
0.00135463
0.00318838
0.00138889
0.00318775
0.00142158
0.00318385
0.00145237
0.00317602
0.0014809
0.00316358
0.00150677
0.00314578
0.00152954
0.00312182
0.00154872
0.00309092
0.00156384
0.0030523
0.00157439
0.00300526
0.00157994
0.00294918
0.00158008
0.00288363
0.00157454
0.00280838
0.0015632
0.00272352
0.00154617
0.00262965
0.00152382
0.00252823
0.00149685
0.00242212
0.00146641
0.00142781
0.00302091
0.000513481
-0.00300868
0.00303315
0.000553487
0.00304539
0.000593604
0.00305764
0.000633816
0.0030699
0.000674107
0.00308219
0.000714461
0.00309449
0.000754859
0.00310681
0.000795285
0.00311915
0.000835718
0.0031315
0.000876138
0.00314386
0.000916523
0.0031562
0.000956846
0.0031685
0.00099708
0.00318073
0.00103719
0.00319284
0.00107714
0.00320476
0.00111688
0.0032164
0.00115636
0.00322765
0.0011955
0.00323836
0.00123423
0.00324835
0.00127244
0.0032574
0.00131002
0.00326522
0.0013468
0.00327148
0.00138262
0.0032758
0.00141726
0.00327769
0.00145047
0.00327665
0.00148195
0.00327205
0.00151137
0.00326325
0.00153834
0.00324954
0.00156244
0.00323015
0.00158322
0.00320434
0.0016002
0.00317139
0.0016129
0.00313063
0.00162084
0.00308156
0.00162361
0.00302389
0.00162087
0.00295764
0.00161242
0.00288321
0.00159825
0.00280151
0.00157854
0.00271244
0.00155547
0.00152068
0.00307748
0.000501094
-0.0030651
0.00308992
0.000541051
0.00310241
0.000581117
0.00311495
0.000621275
0.00312754
0.00066151
0.0031402
0.000701805
0.00315292
0.000742144
0.00316569
0.000782509
0.00317853
0.000822881
0.00319142
0.000863243
0.00320437
0.000903574
0.00321737
0.000943852
0.00323039
0.000984054
0.00324343
0.00102415
0.00325645
0.00106412
0.00326941
0.00110392
0.00328226
0.00114351
0.00329492
0.00118284
0.0033073
0.00122186
0.00331926
0.00126048
0.00333066
0.00129862
0.00334129
0.00133618
0.0033509
0.00137301
0.0033592
0.00140896
0.00336583
0.00144384
0.00337037
0.00147741
0.00337232
0.00150941
0.00337114
0.00153952
0.00336619
0.00156739
0.00335681
0.00159261
0.00334226
0.00161475
0.00332182
0.00163334
0.00329475
0.00164791
0.00326039
0.00165798
0.00321814
0.00166312
0.00316757
0.00166299
0.00310838
0.00165744
0.00304082
0.00164611
0.00296487
0.00163141
0.00160218
0.00313513
0.00048866
-0.00312269
0.00314766
0.000528514
0.0031603
0.000568475
0.00317305
0.000608527
0.00318591
0.000648654
0.00319887
0.000688841
0.00321195
0.000729071
0.00322513
0.000769327
0.00323842
0.000809592
0.00325181
0.000849848
0.00326531
0.000890076
0.00327891
0.000930256
0.00329259
0.000970368
0.00330635
0.00101039
0.00332018
0.0010503
0.00333404
0.00109006
0.0033479
0.00112965
0.00336172
0.00116902
0.00337543
0.00120814
0.00338896
0.00124695
0.00340218
0.00128539
0.00341498
0.00132338
0.00342717
0.00136082
0.00343853
0.0013976
0.0034488
0.00143357
0.00345766
0.00146856
0.00346471
0.00150236
0.00346951
0.00153472
0.00347153
0.00156537
0.00347017
0.00159397
0.00346478
0.00162014
0.00345464
0.00164348
0.00343901
0.00166354
0.00341711
0.00167987
0.00338823
0.001692
0.00335173
0.00169949
0.00330714
0.00170203
0.00325449
0.00169876
0.00319369
0.00169222
0.0016706
0.00319427
0.000476288
-0.0031819
0.0032068
0.000515985
0.00321949
0.000555787
0.00323234
0.000595678
0.00324535
0.000635643
0.00325852
0.000675668
0.00327186
0.000715736
0.00328536
0.00075583
0.00329901
0.000795934
0.00331283
0.000836032
0.0033268
0.000876105
0.00334092
0.000916135
0.00335519
0.000956102
0.00336959
0.000995987
0.00338412
0.00103577
0.00339876
0.00107542
0.00341348
0.00111492
0.00342827
0.00115424
0.00344307
0.00119334
0.00345784
0.00123218
0.00347251
0.00127073
0.00348698
0.00130891
0.00350114
0.00134667
0.00351483
0.00138391
0.00352786
0.00142054
0.00353999
0.00145642
0.00355094
0.00149141
0.00356034
0.00152532
0.00356779
0.00155792
0.00357279
0.00158896
0.00357479
0.00161814
0.00357316
0.00164511
0.00356723
0.00166947
0.00355628
0.00169082
0.00353958
0.0017087
0.00351647
0.0017226
0.00348629
0.00173222
0.00344859
0.00173646
0.00340292
0.00173789
0.00172497
0.00325524
0.000464055
-0.00324301
0.00326767
0.000503551
0.00328032
0.000543147
0.00329316
0.000582829
0.00330623
0.000622582
0.0033195
0.000662393
0.00333299
0.000702246
0.00334669
0.000742125
0.00336061
0.000782016
0.00337474
0.000821901
0.00338908
0.000861764
0.00340363
0.000901588
0.00341838
0.000941355
0.00343332
0.000981045
0.00344845
0.00102064
0.00346375
0.00106012
0.00347921
0.00109946
0.00349481
0.00113864
0.00351052
0.00117762
0.00352632
0.00121639
0.00354215
0.0012549
0.00355795
0.00129311
0.00357364
0.00133097
0.00358913
0.00136842
0.00360428
0.00140539
0.00361892
0.00144178
0.00363285
0.00147749
0.0036458
0.00151237
0.00365746
0.00154626
0.00366746
0.00157897
0.00367535
0.00161025
0.00368063
0.00163983
0.00368271
0.00166739
0.00368096
0.00169257
0.00367467
0.00171498
0.00366313
0.00173414
0.00364556
0.00174978
0.00362128
0.00176075
0.00358979
0.00176937
0.00176508
0.00331819
0.000452001
-0.00330613
0.00333048
0.000491261
0.00334301
0.000530614
0.00335579
0.000570049
0.00336882
0.00060955
0.00338211
0.000649104
0.00339566
0.000688697
0.00340947
0.000728315
0.00342354
0.000767943
0.00343788
0.000807565
0.00345248
0.000847166
0.00346733
0.00088673
0.00348245
0.000926241
0.00349781
0.000965681
0.00351342
0.00100503
0.00352927
0.00104427
0.00354534
0.00108339
0.00356162
0.00112236
0.00357809
0.00116115
0.00359473
0.00119975
0.00361151
0.00123812
0.00362839
0.00127623
0.00364531
0.00131405
0.00366221
0.00135152
0.003679
0.0013886
0.00369557
0.00142521
0.00371178
0.00146128
0.00372743
0.00149672
0.0037423
0.00153139
0.00375611
0.00156515
0.00376853
0.00159783
0.00377915
0.00162921
0.00378749
0.00165905
0.003793
0.00168706
0.00379507
0.00171291
0.00379302
0.00173619
0.00378614
0.00175666
0.00377367
0.00177322
0.00375515
0.00178789
0.00179158
0.00338314
0.000440132
-0.00337127
0.00339527
0.00047913
0.00340767
0.000518215
0.00342034
0.000557373
0.0034333
0.000596591
0.00344655
0.000635856
0.00346009
0.000675155
0.00347393
0.000714474
0.00348808
0.000753799
0.00350253
0.000793116
0.00351728
0.00083241
0.00353234
0.000871668
0.00354771
0.000910873
0.00356338
0.00095001
0.00357935
0.000989062
0.00359561
0.00102801
0.00361216
0.00106684
0.00362898
0.00110554
0.00364606
0.00114407
0.00366339
0.00118242
0.00368094
0.00122057
0.00369869
0.00125849
0.00371659
0.00129614
0.00373461
0.0013335
0.00375269
0.00137052
0.00377075
0.00140716
0.00378868
0.00144335
0.00380637
0.00147903
0.00382365
0.00151411
0.00384032
0.00154848
0.00385613
0.00158202
0.00387078
0.00161457
0.00388389
0.00164594
0.00389505
0.00167591
0.00390373
0.00170422
0.00390938
0.00173054
0.00391137
0.00175468
0.00390893
0.00177566
0.00390165
0.00179517
0.0018058
0.00345005
0.000428439
-0.00343836
0.00346203
0.000467154
0.00347429
0.000505948
0.00348686
0.000544808
0.00349973
0.000583721
0.00351291
0.000622673
0.00352641
0.000661652
0.00354024
0.000700645
0.0035544
0.000739638
0.0035689
0.000778618
0.00358374
0.000817572
0.00359892
0.000856486
0.00361445
0.000895345
0.00363032
0.000934136
0.00364654
0.000972843
0.0036631
0.00101145
0.00368
0.00104995
0.00369723
0.00108831
0.00371478
0.00112652
0.00373264
0.00116456
0.0037508
0.00120241
0.00376923
0.00124005
0.00378791
0.00127746
0.00380682
0.0013146
0.00382589
0.00135144
0.0038451
0.00138795
0.00386436
0.00142409
0.0038836
0.00145979
0.00390269
0.00149501
0.00392151
0.00152966
0.00393987
0.00156366
0.00395755
0.00159688
0.00397429
0.0016292
0.00398976
0.00166044
0.00400356
0.00169042
0.00401523
0.00171887
0.00402426
0.00174565
0.00402995
0.00176998
0.00403197
0.00179315
0.00180946
0.00351886
0.000416907
-0.00350733
0.0035307
0.00045532
0.00354284
0.000493805
0.0035553
0.000532348
0.00356809
0.000570937
0.0035812
0.000609558
0.00359466
0.000648198
0.00360846
0.000686844
0.00362261
0.000725485
0.00363712
0.000764105
0.003652
0.000802694
0.00366725
0.000841237
0.00368287
0.000879721
0.00369888
0.000918134
0.00371526
0.000956461
0.00373202
0.000994689
0.00374916
0.0010328
0.00376668
0.00107079
0.00378458
0.00110863
0.00380284
0.0011463
0.00382145
0.0011838
0.0038404
0.0012211
0.00385968
0.00125818
0.00387926
0.00129502
0.00389912
0.00133159
0.00391921
0.00136786
0.0039395
0.0014038
0.00395991
0.00143938
0.00398039
0.00147454
0.00400082
0.00150923
0.00402109
0.00154339
0.00404105
0.00157693
0.00406049
0.00160975
0.00407918
0.00164175
0.00409683
0.00167277
0.00411308
0.00170262
0.00412752
0.0017312
0.00413959
0.00175791
0.00414904
0.0017837
0.0018044
0.00358952
0.000405523
-0.00357814
0.00360123
0.000443615
0.00361326
0.000481772
0.00362563
0.000519981
0.00363833
0.000558229
0.00365139
0.000596502
0.0036648
0.000634787
0.00367857
0.000673072
0.00369272
0.000711343
0.00370723
0.000749588
0.00372213
0.000787793
0.00373742
0.000825947
0.00375311
0.000864037
0.00376919
0.000902049
0.00378568
0.000939971
0.00380258
0.00097779
0.00381989
0.00101549
0.00383761
0.00105306
0.00385575
0.00109049
0.00387429
0.00112776
0.00389323
0.00116486
0.00391257
0.00120176
0.00393229
0.00123846
0.00395238
0.00127493
0.00397282
0.00131114
0.00399359
0.00134709
0.00401465
0.00138274
0.00403596
0.00141806
0.00405748
0.00145303
0.00407913
0.00148758
0.00410082
0.00152169
0.00412246
0.00155529
0.00414391
0.00158831
0.00416499
0.00162067
0.0041855
0.00165226
0.00420516
0.00168295
0.0042237
0.00171266
0.00424066
0.00174096
0.00425585
0.00176851
0.00179241
0.003662
0.000394281
-0.00365076
0.00367359
0.000432032
0.00368552
0.000469843
0.0036978
0.0005077
0.00371044
0.000545589
0.00372344
0.000583498
0.00373682
0.000621413
0.00375057
0.000659321
0.0037647
0.000697208
0.00377923
0.000735063
0.00379415
0.000772872
0.00380947
0.000810623
0.0038252
0.000848303
0.00384135
0.000885899
0.00385792
0.0009234
0.00387492
0.000960792
0.00389235
0.000998063
0.00391022
0.0010352
0.00392852
0.00107219
0.00394726
0.00110902
0.00396644
0.00114568
0.00398605
0.00118215
0.00400609
0.00121842
0.00402655
0.00125446
0.00404743
0.00129027
0.00406869
0.00132583
0.00409033
0.00136111
0.00411231
0.00139609
0.00413459
0.00143074
0.00415714
0.00146503
0.0041799
0.00149893
0.00420279
0.0015324
0.00422571
0.00156539
0.00424855
0.00159782
0.00427117
0.00162965
0.00429337
0.00166075
0.00431495
0.00169109
0.00433555
0.00172035
0.00435507
0.001749
0.00177509
0.0037363
0.000383177
-0.0037252
0.00374776
0.000420568
0.00375959
0.000458013
0.00377179
0.000495499
0.00378437
0.000533013
0.00379733
0.00057054
0.00381067
0.000608068
0.00382441
0.000645584
0.00383854
0.000683074
0.00385308
0.000720526
0.00386803
0.000757926
0.00388339
0.000795261
0.00389917
0.00083252
0.00391538
0.000869689
0.00393203
0.000906756
0.00394911
0.000943708
0.00396664
0.000980534
0.00398462
0.00101722
0.00400305
0.00105376
0.00402194
0.00109013
0.00404129
0.00112633
0.0040611
0.00116234
0.00408138
0.00119814
0.00410211
0.00123373
0.00412329
0.00126909
0.00414491
0.0013042
0.00416696
0.00133905
0.00418943
0.00137362
0.00421228
0.00140788
0.0042355
0.00144182
0.00425903
0.0014754
0.00428283
0.0015086
0.00430684
0.00154138
0.00433097
0.00157369
0.00435513
0.00160549
0.00437917
0.0016367
0.00440297
0.00166729
0.00442627
0.00169705
0.00444898
0.00172628
0.00175377
0.00381242
0.000372212
-0.00380145
0.00382376
0.000409222
0.00383549
0.000446282
0.00384762
0.000483378
0.00386013
0.000520498
0.00387304
0.000557626
0.00388636
0.000594751
0.00390009
0.000631859
0.00391422
0.000668937
0.00392878
0.000705971
0.00394376
0.000742948
0.00395916
0.000779856
0.003975
0.000816682
0.00399127
0.000853413
0.00400799
0.000890037
0.00402516
0.00092654
0.00404279
0.000962912
0.00406087
0.000999139
0.00407942
0.00103521
0.00409844
0.00107111
0.00411793
0.00110684
0.0041379
0.00114237
0.00415835
0.00117769
0.00417928
0.0012128
0.00420069
0.00124768
0.00422257
0.00128232
0.00424493
0.0013167
0.00426774
0.0013508
0.00429101
0.00138462
0.0043147
0.00141813
0.00433879
0.00145131
0.00436325
0.00148414
0.00438804
0.00151659
0.0044131
0.00154863
0.00443837
0.00158022
0.00446375
0.00161132
0.00448916
0.00164189
0.0045144
0.00167181
0.00453943
0.00170125
0.00172952
0.00389038
0.000361387
-0.00387955
0.0039016
0.000397996
0.00391324
0.000434651
0.00392527
0.000471339
0.00393773
0.000508045
0.0039506
0.000544757
0.00396389
0.000581462
0.0039776
0.000618145
0.00399174
0.000654794
0.00400632
0.000691396
0.00402133
0.000727937
0.00403678
0.000764405
0.00405268
0.000800786
0.00406902
0.000837067
0.00408582
0.000873237
0.00410308
0.000909282
0.0041208
0.00094519
0.00413899
0.000980949
0.00415765
0.00101655
0.0041768
0.00105197
0.00419642
0.00108721
0.00421653
0.00112226
0.00423713
0.00115709
0.00425823
0.00119171
0.00427982
0.00122609
0.00430191
0.00126023
0.00432449
0.00129411
0.00434757
0.00132773
0.00437113
0.00136106
0.00439516
0.0013941
0.00441965
0.00142682
0.00444459
0.0014592
0.00446994
0.00149124
0.00449566
0.0015229
0.00452172
0.00155416
0.00454806
0.00158499
0.0045746
0.00161535
0.00460124
0.00164517
0.00462793
0.00167456
0.00170315
0.0039702
0.0003507
-0.00395951
0.0039813
0.00038689
0.00399283
0.000423122
0.00400479
0.000459382
0.00401718
0.000495658
0.00403
0.000531935
0.00404326
0.000568202
0.00405696
0.000604444
0.00407111
0.000640649
0.0040857
0.000676802
0.00410075
0.000712892
0.00411625
0.000748905
0.0041322
0.000784828
0.00414862
0.000820648
0.00416551
0.000856353
0.00418286
0.000891929
0.00420068
0.000927364
0.00421899
0.000962647
0.00423777
0.000997764
0.00425704
0.0010327
0.0042768
0.00106745
0.00429705
0.001102
0.0043178
0.00113634
0.00433905
0.00117046
0.0043608
0.00120433
0.00438307
0.00123797
0.00440584
0.00127134
0.00442912
0.00130445
0.00445291
0.00133727
0.0044772
0.0013698
0.00450199
0.00140203
0.00452727
0.00143393
0.00455302
0.00146549
0.00457921
0.0014967
0.00460583
0.00152754
0.00463284
0.00155798
0.00466019
0.001588
0.00468781
0.00161755
0.00471566
0.0016467
0.0016753
0.00405191
0.000340157
-0.00404137
0.0040629
0.000375908
0.00407432
0.000411697
0.00408619
0.000447512
0.00409851
0.000483338
0.00411128
0.000519164
0.00412451
0.000554975
0.00413819
0.000590759
0.00415234
0.000626502
0.00416695
0.000662192
0.00418203
0.000697816
0.00419757
0.000733359
0.00421359
0.00076881
0.00423008
0.000804155
0.00424705
0.000839383
0.0042645
0.000874479
0.00428244
0.000909431
0.00430086
0.000944227
0.00431977
0.000978855
0.00433917
0.0010133
0.00435907
0.00104756
0.00437946
0.00108161
0.00440037
0.00111544
0.00442177
0.00114905
0.00444369
0.00118242
0.00446612
0.00121554
0.00448907
0.00124839
0.00451254
0.00128098
0.00453652
0.00131329
0.00456103
0.0013453
0.00458606
0.001377
0.00461159
0.00140839
0.00463764
0.00143945
0.00466418
0.00147016
0.0046912
0.00150052
0.00471868
0.0015305
0.00474659
0.00156009
0.00477489
0.00158926
0.00480355
0.00161804
0.00164641
0.00413554
0.000329758
-0.00412514
0.0041464
0.000365051
0.00415772
0.00040038
0.0041695
0.00043573
0.00418175
0.00047109
0.00419447
0.000506445
0.00420766
0.000541784
0.00422132
0.000577093
0.00423547
0.000612359
0.00425009
0.000647569
0.0042652
0.00068271
0.00428079
0.000717769
0.00429686
0.000752734
0.00431343
0.000787591
0.00433048
0.000822327
0.00434803
0.00085693
0.00436607
0.000891388
0.00438461
0.000925687
0.00440365
0.000959815
0.00442319
0.000993761
0.00444324
0.00102751
0.00446379
0.00106106
0.00448485
0.00109438
0.00450642
0.00112748
0.00452851
0.00116033
0.00455112
0.00119293
0.00457424
0.00122527
0.00459789
0.00125733
0.00462207
0.00128911
0.00464677
0.00132059
0.004672
0.00135177
0.00469776
0.00138263
0.00472405
0.00141316
0.00475085
0.00144336
0.00477818
0.0014732
0.004806
0.00150268
0.00483431
0.00153178
0.00486309
0.00156048
0.00489231
0.00158881
0.00161682
0.00422112
0.000319504
-0.00421087
0.00423185
0.000354321
0.00424306
0.000389171
0.00425475
0.000424039
0.00426693
0.000458915
0.00427959
0.000493783
0.00429274
0.000528632
0.00430638
0.00056345
0.00432052
0.000598222
0.00433515
0.000632936
0.00435028
0.000667579
0.00436591
0.000702139
0.00438205
0.000736602
0.00439868
0.000770956
0.00441582
0.000805188
0.00443346
0.000839286
0.00445162
0.000873236
0.00447028
0.000907026
0.00448945
0.000940645
0.00450913
0.000974079
0.00452932
0.00100732
0.00455003
0.00104035
0.00457126
0.00107315
0.00459301
0.00110573
0.00461527
0.00113806
0.00463806
0.00117014
0.00466137
0.00120195
0.00468521
0.00123349
0.00470958
0.00126474
0.00473448
0.00129569
0.00475992
0.00132634
0.00478589
0.00135666
0.00481239
0.00138666
0.00483943
0.00141632
0.004867
0.00144563
0.0048951
0.00147458
0.00492371
0.00150316
0.00495284
0.00153136
0.00498246
0.00155918
0.00158673
0.00430868
0.000309396
-0.00429857
0.00431928
0.000343719
0.00433038
0.000378072
0.00434198
0.000412442
0.00435408
0.000446815
0.00436668
0.00048118
0.00437979
0.000515523
0.00439341
0.000549832
0.00440753
0.000584094
0.00442217
0.000618296
0.00443733
0.000652426
0.00445299
0.000686471
0.00446918
0.000720419
0.00448588
0.000754256
0.0045031
0.000787969
0.00452084
0.000821547
0.00453909
0.000854977
0.00455787
0.000888247
0.00457718
0.000921343
0.004597
0.000954254
0.00461735
0.000986968
0.00463822
0.00101947
0.00465962
0.00105176
0.00468154
0.00108381
0.00470399
0.00111561
0.00472697
0.00114716
0.00475048
0.00117845
0.00477452
0.00120945
0.0047991
0.00124017
0.0048242
0.00127058
0.00484985
0.00130069
0.00487603
0.00133048
0.00490275
0.00135994
0.00493001
0.00138906
0.00495781
0.00141783
0.00498614
0.00144624
0.00501502
0.00147429
0.00504442
0.00150195
0.00507436
0.00152925
0.00155628
0.00439825
0.000299434
-0.00438828
0.00440872
0.000333246
0.00441971
0.000367085
0.00443121
0.000400938
0.00444323
0.000434793
0.00445577
0.000468637
0.00446884
0.000502458
0.00448243
0.000536242
0.00449654
0.000569978
0.00451119
0.000603653
0.00452636
0.000637255
0.00454206
0.00067077
0.00455829
0.000704186
0.00457506
0.000737491
0.00459235
0.000770673
0.00461018
0.000803718
0.00462855
0.000836614
0.00464744
0.00086935
0.00466687
0.000901912
0.00468684
0.000934288
0.00470734
0.000966468
0.00472838
0.000998437
0.00474995
0.00103019
0.00477205
0.0010617
0.00479469
0.00109297
0.00481787
0.00112399
0.00484158
0.00115473
0.00486583
0.0011852
0.00489062
0.00121538
0.00491594
0.00124526
0.00494181
0.00127483
0.00496821
0.00130408
0.00499516
0.00133299
0.00502264
0.00136157
0.00505067
0.0013898
0.00507924
0.00141767
0.00510836
0.00144517
0.00513801
0.00147229
0.00516821
0.00149905
0.00152554
0.00448986
0.000289619
-0.00448005
0.00450021
0.000322902
0.00451108
0.00035621
0.00452249
0.000389531
0.00453443
0.00042285
0.00454691
0.000456157
0.00455993
0.000489439
0.00457349
0.000522683
0.00458759
0.000555877
0.00460224
0.00058901
0.00461742
0.000622067
0.00463316
0.000655037
0.00464943
0.000687908
0.00466626
0.000720667
0.00468363
0.000753301
0.00470155
0.0007858
0.00472001
0.000818149
0.00473903
0.000850337
0.00475858
0.000882353
0.00477869
0.000914183
0.00479934
0.000945816
0.00482054
0.000977239
0.00484228
0.00100844
0.00486457
0.00103941
0.00488741
0.00107014
0.00491078
0.00110061
0.00493471
0.00113081
0.00495917
0.00116074
0.00498418
0.00119037
0.00500973
0.00121971
0.00503582
0.00124873
0.00506246
0.00127744
0.00508964
0.00130581
0.00511736
0.00133385
0.00514563
0.00136153
0.00517444
0.00138886
0.0052038
0.00141582
0.0052337
0.00144239
0.00526415
0.00146861
0.00149454
0.00458358
0.000279951
-0.00457391
0.00459379
0.00031269
0.00460455
0.00034545
0.00461586
0.00037822
0.00462772
0.000410988
0.00464014
0.000443741
0.00465311
0.000476468
0.00466664
0.000509156
0.00468072
0.000541793
0.00469536
0.000574367
0.00471056
0.000606865
0.00472633
0.000639275
0.00474265
0.000671586
0.00475953
0.000703784
0.00477697
0.000735858
0.00479498
0.000767796
0.00481354
0.000799584
0.00483267
0.000831213
0.00485235
0.000862668
0.0048726
0.000893939
0.0048934
0.000925013
0.00491476
0.00095588
0.00493667
0.000986526
0.00495915
0.00101694
0.00498217
0.00104711
0.00500575
0.00107703
0.00502989
0.00110668
0.00505457
0.00113605
0.0050798
0.00116514
0.00510559
0.00119392
0.00513192
0.0012224
0.0051588
0.00125056
0.00518623
0.00127839
0.0052142
0.00130588
0.00524272
0.00133302
0.00527178
0.0013598
0.00530139
0.00138621
0.00533154
0.00141224
0.00536224
0.00143791
0.00146329
0.00467942
0.000270432
-0.0046699
0.0046895
0.000302608
0.00470015
0.000334803
0.00471136
0.000367007
0.00472314
0.000399207
0.00473549
0.000431391
0.00474841
0.000463547
0.00476191
0.000495663
0.00477597
0.000527727
0.00479061
0.000559726
0.00480583
0.00059165
0.00482162
0.000623486
0.00483798
0.000655222
0.00485492
0.000686845
0.00487243
0.000718344
0.00489052
0.000749707
0.00490918
0.000780922
0.00492842
0.000811977
0.00494823
0.00084286
0.00496861
0.000873559
0.00498956
0.000904063
0.00501108
0.000934359
0.00503317
0.000964437
0.00505582
0.000994285
0.00507904
0.00102389
0.00510283
0.00105324
0.00512717
0.00108233
0.00515208
0.00111115
0.00517754
0.00113967
0.00520356
0.0011679
0.00523014
0.00119583
0.00525726
0.00122343
0.00528494
0.00125071
0.00531317
0.00127765
0.00534195
0.00130424
0.00537128
0.00133047
0.00540115
0.00135634
0.00543157
0.00138182
0.00546253
0.00140694
0.00143177
0.00477744
0.00026106
-0.00476807
0.00478739
0.000292657
0.00479792
0.000324271
0.00480904
0.000355892
0.00482074
0.000387508
0.00483302
0.000419106
0.00484589
0.000450675
0.00485935
0.000482203
0.0048734
0.000513679
0.00488804
0.00054509
0.00490326
0.000576424
0.00491908
0.00060767
0.00493548
0.000638817
0.00495248
0.000669851
0.00497006
0.000700761
0.00498823
0.000731536
0.00500699
0.000762163
0.00502634
0.000792631
0.00504627
0.000822929
0.00506678
0.000853044
0.00508788
0.000882965
0.00510956
0.00091268
0.00513182
0.000942178
0.00515466
0.000971448
0.00517807
0.00100048
0.00520206
0.00102926
0.00522661
0.00105777
0.00525174
0.00108602
0.00527744
0.00111398
0.0053037
0.00114164
0.00533052
0.00116901
0.0053579
0.00119605
0.00538584
0.00122277
0.00541433
0.00124915
0.00544338
0.00127519
0.00547298
0.00130087
0.00550313
0.00132619
0.00553382
0.00135113
0.00556506
0.00137571
0.00139998
0.00487768
0.000251835
-0.00486846
0.0048875
0.000282836
0.00489792
0.000313853
0.00490894
0.000344875
0.00492056
0.00037589
0.00493277
0.000406887
0.0049456
0.000437853
0.00495902
0.000468778
0.00497305
0.00049965
0.00498768
0.000530457
0.00500292
0.000561187
0.00501876
0.000591829
0.00503521
0.000622372
0.00505225
0.000652802
0.00506991
0.00068311
0.00508816
0.000713282
0.00510701
0.000743309
0.00512647
0.000773177
0.00514652
0.000802876
0.00516717
0.000832394
0.00518842
0.000861719
0.00521026
0.000890841
0.00523269
0.000919748
0.00525571
0.000948428
0.00527931
0.000976872
0.0053035
0.00100507
0.00532828
0.001033
0.00535363
0.00106067
0.00537956
0.00108805
0.00540606
0.00111514
0.00543313
0.00114193
0.00546077
0.00116841
0.00548897
0.00119457
0.00551773
0.00122039
0.00554706
0.00124587
0.00557693
0.001271
0.00560736
0.00129576
0.00563834
0.00132015
0.00566986
0.00134418
0.0013679
0.0049802
0.000242757
-0.00497112
0.00498989
0.000273145
0.00500019
0.000303548
0.00501111
0.000333955
0.00502265
0.000364353
0.0050348
0.000394733
0.00504758
0.000425081
0.00506097
0.000455388
0.00507498
0.00048564
0.00508961
0.000515828
0.00510485
0.000545939
0.00512072
0.000575962
0.00513721
0.000605886
0.00515431
0.000635699
0.00517203
0.000665389
0.00519037
0.000694946
0.00520932
0.000724358
0.00522888
0.000753613
0.00524906
0.0007827
0.00526984
0.000811609
0.00529123
0.000840326
0.00531323
0.000868843
0.00533583
0.000897146
0.00535904
0.000925226
0.00538284
0.000953071
0.00540723
0.000980671
0.00543222
0.00100801
0.0054578
0.00103509
0.00548396
0.00106189
0.0055107
0.0010884
0.00553803
0.00111461
0.00556593
0.00114051
0.0055944
0.0011661
0.00562344
0.00119135
0.00565304
0.00121627
0.0056832
0.00124083
0.00571392
0.00126504
0.00574519
0.00128888
0.00577701
0.00131236
0.00133553
0.00508503
0.000233821
-0.0050761
0.0050946
0.000263581
0.00510479
0.000293355
0.00511562
0.00032313
0.00512707
0.000352897
0.00513916
0.000382643
0.00515189
0.000412358
0.00516524
0.00044203
0.00517924
0.000471649
0.00519386
0.000501202
0.00520912
0.000530679
0.00522502
0.000560069
0.00524154
0.000589359
0.0052587
0.00061854
0.00527649
0.0006476
0.00529491
0.000676527
0.00531396
0.00070531
0.00533363
0.000733939
0.00535393
0.000762402
0.00537485
0.000790687
0.00539639
0.000818785
0.00541855
0.000846683
0.00544133
0.000874372
0.00546471
0.00090184
0.00548871
0.000929075
0.00551331
0.000956069
0.00553851
0.000982809
0.00556432
0.00100929
0.00559072
0.00103549
0.00561771
0.00106141
0.00564529
0.00108703
0.00567345
0.00111235
0.00570219
0.00113735
0.00573151
0.00116203
0.0057614
0.00118638
0.00579185
0.00121038
0.00582287
0.00123403
0.00585444
0.00125731
0.00588657
0.00128023
0.00130285
0.00519225
0.000225029
-0.00518346
0.00520169
0.000254145
0.00521177
0.000283272
0.0052225
0.0003124
0.00523388
0.000341518
0.00524591
0.000370616
0.00525858
0.000399681
0.00527191
0.000428704
0.00528588
0.000457673
0.00530051
0.000486577
0.00531578
0.000515405
0.0053317
0.000544147
0.00534827
0.00057279
0.00536549
0.000601325
0.00538335
0.000629739
0.00540185
0.000658023
0.005421
0.000686164
0.00544079
0.000714153
0.00546121
0.000741978
0.00548227
0.000769628
0.00550396
0.000797093
0.00552628
0.000824362
0.00554923
0.000851423
0.0055728
0.000878266
0.005597
0.000904882
0.00562181
0.000931258
0.00564723
0.000957385
0.00567327
0.000983252
0.00569991
0.00100885
0.00572715
0.00103417
0.00575498
0.00105919
0.00578341
0.00108392
0.00581243
0.00110834
0.00584203
0.00113243
0.00587221
0.0011562
0.00590296
0.00117963
0.00593428
0.00120271
0.00596616
0.00122543
0.0059986
0.00124779
0.00126985
0.0053019
0.000216378
-0.00529325
0.00531122
0.000244833
0.00532119
0.000273298
0.00533183
0.000301763
0.00534313
0.000330217
0.00535509
0.00035865
0.00536773
0.00038705
0.00538102
0.000415408
0.00539498
0.000443712
0.00540961
0.000471952
0.0054249
0.000500116
0.00544085
0.000528195
0.00545746
0.000556176
0.00547474
0.00058405
0.00549267
0.000611805
0.00551126
0.000639431
0.00553051
0.000666917
0.00555041
0.000694253
0.00557096
0.000721427
0.00559216
0.000748429
0.00561401
0.000775248
0.00563649
0.000801874
0.00565962
0.000828296
0.00568338
0.000854504
0.00570778
0.000880487
0.0057328
0.000906235
0.00575845
0.000931737
0.00578472
0.000956985
0.0058116
0.000981966
0.00583909
0.00100667
0.0058672
0.00103109
0.0058959
0.00105522
0.0059252
0.00107904
0.00595509
0.00110254
0.00598556
0.00112572
0.00601662
0.00114857
0.00604824
0.00117108
0.00608044
0.00119323
0.0061132
0.00121503
0.00123652
0.00541405
0.000207867
-0.00540554
0.00542324
0.000235644
0.00543311
0.00026343
0.00544365
0.000291216
0.00545488
0.00031899
0.00546679
0.000346742
0.00547938
0.000374462
0.00549264
0.00040214
0.00550659
0.000429764
0.00552122
0.000457324
0.00553653
0.000484809
0.00555251
0.000512209
0.00556918
0.000539514
0.00558651
0.000566713
0.00560452
0.000593795
0.00562321
0.00062075
0.00564256
0.000647567
0.00566257
0.000674235
0.00568326
0.000700745
0.0057046
0.000727085
0.0057266
0.000753246
0.00574926
0.000779217
0.00577257
0.000804987
0.00579652
0.000830547
0.00582113
0.000855886
0.00584637
0.000880994
0.00587224
0.000905862
0.00589875
0.000930478
0.00592588
0.000954834
0.00595363
0.000978918
0.005982
0.00100272
0.00601098
0.00102624
0.00604057
0.00104945
0.00607075
0.00107236
0.00610153
0.00109495
0.0061329
0.00111721
0.00616484
0.00113913
0.00619736
0.00116071
0.00623046
0.00118194
0.00120286
0.00552876
0.000199492
-0.00552038
0.00553782
0.000226575
0.00554759
0.000253667
0.00555805
0.000280757
0.0055692
0.000307835
0.00558105
0.000334891
0.0055936
0.000361914
0.00560685
0.000388896
0.00562079
0.000415824
0.00563542
0.000442689
0.00565075
0.00046948
0.00566677
0.000496188
0.00568348
0.000522802
0.00570089
0.000549311
0.00571898
0.000575705
0.00573775
0.000601974
0.00575721
0.000628107
0.00577735
0.000654095
0.00579817
0.000679927
0.00581966
0.000705593
0.00584182
0.000731082
0.00586466
0.000756385
0.00588815
0.000781491
0.00591231
0.000806391
0.00593712
0.000831075
0.00596258
0.000855532
0.00598869
0.000879752
0.00601544
0.000903727
0.00604283
0.000927446
0.00607085
0.000950899
0.00609949
0.000974078
0.00612876
0.000996973
0.00615864
0.00101957
0.00618912
0.00104187
0.00622021
0.00106386
0.0062519
0.00108552
0.00628417
0.00110686
0.00631702
0.00112786
0.00635046
0.00114851
0.00116886
0.00564608
0.000191251
-0.00563784
0.00565503
0.000217624
0.0056647
0.000244004
0.00567507
0.000270382
0.00568616
0.000296748
0.00569796
0.000323092
0.00571047
0.000349403
0.00572369
0.000375672
0.00573762
0.000401889
0.00575227
0.000428044
0.00576762
0.000454126
0.00578369
0.000480126
0.00580045
0.000506034
0.00581793
0.000531838
0.0058361
0.00055753
0.00585498
0.000583099
0.00587455
0.000608535
0.00589481
0.000633829
0.00591577
0.000658969
0.00593742
0.000683947
0.00595975
0.000708752
0.00598276
0.000733374
0.00600645
0.000757804
0.00603081
0.000782031
0.00605584
0.000806046
0.00608153
0.00082984
0.00610788
0.000853403
0.00613488
0.000876724
0.00616253
0.000899796
0.00619082
0.000922607
0.00621975
0.00094515
0.00624931
0.000967415
0.00627949
0.000989392
0.00631029
0.00101107
0.0063417
0.00103245
0.00637371
0.00105351
0.00640632
0.00107425
0.00643952
0.00109466
0.0064733
0.00111473
0.0011345
0.0057661
0.000183141
-0.00575799
0.00577494
0.000208787
0.0057845
0.000234439
0.0057948
0.000260089
0.00580582
0.000285726
0.00581757
0.000311341
0.00583005
0.000336925
0.00584325
0.000362466
0.00585719
0.000387956
0.00587184
0.000413385
0.00588723
0.000438743
0.00590334
0.000464019
0.00592016
0.000489205
0.00593771
0.000514291
0.00595598
0.000539266
0.00597495
0.00056412
0.00599464
0.000588845
0.00601504
0.00061343
0.00603615
0.000637865
0.00605795
0.000662141
0.00608046
0.000686248
0.00610366
0.000710176
0.00612754
0.000733916
0.00615211
0.000757459
0.00617737
0.000780794
0.00620329
0.000803913
0.00622989
0.000826805
0.00625715
0.000849463
0.00628507
0.000871875
0.00631365
0.000894034
0.00634287
0.000915931
0.00637273
0.000937555
0.00640322
0.000958899
0.00643434
0.000979954
0.00646608
0.00100071
0.00649843
0.00102116
0.00653138
0.00104129
0.00656494
0.00106111
0.00659908
0.00108059
0.00109977
0.00588888
0.000175158
-0.0058809
0.00589761
0.00020006
0.00590708
0.000224968
0.0059173
0.000249873
0.00592826
0.000274765
0.00593996
0.000299636
0.00595241
0.000324474
0.00596561
0.000349272
0.00597954
0.00037402
0.00599422
0.000398707
0.00600964
0.000423324
0.0060258
0.000447862
0.00604269
0.000472312
0.00606032
0.000496663
0.00607868
0.000520906
0.00609777
0.000545031
0.00611758
0.00056903
0.00613812
0.000592892
0.00615938
0.000616608
0.00618135
0.000640168
0.00620403
0.000663563
0.00622743
0.000686785
0.00625152
0.000709822
0.00627631
0.000732667
0.0063018
0.000755309
0.00632797
0.00077774
0.00635482
0.000799951
0.00638235
0.000821932
0.00641055
0.000843675
0.00643942
0.00086517
0.00646894
0.00088641
0.00649911
0.000907384
0.00652992
0.000928085
0.00656137
0.000948503
0.00659345
0.000968631
0.00662615
0.00098846
0.00665947
0.00100798
0.00669339
0.00102719
0.0067279
0.00104607
0.00106467
0.00601451
0.000167298
-0.00600665
0.00602313
0.00019144
0.00603251
0.000215586
0.00604265
0.00023973
0.00605356
0.000263861
0.00606522
0.00028797
0.00607765
0.000312048
0.00609083
0.000336086
0.00610478
0.000360075
0.00611948
0.000384004
0.00613494
0.000407866
0.00615115
0.00043165
0.00616812
0.000455347
0.00618583
0.000478948
0.00620429
0.000502444
0.0062235
0.000525826
0.00624345
0.000549084
0.00626413
0.000572208
0.00628555
0.00059519
0.00630769
0.000618021
0.00633057
0.000640691
0.00635416
0.000663191
0.00637847
0.000685513
0.00640349
0.000707647
0.00642921
0.000729584
0.00645564
0.000751315
0.00648276
0.000772831
0.00651057
0.000794124
0.00653906
0.000815185
0.00656822
0.000836006
0.00659806
0.000856576
0.00662855
0.000876889
0.0066597
0.000896936
0.00669149
0.000916709
0.00672392
0.000936198
0.00675699
0.000955397
0.00679067
0.000974296
0.00682497
0.000992889
0.00685987
0.00101117
0.00102916
0.00614304
0.000159557
-0.0061353
0.00615156
0.00018292
0.00616086
0.000206289
0.00617094
0.000229655
0.00618179
0.000253007
0.00619342
0.000276339
0.00620583
0.00029964
0.00621901
0.000322902
0.00623297
0.000346115
0.00624771
0.000369271
0.00626321
0.00039236
0.00627949
0.000415375
0.00629653
0.000438304
0.00631434
0.00046114
0.00633291
0.000483874
0.00635224
0.000506496
0.00637232
0.000528998
0.00639316
0.000551371
0.00641475
0.000573605
0.00643707
0.000595692
0.00646014
0.000617622
0.00648395
0.000639388
0.00650848
0.00066098
0.00653374
0.000682389
0.00655972
0.000703607
0.0065864
0.000724625
0.0066138
0.000745435
0.0066419
0.000766028
0.00667069
0.000786395
0.00670017
0.000806528
0.00673032
0.000826419
0.00676115
0.00084606
0.00679265
0.000865443
0.0068248
0.000884558
0.00685759
0.000903399
0.00689103
0.000921958
0.0069251
0.000940226
0.0069598
0.000958197
0.0069951
0.000975864
0.00099325
0.0062746
0.00015193
-0.00626697
0.00628302
0.000174499
0.00629224
0.000197073
0.00630225
0.000219643
0.00631306
0.000242201
0.00632466
0.000264738
0.00633705
0.000287245
0.00635024
0.000309714
0.00636422
0.000332135
0.00637899
0.000354501
0.00639455
0.000376802
0.00641089
0.000399031
0.00642802
0.000421177
0.00644593
0.000443232
0.00646461
0.000465188
0.00648407
0.000487035
0.00650431
0.000508766
0.00652531
0.000530371
0.00654707
0.000551842
0.00656959
0.00057317
0.00659287
0.000594347
0.00661689
0.000615364
0.00664166
0.000636212
0.00666716
0.000656883
0.0066934
0.000677369
0.00672036
0.000697661
0.00674805
0.000717751
0.00677645
0.000737631
0.00680555
0.000757292
0.00683535
0.000776726
0.00686584
0.000795926
0.00689702
0.000814883
0.00692887
0.00083359
0.00696139
0.000852038
0.00699457
0.00087022
0.0070284
0.000888129
0.00706287
0.000905756
0.00709797
0.000923095
0.0071337
0.000940139
0.00095691
0.00640925
0.000144414
-0.00640173
0.00641758
0.000166171
0.00642672
0.000187932
0.00643667
0.00020969
0.00644744
0.000231435
0.00645901
0.00025316
0.0064714
0.000274857
0.0064846
0.000296515
0.00649861
0.000318129
0.00651342
0.000339688
0.00652904
0.000361184
0.00654546
0.00038261
0.00656268
0.000403956
0.0065807
0.000425215
0.00659951
0.000446376
0.00661911
0.000467434
0.0066395
0.000488378
0.00666067
0.000509201
0.00668262
0.000529893
0.00670534
0.000550448
0.00672883
0.000570856
0.00675308
0.000591109
0.0067781
0.000611199
0.00680386
0.000631118
0.00683037
0.000650858
0.00685762
0.000670411
0.00688561
0.000689767
0.00691432
0.000708921
0.00694374
0.000727863
0.00697388
0.000746586
0.00700473
0.000765083
0.00703627
0.000783344
0.00706849
0.000801364
0.0071014
0.000819133
0.00713497
0.000836646
0.00716921
0.000853894
0.00720409
0.00087087
0.00723962
0.000887567
0.00727578
0.000903979
0.000920125
0.00654709
0.000137003
-0.00653968
0.00655533
0.00015793
0.0065644
0.000178862
0.0065743
0.000199789
0.00658503
0.000220705
0.00659659
0.000241601
0.00660898
0.000262469
0.0066222
0.000283301
0.00663624
0.000304088
0.0066511
0.000324824
0.00666679
0.000345499
0.00668329
0.000366105
0.00670061
0.000386635
0.00671875
0.00040708
0.00673769
0.000427432
0.00675744
0.000447683
0.00677799
0.000467824
0.00679935
0.000487849
0.00682149
0.000507748
0.00684443
0.000527514
0.00686814
0.000547138
0.00689264
0.000566613
0.00691791
0.00058593
0.00694395
0.000605083
0.00697074
0.000624063
0.00699829
0.000642861
0.00702659
0.000661472
0.00705562
0.000679886
0.00708539
0.000698096
0.00711588
0.000716095
0.00714709
0.000733875
0.007179
0.000751428
0.00721162
0.000768749
0.00724492
0.000785828
0.00727891
0.000802659
0.00731357
0.000819236
0.00734889
0.00083555
0.00738486
0.000851595
0.00742147
0.000867366
0.000882878
0.00668823
0.000129693
-0.00668091
0.00669638
0.000149772
0.00670539
0.000169855
0.00671524
0.000189935
0.00672595
0.000210003
0.00673749
0.000230052
0.00674989
0.000250074
0.00676313
0.000270062
0.00677721
0.000290006
0.00679213
0.000309901
0.00680789
0.000329737
0.00682449
0.000349508
0.00684192
0.000369204
0.00686018
0.000388819
0.00687927
0.000408345
0.00689918
0.000427772
0.00691991
0.000447096
0.00694145
0.000466305
0.00696381
0.000485395
0.00698696
0.000504356
0.00701092
0.000523181
0.00703567
0.000541863
0.00706121
0.000560393
0.00708753
0.000578764
0.00711462
0.000596969
0.00714248
0.000615
0.0071711
0.000632849
0.00720048
0.00065051
0.0072306
0.000667975
0.00726146
0.000685236
0.00729305
0.000702287
0.00732536
0.00071912
0.00735838
0.000735729
0.0073921
0.000752106
0.00742651
0.000768245
0.00746161
0.000784138
0.00749738
0.00079978
0.00753381
0.000815162
0.0075709
0.00083028
0.000845149
0.00683276
0.000122476
-0.00682554
0.00684084
0.000141689
0.00684979
0.000160907
0.0068596
0.00018012
0.00687028
0.000199323
0.00688183
0.000218507
0.00689424
0.000237666
0.00690751
0.000256791
0.00692164
0.000275875
0.00693663
0.000294911
0.00695247
0.000313892
0.00696917
0.000332809
0.00698672
0.000351655
0.00700512
0.000370422
0.00702436
0.000389104
0.00704444
0.000407693
0.00706536
0.00042618
0.0070871
0.00044456
0.00710967
0.000462823
0.00713307
0.000480964
0.00715727
0.000498974
0.00718229
0.000516846
0.00720811
0.000534573
0.00723473
0.000552148
0.00726213
0.000569563
0.00729032
0.000586811
0.00731928
0.000603886
0.00734901
0.000620779
0.0073795
0.000637484
0.00741075
0.000653995
0.00744273
0.000670303
0.00747545
0.000686403
0.00750889
0.000702287
0.00754304
0.00071795
0.00757791
0.000733383
0.00761346
0.000748582
0.0076497
0.000763539
0.00768662
0.000778248
0.0077242
0.000792703
0.000806918
0.00698081
0.000115349
-0.00697368
0.00698882
0.000133677
0.00699772
0.00015201
0.0070075
0.000170339
0.00701816
0.000188658
0.00702971
0.000206959
0.00704214
0.000225236
0.00705545
0.000243481
0.00706964
0.000261686
0.00708471
0.000279846
0.00710065
0.000297952
0.00711746
0.000315998
0.00713513
0.000333976
0.00715368
0.000351879
0.00717308
0.0003697
0.00719334
0.000387432
0.00721446
0.000405067
0.00723642
0.000422599
0.00725922
0.00044002
0.00728286
0.000457324
0.00730733
0.000474503
0.00733263
0.00049155
0.00735874
0.000508458
0.00738567
0.000525221
0.0074134
0.000541831
0.00744193
0.000558281
0.00747125
0.000574565
0.00750135
0.000590677
0.00753223
0.000606608
0.00756387
0.000622353
0.00759627
0.000637906
0.00762941
0.000653258
0.00766329
0.000668405
0.0076979
0.00068334
0.00773323
0.000698056
0.00776927
0.000712547
0.007806
0.000726808
0.00784341
0.000740832
0.0078815
0.000754612
0.000768163
0.00713249
0.000108304
-0.00712544
0.00714044
0.000125729
0.00714929
0.000143158
0.00715904
0.000160584
0.0071697
0.000178
0.00718126
0.0001954
0.00719372
0.000212776
0.00720708
0.000230122
0.00722134
0.00024743
0.00723649
0.000264695
0.00725253
0.000281909
0.00726946
0.000299066
0.00728728
0.000316158
0.00730598
0.000333178
0.00732556
0.000350121
0.00734601
0.000366978
0.00736734
0.000383744
0.00738952
0.000400411
0.00741257
0.000416973
0.00743647
0.000433423
0.00746122
0.000449754
0.00748681
0.000465959
0.00751324
0.000482032
0.00754049
0.000497967
0.00756857
0.000513756
0.00759745
0.000529393
0.00762715
0.000544872
0.00765764
0.000560186
0.00768892
0.000575329
0.00772098
0.000590295
0.00775381
0.000605076
0.0077874
0.000619668
0.00782174
0.000634064
0.00785682
0.000648257
0.00789263
0.000662243
0.00792917
0.000676014
0.00796641
0.000689566
0.00800435
0.000702892
0.00804297
0.000715986
0.000728861
0.00728793
0.000101335
-0.00728096
0.00729582
0.000117838
0.00730464
0.000134344
0.00731437
0.000150848
0.00732503
0.000167342
0.00733661
0.000183821
0.00734911
0.000200277
0.00736253
0.000216705
0.00737686
0.000233098
0.0073921
0.000249449
0.00740826
0.000265753
0.00742533
0.000282001
0.00744329
0.000298189
0.00746216
0.000314309
0.00748193
0.000330355
0.00750259
0.00034632
0.00752414
0.000362198
0.00754656
0.000377983
0.00756987
0.000393668
0.00759405
0.000409246
0.00761909
0.000424712
0.00764499
0.000440059
0.00767174
0.00045528
0.00769934
0.00047037
0.00772777
0.000485322
0.00775703
0.00050013
0.00778712
0.000514788
0.00781801
0.000529289
0.00784972
0.000543628
0.00788221
0.000557799
0.00791549
0.000571796
0.00794955
0.000585612
0.00798437
0.000599242
0.00801995
0.000612681
0.00805627
0.000625922
0.00809332
0.00063896
0.0081311
0.00065179
0.00816958
0.000664405
0.00820877
0.000676802
0.000688989
0.00744727
9.4435e-05
-0.00744037
0.00745511
0.000109996
0.0074639
0.00012556
0.00747362
0.000141121
0.00748429
0.000156674
0.0074959
0.000172213
0.00750844
0.00018773
0.00752193
0.000203221
0.00753635
0.000218679
0.0075517
0.000234098
0.00756798
0.000249471
0.00758519
0.000264793
0.00760332
0.000280057
0.00762237
0.000295258
0.00764234
0.000310388
0.00766322
0.000325443
0.007685
0.000340415
0.00770768
0.000355299
0.00773126
0.000370089
0.00775573
0.000384779
0.00778108
0.000399362
0.0078073
0.000413833
0.0078344
0.000428185
0.00786236
0.000442414
0.00789117
0.000456512
0.00792082
0.000470474
0.00795132
0.000484294
0.00798264
0.000497967
0.00801478
0.000511486
0.00804773
0.000524847
0.00808149
0.000538043
0.00811603
0.000551068
0.00815135
0.000563919
0.00818745
0.000576588
0.0082243
0.000589071
0.0082619
0.000601362
0.00830023
0.000613456
0.00833929
0.000625349
0.00837905
0.000637034
0.000648521
0.00761065
8.75974e-05
-0.00760381
0.00761845
0.000102195
0.00762721
0.000116797
0.00763693
0.000131397
0.00764762
0.000145989
0.00765927
0.000160567
0.00767187
0.000175126
0.00768543
0.00018966
0.00769995
0.000204163
0.00771542
0.000218629
0.00773184
0.000233053
0.0077492
0.000247428
0.00776751
0.00026175
0.00778675
0.000276012
0.00780693
0.000290208
0.00782804
0.000304333
0.00785008
0.000318381
0.00787303
0.000332346
0.0078969
0.000346222
0.00792167
0.000360004
0.00794735
0.000373687
0.00797392
0.000387264
0.00800137
0.00040073
0.00802971
0.000414079
0.00805892
0.000427306
0.00808898
0.000440405
0.00811991
0.000453371
0.00815168
0.000466198
0.00818428
0.000478882
0.00821771
0.000491416
0.00825196
0.000503795
0.00828701
0.000516015
0.00832286
0.00052807
0.00835949
0.000539955
0.0083969
0.000551665
0.00843507
0.000563195
0.00847398
0.00057454
0.00851364
0.000585695
0.00855402
0.000596655
0.00060743
0.00777822
8.08133e-05
-0.00777143
0.00778599
9.44288e-05
0.00779473
0.000108048
0.00780447
0.000121665
0.00781518
0.000135275
0.00782687
0.000148873
0.00783955
0.000162453
0.0078532
0.000176009
0.00786782
0.000189537
0.00788342
0.000203031
0.00789999
0.000216485
0.00791752
0.000229894
0.00793602
0.000243253
0.00795547
0.000256557
0.00797588
0.000269799
0.00799724
0.000282975
0.00801954
0.000296079
0.00804278
0.000309105
0.00806696
0.000322049
0.00809205
0.000334906
0.00811807
0.000347669
0.008145
0.000360333
0.00817284
0.000372894
0.00820157
0.000385346
0.00823119
0.000397684
0.0082617
0.000409902
0.00829307
0.000421997
0.00832531
0.000433962
0.0083584
0.000445792
0.00839233
0.000457483
0.00842709
0.00046903
0.00846268
0.000480428
0.00849908
0.000491672
0.00853628
0.000502757
0.00857426
0.000513679
0.00861303
0.000524432
0.00865255
0.000535013
0.00869283
0.000545417
0.00873385
0.000555639
0.000565687
0.00795015
7.40753e-05
-0.00794341
0.00795789
8.66871e-05
0.00796663
9.93024e-05
0.00797638
0.000111916
0.00798713
0.000124524
0.00799889
0.00013712
0.00801164
0.0001497
0.00802539
0.000162258
0.00804014
0.00017479
0.00805588
0.000187291
0.00807261
0.000199755
0.00809033
0.000212177
0.00810903
0.000224553
0.0081287
0.000236878
0.00814936
0.000249146
0.00817098
0.000261353
0.00819357
0.000273492
0.00821711
0.000285561
0.00824161
0.000297553
0.00826705
0.000309464
0.00829343
0.000321288
0.00832074
0.000333021
0.00834898
0.000344658
0.00837813
0.000356194
0.00840819
0.000367625
0.00843915
0.000378944
0.00847099
0.000390149
0.00850372
0.000401234
0.00853732
0.000412194
0.00857178
0.000423025
0.00860709
0.000433722
0.00864323
0.000444281
0.00868021
0.000454698
0.008718
0.000464967
0.00875659
0.000475084
0.00879598
0.000485046
0.00883614
0.000494848
0.00887707
0.000504486
0.00891876
0.000513955
0.000523263
0.00812661
6.73748e-05
-0.00811991
0.00813434
7.89614e-05
0.00814309
9.05515e-05
0.00815286
0.00010214
0.00816366
0.000113724
0.00817548
0.000125297
0.00818833
0.000136855
0.00820219
0.000148394
0.00821707
0.000159909
0.00823297
0.000171395
0.00824988
0.000182847
0.00826779
0.000194262
0.00828671
0.000205634
0.00830663
0.000216959
0.00832754
0.000228232
0.00834945
0.000239449
0.00837234
0.000250604
0.0083962
0.000261694
0.00842104
0.000272714
0.00844685
0.000283659
0.00847361
0.000294525
0.00850132
0.000305306
0.00852998
0.000316
0.00855958
0.000326601
0.0085901
0.000337105
0.00862153
0.000347507
0.00865388
0.000357804
0.00868712
0.00036799
0.00872125
0.000378062
0.00875627
0.000388014
0.00879214
0.000397845
0.00882888
0.000407547
0.00886646
0.000417119
0.00890487
0.000426555
0.0089441
0.000435853
0.00898414
0.000445007
0.00902497
0.000454013
0.00906659
0.000462869
0.00910897
0.00047157
0.000480123
0.00830779
6.07028e-05
-0.00830112
0.00831551
7.12421e-05
0.00832428
8.17847e-05
0.00833409
9.23267e-05
0.00834495
0.000102864
0.00835686
0.000113392
0.0083698
0.000123906
0.0083838
0.000134404
0.00839882
0.000144879
0.00841489
0.000155329
0.00843199
0.000165748
0.00845012
0.000176133
0.00846927
0.00018648
0.00848945
0.000196783
0.00851064
0.00020704
0.00853285
0.000217245
0.00855606
0.000227395
0.00858027
0.000237485
0.00860547
0.000247511
0.00863166
0.00025747
0.00865882
0.000267357
0.00868696
0.000277167
0.00871607
0.000286897
0.00874613
0.000296543
0.00877713
0.0003061
0.00880907
0.000315565
0.00884194
0.000324934
0.00887573
0.000334203
0.00891042
0.000343367
0.00894602
0.000352423
0.00898249
0.000361368
0.00901984
0.000370197
0.00905806
0.000378906
0.00909712
0.000387492
0.00913702
0.000395952
0.00917775
0.000404281
0.00921928
0.000412476
0.00926162
0.000420534
0.00930474
0.000428451
0.000436233
0.00849389
5.40491e-05
-0.00848724
0.00850161
6.35184e-05
0.00851041
7.29909e-05
0.00852027
8.24631e-05
0.0085312
9.19312e-05
0.00854321
0.000101391
0.00855627
0.00011084
0.0085704
0.000120273
0.0085856
0.000129686
0.00860185
0.000139077
0.00861916
0.00014844
0.00863752
0.000157773
0.00865692
0.000167071
0.00867738
0.000176331
0.00869887
0.000185549
0.00872139
0.000194721
0.00874494
0.000203843
0.00876952
0.000212912
0.0087951
0.000221923
0.0088217
0.000230874
0.0088493
0.00023976
0.00887788
0.000248578
0.00890746
0.000257323
0.00893801
0.000265993
0.00896952
0.000274584
0.009002
0.000283091
0.00903542
0.000291512
0.00906978
0.000299843
0.00910507
0.000308081
0.00914127
0.000316221
0.00917837
0.000324261
0.00921637
0.000332197
0.00925525
0.000340025
0.009295
0.000347743
0.00933561
0.000355348
0.00937705
0.000362834
0.00941933
0.000370201
0.00946242
0.000377444
0.00950631
0.00038456
0.000391556
0.00868512
4.74033e-05
-0.00867848
0.00869286
5.57791e-05
0.0087017
6.41582e-05
0.00871162
7.25371e-05
0.00872264
8.09128e-05
0.00873475
8.92815e-05
0.00874795
9.76402e-05
0.00876224
0.000105985
0.00877761
0.000114314
0.00879406
0.000122622
0.0088116
0.000130906
0.00883021
0.000139163
0.00884989
0.00014739
0.00887064
0.000155584
0.00889245
0.00016374
0.00891531
0.000171855
0.00893923
0.000179927
0.00896419
0.000187952
0.00899018
0.000195926
0.00901721
0.000203846
0.00904526
0.00021171
0.00907433
0.000219513
0.0091044
0.000227252
0.00913547
0.000234924
0.00916752
0.000242526
0.00920056
0.000250056
0.00923456
0.000257508
0.00926953
0.000264881
0.00930544
0.000272171
0.00934228
0.000279375
0.00938005
0.00028649
0.00941874
0.000293514
0.00945832
0.000300442
0.00949879
0.000307273
0.00954013
0.000314003
0.00958234
0.000320629
0.00962539
0.000327149
0.00966928
0.000333559
0.00971398
0.000339857
0.000346049
0.00888172
4.07538e-05
-0.00887507
0.00888948
4.80122e-05
0.00889837
5.52737e-05
0.00890837
6.25353e-05
0.00891949
6.97941e-05
0.00893172
7.70475e-05
0.00894507
8.4292e-05
0.00895953
9.15252e-05
0.0089751
9.8744e-05
0.00899178
0.000105945
0.00900956
0.000113126
0.00902844
0.000120284
0.00904841
0.000127416
0.00906948
0.000134519
0.00909163
0.000141589
0.00911486
0.000148625
0.00913916
0.000155623
0.00916453
0.00016258
0.00919097
0.000169493
0.00921845
0.000176361
0.00924698
0.000183178
0.00927655
0.000189943
0.00930715
0.000196654
0.00933877
0.000203306
0.0093714
0.000209898
0.00940503
0.000216426
0.00943965
0.000222888
0.00947525
0.000229281
0.00951181
0.000235603
0.00954934
0.00024185
0.00958781
0.00024802
0.00962721
0.00025411
0.00966754
0.000260118
0.00970877
0.000266042
0.00975089
0.000271878
0.0097939
0.000277624
0.00983777
0.000283278
0.00988249
0.000288837
0.00992805
0.000294299
0.000299669
0.00908392
3.40882e-05
-0.00907725
0.00909173
4.02043e-05
0.00910068
4.63232e-05
0.00911077
5.24424e-05
0.00912201
5.85597e-05
0.00913438
6.46722e-05
0.0091479
7.0778e-05
0.00916255
7.68741e-05
0.00917833
8.29583e-05
0.00919525
8.9028e-05
0.00921329
9.50809e-05
0.00923246
0.000101114
0.00925276
0.000107126
0.00927416
0.000113113
0.00929668
0.000119074
0.0093203
0.000125005
0.00934502
0.000130904
0.00937083
0.000136769
0.00939772
0.000142598
0.0094257
0.000148387
0.00945474
0.000154135
0.00948484
0.000159839
0.009516
0.000165497
0.0095482
0.000171106
0.00958144
0.000176664
0.00961569
0.000182168
0.00965096
0.000187617
0.00968724
0.000193008
0.0097245
0.000198338
0.00976274
0.000203606
0.00980195
0.00020881
0.00984212
0.000213945
0.00988323
0.000219012
0.00992526
0.000224007
0.00996821
0.000228929
0.0100121
0.000233775
0.0100568
0.000238543
0.0101024
0.000243232
0.0101489
0.000247838
0.000252367
0.009292
2.73932e-05
-0.0092853
0.00929986
3.23413e-05
0.00930889
3.72918e-05
0.00931909
4.2243e-05
0.00933046
4.71926e-05
0.00934299
5.21388e-05
0.00935669
5.70795e-05
0.00937155
6.20126e-05
0.00938757
6.69362e-05
0.00940475
7.18484e-05
0.00942309
7.67471e-05
0.00944257
8.16301e-05
0.0094632
8.64957e-05
0.00948497
9.13417e-05
0.00950788
9.61661e-05
0.00953192
0.000100967
0.00955708
0.000105742
0.00958336
0.00011049
0.00961075
0.000115208
0.00963924
0.000119895
0.00966883
0.000124548
0.0096995
0.000129166
0.00973125
0.000133747
0.00976407
0.000138288
0.00979794
0.000142788
0.00983287
0.000147245
0.00986883
0.000151656
0.00990581
0.000156021
0.00994382
0.000160337
0.00998282
0.000164603
0.0100228
0.000168816
0.0100638
0.000172975
0.0101057
0.000177078
0.0101486
0.000181123
0.0101924
0.000185109
0.0102372
0.000189033
0.0102828
0.000192895
0.0103294
0.000196692
0.0103768
0.000200423
0.000204091
0.00950623
2.06532e-05
-0.00949949
0.00951417
2.44068e-05
0.0095233
2.81624e-05
0.00953362
3.19186e-05
0.00954514
3.56739e-05
0.00955785
3.94266e-05
0.00957175
4.31753e-05
0.00958685
4.69186e-05
0.00960313
5.06548e-05
0.0096206
5.43823e-05
0.00963924
5.80998e-05
0.00965907
6.18056e-05
0.00968007
6.54982e-05
0.00970223
6.91762e-05
0.00972556
7.28379e-05
0.00975004
7.64817e-05
0.00977568
8.01065e-05
0.00980246
8.37104e-05
0.00983038
8.72919e-05
0.00985942
9.08498e-05
0.00988959
9.43823e-05
0.00992087
9.7888e-05
0.00995325
0.000101365
0.00998672
0.000104813
0.0100213
0.00010823
0.0100569
0.000111614
0.0100936
0.000114963
0.0101313
0.000118278
0.0101701
0.000121555
0.0102099
0.000124794
0.0102508
0.000127993
0.0102926
0.000131152
0.0103354
0.000134268
0.0103792
0.00013734
0.0104239
0.000140367
0.0104696
0.000143347
0.0105162
0.00014628
0.0105638
0.000149164
0.0106122
0.000151997
0.000154784
0.00972693
1.38539e-05
-0.00972013
0.00973495
1.63854e-05
0.00974419
1.89183e-05
0.00975466
2.14518e-05
0.00976635
2.39847e-05
0.00977926
2.65163e-05
0.00979339
2.90449e-05
0.00980874
3.15703e-05
0.0098253
3.40908e-05
0.00984308
3.66057e-05
0.00986206
3.91138e-05
0.00988225
4.16143e-05
0.00990365
4.41058e-05
0.00992624
4.65876e-05
0.00995001
4.90585e-05
0.00997498
5.15176e-05
0.0100011
5.39637e-05
0.0100284
5.63959e-05
0.0100569
5.88131e-05
0.0100866
6.12144e-05
0.0101173
6.35986e-05
0.0101493
6.5965e-05
0.0101823
6.83122e-05
0.0102165
7.06394e-05
0.0102518
7.29458e-05
0.0102882
7.52301e-05
0.0103256
7.74914e-05
0.0103642
7.9729e-05
0.0104038
8.19417e-05
0.0104445
8.41284e-05
0.0104862
8.62886e-05
0.0105289
8.8421e-05
0.0105726
9.05247e-05
0.0106174
9.25992e-05
0.0106631
9.4643e-05
0.0107098
9.66556e-05
0.0107574
9.86362e-05
0.010806
0.000100584
0.0108555
0.000102497
0.000104379
0.00995443
6.97387e-06
-0.00994755
0.00996256
8.25468e-06
0.00997194
9.53633e-06
0.00998258
1.08184e-05
0.00999446
1.21002e-05
0.0100076
1.33813e-05
0.010022
1.46612e-05
0.0100376
1.59393e-05
0.0100545
1.72151e-05
0.0100726
1.84881e-05
0.010092
1.97577e-05
0.0101126
2.10236e-05
0.0101344
2.22849e-05
0.0101574
2.35416e-05
0.0101817
2.47924e-05
0.0102072
2.60376e-05
0.0102339
2.72762e-05
0.0102617
2.85078e-05
0.0102908
2.97319e-05
0.0103211
3.09479e-05
0.0103525
3.21552e-05
0.0103851
3.33538e-05
0.0104189
3.45425e-05
0.0104538
3.57213e-05
0.0104899
3.68893e-05
0.0105271
3.80465e-05
0.0105654
3.91919e-05
0.0106048
4.03254e-05
0.0106453
4.14463e-05
0.0106868
4.25541e-05
0.0107295
4.36484e-05
0.0107732
4.47287e-05
0.0108179
4.57946e-05
0.0108637
4.68456e-05
0.0109104
4.78811e-05
0.0109582
4.89009e-05
0.0110069
4.99044e-05
0.0110566
5.08911e-05
0.0111072
5.18608e-05
5.28146e-05
0.010189
-0.010182
0.0101972
0.0102068
0.0102176
0.0102297
0.0102431
0.0102577
0.0102737
0.0102909
0.0103094
0.0103291
0.0103501
0.0103724
0.010396
0.0104208
0.0104468
0.0104741
0.0105026
0.0105323
0.0105633
0.0105954
0.0106288
0.0106633
0.010699
0.0107359
0.010774
0.0108132
0.0108535
0.0108949
0.0109375
0.0109811
0.0110259
0.0110717
0.0111185
0.0111664
0.0112153
0.0112652
0.0113161
0.0113679
0.002434
-0.000832775
-0.00242327
0.00244692
-0.000810153
0.00246078
-0.000784954
0.00247489
-0.000758473
0.00248905
-0.000731275
0.00250324
-0.000703584
0.00251742
-0.000675323
0.00253158
-0.000646501
0.0025457
-0.000617166
0.0025598
-0.000587336
0.00257385
-0.000557021
0.00258787
-0.000526233
0.00260184
-0.000494984
0.00261576
-0.000463284
0.00262964
-0.000431142
0.00264346
-0.000398568
0.00265721
-0.000365573
0.00267091
-0.000332165
0.00268453
-0.000298354
0.00269808
-0.000264151
0.00271156
-0.000229566
0.00272496
-0.000194609
0.00273828
-0.000159292
0.00275154
-0.000123633
0.00276474
-8.76615e-05
0.00277793
-5.14559e-05
0.00279064
-1.52806e-05
0.00280387
2.19451e-05
0.00281674
5.9576e-05
0.0028295
9.72121e-05
0.00284217
0.000135075
0.00285474
0.000173182
0.00286724
0.000211529
0.00287967
0.000250107
0.00289203
0.00028891
0.00290432
0.000327924
0.00291655
0.000367138
0.00292872
0.000406539
0.00294084
0.000446112
0.000485844
0.00251746
-0.00084568
-0.00250455
0.00252965
-0.000822346
0.00254226
-0.000797559
0.00255502
-0.000771232
0.00256769
-0.000743954
0.00258036
-0.00071625
0.00259307
-0.00068803
0.00260581
-0.000659244
0.00261858
-0.000629937
0.00263138
-0.000600133
0.0026442
-0.000569839
0.00265703
-0.000539066
0.00266987
-0.000507824
0.00268271
-0.000476125
0.00269555
-0.00044398
0.00270838
-0.000411397
0.00272119
-0.000378388
0.00273399
-0.000344963
0.00274677
-0.000311133
0.00275953
-0.000276907
0.00277226
-0.000242297
0.00278496
-0.000207314
0.00279764
-0.000171973
0.0028103
-0.000136289
0.00282292
-0.000100287
0.00283548
-6.40088e-05
0.00284777
-2.75724e-05
0.0028606
9.11813e-06
0.00287311
4.70616e-05
0.00288557
8.47523e-05
0.00289799
0.00012265
0.00291038
0.000160792
0.00292274
0.000199169
0.00293508
0.000237775
0.00294738
0.000276602
0.00295967
0.000315637
0.00297194
0.000354869
0.0029842
0.000394284
0.00299644
0.000433868
0.000473608
0.00260172
-0.00085749
-0.00258991
0.0026131
-0.000833721
0.00262455
-0.000809017
0.00263615
-0.000782832
0.00264772
-0.000755525
0.00265928
-0.000727803
0.00267087
-0.000699625
0.00268251
-0.000670885
0.00269419
-0.00064161
0.00270589
-0.000611834
0.00271762
-0.000581568
0.00272937
-0.000550818
0.00274114
-0.000519597
0.00275293
-0.000487916
0.00276474
-0.000455786
0.00277656
-0.000423217
0.00278839
-0.000390221
0.00280024
-0.000356807
0.00281209
-0.000322988
0.00282396
-0.000288774
0.00283584
-0.000254176
0.00284773
-0.000219206
0.00285963
-0.000183878
0.00287155
-0.000148205
0.00288347
-0.000112204
0.00289535
-7.58911e-05
0.0029071
-3.93221e-05
0.00291932
-3.10436e-06
0.00293133
3.50546e-05
0.00294336
7.27247e-05
0.0029554
0.000110608
0.00296746
0.00014873
0.00297955
0.000187083
0.00299166
0.00022566
0.00300381
0.000264455
0.00301599
0.000303457
0.0030282
0.000342652
0.00304046
0.000382029
0.00305276
0.000421571
0.000461267
0.00268718
-0.000868109
-0.00267656
0.00269764
-0.000844185
0.00270813
-0.0008195
0.00271872
-0.000793426
0.00272933
-0.000766136
0.00273993
-0.000738402
0.00275056
-0.000710248
0.00276121
-0.000681543
0.0027719
-0.000652295
0.00278261
-0.000622543
0.00279334
-0.000592303
0.0028041
-0.000561579
0.00281489
-0.000530383
0.0028257
-0.000498728
0.00283654
-0.000466625
0.00284741
-0.000434083
0.0028583
-0.000401116
0.00286923
-0.000367733
0.00288018
-0.000333945
0.00289118
-0.000299765
0.0029022
-0.000265203
0.00291327
-0.000230273
0.00292438
-0.000194986
0.00293553
-0.000159357
0.00294673
-0.000123403
0.00295799
-8.71483e-05
0.00296931
-5.06478e-05
0.00298029
-1.40811e-05
0.00299192
2.34266e-05
0.00300344
6.11997e-05
0.00301501
9.90399e-05
0.00302664
0.000137095
0.00303835
0.000175376
0.00305013
0.000213877
0.003062
0.00025259
0.00307395
0.000291505
0.00308599
0.00033061
0.00309813
0.000369893
0.00311036
0.000409339
0.000448935
0.00277371
-0.000877729
-0.00276409
0.00278329
-0.000853761
0.00279284
-0.000829055
0.00280246
-0.000803049
0.00281212
-0.000775792
0.00282177
-0.000748056
0.00283145
-0.00071992
0.00284115
-0.000691249
0.00285089
-0.000662032
0.00286066
-0.00063231
0.00287045
-0.000602101
0.00288029
-0.000571412
0.00289016
-0.000540252
0.00290006
-0.000508635
0.00291001
-0.000476571
0.00292
-0.000444071
0.00293003
-0.000411147
0.00294011
-0.000377811
0.00295024
-0.000344073
0.00296042
-0.000309945
0.00297065
-0.00027544
0.00298095
-0.000240569
0.00299131
-0.000205345
0.00300173
-0.000169782
0.00301223
-0.000133896
0.00302278
-9.77055e-05
0.00303338
-6.1246e-05
0.00304392
-2.46216e-05
0.00305497
1.23789e-05
0.00306593
5.0241e-05
0.00307697
8.8003e-05
0.00308811
0.000125947
0.00309938
0.000164113
0.00311076
0.000202494
0.00312227
0.00024108
0.00313391
0.000279863
0.00314569
0.000318831
0.00315761
0.000357971
0.00316968
0.000397271
0.000436716
0.00286145
-0.000886379
-0.0028528
0.00287012
-0.000862433
0.00287874
-0.000837671
0.00288739
-0.000811698
0.00289608
-0.000784481
0.00290478
-0.000756759
0.0029135
-0.000728646
0.00292227
-0.000700013
0.00293107
-0.000670837
0.00293992
-0.000641156
0.00294881
-0.000610991
0.00295775
-0.00058035
0.00296673
-0.00054924
0.00297578
-0.000517676
0.00298487
-0.000485667
0.00299403
-0.000453227
0.00300325
-0.000420365
0.00301253
-0.000387094
0.00302188
-0.000353425
0.00303131
-0.00031937
0.00304081
-0.000284941
0.00305039
-0.000250151
0.00306005
-0.000215011
0.00306981
-0.000179535
0.00307964
-0.000143735
0.00308956
-0.000107624
0.00309953
-7.12172e-05
0.00310948
-3.45656e-05
0.00312015
1.7071e-06
0.00313051
3.98828e-05
0.00314105
7.74621e-05
0.00315173
0.000115264
0.00316256
0.000153286
0.00317354
0.000191513
0.00318468
0.00022994
0.00319599
0.000268556
0.00320747
0.000307351
0.00321913
0.000346312
0.00323097
0.000385426
0.00042468
0.00295049
-0.000894028
-0.00294284
0.0029582
-0.000870147
0.00296586
-0.000845324
0.00297352
-0.000819366
0.00298124
-0.000792198
0.00298899
-0.000764509
0.00299677
-0.00073643
0.00300461
-0.000707844
0.00301249
-0.000678722
0.00302043
-0.000649097
0.00302843
-0.00061899
0.00303649
-0.000588412
0.00304462
-0.000557369
0.00305282
-0.000525875
0.00306109
-0.000493941
0.00306945
-0.000461578
0.00307788
-0.000428799
0.0030864
-0.000395614
0.00309501
-0.000362035
0.00310372
-0.000328075
0.00311252
-0.000293745
0.00312143
-0.000259058
0.00313044
-0.000224026
0.00313957
-0.000188662
0.00314881
-0.000152979
0.00315818
-0.000116994
0.00316769
-8.07269e-05
0.00317736
-4.4232e-05
0.00318683
-7.76421e-06
0.00319691
2.98089e-05
0.00320703
6.7338e-05
0.0032173
0.000104991
0.00322774
0.000142846
0.00323836
0.000180901
0.00324915
0.000219146
0.00326013
0.000257573
0.00327131
0.000296169
0.0032827
0.000334923
0.00329431
0.000373822
0.000412855
0.00304084
-0.000900658
-0.00303421
0.00304757
-0.000876872
0.00305424
-0.000851999
0.00306093
-0.000826056
0.00306768
-0.000798946
0.00307448
-0.000771308
0.00308133
-0.000743277
0.00308823
-0.000714752
0.00309521
-0.000685697
0.00310225
-0.000656142
0.00310938
-0.000626111
0.00311658
-0.000595612
0.00312386
-0.000564655
0.00313124
-0.00053325
0.00313871
-0.00050141
0.00314627
-0.000469146
0.00315394
-0.00043647
0.00316172
-0.000403393
0.00316962
-0.000369928
0.00317763
-0.000336086
0.00318576
-0.000301878
0.00319402
-0.000267319
0.00320241
-0.000232419
0.00321094
-0.000197193
0.00321962
-0.000161654
0.00322844
-0.000125817
0.00323742
-8.97023e-05
0.00324653
-5.33442e-05
0.00325564
-1.68748e-05
0.00326524
2.02056e-05
0.00327494
5.76375e-05
0.00328481
9.5125e-05
0.00329487
0.00013279
0.00330512
0.000170646
0.00331558
0.000208685
0.00332626
0.000246896
0.00333716
0.00028527
0.00334829
0.000323793
0.00335965
0.000362454
0.00040124
0.00313253
-0.000906272
-0.00312692
0.00313826
-0.000882598
0.00314395
-0.000857693
0.00314967
-0.000831771
0.00315545
-0.000804732
0.00316131
-0.000777161
0.00316722
-0.000749195
0.00317322
-0.000720744
0.00317929
-0.000691772
0.00318545
-0.000662304
0.00319171
-0.000632365
0.00319806
-0.000601965
0.00320451
-0.000571111
0.00321108
-0.000539816
0.00321776
-0.00050809
0.00322456
-0.000475946
0.00323149
-0.000443396
0.00323854
-0.000410449
0.00324573
-0.00037712
0.00325307
-0.000343419
0.00326055
-0.000309359
0.00326818
-0.000274951
0.00327597
-0.000240209
0.00328392
-0.000205144
0.00329204
-0.000169772
0.00330033
-0.000134105
0.00330879
-9.81626e-05
0.00331741
-6.19712e-05
0.00332615
-2.56102e-05
0.00333534
1.10156e-05
0.00334462
4.83591e-05
0.0033541
8.56475e-05
0.00336379
0.000123094
0.00337371
0.000160724
0.00338387
0.000198531
0.00339426
0.000236504
0.0034049
0.000274632
0.00341579
0.000312902
0.00342694
0.000351304
0.000389822
0.00322561
-0.000910874
-0.003221
0.00323033
-0.000887324
0.00323504
-0.000862405
0.00323979
-0.000836515
0.00324462
-0.00080956
0.00324953
-0.000782073
0.00325452
-0.000754189
0.00325961
-0.000725828
0.00326479
-0.000696955
0.00327008
-0.000667593
0.00327548
-0.000637765
0.00328099
-0.000607481
0.00328663
-0.000576751
0.0032924
-0.000545586
0.00329831
-0.000513996
0.00330436
-0.000481993
0.00331055
-0.00044959
0.0033169
-0.000416797
0.00332341
-0.000383627
0.00333008
-0.000350091
0.00333692
-0.000316201
0.00334394
-0.00028197
0.00335114
-0.000247409
0.00335853
-0.000212532
0.00336611
-0.000177351
0.00337388
-0.000141878
0.00338184
-0.000106128
0.00338999
-7.01168e-05
0.00339827
-3.38886e-05
0.00340717
2.11307e-06
0.00341601
3.95166e-05
0.00342513
7.65355e-05
0.00343448
0.000113735
0.00344409
0.000151116
0.00345396
0.000188667
0.00346408
0.000226378
0.00347448
0.000264238
0.00348514
0.000302234
0.00349609
0.000340354
0.000378585
0.00332011
-0.000914468
-0.00331651
0.00332383
-0.00089105
0.00332757
-0.000866137
0.00333134
-0.000840293
0.00333522
-0.000813435
0.0033392
-0.00078605
0.00334327
-0.000758266
0.00334746
-0.000730012
0.00335176
-0.000701256
0.00335618
-0.000672018
0.00336074
-0.00064232
0.00336543
-0.000612174
0.00337027
-0.000581588
0.00337526
-0.000550573
0.0033804
-0.00051914
0.00338571
-0.000487301
0.00339118
-0.000455067
0.00339684
-0.000422451
0.00340267
-0.000389463
0.0034087
-0.000356115
0.00341492
-0.00032242
0.00342134
-0.00028839
0.00342796
-0.000254036
0.0034348
-0.000219371
0.00344186
-0.000184408
0.00344914
-0.00014916
0.00345665
-0.000113642
0.00346441
-7.78729e-05
0.00347242
-4.18941e-05
0.00348048
-5.95422e-06
0.00348906
3.09359e-05
0.00349785
6.77489e-05
0.0035069
0.000104688
0.00351621
0.000141798
0.00352581
0.000179074
0.00353568
0.000216502
0.00354585
0.000254073
0.00355631
0.000291774
0.00356707
0.000329592
0.000367515
0.00341608
-0.000917057
-0.00341349
0.00341881
-0.000893776
0.00342156
-0.000868888
0.00342437
-0.000843108
0.0034273
-0.000816364
0.00343035
-0.000789099
0.00343352
-0.000761434
0.00343681
-0.000733305
0.00344024
-0.000704685
0.00344381
-0.00067559
0.00344754
-0.000646043
0.00345142
-0.000616054
0.00345546
-0.000585633
0.00345968
-0.000554789
0.00346407
-0.000523535
0.00346865
-0.000491882
0.00347343
-0.00045984
0.0034784
-0.000427423
0.00348358
-0.00039464
0.00348897
-0.000361505
0.00349457
-0.000328028
0.00350041
-0.000294222
0.00350647
-0.000260099
0.00351277
-0.000225672
0.00351932
-0.000190952
0.00352611
-0.000155954
0.00353316
-0.000120693
0.00354048
-8.51861e-05
0.00354805
-4.94638e-05
0.00355574
-1.36504e-05
0.00356395
2.27264e-05
0.0035724
5.92998e-05
0.00358113
9.59624e-05
0.00359014
0.00013278
0.00359946
0.000169756
0.00360909
0.000206878
0.00361902
0.000244137
0.00362928
0.00028152
0.00363985
0.000319014
0.000356608
0.00351356
-0.000918642
-0.00351198
0.00351529
-0.000895504
0.00351706
-0.000870664
0.00351892
-0.000844966
0.00352091
-0.000818352
0.00352304
-0.000791226
0.0035253
-0.000763698
0.00352771
-0.000735715
0.00353028
-0.00070725
0.00353301
-0.000678319
0.00353591
-0.000648943
0.00353899
-0.000619133
0.00354225
-0.000588898
0.00354571
-0.000558247
0.00354937
-0.000527194
0.00355323
-0.000495748
0.00355731
-0.000463922
0.00356162
-0.000431726
0.00356615
-0.000399172
0.00357092
-0.000366271
0.00357592
-0.000333036
0.00358118
-0.000299479
0.00358669
-0.00026561
0.00359246
-0.000231444
0.0035985
-0.000196991
0.00360481
-0.000162266
0.0036114
-0.000127283
0.00361828
-9.20578e-05
0.00362543
-5.66142e-05
0.0036328
-2.10257e-05
0.00364064
1.48844e-05
0.00364874
5.11996e-05
0.00365715
8.75585e-05
0.00366587
0.00012406
0.00367491
0.00016071
0.00368429
0.000197503
0.003694
0.000234426
0.00370405
0.000271469
0.00371445
0.000308617
0.00034586
0.00361258
-0.000919225
-0.00361199
0.00361331
-0.000896238
0.00361411
-0.000871467
0.00361502
-0.000845871
0.00361607
-0.000819406
0.00361729
-0.000792438
0.00361866
-0.000765068
0.00362019
-0.000737251
0.0036219
-0.000708962
0.0036238
-0.000680216
0.00362589
-0.000651031
0.00362818
-0.000621421
0.00363067
-0.000591393
0.00363338
-0.000560958
0.00363632
-0.000530128
0.00363948
-0.000498912
0.00364288
-0.000467323
0.00364653
-0.000435371
0.00365042
-0.000403069
0.00365458
-0.000370426
0.003659
-0.000337456
0.00366369
-0.000304169
0.00366866
-0.000270578
0.00367391
-0.000236695
0.00367945
-0.000202532
0.00368529
-0.000168101
0.00369142
-0.000133417
0.00369786
-9.84955e-05
0.0037046
-6.33588e-05
0.00371163
-2.80576e-05
0.00371916
7.35972e-06
0.00372691
4.34524e-05
0.00373498
7.9482e-05
0.00374341
0.000115636
0.00375218
0.000151935
0.00376131
0.000188374
0.0037708
0.000224939
0.00378065
0.000261619
0.00379086
0.0002984
0.000335271
0.00371316
-0.00091881
-0.00371358
0.0037129
-0.000895981
0.00371274
-0.000871303
0.0037127
-0.000845831
0.00371283
-0.000819533
0.00371313
-0.000792743
0.00371362
-0.000765553
0.00371429
-0.000737922
0.00371516
-0.00070983
0.00371623
-0.000681289
0.00371752
-0.000652319
0.00371903
-0.00062293
0.00372076
-0.000593131
0.00372274
-0.000562934
0.00372496
-0.000532348
0.00372743
-0.000501385
0.00373016
-0.000470055
0.00373316
-0.00043837
0.00373644
-0.000406341
0.00373999
-0.00037398
0.00374383
-0.000341297
0.00374796
-0.000308304
0.0037524
-0.000275013
0.00375714
-0.000241436
0.00376219
-0.000207585
0.00376756
-0.000173471
0.00377325
-0.000139105
0.00377925
-0.000104499
0.00378556
-6.96621e-05
0.00379212
-3.46229e-05
0.00379955
-7.06451e-08
0.0038069
3.61101e-05
0.00381466
7.17196e-05
0.00382279
0.000107501
0.0038313
0.000143431
0.00384018
0.000179493
0.00384944
0.000215676
0.00385909
0.000251971
0.00386912
0.000288364
0.000324842
0.00381534
-0.000917401
-0.00381675
0.0038141
-0.00089474
0.00381297
-0.000870179
0.00381199
-0.000844851
0.0038112
-0.000818742
0.00381061
-0.00079215
0.00381022
-0.000765161
0.00381004
-0.000737738
0.00381007
-0.000709864
0.00381033
-0.00068155
0.00381083
-0.000652815
0.00381157
-0.000623669
0.00381256
-0.000594122
0.00381381
-0.000564184
0.00381533
-0.000533865
0.00381712
-0.000503177
0.00381919
-0.000472129
0.00382155
-0.000440733
0.00382421
-0.000409
0.00382718
-0.000376942
0.00383045
-0.000344569
0.00383404
-0.000311893
0.00383795
-0.000278925
0.00384219
-0.000245678
0.00384677
-0.000212162
0.00385169
-0.000178391
0.00385696
-0.000144377
0.00386259
-0.000110134
0.00386862
-7.56828e-05
0.00387505
-4.10565e-05
0.00388139
-6.40905e-06
0.00388858
2.89156e-05
0.00389608
6.42232e-05
0.00390395
9.96262e-05
0.00391222
0.000135166
0.00392087
0.000170836
0.00392993
0.000206624
0.00393938
0.000242517
0.00394924
0.000278504
0.000314571
0.00391914
-0.000915006
-0.00392154
0.00391692
-0.000892522
0.00391484
-0.000868102
0.00391294
-0.000842943
0.00391124
-0.000817042
0.00390975
-0.00079067
0.0039085
-0.000763903
0.00390747
-0.000736709
0.00390668
-0.000709074
0.00390614
-0.00068101
0.00390585
-0.000652532
0.00390584
-0.000623651
0.00390609
-0.000594377
0.00390663
-0.00056472
0.00390745
-0.00053469
0.00390857
-0.000504298
0.00391
-0.000473555
0.00391174
-0.00044247
0.00391379
-0.000411056
0.00391617
-0.000379322
0.00391888
-0.000347281
0.00392193
-0.000314944
0.00392533
-0.000282321
0.00392908
-0.000249426
0.00393318
-0.000216268
0.00393766
-0.000182861
0.0039425
-0.000149218
0.00394771
-0.000115351
0.00395331
-8.12765e-05
0.00395927
-4.7016e-05
0.00396552
-1.26646e-05
0.00397233
2.21073e-05
0.00397952
5.70306e-05
0.00398711
9.2039e-05
0.0039951
0.000127172
0.00400351
0.000162428
0.00401234
0.000197798
0.00402159
0.000233268
0.00403126
0.000268828
0.000304463
0.00402459
-0.00091163
-0.00402797
0.00402141
-0.000889336
0.00401839
-0.000865081
0.00401556
-0.000840114
0.00401296
-0.000814443
0.0040106
-0.000788311
0.00400849
-0.000761788
0.00400662
-0.000734846
0.00400502
-0.000707472
0.00400369
-0.000679678
0.00400264
-0.000651479
0.00400187
-0.000622885
0.0040014
-0.000593907
0.00400123
-0.000564553
0.00400138
-0.000534834
0.00400184
-0.00050476
0.00400262
-0.000474342
0.00400374
-0.00044359
0.0040052
-0.000412515
0.00400701
-0.000381129
0.00400917
-0.000349442
0.00401169
-0.000317464
0.00401458
-0.000285208
0.00401784
-0.000252685
0.00402148
-0.000219907
0.0040255
-0.000186885
0.00402991
-0.000153631
0.00403472
-0.000120159
0.00403993
-8.64823e-05
0.00404553
-5.26205e-05
0.0040515
-1.86312e-05
0.00405797
1.56308e-05
0.00406485
5.01511e-05
0.00407216
8.4737e-05
0.00407989
0.000119441
0.00408805
0.000154263
0.00409666
0.000189193
0.00410571
0.000224221
0.0041152
0.000259333
0.000294518
0.00413174
-0.000907283
-0.00413608
0.00412759
-0.000885192
0.00412364
-0.000861127
0.0041199
-0.000836374
0.00411641
-0.000810954
0.00411319
-0.000785085
0.00411023
-0.000758827
0.00410754
-0.000732159
0.00410513
-0.000705068
0.00410302
-0.000677566
0.00410121
-0.000649668
0.00409971
-0.000621383
0.00409852
-0.000592721
0.00409766
-0.000563691
0.00409713
-0.000534304
0.00409694
-0.00050457
0.0040971
-0.000474499
0.00409761
-0.000444102
0.00409849
-0.000413389
0.00409973
-0.00038237
0.00410134
-0.000351058
0.00410334
-0.000319462
0.00410572
-0.000287593
0.0041085
-0.000255464
0.00411168
-0.000223084
0.00411526
-0.000190467
0.00411925
-0.000157623
0.00412366
-0.000124566
0.00412849
-9.13082e-05
0.00413373
-5.78671e-05
0.00413938
-2.42814e-05
0.00414556
9.45864e-06
0.00415213
4.35774e-05
0.00415915
7.77183e-05
0.00416662
0.000111971
0.00417454
0.000146338
0.00418293
0.00018081
0.00419177
0.000215374
0.00420109
0.000250021
0.000284736
0.00424061
-0.000901975
-0.00424592
0.00423552
-0.0008801
0.00423064
-0.000856249
0.004226
-0.000831736
0.00422163
-0.000806588
0.00421755
-0.000781002
0.00421376
-0.000755032
0.00421026
-0.000728659
0.00420706
-0.000701873
0.00420418
-0.000674685
0.00420162
-0.000647108
0.00419939
-0.000619153
0.0041975
-0.000590829
0.00419595
-0.000562146
0.00419476
-0.000533112
0.00419393
-0.000503739
0.00419347
-0.000474036
0.00419338
-0.000444014
0.00419367
-0.000413683
0.00419436
-0.000383054
0.00419544
-0.000352136
0.00419692
-0.000320942
0.00419881
-0.000289482
0.00420111
-0.000257766
0.00420383
-0.000225806
0.00420698
-0.000193614
0.00421055
-0.0001612
0.00421456
-0.000128577
0.00421901
-9.57571e-05
0.0042239
-6.27553e-05
0.00422922
-2.96003e-05
0.00423512
3.56316e-06
0.00424138
3.73105e-05
0.00424812
7.09807e-05
0.00425533
0.000104762
0.00426301
0.000138653
0.00427118
0.000172647
0.00427982
0.00020673
0.00428895
0.000240891
0.000275119
0.00435124
-0.000895716
-0.0043575
0.00434522
-0.000874073
0.00433943
-0.000850461
0.0043339
-0.00082621
0.00432867
-0.000801356
0.00432374
-0.000776074
0.00431912
-0.000750414
0.00431482
-0.000724357
0.00431085
-0.000697897
0.0043072
-0.000671044
0.00430391
-0.00064381
0.00430096
-0.000616206
0.00429837
-0.000588241
0.00429615
-0.000559925
0.0042943
-0.000531266
0.00429284
-0.000502274
0.00429176
-0.000472961
0.00429108
-0.000443335
0.00429081
-0.000413406
0.00429094
-0.000383186
0.00429149
-0.000352685
0.00429246
-0.000321913
0.00429386
-0.000290881
0.00429569
-0.000259599
0.00429797
-0.000228079
0.00430068
-0.000196332
0.00430385
-0.000164369
0.00430747
-0.0001322
0.00431156
-9.98384e-05
0.0043161
-6.72964e-05
0.00432109
-3.45971e-05
0.00432664
-1.98074e-06
0.00433262
3.13302e-05
0.00433909
6.45127e-05
0.00434604
9.78042e-05
0.00435349
0.000131204
0.00436144
0.000164701
0.00436988
0.000198285
0.00437883
0.000231944
0.000265666
0.0044637
-0.000888519
-0.00447089
0.00445674
-0.000867122
0.00445006
-0.000843773
0.00444365
-0.000819808
0.00443757
-0.000795268
0.0044318
-0.000770312
0.00442637
-0.000744982
0.00442128
-0.000719263
0.00441653
-0.00069315
0.00441214
-0.000666653
0.00440811
-0.000639783
0.00440446
-0.000612552
0.00440118
-0.000584967
0.0043983
-0.000557037
0.00439581
-0.000528773
0.00439372
-0.000500185
0.00439203
-0.00047128
0.00439077
-0.00044207
0.00438993
-0.000412565
0.00438952
-0.000382775
0.00438954
-0.00035271
0.00439001
-0.00032238
0.00439093
-0.000291796
0.0043923
-0.000260969
0.00439412
-0.000229909
0.00439642
-0.000198627
0.00439919
-0.000167135
0.00440243
-0.000135444
0.00440616
-0.000103565
0.00441038
-7.15144e-05
0.00441509
-3.93106e-05
0.00442016
-7.0511e-06
0.00442588
2.56084e-05
0.00443209
5.83082e-05
0.00443879
9.10961e-05
0.00444601
0.000123985
0.00445374
0.00015697
0.00446199
0.000190037
0.00447076
0.000223176
0.000256376
0.00457801
-0.000880394
-0.00458613
0.00457014
-0.000859259
0.00456257
-0.000836197
0.0045553
-0.00081254
0.00454837
-0.000788336
0.00454178
-0.000763726
0.00453555
-0.000738748
0.00452967
-0.000713388
0.00452417
-0.000687643
0.00451904
-0.000661522
0.00451429
-0.000635037
0.00450994
-0.000608198
0.00450598
-0.000581013
0.00450244
-0.000553492
0.00449931
-0.000525643
0.0044966
-0.000497477
0.00449432
-0.000469002
0.00449248
-0.000440229
0.00449108
-0.000411167
0.00449013
-0.000381826
0.00448964
-0.000352217
0.00448961
-0.000322349
0.00449004
-0.000292233
0.00449095
-0.000261879
0.00449234
-0.000231299
0.00449422
-0.000200502
0.00449658
-0.0001695
0.00449944
-0.000138303
0.0045028
-0.000106925
0.00450666
-7.53761e-05
0.00451103
-4.36748e-05
0.00451586
-1.18795e-05
0.00452127
2.01901e-05
0.00452721
5.23759e-05
0.00453366
8.4642e-05
0.00454064
0.000117005
0.00454815
0.000149458
0.0045562
0.000181991
0.00456478
0.000214592
0.000247251
0.00469423
-0.000871354
-0.00470327
0.00468547
-0.000850497
0.00467702
-0.000827745
0.00466889
-0.000804419
0.00466113
-0.000780571
0.00465373
-0.000756328
0.0046467
-0.000731721
0.00464006
-0.000706741
0.0046338
-0.000681384
0.00462794
-0.00065566
0.00462248
-0.00062958
0.00461744
-0.000603154
0.00461281
-0.00057639
0.00460862
-0.000549296
0.00460486
-0.000521883
0.00460154
-0.000494159
0.00459867
-0.000466133
0.00459626
-0.000437816
0.00459431
-0.000409217
0.00459283
-0.000380345
0.00459182
-0.000351211
0.00459129
-0.000321824
0.00459126
-0.000292195
0.00459171
-0.000262334
0.00459267
-0.000232252
0.00459412
-0.000201959
0.00459609
-0.000171465
0.00459857
-0.000140782
0.00460156
-0.000109921
0.00460508
-7.88936e-05
0.00460912
-4.77156e-05
0.00461367
-1.64255e-05
0.00461879
1.50626e-05
0.00462445
4.67178e-05
0.00463065
7.84423e-05
0.0046374
0.000110259
0.00464469
0.000142163
0.00465254
0.000174144
0.00466094
0.000206191
0.000238292
0.00481242
-0.000861411
-0.00482236
0.00480277
-0.000840847
0.00479345
-0.000818428
0.00478449
-0.000795455
0.0047759
-0.000771984
0.0047677
-0.000748127
0.00475989
-0.000723912
0.00475248
-0.000699332
0.00474548
-0.000674383
0.0047389
-0.000649076
0.00473274
-0.000623421
0.00472701
-0.000597428
0.00472172
-0.000571103
0.00471689
-0.000544458
0.0047125
-0.000517499
0.00470858
-0.000490236
0.00470513
-0.00046268
0.00470215
-0.000434838
0.00469965
-0.00040672
0.00469764
-0.000378337
0.00469613
-0.000349697
0.00469512
-0.000320811
0.00469461
-0.000291688
0.00469461
-0.000262339
0.00469513
-0.000232773
0.00469618
-0.000203001
0.00469775
-0.000173035
0.00469985
-0.000142883
0.00470248
-0.000112558
0.00470566
-8.20705e-05
0.00470938
-5.14348e-05
0.00471363
-2.06789e-05
0.00471848
1.02165e-05
0.00472387
4.13301e-05
0.00472982
7.24947e-05
0.00473633
0.000103748
0.0047434
0.000135085
0.00475105
0.000166497
0.00475927
0.000197971
0.000229497
0.00493263
-0.000850574
-0.00494346
0.0049221
-0.000830322
0.00491193
-0.000808257
0.00490213
-0.000785659
0.00489273
-0.000762584
0.00488374
-0.000739133
0.00487516
-0.000715331
0.004867
-0.000691169
0.00485926
-0.000666649
0.00485196
-0.000641779
0.00484511
-0.000616568
0.00483871
-0.000591026
0.00483277
-0.000565162
0.00482729
-0.000538983
0.00482229
-0.000512498
0.00481777
-0.000485717
0.00481374
-0.000458648
0.0048102
-0.0004313
0.00480716
-0.000403684
0.00480463
-0.000375807
0.00480262
-0.00034768
0.00480112
-0.000319313
0.00480015
-0.000290715
0.0047997
-0.000261895
0.0047998
-0.000232865
0.00480043
-0.000203634
0.00480161
-0.000174212
0.00480333
-0.00014461
0.00480561
-0.000114839
0.00480845
-8.49091e-05
0.00481185
-5.48346e-05
0.00481581
-2.4637e-05
0.00482038
5.64147e-06
0.0048255
3.62125e-05
0.0048312
6.67996e-05
0.00483747
9.74708e-05
0.00484434
0.000128223
0.00485179
0.000159047
0.00485983
0.000189932
0.000220866
0.00505491
-0.000838856
-0.00506663
0.00504352
-0.000818931
0.00503251
-0.000797243
0.00502189
-0.00077504
0.00501169
-0.000752381
0.00500191
-0.000729355
0.00499256
-0.000705985
0.00498366
-0.000682262
0.0049752
-0.00065819
0.00496719
-0.000633775
0.00495965
-0.000609028
0.00495258
-0.000583957
0.00494599
-0.000558571
0.00493989
-0.000532878
0.00493428
-0.000506886
0.00492916
-0.000480605
0.00492456
-0.000454042
0.00492047
-0.000427208
0.00491689
-0.000400111
0.00491385
-0.00037276
0.00491133
-0.000345165
0.00490935
-0.000317335
0.00490792
-0.00028928
0.00490703
-0.000261009
0.0049067
-0.000232532
0.00490693
-0.000203859
0.00490771
-0.000175
0.00490907
-0.000145965
0.004911
-0.000116765
0.0049135
-8.74092e-05
0.00491657
-5.791e-05
0.00492022
-2.82847e-05
0.00492456
1.30376e-06
0.0049294
3.13693e-05
0.00493485
6.13538e-05
0.00494089
9.14249e-05
0.00494754
0.000121575
0.00495479
0.000151795
0.00496265
0.000182072
0.000212398
0.00517934
-0.000826268
-0.00519192
0.00516709
-0.000806688
0.00515524
-0.000785396
0.00514381
-0.000763609
0.00513282
-0.000741385
0.00512227
-0.000718803
0.00511216
-0.000695883
0.00510252
-0.000672619
0.00509334
-0.000649012
0.00508464
-0.000625072
0.00507642
-0.000600807
0.00506869
-0.000576227
0.00506146
-0.000551338
0.00505473
-0.00052615
0.00504851
-0.000500669
0.00504281
-0.000474906
0.00503764
-0.000448869
0.005033
-0.000422567
0.00502889
-0.000396007
0.00502533
-0.000369201
0.00502233
-0.000342155
0.00501987
-0.000314881
0.00501798
-0.000287387
0.00501665
-0.000259683
0.0050159
-0.000231778
0.00501572
-0.000203682
0.00501613
-0.000175404
0.00501712
-0.000146956
0.0050187
-0.000118346
0.00502087
-8.95864e-05
0.00502365
-6.06874e-05
0.00502703
-3.16654e-05
0.00503097
-2.63202e-06
0.00503557
2.67666e-05
0.00504078
5.61454e-05
0.0050466
8.56016e-05
0.00505304
0.000115134
0.00506011
0.000144733
0.00506779
0.000174389
0.000204089
0.00530596
-0.000812818
-0.00531941
0.00529287
-0.0007936
0.0052802
-0.000772726
0.00526797
-0.000751374
0.00525618
-0.000729604
0.00524487
-0.000707485
0.00523402
-0.000685033
0.00522364
-0.000662246
0.00521376
-0.000639125
0.00520436
-0.000615678
0.00519547
-0.000591914
0.00518708
-0.000567841
0.00517921
-0.000543469
0.00517187
-0.000518803
0.00516505
-0.000493853
0.00515877
-0.000468627
0.00515303
-0.000443133
0.00514785
-0.00041738
0.00514322
-0.000391377
0.00513915
-0.000365133
0.00513565
-0.000338655
0.00513272
-0.000311955
0.00513038
-0.00028504
0.00512861
-0.000257921
0.00512744
-0.000230606
0.00512686
-0.000203104
0.00512689
-0.000175427
0.00512751
-0.000147582
0.00512875
-0.000119582
0.0051306
-9.14347e-05
0.00513306
-6.31524e-05
0.00513615
-3.4749e-05
0.00513979
-6.28099e-06
0.00514414
2.24246e-05
0.0051491
5.11788e-05
0.0051547
8.00044e-05
0.00516093
0.000108902
0.0051678
0.000137864
0.00517531
0.00016688
0.00019594
0.00543484
-0.000798518
-0.00544914
0.00542092
-0.000779679
0.00540744
-0.000759242
0.00539441
-0.000738345
0.00538185
-0.000717046
0.00536977
-0.000695408
0.00535818
-0.000673444
0.00534709
-0.000651151
0.0053365
-0.000628533
0.00532642
-0.000605597
0.00531686
-0.000582353
0.00530782
-0.000558807
0.00529932
-0.000534968
0.00529136
-0.000510843
0.00528395
-0.000486441
0.00527709
-0.00046177
0.0052708
-0.000436838
0.00526507
-0.000411653
0.00525992
-0.000386224
0.00525534
-0.00036056
0.00525136
-0.000334669
0.00524796
-0.00030856
0.00524517
-0.000282243
0.00524297
-0.000255725
0.00524138
-0.000229018
0.00524041
-0.000202129
0.00524005
-0.000175068
0.00524031
-0.000147846
0.0052412
-0.00012047
0.00524272
-9.29527e-05
0.00524487
-6.53032e-05
0.00524765
-3.75344e-05
0.00525106
-9.68199e-06
0.00525513
1.83467e-05
0.00525986
4.64559e-05
0.00526523
7.46327e-05
0.00527125
0.000102879
0.00527793
0.000131187
0.00528526
0.000159547
0.000187949
0.00556605
-0.000783376
-0.00558119
0.00555131
-0.000764933
0.00553702
-0.000744953
0.0055232
-0.00072453
0.00550988
-0.00070372
0.00549705
-0.00068258
0.00548473
-0.000661121
0.00547292
-0.000639342
0.00546163
-0.000617245
0.00545087
-0.000594838
0.00544064
-0.00057213
0.00543097
-0.000549129
0.00542184
-0.000525841
0.00541327
-0.000502276
0.00540527
-0.00047844
0.00539784
-0.000454341
0.00539099
-0.000429988
0.00538473
-0.000405389
0.00537906
-0.000380552
0.00537398
-0.000355486
0.00536951
-0.000330199
0.00536565
-0.000304699
0.00536241
-0.000278997
0.00535978
-0.0002531
0.00535778
-0.000227017
0.00535641
-0.000200758
0.00535567
-0.000174332
0.00535557
-0.000147748
0.00535612
-0.000121016
0.00535731
-9.4145e-05
0.00535915
-6.71455e-05
0.00536165
-4.00292e-05
0.00536479
-1.28214e-05
0.00536861
1.45266e-05
0.00537309
4.19742e-05
0.00537824
6.94846e-05
0.00538406
9.70624e-05
0.00539054
0.0001247
0.0053977
0.000152387
0.000180114
0.00569966
-0.000767401
-0.00571564
0.0056841
-0.000749372
0.00566901
-0.000729866
0.00565442
-0.000709935
0.00564033
-0.000689632
0.00562676
-0.000669008
0.00561371
-0.000648072
0.00560119
-0.000626823
0.00558921
-0.000605264
0.00557778
-0.000583404
0.0055669
-0.000561251
0.00555658
-0.000538812
0.00554683
-0.000516094
0.00553766
-0.000493105
0.00552908
-0.000469852
0.00552108
-0.000446344
0.00551368
-0.000422588
0.00550688
-0.000398592
0.00550069
-0.000374365
0.00549512
-0.000349914
0.00549017
-0.000325248
0.00548585
-0.000300376
0.00548216
-0.000275306
0.0054791
-0.000250046
0.00547669
-0.000224606
0.00547493
-0.000198995
0.00547382
-0.000173221
0.00547336
-0.000147293
0.00547357
-0.000121221
0.00547444
-9.50141e-05
0.00547597
-6.86822e-05
0.00547818
-4.22362e-05
0.00548105
-1.56954e-05
0.00548462
1.09596e-05
0.00548887
3.773e-05
0.00549379
6.45571e-05
0.00549941
9.14492e-05
0.00550571
0.000118399
0.0055127
0.000145396
0.000172432
0.00583574
-0.000750602
-0.00585254
0.00581937
-0.000733003
0.00580349
-0.00071399
0.00578813
-0.000694569
0.00577329
-0.00067479
0.00575898
-0.000654698
0.00574521
-0.000634302
0.00573198
-0.0006136
0.00571932
-0.000592598
0.00570721
-0.000571302
0.00569568
-0.000549721
0.00568473
-0.000527861
0.00567437
-0.000505729
0.0056646
-0.000483334
0.00565543
-0.000460683
0.00564687
-0.000437782
0.00563892
-0.00041464
0.00563159
-0.000391266
0.00562489
-0.000367665
0.00561883
-0.000343848
0.0056134
-0.000319821
0.00560862
-0.000295593
0.00560448
-0.000271173
0.00560101
-0.000246568
0.00559819
-0.000221788
0.00559603
-0.000196841
0.00559455
-0.000171737
0.00559374
-0.000146483
0.00559361
-0.000121088
0.00559416
-9.55628e-05
0.00559539
-6.99159e-05
0.00559731
-4.41577e-05
0.00559992
-1.83042e-05
0.00560324
7.64151e-06
0.00560725
3.37205e-05
0.00561196
5.98474e-05
0.00561737
8.60367e-05
0.00562349
0.000112281
0.00563031
0.000138572
0.0001649
0.00597436
-0.000732986
-0.00599197
0.00595719
-0.000715834
0.00594053
-0.000697332
0.0059244
-0.000678438
0.00590881
-0.0006592
0.00589377
-0.000639657
0.00587928
-0.000619817
0.00586536
-0.00059968
0.00585202
-0.000579251
0.00583925
-0.000558536
0.00582707
-0.000537543
0.00581549
-0.00051628
0.00580451
-0.000494753
0.00579415
-0.000472968
0.0057844
-0.000450935
0.00577528
-0.000428659
0.00576679
-0.000406149
0.00575893
-0.000383413
0.00575173
-0.000360457
0.00574517
-0.000337289
0.00573927
-0.000313919
0.00573403
-0.000290353
0.00572945
-0.0002666
0.00572555
-0.000242668
0.00572233
-0.000218566
0.00571979
-0.000194301
0.00571794
-0.000169883
0.00571677
-0.000145319
0.0057163
-0.00012062
0.00571654
-9.57936e-05
0.00571747
-7.08489e-05
0.00571911
-4.5796e-05
0.00572145
-2.06487e-05
0.00572452
4.56767e-06
0.0057283
2.99436e-05
0.0057328
5.53529e-05
0.00573801
8.08225e-05
0.00574395
0.000106345
0.00575061
0.000131913
0.000157516
0.0061156
-0.00071456
-0.00613402
0.00609764
-0.000697872
0.0060802
-0.000679898
0.00606331
-0.000661548
0.00604698
-0.000642867
0.00603121
-0.000623889
0.00601602
-0.000604622
0.0060014
-0.000585067
0.00598738
-0.000565227
0.00597396
-0.00054511
0.00596114
-0.000524723
0.00594893
-0.000504073
0.00593734
-0.000483167
0.00592639
-0.000462011
0.00591606
-0.000440612
0.00590638
-0.000418979
0.00589735
-0.000397118
0.00588897
-0.000375036
0.00588126
-0.000352742
0.00587421
-0.000330243
0.00586784
-0.000307546
0.00586215
-0.000284659
0.00585714
-0.00026159
0.00585282
-0.000238348
0.00584919
-0.000214941
0.00584627
-0.000191375
0.00584405
-0.000167661
0.00584253
-0.000143806
0.00584173
-0.000119819
0.00584165
-9.57089e-05
0.00584228
-7.14836e-05
0.00584364
-4.71531e-05
0.00584572
-2.27291e-05
0.00584856
1.72679e-06
0.00585211
2.63983e-05
0.00585639
5.10723e-05
0.0058614
7.58044e-05
0.00586716
0.000100588
0.00587366
0.000125415
0.000150276
0.00625954
-0.00069533
-0.00627877
0.00624079
-0.000679124
0.00622259
-0.000661695
0.00620495
-0.000643905
0.00618788
-0.000625796
0.00617139
-0.0006074
0.00615549
-0.000588723
0.00614019
-0.000569765
0.00612549
-0.000550532
0.00611141
-0.000531029
0.00609795
-0.000511264
0.00608512
-0.000491244
0.00607293
-0.000470975
0.00606139
-0.000450464
0.00605049
-0.000429718
0.00604026
-0.000408744
0.00603069
-0.000387549
0.00602179
-0.00036614
0.00601357
-0.000344524
0.00600604
-0.00032271
0.0059992
-0.000300704
0.00599305
-0.000278513
0.00598761
-0.000256147
0.00598287
-0.000233612
0.00597885
-0.000210916
0.00597554
-0.000188068
0.00597295
-0.000165075
0.00597109
-0.000141946
0.00596996
-0.000118689
0.00596957
-9.53114e-05
0.00596991
-7.18228e-05
0.00597098
-4.82314e-05
0.0059728
-2.45486e-05
0.0059754
-8.65139e-07
0.00597872
2.30773e-05
0.00598279
4.69975e-05
0.00598762
7.09754e-05
0.0059932
9.50037e-05
0.00599955
0.000119073
0.000143176
0.00640627
-0.000675304
-0.0064263
0.00638674
-0.000659595
0.00636778
-0.000642728
0.00634939
-0.000625514
0.00633158
-0.000607994
0.00631438
-0.000590195
0.00629778
-0.000572123
0.00628179
-0.000553779
0.00626643
-0.000535168
0.0062517
-0.000516296
0.0062376
-0.00049717
0.00622415
-0.000477797
0.00621136
-0.000458182
0.00619923
-0.000438333
0.00618777
-0.000418256
0.00617698
-0.000397957
0.00616688
-0.000377445
0.00615746
-0.000356726
0.00614874
-0.000335806
0.00614073
-0.000314693
0.00613342
-0.000293395
0.00612682
-0.000271919
0.00612095
-0.000250272
0.0061158
-0.000228461
0.00611138
-0.000206496
0.00610769
-0.000184382
0.00610474
-0.000162128
0.00610254
-0.000139743
0.00610109
-0.000117234
0.00610038
-9.46083e-05
0.00610044
-7.18756e-05
0.00610125
-4.90441e-05
0.00610282
-2.6124e-05
0.00610511
-3.15406e-06
0.00610822
1.99711e-05
0.00611209
4.31262e-05
0.00611673
6.63335e-05
0.00612215
8.95886e-05
0.00612834
0.000112884
0.000136211
0.00655588
-0.000654487
-0.0065767
0.00653558
-0.000639292
0.00651585
-0.000623002
0.00649672
-0.00060638
0.00647819
-0.000589464
0.00646027
-0.000572278
0.00644298
-0.000554827
0.00642631
-0.000537113
0.00641028
-0.00051914
0.0063949
-0.000500915
0.00638017
-0.000482444
0.00636611
-0.000463733
0.00635272
-0.000444789
0.00634
-0.000425618
0.00632797
-0.000406227
0.00631664
-0.000386622
0.006306
-0.000366809
0.00629607
-0.000346796
0.00628685
-0.000326589
0.00627836
-0.000306196
0.00627058
-0.000285623
0.00626354
-0.000264878
0.00625724
-0.000243967
0.00625168
-0.000222899
0.00624686
-0.00020168
0.0062428
-0.000180319
0.00623949
-0.000158822
0.00623695
-0.000137197
0.00623516
-0.000115453
0.00623415
-9.35962e-05
0.00623391
-7.16359e-05
0.00623445
-4.95796e-05
0.00623576
-2.74372e-05
0.00623784
-5.23346e-06
0.00624072
1.70878e-05
0.00624439
3.94562e-05
0.00624885
6.18753e-05
0.0062541
8.43403e-05
0.00626014
0.000106844
0.000129378
0.00670847
-0.000632883
-0.00673007
0.0066874
-0.000618219
0.00666691
-0.000602521
0.00664704
-0.000586507
0.00662779
-0.00057021
0.00660916
-0.000553652
0.00659117
-0.000536837
0.00657383
-0.000519769
0.00655714
-0.00050245
0.00654111
-0.000484888
0.00652576
-0.000467088
0.00651108
-0.000449056
0.00649709
-0.0004308
0.00648379
-0.000412323
0.0064712
-0.000393634
0.00645932
-0.000374739
0.00644815
-0.000355643
0.00643771
-0.000336353
0.006428
-0.000316876
0.00641902
-0.000297219
0.00641079
-0.000277389
0.0064033
-0.000257392
0.00639657
-0.000237236
0.0063906
-0.000216927
0.00638539
-0.000196472
0.00638095
-0.00017588
0.00637729
-0.000155158
0.0063744
-0.000134311
0.0063723
-0.00011335
0.00637098
-9.22797e-05
0.00637045
-7.11093e-05
0.00637072
-4.98465e-05
0.00637178
-2.84998e-05
0.00637364
-7.0874e-06
0.0063763
1.44221e-05
0.00637977
3.59862e-05
0.00638405
5.75988e-05
0.00638913
7.9256e-05
0.00639503
0.00010095
0.000122673
0.00686413
-0.000610497
-0.00688651
0.00684229
-0.00059638
0.00682106
-0.00058129
0.00680045
-0.000565898
0.00678048
-0.000550235
0.00676114
-0.00053432
0.00674246
-0.000518158
0.00672445
-0.00050175
0.0067071
-0.000485101
0.00669043
-0.000468217
0.00667444
-0.000451105
0.00665916
-0.000433769
0.00664457
-0.000416215
0.0066307
-0.00039845
0.00661755
-0.00038048
0.00660512
-0.000362311
0.00659342
-0.000343948
0.00658247
-0.000325399
0.00657226
-0.000306669
0.00656281
-0.000287766
0.00655411
-0.000268695
0.00654619
-0.000249464
0.00653903
-0.000230079
0.00653265
-0.000210547
0.00652705
-0.000190875
0.00652224
-0.000171069
0.00651822
-0.000151138
0.006515
-0.000131089
0.00651257
-0.000110927
0.00651096
-9.06615e-05
0.00651015
-7.0299e-05
0.00651015
-4.98472e-05
0.00651096
-2.93147e-05
0.00651259
-8.71495e-06
0.00651504
1.19686e-05
0.00651832
3.27106e-05
0.00652242
5.34991e-05
0.00652734
7.433e-05
0.0065331
9.51968e-05
0.000116091
0.00702297
-0.000587333
-0.00704613
0.00700037
-0.000573779
0.00697839
-0.000559312
0.00695705
-0.000544557
0.00693636
-0.000529543
0.00691632
-0.000514286
0.00689696
-0.000498791
0.00687827
-0.000483059
0.00686026
-0.000467096
0.00684295
-0.000450906
0.00682634
-0.000434496
0.00681045
-0.000417872
0.00679527
-0.000401038
0.00678082
-0.000384001
0.00676711
-0.000366766
0.00675413
-0.000349339
0.00674191
-0.000331727
0.00673045
-0.000313935
0.00671975
-0.000295969
0.00670982
-0.000277837
0.00670067
-0.000259543
0.0066923
-0.000241095
0.00668472
-0.000222498
0.00667793
-0.000203761
0.00667195
-0.000184889
0.00666677
-0.000165888
0.0066624
-0.000146767
0.00665884
-0.000127531
0.0066561
-0.000108188
0.00665418
-8.87446e-05
0.00665309
-6.92081e-05
0.00665283
-4.95856e-05
0.0066534
-2.98852e-05
0.0066548
-1.01181e-05
0.00665705
9.72325e-06
0.00666013
2.96253e-05
0.00666406
4.95713e-05
0.00666883
6.95584e-05
0.00667445
8.95798e-05
0.000109628
0.00718511
-0.000563394
-0.00720905
0.00716175
-0.00055042
0.00713903
-0.00053659
0.00711695
-0.000522487
0.00709555
-0.000508136
0.00707481
-0.000493552
0.00705476
-0.000478738
0.0070354
-0.000463698
0.00701674
-0.000448436
0.00699879
-0.000432956
0.00698156
-0.000417265
0.00696505
-0.000401368
0.00694929
-0.00038527
0.00693426
-0.000368977
0.00691999
-0.000352494
0.00690648
-0.000335826
0.00689373
-0.000318981
0.00688176
-0.000301963
0.00687057
-0.000284779
0.00686016
-0.000267434
0.00685056
-0.000249935
0.00684175
-0.000232287
0.00683375
-0.000214497
0.00682656
-0.000196572
0.00682019
-0.000178517
0.00681464
-0.000160339
0.00680992
-0.000142046
0.00680603
-0.000123642
0.00680297
-0.000105135
0.00680076
-8.65322e-05
0.00679939
-6.78398e-05
0.00679887
-4.9065e-05
0.0067992
-3.0215e-05
0.00680038
-1.12998e-05
0.00680243
7.68194e-06
0.00680532
2.6726e-05
0.00680908
4.58113e-05
0.00681371
6.49361e-05
0.00681919
8.40938e-05
0.000103277
0.00735066
-0.000538683
-0.00737537
0.00732654
-0.000526304
0.00730308
-0.000513126
0.00728028
-0.000499689
0.00725816
-0.000486016
0.00723672
-0.000472119
0.00721599
-0.000458002
0.00719596
-0.000443668
0.00717665
-0.000429122
0.00715806
-0.000414368
0.0071402
-0.000399411
0.00712309
-0.000384258
0.00710674
-0.000368912
0.00709114
-0.000353378
0.00707631
-0.000337664
0.00706225
-0.000321773
0.00704898
-0.000305711
0.00703651
-0.000289485
0.00702483
-0.000273099
0.00701395
-0.000256559
0.00700389
-0.000239871
0.00699464
-0.000223042
0.00698622
-0.000206076
0.00697863
-0.000188981
0.00697188
-0.000171762
0.00696596
-0.000154425
0.00696089
-0.000136977
0.00695667
-0.000119423
0.00695331
-0.000101771
0.00695081
-8.40271e-05
0.00694916
-6.61974e-05
0.00694839
-4.82885e-05
0.00694848
-3.03076e-05
0.00694944
-1.22637e-05
0.00695128
5.84051e-06
0.006954
2.40082e-05
0.0069576
4.22144e-05
0.00696208
6.04581e-05
0.00696744
7.87336e-05
9.70336e-05
0.00751975
-0.000513202
-0.00754523
0.00749488
-0.000501433
0.00747067
-0.000488921
0.00744715
-0.000476164
0.00742432
-0.000463183
0.00740218
-0.000449988
0.00738077
-0.000436583
0.00736007
-0.000422971
0.0073401
-0.000409156
0.00732088
-0.000395143
0.0073024
-0.000380937
0.00728469
-0.000366542
0.00726774
-0.000351964
0.00725157
-0.000337207
0.00723618
-0.000322278
0.00722159
-0.00030718
0.0072078
-0.000291919
0.00719481
-0.000276501
0.00718264
-0.00026093
0.0071713
-0.000245213
0.00716078
-0.000229355
0.0071511
-0.000213362
0.00714226
-0.000197238
0.00713427
-0.000180991
0.00712714
-0.000164625
0.00712086
-0.000148147
0.00711544
-0.000131562
0.0071109
-0.000114878
0.00710723
-9.80992e-05
0.00710443
-8.12324e-05
0.00710252
-6.42839e-05
0.00710149
-4.72598e-05
0.00710135
-3.0167e-05
0.0071021
-1.30132e-05
0.00710374
4.19436e-06
0.00710628
2.14675e-05
0.00710972
3.87754e-05
0.00711406
5.61194e-05
0.0071193
7.34936e-05
9.08914e-05
0.00769251
-0.000486952
-0.00771876
0.00766689
-0.00047581
0.00764194
-0.000463977
0.00761769
-0.000451915
0.00759415
-0.000439639
0.00757132
-0.000427161
0.00754922
-0.000414482
0.00752786
-0.000401606
0.00750724
-0.000388538
0.00748738
-0.000375281
0.00746828
-0.000361841
0.00744996
-0.000348221
0.00743242
-0.000334428
0.00741568
-0.000320464
0.00739974
-0.000306336
0.00738461
-0.000292048
0.00737029
-0.000277605
0.0073568
-0.000263012
0.00734415
-0.000248275
0.00733233
-0.000233398
0.00732136
-0.000218387
0.00731125
-0.000203247
0.00730199
-0.000187983
0.00729361
-0.000172602
0.00728609
-0.000157108
0.00727945
-0.000141507
0.00727369
-0.000125806
0.00726882
-0.000110009
0.00726485
-9.41216e-05
0.00726176
-7.81512e-05
0.00725958
-6.21027e-05
0.00725831
-4.59826e-05
0.00725794
-2.97967e-05
0.00725847
-1.35524e-05
0.00725993
2.73876e-06
0.0072623
1.90988e-05
0.00726559
3.54894e-05
0.00726979
5.19145e-05
0.00727492
6.83682e-05
8.48446e-05
0.00786909
-0.000459934
-0.00789611
0.00784271
-0.000449433
0.00781703
-0.000438295
0.00779206
-0.00042694
0.0077678
-0.000415384
0.00774428
-0.000403636
0.00772149
-0.000391699
0.00769946
-0.000379575
0.00767819
-0.000367268
0.00765769
-0.000354783
0.00763798
-0.000342124
0.00761905
-0.000329296
0.00760093
-0.000316303
0.00758361
-0.000303149
0.00756711
-0.000289839
0.00755144
-0.000276377
0.00753661
-0.000262769
0.00752261
-0.000249019
0.00750947
-0.000235132
0.00749719
-0.000221113
0.00748577
-0.000206967
0.00747522
-0.000192699
0.00746555
-0.000178314
0.00745677
-0.000163817
0.00744887
-0.000149213
0.00744187
-0.000134509
0.00743577
-0.000119708
0.00743058
-0.000104817
0.0074263
-8.98415e-05
0.00742294
-7.47862e-05
0.00742049
-5.96573e-05
0.00741897
-4.44601e-05
0.00741837
-2.92009e-05
0.00741871
-1.38857e-05
0.00741998
1.46779e-06
0.00742218
1.68978e-05
0.00742532
3.23513e-05
0.00742939
4.78376e-05
0.00743441
6.33513e-05
7.88865e-05
0.00804963
-0.000432148
-0.00807742
0.0080225
-0.000422304
0.00799608
-0.000411873
0.00797038
-0.00040124
0.00794542
-0.000390418
0.00792119
-0.000379415
0.00789773
-0.000368233
0.00787503
-0.000356875
0.00785311
-0.000345346
0.00783197
-0.000333648
0.00781163
-0.000321787
0.0077921
-0.000309766
0.00777339
-0.000297589
0.0077555
-0.000285261
0.00773845
-0.000272786
0.00772224
-0.000260168
0.00770688
-0.000247412
0.00769239
-0.000234522
0.00767876
-0.000221504
0.007666
-0.00020836
0.00765414
-0.000195097
0.00764316
-0.000181719
0.00763307
-0.000168231
0.00762389
-0.000154637
0.00761562
-0.000140942
0.00760827
-0.000127153
0.00760183
-0.000113273
0.00759632
-9.93071e-05
0.00759174
-8.52615e-05
0.00758809
-7.11409e-05
0.00758539
-5.69507e-05
0.00758362
-4.26962e-05
0.00758281
-2.83826e-05
0.00758294
-1.40161e-05
0.00758403
3.71641e-07
0.00758607
1.48596e-05
0.00758907
2.93559e-05
0.00759302
4.38832e-05
0.00759793
5.84367e-05
7.30106e-05
0.0082343
-0.000403594
-0.00826286
0.00820642
-0.00039442
0.00817926
-0.000384711
0.00815283
-0.000374814
0.00812715
-0.000364739
0.00810223
-0.000354495
0.00807808
-0.000344083
0.00805472
-0.000333507
0.00803214
-0.00032277
0.00801037
-0.000311875
0.00798941
-0.000300827
0.00796927
-0.000289629
0.00794997
-0.000278285
0.00793151
-0.0002668
0.0079139
-0.000255177
0.00789715
-0.00024342
0.00788127
-0.000231534
0.00786627
-0.000219522
0.00785216
-0.000207389
0.00783894
-0.00019514
0.00782662
-0.000182778
0.00781521
-0.000170308
0.00780471
-0.000157735
0.00779514
-0.000145063
0.00778649
-0.000132297
0.00777878
-0.000119441
0.00777201
-0.000106501
0.00776618
-9.34807e-05
0.00776131
-8.03851e-05
0.00775738
-6.72191e-05
0.00775442
-5.39878e-05
0.00775242
-4.06959e-05
0.00775139
-2.73489e-05
0.00775132
-1.39519e-05
0.00775223
-5.31819e-07
0.00775411
1.29755e-05
0.00775697
2.64948e-05
0.00776081
4.00432e-05
0.00776563
5.36163e-05
6.72087e-05
0.00842327
-0.000374269
-0.00845259
0.00839463
-0.000365782
0.00836673
-0.000356807
0.00833957
-0.000347659
0.00831318
-0.000338347
0.00828756
-0.000328876
0.00826273
-0.000319249
0.00823869
-0.000309469
0.00821546
-0.000299539
0.00819304
-0.000289463
0.00817146
-0.000279244
0.00815072
-0.000268886
0.00813082
-0.000258391
0.00811179
-0.000247766
0.00809362
-0.000237011
0.00807634
-0.000226133
0.00805994
-0.000215134
0.00804443
-0.000204018
0.00802983
-0.000192789
0.00801614
-0.000181452
0.00800337
-0.00017001
0.00799153
-0.000158467
0.00798063
-0.000146828
0.00797066
-0.000135098
0.00796164
-0.000123279
0.00795358
-0.000111377
0.00794647
-9.93963e-05
0.00794033
-8.73409e-05
0.00793517
-7.52151e-05
0.00793097
-6.30241e-05
0.00792775
-5.07719e-05
0.00792552
-3.84634e-05
0.00792428
-2.61032e-05
0.00792402
-1.36965e-05
0.00792475
-1.25751e-06
0.00792648
1.12422e-05
0.00792921
2.37639e-05
0.00793294
3.63124e-05
0.00793767
4.88841e-05
6.14739e-05
0.00861671
-0.000344172
-0.0086468
0.00858731
-0.000336387
0.00855866
-0.00032816
0.00853078
-0.000319775
0.00850367
-0.000311238
0.00847735
-0.000302554
0.00845183
-0.000293727
0.00842712
-0.000284758
0.00840323
-0.000275651
0.00838018
-0.00026641
0.00835797
-0.000257036
0.00833662
-0.000247533
0.00831613
-0.000237906
0.00829652
-0.000228156
0.0082778
-0.000218288
0.00825997
-0.000208305
0.00824305
-0.000198211
0.00822704
-0.000188009
0.00821195
-0.000177702
0.0081978
-0.000167296
0.00818458
-0.000156793
0.00817231
-0.000146196
0.00816099
-0.000135511
0.00815063
-0.000124741
0.00814124
-0.00011389
0.00813283
-0.000102962
0.00812539
-9.19601e-05
0.00811894
-8.08896e-05
0.00811348
-6.97543e-05
0.00810902
-5.85583e-05
0.00810555
-4.7306e-05
0.00810309
-3.60012e-05
0.00810163
-2.46488e-05
0.00810119
-1.32531e-05
0.00810176
-1.82408e-06
0.00810334
9.65365e-06
0.00810595
2.11559e-05
0.00810958
3.26833e-05
0.00811423
4.42322e-05
5.57981e-05
0.00881481
-0.000313301
-0.00884568
0.00878465
-0.000306231
0.00875526
-0.000298767
0.00872664
-0.000291157
0.00869881
-0.00028341
0.00867179
-0.000275529
0.00864558
-0.000267516
0.00862019
-0.000259373
0.00859564
-0.000251105
0.00857195
-0.000242713
0.00854911
-0.0002342
0.00852715
-0.00022557
0.00850607
-0.000216826
0.00848588
-0.00020797
0.0084666
-0.000199005
0.00844823
-0.000189936
0.00843079
-0.000180765
0.00841427
-0.000171495
0.0083987
-0.000162129
0.00838408
-0.000152673
0.00837041
-0.000143127
0.00835771
-0.000133497
0.00834598
-0.000123785
0.00833524
-0.000113995
0.00832548
-0.000104131
0.00831671
-9.41965e-05
0.00830895
-8.41948e-05
0.00830219
-7.41302e-05
0.00829644
-6.40059e-05
0.00829171
-5.38261e-05
0.008288
-4.35946e-05
0.00828531
-3.3315e-05
0.00828365
-2.29917e-05
0.00828303
-1.26284e-05
0.00828344
-2.23306e-06
0.00828489
8.2036e-06
0.00828738
1.86645e-05
0.00829091
2.91488e-05
0.00829549
3.96528e-05
5.01727e-05
0.00901777
-0.000281652
-0.00904942
0.00898685
-0.000275313
0.00895671
-0.000268623
0.00892736
-0.000261804
0.00889881
-0.00025486
0.00887107
-0.000247795
0.00884417
-0.000240611
0.00881811
-0.000233311
0.0087929
-0.000225897
0.00876856
-0.000218371
0.00874509
-0.000210736
0.00872252
-0.000202995
0.00870084
-0.00019515
0.00868008
-0.000187205
0.00866023
-0.000179162
0.00864132
-0.000171024
0.00862335
-0.000162794
0.00860633
-0.000154475
0.00859027
-0.00014607
0.00857518
-0.000137582
0.00856107
-0.000129013
0.00854794
-0.000120368
0.0085358
-0.00011165
0.00852467
-0.000102861
0.00851454
-9.40042e-05
0.00850543
-8.50839e-05
0.00849734
-7.61031e-05
0.00849027
-6.70652e-05
0.00848424
-5.79734e-05
0.00847924
-4.88311e-05
0.00847529
-3.9642e-05
0.00847239
-3.04094e-05
0.00847053
-2.11371e-05
0.00846973
-1.18284e-05
0.00846999
-2.4897e-06
0.00847131
6.88439e-06
0.00847369
1.62818e-05
0.00847714
2.57005e-05
0.00848165
3.51371e-05
4.45884e-05
0.00922581
-0.000249222
-0.00925824
0.00919413
-0.000243627
0.00916323
-0.000237726
0.00913314
-0.000231711
0.00910386
-0.000225585
0.00907542
-0.000219351
0.00904782
-0.000213011
0.00902108
-0.000206568
0.0089952
-0.000200023
0.00897021
-0.000193379
0.00894611
-0.000186639
0.00892292
-0.000179803
0.00890065
-0.000172876
0.0088793
-0.00016586
0.0088589
-0.000158756
0.00883944
-0.000151568
0.00882094
-0.000144298
0.00880342
-0.000136948
0.00878687
-0.000129522
0.00877131
-0.000122022
0.00875675
-0.000114451
0.00874319
-0.000106812
0.00873065
-9.91067e-05
0.00871913
-9.13387e-05
0.00870863
-8.35111e-05
0.00869918
-7.56263e-05
0.00869076
-6.76877e-05
0.00868339
-5.96979e-05
0.00867708
-5.16602e-05
0.00867183
-4.35776e-05
0.00866764
-3.5453e-05
0.00866452
-2.72896e-05
0.00866247
-1.90907e-05
0.0086615
-1.08595e-05
0.00866161
-2.60051e-06
0.00866281
5.68872e-06
0.00866509
1.39997e-05
0.00866846
2.23295e-05
0.00867292
3.06758e-05
3.90353e-05
0.00943916
-0.000216006
-0.00947237
0.0094067
-0.000211171
0.00937505
-0.000206072
0.00934421
-0.000200874
0.00931421
-0.00019558
0.00928505
-0.000190191
0.00925675
-0.000184711
0.00922932
-0.00017914
0.00920278
-0.000173481
0.00917713
-0.000167736
0.0091524
-0.000161906
0.00912859
-0.000155994
0.00910572
-0.000150002
0.00908379
-0.000143932
0.00906282
-0.000137785
0.00904282
-0.000131566
0.00902379
-0.000125274
0.00900576
-0.000118914
0.00898872
-0.000112487
0.0089727
-0.000105995
0.00895769
-9.94412e-05
0.0089437
-9.28276e-05
0.00893075
-8.61569e-05
0.00891884
-7.94313e-05
0.00890799
-7.26534e-05
0.00889819
-6.58259e-05
0.00888945
-5.89512e-05
0.00888178
-5.20318e-05
0.00887519
-4.50705e-05
0.00886969
-3.80697e-05
0.00886527
-3.10325e-05
0.00886194
-2.39613e-05
0.0088597
-1.68588e-05
0.00885857
-9.7279e-06
0.00885855
-2.57276e-06
0.00885963
4.60871e-06
0.00886182
1.18093e-05
0.00886512
1.90268e-05
0.00886954
2.62588e-05
3.35024e-05
0.00965804
-0.000182002
-0.00969205
0.00962481
-0.000177939
0.0095924
-0.000173656
0.00956081
-0.000169289
0.00953007
-0.000164841
0.00950019
-0.000160313
0.00947119
-0.000155707
0.00944307
-0.000151025
0.00941586
-0.000146267
0.00938956
-0.000141437
0.00936419
-0.000136535
0.00933976
-0.000131563
0.00931628
-0.000126524
0.00929377
-0.000121418
0.00927223
-0.000116248
0.00925168
-0.000111016
0.00923213
-0.000105722
0.00921358
-0.000100371
0.00919606
-9.49623e-05
0.00917956
-8.9499e-05
0.00916411
-8.39831e-05
0.0091497
-7.84167e-05
0.00913634
-7.28013e-05
0.00912405
-6.71397e-05
0.00911283
-6.14336e-05
0.00910269
-5.56853e-05
0.00909363
-4.98968e-05
0.00908567
-4.40704e-05
0.00907881
-3.82084e-05
0.00907305
-3.23128e-05
0.00906841
-2.6386e-05
0.00906488
-2.04305e-05
0.00906246
-1.44482e-05
0.00906118
-8.44178e-06
0.00906102
-2.4142e-06
0.00906199
3.63507e-06
0.0090641
9.70147e-06
0.00906735
1.5782e-05
0.00907173
2.18751e-05
2.79782e-05
0.00988272
-0.000147203
-0.00991752
0.00984871
-0.000143927
0.00981553
-0.000140473
0.00978319
-0.000136951
0.00975171
-0.000133364
0.00972111
-0.000129711
0.0096914
-0.000125995
0.00966259
-0.000122217
0.0096347
-0.000118378
0.00960775
-0.000114479
0.00958173
-0.000110522
0.00955668
-0.000106509
0.0095326
-0.00010244
0.00950949
-9.83173e-05
0.00948739
-9.41421e-05
0.00946629
-8.99162e-05
0.00944621
-8.56409e-05
0.00942715
-8.13177e-05
0.00940914
-7.69485e-05
0.00939218
-7.25344e-05
0.00937627
-6.80777e-05
0.00936143
-6.35794e-05
0.00934767
-5.90416e-05
0.009335
-5.44659e-05
0.00932342
-4.98539e-05
0.00931294
-4.52074e-05
0.00930357
-4.05282e-05
0.00929532
-3.5818e-05
0.00928819
-3.10786e-05
0.00928219
-2.6312e-05
0.00927732
-2.15197e-05
0.0092736
-1.67038e-05
0.00927102
-1.18661e-05
0.00926958
-7.00863e-06
0.0092693
-2.13357e-06
0.00927018
2.759e-06
0.00927221
7.66566e-06
0.00927541
1.25843e-05
0.00927977
1.7513e-05
2.24502e-05
0.0101135
-0.000111606
-0.0101491
0.0100787
-0.00010913
0.0100447
-0.000106519
0.0100116
-0.000103857
0.0099794
-0.000101144
0.00994807
-9.83819e-05
0.00991764
-9.55713e-05
0.00988814
-9.27133e-05
0.00985957
-8.98089e-05
0.00983195
-8.68589e-05
0.00980529
-8.38647e-05
0.00977961
-8.08271e-05
0.00975492
-7.77474e-05
0.00973123
-7.46263e-05
0.00970855
-7.14655e-05
0.0096869
-6.82657e-05
0.00966629
-6.50282e-05
0.00964672
-6.17543e-05
0.00962822
-5.8445e-05
0.00961079
-5.51016e-05
0.00959443
-5.17254e-05
0.00957917
-4.83175e-05
0.00956501
-4.48795e-05
0.00955196
-4.14123e-05
0.00954002
-3.79173e-05
0.00952921
-3.43961e-05
0.00951953
-3.08497e-05
0.00951099
-2.72795e-05
0.0095036
-2.36871e-05
0.00949736
-2.00737e-05
0.00949228
-1.64405e-05
0.00948837
-1.27893e-05
0.00948562
-9.12134e-06
0.00948405
-5.43808e-06
0.00948366
-1.74158e-06
0.00948445
1.96866e-06
0.00948643
5.6901e-06
0.00948959
9.4205e-06
0.00949394
1.31588e-05
1.69038e-05
0.0103505
-7.52082e-05
-0.0103869
0.010315
-7.35449e-05
0.0102802
-7.1791e-05
0.0102464
-7.00021e-05
0.0102134
-6.81789e-05
0.0101814
-6.63224e-05
0.0101502
-6.4433e-05
0.01012
-6.25113e-05
0.0100908
-6.05583e-05
0.0100625
-5.85744e-05
0.0100352
-5.65602e-05
0.0100089
-5.45169e-05
0.00998356
-5.24446e-05
0.00995928
-5.03445e-05
0.00993603
-4.82174e-05
0.00991383
-4.60637e-05
0.00989268
-4.38844e-05
0.00987261
-4.16804e-05
0.00985362
-3.94524e-05
0.00983571
-3.72011e-05
0.00981892
-3.49275e-05
0.00980323
-3.26325e-05
0.00978867
-3.03168e-05
0.00977524
-2.79813e-05
0.00976295
-2.5627e-05
0.00975181
-2.32546e-05
0.00974182
-2.08652e-05
0.009733
-1.84596e-05
0.00972535
-1.60388e-05
0.00971888
-1.36034e-05
0.0097136
-1.1155e-05
0.0097095
-8.69398e-06
0.0097066
-6.22157e-06
0.0097049
-3.73852e-06
0.00970441
-1.24644e-06
0.00970512
1.255e-06
0.00970705
3.76392e-06
0.00971019
6.27918e-06
0.00971455
8.79991e-06
1.13254e-05
0.0105942
-3.80033e-05
-0.0106314
0.0105579
-3.71662e-05
0.0105224
-3.62822e-05
0.0104877
-3.53808e-05
0.010454
-3.4462e-05
0.0104212
-3.35263e-05
0.0103894
-3.25739e-05
0.0103585
-3.16052e-05
0.0103285
-3.06206e-05
0.0102996
-2.96203e-05
0.0102716
-2.86046e-05
0.0102447
-2.75741e-05
0.0102188
-2.65288e-05
0.0101939
-2.54693e-05
0.0101701
-2.43961e-05
0.0101473
-2.33092e-05
0.0101256
-2.22095e-05
0.010105
-2.10968e-05
0.0100856
-1.99721e-05
0.0100672
-1.88353e-05
0.01005
-1.76873e-05
0.0100339
-1.65283e-05
0.0100189
-1.53585e-05
0.0100051
-1.41788e-05
0.00999245
-1.29893e-05
0.00998099
-1.17905e-05
0.00997071
-1.05832e-05
0.00996161
-9.3673e-06
0.00995372
-8.14382e-06
0.00994703
-6.91277e-06
0.00994155
-5.6749e-06
0.00993728
-4.43078e-06
0.00993424
-3.18062e-06
0.00993243
-1.92526e-06
0.00993185
-6.65339e-07
0.0099325
5.99805e-07
0.0099344
1.86939e-06
0.00993754
3.1418e-06
0.00994192
4.41699e-06
5.69457e-06
0.0108449
-0.0108829
0.0108078
0.0107715
0.0107361
0.0107016
0.0106681
0.0106355
0.0106039
0.0105733
0.0105437
0.0105151
0.0104875
0.010461
0.0104355
0.0104111
0.0103878
0.0103656
0.0103445
0.0103245
0.0103057
0.010288
0.0102715
0.0102561
0.0102419
0.0102289
0.0102172
0.0102066
0.0101972
0.0101891
0.0101821
0.0101765
0.010172
0.0101689
0.0101669
0.0101663
0.0101669
0.0101687
0.0101719
0.0101763
0.0025286
3.27835e-05
-3.1979e-05
0.00252633
9.20664e-05
-8.97981e-05
0.00252275
0.000145042
-0.000141462
0.00251797
0.000193422
-0.000188633
0.00251205
0.000239012
-0.000233095
0.00250507
0.000282991
-0.000276008
0.00249707
0.0003264
-0.000318404
0.00248811
0.000370027
-0.000361068
0.00247824
0.000414522
-0.000404654
0.00246752
0.000460383
-0.000449665
0.00245603
0.000507992
-0.000496496
0.00244384
0.00055767
-0.000545482
0.00243107
0.000609611
-0.000596837
0.00241784
0.000664006
-0.000650776
0.00240431
0.000720884
-0.000707359
0.00239069
0.00078033
-0.000766704
0.00237719
0.000842192
-0.000828696
0.0023641
0.000906459
-0.00089337
0.00235174
0.000972729
-0.000960369
0.00234048
0.00104093
-0.00102967
0.00233075
0.00111027
-0.00110055
0.00232303
0.00118076
-0.00117303
0.00231788
0.00125088
-0.00124573
0.00231583
0.00132118
-0.00131913
0.00231766
0.00138859
-0.00139042
0.00232378
0.00145583
-0.00146196
0.00233571
0.00151499
-0.00152692
0.00235241
0.00157872
-0.00159541
0.00238158
0.0016153
-0.00164447
0.00169323
-0.00173493
0.00258874
3.35847e-05
0.00258647
9.43377e-05
0.00258289
0.000148626
0.00257809
0.000198217
0.00257217
0.000244931
0.00256519
0.000289969
0.00255722
0.000334379
0.00254829
0.00037895
0.00253849
0.000424328
0.00252787
0.000471003
0.00251651
0.000519345
0.00250453
0.000569657
0.00249203
0.000622112
0.00247916
0.000676873
0.0024661
0.000733941
0.00245307
0.000793364
0.00244031
0.00085495
0.00242812
0.000918645
0.00241685
0.000983999
0.00240689
0.0010509
0.00239868
0.00111848
0.00239271
0.00118673
0.00238953
0.00125406
0.00238969
0.00132102
0.00239393
0.00138435
0.00240264
0.00144712
0.00241726
0.00150037
0.00243739
0.00155859
0.00246761
0.00158508
0.00165629
0.00265031
3.43822e-05
0.00264805
9.6604e-05
0.00264447
0.000152203
0.00263968
0.000203002
0.00263378
0.000250833
0.00262683
0.00029692
0.00261889
0.000342314
0.00261004
0.000387807
0.00260033
0.000434037
0.00258985
0.000481486
0.00257868
0.000530512
0.00256694
0.000581396
0.00255476
0.000634291
0.00254231
0.000689328
0.00252977
0.000746481
0.00251737
0.000805757
0.0025054
0.000866926
0.00249415
0.00092989
0.002484
0.000994153
0.00247534
0.00105955
0.00246864
0.00112519
0.00246437
0.00119099
0.00246311
0.00125532
0.00246536
0.00131877
0.00247185
0.00137787
0.00248293
0.00143603
0.00249989
0.00148341
0.00252235
0.00153614
0.00255224
0.00155519
0.00161861
0.00271335
3.51744e-05
0.00271109
9.88591e-05
0.00270753
0.000155764
0.00270277
0.000207762
0.0026969
0.0002567
0.00269
0.000303821
0.00268214
0.000350178
0.00267338
0.000396566
0.0026638
0.000443614
0.00265349
0.000491795
0.00264255
0.00054145
0.00263111
0.000592841
0.0026193
0.000646097
0.00260731
0.000701319
0.00259535
0.000758449
0.00258365
0.000817454
0.0025725
0.000878071
0.00256224
0.000940149
0.00255324
0.00100316
0.00254591
0.00106688
0.0025407
0.00113039
0.00253812
0.00119357
0.0025387
0.00125475
0.00254294
0.00131453
0.00255152
0.00136929
0.00256473
0.00142282
0.00258367
0.00146447
0.0026079
0.00151191
0.00263845
0.00152464
0.00158051
0.00277788
3.59599e-05
0.00277564
0.000101097
0.00277211
0.000159298
0.00276739
0.000212485
0.00276157
0.000262515
0.00275474
0.00031065
0.00274697
0.000357947
0.00273834
0.000405198
0.00272893
0.000453025
0.00271884
0.000501889
0.00270817
0.000552115
0.00269707
0.000603943
0.00268569
0.000657479
0.00267422
0.00071279
0.00266288
0.00076979
0.00265193
0.000828402
0.00264167
0.00088833
0.00263244
0.000949376
0.00262462
0.00101098
0.00261864
0.00107287
0.00261495
0.00113409
0.00261403
0.00119449
0.0026164
0.00125237
0.00262253
0.00130839
0.00263306
0.00135877
0.00264819
0.00140768
0.00266885
0.00144381
0.00269465
0.0014861
0.00272606
0.00149324
0.00154247
0.00284395
3.67372e-05
0.00284173
0.000103314
0.00283824
0.000162795
0.00283357
0.000217156
0.00282782
0.00026826
0.00282108
0.000317387
0.00281344
0.000365595
0.00280496
0.000413673
0.00279575
0.000462236
0.00278591
0.00051173
0.00277556
0.000562466
0.00276485
0.000614656
0.00275394
0.000668386
0.00274304
0.000723687
0.00273238
0.000780446
0.00272224
0.000838543
0.00271292
0.000897651
0.00270478
0.000957522
0.00269818
0.00101757
0.00269357
0.00107748
0.00269139
0.00113627
0.00269211
0.00119378
0.00269623
0.00124826
0.00270416
0.00130046
0.0027165
0.00134643
0.00273338
0.0013908
0.00275554
0.00142166
0.0027827
0.00145894
0.00281481
0.00146113
0.00150448
0.00291159
3.75046e-05
0.0029094
0.000105503
0.00290595
0.000166248
0.00290134
0.000221763
0.00289569
0.000273918
0.00288906
0.00032401
0.00288156
0.000373096
0.00287327
0.000421962
0.00286429
0.000471213
0.00285474
0.000521281
0.00284475
0.000572458
0.00283447
0.000624934
0.00282409
0.000678768
0.00281382
0.000733959
0.0028039
0.000790365
0.00279462
0.000847824
0.00278629
0.000905981
0.00277927
0.000964543
0.00277394
0.0010229
0.00277072
0.00108069
0.00277006
0.00113693
0.00277239
0.00119145
0.00277819
0.00124245
0.00278784
0.00129082
0.00280185
0.00133241
0.00282033
0.00137232
0.0028438
0.00139819
0.00287209
0.00143064
0.00290476
0.00142846
0.0014664
0.00298085
3.82602e-05
0.00297869
0.000107659
0.00297529
0.000169647
0.00297076
0.000226292
0.00296521
0.000279474
0.00295872
0.000330499
0.00295139
0.000380427
0.00294331
0.000430037
0.0029346
0.000479924
0.00292538
0.000530503
0.00291579
0.000582052
0.00290599
0.00063473
0.00289618
0.000688577
0.00288658
0.000743555
0.00287745
0.000799495
0.00286908
0.000856196
0.00286179
0.000913274
0.00285594
0.000970399
0.0028519
0.00102693
0.00285009
0.0010825
0.00285095
0.00113608
0.00285486
0.00118753
0.00286231
0.001235
0.00287358
0.00127955
0.00288915
0.00131684
0.00290907
0.0013524
0.00293368
0.00137358
0.0029629
0.00140142
0.00299603
0.00139533
0.00142822
0.00305175
3.90022e-05
0.00304963
0.000109777
0.00304629
0.000172982
0.00304185
0.000230732
0.00303642
0.000284908
0.00303009
0.000336833
0.00302295
0.000387561
0.00301512
0.000437867
0.00300671
0.000488334
0.00299785
0.000539361
0.0029887
0.000591205
0.00297943
0.000644001
0.00297024
0.000697765
0.00296137
0.000752425
0.00295308
0.000807786
0.00294567
0.000863609
0.00293945
0.000919486
0.0029348
0.000975051
0.00293209
0.00102965
0.0029317
0.00108288
0.00293407
0.00113371
0.00293955
0.00118206
0.00294857
0.00122598
0.00296138
0.00126674
0.00297839
0.00129983
0.00299961
0.00133118
0.00302522
0.00134797
0.00305522
0.00137143
0.0030887
0.00136184
0.00139001
0.00312433
3.97284e-05
0.00312226
0.000111849
0.003119
0.000176244
0.00311466
0.000235067
0.00310937
0.000290205
0.00310321
0.00034299
0.0030963
0.000394475
0.00308874
0.000445424
0.00308066
0.000496411
0.00307221
0.000547816
0.00306353
0.000599877
0.00305483
0.000652704
0.00304631
0.000706287
0.00303821
0.000760524
0.00303081
0.000815192
0.00302439
0.000870021
0.0030193
0.000924576
0.00301589
0.00097847
0.00301451
0.00103102
0.00301556
0.00108184
0.00301942
0.00112985
0.00302643
0.00117505
0.00303697
0.00121543
0.00305125
0.00125247
0.00306959
0.00128149
0.00309198
0.00130879
0.00311847
0.00132148
0.00314909
0.0013408
0.00318284
0.0013281
0.00135184
0.00319865
4.04366e-05
0.00319663
0.000113871
0.00319345
0.000179421
0.00318923
0.000239284
0.00318409
0.000295346
0.00317813
0.000348949
0.00317147
0.000401141
0.00316421
0.000452679
0.0031565
0.000504123
0.00314848
0.000555833
0.00314033
0.00060803
0.00313224
0.000660796
0.00312443
0.000714099
0.00311714
0.000767806
0.00311067
0.00082167
0.0031053
0.000875392
0.00310136
0.000928511
0.0030992
0.000980628
0.00309919
0.00103103
0.00310166
0.00107937
0.003107
0.00112451
0.0031155
0.00116655
0.0031275
0.00120343
0.00314317
0.0012368
0.00316273
0.00126193
0.00318619
0.00128533
0.00321343
0.00129424
0.00324457
0.00130966
0.00327848
0.00129419
0.00131381
0.00327473
4.11243e-05
0.00327277
0.000115834
0.00326969
0.000182504
0.0032656
0.000243368
0.00326064
0.000300313
0.0032549
0.000354688
0.0032485
0.000407535
0.00324158
0.000459603
0.00323427
0.000511434
0.00322673
0.000563375
0.00321913
0.000615623
0.00321169
0.000668237
0.00320463
0.000721159
0.00319821
0.000774232
0.0031927
0.000827181
0.0031884
0.000879686
0.00318565
0.000931263
0.00318477
0.000981507
0.00318612
0.00102968
0.00319002
0.00107547
0.00319681
0.00111771
0.00320676
0.00115661
0.00322016
0.00119003
0.00323712
0.00121984
0.00325781
0.00124124
0.00328222
0.00126092
0.00331013
0.00126633
0.00334168
0.00127811
0.00337566
0.00126021
0.00127598
0.00335263
4.17892e-05
0.00335073
0.000117733
0.00334775
0.000185481
0.00334382
0.000247303
0.00333904
0.000305087
0.00333355
0.000360184
0.00332745
0.00041363
0.00332089
0.000466164
0.00331401
0.000518314
0.00330698
0.000570406
0.00329998
0.000622619
0.00329323
0.000674987
0.00328696
0.000727429
0.00328143
0.000779763
0.00327693
0.000831689
0.00327374
0.000882874
0.00327219
0.000932808
0.00327261
0.000981093
0.00327532
0.00102697
0.00328062
0.00107016
0.00328884
0.00110949
0.00330019
0.00114526
0.00331492
0.0011753
0.00333311
0.00120165
0.00335483
0.00121951
0.00338009
0.00123566
0.00340856
0.00123786
0.00344043
0.00124624
0.00347442
0.00122621
0.00123842
0.00343238
4.24288e-05
0.00343055
0.000119559
0.00342769
0.000188341
0.00342392
0.000251075
0.00341936
0.000309648
0.00341413
0.000365413
0.00340836
0.0004194
0.00340219
0.000472333
0.00339578
0.000524729
0.00338929
0.000576892
0.00338293
0.000628981
0.00337691
0.000681009
0.00337147
0.00073287
0.00336687
0.000784363
0.00336339
0.000835164
0.00336134
0.00088493
0.00336101
0.00093313
0.00336273
0.00097938
0.0033668
0.0010229
0.00337349
0.00106347
0.0033831
0.00109989
0.00339579
0.00113256
0.00341178
0.00115932
0.0034311
0.00118232
0.00345378
0.00119683
0.00347979
0.00120965
0.00350874
0.00120891
0.00354084
0.00121415
0.00357478
0.00119227
0.00120121
0.00351403
4.30402e-05
0.00351228
0.000121305
0.00350955
0.00019107
0.00350596
0.000254667
0.00350163
0.000313976
0.00349669
0.000370352
0.00349127
0.000424816
0.00348553
0.000478081
0.00347961
0.000530645
0.00347371
0.000582797
0.00346801
0.000634673
0.00346276
0.000686266
0.00345818
0.000737447
0.00345454
0.000788
0.00345213
0.000837577
0.00345123
0.000885833
0.00345214
0.000932216
0.00345515
0.000976365
0.00346057
0.00101748
0.00346863
0.00105541
0.00347957
0.00108894
0.00349356
0.00111857
0.00351073
0.00114215
0.00353111
0.00116193
0.00355465
0.0011733
0.00358132
0.00118298
0.00361067
0.00117955
0.00364292
0.00118191
0.00367674
0.00115845
0.00116437
0.00359762
4.36208e-05
0.00359596
0.000122963
0.00359337
0.000193658
0.00358998
0.000258062
0.0035859
0.00031805
0.00358128
0.000374976
0.00357624
0.000429851
0.00357095
0.000483375
0.00356556
0.00053603
0.00356027
0.000588086
0.00355529
0.000639659
0.00355083
0.000690724
0.00354715
0.000741129
0.0035445
0.000790645
0.00354317
0.000838905
0.00354344
0.000885567
0.00354559
0.000930061
0.0035499
0.000972055
0.00355664
0.00101074
0.00356603
0.00104603
0.00357827
0.0010767
0.00359349
0.00110336
0.00361177
0.00112387
0.00363312
0.00114057
0.00365744
0.00114898
0.00368468
0.00115574
0.00371436
0.00114987
0.00374668
0.00114958
0.00378035
0.00112478
0.00112797
0.0036832
4.41678e-05
0.00368163
0.000124524
0.0036792
0.00019609
0.00367602
0.000261243
0.00367222
0.00032185
0.00366794
0.000379262
0.00366331
0.000434478
0.0036585
0.000488187
0.00365368
0.000540852
0.00364904
0.000592727
0.00364479
0.000643906
0.00364116
0.00069435
0.00363841
0.000743884
0.00363678
0.000792273
0.00363656
0.000839129
0.003638
0.00088412
0.0036414
0.000926663
0.003647
0.00096646
0.00365504
0.0010027
0.00366571
0.00103535
0.00367919
0.00106322
0.00369557
0.00108698
0.00371489
0.00110456
0.00373714
0.00111833
0.00376215
0.00112398
0.00378988
0.00112801
0.0038198
0.00111995
0.00385214
0.00111724
0.0038856
0.00109133
0.00109203
0.00377081
4.46782e-05
0.00376936
0.000125981
0.00376709
0.000198354
0.00376414
0.000264192
0.00376064
0.000325353
0.00375672
0.000383182
0.00375253
0.000438668
0.00374823
0.000492485
0.003744
0.000545078
0.00374004
0.000596686
0.00373657
0.000647381
0.00373381
0.000697113
0.00373201
0.000745685
0.00373142
0.00079286
0.00373231
0.000838234
0.00373495
0.000881486
0.00373958
0.000922028
0.00374645
0.000959596
0.00375576
0.00099339
0.00376768
0.00102343
0.00378235
0.00104855
0.00379983
0.0010695
0.00382011
0.00108428
0.00384316
0.00109527
0.00386878
0.00109836
0.00389692
0.00109987
0.00392703
0.00108984
0.00395933
0.00108495
0.00399253
0.00105813
0.00105659
0.00386051
4.51489e-05
0.00385917
0.000127325
0.00385709
0.000200436
0.00385439
0.000266891
0.0038512
0.000328537
0.00384767
0.000386714
0.00384395
0.000442394
0.00384019
0.00049624
0.00383659
0.000548677
0.00383335
0.000599931
0.00383068
0.000650054
0.0038288
0.000698985
0.00382798
0.000746509
0.00382845
0.000792388
0.00383048
0.000836207
0.0038343
0.000877662
0.00384017
0.000916164
0.00384828
0.000951484
0.00385883
0.00098284
0.00387195
0.00101031
0.00388775
0.00103276
0.00390625
0.00105099
0.00392742
0.00106311
0.0039512
0.00107149
0.00397736
0.00107221
0.00400583
0.0010714
0.00403606
0.00105961
0.00406825
0.00105275
0.00410116
0.00102522
0.00102167
0.00395235
4.5577e-05
0.00395113
0.000128547
0.00394924
0.000202322
0.00394681
0.000269323
0.00394397
0.000331382
0.00394085
0.00038983
0.00393762
0.000445627
0.00393444
0.000499421
0.00393149
0.000551618
0.00392899
0.000602432
0.00392715
0.000651896
0.0039262
0.000699939
0.00392637
0.000746333
0.00392792
0.000790842
0.00393108
0.000833043
0.00393609
0.000872652
0.00394317
0.000909084
0.00395251
0.00094215
0.00396426
0.00097109
0.00397854
0.00099603
0.0039954
0.0010159
0.00401486
0.00103153
0.00403684
0.00104113
0.00406127
0.00104705
0.00408788
0.00104559
0.00411662
0.00104267
0.0041469
0.00102932
0.00417895
0.0010207
0.00421153
0.000992633
0.00098729
0.00404637
4.59593e-05
0.00404528
0.000129638
0.00404361
0.000203999
0.00404146
0.000271468
0.00403898
0.000333864
0.0040363
0.000392507
0.00403359
0.00044834
0.00403101
0.000501999
0.00402876
0.000553872
0.00402703
0.00060416
0.00402605
0.000652879
0.00402603
0.000699952
0.00402723
0.000745139
0.00402986
0.00078821
0.00403416
0.000828738
0.00404035
0.000866461
0.00404863
0.000900807
0.00405916
0.000931623
0.00407207
0.000958181
0.00408744
0.000980655
0.00410531
0.000998033
0.00412566
0.00101118
0.00414837
0.00101841
0.00417338
0.00102205
0.00420038
0.00101859
0.00422931
0.00101374
0.0042596
0.000999029
0.00429145
0.000988854
0.00432368
0.000960403
0.000953468
0.00414263
4.62926e-05
0.00414168
0.000130588
0.00414023
0.000205452
0.00413839
0.000273309
0.00413629
0.000335961
0.00413408
0.000394718
0.00413191
0.000450505
0.00412997
0.000503946
0.00412843
0.00055541
0.0041275
0.000605087
0.0041274
0.000652978
0.00412835
0.000699004
0.00413058
0.000742913
0.0041343
0.000784484
0.00413975
0.000823294
0.00414711
0.000859102
0.00415656
0.000891354
0.00416825
0.000919937
0.00418227
0.000944159
0.00419869
0.000964238
0.00421749
0.000979225
0.00423866
0.000990017
0.00426205
0.000995025
0.00428755
0.000996541
0.00431487
0.00099127
0.00434394
0.000984676
0.00437418
0.000968787
0.00440579
0.00095724
0.00443764
0.000928555
0.000920218
0.00424118
4.65737e-05
0.00424038
0.00013139
0.00423917
0.000206667
0.00423765
0.000274826
0.00423596
0.000337651
0.00423424
0.000396439
0.00423265
0.000452096
0.00423136
0.000505234
0.00423056
0.000556204
0.00423046
0.000605188
0.00423127
0.000652172
0.0042332
0.000697075
0.00423647
0.000739641
0.00424129
0.00077966
0.00424787
0.000816714
0.00425639
0.000850588
0.00426699
0.000880752
0.0042798
0.000907129
0.00429488
0.000929071
0.00431229
0.000946833
0.00433197
0.00095954
0.00435389
0.000968101
0.00437787
0.000971043
0.00440381
0.000970602
0.00443139
0.000963692
0.00446053
0.000955537
0.00449068
0.00093864
0.00452202
0.000925896
0.00455346
0.000897112
0.00088755
0.00434208
4.67994e-05
0.00434143
0.000132033
0.00434047
0.000207629
0.0043393
0.000276002
0.00433803
0.000338913
0.00433683
0.000397645
0.00433584
0.000453087
0.00433523
0.000505837
0.00433521
0.00055623
0.00433596
0.000604439
0.00433769
0.00065044
0.00434061
0.000694152
0.00434494
0.000735317
0.00435086
0.000773738
0.00435856
0.000809008
0.00436821
0.00084094
0.00437993
0.00086903
0.00439383
0.000893238
0.00440993
0.000912965
0.00442827
0.0009285
0.00444877
0.000939039
0.00447136
0.000945503
0.00449588
0.000946531
0.00452218
0.000944296
0.00454996
0.000935917
0.00457912
0.000926372
0.00460913
0.000908628
0.00464017
0.000894856
0.00467119
0.000866094
0.000855471
0.00444537
4.69664e-05
0.0044449
0.000132509
0.0044442
0.000208326
0.00444338
0.000276818
0.00444257
0.000339725
0.0044419
0.000398313
0.00444154
0.000453453
0.00444165
0.000505729
0.00444241
0.000555462
0.00444403
0.000602819
0.00444671
0.000647764
0.00445064
0.000690222
0.00445602
0.000729935
0.00446304
0.000766721
0.00447186
0.000800189
0.00448262
0.000830179
0.00449543
0.00085622
0.00451036
0.000878307
0.00452743
0.000895892
0.00454664
0.000909295
0.00456789
0.000917786
0.0045911
0.000922289
0.00461608
0.000921554
0.00464269
0.000917685
0.00467061
0.000908
0.00469975
0.000897232
0.00472959
0.000878792
0.0047603
0.000864145
0.00479088
0.000835515
0.000823985
0.00455113
4.70716e-05
0.00455083
0.000132808
0.00455041
0.000208742
0.00454997
0.000277256
0.00454963
0.000340066
0.00454953
0.00039842
0.00454981
0.000453169
0.00455065
0.000504888
0.00455223
0.00055388
0.00455474
0.000600309
0.00455838
0.000644131
0.00456332
0.000685277
0.00456976
0.000723494
0.00457787
0.000758616
0.00458778
0.000790273
0.00459963
0.000818331
0.00461349
0.000842358
0.00462942
0.00086238
0.00464741
0.000877904
0.00466743
0.000889277
0.00468937
0.000895842
0.00471314
0.000898522
0.00473852
0.000896173
0.00476538
0.000890827
0.00479339
0.000879992
0.00482246
0.000868158
0.00485209
0.000849162
0.00488245
0.000833789
0.00491257
0.000805389
0.000793095
0.0046594
4.71118e-05
0.00465928
0.000132922
0.00465916
0.000208864
0.00465912
0.000277298
0.00465927
0.000339915
0.00465974
0.000397943
0.0046607
0.000452215
0.0046623
0.000503291
0.00466471
0.000551464
0.00466813
0.000596891
0.00467273
0.000639529
0.0046787
0.000679311
0.0046862
0.000715995
0.00469538
0.000749433
0.00470638
0.000779278
0.00471928
0.000805425
0.00473416
0.00082748
0.00475104
0.000845503
0.00476989
0.000859053
0.00479066
0.000868503
0.00481323
0.000873267
0.0048375
0.000874261
0.00486322
0.000870446
0.00489027
0.000863776
0.00491832
0.000851941
0.00494729
0.00083919
0.00497669
0.000819769
0.00500667
0.000803805
0.00503633
0.000775724
0.000762798
0.00477024
4.70838e-05
0.00477032
0.000132842
0.00477051
0.000208679
0.00477088
0.000276928
0.00477154
0.000339253
0.00477262
0.000396862
0.00477427
0.000450567
0.00477664
0.000500917
0.00477991
0.000548195
0.00478425
0.000592553
0.00478983
0.000633949
0.00479682
0.000672322
0.00480537
0.000707444
0.00481561
0.000739186
0.00482766
0.000767228
0.0048416
0.000791492
0.00485745
0.000811628
0.00487523
0.000827723
0.00489489
0.000839393
0.00491636
0.00084703
0.00493951
0.000850119
0.0049642
0.000849566
0.00499022
0.000844428
0.00501742
0.000836581
0.00504547
0.000823888
0.0050743
0.000810363
0.00510343
0.000790639
0.00513302
0.00077421
0.00516222
0.000746529
0.000733092
0.00488372
4.69846e-05
0.00488401
0.000132559
0.00488451
0.000208174
0.00488531
0.000276129
0.0048865
0.000338062
0.00488821
0.000395156
0.00489057
0.000448206
0.00489374
0.000497749
0.00489787
0.000544058
0.00490314
0.000587284
0.00490971
0.000627384
0.00491772
0.000664312
0.00492731
0.00069785
0.0049386
0.000727892
0.00495168
0.000754148
0.00496661
0.000776567
0.0049834
0.000794841
0.00500203
0.000809088
0.00502245
0.000818976
0.00504456
0.000824915
0.00506823
0.000826456
0.0050933
0.000824491
0.00511956
0.000818171
0.00514685
0.000809289
0.00517487
0.000795874
0.00520352
0.000781706
0.00523237
0.000761792
0.00526156
0.000745016
0.00529029
0.000717806
0.000703971
0.0049999
4.68113e-05
0.0050004
0.000132065
0.00500124
0.000207335
0.00500248
0.000274886
0.00500422
0.000336322
0.00500657
0.000392807
0.00500966
0.000445114
0.00501364
0.000493771
0.00501866
0.00053904
0.00502487
0.000581074
0.00503242
0.000619834
0.00504144
0.000655284
0.00505207
0.000687225
0.00506439
0.000715572
0.00507847
0.000740066
0.00509435
0.000760685
0.00511203
0.000777164
0.00513147
0.000789646
0.00515259
0.000797854
0.0051753
0.000802211
0.00519942
0.000802331
0.00522483
0.000799088
0.00525128
0.000791721
0.00527862
0.000781941
0.00530657
0.000767931
0.00533502
0.000753248
0.00536357
0.000733248
0.00539235
0.000716234
0.0054206
0.000689559
0.000675429
0.00511885
4.65608e-05
0.00511956
0.000131351
0.00512074
0.000206151
0.00512245
0.000273182
0.00512475
0.000334019
0.00512776
0.000389798
0.0051316
0.000441276
0.0051364
0.000488968
0.00514231
0.000533131
0.00514947
0.000573918
0.005158
0.000611298
0.00516804
0.000645245
0.00517968
0.000675583
0.00519301
0.000702248
0.00520806
0.000725013
0.00522486
0.000743884
0.00524339
0.000758639
0.00526359
0.000769446
0.00528536
0.000776079
0.0053086
0.00077897
0.00533314
0.000777795
0.00535882
0.000773407
0.00538542
0.000765124
0.00541278
0.000754576
0.00544062
0.000740093
0.00546886
0.000725011
0.00549709
0.000705021
0.00552545
0.000687869
0.00555322
0.000661786
0.000647457
0.00524062
4.62306e-05
0.00524156
0.000130411
0.0052431
0.00020461
0.00524528
0.000271006
0.00524816
0.000331135
0.00525185
0.000386114
0.00525645
0.000436676
0.00526208
0.000483328
0.00526889
0.000526322
0.005277
0.000565814
0.00528652
0.000601779
0.00529755
0.000634207
0.0053102
0.000662942
0.0053245
0.000687944
0.00534049
0.00070902
0.00535817
0.000726202
0.0053775
0.00073931
0.00539841
0.000748536
0.00542079
0.000753701
0.00544452
0.000755245
0.00546941
0.000752898
0.00549533
0.000747492
0.00552203
0.00073842
0.00554938
0.000727228
0.00557709
0.000712385
0.00560508
0.000697015
0.00563298
0.000677123
0.00566092
0.000659927
0.00568822
0.000634485
0.000620045
0.00536529
4.5818e-05
0.00536646
0.000129238
0.00536837
0.000202703
0.00537103
0.000268342
0.00537451
0.000327659
0.00537888
0.00038174
0.00538426
0.000431303
0.00539074
0.000476843
0.00539846
0.00051861
0.00540751
0.000556761
0.005418
0.000591284
0.00543003
0.000622181
0.00544365
0.000649323
0.0054589
0.000672689
0.0054758
0.000692122
0.00549432
0.00070768
0.00551441
0.000719223
0.00553598
0.000726964
0.00555892
0.000730768
0.00558308
0.000731082
0.00560829
0.000727685
0.0056344
0.000721385
0.00566117
0.000711646
0.00568847
0.000699929
0.00571603
0.000684832
0.00574376
0.000669276
0.00577132
0.000649563
0.00579884
0.000632408
0.00582568
0.000607652
0.000593182
0.00549292
4.53206e-05
0.00549434
0.000127824
0.00549662
0.000200418
0.00549978
0.00026518
0.00550387
0.000323576
0.00550894
0.000376664
0.0055151
0.000425146
0.00552244
0.000469506
0.00553105
0.000509991
0.00554105
0.000546763
0.00555252
0.000579821
0.00556551
0.000609185
0.00558009
0.000634747
0.00559627
0.000656511
0.00561403
0.000674354
0.00563336
0.000688357
0.00565416
0.00069842
0.00567635
0.000704775
0.00569979
0.000707327
0.00572434
0.000706527
0.00574983
0.000702201
0.00577609
0.000695127
0.0058029
0.000684835
0.00583012
0.000672705
0.0058575
0.000657453
0.00588497
0.000641808
0.00591218
0.000622348
0.00593928
0.000605313
0.00596565
0.000581281
0.000566855
0.00562359
4.47361e-05
0.00562525
0.000126164
0.00562792
0.000197748
0.00563159
0.00026151
0.00563629
0.000318875
0.00564208
0.000370878
0.00564903
0.000418198
0.00565722
0.000461312
0.00566675
0.000500465
0.00567769
0.000535824
0.0056901
0.000567403
0.00570405
0.000595235
0.00571956
0.000619239
0.00573663
0.000639442
0.00575523
0.000655752
0.00577532
0.000668274
0.00579679
0.000676946
0.00581955
0.000682014
0.00584345
0.000683424
0.00586836
0.000681625
0.00589407
0.000676484
0.00592045
0.000668752
0.00594727
0.000658017
0.00597439
0.000645579
0.00600158
0.000630267
0.00602876
0.000614621
0.00605563
0.000595483
0.0060823
0.000578639
0.00610822
0.000555365
0.000541051
0.00575737
4.40626e-05
0.00575928
0.000124251
0.00576234
0.000194684
0.00576653
0.000257321
0.00577186
0.000313549
0.00577836
0.000364371
0.00578611
0.000410453
0.00579516
0.000452258
0.00580559
0.000490035
0.00581746
0.000523953
0.00583082
0.000554043
0.00584571
0.000580352
0.00586212
0.000602826
0.00588005
0.000621512
0.00589945
0.000636352
0.00592025
0.000647472
0.00594235
0.000654843
0.00596564
0.000658726
0.00598997
0.000659101
0.00601518
0.000656414
0.00604109
0.000650571
0.00606755
0.000642293
0.00609435
0.000631219
0.00612135
0.000618573
0.00614833
0.000603287
0.00617523
0.000587722
0.00620175
0.000568967
0.006228
0.000552381
0.00625347
0.000529895
0.000515755
0.00589432
4.32981e-05
0.00589649
0.000122082
0.00589995
0.000191218
0.00590467
0.000252605
0.00591063
0.000307587
0.00591786
0.000357139
0.00592641
0.000401907
0.00593632
0.000442346
0.00594765
0.000478705
0.00596044
0.000511161
0.00597473
0.000539757
0.00599052
0.000564558
0.00600781
0.000585535
0.00602657
0.000602755
0.00604673
0.000616192
0.00606821
0.00062599
0.0060909
0.000632153
0.00611468
0.000634952
0.00613938
0.000634398
0.00616486
0.000630933
0.00619094
0.000624496
0.00621745
0.000615777
0.00624421
0.000604464
0.00627108
0.000591703
0.00629784
0.000576524
0.00632445
0.000561117
0.00635061
0.000542801
0.00637646
0.000526533
0.00640149
0.000504861
0.000490951
0.00603453
4.24412e-05
0.00603696
0.000119652
0.00604083
0.000187346
0.00604608
0.000247357
0.00605268
0.000300986
0.00606064
0.000349177
0.00606999
0.000392559
0.00608076
0.000431578
0.00609298
0.000466484
0.00610668
0.00049746
0.00612188
0.000524564
0.00613856
0.000547877
0.0061567
0.000567395
0.00617625
0.000583205
0.00619713
0.000595307
0.00621926
0.000603867
0.00624249
0.000608914
0.00626672
0.00061073
0.00629176
0.000609352
0.00631748
0.000605216
0.00634369
0.000598289
0.00637023
0.000589231
0.00639693
0.000577771
0.00642365
0.000564984
0.00645018
0.000549985
0.00647649
0.000534806
0.00650231
0.000516982
0.00652776
0.000501086
0.00655237
0.00048025
0.000466622
0.00617807
4.14904e-05
0.00618077
0.000116957
0.00618505
0.000183062
0.00619084
0.000241572
0.00619808
0.000293741
0.00620678
0.000340483
0.00621693
0.00038241
0.00622855
0.000419959
0.00624165
0.00045338
0.00625625
0.000482863
0.00627233
0.000508482
0.00628987
0.000530334
0.00630883
0.000548435
0.00632914
0.000562893
0.00635071
0.000573735
0.00637344
0.00058114
0.00639719
0.000585165
0.00642182
0.000586097
0.00644718
0.000583998
0.0064731
0.000579293
0.00649941
0.000571977
0.00652597
0.000562675
0.00655258
0.000551156
0.00657914
0.000538424
0.00660545
0.000523676
0.00663147
0.00050879
0.00665695
0.000491503
0.006682
0.000476031
0.0067062
0.000456049
0.000442751
0.00632503
4.04447e-05
0.00632799
0.000113995
0.00633269
0.000178363
0.00633902
0.000235244
0.00634691
0.000285848
0.00635634
0.000331057
0.00636728
0.000371463
0.00637975
0.000407495
0.00639372
0.000439405
0.0064092
0.000467389
0.00642614
0.000491535
0.00644452
0.000511954
0.00646427
0.000528686
0.00648531
0.000541854
0.00650754
0.00055151
0.00653083
0.000557846
0.00655506
0.000560942
0.00658006
0.000561088
0.0066057
0.000558367
0.0066318
0.000553193
0.00665819
0.000545582
0.00668474
0.000536127
0.00671126
0.000524633
0.00673765
0.000512032
0.00676373
0.000497599
0.00678946
0.000483065
0.0068146
0.000466358
0.00683928
0.000451354
0.00686308
0.000432243
0.000419319
0.00647547
3.93032e-05
0.00647871
0.000110763
0.00648382
0.000173245
0.00649069
0.000228373
0.00649924
0.000277308
0.00650939
0.0003209
0.00652113
0.000359723
0.00653443
0.000394196
0.00654926
0.000424573
0.0065656
0.000451054
0.00658339
0.000473743
0.00660258
0.000492764
0.00662309
0.000508176
0.00664483
0.000520119
0.00666767
0.000528665
0.0066915
0.000534018
0.00671616
0.000536277
0.00674152
0.000535733
0.0067674
0.000532487
0.00679365
0.000526939
0.00682011
0.000519125
0.00684663
0.000509603
0.00687306
0.00049821
0.00689928
0.000485811
0.00692512
0.000471752
0.00695056
0.000457625
0.00697538
0.000441537
0.0069997
0.000427044
0.00702312
0.000408817
0.000396306
0.0066295
3.80654e-05
0.006633
0.00010726
0.00663854
0.000167708
0.00664595
0.000220957
0.00665514
0.000268121
0.00666602
0.000310015
0.00667855
0.000347196
0.00669267
0.000380071
0.00670835
0.000408897
0.00672553
0.000433878
0.00674414
0.00045513
0.00676411
0.000472789
0.00678535
0.000486935
0.00680775
0.000497719
0.00683119
0.000505233
0.00685552
0.000509688
0.00688059
0.0005112
0.00690626
0.000510061
0.00693237
0.000506382
0.00695876
0.000500552
0.00698526
0.00049262
0.00701175
0.000483113
0.00703807
0.000471893
0.00706412
0.000459764
0.00708974
0.000446133
0.0071149
0.000432464
0.00713941
0.000417028
0.00716337
0.000403083
0.00718643
0.000385753
0.000373691
0.00678718
3.67308e-05
0.00679095
0.000103486
0.00679691
0.000161751
0.00680487
0.000212998
0.0068147
0.00025829
0.00682631
0.000298409
0.00683961
0.000333891
0.00685455
0.000365134
0.00687105
0.000392394
0.00688905
0.00041588
0.00690846
0.000435718
0.00692919
0.000452058
0.00695114
0.000464992
0.00697417
0.000474685
0.00699816
0.000481243
0.00702296
0.000484886
0.00704842
0.00048574
0.00707439
0.000484095
0.0071007
0.000480074
0.0071272
0.000474049
0.00715374
0.00046608
0.00718019
0.000456664
0.0072064
0.000445685
0.00723227
0.000433886
0.00725767
0.000420734
0.00728257
0.000407569
0.00730678
0.000392817
0.00733041
0.000379456
0.00735313
0.000363031
0.000351452
0.00694861
3.52995e-05
0.00695265
9.944e-05
0.00695903
0.000155374
0.00696753
0.000204496
0.006978
0.000247818
0.00699032
0.000286086
0.0070044
0.000319817
0.00702014
0.000349397
0.00703745
0.00037508
0.00705625
0.00039708
0.00707643
0.000415532
0.0070979
0.000430594
0.00712052
0.000442374
0.00714416
0.000451043
0.00716868
0.000456724
0.00719393
0.000459637
0.00721975
0.00045992
0.00724598
0.000457857
0.00727248
0.000453579
0.00729909
0.000447442
0.00732565
0.000439514
0.00735206
0.00043026
0.00737816
0.000419585
0.00740387
0.000408173
0.00742906
0.000395546
0.0074537
0.000382927
0.00747763
0.000368889
0.00750094
0.000356142
0.00752334
0.000340631
0.000329565
0.00711387
3.37715e-05
0.00711819
9.51231e-05
0.00712498
0.000148579
0.00713402
0.000195456
0.00714513
0.000236711
0.00715816
0.000273056
0.00717299
0.000304986
0.00718951
0.000332874
0.00720762
0.000356974
0.0072272
0.000377499
0.00724814
0.000394594
0.00727031
0.000408423
0.00729358
0.000419106
0.0073178
0.000426821
0.00734282
0.0004317
0.0073685
0.000433964
0.00739466
0.00043376
0.00742115
0.000431364
0.00744782
0.000426911
0.00747452
0.000420739
0.00750111
0.000412925
0.00752747
0.000403901
0.00755346
0.000393589
0.00757902
0.000382617
0.00760401
0.000370557
0.00762841
0.000358524
0.00765208
0.000345224
0.0076751
0.00033312
0.0076972
0.00031853
0.000308005
0.00728306
3.21474e-05
0.00728765
9.05367e-05
0.00729486
0.00014137
0.00730443
0.000185881
0.00731617
0.000224976
0.00732989
0.000259328
0.00734547
0.000289409
0.00736276
0.000315581
0.00738165
0.000338092
0.00740199
0.000357157
0.00742366
0.000372926
0.00744651
0.000385568
0.00747041
0.000395213
0.00749519
0.000402041
0.00752069
0.000406192
0.00754677
0.000407888
0.00757325
0.000407278
0.00759999
0.000404628
0.00762682
0.000400078
0.00765361
0.000393947
0.00768022
0.000386315
0.00770654
0.000377582
0.00773244
0.000367688
0.00775786
0.000357205
0.00778266
0.000345752
0.00780685
0.00033434
0.00783027
0.000321802
0.00785302
0.000310367
0.00787485
0.000296704
0.000286745
0.00745627
3.04278e-05
0.00746112
8.56827e-05
0.00746875
0.000133748
0.00747885
0.000175778
0.0074912
0.000212621
0.00750562
0.000244911
0.00752193
0.0002731
0.00753998
0.000297532
0.00755962
0.000318453
0.0075807
0.000336073
0.00760308
0.000350549
0.0076266
0.00036205
0.0076511
0.000370714
0.00767641
0.000376722
0.00770239
0.00038022
0.00772885
0.000381422
0.00775565
0.000380484
0.00778262
0.000377658
0.00780961
0.000373085
0.00783649
0.000367064
0.00786313
0.000359678
0.00788941
0.000351295
0.00791523
0.00034187
0.00794052
0.000331921
0.00796516
0.000321111
0.00798914
0.000310354
0.00801235
0.000298599
0.00803486
0.000287858
0.00805643
0.000275126
0.000265757
0.00763359
2.86134e-05
0.00763871
8.05637e-05
0.00764674
0.000125719
0.00765737
0.000165152
0.00767034
0.000199653
0.00768543
0.000229817
0.00770246
0.000256071
0.00772125
0.000278744
0.00774163
0.000298073
0.00776343
0.000314267
0.0077865
0.000327482
0.00781066
0.000337889
0.00783575
0.000345629
0.00786159
0.000350882
0.00788801
0.000353796
0.00791485
0.00035458
0.00794195
0.000353387
0.00796915
0.000350459
0.0079963
0.000345933
0.00802328
0.000340087
0.00804995
0.000333007
0.00807622
0.000325029
0.00810197
0.000316119
0.00812714
0.000306747
0.00815164
0.000296614
0.00817545
0.000286541
0.00819846
0.000275589
0.00822076
0.000265564
0.00824211
0.000253769
0.000245012
0.00781513
2.67054e-05
0.00782051
7.51828e-05
0.00782894
0.000117288
0.00784009
0.00015401
0.00785366
0.000186082
0.00786942
0.000214057
0.00788715
0.000238336
0.00790666
0.00025923
0.00792777
0.000276969
0.00795028
0.000291754
0.00797402
0.000303742
0.00799881
0.000313101
0.00802447
0.000319972
0.00805081
0.000324534
0.00807768
0.000326932
0.00810489
0.000327367
0.00813229
0.00032599
0.00815972
0.000323028
0.00818704
0.000318615
0.00821412
0.000313007
0.00824083
0.000306289
0.0082671
0.000298767
0.0082928
0.000290416
0.00831789
0.000281659
0.00834227
0.000272234
0.00836593
0.000262874
0.00838878
0.000252744
0.00841089
0.000243455
0.00843206
0.000232601
0.000224476
0.00800098
2.4705e-05
0.00800662
6.95435e-05
0.00801545
0.000108461
0.0080271
0.000142361
0.00804126
0.000171918
0.00805768
0.000197643
0.0080761
0.000219908
0.00809633
0.000239007
0.00811814
0.000255157
0.00814134
0.000268551
0.00816574
0.000279343
0.00819114
0.000287699
0.00821736
0.000293756
0.00824421
0.000297686
0.00827151
0.000299633
0.00829909
0.000299787
0.00832679
0.000298292
0.00835445
0.000295361
0.00838195
0.000291122
0.00840914
0.000285809
0.00843593
0.000279505
0.00846221
0.000272487
0.00848789
0.000264736
0.00851291
0.000256631
0.00853721
0.000247942
0.00856076
0.000239321
0.00858347
0.00023003
0.00860543
0.000221497
0.00862644
0.000211589
0.000204115
0.00819125
2.26135e-05
0.00819714
6.36496e-05
0.00820636
9.92436e-05
0.00821851
0.000130213
0.00823325
0.000157171
0.00825031
0.000180586
0.00826942
0.000200801
0.00829034
0.000218087
0.00831284
0.000232649
0.00833672
0.00024467
0.00836177
0.000254299
0.00838777
0.000261693
0.00841454
0.000266987
0.00844189
0.000270343
0.00846962
0.0002719
0.00849757
0.000271835
0.00852558
0.000270285
0.00855349
0.000267446
0.00858118
0.000263438
0.00860851
0.000258475
0.00863538
0.000252634
0.00866171
0.000246163
0.00868739
0.00023905
0.00871239
0.000231631
0.00873663
0.000223705
0.0087601
0.000215849
0.00878272
0.000207412
0.00880456
0.000199654
0.00882545
0.000190696
0.000183892
0.00838603
2.04325e-05
0.00839217
5.75057e-05
0.00840178
8.96427e-05
0.00841441
0.000117575
0.00842973
0.000141852
0.00844742
0.000162899
0.00846719
0.000181026
0.0084888
0.000196483
0.00851199
0.000209458
0.00853654
0.000220123
0.00856222
0.000228617
0.00858882
0.00023509
0.00861614
0.000239668
0.00864398
0.000242505
0.00867215
0.000243728
0.00870048
0.000243503
0.00872881
0.000241956
0.00875699
0.000239266
0.00878489
0.000235544
0.00881238
0.00023098
0.00883937
0.000225647
0.00886577
0.000219764
0.00889149
0.000213325
0.0089165
0.000206623
0.00894072
0.000199487
0.00896415
0.000192417
0.00898671
0.000184852
0.00900848
0.000177885
0.00902929
0.000169883
0.000163766
0.00858544
1.81637e-05
0.00859183
5.11163e-05
0.00860181
7.96656e-05
0.00861493
0.000104455
0.00863081
0.000125972
0.00864912
0.000144593
0.00866955
0.000160596
0.00869182
0.000174205
0.00871569
0.000185593
0.00874089
0.000194916
0.00876721
0.000202304
0.00879441
0.000207891
0.00882228
0.000211799
0.00885062
0.000214164
0.00887924
0.000215107
0.00890796
0.000214776
0.00893663
0.000213287
0.0089651
0.000210798
0.00899323
0.00020741
0.00902092
0.000203292
0.00904806
0.000198509
0.00907457
0.000193253
0.00910037
0.000187521
0.00912543
0.000181566
0.00914967
0.000175243
0.00917311
0.000168983
0.00919566
0.000162304
0.00921739
0.000156146
0.00923817
0.000149106
0.000143694
0.00878959
1.58088e-05
0.00879622
4.44865e-05
0.00880657
6.93199e-05
0.00882016
9.0864e-05
0.00883659
0.000109541
0.0088555
0.000125678
0.00887658
0.000139521
0.00889952
0.000151265
0.00892405
0.000161063
0.00894991
0.000169056
0.00897685
0.000175359
0.00900465
0.000180095
0.00903308
0.000183371
0.00906193
0.000185311
0.00909102
0.000186022
0.00912016
0.000185634
0.00914919
0.000184252
0.00917798
0.000182012
0.00920639
0.000179004
0.0092343
0.000175375
0.00926163
0.000171181
0.0092883
0.000166587
0.00931423
0.000161593
0.00933938
0.000156413
0.00936369
0.000150927
0.00938718
0.000145498
0.00940976
0.000139721
0.00943152
0.000134389
0.00945231
0.000128318
0.000123627
0.00899859
1.33697e-05
0.00900545
3.76215e-05
0.00901616
5.86137e-05
0.00903021
7.68112e-05
0.00904718
9.25696e-05
0.0090667
0.000106167
0.00908841
0.00011781
0.009112
0.000127668
0.00913719
0.000135872
0.00916371
0.000142542
0.00919129
0.000147781
0.00921969
0.000151693
0.00924869
0.000154374
0.00927807
0.000155928
0.00930764
0.000156449
0.00933723
0.00015605
0.00936666
0.000154818
0.0093958
0.000152871
0.00942452
0.000150285
0.00945271
0.000147183
0.00948028
0.000143615
0.00950715
0.000139717
0.00953325
0.00013549
0.00955855
0.000131112
0.00958299
0.000126485
0.00960658
0.000121908
0.00962925
0.000117049
0.00965108
0.000112559
0.00967194
0.000107467
0.000103513
0.00921255
1.08486e-05
0.00921965
3.05273e-05
0.0092307
4.75556e-05
0.00924521
6.23069e-05
0.00926271
7.50689e-05
0.00928281
8.60675e-05
0.00930515
9.54727e-05
0.00932939
0.000103421
0.00935524
0.000110022
0.00938241
0.000115374
0.00941063
0.000119563
0.00943965
0.000122675
0.00946923
0.000124788
0.00949917
0.000125991
0.00952926
0.00012636
0.00955932
0.000125988
0.00958919
0.000124946
0.00961873
0.000123331
0.00964781
0.000121205
0.00967633
0.000118666
0.00970419
0.000115756
0.00973132
0.000112585
0.00975766
0.000109153
0.00978317
0.000105603
0.00980779
0.000101857
0.00983155
9.81533e-05
0.00985437
9.42282e-05
0.00987633
9.05987e-05
0.0098973
8.64943e-05
8.32951e-05
0.0094316
8.24764e-06
0.00943892
2.32101e-05
0.00945032
3.61547e-05
0.00946526
4.73616e-05
0.00948328
5.70495e-05
0.00950396
6.53911e-05
0.00952691
7.25162e-05
0.00955181
7.85293e-05
0.00957831
8.3514e-05
0.00960614
8.75467e-05
0.00963501
9.06931e-05
0.00966467
9.3021e-05
0.00969486
9.45908e-05
0.00972538
9.54703e-05
0.00975603
9.57186e-05
0.00978661
9.54063e-05
0.00981696
9.45893e-05
0.00984696
9.33401e-05
0.00987645
9.17066e-05
0.00990536
8.97636e-05
0.00993357
8.75426e-05
0.00996103
8.51261e-05
0.00998767
8.25157e-05
0.0100135
7.98181e-05
0.0100383
7.69754e-05
0.0100623
7.41655e-05
0.0100854
7.11919e-05
0.0101075
6.84403e-05
0.0101287
6.53363e-05
6.29108e-05
0.00965585
5.56911e-06
0.00966338
1.5677e-05
0.00967511
2.44211e-05
0.00969049
3.19869e-05
0.00970902
3.8523e-05
0.00973026
4.41473e-05
0.00975383
4.89475e-05
0.00977936
5.29943e-05
0.00980653
5.63444e-05
0.00983503
5.90502e-05
0.00986457
6.11566e-05
0.00989488
6.27102e-05
0.00992572
6.37521e-05
0.00995686
6.43287e-05
0.0099881
6.44804e-05
0.0100192
6.4255e-05
0.0100501
6.36907e-05
0.0100806
6.28365e-05
0.0101106
6.17247e-05
0.01014
6.0406e-05
0.0101686
5.89016e-05
0.0101965
5.72669e-05
0.0102235
5.55032e-05
0.0102496
5.36817e-05
0.0102748
5.17642e-05
0.0102991
4.98693e-05
0.0103225
4.7866e-05
0.0103449
4.60117e-05
0.0103663
4.39227e-05
4.22832e-05
0.00988542
2.81553e-06
0.00989317
7.93611e-06
0.00990522
1.23663e-05
0.00992101
1.61951e-05
0.00994003
1.95016e-05
0.00996183
2.23465e-05
0.00998601
2.47734e-05
0.0100122
2.6818e-05
0.01004
2.8509e-05
0.0100692
2.98733e-05
0.0100994
3.09339e-05
0.0101304
3.17144e-05
0.0101619
3.22361e-05
0.0101937
3.25225e-05
0.0102256
3.25941e-05
0.0102574
3.24754e-05
0.0102889
3.21857e-05
0.01032
3.17499e-05
0.0103505
3.11844e-05
0.0103804
3.05147e-05
0.0104096
2.97516e-05
0.0104379
2.89232e-05
0.0104654
2.803e-05
0.010492
2.7108e-05
0.0105176
2.61378e-05
0.0105423
2.51794e-05
0.010566
2.41663e-05
0.0105888
2.3229e-05
0.0106105
2.21733e-05
2.13502e-05
0.0101204
0.0101284
0.0101407
0.0101569
0.0101764
0.0101988
0.0102236
0.0102504
0.0102789
0.0103088
0.0103397
0.0103714
0.0104036
0.0104362
0.0104688
0.0105012
0.0105334
0.0105652
0.0105964
0.0106269
0.0106566
0.0106855
0.0107136
0.0107407
0.0107668
0.010792
0.0108162
0.0108394
0.0108616
0.0017791
-8.1709e-06
-3.16497e-06
0.00178865
-1.48648e-06
-8.06435e-06
0.00179654
3.54256e-06
-1.14255e-05
0.00180284
7.20449e-06
-1.3503e-05
0.0018076
9.77549e-06
-1.45445e-05
0.00181087
1.15312e-05
-1.48019e-05
0.00181267
1.26791e-05
-1.44724e-05
0.00181299
1.33822e-05
-1.3703e-05
0.00181183
1.3876e-05
-1.27186e-05
0.00180918
1.4295e-05
-1.1644e-05
0.00180501
1.47206e-05
-1.05539e-05
0.00179929
1.52157e-05
-9.49548e-06
0.00179198
1.58345e-05
-8.52179e-06
0.00178302
1.66245e-05
-7.66725e-06
0.00177237
1.76041e-05
-6.94882e-06
0.00175995
1.87945e-05
-6.37141e-06
0.00174568
2.01951e-05
-5.93483e-06
0.0017295
2.18203e-05
-5.63558e-06
0.00171131
2.36568e-05
-5.46182e-06
0.00169099
2.57169e-05
-5.4044e-06
0.00166846
2.79802e-05
-5.4473e-06
0.00164358
3.04633e-05
-5.58029e-06
0.00161622
3.31378e-05
-5.78585e-06
0.00158625
3.60335e-05
-6.05552e-06
0.00155352
3.91027e-05
-6.37102e-06
0.00151783
4.24125e-05
-6.72782e-06
0.00147909
4.58485e-05
-7.10634e-06
0.00143697
4.96243e-05
-7.50709e-06
0.00139161
5.3273e-05
-7.91187e-06
5.80121e-05
-8.31139e-06
0.00177906
-1.94596e-05
0.00178856
-1.09915e-05
0.0017964
-4.29631e-06
0.00180266
9.48157e-07
0.00180738
5.04675e-06
0.00181062
8.29883e-06
0.00181237
1.09221e-05
0.00181266
1.30949e-05
0.00181147
1.50648e-05
0.00180879
1.69757e-05
0.0018046
1.89156e-05
0.00179885
2.09627e-05
0.00179151
2.3172e-05
0.00178253
2.56056e-05
0.00177185
2.82819e-05
0.00175941
3.12387e-05
0.00174513
3.44751e-05
0.00172893
3.80235e-05
0.00171071
4.18687e-05
0.00169039
4.60448e-05
0.00166784
5.05267e-05
0.00164295
5.53578e-05
0.00161558
6.04986e-05
0.0015856
6.60172e-05
0.00155287
7.18363e-05
0.00151718
7.80947e-05
0.00147845
8.45827e-05
0.00143635
9.17271e-05
0.00139101
9.86116e-05
0.000107681
0.00177896
-3.06546e-05
0.00178838
-2.04058e-05
0.00179613
-1.20477e-05
0.0018023
-5.22505e-06
0.00180695
3.98076e-07
0.00181011
5.14301e-06
0.00181179
9.23781e-06
0.00181201
1.28765e-05
0.00181075
1.63187e-05
0.00180801
1.97186e-05
0.00180376
2.31703e-05
0.00179795
2.67662e-05
0.00179056
3.05636e-05
0.00178153
3.46381e-05
0.0017708
3.90089e-05
0.00175831
4.37298e-05
0.00174399
4.87995e-05
0.00172774
5.42685e-05
0.00170949
6.01198e-05
0.00168913
6.64088e-05
0.00166655
7.31055e-05
0.00164162
8.02806e-05
0.00161424
8.78825e-05
0.00158424
9.60181e-05
0.0015515
0.00010458
0.00151581
0.000113778
0.00147709
0.000123307
0.00143501
0.000133807
0.00138971
0.000143911
0.000157292
0.00177882
-4.17091e-05
0.0017881
-2.96846e-05
0.00179572
-1.96688e-05
0.00180177
-1.12725e-05
0.0018063
-4.13307e-06
0.00180934
2.10298e-06
0.00181092
7.6626e-06
0.00181103
1.2762e-05
0.00180968
1.76715e-05
0.00180684
2.25561e-05
0.00180249
2.75156e-05
0.0017966
3.26564e-05
0.00178913
3.80383e-05
0.00178002
4.37499e-05
0.00176921
4.98119e-05
0.00175665
5.62934e-05
0.00174226
6.31929e-05
0.00172595
7.05789e-05
0.00170763
7.84321e-05
0.00168721
8.68296e-05
0.00166458
9.57357e-05
0.00163962
0.000105249
0.00161219
0.000115304
0.00158216
0.000126048
0.0015494
0.00013734
0.00151372
0.000149465
0.001475
0.000162019
0.00143296
0.000175855
0.00138771
0.000189157
0.000206819
0.00177863
-5.25767e-05
0.00178773
-3.87832e-05
0.00179518
-2.71164e-05
0.00180106
-1.71539e-05
0.00180543
-8.50498e-06
0.00180832
-7.85031e-07
0.00180975
6.23338e-06
0.00180973
1.27865e-05
0.00180824
1.91569e-05
0.00180528
2.55205e-05
0.00180081
3.19828e-05
0.0017948
3.86632e-05
0.00178722
4.56249e-05
0.001778
5.29691e-05
0.00176709
6.07176e-05
0.00175443
6.89553e-05
0.00173994
7.768e-05
0.00172354
8.69781e-05
0.00170515
9.68277e-05
0.00168465
0.000107328
0.00166195
0.000118436
0.00163692
0.000130279
0.00160945
0.000142777
0.00157938
0.000156117
0.00154659
0.000170126
0.0015109
0.00018516
0.0014722
0.000200716
0.00143019
0.000217863
0.00138502
0.000234331
0.000256236
0.0017784
-6.32108e-05
0.00178727
-4.76568e-05
0.00179451
-3.43477e-05
0.00180018
-2.28278e-05
0.00180435
-1.26775e-05
0.00180705
-3.48424e-06
0.0018083
4.98699e-06
0.0018081
1.29848e-05
0.00180645
2.08086e-05
0.00180332
2.86444e-05
0.0017987
3.66029e-05
0.00179255
4.48168e-05
0.00178482
5.33524e-05
0.00177547
6.23232e-05
0.00176443
7.1753e-05
0.00175165
8.17412e-05
0.00173704
9.22853e-05
0.00172053
0.00010349
0.00170203
0.000115329
0.00168143
0.000127924
0.00165864
0.000141226
0.00163354
0.000155387
0.001606
0.000170317
0.00157587
0.000186238
0.00154306
0.000202945
0.00150735
0.000220867
0.00146867
0.000239397
0.00142671
0.000259822
0.00138162
0.000279417
0.000305516
0.00177812
-7.3565e-05
0.00178673
-5.62609e-05
0.0017937
-4.13199e-05
0.00179912
-2.8253e-05
0.00180306
-1.6612e-05
0.00180553
-5.95528e-06
0.00180656
3.95887e-06
0.00180615
1.33919e-05
0.0018043
2.26601e-05
0.00180098
3.19598e-05
0.00179618
4.14071e-05
0.00178985
5.11469e-05
0.00178195
6.12495e-05
0.00177243
7.18402e-05
0.00176124
8.29446e-05
0.00174831
9.46768e-05
0.00173356
0.000107033
0.00171691
0.000120137
0.00169828
0.000133957
0.00167757
0.000148638
0.00165467
0.000164123
0.00162947
0.000180592
0.00160185
0.000197937
0.00157166
0.000216422
0.0015388
0.000235804
0.00150308
0.000256587
0.00146442
0.00027806
0.00142252
0.000301724
0.00137753
0.000324401
0.000354634
0.0017778
-8.35932e-05
0.00178609
-6.4551e-05
0.00179276
-4.79902e-05
0.00179789
-3.33887e-05
0.00180155
-2.02687e-05
0.00180375
-8.16044e-06
0.00180453
3.18501e-06
0.00180388
1.40425e-05
0.00180179
2.4745e-05
0.00179825
3.54992e-05
0.00179323
4.64263e-05
0.0017867
5.76835e-05
0.0017786
6.93451e-05
0.00176889
8.15478e-05
0.00175752
9.43191e-05
0.00174441
0.000107788
0.00172949
0.000121949
0.00171269
0.000136943
0.00169391
0.000152735
0.00167305
0.000169492
0.00165003
0.000187147
0.00162471
0.000205909
0.001597
0.000225652
0.00156674
0.00024668
0.00153383
0.000268711
0.00149809
0.000292325
0.00145945
0.000316703
0.00141762
0.00034356
0.00137275
0.000369264
0.000403563
0.00177742
-9.3249e-05
0.00178535
-7.24827e-05
0.00179168
-5.4316e-05
0.00179649
-3.81939e-05
0.00179983
-2.36083e-05
0.00180173
-1.00622e-05
0.00180221
2.70136e-06
0.00180128
1.49713e-05
0.00179893
2.70967e-05
0.00179513
3.92945e-05
0.00178987
5.16914e-05
0.0017831
6.44564e-05
0.00177477
7.76676e-05
0.00176485
9.14735e-05
0.00175326
0.000105903
0.00173995
0.000121099
0.00172485
0.000137056
0.00170786
0.000153931
0.00168891
0.000171685
0.00166789
0.000190506
0.00164472
0.000210317
0.00161928
0.000231356
0.00159145
0.000253476
0.00156111
0.000277024
0.00152815
0.000301675
0.00149239
0.000328085
0.00145377
0.000355323
0.001412
0.000385322
0.00136728
0.000413992
0.000452277
0.001777
-0.000102487
0.00178453
-8.00118e-05
0.00179047
-6.02548e-05
0.00179491
-4.26281e-05
0.00179789
-2.65914e-05
0.00179945
-1.16231e-05
0.00179961
2.54359e-06
0.00179837
1.62129e-05
0.00179571
2.97486e-05
0.00179163
4.33778e-05
0.00178609
5.72332e-05
0.00177905
7.14951e-05
0.00177047
8.62459e-05
0.0017603
0.000101645
0.00174848
0.000117723
0.00173494
0.000134637
0.00171962
0.00015238
0.00170243
0.000171125
0.00168328
0.000190828
0.00166209
0.0002117
0.00163875
0.000233651
0.00161316
0.000256949
0.00158521
0.000281423
0.00155477
0.000307465
0.00152175
0.000334702
0.00148596
0.000363869
0.00144737
0.000393918
0.00140569
0.000427001
0.00136111
0.000458567
0.00050075
0.00177654
-0.00011126
0.00178362
-8.70944e-05
0.00178913
-6.57643e-05
0.00179315
-4.66505e-05
0.00179574
-2.9179e-05
0.00179693
-1.28057e-05
0.00179672
2.74726e-06
0.00179513
1.78018e-05
0.00179215
3.27339e-05
0.00178774
4.77811e-05
0.00178189
6.30824e-05
0.00177456
7.88293e-05
0.0017657
9.51083e-05
0.00175525
0.00011209
0.00174317
0.000129806
0.00172938
0.000148427
0.00171382
0.000167944
0.00169639
0.000188547
0.00167704
0.000210187
0.00165564
0.000233095
0.00163212
0.000257168
0.00160637
0.000282704
0.00157828
0.000309508
0.00154773
0.000338014
0.00151463
0.0003678
0.00147882
0.000399681
0.00144025
0.000432486
0.00139867
0.000468589
0.00135426
0.000502974
0.000548955
0.00177603
-0.000119524
0.00178262
-9.36864e-05
0.00178766
-7.08025e-05
0.00179123
-5.02208e-05
0.00179338
-3.13322e-05
0.00179415
-1.35728e-05
0.00179355
3.34794e-06
0.00179158
1.97723e-05
0.00178823
3.60856e-05
0.00178347
5.2536e-05
0.00177729
6.92695e-05
0.00176963
8.64884e-05
0.00176045
0.000104283
0.00174971
0.000122835
0.00173734
0.000142178
0.00172327
0.000162494
0.00170744
0.000183773
0.00168976
0.000206222
0.00167017
0.000229784
0.00164855
0.000254711
0.00162483
0.000280887
0.0015989
0.00030864
0.00157066
0.000337745
0.00153999
0.000368683
0.00150681
0.000400977
0.00147097
0.000435524
0.00143243
0.000471026
0.00139094
0.000510077
0.00134672
0.000547196
0.000596866
0.00177548
-0.000127232
0.00178153
-9.97442e-05
0.00178606
-7.53273e-05
0.00178914
-5.32988e-05
0.00179082
-3.30124e-05
0.00179113
-1.38872e-05
0.0017901
4.38113e-06
0.00178771
2.21584e-05
0.00178396
3.98365e-05
0.00177882
5.76741e-05
0.00177227
7.5825e-05
0.00176425
9.45017e-05
0.00175474
0.000113799
0.00174366
0.000133908
0.00173098
0.000154865
0.00171661
0.000176864
0.00170049
0.000199891
0.00168254
0.000224172
0.00166268
0.000249639
0.00164083
0.00027657
0.00161689
0.000304827
0.00159075
0.000334772
0.00156235
0.000366149
0.00153155
0.000399483
0.00149829
0.000434241
0.00146241
0.000471401
0.0014239
0.000509535
0.00138252
0.000551455
0.0013385
0.000591218
0.000644457
0.00177488
-0.00013434
0.00178036
-0.000105224
0.00178432
-7.92971e-05
0.00178687
-5.58444e-05
0.00178804
-3.41814e-05
0.00178786
-1.3712e-05
0.00178636
5.88231e-06
0.00178353
2.4994e-05
0.00177934
4.40192e-05
0.00177379
6.32269e-05
0.00176684
8.27792e-05
0.00175844
0.000102898
0.00174856
0.000123684
0.00173713
0.000145337
0.0017241
0.000167893
0.0017094
0.000191561
0.00169297
0.000216323
0.00167472
0.00024242
0.00165459
0.000269776
0.00163247
0.00029869
0.00160829
0.000329006
0.00158194
0.000361117
0.00155336
0.000394732
0.00152241
0.000430426
0.00148906
0.000467598
0.00145314
0.000507316
0.00141467
0.00054801
0.0013734
0.000592717
0.0013296
0.000635022
0.000691702
0.00177423
-0.000140803
0.00177909
-0.000110084
0.00178246
-8.26704e-05
0.00178444
-5.78177e-05
0.00178506
-3.4801e-05
0.00178435
-1.30107e-05
0.00178235
7.88672e-06
0.00177903
2.83128e-05
0.00177438
4.86662e-05
0.00176838
6.92256e-05
0.001761
9.01622e-05
0.00175219
0.000111708
0.00174191
0.000133966
0.0017301
0.000157147
0.0017167
0.000181289
0.00170165
0.000206611
0.00168489
0.000233093
0.00166632
0.000260989
0.00164588
0.000290216
0.00162347
0.000321093
0.00159904
0.000353444
0.00157246
0.000387693
0.00154368
0.000423511
0.00151259
0.000461522
0.00147913
0.000501057
0.00144317
0.000543272
0.00140473
0.00058645
0.0013636
0.000633853
0.00132002
0.000678594
0.000738574
0.00177354
-0.000146576
0.00177773
-0.000114279
0.00178047
-8.54059e-05
0.00178183
-5.91792e-05
0.00178186
-3.48334e-05
0.0017806
-1.17468e-05
0.00177806
1.04295e-05
0.00177422
3.21485e-05
0.00176908
5.38097e-05
0.0017626
7.57012e-05
0.00175476
9.80039e-05
0.00174551
0.000120958
0.0017348
0.000144673
0.00172258
0.000169366
0.0017088
0.000195079
0.00169337
0.000222039
0.00167624
0.000250223
0.00165732
0.000279903
0.00163656
0.000310981
0.00161385
0.000343799
0.00158914
0.000378157
0.00156232
0.000414514
0.00153333
0.000452498
0.00150207
0.000492783
0.0014685
0.000534625
0.0014325
0.000579272
0.0013941
0.000624852
0.0013531
0.000674855
0.00130978
0.000721915
0.000785047
0.0017728
-0.000151613
0.00177629
-0.000117768
0.00177835
-8.74628e-05
0.00177906
-5.98896e-05
0.00177847
-3.42412e-05
0.00177661
-9.88422e-06
0.00177349
1.35454e-05
0.0017691
3.65345e-05
0.00176343
5.94818e-05
0.00175645
8.26847e-05
0.00174812
0.000106334
0.0017384
0.000130679
0.00172724
0.000155833
0.00171458
0.000182021
0.00170037
0.000209288
0.00168454
0.000237869
0.00166703
0.00026774
0.00164775
0.000299183
0.00162664
0.000332092
0.00160361
0.000366827
0.0015786
0.000403166
0.00155151
0.000441599
0.0015223
0.000481707
0.00149087
0.00052422
0.00145718
0.000568309
0.00142114
0.000615319
0.00138277
0.000663214
0.00134192
0.000715713
0.00129886
0.000764972
0.000831095
0.00177203
-0.000155873
0.00177477
-0.000120508
0.0017761
-8.88002e-05
0.00177612
-5.99096e-05
0.00177487
-3.29871e-05
0.00177237
-7.38736e-06
0.00176865
1.72693e-05
0.00176368
4.15038e-05
0.00175745
6.57142e-05
0.00174993
9.02066e-05
0.00174108
0.000115182
0.00173086
0.000140898
0.00171922
0.000167472
0.0017061
0.000195139
0.00169145
0.000223941
0.00167519
0.000254126
0.00165726
0.000285665
0.00163759
0.000318853
0.00161611
0.00035357
0.00159274
0.000390199
0.00156742
0.000428489
0.00154006
0.000468964
0.00151061
0.000511153
0.00147899
0.000555844
0.00144518
0.000602117
0.00140908
0.000651417
0.00137076
0.000701533
0.00133005
0.00075642
0.00128728
0.000807747
0.000876692
0.0017712
-0.000159309
0.00177315
-0.000122457
0.00177373
-8.93779e-05
0.00177302
-5.92004e-05
0.00177107
-3.10352e-05
0.0017679
-4.22003e-06
0.00176354
2.16358e-05
0.00175795
4.70897e-05
0.00175113
7.25385e-05
0.00174303
9.82973e-05
0.00173364
0.000124577
0.00172289
0.000151644
0.00171075
0.00017962
0.00169714
0.000208745
0.00168202
0.000239066
0.00166531
0.000270836
0.00164695
0.000304024
0.00162687
0.000338935
0.001605
0.000375439
0.00158126
0.000413934
0.00155561
0.000454144
0.00152795
0.000496624
0.00149825
0.00054085
0.00146643
0.000587666
0.00143249
0.000636056
0.00139634
0.000687568
0.00135806
0.000739807
0.00131752
0.000796966
0.00127504
0.000850224
0.000921813
0.00177034
-0.00016188
0.00177145
-0.000123573
0.00177123
-8.91557e-05
0.00176975
-5.77228e-05
0.00176707
-2.83496e-05
0.00176319
-3.46042e-07
0.00175815
2.66774e-05
0.00175192
5.33251e-05
0.00174447
7.99862e-05
0.00173578
0.000106987
0.00172581
0.000134549
0.00171451
0.000162944
0.00170183
0.000192301
0.0016877
0.000222866
0.00167208
0.000254686
0.0016549
0.000288022
0.00163608
0.000322839
0.00161557
0.000359452
0.00159329
0.000397718
0.00156917
0.000438053
0.00154316
0.000480149
0.00151519
0.000524597
0.00148523
0.000570811
0.0014532
0.000619698
0.00141912
0.000670131
0.00138291
0.000723775
0.00134469
0.000778032
0.00130431
0.000837343
0.00126215
0.000892388
0.000966432
0.00176943
-0.000163541
0.00176967
-0.000123815
0.00176861
-8.8094e-05
0.00176632
-5.54388e-05
0.00176286
-2.48864e-05
0.00175826
4.25532e-06
0.0017525
3.24354e-05
0.00174558
6.02421e-05
0.00173748
8.80881e-05
0.00172816
0.000116306
0.00171759
0.000145126
0.0017057
0.000174828
0.00169246
0.000205545
0.0016778
0.000237528
0.00166166
0.000270828
0.00164397
0.000305709
0.00162468
0.000342134
0.0016037
0.000380426
0.00158099
0.000420429
0.00155647
0.000462574
0.00153009
0.000506524
0.00150179
0.000552898
0.00147155
0.00060105
0.0014393
0.000651949
0.00140508
0.000704352
0.00136882
0.000760041
0.00133064
0.000816207
0.00129044
0.000877542
0.00124861
0.000934222
0.00101052
0.00176848
-0.00016425
0.0017678
-0.000123141
0.00176586
-8.61531e-05
0.00176273
-5.23105e-05
0.00175846
-2.06163e-05
0.00175309
9.63236e-06
0.00174659
3.89358e-05
0.00173895
6.78728e-05
0.00173017
9.68752e-05
0.00172019
0.000126283
0.00170898
0.000156336
0.00169649
0.000187322
0.00168265
0.000219376
0.00166743
0.000252757
0.00165074
0.000287515
0.00163253
0.00032392
0.00161273
0.000361932
0.00159128
0.000401879
0.00156811
0.000443593
0.00154317
0.000487518
0.00151641
0.000533285
0.00148776
0.000581544
0.00145723
0.000631581
0.00142475
0.000684431
0.00139038
0.000738723
0.00135405
0.00079637
0.00131593
0.000854327
0.00127591
0.000917555
0.00123443
0.000975711
0.00105406
0.00176748
-0.000163964
0.00176585
-0.000121512
0.00176299
-8.32942e-05
0.00175898
-4.83012e-05
0.00175387
-1.55021e-05
0.00174768
1.582e-05
0.00174041
4.6211e-05
0.00173203
7.62485e-05
0.00172253
0.000106378
0.00171186
0.000136948
0.00169999
0.000168209
0.00168686
0.000200453
0.00167241
0.000233823
0.00165659
0.000268578
0.00163933
0.000304773
0.00162057
0.000342681
0.00160025
0.000382257
0.00157829
0.000423834
0.00155466
0.000467232
0.00152927
0.000512905
0.0015021
0.000560451
0.0014731
0.00061055
0.00144226
0.000662417
0.00140954
0.000717154
0.00137501
0.000773252
0.00133862
0.000832762
0.00130055
0.000892389
0.00126074
0.000957372
0.00121961
0.00101684
0.00109703
0.00176644
-0.000162642
0.00176382
-0.000118885
0.00176
-7.94783e-05
0.00175508
-4.33746e-05
0.00174908
-9.5079e-06
0.00174205
2.28516e-05
0.00173397
5.42946e-05
0.00172481
8.54006e-05
0.00171457
0.000116626
0.00170319
0.000148329
0.00169062
0.000180772
0.00167683
0.000214249
0.00166174
0.000248909
0.0016453
0.000285017
0.00162745
0.000322627
0.00160811
0.000362013
0.00158724
0.000403131
0.00156476
0.000446312
0.00154063
0.000491366
0.00151478
0.000538753
0.00148719
0.000588041
0.00145781
0.000639932
0.00142665
0.000693573
0.00139368
0.000750128
0.00135899
0.000807945
0.00132253
0.000869221
0.00128453
0.000930389
0.00124491
0.000996986
0.00120416
0.00105759
0.0011394
0.00176537
-0.000160242
0.0017617
-0.000115223
0.00175689
-7.46669e-05
0.00175101
-3.74947e-05
0.0017441
-2.59878e-06
0.00173619
3.07604e-05
0.00172727
6.32195e-05
0.00171731
9.53598e-05
0.00170629
0.000127649
0.00169416
0.000160457
0.00168088
0.000194052
0.00166639
0.000228736
0.00165064
0.000264663
0.00163356
0.000302098
0.00161508
0.0003411
0.00159516
0.000381942
0.00157371
0.000424576
0.00155069
0.000469335
0.00152604
0.000516016
0.00149971
0.000565082
0.00147168
0.000616072
0.0014419
0.000669707
0.00141042
0.00072506
0.00137718
0.000783364
0.00134232
0.000842809
0.00130579
0.00090575
0.00126785
0.000968323
0.00122845
0.00103639
0.0011881
0.00109795
0.00118114
0.00176425
-0.000156722
0.00175951
-0.000110484
0.00175366
-6.8822e-05
0.00174679
-3.0623e-05
0.00173894
5.25578e-06
0.00173012
3.95815e-05
0.00172032
7.30176e-05
0.00170952
0.000106157
0.00169769
0.000139477
0.00168479
0.000173358
0.00167077
0.000208077
0.00165556
0.000243941
0.00163912
0.000281109
0.00162137
0.000319847
0.00160225
0.000360216
0.0015817
0.000402489
0.00155966
0.000446616
0.00153608
0.000492924
0.00151089
0.000541202
0.00148406
0.000591912
0.00145557
0.000644562
0.00142539
0.000699889
0.00139355
0.000756894
0.00136005
0.000816871
0.00132501
0.000877849
0.00128841
0.00094235
0.00125054
0.00100619
0.00121136
0.00107557
0.00117142
0.00113789
0.00122224
0.00176309
-0.000152043
0.00175723
-0.000104631
0.00175032
-6.19064e-05
0.00174242
-2.27247e-05
0.00173358
1.40924e-05
0.00172382
4.93466e-05
0.00171312
8.37203e-05
0.00170145
0.000117822
0.00168879
0.000152138
0.00167509
0.00018706
0.00166029
0.000222873
0.00164434
0.000259889
0.00162718
0.000298271
0.00160874
0.000338288
0.00158895
0.00038
0.00156777
0.000423679
0.00154511
0.000469271
0.00152093
0.000517101
0.00149519
0.000566945
0.00146784
0.000619261
0.00143887
0.000673529
0.00140827
0.000730494
0.00137608
0.000789086
0.00134229
0.000850659
0.00130707
0.000913071
0.00127039
0.000979022
0.00123261
0.00104397
0.00119365
0.00111452
0.00115413
0.00117741
0.00126268
0.00176189
-0.000146163
0.00175488
-9.76232e-05
0.00174686
-5.38835e-05
0.0017379
-1.37648e-05
0.00172804
2.39472e-05
0.0017173
6.00865e-05
0.00170566
9.53585e-05
0.0016931
0.000130384
0.00167958
0.000165662
0.00166505
0.000201591
0.00164945
0.000238468
0.00163273
0.000276606
0.00161483
0.000316176
0.00159567
0.000357444
0.0015752
0.000400474
0.00155335
0.000445533
0.00153005
0.000492565
0.00150527
0.000541887
0.00147895
0.000593266
0.00145106
0.000647148
0.0014216
0.00070299
0.00139056
0.000761536
0.00135799
0.000821651
0.00132391
0.000884736
0.0012885
0.000948482
0.00125176
0.00101577
0.00121405
0.00108168
0.00117533
0.00115324
0.00113626
0.00121649
0.00130244
0.00176065
-0.000139042
0.00175245
-8.94237e-05
0.00174328
-4.47172e-05
0.00173322
-3.70828e-06
0.00172232
3.48531e-05
0.00171057
7.18336e-05
0.00169797
0.000107963
0.00168448
0.000143873
0.00167006
0.000180075
0.00165468
0.000216979
0.00163826
0.000254886
0.00162075
0.000294118
0.00160208
0.000334846
0.00158218
0.000377339
0.001561
0.000421661
0.00153845
0.000468073
0.0015145
0.000516519
0.00148909
0.000567303
0.00146217
0.000620182
0.00143373
0.000675592
0.00140375
0.000732961
0.00137226
0.000793032
0.00133931
0.000854601
0.00130493
0.000919113
0.00126933
0.000984087
0.0012325
0.00105259
0.00119489
0.0011193
0.00115641
0.00119172
0.0011178
0.0012551
0.0013415
0.00175937
-0.000130643
0.00174994
-7.99945e-05
0.00173959
-3.43703e-05
0.00172841
7.47709e-06
0.00171642
4.68436e-05
0.00170363
8.46195e-05
0.00169003
0.000121563
0.00167558
0.000158318
0.00166025
0.000195406
0.00164398
0.000233248
0.00162672
0.000272154
0.00160839
0.000312448
0.00158893
0.000354306
0.00156827
0.000397996
0.00154635
0.000443583
0.0015231
0.000491322
0.00149847
0.000541152
0.0014724
0.000593367
0.00144487
0.000647715
0.00141585
0.00070461
0.00138535
0.000763462
0.00135339
0.000824994
0.00132004
0.00088795
0.00128535
0.000953796
0.00124955
0.00101989
0.00121265
0.00108949
0.00117512
0.00115683
0.00113689
0.00122995
0.00109877
0.00129322
0.00137986
0.00175805
-0.000120925
0.00174735
-6.92983e-05
0.00173579
-2.28081e-05
0.00172344
1.98265e-05
0.00171033
5.99504e-05
0.00169648
9.8475e-05
0.00168185
0.000136188
0.00166643
0.000173745
0.00165015
0.000211682
0.00163297
0.000250425
0.00161483
0.000290296
0.00159566
0.00033162
0.00157539
0.000374579
0.00155394
0.000419437
0.00153127
0.000466262
0.00150729
0.000515299
0.00148195
0.000566487
0.00145522
0.000620101
0.00142705
0.000675882
0.00139744
0.000734221
0.0013664
0.000794507
0.00133395
0.000857439
0.00130019
0.000921709
0.00126519
0.000988796
0.00122918
0.00105591
0.00119221
0.00112646
0.00115478
0.00119426
0.0011168
0.00126793
0.00107918
0.00133084
0.00141751
0.00175669
-0.00010985
0.00174469
-5.72989e-05
0.00173188
-9.99583e-06
0.00171833
3.33741e-05
0.00170408
7.42043e-05
0.00168912
0.00011343
0.00167344
0.000151867
0.00165701
0.000190184
0.00163976
0.000228928
0.00162165
0.000268536
0.00160261
0.000309336
0.00158257
0.000351658
0.00156146
0.000395687
0.00153922
0.000441684
0.00151576
0.000489718
0.00149103
0.000540026
0.00146498
0.000592542
0.00143756
0.000647523
0.00140874
0.000704702
0.00137852
0.000764442
0.00134691
0.000826112
0.00131397
0.00089038
0.00127979
0.000955893
0.00124446
0.00102412
0.00120823
0.00109214
0.00117119
0.0011635
0.00113386
0.00123159
0.00109615
0.00130565
0.00105906
0.00136793
0.00145445
0.0017553
-9.73815e-05
0.00174196
-4.396e-05
0.00172786
4.10085e-06
0.00171308
4.81525e-05
0.00169765
8.96368e-05
0.00168157
0.000129515
0.00166481
0.000168628
0.00164733
0.00020766
0.00162909
0.00024717
0.00161002
0.000287603
0.00159006
0.000329298
0.00156913
0.000372584
0.00154717
0.000417651
0.0015241
0.000464757
0.00149984
0.000513972
0.00147435
0.000565522
0.00144755
0.000619336
0.00141942
0.000675652
0.00138993
0.000734193
0.00135909
0.000795289
0.0013269
0.000858295
0.00129345
0.00092383
0.00125883
0.000990512
0.00122318
0.00105977
0.00118673
0.00112859
0.00114962
0.00120061
0.00111239
0.00126881
0.00107495
0.00134309
0.00103841
0.00140447
0.00149071
0.00175387
-8.34812e-05
0.00173915
-2.9246e-05
0.00172374
1.95147e-05
0.0017077
6.41939e-05
0.00169106
0.000106278
0.00167381
0.000146757
0.00165594
0.000186498
0.0016374
0.0002262
0.00161814
0.000266432
0.00159809
0.000307652
0.00157719
0.000350203
0.00155535
0.000394418
0.00153251
0.000440491
0.00150859
0.000488677
0.00148352
0.000539043
0.00145724
0.000591804
0.00142969
0.000646886
0.00140084
0.000704504
0.00137066
0.00076437
0.00133917
0.000826778
0.0013064
0.000891068
0.00127242
0.000957804
0.00123736
0.00102558
0.00120136
0.00109577
0.00116468
0.00116527
0.00112751
0.00123779
0.00109038
0.00130594
0.00105322
0.00138025
0.00101727
0.00144042
0.00152632
0.0017524
-6.81129e-05
0.00173628
-1.31224e-05
0.00171951
3.62798e-05
0.00170218
8.15289e-05
0.0016843
0.000124158
0.00166587
0.000165185
0.00164686
0.000205504
0.00162723
0.000245828
0.00160693
0.000286739
0.00158588
0.000328703
0.00156401
0.000372073
0.00154124
0.000417182
0.00151751
0.000464228
0.00149272
0.000513461
0.00146682
0.000564947
0.00143973
0.00061889
0.00141141
0.000675209
0.00138182
0.000734094
0.00135094
0.000795249
0.00131879
0.000858924
0.00128542
0.000924445
0.00125091
0.000992313
0.00121538
0.0010611
0.00117904
0.00113211
0.00114213
0.00120218
0.00110489
0.00127502
0.00106787
0.00134296
0.00103101
0.00141711
0.000995666
0.00147576
0.00156136
0.00175089
-5.12407e-05
0.00173333
4.44485e-06
0.00171518
5.44282e-05
0.00169652
0.000100188
0.00167737
0.000143305
0.00165773
0.000184826
0.00163757
0.000225671
0.00161683
0.000266568
0.00159545
0.000308113
0.00157338
0.000350779
0.00155052
0.000394927
0.00152681
0.000440893
0.00150216
0.000488877
0.0014765
0.000539124
0.00144975
0.0005917
0.00142184
0.000646794
0.00139273
0.000704317
0.00136239
0.000764436
0.0013308
0.00082684
0.00129799
0.000891737
0.001264
0.000958437
0.00122894
0.00102737
0.00119295
0.00109709
0.00115626
0.0011688
0.0011191
0.00123934
0.00108181
0.00131231
0.00104487
0.0013799
0.00100835
0.00145363
0.000973618
0.00151049
0.00159593
0.00174936
-3.28291e-05
0.00173031
2.34889e-05
0.00171075
7.39914e-05
0.00169074
0.0001202
0.00167029
0.000163747
0.00164941
0.000205705
0.00162806
0.000247024
0.00160619
0.000288443
0.00158372
0.000330574
0.00156061
0.000373898
0.00153675
0.000418784
0.00151207
0.000465568
0.00148649
0.000514455
0.00145994
0.000565683
0.00143232
0.000619315
0.00140359
0.000675527
0.00137368
0.000734222
0.00134258
0.000795538
0.00131027
0.000859154
0.00127678
0.000925226
0.00124216
0.000993051
0.00120655
0.00106297
0.00117009
0.00113356
0.00113303
0.00120586
0.00109563
0.00127674
0.00105829
0.00134966
0.00102144
0.00141675
0.000985281
0.00148979
0.00095115
0.00154462
0.00163019
0.00174778
-1.28437e-05
0.00172723
4.40425e-05
0.00170622
9.49999e-05
0.00168482
0.000141595
0.00166306
0.000185512
0.00164092
0.00022785
0.00161835
0.000269586
0.00159532
0.000311476
0.00157175
0.000354145
0.00154757
0.000398082
0.00152269
0.000443663
0.00149703
0.000491227
0.0014705
0.000540979
0.00144304
0.000593151
0.00141454
0.000647807
0.00138497
0.000705102
0.00135426
0.000764935
0.00132238
0.000827412
0.00128934
0.000892198
0.00125517
0.000959397
0.00121993
0.00102829
0.00118376
0.00109914
0.00114682
0.0011705
0.00110941
0.00124327
0.00107176
0.00131439
0.00103438
0.00138704
0.000997607
0.00145352
0.000961878
0.00152552
0.000928277
0.00157822
0.00166437
0.00174617
8.74914e-06
0.00172408
6.61367e-05
0.0017016
0.000117483
0.00167879
0.0001644
0.00165568
0.000208623
0.00163225
0.000251281
0.00160846
0.000293378
0.00158425
0.000335685
0.00155955
0.000378842
0.00153429
0.000423343
0.00150838
0.000469576
0.00148173
0.000517876
0.00145425
0.000568453
0.00142587
0.000621533
0.00139651
0.000677174
0.00136609
0.000735516
0.00133458
0.000796451
0.00130194
0.000860048
0.00126818
0.000925962
0.00123334
0.000994236
0.00119748
0.00106415
0.00116078
0.00113584
0.00112338
0.0012079
0.00108563
0.00128103
0.00104775
0.00135227
0.00101034
0.00142445
0.000973665
0.00149019
0.000938445
0.00156074
0.000905271
0.0016114
0.00169896
0.00174454
0.00172088
0.0016969
0.00167266
0.00164819
0.00162346
0.00159844
0.00157306
0.00154724
0.00152092
0.001494
0.0014664
0.00143801
0.00140877
0.00137858
0.0013474
0.00131515
0.00128183
0.00124742
0.00121199
0.00117558
0.00113839
0.00110056
0.00106246
0.00102431
0.000986799
0.000950074
0.000915396
0.00088232
0.00174456
-1.83599e-06
2.50435e-05
0.00172095
-4.87489e-05
7.23549e-05
0.00169703
-9.32239e-05
0.000117143
0.00167285
-0.000136288
0.000160476
0.00164839
-0.000179052
0.000203511
0.00162363
-0.000222061
0.000246817
0.00159853
-0.000265768
0.000290868
0.00157303
-0.000310496
0.000336
0.00154705
-0.000356498
0.000382478
0.00152051
-0.000404014
0.000430546
0.00149335
-0.000453212
0.000480379
0.00146546
-0.00050429
0.000532175
0.00143677
-0.000557363
0.000586052
0.0014072
-0.000612607
0.000642177
0.00137668
-0.00067006
0.000700588
0.00134513
-0.000729863
0.00076141
0.00131251
-0.000791926
0.000824542
0.00127881
-0.000856347
0.000890053
0.00124401
-0.000922817
0.000957618
0.00120816
-0.000991414
0.00102726
0.00117134
-0.00106145
0.00109828
0.0011337
-0.00113312
0.00117075
0.00109541
-0.00120504
0.00124333
0.00105682
-0.00127792
0.00131652
0.00101815
-0.0013489
0.00138757
0.000980082
-0.00142071
0.00145877
0.000942765
-0.0014862
0.00152352
0.000907434
-0.0015562
0.00159154
0.000873659
-0.00160694
0.00164072
-0.00169299
0.00172947
0.0017462
1.97339e-05
0.00172416
-2.671e-05
0.00170174
-7.08015e-05
0.00167898
-0.000113528
0.00165588
-0.000155954
0.00163242
-0.000198602
0.00160855
-0.000241903
0.00158423
-0.000286167
0.00155937
-0.000331637
0.0015339
-0.000378547
0.00150774
-0.000427057
0.00148082
-0.000477368
0.00145305
-0.00052959
0.00142435
-0.000583905
0.00139464
-0.000640354
0.00136387
-0.000699096
0.00133199
-0.000760045
0.00129898
-0.000823334
0.00126483
-0.000888663
0.00122958
-0.00095617
0.00119331
-0.00102518
0.00115617
-0.00109598
0.00111832
-0.00116719
0.00108008
-0.00123969
0.00104169
-0.00131051
0.00100374
-0.00138275
0.000966489
-0.00144895
0.000930646
-0.00152036
0.000896803
-0.0015731
-0.00165788
0.0017478
3.96964e-05
0.00172731
-6.21095e-06
0.00170636
-4.98526e-05
0.00168501
-9.21776e-05
0.00166325
-0.000134203
0.00164108
-0.000176432
0.00161845
-0.000219271
0.0015953
-0.000263019
0.00157157
-0.000307906
0.00154719
-0.000354163
0.00152207
-0.000401942
0.00149615
-0.000451443
0.00146933
-0.000502775
0.00144155
-0.000556124
0.00141273
-0.000611533
0.00138281
-0.000669176
0.00135174
-0.000728974
0.0013195
-0.000791091
0.00128607
-0.000855238
0.00125151
-0.000921605
0.00121586
-0.000989534
0.00117927
-0.00105939
0.00114189
-0.0011298
0.00110401
-0.0012018
0.00106587
-0.00127237
0.00102796
-0.00134484
0.000990633
-0.00141163
0.000954315
-0.00148404
0.000920068
-0.00153885
-0.00162317
0.00174938
5.80849e-05
0.00173039
1.27795e-05
0.00171088
-3.03482e-05
0.00169091
-7.22088e-05
0.00167049
-0.000113775
0.00164958
-0.000155528
0.00162816
-0.000197851
0.00160618
-0.000241032
0.00158356
-0.00028529
0.00156024
-0.000330848
0.00153616
-0.000377856
0.00151122
-0.000426508
0.00148536
-0.000476912
0.0014585
-0.000529261
0.00143056
-0.000583596
0.00140149
-0.000640107
0.00137124
-0.00069872
0.00133977
-0.000759627
0.00130709
-0.000822552
0.00127321
-0.000887731
0.0012382
-0.000954523
0.00120218
-0.00102337
0.00116528
-0.00109291
0.00112778
-0.0011643
0.0010899
-0.0012345
0.00105205
-0.00130699
0.00101466
-0.00137424
0.00097795
-0.00144733
0.000943195
-0.0015041
-0.00158836
0.00175092
7.49341e-05
0.0017334
3.02937e-05
0.00171531
-1.22579e-05
0.0016967
-5.35931e-05
0.00167756
-9.46424e-05
0.0016579
-0.000135863
0.00163767
-0.000177619
0.00161682
-0.000220184
0.0015953
-0.000263766
0.00157303
-0.000308584
0.00154995
-0.000354778
0.00152599
-0.000402544
0.00150106
-0.000451986
0.0014751
-0.0005033
0.00144804
-0.000556529
0.00141981
-0.000611875
0.00139036
-0.000669272
0.00135966
-0.000728934
0.00132771
-0.000790598
0.00129452
-0.000854544
0.00126014
-0.000920144
0.00122469
-0.000987916
0.00118828
-0.0010565
0.00115115
-0.00112716
0.00111353
-0.00119688
0.00107575
-0.00126922
0.00103831
-0.00133679
0.00100125
-0.00141027
0.00096592
-0.00146877
-0.00155326
0.00175242
9.02793e-05
0.00173635
4.63649e-05
0.00171964
4.45002e-06
0.00170235
-3.63009e-05
0.00168448
-7.67767e-05
0.00166603
-0.000117413
0.00164697
-0.00015855
0.00162723
-0.000200452
0.00160678
-0.000243313
0.00158555
-0.000287348
0.00156346
-0.000332691
0.00154045
-0.000379535
0.00151644
-0.00042798
0.00149137
-0.000478227
0.00146516
-0.000530319
0.00143775
-0.00058447
0.0014091
-0.000640618
0.00137917
-0.000699001
0.00134794
-0.000759367
0.00131543
-0.000822035
0.00128168
-0.000886392
0.00124678
-0.000953017
0.00121085
-0.00102057
0.00117408
-0.0010904
0.00113673
-0.00115952
0.00109903
-0.00123152
0.00106151
-0.00129927
0.00102414
-0.0013729
0.000988225
-0.00143285
-0.00151769
0.00175389
0.000104157
0.00173923
6.1027e-05
0.00172387
1.98086e-05
0.00170787
-2.03028e-05
0.00169124
-6.01495e-05
0.00167398
-0.00010015
0.00165605
-0.00014062
0.00163741
-0.000181812
0.00161801
-0.000223909
0.00159778
-0.000267122
0.00157666
-0.000311575
0.00155459
-0.000357462
0.00153149
-0.000404877
0.00150729
-0.000454026
0.00148192
-0.000504951
0.00145532
-0.000557877
0.00142745
-0.000612745
0.00139827
-0.000669817
0.00136775
-0.000728847
0.00133591
-0.000790193
0.00130277
-0.000853255
0.00126842
-0.000918667
0.00123296
-0.000985113
0.00119656
-0.001054
0.00115945
-0.00112242
0.00112183
-0.0011939
0.00108423
-0.00126167
0.00104658
-0.00133526
0.00101009
-0.00139636
-0.00148157
0.00175532
0.000116603
0.00174203
7.4315e-05
0.00172799
3.385e-05
0.00171326
-5.5669e-06
0.00169784
-4.47311e-05
0.00168173
-8.40457e-05
0.00166491
-0.000123801
0.00164734
-0.000164239
0.00162896
-0.00020553
0.00160972
-0.000247881
0.00158956
-0.000291409
0.0015684
-0.000336305
0.00154618
-0.000382659
0.00152283
-0.000430679
0.00149829
-0.000480408
0.00147249
-0.000532079
0.00144539
-0.000585639
0.00141694
-0.000641365
0.00138711
-0.000699024
0.00135592
-0.000759003
0.00132339
-0.000820721
0.00128957
-0.000884851
0.00125458
-0.000950116
0.00121853
-0.00101795
0.00118167
-0.00108556
0.00114413
-0.00115636
0.00110644
-0.00122399
0.00106853
-0.00129735
0.00103148
-0.00135931
-0.00144481
0.00175672
0.000127654
0.00174477
8.62646e-05
0.00173201
4.66071e-05
0.0017185
7.94046e-06
0.00170426
-3.04923e-05
0.00168929
-6.90718e-05
0.00167355
-0.000108066
0.00165702
-0.000147707
0.00163964
-0.000188152
0.00162137
-0.000229603
0.00160213
-0.000272171
0.00158187
-0.000316042
0.00156051
-0.000361304
0.001538
-0.000408167
0.00151426
-0.000456671
0.00148924
-0.000507059
0.00146288
-0.00055928
0.00143515
-0.00061363
0.00140601
-0.000669882
0.00137546
-0.000728451
0.00134351
-0.000788774
0.00131021
-0.000851558
0.00127567
-0.000915568
0.00123996
-0.000982248
0.00120334
-0.00104893
0.00116589
-0.0011189
0.00112812
-0.00118622
0.00108995
-0.00125918
0.00105237
-0.00132173
-0.00140738
0.00175807
0.00013735
0.00174742
9.69115e-05
0.00173592
5.81148e-05
0.00172361
2.02512e-05
0.00171052
-1.7402e-05
0.00169664
-5.51983e-05
0.00168196
-9.33879e-05
0.00166645
-0.000132189
0.00165004
-0.00017175
0.0016327
-0.000212264
0.00161437
-0.000253838
0.00159498
-0.000296653
0.00157447
-0.000340793
0.00155277
-0.000386469
0.00152982
-0.000433721
0.00150556
-0.000482798
0.00147993
-0.000533652
0.00145289
-0.000586593
0.00142442
-0.000641403
0.00139448
-0.000698519
0.00136311
-0.000757399
0.00133032
-0.000818773
0.00129621
-0.000881456
0.00126085
-0.000946884
0.00122445
-0.00101253
0.00118709
-0.00108154
0.00114924
-0.00114837
0.00111083
-0.00122078
0.00107274
-0.00128364
-0.00136928
0.00175939
0.000145728
0.00175001
0.000106293
0.00173971
6.84083e-05
0.00172857
3.13978e-05
0.00171659
-5.42818e-06
0.00170379
-4.23946e-05
0.00169014
-7.97373e-05
0.00167561
-0.000117659
0.00166016
-0.000156296
0.00164373
-0.000195839
0.00162628
-0.000236385
0.00160774
-0.000278112
0.00158805
-0.000321101
0.00156714
-0.000365563
0.00154496
-0.000411536
0.00152143
-0.000459275
0.00149651
-0.000508734
0.00147016
-0.000560235
0.00144232
-0.000613569
0.00141299
-0.000669191
0.00138218
-0.00072658
0.00134988
-0.000786482
0.0013162
-0.000847768
0.00128116
-0.000911849
0.00124499
-0.00097636
0.00120771
-0.00104426
0.00116978
-0.00111044
0.00113114
-0.00118213
0.00109256
-0.00124506
-0.00133048
0.00176067
0.000152826
0.00175252
0.000114445
0.0017434
7.75229e-05
0.00173339
4.14134e-05
0.00172249
5.46415e-06
0.00171073
-3.06317e-05
0.00169808
-6.7085e-05
0.00168451
-0.000104088
0.00166998
-0.000141765
0.00165444
-0.000180301
0.00163784
-0.000219787
0.00162013
-0.000260398
0.00160123
-0.000302207
0.0015811
-0.000345428
0.00155966
-0.000390095
0.00153685
-0.000436469
0.00151262
-0.000484505
0.00148692
-0.000534536
0.00145971
-0.000586361
0.00143097
-0.000640448
0.00140069
-0.000696301
0.00136888
-0.000754671
0.0013356
-0.000814491
0.00130089
-0.000877135
0.00126493
-0.000940402
0.00122775
-0.00100708
0.00118974
-0.00107243
0.00115087
-0.00114326
0.00111183
-0.00120602
-0.001291
0.00176191
0.000158685
0.00175495
0.000121407
0.00174697
8.54944e-05
0.00173806
5.03323e-05
0.00172821
1.53081e-05
0.00171746
-1.98784e-05
0.00170577
-5.54009e-05
0.00169313
-9.14472e-05
0.0016795
-0.000128128
0.00166482
-0.000165625
0.00164905
-0.00020402
0.00163214
-0.000243485
0.00161402
-0.000284087
0.00159463
-0.00032604
0.00157391
-0.000369376
0.0015518
-0.000414359
0.00152824
-0.000460946
0.00150318
-0.000509476
0.00147658
-0.00055976
0.00144841
-0.000612273
0.00141865
-0.000666544
0.0013873
-0.000723323
0.00135442
-0.000781612
0.00132002
-0.000842733
0.00128427
-0.000904653
0.00124718
-0.000969981
0.0012091
-0.00103436
0.00117001
-0.00110416
0.00113052
-0.00116654
-0.00125084
0.00176311
0.000163344
0.0017573
0.000127216
0.00175043
9.23593e-05
0.00174257
5.81911e-05
0.00173375
2.41339e-05
0.00172397
-1.01024e-05
0.00171323
-4.46528e-05
0.00170149
-7.97077e-05
0.00168872
-0.000115358
0.00167487
-0.000151783
0.00165991
-0.000189058
0.00164377
-0.000227347
0.0016264
-0.000266717
0.00160774
-0.000307375
0.00158772
-0.000349356
0.00156628
-0.000392922
0.00154337
-0.000438034
0.00151893
-0.000485035
0.00149292
-0.000533746
0.00146529
-0.000584646
0.00143604
-0.000637292
0.00140514
-0.000692426
0.00137264
-0.000749117
0.00133855
-0.000808634
0.001303
-0.000869106
0.00126599
-0.000932974
0.00122785
-0.000996221
0.00118854
-0.00106485
0.00114863
-0.00112664
-0.00121002
0.00176427
0.000166844
0.00175957
0.000131912
0.00175378
9.81551e-05
0.00174694
6.50241e-05
0.0017391
3.1977e-05
0.00173027
-1.27212e-06
0.00172043
-3.48099e-05
0.00170956
-6.88401e-05
0.00169763
-0.000103426
0.00168459
-0.000138748
0.00167041
-0.000174873
0.00165502
-0.000211961
0.00163838
-0.000250071
0.00162041
-0.000289411
0.00160107
-0.000330012
0.00158028
-0.000372136
0.001558
-0.000415748
0.00153415
-0.000461192
0.00150871
-0.000508299
0.00148161
-0.000557549
0.00145284
-0.000608527
0.00142238
-0.000661962
0.00139026
-0.000716993
0.00135645
-0.000774829
0.0013211
-0.000833756
0.00128418
-0.000896056
0.00124598
-0.000958022
0.00120646
-0.00102532
0.00116614
-0.00108632
-0.00116856
0.00176539
0.000169224
0.00176177
0.000135533
0.001757
0.000102919
0.00175116
7.08667e-05
0.00174427
3.88659e-05
0.00173634
6.65874e-06
0.00172738
-2.58478e-05
0.00171735
-5.88139e-05
0.00170623
-9.2304e-05
0.00169397
-0.000126492
0.00168054
-0.00016144
0.00166588
-0.000197299
0.00164993
-0.000234125
0.00163264
-0.000272123
0.00161395
-0.00031132
0.00159379
-0.000351979
0.00157211
-0.000394065
0.00154884
-0.000437925
0.00152394
-0.000483398
0.00149736
-0.000530962
0.00146906
-0.000580233
0.00143902
-0.000631918
0.00140725
-0.000685227
0.00137373
-0.000741308
0.00133857
-0.000798596
0.00130174
-0.000859222
0.00126348
-0.000919768
0.00122376
-0.000985596
0.00118305
-0.00104561
-0.00112647
0.00176646
0.000170527
0.00176388
0.000138119
0.00176011
0.00010669
0.00175522
7.57548e-05
0.00174924
4.48415e-05
0.00174219
1.37118e-05
0.00173407
-1.77283e-05
0.00172486
-4.95991e-05
0.00171451
-8.19618e-05
0.00170301
-0.000114988
0.0016903
-0.000148731
0.00167634
-0.000183336
0.00166107
-0.000218854
0.00164443
-0.000255485
0.00162636
-0.000293256
0.00160681
-0.000332426
0.00158571
-0.000372964
0.001563
-0.000415212
0.00153862
-0.000459024
0.00151253
-0.000504868
0.00148469
-0.000552391
0.00145505
-0.000602277
0.00142362
-0.000653806
0.00139038
-0.00070806
0.0013554
-0.000763619
0.00131865
-0.000822472
0.00128035
-0.000881463
0.00124042
-0.000945671
0.00119934
-0.00100453
-0.00108378
0.0017675
0.000170794
0.00176591
0.000139709
0.00176309
0.000109505
0.00175912
7.97257e-05
0.00175403
4.99392e-05
0.00174782
1.99195e-05
0.00174051
-1.04195e-05
0.00173207
-4.11639e-05
0.00172248
-7.23698e-05
0.0017117
-0.000104205
0.00169969
-0.000136718
0.00168639
-0.000170044
0.00167177
-0.000204231
0.00165576
-0.000239474
0.0016383
-0.000275796
0.00161933
-0.000313455
0.00159879
-0.000352422
0.00157661
-0.000393033
0.00155274
-0.000435155
0.00152712
-0.000479246
0.00149971
-0.000524983
0.00147046
-0.000573024
0.00143936
-0.000622715
0.00140638
-0.000675077
0.00137158
-0.00072882
0.00133491
-0.000785803
0.00129656
-0.000843111
0.00125645
-0.000905559
0.00121501
-0.000963089
-0.00104051
0.00176849
0.000170067
0.00176786
0.000140345
0.00176596
0.000111404
0.00176287
8.2817e-05
0.00175861
5.41928e-05
0.00175322
2.53164e-05
0.00174669
-3.88925e-06
0.001739
-3.34752e-05
0.00173013
-6.34982e-05
0.00172004
-9.4116e-05
0.00170869
-0.000125373
0.00169605
-0.000157398
0.00168205
-0.000190231
0.00166663
-0.000224063
0.00164975
-0.000258916
0.00163134
-0.000295042
0.00161134
-0.000332415
0.00158967
-0.000371365
0.00156628
-0.00041177
0.00154111
-0.000454076
0.00151412
-0.000497991
0.00148524
-0.000544142
0.00145447
-0.000591941
0.00142174
-0.000642347
0.00138711
-0.000694191
0.00135052
-0.000749212
0.00131212
-0.000804716
0.00127183
-0.000865267
0.00123004
-0.000921301
-0.000996676
0.00176945
0.000168388
0.00176972
0.000140068
0.0017687
0.000112425
0.00176645
8.50661e-05
0.00176301
5.76368e-05
0.00175839
2.99386e-05
0.0017526
1.89681e-06
0.00174563
-2.65027e-05
0.00173745
-5.53168e-05
0.00172802
-8.46908e-05
0.00171732
-0.000114668
0.00170529
-0.000145368
0.00169188
-0.000176826
0.00167705
-0.000209227
0.00166072
-0.000242591
0.00164284
-0.000277164
0.00162335
-0.000312921
0.00160217
-0.000350187
0.00157925
-0.000388849
0.00155451
-0.00042934
0.00152792
-0.000471397
0.00149939
-0.000515616
0.00146892
-0.000561471
0.00143644
-0.000609859
0.00140197
-0.000659727
0.00136546
-0.000712696
0.00132702
-0.000766281
0.00128656
-0.000824803
0.00124444
-0.000879185
-0.000952311
0.00177035
0.000165801
0.0017715
0.000138917
0.00177132
0.000112608
0.00176988
8.65111e-05
0.00176721
6.03076e-05
0.00176333
3.38156e-05
0.00175824
6.98281e-06
0.00175196
-2.02203e-05
0.00174444
-4.77944e-05
0.00173565
-7.59002e-05
0.00172555
-0.000104575
0.00171411
-0.000133929
0.00170128
-0.000163991
0.00168699
-0.000194941
0.0016712
-0.000226795
0.00165383
-0.000259795
0.00163482
-0.000293916
0.00161411
-0.000329475
0.00159163
-0.00036637
0.00156731
-0.000405018
0.0015411
-0.000445182
0.00151291
-0.00048743
0.00148273
-0.000531291
0.00145048
-0.000577604
0.00141617
-0.000625419
0.00137972
-0.000676252
0.00134125
-0.000727809
0.00130063
-0.000784177
0.0012582
-0.000836755
-0.000907435
0.00177122
0.000162349
0.0017732
0.000136935
0.00177382
0.000111993
0.00177314
8.71901e-05
0.0017712
6.22414e-05
0.00176803
3.69896e-05
0.00176362
1.13886e-05
0.00175799
-1.45881e-05
0.0017511
-4.09007e-05
0.00174291
-6.77141e-05
0.0017334
-9.50645e-05
0.00172252
-0.000123051
0.00171023
-0.000151699
0.00169647
-0.000181178
0.00168118
-0.000211505
0.00166429
-0.000242911
0.00164576
-0.000275378
0.00162549
-0.000309208
0.00160343
-0.000344313
0.0015795
-0.000381089
0.00155365
-0.000419329
0.00152579
-0.000459568
0.00149588
-0.000501387
0.00146385
-0.00054557
0.00142969
-0.000591262
0.00139332
-0.000639878
0.00135481
-0.000689303
0.00131403
-0.000743395
0.0012713
-0.000794028
-0.000862073
0.00177204
0.000158074
0.00177481
0.000134163
0.00177619
0.00011062
0.00177623
8.71415e-05
0.001775
6.34762e-05
0.00177249
3.94947e-05
0.00176873
1.51497e-05
0.00176372
-9.57538e-06
0.00175742
-3.46034e-05
0.00174981
-6.01023e-05
0.00174085
-8.61077e-05
0.00173051
-0.000112708
0.00171873
-0.000139921
0.00170547
-0.000167912
0.00169066
-0.000196694
0.00167424
-0.000226489
0.00165614
-0.000257282
0.00163629
-0.000289363
0.00161464
-0.000322654
0.00159108
-0.000357534
0.00156557
-0.000393819
0.00153801
-0.000432012
0.00150837
-0.000471745
0.00147655
-0.000513746
0.00144253
-0.000557248
0.00140623
-0.00060357
0.00136769
-0.000650765
0.00132676
-0.000702468
0.00128375
-0.000751018
-0.000816249
0.00177282
0.000153022
0.00177634
0.000130645
0.00177843
0.000108529
0.00177917
8.64042e-05
0.00177859
6.40495e-05
0.00177672
4.13643e-05
0.00177357
1.83008e-05
0.00176915
-5.14872e-06
0.00176341
-2.88702e-05
0.00175634
-5.30346e-05
0.00174791
-7.76751e-05
0.00173807
-0.00010287
0.00172678
-0.000128632
0.00171399
-0.000155117
0.00169963
-0.000182336
0.00168365
-0.000210504
0.00166597
-0.000239605
0.00164652
-0.000269917
0.00162524
-0.000301374
0.00160204
-0.000334332
0.00157686
-0.000368633
0.00154959
-0.000404747
0.0015202
-0.000442351
0.00148857
-0.00048212
0.00145469
-0.00052337
0.00141845
-0.000567325
0.00137988
-0.000612198
0.00133882
-0.000661402
0.00129554
-0.000707742
-0.000769991
0.00177355
0.000147236
0.00177778
0.000126421
0.00178054
0.000105761
0.00178193
8.50173e-05
0.00178198
6.3999e-05
0.00178071
4.26337e-05
0.00177814
2.08768e-05
0.00177426
-1.27478e-06
0.00176906
-2.36685e-05
0.00176251
-4.64805e-05
0.00175457
-6.97372e-05
0.00174521
-9.35088e-05
0.00173438
-0.000117803
0.00172203
-0.000142766
0.0017081
-0.000168407
0.00169253
-0.00019493
0.00167524
-0.000222323
0.00165618
-0.000250849
0.00163525
-0.00028045
0.00161238
-0.000311464
0.0015875
-0.000343753
0.00156051
-0.000377757
0.00153135
-0.000413191
0.00149992
-0.000450683
0.00146617
-0.00048962
0.00142998
-0.00053114
0.00139139
-0.000573604
0.00135019
-0.000620208
0.00130667
-0.000664215
-0.000723321
0.00177424
0.00014076
0.00177913
0.000121535
0.00178253
0.000102358
0.00178453
8.30199e-05
0.00178517
6.33624e-05
0.00178446
4.33385e-05
0.00178243
2.29099e-05
0.00177907
2.08717e-06
0.00177437
-1.89705e-05
0.0017683
-4.04092e-05
0.00176082
-6.22645e-05
0.00175191
-8.45964e-05
0.00174152
-0.000107407
0.00172958
-0.000130832
0.00171606
-0.000154881
0.00170087
-0.000179744
0.00168396
-0.000205412
0.00166524
-0.000232134
0.00164465
-0.000259861
0.0016221
-0.000288909
0.00159751
-0.000319161
0.00157077
-0.000351023
0.00154183
-0.00038425
0.00151057
-0.000419422
0.00147694
-0.000455992
0.00144082
-0.000495011
0.0014022
-0.000534986
0.00136088
-0.000578892
0.00131712
-0.000620453
-0.000676268
0.00177489
0.00013364
0.00178039
0.00011603
0.00178439
9.83595e-05
0.00178696
8.04519e-05
0.00178814
6.21779e-05
0.00178797
4.35152e-05
0.00178644
2.44358e-05
0.00178356
4.96912e-06
0.00177933
-1.47433e-05
0.00177371
-3.47897e-05
0.00176667
-5.52269e-05
0.00175818
-7.61037e-05
0.00174819
-9.74163e-05
0.00173665
-0.000119289
0.0017235
-0.000141731
0.00170867
-0.00016492
0.00169211
-0.000188849
0.00167373
-0.00021375
0.00165345
-0.000239586
0.00163119
-0.000266647
0.00160686
-0.000294837
0.00158037
-0.000324531
0.00155164
-0.000355516
0.00152054
-0.000388326
0.00148703
-0.000422477
0.00145095
-0.000458936
0.00141231
-0.000496345
0.00137088
-0.000537464
0.0013269
-0.000576473
-0.000628855
0.00177549
0.00012592
0.00178157
0.00010995
0.00178612
9.38082e-05
0.00178922
7.73528e-05
0.00179091
6.04837e-05
0.00179123
4.32006e-05
0.00179017
2.54937e-05
0.00178774
7.39682e-06
0.00178395
-1.09501e-05
0.00177875
-2.95908e-05
0.00177212
-4.85944e-05
0.00176401
-6.80015e-05
0.0017544
-8.78022e-05
0.00174322
-0.00010811
0.00173042
-0.000128931
0.00171593
-0.000150432
0.00169969
-0.000172608
0.00168162
-0.000195675
0.00166163
-0.000219601
0.00163964
-0.000244658
0.00161557
-0.000270763
0.0015893
-0.000298263
0.00156076
-0.000326974
0.00152982
-0.000357385
0.00149641
-0.000389067
0.00146038
-0.000422911
0.00142172
-0.000457683
0.00138019
-0.000495931
0.00133601
-0.000532289
-0.00058111
0.00177604
0.000117646
0.00178265
0.000103336
0.00178772
8.87456e-05
0.00179131
7.37629e-05
0.00179347
5.83182e-05
0.00179424
4.24325e-05
0.00179362
2.61172e-05
0.00179161
9.40561e-06
0.00178822
-7.55928e-06
0.00178341
-2.47805e-05
0.00177715
-4.23366e-05
0.00176941
-6.02607e-05
0.00176014
-7.85368e-05
0.0017493
-9.72667e-05
0.00173682
-0.000116456
0.00172265
-0.000136257
0.00170671
-0.000156667
0.00168892
-0.000177885
0.0016692
-0.000199887
0.00164747
-0.000222921
0.00162362
-0.000246921
0.00159756
-0.000272202
0.0015692
-0.000298608
0.0015384
-0.000326585
0.00150509
-0.000355757
0.00146911
-0.000386933
0.00143043
-0.000419004
0.0013888
-0.000454304
0.00134443
-0.000487918
-0.000533058
0.00177655
0.000108863
0.00178365
9.62344e-05
0.00178918
8.32136e-05
0.00179322
6.97224e-05
0.00179582
5.572e-05
0.00179701
4.12482e-05
0.00179678
2.63406e-05
0.00179516
1.10297e-05
0.00179214
-4.53738e-06
0.00178768
-2.03272e-05
0.00178177
-3.6423e-05
0.00177436
-5.2852e-05
0.00176542
-6.95919e-05
0.00175488
-8.67328e-05
0.00174271
-0.000104278
0.00172882
-0.000122368
0.00171315
-0.000141
0.00169562
-0.000160357
0.00167615
-0.00018042
0.00165465
-0.000201416
0.00163102
-0.000223291
0.00160515
-0.000246332
0.00157695
-0.000270406
0.00154628
-0.000295917
0.00151306
-0.000322537
0.00147712
-0.000350997
0.00143843
-0.000380308
0.00139671
-0.000412588
0.00135217
-0.000443377
-0.000484725
0.00177701
9.96166e-05
0.00178456
8.86876e-05
0.00179052
7.72544e-05
0.00179497
6.52717e-05
0.00179796
5.27279e-05
0.00179953
3.96852e-05
0.00179967
2.61994e-05
0.00179839
1.2303e-05
0.00179571
-1.85146e-06
0.00179158
-1.61981e-05
0.00178598
-3.08232e-05
0.00177887
-4.57459e-05
0.00177022
-6.09392e-05
0.00175997
-7.64805e-05
0.00174806
-9.23723e-05
0.00173443
-0.00010874
0.00171902
-0.000125583
0.00170173
-0.000143067
0.00168249
-0.000161179
0.00166119
-0.000180122
0.00163776
-0.000199856
0.00161206
-0.000220636
0.00158401
-0.000242353
0.00155346
-0.000265369
0.00152032
-0.0002894
0.00148443
-0.000315102
0.00144572
-0.000341597
0.00140392
-0.000370794
0.00135923
-0.00039868
-0.000436138
0.00177743
8.99529e-05
0.00178538
8.07399e-05
0.00179172
7.09103e-05
0.00179654
6.04514e-05
0.00179989
4.9381e-05
0.00180179
3.7781e-05
0.00180226
2.57286e-05
0.00180131
1.32623e-05
0.00179892
5.29812e-07
0.00179509
-1.23606e-05
0.00178977
-2.5507e-05
0.00178294
-3.8913e-05
0.00177455
-5.255e-05
0.00176455
-6.64825e-05
0.00175289
-8.07115e-05
0.0017395
-9.5348e-05
0.00172431
-0.000110393
0.00170723
-0.000125994
0.0016882
-0.000142142
0.00166709
-0.000159019
0.00164383
-0.000176595
0.00161829
-0.000195097
0.00159037
-0.000214435
0.00155994
-0.00023493
0.00152687
-0.000256338
0.00149101
-0.000279243
0.00145229
-0.000302875
0.00141043
-0.00032893
0.00136559
-0.000353844
-0.000387322
0.0017778
7.99178e-05
0.00178611
7.24358e-05
0.00179279
6.42238e-05
0.00179794
5.53024e-05
0.0018016
4.57182e-05
0.00180381
3.55733e-05
0.00180458
2.49643e-05
0.0018039
1.39342e-05
0.00180178
2.65487e-06
0.00179821
-8.79082e-06
0.00179315
-2.04429e-05
0.00178656
-3.23236e-05
0.0017784
-4.43957e-05
0.00176863
-5.67113e-05
0.00175719
-6.92692e-05
0.00174401
-8.21662e-05
0.00172902
-9.54041e-05
0.00171214
-0.000109112
0.00169328
-0.000123286
0.00167235
-0.000138087
0.00164924
-0.000153491
0.00162385
-0.000169698
0.00159605
-0.000186637
0.0015657
-0.000204587
0.00153271
-0.000223344
0.00149688
-0.000243417
0.00145815
-0.000264142
0.00141622
-0.000287003
0.00137127
-0.000308886
-0.000338303
0.00177813
6.95575e-05
0.00178674
6.38195e-05
0.00179373
5.72376e-05
0.00179917
4.98654e-05
0.00180311
4.17788e-05
0.00180558
3.30999e-05
0.0018066
2.39426e-05
0.00180617
1.43624e-05
0.00180429
4.53958e-06
0.00180094
-5.44715e-06
0.0017961
-1.56007e-05
0.00178973
-2.59479e-05
0.00178178
-3.64477e-05
0.00177221
-4.71391e-05
0.00176096
-5.80188e-05
0.00174796
-6.91692e-05
0.00173315
-8.05923e-05
0.00171644
-9.23996e-05
0.00169774
-0.000104591
0.00167696
-0.000117304
0.00165399
-0.000130524
0.00162871
-0.000144423
0.00160102
-0.000158945
0.00157077
-0.00017433
0.00153783
-0.00019041
0.00150203
-0.000207621
0.00146329
-0.000225401
0.00142131
-0.000245023
0.00137625
-0.00026382
-0.000289108
0.00177841
5.89183e-05
0.00178729
5.49355e-05
0.00179453
4.99944e-05
0.00180022
4.41817e-05
0.00180439
3.76022e-05
0.0018071
3.03985e-05
0.00180834
2.27006e-05
0.00180812
1.45798e-05
0.00180644
6.21871e-06
0.00180329
-2.29923e-06
0.00179864
-1.09483e-05
0.00179245
-1.9756e-05
0.00178468
-2.86773e-05
0.00177528
-3.77384e-05
0.00176419
-4.69337e-05
0.00175135
-5.63312e-05
0.00173669
-6.59331e-05
0.00172013
-7.58329e-05
0.00170157
-8.60329e-05
0.00168092
-9.66501e-05
0.00165807
-0.000107675
0.0016329
-0.000119254
0.0016053
-0.000131344
0.00157512
-0.000144147
0.00154223
-0.000157528
0.00150646
-0.00017185
0.00146772
-0.000186653
0.00142569
-0.000202998
0.00138054
-0.000218664
-0.000239762
0.00177864
4.80465e-05
0.00178775
4.58284e-05
0.0017952
4.2537e-05
0.00180109
3.82923e-05
0.00180547
3.32278e-05
0.00180836
2.75071e-05
0.00180978
2.12753e-05
0.00180974
1.46193e-05
0.00180823
7.72832e-06
0.00180525
6.83749e-07
0.00180076
-6.45377e-06
0.00179472
-1.37184e-05
0.0017871
-2.10554e-05
0.00177784
-2.84814e-05
0.00176689
-3.59872e-05
0.00175419
-4.36266e-05
0.00173966
-5.14018e-05
0.00172321
-5.93884e-05
0.00170477
-6.75909e-05
0.00168423
-7.61048e-05
0.00166148
-8.49268e-05
0.0016364
-9.4175e-05
0.00160888
-0.000103821
0.00157876
-0.000114027
0.00154592
-0.00012469
0.00151017
-0.000136103
0.00147142
-0.000147902
0.00142936
-0.000160936
0.00138413
-0.000173434
-0.000190292
0.00177882
3.69887e-05
0.00178811
3.6543e-05
0.00179574
3.49083e-05
0.00180179
3.22384e-05
0.00180633
2.86953e-05
0.00180937
2.44637e-05
0.00181094
1.97032e-05
0.00181104
1.45162e-05
0.00180968
9.09623e-06
0.00180682
3.54466e-06
0.00180245
-2.09156e-06
0.00179654
-7.80457e-06
0.00178904
-1.35534e-05
0.0017799
-1.93403e-05
0.00176906
-2.51524e-05
0.00175646
-3.10298e-05
0.00174204
-3.69741e-05
0.00172569
-4.30427e-05
0.00170734
-4.92426e-05
0.00168689
-5.56473e-05
0.00166422
-6.22591e-05
0.00163921
-6.9169e-05
0.00161175
-7.63607e-05
0.00158168
-8.39577e-05
0.00154888
-9.18893e-05
0.00151315
-0.000100375
0.0014744
-0.000109148
0.00143231
-0.000118846
0.00138702
-0.000128144
-0.000140724
0.00177896
2.57915e-05
0.00178838
2.71239e-05
0.00179614
2.71515e-05
0.00180232
2.60613e-05
0.00180697
2.40441e-05
0.00181013
2.13063e-05
0.00181181
1.8021e-05
0.00181202
1.43053e-05
0.00181075
1.03621e-05
0.001808
6.30254e-06
0.00180373
2.17815e-06
0.00179791
-1.98554e-06
0.0017905
-6.14251e-06
0.00178144
-1.02872e-05
0.00177069
-1.44026e-05
0.00175818
-1.8515e-05
0.00174383
-2.26251e-05
0.00172756
-2.67724e-05
0.00170928
-3.09657e-05
0.00168889
-3.5257e-05
0.00166629
-3.96535e-05
0.00164134
-4.4219e-05
0.00161392
-4.8949e-05
0.0015839
-5.39286e-05
0.00155112
-5.91173e-05
0.00151541
-6.46623e-05
0.00147666
-7.03939e-05
0.00143455
-7.67367e-05
0.00138922
-8.28131e-05
-9.1083e-05
0.00177906
1.45013e-05
0.00178856
1.76161e-05
0.00179641
1.93096e-05
0.00180267
1.98024e-05
0.0018074
1.93139e-05
0.00181063
1.8073e-05
0.00181239
1.62652e-05
0.00181267
1.40224e-05
0.00181147
1.15586e-05
0.00180878
8.99057e-06
0.00180458
6.38363e-06
0.00179882
3.77228e-06
0.00179147
1.20487e-06
0.00178248
-1.29403e-06
0.00177179
-3.711e-06
0.00175933
-6.05646e-06
0.00174503
-8.33032e-06
0.00172882
-1.05542e-05
0.00171059
-1.27383e-05
0.00169025
-1.49134e-05
0.00166768
-1.7091e-05
0.00164277
-1.93082e-05
0.00161539
-2.15716e-05
0.00158539
-2.3928e-05
0.00155264
-2.63664e-05
0.00151694
-2.89626e-05
0.00147819
-3.16418e-05
0.00143607
-3.46161e-05
0.00139071
-3.74556e-05
-4.13961e-05
0.0017791
0.00178866
0.00179654
0.00180284
0.00180761
0.00181088
0.00181267
0.00181299
0.00181183
0.00180918
0.00180501
0.00179928
0.00179197
0.00178301
0.00177235
0.00175992
0.00174565
0.00172946
0.00171126
0.00169095
0.00166841
0.00164352
0.00161616
0.00158618
0.00155344
0.00151775
0.001479
0.00143688
0.00139151
0.0101203
-2.65917e-06
0.0101279
-7.56737e-06
0.0101397
-1.18911e-05
0.0101554
-1.57023e-05
0.0101745
-1.90616e-05
0.0101965
-2.20117e-05
0.0102211
-2.45801e-05
0.0102479
-2.67883e-05
0.0102765
-2.86538e-05
0.0103067
-3.01942e-05
0.0103382
-3.14261e-05
0.0103705
-3.23683e-05
0.0104036
-3.30386e-05
0.010437
-3.34588e-05
0.0104707
-3.36482e-05
0.0105043
-3.36309e-05
0.0105377
-3.34265e-05
0.0105708
-3.30605e-05
0.0106033
-3.255e-05
0.0106353
-3.19217e-05
0.0106665
-3.11873e-05
0.0106968
-3.03763e-05
0.0107263
-2.94898e-05
0.0107549
-2.85661e-05
0.0107825
-2.7585e-05
0.0108091
-2.66103e-05
0.0108347
-2.55723e-05
0.0108593
-2.46094e-05
0.0108828
-2.35165e-05
-2.26658e-05
0.0109054
0.00988527
-5.25922e-06
0.00989265
-1.49464e-05
0.00990424
-2.34786e-05
0.00991954
-3.10085e-05
0.00993813
-3.76481e-05
0.0099596
-4.34798e-05
0.00998358
-4.8559e-05
0.0100097
-5.2929e-05
0.0100377
-5.66237e-05
0.0100672
-5.96777e-05
0.0100979
-6.21228e-05
0.0101295
-6.3996e-05
0.0101618
-6.53321e-05
0.0101945
-6.61734e-05
0.0102274
-6.65583e-05
0.0102603
-6.6534e-05
0.010293
-6.61389e-05
0.0103254
-6.54233e-05
0.0103573
-6.44211e-05
0.0103885
-6.31849e-05
0.0104191
-6.17379e-05
0.0104488
-6.01385e-05
0.0104777
-5.83889e-05
0.0105057
-5.65647e-05
0.0105328
-5.46265e-05
0.0105589
-5.27003e-05
0.0105839
-5.06486e-05
0.0106081
-4.87444e-05
0.0106311
-4.65824e-05
-4.48885e-05
0.0106534
0.0096557
-7.78626e-06
0.00966287
-2.21218e-05
0.00967414
-3.47493e-05
0.00968903
-4.59007e-05
0.00970713
-5.57401e-05
0.00972803
-6.43876e-05
0.0097514
-7.19253e-05
0.00977689
-7.84168e-05
0.00980418
-8.39118e-05
0.00983296
-8.84606e-05
0.00986295
-9.21093e-05
0.00989386
-9.49114e-05
0.00992545
-9.6918e-05
0.00995747
-9.81908e-05
0.00998969
-9.87861e-05
0.0100219
-9.87731e-05
0.010054
-9.82084e-05
0.0100857
-9.71663e-05
0.010117
-9.56968e-05
0.0101477
-9.3878e-05
0.0101777
-9.1744e-05
0.010207
-8.93816e-05
0.0102354
-8.67941e-05
0.0102629
-8.40943e-05
0.0102895
-8.12228e-05
0.0103152
-7.83683e-05
0.0103398
-7.53246e-05
0.0103636
-7.25008e-05
0.0103863
-6.92899e-05
-6.67859e-05
0.0104082
0.00943145
-1.02371e-05
0.00943841
-2.90837e-05
0.00944935
-4.56891e-05
0.00946381
-6.03629e-05
0.00948139
-7.33212e-05
0.00950173
-8.47205e-05
0.00952447
-9.46675e-05
0.0095493
-0.000103245
0.0095759
-0.000110518
0.00960399
-0.00011655
0.00963328
-0.0001214
0.00966351
-0.000125138
0.00969442
-0.000127828
0.00972578
-0.000129551
0.00975737
-0.000130379
0.009789
-0.000130403
0.00982049
-0.000129697
0.00985168
-0.000128357
0.00988244
-0.00012645
0.00991264
-0.000124078
0.00994218
-0.000121286
0.00997099
-0.000118189
0.00999898
-0.000114791
0.0100261
-0.000111241
0.0100524
-0.000107461
0.0100777
-0.000103702
0.0101021
-9.9687e-05
0.0101255
-9.59655e-05
0.010148
-9.17226e-05
-8.8423e-05
0.0101696
0.0092124
-1.2609e-05
0.00921914
-3.58236e-05
0.00922974
-5.62855e-05
0.00924376
-7.43809e-05
0.00926081
-9.03768e-05
0.00928056
-0.000104465
0.00930266
-0.000116775
0.00932683
-0.000127407
0.00935275
-0.00013644
0.00938015
-0.00014395
0.00940876
-0.000150007
0.00943831
-0.000154693
0.00946857
-0.000158087
0.00949931
-0.000160286
0.00953031
-0.000161378
0.00956137
-0.000161472
0.00959233
-0.000160657
0.00962303
-0.000159055
0.00965333
-0.000156745
0.0096831
-0.000153854
0.00971225
-0.000150436
0.0097407
-0.000146635
0.00976836
-0.000142454
0.0097952
-0.000138082
0.00982116
-0.000133417
0.00984623
-0.000128777
0.00987036
-0.000123811
0.00989361
-0.000119213
0.00991584
-0.000113953
-0.000109881
0.00993729
0.00899844
-1.48992e-05
0.00900495
-4.23338e-05
0.00901519
-6.65276e-05
0.00902875
-8.79417e-05
0.00904527
-0.000106893
0.00906441
-0.000123607
0.00908587
-0.000138236
0.00910936
-0.000150896
0.0091346
-0.000161675
0.00916131
-0.000170663
0.00918924
-0.000177937
0.00921814
-0.000183592
0.00924777
-0.000187717
0.00927791
-0.000190425
0.00930835
-0.000191815
0.00933889
-0.000192017
0.00936937
-0.000191135
0.00939962
-0.00018931
0.00942951
-0.000186635
0.00945892
-0.000183262
0.00948774
-0.000179254
0.00951589
-0.000174783
0.00954328
-0.00016985
0.00956989
-0.000164684
0.00959563
-0.00015916
0.00962051
-0.000153663
0.00964447
-0.000147766
0.00966757
-0.000142311
0.00968966
-0.000136047
-0.000131221
0.009711
0.00878944
-1.71053e-05
0.00879572
-4.86077e-05
0.00880559
-7.64054e-05
0.00881869
-0.000101033
0.00883465
-0.000122858
0.00885318
-0.000142136
0.00887398
-0.00015904
0.00889679
-0.000173702
0.00892133
-0.000186219
0.00894736
-0.000196688
0.00897462
-0.000205194
0.00900287
-0.000211844
0.00903188
-0.000216733
0.00906144
-0.000219987
0.00909135
-0.000221718
0.0091214
-0.000222073
0.00915143
-0.000221167
0.00918129
-0.000219164
0.00921082
-0.000216167
0.00923991
-0.000212354
0.00926845
-0.000207793
0.00929636
-0.000202687
0.00932354
-0.000197035
0.00934996
-0.000191106
0.00937555
-0.000184748
0.00940031
-0.000178418
0.00942415
-0.000171609
0.00944716
-0.000165318
0.00946917
-0.000158062
-0.000152504
0.00949045
0.00858529
-1.92251e-05
0.00859132
-5.46392e-05
0.00860083
-8.59098e-05
0.00861344
-0.000113645
0.00862884
-0.000138258
0.00864674
-0.000160038
0.00866688
-0.000179176
0.00868899
-0.000195816
0.00871284
-0.000210063
0.00873817
-0.000222021
0.00876476
-0.00023178
0.00879236
-0.000239453
0.00882077
-0.000245143
0.00884977
-0.000248987
0.00887916
-0.000251106
0.00890875
-0.000251663
0.00893837
-0.000250783
0.00896786
-0.000248651
0.00899707
-0.00024538
0.00902589
-0.00024117
0.00905419
-0.000236099
0.0090819
-0.000230397
0.00910893
-0.00022406
0.00913522
-0.000217399
0.0091607
-0.000210233
0.00918538
-0.000203096
0.00920917
-0.000195394
0.00923214
-0.000188289
0.00925413
-0.000180051
-0.00017378
0.0092754
0.00838588
-2.12567e-05
0.00839166
-6.04228e-05
0.00840079
-9.50323e-05
0.00841291
-0.000125766
0.00842773
-0.000153082
0.008445
-0.000177302
0.00846445
-0.000198632
0.00848586
-0.000217227
0.008509
-0.000233198
0.00853363
-0.000246655
0.00855954
-0.00025769
0.00858651
-0.00026642
0.00861432
-0.000272953
0.00864277
-0.000277435
0.00867165
-0.000279994
0.0087008
-0.000280806
0.00873002
-0.000280007
0.00875917
-0.000277798
0.00878809
-0.000274304
0.00881667
-0.000269747
0.00884478
-0.00026421
0.00887234
-0.000257954
0.00889924
-0.000250967
0.00892545
-0.000243607
0.00895088
-0.000235663
0.00897553
-0.000227745
0.00899931
-0.000219169
0.00902229
-0.000211269
0.00904429
-0.00020206
-0.000195098
0.00906561
0.0081911
-2.31982e-05
0.00819663
-6.59535e-05
0.00820536
-0.000103765
0.00821698
-0.000137386
0.00823122
-0.000167319
0.00824783
-0.000193914
0.00826659
-0.000217394
0.00828729
-0.000237923
0.0083097
-0.000255615
0.00833363
-0.000270582
0.00835886
-0.000282917
0.00838518
-0.000292741
0.00841239
-0.000300162
0.00844029
-0.000305334
0.00846868
-0.000308389
0.00849739
-0.000309515
0.00852624
-0.000308855
0.00855507
-0.000306628
0.00858373
-0.000302965
0.0086121
-0.000298113
0.00864005
-0.000292157
0.00866748
-0.00028539
0.00869431
-0.000277794
0.00872047
-0.00026977
0.00874588
-0.000261076
0.00877054
-0.000252404
0.00879435
-0.000242973
0.00881738
-0.000234302
0.00883945
-0.00022413
-0.000216498
0.00886085
0.00800083
-2.50481e-05
0.0080061
-7.12269e-05
0.00801444
-0.000112102
0.00802555
-0.000148496
0.00803919
-0.000180958
0.00805514
-0.000209864
0.0080732
-0.00023545
0.00809316
-0.00025789
0.00811485
-0.0002773
0.00813806
-0.00029379
0.00816259
-0.000307453
0.00818826
-0.00031841
0.00821487
-0.000326768
0.00824222
-0.000332684
0.00827012
-0.000336294
0.0082984
-0.000337796
0.00832689
-0.000337338
0.00835541
-0.000335154
0.00838383
-0.000331381
0.00841201
-0.00032629
0.00843982
-0.000319967
0.00846716
-0.000312736
0.00849394
-0.000304571
0.00852009
-0.000295921
0.00854552
-0.000286507
0.00857023
-0.00027711
0.0085941
-0.000266846
0.00861722
-0.000257424
0.00863939
-0.000246298
-0.000238019
0.00866091
0.00781498
-2.68051e-05
0.00781999
-7.62391e-05
0.00782793
-0.000120036
0.00783852
-0.000159089
0.00785155
-0.000193989
0.00786682
-0.000225138
0.00788416
-0.000252787
0.00790339
-0.000277116
0.00792433
-0.000298238
0.0079468
-0.000316266
0.00797063
-0.000331285
0.00799564
-0.000343415
0.00802163
-0.00035276
0.00804843
-0.000359479
0.00807584
-0.000363708
0.0081037
-0.000365651
0.00813182
-0.000365461
0.00816005
-0.000363386
0.00818824
-0.000359567
0.00821624
-0.000354295
0.00824393
-0.000347659
0.00827121
-0.000340015
0.00829797
-0.000331325
0.00832413
-0.000322087
0.00834961
-0.000311987
0.0083744
-0.000301895
0.00839837
-0.000290818
0.00842161
-0.000280669
0.00844391
-0.000268598
-0.000259694
0.00846559
0.00763344
-2.84679e-05
0.00763819
-8.09866e-05
0.00764572
-0.000127562
0.00765578
-0.000169155
0.0076682
-0.000206401
0.00768278
-0.000239726
0.00769939
-0.000269393
0.00771786
-0.000295585
0.00773804
-0.000318416
0.00775977
-0.000337994
0.00778288
-0.000354398
0.00780721
-0.000367743
0.00783257
-0.000378127
0.0078588
-0.00038571
0.00788572
-0.000390623
0.00791314
-0.000393077
0.00794091
-0.000393225
0.00796885
-0.000391327
0.00799681
-0.000387528
0.00802466
-0.00038214
0.00805225
-0.000375249
0.00807947
-0.000367244
0.00810623
-0.000358076
0.00813243
-0.000348294
0.00815799
-0.000337542
0.00818288
-0.000326786
0.00820698
-0.000314918
0.00823038
-0.000304068
0.00825284
-0.00029106
-0.000281556
0.0082747
0.00745612
-3.00357e-05
0.0074606
-8.54668e-05
0.00746771
-0.000134675
0.00747725
-0.00017869
0.00748903
-0.000218187
0.00750292
-0.000253618
0.00751878
-0.000285253
0.00753648
-0.000313284
0.00755588
-0.000337817
0.00757685
-0.000358958
0.00759922
-0.000376774
0.00762286
-0.000391377
0.00764758
-0.000402854
0.00767324
-0.000411363
0.00769964
-0.000417028
0.00772663
-0.000420065
0.00775403
-0.000420624
0.00778168
-0.000418978
0.00780942
-0.000415269
0.00783711
-0.00040983
0.00786461
-0.000402747
0.0078918
-0.000394438
0.00791857
-0.000384841
0.00794483
-0.00037456
0.00797049
-0.000363192
0.00799551
-0.000351807
0.00801976
-0.000339173
0.00804334
-0.000327646
0.00806599
-0.00031371
-0.000303631
0.00808807
0.00728291
-3.15076e-05
0.00728712
-8.96774e-05
0.00729382
-0.000141372
0.00730281
-0.000187687
0.00731396
-0.000229339
0.00732715
-0.000266801
0.00734225
-0.000300357
0.00735916
-0.000330197
0.00737777
-0.000356425
0.00739795
-0.000379139
0.00741958
-0.000398396
0.0074425
-0.000414298
0.00746657
-0.000426922
0.00749162
-0.00043642
0.0075175
-0.000442909
0.00754404
-0.000446604
0.00757107
-0.00044765
0.00759842
-0.000446331
0.00762594
-0.000442787
0.00765348
-0.000437369
0.00768089
-0.000430158
0.00770806
-0.000421606
0.00773485
-0.000411634
0.00776119
-0.000400901
0.00778696
-0.000388958
0.00781213
-0.00037698
0.00783656
-0.000363603
0.00786034
-0.000351428
0.0078832
-0.000336573
-0.000325946
0.00790552
0.00711372
-3.28833e-05
0.00711766
-9.36168e-05
0.00712393
-0.000147649
0.00713239
-0.000196142
0.0071429
-0.000239849
0.00715537
-0.000279269
0.0071697
-0.000314692
0.00718582
-0.000346311
0.00720361
-0.000374224
0.007223
-0.00039852
0.00724384
-0.000419243
0.00726603
-0.000436486
0.00728942
-0.000450311
0.00731386
-0.000460863
0.0073392
-0.000468246
0.00736527
-0.000472676
0.00739191
-0.00047429
0.00741896
-0.000473378
0.00744625
-0.000470075
0.00747363
-0.000464753
0.00750096
-0.000457483
0.0075281
-0.000448753
0.00755493
-0.000438462
0.00758136
-0.00042733
0.00760725
-0.000414852
0.00763259
-0.00040232
0.00765722
-0.000388228
0.00768123
-0.000375434
0.00770432
-0.000359671
-0.000348525
0.0077269
0.00694845
-3.41624e-05
0.00695212
-9.72844e-05
0.00695798
-0.000153505
0.00696589
-0.000204051
0.00697575
-0.000249714
0.00698749
-0.000291013
0.00700105
-0.000328248
0.00701635
-0.000361612
0.00703332
-0.000391196
0.00705188
-0.00041708
0.00707194
-0.000439295
0.00709337
-0.000457918
0.00711605
-0.000472998
0.00713986
-0.000484668
0.00716463
-0.000493018
0.00719022
-0.000498262
0.00721645
-0.000500525
0.00724318
-0.000500104
0.00727023
-0.000497125
0.00729745
-0.000491976
0.00732469
-0.000484721
0.00735182
-0.00047588
0.00737869
-0.000465331
0.00740521
-0.000453854
0.00743125
-0.000440887
0.00745677
-0.000427843
0.00748161
-0.000413065
0.00750586
-0.000399684
0.00752921
-0.000383024
-0.000371388
0.00755207
0.00678703
-3.53451e-05
0.00679042
-0.00010068
0.00679586
-0.000158939
0.00680322
-0.000211412
0.00681243
-0.000258927
0.00682344
-0.000302026
0.00683621
-0.000341014
0.00685069
-0.000376087
0.00686682
-0.000407326
0.00688454
-0.000434802
0.00690377
-0.000458529
0.00692442
-0.000478571
0.00694638
-0.000494957
0.00696953
-0.00050781
0.00699371
-0.000517202
0.00701879
-0.00052334
0.0070446
-0.000526336
0.00707098
-0.000526491
0.00709778
-0.00052392
0.00712483
-0.000519028
0.00715198
-0.000511865
0.00717908
-0.000502986
0.00720599
-0.000492242
0.00723262
-0.000480479
0.0072588
-0.000467072
0.00728452
-0.000453561
0.00730958
-0.000438129
0.00733409
-0.000424195
0.00735772
-0.000406648
-0.000394557
0.00738089
0.00662934
-3.64315e-05
0.00663247
-0.000103804
0.00663748
-0.000163951
0.00664429
-0.000218224
0.00665285
-0.000267488
0.00666313
-0.000312304
0.0066751
-0.000352984
0.00668874
-0.000389725
0.00670401
-0.0004226
0.00672088
-0.000451667
0.00673927
-0.000476924
0.00675912
-0.00049842
0.00678033
-0.000516163
0.00680278
-0.000530262
0.00682635
-0.000540769
0.00685089
-0.000547882
0.00687625
-0.000551698
0.00690228
-0.000552518
0.0069288
-0.000550443
0.00695567
-0.000545894
0.00698271
-0.000538905
0.00700979
-0.000530063
0.00703674
-0.000519194
0.00706347
-0.000507208
0.00708981
-0.000493413
0.00711573
-0.000479483
0.00714103
-0.00046343
0.00716582
-0.000448981
0.00718973
-0.000430562
-0.000418049
0.00721322
0.00647532
-3.74223e-05
0.00647818
-0.000106657
0.00648277
-0.000168542
0.00648903
-0.000224488
0.00649694
-0.000275395
0.00650648
-0.000321842
0.00651764
-0.00036415
0.00653044
-0.000402516
0.00654484
-0.000437002
0.00656083
-0.000467657
0.00657836
-0.000494458
0.00659738
-0.000517441
0.00661781
-0.000536589
0.00663954
-0.000551995
0.00666246
-0.00056369
0.00668644
-0.000571861
0.00671133
-0.000576584
0.00673697
-0.00057816
0.0067632
-0.000576673
0.00678986
-0.000572557
0.00681679
-0.000565827
0.00684383
-0.000557104
0.00687081
-0.000546183
0.00689765
-0.00053404
0.00692415
-0.000519914
0.00695028
-0.000505616
0.00697583
-0.000488981
0.0070009
-0.000474055
0.00702512
-0.000454779
-0.000441883
0.00704896
0.00632488
-3.83182e-05
0.00632746
-0.000109243
0.00633164
-0.000172716
0.00633736
-0.000230207
0.00634461
-0.000282648
0.00635341
-0.00033064
0.00636376
-0.000374508
0.0063757
-0.000414451
0.00638922
-0.00045052
0.00640431
-0.000482754
0.00642097
-0.000511111
0.00643914
-0.000535609
0.00645875
-0.000556207
0.00647974
-0.000572981
0.00650198
-0.000585935
0.00652537
-0.000595246
0.00654975
-0.000600965
0.00657498
-0.00060339
0.00660089
-0.000602585
0.00662733
-0.000598995
0.00665411
-0.000592614
0.00668111
-0.000584096
0.00670812
-0.000573199
0.00673505
-0.000560971
0.00676171
-0.000546574
0.00678806
-0.000531965
0.00681387
-0.000514787
0.00683924
-0.000499429
0.00686378
-0.000479314
-0.000466074
0.00688797
0.00617792
-3.91204e-05
0.00618024
-0.000111563
0.006184
-0.000176475
0.00618918
-0.000235383
0.00619578
-0.000289251
0.00620384
-0.000338697
0.00621339
-0.000384055
0.00622446
-0.000425523
0.00623708
-0.000463143
0.00625127
-0.000496944
0.00626702
-0.000526863
0.00628431
-0.000552899
0.00630309
-0.000574989
0.0063233
-0.000593187
0.00634484
-0.000607472
0.00636759
-0.000618003
0.00639144
-0.000624807
0.00641622
-0.000628176
0.00644179
-0.00062815
0.00646798
-0.000625184
0.00649461
-0.000619245
0.00652153
-0.000611022
0.00654857
-0.000600232
0.00657559
-0.000587996
0.00660241
-0.000573392
0.00662898
-0.000558533
0.00665505
-0.000540857
0.00668073
-0.000525113
0.0067056
-0.000504178
-0.000490639
0.00673016
0.00603438
-3.983e-05
0.00603644
-0.00011362
0.00603979
-0.000179825
0.00604443
-0.000240022
0.00605038
-0.000295206
0.0060577
-0.000346015
0.00606644
-0.000392789
0.00607664
-0.000435727
0.00608836
-0.000474863
0.00610163
-0.000510211
0.00611646
-0.000541693
0.00613285
-0.000569289
0.00615077
-0.000592907
0.00617016
-0.000612584
0.00619096
-0.000628266
0.00621305
-0.000640098
0.00623632
-0.000648077
0.00626063
-0.000652486
0.00628582
-0.000653338
0.00631173
-0.000651096
0.00633818
-0.000645698
0.00636503
-0.000637863
0.00639206
-0.000627268
0.00641917
-0.000615105
0.00644614
-0.000600365
0.00647293
-0.000585321
0.00649927
-0.000567195
0.00652527
-0.000551115
0.00655047
-0.000529382
-0.000515592
0.00657543
0.00589417
-4.04488e-05
0.00589597
-0.00011542
0.00589892
-0.000182771
0.00590303
-0.000244129
0.00590834
-0.00030052
0.00591493
-0.000352598
0.00592285
-0.000400713
0.00593218
-0.000445061
0.00594299
-0.00048567
0.00595532
-0.000522545
0.00596922
-0.000555585
0.00598468
-0.000584755
0.00600171
-0.000609935
0.00602026
-0.000631139
0.00604028
-0.000648285
0.00606168
-0.000661496
0.00608434
-0.000670737
0.00610814
-0.000676283
0.00613291
-0.000678115
0.00615852
-0.0006767
0.00618476
-0.000671944
0.0062115
-0.000664598
0.00623852
-0.000654289
0.0062657
-0.000642287
0.00629282
-0.000627485
0.00631983
-0.000612326
0.00634643
-0.000593802
0.00637276
-0.000577444
0.00639832
-0.000554937
-0.000540948
0.00642367
0.00575722
-4.09785e-05
0.00575877
-0.000116967
0.00576132
-0.00018532
0.0057649
-0.000247713
0.00576958
-0.0003052
0.00577544
-0.000358453
0.00578255
-0.000407828
0.00579101
-0.000453524
0.00580091
-0.000495561
0.00581229
-0.000533934
0.00582523
-0.000568524
0.00583975
-0.000599276
0.00585586
-0.000626045
0.00587355
-0.000648822
0.00589275
-0.000667492
0.00591342
-0.000682158
0.00593543
-0.00069275
0.00595868
-0.00069953
0.00598301
-0.000702444
0.00600827
-0.000701963
0.00603428
-0.000697955
0.00606088
-0.000691202
0.00608787
-0.000681276
0.00611511
-0.000669526
0.00614237
-0.000654742
0.00616958
-0.000639544
0.00619646
-0.000620681
0.00622312
-0.000604103
0.00624904
-0.000580852
-0.000566719
0.00627481
0.00562345
-4.1421e-05
0.00562475
-0.000118266
0.00562691
-0.00018748
0.00562998
-0.000250783
0.00563403
-0.000309255
0.00563917
-0.000363587
0.00564548
-0.000414141
0.00565307
-0.000461118
0.00566205
-0.000504533
0.00567248
-0.00054437
0.00568445
-0.000580494
0.00569801
-0.000612832
0.00571318
-0.000641212
0.00572996
-0.000665602
0.00574832
-0.000685854
0.00576821
-0.000702048
0.00578953
-0.000714076
0.00581219
-0.000722187
0.00583603
-0.000726287
0.00586092
-0.000726849
0.00588666
-0.000723698
0.0059131
-0.000717645
0.00594003
-0.000708205
0.00596731
-0.000696805
0.0059947
-0.000682126
0.00602212
-0.00066697
0.00604927
-0.00064783
0.00607627
-0.000631098
0.00610255
-0.000607134
-0.000592918
0.00612875
0.00549278
-4.17787e-05
0.00549384
-0.000119324
0.00549562
-0.00018926
0.00549819
-0.000253349
0.00550163
-0.000312697
0.00550605
-0.000368009
0.00551157
-0.000419658
0.0055183
-0.000467847
0.00552635
-0.000512585
0.00553583
-0.000553848
0.00554682
-0.000591485
0.00555939
-0.000625406
0.00557359
-0.000655413
0.00558944
-0.000681451
0.00560692
-0.000703337
0.005626
-0.000721127
0.0056466
-0.000734676
0.00566863
-0.000744212
0.00569194
-0.000749602
0.00571641
-0.000751317
0.00574185
-0.000749136
0.0057681
-0.000743896
0.00579495
-0.00073505
0.00582224
-0.000724104
0.00584974
-0.000709621
0.00587736
-0.000694595
0.00590478
-0.000675245
0.00593211
-0.000658431
0.00595877
-0.000633791
-0.000619558
0.00598541
0.00536515
-4.2054e-05
0.00536597
-0.000120147
0.00536738
-0.000190669
0.00536946
-0.000255423
0.0053723
-0.000315536
0.00537602
-0.000371732
0.00538075
-0.000424391
0.00538662
-0.000473717
0.00539376
-0.000519719
0.00540227
-0.000562364
0.00541228
-0.000601488
0.00542385
-0.000636983
0.00543707
-0.000668626
0.00545196
-0.000696339
0.00546852
-0.000719906
0.00548675
-0.000739357
0.00550659
-0.000754506
0.00552794
-0.000765562
0.00555068
-0.000772347
0.00557469
-0.000775327
0.00559979
-0.000774231
0.00562581
-0.000769921
0.00565254
-0.000761781
0.00567984
-0.000751399
0.00570743
-0.00073721
0.00573524
-0.000722408
0.00576292
-0.000702924
0.00579059
-0.000686104
0.00581763
-0.000660828
-0.00064665
0.00584472
0.00524049
-4.22494e-05
0.00524108
-0.000120742
0.00524213
-0.000191719
0.00524373
-0.000257017
0.00524598
-0.000317788
0.00524901
-0.000374769
0.00525297
-0.000428349
0.00525799
-0.000478738
0.00526422
-0.000525941
0.00527177
-0.000569919
0.00528078
-0.000610495
0.00529134
-0.000647548
0.00530355
-0.00068083
0.00531745
-0.000710241
0.00533307
-0.00073553
0.00535042
-0.000756701
0.00536944
-0.000773527
0.00539007
-0.000786194
0.0054122
-0.000794477
0.00543571
-0.000798835
0.00546042
-0.000798942
0.00548618
-0.000795682
0.00551276
-0.000788367
0.00554003
-0.000778662
0.00556769
-0.000764873
0.00559568
-0.000750396
0.00562361
-0.000730857
0.00565162
-0.000714116
0.00567905
-0.00068825
-0.000674205
0.0057066
0.00511872
-4.23676e-05
0.00511909
-0.000121116
0.00511979
-0.000192421
0.00512092
-0.000258146
0.0051226
-0.000319468
0.00512497
-0.000377135
0.00512817
-0.000431549
0.00513235
-0.000482921
0.00513766
-0.000531256
0.00514426
-0.000576513
0.00515227
-0.000618504
0.00516181
-0.000657092
0.00517299
-0.000692009
0.00518588
-0.000723132
0.00520053
-0.000750177
0.00521695
-0.000773122
0.00523512
-0.000791696
0.00525499
-0.000806062
0.00527645
-0.000815945
0.00529941
-0.000821794
0.0053237
-0.000823223
0.00534915
-0.000821139
0.00537556
-0.00081477
0.00540276
-0.000805865
0.00543047
-0.000792587
0.00545862
-0.000778542
0.0054868
-0.000759037
0.00551515
-0.000742464
0.00554296
-0.00071606
-0.000702233
0.00557098
0.00499977
-4.24116e-05
0.00499994
-0.000121278
0.0050003
-0.000192786
0.00500098
-0.000258825
0.0050021
-0.000320591
0.00500382
-0.000378847
0.00500627
-0.000434004
0.00500963
-0.000486278
0.00501405
-0.000535677
0.00501969
-0.000582153
0.0050267
-0.000625513
0.00503521
-0.000665607
0.00504535
-0.000702148
0.00505721
-0.00073499
0.00507085
-0.000763818
0.00508631
-0.000788583
0.00510359
-0.000808972
0.00512265
-0.000825121
0.00514341
-0.000836705
0.00516577
-0.000844156
0.00518957
-0.000847029
0.00521468
-0.000846246
0.00524086
-0.000840953
0.00526797
-0.000832974
0.00529571
-0.000820325
0.005324
-0.000806827
0.00535241
-0.00078745
0.00538109
-0.000771144
0.00540929
-0.00074426
-0.000730743
0.0054378
0.0048836
-4.23844e-05
0.00488355
-0.000121236
0.0048836
-0.000192827
0.00488384
-0.000259069
0.00488442
-0.000321176
0.0048855
-0.000379923
0.00488723
-0.000435733
0.00488978
-0.000488826
0.00489331
-0.000539214
0.00489801
-0.000586846
0.00490402
-0.000631525
0.0049115
-0.000673089
0.00492059
-0.000711233
0.00493139
-0.000745794
0.004944
-0.000776425
0.00495846
-0.00080305
0.00497481
-0.000825315
0.00499301
-0.000843326
0.00501301
-0.000856706
0.00503473
-0.000865871
0.00505801
-0.000870311
0.00508272
-0.000870959
0.00510864
-0.000866872
0.00513562
-0.000859953
0.00516335
-0.000848058
0.00519176
-0.000835229
0.00522039
-0.000816084
0.0052494
-0.000800151
0.00527799
-0.00077285
-0.000759743
0.00530699
0.00477012
-4.22889e-05
0.00476988
-0.000120999
0.00476961
-0.000192558
0.00476944
-0.000258895
0.0047695
-0.000321241
0.00476996
-0.000380384
0.00477098
-0.000436756
0.00477274
-0.000490583
0.00477541
-0.000541882
0.00477917
-0.000590603
0.00478418
-0.000636544
0.00479063
-0.000679534
0.00479865
-0.000719257
0.00480839
-0.000755528
0.00481994
-0.000787974
0.00483338
-0.000816491
0.00484875
-0.000840684
0.00486605
-0.000860632
0.00488525
-0.000875901
0.00490626
-0.000886889
0.00492897
-0.000893017
0.00495324
-0.000895228
0.00497885
-0.000892483
0.00500566
-0.000886761
0.00503335
-0.000875752
0.00506184
-0.000863723
0.00509068
-0.00084492
0.00512
-0.000829474
0.00514898
-0.00080183
-0.000789241
0.00517848
0.00465928
-4.21284e-05
0.00465885
-0.000120575
0.00465828
-0.000191991
0.00465771
-0.000258319
0.00465727
-0.000320806
0.00465714
-0.000380249
0.00465748
-0.000437093
0.00465846
-0.000491568
0.00466028
-0.000543699
0.00466311
-0.000593435
0.00466714
-0.000640577
0.00467256
-0.000684945
0.00467951
-0.000726213
0.00468816
-0.000764177
0.00469863
-0.000798441
0.00471101
-0.000828874
0.00472537
-0.000855042
0.00474173
-0.000876993
0.00476007
-0.000894239
0.00478033
-0.000907155
0.00480241
-0.000915093
0.00482618
-0.000918999
0.00485144
-0.000917736
0.00487803
-0.000913355
0.00490565
-0.000903371
0.0049342
-0.000892278
0.00496322
-0.000873937
0.00499285
-0.000859102
0.00502221
-0.000831194
-0.000819242
0.00505222
0.00455101
-4.19061e-05
0.00455041
-0.000119974
0.00454956
-0.000191141
0.0045486
-0.00025736
0.00454768
-0.000319892
0.00454698
-0.000379542
0.00454665
-0.000436767
0.00454688
-0.000491802
0.00454787
-0.000544683
0.00454979
-0.00059536
0.00455285
-0.000643637
0.00455724
-0.000689327
0.00456312
-0.000732098
0.00457067
-0.00077173
0.00458004
-0.000807807
0.00459134
-0.000840171
0.00460465
-0.000868353
0.00462002
-0.000892365
0.00463745
-0.000911672
0.00465691
-0.000926618
0.00467831
-0.000936484
0.00470153
-0.000942219
0.00472637
-0.00094258
0.0047527
-0.000939687
0.0047802
-0.000930874
0.00480879
-0.000920864
0.00483797
-0.000903114
0.00486788
-0.000889021
0.00489763
-0.000860938
-0.000849749
0.00492814
0.00444526
-4.16252e-05
0.00444449
-0.000119204
0.00444337
-0.000190022
0.00444205
-0.000256035
0.00444067
-0.000318518
0.00443941
-0.000378284
0.00443845
-0.000435801
0.00443796
-0.00049131
0.00443813
-0.000544857
0.00443917
-0.000596396
0.00444127
-0.000645735
0.00444462
-0.000692686
0.00444944
-0.000736913
0.00445589
-0.000778179
0.00446414
-0.000816056
0.00447432
-0.000850357
0.00448655
-0.00088058
0.00450089
-0.000906707
0.00451737
-0.000928149
0.00453597
-0.000945221
0.00455662
-0.000957134
0.00457923
-0.000964829
0.00460361
-0.00096696
0.00462963
-0.000965706
0.00465698
-0.000958217
0.00468555
-0.000949442
0.00471486
-0.000932421
0.00474505
-0.000919213
0.00477517
-0.000891054
-0.000880766
0.00480618
0.00434197
-4.12889e-05
0.00434104
-0.000118275
0.00433966
-0.000188648
0.00433799
-0.000254364
0.00433618
-0.000316708
0.0043344
-0.000376501
0.00433282
-0.000434221
0.00433162
-0.000490116
0.00433101
-0.000544244
0.00433118
-0.000596563
0.00433233
-0.00064689
0.00433468
-0.000695034
0.00433843
-0.000740661
0.00434377
-0.000783521
0.00435089
-0.000823174
0.00435994
-0.000859408
0.00437105
-0.000891694
0.00438432
-0.000919976
0.0043998
-0.000943622
0.00441749
-0.000962911
0.00443734
-0.000976984
0.00445928
-0.00098677
0.00448313
-0.000990817
0.00450879
-0.000991358
0.00453592
-0.000985352
0.00456445
-0.000977973
0.00459386
-0.000961828
0.0046243
-0.000949657
0.00465478
-0.000921531
-0.000912292
0.0046863
0.00424107
-4.09006e-05
0.00424
-0.000117196
0.00423838
-0.000187034
0.00423638
-0.000252364
0.00423416
-0.000314483
0.00423187
-0.000374216
0.0042297
-0.000432052
0.00422783
-0.000488246
0.00422646
-0.000542869
0.00422578
-0.000595884
0.00422601
-0.00064712
0.00422736
-0.000696385
0.00423005
-0.00074335
0.00423428
-0.000787755
0.00424026
-0.000829152
0.00424816
-0.000867305
0.00425813
-0.000901663
0.00427028
-0.000932135
0.00428471
-0.000958045
0.00430143
-0.000979634
0.00432042
-0.000995976
0.00434163
-0.00100798
0.0043649
-0.00101409
0.00439013
-0.00101658
0.004417
-0.00101223
0.00444544
-0.00100641
0.00447491
-0.0009913
0.00450558
-0.000980327
0.00453641
-0.000952354
-0.000944324
0.00456844
0.00414253
-4.04635e-05
0.00414131
-0.000115976
0.00413947
-0.000185193
0.00413716
-0.000250054
0.00413454
-0.000311865
0.00413178
-0.000371454
0.00412905
-0.000429321
0.00412653
-0.000485728
0.00412442
-0.000540759
0.00412292
-0.000594384
0.00412225
-0.000646446
0.00412262
-0.000696755
0.00412426
-0.00074499
0.00412738
-0.000790882
0.00413221
-0.000833983
0.00413894
-0.000874032
0.00414774
-0.000910463
0.00415875
-0.000943147
0.00417208
-0.000971371
0.00418778
-0.000995335
0.00420585
-0.00101405
0.00422627
-0.0010284
0.0042489
-0.00103672
0.00427363
-0.00104132
0.00430019
-0.00103878
0.00432849
-0.00103471
0.00435798
-0.0010208
0.00438885
-0.00101119
0.00442001
-0.000983508
-0.000976857
0.00445254
0.00404627
-3.99808e-05
0.00404492
-0.000114625
0.00404287
-0.00018314
0.00404027
-0.000247453
0.00403728
-0.000308876
0.00403407
-0.000368241
0.0040308
-0.000426056
0.00402766
-0.00048259
0.00402485
-0.000537942
0.00402255
-0.00059209
0.004021
-0.000644893
0.00402041
-0.000696165
0.00402101
-0.000745595
0.00402304
-0.000792911
0.00402672
-0.000837666
0.00403227
-0.000879578
0.00403988
-0.000918071
0.00404971
-0.000952978
0.0040619
-0.000983558
0.00407652
-0.00100996
0.00409362
-0.00103114
0.00411317
-0.00104795
0.00413509
-0.00105863
0.00415927
-0.00106551
0.00418545
-0.00106496
0.00421355
-0.00106281
0.00424303
-0.00105028
0.00427406
-0.00104223
0.00430553
-0.00101497
-0.00100989
0.00433855
0.00395225
-3.94556e-05
0.00395078
-0.000113151
0.00394853
-0.000180889
0.00394566
-0.00024458
0.00394232
-0.00030554
0.00393868
-0.000364603
0.00393491
-0.000422284
0.00393118
-0.000478861
0.00392769
-0.000534448
0.00392463
-0.000589031
0.00392222
-0.000642487
0.00392069
-0.000694636
0.00392028
-0.000745183
0.00392122
-0.00079385
0.00392375
-0.0008402
0.00392811
-0.000883933
0.00393451
-0.000924467
0.00394313
-0.000961598
0.00395413
-0.000994563
0.00396763
-0.00102346
0.00398369
-0.0010472
0.00400232
-0.00106659
0.00402345
-0.00107976
0.00404702
-0.00108907
0.00407275
-0.0010907
0.0041006
-0.00109065
0.00413002
-0.00107969
0.00416118
-0.00107339
0.00419292
-0.00104672
-0.0010434
0.00422643
0.00386042
-3.88912e-05
0.00385883
-0.000111564
0.0038564
-0.000178455
0.00385327
-0.000241453
0.00384961
-0.000301879
0.00384557
-0.000360564
0.00384132
-0.000418034
0.00383703
-0.000474572
0.00383289
-0.000530307
0.0038291
-0.000585237
0.00382587
-0.000639257
0.00382342
-0.000692194
0.00382201
-0.000743773
0.00382188
-0.000793714
0.00382327
-0.000841593
0.00382643
-0.000887094
0.0038316
-0.000929637
0.00383898
-0.000968981
0.00384877
-0.00100435
0.0038611
-0.00103579
0.00387606
-0.00106217
0.0038937
-0.00108423
0.00391398
-0.00110004
0.00393685
-0.00111194
0.00396208
-0.00111593
0.00398961
-0.00111818
0.00401891
-0.00110899
0.00405015
-0.00110463
0.00408216
-0.00107873
-0.00107737
0.00411614
0.00377072
-3.82905e-05
0.00376903
-0.000109872
0.00376643
-0.000175851
0.00376306
-0.00023809
0.0037591
-0.000297914
0.00375469
-0.000356151
0.00374998
-0.000413333
0.00374516
-0.000469752
0.00374041
-0.000525551
0.00373591
-0.00058074
0.00373189
-0.000635232
0.00372856
-0.000688867
0.00372617
-0.000741388
0.00372498
-0.00079252
0.00372524
-0.000841854
0.00372721
-0.000889061
0.00373114
-0.000933569
0.00373726
-0.000975104
0.0037458
-0.00101288
0.0037569
-0.00104689
0.00377071
-0.00107598
0.0037873
-0.00110081
0.00380665
-0.00111939
0.00382875
-0.00113404
0.0038534
-0.00114058
0.00388055
-0.00114532
0.00390967
-0.00113811
0.00394096
-0.00113592
0.00397319
-0.00111096
-0.0011118
0.00400762
0.00368311
-3.76566e-05
0.00368132
-0.000108083
0.00367856
-0.000173091
0.00367498
-0.00023451
0.00367073
-0.000293668
0.00366597
-0.000351389
0.00366085
-0.00040821
0.00365553
-0.000464433
0.00365019
-0.000520211
0.00364502
-0.000575571
0.00364023
-0.000630445
0.00363605
-0.000684684
0.00363272
-0.000738055
0.00363049
-0.000790289
0.00362963
-0.000840995
0.00363041
-0.000889838
0.00363309
-0.000936258
0.00363794
-0.00097995
0.00364519
-0.00102013
0.00365503
-0.00105673
0.00366763
-0.00108858
0.00368309
-0.00111627
0.00370146
-0.00113776
0.00372272
-0.0011553
0.00374671
-0.00116457
0.0037734
-0.00117201
0.00380229
-0.001167
0.00383356
-0.00116719
0.00386599
-0.00114339
-0.00114666
0.00390085
0.00359753
-3.69924e-05
0.00359566
-0.000106208
0.00359275
-0.000170187
0.00358897
-0.00023073
0.00358447
-0.000289162
0.00357938
-0.000346303
0.00357386
-0.000402694
0.00356808
-0.000458644
0.00356219
-0.000514322
0.00355638
-0.000569766
0.00355086
-0.000624928
0.00354586
-0.000679678
0.00354161
-0.000733802
0.00353836
-0.000787044
0.0035364
-0.000839035
0.003536
-0.000889434
0.00353744
-0.000937702
0.003541
-0.000983504
0.00354693
-0.00102607
0.00355547
-0.00106527
0.00356681
-0.00109992
0.00358109
-0.00113055
0.00359839
-0.00115506
0.00361873
-0.00117564
0.00364199
-0.00118784
0.00366815
-0.00119817
0.00369674
-0.00119559
0.00372794
-0.00119839
0.00376052
-0.00117597
-0.00118192
0.00379578
0.00351395
-3.63006e-05
0.00351199
-0.000104252
0.00350896
-0.000167153
0.00350499
-0.000226767
0.00350025
-0.000284417
0.00349486
-0.000340918
0.00348898
-0.000396813
0.00348275
-0.000452418
0.00347635
-0.000507914
0.00346994
-0.000563357
0.00346373
-0.000618717
0.00345793
-0.000673882
0.00345279
-0.000728662
0.00344856
-0.000782814
0.00344552
-0.000835993
0.00344395
-0.000887864
0.00344415
-0.000937905
0.00344641
-0.00098576
0.00345101
-0.00103068
0.00345821
-0.00107247
0.00346825
-0.00110996
0.00348128
-0.00114358
0.00349744
-0.00117122
0.00351678
-0.00119498
0.00353924
-0.00121029
0.00356478
-0.00122372
0.00359301
-0.00122382
0.00362408
-0.00122946
0.00365677
-0.00120866
-0.00121755
0.0036924
0.0034323
-3.5584e-05
0.00343027
-0.000102224
0.00342712
-0.000164
0.00342299
-0.000222637
0.00341803
-0.000279455
0.00341237
-0.000335258
0.00340615
-0.000390594
0.00339952
-0.000445784
0.00339263
-0.000501023
0.00338565
-0.000556381
0.00337878
-0.000611848
0.00337223
-0.000667332
0.00336623
-0.000722666
0.00336105
-0.000777629
0.00335695
-0.000831897
0.00335423
-0.000885145
0.0033532
-0.000936874
0.00335416
-0.000986715
0.00335742
-0.00103394
0.00336325
-0.00107829
0.00337193
-0.00111865
0.00338366
-0.0011553
0.00339862
-0.00118618
0.00341687
-0.00121323
0.00343844
-0.00123186
0.00346329
-0.00124857
0.00349107
-0.0012516
0.00352195
-0.00126034
0.0035547
-0.00124141
-0.00125351
0.00359066
0.00335256
-3.48452e-05
0.00335046
-0.000100133
0.00334721
-0.000160742
0.00334293
-0.000218357
0.00333776
-0.000274294
0.00333185
-0.000329347
0.00332532
-0.000384064
0.00331831
-0.000438774
0.00331097
-0.000493681
0.00330346
-0.000548872
0.00329597
-0.000604357
0.0032887
-0.000660065
0.00328189
-0.000715853
0.00327578
-0.000771521
0.00327066
-0.000826774
0.00326682
-0.000881299
0.00326457
-0.000934623
0.00326422
-0.000986373
0.00326612
-0.00103584
0.00327056
-0.00108273
0.00327786
-0.00112594
0.00328822
-0.00116567
0.00330191
-0.00119987
0.00331901
-0.00123033
0.0033396
-0.00125245
0.00336367
-0.00127264
0.00339094
-0.00127887
0.00342154
-0.00129094
0.0034543
-0.00127416
-0.00128975
0.00349054
0.00327466
-3.40867e-05
0.00327251
-9.79837e-05
0.00326916
-0.000157389
0.00326475
-0.000213943
0.00325941
-0.000268955
0.00325327
-0.000323209
0.00324646
-0.000377251
0.0032391
-0.000431417
0.00323134
-0.00048592
0.00322333
-0.000540867
0.00321526
-0.000596282
0.00320731
-0.000652119
0.00319972
-0.000708259
0.00319273
-0.000764529
0.00318661
-0.000820658
0.00318167
-0.000876355
0.00317822
-0.000931173
0.00317659
-0.000984742
0.00317713
-0.00103638
0.00318016
-0.00108576
0.00318603
-0.00113181
0.00319498
-0.00117463
0.00320733
-0.00121222
0.00322319
-0.00124619
0.00324273
-0.00127199
0.00326593
-0.00129584
0.00329259
-0.00130553
0.00332284
-0.00132119
0.00335555
-0.00130687
-0.00132621
0.00339201
0.00319858
-3.33109e-05
0.00319638
-9.57847e-05
0.00319295
-0.000153953
0.00318841
-0.000209409
0.00318291
-0.000263457
0.00317657
-0.000316865
0.0031695
-0.00037018
0.00316183
-0.000423743
0.00315368
-0.000477776
0.00314522
-0.0005324
0.00313659
-0.000587661
0.00312801
-0.000643535
0.00311968
-0.000699927
0.00311184
-0.000756691
0.00310477
-0.000813585
0.00309876
-0.000870344
0.00309413
-0.000926548
0.00309123
-0.000981839
0.00309041
-0.00103556
0.00309202
-0.00108737
0.00309643
-0.00113623
0.00310394
-0.00118214
0.00311489
-0.00122317
0.00312944
-0.00126074
0.00314782
-0.00129037
0.00317005
-0.00131806
0.00319602
-0.00133151
0.00322583
-0.001351
0.00325842
-0.00133946
-0.00136284
0.00329504
0.00312427
-3.25201e-05
0.00312203
-9.35421e-05
0.00311852
-0.000150443
0.00311388
-0.00020477
0.00310824
-0.000257817
0.00310171
-0.000310338
0.00309441
-0.000362878
0.00308645
-0.000415781
0.00307795
-0.000469279
0.00306906
-0.00052351
0.00305993
-0.000578533
0.00305075
-0.000634353
0.00304172
-0.000690897
0.00303308
-0.00074805
0.00302509
-0.000805596
0.00301805
-0.000863303
0.00301228
-0.000920777
0.00300813
-0.000977685
0.00300596
-0.0010334
0.00300615
-0.00108756
0.00300909
-0.00113917
0.0030151
-0.00118815
0.00302459
-0.00123266
0.00303775
-0.00127389
0.00305489
-0.00130752
0.00307604
-0.00133921
0.00310123
-0.00135669
0.00313049
-0.00138026
0.00316287
-0.00137184
-0.00139954
0.00319958
0.00305168
-3.17165e-05
0.0030494
-9.12623e-05
0.00304583
-0.000146871
0.0030411
-0.00020004
0.00303534
-0.000252053
0.00302865
-0.00030365
0.00302114
-0.00035537
0.00301292
-0.000407562
0.00300411
-0.000460465
0.00299483
-0.000514232
0.00298524
-0.00056894
0.0029755
-0.000624617
0.00296582
-0.000681214
0.00295642
-0.00073865
0.00294756
-0.000796735
0.00293953
-0.000855273
0.00293265
-0.000913898
0.00292727
-0.000972308
0.00292377
-0.0010299
0.00292254
-0.00108633
0.00292398
-0.00114061
0.00292847
-0.00119264
0.00293644
-0.00124062
0.00294813
-0.00128558
0.00296394
-0.00132333
0.0029839
-0.00135917
0.00300819
-0.00138099
0.00303679
-0.00140886
0.00306889
-0.00140394
-0.00143626
0.0031056
0.00298079
-3.09021e-05
0.00297848
-8.89512e-05
0.00297485
-0.000143246
0.00297004
-0.000195232
0.00296417
-0.000246183
0.00295734
-0.00029682
0.00294965
-0.000347681
0.00294121
-0.000399114
0.0029321
-0.000451365
0.00292248
-0.000504603
0.00291246
-0.00055892
0.00290221
-0.000614369
0.00289192
-0.000670925
0.00288181
-0.000728539
0.00287212
-0.000787048
0.00286315
-0.000846299
0.0028552
-0.000905949
0.00284863
-0.000965741
0.00284382
-0.00102509
0.00284118
-0.00108368
0.00284112
-0.00114056
0.00284406
-0.00119558
0.00285045
-0.00124702
0.0028606
-0.00129572
0.00287497
-0.0013377
0.00289361
-0.00137781
0.00291689
-0.00140426
0.0029447
-0.00143667
0.0029764
-0.00143564
-0.0014729
0.00301304
0.00291154
-3.00788e-05
0.0029092
-8.66144e-05
0.00290553
-0.000139576
0.00290066
-0.000190359
0.0028947
-0.000240223
0.00288775
-0.000289871
0.0028799
-0.000339835
0.00287125
-0.000390465
0.0028619
-0.000442012
0.00285196
-0.00049466
0.00284155
-0.000548515
0.00283084
-0.000603655
0.00281999
-0.000660076
0.00280922
-0.000717765
0.00279876
-0.000776587
0.00278889
-0.000836428
0.00277991
-0.000896978
0.0027722
-0.000958021
0.00276611
-0.001019
0.00276206
-0.00107964
0.0027605
-0.001139
0.00276187
-0.00119695
0.00276663
-0.00125178
0.00277515
-0.00130424
0.00278797
-0.00135052
0.00280517
-0.00139502
0.00282728
-0.00142637
0.00285415
-0.00146353
0.00288536
-0.00146685
-0.0015094
0.00292186
0.0028439
-2.92485e-05
0.00284154
-8.42574e-05
0.00283784
-0.000135872
0.00283291
-0.000185433
0.00282688
-0.000234189
0.00281983
-0.000282822
0.00281185
-0.000331857
0.00280303
-0.000381645
0.00279346
-0.000432441
0.00278324
-0.000484441
0.00277249
-0.000537767
0.00276136
-0.00059252
0.00275
-0.000648718
0.00273861
-0.000706381
0.00272743
-0.000765403
0.00271672
-0.000825714
0.00270677
-0.000887032
0.00269794
-0.000949193
0.00269061
-0.00101166
0.00268519
-0.00107422
0.00268212
-0.00113593
0.00268188
-0.00119671
0.00268496
-0.00125486
0.00269179
-0.00131107
0.00270293
-0.00136166
0.00271854
-0.00141063
0.00273933
-0.00144716
0.00276506
-0.00148925
0.00279568
-0.00149748
-0.00154577
0.00283205
0.00277783
-2.84127e-05
0.00277546
-8.18852e-05
0.00277173
-0.000132141
0.00276676
-0.000180468
0.00276067
-0.000228099
0.00275354
-0.000275694
0.00274546
-0.000323772
0.0027365
-0.000372682
0.00272674
-0.000422683
0.00271628
-0.000473984
0.00270523
-0.000526718
0.00269372
-0.000581011
0.00268191
-0.000636899
0.00266996
-0.000694439
0.00265811
-0.000753552
0.00264661
-0.00081421
0.00263574
-0.000876165
0.00262585
-0.000939301
0.0026173
-0.00100312
0.00261053
-0.00106744
0.00260597
-0.00113137
0.00260411
-0.00119484
0.00260546
-0.00125621
0.00261049
-0.0013161
0.00261983
-0.00137099
0.0026337
-0.00142451
0.00265298
-0.00146644
0.00267735
-0.00151362
0.00270724
-0.00152737
-0.00158214
0.00274361
0.0027133
-2.75728e-05
0.00271092
-7.95031e-05
0.00270717
-0.000128393
0.00270218
-0.000175476
0.00269605
-0.000221968
0.00268886
-0.000268508
0.00268069
-0.000315605
0.00267162
-0.000363606
0.00266171
-0.000412774
0.00265105
-0.000463327
0.00263974
-0.000515412
0.00262791
-0.000569174
0.00261568
-0.000624672
0.00260323
-0.000681994
0.00259077
-0.000741089
0.00257853
-0.000801972
0.0025668
-0.000864429
0.00255589
-0.000928394
0.00254618
-0.000993403
0.00253807
-0.00105933
0.00253202
-0.00112532
0.00252852
-0.00119134
0.0025281
-0.00125579
0.00253126
-0.00131926
0.00253866
-0.00137839
0.00255062
-0.00143647
0.00256819
-0.00148401
0.00259099
-0.00153642
0.00261999
-0.00155638
-0.00161855
0.0026564
0.00265027
-2.67305e-05
0.00264788
-7.71163e-05
0.00264412
-0.000124637
0.00263912
-0.00017047
0.00263296
-0.000215814
0.00262574
-0.000261285
0.00261752
-0.000307381
0.00260836
-0.000354447
0.00259833
-0.000402747
0.00258751
-0.00045251
0.00257599
-0.000503891
0.00256388
-0.000557057
0.00255129
-0.000612089
0.0025384
-0.0006691
0.00252538
-0.000728072
0.00251247
-0.000789057
0.00249992
-0.00085188
0.00248804
-0.000916521
0.0024772
-0.00098256
0.00246779
-0.00104992
0.00246026
-0.00111779
0.0024551
-0.00118618
0.00245285
-0.00125354
0.00245404
-0.00132045
0.00245937
-0.00138372
0.00246923
-0.00144632
0.00248483
-0.00149961
0.00250586
-0.00155745
0.00253416
-0.00158468
-0.0016545
0.00257012
0.0025887
-2.58871e-05
0.00258631
-7.4731e-05
0.00258256
-0.000120883
0.00257756
-0.000165465
0.0025714
-0.000209656
0.00256416
-0.000254047
0.0025559
-0.000299127
0.00254669
-0.000345235
0.00253658
-0.000392637
0.00252564
-0.00044157
0.00251395
-0.000492199
0.0025016
-0.000544709
0.00248871
-0.000599199
0.00247542
-0.000655811
0.00246191
-0.000714555
0.00244837
-0.00077552
0.00243506
-0.00083857
0.00242226
-0.000903728
0.00241033
-0.000970623
0.00239963
-0.00103923
0.00239062
-0.00110878
0.00238377
-0.00117933
0.00237964
-0.00124941
0.00237876
-0.00131957
0.00238187
-0.00138683
0.00238938
-0.00145383
0.00240265
-0.00151289
0.00242139
-0.00157618
0.00244994
-0.00161324
-0.00168972
0.00248516
0.00252856
0.00252619
0.00252245
0.00251746
0.00251131
0.00250408
0.00249582
0.00248659
0.00247643
0.00246541
0.00245359
0.00244105
0.00242791
0.00241427
0.00240031
0.0023862
0.00237217
0.00235849
0.00234549
0.00233352
0.00232302
0.00231444
0.00230836
0.00230531
0.00230604
0.00231098
0.00232161
0.00233696
0.00236444
0.00240419
0.0108678
3.76359e-05
0.010831
3.67985e-05
0.0107951
3.59133e-05
0.0107601
3.50107e-05
0.010726
3.40907e-05
0.0106928
3.31536e-05
0.0106606
3.22e-05
0.0106294
3.123e-05
0.0105992
3.0244e-05
0.0105699
2.92423e-05
0.0105417
2.82252e-05
0.0105145
2.71932e-05
0.0104884
2.61465e-05
0.0104633
2.50855e-05
0.0104393
2.40108e-05
0.0104163
2.29224e-05
0.0103945
2.18211e-05
0.0103738
2.07069e-05
0.0103542
1.95806e-05
0.0103358
1.84422e-05
0.0103185
1.72925e-05
0.0103024
1.61319e-05
0.0102874
1.49605e-05
0.0102736
1.37791e-05
0.010261
1.25879e-05
0.0102497
1.13875e-05
0.0102395
1.01786e-05
0.0102305
8.96098e-06
0.0102228
7.73587e-06
0.0102163
6.5032e-06
0.010211
5.26376e-06
0.010207
4.01809e-06
0.0102042
2.76644e-06
0.0102027
1.50972e-06
0.0102025
2.49813e-07
0.0102035
-1.01864e-06
0.0102058
-2.28925e-06
0.0102093
-3.56288e-06
0.0102142
-4.83921e-06
-6.11783e-06
0.0102203
0.0106165
7.44853e-05
0.0105805
7.28207e-05
0.0105453
7.1064e-05
0.0105111
6.92722e-05
0.0104777
6.74462e-05
0.0104453
6.55867e-05
0.0104138
6.36944e-05
0.0103833
6.17696e-05
0.0103537
5.98134e-05
0.0103251
5.78264e-05
0.0102975
5.58091e-05
0.010271
5.37625e-05
0.0102454
5.1687e-05
0.0102209
4.95836e-05
0.0101975
4.74531e-05
0.0101751
4.5296e-05
0.0101538
4.31133e-05
0.0101336
4.09058e-05
0.0101145
3.86743e-05
0.0100965
3.64195e-05
0.0100797
3.41424e-05
0.010064
3.18437e-05
0.0100494
2.95245e-05
0.010036
2.71854e-05
0.0100238
2.48275e-05
0.0100127
2.24515e-05
0.0100028
2.00586e-05
0.00999413
1.76495e-05
0.00998665
1.52252e-05
0.00998036
1.27865e-05
0.00997529
1.03347e-05
0.00997144
7.87039e-06
0.00996881
5.3948e-06
0.00996741
2.9087e-06
0.00996725
4.1456e-07
0.00996832
-2.09099e-06
0.00997063
-4.60258e-06
0.00997419
-7.12043e-06
0.00997899
-9.64357e-06
-1.21712e-05
0.00998505
0.0103721
0.000110536
0.0103369
0.000108057
0.0103025
0.000105441
0.010269
0.000102774
0.0102364
0.000100056
0.0102047
9.72893e-05
0.0101739
9.44737e-05
0.0101441
9.16105e-05
0.0101152
8.8701e-05
0.0100873
8.57457e-05
0.0100604
8.27462e-05
0.0100344
7.97031e-05
0.0100095
7.6618e-05
0.00998558
7.34915e-05
0.0099627
7.03251e-05
0.00994088
6.71197e-05
0.00992012
6.38765e-05
0.00990043
6.05969e-05
0.00988182
5.7282e-05
0.0098643
5.39328e-05
0.0098479
5.05509e-05
0.0098326
4.71372e-05
0.00981843
4.36933e-05
0.0098054
4.02204e-05
0.00979351
3.67196e-05
0.00978277
3.31927e-05
0.00977318
2.96406e-05
0.00976477
2.60648e-05
0.00975753
2.24667e-05
0.00975147
1.88478e-05
0.00974659
1.52093e-05
0.00974291
1.15528e-05
0.00974042
7.87969e-06
0.00973914
4.19156e-06
0.00973906
4.92638e-07
0.0097402
-3.22516e-06
0.00974255
-6.95086e-06
0.00974611
-1.06855e-05
0.00975089
-1.44278e-05
-1.81764e-05
0.0097569
0.0101343
0.000145791
0.0100999
0.00014251
0.0100663
0.00013905
0.0100335
0.000135521
0.0100017
0.000131926
0.00997069
0.000128266
0.00994062
0.000124542
0.00991147
0.000120756
0.00988327
0.000116909
0.00985601
0.000113003
0.00982972
0.000109038
0.0098044
0.000105017
0.00978008
0.00010094
0.00975676
9.68093e-05
0.00973446
9.2626e-05
0.00971319
8.83919e-05
0.00969296
8.41084e-05
0.00967378
7.97769e-05
0.00965566
7.53995e-05
0.00963862
7.09771e-05
0.00962266
6.6512e-05
0.00960779
6.20053e-05
0.00959402
5.74592e-05
0.00958137
5.2875e-05
0.00956983
4.82547e-05
0.00955942
4.36e-05
0.00955015
3.89126e-05
0.00954202
3.41942e-05
0.00953504
2.94467e-05
0.00952922
2.46722e-05
0.00952456
1.98721e-05
0.00952106
1.50485e-05
0.00951874
1.02034e-05
0.00951759
5.33884e-06
0.00951762
4.60184e-07
0.00951884
-4.44314e-06
0.00952124
-9.35623e-06
0.00952484
-1.42812e-05
0.00952963
-1.92158e-05
-2.41585e-05
0.00953561
0.00990283
0.000180252
0.00986916
0.000176182
0.00983632
0.000171889
0.00980433
0.000167512
0.0097732
0.000163054
0.00974295
0.000158516
0.00971359
0.0001539
0.00968514
0.000149207
0.00965761
0.000144439
0.00963102
0.000139598
0.00960537
0.000134685
0.00958069
0.000129703
0.00955697
0.000124652
0.00953425
0.000119535
0.00951252
0.000114354
0.0094918
0.000109111
0.0094721
0.000103806
0.00945344
9.84434e-05
0.00943581
9.30238e-05
0.00941924
8.75491e-05
0.00940373
8.20219e-05
0.00938929
7.64441e-05
0.00937593
7.08174e-05
0.00936366
6.51445e-05
0.00935249
5.94271e-05
0.00934242
5.36675e-05
0.00933347
4.78678e-05
0.00932563
4.20304e-05
0.00931892
3.61574e-05
0.00931334
3.0251e-05
0.0093089
2.43136e-05
0.0093056
1.83476e-05
0.00930345
1.23552e-05
0.00930245
6.33896e-06
0.0093026
3.08585e-07
0.00930392
-5.75797e-06
0.00930639
-1.18334e-05
0.00931003
-1.79226e-05
0.00931484
-2.4024e-05
-3.0135e-05
0.00932082
0.00967733
0.000213922
0.00964444
0.000209075
0.00961236
0.000203963
0.00958112
0.000198752
0.00955073
0.000193445
0.00952121
0.000188043
0.00949256
0.000182549
0.0094648
0.000176964
0.00943795
0.000171291
0.00941201
0.000165532
0.00938701
0.000159688
0.00936295
0.000153762
0.00933985
0.000147756
0.00931771
0.000141671
0.00929655
0.000135511
0.00927639
0.000129276
0.00925723
0.00012297
0.00923907
0.000116595
0.00922194
0.000110153
0.00920585
0.000103647
0.00919079
9.70784e-05
0.00917678
9.045e-05
0.00916384
8.37645e-05
0.00915196
7.70241e-05
0.00914115
7.02315e-05
0.00913143
6.33893e-05
0.0091228
5.64999e-05
0.00911526
4.95659e-05
0.00910883
4.25902e-05
0.00910351
3.55752e-05
0.0090993
2.85238e-05
0.0090962
2.14386e-05
0.00909424
1.43223e-05
0.0090934
7.17803e-06
0.00909368
3.12171e-08
0.0090951
-7.18478e-06
0.00909767
-1.43971e-05
0.00910137
-2.16263e-05
0.00910622
-2.88696e-05
-3.61241e-05
0.0091122
0.00945757
0.000246802
0.00942546
0.000241193
0.00939414
0.000235275
0.00936365
0.000229243
0.009334
0.0002231
0.00930519
0.000216849
0.00927725
0.000210492
0.00925018
0.000204031
0.009224
0.000197469
0.00919873
0.000190808
0.00917437
0.000184049
0.00915093
0.000177196
0.00912844
0.000170251
0.00910689
0.000163217
0.00908631
0.000156095
0.0090667
0.000148888
0.00904807
0.0001416
0.00903043
0.000134232
0.0090138
0.000126787
0.00899817
0.000119269
0.00898357
0.000111679
0.00897
0.000104021
0.00895747
9.62973e-05
0.00894598
8.85106e-05
0.00893555
8.06644e-05
0.00892618
7.2761e-05
0.00891787
6.48039e-05
0.00891064
5.67957e-05
0.00890449
4.87398e-05
0.00889943
4.0639e-05
0.00889546
3.24965e-05
0.00889258
2.43154e-05
0.0088908
1.60991e-05
0.00889013
7.85107e-06
0.00889058
-4.15576e-07
0.00889213
-8.73157e-06
0.00889479
-1.70585e-05
0.00889856
-2.54039e-05
0.00890346
-3.37653e-05
-4.21394e-05
0.00890948
0.00924331
0.000278896
0.00921196
0.000272538
0.00918141
0.000265827
0.00915167
0.000258988
0.00912274
0.000252024
0.00909466
0.000244937
0.00906741
0.000237732
0.00904104
0.000230411
0.00901553
0.000222975
0.00899091
0.000215427
0.00896719
0.00020777
0.00894438
0.000200007
0.00892249
0.000192141
0.00890153
0.000184173
0.00888152
0.000176108
0.00886246
0.000167948
0.00884436
0.000159695
0.00882724
0.000151353
0.00881111
0.000142925
0.00879596
0.000134414
0.00878182
0.000125823
0.00876868
0.000117155
0.00875657
0.000108413
0.00874548
9.96011e-05
0.00873542
9.07218e-05
0.0087264
8.17786e-05
0.00871843
7.27748e-05
0.00871151
6.3714e-05
0.00870565
5.45995e-05
0.00870086
4.54346e-05
0.00869713
3.6223e-05
0.00869448
2.69683e-05
0.0086929
1.76741e-05
0.00869241
8.34415e-06
0.00869301
-1.01159e-06
0.00869469
-1.04122e-05
0.00869746
-1.98301e-05
0.00870132
-2.9269e-05
0.00870628
-3.87253e-05
-4.81959e-05
0.00871234
0.0090343
0.000310207
0.00900372
0.000303114
0.00897393
0.000295624
0.00894493
0.00028799
0.00891673
0.000280218
0.00888936
0.000272311
0.00886282
0.000264273
0.00883712
0.000256105
0.00881229
0.000247811
0.00878832
0.000239392
0.00876524
0.000230854
0.00874305
0.000222197
0.00872176
0.000213426
0.00870139
0.000204543
0.00868195
0.000195552
0.00866344
0.000186455
0.00864588
0.000177257
0.00862927
0.000167959
0.00861363
0.000158567
0.00859897
0.000149082
0.00858528
0.000139509
0.00857258
0.000129851
0.00856089
0.000120111
0.00855019
0.000110293
0.00854052
0.000100401
0.00853186
9.04386e-05
0.00852422
8.04091e-05
0.00851762
7.03165e-05
0.00851205
6.01644e-05
0.00850753
4.99569e-05
0.00850406
3.96978e-05
0.00850163
2.93909e-05
0.00850027
1.90406e-05
0.00849996
8.65092e-06
0.00850072
-1.77025e-06
0.00850254
-1.22354e-05
0.00850543
-2.2722e-05
0.0085094
-3.32318e-05
0.00851443
-4.37609e-05
-5.43054e-05
0.00852054
0.00883032
0.000340739
0.00880051
0.000332923
0.00877147
0.000324667
0.0087432
0.000316253
0.00871573
0.000307687
0.00868907
0.000298973
0.00866323
0.000290116
0.00863822
0.000281117
0.00861405
0.000271979
0.00859074
0.000262706
0.00856829
0.000253301
0.00854672
0.000243768
0.00852603
0.000234108
0.00850625
0.000224327
0.00848737
0.000214427
0.00846942
0.000204412
0.00845239
0.000194285
0.0084363
0.000184051
0.00842115
0.000173712
0.00840696
0.000163272
0.00839374
0.000152736
0.00838148
0.000142107
0.0083702
0.000131388
0.00835991
0.000120585
0.00835061
0.0001097
0.00834231
9.87385e-05
0.00833502
8.77035e-05
0.00832873
7.65995e-05
0.00832347
6.54307e-05
0.00831922
5.42013e-05
0.008316
4.29156e-05
0.00831382
3.15777e-05
0.00831267
2.01923e-05
0.00831255
8.76447e-06
0.00831348
-2.70026e-06
0.00831546
-1.4209e-05
0.00831848
-2.57429e-05
0.00832255
-3.7302e-05
0.00832767
-4.88822e-05
-6.04789e-05
0.00833384
0.00863116
0.000370493
0.00860211
0.00036197
0.00857382
0.000352961
0.00854629
0.000343779
0.00851954
0.000334433
0.00849359
0.000324927
0.00846844
0.000315264
0.00844411
0.000305449
0.00842061
0.000295483
0.00839794
0.000285371
0.00837613
0.000275116
0.00835517
0.000264721
0.00833509
0.00025419
0.00831589
0.000243527
0.00829758
0.000232736
0.00828018
0.000221819
0.00826368
0.000210782
0.0082481
0.000199628
0.00823345
0.000188361
0.00821974
0.000176985
0.00820697
0.000165505
0.00819515
0.000153923
0.0081843
0.000142245
0.00817441
0.000130475
0.00816549
0.000118617
0.00815755
0.000106676
0.0081506
9.46553e-05
0.00814464
8.25602e-05
0.00813968
7.03946e-05
0.00813571
5.81637e-05
0.00813276
4.58718e-05
0.00813081
3.35236e-05
0.00812988
2.11239e-05
0.00812997
8.6787e-06
0.00813107
-3.80855e-06
0.00813321
-1.63404e-05
0.00813636
-2.89006e-05
0.00814055
-4.14879e-05
0.00814577
-5.4098e-05
-6.67259e-05
0.00815201
0.00843661
0.000399473
0.00840832
0.000390256
0.00838078
0.000380507
0.00835399
0.000370572
0.00832796
0.000360458
0.00830271
0.000350174
0.00827826
0.000339721
0.0082546
0.000329104
0.00823176
0.000318325
0.00820974
0.000307389
0.00818856
0.000296299
0.00816822
0.000285059
0.00814874
0.000273673
0.00813012
0.000262145
0.00811238
0.000250478
0.00809552
0.000238678
0.00807955
0.000226748
0.00806449
0.000214692
0.00805033
0.000202515
0.0080371
0.000190221
0.00802479
0.000177814
0.00801341
0.000165299
0.00800298
0.00015268
0.00799349
0.000139963
0.00798496
0.000127151
0.00797738
0.000114249
0.00797078
0.000101262
0.00796514
8.81955e-05
0.00796048
7.50533e-05
0.00795681
6.18406e-05
0.00795412
4.85626e-05
0.00795242
3.5224e-05
0.00795171
2.18304e-05
0.007952
8.38803e-06
0.00795329
-5.10107e-06
0.00795559
-1.86359e-05
0.00795889
-3.22019e-05
0.0079632
-4.5797e-05
0.00796852
-5.94164e-05
-7.3055e-05
0.00797485
0.00824649
0.00042768
0.00821897
0.000417783
0.00819217
0.000407308
0.00816611
0.000396632
0.0081408
0.000385766
0.00811626
0.000374716
0.00809249
0.000363488
0.00806951
0.000352084
0.00804733
0.000340507
0.00802595
0.000328762
0.0080054
0.000316853
0.00798568
0.000304784
0.00796679
0.000292559
0.00794875
0.000280182
0.00793157
0.000267657
0.00791526
0.00025499
0.00789983
0.000242184
0.00788527
0.000229244
0.00787162
0.000216174
0.00785886
0.000202979
0.00784701
0.000189664
0.00783607
0.000176234
0.00782606
0.000162693
0.00781697
0.000149047
0.00780883
0.0001353
0.00780162
0.000121456
0.00779536
0.000107523
0.00779005
9.35035e-05
0.0077857
7.94039e-05
0.00778231
6.5229e-05
0.00777989
5.09843e-05
0.00777844
3.66754e-05
0.00777796
2.23075e-05
0.00777846
7.88833e-06
0.00777994
-6.58326e-06
0.00778241
-2.11012e-05
0.00778586
-3.56529e-05
0.0077903
-5.02357e-05
0.00779573
-6.48446e-05
-7.94739e-05
0.00780214
0.00806063
0.000455116
0.00803386
0.000444554
0.0080078
0.000433365
0.00798247
0.000421962
0.00795788
0.000410356
0.00793404
0.000398557
0.00791096
0.000386567
0.00788866
0.00037439
0.00786713
0.000362031
0.0078464
0.000349492
0.00782648
0.000336779
0.00780736
0.000323897
0.00778907
0.000310848
0.00777162
0.000297639
0.007755
0.000284273
0.00773923
0.000270756
0.00772433
0.000257091
0.00771029
0.000243283
0.00769712
0.000229338
0.00768484
0.000215261
0.00767345
0.000201056
0.00766296
0.000186729
0.00765336
0.000172284
0.00764468
0.000157727
0.00763692
0.000143063
0.00763008
0.000128297
0.00762417
0.000113435
0.00761919
9.84822e-05
0.00761515
8.34442e-05
0.00761205
6.83263e-05
0.0076099
5.31344e-05
0.0076087
3.78741e-05
0.00760846
2.25516e-05
0.00760917
7.17533e-06
0.00761085
-8.25945e-06
0.00761349
-2.37413e-05
0.0076171
-3.92591e-05
0.00762167
-5.48102e-05
0.00762721
-7.03889e-05
-8.59892e-05
0.00763373
0.00787885
0.000481781
0.00785284
0.000470568
0.00782752
0.00045868
0.00780292
0.000446564
0.00777904
0.000434233
0.00775591
0.000421696
0.00773351
0.000408959
0.00771188
0.000396025
0.00769101
0.000382897
0.00767092
0.00036958
0.00765162
0.00035608
0.00763312
0.000342399
0.00761543
0.000328544
0.00759855
0.000314518
0.00758249
0.000300327
0.00756727
0.000285976
0.00755289
0.000271469
0.00753937
0.000256812
0.00752669
0.000242009
0.00751489
0.000227067
0.00750396
0.000211989
0.0074939
0.000196782
0.00748474
0.000181451
0.00747646
0.000166002
0.00746908
0.000150439
0.00746261
0.000134769
0.00745705
0.000118998
0.0074524
0.00010313
0.00744867
8.71724e-05
0.00744587
7.11304e-05
0.00744399
5.501e-05
0.00744305
3.88176e-05
0.00744304
2.25592e-05
0.00744397
6.24596e-06
0.00744585
-1.01339e-05
0.00744866
-2.65601e-05
0.00745243
-4.30252e-05
0.00745715
-5.95254e-05
0.00746281
-7.60547e-05
-9.26069e-05
0.00746943
0.00770101
0.000507677
0.00767575
0.000495828
0.00765117
0.000483254
0.0076273
0.000470438
0.00760414
0.000457395
0.0075817
0.000444136
0.00755999
0.000430666
0.00753903
0.000416988
0.00751882
0.000403108
0.00749937
0.000389028
0.00748069
0.000374755
0.0074628
0.000360292
0.0074457
0.000345646
0.0074294
0.00033082
0.0074139
0.000315821
0.00739923
0.000300652
0.00738538
0.00028532
0.00737236
0.00026983
0.00736018
0.000254187
0.00734885
0.000238396
0.00733838
0.000222464
0.00732876
0.000206395
0.00732002
0.000190195
0.00731215
0.000173872
0.00730516
0.000157429
0.00729906
0.000140873
0.00729384
0.00012421
0.00728953
0.000107446
0.00728611
9.05868e-05
0.00728361
7.36392e-05
0.00728201
5.66092e-05
0.00728132
3.95031e-05
0.00728155
2.23281e-05
0.0072827
5.0977e-06
0.00728478
-1.22098e-05
0.00728778
-2.95619e-05
0.00729171
-4.69553e-05
0.00729657
-6.43857e-05
0.00730236
-8.18469e-05
-9.93323e-05
0.00730909
0.00752695
0.000532803
0.00750244
0.000520332
0.00747861
0.000507086
0.00745546
0.000493585
0.00743301
0.000479843
0.00741127
0.000465876
0.00739025
0.000451688
0.00736996
0.000437282
0.0073504
0.000422664
0.00733159
0.000407836
0.00731354
0.000392806
0.00729626
0.000377577
0.00727975
0.000362155
0.00726402
0.000346546
0.00724909
0.000330754
0.00723496
0.000314785
0.00722163
0.000298644
0.00720912
0.000282338
0.00719744
0.000265871
0.00718659
0.00024925
0.00717657
0.000232479
0.0071674
0.000215567
0.00715908
0.000198517
0.00715161
0.000181336
0.00714501
0.00016403
0.00713928
0.000146606
0.00713442
0.00012907
0.00713043
0.000111428
0.00712734
9.3686e-05
0.00712512
7.5851e-05
0.0071238
5.79298e-05
0.00712338
3.99286e-05
0.00712385
2.18552e-05
0.00712522
3.72912e-06
0.0071275
-1.44903e-05
0.00713069
-3.27497e-05
0.00713479
-5.10531e-05
0.00713979
-6.93951e-05
0.00714572
-8.77697e-05
-0.00010617
0.00715255
0.00735653
0.000557158
0.00733278
0.000544081
0.00730969
0.000530177
0.00728727
0.000516004
0.00726554
0.000501579
0.0072445
0.000486917
0.00722416
0.000472026
0.00720453
0.000456907
0.00718563
0.000441565
0.00716746
0.000426005
0.00715004
0.000410233
0.00713336
0.000394254
0.00711744
0.000378073
0.00710229
0.000361696
0.00708792
0.000345128
0.00707433
0.000328375
0.00706153
0.000311442
0.00704953
0.000294336
0.00703834
0.000277063
0.00702796
0.000259628
0.0070184
0.000242037
0.00700967
0.000224297
0.00700178
0.000206414
0.00699472
0.000188395
0.0069885
0.000170244
0.00698314
0.00015197
0.00697863
0.000133578
0.00697498
0.000115076
0.0069722
9.64687e-05
0.00697029
7.77646e-05
0.00696925
5.89701e-05
0.00696908
4.00923e-05
0.0069698
2.11394e-05
0.00697139
2.14144e-06
0.00697388
-1.69791e-05
0.00697725
-3.61281e-05
0.00698152
-5.53224e-05
0.00698669
-7.45576e-05
0.00699274
-9.38272e-05
-0.000113124
0.0069997
0.00718964
0.000580741
0.00716665
0.000567074
0.0071443
0.000552526
0.00712261
0.000537695
0.00710159
0.000522601
0.00708124
0.00050726
0.00706159
0.000491679
0.00704263
0.000475862
0.00702439
0.000459812
0.00700686
0.000443536
0.00699005
0.000427037
0.00697398
0.000410323
0.00695866
0.000393399
0.00694408
0.00037627
0.00693027
0.000358942
0.00691722
0.000341422
0.00690495
0.000323714
0.00689346
0.000305826
0.00688276
0.000287763
0.00687286
0.000269531
0.00686376
0.000251137
0.00685547
0.000232588
0.00684799
0.000213889
0.00684134
0.000195047
0.00683552
0.000176069
0.00683052
0.000156963
0.00682637
0.000137733
0.00682306
0.000118387
0.00682059
9.89331e-05
0.00681898
7.93769e-05
0.00681822
5.97262e-05
0.00681833
3.99878e-05
0.0068193
2.0171e-05
0.00682108
3.55817e-07
0.00682378
-1.9681e-05
0.00682735
-3.96981e-05
0.0068318
-5.97654e-05
0.00683712
-7.98761e-05
0.00684331
-0.000100023
-0.000120198
0.00685038
0.00702615
0.000603551
0.00700391
0.000589309
0.00698231
0.000574131
0.00696134
0.000558658
0.00694104
0.000542908
0.00692139
0.000526902
0.00690242
0.000510648
0.00688414
0.000494147
0.00686655
0.000477405
0.00684966
0.000460427
0.00683347
0.000443218
0.00681801
0.000425785
0.00680328
0.000408133
0.00678928
0.000390269
0.00677602
0.000372198
0.00676352
0.000353926
0.00675177
0.00033546
0.00674079
0.000316806
0.00673058
0.00029797
0.00672116
0.000278959
0.00671251
0.000259779
0.00670467
0.000240437
0.00669761
0.00022094
0.00669137
0.000201294
0.00668593
0.000181507
0.00668131
0.000161585
0.0066775
0.000141535
0.00667453
0.000121366
0.00667238
0.000101082
0.00667106
8.06934e-05
0.00667058
6.0206e-05
0.00667094
3.9628e-05
0.00667214
1.89693e-05
0.00667423
-1.73033e-06
0.00667713
-2.25851e-05
0.00668089
-4.34578e-05
0.00668551
-6.43812e-05
0.00669098
-8.53495e-05
0.00669731
-0.000106356
-0.000127392
0.00670451
0.00686594
0.000625586
0.00684446
0.000610783
0.0068236
0.000594992
0.00680337
0.00057889
0.00678378
0.0005625
0.00676484
0.000545844
0.00674655
0.000528931
0.00672894
0.000511762
0.006712
0.000494343
0.00669575
0.000476679
0.00668019
0.000458775
0.00666534
0.000440639
0.0066512
0.000422276
0.00663777
0.000403693
0.00662507
0.000384895
0.00661311
0.000365888
0.00660189
0.00034668
0.00659142
0.000327277
0.00658171
0.000307685
0.00657275
0.000287912
0.00656457
0.000267963
0.00655716
0.000247846
0.00655053
0.000227568
0.00654469
0.000207135
0.00653964
0.000186555
0.00653539
0.000165836
0.00653194
0.000144984
0.0065293
0.000124007
0.00652747
0.000102912
0.00652646
8.17078e-05
0.00652626
6.04008e-05
0.00652689
3.89998e-05
0.00652834
1.75154e-05
0.00653065
-4.0329e-06
0.00653377
-2.57036e-05
0.00653772
-4.74122e-05
0.00654251
-6.91741e-05
0.00654815
-9.09831e-05
0.00655462
-0.000112831
-0.000134711
0.00656194
0.00670891
0.000646841
0.00668819
0.000631495
0.00666808
0.000615104
0.00664858
0.000598389
0.00662971
0.000581374
0.00661147
0.000564083
0.00659387
0.000546526
0.00657693
0.000528705
0.00656065
0.000510624
0.00654504
0.00049229
0.0065301
0.000473708
0.00651586
0.000454885
0.00650231
0.000435827
0.00648946
0.000416541
0.00647732
0.000397032
0.0064659
0.000377308
0.00645521
0.000357375
0.00644525
0.000337239
0.00643602
0.000316908
0.00642755
0.000296389
0.00641982
0.000275688
0.00641285
0.000254814
0.00640665
0.000233771
0.00640121
0.000212569
0.00639655
0.000191215
0.00639268
0.000169715
0.00638958
0.000148079
0.00638728
0.000126312
0.00638577
0.000104423
0.00638505
8.24202e-05
0.00638514
6.03112e-05
0.00638604
3.81046e-05
0.00638774
1.58129e-05
0.00639027
-6.55888e-06
0.0063936
-2.90375e-05
0.00639775
-5.15642e-05
0.00640273
-7.41469e-05
0.00640852
-9.67784e-05
0.00641514
-0.000119451
-0.000142157
0.00642259
0.00655495
0.000667315
0.00653501
0.000651441
0.00651565
0.000634467
0.00649688
0.000617154
0.00647873
0.000599528
0.00646119
0.000581618
0.00644428
0.000563433
0.00642801
0.000544975
0.00641239
0.000526249
0.00639742
0.00050726
0.00638311
0.000488015
0.00636948
0.000468522
0.00635652
0.000448785
0.00634425
0.000428812
0.00633267
0.00040861
0.00632179
0.000388184
0.00631163
0.000367543
0.00630217
0.000346692
0.00629344
0.000325639
0.00628544
0.000304391
0.00627817
0.000282956
0.00627165
0.00026134
0.00626587
0.000239551
0.00626084
0.000217597
0.00625657
0.000195485
0.00625306
0.000173223
0.00625032
0.000150818
0.00624836
0.000128279
0.00624717
0.000105614
0.00624676
8.28304e-05
0.00624713
5.99368e-05
0.00624829
3.69423e-05
0.00625024
1.38616e-05
0.006253
-9.31396e-06
0.00625655
-3.25868e-05
0.0062609
-5.5914e-05
0.00626605
-7.92998e-05
0.00627201
-0.000102737
0.00627877
-0.000126217
-0.000149732
0.00628635
0.00640399
0.000687004
0.00638481
0.000670618
0.0063662
0.000653076
0.00634817
0.000635181
0.00633074
0.00061696
0.00631391
0.000598446
0.0062977
0.000579648
0.0062821
0.00056057
0.00626714
0.000541214
0.00625281
0.000521587
0.00623913
0.000501696
0.0062261
0.000481548
0.00621374
0.000461149
0.00620205
0.000440507
0.00619103
0.000419627
0.0061807
0.000398517
0.00617106
0.000377183
0.00616211
0.000355634
0.00615388
0.000333876
0.00614635
0.000311917
0.00613954
0.000289764
0.00613346
0.000267424
0.0061281
0.000244906
0.00612348
0.000222217
0.0061196
0.000199365
0.00611647
0.000176357
0.00611408
0.000153203
0.00611245
0.000129909
0.00611158
0.000106485
0.00611147
8.29378e-05
0.00611213
5.92773e-05
0.00611356
3.55125e-05
0.00611576
1.16618e-05
0.00611875
-1.23005e-05
0.00612251
-3.63516e-05
0.00612706
-6.04624e-05
0.0061324
-8.4634e-05
0.00613852
-0.000108859
0.00614543
-0.000133129
-0.000157436
0.00615314
0.00625591
0.000705902
0.00623751
0.000689021
0.00621966
0.000670928
0.00620237
0.000652467
0.00618566
0.000633667
0.00616955
0.000614564
0.00615402
0.00059517
0.00613911
0.000575487
0.0061248
0.000555517
0.00611112
0.000535269
0.00609807
0.000514748
0.00608565
0.000493963
0.00607389
0.000472918
0.00606277
0.000451622
0.00605231
0.000430082
0.00604253
0.000408304
0.00603341
0.000386296
0.00602498
0.000364066
0.00601724
0.00034162
0.00601019
0.000318966
0.00600384
0.000296113
0.0059982
0.000273067
0.00599327
0.000249836
0.00598906
0.00022643
0.00598557
0.000202854
0.0059828
0.000179119
0.00598077
0.000155232
0.00597948
0.000131201
0.00597893
0.000107035
0.00597913
8.27421e-05
0.00598007
5.8332e-05
0.00598177
3.38148e-05
0.00598422
9.2145e-06
0.00598744
-1.55198e-05
0.00599142
-4.03328e-05
0.00599617
-6.52099e-05
0.00600168
-9.01503e-05
0.00600797
-0.000115146
0.00601503
-0.000140189
-0.000165271
0.00602287
0.00611065
0.000724005
0.00609302
0.000706645
0.00607593
0.000688018
0.00605939
0.000669007
0.00604341
0.000649644
0.00602801
0.000629969
0.00601318
0.000609995
0.00599895
0.000589723
0.00598531
0.000569157
0.00597227
0.000548304
0.00595985
0.00052717
0.00594805
0.000505763
0.00593688
0.00048409
0.00592634
0.000462158
0.00591645
0.000439974
0.00590721
0.000417546
0.00589862
0.00039488
0.0058907
0.000371985
0.00588345
0.000348869
0.00587688
0.000325538
0.00587099
0.000302001
0.00586579
0.000278266
0.00586129
0.000254341
0.00585748
0.000230234
0.00585439
0.000205953
0.005852
0.000181507
0.00585032
0.000156905
0.00584937
0.000132154
0.00584914
0.000107263
0.00584964
8.22425e-05
0.00585087
5.71004e-05
0.00585284
3.18482e-05
0.00585553
6.52223e-06
0.00585899
-1.8973e-05
0.00586318
-4.45314e-05
0.00586813
-7.01574e-05
0.00587383
-9.58492e-05
0.00588028
-0.000121599
0.00588749
-0.000147398
-0.000173237
0.00589546
0.00596811
0.000741307
0.00595127
0.000723486
0.00593494
0.000704341
0.00591915
0.000684798
0.00590391
0.000664888
0.00588922
0.000644657
0.0058751
0.00062412
0.00586154
0.000603277
0.00584857
0.000582131
0.00583618
0.000560689
0.0058244
0.000538959
0.00581321
0.000516948
0.00580264
0.000494663
0.00579268
0.000472112
0.00578336
0.000449302
0.00577466
0.00042624
0.00576661
0.000402934
0.0057592
0.000379392
0.00575245
0.000355622
0.00574635
0.000331632
0.00574093
0.000307429
0.00573617
0.000283022
0.00573209
0.00025842
0.0057287
0.00023363
0.00572599
0.000208661
0.00572397
0.000183522
0.00572266
0.000158221
0.00572204
0.000132767
0.00572214
0.00010717
0.00572294
8.14382e-05
0.00572446
5.55821e-05
0.00572669
2.9614e-05
0.00572962
3.59247e-06
0.00573331
-2.26637e-05
0.00573773
-4.89506e-05
0.00574288
-7.5307e-05
0.00574877
-0.000101732
0.00575538
-0.000128218
0.00576274
-0.000154756
-0.000181335
0.00577084
0.00582822
0.000757803
0.00581217
0.000739537
0.00579662
0.000719893
0.00578158
0.000699835
0.00576708
0.000679394
0.00575311
0.000658625
0.00573969
0.000637541
0.00572682
0.000616143
0.00571452
0.000594434
0.00570279
0.000572421
0.00569164
0.000550112
0.00568107
0.000527514
0.0056711
0.000504635
0.00566173
0.000481482
0.00565297
0.000458063
0.00564482
0.000434385
0.0056373
0.000410456
0.00563041
0.000386285
0.00562415
0.000361879
0.00561854
0.000337246
0.00561357
0.000312395
0.00560926
0.000287334
0.00560561
0.000262072
0.00560262
0.000236617
0.0056003
0.000210977
0.00559866
0.000185162
0.0055977
0.00015918
0.00559743
0.000133041
0.00559785
0.000106752
0.00559896
8.03239e-05
0.00560078
5.37657e-05
0.0056033
2.70908e-05
0.00560642
4.73426e-07
0.00561036
-2.65995e-05
0.00561499
-5.35876e-05
0.00562034
-8.06571e-05
0.00562641
-0.000107799
0.0056332
-0.000135005
0.00564071
-0.000162263
-0.000189566
0.00564894
0.00569092
0.000773485
0.00567566
0.000754792
0.00566089
0.000734667
0.00564661
0.000714111
0.00563285
0.000693158
0.00561961
0.000671866
0.0056069
0.000650253
0.00559472
0.000628318
0.00558309
0.000606064
0.00557202
0.000583497
0.0055615
0.000560626
0.00555156
0.000537459
0.00554219
0.000514003
0.00553341
0.000490265
0.00552521
0.000466255
0.00551762
0.000441978
0.00551063
0.000417445
0.00550425
0.000392661
0.0054985
0.000367637
0.00549336
0.00034238
0.00548886
0.000316898
0.00548499
0.000291201
0.00548177
0.000265297
0.00547919
0.000239194
0.00547727
0.000212902
0.005476
0.000186429
0.00547539
0.000159785
0.00547545
0.000132979
0.00547619
0.00010602
0.00547759
7.89192e-05
0.00547967
5.1686e-05
0.00548243
2.43366e-05
0.00548596
-3.06314e-06
0.00549011
-3.07443e-05
0.00549495
-5.84339e-05
0.0055005
-8.62018e-05
0.00550674
-0.000114044
0.00551369
-0.000141952
0.00552134
-0.000169917
-0.000197927
0.0055297
0.00555612
0.000788347
0.00554167
0.000769244
0.00552768
0.000748656
0.00551417
0.000727621
0.00550116
0.000706173
0.00548864
0.000684376
0.00547665
0.000662252
0.00546517
0.000639798
0.00545422
0.000617015
0.0054438
0.000593912
0.00543393
0.000570498
0.00542461
0.000546779
0.00541585
0.000522764
0.00540765
0.00049846
0.00540003
0.000473875
0.00539299
0.000449018
0.00538654
0.000423897
0.00538068
0.00039852
0.00537542
0.000372895
0.00537077
0.000347031
0.00536673
0.000320937
0.00536331
0.000294621
0.00536052
0.000268092
0.00535835
0.00024136
0.00535682
0.000214433
0.00535593
0.000187321
0.00535568
0.000160032
0.00535609
0.000132576
0.00535714
0.000104964
0.00535886
7.7205e-05
0.00536123
4.93104e-05
0.00536427
2.12991e-05
0.00536802
-6.81168e-06
0.0053724
-3.51311e-05
0.00537747
-6.34976e-05
0.00538321
-9.19468e-05
0.00538964
-0.000120473
0.00539676
-0.000149067
0.00540456
-0.000177719
-0.000206419
0.00541305
0.00542377
0.000802381
0.00541013
0.000782885
0.00539693
0.000761854
0.00538419
0.000740359
0.00537193
0.000718433
0.00536016
0.00069615
0.00534888
0.000673532
0.0053381
0.000650576
0.00532783
0.000627284
0.00531808
0.000603663
0.00530885
0.000579722
0.00530016
0.00055547
0.00529201
0.000530914
0.00528441
0.000506061
0.00527736
0.000480921
0.00527088
0.000455502
0.00526497
0.000429811
0.00525963
0.000403858
0.00525487
0.000377651
0.00525071
0.000351198
0.00524713
0.000324509
0.00524416
0.000297592
0.0052418
0.000270458
0.00524004
0.000243113
0.00523891
0.000215569
0.00523839
0.000187834
0.00523851
0.000159919
0.00523925
0.000131832
0.00524063
0.000103584
0.00524265
7.51846e-05
0.00524532
4.66466e-05
0.00524862
1.79935e-05
0.00525261
-1.07972e-05
0.00525723
-3.97571e-05
0.00526252
-6.87825e-05
0.00526847
-9.78943e-05
0.00527508
-0.000127086
0.00528236
-0.000156348
0.00529031
-0.00018567
-0.000215043
0.00529894
0.00529379
0.000815579
0.00528097
0.000795708
0.00526857
0.000774253
0.00525661
0.000752317
0.00524511
0.000729932
0.00523408
0.00070718
0.00522353
0.000684087
0.00521345
0.000660648
0.00520387
0.000636865
0.00519479
0.000612744
0.00518622
0.000588296
0.00517816
0.000563528
0.00517062
0.000538449
0.00516362
0.000513067
0.00515715
0.00048739
0.00515123
0.000461426
0.00514585
0.000435184
0.00514104
0.000408673
0.00513679
0.000381901
0.00513311
0.000354878
0.00513
0.000327612
0.00512748
0.000300113
0.00512555
0.00027239
0.00512421
0.000244452
0.00512347
0.000216309
0.00512334
0.00018797
0.00512381
0.000159446
0.0051249
0.000130745
0.0051266
0.000101879
0.00512893
7.28574e-05
0.00513188
4.36944e-05
0.00513545
1.44215e-05
0.00513969
-1.50296e-05
0.00514455
-4.46196e-05
0.00515005
-7.42864e-05
0.0051562
-0.000104043
0.005163
-0.000133882
0.00517044
-0.000163795
0.00517854
-0.000193771
-0.000223799
0.0051873
0.00516613
0.000827933
0.00515413
0.000807702
0.00514254
0.000785844
0.00513137
0.000763488
0.00512064
0.000740663
0.00511036
0.000717461
0.00510053
0.000693911
0.00509117
0.000670008
0.00508229
0.000645752
0.00507388
0.000621151
0.00506596
0.000596213
0.00505854
0.000570949
0.00505163
0.000545366
0.00504522
0.000519472
0.00503933
0.000493276
0.00503397
0.000466786
0.00502914
0.000440012
0.00502486
0.000412961
0.00502111
0.000385644
0.00501792
0.000358069
0.00501529
0.000330245
0.00501322
0.000302182
0.00501172
0.000273888
0.0050108
0.000245375
0.00501046
0.000216651
0.0050107
0.000187726
0.00501154
0.00015861
0.00501297
0.000129314
0.005015
9.9848e-05
0.00501763
7.02227e-05
0.00502088
4.04533e-05
0.00502471
1.05865e-05
0.00502919
-1.95131e-05
0.00503429
-4.97188e-05
0.00504002
-8.00093e-05
0.00504637
-0.000110393
0.00505335
-0.000140862
0.00506096
-0.000171408
0.00506921
-0.000202019
-0.000232686
0.00507809
0.00504072
0.000839431
0.00502956
0.000818861
0.00501878
0.00079662
0.00500841
0.000773863
0.00499845
0.000750617
0.00498893
0.000726984
0.00497984
0.000702997
0.0049712
0.000678649
0.00496302
0.00065394
0.00495529
0.000628876
0.00494803
0.000603469
0.00494126
0.000577727
0.00493496
0.000551659
0.00492916
0.000525272
0.00492386
0.000498577
0.00491907
0.00047158
0.00491479
0.000444292
0.00491103
0.000416721
0.0049078
0.000388876
0.0049051
0.000360767
0.00490294
0.000332404
0.00490133
0.000303795
0.00490027
0.00027495
0.00489976
0.00024588
0.00489982
0.000216593
0.00490044
0.0001871
0.00490164
0.000157412
0.00490342
0.000127538
0.00490578
9.74896e-05
0.00490872
6.7279e-05
0.00491225
3.69225e-05
0.00491634
6.49667e-06
0.00492108
-2.42525e-05
0.00492642
-5.50571e-05
0.00493236
-8.5952e-05
0.00493891
-0.000116944
0.00494608
-0.000148026
0.00495386
-0.000179186
0.00496225
-0.000210416
-0.000241703
0.00497127
0.0049175
0.000850066
0.00490719
0.000829172
0.00489724
0.000806571
0.00488767
0.000783434
0.0048785
0.000759786
0.00486974
0.000735742
0.0048614
0.000711337
0.00485349
0.000686564
0.004846
0.000661421
0.00483897
0.000635915
0.00483238
0.000610057
0.00482625
0.000583857
0.00482058
0.000557323
0.00481539
0.000530463
0.00481068
0.000503286
0.00480646
0.000475802
0.00480274
0.000448019
0.00479951
0.000419946
0.00479679
0.000391594
0.00479459
0.00036297
0.00479291
0.000334086
0.00479175
0.00030495
0.00479113
0.000275573
0.00479104
0.000245964
0.0047915
0.000216134
0.00479251
0.000186092
0.00479408
0.000155848
0.0047962
0.000125414
0.00479889
9.48004e-05
0.00480215
6.4019e-05
0.00480598
3.30881e-05
0.0048103
2.17889e-06
0.0048153
-2.92552e-05
0.00482088
-6.06334e-05
0.00482704
-9.21141e-05
0.00483379
-0.000123697
0.00484114
-0.000155373
0.00484909
-0.000187131
0.00485763
-0.00021896
-0.00025085
0.00486678
0.00479642
0.000859827
0.00478697
0.000838627
0.00477785
0.000815687
0.0047691
0.000792192
0.00476072
0.000768163
0.00475274
0.000743726
0.00474515
0.000718924
0.00473797
0.000693746
0.0047312
0.000668188
0.00472486
0.000642259
0.00471894
0.000615971
0.00471347
0.000589332
0.00470844
0.000562352
0.00470386
0.000535038
0.00469975
0.0005074
0.0046961
0.000479447
0.00469293
0.000451189
0.00469025
0.000422634
0.00468805
0.000393793
0.00468634
0.000364674
0.00468514
0.000335288
0.00468445
0.000305645
0.00468426
0.000275754
0.0046846
0.000245626
0.00468546
0.000215271
0.00468686
0.000184699
0.00468878
0.000153921
0.00469125
0.000122947
0.00469426
9.17893e-05
0.00469782
6.04599e-05
0.00470193
2.89811e-05
0.0047066
-2.49555e-06
0.00471185
-3.44982e-05
0.00471765
-6.64401e-05
0.00472403
-9.84911e-05
0.00473098
-0.000130648
0.00473851
-0.0001629
0.00474661
-0.000195238
0.0047553
-0.00022765
-0.000260124
0.00476458
0.00467743
0.000868703
0.00466884
0.000847214
0.00466057
0.000823958
0.00465264
0.000800127
0.00464506
0.000775736
0.00463786
0.000750928
0.00463104
0.000725748
0.0046246
0.000700185
0.00461855
0.000674233
0.00461291
0.000647902
0.00460768
0.000621203
0.00460286
0.000594146
0.00459847
0.000566739
0.00459452
0.000538991
0.00459101
0.000510912
0.00458795
0.000482511
0.00458534
0.000453797
0.00458319
0.000424779
0.00458152
0.000395469
0.00458032
0.000365875
0.0045796
0.000336007
0.00457937
0.000305876
0.00457963
0.000275491
0.00458039
0.000244863
0.00458166
0.000214003
0.00458344
0.000182921
0.00458573
0.000151627
0.00458855
0.000120134
0.00459188
8.84532e-05
0.00459575
5.65988e-05
0.00460013
2.45996e-05
0.00460515
-7.51925e-06
0.00461064
-3.99834e-05
0.00461667
-7.24787e-05
0.00462327
-0.000105083
0.00463041
-0.000137796
0.00463812
-0.000170608
0.00464639
-0.000203507
0.00465523
-0.000236484
-0.000269526
0.00466463
0.00456046
0.000876684
0.00455275
0.000854922
0.00454534
0.000831373
0.00453823
0.000807229
0.00453147
0.000782497
0.00452506
0.000757338
0.00451901
0.000731801
0.00451332
0.000705874
0.00450801
0.000679549
0.00450307
0.000652836
0.00449853
0.000625746
0.00449438
0.000598291
0.00449065
0.000570478
0.00448732
0.000542317
0.00448442
0.000513816
0.00448194
0.000484986
0.0044799
0.000455837
0.0044783
0.000426377
0.00447716
0.000396617
0.00447646
0.000366567
0.00447623
0.000336237
0.00447647
0.000305637
0.00447718
0.000274778
0.00447838
0.00024367
0.00448006
0.000212324
0.00448223
0.000180751
0.00448489
0.000148961
0.00448806
0.000116967
0.00449173
8.47813e-05
0.00449591
5.24188e-05
0.00450059
1.99186e-05
0.00450585
-1.27811e-05
0.0045116
-4.57346e-05
0.00451788
-7.87581e-05
0.0045247
-0.000111897
0.00453205
-0.000145146
0.00453994
-0.000178498
0.00454837
-0.000211941
0.00455735
-0.000245464
-0.000279055
0.00456688
0.00444547
0.000883758
0.00443865
0.000861739
0.0044321
0.000837922
0.00442584
0.000813487
0.0044199
0.000788435
0.0044143
0.000762946
0.00440902
0.000737073
0.00440409
0.000710803
0.00439952
0.000684126
0.0043953
0.000657051
0.00439146
0.000629592
0.00438799
0.000601759
0.0043849
0.000573561
0.00438221
0.000545007
0.00437993
0.000516105
0.00437804
0.000486868
0.00437658
0.000457303
0.00437553
0.000427421
0.00437492
0.000397232
0.00437474
0.000366746
0.004375
0.000335974
0.00437572
0.000304925
0.00437688
0.000273612
0.00437851
0.000242043
0.0043806
0.000210231
0.00438317
0.000178186
0.00438621
0.00014592
0.00438973
0.000113445
0.00439374
8.07731e-05
0.00439823
4.7923e-05
0.0044032
1.49516e-05
0.00440873
-1.83068e-05
0.00441474
-5.17483e-05
0.00442126
-8.52802e-05
0.0044283
-0.000118932
0.00443585
-0.000152699
0.00444392
-0.000186572
0.00445252
-0.000220539
0.00446165
-0.00025459
-0.000288711
0.0044713
0.0043324
0.000889915
0.00432648
0.000867655
0.00432081
0.000843593
0.00431541
0.00081889
0.0043103
0.00079354
0.00430551
0.000767741
0.00430103
0.000741555
0.00429687
0.000714963
0.00429304
0.000687954
0.00428955
0.00066054
0.00428641
0.000632732
0.00428362
0.000604543
0.00428121
0.00057598
0.00427916
0.000547054
0.00427749
0.000517773
0.00427621
0.000488147
0.00427533
0.000458188
0.00427484
0.000427904
0.00427477
0.000397307
0.00427511
0.000366406
0.00427587
0.000335212
0.00427706
0.000303735
0.00427868
0.000271987
0.00428075
0.000239978
0.00428326
0.00020772
0.00428622
0.000175223
0.00428964
0.0001425
0.00429353
0.000109563
0.00429787
7.64255e-05
0.00430269
4.3109e-05
0.00430793
9.70691e-06
0.00431373
-2.4109e-05
0.00432001
-5.80257e-05
0.00432678
-9.20449e-05
0.00433403
-0.00012619
0.00434179
-0.000160454
0.00435005
-0.000194829
0.00435881
-0.000229301
0.00436808
-0.00026386
-0.000298493
0.00437786
0.00422121
0.000895144
0.0042162
0.000872658
0.00421142
0.000848375
0.00420688
0.000823428
0.00420262
0.000797801
0.00419865
0.000771714
0.00419497
0.000745235
0.00419159
0.000718343
0.00418852
0.000691025
0.00418576
0.000663292
0.00418334
0.000635157
0.00418125
0.000606633
0.0041795
0.000577727
0.00417811
0.000548449
0.00417707
0.00051881
0.0041764
0.000488818
0.0041761
0.000458485
0.00417619
0.000427821
0.00417666
0.000396836
0.00417752
0.00036554
0.00417879
0.000333945
0.00418046
0.000302062
0.00418255
0.0002699
0.00418506
0.000237471
0.00418799
0.000204787
0.00419136
0.000171858
0.00419516
0.000138697
0.0041994
0.000105317
0.0042041
7.17313e-05
0.00420924
3.79673e-05
0.00421474
4.20666e-06
0.00422083
-3.02014e-05
0.00422738
-6.45687e-05
0.00423438
-9.90534e-05
0.00424187
-0.000133671
0.00424983
-0.000168413
0.00425827
-0.000203269
0.00426719
-0.000238227
0.00427661
-0.000273274
-0.000308399
0.00428651
0.00411185
0.000899434
0.00410777
0.000876737
0.00410389
0.000852258
0.00410022
0.00082709
0.00409682
0.000801208
0.00409368
0.000774854
0.00409081
0.000748104
0.00408822
0.000720934
0.00408591
0.000693328
0.00408391
0.000665298
0.00408221
0.000636858
0.00408082
0.00060802
0.00407976
0.000578792
0.00407902
0.000549185
0.00407862
0.000519208
0.00407857
0.000488872
0.00407887
0.000458187
0.00407952
0.000427163
0.00408055
0.000395812
0.00408195
0.000364143
0.00408372
0.000332168
0.00408589
0.000299898
0.00408844
0.000267344
0.0040914
0.000234517
0.00409475
0.000201428
0.00409852
0.000168089
0.00410271
0.000134511
0.00410732
0.000100707
0.00411236
6.66896e-05
0.00411784
3.24881e-05
0.00412363
-1.58251e-06
0.00413001
-3.65812e-05
0.00413681
-7.13702e-05
0.00414406
-0.000106303
0.00415177
-0.000141376
0.00415993
-0.000176576
0.00416855
-0.000211893
0.00417764
-0.000247317
0.0041872
-0.000282833
-0.000318431
0.00419723
0.00400428
0.000902776
0.00400113
0.000879882
0.00399816
0.000855231
0.00399538
0.000829866
0.00399284
0.000803749
0.00399055
0.000777149
0.0039885
0.000750151
0.00398671
0.000722725
0.00398518
0.000694853
0.00398393
0.000666547
0.00398297
0.000637824
0.00398229
0.000608694
0.00398192
0.000579166
0.00398185
0.000549251
0.0039821
0.000518959
0.00398268
0.0004883
0.00398358
0.000457284
0.00398482
0.000425923
0.0039864
0.000394227
0.00398834
0.000362207
0.00399064
0.000329874
0.00399329
0.000297239
0.00399632
0.000264314
0.00399973
0.00023111
0.00400352
0.000197639
0.0040077
0.000163913
0.00401226
0.000129944
0.00401722
9.57469e-05
0.00402257
6.13398e-05
0.0040283
2.67645e-05
0.00403466
-7.94905e-06
0.00404127
-4.31867e-05
0.00404832
-7.84211e-05
0.0040558
-0.000113788
0.00406372
-0.000149296
0.00407208
-0.000184936
0.00408089
-0.000220697
0.00409014
-0.000256567
0.00409984
-0.000292533
-0.000328584
0.00410999
0.00389846
0.000905162
0.00389626
0.000882082
0.00389421
0.000857285
0.00389233
0.000831745
0.00389066
0.000805415
0.00388922
0.000778592
0.003888
0.000751367
0.00388702
0.000723705
0.00388629
0.000695589
0.0038858
0.00066703
0.00388558
0.000638045
0.00388563
0.000608645
0.00388596
0.00057884
0.00388657
0.000548639
0.00388748
0.000518052
0.00388868
0.000487092
0.0038902
0.000455768
0.00389203
0.000424091
0.00389419
0.000392072
0.00389667
0.000359723
0.00389949
0.000327053
0.00390265
0.000294076
0.00390617
0.000260802
0.00391003
0.000227243
0.00391426
0.000193411
0.00391885
0.000159319
0.00392382
0.000124979
0.00392916
9.04069e-05
0.00393488
5.56226e-05
0.00394095
2.06869e-05
0.00394754
-1.45353e-05
0.00395446
-5.01061e-05
0.00396178
-8.57427e-05
0.00396951
-0.000121521
0.00397766
-0.000157444
0.00398623
-0.000193502
0.00399522
-0.000229685
0.00400463
-0.000265981
0.00401448
-0.000302377
-0.000338861
0.00402475
0.00379436
0.000906584
0.00379311
0.000883331
0.00379199
0.00085841
0.00379101
0.000832719
0.00379023
0.000806196
0.00378965
0.00077917
0.00378928
0.00075174
0.00378912
0.000723866
0.00378918
0.000695527
0.00378948
0.000666736
0.00379001
0.000637511
0.00379079
0.000607863
0.00379183
0.000577802
0.00379313
0.000547337
0.00379471
0.000516479
0.00379656
0.00048524
0.0037987
0.000453629
0.00380113
0.000421659
0.00380386
0.00038934
0.0038069
0.000356683
0.00381025
0.000323699
0.00381393
0.000290401
0.00381793
0.0002568
0.00382227
0.000222908
0.00382694
0.000188737
0.00383196
0.0001543
0.00383733
0.00011961
0.00384305
8.46847e-05
0.00384913
4.95471e-05
0.00385552
1.42964e-05
0.00386239
-2.14112e-05
0.00386962
-5.73289e-05
0.00387722
-9.3343e-05
0.0038852
-0.000129507
0.00389358
-0.000165821
0.00390235
-0.000202276
0.00391153
-0.00023886
0.00392111
-0.000275561
0.0039311
-0.000312365
-0.000349261
0.0039415
0.00369194
0.000907037
0.00369165
0.00088362
0.00369146
0.000858599
0.0036914
0.00083278
0.00369152
0.000806084
0.00369181
0.000778875
0.00369229
0.000751261
0.00369296
0.000723196
0.00369383
0.000694655
0.00369491
0.000665654
0.00369621
0.000636211
0.00369774
0.000606337
0.0036995
0.000576042
0.0037015
0.000545335
0.00370375
0.000514228
0.00370626
0.000482732
0.00370903
0.000450858
0.00371207
0.000418617
0.00371539
0.000386019
0.003719
0.000353077
0.00372289
0.000319803
0.00372709
0.000286206
0.00373159
0.0002523
0.0037364
0.000218097
0.00374153
0.000183608
0.00374698
0.000148847
0.00375276
0.000113829
0.00375887
7.85719e-05
0.00376531
4.31126e-05
0.00377199
7.61498e-06
0.00377919
-2.86114e-05
0.00378672
-6.48591e-05
0.0037946
-0.000101222
0.00380284
-0.000137748
0.00381145
-0.000174431
0.00382043
-0.00021126
0.0038298
-0.000248222
0.00383954
-0.000285305
0.00384967
-0.000322497
-0.000359783
0.00386019
0.00359118
0.000906517
0.00359185
0.000882943
0.00359261
0.000857847
0.00359347
0.000831919
0.00359448
0.00080507
0.00359566
0.000777698
0.003597
0.000749921
0.00359851
0.000721686
0.0036002
0.000692965
0.00360208
0.000663775
0.00360415
0.000634135
0.00360643
0.000604057
0.00360893
0.00057355
0.00361164
0.000542623
0.00361458
0.000511289
0.00361775
0.000479559
0.00362117
0.000447444
0.00362483
0.000414954
0.00362875
0.000382101
0.00363293
0.000348897
0.00363737
0.000315354
0.0036421
0.000281483
0.0036471
0.000247296
0.0036524
0.000212804
0.00365798
0.000178021
0.00366387
0.000142958
0.00367007
0.000107627
0.00367661
7.20395e-05
0.00368349
3.62281e-05
0.00369032
7.81962e-07
0.00369789
-3.61801e-05
0.00370572
-7.26894e-05
0.00371388
-0.000109383
0.00372239
-0.000146251
0.00373124
-0.00018328
0.00374043
-0.000220457
0.00374999
-0.000257774
0.0037599
-0.000295217
0.00377017
-0.000332773
-0.000370429
0.00378082
0.00349204
0.000905019
0.00349368
0.000881297
0.00349538
0.000856147
0.00349717
0.000830131
0.00349909
0.000803146
0.00350116
0.000775632
0.00350337
0.000747712
0.00350573
0.000719327
0.00350825
0.000690446
0.00351094
0.000661087
0.0035138
0.000631272
0.00351684
0.000601011
0.00352008
0.000570314
0.00352351
0.00053919
0.00352715
0.000507651
0.003531
0.000475709
0.00353507
0.000443375
0.00353937
0.000410659
0.00354389
0.000377574
0.00354866
0.000344132
0.00355367
0.000310344
0.00355893
0.000276221
0.00356445
0.000241777
0.00357023
0.000207023
0.00357628
0.000171972
0.0035826
0.000136639
0.00358919
0.000101038
0.00359603
6.5194e-05
0.0036031
2.91607e-05
0.00361087
-6.98588e-06
0.00361862
-4.39305e-05
0.00362672
-8.07926e-05
0.00363515
-0.000117807
0.00364389
-0.000154995
0.00365296
-0.00019235
0.00366236
-0.000229859
0.0036721
-0.000267511
0.00368217
-0.000305293
0.00369259
-0.000343193
-0.000381196
0.00370336
0.00339449
0.000902542
0.00339711
0.000878679
0.00339976
0.000853495
0.00340248
0.00082741
0.00340532
0.000800307
0.00340828
0.000772669
0.00341137
0.000744626
0.00341459
0.000716109
0.00341794
0.000687089
0.00342145
0.000657582
0.00342511
0.000627612
0.00342893
0.000597189
0.00343292
0.000566323
0.00343709
0.000535023
0.00344144
0.000503302
0.00344598
0.00047117
0.00345071
0.000438639
0.00345565
0.000405721
0.0034608
0.000372428
0.00346616
0.00033877
0.00347174
0.00030476
0.00347755
0.00027041
0.0034836
0.000235732
0.00348988
0.000200739
0.00349641
0.000165445
0.00350318
0.000129864
0.00351021
9.40124e-05
0.00351749
5.79167e-05
0.00352499
2.16593e-05
0.00353296
-1.49624e-05
0.0035411
-5.20633e-05
0.00354951
-8.92065e-05
0.00355822
-0.000126516
0.00356723
-0.000164003
0.00357654
-0.00020166
0.00358616
-0.000239477
0.00359608
-0.00027744
0.00360633
-0.000315539
0.0036169
-0.000353759
-0.000392089
0.00362779
0.0032985
0.000899084
0.00330209
0.000875085
0.0033057
0.000849889
0.00330935
0.000823751
0.00331312
0.000796546
0.00331698
0.000768801
0.00332095
0.000740654
0.00332504
0.000712026
0.00332924
0.000682884
0.00333358
0.000653249
0.00333804
0.000623144
0.00334265
0.00059258
0.00334741
0.000561566
0.00335232
0.000530111
0.0033574
0.000498229
0.00336264
0.00046593
0.00336805
0.000433226
0.00337364
0.000400128
0.00337942
0.000366648
0.00338539
0.000332798
0.00339156
0.000298591
0.00339794
0.000264037
0.00340452
0.00022915
0.00341132
0.000193942
0.00341833
0.000158427
0.00342558
0.00012262
0.00343305
8.65397e-05
0.00344075
5.02211e-05
0.0034486
1.38042e-05
0.0034569
-2.32647e-05
0.0034654
-6.05563e-05
0.00347414
-9.79486e-05
0.00348314
-0.000135522
0.00349242
-0.000173281
0.00350198
-0.000211215
0.00351182
-0.000249314
0.00352194
-0.000287566
0.00353236
-0.000325958
0.00354308
-0.000364477
-0.000403111
0.0035541
0.00320402
0.000894642
0.00320859
0.000870516
0.00321316
0.000845327
0.00321776
0.00081915
0.00322245
0.000791858
0.00322722
0.000764024
0.00323209
0.00073579
0.00323705
0.000707068
0.00324211
0.000677822
0.00324728
0.000648077
0.00325257
0.000617857
0.00325797
0.000587172
0.00326351
0.00055603
0.00326918
0.000524442
0.00327499
0.00049242
0.00328094
0.000459976
0.00328705
0.00042712
0.00329331
0.000393866
0.00329974
0.000360223
0.00330633
0.000326205
0.00331309
0.000291824
0.00332004
0.000257091
0.00332717
0.000222019
0.00333449
0.00018662
0.00334201
0.000150908
0.00334974
0.000114898
0.00335767
7.86089e-05
0.0033658
4.20849e-05
0.00337398
5.62534e-06
0.00338266
-3.19455e-05
0.00339151
-6.94076e-05
0.00340059
-0.000107021
0.0034099
-0.000144833
0.00341945
-0.000182837
0.00342926
-0.000221023
0.00343932
-0.00025938
0.00344965
-0.000297896
0.00346026
-0.000336559
0.00347113
-0.000375355
-0.000414271
0.00348229
0.00311103
0.000889213
0.00311657
0.000864971
0.00312209
0.000839807
0.00312764
0.000813603
0.00313326
0.000786236
0.00313896
0.00075833
0.00314472
0.000730027
0.00315056
0.000701226
0.00315649
0.000671893
0.00316251
0.000642057
0.00316863
0.00061174
0.00317485
0.000580953
0.00318117
0.000549703
0.00318761
0.000518002
0.00319417
0.000485861
0.00320085
0.000453293
0.00320766
0.000420309
0.00321461
0.000386921
0.00322169
0.000353139
0.00322892
0.000318977
0.0032363
0.000284445
0.00324383
0.000249558
0.00325153
0.000214326
0.00325938
0.000178763
0.00326741
0.000142882
0.00327561
0.000106698
0.00328399
7.02274e-05
0.00329255
3.35249e-05
0.0033012
-3.02153e-06
0.00331024
-4.09915e-05
0.00331944
-7.86087e-05
0.00332885
-0.000116427
0.00333847
-0.000154454
0.00334831
-0.000192679
0.00335838
-0.000231093
0.00336869
-0.000269685
0.00337924
-0.000308443
0.00339003
-0.000347354
0.00340108
-0.000386406
-0.000425585
0.0034124
0.00301946
0.000882792
0.00302598
0.000858451
0.00303246
0.000833329
0.00303895
0.000807106
0.00304552
0.000779676
0.00305213
0.000751715
0.0030588
0.000723358
0.00306553
0.000694493
0.00307234
0.000665089
0.00307922
0.000635178
0.00308617
0.000604782
0.00309322
0.00057391
0.00310035
0.000542572
0.00310757
0.000510777
0.0031149
0.000478539
0.00312232
0.000445869
0.00312985
0.000412778
0.00313749
0.000379277
0.00314525
0.00034538
0.00315313
0.000311096
0.00316114
0.00027644
0.00316928
0.000241422
0.00317754
0.000206057
0.00318595
0.000170356
0.0031945
0.000134336
0.00320318
9.8014e-05
0.00321199
6.14211e-05
0.00322086
2.46496e-05
0.00323031
-1.24712e-05
0.00323966
-5.03386e-05
0.00324921
-8.81623e-05
0.00325896
-0.000126171
0.0032689
-0.000164392
0.00327903
-0.000202818
0.00328938
-0.000241439
0.00329994
-0.000280245
0.00331072
-0.000319224
0.00332173
-0.000358363
0.00333297
-0.000397649
-0.000437069
0.00334446
0.00292928
0.000875377
0.00293676
0.000850967
0.00294419
0.000825899
0.00295164
0.000799655
0.00295915
0.000772171
0.00296669
0.000744173
0.00297427
0.000715778
0.0029819
0.000686861
0.00298959
0.000657399
0.00299734
0.000627428
0.00300515
0.00059697
0.00301303
0.000566031
0.00302098
0.000534622
0.00302901
0.000502753
0.00303711
0.000470437
0.00304529
0.000437685
0.00305356
0.000404508
0.00306192
0.000370918
0.00307037
0.000336927
0.00307892
0.000302546
0.00308757
0.000267787
0.00309633
0.000232664
0.0031052
0.000197188
0.00311419
0.000161373
0.00312328
0.000125236
0.0031325
8.87972e-05
0.00314182
5.20987e-05
0.00315117
1.52984e-05
0.00316098
-2.22728e-05
0.0031708
-6.01577e-05
0.00318076
-9.81218e-05
0.00319088
-0.000136294
0.00320117
-0.000174685
0.00321164
-0.000213287
0.00322229
-0.000252092
0.00323313
-0.000291088
0.00324417
-0.000330264
0.00325542
-0.000369606
0.00326687
-0.000409102
-0.000448739
0.00327854
0.00284045
0.000866985
0.00284887
0.000842547
0.00285724
0.000817528
0.00286564
0.000791248
0.00287409
0.00076372
0.00288256
0.000735703
0.00289106
0.00070728
0.0028996
0.00067832
0.00290819
0.000648813
0.00291682
0.000618797
0.0029255
0.000588291
0.00293423
0.000557301
0.00294301
0.000525837
0.00295185
0.000493912
0.00296075
0.000461537
0.00296972
0.000428722
0.00297875
0.00039548
0.00298784
0.000361821
0.00299701
0.000327757
0.00300626
0.0002933
0.00301558
0.000258462
0.00302499
0.000223254
0.00303449
0.000187691
0.00304408
0.000151785
0.00305376
0.000115551
0.00306355
7.90092e-05
0.00307344
4.22104e-05
0.0030832
5.53803e-06
0.00309348
-3.25506e-05
0.00310377
-7.04527e-05
0.00311418
-0.000108528
0.00312472
-0.000146834
0.0031354
-0.000185366
0.00314623
-0.000224117
0.00315722
-0.000263077
0.00316836
-0.000302236
0.00317968
-0.00034158
0.00319117
-0.000381097
0.00320284
-0.000420773
-0.000460593
0.0032147
0.00275295
0.000857647
0.00276226
0.000833243
0.00277154
0.00080824
0.0027809
0.000781891
0.0027903
0.000754326
0.00279969
0.000726304
0.00280911
0.000697859
0.00281857
0.000668862
0.00282807
0.00063932
0.00283759
0.00060927
0.00284716
0.000578728
0.00285676
0.0005477
0.0028664
0.000516196
0.00287608
0.00048423
0.00288581
0.000451811
0.00289558
0.000418951
0.0029054
0.000385661
0.00291527
0.000351952
0.00292519
0.000317835
0.00293517
0.000283322
0.0029452
0.000248424
0.0029553
0.000213154
0.00296547
0.000177525
0.0029757
0.000141552
0.002986
0.000105252
0.00299636
6.86493e-05
0.00300675
3.1819e-05
0.00301728
-4.98593e-06
0.00302801
-4.32831e-05
0.00303879
-8.12308e-05
0.00304966
-0.0001194
0.00306064
-0.000157812
0.00307173
-0.000196456
0.00308293
-0.000235324
0.00309426
-0.000274407
0.00310572
-0.000313694
0.00311731
-0.00035317
0.00312904
-0.000392823
0.0031409
-0.000432637
-0.000472598
0.00315291
0.00266671
0.000847333
0.00267688
0.000823071
0.00268708
0.000798047
0.00269738
0.000771586
0.00270771
0.000743999
0.00271803
0.000715984
0.00272838
0.000687511
0.00273876
0.000658475
0.00274918
0.000628902
0.00275963
0.000598824
0.0027701
0.000568253
0.00278061
0.000537195
0.00279114
0.000505661
0.00280171
0.000473665
0.0028123
0.000441216
0.00282293
0.000408324
0.00283359
0.000375002
0.00284428
0.000341259
0.00285501
0.000307107
0.00286577
0.000272556
0.00287658
0.000237618
0.00288743
0.000202306
0.00289832
0.000166633
0.00290925
0.000130618
0.00292022
9.42843e-05
0.0029312
5.76766e-05
0.00294208
2.09363e-05
0.00295352
-1.64287e-05
0.00296473
-5.44882e-05
0.00297601
-9.25105e-05
0.00298735
-0.000130748
0.00299877
-0.00016923
0.00301026
-0.000207949
0.00302184
-0.000246895
0.00303349
-0.000286059
0.00304522
-0.000325429
0.00305705
-0.000364991
0.00306895
-0.000404731
0.00308095
-0.000444634
-0.000484684
0.00309304
0.00258159
0.000835856
0.00259265
0.000812009
0.00260379
0.000786906
0.00261508
0.000760302
0.00262634
0.000732735
0.00263759
0.000704732
0.00264889
0.000676214
0.00266024
0.000647129
0.00267162
0.000617519
0.00268304
0.000587409
0.00269448
0.000556806
0.00270596
0.00052572
0.00271746
0.000494163
0.00272898
0.000462145
0.00274052
0.000429676
0.00275207
0.000396767
0.00276365
0.000363429
0.00277524
0.000329671
0.00278684
0.000295503
0.00279846
0.000260937
0.00281009
0.000225984
0.00282174
0.000190655
0.00283341
0.000154964
0.0028451
0.00011893
0.0028568
8.25826e-05
0.00286848
4.59971e-05
0.00287994
9.47767e-06
0.00289192
-2.84055e-05
0.00290372
-6.62951e-05
0.00291552
-0.000104304
0.00292733
-0.000142559
0.00293916
-0.000181061
0.00295101
-0.000219801
0.00296289
-0.000258773
0.00297479
-0.000297964
0.00298673
-0.000337363
0.00299869
-0.000376955
0.00301068
-0.000416725
0.00302271
-0.00045666
-0.000496744
0.00303477
0.00249773
0.000823291
0.00250959
0.000800151
0.00252184
0.000774649
0.00253426
0.000747885
0.00254661
0.000720388
0.00255894
0.000692393
0.00257133
0.000663829
0.00258376
0.000634703
0.00259621
0.00060506
0.0026087
0.000574921
0.00262122
0.000544293
0.00263375
0.000513189
0.00264629
0.000481621
0.00265884
0.000449597
0.00267138
0.000417129
0.00268392
0.000384226
0.00269646
0.000350897
0.00270897
0.000317153
0.00272147
0.000283003
0.00273395
0.000248457
0.00274641
0.000213526
0.00275885
0.00017822
0.00277126
0.000142551
0.00278365
0.000106534
0.00279605
7.01912e-05
0.00280844
3.36075e-05
0.00282035
-2.43473e-06
0.00283285
-4.0907e-05
0.00284513
-7.85707e-05
0.00285734
-0.00011652
0.00286952
-0.000154734
0.00288165
-0.000193195
0.00289375
-0.000231898
0.00290581
-0.000270837
0.00291785
-0.000309999
0.00292985
-0.000349371
0.00294184
-0.000388939
0.0029538
-0.000428688
0.00296575
-0.000468604
-0.000508671
0.00297767
0.0024147
0.00242727
0.00244075
0.0024545
0.0024683
0.00248213
0.00249596
0.00250977
0.00252355
0.00253731
0.00255103
0.00256472
0.00257836
0.00259197
0.00260552
0.00261902
0.00263247
0.00264585
0.00265917
0.00267242
0.00268559
0.00269869
0.0027117
0.00272463
0.00273745
0.00275006
0.00276343
0.00277598
0.00278851
0.00280094
0.00281329
0.00282557
0.00283777
0.00284989
0.00286195
0.00287393
0.00288585
0.00289771
0.00290951
0.00292125
0.0102277
-7.39808e-06
0.0102364
-8.67972e-06
0.0102463
-9.96208e-06
0.0102576
-1.12447e-05
0.0102701
-1.2527e-05
0.0102839
-1.38083e-05
0.010299
-1.50884e-05
0.0103154
-1.63663e-05
0.010333
-1.76419e-05
0.0103519
-1.89144e-05
0.0103721
-2.01834e-05
0.0103936
-2.14483e-05
0.0104163
-2.27084e-05
0.0104402
-2.39636e-05
0.0104654
-2.52127e-05
0.0104919
-2.64558e-05
0.0105196
-2.76921e-05
0.0105485
-2.8921e-05
0.0105787
-3.01421e-05
0.01061
-3.13546e-05
0.0106426
-3.25582e-05
0.0106763
-3.37526e-05
0.0107113
-3.49367e-05
0.0107474
-3.61105e-05
0.0107846
-3.7273e-05
0.0108231
-3.84242e-05
0.0108626
-3.95631e-05
0.0109033
-4.06897e-05
0.0109451
-4.1803e-05
0.010988
-4.29028e-05
0.011032
-4.39884e-05
0.0110771
-4.50595e-05
0.0111232
-4.61156e-05
0.0111703
-4.71561e-05
0.0112185
-4.81805e-05
0.0112677
-4.91885e-05
0.0113179
-5.01795e-05
0.011369
-5.11531e-05
0.0114212
-5.21088e-05
-5.30481e-05
0.0114742
0.00999235
-1.47018e-05
0.0100009
-1.72351e-05
0.0100107
-1.97695e-05
0.0100218
-2.23043e-05
0.0100341
-2.48382e-05
0.0100476
-2.73703e-05
0.0100625
-2.98993e-05
0.0100785
-3.24246e-05
0.0100958
-3.49447e-05
0.0101144
-3.74587e-05
0.0101341
-3.99655e-05
0.0101552
-4.24643e-05
0.0101774
-4.49535e-05
0.0102009
-4.74325e-05
0.0102256
-4.99e-05
0.0102515
-5.23552e-05
0.0102786
-5.47967e-05
0.0103069
-5.72238e-05
0.0103364
-5.96351e-05
0.010367
-6.20298e-05
0.0103989
-6.44067e-05
0.0104319
-6.6765e-05
0.0104661
-6.91032e-05
0.0105014
-7.14207e-05
0.0105378
-7.37165e-05
0.0105754
-7.59893e-05
0.0106141
-7.82381e-05
0.0106538
-8.04622e-05
0.0106947
-8.26604e-05
0.0107366
-8.48316e-05
0.0107796
-8.69751e-05
0.0108236
-8.90897e-05
0.0108687
-9.11746e-05
0.0109148
-9.32289e-05
0.0109618
-9.52514e-05
0.0110099
-9.72414e-05
0.0110589
-9.9198e-05
0.0111089
-0.00010112
0.0111598
-0.000103007
-0.000104862
0.0112116
0.00976413
-2.19292e-05
0.00977258
-2.56858e-05
0.00978225
-2.9444e-05
0.00979315
-3.32024e-05
0.00980527
-3.69595e-05
0.00981861
-4.07136e-05
0.00983318
-4.44631e-05
0.00984896
-4.82067e-05
0.00986596
-5.19426e-05
0.00988417
-5.56692e-05
0.00990359
-5.93852e-05
0.00992421
-6.30888e-05
0.00994604
-6.67785e-05
0.00996906
-7.04528e-05
0.00999327
-7.411e-05
0.0100187
-7.77485e-05
0.0100452
-8.13671e-05
0.010073
-8.49638e-05
0.0101019
-8.85372e-05
0.0101319
-9.2086e-05
0.0101631
-9.56082e-05
0.0101955
-9.91027e-05
0.0102289
-0.000102568
0.0102635
-0.000106002
0.0102992
-0.000109403
0.010336
-0.000112771
0.0103738
-0.000116103
0.0104128
-0.000119399
0.0104528
-0.000122655
0.0104938
-0.000125873
0.0105359
-0.000129049
0.010579
-0.000132182
0.0106231
-0.000135271
0.0106682
-0.000138315
0.0107142
-0.000141312
0.0107612
-0.00014426
0.0108092
-0.00014716
0.0108581
-0.000150008
0.0109079
-0.000152804
-0.000155552
0.0109586
0.00954279
-2.91066e-05
0.00955116
-3.40594e-05
0.00956073
-3.90141e-05
0.0095715
-4.39689e-05
0.00958346
-4.89216e-05
0.00959662
-5.38703e-05
0.00961097
-5.88129e-05
0.00962651
-6.37471e-05
0.00964324
-6.86712e-05
0.00966115
-7.35831e-05
0.00968025
-7.84806e-05
0.00970052
-8.33616e-05
0.00972196
-8.82243e-05
0.00974458
-9.30664e-05
0.00976835
-9.78858e-05
0.00979329
-0.000102681
0.00981937
-0.000107449
0.00984659
-0.000112188
0.00987495
-0.000116897
0.00990444
-0.000121573
0.00993504
-0.000126214
0.00996676
-0.000130819
0.00999958
-0.000135384
0.0100335
-0.000139909
0.0100685
-0.00014439
0.0101045
-0.000148828
0.0101416
-0.000153218
0.0101798
-0.00015756
0.010219
-0.000161851
0.0102592
-0.00016609
0.0103004
-0.000170274
0.0103427
-0.000174403
0.0103859
-0.000178473
0.01043
-0.000182483
0.0104752
-0.000186432
0.0105212
-0.000190317
0.0105682
-0.000194138
0.0106161
-0.000197891
0.0106648
-0.000201576
-0.000205196
0.0107145
0.00932796
-3.62524e-05
0.00933628
-4.23754e-05
0.00934577
-4.85006e-05
0.00935642
-5.46254e-05
0.00936825
-6.07478e-05
0.00938124
-6.68646e-05
0.00939541
-7.29739e-05
0.00941073
-7.90728e-05
0.00942722
-8.51589e-05
0.00944487
-9.12295e-05
0.00946367
-9.72824e-05
0.00948362
-0.000103315
0.00950472
-0.000109324
0.00952696
-0.000115308
0.00955034
-0.000121264
0.00957485
-0.00012719
0.00960048
-0.000133082
0.00962723
-0.000138939
0.00965509
-0.000144757
0.00968406
-0.000150535
0.00971411
-0.00015627
0.00974525
-0.00016196
0.00977747
-0.000167601
0.00981076
-0.000173193
0.0098451
-0.000178731
0.00988048
-0.000184214
0.0099169
-0.000189639
0.00995435
-0.000195004
0.0099928
-0.000200307
0.0100323
-0.000205545
0.0100727
-0.000210716
0.0101141
-0.000215818
0.0101565
-0.000220848
0.0101998
-0.000225804
0.0102441
-0.000230684
0.0102892
-0.000235486
0.0103353
-0.000240208
0.0103823
-0.000244847
0.0104301
-0.000249402
-0.000253877
0.0104788
0.00911934
-4.33857e-05
0.00912762
-5.06538e-05
0.00913704
-5.79244e-05
0.00914761
-6.51944e-05
0.00915932
-7.24608e-05
0.00917218
-7.97211e-05
0.00918618
-8.69716e-05
0.00920131
-9.421e-05
0.00921759
-0.000101433
0.009235
-0.000108638
0.00925353
-0.000115821
0.0092732
-0.000122979
0.00929399
-0.000130111
0.00931589
-0.000137212
0.0093389
-0.00014428
0.00936303
-0.000151311
0.00938825
-0.000158303
0.00941456
-0.000165253
0.00944196
-0.000172158
0.00947044
-0.000179014
0.00949999
-0.00018582
0.0095306
-0.000192571
0.00956227
-0.000199265
0.00959497
-0.0002059
0.00962871
-0.000212472
0.00966348
-0.000218978
0.00969926
-0.000225416
0.00973604
-0.000231783
0.0097738
-0.000238076
0.00981255
-0.000244292
0.00985227
-0.000250429
0.00989293
-0.000256484
0.00993454
-0.000262454
0.00997707
-0.000268336
0.0100205
-0.000274129
0.0100649
-0.000279829
0.0101101
-0.000285434
0.0101562
-0.000290941
0.0102031
-0.000296348
-0.000301661
0.0102509
0.00891661
-5.05215e-05
0.00892487
-5.89108e-05
0.00893425
-6.73026e-05
0.00894475
-7.56935e-05
0.00895637
-8.40804e-05
0.0089691
-9.24595e-05
0.00898296
-0.000100828
0.00899793
-0.000109181
0.00901401
-0.000117517
0.00903121
-0.000125831
0.00904951
-0.000134121
0.00906891
-0.000142383
0.00908941
-0.000150612
0.00911101
-0.000158807
0.00913369
-0.000166963
0.00915746
-0.000175077
0.0091823
-0.000183146
0.00920821
-0.000191166
0.00923519
-0.000199134
0.00926322
-0.000207046
0.0092923
-0.000214899
0.00932242
-0.00022269
0.00935357
-0.000230416
0.00938574
-0.000238072
0.00941893
-0.000245657
0.00945311
-0.000253165
0.00948829
-0.000260595
0.00952445
-0.000267944
0.00956158
-0.000275206
0.00959967
-0.000282381
0.00963871
-0.000289464
0.00967868
-0.000296453
0.00971957
-0.000303344
0.00976137
-0.000310135
0.00980406
-0.000316822
0.00984763
-0.000323402
0.00989207
-0.000329874
0.00993736
-0.000336233
0.00998349
-0.000342476
-0.000348612
0.0100304
0.00871949
-5.76752e-05
0.00872774
-6.71624e-05
0.00873709
-7.66521e-05
0.00874754
-8.61409e-05
0.00875909
-9.56247e-05
0.00877173
-0.0001051
0.00878546
-0.000114562
0.00880029
-0.000124008
0.0088162
-0.000133433
0.00883321
-0.000142834
0.00885129
-0.000152208
0.00887046
-0.000161549
0.0088907
-0.000170854
0.00891201
-0.00018012
0.00893439
-0.000189342
0.00895783
-0.000198516
0.00898232
-0.00020764
0.00900787
-0.000216708
0.00903445
-0.000225717
0.00906207
-0.000234664
0.00909071
-0.000243544
0.00912038
-0.000252354
0.00915105
-0.000261089
0.00918272
-0.000269747
0.00921539
-0.000278324
0.00924904
-0.000286815
0.00928366
-0.000295217
0.00931925
-0.000303527
0.00935578
-0.000311741
0.00939325
-0.000319856
0.00943166
-0.000327867
0.00947098
-0.000335772
0.0095112
-0.000343567
0.00955231
-0.000351249
0.0095943
-0.000358814
0.00963716
-0.000366259
0.00968087
-0.00037358
0.00972541
-0.000380775
0.00977077
-0.000387841
-0.000394784
0.00981695
0.00852773
-6.48595e-05
0.00853599
-7.54222e-05
0.00854532
-8.59875e-05
0.00855573
-9.65514e-05
0.00856722
-0.00010711
0.00857978
-0.000117658
0.00859341
-0.000128192
0.00860811
-0.000138708
0.00862387
-0.000149201
0.00864071
-0.000159667
0.0086586
-0.000170101
0.00867755
-0.0001805
0.00869756
-0.00019086
0.00871861
-0.000201174
0.00874071
-0.000211441
0.00876385
-0.000221655
0.00878802
-0.000231811
0.00881322
-0.000241907
0.00883944
-0.000251937
0.00886667
-0.000261897
0.00889491
-0.000271784
0.00892415
-0.000281592
0.00895438
-0.000291318
0.00898559
-0.000300958
0.00901778
-0.000310507
0.00905092
-0.000319962
0.00908502
-0.000329319
0.00912007
-0.000338572
0.00915605
-0.00034772
0.00919295
-0.000356756
0.00923076
-0.000365679
0.00926947
-0.000374483
0.00930907
-0.000383165
0.00934954
-0.000391722
0.00939088
-0.000400149
0.00943306
-0.000408443
0.00947608
-0.000416601
0.00951993
-0.000424618
0.00956458
-0.000432491
-0.000440229
0.00961002
0.00834107
-7.2086e-05
0.00834935
-8.37023e-05
0.00835868
-9.53215e-05
0.00836907
-0.000106939
0.00838051
-0.00011855
0.008393
-0.00013015
0.00840654
-0.000141735
0.00842114
-0.000153299
0.00843677
-0.000164838
0.00845345
-0.000176347
0.00847117
-0.000187822
0.00848993
-0.000199258
0.00850972
-0.00021065
0.00853054
-0.000221993
0.00855238
-0.000233283
0.00857524
-0.000244515
0.00859912
-0.000255685
0.008624
-0.000266788
0.00864988
-0.000277819
0.00867675
-0.000288773
0.00870462
-0.000299647
0.00873346
-0.000310435
0.00876328
-0.000321133
0.00879405
-0.000331736
0.00882579
-0.00034224
0.00885846
-0.00035264
0.00889208
-0.000362933
0.00892662
-0.000373113
0.00896208
-0.000383176
0.00899844
-0.000393119
0.0090357
-0.000402936
0.00907384
-0.000412624
0.00911285
-0.000422178
0.00915272
-0.000431595
0.00919344
-0.000440869
0.009235
-0.000449998
0.00927737
-0.000458978
0.00932056
-0.000467803
0.00936454
-0.000476472
-0.000484992
0.0094093
0.00815929
-7.93649e-05
0.0081676
-9.20138e-05
0.00817695
-0.000104666
0.00818732
-0.000117316
0.00819873
-0.000129959
0.00821117
-0.00014259
0.00822464
-0.000155203
0.00823914
-0.000167795
0.00825466
-0.000180359
0.0082712
-0.000192891
0.00828877
-0.000205386
0.00830735
-0.000217838
0.00832694
-0.000230243
0.00834754
-0.000242594
0.00836915
-0.000254889
0.00839175
-0.00026712
0.00841535
-0.000279283
0.00843994
-0.000291374
0.0084655
-0.000303387
0.00849205
-0.000315317
0.00851956
-0.000327158
0.00854803
-0.000338908
0.00857746
-0.000350559
0.00860783
-0.000362108
0.00863914
-0.000373549
0.00867138
-0.000384878
0.00870453
-0.00039609
0.0087386
-0.00040718
0.00877357
-0.000418143
0.00880942
-0.000428976
0.00884616
-0.000439672
0.00888376
-0.000450229
0.00892223
-0.00046064
0.00896153
-0.000470902
0.00900168
-0.000481011
0.00904264
-0.000490961
0.00908441
-0.000500749
0.00912698
-0.000510371
0.00917033
-0.000519822
-0.000529113
0.00921445
0.00798219
-8.67055e-05
0.00799054
-0.000100366
0.0079999
-0.000114031
0.00801028
-0.000127693
0.00802167
-0.000141347
0.00803407
-0.000154988
0.00804748
-0.000168611
0.00806189
-0.00018221
0.00807731
-0.00019578
0.00809373
-0.000209315
0.00811116
-0.000222809
0.00812958
-0.000236258
0.00814899
-0.000249656
0.00816939
-0.000262997
0.00819078
-0.000276275
0.00821315
-0.000289487
0.00823649
-0.000302625
0.0082608
-0.000315685
0.00828607
-0.000328661
0.00831231
-0.000341548
0.00833949
-0.000354341
0.00836761
-0.000367034
0.00839668
-0.000379621
0.00842667
-0.000392098
0.00845758
-0.00040446
0.0084894
-0.000416701
0.00852213
-0.000428816
0.00855575
-0.0004408
0.00859025
-0.000452649
0.00862563
-0.000464356
0.00866188
-0.000475917
0.00869898
-0.000487327
0.00873692
-0.000498582
0.00877569
-0.000509676
0.00881529
-0.000520605
0.00885569
-0.000531365
0.00889689
-0.00054195
0.00893888
-0.000552355
0.00898163
-0.000562578
-0.000572629
0.00902515
0.00780956
-9.41157e-05
0.00781796
-0.000108769
0.00782735
-0.000123425
0.00783774
-0.000138079
0.00784912
-0.000152725
0.00786149
-0.000167357
0.00787485
-0.00018197
0.00788919
-0.000196557
0.00790452
-0.000211112
0.00792084
-0.00022563
0.00793814
-0.000240106
0.00795641
-0.000254532
0.00797566
-0.000268904
0.00799588
-0.000283215
0.00801706
-0.00029746
0.00803921
-0.000311633
0.00806231
-0.000325728
0.00808636
-0.000339739
0.00811136
-0.000353661
0.0081373
-0.000367488
0.00816418
-0.000381214
0.00819198
-0.000394833
0.00822069
-0.00040834
0.00825033
-0.00042173
0.00828086
-0.000434996
0.00831229
-0.000448133
0.00834461
-0.000461136
0.00837781
-0.000473999
0.00841188
-0.000486718
0.00844681
-0.000499285
0.00848259
-0.000511697
0.00851921
-0.000523948
0.00855666
-0.000536032
0.00859493
-0.000547946
0.00863401
-0.000559683
0.00867388
-0.000571239
0.00871454
-0.000582609
0.00875597
-0.000593788
0.00879817
-0.000604771
-0.000615571
0.00884111
0.00764122
-0.000101603
0.00764968
-0.000117229
0.00765911
-0.000132858
0.00766951
-0.000148485
0.00768089
-0.000164103
0.00769324
-0.000179707
0.00770656
-0.000195289
0.00772085
-0.000210845
0.0077361
-0.000226367
0.00775232
-0.00024185
0.0077695
-0.000257287
0.00778764
-0.000272673
0.00780674
-0.000288
0.00782679
-0.000303264
0.00784779
-0.000318457
0.00786973
-0.000333573
0.00789261
-0.000348608
0.00791642
-0.000363553
0.00794116
-0.000378403
0.00796683
-0.000393153
0.00799341
-0.000407796
0.0080209
-0.000422325
0.0080493
-0.000436736
0.00807859
-0.000451022
0.00810877
-0.000465177
0.00813983
-0.000479195
0.00817177
-0.000493071
0.00820457
-0.000506799
0.00823822
-0.000520373
0.00827272
-0.000533786
0.00830806
-0.000547035
0.00834423
-0.000560114
0.00838121
-0.000573015
0.008419
-0.000585736
0.00845759
-0.000598269
0.00849696
-0.00061061
0.0085371
-0.000622754
0.00857801
-0.000634695
0.00861967
-0.000646428
-0.000657969
0.00866206
0.007477
-0.000109173
0.00748552
-0.000125753
0.007495
-0.000142336
0.00750543
-0.000158916
0.00751682
-0.000175488
0.00752916
-0.000192044
0.00754244
-0.000208578
0.00755668
-0.000225084
0.00757187
-0.000241555
0.00758801
-0.000257984
0.00760508
-0.000274365
0.0076231
-0.000290691
0.00764206
-0.000306957
0.00766195
-0.000323155
0.00768277
-0.000339279
0.00770452
-0.000355322
0.00772719
-0.000371278
0.00775078
-0.00038714
0.00777528
-0.000402903
0.00780068
-0.000418559
0.00782699
-0.000434102
0.00785419
-0.000449526
0.00788228
-0.000464825
0.00791125
-0.000479992
0.00794109
-0.00049502
0.0079718
-0.000509905
0.00800337
-0.00052464
0.00803579
-0.000539218
0.00806905
-0.000553633
0.00810314
-0.000567881
0.00813806
-0.000581954
0.0081738
-0.000595846
0.00821033
-0.000609553
0.00824767
-0.000623069
0.00828578
-0.000636386
0.00832468
-0.000649502
0.00836433
-0.000662408
0.00840474
-0.000675101
0.00844588
-0.000687575
-0.000699848
0.00848776
0.00731675
-0.000116833
0.00732534
-0.000134347
0.00733487
-0.000151865
0.00734533
-0.000169381
0.00735673
-0.000186887
0.00736907
-0.000204378
0.00738233
-0.000221845
0.00739653
-0.000239283
0.00741166
-0.000256684
0.00742772
-0.000274041
0.0074447
-0.000291348
0.00746261
-0.000308599
0.00748144
-0.000325785
0.00750118
-0.000342899
0.00752184
-0.000359937
0.00754341
-0.00037689
0.00756588
-0.000393751
0.00758926
-0.000410514
0.00761353
-0.000427172
0.00763869
-0.000443719
0.00766473
-0.000460147
0.00769166
-0.00047645
0.00771945
-0.000492621
0.00774811
-0.000508655
0.00777764
-0.000524543
0.00780801
-0.00054028
0.00783923
-0.000555859
0.00787129
-0.000571274
0.00790417
-0.000586518
0.00793788
-0.000601586
0.00797239
-0.00061647
0.00800771
-0.000631165
0.00804382
-0.000645665
0.00808072
-0.000659964
0.00811839
-0.000674055
0.00815682
-0.000687934
0.008196
-0.000701593
0.00823593
-0.000715028
0.00827659
-0.000728233
-0.000741229
0.00831797
0.00716031
-0.000124586
0.00716898
-0.000143016
0.00717856
-0.000161452
0.00718907
-0.000179884
0.00720049
-0.000198308
0.00721282
-0.000216714
0.00722608
-0.000235097
0.00724024
-0.000253449
0.00725532
-0.000271762
0.00727131
-0.000290031
0.00728821
-0.000308247
0.00730601
-0.000326403
0.00732472
-0.000344492
0.00734433
-0.000362508
0.00736483
-0.000380442
0.00738623
-0.000398288
0.00740852
-0.000416038
0.00743169
-0.000433686
0.00745574
-0.000451224
0.00748067
-0.000468645
0.00750646
-0.000485943
0.00753312
-0.00050311
0.00756064
-0.00052014
0.00758901
-0.000537024
0.00761823
-0.000553758
0.00764828
-0.000570333
0.00767916
-0.000586743
0.00771087
-0.000602981
0.00774339
-0.000619041
0.00777672
-0.000634916
0.00781086
-0.0006506
0.00784578
-0.000666086
0.00788148
-0.000681367
0.00791795
-0.000696438
0.00795519
-0.000711293
0.00799318
-0.000725924
0.00803191
-0.000740326
0.00807138
-0.000754494
0.00811157
-0.00076842
-0.000782131
0.00815247
0.00700755
-0.000132437
0.0070163
-0.000151766
0.00702595
-0.0001711
0.00703649
-0.000190432
0.00704794
-0.000209754
0.00706029
-0.000229059
0.00707353
-0.000248339
0.00708767
-0.000267588
0.0071027
-0.000286797
0.00711863
-0.000305959
0.00713545
-0.000325066
0.00715316
-0.000344112
0.00717176
-0.000363088
0.00719123
-0.000381987
0.00721159
-0.000400802
0.00723283
-0.000419525
0.00725494
-0.000438148
0.00727792
-0.000456665
0.00730176
-0.000475067
0.00732647
-0.000493349
0.00735203
-0.000511501
0.00737843
-0.000529517
0.00740568
-0.00054739
0.00743377
-0.000565112
0.00746269
-0.000582677
0.00749243
-0.000600077
0.007523
-0.000617305
0.00755437
-0.000634354
0.00758654
-0.000651217
0.00761952
-0.000667887
0.00765327
-0.000684358
0.00768781
-0.000700623
0.00772312
-0.000716674
0.00775919
-0.000732507
0.00779601
-0.000748113
0.00783357
-0.000763487
0.00787187
-0.000778622
0.00791088
-0.000793513
0.00795062
-0.000808151
-0.000822569
0.00799106
0.00685834
-0.000140391
0.00686717
-0.0001606
0.00687689
-0.000180815
0.00688748
-0.000201028
0.00689896
-0.000221231
0.00691132
-0.000241417
0.00692456
-0.000261578
0.00693868
-0.000281706
0.00695367
-0.000301793
0.00696955
-0.000321832
0.00698629
-0.000341814
0.00700391
-0.000361733
0.00702241
-0.000381579
0.00704176
-0.000401345
0.00706199
-0.000421025
0.00708307
-0.000440608
0.00710501
-0.00046009
0.00712781
-0.00047946
0.00715145
-0.000498712
0.00717594
-0.000517838
0.00720127
-0.00053683
0.00722743
-0.000555681
0.00725443
-0.000574383
0.00728224
-0.000592929
0.00731088
-0.000611311
0.00734032
-0.000629522
0.00737057
-0.000647555
0.00740162
-0.000665402
0.00743346
-0.000683056
0.00746608
-0.000700509
0.00749948
-0.000717756
0.00753364
-0.000734788
0.00756857
-0.000751599
0.00760424
-0.000768182
0.00764066
-0.00078453
0.00767781
-0.000800636
0.00771568
-0.000816495
0.00775427
-0.000832099
0.00779356
-0.000847441
-0.000862558
0.00783355
0.00671257
-0.000148447
0.00672148
-0.00016952
0.00673127
-0.000190599
0.00674192
-0.000211676
0.00675343
-0.000232743
0.0067658
-0.000253793
0.00677904
-0.000274817
0.00679314
-0.000295808
0.00680811
-0.000316756
0.00682393
-0.000337655
0.00684061
-0.000358496
0.00685815
-0.00037927
0.00687654
-0.000399971
0.00689579
-0.000420589
0.00691588
-0.000441117
0.00693682
-0.000461546
0.0069586
-0.000481869
0.00698121
-0.000502078
0.00700467
-0.000522164
0.00702895
-0.00054212
0.00705406
-0.000561938
0.00707998
-0.000581609
0.00710673
-0.000601127
0.00713428
-0.000620483
0.00716264
-0.000639669
0.0071918
-0.000658678
0.00722174
-0.000677503
0.00725248
-0.000696135
0.00728399
-0.000714567
0.00731627
-0.000732792
0.00734932
-0.000750802
0.00738312
-0.000768591
0.00741767
-0.00078615
0.00745296
-0.000803473
0.00748899
-0.000820552
0.00752573
-0.000837382
0.00756319
-0.000853954
0.00760135
-0.000870262
0.00764021
-0.0008863
-0.000902108
0.00767976
0.00657011
-0.000156611
0.00657911
-0.000178529
0.00658897
-0.000200455
0.00659967
-0.000222379
0.00661122
-0.000244293
0.00662362
-0.00026619
0.00663687
-0.000288061
0.00665095
-0.000309897
0.00666589
-0.000331691
0.00668167
-0.000353433
0.00669829
-0.000375116
0.00671575
-0.000396731
0.00673404
-0.000418269
0.00675318
-0.000439723
0.00677315
-0.000461084
0.00679394
-0.000482343
0.00681557
-0.000503493
0.00683801
-0.000524525
0.00686128
-0.000545431
0.00688536
-0.000566202
0.00691026
-0.000586831
0.00693596
-0.000607309
0.00696246
-0.000627628
0.00698976
-0.000647781
0.00701784
-0.000667758
0.00704672
-0.000687552
0.00707637
-0.000707156
0.0071068
-0.000726561
0.00713799
-0.000745759
0.00716994
-0.000764744
0.00720264
-0.000783506
0.00723609
-0.00080204
0.00727028
-0.000820336
0.0073052
-0.000838388
0.00734083
-0.000856189
0.00737718
-0.000873732
0.00741424
-0.000891008
0.00745199
-0.000908012
0.00749042
-0.000924735
-0.000941227
0.00752954
0.00643086
-0.000164884
0.00643996
-0.000187631
0.00644989
-0.000210386
0.00646065
-0.00023314
0.00647225
-0.000255885
0.00648467
-0.000278612
0.00649792
-0.000301312
0.006512
-0.000323978
0.00652691
-0.0003466
0.00654264
-0.000369169
0.00655921
-0.000391678
0.00657659
-0.000414117
0.0065948
-0.000436478
0.00661383
-0.000458752
0.00663368
-0.00048093
0.00665434
-0.000503004
0.00667581
-0.000524966
0.00669809
-0.000546807
0.00672118
-0.000568517
0.00674507
-0.00059009
0.00676975
-0.000611516
0.00679523
-0.000632786
0.00682149
-0.000653893
0.00684854
-0.000674828
0.00687636
-0.000695583
0.00690496
-0.00071615
0.00693433
-0.00073652
0.00696445
-0.000756685
0.00699533
-0.000776638
0.00702696
-0.00079637
0.00705932
-0.000815874
0.00709243
-0.000835141
0.00712625
-0.000854164
0.0071608
-0.000872935
0.00719606
-0.000891447
0.00723202
-0.000909692
0.00726867
-0.000927663
0.00730602
-0.000945353
0.00734403
-0.000962753
-0.000979921
0.00738273
0.00629473
-0.000173269
0.00630393
-0.000196828
0.00631394
-0.000220394
0.00632476
-0.000243961
0.00633639
-0.00026752
0.00634884
-0.00029106
0.0063621
-0.000314574
0.00637618
-0.000338052
0.00639106
-0.000361486
0.00640676
-0.000384867
0.00642327
-0.000408185
0.00644059
-0.000431433
0.00645871
-0.0004546
0.00647763
-0.000477678
0.00649736
-0.000500659
0.00651789
-0.000523533
0.00653922
-0.000546292
0.00656134
-0.000568926
0.00658425
-0.000591427
0.00660794
-0.000613787
0.00663242
-0.000635995
0.00665768
-0.000658044
0.00668372
-0.000679926
0.00671052
-0.000701631
0.00673808
-0.00072315
0.00676641
-0.000744476
0.00679549
-0.0007656
0.00682532
-0.000786514
0.00685589
-0.000807209
0.0068872
-0.000827677
0.00691923
-0.00084791
0.00695199
-0.000867899
0.00698546
-0.000887638
0.00701965
-0.000907117
0.00705453
-0.00092633
0.00709011
-0.000945268
0.00712637
-0.000963924
0.0071633
-0.00098229
0.00720091
-0.00100036
-0.00101819
0.00723918
0.00616163
-0.000181767
0.00617093
-0.000206119
0.00618101
-0.000230482
0.0061919
-0.000254845
0.00620358
-0.0002792
0.00621605
-0.000303537
0.00622933
-0.000327847
0.0062434
-0.000352122
0.00625826
-0.000376352
0.00627392
-0.000400528
0.00629038
-0.00042464
0.00630763
-0.00044868
0.00632567
-0.000472639
0.00634449
-0.000496506
0.00636411
-0.000520274
0.00638451
-0.000543933
0.00640569
-0.000567474
0.00642765
-0.000590887
0.00645039
-0.000614164
0.0064739
-0.000637296
0.00649818
-0.000660273
0.00652322
-0.000683087
0.00654902
-0.000705729
0.00657558
-0.00072819
0.00660289
-0.000750462
0.00663095
-0.000772534
0.00665975
-0.000794399
0.00668929
-0.000816049
0.00671955
-0.000837474
0.00675054
-0.000858666
0.00678225
-0.000879617
0.00681467
-0.000900318
0.00684779
-0.000920761
0.00688161
-0.000940938
0.00691612
-0.000960841
0.00695132
-0.000980462
0.00698718
-0.000999792
0.00702372
-0.00101883
0.00706091
-0.00103755
-0.00105605
0.00709877
0.00603148
-0.000190378
0.00604087
-0.000215508
0.00605103
-0.000240649
0.00606198
-0.000265792
0.00607371
-0.000290926
0.00608621
-0.000316044
0.0060995
-0.000341135
0.00611357
-0.00036619
0.00612842
-0.0003912
0.00614404
-0.000416154
0.00616045
-0.000441045
0.00617763
-0.000465862
0.00619559
-0.000490596
0.00621432
-0.000515237
0.00623382
-0.000539777
0.00625409
-0.000564206
0.00627513
-0.000588513
0.00629694
-0.000612691
0.0063195
-0.00063673
0.00634283
-0.00066062
0.00636691
-0.000684352
0.00639174
-0.000707917
0.00641731
-0.000731307
0.00644363
-0.00075451
0.00647069
-0.00077752
0.00649848
-0.000800326
0.006527
-0.00082292
0.00655625
-0.000845293
0.00658621
-0.000867436
0.00661688
-0.00088934
0.00664826
-0.000910997
0.00668035
-0.000932398
0.00671312
-0.000953535
0.00674658
-0.000974399
0.00678072
-0.000994981
0.00681553
-0.00101527
0.00685101
-0.00103527
0.00688714
-0.00105496
0.00692393
-0.00107434
-0.00109348
0.00696136
0.00590418
-0.000199103
0.00591367
-0.000224994
0.00592392
-0.000250897
0.00593493
-0.000276803
0.0059467
-0.000302701
0.00595924
-0.000328582
0.00597254
-0.000354437
0.00598661
-0.000380256
0.00600144
-0.00040603
0.00601703
-0.000431748
0.00603339
-0.000457401
0.00605051
-0.000482979
0.00606838
-0.000508473
0.00608702
-0.000533873
0.00610641
-0.000559169
0.00612656
-0.000584352
0.00614746
-0.000609412
0.0061691
-0.00063434
0.0061915
-0.000659126
0.00621464
-0.00068376
0.00623852
-0.000708233
0.00626314
-0.000732536
0.00628849
-0.000756658
0.00631457
-0.000780592
0.00634138
-0.000804327
0.00636891
-0.000827854
0.00639715
-0.000851163
0.0064261
-0.000874247
0.00645576
-0.000897096
0.00648612
-0.0009197
0.00651718
-0.000942052
0.00654892
-0.000964141
0.00658135
-0.00098596
0.00661445
-0.0010075
0.00664822
-0.00102875
0.00668265
-0.00104971
0.00671773
-0.00107035
0.00675346
-0.00109069
0.00678983
-0.00111071
-0.00113049
0.00682685
0.00577968
-0.000207943
0.00578926
-0.000234578
0.00579959
-0.000261227
0.00581067
-0.000287878
0.00582249
-0.000314523
0.00583506
-0.000341152
0.00584838
-0.000367755
0.00586245
-0.000394322
0.00587726
-0.000420843
0.00589282
-0.000447308
0.00590913
-0.000473708
0.00592618
-0.000500032
0.00594398
-0.00052627
0.00596252
-0.000552413
0.0059818
-0.000578451
0.00600182
-0.000604374
0.00602258
-0.000630172
0.00604407
-0.000655835
0.0060663
-0.000681353
0.00608926
-0.000706717
0.00611294
-0.000731917
0.00613735
-0.000756943
0.00616248
-0.000781785
0.00618832
-0.000806435
0.00621487
-0.000830881
0.00624214
-0.000855116
0.0062701
-0.000879129
0.00629876
-0.000902911
0.00632812
-0.000926453
0.00635817
-0.000949745
0.00638889
-0.000972779
0.0064203
-0.000995545
0.00645237
-0.00101803
0.00648511
-0.00104024
0.00651851
-0.00106215
0.00655255
-0.00108375
0.00658724
-0.00110505
0.00662257
-0.00112602
0.00665853
-0.00114666
-0.00116708
0.00669512
0.00565789
-0.0002169
0.00566758
-0.000244261
0.00567799
-0.000271638
0.00568913
-0.000299019
0.005701
-0.000326394
0.0057136
-0.000353754
0.00572694
-0.000381088
0.005741
-0.000408387
0.0057558
-0.00043564
0.00577133
-0.000462836
0.00578758
-0.000489966
0.00580457
-0.000517021
0.00582229
-0.000543988
0.00584074
-0.000570859
0.00585991
-0.000597623
0.00587981
-0.000624271
0.00590043
-0.000650791
0.00592177
-0.000677175
0.00594382
-0.000703411
0.0059666
-0.00072949
0.00599008
-0.000755403
0.00601428
-0.000781138
0.00603918
-0.000806687
0.00606478
-0.000832038
0.00609109
-0.000857184
0.00611808
-0.000882113
0.00614577
-0.000906816
0.00617414
-0.000931283
0.00620319
-0.000955506
0.00623292
-0.000979473
0.00626332
-0.00100318
0.00629438
-0.00102661
0.0063261
-0.00104976
0.00635848
-0.00107261
0.0063915
-0.00109517
0.00642516
-0.00111741
0.00645945
-0.00113934
0.00649437
-0.00116094
0.0065299
-0.0011822
-0.00120324
0.00656606
0.00553877
-0.000225969
0.00554855
-0.000254041
0.00555904
-0.000282129
0.00557025
-0.000310223
0.00558217
-0.000338313
0.0055948
-0.000366387
0.00560815
-0.000394437
0.00562221
-0.000422451
0.00563699
-0.000450419
0.00565249
-0.000478331
0.0056687
-0.000506177
0.00568562
-0.000533945
0.00570326
-0.000561626
0.00572161
-0.00058921
0.00574067
-0.000616685
0.00576044
-0.000644042
0.00578092
-0.00067127
0.00580211
-0.000698359
0.00582399
-0.000725299
0.00584658
-0.000752079
0.00586987
-0.00077869
0.00589385
-0.000805121
0.00591853
-0.000831361
0.00594389
-0.000857402
0.00596994
-0.000883232
0.00599667
-0.000908842
0.00602407
-0.000934222
0.00605215
-0.000959361
0.0060809
-0.000984252
0.00611031
-0.00100888
0.00614037
-0.00103324
0.00617109
-0.00105733
0.00620246
-0.00108112
0.00623446
-0.00110462
0.0062671
-0.00112781
0.00630037
-0.00115068
0.00633426
-0.00117323
0.00636876
-0.00119544
0.00640387
-0.00121731
-0.00123896
0.00643959
0.00542223
-0.000235153
0.00543211
-0.000263919
0.00544269
-0.000292702
0.00545396
-0.000321493
0.00546592
-0.00035028
0.00547859
-0.000379052
0.00549195
-0.000407801
0.00550601
-0.000436514
0.00552078
-0.000465182
0.00553624
-0.000493793
0.0055524
-0.000522337
0.00556926
-0.000550805
0.00558682
-0.000579184
0.00560507
-0.000607464
0.00562402
-0.000635635
0.00564366
-0.000663686
0.005664
-0.000691607
0.00568503
-0.000719387
0.00570675
-0.000747016
0.00572915
-0.000774482
0.00575224
-0.000801777
0.005776
-0.000828888
0.00580045
-0.000855807
0.00582557
-0.000882522
0.00585136
-0.000909023
0.00587782
-0.0009353
0.00590494
-0.000961344
0.00593272
-0.000987143
0.00596116
-0.00101269
0.00599024
-0.00103797
0.00601997
-0.00106297
0.00605034
-0.0010877
0.00608135
-0.00111212
0.00611298
-0.00113625
0.00614523
-0.00116006
0.0061781
-0.00118355
0.00621158
-0.00120671
0.00624566
-0.00122952
0.00628034
-0.00125199
-0.00127424
0.00631562
0.00530823
-0.000244452
0.00531821
-0.000273894
0.00532886
-0.000303356
0.0053402
-0.000332826
0.00535221
-0.000362294
0.00536491
-0.000391748
0.00537828
-0.000421179
0.00539235
-0.000450575
0.00540709
-0.000479926
0.00542252
-0.00050922
0.00543863
-0.000538448
0.00545542
-0.000567598
0.0054729
-0.000596659
0.00549105
-0.000625621
0.00550989
-0.000654472
0.00552941
-0.000683202
0.0055496
-0.000711801
0.00557047
-0.000740256
0.00559201
-0.000768559
0.00561423
-0.000796697
0.00563711
-0.000824661
0.00566066
-0.000852439
0.00568487
-0.000880021
0.00570975
-0.000907396
0.00573528
-0.000934555
0.00576146
-0.000961485
0.0057883
-0.000988178
0.00581578
-0.00101462
0.0058439
-0.00104081
0.00587266
-0.00106672
0.00590205
-0.00109236
0.00593206
-0.00111771
0.0059627
-0.00114276
0.00599395
-0.0011675
0.00602581
-0.00119192
0.00605828
-0.00121601
0.00609134
-0.00123977
0.00612499
-0.00126318
0.00615923
-0.00128622
-0.00130907
0.00619406
0.00519671
-0.000253865
0.00520679
-0.000283967
0.00521752
-0.00031409
0.00522892
-0.000344222
0.00524098
-0.000374354
0.0052537
-0.000404474
0.00526709
-0.00043457
0.00528115
-0.000464633
0.00529588
-0.00049465
0.00531127
-0.000524612
0.00532733
-0.000554507
0.00534405
-0.000584323
0.00536144
-0.000614051
0.0053795
-0.000643678
0.00539822
-0.000673194
0.00541761
-0.000702588
0.00543766
-0.000731848
0.00545836
-0.000760965
0.00547973
-0.000789926
0.00550175
-0.000818721
0.00552443
-0.000847338
0.00554776
-0.000875768
0.00557174
-0.000903999
0.00559636
-0.000932021
0.00562163
-0.000959822
0.00564754
-0.000987392
0.00567408
-0.00101472
0.00570125
-0.0010418
0.00572906
-0.00106861
0.00575748
-0.00109515
0.00578652
-0.00112141
0.00581618
-0.00114737
0.00584644
-0.00117302
0.00587731
-0.00119837
0.00590877
-0.00122339
0.00594082
-0.00124807
0.00597346
-0.00127241
0.00600668
-0.00129639
0.00604047
-0.00132001
-0.00134343
0.00607483
0.00508762
-0.000263392
0.00509779
-0.000294136
0.0051086
-0.000324903
0.00512006
-0.000355681
0.00513217
-0.00038646
0.00514492
-0.000417228
0.00515833
-0.000447973
0.00517238
-0.000478686
0.00518708
-0.000509354
0.00520244
-0.000539966
0.00521844
-0.000570511
0.0052351
-0.000600979
0.0052524
-0.000631356
0.00527036
-0.000661633
0.00528896
-0.000691798
0.00530821
-0.00072184
0.00532811
-0.000751747
0.00534866
-0.000781508
0.00536984
-0.000811113
0.00539167
-0.000840549
0.00541414
-0.000869806
0.00543725
-0.000898873
0.00546099
-0.000927738
0.00548536
-0.000956391
0.00551035
-0.000984821
0.00553598
-0.00101302
0.00556222
-0.00104097
0.00558909
-0.00106866
0.00561656
-0.00109609
0.00564465
-0.00112323
0.00567334
-0.00115009
0.00570262
-0.00117666
0.00573251
-0.00120291
0.00576298
-0.00122884
0.00579404
-0.00125444
0.00582567
-0.0012797
0.00585788
-0.00130461
0.00589065
-0.00132916
0.00592398
-0.00135334
-0.00137733
0.00595787
0.00498091
-0.000273032
0.00499117
-0.000304401
0.00500206
-0.000335794
0.00501358
-0.000367201
0.00502573
-0.00039861
0.00503852
-0.000430009
0.00505193
-0.000461387
0.00506598
-0.000492732
0.00508066
-0.000524034
0.00509597
-0.000555281
0.00511192
-0.000586461
0.0051285
-0.000617562
0.00514572
-0.000648574
0.00516357
-0.000679484
0.00518206
-0.000710282
0.00520117
-0.000740956
0.00522092
-0.000771494
0.00524129
-0.000801885
0.0052623
-0.000832117
0.00528393
-0.000862179
0.00530618
-0.000892061
0.00532906
-0.000921749
0.00535255
-0.000951234
0.00537667
-0.000980503
0.00540139
-0.00100955
0.00542673
-0.00103835
0.00545267
-0.00106691
0.00547921
-0.0010952
0.00550636
-0.00112323
0.0055341
-0.00115097
0.00556243
-0.00117842
0.00559134
-0.00120557
0.00562084
-0.0012324
0.00565091
-0.00125891
0.00568155
-0.00128508
0.00571276
-0.00131091
0.00574452
-0.00133638
0.00577684
-0.00136148
0.00580971
-0.00138621
-0.00141075
0.00584313
0.00487653
-0.000282783
0.00488689
-0.00031476
0.00489786
-0.000346763
0.00490944
-0.000378781
0.00492163
-0.000410802
0.00493444
-0.000442816
0.00494786
-0.000474809
0.0049619
-0.000506771
0.00497655
-0.00053869
0.00499182
-0.000570553
0.00500772
-0.000602351
0.00502422
-0.00063407
0.00504135
-0.0006657
0.00505909
-0.000697228
0.00507745
-0.000728642
0.00509643
-0.000759932
0.00511602
-0.000791085
0.00513623
-0.000822089
0.00515704
-0.000852934
0.00517847
-0.000883607
0.00520051
-0.000914097
0.00522315
-0.000944391
0.00524639
-0.00097448
0.00527024
-0.00100435
0.00529469
-0.00103399
0.00531973
-0.00106339
0.00534536
-0.00109254
0.00537158
-0.00112143
0.00539839
-0.00115004
0.00542578
-0.00117836
0.00545374
-0.00120639
0.00548227
-0.00123411
0.00551137
-0.00126151
0.00554104
-0.00128858
0.00557126
-0.0013153
0.00560203
-0.00134168
0.00563335
-0.0013677
0.00566521
-0.00139334
0.00569761
-0.0014186
-0.00144369
0.00573054
0.00477444
-0.000292646
0.00478489
-0.000325212
0.00479594
-0.000357807
0.00480757
-0.000390419
0.00481981
-0.000423036
0.00483264
-0.000455646
0.00484607
-0.000488237
0.00486009
-0.000520798
0.00487472
-0.000553317
0.00488995
-0.000585782
0.00490578
-0.00061818
0.00492221
-0.000650501
0.00493924
-0.000682731
0.00495687
-0.00071486
0.00497511
-0.000746875
0.00499394
-0.000778764
0.00501337
-0.000810516
0.0050334
-0.000842118
0.00505403
-0.000873559
0.00507524
-0.000904827
0.00509706
-0.000935909
0.00511946
-0.000966795
0.00514245
-0.000997472
0.00516603
-0.00102793
0.00519019
-0.00105815
0.00521493
-0.00108813
0.00524025
-0.00111786
0.00526614
-0.00114732
0.00529261
-0.0011765
0.00531963
-0.00120539
0.00534722
-0.00123398
0.00537537
-0.00126225
0.00540407
-0.00129021
0.00543332
-0.00131783
0.00546312
-0.0013451
0.00549345
-0.00137202
0.00552432
-0.00139856
0.00555571
-0.00142474
0.00558763
-0.00145052
-0.00147614
0.00562008
0.0046746
-0.000302617
0.00468514
-0.000335756
0.00469626
-0.000368925
0.00470796
-0.000402113
0.00472023
-0.000435308
0.00473308
-0.000468498
0.00474651
-0.00050167
0.00476053
-0.000534813
0.00477512
-0.000567915
0.0047903
-0.000600963
0.00480607
-0.000633945
0.00482242
-0.00066685
0.00483935
-0.000699665
0.00485687
-0.000732378
0.00487497
-0.000764977
0.00489366
-0.00079745
0.00491292
-0.000829784
0.00493277
-0.000861967
0.0049532
-0.000893988
0.00497421
-0.000925834
0.00499579
-0.000957494
0.00501795
-0.000988954
0.00504069
-0.0010202
0.00506399
-0.00105123
0.00508786
-0.00108202
0.0051123
-0.00111257
0.00513729
-0.00114286
0.00516285
-0.00117287
0.00518896
-0.00120261
0.00521563
-0.00123205
0.00524284
-0.00126119
0.0052706
-0.00129001
0.00529889
-0.0013185
0.00532773
-0.00134666
0.00535709
-0.00137446
0.00538698
-0.00140191
0.00541739
-0.00142898
0.00544833
-0.00145567
0.00547977
-0.00148197
-0.0015081
0.00551173
0.00457696
-0.000312698
0.0045876
-0.000346391
0.00459879
-0.000380116
0.00461054
-0.000413863
0.00462285
-0.000447618
0.00463572
-0.000481369
0.00464915
-0.000515104
0.00466315
-0.000548812
0.00467771
-0.000582479
0.00469285
-0.000616093
0.00470854
-0.000649643
0.00472481
-0.000683115
0.00474164
-0.000716497
0.00475904
-0.000749778
0.00477701
-0.000782943
0.00479554
-0.000815983
0.00481464
-0.000848883
0.0048343
-0.000881631
0.00485453
-0.000914216
0.00487532
-0.000946625
0.00489667
-0.000978845
0.00491858
-0.00101087
0.00494105
-0.00104267
0.00496407
-0.00107425
0.00498765
-0.0011056
0.00501178
-0.00113669
0.00503645
-0.00116753
0.00506167
-0.00119809
0.00508742
-0.00122837
0.00511372
-0.00125835
0.00514055
-0.00128802
0.00516792
-0.00131737
0.00519581
-0.00134639
0.00522422
-0.00137507
0.00525315
-0.0014034
0.0052826
-0.00143136
0.00531256
-0.00145894
0.00534303
-0.00148614
0.005374
-0.00151293
-0.00153957
0.00540547
0.00448149
-0.000322887
0.00449222
-0.000357115
0.00450348
-0.000391379
0.00451528
-0.000425665
0.00452763
-0.000459962
0.00454051
-0.000494257
0.00455395
-0.000528538
0.00456793
-0.000562792
0.00458246
-0.000597007
0.00459753
-0.00063117
0.00461316
-0.000665269
0.00462934
-0.000699291
0.00464606
-0.000733224
0.00466334
-0.000767055
0.00468117
-0.000800771
0.00469955
-0.00083436
0.00471847
-0.000867809
0.00473795
-0.000901107
0.00475797
-0.000934239
0.00477854
-0.000967194
0.00479965
-0.000999959
0.00482131
-0.00103252
0.00484351
-0.00106487
0.00486625
-0.00109699
0.00488953
-0.00112888
0.00491334
-0.00116051
0.00493768
-0.00119187
0.00496256
-0.00122297
0.00498796
-0.00125377
0.00501389
-0.00128428
0.00504034
-0.00131447
0.00506731
-0.00134434
0.00509479
-0.00137388
0.00512279
-0.00140307
0.0051513
-0.0014319
0.00518031
-0.00146037
0.00520982
-0.00148845
0.00523982
-0.00151614
0.00527031
-0.00154342
-0.00157054
0.00530129
0.00438816
-0.000333183
0.00439897
-0.000367928
0.0044103
-0.000402711
0.00442215
-0.000437519
0.00443453
-0.00047234
0.00444743
-0.00050716
0.00446086
-0.000541969
0.00447482
-0.000576751
0.00448931
-0.000611497
0.00450433
-0.000646191
0.00451989
-0.000680822
0.00453597
-0.000715376
0.00455259
-0.000749842
0.00456974
-0.000784206
0.00458742
-0.000818455
0.00460564
-0.000852577
0.00462439
-0.000886559
0.00464367
-0.000920388
0.00466349
-0.000954052
0.00468383
-0.000987537
0.0047047
-0.00102083
0.0047261
-0.00105392
0.00474803
-0.0010868
0.00477048
-0.00111944
0.00479346
-0.00115185
0.00481695
-0.001184
0.00484097
-0.00121589
0.0048655
-0.0012475
0.00489055
-0.00127882
0.00491611
-0.00130984
0.00494219
-0.00134054
0.00496877
-0.00137092
0.00499585
-0.00140097
0.00502344
-0.00143066
0.00505152
-0.00145999
0.0050801
-0.00148894
0.00510916
-0.00151751
0.00513869
-0.00154568
0.0051687
-0.00157343
-0.00160099
0.00519915
0.00429691
-0.000343584
0.00430781
-0.000378828
0.00431921
-0.000414111
0.00433112
-0.000449422
0.00434353
-0.000484748
0.00435644
-0.000520076
0.00436987
-0.000555393
0.0043838
-0.000590687
0.00439825
-0.000625944
0.00441321
-0.000661151
0.00442868
-0.000696296
0.00444467
-0.000731366
0.00446118
-0.000766347
0.0044782
-0.000801227
0.00449574
-0.000835992
0.00451379
-0.00087063
0.00453236
-0.000905128
0.00455144
-0.000939473
0.00457104
-0.000973652
0.00459116
-0.00100765
0.00461179
-0.00104146
0.00463293
-0.00107506
0.00465458
-0.00110845
0.00467675
-0.00114161
0.00469942
-0.00117453
0.0047226
-0.00120719
0.0047463
-0.00123958
0.00477049
-0.0012717
0.00479519
-0.00130352
0.00482039
-0.00133504
0.0048461
-0.00136625
0.00487229
-0.00139712
0.00489899
-0.00142766
0.00492617
-0.00145784
0.00495383
-0.00148765
0.00498196
-0.00151708
0.00501056
-0.00154611
0.00503961
-0.00157472
0.00506909
-0.00160291
-0.00163087
0.00509897
0.00420774
-0.000354091
0.00421872
-0.000389813
0.00423019
-0.000425578
0.00424214
-0.000461373
0.00425458
-0.000497185
0.00426751
-0.000533002
0.00428092
-0.000568809
0.00429483
-0.000604595
0.00430923
-0.000640346
0.00432413
-0.000676048
0.00433952
-0.000711689
0.00435541
-0.000747256
0.0043718
-0.000782735
0.00438869
-0.000818114
0.00440608
-0.000853379
0.00442396
-0.000888516
0.00444235
-0.000923514
0.00446123
-0.000958359
0.00448062
-0.000993037
0.0045005
-0.00102754
0.00452089
-0.00106184
0.00454177
-0.00109595
0.00456315
-0.00112983
0.00458503
-0.00116349
0.00460741
-0.0011969
0.00463028
-0.00123006
0.00465365
-0.00126295
0.00467752
-0.00129556
0.00470188
-0.00132788
0.00472673
-0.00135989
0.00475207
-0.00139158
0.00477789
-0.00142294
0.00480419
-0.00145396
0.00483096
-0.00148461
0.00485819
-0.00151488
0.00488587
-0.00154475
0.00491397
-0.00157421
0.00494248
-0.00160323
0.00497137
-0.0016318
-0.00166007
0.00500057
0.0041206
-0.000364701
0.00413167
-0.000400882
0.0041432
-0.000437109
0.0041552
-0.000473369
0.00416766
-0.000509649
0.00418059
-0.000545935
0.004194
-0.000582214
0.00420788
-0.000618473
0.00422223
-0.000654699
0.00423706
-0.000690878
0.00425237
-0.000726998
0.00426816
-0.000763045
0.00428443
-0.000799004
0.00430118
-0.000834864
0.00431841
-0.000870612
0.00433613
-0.000906233
0.00435433
-0.000941714
0.00437301
-0.000977043
0.00439218
-0.00101221
0.00441184
-0.00104719
0.00443198
-0.00108199
0.00445261
-0.00111658
0.00447372
-0.00115095
0.00449532
-0.00118509
0.00451741
-0.00121899
0.00453999
-0.00125264
0.00456305
-0.00128601
0.00458659
-0.00131911
0.00461062
-0.00135191
0.00463512
-0.0013844
0.0046601
-0.00141656
0.00468554
-0.00144839
0.00471144
-0.00147986
0.00473778
-0.00151095
0.00476454
-0.00154164
0.00479171
-0.00157192
0.00481925
-0.00160175
0.00484712
-0.0016311
0.00487529
-0.00165997
-0.00168841
0.00490363
0.00403547
-0.000375414
0.00404662
-0.000412035
0.00405821
-0.000448704
0.00407025
-0.000485409
0.00408274
-0.000522136
0.00409568
-0.000558873
0.00410907
-0.000595605
0.00412292
-0.000632319
0.00413722
-0.000669002
0.00415198
-0.00070564
0.0041672
-0.00074222
0.00418288
-0.000778728
0.00419903
-0.000815152
0.00421564
-0.000851477
0.00423272
-0.00088769
0.00425027
-0.000923779
0.00426828
-0.00095973
0.00428677
-0.000995529
0.00430573
-0.00103116
0.00432516
-0.00106662
0.00434506
-0.00110189
0.00436544
-0.00113695
0.0043863
-0.0011718
0.00440763
-0.00120642
0.00442943
-0.0012408
0.00445172
-0.00127492
0.00447447
-0.00130877
0.0044977
-0.00134233
0.00452139
-0.0013756
0.00454555
-0.00140855
0.00457015
-0.00144116
0.00459519
-0.00147343
0.00462065
-0.00150532
0.00464651
-0.00153681
0.00467274
-0.00156787
0.0046993
-0.00159848
0.00472614
-0.0016286
0.00475321
-0.00165817
0.00478046
-0.00168722
-0.00171563
0.00480768
0.00395231
-0.00038623
0.00396355
-0.000423269
0.0039752
-0.000460361
0.00398728
-0.000497491
0.00399979
-0.000534646
0.00401274
-0.000571814
0.00402611
-0.000608979
0.00403992
-0.000646129
0.00405417
-0.00068325
0.00406886
-0.000720329
0.00408399
-0.000757352
0.00409957
-0.000794305
0.00411559
-0.000831176
0.00413207
-0.00086795
0.00414899
-0.000904615
0.00416637
-0.000941157
0.0041842
-0.000977564
0.00420249
-0.00101382
0.00422124
-0.00104992
0.00424046
-0.00108583
0.00426013
-0.00112156
0.00428027
-0.00115709
0.00430087
-0.00119241
0.00432194
-0.00122749
0.00434348
-0.00126233
0.00436547
-0.00129691
0.00438792
-0.00133122
0.00441083
-0.00136524
0.00443417
-0.00139895
0.00445795
-0.00143233
0.00448214
-0.00146536
0.00450672
-0.00149801
0.00453167
-0.00153026
0.00455695
-0.00156208
0.00458251
-0.00159343
0.00460831
-0.00162427
0.00463426
-0.00165455
0.00466027
-0.00168418
0.00468629
-0.00171324
-0.00174132
0.00471198
0.00387111
-0.000397146
0.00388243
-0.000434584
0.00389414
-0.000472078
0.00390626
-0.000509613
0.0039188
-0.000547177
0.00393174
-0.000584755
0.00394509
-0.000622335
0.00395887
-0.000659903
0.00397306
-0.000697444
0.00398768
-0.000734946
0.00400272
-0.000772395
0.00401819
-0.000809777
0.0040341
-0.000847079
0.00405043
-0.000884288
0.00406721
-0.000921391
0.00408442
-0.000958373
0.00410208
-0.000995222
0.00412019
-0.00103192
0.00413874
-0.00106847
0.00415774
-0.00110484
0.00417719
-0.00114102
0.0041971
-0.001177
0.00421746
-0.00121276
0.00423827
-0.0012483
0.00425952
-0.00128359
0.00428122
-0.00131861
0.00430334
-0.00135335
0.00432589
-0.00138779
0.00434885
-0.0014219
0.00437219
-0.00145567
0.00439589
-0.00148906
0.00441992
-0.00152204
0.00444423
-0.00155457
0.00446877
-0.00158662
0.00449348
-0.00161814
0.00451826
-0.00164905
0.00454303
-0.00167932
0.00456763
-0.00170878
0.00459199
-0.0017376
-0.00176493
0.0046156
0.00379184
-0.000408165
0.00380323
-0.00044598
0.00381501
-0.000483854
0.00382717
-0.000521775
0.00383972
-0.000559727
0.00385267
-0.000597697
0.003866
-0.000635673
0.00387974
-0.00067364
0.00389388
-0.000711584
0.00390843
-0.000749492
0.00392338
-0.000787351
0.00393875
-0.000825147
0.00395454
-0.000862866
0.00397075
-0.000900496
0.00398738
-0.000938023
0.00400444
-0.000975433
0.00402193
-0.00101271
0.00403985
-0.00104985
0.00405821
-0.00108683
0.00407701
-0.00112363
0.00409624
-0.00116025
0.00411591
-0.00119667
0.00413602
-0.00123287
0.00415655
-0.00126883
0.0041775
-0.00130454
0.00419886
-0.00133997
0.00422062
-0.00137511
0.00424275
-0.00140992
0.00426524
-0.00144439
0.00428804
-0.00147847
0.00431113
-0.00151214
0.00433445
-0.00154535
0.00435793
-0.00157806
0.00438151
-0.0016102
0.00440508
-0.00164171
0.00442852
-0.0016725
0.00445169
-0.0017025
0.00447438
-0.00173146
0.00449648
-0.0017597
-0.00178573
0.00451728
0.00371448
-0.000419285
0.00372596
-0.000457456
0.00373779
-0.000495691
0.00374999
-0.000533976
0.00376256
-0.000572297
0.00377551
-0.000610641
0.00378883
-0.000648994
0.00380253
-0.000687342
0.00381662
-0.000725673
0.0038311
-0.000763972
0.00384597
-0.000802225
0.00386125
-0.000840421
0.00387693
-0.000878544
0.00389301
-0.000916581
0.00390951
-0.000954519
0.00392642
-0.000992344
0.00394375
-0.00103004
0.0039615
-0.0010676
0.00397966
-0.00110499
0.00399825
-0.00114222
0.00401725
-0.00117926
0.00403667
-0.00121608
0.00405649
-0.00125269
0.0040767
-0.00128904
0.0040973
-0.00132513
0.00411825
-0.00136093
0.00413955
-0.00139641
0.00416116
-0.00143153
0.00418305
-0.00146627
0.00420516
-0.00150059
0.00422745
-0.00153443
0.00424984
-0.00156774
0.00427223
-0.00160046
0.00429453
-0.0016325
0.00431659
-0.00166377
0.00433823
-0.00169414
0.00435926
-0.00172353
0.00437938
-0.00175158
0.00439843
-0.00177876
-0.00180273
0.00441544
0.00363901
-0.000430508
0.00365057
-0.000469014
0.00366247
-0.00050759
0.00367471
-0.00054622
0.00368731
-0.000584891
0.00370026
-0.000623591
0.00371357
-0.000662304
0.00372724
-0.000701018
0.00374129
-0.000739719
0.00375571
-0.000778393
0.00377051
-0.000817027
0.0037857
-0.000855607
0.00380127
-0.00089412
0.00381724
-0.00093255
0.00383361
-0.000970884
0.00385037
-0.00100911
0.00386753
-0.0010472
0.00388509
-0.00108516
0.00390305
-0.00112295
0.0039214
-0.00116057
0.00394013
-0.00119799
0.00395924
-0.00123519
0.00397872
-0.00127216
0.00399854
-0.00130887
0.00401869
-0.00134528
0.00403913
-0.00138138
0.00405984
-0.00141712
0.00408078
-0.00145247
0.00410189
-0.00148738
0.0041231
-0.0015218
0.00414434
-0.00155567
0.0041655
-0.0015889
0.00418646
-0.00162142
0.00420706
-0.00165309
0.0042271
-0.00168381
0.00424634
-0.00171338
0.0042645
-0.00174169
0.00428116
-0.00176824
0.00429614
-0.00179374
-0.00181472
0.00430813
0.00356543
-0.000441839
0.00357708
-0.000480661
0.00358905
-0.000519557
0.00360134
-0.000558514
0.00361397
-0.000597518
0.00362693
-0.000636555
0.00364024
-0.000675612
0.0036539
-0.000714675
0.00366791
-0.00075373
0.00368228
-0.000792764
0.00369701
-0.000831763
0.00371212
-0.000870711
0.00372759
-0.000909595
0.00374344
-0.000948399
0.00375967
-0.000987108
0.00377627
-0.00102571
0.00379324
-0.00106417
0.00381058
-0.0011025
0.00382828
-0.00114065
0.00384634
-0.00117862
0.00386473
-0.00121639
0.00388346
-0.00125392
0.00390249
-0.00129119
0.0039218
-0.00132818
0.00394137
-0.00136485
0.00396115
-0.00140116
0.0039811
-0.00143707
0.00400116
-0.00147253
0.00402126
-0.00150748
0.0040413
-0.00154184
0.00406117
-0.00157554
0.00408072
-0.00160846
0.00409978
-0.00164047
0.00411812
-0.00167143
0.00413547
-0.00170116
0.0041515
-0.0017294
0.00416583
-0.00175602
0.00417793
-0.00178034
0.00418753
-0.00180333
-0.00182018
0.00419299
0.00349374
-0.000453289
0.00350549
-0.000492407
0.00351754
-0.000531605
0.00352989
-0.000570869
0.00354256
-0.000610188
0.00355555
-0.000649545
0.00356887
-0.000688928
0.00358252
-0.000728323
0.0035965
-0.000767714
0.00361082
-0.000807089
0.00362549
-0.000846431
0.00364051
-0.000885726
0.00365587
-0.000924957
0.00367158
-0.000964108
0.00368763
-0.00100316
0.00370402
-0.0010421
0.00372075
-0.0010809
0.00373781
-0.00111955
0.00375518
-0.00115803
0.00377286
-0.0011963
0.00379082
-0.00123435
0.00380904
-0.00127214
0.00382749
-0.00130965
0.00384615
-0.00134684
0.00386497
-0.00138366
0.00388389
-0.00142008
0.00390286
-0.00145604
0.00392179
-0.00149146
0.00394057
-0.00152626
0.00395908
-0.00156035
0.00397716
-0.00159361
0.00399459
-0.00162589
0.00401113
-0.00165702
0.00402648
-0.00168678
0.00404027
-0.00171494
0.00405205
-0.00174119
0.00406134
-0.00176531
0.00406747
-0.00178647
0.0040701
-0.00180596
-0.00181738
0.0040673
0.00342398
-0.000464872
0.00343584
-0.000504265
0.00344798
-0.000543745
0.00346041
-0.000583299
0.00347313
-0.000622912
0.00348616
-0.000662569
0.00349949
-0.000702258
0.00351313
-0.000741961
0.00352708
-0.000781666
0.00354134
-0.000821355
0.00355592
-0.000861012
0.00357082
-0.000900622
0.00358603
-0.000940167
0.00360155
-0.000979627
0.00361737
-0.00101898
0.00363349
-0.00105822
0.0036499
-0.00109731
0.00366658
-0.00113623
0.00368351
-0.00117496
0.00370068
-0.00121347
0.00371807
-0.00125173
0.00373564
-0.00128971
0.00375336
-0.00132737
0.00377118
-0.00136466
0.00378904
-0.00140153
0.00380687
-0.00143792
0.00382458
-0.00147375
0.00384206
-0.00150893
0.00385914
-0.00154334
0.00387565
-0.00157686
0.00389136
-0.00160932
0.00390599
-0.00164052
0.0039192
-0.00167023
0.00393059
-0.00169817
0.00393967
-0.00172403
0.0039459
-0.00174741
0.00394866
-0.00176806
0.00394718
-0.00178499
0.00394102
-0.00179981
-0.00180447
0.00392811
0.00335619
-0.000476603
0.00336818
-0.000516251
0.00338042
-0.000555991
0.00339293
-0.00059581
0.00340571
-0.000635693
0.00341877
-0.000675625
0.0034321
-0.00071559
0.00344571
-0.000755573
0.00345961
-0.000795557
0.00347378
-0.000835526
0.00348823
-0.000875461
0.00350295
-0.000915344
0.00351794
-0.000955157
0.00353319
-0.000994878
0.00354869
-0.00103449
0.00356444
-0.00107396
0.00358041
-0.00111328
0.00359658
-0.00115241
0.00361295
-0.00119133
0.00362948
-0.00123
0.00364614
-0.00126839
0.00366289
-0.00130646
0.00367968
-0.00134416
0.00369645
-0.00138142
0.00371311
-0.00141819
0.00372956
-0.00145436
0.00374566
-0.00148985
0.00376125
-0.00152452
0.00377613
-0.00155822
0.00379003
-0.00159076
0.00380264
-0.00162193
0.00381358
-0.00165146
0.0038224
-0.00167905
0.00382859
-0.00170435
0.00383154
-0.00172699
0.00383062
-0.00174649
0.00382509
-0.00176254
0.00381416
-0.00177406
0.00379731
-0.00178295
-0.00177964
0.00377248
0.00329043
-0.000488495
0.00330255
-0.000528369
0.0033149
-0.000568341
0.00332748
-0.000608394
0.0033403
-0.000648515
0.00335336
-0.000688685
0.00336667
-0.00072889
0.0033802
-0.000769112
0.00339398
-0.000809333
0.00340799
-0.000849535
0.00342223
-0.000889699
0.00343669
-0.000929804
0.00345136
-0.000969831
0.00346624
-0.00100976
0.00348131
-0.00104956
0.00349656
-0.00108921
0.00351197
-0.00112869
0.00352751
-0.00116796
0.00354317
-0.00120698
0.0035589
-0.00124573
0.00357466
-0.00128415
0.0035904
-0.0013222
0.00360603
-0.0013598
0.00362148
-0.00139687
0.00363662
-0.00143333
0.0036513
-0.00146904
0.00366533
-0.00150388
0.00367848
-0.00153767
0.00369047
-0.0015702
0.00370093
-0.00160123
0.00370947
-0.00163047
0.00371559
-0.00165758
0.00371872
-0.00168219
0.00371825
-0.00170388
0.00371346
-0.00172219
0.0037036
-0.00173663
0.00368792
-0.00174685
0.00366563
-0.00175178
0.00363621
-0.00175353
-0.00174137
0.00359794
0.00322674
-0.000500536
0.00323897
-0.000540601
0.00325139
-0.000580765
0.00326401
-0.000621013
0.00327683
-0.000661328
0.00328983
-0.000701692
0.00330303
-0.000742089
0.00331642
-0.0007825
0.00332999
-0.000822906
0.00334375
-0.000863287
0.00335767
-0.000903624
0.00337176
-0.000943895
0.00338601
-0.000984077
0.0034004
-0.00102415
0.00341492
-0.00106408
0.00342955
-0.00110384
0.00344426
-0.0011434
0.00345903
-0.00118273
0.00347383
-0.00122178
0.00348859
-0.0012605
0.00350326
-0.00129882
0.00351775
-0.00133669
0.00353197
-0.00137401
0.00354576
-0.00141066
0.00355896
-0.00144653
0.00357136
-0.00148144
0.0035827
-0.00151522
0.00359264
-0.00154762
0.00360081
-0.00157838
0.00360676
-0.00160718
0.00360996
-0.00163367
0.00360982
-0.00165743
0.00360567
-0.00167804
0.0035968
-0.00169501
0.00358245
-0.00170785
0.00356185
-0.00171604
0.00353423
-0.00171923
0.00349894
-0.00171649
0.00345549
-0.00171007
-0.00168868
0.0034028
0.00316506
-0.000512685
0.00317735
-0.000552894
0.00318979
-0.000593203
0.00320237
-0.000633594
0.00321509
-0.000674051
0.00322796
-0.000714556
0.00324096
-0.000755091
0.00325409
-0.000795635
0.00326736
-0.000836171
0.00328075
-0.000876676
0.00329425
-0.000917129
0.00330786
-0.000957507
0.00332157
-0.000997785
0.00333536
-0.00103794
0.00334921
-0.00107793
0.0033631
-0.00111773
0.003377
-0.0011573
0.00339086
-0.00119659
0.00340463
-0.00123555
0.00341823
-0.0012741
0.00343158
-0.00131217
0.00344454
-0.00134965
0.00345697
-0.00138643
0.00346866
-0.00142236
0.00347939
-0.00145725
0.00348884
-0.0014909
0.00349667
-0.00152305
0.00350246
-0.0015534
0.0035057
-0.00158162
0.00350582
-0.0016073
0.0035022
-0.00163004
0.00349412
-0.00164936
0.00348085
-0.00166477
0.00346162
-0.00167578
0.00343569
-0.00168191
0.00340237
-0.00168272
0.00336107
-0.00167793
0.00331148
-0.00166689
0.00325318
-0.00165178
-0.00162138
0.00318589
0.00310521
-0.00052486
0.00311748
-0.000565159
0.00312983
-0.000605557
0.00314227
-0.000646037
0.0031548
-0.000686581
0.00316742
-0.000727172
0.00318012
-0.000767789
0.00319289
-0.000808414
0.00320575
-0.000849024
0.00321867
-0.0008896
0.00323166
-0.000930115
0.0032447
-0.000970545
0.00325777
-0.00101086
0.00327086
-0.00105103
0.00328395
-0.00109101
0.00329698
-0.00113077
0.00330992
-0.00117024
0.00332271
-0.00120937
0.00333525
-0.00124809
0.00334744
-0.00128629
0.00335914
-0.00132387
0.00337017
-0.00136069
0.00338032
-0.00139658
0.00338932
-0.00143135
0.00339683
-0.00146477
0.00340248
-0.00149654
0.00340579
-0.00152636
0.00340625
-0.00155385
0.00340323
-0.0015786
0.00339609
-0.00160016
0.00338407
-0.00161803
0.00336642
-0.00163171
0.00334235
-0.00164069
0.00331108
-0.00164451
0.00327192
-0.00164274
0.0032243
-0.00163511
0.00316788
-0.00162152
0.00310288
-0.00160188
0.00302933
-0.00157824
-0.00154022
0.00294817
0.00304687
-0.000536954
0.00305899
-0.000577288
0.00307116
-0.000617721
0.00308336
-0.000658238
0.0030956
-0.000698818
0.00310787
-0.000739444
0.00312018
-0.000780096
0.00313252
-0.000820753
0.00314488
-0.000861391
0.00315727
-0.000901987
0.00316967
-0.000942512
0.00318206
-0.000982937
0.00319442
-0.00102322
0.00320673
-0.00106333
0.00321894
-0.00110322
0.00323098
-0.00114282
0.0032428
-0.00118206
0.00325428
-0.00122086
0.00326531
-0.00125912
0.00327573
-0.0012967
0.00328533
-0.00133347
0.00329386
-0.00136923
0.00330104
-0.00140376
0.0033065
-0.00143681
0.00330982
-0.00146808
0.0033105
-0.00149722
0.00330797
-0.00152384
0.00330162
-0.0015475
0.00329074
-0.00156772
0.00327459
-0.00158401
0.00325242
-0.00159585
0.00322345
-0.00160274
0.00318696
-0.00160421
0.00314233
-0.00159988
0.00308905
-0.00158947
0.00302682
-0.00157287
0.00295555
-0.00155024
0.0028757
-0.00152204
0.00278754
-0.00149008
-0.00144664
0.00269397
0.00298958
-0.000548867
0.00300149
-0.000589189
0.00301338
-0.000629613
0.00302526
-0.000670123
0.00303714
-0.000710698
0.00304902
-0.000751319
0.00306089
-0.000791965
0.00307274
-0.000832611
0.00308459
-0.000873232
0.0030964
-0.000913799
0.00310816
-0.000954278
0.00311986
-0.000994631
0.00313144
-0.00103481
0.00314287
-0.00107476
0.00315407
-0.00111442
0.00316496
-0.0011537
0.00317542
-0.00119252
0.00318531
-0.00123075
0.00319445
-0.00126826
0.00320261
-0.00130486
0.00320952
-0.00134037
0.00321484
-0.00137455
0.00321818
-0.0014071
0.00321908
-0.00143771
0.00321701
-0.00146601
0.00321136
-0.00149157
0.00320146
-0.00151394
0.00318659
-0.00153263
0.00316599
-0.00154712
0.00313887
-0.00155689
0.00310447
-0.00156145
0.00306209
-0.00156036
0.00301114
-0.00155326
0.00295122
-0.00153995
0.00288217
-0.00152042
0.00280423
-0.00149493
0.00271801
-0.00146403
0.00262465
-0.00142867
0.00252437
-0.0013898
-0.00134271
0.00242045
0.00293295
0.00294459
0.0029562
0.00296776
0.00297928
0.00299076
0.0030022
0.00301358
0.00302489
0.00303612
0.00304722
0.00305817
0.00306889
0.00307932
0.00308935
0.00309886
0.00310768
0.00311562
0.00312242
0.00312778
0.00313136
0.00313271
0.00313135
0.00312671
0.00311816
0.00310499
0.00308645
0.00306175
0.00303008
0.00299065
0.00294273
0.00288567
0.002819
0.00274241
0.00265588
0.00255972
0.00245477
0.00234262
0.00222633
0.00211766
0.0115148
-4.06128e-05
0.0115504
-3.55605e-05
0.0115801
-2.97763e-05
0.0116035
-2.33342e-05
0.0116197
-1.62143e-05
0.0116281
-8.44608e-06
0.0116283
-1.38397e-07
0.0116198
8.45684e-06
0.0116027
1.71422e-05
0.0115771
2.55858e-05
0.0115437
3.34098e-05
0.0115035
4.01587e-05
0.0114582
4.53307e-05
0.0114098
4.83937e-05
0.0113609
4.88641e-05
0.0113146
4.63229e-05
0.011274
4.05707e-05
0.0112424
3.16167e-05
0.0112226
1.9864e-05
0.0112164
6.19955e-06
0.0112244
-8.06585e-06
0.0112453
-2.09154e-05
0.0112755
-3.01067e-05
0.0113084
-3.29942e-05
0.0113358
-2.73071e-05
0.0113473
-1.15417e-05
0.011334
1.33199e-05
0.0112887
4.53223e-05
0.0112088
7.98597e-05
0.0110961
0.000112745
0.0109568
0.000139219
0.0108002
0.000156585
0.0106389
0.000161343
0.0104923
0.00014657
0.0103769
0.000115475
0.0103109
6.59517e-05
0.0103404
-2.94515e-05
0.0105421
-0.000201715
0.0109135
-0.000371466
0.0113428
-0.00042925
0.0116912
-0.000348369
0.0118742
-0.000183019
0.0118565
1.76594e-05
0.0116587
0.000197863
0.0113707
0.00028797
0.0110268
0.000343873
0.0106154
0.000411393
0.0101925
0.000422898
0.0100624
0.000130159
0.0105238
-0.000461448
0.011384
-0.000860148
0.0122105
-0.000826533
0.0126215
-0.000411031
0.0126258
-4.25853e-06
0.0123657
0.000260095
0.0119055
0.000460142
0.0114818
0.000423792
0.011059
0.00042274
0.0111028
-4.37484e-05
-0.000293924
0.0112514
-8.0463e-05
0.0112863
-7.04298e-05
0.0113155
-5.89961e-05
0.0113384
-4.62322e-05
0.0113543
-3.21074e-05
0.0113626
-1.66951e-05
0.0113626
-2.00101e-07
0.0113542
1.68583e-05
0.0113373
3.41147e-05
0.0113119
5.08967e-05
0.0112789
6.6457e-05
0.0112392
7.98873e-05
0.0111943
9.01885e-05
0.0111464
9.62977e-05
0.011098
9.72495e-05
0.0110521
9.22015e-05
0.011012
8.07546e-05
0.0109807
6.2913e-05
0.010961
3.94784e-05
0.0109551
1.21951e-05
0.0109633
-1.63204e-05
0.0109845
-4.20635e-05
0.0110149
-6.05363e-05
0.0110484
-6.6476e-05
0.0110763
-5.52504e-05
0.0110887
-2.38835e-05
0.0110763
2.5712e-05
0.0110321
8.95064e-05
0.0109536
0.000158366
0.0108425
0.000223769
0.0107053
0.000276418
0.010551
0.000310951
0.0103918
0.000320535
0.0102472
0.000291187
0.0101325
0.000230101
0.0100647
0.000133772
0.01009
-5.47532e-05
0.0102879
-0.00039954
0.0106579
-0.000741502
0.0110858
-0.000857152
0.0114321
-0.0006947
0.0116126
-0.00036349
0.0115934
3.68903e-05
0.011396
0.000395209
0.0111119
0.000572051
0.0107749
0.000680901
0.0103676
0.000818707
0.00994544
0.000845049
0.00980983
0.000265771
0.010265
-0.000916601
0.0111201
-0.00171527
0.0119408
-0.00164719
0.0123453
-0.000815563
0.0123459
-4.82209e-06
0.0120867
0.000519292
0.0116317
0.000915067
0.0112123
0.000843236
0.0107955
0.000839557
0.0108386
-8.68316e-05
-0.000585692
0.0109979
-0.000119735
0.0110322
-0.000104798
0.011061
-8.77708e-05
0.0110835
-6.87571e-05
0.0110991
-4.76976e-05
0.0111071
-2.47054e-05
0.011107
-9.73051e-08
0.0110985
2.53814e-05
0.0110814
5.11657e-05
0.0110561
7.62637e-05
0.011023
9.95553e-05
0.0109832
0.000119677
0.0109383
0.000135127
0.0108902
0.000144305
0.0108417
0.000145754
0.0107957
0.000138197
0.0107555
0.000121025
0.0107242
9.42179e-05
0.0107047
5.89709e-05
0.010699
1.78693e-05
0.0107079
-2.51778e-05
0.0107299
-6.41472e-05
0.0107617
-9.22526e-05
0.0107968
-0.000101567
0.0108264
-8.49437e-05
0.0108404
-3.78816e-05
0.0108294
3.67125e-05
0.0107863
0.000132614
0.0107087
0.000236032
0.0105985
0.000333989
0.0104622
0.000412707
0.0103086
0.000464504
0.01015
0.000479128
0.0100059
0.000435335
0.00989031
0.000345662
0.00981762
0.00020646
0.00983602
-7.31527e-05
0.0100321
-0.000595618
0.0104079
-0.00111728
0.0108423
-0.00129152
0.0111906
-0.00104304
0.0113693
-0.000542163
0.0113461
6.00115e-05
0.0111455
0.000595804
0.0108627
0.000854898
0.010531
0.00101259
0.0101244
0.00122529
0.0096928
0.00127667
0.0095454
0.00041317
0.00999999
-0.00137119
0.0108646
-0.00257992
0.0116895
-0.00247208
0.0120876
-0.00121359
0.0120815
1.19801e-06
0.0118185
0.00078229
0.011366
0.00136759
0.0109461
0.00126312
0.0105302
0.00125544
0.010576
-0.000132636
-0.000878164
0.0107534
-0.000158612
0.0107874
-0.000138795
0.0108158
-0.000116221
0.0108381
-9.09954e-05
0.0108534
-6.30273e-05
0.0108611
-3.24722e-05
0.0108608
2.36435e-07
0.010852
3.41509e-05
0.0108347
6.84918e-05
0.010809
0.000101958
0.0107755
0.000133052
0.0107353
0.000159948
0.0106898
0.000180626
0.0106411
0.000192937
0.010592
0.000194912
0.0105453
0.000184819
0.0105045
0.000161825
0.0104729
0.000125856
0.0104534
7.84975e-05
0.0104481
2.31598e-05
0.0104579
-3.49618e-05
0.0104815
-8.77598e-05
0.0105153
-0.000126096
0.010553
-0.000139284
0.0105855
-0.000117405
0.010602
-5.43577e-05
0.0105928
4.58827e-05
0.0105508
0.000174665
0.0104735
0.000313322
0.0103633
0.000444199
0.0102269
0.000549073
0.010073
0.000618441
0.00991365
0.000638439
0.00976884
0.000580144
0.00965092
0.000463577
0.00957054
0.00028684
0.00957908
-8.16934e-05
0.00977458
-0.000791112
0.0101625
-0.00150518
0.0106106
-0.00173961
0.0109652
-0.00139763
0.0111429
-0.000719897
0.0111139
8.90202e-05
0.0109067
0.000803027
0.0106228
0.00113877
0.0102953
0.00134003
0.00988632
0.00163432
0.00943766
0.00172534
0.00927087
0.000579955
0.00972586
-0.00182617
0.0106111
-0.00346514
0.0114513
-0.00331227
0.0118458
-0.00160809
0.0118316
1.53648e-05
0.0115613
0.00105257
0.0111081
0.00182084
0.0106836
0.00168758
0.0102649
0.0016742
0.010315
-0.00018274
-0.00117444
0.0105174
-0.00019724
0.0105512
-0.000172555
0.0105794
-0.000144449
0.0106014
-0.000113018
0.0106165
-7.81336e-05
0.010624
-3.99922e-05
0.0106234
8.54738e-07
0.0106143
4.32712e-05
0.0105965
8.626e-05
0.0105703
0.000128213
0.0105361
0.00016725
0.0104949
0.000201069
0.0104485
0.000227113
0.0103987
0.000242661
0.0103484
0.000245206
0.0103007
0.000232533
0.010259
0.000203561
0.0102267
0.000158131
0.010207
9.82104e-05
0.0102021
2.80257e-05
0.0102131
-4.59517e-05
0.0102388
-0.000113429
0.0102755
-0.000162827
0.0103168
-0.000180563
0.010353
-0.000153585
0.0103727
-7.4054e-05
0.0103657
5.28234e-05
0.0103247
0.000215694
0.0102474
0.000390677
0.0101364
0.000555122
0.00999913
0.000686382
0.00984376
0.000773813
0.00968259
0.000799611
0.00953624
0.000726494
0.00941483
0.000584982
0.00932404
0.000377628
0.00931965
-7.72989e-05
0.00951545
-0.000986914
0.00992148
-0.0019112
0.0103901
-0.00220824
0.0107548
-0.00176231
0.0109321
-0.000897259
0.0108953
0.000125908
0.0106784
0.00101992
0.0103915
0.00142563
0.0100674
0.00166415
0.00965377
0.00204793
0.00918237
0.00219674
0.00898746
0.000774869
0.00943842
-0.00227714
0.0103513
-0.00437801
0.0112184
-0.00417937
0.0116149
-0.00200461
0.0115932
3.7119e-05
0.0113135
0.00133219
0.0108573
0.0022771
0.0104248
0.00212004
0.00999987
0.00209915
0.0100556
-0.000238426
-0.00147719
0.0102894
-0.00023575
0.010323
-0.000206187
0.0103511
-0.000172545
0.010373
-0.000134893
0.0103879
-9.30539e-05
0.0103952
-4.72683e-05
0.0103943
1.79688e-06
0.0103847
5.28284e-05
0.0103664
0.000104612
0.0103393
0.000155232
0.0103042
0.000202416
0.0102619
0.000243369
0.010214
0.00027497
0.0101628
0.000293898
0.0101109
0.000297074
0.0100617
0.00028176
0.0100186
0.000246609
0.00998544
0.000191328
0.00996539
0.000118265
0.00996097
3.24429e-05
0.0099734
-5.8385e-05
0.0100016
-0.000141625
0.0100419
-0.000203144
0.0100876
-0.000226283
0.0101284
-0.000194376
0.010152
-9.76708e-05
0.0101477
5.71773e-05
0.0101076
0.000255751
0.0100298
0.000468523
0.00991749
0.000667421
0.00977848
0.000825395
0.00962074
0.00093155
0.00945671
0.000963638
0.00930821
0.000874999
0.00918246
0.000710728
0.0090786
0.000481492
0.00905797
-5.66713e-05
0.00925467
-0.00118362
0.00968461
-0.00234114
0.0101803
-0.00270398
0.0105586
-0.00214057
0.0107359
-0.0010745
0.010689
0.000172723
0.0104598
0.0012492
0.0101682
0.0017172
0.00984645
0.00198588
0.00942727
0.00246711
0.00892986
0.00269415
0.00869657
0.00100816
0.00913175
-0.00271232
0.0100737
-0.00531997
0.0109803
-0.00508592
0.0113882
-0.00241257
0.0113626
6.27678e-05
0.0110735
0.00162129
0.0106129
0.00273765
0.0101697
0.00256321
0.00973579
0.0025331
0.00979796
-0.000300591
-0.00178859
0.010069
-0.000274259
0.0101026
-0.000239793
0.0101306
-0.000200592
0.0101524
-0.00015668
0.0101672
-0.000107826
0.0101742
-5.43088e-05
0.0101729
3.08947e-06
0.0101628
6.28908e-05
0.0101438
0.000123665
0.0101158
0.000183189
0.0100795
0.000238784
0.0100357
0.000287141
0.00998613
0.000324541
0.00993299
0.000347031
0.00987915
0.000350917
0.00982802
0.000332895
0.0097833
0.000291324
0.00974891
0.000225723
0.00972835
0.00013882
0.00972438
3.64134e-05
0.00973846
-7.24652e-05
0.00976961
-0.000172769
0.00981415
-0.00024769
0.00986515
-0.000277279
0.00991142
-0.000240644
0.00993962
-0.000125872
0.00993818
5.86197e-05
0.00989902
0.000294905
0.00982026
0.000547285
0.00970597
0.000781714
0.00956459
0.000966776
0.00940365
0.00109248
0.0092359
0.00113139
0.00908489
0.00102601
0.00895424
0.000841378
0.00883463
0.000601102
0.00879419
-1.62243e-05
0.00899205
-0.00138148
0.00945147
-0.00280055
0.00998079
-0.00323331
0.0103759
-0.00253572
0.010553
-0.00125154
0.0104941
0.000231613
0.0102501
0.00149324
0.00995225
0.00201501
0.00963179
0.00230635
0.00920733
0.00289157
0.00868342
0.00321805
0.00840066
0.00129093
0.00880072
-0.00311238
0.00976581
-0.00628506
0.0107242
-0.00604428
0.0111573
-0.00284572
0.0111353
8.47488e-05
0.0108391
0.00191755
0.0103742
0.00320257
0.00991841
0.00301896
0.00947314
0.00297837
0.00954214
-0.000369583
-0.00211025
0.00985556
-0.000312868
0.00988922
-0.00027346
0.0099173
-0.000228664
0.00993905
-0.000178439
0.00995372
-0.000122487
0.00996053
-6.11283e-05
0.00995888
4.7476e-06
0.00994826
7.35097e-05
0.00992841
0.000143516
0.00989936
0.000212232
0.00986159
0.000276557
0.00981609
0.000332645
0.00976449
0.000376138
0.00970911
0.000402411
0.00965292
0.000407107
0.00959951
0.000386305
0.00955279
0.000338041
0.00951693
0.000261584
0.00949571
0.000160041
0.00949216
3.99612e-05
0.00950806
-8.83615e-05
0.00954253
-0.000207237
0.00959191
-0.000297069
0.009649
-0.000334366
0.00970158
-0.000293233
0.00973501
-0.000159297
0.00973677
5.68552e-05
0.00969844
0.000333244
0.00961833
0.000627393
0.00950146
0.000898583
0.00935713
0.0011111
0.00919226
0.00125735
0.00902003
0.00130362
0.00886644
0.0011796
0.00873062
0.000977203
0.00859259
0.000739125
0.00852844
4.79319e-05
0.00872721
-0.00158025
0.00922134
-0.00329469
0.00979075
-0.00380271
0.0102061
-0.00295105
0.0103825
-0.001428
0.0103093
0.000304787
0.0100486
0.00175399
0.00974307
0.00232054
0.00942256
0.00262685
0.00899432
0.0033198
0.00844616
0.00376622
0.00810408
0.00163301
0.00844542
-0.00345372
0.00941956
-0.00725921
0.0104388
-0.00706353
0.0109136
-0.00332047
0.0109065
9.18052e-05
0.0106081
0.00221601
0.01014
0.00367065
0.00967079
0.00348814
0.00921245
0.00343671
0.00928782
-0.000444953
-0.00244302
0.00964882
-0.000351665
0.00968263
-0.000307268
0.00971079
-0.000256829
0.00973258
-0.000200223
0.00974717
-0.000137077
0.00975378
-6.77474e-05
0.00975176
6.77497e-06
0.00974055
8.47201e-05
0.00971982
0.000164239
0.00968957
0.000242483
0.00965022
0.000315911
0.00960275
0.000380112
0.00954884
0.000430043
0.00949089
0.000460361
0.00943201
0.000465989
0.00937598
0.000442335
0.00932694
0.000387081
0.00928935
0.000299174
0.00926729
0.000182101
0.00926412
4.31364e-05
0.00928197
-0.000106212
0.00932009
-0.000245364
0.00937487
-0.000351847
0.00943885
-0.000398342
0.0094986
-0.000352987
0.00953788
-0.000198574
0.00954312
5.16164e-05
0.00950548
0.000370879
0.00942358
0.000709294
0.00930358
0.00101858
0.00915582
0.00125887
0.00898632
0.00142685
0.00880894
0.001481
0.00865297
0.00133556
0.00851198
0.0011182
0.00835291
0.000898192
0.00826101
0.000139836
0.00845952
-0.00177876
0.00899281
-0.00382797
0.00960892
-0.00441883
0.010048
-0.00339011
0.0102234
-0.00160339
0.0101337
0.000394434
0.00985473
0.00203298
0.00954003
0.00263524
0.00921802
0.00294887
0.0087884
0.00374943
0.00822023
0.00433438
0.00781353
0.00203971
0.0080747
-0.0037149
0.00903692
-0.00822142
0.0101184
-0.00814501
0.01065
-0.0038521
0.0106713
7.04998e-05
0.010378
0.00250935
0.00990921
0.00413944
0.0094269
0.00397045
0.00895435
0.00390926
0.00903452
-0.000525114
-0.00278674
0.00944836
-0.000390727
0.00948238
-0.000341283
0.0095107
-0.000285146
0.00953256
-0.000222084
0.00954712
-0.000151636
0.00955356
-7.41932e-05
0.00955117
9.16442e-06
0.00953935
9.65417e-05
0.0095177
0.000185892
0.00948614
0.000274046
0.00944505
0.000357001
0.00939541
0.000429751
0.00933894
0.000486512
0.00927812
0.000521179
0.00921622
0.000527887
0.00915725
0.000501314
0.00910557
0.000438756
0.00906599
0.000338752
0.0090429
0.000205191
0.00904004
4.59961e-05
0.00905994
-0.000126114
0.00910202
-0.000287443
0.00916273
-0.000412557
0.00923439
-0.000470001
0.00930216
-0.000420754
0.00934791
-0.000244326
0.00935686
4.26668e-05
0.0093198
0.000407943
0.00923564
0.000793457
0.00911198
0.00114224
0.00896036
0.00141049
0.00878559
0.00160162
0.00860249
0.0016641
0.0084446
0.00149345
0.00829869
0.00126411
0.0081163
0.00108058
0.00799239
0.000263752
0.00818792
-0.0019743
0.00876302
-0.00440306
0.00943264
-0.00508845
0.00989994
-0.0038574
0.0100741
-0.00177756
0.00996612
0.000502424
0.00966785
0.00233125
0.00934251
0.00296058
0.00901759
0.00327379
0.00858937
0.00417765
0.0080066
0.00491715
0.00753716
0.00250914
0.0077059
-0.00388364
0.0086316
-0.00914712
0.00976536
-0.00927877
0.0103634
-0.00445013
0.0104262
7.73037e-06
0.0101468
0.00278874
0.00968071
0.0046055
0.00918681
0.00446435
0.00869961
0.00439646
0.00878148
-0.000606988
-0.00314003
0.00925384
-0.00043012
0.00928812
-0.000375566
0.00931665
-0.00031367
0.00933863
-0.000244071
0.00935321
-0.000166207
0.00935951
-8.04985e-05
0.00935678
1.1898e-05
0.00934434
0.000108979
0.00932172
0.000208512
0.00928877
0.000306999
0.00924581
0.000399956
0.00919382
0.000481745
0.00913455
0.000545782
0.00907058
0.000585143
0.00900537
0.000593104
0.00894313
0.000563552
0.00888852
0.000493366
0.00884669
0.00038058
0.00882238
0.000229499
0.00881974
4.86434e-05
0.00884177
-0.000148148
0.00888806
-0.000333728
0.0089552
-0.000479705
0.00903535
-0.000550145
0.00911201
-0.000497416
0.00916484
-0.00029716
0.00917772
2.97873e-05
0.00914106
0.000444602
0.00905414
0.000880381
0.00892631
0.00127007
0.00877048
0.00156631
0.00858982
0.00178228
0.00840055
0.00185337
0.00824139
0.0016526
0.00809095
0.00141456
0.00788364
0.00128789
0.00772379
0.000423594
0.00791074
-0.00216124
0.00852674
-0.00501906
0.00925671
-0.00581843
0.00975862
-0.0043593
0.0099327
-0.00195164
0.00980529
0.000629831
0.00948725
0.00264928
0.00914984
0.003298
0.00882094
0.00360269
0.00839667
0.00460191
0.00780499
0.00550884
0.00728281
0.00303133
0.0073595
-0.00396033
0.00822475
-0.0100124
0.00938947
-0.0104435
0.0100546
-0.00511522
0.010169
-0.000106757
0.00991273
0.00304505
0.00945336
0.00506487
0.00895067
0.00496703
0.0084491
0.00489803
0.00852787
-0.00068576
-0.00350006
0.00906492
-0.000469896
0.00909952
-0.000410166
0.0091283
-0.000342449
0.00915046
-0.000266229
0.00916509
-0.000180833
0.00917129
-8.67022e-05
0.00916824
1.49475e-05
0.0091552
0.000122024
0.00913159
0.00023212
0.00909718
0.000341405
0.00905225
0.000444886
0.00899774
0.000536259
0.00893546
0.000608066
0.00886809
0.00065251
0.00879927
0.000661924
0.00873347
0.000629347
0.00867564
0.0005512
0.0086313
0.000424913
0.00860556
0.00025524
0.00860303
5.11783e-05
0.00862723
-0.000172346
0.00867793
-0.000384431
0.00875199
-0.000553768
0.00884144
-0.000639588
0.0089279
-0.000583876
0.00898843
-0.000357691
0.00900542
1.2788e-05
0.00896898
0.00048105
0.00887876
0.000970601
0.00874627
0.00140256
0.00858594
0.00172664
0.00839878
0.00196944
0.00820302
0.00204914
0.00804333
0.00181229
0.0078888
0.00156909
0.00765625
0.00152044
0.00745729
0.000622552
0.00762585
-0.00232981
0.00827589
-0.0056691
0.00907248
-0.00661502
0.0096184
-0.00490523
0.00979603
-0.00212926
0.00964969
0.000776167
0.0093121
0.00298688
0.00896142
0.00364867
0.00862792
0.0039362
0.00820946
0.00502037
0.00761444
0.00610386
0.00705577
0.00358999
0.00705178
-0.00395634
0.0078369
-0.0107975
0.00900383
-0.0116104
0.00972779
-0.00583918
0.00989989
-0.000278853
0.00967495
0.00326999
0.00922619
0.00551363
0.00871871
0.00547452
0.00820377
0.00541297
0.00827291
-0.000754898
-0.00386249
0.00888131
-0.0005101
0.00891627
-0.000445125
0.00894535
-0.000371525
0.00896772
-0.000288601
0.00898245
-0.000195559
0.00898859
-9.28488e-05
0.00898527
1.82746e-05
0.00897164
0.000135651
0.00894704
0.000256719
0.00891114
0.000377306
0.00886414
0.000491884
0.00880696
0.000593438
0.00874147
0.00067356
0.00867046
0.000723522
0.00859776
0.000734619
0.00852812
0.000698983
0.00846678
0.000612542
0.00841969
0.00047201
0.0083923
0.000282625
0.00838973
5.37472e-05
0.00841611
-0.000198723
0.0084714
-0.000439719
0.00855282
-0.000635194
0.0086524
-0.000739166
0.0087496
-0.000681077
0.00881845
-0.000426536
0.00883973
-8.49374e-06
0.00880326
0.000517524
0.00870916
0.00106469
0.00857157
0.00154016
0.00840646
0.00189174
0.00821223
0.00216368
0.00800987
0.00225149
0.00785031
0.00197185
0.00769204
0.00172735
0.00743577
0.00177671
0.00719615
0.000862178
0.00733172
-0.00246538
0.00800074
-0.00633812
0.00886806
-0.00748233
0.00947097
-0.00550814
0.00965968
-0.00231797
0.00949731
0.000938535
0.00914131
0.00334287
0.00877668
0.00401331
0.00843846
0.00427441
0.00802671
0.00543212
0.00743376
0.00669681
0.00685756
0.0041662
0.00679003
-0.00388881
0.00748158
-0.011489
0.00862047
-0.0127493
0.0093889
-0.00660761
0.00962006
-0.00051001
0.00943315
0.00345689
0.00899853
0.00594825
0.00849116
0.00598188
0.00796461
0.00593952
0.00801618
-0.000806463
-0.00422156
0.00870273
-0.000550766
0.00873808
-0.000480474
0.00876749
-0.000400933
0.00879011
-0.000311229
0.00880499
-0.000210431
0.00881113
-9.89886e-05
0.00880757
2.18311e-05
0.0087934
0.000149825
0.00876782
0.000282299
0.0087304
0.000414726
0.00868126
0.000541022
0.00862129
0.00065341
0.0085524
0.000742446
0.00847752
0.000798402
0.0084007
0.000811442
0.00832695
0.000772731
0.00826183
0.000677664
0.00821171
0.000522129
0.00818244
0.000311889
0.0081797
5.64897e-05
0.00820822
-0.000227245
0.00826822
-0.000499712
0.00835743
-0.000724404
0.00846799
-0.000849733
0.00857693
-0.000790018
0.0086547
-0.000504304
0.00868044
-3.42292e-05
0.00864364
0.000554325
0.00854507
0.00116326
0.00840194
0.00168328
0.00823178
0.00206191
0.00802992
0.00236554
0.00782113
0.00246029
0.00766207
0.0021309
0.00750025
0.00188918
0.00722397
0.00205299
0.00694458
0.00114156
0.00702937
-0.00255017
0.0076938
-0.00700255
0.00863106
-0.00841959
0.00930622
-0.0061833
0.00951798
-0.00252974
0.0093456
0.00111092
0.00897361
0.00371486
0.00859514
0.00439178
0.00825248
0.00461707
0.00784748
0.00583712
0.00726181
0.00728248
0.00668606
0.00474195
0.00657255
-0.0037753
0.00716354
-0.01208
0.00824781
-0.0138336
0.00904373
-0.00740353
0.0093318
-0.000798077
0.00918767
0.00360102
0.00876997
0.00636596
0.00826824
0.00648362
0.0077326
0.00647516
0.00775783
-0.0008317
-0.00457048
0.00852891
-0.000591915
0.00856468
-0.000516237
0.00859444
-0.000430702
0.00861737
-0.00033415
0.00863243
-0.000225495
0.00863862
-0.000105177
0.00863489
2.55592e-05
0.00862022
0.000164497
0.00859369
0.00030883
0.00855474
0.000453675
0.00850341
0.000592356
0.00844053
0.000716286
0.00836809
0.000814888
0.00828913
0.000877361
0.00820794
0.000892634
0.00812982
0.000850852
0.00806065
0.000746829
0.00800726
0.000575523
0.00797587
0.000343274
0.00797278
5.95792e-05
0.00800339
-0.000257851
0.00806816
-0.000564478
0.00816554
-0.000821785
0.00828799
-0.000972184
0.00840971
-0.000911745
0.00849705
-0.000591644
0.00852733
-6.4508e-05
0.00848987
0.000591792
0.00838618
0.00126695
0.00823714
0.00183232
0.00806158
0.00223748
0.00785168
0.00257544
0.00763688
0.00267508
0.00747822
0.00228956
0.00731291
0.00205449
0.00702234
0.00234356
0.00670704
0.00145687
0.00672459
-0.00256772
0.0073553
-0.00763326
0.00835348
-0.00941777
0.00911471
-0.00694452
0.00936473
-0.00277976
0.00919153
0.00128412
0.00880748
0.00409892
0.00841631
0.00478294
0.00806976
0.00496362
0.007671
0.00623588
0.00709745
0.00785603
0.00653678
0.00530262
0.00639199
-0.00363051
0.00688107
-0.0125691
0.00789058
-0.0148431
0.00869737
-0.00821032
0.00903779
-0.0011385
0.00893924
0.00369958
0.00854047
0.00676473
0.00805008
0.006974
0.00750853
0.00701671
0.00749877
-0.000821936
-0.00490201
0.00835961
-0.00063356
0.00839581
-0.000552431
0.00842596
-0.000460858
0.00844921
-0.000357398
0.00846452
-0.000240801
0.00847082
-0.000111475
0.00846698
2.93917e-05
0.00845188
0.000179602
0.00842444
0.00033627
0.00838397
0.000494143
0.0083304
0.000645928
0.00826452
0.000782163
0.00818837
0.000891037
0.00810514
0.000960595
0.00801935
0.000978419
0.00793661
0.000933593
0.00786315
0.000820289
0.00780623
0.000632443
0.00777248
0.000377031
0.00776885
6.32076e-05
0.00780144
-0.000290446
0.00787099
-0.000634027
0.0079769
-0.000927694
0.00811216
-0.00110744
0.00824779
-0.00104737
0.00834535
-0.00068921
0.00838025
-9.94016e-05
0.00834169
0.000630351
0.00823225
0.00137639
0.00807695
0.00198762
0.00789554
0.00241889
0.00767736
0.00279362
0.00745721
0.00289522
0.00729827
0.00244851
0.00712956
0.0022232
0.00683152
0.0026416
0.00648732
0.00180107
0.00642837
-0.00250877
0.00699696
-0.00820186
0.00803664
-0.0104575
0.0088907
-0.00779858
0.00919448
-0.00308355
0.009032
0.0014466
0.00864133
0.00448959
0.00823974
0.00518453
0.00789001
0.00531335
0.00749674
0.00662916
0.00693953
0.00841323
0.00640428
0.00583787
0.0062391
-0.00346533
0.00662944
-0.0129594
0.00755098
-0.0157646
0.00835399
-0.00901333
0.00874079
-0.0015253
0.0086888
0.00375156
0.00831025
0.00714327
0.00783669
0.00744757
0.00729291
0.00756049
0.00724053
-0.000769557
-0.00520907
0.00819461
-0.000675705
0.00823124
-0.00058906
0.0082618
-0.000491416
0.00828541
-0.000381006
0.008301
-0.000256397
0.00830748
-0.000117948
0.00830362
3.32522e-05
0.00828815
0.000195067
0.00825986
0.000364561
0.0082179
0.000536106
0.00816206
0.000701762
0.0080931
0.000851126
0.00801311
0.00097103
0.00792542
0.00104829
0.00783482
0.00106901
0.00774723
0.00102119
0.00766923
0.000898286
0.00760854
0.00069314
0.00757215
0.000413417
0.00756778
6.75778e-05
0.00760223
-0.000324894
0.00767651
-0.000708303
0.00779126
-0.00104245
0.00794029
-0.00125647
0.00809099
-0.00119807
0.00819949
-0.000797701
0.00823901
-0.000138922
0.00819885
0.000670508
0.00808303
0.00149221
0.00792112
0.00214952
0.00773333
0.00260668
0.00750689
0.00302006
0.00728213
0.00311998
0.00712171
0.00260893
0.00694989
0.00239501
0.00665123
0.00294027
0.00628752
0.00216478
0.00615435
-0.00237561
0.00664004
-0.00868754
0.00769235
-0.0115098
0.00863438
-0.00874061
0.00900385
-0.00345302
0.00886428
0.00158618
0.00847364
0.00488023
0.0080649
0.00559327
0.00771286
0.00566539
0.0073244
0.00701762
0.00678697
0.00895066
0.00628324
0.0063416
0.00610518
-0.00328726
0.00640333
-0.0132576
0.00722997
-0.0165913
0.00801702
-0.00980038
0.00844346
-0.00195174
0.00843746
0.00375756
0.00807985
0.00750089
0.00762796
0.00789946
0.00708584
0.00810261
0.00698513
-0.000668844
-0.0054855
0.00803369
-0.00071834
0.00807075
-0.000626124
0.00810173
-0.000522389
0.00812572
-0.000405002
0.00814166
-0.000272333
0.00814838
-0.000124667
0.00814457
3.70551e-05
0.00812884
0.000210803
0.00809977
0.000393631
0.00805635
0.000579527
0.00799824
0.000759872
0.00792612
0.000923243
0.00784216
0.001055
0.00774984
0.0011406
0.00765424
0.00116461
0.00756157
0.00111385
0.00747881
0.000981045
0.0074141
0.000757858
0.00737481
0.0004527
0.00736949
7.29042e-05
0.00740561
-0.000361022
0.00748449
-0.000787179
0.00760838
-0.00116634
0.00777219
-0.00142029
0.00793922
-0.00136511
0.00805933
-0.000917814
0.00810348
-0.00018307
0.00806111
0.000712885
0.00793831
0.00161501
0.00776943
0.0023184
0.00757463
0.00280148
0.00734024
0.00325445
0.00711154
0.00334868
0.00694815
0.00277232
0.00677379
0.00256937
0.00648022
0.00323383
0.00610777
0.00253723
0.00591406
-0.0021819
0.00630779
-0.00908127
0.00733907
-0.0125411
0.00835159
-0.00975313
0.00879214
-0.00389358
0.00868645
0.00169187
0.00830311
0.00526357
0.0078913
0.00600508
0.00753794
0.00601875
0.00715391
0.00740164
0.00663876
0.00946581
0.00616914
0.00681122
0.00598308
-0.00310121
0.00619795
-0.0134725
0.00692796
-0.0173213
0.0076894
-0.0105618
0.00814832
-0.00241066
0.00818633
0.00371955
0.00784996
0.00783726
0.00742371
0.0083257
0.00688704
0.00863928
0.00673471
-0.000516515
-0.00572654
0.00787665
-0.000761447
0.00791414
-0.00066361
0.00794553
-0.000553781
0.00796994
-0.000429411
0.00798626
-0.000288656
0.0079933
-0.000131708
0.00798965
4.07065e-05
0.00797374
0.000226712
0.00794398
0.000423392
0.00789916
0.00062435
0.00783878
0.000820255
0.00776345
0.000998573
0.00767539
0.00114305
0.00757829
0.00123771
0.0074775
0.00126539
0.00737955
0.0012118
0.00729182
0.00106878
0.00722285
0.000826835
0.00718039
0.000495156
0.00717388
7.94095e-05
0.00721148
-0.000398616
0.00729475
-0.000870451
0.00742801
-0.00129959
0.00760765
-0.00159993
0.00779235
-0.0015498
0.00792484
-0.00105031
0.00797351
-0.000231744
0.00792821
0.000758185
0.00779789
0.00174533
0.0076216
0.00249469
0.00741915
0.00300393
0.00717743
0.00349617
0.00694524
0.00358087
0.00677735
0.00294021
0.00660121
0.00274551
0.00631684
0.0035182
0.00594628
0.00290779
0.0057127
-0.00194831
0.00601683
-0.0093854
0.00699511
-0.0135193
0.00805143
-0.0108094
0.00856114
-0.00440329
0.00849767
0.00175534
0.00812881
0.00563243
0.00771843
0.00641546
0.00736492
0.00637226
0.00698529
0.00778127
0.00649401
0.00995709
0.00605846
0.00724678
0.00586743
-0.00291019
0.00600927
-0.0136143
0.0066451
-0.0179571
0.0073736
-0.0112903
0.00785765
-0.0028947
0.0079365
0.0036407
0.00762143
0.00815232
0.00722374
0.00872339
0.00669591
0.00916711
0.00649127
-0.000311872
-0.00592916
0.00772331
-0.000804998
0.0077612
-0.0007015
0.00779301
-0.000585591
0.00781785
-0.000454254
0.00783462
-0.000305418
0.00784206
-0.000139149
0.00783866
4.41037e-05
0.00782269
0.000242682
0.00779234
0.000453743
0.00774618
0.000670507
0.00768354
0.000882897
0.00760495
0.00107717
0.0075127
0.0012353
0.00741066
0.00133974
0.00730452
0.00137154
0.00720109
0.00131523
0.00710819
0.00116167
0.00703473
0.000900303
0.00698882
0.000541062
0.00698091
8.73185e-05
0.00701972
-0.000437423
0.00710709
-0.000957828
0.00724991
-0.00144241
0.00744649
-0.00179651
0.00765026
-0.00175358
0.00779596
-0.001196
0.00784894
-0.000284721
0.00779994
0.000807179
0.0076616
0.00188368
0.00747737
0.00267892
0.00726666
0.00321464
0.00701842
0.00374441
0.0067829
0.0038164
0.00660928
0.00311383
0.00643217
0.00292262
0.00615933
0.00379104
0.00579996
0.00326717
0.00554822
-0.00169657
0.00577288
-0.00961006
0.00667324
-0.0144197
0.00774329
-0.0118795
0.00831423
-0.00497423
0.00829808
0.00177149
0.0079502
0.0059803
0.00754587
0.0068198
0.00719355
0.00672458
0.00681865
0.00815618
0.006352
0.0104237
0.00594874
0.00765004
0.00575448
-0.00271593
0.00583401
-0.0136938
0.00638119
-0.0185043
0.00707164
-0.0119808
0.00757342
-0.00339649
0.00768899
0.00352513
0.00739516
0.00844616
0.00702786
0.00909069
0.00651166
0.00968331
0.00625641
-5.66218e-05
-0.00609212
0.00757349
-0.000848952
0.00761176
-0.000739763
0.00764398
-0.00061781
0.00766927
-0.000479548
0.00768652
-0.000322667
0.00769445
-0.000147074
0.00769141
4.71362e-05
0.0076755
0.000258591
0.00764468
0.00048457
0.00759727
0.000717917
0.00753239
0.000947772
0.0074505
0.00115906
0.00735396
0.00133184
0.00724686
0.00144684
0.00713519
0.0014832
0.00702611
0.00142431
0.00692788
0.00125991
0.00684969
0.000978488
0.00680006
0.000590698
0.00679052
9.68573e-05
0.00683024
-0.000477147
0.00692134
-0.00104893
0.00707387
-0.00159494
0.0072885
-0.00201114
0.00751288
-0.00197796
0.00767262
-0.00135574
0.00772962
-0.000341717
0.00767607
0.000860724
0.00752923
0.00203052
0.00733643
0.00287172
0.00711702
0.00343405
0.00686315
0.00399828
0.00662418
0.00405538
0.00644407
0.00329393
0.00626664
0.00310005
0.00600616
0.00405152
0.00566508
0.00360824
0.00541344
-0.00144493
0.00557219
-0.00976881
0.00637922
-0.0152267
0.00743491
-0.0129352
0.00805548
-0.00559481
0.00808861
0.00173836
0.00776716
0.00630175
0.0073733
0.00721366
0.00702369
0.00707419
0.00665409
0.00852577
0.00621215
0.0108657
0.00583844
0.00802375
0.00564189
-0.00251938
0.00566952
-0.0137215
0.00613568
-0.0189705
0.00678496
-0.0126301
0.00729728
-0.0039088
0.00744475
0.00337766
0.00717202
0.00871888
0.00683595
0.00942675
0.00633345
0.0101858
0.00603126
0.000245565
-0.00621581
0.00742704
-0.000893261
0.00746564
-0.000778365
0.00749825
-0.000650423
0.00752401
-0.000505306
0.00754179
-0.000340451
0.00755029
-0.000155572
0.00754774
4.96856e-05
0.00753203
0.000274305
0.00750085
0.000515742
0.00745229
0.000766484
0.00738522
0.00101484
0.0073
0.00124428
0.00719907
0.00143277
0.00708678
0.00155913
0.00696945
0.00160053
0.00685456
0.0015392
0.00675083
0.00136363
0.00666771
0.0010616
0.00661407
0.000644344
0.00660268
0.00010825
0.00664298
-0.000517453
0.00673734
-0.00114329
0.00689966
-0.00175725
0.00713351
-0.00224499
0.00738011
-0.00222456
0.00755477
-0.0015304
0.00761539
-0.000402331
0.0075564
0.000919713
0.00740059
0.00218633
0.00719851
0.00307379
0.00697013
0.00366243
0.00671146
0.00425695
0.00646875
0.00429808
0.00628195
0.00348073
0.00610457
0.00327743
0.00585614
0.00429995
0.00553796
0.00392643
0.00529938
-0.00120635
0.0054061
-0.00987554
0.00611345
-0.0159341
0.00713179
-0.0139535
0.00778891
-0.00625192
0.00787074
0.00165653
0.00757993
0.00659257
0.00720055
0.00759304
0.00685526
0.00741948
0.00649177
0.00888926
0.00607407
0.0112834
0.00572678
0.00837104
0.00552846
-0.00232106
0.00551372
-0.0137067
0.00590756
-0.0193643
0.00651442
-0.0132369
0.00703045
-0.00442484
0.0072046
0.00320351
0.00695283
0.00897066
0.00664795
0.00973163
0.00616049
0.0106733
0.00581644
0.000589608
-0.00630197
0.00728378
-0.000937863
0.00732268
-0.000817259
0.00735566
-0.000683409
0.00738189
-0.000531537
0.00740026
-0.000358819
0.00740942
-0.000164733
0.00740748
5.16262e-05
0.00739211
0.000289679
0.00736073
0.000547118
0.00731111
0.0008161
0.00724189
0.00108406
0.00715332
0.00133285
0.00704793
0.00153816
0.00693034
0.00167672
0.00680721
0.00172366
0.00668636
0.00166006
0.00657701
0.00147298
0.00648876
0.00114986
0.00643083
0.000702273
0.00641736
0.000121719
0.00645788
-0.00055797
0.00655495
-0.00124035
0.00672706
-0.00192937
0.00698129
-0.00249922
0.00725184
-0.00249511
0.00744234
-0.0017209
0.00750605
-0.000466043
0.00744072
0.000985044
0.00727543
0.00235161
0.00706333
0.0032859
0.00682594
0.00389983
0.00656313
0.00451976
0.00631637
0.00454484
0.00612318
0.00367392
0.00594587
0.00345474
0.00570844
0.00453739
0.00541541
0.00421946
0.00519774
-0.000988685
0.00526512
-0.00994291
0.00587358
-0.0165425
0.00683759
-0.0149175
0.00751818
-0.0069325
0.00764622
0.00152848
0.007389
0.00684978
0.00702757
0.00795448
0.00668827
0.00775879
0.00633177
0.00924576
0.00593748
0.0116777
0.00561354
0.00869498
0.00541389
-0.00212141
0.00536505
-0.0136579
0.00569549
-0.0196947
0.00626016
-0.0138016
0.00677373
-0.0049384
0.00696926
0.00300798
0.00673829
0.00920163
0.00646385
0.0100061
0.00599214
0.011145
0.00561215
0.000969598
-0.00635327
0.00714359
-0.000982688
0.00718272
-0.000856391
0.00721606
-0.00071674
0.00724276
-0.000558243
0.00726176
-0.000377816
0.00727168
-0.00017465
0.00727048
5.28254e-05
0.0072556
0.000304557
0.00722418
0.00057854
0.00717363
0.000866645
0.00710232
0.00115538
0.00701038
0.00142479
0.00690044
0.0016481
0.00677745
0.00179971
0.00664841
0.0018527
0.00652146
0.00178701
0.0064064
0.00158804
0.00631282
0.00124343
0.00625034
0.000764751
0.00623457
0.000137492
0.0062749
-0.000598298
0.00637406
-0.00133951
0.00655588
-0.0021112
0.0068316
-0.00277494
0.0071279
-0.00279141
0.00733515
-0.00192815
0.00740139
-0.000532291
0.00732883
0.0010576
0.0071535
0.00252694
0.00693067
0.00350874
0.00668441
0.00414609
0.00641789
0.00478627
0.00616685
0.00479589
0.00596799
0.00387278
0.00579047
0.00363226
0.0055625
0.00476536
0.00529498
0.00448698
0.0051021
-0.000795802
0.00514103
-0.00998185
0.00565634
-0.0170578
0.00655469
-0.0158159
0.0072465
-0.00762432
0.00741692
0.00135806
0.00719509
0.00707162
0.00685444
0.00829512
0.00652279
0.00809043
0.00617421
0.00959434
0.00580225
0.0120496
0.0054989
0.00899832
0.00529845
-0.00192096
0.00522236
-0.0135818
0.00549786
-0.0199702
0.00602177
-0.0143255
0.00652752
-0.00544415
0.0067393
0.0027962
0.00652897
0.00941196
0.00628368
0.0102514
0.00582794
0.0116007
0.00541825
0.00137929
-0.00637299
0.00700633
-0.00102765
0.00704564
-0.000895701
0.00707928
-0.00075038
0.00710646
-0.000585424
0.00712613
-0.000397488
0.0071369
-0.000185421
0.00713658
5.31442e-05
0.00712237
0.000318774
0.00709107
0.000609839
0.00703973
0.000917986
0.00696639
0.00122872
0.00687107
0.0015201
0.00675651
0.00176266
0.00662803
0.00192819
0.00649296
0.00198777
0.00635982
0.00192015
0.00623895
0.00170892
0.00613988
0.0013425
0.0060726
0.000832027
0.00605429
0.000155808
0.00609401
-0.000638025
0.00619463
-0.00144012
0.00638593
-0.0023025
0.0066841
-0.00307311
0.00700793
-0.00311524
0.00723288
-0.0021531
0.0073011
-0.000600507
0.00722049
0.00113821
0.0070345
0.00271293
0.00680032
0.00374292
0.00654549
0.00440091
0.00627548
0.00505628
0.0060201
0.00505127
0.00581654
0.00407634
0.00563829
0.0038105
0.00541803
0.00498562
0.00517504
0.00472996
0.00500802
-0.000628774
0.00502752
-0.0100014
0.00545838
-0.0174887
0.00628457
-0.0166421
0.00697663
-0.00831637
0.00718471
0.00114998
0.006999
0.00725733
0.00668136
0.00861277
0.00635896
0.00841283
0.00601915
0.00993415
0.00566829
0.0124005
0.00538324
0.00928337
0.00518272
-0.00172043
0.00508485
-0.0134839
0.00531293
-0.0201983
0.00579831
-0.0148109
0.00629182
-0.00593766
0.00651519
0.00257283
0.00632533
0.00960182
0.0061075
0.0104692
0.00566762
0.0120406
0.00523439
0.00181252
-0.00636465
0.00687187
-0.00107267
0.00691129
-0.000935122
0.00694519
-0.000784287
0.00697284
-0.000613072
0.00699323
-0.000417879
0.00700495
-0.000197144
0.00700566
5.24376e-05
0.00699228
0.000332151
0.00696129
0.000640831
0.0069093
0.000969978
0.00683401
0.00130401
0.00673531
0.0016188
0.00661606
0.00188191
0.006482
0.00206226
0.00634082
0.00212895
0.0062014
0.00205957
0.00607465
0.00183566
0.00596994
0.00144721
0.00589763
0.000904337
0.00587651
0.000176935
0.00591522
-0.000676738
0.00601667
-0.00154157
0.00621701
-0.00250285
0.00653824
-0.00339434
0.0068913
-0.0034683
0.00713494
-0.00239673
0.00720473
-0.000670302
0.00711538
0.00122756
0.0069181
0.00291022
0.00667212
0.00398891
0.00640913
0.00466389
0.00613562
0.00532979
0.00587609
0.00531081
0.00566892
0.00428351
0.00548926
0.00399016
0.00527491
0.00519997
0.00505467
0.0049502
0.00491284
-0.000486935
0.00492005
-0.0100086
0.00527665
-0.0178453
0.0060281
-0.0173935
0.00671087
-0.00899915
0.00695139
0.000909458
0.00680165
0.00740707
0.0065086
0.00890581
0.00619692
0.00872451
0.00586666
0.0102644
0.00553562
0.0127315
0.00526705
0.00955195
0.00506742
-0.0015208
0.00495202
-0.0133685
0.00513902
-0.0203853
0.0055885
-0.0152604
0.00606637
-0.00641552
0.00629726
0.00234193
0.00612767
0.00977142
0.00593536
0.0106615
0.00551101
0.0124649
0.0050601
0.00226343
-0.00633181
0.00674008
-0.00111764
0.00677954
-0.000974578
0.00681366
-0.000818411
0.00684177
-0.000641177
0.00686292
-0.00043903
0.0068757
-0.00020992
0.00687758
5.05548e-05
0.00686523
0.000344503
0.00683474
0.000671321
0.00678225
0.00102247
0.00670508
0.00138118
0.006603
0.00172088
0.006479
0.00200591
0.00633928
0.00220198
0.0061919
0.00227632
0.00604614
0.00220534
0.00591348
0.00196831
0.00580302
0.00155767
0.00572546
0.000981895
0.00570122
0.00020118
0.00573853
-0.000714055
0.00584028
-0.00164332
0.00604892
-0.00271149
0.00639316
-0.00373857
0.00677681
-0.00385195
0.00704027
-0.00266019
0.00711159
-0.000741617
0.00701307
0.00132608
0.00680393
0.00311935
0.00654592
0.00424692
0.00627522
0.00493459
0.00599808
0.00560694
0.00573482
0.00557407
0.00552515
0.00449318
0.00534331
0.004172
0.00513317
0.00541011
0.00493355
0.00514982
0.00481527
-0.000368657
0.00481557
-0.0100089
0.00510838
-0.0181381
0.00578558
-0.0180707
0.00645111
-0.00966467
0.00671861
0.000641952
0.00660394
0.00752174
0.00633652
0.00917323
0.00603686
0.00902418
0.00571677
0.0105845
0.00540429
0.013044
0.00515083
0.0098054
0.00495323
-0.00132321
0.00482356
-0.0132388
0.00497461
-0.0205364
0.00539088
-0.0156766
0.00585064
-0.00687529
0.00608575
0.00210683
0.00593618
0.00992098
0.00576732
0.0108304
0.00535808
0.0128742
0.00489485
0.00272667
-0.00627788
0.00661087
-0.00116245
0.00665029
-0.00101399
0.00668457
-0.000852696
0.00671312
-0.000669721
0.00673507
-0.000460982
0.006749
-0.00022385
0.00675221
4.73404e-05
0.00674108
0.000355632
0.00671131
0.000701099
0.00665849
0.00107528
0.00657953
0.00146013
0.00647406
0.00182636
0.00634524
0.00213473
0.0061998
0.00234742
0.00604616
0.00242996
0.00589401
0.00235749
0.00575542
0.0021069
0.00563912
0.00167397
0.00555613
0.00106489
0.00552839
0.000228921
0.00556399
-0.000749655
0.00566566
-0.00174499
0.00588135
-0.00292718
0.00624747
-0.00410469
0.00666249
-0.00426697
0.00694721
-0.00294491
0.0070206
-0.000815007
0.00691293
0.00143374
0.00669158
0.0033407
0.00642159
0.00451692
0.00614364
0.00521254
0.00586267
0.00588791
0.00559634
0.00584039
0.00538518
0.00470434
0.00520036
0.00435683
0.00499294
0.00561753
0.00481178
0.00533098
0.00471503
-0.000271912
0.00471223
-0.0100061
0.0049512
-0.0183771
0.00555685
-0.0186764
0.00619878
-0.0103066
0.00648785
0.000352877
0.00640676
0.00760284
0.00616549
0.0094145
0.00587895
0.00931072
0.00556953
0.0108939
0.00527437
0.0133392
0.00503504
0.0100447
0.00484071
-0.00112888
0.00469927
-0.0130974
0.00481837
-0.0206555
0.00520396
-0.0160622
0.00564404
-0.00731537
0.00588079
0.00187007
0.00575096
0.0100508
0.00560341
0.0109779
0.00520886
0.0132687
0.0047381
0.00319743
-0.00620604
0.00648413
-0.00120699
0.00652342
-0.00105327
0.0065578
-0.00088708
0.00658676
-0.000698685
0.00660955
-0.000483772
0.00662474
-0.000239037
0.00662945
4.2634e-05
0.00661975
0.000365334
0.0065909
0.000729944
0.00653793
0.00112825
0.00645728
0.00154078
0.00634842
0.00193522
0.00621471
0.00226844
0.00606348
0.00249865
0.00590354
0.0025899
0.00574498
0.00251606
0.00560044
0.00225144
0.00547828
0.00179612
0.00538969
0.00115348
0.00535802
0.000260591
0.00539166
-0.000783293
0.00549301
-0.00184634
0.0057138
-0.00314797
0.00609904
-0.00448994
0.00654531
-0.00471324
0.00685316
-0.00325276
0.00693023
-0.00089207
0.00681414
0.00154983
0.00658058
0.00357426
0.00629895
0.00479854
0.00601421
0.00549728
0.00572924
0.00617288
0.00546068
0.00610896
0.0052489
0.00491611
0.00506033
0.0045454
0.0048544
0.00582345
0.00468978
0.0054956
0.00461251
-0.000194641
0.00460912
-0.0100027
0.0048031
-0.0185711
0.0053414
-0.0192147
0.00595493
-0.0109201
0.00626038
4.74254e-05
0.00621095
0.00765227
0.00599591
0.00962953
0.00572338
0.00958325
0.00542497
0.0111923
0.00514599
0.0136182
0.00492006
0.0102707
0.00473024
-0.00093905
0.00457902
-0.0129462
0.00466929
-0.0207457
0.00502637
-0.0164193
0.00544589
-0.00773489
0.00568248
0.00163348
0.00557202
0.0101613
0.00544365
0.0111063
0.00506339
0.013649
0.00458931
0.0036715
-0.00611918
0.00635976
-0.00125113
0.00639883
-0.00109234
0.00643324
-0.000921491
0.0064626
-0.000728044
0.00648626
-0.000507438
0.00650281
-0.000255585
0.00650917
3.62715e-05
0.00650112
0.000373392
0.00647344
0.000757621
0.00642051
0.00118118
0.00633825
0.00162304
0.00622599
0.00204748
0.00608734
0.00240709
0.00593026
0.00265573
0.00576397
0.00275618
0.005599
0.00268102
0.00544854
0.00240191
0.00532052
0.00192414
0.00522618
0.00124782
0.00519012
0.000296658
0.00522163
-0.000814811
0.00532249
-0.0019472
0.00554543
-0.00337091
0.00594497
-0.00488948
0.0064211
-0.00518937
0.00675463
-0.00358629
0.00683835
-0.000975793
0.00671556
0.00167261
0.00647036
0.00381946
0.00617783
0.00509107
0.00588677
0.00578834
0.00559771
0.00646195
0.00532786
0.00637881
0.00511616
0.00512781
0.00492314
0.00473842
0.0047178
0.0060288
0.00456814
0.00564525
0.00450848
-0.000134975
0.00450595
-0.0100001
0.00466247
-0.0187276
0.00513843
-0.0196906
0.00572024
-0.0115019
0.00603726
-0.000269596
0.00601728
0.00767225
0.0058282
0.00981862
0.00557033
0.00984111
0.00528311
0.0114795
0.00501926
0.013882
0.00480622
0.0104837
0.00462205
-0.000754878
0.00446272
-0.0127869
0.00452656
-0.0208096
0.00485693
-0.0167497
0.00525556
-0.00813352
0.00549084
0.00139821
0.00539932
0.0102528
0.00528803
0.0112176
0.00492174
0.0140153
0.00444799
0.00414525
-0.00601989
0.00623768
-0.00129475
0.00627644
-0.0011311
0.0063108
-0.000955855
0.00634053
-0.000757771
0.0063651
-0.000532012
0.00638311
-0.000273595
0.0063913
2.80857e-05
0.00638511
0.000379582
0.00635884
0.000783887
0.00630614
0.00123388
0.00622238
0.0017068
0.00610671
0.00216315
0.00596305
0.00255076
0.00580006
0.00281872
0.00562741
0.00292883
0.00545606
0.00285237
0.00529969
0.00255828
0.00516584
0.00205799
0.00506565
0.00134801
0.00502475
0.000337561
0.00505403
-0.00084409
0.00515401
-0.00204718
0.00537495
-0.00359185
0.00578163
-0.00529617
0.00628474
-0.00569248
0.00664718
-0.00394873
0.00674226
-0.00107087
0.00661579
0.00179908
0.00636028
0.00407498
0.00605799
0.00539336
0.00576113
0.0060852
0.00546801
0.00675506
0.00519789
0.00664893
0.00498676
0.00533894
0.00478872
0.00493646
0.00458338
0.00623415
0.00444752
0.0057811
0.00440386
-9.13192e-05
0.00440289
-0.00999917
0.00452802
-0.0188527
0.00494701
-0.0201096
0.00549507
-0.01205
0.00581935
-0.000593875
0.00582643
0.00766517
0.00566272
0.00998233
0.00541996
0.0100839
0.00514399
0.0117555
0.00489431
0.0141317
0.00469375
0.0106843
0.00451623
-0.000577351
0.00435024
-0.0126209
0.00438964
-0.020849
0.00469469
-0.0170547
0.00507252
-0.00851135
0.00530584
0.00116488
0.00523275
0.0103259
0.00513656
0.0113138
0.00478395
0.0143679
0.00431365
0.00461555
-0.00591049
0.0061178
-0.00133772
0.00615616
-0.00116946
0.0061904
-0.00099009
0.00622046
-0.000787836
0.00624598
-0.000557526
0.00626555
-0.000293169
0.00627573
1.79079e-05
0.00627164
0.000383675
0.00624704
0.000808486
0.00619478
0.00128614
0.0061096
0.00179198
0.00599051
0.00228223
0.00584177
0.0026995
0.00567282
0.00298767
0.0054938
0.00310785
0.00531612
0.00303005
0.0051539
0.0027205
0.00501426
0.00219762
0.00490814
0.00145413
0.00486209
0.000383605
0.00488895
-0.000870951
0.00498705
-0.00214528
0.00520051
-0.0038053
0.00560511
-0.00570077
0.00613074
-0.0062181
0.00652593
-0.00434392
0.00663882
-0.00118376
0.00651315
0.00192474
0.0062496
0.00433853
0.00593913
0.00570382
0.00563708
0.00638725
0.00534014
0.00705201
0.00507077
0.0069183
0.00486053
0.00554918
0.004657
0.00513998
0.0044514
0.00643976
0.00432855
0.00590395
0.00429959
-6.23541e-05
0.00430028
-0.00999987
0.00439882
-0.0189512
0.00476612
-0.0204769
0.00527951
-0.0125634
0.0056073
-0.000921665
0.005639
0.00763347
0.00549983
0.0101215
0.00527241
0.0103113
0.00500762
0.0120203
0.00477127
0.014368
0.00458284
0.0108727
0.00441274
-0.000407257
0.00424145
-0.0124496
0.00425814
-0.0208657
0.00453892
-0.0173355
0.00489629
-0.00886872
0.00512746
0.000933715
0.00507218
0.0103812
0.0049892
0.0113968
0.00465007
0.014707
0.00418584
0.00507978
-0.00579303
0.00600007
-0.00137991
0.00603794
-0.00120733
0.00607196
-0.00102411
0.00610233
-0.000818207
0.00612881
-0.000584008
0.00615005
-0.000314407
0.00616239
5.56993e-06
0.00616063
0.000385435
0.00613796
0.000831153
0.00608635
0.00133774
0.00599985
0.00187848
0.00587732
0.00240477
0.00572343
0.00285338
0.00554847
0.00316264
0.00536307
0.00329325
0.00517914
0.00321399
0.00501115
0.00288848
0.00486577
0.00234301
0.00475368
0.00156622
0.00470239
0.00043489
0.00472643
-0.000894985
0.00482054
-0.00223939
0.00501987
-0.00400463
0.00541193
-0.00609283
0.00595422
-0.00676039
0.00638611
-0.00477581
0.00652474
-0.0013224
0.00640583
0.00204365
0.00613752
0.00460685
0.00582094
0.0060204
0.00551444
0.00669375
0.00521407
0.00735238
0.00494646
0.00718591
0.00473724
0.0057584
0.00452793
0.00534929
0.0043221
0.00664558
0.00421183
0.00601422
0.00419646
-4.69855e-05
0.00419859
-0.010002
0.00427417
-0.0190268
0.00459477
-0.0207975
0.00507346
-0.0130421
0.0054016
-0.00124981
0.00545549
0.00757958
0.00533987
0.0102371
0.00512781
0.0105233
0.00487403
0.0122741
0.00465025
0.0145918
0.00447361
0.0110493
0.00431152
-0.000245162
0.00413619
-0.0122743
0.00413182
-0.0208613
0.00438913
-0.0175928
0.00472654
-0.00920613
0.00495562
0.000704632
0.00491746
0.0104193
0.00484593
0.0114683
0.00452009
0.0150329
0.00406412
0.00553574
-0.00566933
0.00588442
-0.0014212
0.00592171
-0.00124463
0.00595543
-0.00105784
0.00598608
-0.00084885
0.00601355
-0.00061148
0.00603654
-0.000337401
0.00605121
-9.09194e-06
0.00605202
0.000384626
0.00603155
0.000851619
0.00598081
0.00138848
0.00589308
0.00196621
0.00576707
0.00253078
0.00560796
0.00301248
0.00542694
0.00334366
0.00523517
0.00348502
0.00504509
0.00340408
0.00487145
0.00306211
0.00472031
0.00249416
0.00460232
0.00168421
0.00454599
0.00049122
0.00456631
-0.000915311
0.00465282
-0.00232589
0.00483072
-0.00418254
0.00519985
-0.00646196
0.00575201
-0.00731255
0.00622398
-0.00524778
0.00639706
-0.00149547
0.00629203
0.00214868
0.0060232
0.00487568
0.00570306
0.00634054
0.00539302
0.00700379
0.00508983
0.00765557
0.00482492
0.00745081
0.00461673
0.0059666
0.00440147
0.00556455
0.00419573
0.00685132
0.00409784
0.00611211
0.00409513
-4.42702e-05
0.00409822
-0.0100051
0.00415359
-0.0190822
0.00443203
-0.021076
0.00487665
-0.0134867
0.00520257
-0.00157572
0.0052763
0.00750584
0.00518311
0.0103303
0.00498626
0.0107202
0.00474325
0.0125171
0.00453138
0.0148037
0.00436616
0.0112146
0.00421241
-9.14114e-05
0.00403427
-0.0120961
0.00401049
-0.0208375
0.00424498
-0.0178273
0.00456302
-0.00952418
0.00479026
0.000477391
0.0047684
0.0104412
0.0047067
0.01153
0.00439399
0.0153456
0.0039481
0.00598164
-0.00554099
0.00577081
-0.00146147
0.00580745
-0.00128126
0.00584077
-0.00109117
0.00587165
-0.000879727
0.00590012
-0.000639953
0.00592496
-0.000362232
0.0059421
-2.62312e-05
0.00594571
0.000381012
0.00592772
0.000869607
0.00587807
0.00143813
0.0057892
0.00205509
0.00565968
0.00266031
0.00549528
0.00317688
0.00530816
0.00353079
0.00511004
0.00368314
0.00491394
0.00360017
0.00473479
0.00324126
0.00457783
0.00265112
0.00445414
0.0018079
0.00439322
0.000552141
0.00440823
-0.000930327
0.00448188
-0.00239954
0.00463118
-0.00433184
0.00496867
-0.00679945
0.0055236
-0.00786748
0.00603759
-0.00576177
0.00625355
-0.00171143
0.00617018
0.00223205
0.00590587
0.00514
0.00558511
0.00666129
0.00527263
0.00731627
0.00496742
0.00796078
0.00470607
0.00771216
0.0044988
0.00617387
0.00427758
0.00578576
0.00407248
0.00705642
0.00398697
0.00619763
0.00399604
-5.33439e-05
0.00399954
-0.0100086
0.00403676
-0.0191194
0.00427709
-0.0213163
0.00468875
-0.0138983
0.0050104
-0.00189737
0.00510177
0.00741447
0.0050298
0.0104023
0.00484784
0.0109022
0.00461531
0.0127496
0.00441475
0.0150042
0.00426057
0.0113687
0.0041153
5.38553e-05
0.00393552
-0.0119163
0.00389403
-0.020796
0.00410628
-0.0180395
0.00440558
-0.00982348
0.00463129
0.00025168
0.00462482
0.0104477
0.00457149
0.0115833
0.00427175
0.0156453
0.00383737
0.00641602
-0.00540941
0.00565923
-0.00150062
0.00569511
-0.00131714
0.00572795
-0.001124
0.00575901
-0.000910787
0.00578848
-0.00066942
0.00581521
-0.000388965
0.00583496
-4.59833e-05
0.0058416
0.000374367
0.00582637
0.000884838
0.00577805
0.00148645
0.00568813
0.00214501
0.00555505
0.00279339
0.0053853
0.00334663
0.00519203
0.00372406
0.00498759
0.00388757
0.00478566
0.0038021
0.00460114
0.00342579
0.00443827
0.00281398
0.00430925
0.00193692
0.00424432
0.000617074
0.0042515
-0.000937505
0.00430575
-0.00245379
0.00442036
-0.00444644
0.00472047
-0.00709956
0.00527148
-0.00841849
0.00582723
-0.00631753
0.0060931
-0.0019773
0.0060391
0.00228605
0.00578484
0.00539426
0.00546676
0.00697938
0.00515314
0.00762989
0.00484687
0.00826705
0.00458985
0.00796919
0.00438331
0.00638041
0.00415628
0.0060128
0.00395253
0.00726017
0.00387946
0.00627069
0.00389949
-7.33654e-05
0.0039028
-0.0100119
0.00392346
-0.0191401
0.00412923
-0.0215221
0.00450933
-0.0142784
0.00482516
-0.0022132
0.00493214
0.00730749
0.00488013
0.0104543
0.00471263
0.0110697
0.00449023
0.012972
0.00430045
0.015194
0.00415687
0.0115123
0.00402005
0.000190676
0.00383974
-0.011736
0.00378232
-0.0207386
0.00397293
-0.0182302
0.00425411
-0.0101047
0.0044786
2.71908e-05
0.00448653
0.0104397
0.00444024
0.0116296
0.00415329
0.0159323
0.00373157
0.00683775
-0.00527582
0.00554966
-0.00153855
0.00558469
-0.00135218
0.00561692
-0.00115623
0.00564809
-0.000941959
0.00567852
-0.000699845
0.00570718
-0.000417628
0.00572965
-6.84549e-05
0.00573954
0.000364481
0.00572735
0.000897029
0.0056806
0.0015332
0.00558974
0.00223587
0.00545307
0.00293006
0.0052779
0.00352179
0.00507848
0.00392348
0.00486776
0.00409829
0.00466021
0.00400965
0.00447045
0.00361556
0.00430158
0.00298285
0.00416783
0.00207068
0.00409934
0.000685564
0.00409517
-0.000933337
0.00412297
-0.00248159
0.00419881
-0.00452228
0.00445951
-0.00736026
0.00500083
-0.00895981
0.00559552
-0.00691222
0.00591595
-0.00229773
0.00589822
0.00230378
0.00565965
0.00563283
0.00534769
0.00729134
0.00503441
0.00794317
0.00472819
0.00857326
0.00447616
0.00822122
0.00427013
0.00658644
0.00403755
0.00624538
0.00383601
0.00746171
0.00377548
0.00633122
0.0038056
-0.00010348
0.00380817
-0.0100145
0.00381356
-0.0191455
0.00398787
-0.0216964
0.00433799
-0.0146286
0.00464688
-0.00252208
0.00476758
0.00718679
0.00473425
0.0104876
0.00458066
0.0112232
0.00436802
0.0131847
0.00418854
0.0153735
0.00405511
0.0116457
0.00392656
0.000319232
0.00374675
-0.0115562
0.00367524
-0.0206671
0.00384488
-0.0183998
0.00410858
-0.0103684
0.00433209
-0.000196323
0.00435335
0.0104185
0.0043129
0.01167
0.00403855
0.0162066
0.00363035
0.00724595
-0.0051413
0.00544207
-0.00157515
0.00547616
-0.00138626
0.00550763
-0.0011877
0.0055388
-0.000973134
0.0055701
-0.000731145
0.00560068
-0.000448208
0.00562594
-9.37106e-05
0.00563926
0.000351161
0.0056304
0.000905892
0.0055855
0.0015781
0.00549382
0.00232754
0.00535356
0.00307032
0.00517295
0.0037024
0.00496737
0.00412907
0.00475044
0.00431522
0.00453754
0.00422254
0.00434264
0.00381046
0.00416774
0.00315775
0.00403003
0.00220839
0.00395803
0.000757563
0.00393816
-0.000913469
0.00393296
-0.00247639
0.00396865
-0.00455798
0.00419157
-0.00758318
0.0047187
-0.00948693
0.00534692
-0.00754045
0.00572356
-0.00267436
0.00574755
0.00227979
0.00553002
0.00585035
0.00522768
0.00759368
0.00491634
0.00825452
0.00461138
0.00887822
0.00436492
0.00846768
0.00415915
0.00679221
0.00392142
0.0064831
0.00372302
0.00766011
0.00367507
0.00637916
0.0037144
-0.000142806
0.00371575
-0.0100158
0.00370695
-0.0191367
0.00385251
-0.021842
0.0041743
-0.0149504
0.00447546
-0.00282325
0.00460822
0.00705403
0.00459228
0.0105036
0.00445197
0.0113636
0.00424871
0.0133879
0.00407909
0.0155431
0.00395533
0.0117695
0.00383474
0.000439817
0.00365638
-0.0113779
0.00357265
-0.0205833
0.0037221
-0.0185493
0.00396893
-0.0106152
0.00419162
-0.000419017
0.00422507
0.010385
0.00418942
0.0117057
0.00392743
0.0164686
0.00353338
0.00764
-0.00500676
0.00533646
-0.00161033
0.00536944
-0.00141924
0.00539997
-0.00121823
0.00543098
-0.00100415
0.005463
-0.000763169
0.00549542
-0.000480619
0.00552346
-0.000121758
0.00554038
0.000334245
0.00553515
0.000911125
0.00549242
0.00162083
0.00540012
0.00241984
0.0052563
0.00321414
0.00507028
0.00388842
0.00485856
0.00434078
0.00463554
0.00453825
0.00441759
0.00444049
0.00421763
0.00401041
0.00403675
0.00333863
0.003896
0.00234915
0.00381987
0.000833691
0.00377944
-0.000873045
0.00373622
-0.00243317
0.00373335
-0.0045551
0.00392308
-0.00777291
0.00443276
-0.00999662
0.00508703
-0.00819471
0.00551839
-0.00310573
0.00558771
0.00221048
0.00539598
0.00604208
0.0051066
0.00788305
0.00479888
0.00856223
0.00449647
0.00918063
0.00425605
0.0087081
0.00405028
0.00699798
0.00380793
0.00672546
0.00361362
0.00785441
0.0035782
0.00641459
0.00362583
-0.000190435
0.00362555
-0.0100156
0.00360358
-0.0191147
0.00372277
-0.0219611
0.00401786
-0.0152454
0.00431081
-0.0031162
0.00445413
0.00691071
0.00445431
0.0105034
0.00432658
0.0114913
0.00413231
0.0135822
0.00397213
0.0157033
0.00385753
0.0118841
0.00374455
0.000552804
0.00356846
-0.0112018
0.00347439
-0.0204893
0.00360455
-0.0186794
0.00383515
-0.0108458
0.00405706
-0.000640931
0.0041015
0.0103406
0.00406973
0.0117375
0.00381984
0.0167185
0.00344037
0.00801947
-0.00487301
0.00523275
-0.00164393
0.00526442
-0.0014509
0.00529374
-0.00124755
0.00532433
-0.00103474
0.00535684
-0.000795672
0.00539091
-0.000514689
0.00542168
-0.000152529
0.00544232
0.000313605
0.00544104
0.000912404
0.00540087
0.001661
0.00530823
0.00251248
0.00516099
0.00336138
0.00496965
0.00407976
0.00475189
0.00455854
0.00452294
0.00476721
0.00430027
0.00466316
0.00409529
0.00421539
0.00390869
0.00352523
0.00376578
0.00249205
0.0036841
0.000915371
0.00361827
-0.00080721
0.00353435
-0.00234925
0.00349726
-0.00451801
0.00366026
-0.00793591
0.00415031
-0.0104867
0.00482176
-0.00886617
0.00530356
-0.00358752
0.00541981
0.00209423
0.00525775
0.00620414
0.0049844
0.0081564
0.00468202
0.00886462
0.00438346
0.0094792
0.00414946
0.00894209
0.00394347
0.00720397
0.0036971
0.00697183
0.00350784
0.00804367
0.00348475
0.00643768
0.00353976
-0.000245442
0.00353758
-0.0100134
0.00350338
-0.0190805
0.00359833
-0.0220561
0.00386831
-0.0155154
0.00415278
-0.00340067
0.00430533
0.00675817
0.00432037
0.0104883
0.00420448
0.0116072
0.00401881
0.0137679
0.00386769
0.0158544
0.00376175
0.01199
0.00365594
0.000658613
0.00348286
-0.0110287
0.00338028
-0.0203867
0.00349217
-0.0187913
0.00370718
-0.0110608
0.00392825
-0.000861994
0.00398246
0.0102864
0.00395376
0.0117662
0.00371569
0.0169566
0.00335103
0.00838414
-0.00474072
0.00513079
-0.00167576
0.00516083
-0.00148095
0.00518858
-0.0012753
0.0052184
-0.00106456
0.00525101
-0.000828286
0.00528645
-0.000550125
0.00531979
-0.000185865
0.00534425
0.000289145
0.00534729
0.000909362
0.00531018
0.0016981
0.00521761
0.00260505
0.00506722
0.00351177
0.00487078
0.0042762
0.00464714
0.00478218
0.00441251
0.00500184
0.00418547
0.00489019
0.0039755
0.00442536
0.00378363
0.0037171
0.00363934
0.00263634
0.00354988
0.00100483
0.00345435
-0.000711681
0.00332979
-0.0022247
0.00326505
-0.00445327
0.00340845
-0.0080793
0.00387742
-0.0109556
0.00455667
-0.00954542
0.00508241
-0.00411326
0.00524531
0.00193132
0.00511582
0.00633364
0.00486116
0.00841106
0.00456576
0.00916002
0.00427235
0.00977261
0.00404508
0.00916936
0.00383867
0.00741039
0.00358897
0.00722153
0.00340566
0.00822698
0.00339459
0.00644875
0.00345605
-0.000306906
0.00345178
-0.0100091
0.00340631
-0.019035
0.00347894
-0.0221287
0.00372532
-0.0157618
0.00400121
-0.00367656
0.00416179
0.00659758
0.00419049
0.0104596
0.00408567
0.011712
0.00390821
0.0139453
0.0037658
0.0159968
0.00366799
0.0120878
0.00356891
0.000757694
0.00339945
-0.0108592
0.00329013
-0.0202774
0.00338489
-0.0188861
0.00358498
-0.0112609
0.00380501
-0.00108202
0.00386776
0.0102236
0.00384144
0.0117925
0.00361488
0.0171831
0.00326512
0.00873389
-0.00461046
0.00503031
-0.0017055
0.00505829
-0.00150892
0.00508397
-0.00130099
0.00511249
-0.00109308
0.00514469
-0.000860487
0.00518106
-0.000586492
0.00521669
-0.000221502
0.00524503
0.000260807
0.00525283
0.000901566
0.00521945
0.00173148
0.00512757
0.00269693
0.00497449
0.00366485
0.00477331
0.00447739
0.00454406
0.00501142
0.0043041
0.0052418
0.00407306
0.00512124
0.00385814
0.00464029
0.00366168
0.00391356
0.00351645
0.00278158
0.00341636
0.00110492
0.00328793
-0.000583256
0.00312551
-0.00206227
0.00304112
-0.00436889
0.00317172
-0.0082099
0.0036186
-0.0114025
0.00429648
-0.0102233
0.00485821
-0.00467499
0.00506586
0.00172367
0.0049708
0.00642871
0.00473701
0.00864484
0.00445017
0.00944686
0.00416316
0.0100596
0.00394284
0.00938967
0.00373586
0.00761737
0.00348358
0.00747381
0.00330702
0.00840354
0.00330752
0.00644825
0.00337454
-0.000373922
0.0033681
-0.0100027
0.0033123
-0.0189792
0.00336439
-0.0221808
0.0035886
-0.015986
0.00385591
-0.00394387
0.00402348
0.00643001
0.00406465
0.0104185
0.00397011
0.0118065
0.00380051
0.0141149
0.00366644
0.0161309
0.00357626
0.012178
0.00348346
0.000850503
0.00331813
-0.0106939
0.00320373
-0.020163
0.00328259
-0.0189649
0.00346843
-0.0114467
0.00368716
-0.00130075
0.00375722
0.0101536
0.00373269
0.011817
0.00351729
0.0173985
0.00318241
0.00906877
-0.00448268
0.00493084
-0.0017327
0.00495615
-0.00153423
0.00497911
-0.00132395
0.00500562
-0.00111958
0.00503669
-0.000891562
0.00507339
-0.000623189
0.00511095
-0.000259063
0.0051432
0.000228556
0.00515628
0.000888488
0.00512751
0.00176025
0.0050372
0.00278724
0.00488217
0.00381988
0.00467681
0.00468274
0.00444236
0.00524587
0.00419754
0.00548663
0.00396286
0.00535592
0.0037431
0.00486004
0.00354293
0.00411372
0.00339678
0.00292773
0.00328287
0.00121882
0.00311981
-0.000420197
0.00292463
-0.00186708
0.00282923
-0.00427349
0.00295281
-0.00833349
0.00337676
-0.0118265
0.00404483
-0.0108914
0.00463393
-0.00526408
0.00488317
0.00147442
0.00482343
0.00648845
0.0046122
0.00885608
0.00433534
0.00972371
0.00405591
0.010339
0.00384269
0.0096029
0.00363502
0.00782504
0.00338096
0.00772787
0.00321187
0.00857264
0.00322337
0.00643675
0.00329506
-0.000445621
0.00328647
-0.00999407
0.00322132
-0.0189141
0.00325449
-0.022214
0.00345788
-0.0161894
0.00371671
-0.0042027
0.00389033
0.00625639
0.00394282
0.010366
0.00385779
0.0118916
0.00369569
0.014277
0.00356961
0.016257
0.00348658
0.012261
0.00339959
0.000937489
0.0032388
-0.0105331
0.00312086
-0.020045
0.00318512
-0.0190292
0.00335744
-0.0116191
0.0035745
-0.0015178
0.00365066
0.0100774
0.00362743
0.0118402
0.00342282
0.0176031
0.00310268
0.00938892
-0.00435778
0.00483172
-0.00175675
0.00485353
-0.00155604
0.00487289
-0.00134331
0.00489645
-0.00114314
0.00492548
-0.000920593
0.00496174
-0.000659441
0.00500074
-0.000298068
0.00503694
0.000192361
0.00505596
0.000869463
0.00503294
0.00178328
0.00494542
0.00287475
0.00478948
0.00397582
0.00458078
0.00489145
0.00434172
0.00548493
0.00409264
0.0057357
0.00385469
0.00559387
0.00363031
0.00508443
0.00342741
0.00431662
0.0032799
0.00307524
0.00314898
0.00134974
0.00295122
-0.000222428
0.00273015
-0.00164602
0.00263218
-0.00417552
0.00275314
-0.00845445
0.00315338
-0.0122267
0.00380434
-0.0115423
0.00441208
-0.00587182
0.00469888
0.00118762
0.00467452
0.00651281
0.004487
0.00904359
0.00422138
0.00998933
0.0039506
0.0106098
0.00374456
0.00980895
0.00353617
0.00803343
0.00328114
0.0079829
0.00312009
0.00873369
0.00314192
0.00641492
0.00321748
-0.000521188
0.00320684
-0.00998342
0.0031333
-0.0188405
0.00314909
-0.0222298
0.00333292
-0.0163732
0.00358341
-0.00445319
0.00376224
0.00607756
0.00382496
0.0103033
0.00374866
0.0119678
0.00359371
0.014432
0.00347531
0.0163754
0.00339893
0.0123374
0.00331733
0.00101909
0.0031614
-0.0103772
0.00304132
-0.019925
0.0030923
-0.0190802
0.00325184
-0.0117786
0.00346682
-0.00173279
0.00354791
0.00999631
0.00352556
0.0118626
0.00333138
0.0177973
0.00302575
0.00969455
-0.00423606
0.00473199
-0.00177675
0.00474922
-0.00157328
0.00476386
-0.00135795
0.00478331
-0.00116259
0.00480916
-0.000946447
0.00484404
-0.000694314
0.00488393
-0.000337957
0.00492412
0.000152165
0.00494992
0.000843664
0.0049341
0.0017991
0.00485099
0.00295786
0.00469558
0.00413122
0.00448463
0.0051024
0.00424176
0.0057278
0.00398917
0.0059883
0.00374836
0.00583468
0.0035197
0.00531309
0.00331511
0.00452121
0.00316532
0.00322503
0.00301454
0.00150052
0.00278366
8.45104e-06
0.00254471
-0.00140706
0.00245183
-0.00408264
0.00257312
-0.00857573
0.00294888
-0.0126025
0.00357662
-0.0121701
0.0041947
-0.0064899
0.00451454
0.000867777
0.00452488
0.00650247
0.00436176
0.00920672
0.00410843
0.0102427
0.00384726
0.010871
0.00364841
0.0100078
0.0034393
0.00824254
0.00318412
0.00823807
0.00303157
0.00888624
0.00306298
0.00638351
0.00314167
-0.000599868
0.00312914
-0.00997089
0.00304817
-0.0187596
0.00304802
-0.0222296
0.00321351
-0.0165387
0.00345583
-0.00469552
0.00363911
0.00589429
0.00371099
0.0102314
0.00364268
0.0120362
0.00349456
0.0145801
0.00338349
0.0164865
0.00331332
0.0124076
0.0032367
0.00109571
0.00308586
-0.0102264
0.00296487
-0.019804
0.00300394
-0.0191192
0.00315145
-0.0119261
0.00336391
-0.00194525
0.0034488
0.00991142
0.00342699
0.0118844
0.00324286
0.0179815
0.00295146
0.00998595
-0.00411775
0.00463037
-0.00179152
0.00464164
-0.00158454
0.00465019
-0.0013665
0.00466411
-0.00117651
0.00468548
-0.000967814
0.00471793
-0.000726761
0.00475812
-0.000378149
0.00480244
0.000107842
0.00483604
0.000810065
0.00482921
0.00180592
0.00475254
0.00303454
0.00459952
0.00428425
0.00438776
0.00531415
0.00414212
0.00597344
0.0038869
0.00624351
0.00364365
0.00607793
0.00341124
0.0055455
0.00320593
0.00472652
0.00305258
0.00337838
0.00287968
0.00167341
0.00261883
0.000269294
0.00237041
-0.00115863
0.00228906
-0.0040013
0.0024123
-0.00869897
0.0027629
-0.0129531
0.00336254
-0.0127697
0.00398336
-0.00711072
0.0043315
0.00051964
0.00437532
0.00645865
0.00423681
0.00934522
0.00399664
0.0104828
0.0037459
0.0111217
0.00355422
0.0101995
0.00334444
0.00845231
0.00308992
0.0084926
0.00294618
0.00902997
0.00298638
0.00634332
0.0030675
-0.000680991
0.00305332
-0.00995672
0.00296584
-0.0186721
0.00295114
-0.0222149
0.00309946
-0.016687
0.0033338
-0.00492985
0.00352081
0.00570728
0.00360084
0.0101514
0.00353979
0.0120972
0.0033982
0.0147217
0.00329415
0.0165905
0.00322974
0.012472
0.00315771
0.00116774
0.00301212
-0.0100808
0.00289133
-0.0196832
0.0029198
-0.0191477
0.00305607
-0.0120624
0.00326554
-0.00215472
0.00335317
0.00982379
0.00333163
0.0119059
0.00315716
0.0181559
0.00287965
0.0102635
-0.00400303
0.00452525
-0.00179949
0.00452885
-0.00158814
0.00452968
-0.00136734
0.00453647
-0.0011833
0.00455193
-0.000983276
0.00458089
-0.000755713
0.00462086
-0.000418124
0.00466956
5.91406e-05
0.00471219
0.000767439
0.00471646
0.00180165
0.00464866
0.00310234
0.0045003
0.0044326
0.00428951
0.00552494
0.0040424
0.00622055
0.00378559
0.00650033
0.00354038
0.00632314
0.0033049
0.00578098
0.00309971
0.00493171
0.00294123
0.00353687
0.00274476
0.00186989
0.00245839
0.000555663
0.00220883
-0.000909075
0.00214393
-0.0039364
0.0022697
-0.00882474
0.00259461
-0.013278
0.00316239
-0.0133375
0.00377923
-0.00772756
0.00415095
0.000147927
0.00422658
0.00638302
0.00411253
0.00945927
0.00388617
0.0107092
0.00364655
0.0113614
0.00346194
0.0103841
0.0032516
0.00866265
0.00299851
0.00874569
0.00286377
0.0091647
0.00291191
0.00629519
0.00299489
-0.000763969
0.00297933
-0.00994116
0.00288623
-0.018579
0.00285831
-0.022187
0.00299058
-0.0168193
0.00321711
-0.00515639
0.00340721
0.00551719
0.00349443
0.0100641
0.00343993
0.0121517
0.00330457
0.0148571
0.00320723
0.0166879
0.00314819
0.0125311
0.00308039
0.00123553
0.00294014
-0.0099405
0.0028205
-0.0195635
0.00283967
-0.0191669
0.00296547
-0.0121882
0.00317149
-0.00236074
0.00326087
0.00973441
0.00323937
0.0119274
0.00307418
0.0183211
0.00281019
0.0105274
-0.00389202
0.0044146
-0.00179866
0.00440852
-0.00158206
0.00439984
-0.00135865
0.00439781
-0.00118128
0.00440598
-0.000991442
0.00443048
-0.000780217
0.00446989
-0.000457532
0.00452339
5.63671e-06
0.00457646
0.000714369
0.00459418
0.00178394
0.00453805
0.00315847
0.004397
0.00457365
0.00418925
0.00573269
0.00394222
0.00646758
0.00368497
0.00675758
0.00343836
0.00656974
0.00320065
0.00601869
0.00299625
0.00513612
0.00283095
0.00370217
0.00261036
0.00209047
0.00230387
0.00086216
0.002061
-0.000666212
0.00201591
-0.00389131
0.00214396
-0.00895279
0.0024429
-0.0135769
0.00297605
-0.0138706
0.00358316
-0.00833467
0.0039739
-0.000242809
0.00407935
0.00627756
0.00398925
0.00954937
0.00377717
0.0109213
0.00354921
0.0115893
0.00337157
0.0105617
0.00316082
0.0088734
0.00290988
0.00899662
0.00278419
0.0092904
0.00283942
0.00623996
0.00292376
-0.000848312
0.00290712
-0.00992452
0.00280927
-0.0184811
0.0027694
-0.0221471
0.0028867
-0.0169366
0.00310561
-0.0053753
0.00329817
0.00532463
0.00339164
0.00997066
0.00334305
0.0122003
0.00321364
0.0149865
0.0031227
0.0167788
0.00306866
0.0125851
0.00300477
0.00129943
0.00286987
-0.00980561
0.00275218
-0.0194458
0.00276331
-0.019178
0.00287942
-0.0123043
0.00308152
-0.00256284
0.00317175
0.00964418
0.00315011
0.0119491
0.00299382
0.0184774
0.00274294
0.0107783
-0.00378479
0.00429602
-0.00178655
0.00427805
-0.00156409
0.00425799
-0.00133859
0.00424554
-0.00116883
0.00424524
-0.000991139
0.00426462
-0.000799602
0.00430341
-0.000496314
0.00436235
-5.33058e-05
0.00442742
0.000649301
0.00446106
0.00175029
0.00441957
0.00319996
0.00428876
0.00470446
0.00408641
0.00593504
0.00384122
0.00671277
0.0035848
0.00701401
0.00333744
0.00681711
0.00309847
0.00625765
0.0028953
0.00533929
0.00272151
0.00387596
0.00247718
0.0023348
0.00215661
0.00118273
0.00192747
-0.00043707
0.00190404
-0.00386788
0.00203355
-0.0090823
0.00230648
-0.0138498
0.00280314
-0.0143673
0.00339572
-0.00892725
0.00380119
-0.000648271
0.00393427
0.00614448
0.00386733
0.00961631
0.00366981
0.0111188
0.00345392
0.0118052
0.00328308
0.0107326
0.0030721
0.00908438
0.00282401
0.00924471
0.00270728
0.00940712
0.00276875
0.00617849
0.00285406
-0.000933625
0.00283666
-0.00990711
0.00273485
-0.0183793
0.00268427
-0.0220966
0.00278765
-0.01704
0.00299911
-0.00558676
0.00319355
0.00513019
0.00329239
0.00987181
0.00324907
0.0122436
0.00312535
0.0151102
0.00304051
0.0168636
0.00299113
0.0126345
0.00293085
0.00135971
0.00280129
-0.00967606
0.0026862
-0.0193308
0.00269046
-0.0191823
0.00279767
-0.0124115
0.00299543
-0.0027606
0.00308566
0.00955394
0.00306374
0.011971
0.00291599
0.0186252
0.00267781
0.0110165
-0.00368138
0.00416679
-0.00176035
0.00413467
-0.00153198
0.00410153
-0.00130544
0.00407738
-0.00114468
0.00406787
-0.00098163
0.00408193
-0.000813662
0.00412042
-0.000534806
0.00418567
-0.000118549
0.00426433
0.000570641
0.00431631
0.00169831
0.00429246
0.00322381
0.00417493
0.004822
0.00398049
0.00612948
0.0037391
0.00695416
0.00348486
0.00726824
0.00323748
0.00706449
0.00299832
0.0064968
0.0027966
0.00554101
0.0026128
0.00405976
0.00234597
0.00260164
0.00201771
0.00151099
0.00180832
-0.000227682
0.00180711
-0.00386667
0.00193686
-0.00921205
0.00218401
-0.014097
0.00264312
-0.0148264
0.00321731
-0.00950145
0.0036335
-0.00106447
0.00379187
0.00598611
0.00374708
0.00966111
0.00356423
0.0113016
0.00336069
0.0120088
0.00319646
0.0108968
0.00298547
0.00929537
0.00274084
0.00948934
0.00263288
0.00951508
0.00269976
0.00611161
0.00278574
-0.00101961
0.0027679
-0.00988927
0.00266291
-0.0182743
0.00260281
-0.0220364
0.00269326
-0.0171305
0.00289745
-0.00579094
0.00309319
0.00493446
0.00319656
0.00976844
0.00315794
0.0122822
0.00303965
0.0152285
0.00296062
0.0169427
0.00291559
0.0126795
0.00285864
0.00141666
0.00273435
-0.00955177
0.0026224
-0.0192188
0.00262089
-0.0191807
0.00271995
-0.0125105
0.00291297
-0.00295362
0.00300248
0.00946444
0.00298018
0.0119933
0.0028406
0.0187647
0.00261467
0.0112424
-0.0035818
0.00402397
-0.00171702
0.0039757
-0.00148371
0.00392819
-0.00125793
0.00389166
-0.00110815
0.00387288
-0.000962853
0.00388204
-0.000822817
0.00392103
-0.000573801
0.00399366
-0.000191173
0.00408741
0.000476889
0.00415986
0.00162586
0.00415639
0.00322727
0.0040551
0.00492329
0.00387115
0.00631343
0.00363562
0.00718969
0.00338497
0.0075189
0.0031384
0.00731107
0.00290016
0.00673504
0.00269991
0.00574126
0.00250483
0.00425483
0.0022175
0.00288897
0.00188796
0.00184053
0.00170326
-4.29905e-05
0.00172381
-0.00388721
0.0018523
-0.00934054
0.0020741
-0.0143188
0.00249539
-0.0152477
0.00304817
-0.0100542
0.00347142
-0.00148772
0.00365262
0.00580491
0.00362878
0.00968496
0.00346057
0.0114698
0.00326953
0.0121998
0.0031117
0.0110546
0.00290095
0.00950612
0.00266033
0.00972996
0.00256085
0.00961457
0.00263232
0.00604014
0.00271875
-0.00110603
0.0027008
-0.00987132
0.00259337
-0.0181669
0.00252486
-0.0219679
0.00260335
-0.0172089
0.00280044
-0.00598803
0.00299694
0.00473796
0.00310404
0.00966133
0.00306957
0.0123167
0.00295647
0.0153416
0.00288298
0.0170162
0.00284202
0.0127204
0.00278817
0.00147052
0.00266903
-0.00943263
0.00256064
-0.0191104
0.00255438
-0.0191745
0.00264601
-0.0126022
0.00283395
-0.00314156
0.00292206
0.00937634
0.0028993
0.012016
0.00276755
0.0188965
0.00255344
0.0114566
-0.00348602
0.00386466
-0.00165357
0.00379886
-0.00141791
0.00373642
-0.00119549
0.0036877
-0.00105943
0.00366046
-0.000935614
0.00366584
-0.000828196
0.0037066
-0.000614556
0.00378781
-0.000272385
0.00389791
0.000366787
0.00399243
0.00153134
0.00401159
0.00320811
0.0039292
0.00500568
0.00375822
0.00648441
0.00353063
0.00741727
0.00328498
0.00776455
0.00304013
0.00755591
0.00280393
0.00697125
0.00260498
0.00594021
0.00239768
0.00446213
0.0020925
0.00319415
0.00176787
0.00216516
0.00161169
0.000113194
0.00165278
-0.0039283
0.00177836
-0.00946612
0.00197545
-0.0145159
0.00235935
-0.0156316
0.00288841
-0.0105833
0.0033154
-0.00191471
0.00351693
0.00560337
0.00351268
0.0096892
0.00335896
0.0116235
0.00318045
0.0123783
0.0030288
0.0112063
0.00281855
0.00971637
0.00258242
0.00996609
0.00249104
0.00970595
0.00256634
0.00596484
0.00265307
-0.00119276
0.00263534
-0.00985358
0.00252615
-0.0180577
0.00245028
-0.0218921
0.00251773
-0.0172764
0.00270794
-0.00617824
0.00290464
0.00454126
0.00301473
0.00955125
0.0029839
0.0123475
0.00287576
0.0154497
0.00280753
0.0170844
0.00277039
0.0127576
0.00271942
0.00152149
0.00260529
-0.00931849
0.00250078
-0.0190059
0.0024907
-0.0191644
0.0025756
-0.0126871
0.00275816
-0.00332411
0.00284428
0.00929021
0.00282102
0.0120393
0.00269676
0.0190207
0.00249403
0.0116593
-0.00339399
0.0036864
-0.0015675
0.00360261
-0.00133411
0.00352573
-0.00111861
0.00346612
-0.000999824
0.00343218
-0.000901675
0.00343561
-0.000831631
0.00347977
-0.000658711
0.00357077
-0.00036339
0.0036981
0.00023946
0.00381559
0.00141385
0.00385885
0.00316485
0.00379748
0.00506706
0.00364171
0.00664018
0.00342408
0.0076349
0.00318481
0.00800382
0.00294267
0.00779806
0.00270957
0.00720434
0.00251163
0.00613815
0.00229154
0.00468222
0.00197165
0.00351404
0.00165772
0.00247909
0.00153272
0.000238193
0.00159267
-0.00398825
0.00171364
-0.00958709
0.00188685
-0.0146891
0.00223441
-0.0159791
0.00273805
-0.0110869
0.0031658
-0.00234246
0.00338512
0.00538405
0.00339903
0.0096753
0.00325951
0.0117631
0.00309346
0.0125444
0.00294775
0.011352
0.00273828
0.00992584
0.00250705
0.0101973
0.00242333
0.00978967
0.00250173
0.00588643
0.00258868
-0.0012797
0.00257148
-0.00983639
0.00246118
-0.0179474
0.0023789
-0.0218098
0.00243621
-0.0173337
0.00261976
-0.00636179
0.00281616
0.00434486
0.00292851
0.0094389
0.00290086
0.0123752
0.00279744
0.0155531
0.00273422
0.0171476
0.00270068
0.0127911
0.0026524
0.00156977
0.0025431
-0.00920919
0.00244271
-0.0189055
0.00242966
-0.0191513
0.00250847
-0.0127659
0.00268539
-0.00350103
0.00276903
0.00920656
0.00274524
0.0120631
0.00262815
0.0191378
0.00243634
0.0118511
-0.00330565
0.00348751
-0.00145707
0.00338653
-0.00123313
0.00329699
-0.00102907
0.00322899
-0.000931833
0.00319103
-0.000863706
0.0031949
-0.000835511
0.00324432
-0.000708123
0.00334618
-0.00046525
0.00349109
9.4544e-05
0.00363162
0.00127332
0.00369951
0.00309696
0.00366056
0.00510601
0.00352185
0.00677889
0.00331602
0.00784073
0.00308443
0.0082354
0.00284601
0.00803648
0.00261703
0.00743332
0.00241969
0.0063355
0.00218662
0.00491529
0.00185551
0.00384514
0.00155749
0.00277711
0.00146527
0.000330418
0.00154212
-0.00406511
0.0016569
-0.00970186
0.00180723
-0.0148394
0.0021199
-0.0162918
0.00259694
-0.011564
0.00302294
-0.00276846
0.00325748
0.00514951
0.003288
0.00964478
0.00316231
0.0118888
0.00300857
0.0126981
0.00286854
0.011492
0.00266014
0.0101342
0.00243413
0.0104233
0.00235759
0.00986621
0.00243845
0.00580557
0.00252556
-0.00136681
0.0025092
-0.00982003
0.00239838
-0.0178366
0.00231056
-0.021722
0.00235861
-0.0173818
0.00253576
-0.00653894
0.00273133
0.00414929
0.00284527
0.00932496
0.00282037
0.0124001
0.00272147
0.015652
0.002663
0.0172061
0.00263286
0.0128213
0.00258711
0.00161552
0.00248243
-0.00910452
0.00238631
-0.0188094
0.00237104
-0.0191361
0.00244437
-0.0128392
0.00261545
-0.00367211
0.0026962
0.00912582
0.00267186
0.0120874
0.00256162
0.0192481
0.00238031
0.0120324
-0.00322092
0.00326746
-0.00132174
0.00315161
-0.00111728
0.00305264
-0.000930094
0.0029799
-0.000859099
0.00294126
-0.000825059
0.00294826
-0.00084252
0.00300479
-0.000764647
0.00311827
-0.000578726
0.00328056
-6.77517e-05
0.00344335
0.00111054
0.0035354
0.00300491
0.00351939
0.00512202
0.00339906
0.00689921
0.00320661
0.00803318
0.00298389
0.00845813
0.00275022
0.00827015
0.00252624
0.0076573
0.00232903
0.00653271
0.00208317
0.00516116
0.00174458
0.00418373
0.001467
0.00305469
0.00140813
0.00038929
0.00149979
-0.00415677
0.00160703
-0.0098091
0.00173562
-0.014968
0.00201506
-0.0165712
0.00246488
-0.0120138
0.00288705
-0.00319063
0.00313424
0.00490233
0.00317976
0.00959925
0.00306744
0.0120011
0.00292577
0.0128398
0.00279117
0.0116266
0.00258412
0.0103413
0.00236359
0.0106439
0.00229373
0.00993607
0.00237645
0.00572285
0.00246371
-0.00145407
0.00244848
-0.0098048
0.00233765
-0.0177258
0.00224509
-0.0216294
0.00228473
-0.0174214
0.00245578
-0.00670999
0.00265003
0.00395505
0.00276491
0.00921007
0.00274236
0.0124226
0.00264776
0.0157466
0.00259381
0.01726
0.00256688
0.0128482
0.00252352
0.00165888
0.00242327
-0.00900427
0.00233151
-0.0187176
0.00231468
-0.0191193
0.00238308
-0.0129076
0.00254818
-0.00383722
0.00262567
0.00904833
0.00260078
0.0121123
0.0024971
0.0193518
0.00232586
0.0122036
-0.00313969
0.00302706
-0.00116291
0.00290043
-0.000990642
0.00279669
-0.000826356
0.00272368
-0.000786091
0.00268801
-0.000789388
0.0027008
-0.000855307
0.00276605
-0.000829898
0.00289148
-0.000704159
0.00307037
-0.000246647
0.00325393
0.000926976
0.00336873
0.00289011
0.00337522
0.00511552
0.00327396
0.00700047
0.00309613
0.00821101
0.00288328
0.00867098
0.00265536
0.00849807
0.00243715
0.00787551
0.00223956
0.00673029
0.00198144
0.00541928
0.00163921
0.00452596
0.00138587
0.00330803
0.00136001
0.000415151
0.00146434
-0.0042611
0.00156307
-0.00990784
0.00167113
-0.0150761
0.00191905
-0.0168192
0.00234155
-0.0124363
0.00275835
-0.00360742
0.00301561
0.00464507
0.00307447
0.0095404
0.00297498
0.0121006
0.00284506
0.0129697
0.00271562
0.011756
0.0025102
0.0105467
0.00229536
0.0108587
0.00223166
0.00999977
0.00231574
0.00563876
0.00240314
-0.00154147
0.00238929
-0.00979095
0.00227892
-0.0176154
0.00218234
-0.0215328
0.0022144
-0.0174535
0.00237966
-0.00687525
0.00257212
0.00376258
0.00268733
0.00909487
0.00266676
0.0124432
0.00257626
0.0158371
0.0025266
0.0173097
0.00250273
0.0128721
0.00246162
0.00169999
0.00236557
-0.00890822
0.0022782
-0.0186303
0.0022604
-0.0191015
0.00232438
-0.0129716
0.00248341
-0.00399625
0.00255735
0.00897439
0.00253193
0.0121378
0.0024345
0.0194492
0.00227292
0.0123652
-0.00306186
0.00276859
-0.000983337
0.0026372
-0.000859253
0.00253451
-0.000723668
0.00246601
-0.000717586
0.00243679
-0.000760168
0.00245762
-0.00087614
0.00253278
-0.000905052
0.00267
-0.000841386
0.00286423
-0.000440875
0.00306662
0.000724584
0.00320198
0.00275475
0.00322958
0.00508793
0.00314734
0.00708271
0.00298493
0.00837343
0.00278276
0.00887316
0.00256152
0.0087193
0.00234965
0.00808738
0.00215113
0.00692881
0.00188161
0.0056888
0.00153964
0.00486793
0.00131359
0.00353409
0.00131957
0.000409169
0.00143451
-0.00437604
0.00152419
-0.00999752
0.00161293
-0.0151648
0.00183103
-0.0170373
0.00222664
-0.0128319
0.00263697
-0.00401775
0.00290182
0.00438021
0.00297225
0.00946997
0.00288497
0.0121879
0.00276641
0.0130882
0.00264185
0.0118806
0.00243832
0.0107502
0.00222933
0.0110677
0.00217133
0.0100578
0.00225632
0.00555377
0.00234384
-0.00162899
0.0023316
-0.0097787
0.0022221
-0.0175059
0.00212217
-0.0214329
0.00214745
-0.0174787
0.00230723
-0.00703504
0.00249752
0.0035723
0.00261244
0.00897994
0.00259349
0.0124622
0.00250689
0.0159237
0.0024613
0.0173553
0.00244035
0.012893
0.00240139
0.00173896
0.00230932
-0.00881614
0.00222631
-0.0185473
0.00220804
-0.0190832
0.00226806
-0.0130316
0.00242097
-0.00414916
0.00249115
0.0089042
0.0024652
0.0121637
0.00237376
0.0195406
0.00222141
0.0125176
-0.00298733
0.00249654
-0.000785908
0.0023677
-0.000730411
0.00227241
-0.000628382
0.00221283
-0.000658004
0.0021929
-0.000740241
0.00222339
-0.00090663
0.00230905
-0.000990708
0.0024574
-0.000989738
0.00266534
-0.00064881
0.00288455
0.000505373
0.00303792
0.00260138
0.00308433
0.00504152
0.00302023
0.00714681
0.00287349
0.00852016
0.00268253
0.00906412
0.00246879
0.00893305
0.0022636
0.00829257
0.00206351
0.0071289
0.00178372
0.00596858
0.00144595
0.0052057
0.00124962
0.00373043
0.00128552
0.000373262
0.00140915
-0.00449966
0.00148962
-0.010078
0.00156017
-0.0152354
0.00175023
-0.0172273
0.00211982
-0.0132015
0.002523
-0.00442094
0.0027932
0.00411001
0.00287326
0.00938991
0.00279747
0.0122637
0.00268978
0.0131959
0.00256976
0.0120006
0.00236835
0.0109517
0.00216537
0.0112707
0.00211268
0.0101105
0.00219823
0.00546822
0.00228584
-0.0017166
0.00227538
-0.00976824
0.00216711
-0.0173976
0.00206446
-0.0213302
0.00208367
-0.017498
0.00223833
-0.00718969
0.00242614
0.00338449
0.00254018
0.0088659
0.00252247
0.0124799
0.00243958
0.0160066
0.00239788
0.017397
0.00237972
0.0129112
0.00234279
0.00177589
0.00225448
-0.00872783
0.00217579
-0.0184686
0.00215745
-0.0190649
0.00221393
-0.0130881
0.00236071
-0.00429594
0.00242696
0.00883795
0.00240051
0.0121902
0.0023148
0.0196263
0.00217129
0.0126611
-0.00291598
0.00221685
-0.000582316
0.00209894
-0.000612501
0.00201699
-0.000546428
0.00196972
-0.000610736
0.00196094
-0.00073146
0.00200188
-0.000947569
0.00209798
-0.00108681
0.00225632
-0.00114808
0.00247616
-0.000868652
0.00271055
0.000270982
0.00287967
0.00243227
0.00294193
0.00497925
0.00289404
0.00719471
0.00276245
0.00865174
0.0025828
0.00924377
0.0023771
0.00913875
0.00217859
0.00849108
0.00197614
0.00733134
0.00168754
0.00625719
0.00135806
0.00553518
0.00119324
0.00389525
0.00125685
0.000309648
0.00138728
-0.00463009
0.00145868
-0.0101494
0.00151199
-0.0152887
0.00167594
-0.0173913
0.00202079
-0.0135463
0.00241654
-0.00481668
0.00269032
0.00383623
0.00277782
0.0093024
0.00271252
0.012329
0.00261507
0.0132934
0.00249911
0.0121166
0.00229998
0.0111508
0.00210328
0.0114674
0.00205571
0.010158
0.00214154
0.00538238
0.00222918
-0.00180423
0.0022206
-0.00975967
0.00211383
-0.0172909
0.00200907
-0.0212255
0.00202289
-0.0175118
0.00217279
-0.00733959
0.00235796
0.00319932
0.0024705
0.00875336
0.00245363
0.0124968
0.00237426
0.016086
0.00233627
0.017435
0.0023208
0.0129267
0.00228581
0.00181087
0.00220103
-0.00864305
0.00212654
-0.0183941
0.00210851
-0.0190468
0.00216181
-0.0131414
0.00230249
-0.00443662
0.00236472
0.00877572
0.00233778
0.0122171
0.00225755
0.0197066
0.00212248
0.0127962
-0.00284769
0.00193243
-0.000397085
0.00183871
-0.000518785
0.00177457
-0.000482293
0.00174131
-0.000577472
0.00174446
-0.000734609
0.00179571
-0.000998822
0.00190163
-0.00119272
0.00206815
-0.0013146
0.00229805
-0.00109856
0.00254693
2.21018e-05
0.00273128
0.00224791
0.00280644
0.0049041
0.0027714
0.00722975
0.00265289
0.00877025
0.00248362
0.00941304
0.00228595
0.00933642
0.00209356
0.00868347
0.00188768
0.00753722
0.00159218
0.00655269
0.00127577
0.00585159
0.0011434
0.00402762
0.00123296
0.000220093
0.0013679
-0.00476503
0.00143089
-0.0102124
0.00146734
-0.0153251
0.00160693
-0.0175309
0.00192905
-0.0138684
0.002318
-0.00520563
0.0025945
0.00355973
0.00268674
0.00921015
0.00263027
0.0123854
0.00254197
0.0133817
0.00242917
0.0122294
0.00223237
0.0113476
0.00204265
0.0116571
0.0020005
0.0102002
0.0020864
0.00529649
0.00217384
-0.00189168
0.00216731
-0.00975314
0.00206208
-0.0171856
0.00195562
-0.021119
0.0019649
-0.0175211
0.00211063
-0.00748532
0.00229308
0.00301686
0.00240343
0.00864301
0.00238686
0.0125133
0.00231082
0.016162
0.00227648
0.0174693
0.00226356
0.0129396
0.00223041
0.00184402
0.00214891
-0.00856155
0.00207851
-0.0183237
0.00206108
-0.0190294
0.0021115
-0.0131918
0.00224623
-0.00457136
0.00230436
0.0087176
0.00227691
0.0122445
0.002202
0.0197815
0.00207478
0.0129234
-0.00278249
0.00100206
-0.000380022
0.000970834
-0.000487562
0.000947611
-0.000459069
0.000947176
-0.000577038
0.000973037
-0.00076047
0.00102596
-0.00105174
0.00110382
-0.00127059
0.00119968
-0.00141046
0.00128851
-0.00118739
0.0013268
-1.61801e-05
0.00128543
0.00228927
0.00118566
0.00500386
0.0010659
0.00734951
0.000955951
0.0088802
0.000866833
0.00950216
0.000797839
0.00940541
0.000757033
0.00872428
0.000706932
0.00758732
0.000588841
0.00667078
0.000487474
0.00595295
0.000569502
0.00394559
0.000833328
-4.37328e-05
0.0011334
-0.0050651
0.00136871
-0.0104477
0.00150427
-0.0154607
0.00152573
-0.0175523
0.00146907
-0.0138118
0.00139526
-0.00513181
0.00133468
0.0036203
0.00126971
0.00927513
0.00119747
0.0124577
0.00117273
0.0134064
0.00115409
0.012248
0.00106142
0.0114402
0.000982419
0.0117361
0.00105257
0.01013
0.00125318
0.00509588
0.00146985
-0.00210835
0.00161301
-0.00989629
0.00163983
-0.0172125
0.00155806
-0.0210372
0.00143807
-0.0174011
0.00137047
-0.00741772
0.00138007
0.00300726
0.00140282
0.00862026
0.0013655
0.0125506
0.00131189
0.0162157
0.00133073
0.0174505
0.00141489
0.0128554
0.00149468
0.00176424
0.00151835
-0.00858522
0.00150235
-0.0183077
0.00146931
-0.0189963
0.00146381
-0.0131863
0.00151357
-0.00462112
0.00153673
0.00869444
0.00152248
0.0122588
0.0014943
0.0198096
0.00143765
0.01298
-0.00275125
0.000918255
-0.00036705
0.000895905
-0.000465212
0.000881694
-0.000444858
0.000889314
-0.000584658
0.000923038
-0.000794193
0.000983911
-0.00111261
0.00106996
-0.00135663
0.00117304
-0.00151353
0.00126845
-0.00128281
0.0013136
-6.13357e-05
0.00128018
0.00232269
0.00118516
0.00509888
0.0010681
0.00746657
0.000959987
0.00898832
0.000871493
0.00959065
0.000802693
0.00947421
0.000759954
0.00876702
0.00070077
0.00764651
0.000574052
0.0067975
0.000480107
0.0060469
0.000581044
0.00384465
0.000856762
-0.000319451
0.00115527
-0.00536361
0.00138091
-0.0106733
0.00150536
-0.0155852
0.00152009
-0.0175671
0.00146317
-0.0137549
0.00139672
-0.00506536
0.0013446
0.00367242
0.00128281
0.00933691
0.00121273
0.0125277
0.00118934
0.0134298
0.0011673
0.0122701
0.00107104
0.0115365
0.000993872
0.0118133
0.0010671
0.0100568
0.00126735
0.00489564
0.00148109
-0.00232209
0.00161973
-0.0100349
0.0016416
-0.0172343
0.00155722
-0.0209529
0.00143854
-0.0172824
0.00137524
-0.00735442
0.00138847
0.00299403
0.00141155
0.00859718
0.00137328
0.0125889
0.00131993
0.016269
0.00133938
0.017431
0.00142252
0.0127723
0.0014999
0.00168685
0.00152164
-0.00860696
0.0015055
-0.0182916
0.00147288
-0.0189637
0.00146743
-0.0131809
0.00151634
-0.00467003
0.0015378
0.00867298
0.00152226
0.0122743
0.00149473
0.0198372
0.00143932
0.0130354
-0.00272001
0.000840921
-0.000362805
0.000823728
-0.000448019
0.000817848
-0.000438977
0.000833336
-0.000600146
0.000874793
-0.00083565
0.000943344
-0.00118116
0.00103693
-0.00145022
0.00114598
-0.00162258
0.00124562
-0.00138244
0.00129663
-0.000112345
0.00127123
0.0023481
0.00118323
0.00518688
0.00107113
0.00757868
0.000966175
0.00909327
0.000878692
0.00967814
0.000809919
0.00954298
0.000764349
0.00881259
0.000695143
0.00771571
0.000560371
0.00693227
0.000475428
0.00613184
0.000595954
0.00372413
0.000882266
-0.000605763
0.00117771
-0.00565905
0.00139282
-0.0108885
0.00150596
-0.0156983
0.00151453
-0.0175756
0.00145733
-0.0136977
0.00139698
-0.00500501
0.00135314
0.00371626
0.00129548
0.00939457
0.00122828
0.012595
0.00120637
0.0134517
0.00118069
0.0122958
0.00108087
0.0116363
0.00100566
0.0118885
0.00108187
0.00998058
0.0012817
0.00469581
0.00149241
-0.0025328
0.00162622
-0.0101687
0.00164295
-0.0172511
0.00155599
-0.0208659
0.00143868
-0.0171651
0.00137957
-0.00729531
0.00139644
0.00297716
0.00141999
0.00857363
0.00138087
0.012628
0.00132789
0.016322
0.00134806
0.0174108
0.00143024
0.0126901
0.00150514
0.00161196
0.00152483
-0.00862665
0.00150854
-0.0182753
0.00147642
-0.0189316
0.00147109
-0.0131755
0.00151907
-0.00471801
0.00153881
0.00865324
0.00152205
0.0122911
0.00149514
0.0198641
0.00144115
0.0130894
-0.00268869
0.00076779
-0.000367345
0.000754409
-0.000434638
0.000756345
-0.000440914
0.000779503
-0.000623304
0.000828705
-0.000884853
0.000904905
-0.00125736
0.00100583
-0.00155115
0.00112033
-0.00173708
0.00122324
-0.00148535
0.00127877
-0.000167882
0.00126051
0.00236636
0.00117991
0.00526747
0.00107342
0.00768517
0.000972037
0.00919465
0.000885725
0.00976445
0.000816923
0.00961179
0.000767899
0.00886161
0.000688277
0.00779533
0.000546539
0.00707401
0.000472243
0.00620614
0.000612224
0.00358415
0.00090772
-0.00090126
0.00119935
-0.00595067
0.00140375
-0.0110929
0.00150584
-0.0158004
0.00150898
-0.0175788
0.0014523
-0.013641
0.00139771
-0.00495042
0.00136133
0.00375264
0.00130778
0.00944812
0.00124372
0.012659
0.00122325
0.0134722
0.00119382
0.0123252
0.00109061
0.0117395
0.0010174
0.0119617
0.00109629
0.0099017
0.00129553
0.00449657
0.00150321
-0.00274047
0.00163217
-0.0102977
0.00164388
-0.0172628
0.00155459
-0.0207766
0.00143885
-0.0170493
0.00138393
-0.00724038
0.00140428
0.00295681
0.00142823
0.00854968
0.0013883
0.012668
0.00133576
0.0163745
0.00135666
0.0173899
0.00143786
0.0126089
0.00151022
0.00153959
0.00152787
-0.0086443
0.00151148
-0.0182589
0.00147997
-0.0189001
0.00147482
-0.0131704
0.00152182
-0.00476501
0.00153978
0.00863528
0.00152184
0.012309
0.00149558
0.0198903
0.00144304
0.013142
-0.00265732
0.000698092
-0.000379843
0.000688179
-0.000424725
0.000697538
-0.000450273
0.000728143
-0.000653908
0.000785034
-0.000941743
0.00086877
-0.0013411
0.000976729
-0.00165911
0.00109613
-0.00185648
0.00120134
-0.00159056
0.00126014
-0.000226686
0.00124833
0.00237817
0.00117488
0.00534093
0.001074
0.00778605
0.000976205
0.00929244
0.000891139
0.00984952
0.000822357
0.00968057
0.000769474
0.0089145
0.000679355
0.00788545
0.000532023
0.00722134
0.000470125
0.00626804
0.000629541
0.00342473
0.000932941
-0.00120466
0.00122004
-0.00623777
0.00141371
-0.0112865
0.00150498
-0.0158917
0.00150312
-0.0175769
0.00144772
-0.0135856
0.00139895
-0.00490164
0.00136938
0.00378221
0.00131969
0.00949781
0.00125883
0.0127199
0.00123971
0.0134913
0.00120649
0.0123584
0.00110014
0.0118459
0.00102894
0.0120329
0.00111021
0.00982043
0.00130875
0.00429802
0.00151342
-0.00294514
0.00163759
-0.0104219
0.00164446
-0.0172696
0.00155304
-0.0206852
0.00143906
-0.0169354
0.00138835
-0.00718967
0.00141202
0.00293313
0.0014363
0.00852541
0.0013956
0.0127087
0.00134351
0.0164266
0.00136513
0.0173683
0.00144532
0.0125287
0.00151514
0.00146977
0.00153076
-0.00865991
0.00151432
-0.0182424
0.00148352
-0.0188693
0.00147862
-0.0131655
0.00152458
-0.00481097
0.00154073
0.00861914
0.00152161
0.0123281
0.00149606
0.0199159
0.001445
0.013193
-0.00262589
0.000631902
-0.000399313
0.000625432
-0.000418255
0.000641825
-0.000466666
0.000679538
-0.000691621
0.000743857
-0.00100606
0.000834775
-0.00143202
0.000949232
-0.00177357
0.00107285
-0.00198009
0.00117943
-0.00169714
0.00124048
-0.000287732
0.0012345
0.00238415
0.00116809
0.00540733
0.00107299
0.00788116
0.000978893
0.00938654
0.000895181
0.00993323
0.000826428
0.00974932
0.000769237
0.00897169
0.000668591
0.0079861
0.00051711
0.00737282
0.000469279
0.00631587
0.000647901
0.00324611
0.000957854
-0.00151461
0.00123979
-0.0065197
0.00142276
-0.0114695
0.00150338
-0.0159723
0.00149679
-0.0175703
0.00144319
-0.013532
0.00140035
-0.0048588
0.00137719
0.00380536
0.00133122
0.00954378
0.00127365
0.0127774
0.00125579
0.0135092
0.00121874
0.0123954
0.00110947
0.0119552
0.00104026
0.0121021
0.00112363
0.00973706
0.0013214
0.00410025
0.00152311
-0.00314685
0.00164255
-0.0105413
0.00164473
-0.0172718
0.00155133
-0.0205918
0.00143927
-0.0168233
0.00139279
-0.00714319
0.00141967
0.00290625
0.00144419
0.00850089
0.00140275
0.0127501
0.00135115
0.0164782
0.00137346
0.017346
0.00145263
0.0124495
0.00151991
0.00140249
0.00153351
-0.00867352
0.00151706
-0.018226
0.00148706
-0.0188393
0.00148247
-0.0131609
0.00152736
-0.00485585
0.00154164
0.00860486
0.00152138
0.0123484
0.00149658
0.0199407
0.00144701
0.0132426
-0.00259442
0.000569311
-0.000424501
0.000566409
-0.000415352
0.000589432
-0.00048969
0.000633819
-0.000736009
0.000705142
-0.00107738
0.000802708
-0.00152959
0.000922981
-0.00189384
0.00105008
-0.00210719
0.0011573
-0.00180437
0.00121974
-0.00035017
0.00121898
0.00238491
0.00115961
0.0054667
0.00107055
0.00797022
0.000980347
0.00947674
0.00089813
0.0100154
0.000829365
0.00981809
0.000767373
0.00903368
0.00065624
0.00809723
0.000502145
0.00752692
0.000469909
0.0063481
0.000667197
0.00304882
0.000982284
-0.0018297
0.00125855
-0.00679597
0.00143091
-0.0116419
0.0015011
-0.0160425
0.00148999
-0.0175592
0.00143853
-0.0134805
0.00140171
-0.00482198
0.00138468
0.0038224
0.00134238
0.00958607
0.00128822
0.0128316
0.00127152
0.0135259
0.00123061
0.0124363
0.00111863
0.0120671
0.00105138
0.0121694
0.0011366
0.00965184
0.00133352
0.00390333
0.00153229
-0.00334562
0.00164705
-0.0106561
0.00164469
-0.0172695
0.00154948
-0.0204966
0.00143944
-0.0167133
0.00139721
-0.00710095
0.0014272
0.00287626
0.00145191
0.00847618
0.00140976
0.0127922
0.00135866
0.0165293
0.00138166
0.017323
0.00145979
0.0123714
0.00152453
0.00133774
0.00153615
-0.00868513
0.00151971
-0.0182096
0.00149058
-0.0188102
0.00148637
-0.0131567
0.00153013
-0.00489961
0.00154252
0.00859247
0.00152114
0.0123698
0.00149712
0.0199647
0.00144907
0.0132907
-0.00256291
0.000510375
-0.000453953
0.000511208
-0.000416185
0.000540425
-0.000518906
0.000590979
-0.000786563
0.000668754
-0.00115516
0.000772309
-0.00163314
0.000897622
-0.00201915
0.00102745
-0.00223702
0.0011347
-0.00191161
0.00119787
-0.00041334
0.00120184
0.00238094
0.00114946
0.00551908
0.00106668
0.008053
0.000980567
0.00956286
0.000899994
0.010096
0.00083115
0.00988693
0.000763873
0.00910096
0.000642423
0.00821868
0.000487373
0.00768197
0.000472104
0.00636337
0.000687245
0.00283368
0.00100606
-0.00214851
0.00127629
-0.00706619
0.00143821
-0.0118038
0.00149818
-0.0161025
0.00148272
-0.0175437
0.00143368
-0.0134315
0.00140297
-0.00479128
0.00139182
0.00383355
0.00135317
0.00962472
0.00130254
0.0128822
0.00128691
0.0135415
0.00124212
0.0124811
0.00112764
0.0121816
0.00106227
0.0122347
0.00114909
0.00956502
0.00134511
0.00370732
0.00154096
-0.00354147
0.00165113
-0.0107663
0.00164438
-0.0172627
0.00154751
-0.0203997
0.00143959
-0.0166053
0.00140161
-0.00706297
0.0014346
0.00284327
0.00145945
0.00845133
0.00141663
0.0128351
0.00136606
0.0165799
0.00138973
0.0172993
0.00146679
0.0122943
0.00152901
0.00127553
0.00153866
-0.00869478
0.00152226
-0.0181932
0.00149408
-0.018782
0.0014903
-0.0131529
0.00153289
-0.0049422
0.00154336
0.008582
0.0015209
0.0123922
0.0014977
0.0199879
0.00145118
0.0133372
-0.00253137
0.000455141
-0.000486176
0.000459835
-0.000420879
0.000494754
-0.000553825
0.0005509
-0.000842708
0.000634473
-0.00123873
0.000743258
-0.00174193
0.000872775
-0.00214867
0.00100461
-0.00236885
0.0011114
-0.00201841
0.00117483
-0.000476766
0.00118311
0.00237266
0.00113768
0.00556451
0.00106138
0.00812931
0.000979512
0.00964472
0.000900733
0.0101748
0.000831717
0.00995595
0.000758703
0.00917397
0.000627252
0.00835013
0.000473017
0.0078362
0.000475903
0.00636049
0.000707844
0.00260174
0.00102904
-0.00246971
0.00129298
-0.00733013
0.00144467
-0.0119555
0.00149466
-0.0161525
0.00147501
-0.0175241
0.0014286
-0.0133851
0.00140406
-0.00476674
0.00139861
0.00383899
0.0013636
0.00965974
0.0013166
0.0129292
0.00130194
0.0135562
0.00125327
0.0125298
0.00113649
0.0122984
0.00107293
0.0122983
0.00116111
0.00947684
0.00135617
0.00351225
0.00154914
-0.00373444
0.00165478
-0.0108719
0.00164381
-0.0172517
0.00154541
-0.0203013
0.00143971
-0.0164996
0.00140597
-0.00702923
0.00144187
0.00280737
0.0014668
0.0084264
0.00142335
0.0128785
0.00137333
0.0166299
0.00139766
0.017275
0.00147364
0.0122184
0.00153335
0.00121582
0.00154107
-0.0087025
0.00152471
-0.0181768
0.00149755
-0.0187548
0.00149425
-0.0131496
0.00153564
-0.0049836
0.00154416
0.00857348
0.00152064
0.0124158
0.0014983
0.0200103
0.00145333
0.0133821
-0.00249982
0.000403619
-0.000519758
0.00041221
-0.000429471
0.000452273
-0.000593888
0.000513376
-0.000903811
0.000602008
-0.00132736
0.000715197
-0.00185512
0.000848049
-0.00228152
0.00098119
-0.00250199
0.00108717
-0.00212439
0.00115055
-0.000540142
0.00116283
0.00236037
0.00112429
0.00560304
0.00105463
0.00819897
0.00097718
0.00972217
0.000900345
0.0102516
0.000831039
0.0100253
0.000751871
0.00925314
0.000610875
0.00849113
0.000459313
0.00798776
0.000481321
0.00633848
0.000728797
0.00235426
0.00105113
-0.00279204
0.00130863
-0.00758764
0.00145033
-0.0120972
0.00149057
-0.0161927
0.00146689
-0.0175004
0.00142328
-0.0133415
0.00140494
-0.00474839
0.00140503
0.00383891
0.00137366
0.0096911
0.00133041
0.0129725
0.00131662
0.01357
0.00126408
0.0125823
0.00114521
0.0124173
0.00108334
0.0123602
0.00117265
0.00938752
0.00136674
0.00331816
0.00155683
-0.00392453
0.00165803
-0.0109731
0.00164298
-0.0172367
0.00154321
-0.0202015
0.0014398
-0.0163962
0.0014103
-0.00699973
0.00144901
0.00276865
0.00147398
0.00840143
0.00142993
0.0129226
0.00138048
0.0166793
0.00140544
0.0172501
0.00148032
0.0121435
0.00153755
0.00115859
0.00154336
-0.00870832
0.00152706
-0.0181605
0.00150099
-0.0187287
0.00149822
-0.0131468
0.00153838
-0.00502376
0.00154493
0.00856694
0.00152037
0.0124403
0.00149892
0.0200317
0.00145552
0.0134255
-0.00246825
0.000355758
-0.000553434
0.000368174
-0.000441887
0.000412759
-0.000638473
0.000478134
-0.000969187
0.000571021
-0.00142025
0.000687744
-0.00197184
0.000823063
-0.00241684
0.000956865
-0.0026358
0.00106179
-0.00222932
0.00112496
-0.000603309
0.00114101
0.00234432
0.00110933
0.00563472
0.00104647
0.00826183
0.000973586
0.00979506
0.000898845
0.0103264
0.000829102
0.010095
0.000743404
0.00933884
0.000593468
0.00864107
0.000446498
0.00813473
0.000488348
0.00629663
0.00074991
0.0020927
0.00107224
-0.00311437
0.00132325
-0.00783865
0.00145524
-0.0122291
0.00148598
-0.0162234
0.00145838
-0.0174728
0.0014177
-0.0133008
0.00140557
-0.00473626
0.00141105
0.00383342
0.00138337
0.00971879
0.00134395
0.0130119
0.00133094
0.013583
0.00127456
0.0126387
0.00115378
0.0125381
0.00109349
0.0124205
0.00118372
0.0092973
0.0013768
0.00312508
0.00156405
-0.00411178
0.00166089
-0.0110699
0.00164192
-0.0172177
0.00154092
-0.0201005
0.00143987
-0.0162952
0.00141457
-0.00697443
0.00145602
0.00272721
0.00148098
0.00837646
0.00143636
0.0129672
0.0013875
0.0167282
0.00141306
0.0172245
0.00148683
0.0120697
0.00154161
0.00110382
0.00154555
-0.00871227
0.00152931
-0.0181443
0.00150438
-0.0187038
0.00150219
-0.0131446
0.00154109
-0.00506266
0.00154565
0.00856238
0.00152009
0.0124659
0.00149957
0.0200522
0.00145775
0.0134674
-0.00243668
0.000311447
-0.000586141
0.000327503
-0.000457944
0.000375925
-0.000686895
0.000444848
-0.00103811
0.000541146
-0.00151655
0.00066052
-0.00209121
0.000797459
-0.00255378
0.000931338
-0.00276967
0.00103507
-0.00233305
0.001098
-0.000666237
0.00111769
0.00232463
0.00109284
0.00565957
0.00103692
0.00831775
0.000968748
0.00986323
0.000896247
0.0103989
0.000825896
0.0101653
0.000733346
0.00943139
0.000575223
0.00879919
0.000434794
0.00827516
0.000496944
0.00623448
0.000771005
0.00181864
0.00109234
-0.00343571
0.00133685
-0.00808316
0.00145943
-0.0123517
0.00148091
-0.0162449
0.00144951
-0.0174414
0.00141185
-0.0132631
0.00140591
-0.00473033
0.00141667
0.00382266
0.00139272
0.00974274
0.00135724
0.0130474
0.0013449
0.0135953
0.00128473
0.0126989
0.00116222
0.0126606
0.00110339
0.0124793
0.00119433
0.00920635
0.00138638
0.00293303
0.00157081
-0.0042962
0.00166338
-0.0111625
0.00164064
-0.017195
0.00153855
-0.0199984
0.00143992
-0.0161966
0.0014188
-0.00695331
0.00146288
0.00268313
0.0014878
0.00835154
0.00144265
0.0130124
0.00139439
0.0167765
0.00142053
0.0171983
0.00149317
0.0119971
0.00154553
0.00105146
0.00154764
-0.00871437
0.00153146
-0.0181281
0.00150772
-0.0186801
0.00150617
-0.0131431
0.00154378
-0.00510026
0.00154634
0.00855982
0.00151981
0.0124924
0.00150023
0.0200718
0.00146
0.0135076
-0.00240512
0.000270511
-0.000617028
0.000289919
-0.000477352
0.000341448
-0.000738423
0.000413169
-0.00110983
0.000512013
-0.00161539
0.00063316
-0.00221236
0.000770912
-0.00269153
0.000904352
-0.00290311
0.00100683
-0.00243553
0.0010696
-0.000729008
0.00109287
0.00230136
0.00107485
0.00567759
0.001026
0.00836659
0.000962687
0.00992655
0.000892564
0.010469
0.000821412
0.0102365
0.000721754
0.00953105
0.000556348
0.0089646
0.000424408
0.0084071
0.000507043
0.00615184
0.000791922
0.00153376
0.00111138
-0.00375517
0.00134945
-0.00832123
0.00146295
-0.0124652
0.00147541
-0.0162574
0.00144031
-0.0174063
0.00140572
-0.0132285
0.00140596
-0.00473056
0.00142188
0.00380674
0.00140172
0.0097629
0.00137026
0.0130788
0.0013585
0.0136071
0.00129461
0.0127628
0.00117052
0.0127847
0.00111301
0.0125368
0.00120449
0.00911487
0.00139549
0.00274203
0.00157712
-0.00447783
0.00166549
-0.0112509
0.00163914
-0.0171686
0.00153611
-0.0198954
0.00143996
-0.0161004
0.00142298
-0.00693632
0.0014696
0.00263651
0.00149444
0.00832671
0.00144879
0.013058
0.00140115
0.0168241
0.00142784
0.0171716
0.00149933
0.0119256
0.00154932
0.00100148
0.00154962
-0.00871468
0.00153351
-0.018112
0.001511
-0.0186576
0.00151014
-0.0131422
0.00154643
-0.00513655
0.00154697
0.00855927
0.00151951
0.0125199
0.00150091
0.0200904
0.00146227
0.0135462
-0.00237358
0.000232728
-0.000645462
0.000255107
-0.000499731
0.000308979
-0.000792295
0.000382736
-0.00118359
0.000483259
-0.00171592
0.000605327
-0.00233443
0.00074314
-0.00282934
0.000875697
-0.00303567
0.00097695
-0.00253678
0.00103974
-0.000791794
0.00106659
0.00227451
0.00105541
0.00568877
0.00101374
0.00840826
0.000955429
0.00998486
0.000887812
0.0105366
0.000815647
0.0103087
0.000708699
0.00963799
0.00053707
0.00913622
0.000415519
0.00852865
0.000518556
0.00604881
0.000812527
0.00123979
0.00112938
-0.00407202
0.00136109
-0.00855293
0.00146583
-0.01257
0.00146952
-0.0162611
0.0014308
-0.0173676
0.00139933
-0.0131971
0.00140569
-0.00473692
0.00142666
0.00378577
0.00141037
0.00977918
0.00138302
0.0131062
0.00137174
0.0136183
0.00130421
0.0128303
0.0011787
0.0129102
0.00112237
0.0125931
0.00121421
0.00902302
0.00140414
0.0025521
0.00158299
-0.00465667
0.00166726
-0.0113352
0.00163745
-0.0171388
0.00153361
-0.0197916
0.00143999
-0.0160068
0.00142709
-0.00692342
0.00147617
0.00258743
0.00150089
0.00830199
0.00145479
0.0131041
0.00140778
0.0168711
0.00143497
0.0171445
0.00150531
0.0118552
0.00155297
0.000953818
0.00155151
-0.00871322
0.00153545
-0.0180959
0.00151422
-0.0186363
0.00151409
-0.0131421
0.00154904
-0.0051715
0.00154757
0.00856074
0.0015192
0.0125482
0.0015016
0.020108
0.00146456
0.0135833
-0.00234206
0.000197835
-0.000671008
0.000222729
-0.000524625
0.000278168
-0.000847733
0.0003532
-0.00125862
0.000454552
-0.00181727
0.000576729
-0.00245661
0.000713909
-0.00296652
0.000845206
-0.00316697
0.000945316
-0.00263689
0.00100836
-0.000854836
0.00103887
0.002244
0.00103456
0.00569308
0.00100018
0.00844264
0.000947004
0.010038
0.000882007
0.0106016
0.000808606
0.0103821
0.000694273
0.00975233
0.000517627
0.00931287
0.000408283
0.008638
0.00053138
0.00592571
0.000832717
0.000938452
0.00114633
-0.00438563
0.00137179
-0.00877839
0.00146812
-0.0126663
0.00146328
-0.0162562
0.00142101
-0.0173253
0.00139266
-0.0131687
0.00140507
-0.00474933
0.001431
0.00375984
0.00141869
0.0097915
0.00139552
0.0131294
0.00138462
0.0136292
0.00131356
0.0129014
0.00118676
0.013037
0.00113145
0.0126484
0.00122351
0.00893097
0.00141234
0.00236326
0.00158843
-0.00483276
0.00166869
-0.0114154
0.00163556
-0.0171057
0.00153105
-0.0196871
0.00144002
-0.0159158
0.00143115
-0.00691455
0.00148259
0.00253599
0.00150716
0.00827742
0.00146064
0.0131506
0.00141428
0.0169175
0.00144193
0.0171168
0.00151109
0.0117861
0.00155648
0.000908426
0.0015533
-0.00871004
0.00153728
-0.0180799
0.00151737
-0.0186164
0.00151801
-0.0131427
0.0015516
-0.0052051
0.00154812
0.00856423
0.00151888
0.0125775
0.0015023
0.0201246
0.00146686
0.0136187
-0.00231059
0.000165549
-0.0006934
0.000192441
-0.000551517
0.000248672
-0.000903964
0.000324234
-0.00133418
0.000425594
-0.00191863
0.000547119
-0.00257813
0.000683039
-0.00310244
0.000812764
-0.00329669
0.000911859
-0.00273598
0.000975455
-0.000918432
0.00100976
0.00220969
0.00101237
0.00569047
0.000985357
0.00846966
0.000937451
0.0100859
0.000875171
0.0106639
0.000800302
0.0104569
0.000678585
0.00987404
0.000498273
0.00949318
0.000402826
0.00873345
0.000545393
0.00578314
0.000852419
0.000631426
0.00116227
-0.00469548
0.00138159
-0.00899771
0.00146986
-0.0127546
0.00145674
-0.0162431
0.00141095
-0.0172795
0.00138572
-0.0131435
0.00140411
-0.00476772
0.0014349
0.00372904
0.00142666
0.00979974
0.00140775
0.0131483
0.00139715
0.0136398
0.00132266
0.0129759
0.0011947
0.0131649
0.00114027
0.0127029
0.00123239
0.00883886
0.0014201
0.00217555
0.00159346
-0.00500611
0.0016698
-0.0114918
0.00163351
-0.0170694
0.00152846
-0.019582
0.00144005
-0.0158274
0.00143515
-0.00690966
0.00148886
0.00248228
0.00151325
0.00825303
0.00146635
0.0131975
0.00142064
0.0169632
0.00144871
0.0170887
0.00151669
0.0117181
0.00155986
0.000865248
0.001555
-0.00870517
0.00153901
-0.0180639
0.00152044
-0.0185979
0.0015219
-0.0131442
0.00155412
-0.00523732
0.00154861
0.00856973
0.00151854
0.0126076
0.001503
0.0201401
0.00146917
0.0136525
-0.00227917
0.000135575
-0.000712511
0.000163906
-0.000579848
0.000220175
-0.000960234
0.000295547
-0.00140955
0.000396137
-0.00201922
0.000516303
-0.0026983
0.000650401
-0.00323654
0.000778297
-0.00342459
0.000876539
-0.00283423
0.000941022
-0.000982915
0.000979296
0.00217142
0.000988888
0.00568088
0.00096932
0.00848922
0.00092681
0.0101284
0.000867324
0.0107234
0.000790757
0.0105335
0.000661759
0.010003
0.000479267
0.00967567
0.000399244
0.00881347
0.000560462
0.00562192
0.000871585
0.000320303
0.00117723
-0.00500113
0.00139052
-0.009211
0.00147108
-0.0128351
0.00144993
-0.0162219
0.00140065
-0.0172302
0.0013785
-0.0131213
0.00140277
-0.00479199
0.00143836
0.00369345
0.0014343
0.0098038
0.00141971
0.0131629
0.00140933
0.0136502
0.00133154
0.0130537
0.00120251
0.0132939
0.00114882
0.0127566
0.00124087
0.00874681
0.00142743
0.00198899
0.00159808
-0.00517676
0.0016706
-0.0115643
0.00163128
-0.0170301
0.00152584
-0.0194766
0.00144008
-0.0157416
0.00143909
-0.00690867
0.00149498
0.0024264
0.00151916
0.00822884
0.00147191
0.0132448
0.00142686
0.0170082
0.0014553
0.0170603
0.00152208
0.0116513
0.00156311
0.00082422
0.0015566
-0.00869866
0.00154062
-0.0180479
0.00152343
-0.0185807
0.00152574
-0.0131465
0.00155658
-0.00526815
0.00154906
0.00857724
0.0015182
0.0126384
0.00150371
0.0201546
0.00147149
0.0136848
-0.00224781
0.000107621
-0.000728319
0.000136802
-0.000609029
0.000192392
-0.00101582
0.000266889
-0.00148405
0.000365981
-0.00211831
0.000484145
-0.00281646
0.000615919
-0.00336831
0.000741778
-0.00355045
0.000839348
-0.0029318
0.000905076
-0.00104864
0.000947528
0.00212897
0.000964174
0.00566423
0.000952119
0.00850128
0.000915127
0.0101654
0.000858492
0.01078
0.000780002
0.010612
0.000643939
0.0101391
0.000460874
0.00985874
0.000397607
0.00887674
0.00057645
0.00544308
0.000890205
6.54842e-06
0.00119126
-0.00530219
0.00139863
-0.00941837
0.00147182
-0.0129083
0.0014429
-0.016193
0.00139014
-0.0171775
0.001371
-0.0131022
0.00140105
-0.00482205
0.00144136
0.00365315
0.00144162
0.00980354
0.0014314
0.0131731
0.00142116
0.0136605
0.00134021
0.0131346
0.00121022
0.0134239
0.00115711
0.0128097
0.00124898
0.00865494
0.00143435
0.00180362
0.00160231
-0.00534472
0.0016711
-0.0116331
0.0016289
-0.0169879
0.00152319
-0.0193709
0.00144012
-0.0156585
0.00144296
-0.00691152
0.00150093
0.00236843
0.00152488
0.0082049
0.00147733
0.0132923
0.00143294
0.0170526
0.0014617
0.0170315
0.00152727
0.0115857
0.00156622
0.000785278
0.00155811
-0.00869056
0.00154213
-0.0180319
0.00152632
-0.0185649
0.00152953
-0.0131497
0.00155897
-0.00529759
0.00154946
0.00858675
0.00151784
0.0126701
0.00150442
0.020168
0.0014738
0.0137154
-0.00221654
8.14133e-05
-0.000740879
0.000110838
-0.000638454
0.000165077
-0.00107006
0.00023806
-0.00155703
0.000334982
-0.00221523
0.000450559
-0.00293204
0.000579565
-0.00349732
0.000703219
-0.0036741
0.00080031
-0.00302889
0.000867649
-0.00111598
0.000914514
0.0020821
0.000938294
0.00564045
0.00093381
0.00850576
0.000902452
0.0101968
0.000848701
0.0108338
0.00076808
0.0106926
0.000625286
0.0102819
0.000443353
0.0100407
0.000397957
0.00892213
0.000593236
0.0052478
0.00090828
-0.000308495
0.00120442
-0.00559833
0.00140596
-0.00961991
0.00147213
-0.0129745
0.00143567
-0.0161566
0.00137944
-0.0171213
0.00136322
-0.013086
0.00139894
-0.00485777
0.0014439
0.00360818
0.00144861
0.00979883
0.00144282
0.0131789
0.00143265
0.0136706
0.00134869
0.0132186
0.00121782
0.0135548
0.00116516
0.0128623
0.00125672
0.00856337
0.00144085
0.00161949
0.00160615
-0.00551002
0.00167131
-0.0116982
0.00162638
-0.0169429
0.00152052
-0.019265
0.00144016
-0.0155782
0.00144677
-0.00691813
0.00150673
0.00230847
0.00153042
0.00818121
0.0014826
0.0133402
0.00143889
0.0170963
0.0014679
0.0170025
0.00153226
0.0115214
0.00156919
0.000748351
0.00155954
-0.0086809
0.00154352
-0.0180159
0.00152912
-0.0185505
0.00153325
-0.0131538
0.0015613
-0.00532563
0.00154981
0.00859824
0.00151746
0.0127024
0.00150513
0.0201804
0.0014761
0.0137444
-0.00218536
5.67058e-05
-0.000750305
8.57503e-05
-0.000667498
0.000138032
-0.00112234
0.000208906
-0.00162791
0.000303049
-0.00230937
0.000415514
-0.0030445
0.00054136
-0.00362317
0.000662671
-0.00379541
0.000759472
-0.00312569
0.000828788
-0.0011853
0.000880316
0.00203057
0.000911317
0.00560945
0.000914453
0.00850263
0.000888839
0.0102224
0.00083798
0.0108846
0.000755045
0.0107755
0.000605976
0.010431
0.000426961
0.0102197
0.000400316
0.00894878
0.000610701
0.00503742
0.000925834
-0.000623628
0.00121674
-0.00588923
0.00141253
-0.00981569
0.00147202
-0.013034
0.00142829
-0.0161128
0.00136856
-0.0170615
0.00135514
-0.0130726
0.00139641
-0.00489903
0.00144598
0.0035586
0.00145528
0.00978953
0.00145396
0.0131802
0.00144382
0.0136808
0.001357
0.0133054
0.00122531
0.0136865
0.00117296
0.0129147
0.00126412
0.00847221
0.00144696
0.00143665
0.00160962
-0.00567268
0.00167125
-0.0117599
0.00162372
-0.0168954
0.00151784
-0.0191591
0.00144022
-0.0155005
0.0014505
-0.0069284
0.00151236
0.00224662
0.00153577
0.00815779
0.00148774
0.0133882
0.00144469
0.0171394
0.0014739
0.0169733
0.00153704
0.0114582
0.00157202
0.000713367
0.00156087
-0.00866975
0.00154481
-0.0179998
0.00153181
-0.0185375
0.00153691
-0.0131589
0.00156355
-0.00535228
0.0015501
0.00861169
0.00151708
0.0127354
0.00150583
0.0201916
0.00147839
0.0137719
-0.00215429
3.32985e-05
-0.000756775
6.13082e-05
-0.000695508
0.000111105
-0.00117214
0.000179327
-0.00169613
0.00027014
-0.00240019
0.000379026
-0.00315339
0.000501366
-0.00374551
0.000620218
-0.00391427
0.000716911
-0.00322238
0.000788558
-0.00125695
0.000845007
0.00197413
0.000883315
0.00557114
0.000894113
0.00849183
0.000874343
0.0102422
0.000826363
0.0109326
0.000740962
0.0108609
0.000586201
0.0105857
0.000411935
0.010394
0.000404677
0.00895604
0.000628734
0.00481336
0.000942913
-0.000937807
0.0012283
-0.00617462
0.00141838
-0.0100058
0.00147154
-0.0130872
0.0014208
-0.0160621
0.00135753
-0.0169982
0.00134678
-0.0130618
0.00139345
-0.0049457
0.0014476
0.00350445
0.00146163
0.0097755
0.00146482
0.013177
0.00145466
0.0136909
0.00136515
0.0133949
0.00123271
0.0138189
0.00118054
0.0129668
0.00127119
0.00838155
0.00145268
0.00125516
0.00161273
-0.00583273
0.00167092
-0.0118181
0.00162093
-0.0168454
0.00151514
-0.0190533
0.00144029
-0.0154257
0.00145416
-0.00694228
0.00151782
0.00218296
0.00154094
0.00813468
0.00149273
0.0134364
0.00145034
0.0171818
0.00147968
0.016944
0.0015416
0.0113963
0.00157472
0.000680251
0.00156212
-0.00865715
0.00154598
-0.0179837
0.00153439
-0.0185259
0.00154048
-0.013165
0.00156572
-0.00537752
0.00155034
0.00862707
0.00151668
0.0127691
0.00150652
0.0202018
0.00148067
0.0137977
-0.00212335
1.11355e-05
-0.000760845
3.72949e-05
-0.000721667
8.41916e-05
-0.00121904
0.000149268
-0.00176121
0.000236262
-0.00248718
0.000341154
-0.00325828
0.00045968
-0.00386403
0.000575973
-0.00403056
0.000672723
-0.00331913
0.000747042
-0.00133126
0.000808665
0.0019125
0.000854364
0.00552544
0.000872859
0.00847334
0.000859023
0.010256
0.000813885
0.0109777
0.000725909
0.0109489
0.000566165
0.0107455
0.000398496
0.0105616
0.000411017
0.00894351
0.000647238
0.00457714
0.00095956
-0.00125013
0.00123914
-0.0064542
0.00142356
-0.0101902
0.00147072
-0.0131343
0.00141322
-0.0160046
0.00134636
-0.0169314
0.00133811
-0.0130536
0.00139005
-0.00499764
0.00144875
0.00344576
0.00146767
0.00975657
0.00147541
0.0131693
0.00146518
0.0137012
0.00137315
0.0134869
0.00124001
0.0139521
0.0011879
0.0130189
0.00127795
0.0082915
0.00145802
0.0010751
0.00161548
-0.0059902
0.00167035
-0.0118729
0.00161801
-0.0167931
0.00151244
-0.0189478
0.00144038
-0.0153536
0.00145775
-0.00695965
0.00152312
0.00211758
0.00154593
0.00811187
0.00149758
0.0134848
0.00145585
0.0172235
0.00148525
0.0169146
0.00154595
0.0113356
0.00157727
0.000648925
0.00156328
-0.00864316
0.00154704
-0.0179675
0.00153686
-0.0185157
0.00154395
-0.0131721
0.00156781
-0.00540138
0.00155052
0.00864436
0.00151626
0.0128033
0.0015072
0.0202108
0.00148292
0.013822
-0.00209256
-1.05099e-05
-0.00076127
1.33847e-05
-0.000745562
5.72315e-05
-0.00126289
0.000118717
-0.00182269
0.000201467
-0.00256993
0.000301997
-0.00335881
0.000416437
-0.00397847
0.000530077
-0.0041442
0.000627028
-0.00341608
0.000704332
-0.00140857
0.000771374
0.00184546
0.000824546
0.00547227
0.000850765
0.00844712
0.000842939
0.0102638
0.000800588
0.0110201
0.000709977
0.0110395
0.000546087
0.0109094
0.000386837
0.0107209
0.000419289
0.00891106
0.000666133
0.00433029
0.000975824
-0.00155982
0.00124932
-0.00672769
0.00142809
-0.010369
0.00146958
-0.0131758
0.00140559
-0.0159406
0.00133508
-0.0168609
0.00132914
-0.0130476
0.0013862
-0.0050547
0.00144943
0.00338252
0.00147341
0.0097326
0.0014857
0.013157
0.0014754
0.0137115
0.00138103
0.0135813
0.00124724
0.0140859
0.00119508
0.0130711
0.00128442
0.00820216
0.00146299
0.000896532
0.00161789
-0.0061451
0.00166953
-0.0119246
0.00161498
-0.0167385
0.00150973
-0.0188425
0.00144047
-0.0152844
0.00146126
-0.00698044
0.00152825
0.00205059
0.00155073
0.00808939
0.00150228
0.0135332
0.00146121
0.0172646
0.0014906
0.0168852
0.00155007
0.0112762
0.00157969
0.000619306
0.00156436
-0.00862784
0.00154798
-0.0179511
0.00153919
-0.0185069
0.00154733
-0.0131803
0.00156981
-0.00542385
0.00155065
0.00866352
0.00151583
0.0128382
0.00150787
0.0202188
0.00148514
0.0138447
-0.00206193
-3.19574e-05
-0.000757192
-9.91748e-06
-0.000767602
3.02116e-05
-0.00130301
8.77017e-05
-0.00188018
0.000165843
-0.00264807
0.000261689
-0.00345466
0.000371798
-0.00408858
0.000482696
-0.0042551
0.000579962
-0.00351335
0.000660534
-0.00148914
0.000733226
0.00177277
0.000793942
0.00541155
0.000827906
0.00841315
0.00082615
0.0102656
0.000786516
0.0110597
0.00069327
0.0111328
0.000526193
0.0110764
0.000377122
0.0108699
0.000429425
0.00885876
0.000685353
0.00407437
0.000991754
-0.00186622
0.00125888
-0.00699482
0.00143201
-0.0105421
0.00146814
-0.0132119
0.00139794
-0.0158704
0.0013237
-0.0167866
0.00131985
-0.0130438
0.00138187
-0.00511673
0.00144965
0.00331474
0.00147883
0.00970342
0.00149571
0.0131401
0.00148533
0.0137218
0.00138879
0.0136779
0.00125439
0.0142203
0.00120208
0.0131234
0.00129061
0.00811362
0.00146759
0.000719554
0.00161996
-0.00629746
0.00166848
-0.0119731
0.00161184
-0.0166819
0.00150702
-0.0187377
0.00144057
-0.0152179
0.00146468
-0.00700455
0.0015332
0.00198207
0.00155535
0.00806725
0.00150685
0.0135817
0.00146641
0.017305
0.00149573
0.0168559
0.00155396
0.0112179
0.00158195
0.000591313
0.00156536
-0.00861124
0.00154882
-0.0179345
0.0015414
-0.0184995
0.0015506
-0.0131895
0.00157171
-0.00544496
0.00155072
0.00868451
0.00151539
0.0128735
0.00150851
0.0202257
0.00148734
0.0138659
-0.00203148
-5.24374e-05
-0.000749211
-3.19863e-05
-0.000788053
3.22147e-06
-0.00133822
5.627e-05
-0.00193323
0.000129512
-0.00272132
0.000220392
-0.00354554
0.000325952
-0.00419414
0.000434012
-0.00436316
0.000531678
-0.00361101
0.000615763
-0.00157322
0.000694317
0.00169421
0.00076264
0.00534323
0.00080436
0.00837143
0.000808719
0.0102612
0.000771719
0.0110967
0.000675906
0.0112286
0.000506717
0.0112456
0.000369484
0.0110072
0.000441338
0.0087869
0.000704845
0.00381086
0.00100739
-0.00216877
0.00126787
-0.0072553
0.00143535
-0.0107096
0.00146644
-0.013243
0.00139029
-0.0157943
0.00131226
-0.0167086
0.00131023
-0.0130417
0.00137706
-0.00518356
0.0014494
0.00324241
0.00148396
0.00966886
0.00150543
0.0131186
0.00149498
0.0137323
0.00139645
0.0137764
0.00126149
0.0143552
0.00120892
0.013176
0.00129655
0.008026
0.00147184
0.000544262
0.00162169
-0.00644732
0.00166722
-0.0120186
0.0016086
-0.0166233
0.00150429
-0.0186334
0.00144067
-0.0151543
0.00146801
-0.00703189
0.00153798
0.00191211
0.00155978
0.00804544
0.00151129
0.0136302
0.00147146
0.0173448
0.00150062
0.0168267
0.00155762
0.0111609
0.00158408
0.00056486
0.00156627
-0.00859343
0.00154954
-0.0179178
0.00154348
-0.0184935
0.00155375
-0.0131997
0.00157351
-0.00546472
0.00155073
0.00870729
0.00151493
0.0129093
0.00150913
0.0202315
0.00148949
0.0138855
-0.00200124
-7.22125e-05
-0.00073753
-5.41835e-05
-0.000806082
-2.3941e-05
-0.00136846
2.44391e-05
-0.00198161
9.26258e-05
-0.0027895
0.000178296
-0.00363121
0.000279109
-0.00429495
0.000384231
-0.00446828
0.000482342
-0.00370912
0.000570143
-0.00166103
0.000654749
0.00160961
0.000730728
0.00526725
0.000780209
0.00832195
0.000790706
0.0102507
0.000756251
0.0111312
0.000658013
0.0113268
0.000487899
0.0114157
0.000364024
0.0111311
0.00045492
0.00869601
0.000724564
0.00354122
0.00102279
-0.00246699
0.00127634
-0.00750886
0.00143813
-0.0108714
0.00146449
-0.0132694
0.00138269
-0.0157125
0.00130076
-0.0166267
0.00130029
-0.0130413
0.00137175
-0.00525502
0.00144869
0.00316548
0.00148878
0.00962877
0.00151486
0.0130926
0.00150435
0.0137428
0.00140401
0.0138767
0.00126853
0.0144907
0.00121564
0.0132289
0.00130224
0.0079394
0.00147574
0.000370763
0.00162311
-0.00659469
0.00166574
-0.0120612
0.00160526
-0.0165628
0.00150156
-0.0185297
0.00144078
-0.0150935
0.00147126
-0.00706237
0.00154258
0.00184078
0.00156404
0.00802398
0.00151558
0.0136786
0.00147635
0.0173841
0.00150527
0.0167978
0.00156105
0.0111051
0.00158605
0.000539859
0.0015671
-0.00857448
0.00155014
-0.0179009
0.00154541
-0.0184887
0.00155677
-0.0132111
0.0015752
-0.00548315
0.00155068
0.00873181
0.00151445
0.0129455
0.00150973
0.0202362
0.00149161
0.0139036
-0.00197122
-9.13486e-05
-0.000722254
-7.62079e-05
-0.000821223
-5.09851e-05
-0.00139369
-7.78806e-06
-0.00202481
5.53545e-05
-0.00285264
0.000135608
-0.00371146
0.000231498
-0.00439084
0.000333568
-0.00457035
0.000432132
-0.00380769
0.000523806
-0.0017527
0.000614626
0.00151879
0.000698296
0.00518358
0.000755532
0.00826472
0.000772173
0.0102341
0.000740175
0.0111632
0.000639732
0.0114273
0.000469979
0.0115855
0.000360812
0.0112402
0.000470046
0.00858677
0.000744474
0.00326679
0.00103796
-0.00276048
0.00128433
-0.00775523
0.00144038
-0.0110274
0.00146231
-0.0132913
0.00137515
-0.0156253
0.00128924
-0.0165408
0.00129001
-0.013042
0.00136594
-0.00533095
0.00144751
0.0030839
0.0014933
0.00958298
0.00152399
0.0130619
0.00151346
0.0137533
0.0014115
0.0139787
0.00127553
0.0146267
0.00122224
0.0132822
0.00130771
0.00785394
0.00147929
0.000199176
0.00162421
-0.00673961
0.00166406
-0.0121011
0.00160182
-0.0165006
0.00149882
-0.0184267
0.00144088
-0.0150356
0.0014744
-0.00709589
0.00154699
0.00176819
0.00156811
0.00800286
0.00151974
0.013727
0.00148108
0.0174227
0.00150968
0.0167692
0.00156424
0.0110506
0.00158787
0.000516223
0.00156784
-0.00855445
0.00155064
-0.0178836
0.00154719
-0.0184853
0.00155966
-0.0132236
0.00157679
-0.00550027
0.00155058
0.00875802
0.00151395
0.0129822
0.00151029
0.0202398
0.00149368
0.0139203
-0.00194145
-0.000109858
-0.000703445
-9.79397e-05
-0.000833141
-7.78163e-05
-0.00141381
-3.90323e-05
-0.00206359
1.78991e-05
-0.00290958
9.25537e-05
-0.00378611
0.000183362
-0.00448165
0.000282255
-0.00466924
0.000381234
-0.00390667
0.00047689
-0.00184836
0.000574056
0.00142162
0.000665435
0.0050922
0.000730412
0.00819974
0.000753178
0.0102113
0.000723556
0.0111928
0.000621215
0.0115296
0.000453194
0.0117535
0.000359892
0.0113335
0.000486581
0.00846008
0.000764538
0.00298883
0.00105293
-0.00304887
0.00129185
-0.00799415
0.00144212
-0.0111777
0.00145992
-0.0133091
0.00136769
-0.0155331
0.00127771
-0.0164508
0.0012794
-0.0130437
0.0013596
-0.00541115
0.00144587
0.00299764
0.00149751
0.00953134
0.00153281
0.0130266
0.00152233
0.0137638
0.00141892
0.0140821
0.0012825
0.0147631
0.00122876
0.0133359
0.00131296
0.00776973
0.00148252
2.96244e-05
0.00162499
-0.00688209
0.00166218
-0.0121383
0.00159829
-0.0164367
0.00149606
-0.0183245
0.00144096
-0.0149805
0.00147743
-0.00713236
0.00155122
0.0016944
0.00157201
0.00798208
0.00152377
0.0137753
0.00148564
0.0174609
0.00151385
0.016741
0.00156718
0.0109973
0.00158954
0.00049386
0.00156851
-0.00853342
0.00155102
-0.0178662
0.00154883
-0.0184831
0.0015624
-0.0132371
0.00157825
-0.00551612
0.00155041
0.00878586
0.00151344
0.0130191
0.00151082
0.0202425
0.0014957
0.0139354
-0.00191195
-0.000127722
-0.000681138
-0.000119277
-0.000841587
-0.000104326
-0.00142876
-7.05191e-05
-0.0020974
-1.95341e-05
-0.00296056
4.93642e-05
-0.00385501
0.000134959
-0.00456725
0.000230536
-0.00476482
0.000329845
-0.00400598
0.000429538
-0.00194805
0.000533145
0.00131802
0.000632238
0.00499311
0.000704927
0.00812705
0.000733782
0.0101825
0.00070647
0.0112201
0.000602623
0.0116335
0.000437774
0.0119184
0.000361278
0.01141
0.000504376
0.00831699
0.000784721
0.00270849
0.00106772
-0.00333187
0.00129896
-0.00822538
0.00144339
-0.0113221
0.00145733
-0.0133231
0.00136035
-0.0154361
0.0012662
-0.0163566
0.00126845
-0.013046
0.00135273
-0.00549544
0.00144377
0.00290659
0.00150143
0.00947368
0.00154134
0.0129867
0.00153095
0.0137742
0.00142628
0.0141868
0.00128945
0.0148999
0.00123522
0.0133901
0.00131803
0.00768692
0.00148541
-0.000137754
0.00162548
-0.00702215
0.00166012
-0.0121729
0.00159467
-0.0163712
0.00149329
-0.0182231
0.00144103
-0.0149282
0.00148036
-0.00717169
0.00155526
0.0016195
0.00157572
0.00796162
0.00152766
0.0138233
0.00149004
0.0174985
0.00151776
0.0167132
0.00156988
0.0109451
0.00159106
0.00047268
0.00156909
-0.00851145
0.00155129
-0.0178484
0.0015503
-0.0184821
0.001565
-0.0132518
0.0015796
-0.00553072
0.00155019
0.00881527
0.0015129
0.0130564
0.00151131
0.0202441
0.00149766
0.013949
-0.00188276
-0.000144896
-0.000655361
-0.00014011
-0.000846373
-0.000130376
-0.0014385
-0.000101749
-0.00212602
-5.67515e-05
-0.00300556
6.19054e-06
-0.00391795
8.65547e-05
-0.00464761
0.000178661
-0.00485692
0.000278167
-0.00410548
0.000381895
-0.00205178
0.000492003
0.00120791
0.000598794
0.00488632
0.000679155
0.00804669
0.000714041
0.0101476
0.000688996
0.0112452
0.000584127
0.0117383
0.000423938
0.0120786
0.000364967
0.011469
0.000523285
0.00815867
0.000804987
0.00242679
0.00108233
-0.00360922
0.00130566
-0.00844871
0.0014442
-0.0114607
0.00145454
-0.0133334
0.00135313
-0.0153347
0.00125473
-0.0162582
0.00125717
-0.0130484
0.00134533
-0.0055836
0.00144122
0.0028107
0.00150505
0.00940985
0.00154956
0.0129421
0.00153935
0.0137844
0.00143359
0.0142925
0.00129641
0.0150371
0.00124163
0.0134449
0.00132293
0.00760563
0.00148799
-0.000302813
0.00162566
-0.00715983
0.00165788
-0.0122051
0.00159097
-0.0163043
0.00149048
-0.0181226
0.00144106
-0.0148788
0.00148316
-0.0072138
0.00155911
0.00154355
0.00157926
0.00794147
0.00153142
0.0138712
0.00149427
0.0175356
0.00152141
0.0166861
0.00157232
0.0108942
0.00159241
0.000452591
0.00156959
-0.00848862
0.00155145
-0.0178302
0.00155162
-0.0184823
0.00156743
-0.0132676
0.00158082
-0.00554412
0.0015499
0.00884619
0.00151235
0.013094
0.00151176
0.0202446
0.00149956
0.0139613
-0.00185388
-0.000161319
-0.000626141
-0.000160323
-0.000847368
-0.000155815
-0.001443
-0.000132485
-0.00214935
-9.34979e-05
-0.00304455
-3.63635e-05
-0.00397509
3.84349e-05
-0.00472241
0.000126889
-0.00494538
0.000226409
-0.004205
0.00033411
-0.00215948
0.000450738
0.00109128
0.000565191
0.00477187
0.00065317
0.00795871
0.000694014
0.0101068
0.000671224
0.0112679
0.000565904
0.0118436
0.000411885
0.0122326
0.000370932
0.0115099
0.00054316
0.00798644
0.000825295
0.00214465
0.00109676
-0.00388069
0.00131199
-0.00866393
0.00144456
-0.0115932
0.00145158
-0.0133404
0.00134606
-0.0152292
0.00124333
-0.0161555
0.00124556
-0.0130506
0.00133739
-0.00567543
0.00143822
0.00270987
0.00150837
0.0093397
0.00155748
0.012893
0.00154753
0.0137944
0.00144085
0.0143992
0.00130337
0.0151746
0.00124803
0.0135003
0.00132766
0.00752599
0.00149025
-0.000465401
0.00162555
-0.00729513
0.00165546
-0.0122351
0.00158718
-0.016236
0.00148765
-0.0180231
0.00144105
-0.0148322
0.00148583
-0.00725858
0.00156276
0.00146662
0.00158262
0.00792161
0.00153505
0.0139187
0.00149832
0.0175724
0.0015248
0.0166596
0.00157452
0.0108445
0.00159361
0.000433501
0.00157
-0.00846501
0.0015515
-0.0178117
0.00155278
-0.0184835
0.0015697
-0.0132846
0.00158192
-0.00555633
0.00154956
0.00887854
0.00151178
0.0131317
0.00151216
0.0202443
0.00150139
0.013972
-0.00182536
-0.000176912
-0.000593514
-0.000179788
-0.000844492
-0.000180482
-0.00144231
-0.000162516
-0.00216732
-0.000129549
-0.00307751
-7.83655e-05
-0.00402627
-9.04879e-06
-0.00479173
7.54872e-05
-0.00502992
0.000174787
-0.0043043
0.000286334
-0.00227102
0.000409457
0.000968157
0.000531517
0.00464981
0.000627043
0.00786318
0.000673757
0.01006
0.000653249
0.0112885
0.000548136
0.0119488
0.000401793
0.0123789
0.000379128
0.0115326
0.000563861
0.00780171
0.000845605
0.00186291
0.001111
-0.00414608
0.00131796
-0.0088709
0.00144451
-0.0117198
0.00144845
-0.0133444
0.00133915
-0.0151199
0.00123203
-0.0160484
0.00123365
-0.0130523
0.00132892
-0.00577069
0.00143479
0.002604
0.00151138
0.00926311
0.00156508
0.0128393
0.0015555
0.0138039
0.00144809
0.0145066
0.00131036
0.0153123
0.00125443
0.0135562
0.00133225
0.00744817
0.0014922
-0.000625356
0.00162515
-0.00742807
0.00165288
-0.0122628
0.00158331
-0.0161664
0.00148478
-0.0179245
0.00144099
-0.0147884
0.00148837
-0.00730596
0.00156621
0.00138878
0.0015858
0.00790202
0.00153855
0.013966
0.0015022
0.0176087
0.00152793
0.0166339
0.00157646
0.010796
0.00159464
0.000415316
0.00157033
-0.00844069
0.00155144
-0.0177928
0.00155376
-0.0184859
0.00157179
-0.0133026
0.00158288
-0.00556742
0.00154916
0.00891226
0.00151119
0.0131697
0.00151252
0.0202429
0.00150316
0.0139814
-0.00179723
-0.000191588
-0.000557528
-0.000198371
-0.000837709
-0.000204211
-0.00143647
-0.000191637
-0.00217989
-0.000164675
-0.00310448
-0.000119493
-0.00407146
-5.59454e-05
-0.00485527
2.4722e-05
-0.00511058
0.000123522
-0.0044031
0.000238718
-0.00238622
0.000368262
0.000838613
0.000497853
0.00452021
0.000600839
0.0077602
0.000653328
0.0100075
0.000635173
0.0113066
0.000531009
0.0120529
0.000393817
0.0125161
0.000389493
0.0115369
0.000585256
0.00760594
0.000865871
0.00158229
0.00112502
-0.00440523
0.00132359
-0.00906947
0.00144404
-0.0118402
0.00144515
-0.0133455
0.00133242
-0.0150071
0.00122086
-0.0159368
0.00122145
-0.0130529
0.00131991
-0.00586915
0.00143091
0.002493
0.00151409
0.00917994
0.00157238
0.012781
0.00156326
0.0138131
0.0014553
0.0146146
0.00131739
0.0154502
0.00126085
0.0136127
0.00133671
0.00737231
0.00149386
-0.000782508
0.00162446
-0.00755867
0.00165013
-0.0122885
0.00157936
-0.0160957
0.00148185
-0.017827
0.00144086
-0.0147474
0.00149076
-0.00735585
0.00156946
0.00131007
0.00158882
0.00788267
0.00154192
0.0140129
0.0015059
0.0176447
0.00153078
0.016609
0.00157814
0.0107486
0.00159551
0.000397946
0.00157057
-0.00841576
0.00155127
-0.0177735
0.00155458
-0.0184892
0.00157371
-0.0133217
0.00158371
-0.00557742
0.0015487
0.00894727
0.00151058
0.0132078
0.00151281
0.0202407
0.00150485
0.0139893
-0.00176951
-0.000205251
-0.00051825
-0.000215935
-0.000827025
-0.000226833
-0.00142557
-0.000219645
-0.00218708
-0.000198644
-0.00312548
-0.000159471
-0.00411063
-0.000101641
-0.0049131
-2.51367e-05
-0.00518709
7.28399e-05
-0.00450108
0.000191418
-0.0025048
0.000327257
0.000702773
0.000464278
0.00438319
0.000574619
0.00764986
0.000632786
0.00994938
0.000617109
0.0113223
0.000514712
0.0121553
0.000388079
0.0126427
0.000401946
0.0115231
0.000607227
0.00740066
0.000886049
0.00130347
0.00113882
-0.00465801
0.0013289
-0.00925954
0.00144319
-0.0119545
0.00144168
-0.013344
0.00132587
-0.0148913
0.00120984
-0.0158208
0.00120899
-0.013052
0.00131039
-0.00597055
0.00142662
0.00237677
0.00151648
0.00909007
0.00157936
0.0127182
0.00157084
0.0138216
0.00146249
0.0147229
0.00132447
0.0155882
0.00126731
0.0136699
0.00134105
0.00729858
0.00149522
-0.000936684
0.00162349
-0.00768694
0.00164723
-0.0123122
0.00157533
-0.0160238
0.00147888
-0.0177306
0.00144066
-0.0147092
0.00149299
-0.00740818
0.00157251
0.00123056
0.00159166
0.00786351
0.00154517
0.0140594
0.00150942
0.0176805
0.00153337
0.0165851
0.00157957
0.0107024
0.00159622
0.000381298
0.00157073
-0.00839027
0.00155099
-0.0177538
0.00155522
-0.0184934
0.00157544
-0.0133419
0.00158439
-0.00558637
0.00154818
0.00898349
0.00150994
0.0132461
0.00151305
0.0202376
0.00150647
0.0139959
-0.00174223
-0.000217797
-0.000475767
-0.000232338
-0.000812484
-0.000248177
-0.00140973
-0.000246338
-0.00218892
-0.000231229
-0.00314058
-0.000198041
-0.00414382
-0.000145954
-0.00496519
-7.38138e-05
-0.00525923
2.29937e-05
-0.00459789
0.000144588
-0.00262639
0.000286541
0.00056082
0.000430864
0.00423887
0.000548441
0.00753228
0.00061219
0.00988563
0.000599171
0.0113353
0.000499432
0.0122551
0.000384673
0.0127575
0.000416388
0.0114913
0.000629669
0.00718738
0.000906093
0.00102705
0.00115237
-0.00490429
0.00133389
-0.00944106
0.00144196
-0.0120626
0.00143806
-0.01334
0.00131951
-0.0147728
0.001199
-0.0157003
0.00119629
-0.0130493
0.00130036
-0.00607463
0.0014219
0.00225523
0.00151857
0.0089934
0.00158602
0.0126507
0.00157823
0.0138294
0.00146967
0.0148315
0.00133162
0.0157263
0.00127383
0.0137277
0.00134528
0.00722712
0.0014963
-0.0010877
0.00162223
-0.00781287
0.00164417
-0.0123342
0.00157121
-0.0159508
0.00147583
-0.0176352
0.00144037
-0.0146737
0.00149506
-0.00746287
0.00157534
0.00115028
0.00159434
0.00784451
0.00154829
0.0141054
0.00151276
0.017716
0.00153568
0.0165621
0.00158073
0.0106574
0.00159675
0.000365282
0.00157081
-0.00836433
0.0015506
-0.0177336
0.00155569
-0.0184985
0.00157698
-0.0133632
0.00158494
-0.00559433
0.0015476
0.00902083
0.00150929
0.0132844
0.00151323
0.0202336
0.00150801
0.0140011
-0.00171543
-0.000229122
-0.00043019
-0.000247439
-0.000794167
-0.000268075
-0.0013891
-0.00027152
-0.00218548
-0.000262207
-0.0031499
-0.000234957
-0.00417107
-0.000188624
-0.00501152
-0.00012104
-0.00532681
-2.58777e-05
-0.00469305
9.83897e-05
-0.00275066
0.000246211
0.000412999
0.000397681
0.0040874
0.000522357
0.0074076
0.000591605
0.00981638
0.000581485
0.0113454
0.000485355
0.0123512
0.000383663
0.0128592
0.000432706
0.0114423
0.00065249
0.0069676
0.000925962
0.000753575
0.00116565
-0.00514397
0.00133857
-0.00961398
0.00144036
-0.0121644
0.00143427
-0.013334
0.00131335
-0.0146519
0.00118837
-0.0155753
0.00118338
-0.0130443
0.00128984
-0.00618109
0.00141677
0.0021283
0.00152033
0.00888984
0.00159237
0.0125787
0.00158544
0.0138363
0.00147684
0.0149401
0.00133884
0.0158643
0.00128043
0.0137861
0.00134943
0.00715812
0.0014971
-0.00123537
0.0016207
-0.00793648
0.00164096
-0.0123544
0.00156702
-0.0158769
0.00147271
-0.0175409
0.00143997
-0.014641
0.00149694
-0.00751985
0.00157795
0.00106927
0.00159685
0.00782562
0.00155129
0.014151
0.00151591
0.0177514
0.00153772
0.0165403
0.00158164
0.0106134
0.00159712
0.000349808
0.00157079
-0.00833801
0.00155011
-0.0177129
0.00155598
-0.0185044
0.00157833
-0.0133856
0.00158535
-0.00560135
0.00154696
0.00905922
0.0015086
0.0133227
0.00151334
0.0202289
0.00150946
0.014005
-0.00168915
-0.000239119
-0.000381657
-0.0002611
-0.000772186
-0.00028636
-0.00136384
-0.000294997
-0.00217684
-0.000291362
-0.00315353
-0.000269977
-0.00419245
-0.000229392
-0.00505211
-0.000166546
-0.00538966
-7.34697e-05
-0.00478612
5.29859e-05
-0.00287712
0.000206364
0.000259621
0.000364793
0.00392897
0.000496418
0.00727598
0.000571097
0.00974171
0.000564178
0.0113523
0.000472663
0.0124427
0.000385083
0.0129468
0.000450773
0.0113766
0.000675613
0.00674276
0.000945615
0.000483573
0.00117862
-0.00537698
0.00134295
-0.0097783
0.00143842
-0.0122598
0.00143031
-0.0133258
0.00130739
-0.0145289
0.00117798
-0.0154459
0.00117031
-0.0130366
0.00127886
-0.00628963
0.00141125
0.00199591
0.00152178
0.00877931
0.0015984
0.012502
0.00159247
0.0138422
0.001484
0.0150486
0.00134616
0.0160021
0.00128711
0.0138451
0.00135349
0.00709175
0.00149763
-0.00137951
0.0016189
-0.00805775
0.00163759
-0.0123731
0.00156275
-0.015802
0.00146951
-0.0174477
0.00143945
-0.0146109
0.00149864
-0.00757904
0.00158035
0.000987551
0.00159919
0.00780678
0.00155416
0.014196
0.00151887
0.0177867
0.00153949
0.0165197
0.00158229
0.0105706
0.00159731
0.000334789
0.00157069
-0.00831138
0.00154951
-0.0176917
0.00155609
-0.0185109
0.00157949
-0.013409
0.00158561
-0.00560748
0.00154627
0.00909856
0.0015079
0.0133611
0.00151338
0.0202234
0.00151082
0.0140076
-0.00166342
-0.000247681
-0.000330332
-0.000273184
-0.000746683
-0.000302868
-0.00133415
-0.000316583
-0.00216313
-0.000318485
-0.00315163
-0.000302873
-0.00420806
-0.000268007
-0.00508697
-0.00021007
-0.00544759
-0.000119506
-0.00487669
8.55846e-06
-0.00300518
0.000167095
0.000101084
0.000332263
0.0037638
0.000470672
0.00713757
0.000550739
0.00966164
0.000547385
0.0113557
0.00046153
0.0125286
0.000388943
0.0130194
0.000470453
0.0112951
0.000698971
0.00651424
0.000965016
0.000217528
0.00119127
-0.00560324
0.00134703
-0.00993406
0.00143613
-0.0123489
0.00142619
-0.0133159
0.00130162
-0.0144044
0.00116787
-0.0153121
0.00115712
-0.0130259
0.00126743
-0.00639994
0.00140534
0.00185801
0.0015229
0.00866174
0.00160411
0.0124208
0.00159933
0.013847
0.00149117
0.0151567
0.00135357
0.0161397
0.0012939
0.0139048
0.00135748
0.00702816
0.0014979
-0.00151993
0.00161682
-0.00817667
0.00163408
-0.0123904
0.00155839
-0.0157263
0.00146622
-0.0173555
0.00143879
-0.0145835
0.00150013
-0.00764038
0.00158253
0.000905154
0.00160137
0.00778794
0.00155691
0.0142405
0.00152164
0.017822
0.00154098
0.0165004
0.00158268
0.0105289
0.00159733
0.000320139
0.00157049
-0.00828455
0.00154881
-0.0176701
0.00155603
-0.0185182
0.00158044
-0.0134334
0.00158573
-0.00561277
0.00154553
0.00913876
0.00150717
0.0133995
0.00151334
0.0202173
0.0015121
0.0140088
-0.00163828
-0.000254704
-0.000276408
-0.000283559
-0.000717828
-0.000317445
-0.00130027
-0.000336096
-0.00214447
-0.000343376
-0.00314435
-0.000333424
-0.00421801
-0.000304232
-0.00511617
-0.000251354
-0.00550047
-0.000163772
-0.00496427
-3.47734e-05
-0.00313418
0.000128506
-6.2195e-05
0.00030015
0.00359216
0.000445168
0.00699255
0.000530607
0.0095762
0.000531242
0.0113551
0.00045212
0.0126077
0.000395227
0.0130763
0.000491602
0.0111987
0.000722511
0.00628333
0.000984136
-4.4097e-05
0.00120357
-0.00582268
0.00135082
-0.0100813
0.0014335
-0.0124316
0.0014219
-0.0133043
0.00129605
-0.0142785
0.00115805
-0.0151741
0.00114386
-0.0130117
0.00125561
-0.00651169
0.00139905
0.00171457
0.00152369
0.0085371
0.0016095
0.012335
0.00160603
0.0138505
0.00149833
0.0152644
0.00136109
0.016277
0.0013008
0.0139651
0.00136141
0.00696755
0.0014979
-0.00165642
0.00161446
-0.00829323
0.00163042
-0.0124063
0.00155395
-0.0156499
0.00146282
-0.0172643
0.00143798
-0.0145587
0.00150141
-0.00770382
0.00158448
0.000822088
0.00160339
0.00776903
0.00155954
0.0142843
0.00152423
0.0178573
0.00154219
0.0164824
0.00158281
0.0104883
0.00159718
0.000305775
0.0015702
-0.00825757
0.001548
-0.0176478
0.00155578
-0.0185259
0.00158119
-0.0134588
0.0015857
-0.00561728
0.00154473
0.00917974
0.00150641
0.0134378
0.00151323
0.0202104
0.00151328
0.0140088
-0.00161377
-0.000260087
-0.000292098
-0.000329937
-0.000353363
-0.000365842
-0.000361424
-0.00033784
-0.000290154
-0.00020603
-7.6749e-05
9.07005e-05
0.000268516
0.000419957
0.000510785
0.000515886
0.000444585
0.000403902
0.000514078
0.000746191
0.00100295
0.0012155
0.00135432
0.00143056
0.00141743
0.00129068
0.00114855
0.00113057
0.00124342
0.0013924
0.00152414
0.00161456
0.00161255
0.0015055
0.00136872
0.00130781
0.00136528
0.00149766
0.00161184
0.00162662
0.00154943
0.00145931
0.001437
0.00150247
0.0015862
0.00160525
0.00156206
0.00152662
0.00154313
0.00158269
0.00159685
0.00156982
0.00154709
0.00155536
0.00158173
0.00158552
0.00154387
0.00150563
0.00151304
0.00151437
)
;

boundaryField
{
    inlet
    {
        type            calculated;
        value           nonuniform List<scalar> 
200
(
-0.00252941
-0.00258954
-0.00265111
-0.00271414
-0.00277867
-0.00284473
-0.00291236
-0.0029816
-0.00305249
-0.00312506
-0.00319936
-0.00327542
-0.00335329
-0.00343302
-0.00351464
-0.0035982
-0.00368374
-0.00377132
-0.00386098
-0.00395278
-0.00404675
-0.00414297
-0.00424146
-0.0043423
-0.00444554
-0.00455123
-0.00465944
-0.00477021
-0.00488362
-0.00499973
-0.0051186
-0.00524029
-0.00536488
-0.00549243
-0.00562301
-0.00575669
-0.00589356
-0.00603367
-0.00617712
-0.00632398
-0.00647433
-0.00662826
-0.00678584
-0.00694717
-0.00711234
-0.00728144
-0.00745455
-0.00763178
-0.00781322
-0.00799898
-0.00818915
-0.00838385
-0.00858317
-0.00878724
-0.00899615
-0.00921003
-0.009429
-0.00965317
-0.00988267
-0.0101176
-0.00176777
-0.00176777
-0.00176777
-0.00176777
-0.00176777
-0.00176777
-0.00176777
-0.00176777
-0.00176777
-0.00176777
-0.00176777
-0.00176777
-0.00176777
-0.00176777
-0.00176777
-0.00176777
-0.00176777
-0.00176777
-0.00176777
-0.00176777
-0.00176777
-0.00176777
-0.00176777
-0.00176777
-0.00176777
-0.00176777
-0.00176777
-0.00176777
-0.00176777
-0.00176777
-0.00176777
-0.00176777
-0.00176777
-0.00176777
-0.00176777
-0.00176777
-0.00176777
-0.00176777
-0.00176777
-0.00176777
-0.00176777
-0.00176777
-0.00176777
-0.00176777
-0.00176777
-0.00176777
-0.00176777
-0.00176777
-0.00176777
-0.00176777
-0.00176777
-0.00176777
-0.00176777
-0.00176777
-0.00176777
-0.00176777
-0.00176777
-0.00176777
-0.00176777
-0.00176777
-0.00176777
-0.00176777
-0.00176777
-0.00176777
-0.00176777
-0.00176777
-0.00176777
-0.00176777
-0.00176777
-0.00176777
-0.00176777
-0.00176777
-0.00176777
-0.00176777
-0.00176777
-0.00176777
-0.00176777
-0.00176777
-0.00176777
-0.00176777
-0.0101176
-0.00988267
-0.00965317
-0.009429
-0.00921003
-0.00899615
-0.00878724
-0.00858317
-0.00838385
-0.00818915
-0.00799898
-0.00781322
-0.00763178
-0.00745455
-0.00728144
-0.00711234
-0.00694717
-0.00678584
-0.00662826
-0.00647433
-0.00632398
-0.00617712
-0.00603367
-0.00589356
-0.00575669
-0.00562301
-0.00549243
-0.00536488
-0.00524029
-0.0051186
-0.00499973
-0.00488362
-0.00477021
-0.00465944
-0.00455123
-0.00444554
-0.0043423
-0.00424146
-0.00414297
-0.00404675
-0.00395278
-0.00386098
-0.00377132
-0.00368374
-0.0035982
-0.00351464
-0.00343302
-0.00335329
-0.00327542
-0.00319936
-0.00312506
-0.00305249
-0.0029816
-0.00291236
-0.00284473
-0.00277867
-0.00271414
-0.00265111
-0.00258954
-0.00252941
)
;
    }
    outlet
    {
        type            calculated;
        value           nonuniform List<scalar> 
200
(
0.00220296
0.00225943
0.0023178
0.0023782
0.00244076
0.00250561
0.00257292
0.00264284
0.00271554
0.00279121
0.00287004
0.00295221
0.00303793
0.00312741
0.00322084
0.00331842
0.00342037
0.00352687
0.00363811
0.00375427
0.00387551
0.004002
0.00413388
0.00427128
0.00441435
0.0045632
0.00471798
0.00487881
0.00504583
0.00521918
0.00539902
0.00558548
0.00577867
0.00597869
0.00618556
0.0063992
0.00661943
0.00684594
0.00707824
0.00731568
0.00755744
0.00780253
0.00804984
0.00829815
0.00854623
0.00879292
0.00903725
0.00927855
0.00951661
0.00975173
0.00998479
0.0102171
0.0104503
0.0106862
0.0109264
0.0111724
0.0114255
0.0116868
0.0119571
0.0122374
0.00149222
0.00149387
0.00149546
0.00149699
0.00149846
0.00149988
0.00150125
0.00150256
0.00150383
0.00150504
0.0015062
0.00150732
0.0015084
0.00150944
0.00151044
0.00151141
0.00151235
0.00151327
0.00151417
0.00151505
0.00151592
0.00151678
0.00151764
0.00151851
0.00151938
0.00152027
0.00152119
0.00152212
0.00152309
0.0015241
0.00152515
0.00152625
0.0015274
0.00152861
0.00152989
0.00153124
0.00153267
0.00153418
0.00153577
0.00153745
0.0014064
0.00140808
0.00140983
0.00141167
0.00141357
0.00141553
0.00141756
0.00141964
0.00142178
0.00142396
0.00142618
0.00142843
0.00143072
0.00143304
0.00143539
0.00143775
0.00144013
0.00144252
0.00144492
0.00144732
0.00144973
0.00145212
0.00145451
0.00145689
0.00145925
0.00146159
0.00146391
0.0014662
0.00146846
0.00147069
0.00147287
0.00147502
0.00147713
0.0014792
0.00148121
0.00148318
0.00148509
0.00148696
0.00148877
0.00149052
0.0113967
0.0111303
0.0108685
0.0106112
0.0103583
0.0101094
0.0098638
0.00962059
0.00937823
0.00913477
0.0088879
0.00863533
0.00837524
0.00810676
0.00783029
0.0075476
0.00726156
0.00697575
0.00669388
0.00641937
0.00615496
0.0059026
0.00566345
0.00543796
0.00522605
0.00502726
0.00484092
0.00466626
0.00450245
0.0043487
0.00420425
0.00406838
0.00394042
0.00381975
0.00370579
0.00359798
0.00349582
0.00339885
0.00330662
0.00321874
0.00313485
0.00305463
0.00297778
0.00290403
0.00283315
0.00276493
0.00269917
0.00263571
0.0025744
0.00251509
0.00245766
0.002402
0.002348
0.00229558
0.00224463
0.00219509
0.00214688
0.00209994
0.00205419
0.00200958
)
;
    }
    cylinder
    {
        type            calculated;
        value           uniform 0;
    }
    top
    {
        type            symmetryPlane;
        value           uniform 0;
    }
    bottom
    {
        type            symmetryPlane;
        value           uniform 0;
    }
    defaultFaces
    {
        type            empty;
        value           nonuniform 0();
    }
}


// ************************************************************************* //
