/*--------------------------------*- C++ -*----------------------------------*\
  =========                 |
  \\      /  F ield         | OpenFOAM: The Open Source CFD Toolbox
   \\    /   O peration     | Website:  https://openfoam.org
    \\  /    A nd           | Version:  7
     \\/     M anipulation  |
\*---------------------------------------------------------------------------*/
FoamFile
{
    version     2.0;
    format      ascii;
    class       surfaceScalarField;
    location    "75";
    object      phi;
}
// * * * * * * * * * * * * * * * * * * * * * * * * * * * * * * * * * * * * * //

dimensions      [0 3 -1 0 0 0 0];

internalField   nonuniform List<scalar> 
24510
(
-2.03488e-06
1.65082e-05
-1.44733e-05
-7.63498e-06
4.10365e-05
-3.54364e-05
-1.64636e-05
5.88943e-05
-5.00656e-05
-2.81847e-05
7.07018e-05
-5.89807e-05
-4.2466e-05
7.719e-05
-6.29087e-05
-5.89857e-05
7.91606e-05
-6.26408e-05
-7.74392e-05
7.74343e-05
-5.89809e-05
-9.75437e-05
7.27979e-05
-5.26934e-05
-0.000119045
6.59574e-05
-4.4456e-05
-0.000141725
5.75022e-05
-3.48226e-05
-0.000165409
4.78841e-05
-2.41994e-05
-0.000189986
3.74129e-05
-1.28368e-05
-0.000215418
2.62652e-05
-8.32709e-07
-0.000241768
1.45034e-05
1.1847e-05
-0.000269211
2.07437e-06
2.53683e-05
-0.000298103
-1.11007e-05
3.99928e-05
-0.000328929
-2.52817e-05
5.61072e-05
-0.000362352
-4.07783e-05
7.42021e-05
-0.000399184
-5.80899e-05
9.49217e-05
-7.79369e-05
0.000119152
-0.000440399
-1.99673e-06
1.85049e-05
-7.52401e-06
4.65638e-05
-1.6279e-05
6.76493e-05
-2.79525e-05
8.23753e-05
-4.22311e-05
9.14686e-05
-5.88039e-05
9.57334e-05
-7.73691e-05
9.59995e-05
-9.76404e-05
9.30692e-05
-0.000119354
8.76707e-05
-0.000142275
8.04237e-05
-0.000166213
7.18218e-05
-0.000191031
6.22312e-05
-0.000216671
5.19051e-05
-0.000243174
4.10065e-05
-0.000270728
2.96281e-05
-0.000299648
1.78194e-05
-0.000330469
5.53944e-06
-0.000363918
-7.33006e-06
-0.000400901
-2.11059e-05
-3.62866e-05
-0.000442552
-1.92527e-06
2.04302e-05
-7.29116e-06
5.19297e-05
-1.58351e-05
7.61932e-05
-2.7279e-05
9.38192e-05
-4.13306e-05
0.00010552
-5.76901e-05
0.000112093
-7.60567e-05
0.000114366
-9.61355e-05
0.000113148
-0.000117644
0.000109179
-0.000140322
0.000103102
-0.000163941
9.54405e-05
-0.00018832
8.66102e-05
-0.000213348
7.69333e-05
-0.000239012
6.66701e-05
-0.000265432
5.60485e-05
-0.000292896
4.52832e-05
-0.000321917
3.45608e-05
-0.000353228
2.3981e-05
-0.000387844
1.35098e-05
2.89311e-06
-0.000427024
-1.81782e-06
2.2248e-05
-6.92581e-06
5.70377e-05
-1.51081e-05
8.43755e-05
-2.61226e-05
0.000104834
-3.97012e-05
0.000119099
-5.55564e-05
0.000127948
-7.33877e-05
0.000132197
-9.28883e-05
0.000132649
-0.000113752
0.000130043
-0.00013568
0.00012503
-0.000158392
0.000118153
-0.000181643
0.000109861
-0.000205239
0.000100529
-0.000229068
9.04992e-05
-0.000253144
8.01246e-05
-0.000277655
6.97941e-05
-0.000303025
5.99315e-05
-0.000329974
5.09301e-05
-0.000359533
4.30687e-05
3.65564e-05
-0.000393196
-1.6733e-06
2.39213e-05
-6.42287e-06
6.17872e-05
-1.40853e-05
9.20379e-05
-2.4459e-05
0.000115207
-3.73034e-05
0.000131943
-5.23453e-05
0.00014299
-6.92849e-05
0.000149137
-8.78021e-05
0.000151166
-0.000107562
0.000149803
-0.000128223
0.00014569
-0.000149441
0.000139372
-0.000170886
0.000131306
-0.000192254
0.000121897
-0.000213301
0.000111546
-0.00023388
0.000100704
-0.000254012
8.99256e-05
-0.000273965
7.98844e-05
-0.000294352
7.13172e-05
-0.000316192
6.4909e-05
6.14341e-05
-0.00034107
-1.49241e-06
2.54137e-05
-5.78312e-06
6.6078e-05
-1.27656e-05
9.90204e-05
-2.2282e-05
0.000124724
-3.41224e-05
0.000143784
-4.803e-05
0.000156897
-6.37069e-05
0.000164814
-8.08199e-05
0.000168279
-9.90052e-05
0.000167988
-0.000117873
0.000164558
-0.00013701
0.000158509
-0.000155988
0.000150284
-0.000174376
0.000140285
-0.000191762
0.000128931
-0.000207793
0.000116736
-0.000222252
0.000104384
-0.000235165
9.27971e-05
-0.000246952
8.31041e-05
-0.000258534
7.64911e-05
7.43887e-05
-0.000271489
-1.27764e-06
2.66914e-05
-5.01367e-06
6.9814e-05
-1.11602e-05
0.000105167
-1.96048e-05
0.000133168
-3.01694e-05
0.000154348
-4.26149e-05
0.000169343
-5.66469e-05
0.000178846
-7.19204e-05
0.000183552
-8.80431e-05
0.000184111
-0.000104577
0.000181092
-0.000121039
0.000174971
-0.0001369
0.000166145
-0.000151588
0.000154973
-0.000164503
0.000141846
-0.000175052
0.000127284
-0.000182716
0.000112048
-0.000187192
9.72738e-05
-0.00018862
8.45321e-05
-0.000187758
7.56286e-05
7.27537e-05
-0.000186123
-1.03343e-06
2.77248e-05
-4.12832e-06
7.29089e-05
-9.29377e-06
0.000110332
-1.64611e-05
0.000140336
-2.5483e-05
0.00016337
-3.61379e-05
0.000179998
-4.81348e-05
0.000190843
-6.11177e-05
0.000196535
-7.46675e-05
0.000197661
-8.83013e-05
0.000194725
-0.000101468
0.000188137
-0.000113539
0.000178217
-0.000123806
0.00016524
-0.000131473
0.000149514
-0.000135685
0.000131495
-0.000135579
0.000111942
-0.000130437
9.21317e-05
-0.000120004
7.40991e-05
-0.000105016
6.06411e-05
5.39838e-05
-8.62462e-05
-7.66286e-07
2.84911e-05
-3.148e-06
7.52906e-05
-7.20516e-06
0.00011439
-1.29071e-05
0.000146038
-2.01327e-05
0.000170596
-2.86741e-05
0.000188539
-3.82414e-05
0.00020041
-4.84665e-05
0.00020676
-5.89036e-05
0.000208098
-6.90269e-05
0.000204849
-7.82219e-05
0.000197332
-8.57707e-05
0.000185765
-9.08336e-05
0.000170303
-9.24308e-05
0.000151111
-8.94394e-05
0.000128504
-8.06313e-05
0.000103134
-6.47861e-05
7.62865e-05
-4.09058e-05
5.02187e-05
-8.95923e-06
2.86945e-05
1.90269e-05
2.59976e-05
-4.8486e-07
2.89759e-05
-2.10106e-06
7.69068e-05
-4.94822e-06
0.000117237
-9.02313e-06
0.000150113
-1.42214e-05
0.000175794
-2.03411e-05
0.000194659
-2.7087e-05
0.000207156
-3.40735e-05
0.000213747
-4.08248e-05
0.000214849
-4.67714e-05
0.000210795
-5.12376e-05
0.000201798
-5.34228e-05
0.000187951
-5.23714e-05
0.000169251
-4.69365e-05
0.000145676
-3.57453e-05
0.000117312
-1.71901e-05
8.45792e-05
1.04965e-05
4.85999e-05
4.89664e-05
1.17488e-05
9.88995e-05
-2.12386e-05
-4.11873e-05
0.000159114
-2.00029e-07
2.9176e-05
-1.02288e-06
7.77296e-05
-2.59116e-06
0.000118805
-4.91298e-06
0.000152434
-7.88628e-06
0.000178767
-1.13021e-05
0.000198075
-1.48481e-05
0.000210702
-1.81106e-05
0.000217009
-2.05744e-05
0.000217313
-2.16186e-05
0.000211839
-2.05029e-05
0.000200683
-1.6346e-05
0.000183794
-8.08962e-06
0.000160995
5.55276e-06
0.000132034
2.61602e-05
9.6705e-05
5.56634e-05
5.5076e-05
9.63542e-05
7.90913e-06
0.000150649
-4.25456e-05
0.000220445
-9.1035e-05
-0.000125848
0.000305106
7.76657e-08
2.90983e-05
4.66033e-08
7.77607e-05
-2.13405e-07
0.000119065
-7.00358e-07
0.000152921
-1.29499e-06
0.000179362
-1.76316e-06
0.000198543
-1.75801e-06
0.000210697
-8.21111e-07
0.000216072
1.61852e-06
0.000214874
6.25041e-06
0.000207208
1.38931e-05
0.00019304
2.55168e-05
0.00017217
4.22803e-05
0.000144231
6.55856e-05
0.000108729
9.71588e-05
6.51318e-05
0.000139157
1.30773e-05
0.000194246
-4.71792e-05
0.00026555
-0.00011385
0.000356097
-0.000181582
-0.000236037
0.000466287
3.31604e-07
2.87667e-05
1.0612e-06
7.70311e-05
2.0973e-06
0.000118029
3.47843e-06
0.00015154
5.36533e-06
0.000177475
8.04024e-06
0.000195868
1.1907e-05
0.00020683
1.74919e-05
0.000210487
2.54466e-05
0.000206919
3.65529e-05
0.000196101
5.17344e-05
0.000177858
7.20742e-05
0.00015183
9.88458e-05
0.00011746
0.000133561
7.40132e-05
0.000178051
2.06426e-05
0.000234576
-4.34486e-05
0.000306
-0.000118603
0.00039587
-0.000203719
0.000508171
-0.000293884
-0.000372786
0.00064492
5.52689e-07
2.8214e-05
1.98231e-06
7.56015e-05
4.26109e-06
0.00011575
7.49441e-06
0.000148307
1.19127e-05
0.000173057
1.78731e-05
0.000189908
2.58632e-05
0.00019884
3.65052e-05
0.000199845
5.05612e-05
0.000192863
6.894e-05
0.000177722
9.27065e-05
0.000154092
0.000123094
0.000121442
0.000161526
7.90282e-05
0.000209645
2.58946e-05
0.000269367
-3.90795e-05
0.000342982
-0.000117064
0.000433327
-0.000208948
0.000544015
-0.000314407
0.00067956
-0.000429429
-0.000537076
0.000843851
7.29925e-07
2.74841e-05
2.77654e-06
7.35549e-05
6.21295e-06
0.000112314
1.12442e-05
0.000143276
1.8201e-05
0.0001661
2.7545e-05
0.000180564
3.98777e-05
0.000186507
5.59489e-05
0.000183774
7.66663e-05
0.000172145
0.000103105
0.000151284
0.000136513
0.000120684
0.000178323
7.96325e-05
0.000230154
2.71974e-05
0.00029382
-3.77714e-05
0.000371343
-0.000116603
0.000464993
-0.000210714
0.000577417
-0.000321372
0.000711905
-0.000448895
0.000872824
-0.000590348
-0.000729655
0.0010654
8.58284e-07
2.66258e-05
3.4278e-06
7.09854e-05
7.92139e-06
0.00010782
1.46779e-05
0.000136519
2.416e-05
0.000156618
3.6966e-05
0.000167758
5.38433e-05
0.00016963
7.57044e-05
0.000161913
0.00010364
0.00014421
0.000138932
0.000115992
0.000183059
7.65566e-05
0.000237697
2.49946e-05
0.000304709
-3.98148e-05
0.000386122
-0.000119184
0.000484087
-0.000214567
0.000600837
-0.000327465
0.000738706
-0.000459241
0.000900329
-0.000610518
0.00108922
-0.000779235
-0.000951142
0.0013107
9.39484e-07
2.56863e-05
3.9433e-06
6.79815e-05
9.40249e-06
0.000102361
1.78235e-05
0.000128098
2.98341e-05
0.000144607
4.62015e-05
0.00015139
6.78543e-05
0.000147977
9.59042e-05
0.000133863
0.000131665
0.000108449
0.000176664
7.09925e-05
0.000232651
2.05698e-05
0.000301583
-4.3937e-05
0.000385593
-0.000123825
0.000486931
-0.000220523
0.000607864
-0.0003355
0.000750539
-0.00047014
0.000916851
-0.000625553
0.0011085
-0.000802169
0.00132759
-0.000998321
-0.00119974
0.00157618
9.83476e-07
2.47029e-05
4.35846e-06
6.46066e-05
1.073e-05
9.59894e-05
2.08048e-05
0.000118023
3.54082e-05
0.000130004
5.5511e-05
0.000131287
8.22589e-05
0.000121229
0.000117
9.91216e-05
0.000161309
6.41405e-05
0.000216996
1.53059e-05
0.000286106
-4.854e-05
0.000370888
-0.000128719
0.000473737
-0.000226674
0.00059708
-0.000343866
0.000743211
-0.000481631
0.000914045
-0.000640974
0.00111082
-0.000822333
0.00133403
-0.00102537
0.00158438
-0.00124868
-0.00147339
0.00185804
1.00875e-06
2.36941e-05
4.73777e-06
6.08775e-05
1.20372e-05
8.86899e-05
2.38443e-05
0.000106216
4.12138e-05
0.000112634
6.53546e-05
0.000107147
9.76656e-05
8.89183e-05
0.000139768
5.70196e-05
0.000193525
1.03835e-05
0.00026105
-5.22197e-05
0.000344683
-0.000132173
0.000446933
-0.00023097
0.000570381
-0.000350121
0.000717512
-0.000490997
0.000890485
-0.000654604
0.0010908
-0.000841286
0.00131882
-0.00105035
0.00157328
-0.00127983
0.0018524
-0.0015278
-0.00176539
0.00214441
1.04115e-06
2.2653e-05
5.17062e-06
5.67481e-05
1.35082e-05
8.03524e-05
2.72479e-05
9.24766e-05
4.77045e-05
9.21777e-05
7.63568e-05
7.84943e-05
0.000114889
5.03863e-05
0.00016522
6.68874e-06
0.000229518
-5.39151e-05
0.000310185
-0.000132886
0.000409801
-0.000231789
0.00053103
-0.000352199
0.000676458
-0.000495549
0.000848381
-0.00066292
0.00104854
-0.000854767
0.00127786
-0.0010706
0.00153611
-0.0013086
0.00182128
-0.001565
0.00212653
-0.00183305
-0.00205482
0.00241595
1.11088e-06
2.15421e-05
5.76149e-06
5.20974e-05
1.53575e-05
7.07563e-05
3.13717e-05
7.64624e-05
5.54037e-05
6.81457e-05
8.92289e-05
4.46692e-05
0.000134837
4.77843e-06
0.000194453
-5.29279e-05
0.000270529
-0.00012999
0.000365689
-0.000228046
0.000482629
-0.00034873
0.00062395
-0.00049352
0.000791926
-0.000663525
0.00098823
-0.000859224
0.00121365
-0.00108019
0.00146789
-0.00132484
0.00174961
-0.00159033
0.00205741
-0.0018728
0.00239345
-0.0021691
-0.00245615
0.00279479
1.24954e-06
2.02925e-05
6.61843e-06
4.67286e-05
1.78055e-05
5.95692e-05
3.65766e-05
5.76914e-05
6.48338e-05
3.98885e-05
0.000104663
4.84028e-06
0.000158361
-4.89201e-05
0.000228435
-0.000123001
0.00031755
-0.000219106
0.000428428
-0.000338923
0.000563662
-0.000483964
0.000725476
-0.000655333
0.000915404
-0.000853453
0.00113396
-0.00107778
0.00138033
-0.00132655
0.00165217
-0.00159668
0.00194566
-0.00188382
0.00225581
-0.00218295
0.00257575
-0.00248904
-0.00278643
0.00290603
1.48468e-06
1.88079e-05
7.83655e-06
4.03767e-05
2.10454e-05
4.63604e-05
4.31751e-05
3.55616e-05
7.64352e-05
6.62841e-06
0.000123217
-4.19414e-05
0.000186097
-0.0001118
0.000267795
-0.0002047
0.00037107
-0.00032238
0.000498531
-0.000466385
0.000652382
-0.000637815
0.000834081
-0.000837033
0.00104398
-0.00106335
0.00128096
-0.00131476
0.00154219
-0.00158779
0.0018231
-0.00187759
0.00211746
-0.00217818
0.00241778
-0.00248327
0.00271531
-0.00278658
-0.00307547
0.00300435
1.83726e-06
1.69706e-05
9.48773e-06
3.27262e-05
2.52203e-05
3.06279e-05
5.13905e-05
9.39144e-06
9.05023e-05
-3.24835e-05
0.000145221
-9.66604e-05
0.000218338
-0.000184917
0.00031267
-0.000299032
0.000430876
-0.000440586
0.000575189
-0.000610698
0.000747069
-0.000809695
0.000946815
-0.00103678
0.00117319
-0.00128972
0.00142316
-0.00156473
0.00169183
-0.00185646
0.00197263
-0.00215839
0.00225778
-0.00246332
0.00253885
-0.00276434
0.00280715
-0.00305488
-0.00332661
0.0030583
2.31945e-06
1.46512e-05
1.16131e-05
2.34326e-05
3.04078e-05
1.18331e-05
6.13295e-05
-2.15302e-05
0.000107142
-7.82964e-05
0.000170723
-0.000160241
0.000254969
-0.000269163
0.000362621
-0.000406683
0.000495993
-0.000573959
0.000656625
-0.000771329
0.000844868
-0.000997938
0.00105951
-0.00125142
0.00129747
-0.00152769
0.00155377
-0.00182103
0.00182173
-0.00212442
0.00209349
-0.00243015
0.00236079
-0.00273062
0.00261578
-0.00301933
0.00285176
-0.00329086
-0.00354162
0.00306677
2.93454e-06
1.17166e-05
1.42219e-05
1.21453e-05
3.66162e-05
-1.05612e-05
7.29761e-05
-5.78901e-05
0.000126266
-0.000131587
0.000199477
-0.000233452
0.000295456
-0.000365142
0.000416649
-0.000527875
0.000564738
-0.000722048
0.00074023
-0.000946821
0.000942049
-0.00119976
0.00116723
-0.0014766
0.00141084
-0.0017713
0.0016662
-0.00207639
0.00192546
-0.00238368
0.0021804
-0.00268509
0.00242342
-0.00297364
0.00264833
-0.00324423
0.00285101
-0.00349355
-0.00372186
0.00303125
3.6785e-06
8.03811e-06
1.72956e-05
-1.47182e-06
4.37917e-05
-3.70573e-05
8.62021e-05
-0.000100301
0.000147605
-0.00019299
0.000230968
-0.000316815
0.000338897
-0.000473071
0.00047328
-0.000662258
0.000634864
-0.000883632
0.000822823
-0.00113478
0.00103442
-0.00141136
0.00126491
-0.00170708
0.00150771
-0.0020141
0.00175502
-0.0023237
0.00199863
-0.00262729
0.00223094
-0.00291741
0.0024459
-0.00318859
0.00263956
-0.00343789
0.00281045
-0.00366444
-0.00387142
0.00296001
4.54222e-06
3.49588e-06
2.07942e-05
-1.77238e-05
5.18306e-05
-6.80937e-05
0.000100787
-0.000149257
0.000170739
-0.000262941
0.000264463
-0.00041054
0.000384094
-0.000592702
0.000530687
-0.000808851
0.000703769
-0.00105671
0.000900957
-0.00133197
0.0011178
-0.0016282
0.00134792
-0.00193721
0.00158361
-0.00224979
0.00181664
-0.00255673
0.00203935
-0.00285
0.00224557
-0.00312363
0.00243128
-0.00337431
0.00259491
-0.00360152
0.0027372
-0.00380673
-0.00399494
0.00286072
5.51338e-06
-2.0175e-06
2.46634e-05
-3.68738e-05
6.0592e-05
-0.000104022
0.000116438
-0.000205103
0.000195132
-0.000341635
0.000299061
-0.00051447
0.000429641
-0.000723281
0.000586831
-0.000966041
0.000768711
-0.00123859
0.000971251
-0.00153451
0.0011884
-0.00184535
0.00141259
-0.0021614
0.0016356
-0.00247279
0.0018496
-0.00277073
0.00204818
-0.00304859
0.0022271
-0.00330254
0.00238453
-0.00353174
0.00252094
-0.00373793
0.00263867
-0.00392446
-0.0040972
0.00274092
6.5779e-06
-8.5954e-06
2.88377e-05
-5.91336e-05
6.99067e-05
-0.000145091
0.000132808
-0.000268005
0.00022016
-0.000428987
0.000333745
-0.000628054
0.000474013
-0.000863549
0.000639604
-0.00113163
0.000827034
-0.00142602
0.00103069
-0.00173817
0.00124326
-0.00205791
0.00145653
-0.00237467
0.00166249
-0.00267876
0.00185441
-0.00296265
0.00202761
-0.0032218
0.00217991
-0.00345484
0.00231145
-0.00366328
0.00242423
-0.00385071
0.0025215
-0.00402173
-0.00418236
0.00260666
7.72039e-06
-1.63158e-05
3.32429e-05
-8.46562e-05
7.95819e-05
-0.00019143
0.000149506
-0.000337929
0.000245135
-0.000524615
0.000367426
-0.000750345
0.000515647
-0.00101177
0.000686974
-0.00130296
0.000876369
-0.00161542
0.00107688
-0.00193868
0.0012804
-0.00226143
0.00147873
-0.002573
0.00166472
-0.00286474
0.00183318
-0.00313112
0.0019814
-0.00337001
0.00210904
-0.00358248
0.0022178
-0.00377203
0.00231064
-0.00394355
0.00239117
-0.00410226
-0.00425379
0.00246261
8.92307e-06
-2.52389e-05
3.77955e-05
-0.000113529
8.94029e-05
-0.000243038
0.000166105
-0.000414631
0.000269328
-0.000627838
0.000398997
-0.000880014
0.000553038
-0.00116581
0.000727122
-0.00147704
0.000914812
-0.00180311
0.00110821
-0.00213207
0.00129896
-0.00245219
0.0014795
-0.00275353
0.00164401
-0.00302926
0.00178909
-0.0032762
0.00191385
-0.00349476
0.0020195
-0.00368814
0.00210876
-0.00386129
0.00218505
-0.00401984
0.0022519
-0.00416911
-0.00431402
0.00231213
1.01655e-05
-3.54044e-05
4.24016e-05
-0.000145765
9.91354e-05
-0.000299771
0.000182151
-0.000497646
0.000291994
-0.000737681
0.000427387
-0.00101541
0.000584828
-0.00132325
0.00075856
-0.00165078
0.000941043
-0.00198559
0.0011239
-0.00231493
0.00129912
-0.00262741
0.00146021
-0.00291462
0.00160298
-0.00317203
0.00172579
-0.00339901
0.00182929
-0.00359826
0.00191582
-0.00377467
0.00198864
-0.00393411
0.00205122
-0.00408242
0.00210676
-0.00422465
-0.00436485
0.00215758
1.14241e-05
-4.68284e-05
4.69578e-05
-0.000181298
0.00010853
-0.000361343
0.000197181
-0.000586298
0.000312409
-0.000852908
0.000451616
-0.00115461
0.000609883
-0.00148152
0.000780225
-0.00182112
0.000954382
-0.00215975
0.001124
-0.00248455
0.00128189
-0.00278529
0.00142295
-0.00305569
0.00154467
-0.00329374
0.00164697
-0.00350131
0.0017317
-0.00368299
0.00180185
-0.00384482
0.00186086
-0.00399312
0.00191198
-0.00413354
0.00195792
-0.00427059
-0.00440746
0.00200054
1.2672e-05
-5.95005e-05
5.13529e-05
-0.000219979
0.000117329
-0.000427319
0.000210741
-0.00067971
0.000329903
-0.00097207
0.000470855
-0.00129557
0.000627369
-0.00163803
0.000791522
-0.00198527
0.000954773
-0.002323
0.00110926
-0.00263903
0.00124894
-0.00292497
0.00137025
-0.003177
0.00147224
-0.00339573
0.0015561
-0.00358517
0.00162448
-0.00375136
0.00168067
-0.00390102
0.001728
-0.00404045
0.00176934
-0.00417488
0.00180691
-0.00430816
-0.00444264
0.00184209
1.38803e-05
-7.33807e-05
5.54716e-05
-0.000261571
0.000125278
-0.000497126
0.000222405
-0.000776837
0.000343898
-0.00109356
0.000484469
-0.00143614
0.000636778
-0.00179034
0.000792323
-0.00214081
0.000942703
-0.00247338
0.00108092
-0.00277725
0.00120228
-0.00304633
0.00130474
-0.00327947
0.00138867
-0.00347967
0.00145621
-0.0036527
0.00151043
-0.00380559
0.00155469
-0.00394527
0.00159198
-0.00407775
0.00162476
-0.00420765
0.00165474
-0.00433814
-0.00447085
0.00168295
1.50182e-05
-8.8399e-05
5.91993e-05
-0.000305752
0.000132139
-0.000570065
0.000231801
-0.000876499
0.00035394
-0.0012157
0.000492048
-0.00157424
0.000637944
-0.00193624
0.000782916
-0.00228579
0.000919087
-0.00260955
0.00104057
-0.00289873
0.00114409
-0.00314984
0.00122897
-0.00336435
0.00129663
-0.00354733
0.00134982
-0.00370589
0.00139179
-0.00384756
0.0014257
-0.00397917
0.00145419
-0.00410624
0.00147923
-0.00423269
0.00150215
-0.00436106
-0.00449234
0.00152364
1.60553e-05
-0.000104454
6.24278e-05
-0.000352124
0.000137699
-0.000645336
0.000238629
-0.000977429
0.000359719
-0.00133679
0.000493418
-0.00170794
0.000631009
-0.00207383
0.000763936
-0.00241871
0.000885134
-0.00273075
0.000989966
-0.00300356
0.00107651
-0.00323639
0.00114526
-0.00343309
0.0011984
-0.00360048
0.001239
-0.00374649
0.00127027
-0.00387883
0.00129506
-0.00400396
0.00131561
-0.00412678
0.00133347
-0.00425056
0.00134963
-0.00437722
-0.00450726
0.00136455
1.69623e-05
-0.000121417
6.50602e-05
-0.000400222
0.000141784
-0.00072206
0.000242675
-0.00107832
0.000361075
-0.00145519
0.000488623
-0.00183549
0.000616384
-0.00220159
0.000736265
-0.00253859
0.000842218
-0.0028367
0.000930883
-0.00309223
0.00100156
-0.00330707
0.00105566
-0.00348719
0.00109588
-0.00364069
0.00112537
-0.00377599
0.00114716
-0.00390062
0.00116374
-0.00402055
0.00117695
-0.00413999
0.001188
-0.00426161
0.00119758
-0.00438679
-0.00451567
0.00120598
1.77128e-05
-0.000139129
6.70157e-05
-0.000449525
0.000144265
-0.000799309
0.000243816
-0.00117787
0.000358001
-0.00156938
0.000477906
-0.0019554
0.000594681
-0.00231837
0.000700944
-0.00264486
0.000791768
-0.00292753
0.000865018
-0.00316548
0.000921037
-0.00336309
0.000961906
-0.00352806
0.000990592
-0.00366937
0.00101019
-0.00379559
0.00102344
-0.00391387
0.00103247
-0.00402957
0.00103874
-0.00414626
0.00104319
-0.00426606
0.00104628
-0.00438988
-0.00451759
0.0010482
1.82863e-05
-0.000157416
6.82367e-05
-0.000499475
0.000145068
-0.000876141
0.00024203
-0.00127483
0.000350634
-0.00167798
0.000461679
-0.00206644
0.000566669
-0.00242336
0.000659101
-0.00273729
0.0007352
-0.00300363
0.000793942
-0.00322422
0.000836507
-0.00340565
0.000865432
-0.00355699
0.000883772
-0.00368771
0.000894443
-0.00380626
0.000899853
-0.00391928
0.000901771
-0.00403149
0.000901368
-0.00414586
0.000899332
-0.00426402
0.000895985
-0.00438654
-0.00451306
0.000891449
1.86614e-05
-0.000176077
6.86746e-05
-0.000549488
0.000144151
-0.000951617
0.000237354
-0.00136804
0.000339192
-0.00177982
0.000440434
-0.00216768
0.000533151
-0.00251607
0.000611826
-0.00281596
0.000673796
-0.0030656
0.000719
-0.00326943
0.000749256
-0.00343591
0.000767367
-0.0035751
0.000776334
-0.00369668
0.000778821
-0.00380875
0.000776901
-0.00391736
0.000772022
-0.00402661
0.000765099
-0.00413894
0.000756639
-0.00425556
0.000746862
-0.00437676
-0.00450205
0.000735849
1.88273e-05
-0.000194904
6.83138e-05
-0.000598975
0.000141536
-0.00102484
0.000229926
-0.00145643
0.000324013
-0.00187391
0.00041477
-0.00225844
0.000495
-0.0025963
0.000560207
-0.00288117
0.00060876
-0.00311415
0.000641397
-0.00330206
0.00066039
-0.0034549
0.000668651
-0.00358336
0.00066903
-0.00369706
0.0006639
-0.00380362
0.000655013
-0.00390847
0.000643536
-0.00401513
0.000630177
-0.00412558
0.00061531
-0.00424069
0.000599086
-0.00436054
-0.00448452
0.000581565
1.87767e-05
-0.000213681
6.71557e-05
-0.000647354
0.000137282
-0.00109497
0.000219934
-0.00153908
0.000305484
-0.00195946
0.000385313
-0.00233827
0.000453058
-0.00266405
0.000505239
-0.00293335
0.00054114
-0.00315005
0.00056214
-0.00332306
0.000570799
-0.00346356
0.000570018
-0.00358258
0.000562431
-0.00368947
0.00055011
-0.0037913
0.000534507
-0.00389287
0.000516551
-0.00399717
0.000496785
-0.00410581
0.000475493
-0.0042194
0.000452784
-0.00433783
-0.00446042
0.000428681
1.85077e-05
-0.000232189
6.52205e-05
-0.000694067
0.000131483
-0.00116123
0.000207612
-0.00161521
0.000284033
-0.00203588
0.000352692
-0.00240693
0.000408126
-0.00271948
0.000447819
-0.00297304
0.000471844
-0.00317408
0.000482064
-0.00333328
0.000481198
-0.0034627
0.000472044
-0.00357343
0.000456984
-0.00367441
0.000437793
-0.00377211
0.000415653
-0.00387073
0.000391287
-0.00397281
0.000365103
-0.00407963
0.000337317
-0.00419162
0.00030804
-0.00430855
-0.00442967
0.000277287
1.80236e-05
-0.000250212
6.25449e-05
-0.000738588
0.000124261
-0.00122294
0.000193222
-0.00168417
0.000260096
-0.00210275
0.000317517
-0.00246435
0.00036094
-0.00276291
0.000388735
-0.00300084
0.000401638
-0.00318698
0.000401858
-0.0033335
0.000392161
-0.003453
0.000375183
-0.00355645
0.000353039
-0.00365227
0.000327226
-0.00374629
0.00029869
-0.00384219
0.000267983
-0.0039421
0.000235399
-0.00404705
0.000201059
-0.00415728
0.000164915
-0.00427241
-0.00439221
0.000127459
1.73317e-05
-0.000267544
5.91789e-05
-0.000780435
0.000115757
-0.00127952
0.000177042
-0.00174545
0.000234109
-0.00215982
0.000280362
-0.0025106
0.00031216
-0.0027947
0.00032867
-0.00301735
0.000331164
-0.00318947
0.000322076
-0.00332441
0.00030414
-0.00343506
0.000279788
-0.0035321
0.000250873
-0.00362336
0.000218633
-0.00371405
0.000183819
-0.00380738
0.000146851
-0.00390513
0.000107973
-0.00400817
6.73117e-05
-0.00411661
2.47301e-05
-0.00422983
-0.00434561
-2.18751e-05
1.64435e-05
-0.000283988
5.51825e-05
-0.000819174
0.000106126
-0.00133046
0.000159356
-0.00179868
0.000206489
-0.00220695
0.000241753
-0.00254587
0.000262368
-0.00281532
0.000268203
-0.00302318
0.000260948
-0.00318222
0.000243165
-0.00330663
0.00021749
-0.00340939
0.000186136
-0.00350074
0.000150699
-0.00358792
0.000112196
-0.00367555
7.11891e-05
-0.00376637
2.80051e-05
-0.00386195
-1.71627e-05
-0.003963
-6.4178e-05
-0.0040696
-0.000113305
-0.0041807
-0.00429498
-0.000163929
1.5373e-05
-0.000299361
5.06227e-05
-0.000854424
9.55262e-05
-0.00137537
0.00014044
-0.0018436
0.000177628
-0.00224414
0.000202161
-0.0025704
0.00021207
-0.00282523
0.000207823
-0.00301894
0.000191422
-0.00316582
0.000165479
-0.00328069
0.000132491
-0.0033764
9.4446e-05
-0.0034627
5.26831e-05
-0.00354616
8.02667e-06
-0.00363089
-3.90546e-05
-0.00371929
-8.83578e-05
-0.00381265
-0.000139726
-0.00391163
-0.000193108
-0.00401622
-0.000248385
-0.00412542
-0.00423804
-0.000305322
1.41368e-05
-0.000313497
4.55707e-05
-0.000885858
8.41195e-05
-0.00141392
0.00012056
-0.00188004
0.000147884
-0.00227146
0.000162004
-0.00258452
0.000161697
-0.00282492
0.000147931
-0.00300517
0.000122934
-0.00314082
8.92994e-05
-0.00324705
4.9355e-05
-0.00333646
4.85251e-06
-0.00341819
-4.30236e-05
-0.00349828
-9.36649e-05
-0.00358025
-0.000146773
-0.00366618
-0.000202171
-0.00375725
-0.000259743
-0.00385406
-0.000319366
-0.00395659
-0.000380906
-0.00406388
-0.0041746
-0.000444353
1.27528e-05
-0.00032625
4.00996e-05
-0.000913205
7.2062e-05
-0.00144588
9.99633e-05
-0.00190794
0.000117579
-0.00228908
0.000121647
-0.00258859
0.000111613
-0.00281489
8.88596e-05
-0.00298242
5.5762e-05
-0.00310772
1.48488e-05
-0.00320614
-3.17293e-05
-0.00328988
-8.242e-05
-0.0033675
-0.000136295
-0.0034444
-0.000192849
-0.0035237
-0.000251883
-0.00360715
-0.00031331
-0.00369582
-0.000377036
-0.00379033
-0.000442902
-0.00389073
-0.000510744
-0.00399604
-0.0041048
-0.000580547
1.12405e-05
-0.000337491
3.42833e-05
-0.000936247
5.95049e-05
-0.0014711
7.88803e-05
-0.00192732
8.70035e-05
-0.0022972
8.14013e-05
-0.00258298
6.21174e-05
-0.0027956
3.08852e-05
-0.00295118
-9.86718e-06
-0.00306697
-5.76981e-05
-0.00315831
-0.000110641
-0.00323693
-0.000167354
-0.00331079
-0.000227063
-0.0033847
-0.000289405
-0.00346136
-0.000354269
-0.00354229
-0.00042164
-0.00362845
-0.000491461
-0.00372051
-0.000563559
-0.00381863
-0.0006377
-0.0039219
-0.00402871
-0.00071378
9.62131e-06
-0.000347112
2.81968e-05
-0.000954823
4.65943e-05
-0.0014895
5.75264e-05
-0.00193825
5.6416e-05
-0.00229609
4.1512e-05
-0.00256808
1.35191e-05
-0.00276761
-2.57681e-05
-0.0029119
-7.37842e-05
-0.00301895
-0.000128212
-0.00310388
-0.000187281
-0.00317787
-0.000249832
-0.00324824
-0.000315237
-0.00331929
-0.000383244
-0.00339335
-0.000453826
-0.0034717
-0.000527037
-0.00355524
-0.000602876
-0.00364468
-0.00068117
-0.00374034
-0.000761586
-0.00384148
-0.00394643
-0.000843872
7.92466e-06
-0.000355037
2.19147e-05
-0.000968813
3.34653e-05
-0.00150105
3.60913e-05
-0.00194087
2.60617e-05
-0.00228606
2.50308e-06
-0.00254452
-3.4035e-05
-0.00273107
-8.09606e-05
-0.00286497
-0.000135862
-0.00296405
-0.000196594
-0.00304315
-0.000261566
-0.00311289
-0.000329785
-0.00318002
-0.000400749
-0.00324833
-0.000474293
-0.00331981
-0.00055046
-0.00339554
-0.000629379
-0.00347632
-0.000711126
-0.00356293
-0.000795562
-0.0036559
-0.000882243
-0.0037548
-0.00385799
-0.000970677
6.17973e-06
-0.000361216
1.5503e-05
-0.000978136
2.02309e-05
-0.00150578
1.4769e-05
-0.00193541
-3.75792e-06
-0.00226754
-3.61613e-05
-0.00251212
-8.0468e-05
-0.00268677
-0.000134558
-0.00281088
-0.000195999
-0.00290261
-0.000262763
-0.00297638
-0.000333431
-0.00304223
-0.000407157
-0.00310629
-0.000483543
-0.00317194
-0.000562491
-0.00324086
-0.000644096
-0.00331393
-0.00072856
-0.00339186
-0.000816062
-0.00347543
-0.000906557
-0.0035654
-0.000999496
-0.00366186
-0.00376349
-0.001094
4.37924e-06
-0.000365596
9.01368e-06
-0.000982771
7.02358e-06
-0.00150379
-6.35371e-06
-0.00192204
-3.34786e-05
-0.00224041
-7.3743e-05
-0.00247185
-0.000125533
-0.00263498
-0.000186436
-0.00274998
-0.000254099
-0.00283495
-0.000326648
-0.00290384
-0.00040282
-0.00296605
-0.0004819
-0.00302721
-0.000563573
-0.00309027
-0.000647788
-0.00315664
-0.000734675
-0.00322704
-0.000824492
-0.00330204
-0.000917551
-0.00338237
-0.00101397
-0.00346898
-0.00111314
-0.00356269
-0.00366298
-0.00121365
2.54225e-06
-0.000368138
2.4576e-06
-0.000982686
-6.187e-06
-0.00149514
-2.74088e-05
-0.00190081
-6.2334e-05
-0.00220549
-0.000110251
-0.00242394
-0.000169127
-0.0025761
-0.000236498
-0.00268261
-0.000310095
-0.00276135
-0.000388197
-0.00282573
-0.000469689
-0.00288456
-0.000553972
-0.00294293
-0.000640798
-0.00300344
-0.000730147
-0.00306729
-0.000822157
-0.00313503
-0.000917115
-0.00320708
-0.00101547
-0.00328401
-0.00111761
-0.00336684
-0.00122303
-0.00345727
-0.00355632
-0.0013297
4.62184e-07
-0.0003686
-4.15425e-06
-0.00097807
-1.93342e-05
-0.00147996
-4.78991e-05
-0.00187225
-9.03991e-05
-0.00216299
-0.000145578
-0.00236876
-0.000211168
-0.00251051
-0.000284674
-0.0026091
-0.000363932
-0.00268209
-0.000447364
-0.0027423
-0.000533998
-0.00279793
-0.000623334
-0.00285359
-0.000715184
-0.00291159
-0.000809543
-0.00297293
-0.00090653
-0.00303805
-0.00100641
-0.00310719
-0.00110973
-0.00318069
-0.00121724
-0.00325933
-0.00132891
-0.0033456
-0.00344308
-0.00144215
-1.35784e-06
-0.000367242
-1.06626e-05
-0.000968765
-3.21592e-05
-0.00145847
-6.78474e-05
-0.00183656
-0.000117575
-0.00211326
-0.00017964
-0.00230669
-0.000251583
-0.00243857
-0.000330909
-0.00252978
-0.000415563
-0.00259744
-0.000504111
-0.00265375
-0.000595708
-0.00270633
-0.000689948
-0.00275935
-0.000786695
-0.00281485
-0.000885961
-0.00287367
-0.000987831
-0.00293618
-0.00109251
-0.00300252
-0.00120049
-0.00307271
-0.00131274
-0.00314709
-0.00142973
-0.00322861
-0.00332178
-0.00155103
-3.19481e-06
-0.000364047
-1.70434e-05
-0.000954916
-4.46693e-05
-0.00143084
-8.71878e-05
-0.00179404
-0.000143787
-0.00205666
-0.000212366
-0.00223811
-0.000290313
-0.00236062
-0.000375154
-0.00244494
-0.000464948
-0.00250765
-0.000558397
-0.0025603
-0.000654774
-0.00260995
-0.000753756
-0.00266037
-0.000855263
-0.00271334
-0.000959334
-0.0027696
-0.00106606
-0.00282945
-0.00117558
-0.002893
-0.00128823
-0.00296005
-0.00140506
-0.00303026
-0.00152819
-0.00310547
-0.0031995
-0.00165047
-5.04984e-06
-0.000358998
-2.32835e-05
-0.000936683
-5.68064e-05
-0.00139732
-0.000105845
-0.001745
-0.000168957
-0.00199355
-0.000243685
-0.00216339
-0.000327298
-0.00227701
-0.00041736
-0.00235487
-0.000512042
-0.00241296
-0.000610174
-0.00246217
-0.000711135
-0.00250899
-0.000814675
-0.00255683
-0.000920765
-0.00260725
-0.00102948
-0.00266088
-0.00114096
-0.00271798
-0.0012554
-0.00277855
-0.00137294
-0.00284252
-0.0014929
-0.0029103
-0.00161483
-0.00298355
-0.00305908
-0.00175524
-6.87617e-06
-0.000352121
-2.9364e-05
-0.000914195
-6.8544e-05
-0.00135814
-0.000123785
-0.00168976
-0.000193054
-0.00192428
-0.000273576
-0.00208286
-0.000362527
-0.00218806
-0.000457522
-0.00225988
-0.000556843
-0.00231364
-0.000659438
-0.00235958
-0.000764779
-0.00240365
-0.000872678
-0.00244893
-0.000983142
-0.00249678
-0.00109627
-0.00254775
-0.00121223
-0.00260202
-0.00133118
-0.0026596
-0.00145313
-0.00272057
-0.00157809
-0.00278534
-0.00170774
-0.0028539
-0.00292303
-0.00184379
-8.65583e-06
-0.000343466
-3.52468e-05
-0.000887604
-7.983e-05
-0.00131355
-0.000140949
-0.00162864
-0.000216019
-0.00184921
-0.000301987
-0.00199689
-0.000395958
-0.00209409
-0.000495603
-0.00216023
-0.000599317
-0.00220993
-0.000706154
-0.00225274
-0.000815668
-0.00229414
-0.000927726
-0.00233687
-0.00104237
-0.00238215
-0.0011597
-0.00243041
-0.00127989
-0.00248183
-0.00140307
-0.00253642
-0.00152937
-0.00259427
-0.00165914
-0.00265557
-0.0017932
-0.00271984
-0.00278539
-0.00193083
-1.03797e-05
-0.000333086
-4.09064e-05
-0.000857077
-9.06271e-05
-0.00126383
-0.000157295
-0.00156197
-0.000237815
-0.00176869
-0.000328888
-0.00190582
-0.000427566
-0.00199541
-0.000531587
-0.00205621
-0.000639447
-0.00210207
-0.000750301
-0.00214189
-0.000863776
-0.00218066
-0.000979785
-0.00222087
-0.00109839
-0.00226354
-0.00121972
-0.00230909
-0.00134392
-0.00235762
-0.00147115
-0.00240919
-0.00160156
-0.00246387
-0.00173542
-0.00252171
-0.00187299
-0.00258227
-0.00264456
-0.00201382
-1.20393e-05
-0.000321047
-4.63203e-05
-0.000822796
-0.000100903
-0.00120925
-0.000172789
-0.00149009
-0.000258411
-0.00168306
-0.000354253
-0.00180998
-0.000457335
-0.00189233
-0.000565459
-0.00194809
-0.000677222
-0.00199031
-0.000791868
-0.00202724
-0.000909088
-0.00206344
-0.00102883
-0.00210112
-0.00115118
-0.00214119
-0.00127628
-0.00218399
-0.00140427
-0.00222963
-0.00153532
-0.00227814
-0.00166959
-0.0023296
-0.00180728
-0.00238402
-0.0019485
-0.00244105
-0.00250005
-0.00209302
-1.36269e-05
-0.00030742
-5.14687e-05
-0.000784954
-0.00011063
-0.00115009
-0.0001874
-0.00141332
-0.000277781
-0.00159268
-0.000378065
-0.0017097
-0.000485252
-0.00178514
-0.000597212
-0.00183613
-0.000712634
-0.00187488
-0.000830846
-0.00190903
-0.000951593
-0.0019427
-0.00107486
-0.00197785
-0.00120074
-0.00201531
-0.00132939
-0.00205534
-0.00146096
-0.00209806
-0.00159562
-0.00214349
-0.00173351
-0.0021917
-0.00187482
-0.00224271
-0.00201965
-0.00229623
-0.00235178
-0.00216791
-1.51356e-05
-0.000292284
-5.63343e-05
-0.000743755
-0.000119784
-0.00108664
-0.000201105
-0.001332
-0.000295904
-0.00149788
-0.000400309
-0.00160529
-0.000511307
-0.00167414
-0.000626838
-0.0017206
-0.000745678
-0.00175604
-0.000867226
-0.00178748
-0.000991278
-0.00181865
-0.00111785
-0.00185129
-0.00124705
-0.00188611
-0.00137903
-0.00192336
-0.00151396
-0.00196313
-0.001652
-0.00200545
-0.00179331
-0.00205039
-0.00193806
-0.00209796
-0.00208638
-0.00214791
-0.00219993
-0.00223824
-1.6559e-05
-0.000275725
-6.09018e-05
-0.000699413
-0.000128344
-0.0010192
-0.000213883
-0.00124646
-0.000312765
-0.001399
-0.000420973
-0.00149708
-0.000535495
-0.00155962
-0.000654335
-0.00160176
-0.000776349
-0.00163403
-0.000901004
-0.00166282
-0.00102814
-0.00169151
-0.00115779
-0.00172164
-0.00129008
-0.00175381
-0.00142518
-0.00178826
-0.00156325
-0.00182506
-0.00170446
-0.00186424
-0.00184898
-0.00190587
-0.00199697
-0.00194997
-0.00214859
-0.00199628
-0.00204466
-0.00230386
-1.78913e-05
-0.000257834
-6.5158e-05
-0.000652146
-0.000136293
-0.000948063
-0.000225717
-0.00115703
-0.000328349
-0.00129637
-0.00044005
-0.00138538
-0.000557811
-0.00144186
-0.000679699
-0.00147987
-0.000804645
-0.00150908
-0.000932174
-0.0015353
-0.00106216
-0.00156152
-0.00119467
-0.00158913
-0.00132983
-0.00161865
-0.00146782
-0.00165027
-0.00160881
-0.00168407
-0.00175296
-0.00172008
-0.00190047
-0.00175837
-0.0020515
-0.00179894
-0.00220622
-0.00184157
-0.00188621
-0.00236466
-1.91277e-05
-0.000238706
-6.90911e-05
-0.000602183
-0.000143616
-0.000873537
-0.000236593
-0.00106406
-0.000342647
-0.00119032
-0.000457533
-0.0012705
-0.000578251
-0.00132114
-0.000702928
-0.00135519
-0.000830563
-0.00138145
-0.000960732
-0.00140513
-0.00109335
-0.00142891
-0.00122848
-0.00145399
-0.00136629
-0.00148084
-0.00150694
-0.00150962
-0.00165061
-0.0015404
-0.00179749
-0.00157321
-0.00194775
-0.00160811
-0.00210159
-0.0016451
-0.00225917
-0.00168398
-0.00172481
-0.00242057
-2.02636e-05
-0.000218443
-7.26912e-05
-0.000549755
-0.000150301
-0.000795928
-0.000246499
-0.000967859
-0.00035565
-0.00108117
-0.000473417
-0.00115273
-0.000596813
-0.00119775
-0.000724021
-0.00122798
-0.000854101
-0.00125137
-0.000986674
-0.00127255
-0.00112168
-0.0012939
-0.00125921
-0.00131646
-0.00139943
-0.00134063
-0.00154251
-0.00136655
-0.00168864
-0.00139427
-0.001838
-0.00142384
-0.00199079
-0.00145532
-0.00214719
-0.00148869
-0.0023074
-0.00152378
-0.00156071
-0.0024715
-2.1295e-05
-0.000197148
-7.59494e-05
-0.000495101
-0.000156335
-0.000715542
-0.000255425
-0.00086877
-0.000367351
-0.000969239
-0.000487699
-0.00103238
-0.000613496
-0.00107195
-0.000742978
-0.0010985
-0.000875258
-0.00111909
-0.00101
-0.00113781
-0.00114716
-0.00115674
-0.00128686
-0.00117676
-0.00142925
-0.00119823
-0.00157452
-0.00122127
-0.00172287
-0.00124593
-0.00187447
-0.00127224
-0.00202954
-0.00130025
-0.00218827
-0.00132996
-0.00235085
-0.0013612
-0.00139416
-0.0025174
-2.22186e-05
-0.000174929
-7.88582e-05
-0.000438461
-0.000161711
-0.000632689
-0.000263362
-0.000767119
-0.000377744
-0.000854858
-0.000500375
-0.00090975
-0.000628299
-0.000944025
-0.000759798
-0.000967003
-0.000894031
-0.000984857
-0.0010307
-0.00100115
-0.00116978
-0.00101765
-0.0013114
-0.00103514
-0.00145573
-0.00105391
-0.00160296
-0.00107405
-0.00175328
-0.00109561
-0.00190689
-0.00111863
-0.00206399
-0.00114315
-0.00222479
-0.00116916
-0.00238948
-0.00119651
-0.00122543
-0.00255821
-2.30313e-05
-0.000151898
-8.14112e-05
-0.000380081
-0.00016642
-0.00054768
-0.000270306
-0.000663233
-0.000386825
-0.000738339
-0.000511445
-0.00078513
-0.000641222
-0.000814249
-0.00077448
-0.000833744
-0.000910421
-0.000848915
-0.00104877
-0.000862795
-0.00118954
-0.000876886
-0.00133285
-0.000891835
-0.00147887
-0.000907881
-0.00162781
-0.000925111
-0.00177985
-0.000943562
-0.00193521
-0.000963268
-0.0020941
-0.000984268
-0.00225671
-0.00100654
-0.00242325
-0.00102997
-0.00105479
-0.00259389
-2.37306e-05
-0.000128167
-8.36029e-05
-0.000320209
-0.000170456
-0.000460827
-0.000276248
-0.00055744
-0.000394591
-0.000619996
-0.000520905
-0.000658816
-0.000652263
-0.000682891
-0.000787025
-0.000698982
-0.000924426
-0.000711514
-0.00106422
-0.000723002
-0.00120642
-0.000734683
-0.00135117
-0.000747085
-0.00149865
-0.000760404
-0.00164905
-0.00077471
-0.00180258
-0.000790035
-0.00195944
-0.000806407
-0.00211985
-0.000823861
-0.00228401
-0.000842377
-0.00245213
-0.000861855
-0.00088252
-0.0026244
-2.43143e-05
-0.000103853
-8.54289e-05
-0.000259094
-0.000173813
-0.000372443
-0.000281186
-0.000450067
-0.000401038
-0.000500144
-0.000528756
-0.000531098
-0.000661424
-0.000550223
-0.000797432
-0.000562974
-0.000936045
-0.000572901
-0.00107704
-0.000582011
-0.00122044
-0.000591283
-0.00136638
-0.000601135
-0.00151507
-0.00061172
-0.00166669
-0.000623092
-0.00182144
-0.000635277
-0.00197955
-0.0006483
-0.00214123
-0.000662187
-0.00230668
-0.000676922
-0.00247611
-0.000692424
-0.000708895
-0.00264974
-2.47808e-05
-7.90721e-05
-8.68855e-05
-0.000196989
-0.000176488
-0.000282841
-0.000285116
-0.000341438
-0.000406166
-0.000379095
-0.000534997
-0.000402267
-0.000668704
-0.000416515
-0.000805702
-0.000425976
-0.000945278
-0.000433325
-0.00108722
-0.000440067
-0.00123157
-0.000446934
-0.00137847
-0.000454232
-0.00152812
-0.000462076
-0.00168071
-0.000470505
-0.00183644
-0.00047954
-0.00199554
-0.000489201
-0.00215822
-0.000499506
-0.0023247
-0.000510444
-0.00249517
-0.000521952
-0.000534196
-0.00266987
-2.51285e-05
-5.39436e-05
-8.79697e-05
-0.000134148
-0.000178476
-0.000192335
-0.000288035
-0.000231879
-0.000409971
-0.000257158
-0.000539626
-0.000272612
-0.000674103
-0.000282039
-0.000811834
-0.000288245
-0.000952124
-0.000293036
-0.00109477
-0.000297418
-0.00123983
-0.000301879
-0.00138744
-0.000306621
-0.0015378
-0.000311719
-0.0016911
-0.0003172
-0.00184756
-0.000323077
-0.0020074
-0.000329365
-0.00217083
-0.000336078
-0.00233807
-0.000343206
-0.00250931
-0.000350707
-0.000358701
-0.0026848
-2.53566e-05
-2.8587e-05
-8.86794e-05
-7.08254e-05
-0.000179776
-0.000101238
-0.000289941
-0.000121714
-0.000412454
-0.000134645
-0.000542644
-0.000142422
-0.00067762
-0.000147062
-0.000815828
-0.000150038
-0.000956582
-0.000152282
-0.00109969
-0.00015431
-0.0012452
-0.000156365
-0.00139328
-0.000158548
-0.0015441
-0.000160898
-0.00169787
-0.000163426
-0.00185481
-0.000166141
-0.00201512
-0.00016905
-0.00217904
-0.000172163
-0.00234677
-0.000175473
-0.00251852
-0.000178959
-0.000182686
-0.00269454
-2.54643e-05
-3.12265e-06
-8.90134e-05
-7.27638e-06
-0.000180386
-9.86591e-06
-0.000290833
-1.12672e-05
-0.000413613
-1.18654e-05
-0.00054405
-1.1985e-05
-0.000679257
-1.18552e-05
-0.000817684
-1.16104e-05
-0.000958652
-1.13142e-05
-0.00110197
-1.09888e-05
-0.0012477
-1.06385e-05
-0.00139598
-1.02628e-05
-0.00154702
-9.86137e-06
-0.00170101
-9.43473e-06
-0.00185817
-8.98407e-06
-0.00201871
-8.51127e-06
-0.00218285
-8.01874e-06
-0.00235082
-7.50729e-06
-0.0025228
-6.9736e-06
-6.42118e-06
-0.00269907
-2.54514e-05
2.23287e-05
-8.89709e-05
5.62432e-05
-0.000180304
8.14676e-05
-0.000290709
9.91375e-05
-0.000413447
0.000110872
-0.000543844
0.000118412
-0.000679012
0.000123313
-0.000817402
0.00012678
-0.000958334
0.000129618
-0.00110162
0.000132297
-0.00124731
0.000135053
-0.00139556
0.000137989
-0.00154657
0.000141141
-0.00170052
0.000144523
-0.00185765
0.00014814
-0.00201815
0.000151995
-0.00218227
0.000156093
-0.0023502
0.000160426
-0.00252215
0.000164979
0.000169805
-0.00269838
-2.53179e-05
4.76467e-05
-8.85523e-05
0.000119478
-0.000179533
0.000172448
-0.000289571
0.000209176
-0.000411957
0.000233259
-0.000542025
0.00024848
-0.000676886
0.000258174
-0.000814982
0.000264876
-0.000955628
0.000270264
-0.00109863
0.0002753
-0.00124404
0.000280464
-0.00139201
0.000285959
-0.00154273
0.000291861
-0.00169641
0.000298198
-0.00185324
0.000304979
-0.00201346
0.000312214
-0.00217728
0.000319914
-0.00234492
0.000328066
-0.00251658
0.000336635
0.00034573
-0.0026925
-2.50642e-05
7.27108e-05
-8.77578e-05
0.000182171
-0.000178071
0.000262761
-0.000287418
0.000318524
-0.000409143
0.000354983
-0.000538594
0.000377931
-0.000672877
0.000392457
-0.000810423
0.000402422
-0.000950533
0.000410374
-0.00109301
0.000417774
-0.00123789
0.000425346
-0.00138533
0.0004334
-0.00153552
0.00044205
-0.00168866
0.000451338
-0.00184496
0.000461278
-0.00200463
0.000471889
-0.0021679
0.000483184
-0.00233499
0.000495149
-0.00250608
0.000507727
0.000521077
-0.00268142
-2.46908e-05
9.74016e-05
-8.65891e-05
0.000244069
-0.00017592
0.000352092
-0.000284252
0.000426856
-0.000405005
0.000475736
-0.00053355
0.000506476
-0.000666986
0.000525892
-0.000803724
0.00053916
-0.000943048
0.000549698
-0.00108475
0.000559471
-0.00122885
0.000569454
-0.00137552
0.000580065
-0.00152493
0.00059146
-0.00167728
0.000603693
-0.00183279
0.000616787
-0.00199167
0.000630763
-0.00215413
0.000645645
-0.00232039
0.000661411
-0.00249065
0.000677988
0.000695571
-0.00266514
-2.41989e-05
0.000121601
-8.50482e-05
0.000304919
-0.000173083
0.000440127
-0.000280074
0.000533847
-0.000399543
0.000595205
-0.000526893
0.000633825
-0.00065921
0.00065821
-0.000794884
0.000674833
-0.000933173
0.000687988
-0.00107385
0.000700146
-0.00121694
0.000712543
-0.00136258
0.000725708
-0.00151096
0.000739842
-0.00166228
0.000755014
-0.00181675
0.000771252
-0.00197457
0.000788583
-0.00213596
0.000807036
-0.00230114
0.00082659
-0.0024703
0.000847148
0.000868934
-0.00264366
-2.359e-05
0.000145191
-8.31382e-05
0.000364467
-0.000169564
0.000526552
-0.000274887
0.000639171
-0.00039276
0.000713077
-0.000518622
0.000759688
-0.00064955
0.000789138
-0.000783902
0.000809185
-0.000920907
0.000824993
-0.00106031
0.000839553
-0.00120214
0.000854367
-0.00134651
0.000870084
-0.00149362
0.000886951
-0.00164366
0.000905052
-0.00179683
0.000924423
-0.00195334
0.000945094
-0.00211341
0.0009671
-0.00227724
0.000990421
-0.00244503
0.00101494
0.00104089
-0.00261699
-2.28658e-05
0.000168056
-8.08628e-05
0.000422464
-0.000165365
0.000611055
-0.000268695
0.0007425
-0.000384656
0.000829038
-0.000508738
0.00088377
-0.000638005
0.000918405
-0.000770778
0.000941957
-0.00090625
0.000960465
-0.00104414
0.000977447
-0.00118446
0.000994683
-0.00132733
0.00101295
-0.00147292
0.00103254
-0.00162142
0.00105356
-0.00177305
0.00107605
-0.001928
0.00110004
-0.00208648
0.00112558
-0.0022487
0.00115264
-0.00241485
0.0011811
0.00121116
-0.00258512
-2.20285e-05
0.000190085
-7.82265e-05
0.000478662
-0.000160494
0.000693322
-0.000261501
0.000843507
-0.000375234
0.000942772
-0.000497242
0.00100578
-0.000624575
0.00104574
-0.00075551
0.00107289
-0.000889201
0.00109416
-0.00102534
0.00111359
-0.00116391
0.00113325
-0.00130502
0.00115406
-0.00144885
0.00117637
-0.00159558
0.00120029
-0.00174541
0.00122588
-0.00189855
0.00125318
-0.00205519
0.00128222
-0.00221554
0.00131299
-0.00237979
0.00134535
0.00137947
-0.0025481
-2.10808e-05
0.000211166
-7.52351e-05
0.000532816
-0.000154956
0.000773042
-0.000253311
0.000941862
-0.000364498
0.00105396
-0.000484134
0.00112542
-0.000609257
0.00117086
-0.000738098
0.00120173
-0.000869761
0.00122582
-0.0010039
0.00124773
-0.00114048
0.00126983
-0.0012796
0.00129318
-0.00142142
0.00131819
-0.00156613
0.00134501
-0.00171393
0.00137368
-0.001865
0.00140425
-0.00201955
0.00143676
-0.00217777
0.00147122
-0.00233986
0.00150743
0.00154555
-0.00250593
-2.00256e-05
0.000231191
-7.1895e-05
0.000584686
-0.000148759
0.000849906
-0.000244131
0.00103723
-0.00035245
0.00116228
-0.000469416
0.00124238
-0.000592053
0.0012935
-0.000718541
0.00132822
-0.000847929
0.00135521
-0.000979831
0.00137963
-0.00111418
0.00140418
-0.00125107
0.00143007
-0.00139065
0.00145777
-0.00153311
0.00148746
-0.00167862
0.0015192
-0.00182739
0.00155301
-0.00197959
0.00158897
-0.00213543
0.00162706
-0.00229509
0.00166709
0.00170913
-0.00245867
-1.88667e-05
0.000250058
-6.8214e-05
0.000634033
-0.000141912
0.000923605
-0.000233971
0.00112929
-0.000339098
0.0012674
-0.00045309
0.00135637
-0.000572962
0.00141337
-0.000696838
0.0014521
-0.000823706
0.00148207
-0.00095313
0.00150905
-0.00108502
0.00153606
-0.00121944
0.00156449
-0.00135654
0.00159488
-0.0014965
0.00162742
-0.0016395
0.00166219
-0.00178572
0.00169923
-0.00193534
0.00173859
-0.00208856
0.00178028
-0.00224554
0.00182407
0.00186995
-0.00240636
-1.76079e-05
0.000267666
-6.42012e-05
0.000680626
-0.000134428
0.000993831
-0.00022284
0.0012177
-0.000324446
0.00136901
-0.000435159
0.00146709
-0.000551985
0.0015302
-0.00067299
0.0015731
-0.000797091
0.00160618
-0.000923802
0.00163576
-0.00105299
0.00166525
-0.00118472
0.00169621
-0.00131911
0.00172927
-0.00145634
0.00176465
-0.00159659
0.00180244
-0.00174003
0.00184267
-0.00188683
0.00188539
-0.00203718
0.00193063
-0.00219124
0.00197813
0.00202778
-0.00234907
-1.6254e-05
0.00028392
-5.9867e-05
0.000724239
-0.000126319
0.00106028
-0.000210749
0.00130214
-0.000308505
0.00146677
-0.000415627
0.00157421
-0.000529124
0.00164369
-0.000646995
0.00169097
-0.000768086
0.00172727
-0.000891848
0.00175953
-0.00101811
0.00179152
-0.00114691
0.00182501
-0.00127837
0.00186073
-0.00141264
0.00189893
-0.00154991
0.00193971
-0.00169033
0.00198309
-0.00183409
0.00202915
-0.00198134
0.00207789
-0.00213226
0.00212905
0.00218237
-0.00228685
-1.48101e-05
0.00029873
-5.52233e-05
0.000764653
-0.0001176
0.00112266
-0.000197715
0.00138225
-0.000291284
0.00156034
-0.000394502
0.00167743
-0.00050438
0.00175357
-0.000618856
0.00180545
-0.000736692
0.0018451
-0.000857272
0.00188011
-0.000980382
0.00191463
-0.00110603
0.00195065
-0.00123432
0.00198902
-0.00136541
0.00203002
-0.00149947
0.00207376
-0.00163666
0.00212028
-0.00177715
0.00216963
-0.0019211
0.00222183
-0.00206865
0.0022766
0.00233351
-0.00221979
-1.32821e-05
0.000312012
-5.02841e-05
0.000801655
-0.00010829
0.00118067
-0.000183753
0.00145771
-0.000272798
0.00164938
-0.00037179
0.00177642
-0.000477759
0.00185954
-0.000588575
0.00191627
-0.000702911
0.00195944
-0.000820078
0.00199727
-0.000939809
0.00203436
-0.00106208
0.00207293
-0.00118699
0.00211393
-0.00131468
0.00215771
-0.00144531
0.0022044
-0.00157904
0.00225402
-0.00171605
0.00230664
-0.00185649
0.00236227
-0.00200049
0.0024206
0.002481
-0.00214798
-1.16766e-05
0.000323689
-4.5065e-05
0.000835043
-9.84104e-05
0.00123401
-0.000168887
0.00152819
-0.000253063
0.00173356
-0.000347505
0.00187086
-0.000449267
0.0019613
-0.000556154
0.00202315
-0.000666746
0.00207003
-0.000780269
0.0021108
-0.000896398
0.00215049
-0.00101508
0.0021916
-0.00113638
0.00223523
-0.00126044
0.00228178
-0.00138743
0.00233138
-0.00151749
0.00238408
-0.00165079
0.00243994
-0.00178754
0.00249902
-0.00192786
0.00256092
0.0026247
-0.00207155
-1.00008e-05
0.000333689
-3.95843e-05
0.000864626
-8.79859e-05
0.00128241
-0.000153141
0.00159335
-0.000232102
0.00181252
-0.00032166
0.00196042
-0.000418913
0.00205855
-0.0005216
0.00212584
-0.000628202
0.00217663
-0.000737853
0.00222045
-0.000850162
0.0022628
-0.00096503
0.00230647
-0.00108251
0.00235271
-0.00120274
0.00240201
-0.00132587
0.0024545
-0.00145203
0.00251024
-0.0015814
0.00256931
-0.00171424
0.00263186
-0.0018508
0.00269748
0.00276459
-0.00199069
-8.26266e-06
0.000341952
-3.38625e-05
0.000890226
-7.70459e-05
0.0013256
-0.000136547
0.00165285
-0.00020994
0.00188591
-0.000294276
0.00204475
-0.00038671
0.00215099
-0.000484921
0.00222405
-0.000587287
0.002279
-0.000692839
0.002326
-0.00080111
0.00237107
-0.000911954
0.00241732
-0.0010254
0.00246616
-0.00114156
0.00251817
-0.00126059
0.00257353
-0.00138263
0.00263228
-0.00150779
0.00269447
-0.00163645
0.00276052
-0.00176935
0.00283039
0.00290107
-0.00190583
-6.47111e-06
0.000348423
-2.79233e-05
0.000911679
-6.56245e-05
0.0013633
-0.000119142
0.00170636
-0.000186612
0.00195338
-0.000265378
0.00212352
-0.000352676
0.00223828
-0.000446131
0.00231751
-0.000544011
0.00237688
-0.000645238
0.00242723
-0.000749259
0.00247509
-0.000855871
0.00252393
-0.000965071
0.00257536
-0.00107696
0.00263006
-0.00119169
0.00268826
-0.00130943
0.00275002
-0.0014302
0.00281524
-0.00155401
0.00288433
-0.00168246
0.00295883
0.00303575
-0.00181715
-4.636e-06
0.000353059
-2.17937e-05
0.000928836
-5.37611e-05
0.00139526
-0.000100969
0.00175357
-0.000162157
0.00201457
-0.000235
0.00219636
-0.000316835
0.00232012
-0.000405248
0.00240592
-0.000498392
0.00247002
-0.00059507
0.0025239
-0.000694632
0.00257465
-0.000796812
0.00262611
-0.000901566
0.00268011
-0.00100896
0.00273745
-0.00111913
0.00279843
-0.00123227
0.00286315
-0.00134847
0.00293144
-0.00146712
0.00300299
-0.00158788
0.00307959
0.00317439
-0.00172651
-2.77904e-06
0.000355838
-1.55133e-05
0.00094157
-4.151e-05
0.00142126
-8.2091e-05
0.00179415
-0.000136637
0.00206911
-0.000203194
0.00226292
-0.000279233
0.00239616
-0.000362309
0.00248899
-0.000450463
0.00255818
-0.000542369
0.00261581
-0.000637268
0.00266955
-0.000734816
0.00272366
-0.000834918
0.00278022
-0.000937603
0.00284014
-0.00104295
0.00290378
-0.00115112
0.00297131
-0.00126244
0.00304277
-0.00137799
0.00311854
-0.00150005
0.00320164
0.00329681
-0.00162248
-9.74795e-07
0.000356813
-9.10022e-06
0.000949696
-2.89024e-05
0.00144106
-6.25483e-05
0.0018278
-0.000110087
0.00211665
-0.000169984
0.00232282
-0.000239882
0.00246606
-0.000317319
0.00256643
-0.000400227
0.00264109
-0.00048714
0.00270272
-0.00057718
0.00275959
-0.000669913
0.00281639
-0.000765189
0.00287549
-0.00086301
0.00293796
-0.000963465
0.00300424
-0.00106677
0.00307462
-0.00117345
0.00314945
-0.00128452
0.00322961
-0.00140055
0.00331767
0.00341724
-0.00152098
9.68103e-07
0.000355845
-2.54835e-06
0.000953212
-1.59979e-05
0.00145451
-4.24251e-05
0.00185423
-8.25875e-05
0.00215682
-0.000135444
0.00237567
-0.000198846
0.00252946
-0.000270332
0.00263792
-0.00034773
0.00271848
-0.000429431
0.00278442
-0.000514424
0.00284458
-0.000602181
0.00290414
-0.000692494
0.00296581
-0.000785353
0.00303082
-0.00088088
0.00309977
-0.000979363
0.0031731
-0.00108137
0.00325145
-0.00118767
0.00333592
-0.00129825
0.00342825
0.00352935
-0.00141036
2.9468e-06
0.000352898
4.06878e-06
0.00095209
-2.71782e-06
0.0014613
-2.18169e-05
0.00187332
-5.41956e-05
0.00218919
-9.96479e-05
0.00242113
-0.00015619
0.002586
-0.000221399
0.00270313
-0.000293014
0.0027901
-0.00036928
0.00286069
-0.000449045
0.00292435
-0.000531672
0.00298677
-0.000616894
0.00305103
-0.000704683
0.00311861
-0.00079518
0.00319026
-0.000888687
0.00326661
-0.00098567
0.00334844
-0.00108652
0.00343677
-0.0011907
0.00353243
0.00363475
-0.0012961
4.7811e-06
0.000348117
1.06038e-05
0.000946268
1.05012e-05
0.0014614
-2.36878e-07
0.00188406
-2.49714e-05
0.00221393
-6.26838e-05
0.00245884
-0.000111983
0.0026353
-0.000170578
0.00276172
-0.000236128
0.00285565
-0.000306729
0.00293129
-0.00038108
0.0029987
-0.000458424
0.00306412
-0.000538422
0.00313103
-0.000621011
0.00320119
-0.000706322
0.00327557
-0.000794623
0.00335491
-0.000886232
0.00344005
-0.000981259
0.00353179
-0.00107905
0.00363022
0.00373386
-0.00117816
6.55579e-06
0.000341561
1.70531e-05
0.00093577
2.36567e-05
0.0014548
2.04981e-05
0.00188722
4.78896e-06
0.00222964
-2.47007e-05
0.00248833
-6.63565e-05
0.00267696
-0.000117961
0.00281333
-0.000177134
0.00291482
-0.000241827
0.00299599
-0.00031057
0.00306744
-0.000382474
0.00313602
-0.000457108
0.00320566
-0.000534357
0.00327844
-0.000614316
0.00335553
-0.000697186
0.00343778
-0.00078315
0.00352601
-0.000872144
0.00362079
-0.000963588
0.00372167
0.00382685
-0.00105658
8.2799e-06
0.000333281
2.34147e-05
0.000920635
3.68579e-05
0.00144136
4.19761e-05
0.0018821
3.47949e-05
0.00223682
1.41138e-05
0.00250901
-1.94157e-05
0.00271049
-6.3648e-05
0.00285756
-0.00011611
0.00296728
-0.00017463
0.00305451
-0.000237563
0.00313037
-0.000303865
0.00320232
-0.000372993
0.00327479
-0.000444761
0.00335021
-0.000519203
0.00342997
-0.000596445
0.00351502
-0.000676557
0.00360612
-0.000759388
0.00370362
-0.000844472
0.00380675
0.00391369
-0.000931315
9.95605e-06
0.000323325
2.96384e-05
0.000900953
4.99337e-05
0.00142106
6.34287e-05
0.00186861
6.53262e-05
0.00223492
5.36117e-05
0.00252072
2.86556e-05
0.00273544
-7.73557e-06
0.00289395
-5.31445e-05
0.00301269
-0.000105212
0.00310657
-0.000162116
0.00318728
-0.000222647
0.00326285
-0.000286126
0.00333827
-0.000352272
0.00341636
-0.000421044
0.00349875
-0.000492489
0.00358647
-0.000566598
0.00368023
-0.000643187
0.00378021
-0.00072191
0.00388547
0.00399431
-0.00080253
1.15403e-05
0.000311785
3.56369e-05
0.000876856
6.27365e-05
0.00139396
8.47208e-05
0.00184662
9.59672e-05
0.00222367
9.37058e-05
0.00252299
7.77241e-05
0.00275142
4.95728e-05
0.0029221
1.16352e-05
0.00305063
-3.36627e-05
0.00315187
-8.43001e-05
0.00323792
-0.000138882
0.00331743
-0.000196564
0.00339595
-0.000256953
0.00347675
-0.000319918
0.00356171
-0.000385431
0.00365198
-0.000453426
0.00374823
-0.000523723
0.00385051
-0.00059608
0.00395783
0.00406864
-0.000670411
1.30077e-05
0.000298777
4.13327e-05
0.000848531
7.51241e-05
0.00136017
0.000105655
0.00181609
0.000126494
0.00220284
0.000134079
0.0025154
0.000127572
0.00275793
0.000108152
0.00294152
7.80897e-05
0.00308069
3.99001e-05
0.00319006
-4.22682e-06
0.00328204
-5.26519e-05
0.00336586
-0.000104382
0.00344768
-0.000158886
0.00353125
-0.00021592
0.00361875
-0.000275397
0.00371146
-0.000337205
0.00381003
-0.000401178
0.00391448
-0.000467152
0.0040238
0.0041366
-0.000535107
1.4338e-05
0.000284439
4.66516e-05
0.000816218
8.69484e-05
0.00131987
0.000126007
0.00177704
0.000156635
0.00217221
0.000174446
0.00249759
0.000177903
0.00275448
0.000167732
0.00295169
0.000146023
0.0031024
0.000115337
0.00322075
7.8044e-05
0.00331934
3.5962e-05
0.00340794
-9.68544e-06
0.00349333
-5.81729e-05
0.00357974
-0.000109147
0.00366972
-0.000162524
0.00376483
-0.000218072
0.00386558
-0.000275702
0.00397211
-0.000335303
0.00408341
0.00419809
-0.000396796
1.55123e-05
0.000268927
5.15192e-05
0.000780211
9.80541e-05
0.00127334
0.000145536
0.00172955
0.000186082
0.00213166
0.000214466
0.00246921
0.000228381
0.00274056
0.000228011
0.00295206
0.000215181
0.00311523
0.000192439
0.00324349
0.000162305
0.00334947
0.000126837
0.00344341
8.74751e-05
0.00353269
4.50797e-05
0.00362213
1.10527e-07
0.00371469
-4.69745e-05
0.00381192
-9.6196e-05
0.0039148
-0.000147456
0.00402337
-0.000200744
0.00413669
0.00425308
-0.000255738
1.65129e-05
0.000252414
5.58616e-05
0.000740862
0.00010828
0.00122092
0.000163984
0.00167385
0.000214491
0.00208116
0.000253744
0.00242995
0.000278608
0.0027157
0.000288621
0.00294205
0.00028525
0.0031186
0.000270958
0.00325778
0.000248385
0.00337204
0.000219812
0.00347198
0.000186929
0.00356557
0.000150835
0.00365823
0.000112187
0.00375334
7.12575e-05
0.00385285
2.83308e-05
0.00395773
-1.64493e-05
0.00406815
-6.32465e-05
0.00418349
0.00430237
-0.000112529
1.7324e-05
0.00023509
5.96082e-05
0.000698578
0.000117463
0.00116306
0.000181076
0.00161024
0.000241482
0.00202075
0.000291833
0.0023796
0.00032811
0.00267942
0.000349114
0.00292104
0.00035584
0.00311187
0.000350576
0.00326305
0.000336031
0.00338659
0.000314699
0.00349331
0.000288527
0.00359174
0.000258852
0.0036879
0.000226491
0.0037857
0.00019191
0.00388743
0.000155363
0.00399428
0.000116934
0.00410658
7.64036e-05
0.00422402
0.00434606
3.27104e-05
1.79321e-05
0.000217158
6.26934e-05
0.000653817
0.000125443
0.00110031
0.000196526
0.00153915
0.000266647
0.00195063
0.000328226
0.00231802
0.000376341
0.0026313
0.000408953
0.00288843
0.000426467
0.00309436
0.000430888
0.00325862
0.000424921
0.00339255
0.000411244
0.00350699
0.00039207
0.00361092
0.000368999
0.00371097
0.000343071
0.00381163
0.000314898
0.0039156
0.000284818
0.00402436
0.000252993
0.0041384
0.000219484
0.00425753
0.00438098
0.000184567
1.83274e-05
0.000198831
6.50603e-05
0.000607084
0.000132069
0.00103331
0.000210049
0.00146117
0.000289551
0.00187113
0.000362366
0.00224521
0.000422669
0.002571
0.0004675
0.0028436
0.000496541
0.00306532
0.000511388
0.00324378
0.000514648
0.00338929
0.000509132
0.00351251
0.000497313
0.00362274
0.000481081
0.0037272
0.00046173
0.00383098
0.000440062
0.00393727
0.000416546
0.00404787
0.000391424
0.00416353
0.000364794
0.00428416
0.00440912
0.000336654
1.8504e-05
0.000180326
6.66636e-05
0.000558924
0.000137204
0.000962766
0.000221367
0.00137701
0.000309748
0.00178275
0.000393651
0.0021613
0.000466386
0.00249827
0.000524007
0.00278598
0.000565348
0.00302398
0.000591448
0.00321768
0.000604693
0.00337605
0.000607952
0.00350925
0.000603936
0.00362675
0.000594836
0.0037363
0.000582229
0.00384358
0.000567144
0.00395235
0.000550191
0.00406483
0.000531685
0.00418203
0.000511725
0.00430412
0.00443054
0.000490306
1.84609e-05
0.000161866
6.7473e-05
0.000509912
0.000140735
0.000889503
0.000230224
0.00128752
0.000326796
0.00168617
0.00042145
0.00206665
0.00050671
0.00241301
0.000577619
0.00271507
0.00063204
0.00296956
0.000670294
0.00317942
0.000694399
0.00335194
0.000707179
0.00349647
0.000711529
0.0036224
0.00070994
0.00373789
0.000704299
0.00384922
0.000695894
0.00396076
0.000685518
0.0040752
0.000673592
0.00419396
0.000660272
0.00431744
0.00444521
0.000645593
1.82023e-05
0.000143663
6.74761e-05
0.000460639
0.000142584
0.000814395
0.000236403
0.0011937
0.000340279
0.0015823
0.000445119
0.00196181
0.000542804
0.00231532
0.000627373
0.0026305
0.00069562
0.00290131
0.000746989
0.00312805
0.00078295
0.00331598
0.000806145
0.00347327
0.000819572
0.00360898
0.000825996
0.00373147
0.000827636
0.00384758
0.00082608
0.00396231
0.000822351
0.00407893
0.000817026
0.00419928
0.000810351
0.00432411
0.00445317
0.000802391
1.77381e-05
0.000125925
6.66811e-05
0.000411696
0.000142709
0.000738368
0.000239739
0.00109667
0.000349827
0.00147221
0.000464038
0.0018476
0.000573796
0.00220556
0.000672211
0.00253208
0.000754947
0.00281858
0.000820411
0.00306259
0.000869336
0.00326706
0.000904003
0.00343861
0.000927394
0.00358558
0.000942498
0.00371637
0.000951864
0.00383822
0.000957421
0.00395676
0.000960476
0.00407588
0.00096181
0.00419795
0.000961797
0.00432413
0.00445442
0.000960555
1.70817e-05
0.000108844
6.51138e-05
0.000363664
0.000141109
0.000662373
0.000240127
0.000997652
0.000355137
0.0013572
0.000477627
0.00172511
0.000598808
0.00208438
0.000710998
0.00241989
0.000808727
0.00272085
0.000889235
0.00298208
0.000952311
0.00320398
0.000999671
0.00339125
0.00103412
0.00355114
0.00105877
0.00369172
0.00107648
0.00382051
0.00108954
0.0039437
0.0010996
0.00406582
0.0011077
0.00418985
0.00111439
0.00431743
0.00444892
0.00111989
1.62569e-05
9.25866e-05
6.28334e-05
0.000317087
0.000137851
0.000587356
0.000237569
0.000897934
0.00035604
0.00123873
0.000485439
0.00159571
0.000617051
0.00195277
0.000742617
0.00229433
0.0008556
0.00260786
0.000951986
0.0028857
0.00103043
0.00312553
0.00109185
0.00332983
0.00113866
0.00350433
0.00117396
0.00365642
0.00120084
0.00379363
0.00122198
0.00392256
0.00123938
0.00404841
0.00125443
0.0041748
0.00126793
0.00430394
0.00443662
0.00128022
1.52867e-05
7.72999e-05
5.99079e-05
0.000272466
0.000133034
0.00051423
0.000232132
0.000798835
0.000352461
0.0011184
0.00048713
0.00146104
0.00062781
0.00181209
0.000765946
0.00215619
0.000894095
0.00247971
0.00100698
0.00277281
0.00110196
0.00303055
0.00117891
0.00325288
0.0012396
0.00344364
0.00128691
0.00360911
0.00132407
0.00375647
0.00135407
0.00389256
0.00137934
0.00402314
0.00140165
0.00415249
0.00142211
0.00428348
0.00441745
0.00144128
1.41995e-05
6.31004e-05
5.6428e-05
0.000230237
0.000126812
0.000443846
0.000223988
0.00070166
0.000344484
0.000997905
0.000482549
0.00132298
0.000630556
0.00166408
0.000779996
0.00200675
0.000922771
0.00233694
0.00105243
0.00264316
0.00116494
0.00291804
0.0012589
0.00315892
0.00133516
0.00336738
0.00139613
0.00354814
0.00144497
0.00370762
0.00148493
0.00385261
0.00151883
0.00398923
0.00154888
0.00412244
0.00157657
0.00425578
0.00439127
0.00160276
1.3026e-05
5.00744e-05
5.24988e-05
0.000190764
0.000119384
0.000376961
0.000213398
0.000607645
0.000332349
0.000878954
0.000471762
0.00118356
0.000625005
0.00151084
0.000783985
0.00184777
0.000940295
0.00218063
0.00108651
0.00249695
0.00121721
0.00278734
0.00132955
0.00304658
0.00142317
0.00327376
0.0014997
0.00347162
0.00156198
0.00364534
0.00161334
0.00380125
0.00165695
0.00394562
0.00169546
0.00408393
0.00173083
0.0042204
0.00435784
0.00176426
1.17977e-05
3.82768e-05
4.82348e-05
0.000154327
0.00011098
0.000314215
0.000200709
0.000517916
0.000316447
0.000763217
0.000455069
0.00104494
0.000611169
0.00135474
0.000777438
0.0016815
0.000945572
0.0020125
0.00110749
0.00233503
0.00125654
0.00263829
0.00138834
0.00291478
0.00150107
0.00316103
0.00159523
0.00337745
0.00167304
0.00356753
0.00173765
0.00373664
0.00179244
0.00389084
0.00184048
0.0040359
0.00188422
0.00417665
0.00431676
0.00192531
1.05458e-05
2.7731e-05
4.3755e-05
0.000121118
0.000101855
0.000256116
0.000186329
0.000433442
0.000297308
0.000652237
0.000433008
0.000909242
0.000589395
0.00119835
0.000760274
0.00151063
0.000937878
0.00183489
0.00111391
0.002159
0.00128075
0.00247144
0.00143257
0.00276297
0.0015659
0.0030277
0.00167982
0.00326353
0.00177552
0.00347183
0.00185565
0.0036565
0.00192357
0.00382292
0.00198263
0.00397683
0.00203581
0.00412348
0.00426735
0.00208521
9.29954e-06
1.84315e-05
3.91764e-05
9.12412e-05
9.22704e-05
0.000203022
0.000170708
0.000355005
0.000275571
0.000547375
0.000406326
0.000778486
0.000560372
0.00104431
0.000732864
0.00133813
0.000916992
0.00165076
0.00110473
0.00197126
0.00128794
0.00228823
0.00145955
0.00259136
0.00161446
0.00287278
0.00175006
0.00312793
0.00186615
0.00335574
0.00196445
0.0035582
0.00204794
0.00373944
0.00212008
0.0039047
0.00218422
0.00405933
0.00420858
0.002243
8.08522e-06
1.03462e-05
3.46089e-05
6.47175e-05
8.24847e-05
0.000155146
0.000154312
0.000283177
0.000251942
0.000449746
0.000375944
0.000654483
0.000525102
0.000895149
0.000696057
0.00116718
0.00088329
0.00146353
0.00107955
0.001775
0.0012767
0.00209107
0.00146687
0.00240119
0.00164351
0.00269615
0.00180221
0.00296923
0.00194104
0.00321691
0.00206038
0.00343886
0.00216238
0.00363744
0.00225023
0.00381685
0.00232749
0.00398207
0.00413883
0.00239723
6.92494e-06
3.42129e-06
3.01497e-05
4.14927e-05
7.27359e-05
0.00011256
0.000137594
0.000218318
0.00022715
0.00036019
0.000342887
0.000538747
0.000484839
0.000753196
0.000651143
0.00100088
0.000837788
0.00127689
0.00103873
0.00157406
0.00124641
0.00188339
0.00145273
0.00219488
0.00165006
0.00249881
0.00183236
0.00278693
0.00199581
0.00305347
0.002139
0.00329566
0.00226277
0.00351366
0.00236957
0.00371006
0.00246278
0.00388886
0.00405582
0.00254579
5.8358e-06
-2.41452e-06
2.58795e-05
2.14491e-05
6.32315e-05
7.52077e-05
0.000120968
0.000160582
0.000201901
0.000279257
0.000308211
0.000432437
0.000440989
0.000620418
0.000599762
0.000842103
0.000782098
0.00109455
0.000983458
0.0013727
0.00119741
0.00166944
0.00141622
0.00197607
0.00163184
0.00228319
0.00183694
0.00258183
0.00202586
0.00286454
0.00219522
0.0031263
0.00234405
0.00336484
0.00247346
0.00358065
0.00258618
0.00377614
0.00395642
0.00268558
4.82917e-06
-7.24369e-06
2.18585e-05
4.41974e-06
5.41385e-05
4.29277e-05
0.000104787
0.000109934
0.000176831
0.000207213
0.000272932
0.000336336
0.000395006
0.000498343
0.000543774
0.000693334
0.000718314
0.00092001
0.000915731
0.00117528
0.00113109
0.00145408
0.00135767
0.00174948
0.00158768
0.00205318
0.00181313
0.00235638
0.00202692
0.00265075
0.00222368
0.00292954
0.00240033
0.0031882
0.00255611
0.00342486
0.00269244
0.00363981
0.00383662
0.00281224
3.91067e-06
-1.11544e-05
1.81259e-05
-9.79551e-06
4.5578e-05
1.54756e-05
8.93273e-05
6.61842e-05
0.000152472
0.000144068
0.000237956
0.000250852
0.000348275
0.000388024
0.000485098
0.000556512
0.000648822
0.000756286
0.000838163
0.000985942
0.00104988
0.00124237
0.00127875
0.00152061
0.00151791
0.00181403
0.00175951
0.00211478
0.00199565
0.00241462
0.00221934
0.00270584
0.00242539
0.00298216
0.00261079
0.00323946
0.00277497
0.00347564
0.00369171
0.00291987
3.08063e-06
-1.4235e-05
1.47002e-05
-2.14151e-05
3.76252e-05
-7.44945e-06
7.47863e-05
2.90231e-05
0.000129237
8.96174e-05
0.000204034
0.000176056
0.000302027
0.000290031
0.000425558
0.00043298
0.000576085
0.00060576
0.000753752
0.000808275
0.000957015
0.0010391
0.0011824
0.00129522
0.00142454
0.00157189
0.00167648
0.00186284
0.00193037
0.00216073
0.00217833
0.00245787
0.00241342
0.00274707
0.00263036
0.00302252
0.00282606
0.00327994
0.00351669
0.00300108
2.33501e-06
-1.657e-05
1.15826e-05
-3.06626e-05
3.03149e-05
-2.61818e-05
6.12842e-05
-1.94616e-06
0.000107416
4.34856e-05
0.000171743
0.000111729
0.000257271
0.000204503
0.000366762
0.000323488
0.000502436
0.000470087
0.000665589
0.000645121
0.000856203
0.000848491
0.00107258
0.00107884
0.00131115
0.00133332
0.00156649
0.0016075
0.00183166
0.00189556
0.00209882
0.00219071
0.00236007
0.00248582
0.00260826
0.00277433
0.00283771
0.00305049
0.00330722
0.00304718
1.66705e-06
-1.8237e-05
8.76217e-06
-3.77577e-05
2.36508e-05
-4.10704e-05
4.88787e-05
-2.71741e-05
8.71875e-05
5.17682e-06
0.000141487
5.74289e-05
0.000214782
0.000131209
0.000310029
0.000228241
0.000429923
0.000350193
0.000576594
0.00049845
0.000751252
0.000673832
0.000953809
0.000876284
0.00118254
0.00110458
0.00143391
0.00135613
0.00170258
0.00162689
0.00198171
0.00191158
0.0022635
0.00220403
0.00253984
0.00249799
0.00280288
0.00278745
0.00306037
0.00304973
1.06919e-06
-1.93062e-05
6.22222e-06
-4.29108e-05
1.7618e-05
-5.24662e-05
3.75853e-05
-4.71413e-05
6.86486e-05
-2.58865e-05
0.000113529
1.25481e-05
0.000175113
6.96246e-05
0.000256372
0.000146982
0.000360224
0.000246342
0.000489315
0.000369358
0.000645743
0.000517404
0.000830708
0.000691319
0.00104416
0.000891128
0.00128451
0.00111578
0.00154841
0.00136299
0.0018308
0.00162919
0.00212508
0.00190975
0.00242351
0.00219957
0.00271717
0.00249378
0.00277643
0.00300112
5.34675e-07
-1.98409e-05
3.94571e-06
-4.63218e-05
1.21953e-05
-6.07157e-05
2.73957e-05
-6.23418e-05
5.18414e-05
-5.03322e-05
8.8025e-05
-2.36355e-05
0.000138635
1.90141e-05
0.000206525
7.90925e-05
0.000294631
0.000158236
0.000405839
0.00025815
0.000542786
0.000380458
0.000707585
0.00052652
0.000901525
0.000697189
0.00112474
0.000892567
0.00137596
0.00111178
0.00165232
0.00135283
0.00194939
0.00161267
0.00226131
0.00188765
0.00258038
0.00217471
0.00245551
0.0029013
5.93354e-08
-1.99002e-05
1.91923e-06
-4.81817e-05
7.36306e-06
-6.61596e-05
1.82947e-05
-7.32734e-05
3.67782e-05
-6.88157e-05
6.50595e-05
-5.19169e-05
0.000105583
-2.15096e-05
0.000160991
2.36852e-05
0.000234088
8.51389e-05
0.000327775
0.000164463
0.000444916
0.000263317
0.000588161
0.000383275
0.000759708
0.000525641
0.000961039
0.000691235
0.00119267
0.00088015
0.00145397
0.00109152
0.00174322
0.00132343
0.00205792
0.00157294
0.00239452
0.00183812
0.00209463
0.0027554
-3.60034e-07
-1.95402e-05
1.39415e-07
-4.86811e-05
3.10853e-06
-6.91287e-05
1.02677e-05
-8.04326e-05
2.34572e-05
-8.20052e-05
4.46736e-05
-7.31333e-05
7.60943e-05
-5.29303e-05
0.000120095
-2.03152e-05
0.000179248
2.59857e-05
0.000256296
8.74145e-05
0.000354087
0.000165527
0.000475458
0.000261903
0.000623083
0.000378016
0.000799277
0.000515042
0.0010058
0.000673624
0.00124378
0.00085355
0.00151387
0.00105333
0.00181758
0.00126924
0.00216385
0.00149184
0.00165831
0.00260017
-7.23441e-07
-1.88168e-05
-1.40692e-06
-4.79977e-05
-5.77045e-07
-6.99585e-05
3.30161e-06
-8.43112e-05
1.18667e-05
-9.05703e-05
2.68745e-05
-8.81411e-05
5.02315e-05
-7.62873e-05
8.40218e-05
-5.41056e-05
0.000130525
-2.05171e-05
0.000192214
2.57247e-05
0.000271735
8.60067e-05
0.000371836
0.000161802
0.000495273
0.000254579
0.000644647
0.000365668
0.000822216
0.000496055
0.00102966
0.000646105
0.00126781
0.000815179
0.00153582
0.00100124
0.00182738
0.00120028
0.00138295
0.00210275
-1.03057e-06
-1.77862e-05
-2.71339e-06
-4.63148e-05
-3.70551e-06
-6.89664e-05
-2.6232e-06
-8.53935e-05
1.97876e-06
-9.51723e-05
1.1633e-05
-9.77954e-05
2.79873e-05
-9.26415e-05
5.28326e-05
-7.89509e-05
8.81306e-05
-5.58151e-05
0.000136028
-2.21731e-05
0.000198856
2.31788e-05
0.000279097
8.15615e-05
0.000379313
0.000154363
0.000502024
0.000242957
0.000649502
0.000348577
0.000823464
0.000472144
0.00102461
0.000614037
0.00125216
0.000773686
0.00150459
0.000947848
0.00111567
0.00177186
-1.28087e-06
-1.65053e-05
-3.78578e-06
-4.38099e-05
-6.28549e-06
-6.64667e-05
-7.53578e-06
-8.41432e-05
-6.25882e-06
-9.64493e-05
-1.12356e-06
-0.000102931
9.27835e-06
-0.000103043
2.64629e-05
-9.61355e-05
5.20801e-05
-8.14323e-05
8.79368e-05
-5.80299e-05
0.000136008
-2.48926e-05
0.000198428
1.91416e-05
0.000277448
7.53432e-05
0.000375351
0.000145054
0.000494306
0.000229621
0.000636158
0.000330292
0.000802208
0.000447987
0.000993274
0.000582619
0.00121031
0.000730816
0.000874593
0.00145139
-1.47545e-06
-1.50299e-05
-4.63265e-06
-4.06527e-05
-8.34407e-06
-6.27553e-05
-1.14879e-05
-8.09994e-05
-1.29335e-05
-9.50037e-05
-1.15262e-05
-0.000104338
-6.06676e-06
-0.000108503
4.71397e-06
-0.000106916
2.21821e-05
-9.89004e-05
4.78259e-05
-8.36737e-05
8.32747e-05
-6.03413e-05
0.000130305
-2.78889e-05
0.000190829
1.48198e-05
0.00026685
6.9032e-05
0.000360399
0.000136073
0.000473436
0.000217255
0.000607832
0.000313591
0.000765552
0.000424899
0.000949136
0.000547232
0.000661923
0.00116181
-1.61744e-06
-1.34124e-05
-5.26975e-06
-3.70004e-05
-9.92137e-06
-5.81037e-05
-1.45577e-05
-7.63631e-05
-1.81743e-05
-9.1387e-05
-1.97666e-05
-0.000102746
-1.83125e-05
-0.000109957
-1.27514e-05
-0.000112477
-1.95944e-06
-0.000109692
1.52761e-05
-0.000100909
4.02806e-05
-8.53459e-05
7.45114e-05
-6.21196e-05
0.000119568
-3.02367e-05
0.000177192
1.14085e-05
0.000249264
6.40003e-05
0.000337824
0.000128696
0.000445165
0.00020625
0.000574106
0.000295959
0.000728461
0.000392876
0.000477591
0.000912792
-1.71236e-06
-1.17001e-05
-5.72081e-06
-3.2992e-05
-1.10739e-05
-5.27506e-05
-1.68504e-05
-7.05866e-05
-2.21528e-05
-8.60846e-05
-2.61e-05
-9.87984e-05
-2.7814e-05
-0.000108243
-2.64019e-05
-0.000113889
-2.09337e-05
-0.000115161
-1.04167e-05
-0.000111426
6.232e-06
-0.000101995
3.02147e-05
-8.61023e-05
6.28818e-05
-6.29038e-05
0.00010577
-3.14798e-05
0.000160646
9.12427e-06
0.000229608
5.97339e-05
0.000315242
0.000120616
0.000420858
0.000190342
0.000550655
0.00026308
0.000320208
0.000708039
-1.76794e-06
-9.93215e-06
-6.01684e-06
-2.8743e-05
-1.18726e-05
-4.68949e-05
-1.84953e-05
-6.39639e-05
-2.50766e-05
-7.95033e-05
-3.08345e-05
-9.30405e-05
-3.50037e-05
-0.000104074
-3.68194e-05
-0.000112074
-3.5497e-05
-0.000116483
-3.02061e-05
-0.000116717
-2.00402e-05
-0.00011216
-3.98041e-06
-0.000102162
1.91519e-05
-8.60362e-05
5.07488e-05
-6.30766e-05
9.25035e-05
-3.26304e-05
0.000146525
5.71207e-06
0.0002155
5.16411e-05
0.000302777
0.000103065
0.000412089
0.000153768
0.000187407
0.00054489
-1.79359e-06
-8.13856e-06
-6.19409e-06
-2.43425e-05
-1.23986e-05
-4.06904e-05
-1.9638e-05
-5.67244e-05
-2.71776e-05
-7.19638e-05
-3.43139e-05
-8.59042e-05
-4.03667e-05
-9.80211e-05
-4.46648e-05
-0.000107775
-4.65266e-05
-0.000114621
-4.52335e-05
-0.00011801
-3.99974e-05
-0.000117397
-2.99191e-05
-0.000112241
-1.3936e-05
-0.000102019
9.24813e-06
-8.62607e-05
4.12503e-05
-6.46326e-05
8.4117e-05
-3.71547e-05
0.000140408
-4.65028e-06
0.000213117
3.03562e-05
0.000305038
6.18464e-05
7.65326e-05
0.000415913
-1.79956e-06
-6.339e-06
-6.29109e-06
-1.9851e-05
-1.2737e-05
-3.42446e-05
-2.04299e-05
-4.90315e-05
-2.86959e-05
-6.36977e-05
-3.68934e-05
-7.77067e-05
-4.44059e-05
-9.05086e-05
-5.06292e-05
-0.000101552
-5.49521e-05
-0.000110298
-5.67306e-05
-0.000116232
-5.52538e-05
-0.000118873
-4.9702e-05
-0.000117792
-3.90931e-05
-0.000112628
-2.2217e-05
-0.000103137
2.43888e-06
-8.92885e-05
3.67567e-05
-7.14725e-05
8.29911e-05
-5.08847e-05
0.000143539
-3.01915e-05
0.000220179
-1.47933e-05
-1.48893e-05
0.000311601
-1.79588e-06
-4.54312e-06
-6.3452e-06
-1.53017e-05
-1.29695e-05
-2.76202e-05
-2.10156e-05
-4.09854e-05
-2.98605e-05
-5.48527e-05
-3.8912e-05
-6.86552e-05
-4.76022e-05
-8.18184e-05
-5.53756e-05
-9.37788e-05
-6.1671e-05
-0.000104003
-6.58962e-05
-0.000112007
-6.73957e-05
-0.000117374
-6.54113e-05
-0.000119777
-5.90347e-05
-0.000119005
-4.71551e-05
-0.000115016
-2.84098e-05
-0.000108034
-1.16197e-06
-9.87203e-05
3.6423e-05
-8.84697e-05
8.60785e-05
-7.98471e-05
0.000148732
-7.74464e-05
-8.88815e-05
0.000222724
-1.79141e-06
-2.75171e-06
-6.38927e-06
-1.07038e-05
-1.3168e-05
-2.08415e-05
-2.15218e-05
-3.26317e-05
-3.08713e-05
-4.55032e-05
-4.06652e-05
-5.88613e-05
-5.03746e-05
-7.2109e-05
-5.94827e-05
-8.46707e-05
-6.74675e-05
-9.60181e-05
-7.3779e-05
-0.000105695
-7.78105e-05
-0.000113342
-7.88648e-05
-0.000118722
-7.61175e-05
-0.000121752
-6.85819e-05
-0.000122552
-5.5088e-05
-0.000121528
-3.43013e-05
-0.000119507
-4.83524e-06
-0.000117936
3.4472e-05
-0.000119154
8.38111e-05
-0.000126786
-0.000146869
0.000141798
-1.79305e-06
-9.58661e-07
-6.4489e-06
-6.04798e-06
-1.33884e-05
-1.3902e-05
-2.20472e-05
-2.39729e-05
-3.18842e-05
-3.56662e-05
-4.23835e-05
-4.83621e-05
-5.30501e-05
-6.14423e-05
-6.34012e-05
-7.43197e-05
-7.29505e-05
-8.64687e-05
-8.11894e-05
-9.74562e-05
-8.75623e-05
-0.000106969
-9.14412e-05
-0.000114843
-9.21004e-05
-0.000121093
-8.86987e-05
-0.000125954
-8.02817e-05
-0.000129945
-6.58258e-05
-0.000133963
-4.43558e-05
-0.000139406
-1.51941e-05
-0.000148316
2.15804e-05
-0.00016356
-0.000188982
6.36937e-05
-1.8052e-06
8.4654e-07
-6.5406e-06
-1.31258e-06
-1.3667e-05
-6.77556e-06
-2.26566e-05
-1.49833e-05
-3.30022e-05
-2.53206e-05
-4.42197e-05
-3.71446e-05
-5.58455e-05
-4.98165e-05
-6.74293e-05
-6.27359e-05
-7.85212e-05
-7.53768e-05
-8.86562e-05
-8.73212e-05
-9.73359e-05
-9.82897e-05
-0.00010401
-0.000108169
-0.000108062
-0.00011704
-0.000108807
-0.000125209
-0.000105506
-0.000133246
-9.74278e-05
-0.000142041
-8.39561e-05
-0.000152878
-6.47685e-05
-0.000167503
-4.03723e-05
-0.000187956
-0.000215685
-1.3669e-05
-1.8295e-06
2.67604e-06
-6.67113e-06
3.52905e-06
-1.40195e-05
5.72803e-07
-2.33789e-05
-5.62396e-06
-3.42722e-05
-1.44272e-05
-4.62449e-05
-2.51719e-05
-5.88632e-05
-3.71981e-05
-7.17089e-05
-4.98902e-05
-8.43698e-05
-6.27159e-05
-9.64276e-05
-7.52634e-05
-0.000107445
-8.72723e-05
-0.000116954
-9.86599e-05
-0.000124452
-0.000109543
-0.000129401
-0.00012026
-0.000131256
-0.00013139
-0.000129513
-0.000143784
-0.000123795
-0.000158596
-0.000114019
-0.000177279
-0.0001006
-0.000201375
-0.000232582
-8.37036e-05
-1.86495e-06
4.54099e-06
-6.83765e-06
8.50175e-06
-1.44414e-05
8.17651e-06
-2.4208e-05
4.14273e-06
-3.5688e-05
-2.9473e-06
-4.84535e-05
-1.24064e-05
-6.20993e-05
-2.35523e-05
-7.62388e-05
-3.57507e-05
-9.04974e-05
-4.84573e-05
-0.000104505
-6.12563e-05
-0.000117885
-7.38915e-05
-0.000130255
-8.62905e-05
-0.000141217
-9.85806e-05
-0.000150376
-0.000111101
-0.000157354
-0.000124412
-0.000161836
-0.000139302
-0.000163632
-0.0001568
-0.000162776
-0.000178135
-0.000159545
-0.000204607
-0.000237846
-0.00015428
-1.90827e-06
6.44926e-06
-7.02921e-06
1.36227e-05
-1.49103e-05
1.60576e-05
-2.51082e-05
1.43406e-05
-3.71974e-05
9.14183e-06
-5.07746e-05
1.17085e-06
-6.54608e-05
-8.86608e-06
-8.08991e-05
-2.03124e-05
-9.67509e-05
-3.26055e-05
-0.000112692
-4.53156e-05
-0.000128406
-5.81772e-05
-0.000143587
-7.11091e-05
-0.000157941
-8.42266e-05
-0.000171197
-9.78454e-05
-0.000183128
-0.000112481
-0.000193583
-0.000128847
-0.000202534
-0.000147849
-0.000210129
-0.000170539
-0.000216682
-0.000198054
-0.000231839
-0.00022269
-1.95437e-06
8.40363e-06
-7.22816e-06
1.88965e-05
-1.53904e-05
2.42199e-05
-2.60198e-05
2.49701e-05
-3.87124e-05
2.18344e-05
-5.30868e-05
1.55452e-05
-6.87868e-05
6.83401e-06
-8.54821e-05
-3.61717e-06
-0.000102866
-1.52217e-05
-0.000120655
-2.75268e-05
-0.000138587
-4.02451e-05
-0.000156425
-5.32707e-05
-0.000173965
-6.66867e-05
-0.000191047
-8.0764e-05
-0.000207574
-9.59541e-05
-0.000223541
-0.000112881
-0.000239063
-0.000132326
-0.000254406
-0.000155196
-0.000269972
-0.000182489
-0.000215481
-0.000286329
-1.99693e-06
1.04006e-05
-7.41245e-06
2.4312e-05
-1.58362e-05
3.26436e-05
-2.68673e-05
3.60012e-05
-4.01211e-05
3.50882e-05
-5.52352e-05
3.06593e-05
-7.18727e-05
2.34715e-05
-8.97246e-05
1.42348e-05
-0.000108509
3.56309e-06
-0.000127978
-8.05804e-06
-0.000147912
-2.03116e-05
-0.000168131
-3.30515e-05
-0.000188505
-4.63127e-05
-0.000208966
-6.03025e-05
-0.000229529
-7.53909e-05
-0.000250312
-9.20978e-05
-0.000271557
-0.000111081
-0.000293644
-0.00013311
-0.000317068
-0.000159064
-0.000190083
-0.000342467
-2.02902e-06
1.24296e-05
-7.55773e-06
2.98407e-05
-1.61971e-05
4.1283e-05
-2.75665e-05
4.73706e-05
-4.12991e-05
4.88208e-05
-5.70482e-05
4.64084e-05
-7.4492e-05
4.09153e-05
-9.33367e-05
3.30794e-05
-0.000113321
2.35472e-05
-0.000134215
1.28359e-05
-0.000155832
1.30596e-06
-0.000178036
-1.0848e-05
-0.000200749
-2.35992e-05
-0.000223976
-3.70758e-05
-0.000247816
-5.15504e-05
-0.00027249
-6.74247e-05
-0.000298346
-8.52247e-05
-0.00032587
-0.000105586
-0.00035566
-0.000129274
-0.000157307
-0.000388436
-2.04375e-06
-7.63945e-06
-1.64221e-05
-2.80323e-05
-4.21202e-05
-5.83526e-05
-7.64182e-05
-9.60321e-05
-0.000116941
-0.000138928
-0.000161821
-0.000185506
-0.000209938
-0.000235167
-0.000261349
-0.000288781
-0.000317898
-0.000349282
-0.000383634
-0.000421789
-0.000661698
-0.00106376
0.00128506
-0.000757288
-0.00333344
0.00342903
-0.000800887
-0.00610638
0.00614998
-0.000720961
-0.00937874
0.00929882
-0.00029647
-0.0104372
0.0100127
0.000518109
-0.00500697
0.00419239
0.00128709
0.00528227
-0.00605124
0.00175263
0.0133613
-0.0138269
0.00169538
0.017852
-0.0177947
0.00143067
0.0205217
-0.020257
0.00180427
0.0157129
-0.0160865
0.00256155
0.00160764
-0.00236491
0.00311964
-0.0104467
0.00988864
0.0032575
-0.0158054
0.0156676
0.00300174
-0.0193178
0.0195736
0.00281936
-0.0210486
0.021231
0.00306867
-0.0142978
0.0140485
0.00346143
-0.00217371
0.00178096
0.00359548
0.00872821
-0.00886226
0.00356692
0.0182543
-0.0182258
0.00360803
0.0233089
-0.02335
0.00367625
0.019872
-0.0199402
0.00374569
0.00824911
-0.00831854
0.00383745
-0.00765176
0.00756
0.00387315
-0.0218765
0.0218408
0.00387163
-0.026659
0.0266605
0.00391479
-0.0189486
0.0189054
0.00398566
-0.000463911
0.000393043
0.00400181
0.0208007
-0.0208168
0.00400784
0.0301832
-0.0301893
0.00402334
0.0221938
-0.0222093
0.00399986
-0.00572806
0.00575154
0.00392385
-0.031675
0.031751
0.0038811
-0.0275902
0.0276329
0.00380716
-0.00135828
0.00143223
0.00370778
0.0306883
-0.0305889
0.0036186
0.024965
-0.0248758
0.0034922
-0.0164835
0.0166099
0.00335793
-0.0192715
0.0194057
-0.000746129
0.000867458
-0.000679766
-0.000826551
-0.000804942
-0.00320827
-0.000883287
-0.00602803
-0.000849916
-0.00941211
-0.000476758
-0.0108104
0.000348303
-0.00583203
0.00118899
0.00444158
0.00169459
0.0128557
0.00164817
0.0178984
0.00144272
0.0207271
0.001882
0.0152736
0.00261156
0.000878082
0.00312421
-0.0109594
0.00324531
-0.0159265
0.00298482
-0.0190573
0.00280337
-0.0208672
0.0030592
-0.0145537
0.00345485
-0.00256937
0.00359551
0.00858755
0.00357772
0.0182721
0.00362286
0.0232638
0.00368609
0.0198088
0.00374609
0.0081891
0.00382622
-0.00773189
0.00385107
-0.0219013
0.00384643
-0.0266544
0.00389801
-0.0190002
0.00398192
-0.000547822
0.00401054
0.020772
0.00402131
0.0301725
0.00403025
0.0221849
0.00399397
-0.00569178
0.00390943
-0.0315904
0.00386954
-0.0275503
0.0038036
-0.00129235
0.00371115
0.0307807
0.00362149
0.0250547
0.00348906
-0.0163511
0.00335374
-0.0191361
-0.000626416
-0.000672549
-0.000581025
-0.000822045
-0.00305877
-0.000929692
-0.00592039
-0.000943225
-0.00939858
-0.000635787
-0.0111178
0.0001798
-0.00664762
0.00109385
0.00352754
0.00163593
0.0123137
0.00160487
0.0179295
0.00146784
0.0208642
0.0019662
0.0147752
0.00266117
0.000183108
0.00312555
-0.0114238
0.00322994
-0.0160309
0.00296555
-0.0187929
0.00278379
-0.0206854
0.0030457
-0.0148156
0.00344427
-0.00296794
0.00359182
0.00844001
0.00358432
0.0182796
0.0036325
0.0232156
0.00369099
0.0197503
0.003742
0.0081381
0.00381043
-0.00780032
0.00382473
-0.0219156
0.00381679
-0.0266464
0.00387626
-0.0190596
0.00397364
-0.000645204
0.00401548
0.0207302
0.0040309
0.0301571
0.00403313
0.0221827
0.00398486
-0.00564351
0.00389242
-0.031498
0.00385548
-0.0275133
0.00379805
-0.00123492
0.003713
0.0308658
0.00362313
0.0251445
0.0034852
-0.0162131
0.00334926
-0.0190002
-0.000508644
-0.000638377
-0.000335844
-0.000806036
-0.00289111
-0.000936975
-0.00578945
-0.000996668
-0.00933889
-0.000767502
-0.011347
1.48441e-05
-0.00742997
0.000998842
0.00254354
0.001577
0.0117355
0.00156669
0.0179398
0.00150539
0.0209255
0.00205443
0.0142262
0.00270903
-0.000471489
0.00312345
-0.0118382
0.0032111
-0.0161186
0.0029437
-0.0185255
0.00276019
-0.0205019
0.00302753
-0.0150829
0.00342954
-0.00336996
0.00358451
0.00828504
0.00358678
0.0182773
0.00363705
0.0231653
0.00369118
0.0196961
0.00373364
0.00809563
0.00379017
-0.00785685
0.00379416
-0.0219196
0.00378279
-0.0266351
0.00384955
-0.0191264
0.00396083
-0.000756479
0.00401663
0.0206744
0.0040366
0.0301371
0.00403204
0.0221872
0.0039726
-0.00558408
0.00387289
-0.0313983
0.00383899
-0.0274794
0.00379051
-0.00118644
0.00371328
0.030943
0.00362349
0.0252343
0.00348064
-0.0160703
0.00334451
-0.0188641
-0.000393134
-0.000576373
-0.000100541
-0.000755452
-0.00271203
-0.000903021
-0.00564188
-0.00100665
-0.00923526
-0.000865185
-0.0114885
-0.000128523
-0.00816663
0.000903656
0.00151136
0.00151774
0.0111214
0.00153487
0.0179226
0.00155411
0.0209062
0.00214392
0.0136364
0.00275398
-0.00108155
0.00311767
-0.0122019
0.00318853
-0.0161894
0.00291906
-0.0182561
0.00273224
-0.0203151
0.00300409
-0.0153548
0.00341054
-0.0037764
0.0035737
0.00812188
0.00358519
0.0182658
0.00363664
0.0231139
0.00368685
0.0196459
0.00372127
0.00806121
0.00376558
-0.00790116
0.00375942
-0.0219134
0.00374452
-0.0266202
0.00381795
-0.0191998
0.00394353
-0.000882067
0.00401399
0.0206039
0.00403845
0.0301126
0.00402704
0.0221986
0.00395724
-0.00551427
0.00385092
-0.031292
0.00382015
-0.0274487
0.00378102
-0.00114731
0.003712
0.031012
0.00362257
0.0253237
0.00347539
-0.0159231
0.00333952
-0.0187282
-0.000280195
-0.000486539
0.000114509
-0.000669937
-0.00252863
-0.000827003
-0.00548481
-0.000970567
-0.00909169
-0.000922112
-0.0115369
-0.000253942
-0.0088348
0.000807704
0.000449712
0.00145824
0.0104709
0.00151071
0.0178702
0.00161255
0.0208044
0.00223209
0.0130168
0.00279499
-0.00164446
0.00310804
-0.0125149
0.00316201
-0.0162434
0.00289147
-0.0179855
0.00269979
-0.0201234
0.00297487
-0.0156299
0.00338713
-0.00418866
0.0035595
0.00794951
0.00357967
0.0182457
0.00363142
0.0230621
0.00367824
0.0195991
0.00370511
0.00803433
0.00373682
-0.00793287
0.00372059
-0.0218972
0.0037021
-0.0266017
0.00378156
-0.0192793
0.00392179
-0.0010223
0.00400758
0.0205182
0.00403649
0.0300837
0.00401825
0.0222169
0.00393886
-0.00543488
0.00382658
-0.0311797
0.00379904
-0.0274211
0.00376962
-0.00111788
0.00370913
0.0310725
0.00362035
0.0254125
0.00346948
-0.0157722
0.00333431
-0.018593
-0.00017013
-0.000369531
0.000297917
-0.000550413
-0.00234775
-0.000709678
-0.00532555
-0.000887349
-0.00891402
-0.000932434
-0.0114918
-0.000356224
-0.00941101
0.000711054
-0.000617566
0.00139875
0.00978319
0.00149549
0.0177734
0.00167931
0.0206206
0.00231678
0.0123794
0.00283127
-0.00215895
0.00309439
-0.012778
0.00313132
-0.0162803
0.00286082
-0.017715
0.00266284
-0.0199254
0.00293942
-0.0159064
0.00335919
-0.00460843
0.003542
0.00776671
0.00357032
0.0182174
0.00362159
0.0230108
0.00366556
0.0195551
0.00368539
0.0080145
0.00370405
-0.00795153
0.00367775
-0.0218709
0.00365569
-0.0265796
0.00374054
-0.0193641
0.0038957
-0.00117746
0.00399745
0.0204164
0.00403078
0.0300504
0.0040058
0.0222419
0.00391755
-0.00534663
0.00379995
-0.0310621
0.00377576
-0.0273969
0.00375635
-0.00109848
0.00370468
0.0311242
0.00361683
0.0255004
0.00346293
-0.0156183
0.00332891
-0.018459
-6.32317e-05
-0.000227116
0.000438788
-0.000399098
-0.00217577
-0.000553587
-0.00517106
-0.000758099
-0.00870951
-0.000892667
-0.0113573
-0.000430303
-0.00987337
0.000614002
-0.00166187
0.00133964
0.00905756
0.00149037
0.0176227
0.00175307
0.0203579
0.00239651
0.0117359
0.00286226
-0.0026247
0.0030766
-0.0129924
0.0030963
-0.0163
0.00282704
-0.0174458
0.00262142
-0.0197198
0.00289738
-0.0161824
0.00332659
-0.00503764
0.00352127
0.00757202
0.00355727
0.0181813
0.00360738
0.0229607
0.00364903
0.0195135
0.00366229
0.00800124
0.00366746
-0.0079567
0.00363102
-0.0218345
0.00360544
-0.026554
0.00369507
-0.0194538
0.00386538
-0.00134777
0.00398363
0.0202982
0.0040214
0.0300126
0.00398985
0.0222734
0.00389342
-0.00525021
0.0037711
-0.0309398
0.00375038
-0.0273762
0.00374126
-0.00108935
0.00369865
0.0311668
0.00361202
0.025587
0.00345575
-0.0154621
0.00332333
-0.0183266
4.02164e-05
-6.0453e-05
0.000525238
-0.000219379
-0.00201684
-0.000363018
-0.00502742
-0.000586488
-0.00848604
-0.000802393
-0.0111414
-0.00047263
-0.0102031
0.000519127
-0.00265363
0.00128171
0.00829498
0.00149623
0.0174082
0.00183249
0.0200216
0.00247037
0.011098
0.00288758
-0.00304191
0.00305455
-0.0131593
0.00305683
-0.0163023
0.00279007
-0.017179
0.00257565
-0.0195054
0.0028485
-0.0164552
0.00328916
-0.0054783
0.00349736
0.00736382
0.00354068
0.018138
0.00358902
0.0229124
0.00362885
0.0194737
0.00363598
0.00799411
0.00362725
-0.00794796
0.00358055
-0.0217878
0.00355152
-0.026525
0.00364537
-0.0195476
0.00383096
-0.00153336
0.00396617
0.0201629
0.00400847
0.0299703
0.0039706
0.0223113
0.0038666
-0.00514621
0.0037401
-0.0308133
0.00372303
-0.0273592
0.0037244
-0.00109072
0.00369106
0.0312001
0.00360593
0.0256721
0.00344798
-0.0153041
0.00331761
-0.0181962
0.000139939
0.000118006
0.000566346
-1.50283e-05
-0.00188381
-0.000143437
-0.00489901
-0.0003788
-0.00825067
-0.000664276
-0.0108559
-0.000478142
-0.0103893
0.000430932
-0.0035627
0.00122637
0.00749954
0.00151355
0.017121
0.00191612
0.019619
0.00253795
0.0104762
0.002907
-0.00341096
0.00302817
-0.0132805
0.00301286
-0.016287
0.00274985
-0.016916
0.00252561
-0.0192812
0.00279264
-0.0167223
0.00324673
-0.00593238
0.00347029
0.00714026
0.00352069
0.0180876
0.00356678
0.0228663
0.00360521
0.0194352
0.00360658
0.00799274
0.00358361
-0.00792499
0.00352647
-0.0217306
0.00349407
-0.0264926
0.00359171
-0.0196453
0.00379258
-0.00173424
0.00394515
0.0200104
0.00399208
0.0299234
0.00394825
0.0223551
0.0038372
-0.00503516
0.00370703
-0.0306831
0.00369379
-0.0273459
0.00370583
-0.00110276
0.00368191
0.0312241
0.00359856
0.0257555
0.00343963
-0.0151452
0.00331177
-0.0180683
0.000235672
0.00030965
0.000561802
0.00020583
-0.00177999
9.65137e-05
-0.0047897
-0.000143991
-0.00801017
-0.000484124
-0.0105158
-0.000443087
-0.0104303
0.000356058
-0.00436185
0.0011757
0.0066799
0.00154241
0.0167543
0.00200242
0.019159
0.00259915
0.00987948
0.00292039
-0.0037322
0.00299734
-0.0133575
0.0029644
-0.0162541
0.00270625
-0.0166578
0.00247139
-0.0190463
0.00272982
-0.0169807
0.00319906
-0.00640163
0.00344005
0.00689927
0.00349746
0.0180302
0.00354094
0.0228228
0.0035783
0.0193979
0.00357422
0.00799681
0.00353675
-0.00788752
0.00346895
-0.0216629
0.00343328
-0.0264569
0.00353433
-0.0197463
0.00375044
-0.00195034
0.00392062
0.0198402
0.00397238
0.0298716
0.00392302
0.0224045
0.00380539
-0.00491753
0.00367198
-0.0305497
0.00366279
-0.0273367
0.00368562
-0.00112558
0.00367124
0.0312384
0.00358994
0.0258368
0.00343074
-0.014986
0.00330584
-0.0179434
0.000327158
0.000516036
0.000512052
0.000442918
-0.00170687
0.000346759
-0.00469354
0.00010932
-0.00777273
-0.000270772
-0.0101357
-0.000365878
-0.0103352
0.000302297
-0.00503002
0.00113259
0.0058496
0.00158252
0.0163044
0.00208985
0.0186517
0.00265406
0.00931527
0.00292772
-0.00400585
0.00296198
-0.0133917
0.00291147
-0.0162035
0.00265916
-0.0164055
0.00241316
-0.0188003
0.00266021
-0.0172278
0.00314591
-0.00688732
0.00340656
0.00663862
0.00347116
0.0179656
0.00351175
0.0227822
0.00354829
0.0193613
0.003539
0.0080061
0.00348688
-0.0078354
0.00340815
-0.0215841
0.00336929
-0.0264181
0.00347353
-0.0198506
0.00370468
-0.00218149
0.00389269
0.0196522
0.00394948
0.0298148
0.00389514
0.0224588
0.00377131
-0.0047937
0.00363505
-0.0304134
0.00363015
-0.0273318
0.00366384
-0.00115927
0.00365907
0.0312432
0.0035801
0.0259158
0.00342135
-0.0148273
0.00329984
-0.0178219
0.000414153
0.000734192
0.00042278
0.000689388
-0.00166207
0.000606876
-0.00461102
0.000376733
-0.00754259
-3.76163e-05
-0.00972131
-0.000247922
-0.0101249
0.00027753
-0.00555547
0.00110079
0.00502634
0.00163325
0.0157719
0.00217696
0.018108
0.00270287
0.00878936
0.00292902
-0.004232
0.00292201
-0.0133847
0.00285415
-0.0161357
0.00260843
-0.0161598
0.00235119
-0.0185431
0.00258422
-0.0174608
0.00308698
-0.00739008
0.00336973
0.00635587
0.00344195
0.0178934
0.00347951
0.0227447
0.00351535
0.0193255
0.00350102
0.00802043
0.00343421
-0.00776859
0.00334423
-0.0214941
0.00330227
-0.0263761
0.00340961
-0.0199579
0.00365552
-0.00242741
0.00386145
0.0194463
0.00392354
0.0297527
0.00386484
0.0225175
0.00373514
-0.004664
0.00359636
-0.0302746
0.00359599
-0.0273315
0.00364055
-0.00120383
0.00364545
0.0312383
0.00356908
0.0259921
0.00341147
-0.0146697
0.00329381
-0.0177043
0.000496421
0.000962303
0.000304328
0.000941206
-0.00164097
0.000868263
-0.00453808
0.000642155
-0.00731648
0.000221135
-0.00930029
-9.47613e-05
-0.009809
0.000287909
-0.00593814
0.00108449
0.00422976
0.0016936
0.0151628
0.00226253
0.017539
0.00274584
0.00830606
0.0029244
-0.00441057
0.00287741
-0.0133377
0.00279259
-0.0160509
0.00255398
-0.0159212
0.0022859
-0.018275
0.00250237
-0.0176773
0.00302196
-0.00790966
0.00332941
0.00604842
0.00340998
0.0178128
0.00344447
0.0227102
0.00347966
0.0192903
0.00346041
0.00803968
0.00337893
-0.00768711
0.00327737
-0.0213926
0.00323241
-0.0263311
0.00334285
-0.0200683
0.00360314
-0.0026877
0.00382698
0.0192224
0.00389469
0.029685
0.00383232
0.0225799
0.00369704
-0.00452872
0.00355603
-0.0301336
0.00356044
-0.0273359
0.00361584
-0.00125923
0.00363041
0.0312237
0.00355693
0.0260656
0.00340117
-0.0145139
0.00328775
-0.0175909
0.00057374
0.00119896
0.000170772
0.00119459
-0.0016366
0.00112287
-0.00446636
0.000897549
-0.00709116
0.000478904
-0.00888165
9.27261e-05
-0.00942282
0.000336054
-0.00618147
0.00108753
0.00347829
0.00176215
0.0144882
0.00234558
0.0169556
0.00278331
0.00786833
0.00291407
-0.00454133
0.00282822
-0.0132519
0.00272696
-0.0159496
0.00249583
-0.0156901
0.00221776
-0.0179969
0.00241527
-0.0178748
0.00295054
-0.00844494
0.00328541
0.00571355
0.0033754
0.0177228
0.00340689
0.0226787
0.0034414
0.0192558
0.00341732
0.00806377
0.00332122
-0.00759101
0.00320775
-0.0212791
0.00315992
-0.0262833
0.00327357
-0.020182
0.00354774
-0.00296187
0.0037894
0.0189808
0.00386307
0.0296114
0.00379779
0.0226452
0.00365719
-0.00438812
0.00351418
-0.0299906
0.00352362
-0.0273453
0.00358978
-0.00132539
0.00361401
0.0311995
0.00354371
0.0261359
0.00339047
-0.0143607
0.00328172
-0.0174821
0.000645897
0.00144316
3.83165e-05
0.00144606
-0.0016395
0.00136532
-0.00438563
0.0011357
-0.00686153
0.0007241
-0.00847005
0.000304355
-0.00900307
0.000420207
-0.00629732
0.00111248
0.00278601
0.00183704
0.0137636
0.00242533
0.0163673
0.00281572
0.00747794
0.00289819
-0.00462379
0.00277436
-0.0131281
0.00265731
-0.0158325
0.0024339
-0.0154667
0.00214705
-0.01771
0.00232339
-0.0180511
0.00287251
-0.00899407
0.00323749
0.00534858
0.00333832
0.017622
0.00336701
0.02265
0.00340078
0.019222
0.00337193
0.00809261
0.00326129
-0.00748037
0.00313555
-0.0211534
0.003085
-0.0262328
0.00320205
-0.020299
0.00348955
-0.00324937
0.00374881
0.0187215
0.00382883
0.0295314
0.00376146
0.0227125
0.00361577
-0.00424243
0.00347094
-0.0298458
0.00348563
-0.02736
0.00356244
-0.0014022
0.0035963
0.0311656
0.00352947
0.0262027
0.00337943
-0.0142106
0.00327571
-0.0173784
0.00071269
0.0016952
-8.06987e-05
0.00169182
-0.00163613
0.00159039
-0.0042842
0.00135069
-0.00662183
0.000948863
-0.00806822
0.00051743
-0.00857164
0.000534378
-0.00631427
0.00116009
0.0021603
0.00191601
0.0130077
0.00250127
0.0157821
0.00284376
0.00713545
0.00287687
-0.00465691
0.00271534
-0.0129665
0.00258314
-0.0157003
0.00236792
-0.0152514
0.0020738
-0.0174159
0.00222686
-0.0182042
0.00278756
-0.00955476
0.00318532
0.00495082
0.00329883
0.0175085
0.00332503
0.0226238
0.00335804
0.019189
0.00332459
0.00812606
0.00319949
-0.00735526
0.0030611
-0.021015
0.00300783
-0.0261795
0.00312848
-0.0204197
0.00342874
-0.00354962
0.00370534
0.0184449
0.0037921
0.0294446
0.00372355
0.0227811
0.00357304
-0.00409191
0.00342644
-0.0296992
0.00344656
-0.0273801
0.00353389
-0.00148953
0.00357734
0.0311222
0.0035143
0.0262658
0.00336809
-0.0140644
0.00326977
-0.0172801
0.000773927
0.00195041
-0.00017307
0.0019273
-0.00161301
0.00179235
-0.00414925
0.00153646
-0.00636594
0.00114503
-0.00767679
0.000718796
-0.00814541
0.000668726
-0.0062642
0.00122908
0.00159995
0.00199655
0.0122402
0.00257364
0.015205
0.00286964
0.00683946
0.00285151
-0.00463878
0.0026513
-0.0127663
0.00250427
-0.0155533
0.00229801
-0.0150452
0.00199841
-0.0171163
0.00212589
-0.0183316
0.00269501
-0.0101239
0.0031282
0.00451763
0.00325698
0.0173797
0.00328119
0.0225996
0.00331365
0.0191566
0.00327594
0.00816377
0.0031363
-0.00721562
0.00298473
-0.0208634
0.00292863
-0.0261234
0.00305295
-0.020544
0.00336541
-0.00386208
0.00365906
0.0181512
0.00375305
0.0293506
0.00368429
0.0228498
0.00352924
-0.00393686
0.00338081
-0.0295508
0.00340641
-0.0274057
0.00350418
-0.00158729
0.0035572
0.0310692
0.00349828
0.0263247
0.00335651
-0.0139226
0.0032639
-0.0171875
0.000829419
0.00220657
-0.000235235
0.0021486
-0.00155505
0.00196891
-0.00396955
0.00169187
-0.00608891
0.00131083
-0.00729574
0.000898257
-0.00773284
0.000810318
-0.00617626
0.00131628
0.00109399
0.00207731
0.0114792
0.00264491
0.0146374
0.00289701
0.00658736
0.00282468
-0.00456644
0.00258568
-0.0125273
0.00242405
-0.0153917
0.00222658
-0.0148477
0.00192252
-0.0168123
0.00202258
-0.0184317
0.00259553
-0.0106968
0.00306521
0.00404795
0.00321252
0.0172324
0.0032357
0.0225764
0.00326828
0.019124
0.00322625
0.0082058
0.00307128
-0.00706065
0.00290638
-0.0206985
0.00284772
-0.0260647
0.00297582
-0.0206721
0.00329969
-0.00418594
0.00361
0.0178409
0.0037118
0.0292488
0.00364383
0.0229178
0.00348437
-0.0037774
0.00333402
-0.0294004
0.0033653
-0.027437
0.00347335
-0.00169534
0.00353593
0.0310066
0.00348149
0.0263791
0.00334473
-0.0137859
0.00325812
-0.0171009
0.000878982
0.00245891
-0.000278199
0.00234822
-0.00144435
0.00212105
-0.00374238
0.00182837
-0.00579623
0.00146396
-0.00693134
0.00107466
-0.00734354
0.000965459
-0.00606706
0.00142544
0.000634012
0.00217168
0.0107329
0.00272371
0.0140853
0.00292032
0.00639075
0.00279
-0.00443613
0.00252031
-0.0122576
0.00234654
-0.0152179
0.002156
-0.0146572
0.00184713
-0.0165034
0.00192106
-0.0185056
0.00249502
-0.0112708
0.00299783
0.00354514
0.00316414
0.0170661
0.00318776
0.0225528
0.00322116
0.0190906
0.00317311
0.00825386
0.00300183
-0.00688938
0.00282526
-0.0205219
0.00276571
-0.0260052
0.00289923
-0.0208056
0.00323368
-0.00452039
0.00355848
0.0175161
0.00366816
0.0291391
0.00360174
0.0229842
0.00343773
-0.00361339
0.00328606
-0.0292487
0.00332382
-0.0274748
0.00344175
-0.00181328
0.00351363
0.0309347
0.00346406
0.0264287
0.00333268
-0.0136545
0.00325251
-0.0170207
0.000922485
0.00383351
-0.000171999
-0.00393971
0.0038231
-0.00143395
0.00374625
-0.00366553
0.00352629
-0.00557627
0.00311095
-0.00651599
0.00250842
-0.006741
0.00183191
-0.00539056
0.0014325
0.00103342
0.00170395
0.0104615
0.00270969
0.0130796
0.00381635
0.00528408
0.00438838
-0.00500816
0.00440385
-0.0122731
0.00417955
-0.0149936
0.00389455
-0.0143722
0.00354082
-0.0161497
0.00335267
-0.0183175
0.0033245
-0.0112426
0.00313654
0.0037331
0.00287288
0.0173297
0.00291348
0.0225122
0.00334191
0.0186622
0.00384062
0.00775515
0.00413953
-0.00718829
0.00418019
-0.0205626
0.00401888
-0.0258439
0.00378333
-0.0205701
0.00363253
-0.00436959
0.00362271
0.0175259
0.00372709
0.0290347
0.00397377
0.0227375
0.00417656
-0.00381618
0.00409594
-0.0291681
0.00390193
-0.0272807
0.00371633
-0.00162768
0.00369428
0.0309567
0.00377354
0.0263495
0.0036843
-0.0135652
0.00353056
-0.016867
0.00101314
0.00437757
-4.04774e-05
-0.00450909
0.00429704
-0.00135342
0.00415307
-0.00352156
0.0038906
-0.0053138
0.00345583
-0.00608123
0.00286065
-0.00614582
0.00219556
-0.00472547
0.00178753
0.00144145
0.00208189
0.0101671
0.00310416
0.0120573
0.00415375
0.0042345
0.00465842
-0.00551283
0.00462331
-0.012238
0.00435917
-0.0147295
0.00405562
-0.0140686
0.00368978
-0.0157838
0.00348083
-0.0181085
0.00343213
-0.0111939
0.00322188
0.00394335
0.00293682
0.0176148
0.00299322
0.0224558
0.00346983
0.0181856
0.00400054
0.00722444
0.00430587
-0.00749363
0.00433582
-0.0205926
0.0041569
-0.0256649
0.0039032
-0.0203164
0.00373642
-0.00420281
0.00372184
0.0175405
0.00383661
0.02892
0.00410815
0.022466
0.00432535
-0.00403337
0.00423791
-0.0290807
0.00403097
-0.0270738
0.00383313
-0.00142983
0.00381288
0.030977
0.00390397
0.0262584
0.00381607
-0.0134773
0.00365812
-0.016709
0.0011057
0.00487272
9.45027e-05
-0.0050077
0.00475447
-0.00123517
0.0045566
-0.00332369
0.00425633
-0.00501353
0.00380474
-0.00562964
0.00322415
-0.00556523
0.00258649
-0.00408781
0.00218568
0.00184226
0.00250377
0.00984904
0.00353371
0.0110274
0.00451541
0.0032528
0.00494394
-0.00594136
0.00485004
-0.0121441
0.00454331
-0.0144228
0.00422105
-0.0137464
0.00384397
-0.0154068
0.00361384
-0.0178784
0.00354313
-0.0111232
0.00330742
0.00417907
0.003
0.0179222
0.00307756
0.0223782
0.00360685
0.0176563
0.00417019
0.0066611
0.00448066
-0.0078041
0.00449673
-0.0206086
0.00429765
-0.0254659
0.00402451
-0.0200432
0.00384175
-0.00402004
0.00382172
0.0175606
0.00394819
0.0287935
0.00424782
0.0221664
0.0044796
-0.00426515
0.00438385
-0.0289849
0.0041632
-0.0268532
0.00395287
-0.00121951
0.00393445
0.0309954
0.00403863
0.0261542
0.00395273
-0.0133914
0.00379056
-0.0165468
0.00120015
0.00530992
0.000211701
-0.00542711
0.00517444
-0.00109969
0.00493763
-0.00308688
0.00460909
-0.00468499
0.00414782
-0.00516836
0.00358962
-0.00500703
0.00299519
-0.00349338
0.00261968
0.00221777
0.00296605
0.00950267
0.00399346
0.01
0.00489521
0.00235105
0.00523702
-0.00628317
0.00508041
-0.0119875
0.00473118
-0.0140735
0.00439087
-0.013406
0.00400315
-0.015019
0.00375104
-0.0176263
0.00365658
-0.0110288
0.00339287
0.00444277
0.0030627
0.0182524
0.00316746
0.0222735
0.0037542
0.0170695
0.00434981
0.0060655
0.00466325
-0.00811754
0.00466274
-0.0206081
0.00444113
-0.0252443
0.00414744
-0.0197495
0.00394806
-0.00382066
0.0039219
0.0175867
0.00406215
0.0286533
0.00439314
0.0218354
0.00463943
-0.00451143
0.00453387
-0.0288794
0.00429869
-0.026618
0.00407537
-0.000996193
0.00405901
0.0310118
0.00417763
0.0260356
0.00409453
-0.0133083
0.00392815
-0.0163805
0.00129651
0.00568583
0.000308907
-0.00578304
0.00554674
-0.000960601
0.00528633
-0.00282647
0.00494091
-0.00433957
0.00447904
-0.0047065
0.00394984
-0.00447783
0.00341214
-0.00295567
0.00308135
0.00254856
0.00346201
0.00912201
0.00447618
0.00898583
0.00528635
0.00154088
0.0055327
-0.00652953
0.0053125
-0.0117672
0.00492225
-0.0136833
0.00456501
-0.0130488
0.00416733
-0.0146213
0.00389233
-0.0173513
0.00377208
-0.0109085
0.00347769
0.00473716
0.00312569
0.0186044
0.00326446
0.0221347
0.00391279
0.0164212
0.00453981
0.00543848
0.00485362
-0.00843135
0.00483382
-0.0205883
0.00458717
-0.0249976
0.00427175
-0.0194341
0.00405494
-0.00360386
0.00402215
0.0176195
0.00417873
0.0284967
0.00454455
0.0214696
0.00480507
-0.00477196
0.00468803
-0.0287623
0.00443736
-0.0263673
0.00420056
-0.000759384
0.00418659
0.0310257
0.00432116
0.025901
0.00424172
-0.0132289
0.00407112
-0.0162099
0.00139479
0.00600303
0.000386908
-0.00608103
0.00587009
-0.00082766
0.00559985
-0.00255623
0.00524835
-0.00398807
0.00479535
-0.00425349
0.0042995
-0.00398198
0.00382795
-0.00248412
0.00356128
0.00281522
0.00398318
0.00870011
0.00497297
0.00799603
0.00568086
0.000832993
0.00582651
-0.00667518
0.00554456
-0.0114853
0.00511608
-0.0132548
0.00474344
-0.0126762
0.00433653
-0.0142144
0.00403757
-0.0170523
0.00388937
-0.0107603
0.00356138
0.00506515
0.00318978
0.018976
0.00337051
0.021954
0.00408378
0.0157079
0.00474066
0.00478161
0.00505188
-0.00874258
0.0050099
-0.0205463
0.0047355
-0.0247232
0.00439706
-0.0190957
0.00416194
-0.00336875
0.00412211
0.0176593
0.00429818
0.0283206
0.00470258
0.0210652
0.00497678
-0.00504615
0.00484633
-0.0286319
0.00457911
-0.0261001
0.00432832
-0.000508595
0.00431722
0.0310368
0.00446944
0.0257488
0.00439461
-0.0131541
0.00421973
-0.016035
0.00149505
0.0062715
0.000446965
-0.00633155
0.00614968
-0.00070584
0.00588048
-0.00228703
0.00553167
-0.00363926
0.00509611
-0.00381794
0.00463554
-0.0035214
0.00423386
-0.00208245
0.00404843
0.00300065
0.00451898
0.00822956
0.00547306
0.00704196
0.00606982
0.000236231
0.00611409
-0.00671945
0.00577506
-0.0111463
0.00531232
-0.0127921
0.00492612
-0.01229
0.00451077
-0.0137991
0.00418653
-0.0167281
0.00400795
-0.0105817
0.00364347
0.00542964
0.00325592
0.0193635
0.00348795
0.0217219
0.00426871
0.0149272
0.00495287
0.00409745
0.00525813
-0.00904784
0.00519091
-0.0204791
0.00488581
-0.0244181
0.00452284
-0.0187327
0.00426844
-0.00311434
0.00422139
0.0177064
0.00442086
0.0281211
0.00486784
0.0206182
0.00515481
-0.00533313
0.00500876
-0.0284859
0.00472372
-0.025815
0.00445851
-0.000243388
0.00445097
0.0310444
0.00462281
0.025577
0.00455354
-0.0130848
0.00437422
-0.0158557
0.00159734
0.0065042
0.000493793
-0.00655103
0.00639434
-0.00059598
0.00613386
-0.00202655
0.00579383
-0.00329924
0.00538267
-0.00340677
0.00495738
-0.00309612
0.00462282
-0.00174788
0.00453075
0.00309271
0.00505604
0.00770427
0.005963
0.006135
0.0064441
-0.000244869
0.00639146
-0.00666681
0.00600275
-0.0107576
0.00551081
-0.0123001
0.00511309
-0.0118922
0.00469007
-0.0133761
0.00433892
-0.016377
0.00412704
-0.0103698
0.00372352
0.00583316
0.00332544
0.0197616
0.0036195
0.0214279
0.00446932
0.0140773
0.00517697
0.0033898
0.00547246
-0.00934333
0.00537673
-0.0203834
0.00503767
-0.024079
0.00464843
-0.0183435
0.00437362
-0.00283952
0.0043196
0.0177604
0.00454719
0.0278935
0.00504091
0.0201245
0.00533946
-0.00563167
0.00517529
-0.0283217
0.00487096
-0.0255107
0.00459097
3.66062e-05
0.00458797
0.0310474
0.00478162
0.0253833
0.00471888
-0.013022
0.00453485
-0.0156716
0.00170177
0.00671332
0.000532866
-0.00675239
0.00661414
-0.000496806
0.00636715
-0.00177955
0.00603958
-0.00297167
0.00565759
-0.00302478
0.00526661
-0.00270514
0.00499078
-0.00147206
0.00499649
0.00308701
0.00557822
0.00712255
0.00642781
0.0052854
0.00679477
-0.000611825
0.00665551
-0.00652755
0.00622689
-0.0103289
0.00571157
-0.0117848
0.00530442
-0.0114851
0.00487448
-0.0129461
0.00449433
-0.0159968
0.00424558
-0.0101211
0.00380126
0.00627747
0.00340033
0.0201625
0.00376826
0.02106
0.00468754
0.0131581
0.00541349
0.00266384
0.00569488
-0.00962472
0.00556718
-0.0202557
0.00519065
-0.0237025
0.004773
-0.0179258
0.00447652
-0.00254304
0.00441633
0.0178206
0.00467775
0.0276321
0.00522243
0.0195798
0.00553098
-0.00594022
0.00534586
-0.0281366
0.00502052
-0.0251854
0.00472545
0.000331671
0.00472841
0.0310444
0.00494636
0.0251654
0.00489105
-0.0129667
0.00470187
-0.0154825
0.00180842
0.00690918
0.000567688
-0.006944
0.0068186
-0.000406226
0.00658765
-0.00154861
0.00627446
-0.00265848
0.00592406
-0.00267437
0.00556618
-0.00234726
0.00533768
-0.00124356
0.00543609
0.0029886
0.00606845
0.00649019
0.00685275
0.0045011
0.00711522
-0.000874292
0.00690453
-0.00631687
0.00644731
-0.00987171
0.00591485
-0.0112523
0.00550024
-0.0110705
0.00506404
-0.0125099
0.00465223
-0.015585
0.0043623
-0.00983117
0.00387659
0.00676318
0.00348343
0.0205557
0.00393791
0.0206055
0.0049253
0.0121707
0.00566289
0.00192625
0.00592536
-0.00988719
0.00576205
-0.0200924
0.0053442
-0.0232847
0.00489558
-0.0174772
0.00457602
-0.00222348
0.00451124
0.0178854
0.00481322
0.0273301
0.00541309
0.0189799
0.00572969
-0.00625682
0.0055204
-0.0279273
0.00517202
-0.024837
0.00486171
0.000641979
0.00487251
0.0310336
0.00511759
0.0249203
0.0050705
-0.0129197
0.00487552
-0.0152875
0.00191746
0.00709994
0.000600169
-0.00713242
0.00701571
-0.000321997
0.0068018
-0.0013347
0.00650398
-0.00236066
0.00618539
-0.00235578
0.00585962
-0.00202149
0.00566721
-0.00105115
0.00584401
0.0028118
0.0065125
0.0058217
0.00722727
0.00378633
0.00740215
-0.00104917
0.0071386
-0.00605331
0.00666447
-0.00939759
0.00612109
-0.010709
0.0057007
-0.0106501
0.00525876
-0.012068
0.00481204
-0.0151383
0.00447582
-0.00949495
0.00394965
0.00728935
0.00357853
0.0209268
0.00413278
0.0200512
0.00518453
0.011119
0.0059255
0.00118528
0.00616377
-0.0101255
0.00596108
-0.0198897
0.00549776
-0.0228213
0.00501502
-0.0169945
0.00467086
-0.00187931
0.00460406
0.0179522
0.00495444
0.0269798
0.0056136
0.0183207
0.00593587
-0.00657909
0.00569882
-0.0276902
0.00532501
-0.0244632
0.00499943
0.00096756
0.00502061
0.0310124
0.00529596
0.0246449
0.00525773
-0.0128814
0.00505604
-0.0150858
0.00202906
0.00729136
0.000631259
-0.00732245
0.00721161
-0.000242251
0.00701475
-0.00113783
0.00673297
-0.00207889
0.00644469
-0.0020675
0.00615032
-0.00172712
0.00598528
-0.000886108
0.00621974
0.00257734
0.00690308
0.00513836
0.00754806
0.00314135
0.00765667
-0.00115778
0.00735958
-0.00575623
0.00687936
-0.00891737
0.00633092
-0.0101605
0.00590599
-0.0102252
0.00545867
-0.0116207
0.00497319
-0.0146528
0.00458476
-0.00910652
0.0040209
0.00785321
0.00369042
0.0212573
0.00435772
0.0193839
0.005467
0.0100097
0.00620151
0.000450766
0.00640988
-0.0103338
0.00616394
-0.0196437
0.0056507
-0.0223081
0.00513008
-0.0164739
0.00475971
-0.00150894
0.00469465
0.0180172
0.00510243
0.026572
0.00582474
0.0175984
0.00614984
-0.00690419
0.00588102
-0.0274214
0.00547901
-0.0240612
0.00513829
0.00130828
0.0051731
0.0309776
0.00548227
0.0243358
0.00545327
-0.0128524
0.00524364
-0.0148762
0.00214342
0.00748719
0.000660999
-0.00751693
0.00741069
-0.000165751
0.00723032
-0.000957462
0.00696527
-0.00181384
0.00670473
-0.00180696
0.00644115
-0.00146355
0.00629805
-0.000743006
0.00656732
0.00230807
0.00724187
0.00446381
0.00781982
0.00256339
0.00788389
-0.00122185
0.00757079
-0.00544313
0.00709332
-0.0084399
0.00654504
-0.00961224
0.00611634
-0.00979648
0.00566374
-0.0111681
0.00513515
-0.0141242
0.00468782
-0.0086592
0.00409133
0.00844969
0.00382494
0.0215237
0.00461784
0.018591
0.00577417
0.00885335
0.00649084
-0.000265903
0.00666332
-0.0105063
0.00637025
-0.0193507
0.00580235
-0.0217402
0.00523939
-0.0159109
0.00484119
-0.00111074
0.00478311
0.0180753
0.00525841
0.0260967
0.00604727
0.0168096
0.00637189
-0.0072288
0.00606687
-0.0271164
0.00563343
-0.0236277
0.00527792
0.00166378
0.00533048
0.0309251
0.00567741
0.0239888
0.00565772
-0.0128327
0.00543853
-0.014657
0.00226081
0.0076897
0.000688799
-0.0077175
0.00761586
-9.19125e-05
0.00745113
-0.000792736
0.00720355
-0.00156626
0.00696782
-0.00157123
0.00673429
-0.00123001
0.00661029
-0.00061901
0.00689357
0.00202479
0.00753826
0.00381911
0.00805345
0.00204821
0.0080915
-0.00125991
0.00777621
-0.00512784
0.00730775
-0.00797144
0.00676421
-0.00906869
0.00633204
-0.00936431
0.00587393
-0.01071
0.0052976
-0.0135479
0.00478389
-0.00814549
0.00416283
0.00907076
0.00398907
0.0216975
0.00491822
0.0176619
0.00610705
0.00766452
0.00679312
-0.000951973
0.00692362
-0.0106368
0.0065796
-0.0190067
0.00595207
-0.0211127
0.00534159
-0.0153004
0.00491406
-0.000683214
0.00486985
0.0181195
0.00542381
0.0255427
0.00628201
0.0159514
0.00660233
-0.00754912
0.00625624
-0.0267703
0.00578765
-0.0231592
0.00541795
0.00203348
0.00549338
0.0308497
0.00588243
0.0235998
0.00587171
-0.012822
0.00564085
-0.0144261
0.0023815
0.00790007
0.000713824
-0.00792509
0.00782884
-2.06838e-05
0.00767887
-0.000642766
0.00744943
-0.00133682
0.0072358
-0.0013576
0.00703122
-0.00102543
0.00692489
-0.00051268
0.007206
0.00174369
0.0078056
0.00321951
0.00826244
0.00159136
0.00828782
-0.00128529
0.00797983
-0.00481985
0.00752402
-0.00751563
0.00698917
-0.00853384
0.00655342
-0.00892855
0.00608916
-0.0102457
0.00546053
-0.0129192
0.00487233
-0.00755729
0.0042387
0.00970439
0.00419103
0.0217451
0.00526339
0.0165895
0.00646594
0.00646197
0.00710758
-0.00159361
0.00719012
-0.0107194
0.00679154
-0.0186081
0.00609929
-0.0204204
0.00543542
-0.0146365
0.00497732
-0.000225119
0.0049558
0.018141
0.00560034
0.0248982
0.00652975
0.015022
0.00684146
-0.00786084
0.00644899
-0.0263778
0.00594102
-0.0226512
0.00555802
0.00241649
0.00566257
0.0307451
0.0060985
0.0231638
0.00609589
-0.0128194
0.00585076
-0.014181
0.00250579
0.0081188
0.000735212
-0.00814019
0.00805053
4.75928e-05
0.00791452
-0.000506756
0.00770373
-0.00112603
0.00750998
-0.00116385
0.00733287
-0.000848315
0.00724311
-0.000422924
0.00751118
0.00147561
0.00805707
0.00267362
0.00845961
0.00118883
0.0084802
-0.00130589
0.00818508
-0.00452473
0.0077433
-0.00707385
0.00722061
-0.00801115
0.00678095
-0.00848889
0.00630939
-0.00977414
0.00562446
-0.0122343
0.00495343
-0.00688626
0.0043243
0.0103335
0.00444024
0.0216292
0.00565681
0.0153729
0.00685027
0.0052685
0.00743301
-0.00217636
0.00746206
-0.0107484
0.00700563
-0.0181516
0.00624358
-0.0196584
0.0055199
-0.0139129
0.00503051
0.000264271
0.00504254
0.018129
0.00578997
0.0241508
0.00679125
0.0140207
0.00708956
-0.00815915
0.00664501
-0.0259333
0.00609284
-0.022099
0.00569781
0.00281152
0.00583897
0.0306039
0.00632692
0.0226759
0.00633096
-0.0128234
0.00606834
-0.0139184
0.00263398
0.008346
0.000752293
-0.00836308
0.00828144
0.000112154
0.00815864
-0.00038396
0.00796672
-0.000934109
0.00779125
-0.000988383
0.00763967
-0.000696728
0.00756532
-0.000348577
0.00781401
0.00122692
0.0083032
0.00218443
0.00865491
0.000837116
0.00867422
-0.00132519
0.00839464
-0.00424515
0.0079666
-0.00664581
0.0074591
-0.00750365
0.00701524
-0.00804504
0.00653456
-0.00929347
0.00579071
-0.0114904
0.00502925
-0.0061248
0.0044278
0.010935
0.00474704
0.0213099
0.00610032
0.0140196
0.00725836
0.00411047
0.00776772
-0.00268571
0.0077385
-0.0107192
0.00722146
-0.0176346
0.00638478
-0.0188217
0.00559457
-0.0131227
0.00507397
0.000784873
0.00513254
0.0180704
0.00599498
0.0232883
0.00706725
0.0129484
0.0073469
-0.00843881
0.00684419
-0.0254305
0.00624244
-0.0214973
0.00583709
0.00321687
0.0060237
0.0304173
0.00656906
0.0221305
0.0065776
-0.012832
0.00629369
-0.0136345
0.00276633
0.00858178
0.000764555
-0.00859404
0.0085217
0.000172239
0.00841154
-0.000273799
0.00823842
-0.000760989
0.00808009
-0.000830055
0.00795176
-0.000568397
0.00789146
-0.000288277
0.00811768
0.0010007
0.00855088
0.00175124
0.0088552
0.000532792
0.0088736
-0.00134359
0.00861043
-0.00398198
0.00819484
-0.00623022
0.00770508
-0.00701388
0.00725714
-0.0075971
0.0067647
-0.00880102
0.00596194
-0.0106877
0.00510508
-0.00526794
0.00456121
0.0114788
0.00512201
0.0207492
0.00659361
0.012548
0.00768716
0.00301692
0.00810946
-0.00310801
0.00801841
-0.0106281
0.00743872
-0.0170549
0.00652313
-0.0179061
0.00565984
-0.0122594
0.00510934
0.00133537
0.00522944
0.0179503
0.00621799
0.0222998
0.00735843
0.011808
0.00761375
-0.00869413
0.0070465
-0.0248633
0.00638918
-0.0208399
0.00597578
0.00363026
0.00621801
0.0301751
0.0068264
0.0215221
0.00683653
-0.0128421
0.00652689
-0.0133248
0.00290303
0.00882629
0.0007717
-0.00883343
0.00877143
0.000227092
0.0086734
-0.000175767
0.00851872
-0.000606305
0.00837673
-0.000688066
0.00826914
-0.000460802
0.00822141
-0.000240548
0.00842414
0.000797967
0.00880411
0.00137126
0.00906443
0.000272472
0.00908063
-0.00135979
0.00883373
-0.00373508
0.00842898
-0.00582547
0.00795881
-0.00654372
0.00750774
-0.00714603
0.00700007
-0.00829335
0.00614227
-0.00982989
0.00519157
-0.00431724
0.00474158
0.0119288
0.00557506
0.0199157
0.00713357
0.0109895
0.0081321
0.00201839
0.00845551
-0.00343142
0.00830069
-0.0104733
0.00765726
-0.0164115
0.00665951
-0.0169083
0.00571733
-0.0113172
0.00514001
0.00191269
0.00533835
0.017752
0.00646197
0.0211761
0.00766541
0.0106045
0.00789033
-0.00891905
0.00725195
-0.0242249
0.00653257
-0.0201206
0.00611401
0.00404883
0.00642328
0.0298658
0.0071004
0.020845
0.00710841
-0.0128501
0.00676805
-0.0129845
0.00304413
0.00907972
0.000773607
-0.00908163
0.00903078
0.000276034
0.00894439
-8.93812e-05
0.00880754
-0.000469455
0.00868124
-0.000561769
0.00859181
-0.000371365
0.00855507
-0.000203814
0.00873454
0.000618499
0.00906478
0.00104103
0.00928486
5.23944e-05
0.00929671
-0.00137164
0.00906536
-0.00350373
0.00867013
-0.00543024
0.00822036
-0.00609395
0.00776837
-0.00669404
0.00724176
-0.00776673
0.00633764
-0.00892577
0.00530703
-0.00328664
0.00499225
0.0122436
0.00611392
0.018794
0.00771382
0.00938963
0.00858691
0.00114529
0.00880274
-0.00364724
0.00858426
-0.0102548
0.00787719
-0.0157044
0.00679564
-0.0158268
0.00577047
-0.010292
0.0051718
0.00251137
0.0054662
0.0174576
0.00673024
0.0199121
0.00798872
0.00934606
0.00817686
-0.0091072
0.00746071
-0.0235088
0.00667233
-0.0193322
0.00625215
0.00446901
0.00664107
0.0294769
0.00739247
0.0200936
0.00739389
-0.0128515
0.00701741
-0.012608
0.00318945
0.00934237
0.00077029
-0.00933905
0.00929991
0.000318494
0.00922467
-1.414e-05
0.00910487
-0.000349661
0.00899364
-0.000450536
0.00891985
-0.000297571
0.00889249
-0.000176453
0.00904962
0.000461363
0.00933382
0.000756825
0.00951745
-0.000131237
0.00952279
-0.00137698
0.00930579
-0.00328673
0.00891958
-0.00504403
0.00848963
-0.00566399
0.00804042
-0.00624482
0.00749164
-0.00721795
0.0065555
-0.00798964
0.00547979
-0.00221092
0.00534375
0.0123796
0.0067425
0.0173953
0.00832396
0.00780818
0.00904371
0.000425539
0.0091478
-0.00375134
0.00886815
-0.00997519
0.00809899
-0.0149353
0.00693437
-0.0146622
0.00582509
-0.00918274
0.0052137
0.00312276
0.00562204
0.0170493
0.00702655
0.0185076
0.00832882
0.00804379
0.00847352
-0.00925189
0.00767309
-0.0227083
0.00680852
-0.0184676
0.00639096
0.00488656
0.00687298
0.0289949
0.00770392
0.0192627
0.00769359
-0.0128412
0.00727533
-0.0121897
0.00333847
0.0096146
0.000761861
-0.00960617
0.00957905
0.000354043
0.00951443
5.04769e-05
0.0094108
-0.000246024
0.00931392
-0.000353662
0.00925344
-0.000237088
0.00923381
-0.000156827
0.00936997
0.000325205
0.00961158
0.000515218
0.00976277
-0.000282428
0.00975968
-0.00137389
0.00955529
-0.00308234
0.00917877
-0.00466751
0.00876657
-0.00525179
0.00832496
-0.00580322
0.00775198
-0.00664497
0.00680457
-0.00704223
0.00574657
-0.00115291
0.00583148
0.0122947
0.00745746
0.0157693
0.0089488
0.00631683
0.0094932
-0.000118864
0.00948752
-0.00374566
0.00915161
-0.00963927
0.00832359
-0.0141073
0.00707994
-0.0134185
0.00589013
-0.00799293
0.00527862
0.00373427
0.00581737
0.0165105
0.00735517
0.0169698
0.00868606
0.0067129
0.00878043
-0.00934626
0.00788967
-0.0218176
0.00694169
-0.0175196
0.00653162
0.00529663
0.00712067
0.0284058
0.0080359
0.0183475
0.00800809
-0.0128134
0.00754249
-0.0117241
0.00349017
0.00989682
0.000748494
-0.00988346
0.00986836
0.000382508
0.00981403
0.000104802
0.00972547
-0.000157465
0.00964213
-0.000270321
0.00959291
-0.000187869
0.00957935
-0.000143263
0.00969609
0.000208468
0.00989857
0.000312736
0.0100208
-0.0004047
0.0100082
-0.00136125
0.0098141
-0.00288823
0.00944905
-0.00430246
0.00905151
-0.00485426
0.00862229
-0.00537399
0.00802623
-0.00604892
0.00709245
-0.00610845
0.00614258
-0.000203037
0.00648281
0.0119545
0.0082415
0.0140106
0.00956761
0.00499072
0.00992532
-0.000476576
0.00981937
-0.00363971
0.00943428
-0.00925418
0.00855249
-0.0132255
0.00723829
-0.0121043
0.00597829
-0.00673293
0.00538408
0.00432849
0.00606633
0.0158282
0.00772089
0.0153152
0.00906066
0.00537312
0.00909763
-0.00938323
0.00811131
-0.0208313
0.00707314
-0.0164815
0.00667584
0.00569392
0.00738576
0.0276959
0.0083894
0.0173438
0.008338
-0.012762
0.00781999
-0.0112061
0.00364285
0.0101895
0.000730406
-0.0101714
0.0101682
0.000403785
0.0101237
0.000149353
0.0100492
-8.29274e-05
0.00997841
-0.000199576
0.00993866
-0.000148118
0.0099296
-0.000134196
0.0100285
0.000109551
0.0101953
0.000145944
0.0102917
-0.000501106
0.0102691
-0.00133867
0.0100826
-0.00270172
0.00973146
-0.0039513
0.00934547
-0.00446827
0.00893172
-0.00496024
0.00831923
-0.00543642
0.00742413
-0.00521335
0.00667969
0.000541406
0.00728962
0.0113446
0.0090552
0.012245
0.0101543
0.00389159
0.0103311
-0.000653298
0.0101421
-0.00345078
0.00971632
-0.00882837
0.0087878
-0.0122969
0.00741714
-0.0107337
0.0061065
-0.00542229
0.00555257
0.00488242
0.00638537
0.0149954
0.00812893
0.0135717
0.00945263
0.00404942
0.00942503
-0.00935564
0.00833929
-0.0197455
0.00720506
-0.0153472
0.00682603
0.00607296
0.00766986
0.0268521
0.0087652
0.0162485
0.00868397
-0.0126808
0.00810946
-0.0106316
0.00379394
0.0104932
0.000707846
-0.0104707
0.0104791
0.000417903
0.0104438
0.000184685
0.0103822
-2.13559e-05
0.010323
-0.000140363
0.0102912
-0.000116321
0.0102852
-0.000128198
0.0103678
2.69281e-05
0.0105024
1.13631e-05
0.0105754
-0.000574159
0.0105432
-0.00130642
0.0103616
-0.00252014
0.0100266
-0.00361625
0.00965015
-0.00409186
0.00925208
-0.00456217
0.0086367
-0.00482104
0.00780131
-0.00437796
0.00732723
0.00101549
0.0081848
0.010487
0.00983694
0.0105929
0.0106824
0.00304612
0.010705
-0.000675858
0.0104566
-0.0032024
0.00999841
-0.00837019
0.00903225
-0.0113308
0.00762595
-0.00932737
0.00629569
-0.00409203
0.00581087
0.00536724
0.00679215
0.0140142
0.00858438
0.0117795
0.0098615
0.0027723
0.00976227
-0.0092564
0.0085754
-0.0185586
0.00734091
-0.0141128
0.00698543
0.00642844
0.0079747
0.0258628
0.00916406
0.0150591
0.0090468
-0.0125635
0.00841325
-0.00999806
0.00393974
0.0108085
0.000681087
-0.0107817
0.0108014
0.000425001
0.0107747
0.000211385
0.010725
2.83174e-05
0.0106762
-9.15716e-05
0.0106511
-9.11917e-05
0.0106468
-0.000123975
0.0107146
-4.0855e-05
0.0108205
-9.45537e-05
0.0108722
-0.000625856
0.010831
-0.00126513
0.0106521
-0.00234127
0.0103345
-0.00329866
0.0099675
-0.00372486
0.00958265
-0.00417732
0.00898339
-0.00422178
0.00822372
-0.00361829
0.00801851
0.0012207
0.00905832
0.00944718
0.0105226
0.00912854
0.0111343
0.00243447
0.011048
-0.00058954
0.0107657
-0.00292016
0.0102817
-0.0078862
0.00928914
-0.0103382
0.00787552
-0.00791376
0.00656931
-0.00278582
0.00618749
0.00574906
0.00730283
0.0128988
0.00909104
0.00999124
0.0102861
0.00157729
0.0101086
-0.00907896
0.00882206
-0.0172721
0.00748574
-0.0127764
0.00715856
0.00675562
0.00830257
0.0247188
0.00958701
0.0137747
0.00942752
-0.012404
0.00873451
-0.00930505
0.00407519
0.0111359
0.000650422
-0.0111052
0.0111356
0.000425317
0.0111168
0.000230119
0.0110781
6.70426e-05
0.0110386
-5.20471e-05
0.011019
-7.15991e-05
0.0110157
-0.000120663
0.0110697
-9.48316e-05
0.0111504
-0.000175276
0.0111825
-0.000657972
0.011133
-0.0012156
0.0109554
-0.00216371
0.0106553
-0.00299856
0.0102992
-0.00336875
0.00992413
-0.00380227
0.00936053
-0.00365817
0.00868743
-0.0029452
0.008687
0.00122113
0.00981544
0.00831874
0.0110776
0.00786639
0.0115105
0.00200158
0.0113676
-0.000446635
0.0110743
-0.00262685
0.0105679
-0.0073798
0.00956211
-0.00933241
0.00817706
-0.0065287
0.00695014
-0.0015589
0.00670734
0.00599187
0.00792775
0.0116784
0.00964954
0.00826945
0.0107238
0.000503064
0.0104628
-0.00881801
0.00908244
-0.0158917
0.00764676
-0.0113408
0.00735206
0.00705032
0.00865723
0.0234136
0.0100358
0.0123961
0.00982746
-0.0121957
0.00907721
-0.00855481
0.00419371
0.0114761
0.00061615
-0.0114419
0.0114823
0.00041917
0.0114709
0.000241514
0.0114421
9.58524e-05
0.0114107
-2.07169e-05
0.0113957
-5.65247e-05
0.0113926
-0.000117549
0.0114338
-0.000136049
0.0114926
-0.000234111
0.0115067
-0.000672105
0.0114496
-0.00115849
0.0112728
-0.0019869
0.0109891
-0.00271485
0.0106462
-0.00302589
0.0102786
-0.0034346
0.00976527
-0.00314486
0.00918372
-0.00236364
0.00929895
0.0011059
0.0104257
0.007192
0.0115126
0.00677946
0.0118295
0.00168472
0.0116753
-0.000292509
0.0113874
-0.00233889
0.0108587
-0.00685116
0.00985498
-0.00832864
0.0085406
-0.00521433
0.00745511
-0.000473404
0.00738368
0.0060633
0.00866584
0.0103963
0.0102551
0.00668022
0.0111705
-0.000412332
0.010823
-0.00847054
0.00936052
-0.0144292
0.00783417
-0.00981441
0.00757651
0.00730798
0.00904558
0.0219446
0.0105135
0.0109282
0.0102483
-0.0119305
0.0094461
-0.00775265
0.00428705
0.01183
0.000578561
-0.0117924
0.0118422
0.000406951
0.0118375
0.00024618
0.0118176
0.00011579
0.0117935
3.3961e-06
0.011782
-4.50335e-05
0.0117786
-0.000114147
0.011808
-0.000165488
0.011848
-0.000274061
0.0118457
-0.000669857
0.0117815
-0.00109429
0.0116056
-0.00181102
0.0113365
-0.00244569
0.0110091
-0.00269856
0.0106486
-0.00307401
0.0101923
-0.00268863
0.00970112
-0.00187245
0.00985722
0.000949801
0.0109199
0.00612935
0.0118694
0.0058299
0.0121176
0.00143656
0.0119824
-0.000157321
0.0117094
-0.00206585
0.0111567
-0.00629847
0.0101714
-0.00734338
0.00897297
-0.00401589
0.00808831
0.000411261
0.00820897
0.00594264
0.00949946
0.00910576
0.0108956
0.0052841
0.0116202
-0.00113695
0.0111867
-0.00803703
0.00966111
-0.0129036
0.00806237
-0.00821568
0.00784942
0.00752093
0.00948011
0.0203139
0.0110247
0.00938362
0.0106918
-0.0115975
0.00984649
-0.00690737
0.00434527
0.0121982
0.000537924
-0.0121575
0.012216
0.000389111
0.0122175
0.0002447
0.0122054
0.000127885
0.0121876
2.11821e-05
0.0121789
-3.62966e-05
0.0121748
-0.000110112
0.0121935
-0.000184147
0.0122172
-0.000297745
0.0122002
-0.0006529
0.0121293
-0.00102333
0.0119549
-0.00163667
0.0116982
-0.00218898
0.011388
-0.0023884
0.0110362
-0.00272216
0.0106364
-0.00228884
0.0102296
-0.00146567
0.0103826
0.000796843
0.0113506
0.00516133
0.0121928
0.00498766
0.0123985
0.00123089
0.0122968
-5.55603e-05
0.0120431
-0.00181219
0.0114649
-0.00572029
0.0105147
-0.00639318
0.00947393
-0.00297511
0.00883525
0.00104994
0.00914797
0.00562992
0.0103918
0.00786192
0.0115514
0.00412447
0.0120659
-0.00165143
0.0115512
-0.00752233
0.00998955
-0.011342
0.00835132
-0.00657745
0.00819881
0.00767344
0.00998114
0.0185316
0.011576
0.00778876
0.0111597
-0.0111812
0.010284
-0.00603171
0.00435679
0.0125816
0.000494479
-0.0125382
0.0126046
0.00036614
0.0126117
0.000237624
0.0126064
0.00013314
0.0125942
3.3446e-05
0.0125875
-2.96035e-05
0.0125825
-0.00010518
0.0125915
-0.000193066
0.0126011
-0.000307382
0.0125712
-0.000622964
0.0124936
-0.000945786
0.0123215
-0.00146458
0.0120753
-0.00194279
0.0117829
-0.002096
0.0114427
-0.00238189
0.0110939
-0.00194008
0.0107628
-0.00113461
0.0108951
0.000664581
0.0117597
0.00429677
0.0125135
0.00423384
0.0126885
0.00105585
0.0126228
1.01214e-05
0.0123898
-0.00157918
0.0117877
-0.00511818
0.0108876
-0.00549307
0.0100347
-0.00212223
0.00965836
0.00142631
0.0101376
0.00515066
0.0112898
0.00670976
0.0121979
0.00321638
0.0125009
-0.00195444
0.0119141
-0.00693552
0.0103513
-0.00977919
0.00872613
-0.0049523
0.00866361
0.00773595
0.010576
0.0166192
0.0121738
0.00619091
0.0116529
-0.0106602
0.0107642
-0.00514296
0.00430862
0.0129813
0.000448434
-0.0129353
0.0130089
0.000338539
0.0130211
0.000225472
0.0130217
0.000132497
0.0130142
4.09269e-05
0.013009
-2.43755e-05
0.013003
-9.91377e-05
0.0130032
-0.000193325
0.0130007
-0.000304822
0.0129595
-0.000581774
0.0128755
-0.000861844
0.0127063
-0.00129532
0.0124691
-0.00170558
0.012194
-0.00182094
0.0118683
-0.00205621
0.0115629
-0.00163468
0.0112978
-0.000869518
0.0114071
0.000555341
0.0121699
0.00353399
0.0128468
0.00355689
0.0129974
0.00090521
0.0129631
4.44806e-05
0.01275
-0.00136612
0.0121303
-0.00449844
0.011292
-0.00465475
0.0106372
-0.00146742
0.0105026
0.00156084
0.0111004
0.00455285
0.0121356
0.00567457
0.0128112
0.00254077
0.0129213
-0.00206454
0.0122742
-0.00628836
0.0107508
-0.0082558
0.009213
-0.00341452
0.00928575
0.0076632
0.0112915
0.0146134
0.0128218
0.00466059
0.0121711
-0.0100095
0.0112919
-0.0042638
0.00418675
0.0133983
0.000399963
-0.0133498
0.0134301
0.000306797
0.0134468
0.000208739
0.0134525
0.00012682
0.0134491
4.43071e-05
0.0134449
-2.01633e-05
0.0134375
-9.18016e-05
0.0134302
-0.000186019
0.013417
-0.000291615
0.0133662
-0.000530956
0.0132761
-0.00077176
0.0131099
-0.00112914
0.0128806
-0.00147622
0.0126215
-0.00156188
0.0123129
-0.00174756
0.012043
-0.00136479
0.0118337
-0.000660196
0.011924
0.000464969
0.0125909
0.00286713
0.013199
0.00294877
0.0133307
0.000773552
0.0133195
5.56705e-05
0.0131241
-0.0011707
0.0124977
-0.00387209
0.0117282
-0.0038852
0.0112576
-0.000996796
0.0113113
0.00150712
0.0119686
0.00389552
0.0128852
0.00475798
0.0133768
0.00204911
0.0133286
-0.00201628
0.0126327
-0.00559247
0.0111902
-0.00681334
0.00982962
-0.00205391
0.0100916
0.0074012
0.0121394
0.0125657
0.0135163
0.00328368
0.0127116
-0.00920482
0.01187
-0.00342219
0.00397729
0.0138338
0.000349206
-0.013783
0.0138692
0.000271368
0.01389
0.000187897
0.0139
0.00011688
0.0139
4.42216e-05
0.0138965
-1.66342e-05
0.0138877
-8.30291e-05
0.0138739
-0.000172203
0.0138514
-0.000269101
0.0137924
-0.000471956
0.0136965
-0.000675891
0.0135333
-0.000965858
0.0133109
-0.00125387
0.0130659
-0.00131688
0.0127756
-0.00145721
0.0125343
-0.00112352
0.0123705
-0.000496431
0.0124478
0.0003877
0.0130268
0.00228812
0.0135728
0.00240278
0.0136913
0.000655039
0.0136944
5.25346e-05
0.0135132
-0.000989444
0.0128937
-0.0032526
0.0121942
-0.0031857
0.0118743
-0.00067688
0.0120466
0.00133479
0.012709
0.0032331
0.0135245
0.00394251
0.0138946
0.00167905
0.0137297
-0.0018514
0.0129943
-0.00485709
0.0116686
-0.00548757
0.0105725
-0.000957812
0.0110697
0.00690394
0.0131004
0.010535
0.0142429
0.00214117
0.01327
-0.00823188
0.0124969
-0.00264905
0.00366875
0.0142889
0.000296273
-0.014236
0.0143277
0.000232653
0.0143522
0.000163393
0.0143657
0.000103352
0.0143687
4.1255e-05
0.0143656
-1.35473e-05
0.0143553
-7.2731e-05
0.0143359
-0.000152848
0.0143053
-0.000238478
0.0142393
-0.000405996
0.0141381
-0.000574669
0.0139772
-0.000804957
0.0137611
-0.00103774
0.0135278
-0.00108365
0.0132556
-0.00118501
0.0130373
-0.000905154
0.0129093
-0.000368499
0.0129786
0.000318439
0.0134797
0.00178702
0.0139701
0.00191242
0.0140809
0.000544237
0.0140908
4.25768e-05
0.0139198
-0.000818393
0.0133193
-0.00265213
0.0126857
-0.00255215
0.0124745
-0.000465592
0.0127019
0.00110735
0.0133325
0.00260248
0.0140721
0.00320289
0.0143776
0.00137358
0.0141354
-0.00160922
0.0133674
-0.00408907
0.0121809
-0.00430106
0.0114084
-0.000185355
0.0121593
0.00615308
0.0141193
0.00857497
0.0149777
0.00128276
0.0138402
-0.0070944
0.0131633
-0.00197216
0.0032555
0.0147653
0.000241231
-0.0147103
0.014807
0.000191
0.0148347
0.00013565
0.0148513
8.68161e-05
0.0148566
3.59382e-05
0.0148538
-1.07303e-05
0.0148419
-6.0885e-05
0.0148179
-0.000128819
0.0147803
-0.00020085
0.0147083
-0.000334065
0.0146022
-0.000468529
0.0144428
-0.000645619
0.0142319
-0.000826846
0.014008
-0.000859699
0.0137523
-0.000929336
0.0135522
-0.000704972
0.0134512
-0.000267588
0.0135162
0.000253476
0.0139511
0.00135215
0.0143929
0.00147064
0.0145002
0.000436887
0.0145119
3.08959e-05
0.0143472
-0.00065367
0.0137734
-0.0020784
0.0131974
-0.00197612
0.0130557
-0.000323887
0.0132954
0.000867624
0.0138789
0.00201898
0.0145657
0.0025161
0.0148452
0.00109413
0.0145566
-0.00132068
0.0137627
-0.00329519
0.0127192
-0.00325754
0.0122784
0.00025549
0.0132618
0.00516961
0.0151188
0.00671797
0.0156939
0.000707653
0.0144165
-0.00581699
0.0138519
-0.00140757
0.00274123
0.0152646
0.000184118
-0.0152074
0.0153089
0.000146692
0.0153395
0.000105066
0.0153585
6.77792e-05
0.0153657
2.87457e-05
0.015363
-8.05635e-06
0.0153497
-4.75399e-05
0.0153217
-0.000100873
0.0152781
-0.00015724
0.015201
-0.000256949
0.0150903
-0.000357838
0.0149315
-0.000486804
0.0147245
-0.000619808
0.0145072
-0.000642415
0.0142652
-0.00068738
0.014079
-0.000518719
0.0139975
-0.00018614
0.0140605
0.000190434
0.0144422
0.000970542
0.0148436
0.00106925
0.0149503
0.000330138
0.0149609
2.02634e-05
0.0147992
-0.000491902
0.0142538
-0.00153307
0.0137242
-0.0014465
0.0136226
-0.000222325
0.0138542
0.000636021
0.0143927
0.00148055
0.0150436
0.00186518
0.0153161
0.000821653
0.0150021
-0.00100672
0.014191
-0.0024841
0.0132738
-0.00234033
0.0131172
0.000412066
0.0142788
0.00400802
0.0160316
0.00496523
0.0163738
0.000365459
0.0149952
-0.00443843
0.0145407
-0.000953035
0.00213951
0.0157885
0.000124919
-0.0157293
0.0158352
9.9958e-05
0.0158683
7.20121e-05
0.0158894
4.66812e-05
0.015898
2.00949e-05
0.0158954
-5.43013e-06
0.0158807
-3.28163e-05
0.0158495
-6.96855e-05
0.0158009
-0.000108611
0.0157192
-0.000175261
0.0156042
-0.000242834
0.0154446
-0.000327277
0.0152396
-0.000414744
0.0150261
-0.000428933
0.0147939
-0.000455231
0.0146175
-0.000342222
0.0145491
-0.000117788
0.0146117
0.000127837
0.014954
0.000628225
0.0153248
0.000698481
0.0154326
0.000222274
0.0154413
1.16431e-05
0.0152797
-0.000330314
0.0147584
-0.00101181
0.0142625
-0.000950543
0.0141817
-0.000141547
0.0144006
0.000417132
0.0149057
0.000975387
0.0155337
0.00123723
0.0158054
0.000549906
0.0154782
-0.000679507
0.0146585
-0.00166434
0.0138358
-0.00151762
0.0138797
0.00036817
0.0151554
0.00273231
0.0168307
0.00328989
0.0170176
0.000178552
0.0155762
-0.00299699
0.0152113
-0.000588202
0.00147004
0.0163393
6.35892e-05
-0.016278
0.0163882
5.10276e-05
0.0164234
3.68502e-05
0.0164462
2.39234e-05
0.0164559
1.03731e-05
0.0164532
-2.78457e-06
0.0164373
-1.69005e-05
0.0164035
-3.58764e-05
0.0163508
-5.58947e-05
0.016265
-8.94883e-05
0.0161458
-0.000123593
0.0159841
-0.000165578
0.0157785
-0.000209176
0.0155656
-0.000216021
0.0153384
-0.000228007
0.0151671
-0.000170924
0.0151065
-5.7239e-05
0.0151697
6.47122e-05
0.0154876
0.000310239
0.0158396
0.000346568
0.0159496
0.000112226
0.0159563
4.95201e-06
0.0157927
-0.00016668
0.0152859
-0.00050507
0.0148093
-0.000473915
0.0147377
-6.99076e-05
0.0149475
0.000207334
0.0154351
0.000487771
0.0160524
0.000619875
0.0163253
0.000276981
0.01599
-0.000344146
0.0151642
-0.000838606
0.014397
-0.00075033
0.0145557
0.000209398
0.0158976
0.00139043
0.0175379
0.00164963
0.0176434
7.29831e-05
0.0161623
-0.00151582
0.0158559
-0.000281812
0.000751931
0.0169193
-0.0168557
0.0169703
0.0170072
0.0170311
0.0170415
0.0170387
0.0170218
0.0169859
0.01693
0.0168405
0.016717
0.0165514
0.0163422
0.0161262
0.0158982
0.0157272
0.01567
0.0157347
0.016045
0.0163915
0.0165038
0.0165087
0.016342
0.015837
0.015363
0.0152931
0.0155005
0.0159882
0.0166081
0.0168851
0.016541
0.0157023
0.014952
0.0151614
0.0165518
0.0182015
0.0182745
0.0167586
0.0164768
0.00451222
0.00101027
-0.00447428
0.00455014
0.00116806
0.00458807
0.00132662
0.00462603
0.00148568
0.00466403
0.00164495
0.00470198
0.00180413
0.00473966
0.00196286
0.0047766
0.00212064
0.00481192
0.00227681
0.00484413
0.0024304
0.00487084
0.00257995
0.00488844
0.00272332
0.00489183
0.00285733
0.00487404
0.0029778
0.00482667
0.00307863
0.0047399
0.00315354
0.00460392
0.00319427
0.00441639
0.00319189
0.00416655
0.00315587
0.00302164
0.00463754
0.000971749
-0.00459902
0.00467641
0.00112919
0.00471566
0.00128737
0.00475532
0.00144602
0.00479539
0.00160487
0.00483588
0.00176365
0.00487669
0.00192204
0.00491763
0.0020797
0.00495825
0.00223618
0.00499776
0.00239089
0.00503478
0.00254292
0.00506707
0.00269103
0.00509128
0.00283312
0.00510257
0.00296651
0.0050944
0.00308679
0.00505992
0.00318802
0.00498812
0.00326608
0.00488102
0.00329898
0.00471012
0.00332677
0.00322266
0.00476574
0.000933277
-0.00472727
0.00480502
0.00108992
0.00484512
0.00124727
0.00488605
0.00140509
0.00492782
0.0015631
0.00497042
0.00172105
0.00501381
0.00187865
0.00505792
0.0020356
0.00510254
0.00219156
0.0051473
0.00234613
0.00519153
0.0024987
0.00523405
0.00264851
0.00527294
0.00279424
0.00530548
0.00293397
0.00532673
0.00306554
0.00533277
0.00318198
0.00531077
0.00328808
0.00526049
0.00334927
0.00515677
0.00343049
0.00337173
0.00489896
0.000895471
-0.00486115
0.00493798
0.00105089
0.00497825
0.001207
0.00501981
0.00136353
0.00506266
0.00152025
0.00510681
0.0016769
0.00515223
0.00183323
0.00519887
0.00198895
0.00524666
0.00214377
0.00529544
0.00229736
0.00534486
0.00244927
0.00539442
0.00259895
0.00544291
0.00274575
0.005489
0.00288787
0.00552859
0.00302595
0.00555944
0.00315113
0.00557093
0.00327658
0.00556118
0.00335903
0.00551962
0.00347205
0.00346423
0.0050384
0.000858611
-0.00500154
0.00507677
0.00101253
0.00511672
0.00116705
0.00515831
0.00132194
0.0052016
0.00147697
0.00524661
0.0016319
0.00529334
0.00178649
0.00534179
0.00194051
0.00539189
0.00209366
0.00544358
0.00224567
0.00549662
0.00239623
0.00555078
0.00254479
0.00560513
0.0026914
0.00565912
0.00283388
0.00570988
0.00297519
0.00575638
0.00310463
0.00579327
0.00323969
0.00581539
0.00333691
0.00582258
0.00346486
0.00350377
0.00518426
0.00082271
-0.00514836
0.00522187
0.000974917
0.00526128
0.00112764
0.00530258
0.00128064
0.00534585
0.0014337
0.00539115
0.0015866
0.00543852
0.00173912
0.00548798
0.00189104
0.00553952
0.00204213
0.00559308
0.00219211
0.00564849
0.00234083
0.00570565
0.00248763
0.00576395
0.0026331
0.00582325
0.00277458
0.00588223
0.00291621
0.00593983
0.00304703
0.00599471
0.00318481
0.00603855
0.00329306
0.00607742
0.003426
0.00350016
0.00533629
0.000787684
-0.00530127
0.00537319
0.000938017
0.00541206
0.00108877
0.00545297
0.00123972
0.00549603
0.00139064
0.00554131
0.00154132
0.00558887
0.00169156
0.00563878
0.00184113
0.00569105
0.00198986
0.0057457
0.00213746
0.00580264
0.00228389
0.00586185
0.00242842
0.0059231
0.00257185
0.00598622
0.00271147
0.00605089
0.00285154
0.00611527
0.00298265
0.00618043
0.00311965
0.00623791
0.00323558
0.00629631
0.0033676
0.00346492
0.00549429
0.00075347
-0.00546008
0.00553054
0.000901765
0.00556891
0.00105041
0.00560946
0.00119917
0.00565228
0.00134782
0.00569745
0.00149615
0.00574504
0.00164397
0.00579513
0.00179104
0.00584777
0.00193723
0.00590302
0.0020822
0.00596089
0.00222602
0.00602139
0.00236791
0.00608449
0.00250876
0.0061498
0.00264616
0.00621758
0.00278376
0.00628581
0.00291442
0.0063568
0.00304866
0.00642372
0.00316865
0.00649419
0.00329713
0.00340808
0.00565821
0.00072004
-0.00562478
0.00569384
0.000866134
0.00573174
0.00101251
0.00577197
0.00115894
0.00581458
0.0013052
0.00585966
0.00145108
0.00590725
0.00159637
0.00595745
0.00174085
0.00601031
0.00188437
0.00606591
0.00202661
0.00612429
0.00216764
0.00618543
0.00230677
0.00624945
0.00244474
0.0063159
0.0025797
0.00638544
0.00271423
0.00645637
0.00284349
0.00653101
0.00297401
0.00660434
0.00309533
0.00668169
0.00321978
0.00333738
0.00582804
0.000687358
-0.00579536
0.00586308
0.000831097
0.00590052
0.000975062
0.00594044
0.00111902
0.00598288
0.00126277
0.00602788
0.00140607
0.00607552
0.00154874
0.00612584
0.00169053
0.00617889
0.00183131
0.00623473
0.00197077
0.00629344
0.00210893
0.00635497
0.00224524
0.00641955
0.00238017
0.00648682
0.00251242
0.00655748
0.00264357
0.00663026
0.00277071
0.00670682
0.00289745
0.00678391
0.00301824
0.00686494
0.00313875
0.00325832
0.00600403
0.000655475
-0.00597215
0.00603844
0.000796693
0.00607541
0.000938089
0.006115
0.00107944
0.00615724
0.00122052
0.00620218
0.00136113
0.00624986
0.00150106
0.00630031
0.00164008
0.00635359
0.00177804
0.0064097
0.00191466
0.00646875
0.00204988
0.0065307
0.00218329
0.00659575
0.00231511
0.00666367
0.0024445
0.00673495
0.00257229
0.00680877
0.0026969
0.00688622
0.00282
0.00696548
0.00293897
0.00704854
0.00305569
0.00317444
0.00618623
0.000624389
-0.00615514
0.00622
0.000762925
0.00625649
0.000901599
0.00629574
0.00104019
0.00633778
0.00117848
0.00638265
0.00131626
0.00643038
0.00145333
0.00648098
0.00158948
0.00653449
0.00172452
0.00659094
0.00185821
0.00665037
0.00199045
0.00671277
0.0021209
0.00677828
0.0022496
0.00684672
0.00237606
0.00691844
0.00250057
0.00699299
0.00262235
0.00707104
0.00274195
0.00715167
0.00285834
0.00723588
0.00297149
0.00308788
0.00637481
0.0005941
-0.00634452
0.00640794
0.000729801
0.00644393
0.000865603
0.00648283
0.00100129
0.00652466
0.00113665
0.00656945
0.00127148
0.00661721
0.00140557
0.00666796
0.00153872
0.00672173
0.00167075
0.00677852
0.00180142
0.00683837
0.0019306
0.00690125
0.00205802
0.00696724
0.00218361
0.00703626
0.00230704
0.00710851
0.00242833
0.00718377
0.00254709
0.00726239
0.00266333
0.00734394
0.00277679
0.00742885
0.00288658
0.0029998
0.00656995
0.000564608
-0.00654046
0.00660243
0.000697323
0.00663792
0.000830107
0.00667646
0.000962748
0.00671807
0.00109504
0.00676276
0.00122678
0.00681055
0.00135778
0.00686145
0.00148782
0.00691548
0.00161673
0.00697262
0.00174428
0.00703289
0.00187032
0.00709629
0.00199463
0.00716285
0.00211705
0.00723252
0.00223737
0.00730539
0.00235545
0.00738137
0.00247111
0.0074606
0.0025841
0.00754291
0.00269447
0.00762845
0.00280104
0.00291075
0.00677183
0.000535909
-0.00674313
0.00680366
0.000665489
0.00683865
0.000795112
0.00687683
0.00092457
0.00691821
0.00105366
0.0069628
0.00118219
0.00701062
0.00130996
0.00706166
0.00143678
0.00711594
0.00156245
0.00717344
0.00168678
0.00723416
0.00180959
0.0072981
0.00193069
0.00736527
0.00204989
0.00743562
0.00216701
0.00750919
0.00228188
0.00758592
0.00239438
0.00766586
0.00250416
0.00774897
0.00261137
0.00783523
0.00271478
0.00282089
0.00698066
0.000507997
-0.00695275
0.00701185
0.000634299
0.00704634
0.000760618
0.00708416
0.000886753
0.00712531
0.00101251
0.00716981
0.0011377
0.00721765
0.00126212
0.00726884
0.00138559
0.00732337
0.00150792
0.00738123
0.00162892
0.00744242
0.0017484
0.00750692
0.00186619
0.00757471
0.00198209
0.00764577
0.00209595
0.00772009
0.00220756
0.00779765
0.00231682
0.00787842
0.00242339
0.0079624
0.00252739
0.00804949
0.00262769
0.00273019
0.00719662
0.000480836
-0.00716946
0.0072272
0.000603721
0.00726122
0.000726602
0.00729869
0.000849283
0.00733962
0.000971576
0.00738403
0.00109329
0.0074319
0.00121425
0.00748324
0.00133425
0.00753804
0.00145312
0.00759628
0.00157068
0.00765794
0.00168674
0.00772301
0.00180112
0.00779146
0.00191364
0.00786327
0.00202415
0.0079384
0.00213243
0.00801682
0.0022384
0.0080985
0.00234171
0.00818341
0.00244248
0.00827145
0.00253965
0.00263856
0.00742004
0.000454439
-0.00739365
0.00745
0.000573762
0.00748354
0.000693064
0.00752067
0.000812153
0.0075614
0.000930848
0.00760573
0.00104897
0.00765365
0.00116632
0.00770516
0.00128274
0.00776024
0.00139804
0.00781887
0.00151205
0.00788103
0.00162457
0.0079467
0.00173545
0.00801584
0.0018445
0.00808842
0.00195157
0.0081644
0.00205646
0.00824374
0.00215906
0.00832638
0.00225906
0.00841231
0.00235655
0.00850139
0.00245056
0.00254591
0.00765118
0.000428788
-0.00762553
0.00768054
0.000544405
0.00771362
0.000659986
0.00775042
0.000775348
0.00779096
0.000890311
0.00783522
0.0010047
0.00788321
0.00111834
0.0079349
0.00123105
0.00799029
0.00134266
0.00804934
0.001453
0.00811202
0.00156189
0.00817832
0.00166916
0.00824818
0.00177464
0.00832157
0.00187818
0.00839844
0.00197959
0.00847875
0.00207875
0.00856243
0.00217538
0.00864943
0.00226955
0.00873965
0.00236035
0.00245212
0.00789031
0.000403862
-0.00786538
0.00791908
0.000515631
0.00795172
0.000627351
0.00798822
0.000738846
0.00802859
0.000849943
0.00807282
0.000960472
0.00812089
0.00107026
0.0081728
0.00117914
0.00822852
0.00128694
0.00828802
0.0013935
0.00835126
0.00149864
0.00841822
0.0016022
0.00848885
0.00170402
0.0085631
0.00180393
0.00864091
0.00190177
0.00872224
0.00199742
0.00880702
0.00209061
0.00889518
0.00218138
0.00898662
0.00226891
0.00235711
0.00813774
0.000379639
-0.00811352
0.00816596
0.000487414
0.00819818
0.000595131
0.0082344
0.00070262
0.00827463
0.000809715
0.00831885
0.000916251
0.00836705
0.00102206
0.00841921
0.00112699
0.0084753
0.00123086
0.00853528
0.00133351
0.00859913
0.00143479
0.0086668
0.00153453
0.00873824
0.00163257
0.0088134
0.00172877
0.00889222
0.00182295
0.00897464
0.001915
0.00906058
0.00200467
0.00914998
0.00209198
0.00924272
0.00217618
0.00226078
0.00839383
0.00035609
-0.00837028
0.00842152
0.000459726
0.00845335
0.000563297
0.00848933
0.00066664
0.00852945
0.000769595
0.0085737
0.000872003
0.00862206
0.000973704
0.0086745
0.00107454
0.008731
0.00117435
0.00879153
0.00127299
0.00885603
0.00137029
0.00892446
0.0014661
0.00899677
0.00156026
0.0090729
0.00165264
0.00915279
0.00174306
0.00923637
0.00183142
0.00932356
0.00191748
0.00941427
0.00200126
0.0095084
0.00208205
0.00216301
0.00865896
0.000333187
-0.00863605
0.00868615
0.000432537
0.00871763
0.000531817
0.0087534
0.000630871
0.00879345
0.000729545
0.00883776
0.000827687
0.00888632
0.000925143
0.0089391
0.00102176
0.00899606
0.00111739
0.00905717
0.00121188
0.00912238
0.00130508
0.00919163
0.00139684
0.00926488
0.00148702
0.00934205
0.00157547
0.00942308
0.00166203
0.0095079
0.00174661
0.00959641
0.00182896
0.00968854
0.00190913
0.00978416
0.00198643
0.00206371
0.00893353
0.000310896
-0.00891124
0.00896026
0.00040581
0.00899142
0.000500652
0.00902702
0.000595271
0.00906704
0.000689522
0.00911147
0.000783258
0.00916028
0.000876333
0.00921344
0.000968599
0.00927092
0.00105991
0.00933267
0.00115013
0.00939865
0.00123911
0.00946879
0.0013267
0.00954304
0.00141277
0.00962133
0.00149718
0.00970358
0.00157978
0.00978971
0.00166047
0.00987964
0.00173903
0.00997328
0.0018155
0.0100705
0.00188922
0.00196277
0.00921799
0.000289182
-0.00919627
0.00924429
0.000379508
0.00927518
0.000469762
0.00931065
0.000559799
0.00935069
0.000649481
0.00939529
0.000738667
0.0094444
0.000827218
0.009498
0.000914995
0.00955606
0.00100186
0.00961852
0.00108767
0.00968533
0.0011723
0.00975643
0.0012556
0.00983176
0.00133744
0.00991124
0.0014177
0.0099948
0.00149622
0.0100823
0.00157292
0.0101738
0.00164759
0.010269
0.00172025
0.010368
0.00179031
0.00186006
0.00951282
0.000268006
-0.00949164
0.00953874
0.000353591
0.0095694
0.000439102
0.00960479
0.000524406
0.0096449
0.000609369
0.00968971
0.000693859
0.00973919
0.000777742
0.00979329
0.000860887
0.00985199
0.000943161
0.00991523
0.00102443
0.00998295
0.00110458
0.0100551
0.00118346
0.0101316
0.00126095
0.0102124
0.00133693
0.0102973
0.00141127
0.0103864
0.00148386
0.0104794
0.00155453
0.0105764
0.00162329
0.0106771
0.00168958
0.00175547
0.00981854
0.00024733
-0.00979786
0.00984411
0.000328013
0.00987459
0.000408626
0.00990996
0.000489041
0.00995019
0.000569132
0.00999528
0.000648774
0.0100452
0.00072784
0.0100999
0.000806206
0.0101593
0.000883748
0.0102234
0.000960341
0.0102921
0.00103586
0.0103653
0.00111019
0.0104431
0.0011832
0.0105252
0.00125479
0.0106117
0.00132481
0.0107024
0.00139319
0.0107972
0.00145974
0.010896
0.0015245
0.0109986
0.00158692
0.00164887
0.0101357
0.000227113
-0.0101155
0.010161
0.000302732
0.0101913
0.000378284
0.0102267
0.00045365
0.0102671
0.000528711
0.0103126
0.000603348
0.010363
0.000677444
0.0104183
0.000750881
0.0104785
0.000823542
0.0105435
0.00089531
0.0106133
0.000966068
0.0106878
0.00103571
0.0107669
0.0011041
0.0108505
0.00117116
0.0109386
0.00123675
0.011031
0.00130079
0.0111276
0.00136311
0.0112284
0.00142374
0.0113331
0.0014822
0.00154012
0.0104649
0.000207287
-0.0104451
0.0104899
0.00027768
0.0105202
0.000348011
0.0105557
0.000418167
0.0105964
0.000488037
0.0106422
0.000557511
0.0106932
0.000626479
0.0107492
0.000694831
0.0108103
0.000762458
0.0108764
0.00082925
0.0109473
0.0008951
0.0110231
0.000959902
0.0111037
0.00102355
0.0111889
0.00108594
0.0112787
0.00114696
0.011373
0.00120653
0.0114716
0.0012645
0.0115744
0.0013209
0.0116813
0.00137527
0.00142908
0.0108068
0.000187832
-0.0107873
0.0108316
0.000252825
0.0108619
0.00031776
0.0108975
0.000382534
0.0109385
0.000447045
0.0109848
0.000511189
0.0110365
0.000574865
0.0110933
0.00063797
0.0111554
0.000700404
0.0112226
0.000762066
0.0112948
0.000822855
0.011372
0.000882672
0.0114542
0.00094142
0.0115411
0.000999003
0.0116327
0.00105532
0.011729
0.0011103
0.0118297
0.00116379
0.0119348
0.00121583
0.012044
0.001266
0.00131558
0.0111621
0.000168686
-0.011143
0.0111868
0.000228103
0.0112171
0.000287468
0.011253
0.000346686
0.0112944
0.000405663
0.0113412
0.000464305
0.0113936
0.000522518
0.0114514
0.000580209
0.0115145
0.000637285
0.0115829
0.000693653
0.0116565
0.000749222
0.0117353
0.0008039
0.0118191
0.000857597
0.0119079
0.000910228
0.0120015
0.000961698
0.0120999
0.00101194
0.0122028
0.00106082
0.0123103
0.00110837
0.0124221
0.00115421
0.00119947
0.0115316
0.0001498
-0.0115127
0.0115562
0.000203457
0.0115866
0.000257069
0.0116228
0.000310549
0.0116646
0.000363812
0.0117122
0.000416773
0.0117653
0.000469347
0.0118241
0.000521449
0.0118884
0.000572995
0.0119581
0.0006239
0.0120333
0.000674082
0.0121137
0.000723459
0.0121994
0.000771948
0.0122901
0.000819471
0.0123859
0.000865945
0.0124865
0.000911305
0.0125919
0.000955438
0.0127019
0.000998362
0.0128164
0.00103975
0.00108056
0.0119161
0.000131116
-0.0118974
0.0119407
0.000178823
0.0119713
0.000226492
0.0120078
0.000274045
0.0120502
0.000321406
0.0120985
0.0003685
0.0121526
0.00041525
0.0122124
0.000461581
0.012278
0.000507417
0.0123492
0.000552684
0.012426
0.000597306
0.0125083
0.000641212
0.0125959
0.000684326
0.0126888
0.000726581
0.0127868
0.0007679
0.0128899
0.000808227
0.0129979
0.000847463
0.0131106
0.00088562
0.0132279
0.000922413
0.000958658
0.0123165
0.000112571
-0.0122979
0.0123412
0.000154132
0.012372
0.00019566
0.0124089
0.00023709
0.012452
0.000278354
0.0125011
0.000319387
0.0125562
0.000360121
0.0126173
0.00040049
0.0126843
0.000440428
0.0127571
0.000479871
0.0128357
0.000518752
0.0129199
0.000557008
0.0130096
0.000594574
0.0131048
0.00063139
0.0132053
0.00066739
0.013311
0.000702524
0.0134218
0.000736707
0.0135375
0.000769947
0.0136579
0.000802001
0.000833551
0.0127337
9.41007e-05
-0.0127153
0.0127586
0.000129308
0.0127897
0.000164491
0.0128272
0.000199592
0.012871
0.000234555
0.0129211
0.000269323
0.0129774
0.000303839
0.0130398
0.000338047
0.0131084
0.000371891
0.0131829
0.000405315
0.0132634
0.000438263
0.0133497
0.000470682
0.0134418
0.000502517
0.0135395
0.000533715
0.0136426
0.000564221
0.0137512
0.000593993
0.0138649
0.000622958
0.0139837
0.000651122
0.0141075
0.000678285
0.000705
0.013169
7.56308e-05
-0.0131505
0.0131941
0.000104271
0.0132257
0.000132893
0.0132638
0.000161451
0.0133085
0.000189898
0.0133596
0.000218188
0.0134172
0.000246274
0.0134811
0.000274111
0.0135513
0.000301653
0.0136278
0.000328854
0.0137104
0.000355668
0.013799
0.000382052
0.0138936
0.000407961
0.0139939
0.000433352
0.0141
0.00045818
0.0142116
0.000482409
0.0143285
0.000505982
0.0144508
0.000528903
0.014578
0.00055101
0.00057274
0.0136235
5.7082e-05
-0.013605
0.0136488
7.89294e-05
0.013681
0.000100765
0.0137199
0.000122554
0.0137655
0.00014426
0.0138178
0.000165847
0.0138768
0.000187281
0.0139424
0.000208525
0.0140145
0.000229546
0.0140931
0.000250307
0.014178
0.000270774
0.0142691
0.000290913
0.0143664
0.00031069
0.0144697
0.000330072
0.0145788
0.000349025
0.0146937
0.000367521
0.0148142
0.000385516
0.0149401
0.000403014
0.0150712
0.000419891
0.000436474
0.0140986
3.83631e-05
-0.0140799
0.0141243
5.3182e-05
0.0141571
6.79947e-05
0.0141969
8.27769e-05
0.0142436
9.75043e-05
0.0142973
0.000112153
0.0143579
0.000126698
0.0144253
0.000141116
0.0144995
0.000155383
0.0145803
0.000169475
0.0146677
0.000183368
0.0147616
0.000197039
0.0148618
0.000210465
0.0149683
0.000223624
0.0150808
0.000236491
0.0151993
0.000249049
0.0153235
0.000261266
0.0154534
0.000273146
0.0155887
0.000284605
0.000295861
0.0145957
1.93684e-05
-0.0145768
0.014622
2.69085e-05
0.0146556
3.44471e-05
0.0146964
4.19714e-05
0.0147444
4.94689e-05
0.0147996
5.69271e-05
0.014862
6.43338e-05
0.0149314
7.16766e-05
0.0150079
7.89429e-05
0.0150912
8.6121e-05
0.0151814
9.31985e-05
0.0152783
0.000100163
0.0153817
0.000107004
0.0154917
0.000113709
0.0156079
0.000120266
0.0157303
0.000126666
0.0158586
0.000132893
0.0159928
0.000138949
0.0161326
0.00014479
0.000150533
0.0151168
-0.0150974
0.0151437
0.0151781
0.0152201
0.0152696
0.0153265
0.0153908
0.0154625
0.0155414
0.0156276
0.0157208
0.0158209
0.0159279
0.0160416
0.0161619
0.0162886
0.0164215
0.0165604
0.0167052
0.00373214
-0.00167587
-0.00370674
0.00376731
-0.0015862
0.00380626
-0.0014811
0.00384572
-0.00136916
0.00388522
-0.00125315
0.00392495
-0.00113372
0.0039648
-0.00101053
0.00400468
-0.000883756
0.00404455
-0.000753648
0.00408437
-0.00062036
0.00412409
-0.000484078
0.00416377
-0.000345001
0.00420355
-0.000203708
0.00424288
-6.12114e-05
0.00428305
8.72974e-05
0.00432176
0.000238573
0.00436013
0.000390308
0.0043983
0.000543401
0.00443632
0.000697822
0.000853489
0.00391799
-0.00170545
-0.00388841
0.0039486
-0.00161681
0.00398206
-0.00151456
0.00401649
-0.0014036
0.00405081
-0.00128747
0.00408541
-0.00116832
0.00412044
-0.00104556
0.00415579
-0.00091911
0.00419141
-0.000789271
0.0042273
-0.000656251
0.00426345
-0.000520224
0.00429987
-0.000381422
0.00433639
-0.000240223
0.00437248
-9.73002e-05
0.00441064
4.91382e-05
0.00444797
0.000201238
0.00448535
0.000352925
0.00452297
0.000505783
0.00456085
0.000659948
0.000815313
0.00410486
-0.00173234
-0.00407798
0.00413244
-0.00164438
0.00416156
-0.00154368
0.00419179
-0.00143383
0.00422207
-0.00131775
0.00425252
-0.00119876
0.00428342
-0.00107646
0.00431474
-0.000950431
0.00434642
-0.000820956
0.00437849
-0.000688322
0.00441096
-0.000552696
0.00444384
-0.000414296
0.00447695
-0.000273337
0.00451006
-0.000130415
0.00454582
1.33869e-05
0.00458076
0.000166294
0.00461637
0.000317316
0.00465263
0.000469521
0.00468958
0.000623
0.000777624
0.00429603
-0.00175539
-0.00427298
0.00432014
-0.00166849
0.00434525
-0.00156878
0.0043714
-0.00145999
0.00439786
-0.00134421
0.00442452
-0.00122542
0.00445165
-0.00110359
0.0044793
-0.00097808
0.00450743
-0.00084908
0.00453604
-0.000716938
0.00456519
-0.000581846
0.00459491
-0.000444012
0.0046252
-0.000303625
0.004656
-0.000161213
0.0046876
-1.82162e-05
0.0047207
0.000133191
0.00475436
0.000283656
0.00478893
0.000434957
0.0048245
0.000587427
0.000740971
0.00449119
-0.00177493
-0.00447166
0.0045118
-0.0016891
0.00453304
-0.00159002
0.00455519
-0.00148213
0.00457783
-0.00136686
0.00460079
-0.00124838
0.00462427
-0.00112707
0.00464838
-0.0010022
0.00467313
-0.000873824
0.00469851
-0.000742326
0.0047246
-0.000607935
0.00475144
-0.000470846
0.00477909
-0.000331275
0.0048075
-0.00018963
0.00483608
-4.679e-05
0.00486729
0.000101975
0.00489911
0.000251838
0.00493198
0.000402084
0.0049661
0.000553314
0.000705529
0.00469081
-0.00179099
-0.00467474
0.00470785
-0.00170615
0.00472524
-0.00160741
0.0047434
-0.00150029
0.00476221
-0.00138567
0.0047815
-0.00126767
0.0048014
-0.00114697
0.00482206
-0.00102286
0.00484351
-0.000895281
0.00486579
-0.000764601
0.00488894
-0.000631086
0.00491302
-0.000494925
0.00493807
-0.00035633
0.00496406
-0.000215615
0.00499074
-7.34712e-05
0.00501991
7.28061e-05
0.00504999
0.000221756
0.00508132
0.000370754
0.00511408
0.00052056
0.000671246
0.00489533
-0.00180336
-0.00488297
0.00490862
-0.00171944
0.0049221
-0.00162089
0.00493629
-0.00151448
0.00495127
-0.00140066
0.00496692
-0.00128331
0.0049833
-0.00116335
0.00500058
-0.00104013
0.00501882
-0.000913523
0.00503806
-0.000783842
0.00505836
-0.000651384
0.00507978
-0.000516341
0.00510236
-0.000378914
0.00512612
-0.000239374
0.00515089
-9.82454e-05
0.0051782
4.54978e-05
0.00520661
0.000193344
0.00523651
0.000340858
0.00526803
0.00048904
0.000638011
0.00510501
-0.00181178
-0.00509658
0.00511436
-0.0017288
0.00512389
-0.00163042
0.00513412
-0.00152471
0.0051453
-0.00141183
0.00515733
-0.00129534
0.00517025
-0.00117627
0.00518421
-0.00105409
0.0051993
-0.000928617
0.00521558
-0.00080012
0.0052331
-0.000668904
0.00525193
-0.000535165
0.00527211
-0.000399102
0.00529369
-0.000260948
0.00531659
-0.000121148
0.00534218
1.99036e-05
0.00536896
0.000166573
0.00539747
0.000312339
0.00542783
0.000458686
0.00060576
0.00531998
-0.00181614
-0.00531563
0.00532528
-0.0017341
0.00533083
-0.00163597
0.00533713
-0.00153101
0.00534452
-0.00141922
0.00535296
-0.00130378
0.00536247
-0.00118578
0.00537317
-0.00106479
0.00538518
-0.000940624
0.00539856
-0.000813501
0.00541338
-0.000683722
0.0054297
-0.000551487
0.00544758
-0.000416982
0.00546701
-0.000280377
0.00548793
-0.000142066
0.0055119
-4.06966e-06
0.00553702
0.000141454
0.00556424
0.000285121
0.00559348
0.000429441
0.00057446
0.00554036
-0.00181634
-0.00554016
0.00554154
-0.00173528
0.0055431
-0.00163752
0.0055455
-0.00153342
0.00554914
-0.00142286
0.00555402
-0.00130866
0.00556015
-0.00119191
0.00556765
-0.00107229
0.00557662
-0.000949602
0.00558717
-0.000824044
0.00559934
-0.000695898
0.00561323
-0.000565376
0.00562892
-0.000432671
0.00564654
-0.000297994
0.00566617
-0.000161695
0.00568676
-2.46668e-05
0.00571089
0.000117328
0.00573685
0.000259155
0.00576498
0.000401319
0.000544078
0.00576626
-0.00181233
-0.00577026
0.00576329
-0.00173231
0.00576084
-0.00163507
0.00575937
-0.00153195
0.00575929
-0.00142278
0.00576065
-0.00131002
0.00576346
-0.00119471
0.0057678
-0.00107663
0.00577381
-0.000955607
0.00578156
-0.000831802
0.00579115
-0.000705483
0.00580264
-0.000576868
0.00581611
-0.000446143
0.00583163
-0.000313513
0.00584918
-0.000179246
0.00586859
-4.40704e-05
0.00589106
9.48501e-05
0.00591574
0.000234477
0.00594274
0.000374323
0.000514669
0.00599778
-0.00180408
-0.00600603
0.00599065
-0.00172517
0.00598422
-0.00162864
0.00597891
-0.00152664
0.00597516
-0.00141903
0.00597304
-0.00130791
0.00597256
-0.00119423
0.0059738
-0.00107787
0.00597689
-0.000958692
0.00598191
-0.000836824
0.00598895
-0.00071252
0.00599807
-0.000585994
0.00600936
-0.000457429
0.00602287
-0.000327024
0.00603865
-0.000195023
0.00605653
-6.19528e-05
0.00607746
7.39177e-05
0.00610082
0.000211119
0.00612669
0.000348449
0.000486217
0.00623506
-0.00179157
-0.00624757
0.00622377
-0.00171388
0.00621338
-0.00161825
0.00620428
-0.00151755
0.00619691
-0.00141166
0.00619136
-0.00130236
0.00618764
-0.00119051
0.00618583
-0.00107606
0.00618605
-0.000958906
0.00618838
-0.000839158
0.00619291
-0.000717051
0.00619971
-0.000592795
0.00620886
-0.000466572
0.0062204
-0.00033857
0.00623439
-0.000209015
0.00625076
-7.83179e-05
0.00627023
5.44486e-05
0.00629228
0.000189068
0.00631703
0.000323699
0.000458721
0.00647824
-0.00177481
-0.00649501
0.00646281
-0.00169844
0.00644851
-0.00160394
0.00643567
-0.00150472
0.00642473
-0.00140072
0.0064158
-0.00129343
0.00640889
-0.0011836
0.00640408
-0.00107125
0.00640147
-0.000956296
0.00640116
-0.000838847
0.00640323
-0.000719118
0.00640775
-0.000597312
0.00641478
-0.000473606
0.00642439
-0.000348182
0.00643663
-0.000221253
0.00645147
-9.31547e-05
0.00646952
3.63955e-05
0.00649028
0.000168306
0.00651391
0.000300067
0.000432177
0.00672752
-0.00175382
-0.0067485
0.00670798
-0.00167891
0.00668981
-0.00158577
0.00667329
-0.0014882
0.00665884
-0.00138626
0.00664657
-0.00128116
0.00663653
-0.00117356
0.00662876
-0.00106349
0.00662337
-0.000950908
0.00662046
-0.000835935
0.0066201
-0.000718761
0.00662237
-0.000599578
0.00662733
-0.000478563
0.00663503
-0.00035589
0.00664554
-0.000231761
0.00665885
-0.000106468
0.00667553
1.97167e-05
0.00669501
0.000148826
0.00671753
0.00027755
0.000406582
0.00698308
-0.00172866
-0.00700825
0.00695949
-0.00165532
0.0069375
-0.00156377
0.00691736
-0.00146806
0.00689944
-0.00136835
0.0068839
-0.00126562
0.00687076
-0.00116042
0.00686008
-0.00105281
0.00685196
-0.000942787
0.00684649
-0.000830465
0.00684375
-0.000716019
0.0068438
-0.000599634
0.00684672
-0.000481478
0.00685255
-0.000361719
0.00686132
-0.000240535
0.00687304
-0.000118187
0.00688847
4.28257e-06
0.00690665
0.000130649
0.00692808
0.000256119
0.000381917
0.00724518
-0.00169936
-0.00727448
0.00721758
-0.00162772
0.00719181
-0.001538
0.0071681
-0.00144435
0.00714679
-0.00134703
0.00712801
-0.00124685
0.00711182
-0.00114423
0.00709828
-0.00103926
0.00708747
-0.000931974
0.00707948
-0.000822474
0.00707439
-0.000710931
0.00707227
-0.000597516
0.00707319
-0.000482396
0.00707721
-0.000365737
0.00708439
-0.000247715
0.00709477
-0.000128572
0.00710819
-9.13652e-06
0.0071253
0.000113545
0.00714569
0.00023572
0.000358149
0.00751403
-0.00166599
-0.0075474
0.00748248
-0.00159618
0.007453
-0.00150852
0.00742577
-0.00141713
0.00740111
-0.00132237
0.00737916
-0.00122489
0.00735996
-0.00112504
0.00734359
-0.00102289
0.00733013
-0.000918508
0.00731965
-0.000812001
0.00731225
-0.000703527
0.00730799
-0.000593253
0.00730693
-0.000481338
0.00730914
-0.000367945
0.00731467
-0.000253246
0.00732354
-0.000137451
0.00733552
-2.11167e-05
0.00735143
9.76371e-05
0.00737079
0.000216363
0.000335291
0.0077899
-0.00162862
-0.00782727
0.00775447
-0.00156074
0.00772132
-0.00147537
0.00769063
-0.00138645
0.00766268
-0.00129441
0.00763759
-0.00119981
0.00761544
-0.00110289
0.00759629
-0.00100373
0.0075802
-0.000902425
0.00756728
-0.000799076
0.00755759
-0.000693838
0.0075512
-0.000586867
0.00754818
-0.000478316
0.00754858
-0.000368343
0.00755245
-0.000257113
0.00755981
-0.000144816
0.00757057
-3.18767e-05
0.00758525
8.29632e-05
0.00760356
0.000198051
0.000313321
0.00807308
-0.00158733
-0.00811437
0.00803383
-0.00152149
0.00799707
-0.00143861
0.00796298
-0.00135235
0.00793178
-0.00126321
0.00790361
-0.00117164
0.00787855
-0.00107782
0.00785664
-0.000981829
0.00783797
-0.00088376
0.00782263
-0.000783733
0.00781068
-0.000681891
0.0078022
-0.000578382
0.00779724
-0.000473356
0.00779586
-0.000366961
0.0077981
-0.000259357
0.007804
-0.000150721
0.00781351
-4.13864e-05
0.007827
6.94754e-05
0.00784428
0.000180768
0.000292223
0.00836388
-0.00154219
-0.00840903
0.00832088
-0.00147848
0.00828057
-0.00139831
0.00824313
-0.00131491
0.00820874
-0.00122883
0.00817753
-0.00114043
0.00814959
-0.00104987
0.00812497
-0.00095721
0.00810375
-0.000862545
0.00808602
-0.000766
0.00807185
-0.000667714
0.00806129
-0.000567828
0.00805442
-0.000466483
0.00805128
-0.000363824
0.00805193
-0.000260002
0.00805639
-0.000155186
0.00806465
-4.96488e-05
0.00807699
5.71381e-05
0.00809327
0.000164488
0.000271977
0.00866267
-0.00149326
-0.0087116
0.00861599
-0.0014318
0.00857219
-0.00135451
0.00853143
-0.00127415
0.0084939
-0.00119129
0.0084597
-0.00110623
0.00842891
-0.00101909
0.00840162
-0.000929913
0.00837788
-0.000838813
0.00835779
-0.000745909
0.00834142
-0.000651337
0.00832882
-0.00055523
0.00832006
-0.000457723
0.00831519
-0.000358957
0.00831426
-0.000259075
0.00831731
-0.000158236
0.00832434
-5.66735e-05
0.00833555
4.59228e-05
0.00835086
0.000149181
0.000252555
0.00896985
-0.00144062
-0.00902249
0.00891954
-0.00138149
0.0088723
-0.00130727
0.00882828
-0.00123013
0.00878764
-0.00115065
0.00875049
-0.00106908
0.0087169
-0.0009855
0.00868696
-0.000899971
0.00866074
-0.000812592
0.00863832
-0.000723487
0.00861976
-0.000632785
0.00860515
-0.000540613
0.00859453
-0.000447102
0.00858795
-0.000352385
0.00858548
-0.000256599
0.00858714
-0.000159896
0.00859294
-6.24768e-05
0.00860306
3.58009e-05
0.00861743
0.000134818
0.000233927
0.00928584
-0.00138432
-0.00934214
0.00923197
-0.00132763
0.00918134
-0.00125664
0.0091341
-0.0011829
0.00909039
-0.00110694
0.00905032
-0.00102901
0.00901396
-0.000949143
0.0089814
-0.000867412
0.00895272
-0.000783911
0.008928
-0.00069876
0.00890729
-0.000612084
0.00889068
-0.000524004
0.00887823
-0.000434644
0.00886997
-0.000344132
0.00886597
-0.000252599
0.00886627
-0.000160188
0.00887087
-6.70786e-05
0.00887992
2.67433e-05
0.00889337
0.000121371
0.000216062
0.00961113
-0.00132439
-0.00967105
0.00955376
-0.00127026
0.00949978
-0.00120266
0.00944935
-0.00113247
0.00940261
-0.0010602
0.00935964
-0.000986041
0.00932054
-0.000910045
0.0092854
-0.000832264
0.00925428
-0.000752794
0.00922727
-0.000671752
0.00920444
-0.000589256
0.00918586
-0.000505423
0.00917159
-0.000420371
0.00916168
-0.000334221
0.00915618
-0.000247099
0.00915513
-0.000159139
0.00915855
-7.05019e-05
0.00916658
1.87197e-05
0.00917914
0.000108807
0.000198926
0.00994623
-0.00126089
-0.0100097
0.0098854
-0.00120942
0.00982811
-0.00114537
0.00977453
-0.00107889
0.00972478
-0.00101045
0.00967895
-0.000940214
0.00963714
-0.00086823
0.00959942
-0.000794548
0.00956589
-0.000719262
0.00953662
-0.000642483
0.00951169
-0.000564323
0.00949116
-0.000484893
0.00947509
-0.000404305
0.00946354
-0.000322675
0.00945657
-0.000240122
0.0094542
-0.000156771
0.00945647
-7.27705e-05
0.00946349
1.16958e-05
0.0094752
9.70949e-05
0.000182486
0.0102917
-0.00119384
-0.0103588
0.0102275
-0.00114516
0.0101669
-0.0010848
0.0101102
-0.00102218
0.0100574
-0.000957709
0.0100088
-0.000891543
0.00996426
-0.000823718
0.009924
-0.000754286
0.00988807
-0.000683335
0.00985656
-0.000610972
0.00982954
-0.000537302
0.00980708
-0.000462432
0.00978924
-0.000386466
0.00977608
-0.000309515
0.00976765
-0.00023169
0.00976399
-0.000153111
0.00976513
-7.39121e-05
0.00977119
5.63389e-06
0.00978208
8.62043e-05
0.000166707
0.0106482
-0.00112326
-0.0107188
0.0105805
-0.0010775
0.0105167
-0.00102098
0.0104569
-0.000962359
0.0104012
-0.000902003
0.0103497
-0.000840046
0.0103025
-0.000776525
0.0102597
-0.00071149
0.0102214
-0.000645027
0.0101877
-0.000577234
0.0101586
-0.000508212
0.0101342
-0.000438058
0.0101146
-0.000366874
0.0100998
-0.00029476
0.01009
-0.000221823
0.010085
-0.00014817
0.010085
-7.39269e-05
0.0100902
4.42082e-07
0.0101003
7.6112e-05
0.000151551
0.0110163
-0.00104917
-0.0110904
0.0109453
-0.00100647
0.0108782
-0.000953922
0.0108153
-0.000899442
0.0107566
-0.000843339
0.0107023
-0.000785733
0.0106524
-0.000726661
0.0106071
-0.000666173
0.0105664
-0.00060435
0.0105305
-0.000541283
0.0104994
-0.000477066
0.0104731
-0.000411791
0.0104518
-0.000345552
0.0104354
-0.000278444
0.0104242
-0.000210566
0.010418
-0.000142022
0.010417
-7.29266e-05
0.0104211
-3.57416e-06
0.0104305
6.67161e-05
0.000136946
0.0113967
-0.000971587
-0.0114743
0.0113223
-0.000932065
0.011252
-0.000883635
0.011186
-0.000833433
0.0111244
-0.000781722
0.0110673
-0.000728608
0.0110148
-0.000674131
0.0109669
-0.000618341
0.0109239
-0.000561311
0.0108857
-0.000503127
0.0108526
-0.000443875
0.0108244
-0.00038364
0.0108014
-0.00032251
0.0107835
-0.000260573
0.0107708
-0.000197922
0.0107635
-0.00013465
0.0107614
-7.08611e-05
0.0107646
-6.77157e-06
0.0107733
5.80409e-05
0.000122886
0.0117903
-0.000890503
-0.0118714
0.0117125
-0.000854304
0.011639
-0.000810122
0.0115699
-0.00076433
0.0115053
-0.000717149
0.0114454
-0.000668671
0.0113902
-0.000618936
0.0113398
-0.000567994
0.0112944
-0.000515913
0.0112541
-0.00046277
0.0112189
-0.000408645
0.0111888
-0.000353615
0.0111641
-0.00029776
0.0111447
-0.000241164
0.0111307
-0.000183908
0.0111221
-0.000126081
0.011119
-6.77753e-05
0.0111214
-9.16058e-06
0.0111294
5.00382e-05
0.000109313
0.0121977
-0.000805912
-0.0122823
0.0121166
-0.000773178
0.0120398
-0.000733375
0.0119676
-0.000692127
0.0119001
-0.000649613
0.0118374
-0.000605913
0.0117795
-0.00056107
0.0117266
-0.000515129
0.0116789
-0.000468154
0.0116363
-0.000420214
0.011599
-0.00037138
0.0115671
-0.000321723
0.0115407
-0.000271316
0.0115198
-0.000220233
0.0115044
-0.00016855
0.0114947
-0.000116347
0.0114906
-6.37056e-05
0.0114922
-1.07626e-05
0.0114996
4.26611e-05
9.61845e-05
0.01262
-0.0007178
-0.0127081
0.0125354
-0.000688674
0.0124555
-0.000653379
0.0123801
-0.000616809
0.0123096
-0.0005791
0.012244
-0.000540324
0.0121835
-0.000500522
0.0121281
-0.000459739
0.012078
-0.00041803
0.0120332
-0.000375457
0.0119939
-0.000332083
0.0119602
-0.000287971
0.011932
-0.000243187
0.0119096
-0.000197797
0.0118929
-0.000151869
0.011882
-0.000105473
0.011877
-5.86824e-05
0.0118779
-1.16089e-05
0.0118847
3.58645e-05
8.34477e-05
0.0130579
-0.000626143
-0.0131496
0.01297
-0.000600768
0.0128867
-0.000570114
0.0128083
-0.000538352
0.0127348
-0.000505589
0.0126663
-0.000471885
0.0126031
-0.000437278
0.0125452
-0.000401812
0.0124927
-0.000365532
0.0124457
-0.000328495
0.0124044
-0.000290753
0.0123688
-0.000252364
0.012339
-0.000213384
0.012315
-0.000173871
0.0122971
-0.000133885
0.0122851
-9.34858e-05
0.0122791
-5.27393e-05
0.0122793
-1.17351e-05
0.0122855
2.96011e-05
7.10478e-05
0.0135126
-0.000530911
-0.0136079
0.0134213
-0.000509433
0.0133347
-0.00048355
0.0132531
-0.000456732
0.0131766
-0.000429056
0.0131053
-0.000400573
0.0130393
-0.000371319
0.0129788
-0.000341331
0.012924
-0.00031065
0.0128748
-0.000279321
0.0128314
-0.00024739
0.012794
-0.000214906
0.0127625
-0.000181916
0.0127371
-0.00014847
0.0127178
-0.000114619
0.0127048
-8.04145e-05
0.0126979
-4.59109e-05
0.0126974
-1.11816e-05
0.0127032
2.38204e-05
5.89267e-05
0.0139852
-0.000432073
-0.0140841
0.0138904
-0.000414632
0.0138005
-0.000393654
0.0137157
-0.000371915
0.0136361
-0.000349471
0.0135619
-0.000326363
0.0134932
-0.000302623
0.0134302
-0.00027828
0.0133729
-0.000253369
0.0133215
-0.000227926
0.0132761
-0.00020199
0.0132368
-0.000175599
0.0132037
-0.000148792
0.0131768
-0.000121611
0.0131563
-9.40957e-05
0.0131422
-6.62893e-05
0.0131345
-3.82359e-05
0.0131333
-9.99283e-06
0.0131386
1.84677e-05
4.70206e-05
0.0144769
-0.000329595
-0.0145793
0.0143786
-0.000316328
0.0142853
-0.000300388
0.0141973
-0.000283867
0.0141146
-0.000266803
0.0140374
-0.000249227
0.013966
-0.000231164
0.0139003
-0.000212637
0.0138407
-0.000193674
0.013787
-0.000174302
0.0137396
-0.000154549
0.0136984
-0.000134446
0.0136637
-0.000114023
0.0136354
-9.33094e-05
0.0136136
-7.23386e-05
0.0135985
-5.11425e-05
0.01359
-2.97553e-05
0.0135882
-8.22087e-06
0.0135932
1.34816e-05
3.5259e-05
0.0149889
-0.000223437
-0.015095
0.014887
-0.000214477
0.0147904
-0.000203711
0.014699
-0.000192551
0.0146133
-0.000181019
0.0145332
-0.000169136
0.0144589
-0.00015692
0.0143907
-0.000144386
0.0143286
-0.000131555
0.0142727
-0.000118443
0.0142232
-0.00010507
0.0141802
-9.14566e-05
0.0141438
-7.76234e-05
0.0141141
-6.35913e-05
0.0140912
-4.93817e-05
0.014075
-3.50168e-05
0.0140658
-2.05193e-05
0.0140635
-5.91659e-06
0.0140682
8.79619e-06
2.35628e-05
0.0155227
-0.000113568
-0.0156326
0.0154173
-0.000109037
0.0153171
-0.000103582
0.0152225
-9.79262e-05
0.0151336
-9.20805e-05
0.0150505
-8.60554e-05
0.0149734
-7.98597e-05
0.0149026
-7.35019e-05
0.014838
-6.69908e-05
0.0147799
-6.03359e-05
0.0147284
-5.35469e-05
0.0146835
-4.66339e-05
0.0146455
-3.96076e-05
0.0146144
-3.24783e-05
0.0145903
-2.52575e-05
0.0145732
-1.79565e-05
0.0145633
-1.05878e-05
0.0145606
-3.16929e-06
0.014565
4.32016e-06
1.18382e-05
0.0160798
-0.0161934
0.0159708
0.0158672
0.0157693
0.0156772
0.0155912
0.0155113
0.0154378
0.0153708
0.0153105
0.0152569
0.0152103
0.0151707
0.0151382
0.0151129
0.015095
0.0150844
0.0150812
0.0150856
0.00378629
0.000100447
-9.77298e-05
0.00375359
0.000973984
-0.00094129
0.00371976
0.000966628
-0.000932794
0.00366431
0.00177275
-0.0017173
0.00361503
0.0018107
-0.00176143
0.00355361
0.00273856
-0.00267714
0.00352236
0.0028539
-0.00282264
0.00349452
0.00385
-0.00382216
0.00355514
0.00386468
-0.00392531
0.00484018
-0.00499178
0.00392339
0.000103165
0.00389077
0.00100661
0.00385765
0.000999743
0.0038034
0.00182701
0.00375734
0.00185675
0.00370127
0.00279464
0.00367887
0.00287629
0.00366768
0.0038612
0.00373996
0.0037924
0.00469173
0.0040655
0.000105845
0.00403316
0.00103895
0.00400102
0.00103188
0.00394844
0.00187959
0.00390605
0.00189914
0.00385582
0.00284487
0.00384244
0.00288967
0.00384613
0.00385752
0.00392318
0.00371534
0.00453694
0.00421282
0.000108413
0.00418089
0.00107087
0.00415012
0.00106265
0.00409952
0.00193019
0.00406144
0.00193723
0.00401735
0.00288895
0.00401302
0.002894
0.00402964
0.0038409
0.00411191
0.00363307
0.00437588
0.00436556
0.000110778
0.00433412
0.00110231
0.00430514
0.00109163
0.00425679
0.00197854
0.00422362
0.0019704
0.00418605
0.00292653
0.0041906
0.00288945
0.00421952
0.00381197
0.0043073
0.00354529
0.00421153
0.00452393
0.000112826
0.00449304
0.0011332
0.00446627
0.0011184
0.00442043
0.00202438
0.00439272
0.00199811
0.00436214
0.0029571
0.00437515
0.00287644
0.00441644
0.00377068
0.00450868
0.00345305
0.00404547
0.00468815
0.000114427
0.00465786
0.00116349
0.00463372
0.00114254
0.00459069
0.00206741
0.00456879
0.00202001
0.00454583
0.00298007
0.00456667
0.0028556
0.00462043
0.00371692
0.00471588
0.00335759
0.00387838
0.00485844
0.000115441
0.00482882
0.00119311
0.00480767
0.00116369
0.00476784
0.00210724
0.00475191
0.00203594
0.00473732
0.00299466
0.00476521
0.00282771
0.00483129
0.00365084
0.00492917
0.00325972
0.00371096
0.00503499
0.000115741
0.00500619
0.00122191
0.00498829
0.00118159
0.00495219
0.00214334
0.00494215
0.00204598
0.00493676
0.00300004
0.00497087
0.00279361
0.00504881
0.0035729
0.00514876
0.00315977
0.00354409
0.00521801
0.000115224
0.00519024
0.00124969
0.00517576
0.00119606
0.00514404
0.00217507
0.00513961
0.0020504
0.00514424
0.00299542
0.00518382
0.00275402
0.00527277
0.00348395
0.00537471
0.00305783
0.00337864
0.00540768
0.000113833
0.00538125
0.00127612
0.00537024
0.00120707
0.00534368
0.00220164
0.00534445
0.00204963
0.00535976
0.00298011
0.00540426
0.00270952
0.00550298
0.00338523
0.00560695
0.00295386
0.00321532
0.00560418
0.000111569
0.00557953
0.00130077
0.00557192
0.00121468
0.00555134
0.00222221
0.0055569
0.00204407
0.00558331
0.0029537
0.00563235
0.00266048
0.00573946
0.00327812
0.00584542
0.0028479
0.00305471
0.0058077
0.000108496
0.00578534
0.00132313
0.00578098
0.00121904
0.00576725
0.00223595
0.00577726
0.00203406
0.00581489
0.00291607
0.00586824
0.00260713
0.00598231
0.00316405
0.00609012
0.0027401
0.00289725
0.00601843
0.000104737
0.00599895
0.00134261
0.00599764
0.00122036
0.00599155
0.00224203
0.00600576
0.00201985
0.00605448
0.00286735
0.00611201
0.0025496
0.00623166
0.0030444
0.00634109
0.00263067
0.00274334
0.00623659
0.000100459
0.00622063
0.00135857
0.00622211
0.00121888
0.00622441
0.00223973
0.00624267
0.00200159
0.00630199
0.00280804
0.00636371
0.00248787
0.00648763
0.00292048
0.00659844
0.00251987
0.00259327
0.00646242
9.58668e-05
0.00645061
0.00137038
0.00645465
0.00121484
0.00646596
0.00222842
0.0064882
0.00197934
0.00655741
0.00273883
0.00662341
0.00242187
0.00675039
0.0027935
0.00686227
0.00240799
0.00244728
0.0066962
9.11787e-05
0.00668916
0.00137742
0.00669556
0.00120844
0.00671634
0.00220764
0.00674257
0.00195311
0.00682082
0.00266058
0.00689117
0.00235152
0.00702009
0.00266458
0.00713272
0.00229537
0.00230552
0.0069382
8.66204e-05
0.00693654
0.00137908
0.00694521
0.00119978
0.00697569
0.00217716
0.00700597
0.00192283
0.00709231
0.00257424
0.00716705
0.00227679
0.00729694
0.00253469
0.00740995
0.00218235
0.00216807
0.00718875
8.24155e-05
0.00719303
0.00137479
0.0072039
0.00118891
0.00724404
0.00213702
0.00727861
0.00188826
0.00737201
0.00248084
0.00745114
0.00219766
0.00758114
0.00240469
0.00769415
0.00206934
0.00203496
0.00744817
7.87651e-05
0.00745893
0.00136403
0.00747199
0.00117584
0.00752152
0.0020875
0.00756067
0.00184911
0.00766008
0.00238143
0.00774353
0.0021142
0.00787296
0.00227526
0.00798557
0.00195674
0.00190616
0.00771685
7.58097e-05
0.00773452
0.00134636
0.00774981
0.00116055
0.00780831
0.00202899
0.00785238
0.00180505
0.00795673
0.00227708
0.00804436
0.00202658
0.00817268
0.00214693
0.00828449
0.00184493
0.00178162
0.00799519
7.36453e-05
0.00801999
0.00132157
0.00803773
0.00114281
0.00810463
0.00196209
0.00815392
0.00175576
0.00826223
0.00216877
0.00835377
0.00193504
0.00848061
0.00202009
0.00859125
0.00173429
0.00166127
0.00828359
7.23164e-05
0.00831558
0.00128958
0.00833609
0.0011223
0.00841072
0.00188746
0.00846551
0.00170097
0.00857687
0.00205741
0.00867199
0.00183991
0.00879709
0.00189499
0.00890624
0.00162514
0.00154502
0.00858246
7.18089e-05
0.00862157
0.00125047
0.00864526
0.00109861
0.00872686
0.00180586
0.00878739
0.00164044
0.00890099
0.00194382
0.00899927
0.00174164
0.00912248
0.00177178
0.00922988
0.00151774
0.00143276
0.00889226
7.20459e-05
0.00893828
0.00120444
0.0089656
0.0010713
0.00905336
0.00171809
0.00911979
0.00157402
0.00923497
0.00182863
0.00933592
0.00164069
0.00945719
0.00165051
0.00956267
0.00141226
0.00132438
0.00921343
7.28873e-05
0.00926604
0.00115183
0.00929747
0.00103987
0.0093906
0.00162496
0.00946296
0.00150166
0.00957923
0.00171236
0.00968233
0.00153758
0.00980163
0.00153122
0.00990509
0.00130879
0.00121974
0.00954645
7.41316e-05
0.00960521
0.00109307
0.00964124
0.00100384
0.00973896
0.00152724
0.00981721
0.0014234
0.00993421
0.00159536
0.010039
0.00143283
0.0101563
0.00141389
0.0102577
0.00120737
0.00111868
0.00989179
7.55222e-05
0.00995618
0.00102867
0.00999729
0.000962739
0.0100989
0.00142565
0.0101829
0.00133942
0.0103004
0.00147786
0.0104063
0.0013269
0.0105217
0.00129851
0.0106211
0.00110795
0.00102101
0.0102499
7.67567e-05
0.0103194
0.000959223
0.010366
0.000916137
0.0104708
0.00132081
0.0105603
0.00124997
0.0106782
0.00135994
0.0107849
0.00122017
0.0108984
0.00118503
0.0109959
0.00101046
0.000926526
0.0106214
7.74995e-05
0.0106953
0.000885326
0.0107477
0.000863672
0.0108553
0.00121323
0.0109499
0.00115539
0.0110682
0.0012416
0.0111755
0.00111294
0.0112871
0.0010734
0.0113828
0.000914782
0.000834964
0.0110066
7.73971e-05
0.0110843
0.000807597
0.0111429
0.000805061
0.0112529
0.00110328
0.0113522
0.00105609
0.011471
0.00112279
0.0115785
0.00100538
0.0116884
0.000963515
0.0117824
0.000820771
0.000746045
0.011406
7.60971e-05
0.011487
0.000726625
0.011552
0.00074011
0.0116641
0.000991174
0.0117677
0.000952508
0.011887
0.00100339
0.0119949
0.000897544
0.0121032
0.000855206
0.0121957
0.00072824
0.000659456
0.0118203
7.32684e-05
0.0119039
0.000642944
0.0119753
0.000668726
0.0120895
0.000876989
0.0121969
0.000845069
0.0123171
0.000883275
0.0124252
0.000789395
0.0125322
0.000748245
0.0126235
0.000636959
0.000574854
0.0122497
6.86249e-05
0.0123356
0.000557007
0.0124134
0.000590911
0.0125298
0.000760641
0.0126407
0.000734136
0.0127617
0.000762269
0.0128703
0.000680784
0.0129763
0.000642321
0.0130666
0.000546643
0.000491861
0.0126948
6.19503e-05
0.0127827
0.000469153
0.0128668
0.000506758
0.0129855
0.000641922
0.0130997
0.000619977
0.0132218
0.000640176
0.0133311
0.00057148
0.0134364
0.000537043
0.0135261
0.000456945
0.00041006
0.0131561
5.31262e-05
0.0132457
0.000379586
0.013336
0.00041644
0.0134574
0.000520528
0.0135746
0.00050272
0.0136981
0.000516737
0.0138084
0.000461169
0.0139135
0.000431932
0.014003
0.000367446
0.000328983
0.013634
4.21638e-05
0.0137252
0.000288339
0.0138215
0.000320197
0.0139459
0.000396092
0.0140663
0.000382336
0.0141914
0.000391597
0.0143031
0.000349446
0.0144087
0.000326411
0.0144985
0.000277643
0.000248095
0.0141289
2.92394e-05
0.014222
0.000195239
0.0143239
0.000218324
0.0144517
0.000268207
0.0145754
0.000258628
0.0147028
0.000264281
0.0148164
0.000235802
0.014923
0.000219798
0.0150137
0.000186913
0.000166798
0.0146413
1.47132e-05
0.0147366
9.98844e-05
0.0148438
0.000111172
0.0149755
0.000136453
0.0151029
0.000131214
0.015233
0.000134178
0.0153493
0.000119558
0.0154577
0.000111349
0.0155501
9.46038e-05
8.42618e-05
0.0151707
0.0152706
0.0153818
0.0155182
0.0156495
0.0157836
0.0159032
0.0160145
0.0161091
0.00360823
-1.46989e-05
-5.80003e-05
0.0036227
5.04776e-05
-6.49461e-05
0.00363852
4.39028e-05
-5.97238e-05
0.00359482
7.6058e-05
-3.23511e-05
0.00355368
5.20512e-05
-1.09183e-05
0.00344897
0.000113054
-8.33966e-06
0.00333799
0.000112257
-1.28016e-06
0.00316107
0.000185416
-8.4916e-06
0.00296605
0.000206981
-1.19623e-05
0.000285229
-1.82479e-05
0.00360707
-8.62383e-05
0.00362069
3.68628e-05
0.00363554
2.90528e-05
0.00359133
0.000120264
0.00354955
9.38349e-05
0.00344444
0.000218163
0.00333321
0.000223488
0.00315606
0.000362566
0.00296124
0.0004018
0.000551934
0.00360474
-0.000155444
0.00361661
2.49884e-05
0.00362955
1.61198e-05
0.00358422
0.000165593
0.00354106
0.000136993
0.00343508
0.000324144
0.0033232
0.00033537
0.00314555
0.000540208
0.00295098
0.000596375
0.000818108
0.00360124
-0.000221146
0.00361048
1.57415e-05
0.00362056
6.04258e-06
0.00357348
0.000212671
0.00352822
0.000182251
0.0034209
0.000431468
0.00330795
0.000448315
0.00312957
0.000718591
0.00293525
0.000790699
0.00108349
0.00359657
-0.000282186
0.0036023
1.00173e-05
0.00360861
-2.65642e-07
0.00355914
0.000262132
0.00351106
0.000230337
0.00340193
0.000540593
0.00328749
0.000562761
0.00310815
0.000897932
0.00291403
0.000984814
0.00134778
0.00359076
-0.000337414
0.00359207
8.70631e-06
0.0035937
-1.89583e-06
0.00354123
0.000314608
0.00348958
0.000281983
0.00337821
0.000651961
0.0032618
0.000679172
0.00308132
0.00107842
0.00288731
0.00117882
0.00161069
0.00358382
-0.000385696
0.00357984
1.26853e-05
0.00357586
2.07596e-06
0.00351976
0.000370712
0.00346382
0.000337921
0.00334978
0.000765999
0.00323091
0.000798042
0.00304904
0.00126029
0.00285509
0.00137277
0.0018719
0.00357575
-0.000425912
0.00356558
2.28526e-05
0.00355515
1.25086e-05
0.00349477
0.000431088
0.00343381
0.000398882
0.0033167
0.000883117
0.00319484
0.000919897
0.00301134
0.00144379
0.00281738
0.00156672
0.00213107
0.00356659
-0.000456963
0.00354935
4.00854e-05
0.00353157
3.02947e-05
0.00346631
0.000496347
0.0033996
0.000465588
0.003279
0.00100371
0.00315361
0.0010453
0.00296823
0.00162917
0.0027742
0.00176075
0.00238787
0.00355634
-0.00047777
0.00353116
6.52643e-05
0.00350517
5.62907e-05
0.0034344
0.000567113
0.00336124
0.000538749
0.00323678
0.00112817
0.00310725
0.00117482
0.00291979
0.00181664
0.00272562
0.00195491
0.00264199
0.00354504
-0.000487277
0.00351103
9.92756e-05
0.00347601
9.13104e-05
0.0033991
0.000644024
0.00331879
0.000619059
0.00319009
0.00125688
0.00305582
0.00130909
0.00286608
0.00200638
0.00267171
0.00214928
0.00289313
0.00353271
-0.000484449
0.00348899
0.000142993
0.00344416
0.000136143
0.00336046
0.000727724
0.00327233
0.000707188
0.00313897
0.00139024
0.00299937
0.00144869
0.00280721
0.00219854
0.00261255
0.00234393
0.00314102
0.00351936
-0.000468277
0.00346508
0.000197279
0.00340967
0.00019155
0.00331853
0.000818862
0.00322194
0.000803775
0.0030835
0.00152868
0.00293797
0.00159421
0.00274329
0.00239322
0.00254827
0.00253895
0.00338544
0.00350503
-0.000437776
0.00343933
0.000262982
0.00337262
0.000258262
0.00327339
0.000918089
0.00316774
0.000909427
0.00302377
0.00167266
0.00287173
0.00174624
0.00267449
0.00259046
0.00247901
0.00273443
0.00362621
0.00348974
-0.000391985
0.00341179
0.000340931
0.00333307
0.000336982
0.00322511
0.00102605
0.00310983
0.00102471
0.00295988
0.00182261
0.00280077
0.00190535
0.00260098
0.00279026
0.00240491
0.0029305
0.00386321
0.00347352
-0.000329973
0.00338252
0.00043193
0.00329112
0.000428382
0.0031738
0.00114338
0.00304837
0.00115013
0.00289197
0.00197901
0.00272526
0.00207207
0.00252298
0.00299254
0.00232621
0.00312726
0.00409641
0.0034564
-0.000250835
0.00335157
0.000536754
0.00324685
0.000533104
0.00311956
0.00127067
0.00298352
0.00128617
0.00282021
0.00214232
0.00264544
0.00224685
0.00244076
0.00319721
0.00224319
0.00332483
0.00432578
0.0034384
-0.000153701
0.003319
0.000656149
0.00320033
0.000651777
0.00306247
0.00140853
0.00291541
0.00143323
0.00274473
0.002313
0.00256155
0.00243002
0.00235473
0.00340404
0.0021561
0.00352346
0.00455105
0.00341958
-3.77437e-05
0.00328492
0.000790802
0.00315174
0.000784956
0.00300285
0.00155742
0.00284442
0.00159166
0.00266603
0.00249139
0.00247428
0.00262177
0.0022658
0.00361252
0.00206588
0.00372337
0.00477313
0.00340006
0.00324957
0.00310173
0.00294186
0.00277209
0.00258634
0.00238547
0.00217582
0.00197389
0.00339906
0.000145724
-9.25244e-06
0.00324898
-0.000663738
0.000813821
0.00310015
-0.000668224
0.000817056
0.00293638
-0.00153342
0.00169718
0.00276423
-0.00159057
0.00176272
0.00257379
-0.00251754
0.00270798
0.00237
-0.00265125
0.00285503
0.00215567
-0.00362843
0.00384276
0.00194917
-0.00373968
0.00394618
-0.00476256
0.00498522
0.00341863
0.000262629
0.00328428
-0.000529391
0.00315025
-0.00053419
0.00299752
-0.00138069
0.00283686
-0.00142991
0.00265389
-0.00233457
0.00245942
-0.00245677
0.00224658
-0.00341559
0.00204262
-0.00353573
-0.00453709
0.00343751
0.000360655
0.00331833
-0.000410212
0.00319896
-0.000414822
0.00305739
-0.00123912
0.00290829
-0.00128081
0.00273325
-0.00215953
0.00254747
-0.00227099
0.00233676
-0.00320488
0.00213426
-0.00333322
-0.00430867
0.00345556
0.000440625
0.00335087
-0.000305516
0.00324559
-0.000309548
0.00311472
-0.00110824
0.00297682
-0.00114291
0.00280939
-0.00199211
0.0026321
-0.0020937
0.00242395
-0.00299673
0.0022227
-0.00313197
-0.00407665
0.00347275
0.000503407
0.00338179
-0.000214557
0.00328997
-0.000217725
0.00316921
-0.000987481
0.00304207
-0.00101577
0.0028818
-0.00183184
0.00271267
-0.00192456
0.00250728
-0.00279135
0.0023071
-0.00293179
-0.0038411
0.00348904
0.000549902
0.00341105
-0.000136567
0.00333202
-0.000138695
0.00322079
-0.000876253
0.00310392
-0.0008989
0.00295037
-0.00167829
0.00278892
-0.00176311
0.00258637
-0.00258879
0.00238712
-0.00273254
-0.00360197
0.0035044
0.000581039
0.00343858
-7.07514e-05
0.00337165
-7.17668e-05
0.00326934
-0.000773936
0.00316221
-0.000791778
0.00301491
-0.00153099
0.00286062
-0.00160882
0.00266094
-0.00238911
0.00246248
-0.00253408
-0.00335927
0.0035188
0.000597777
0.00346433
-1.62896e-05
0.00340879
-1.62243e-05
0.00331475
-0.000679894
0.0032168
-0.000693828
0.0030753
-0.00138949
0.00292761
-0.00146114
0.00273078
-0.00219228
0.002533
-0.0023363
-0.00311312
0.00353222
0.000601092
0.00348825
2.76772e-05
0.00344333
2.87003e-05
0.00335695
-0.00059352
0.00326756
-0.000604437
0.00313143
-0.00125335
0.00298976
-0.00131947
0.00279571
-0.00199823
0.00259851
-0.0021391
-0.00286368
0.00354462
0.000592005
0.0035103
6.19979e-05
0.00347522
6.37766e-05
0.00339588
-0.000514174
0.0033144
-0.000522962
0.0031832
-0.00112216
0.00304698
-0.00118324
0.00285557
-0.00180682
0.00265888
-0.0019424
-0.00261117
0.00355598
0.000571563
0.00353044
8.75332e-05
0.00350444
8.97769e-05
0.00343147
-0.000441199
0.00335724
-0.000448732
0.00323058
-0.000995502
0.00309919
-0.00105185
0.00291027
-0.0016179
0.00271399
-0.00174613
-0.00235585
0.00356627
0.000540827
0.00354866
0.000105142
0.0035309
0.000107541
0.00346367
-0.000373972
0.00339599
-0.000381048
0.00327349
-0.000873004
0.00314634
-0.000924701
0.00295969
-0.00143125
0.00276377
-0.00155021
-0.00209801
0.00357548
0.00050088
0.00356494
0.000115682
0.00355456
0.000117925
0.00349244
-0.000311857
0.00343059
-0.000319201
0.00331185
-0.000754259
0.00318838
-0.000801232
0.00300378
-0.00124665
0.00280815
-0.00135458
-0.00183796
0.00358359
0.000452824
0.00357925
0.000120024
0.00357537
0.000121806
0.00351773
-0.000254225
0.00346101
-0.000262473
0.0033456
-0.000638852
0.00322528
-0.00068091
0.00304246
-0.00106384
0.00284706
-0.00115917
-0.00157603
0.00359058
0.000397781
0.00359156
0.000119039
0.00359329
0.000120081
0.00353951
-0.000200451
0.00348718
-0.00021014
0.00337469
-0.000526358
0.00325701
-0.000563229
0.00307572
-0.000882555
0.00288048
-0.00096393
-0.00131253
0.00359643
0.00033689
0.00360186
0.000113602
0.00360828
0.000113663
0.00355774
-0.000149914
0.00350908
-0.000161478
0.00339906
-0.000416334
0.00328354
-0.000447715
0.00310359
-0.000702601
0.00290842
-0.00076876
-0.00104778
0.00360112
0.000271301
0.00361013
0.000104593
0.00362032
0.000103479
0.00357239
-0.000101988
0.00352668
-0.000115762
0.00341867
-0.000308325
0.00330487
-0.00033392
0.00312604
-0.000523769
0.00293087
-0.000573586
-0.000782054
0.00360466
0.000202175
0.00361636
9.28908e-05
0.00362938
9.04651e-05
0.00358344
-5.60533e-05
0.00353995
-7.22689e-05
0.00343349
-0.000201864
0.00332099
-0.000221421
0.00314304
-0.00034582
0.00294784
-0.000378386
-0.000515641
0.00360703
0.000130684
0.00362054
7.93797e-05
0.00363544
7.55657e-05
0.00359087
-1.14846e-05
0.00354888
-3.028e-05
0.00344349
-9.64712e-05
0.00333188
-0.000109816
0.00315455
-0.000168493
0.00295935
-0.000183183
-0.000248794
0.00360822
0.00362265
0.00363849
0.00359466
0.00355346
0.00344865
0.00333755
0.00316057
0.00296542
0.0151671
-1.10405e-05
0.0152629
-9.58617e-05
0.0153743
-0.000111398
0.0155144
-0.0001401
0.0156527
-0.000138314
0.0157953
-0.000142555
0.0159237
-0.000128432
0.0160438
-0.000120093
0.0161463
-0.00010253
-9.15024e-05
0.0162378
0.0146377
-2.19937e-05
0.0147291
-0.000187268
0.0148363
-0.000218626
0.0149716
-0.000275333
0.0151057
-0.00027248
0.0152439
-0.000280758
0.0153687
-0.000253238
0.0154857
-0.000237037
0.0155857
-0.00020255
-0.000181138
0.0156753
0.0141254
-3.1422e-05
0.0142146
-0.000276438
0.0143163
-0.000320365
0.0144475
-0.000406492
0.0145775
-0.000402569
0.0147126
-0.000415864
0.0148345
-0.000375139
0.0149494
-0.000351936
0.0150477
-0.000300827
-0.000269445
0.015136
0.0136305
-3.89411e-05
0.0137178
-0.000363747
0.0138137
-0.000416189
0.0139411
-0.000533969
0.0140675
-0.000528923
0.0142001
-0.000548479
0.0143198
-0.000494803
0.0144334
-0.000465563
0.0145306
-0.000398039
-0.00035731
0.0146185
0.0131527
-4.43558e-05
0.0132383
-0.000449357
0.0133278
-0.000505734
0.013452
-0.000658162
0.0135748
-0.000651691
0.0137054
-0.000679067
0.0138233
-0.000612726
0.0139363
-0.000578605
0.0140331
-0.000494825
-0.00044536
0.0141212
0.0126914
-4.76415e-05
0.0127753
-0.000533235
0.0128583
-0.000588705
0.0129795
-0.000779436
0.0130987
-0.000770858
0.0132276
-0.000807969
0.0133442
-0.000729291
0.0134572
-0.000691631
0.0135541
-0.000591683
-0.000534133
0.0136428
0.0122463
-4.89093e-05
0.0123283
-0.000615183
0.0124044
-0.000664888
0.0125231
-0.000898102
0.0126385
-0.000886251
0.012766
-0.000935425
0.0128815
-0.000844786
0.0129949
-0.000805096
0.0130923
-0.000689012
-0.000624082
0.0131822
0.0118169
-4.83754e-05
0.0118966
-0.000694867
0.0119659
-0.000734162
0.0120821
-0.00101438
0.0121934
-0.000997561
0.0123196
-0.00106162
0.0124343
-0.000959414
0.0125485
-0.000919356
0.0126466
-0.000787129
-0.000715596
0.0127381
0.0114027
-4.63328e-05
0.0114797
-0.00077184
0.011542
-0.000796513
0.011656
-0.00112835
0.0117628
-0.00110439
0.0118879
-0.00118669
0.0120018
-0.00107328
0.0121171
-0.00103467
0.0122162
-0.000886278
-0.000809004
0.0123096
0.0110033
-4.3126e-05
0.011077
-0.00084557
0.0111325
-0.00085204
0.0112441
-0.00123996
0.011346
-0.00120628
0.0114701
-0.00131075
0.0115832
-0.00118641
0.0116998
-0.00115122
0.0118001
-0.000986643
-0.000904595
0.0118957
0.0106181
-3.91258e-05
0.010688
-0.000915465
0.0107369
-0.000900954
0.0108459
-0.00134898
0.0109425
-0.0013028
0.0110656
-0.0014339
0.0111779
-0.00129869
0.0112958
-0.00126911
0.0113975
-0.00108836
-0.00100262
0.0114955
0.0102467
-3.4707e-05
0.0103122
-0.000980906
0.0103548
-0.000943572
0.0104609
-0.00145503
0.0105516
-0.00139354
0.0106739
-0.00155618
0.0107851
-0.00140992
0.0109044
-0.00138837
0.0110075
-0.00119152
-0.00110328
0.0111082
0.0098887
-3.02283e-05
0.00994907
-0.00104128
0.0099858
-0.0009803
0.0100884
-0.00155759
0.010173
-0.00147817
0.0102944
-0.00167756
0.0104042
-0.00151978
0.0105249
-0.00150901
0.0106296
-0.0012962
-0.00120677
0.0107331
0.00954348
-2.60142e-05
0.0095982
-0.001096
0.00962951
-0.00101162
0.00972795
-0.00165603
0.00980625
-0.00155647
0.00992663
-0.00179795
0.0100347
-0.00162785
0.0101567
-0.00163103
0.0102629
-0.00140243
-0.00131321
0.0103694
0.0092106
-2.23408e-05
0.00925914
-0.00114454
0.00928557
-0.00103805
0.00937915
-0.0017496
0.00945101
-0.00162832
0.00957014
-0.00191708
0.00967596
-0.00173367
0.00979931
-0.00175438
0.00990707
-0.00151019
-0.00142273
0.0100166
0.00888958
-1.94247e-05
0.00893151
-0.00118646
0.0089536
-0.00106014
0.00904154
-0.00183754
0.00910695
-0.00169373
0.00922447
-0.0020346
0.00932751
-0.00183671
0.00945216
-0.00187903
0.00956139
-0.00161942
-0.00153542
0.00967407
0.00857994
-1.74158e-05
0.00861493
-0.00122145
0.00863324
-0.00107846
0.00871472
-0.00191902
0.0087738
-0.00175281
0.00888917
-0.00214997
0.00898894
-0.00193647
0.00911484
-0.00200493
0.00922541
-0.00172999
-0.00165133
0.00934132
0.00828124
-1.63932e-05
0.00830907
-0.00124928
0.00832412
-0.00109351
0.00839835
-0.00199325
0.0084513
-0.00180576
0.00856386
-0.00226254
0.00865988
-0.00203249
0.00878694
-0.00213198
0.00889864
-0.0018417
-0.00177053
0.00901784
0.007993
-1.63663e-05
0.00801362
-0.0012699
0.00802588
-0.00110577
0.0080921
-0.00205947
0.00813922
-0.00185288
0.00824817
-0.00237149
0.00834004
-0.00212437
0.00846808
-0.00226002
0.00858065
-0.00195426
-0.00189308
0.0087032
0.00771481
-1.72774e-05
0.00772829
-0.00128338
0.00773815
-0.00111563
0.00779569
-0.00211701
0.00783733
-0.00189452
0.00794176
-0.00247591
0.00802918
-0.00221179
0.00815794
-0.00238879
0.00827103
-0.00206735
-0.00201902
0.00839697
0.00744625
-1.9009e-05
0.00745281
-0.00128994
0.00746057
-0.00112339
0.00750888
-0.00216532
0.00754541
-0.00193106
0.00764433
-0.00257483
0.00772708
-0.00229454
0.00785618
-0.00251788
0.00796941
-0.00218058
-0.00214842
0.0080988
0.00718692
-2.13917e-05
0.00718701
-0.00129002
0.00719279
-0.00112918
0.00723145
-0.00220398
0.00726326
-0.00196287
0.00735563
-0.00266719
0.0074336
-0.00237251
0.0075625
-0.00264678
0.00767548
-0.00229356
-0.00228129
0.00780835
0.00693644
-2.4189e-05
0.00693063
-0.00128421
0.00693446
-0.00113301
0.00696323
-0.00223275
0.00699067
-0.0019903
0.00707546
-0.00275199
0.00714862
-0.00244567
0.00727663
-0.0027748
0.00738897
-0.00240589
-0.00241765
0.00752533
0.00669445
-2.71339e-05
0.00668337
-0.00127312
0.00668523
-0.00113487
0.00670406
-0.00225158
0.00672741
-0.00201364
0.00680363
-0.00282821
0.00687202
-0.00251406
0.00699833
-0.00290111
0.00710965
-0.00251721
-0.00255748
0.00724948
0.00646065
-2.9956e-05
0.00644495
-0.00125742
0.00644477
-0.00113469
0.0064539
-0.00226071
0.00647328
-0.00203302
0.00654002
-0.00289495
0.00660371
-0.00257775
0.00672737
-0.00302477
0.00683734
-0.00262718
-0.00270069
0.00698056
0.00623475
-3.23912e-05
0.00621512
-0.00123779
0.00621272
-0.0011323
0.00621263
-0.00226062
0.00622807
-0.00204845
0.00628452
-0.00295141
0.00634363
-0.00263686
0.00646356
-0.0031447
0.00657189
-0.00273551
-0.00284716
0.00671835
0.00601648
-3.41977e-05
0.00599361
-0.00121492
0.00598873
-0.00112742
0.00598011
-0.002252
0.00599155
-0.00205989
0.00603707
-0.00299693
0.00609168
-0.00269148
0.00620673
-0.00325975
0.00631315
-0.00284193
-0.00299666
0.00646266
0.00580561
-3.51751e-05
0.00578018
-0.0011895
0.00577257
-0.00111981
0.00575617
-0.0022356
0.00576348
-0.0020672
0.00579764
-0.00303109
0.00584781
-0.00274164
0.00595674
-0.00336868
0.00606103
-0.00294622
-0.00314893
0.0062133
0.00560193
-3.51836e-05
0.00557458
-0.00116215
0.00556399
-0.00110922
0.00554066
-0.00221227
0.00554362
-0.00207016
0.00556635
-0.00305382
0.00561194
-0.00278723
0.00571345
-0.00347019
0.00581543
-0.0030482
-0.00330361
0.00597012
0.00540527
-3.41576e-05
0.00537651
-0.0011334
0.00536278
-0.00109549
0.00533341
-0.0021829
0.00533168
-0.00206844
0.00534318
-0.00306532
0.00538395
-0.002828
0.00547673
-0.00356296
0.00557629
-0.00314777
-0.0034603
0.00573298
0.00521545
-3.21105e-05
0.00518572
-0.00110366
0.00516875
-0.00107852
0.00513419
-0.00214834
0.00512737
-0.00206161
0.00512812
-0.00306607
0.00516372
-0.0028636
0.00524649
-0.00364573
0.00534362
-0.0032449
-0.00361845
0.00550178
0.00503231
-2.91284e-05
0.00500188
-0.00107324
0.00498172
-0.00105836
0.00494277
-0.00210939
0.00493045
-0.00204929
0.00492117
-0.00305679
0.00495106
-0.00289349
0.00502274
-0.0037174
0.00511744
-0.0033396
-0.00377741
0.00527639
0.00485568
-2.53536e-05
0.00482472
-0.00104228
0.00480152
-0.00103516
0.00475884
-0.00206671
0.00474077
-0.00203122
0.00472229
-0.0030383
0.00474577
-0.00291697
0.00480566
-0.0037773
0.00489778
-0.00343173
-0.00393635
0.00505673
0.00468536
-2.09619e-05
0.00465394
-0.00101086
0.00462798
-0.0010092
0.0045821
-0.00202083
0.00455824
-0.00200736
0.00453137
-0.00301143
0.00454769
-0.00293329
0.00459542
-0.00382502
0.00468456
-0.00352087
-0.0040945
0.0048427
0.00452115
-1.61393e-05
0.00448929
-0.000979001
0.00446093
-0.000980839
0.00441224
-0.00197214
0.00438276
-0.00197788
0.00434825
-0.00297692
0.00435672
-0.00294176
0.00439218
-0.00386049
0.0044775
-0.00360619
-0.00425127
0.00463427
0.00436284
-1.10612e-05
0.00433053
-0.000946692
0.00430018
-0.000950485
0.00424899
-0.00192095
0.00421426
-0.00194315
0.00417272
-0.00293538
0.00417281
-0.00294185
0.00419608
-0.00388376
0.00427636
-0.00368648
-0.00440611
0.00443121
0.0042102
-5.87794e-06
0.00417745
-0.00091394
0.00414552
-0.000918555
0.0040921
-0.00186753
0.00405265
-0.00190369
0.00400456
-0.0028873
0.00399597
-0.00293326
0.00400701
-0.00389479
0.00408134
-0.00376081
-0.00455763
0.00423287
0.00406301
-7.09507e-07
0.00402986
-0.000880794
0.00399676
-0.000885447
0.00394141
-0.00181218
0.00389781
-0.0018601
0.00384361
-0.00283309
0.00382622
-0.00291588
0.00382429
-0.00389286
0.00389313
-0.00382965
-0.00470318
0.00403867
0.00392105
4.35075e-06
0.00388761
-0.000847351
0.0038537
-0.000851537
0.00379674
-0.00175523
0.00374962
-0.00181297
0.00368965
-0.00277313
0.00366354
-0.00288977
0.00364671
-0.00387603
0.00371062
-0.00389356
-0.00484288
0.00385032
0.0037841
0.00375057
0.00371609
0.00365805
0.0036078
0.00354265
0.00350792
0.00347465
0.00352727
0.00366961
0.0161256
0.000112236
0.0160179
0.000107717
0.0159156
0.000102265
0.015819
9.66144e-05
0.0157282
9.07738e-05
0.0156435
8.4754e-05
0.0155649
7.85636e-05
0.0154927
7.22115e-05
0.015427
6.57066e-05
0.0153679
5.90584e-05
0.0153157
5.22769e-05
0.0152703
4.5372e-05
0.0152319
3.83549e-05
0.0152007
3.1236e-05
0.0151767
2.40268e-05
0.0151599
1.67391e-05
0.0151506
9.38624e-06
0.0151486
1.99119e-06
0.0151541
-5.49073e-06
-1.29867e-05
0.015167
0.0155668
0.000220823
0.0154626
0.000211879
0.0153637
0.000201115
0.0152704
0.00018996
0.0151827
0.000178434
0.0151009
0.000166557
0.0150251
0.000154347
0.0149555
0.000141821
0.0148922
0.000128998
0.0148354
0.000115895
0.0147852
0.000102533
0.0147416
8.89327e-05
0.0147048
7.51143e-05
0.014675
6.10992e-05
0.0146521
4.69095e-05
0.0146363
3.25677e-05
0.0146275
1.80972e-05
0.014626
3.53126e-06
0.0146317
-1.11581e-05
-2.58849e-05
0.0146446
0.0150311
0.000325724
0.0149305
0.000312467
0.0148351
0.000296522
0.0147451
0.000280004
0.0146606
0.000262942
0.0145818
0.000245367
0.0145088
0.000227306
0.0144419
0.000208783
0.014381
0.000189825
0.0143265
0.000170461
0.0142783
0.000150718
0.0142366
0.000130627
0.0142015
0.00011022
0.014173
8.95261e-05
0.0141514
6.85788e-05
0.0141365
4.74114e-05
0.0141286
2.6059e-05
0.0141275
4.57758e-06
0.0141335
-1.71005e-05
-3.88245e-05
0.0141464
0.0145172
0.000426953
0.0144202
0.000409503
0.0143282
0.000388509
0.0142415
0.000366765
0.0141601
0.000344315
0.0140842
0.000321199
0.0140141
0.000297451
0.0139498
0.000273102
0.0138914
0.000248189
0.0138391
0.000222746
0.013793
0.000196814
0.0137532
0.00017043
0.0137198
0.000143635
0.0136929
0.00011647
0.0136725
8.89759e-05
0.0136587
6.11976e-05
0.0136516
3.31802e-05
0.0136512
4.9992e-06
0.0136575
-2.34417e-05
-5.19351e-05
0.0136706
0.0140236
0.000524535
0.0139301
0.000503015
0.0138415
0.000477101
0.013758
0.000450267
0.0136797
0.000422572
0.0136069
0.000394066
0.0135395
0.000364789
0.0134779
0.00033478
0.013422
0.000304082
0.013372
0.000272741
0.013328
0.000240801
0.0132901
0.000208312
0.0132584
0.000175323
0.013233
0.000141884
0.0132139
0.000108045
0.0132013
7.38608e-05
0.0131951
3.93874e-05
0.0131953
4.72736e-06
0.0132022
-3.02748e-05
-6.53243e-05
0.0132156
0.0135489
0.000618492
0.0134589
0.000593031
0.0133736
0.000562325
0.0132934
0.000530534
0.0132182
0.000497734
0.0131483
0.000463985
0.0130837
0.000429334
0.0130247
0.000393826
0.0129713
0.00035751
0.0129236
0.000320441
0.0128817
0.000282671
0.0128458
0.000244259
0.0128158
0.000205261
0.012792
0.000165737
0.0127743
0.000125746
0.0127628
8.53522e-05
0.0127575
4.46214e-05
0.0127586
3.69423e-06
0.012766
-3.76818e-05
-7.90842e-05
0.0127797
0.0130918
0.000708851
0.0130053
0.000679577
0.0129234
0.000644206
0.0128464
0.00060759
0.0127743
0.000569823
0.0127073
0.000530976
0.0126455
0.000491101
0.0125891
0.00045025
0.0125381
0.000408479
0.0124927
0.000365847
0.012453
0.000322419
0.012419
0.000278259
0.0123908
0.000233431
0.0123685
0.000188004
0.0123522
0.000142047
0.0123419
9.56307e-05
0.0123377
4.88331e-05
0.0123396
1.85241e-06
0.0123476
-4.57345e-05
-9.32973e-05
0.0123618
0.0126514
0.000795636
0.0125683
0.00076268
0.0124897
0.000722771
0.0124158
0.000681459
0.0123468
0.000638861
0.0122827
0.000595057
0.0122237
0.000550107
0.0121699
0.000504066
0.0121214
0.000456996
0.0120783
0.000408965
0.0120406
0.000360044
0.0120086
0.000310304
0.0119822
0.00025982
0.0119615
0.000208665
0.0119467
0.000156917
0.0119376
0.000104656
0.0119345
5.19708e-05
0.0119372
-8.51977e-07
0.011946
-5.44857e-05
-0.000108016
0.0119607
0.0122264
0.00087887
0.0121467
0.000842359
0.0120715
0.00079804
0.0120008
0.000752163
0.0119347
0.000704867
0.0118736
0.000656247
0.0118173
0.000606367
0.0117661
0.000555285
0.01172
0.000503071
0.0116792
0.000449799
0.0116437
0.000395547
0.0116136
0.000340395
0.011589
0.000284423
0.0115699
0.000227714
0.0115565
0.000170354
0.0115487
0.00011243
0.0115466
5.4042e-05
0.0115504
-4.61529e-06
0.0115599
-6.39682e-05
-0.000123305
0.0115752
0.011816
0.000958567
0.0117398
0.000918631
0.0116678
0.000870029
0.0116002
0.000819718
0.0115372
0.000767859
0.0114789
0.000714561
0.0114254
0.000659892
0.0113767
0.000603918
0.0113331
0.000546711
0.0112945
0.000488353
0.0112612
0.000428929
0.011233
0.000368525
0.0112102
0.000307229
0.0111928
0.00024513
0.0111808
0.000182322
0.0111744
0.0001189
0.0111734
5.49767e-05
0.0111781
-9.30229e-06
0.0111884
-7.42415e-05
-0.000139206
0.0112043
0.0114193
0.00103474
0.0113465
0.000991503
0.0112777
0.000938749
0.0112133
0.000884136
0.0111533
0.000827848
0.0110979
0.000770008
0.0110471
0.000710694
0.011001
0.000649973
0.0109598
0.000587923
0.0109235
0.000524631
0.0108923
0.00046019
0.0108661
0.000394692
0.0108451
0.000328231
0.0108293
0.000260904
0.0108188
0.000192812
0.0108137
0.000124058
0.0108139
5.47677e-05
0.0108196
-1.49693e-05
0.0108307
-8.53392e-05
-0.000155768
0.0108472
0.0110355
0.00110739
0.0109661
0.00106098
0.0109006
0.00100421
0.0108393
0.000945426
0.0107823
0.000884843
0.0107297
0.000822599
0.0106817
0.00075878
0.0106382
0.000693456
0.0105994
0.000626711
0.0105654
0.000558637
0.0105362
0.000489332
0.010512
0.000418895
0.0104928
0.000347427
0.0104787
0.000275031
0.0104697
0.000201814
0.0104659
0.000127889
0.0104672
5.33958e-05
0.0104739
-2.16412e-05
0.0104859
-9.72867e-05
-0.000173019
0.0105031
0.0106639
0.00117652
0.0105979
0.00112705
0.0105357
0.0010664
0.0104775
0.00100359
0.0104235
0.000938847
0.0103738
0.000872337
0.0103284
0.000804153
0.0102875
0.000734372
0.0102511
0.00066308
0.0102194
0.000590373
0.0101923
0.000516356
0.0101701
0.000441133
0.0101527
0.000364813
0.0101402
0.000287504
0.0101327
0.00020932
0.0101302
0.000130383
0.0101328
5.08485e-05
0.0101405
-2.93387e-05
0.0101533
-0.000110106
-0.000190988
0.0101713
0.0103038
0.00124211
0.0102411
0.00118972
0.0101822
0.00112532
0.0101272
0.00105863
0.0100762
0.000989862
0.0100293
0.000919222
0.00998661
0.000846816
0.00994826
0.000772723
0.00991431
0.00069703
0.00988484
0.00061984
0.00985994
0.000541261
0.00983966
0.000461406
0.00982409
0.000380387
0.00981327
0.000298319
0.00980727
0.000215324
0.00980612
0.00013153
0.00980985
4.71175e-05
0.00981859
-3.80776e-05
0.0098323
-0.000123816
-0.000209693
0.00985101
0.00995454
0.00130416
0.0098953
0.00124895
0.00983966
0.00118096
0.00978776
0.00111053
0.00973974
0.00103788
0.00969571
0.000963252
0.00965576
0.000886766
0.00961998
0.000808506
0.00958845
0.000728561
0.00956125
0.000647037
0.00953846
0.000564048
0.00952016
0.000479712
0.0095064
0.000394146
0.00949724
0.000307474
0.00949275
0.000219821
0.00949295
0.000131326
0.00949787
4.21982e-05
0.00950766
-4.78693e-05
0.00952228
-0.000138429
-0.000229153
0.00954173
0.00961559
0.00136264
0.00955981
0.00130473
0.00950746
0.00123331
0.00945871
0.00115928
0.0094137
0.0010829
0.00937253
0.00100442
0.0093353
0.000923997
0.00930209
0.000841717
0.00927298
0.00075767
0.00924805
0.000671963
0.00922739
0.000584714
0.00921105
0.000496048
0.00919911
0.000406089
0.00919162
0.000314964
0.00918863
0.000222808
0.00919019
0.000129766
0.0091963
3.60903e-05
0.00920715
-5.87222e-05
0.00922268
-0.000153955
-0.000249377
0.0092429
0.00928643
0.00141754
0.00923413
0.00135704
0.00918511
0.00128232
0.00913952
0.00120487
0.00909752
0.00112489
0.00905923
0.00104271
0.00902473
0.0009585
0.00899409
0.000872351
0.00896741
0.000784352
0.00894476
0.000694612
0.00892622
0.000603256
0.00891186
0.000510412
0.00890173
0.000416212
0.00889591
0.000320788
0.00889444
0.00022428
0.00889736
0.000126847
0.00890465
2.88003e-05
0.00891657
-7.06432e-05
0.00893302
-0.000170402
-0.000270375
0.00895401
0.00896657
0.00146881
0.00891779
0.00140582
0.00887213
0.00132799
0.00882973
0.00124727
0.00879077
0.00116385
0.00875536
0.00107811
0.0087236
0.000990262
0.00869556
0.000900396
0.00867131
0.000808599
0.00865094
0.00071498
0.00863453
0.000619669
0.00862214
0.0005228
0.00861384
0.000424511
0.00860969
0.000324941
0.00860973
0.000224235
0.00861402
0.000122563
0.00862247
2.03436e-05
0.00863547
-8.36401e-05
0.00865285
-0.000187779
-0.000292153
0.00867463
0.00865559
0.00151641
0.00861037
0.00145104
0.0085681
0.00137027
0.00852891
0.00128645
0.00849301
0.00119976
0.00846051
0.00111061
0.00843151
0.00101927
0.00840607
0.000925839
0.00838426
0.000830401
0.00836618
0.000733059
0.00835191
0.000633946
0.0083415
0.000533206
0.00833503
0.00043098
0.00833256
0.000327415
0.00833413
0.000222669
0.00833976
0.000116931
0.00834936
1.07413e-05
0.00836345
-9.77328e-05
0.00838177
-0.000206098
-0.000314714
0.00840433
0.00835308
0.0015603
0.00831148
0.00149264
0.00827263
0.00140912
0.00823669
0.00132239
0.00820387
0.00123257
0.00817431
0.00114017
0.00814808
0.0010455
0.00812525
0.000948667
0.00810591
0.000849747
0.00809013
0.00074884
0.00807799
0.000646084
0.00806956
0.000541629
0.00806493
0.000435618
0.00806414
0.000328198
0.0080673
0.000219515
0.00807445
0.000109782
0.00808491
2.79236e-07
0.00810017
-0.000112991
0.0081194
-0.000225334
-0.000338044
0.00814273
0.00805868
0.00160041
0.00802074
0.00153058
0.00798536
0.0014445
0.0079527
0.00135505
0.00792301
0.00126227
0.00789641
0.00116677
0.00787298
0.00106892
0.00785279
0.000968859
0.00783591
0.000866622
0.00782244
0.000762313
0.00781245
0.000656077
0.007806
0.000548073
0.00780317
0.000438453
0.00780399
0.000327375
0.00780849
0.000215011
0.00781669
0.000101587
0.00782943
-1.24652e-05
0.00784551
-0.000129071
0.00786561
-0.000245433
-0.000362118
0.00788969
0.00777207
0.00163669
0.00773785
0.0015648
0.00770599
0.00147636
0.00767665
0.00138439
0.0076501
0.00128882
0.0076265
0.00119037
0.0076059
0.00108952
0.00758836
0.000986393
0.00757398
0.000881006
0.00756283
0.00077346
0.007555
0.000663908
0.00755056
0.000552517
0.00754956
0.000439447
0.00755208
0.000324857
0.00755817
0.000208925
0.00756785
9.19057e-05
0.00758152
-2.61338e-05
0.00759875
-0.000146306
0.00761976
-0.000266445
-0.000386953
0.0076446
0.00749295
0.00166907
0.00746251
0.00159524
0.0074342
0.00150467
0.00740822
0.00141037
0.00738487
0.00131217
0.0073643
0.00121094
0.00734656
0.00110727
0.00733171
0.00100124
0.00731984
0.000892876
0.00731104
0.000782259
0.00730539
0.000669557
0.00730296
0.000554943
0.00730383
0.000438584
0.00730804
0.000320644
0.00731565
0.000201313
0.00732667
8.08889e-05
0.00734151
-4.09756e-05
0.00735983
-0.000164626
0.00738177
-0.000288384
-0.00041255
0.00740737
0.00722106
0.0016975
0.00719445
0.00162185
0.00716974
0.00152938
0.00714716
0.00143295
0.00712705
0.00133228
0.00710955
0.00122845
0.0070947
0.00112212
0.00708256
0.00101338
0.00707323
0.000902207
0.0070668
0.000788689
0.00706335
0.000673004
0.00706296
0.000555336
0.00706569
0.000435856
0.0070716
0.000314735
0.00708074
0.000192173
0.0070931
6.85299e-05
0.00710913
-5.70108e-05
0.00712852
-0.000184017
0.00715138
-0.000311237
-0.000438904
0.00717773
0.00695615
0.00172191
0.00693341
0.00164459
0.00691236
0.00155044
0.00689323
0.00145207
0.0068764
0.00134911
0.00686201
0.00124284
0.00685008
0.00113404
0.00684069
0.00102277
0.00683392
0.00090897
0.00682989
0.000792725
0.00682866
0.00067423
0.00683032
0.00055368
0.00683493
0.00043125
0.00684254
0.000307117
0.00685322
0.000181495
0.00686691
5.48428e-05
0.00688416
-7.42582e-05
0.00690462
-0.000204479
0.00692838
-0.000334998
-0.000466004
0.00695548
0.006698
0.00174226
0.00667919
0.0016634
0.00666182
0.00156781
0.0066462
0.00146769
0.0066327
0.0013626
0.00662145
0.00125409
0.00661249
0.00114301
0.00660587
0.00102939
0.0066017
0.000913136
0.00660009
0.000794339
0.00660111
0.000673211
0.00660483
0.000549954
0.00661134
0.000424746
0.00662068
0.000297774
0.0066329
0.000169269
0.0066479
3.98447e-05
0.00666638
-9.27398e-05
0.00668792
-0.000226017
0.00671259
-0.000359664
-0.000493844
0.00674043
0.0064464
0.00175852
0.00643155
0.00167824
0.00641792
0.00158144
0.00640584
0.00147977
0.00639572
0.00137273
0.00638767
0.00126214
0.0063817
0.00114898
0.00637789
0.0010332
0.00637636
0.000914672
0.00637719
0.000793503
0.00638048
0.000669921
0.0063863
0.000544134
0.00639473
0.000416323
0.00640582
0.000286683
0.00641959
0.000155493
0.00643588
2.35534e-05
0.00645564
-0.000112498
0.00647826
-0.000248639
0.00650383
-0.000385227
-0.000522415
0.0065324
0.00620115
0.00177066
0.0061903
0.0016891
0.00618044
0.0015913
0.00617196
0.00148825
0.00616527
0.00137942
0.00616045
0.00126696
0.00615752
0.00115191
0.00615656
0.00103416
0.0061577
0.00091354
0.00616101
0.000790184
0.0061666
0.000664335
0.00617453
0.000536201
0.00618489
0.000405963
0.00619778
0.000273796
0.00621326
0.000140018
0.00623068
6.12903e-06
0.00625177
-0.000133591
0.00627545
-0.00027232
0.00630191
-0.00041168
-0.000551718
0.00633121
0.00596209
0.00177868
0.00595525
0.00169594
0.0059492
0.00159735
0.00594436
0.00149308
0.00594114
0.00138264
0.0059396
0.0012685
0.00593975
0.00115175
0.00594169
0.00103222
0.00594553
0.000909698
0.00595137
0.000784344
0.00595929
0.000656421
0.00596935
0.000526141
0.00598162
0.000393689
0.00599615
0.000259267
0.00601293
0.000123235
0.00603268
-1.36197e-05
0.00605478
-0.000155685
0.00607947
-0.000297018
0.0061068
-0.000439009
-0.000581719
0.0061368
0.00572906
0.00178261
0.00572623
0.00169877
0.00572401
0.00159956
0.00572286
0.00149424
0.00572315
0.00138235
0.00572494
0.00126672
0.00572822
0.00114847
0.0057331
0.00102734
0.0057397
0.000903098
0.0057481
0.000775937
0.00575839
0.000646135
0.00577062
0.000513907
0.00578487
0.00037944
0.00580118
0.000242965
0.00581952
0.000104894
0.00584096
-3.50617e-05
0.00586428
-0.000179005
0.00589003
-0.000322766
0.00591824
-0.000467218
-0.000612425
0.00594894
0.00550191
0.00178247
0.00550309
0.0016976
0.00550472
0.00159792
0.00550729
0.00149167
0.00551114
0.0013785
0.00551629
0.00126157
0.00552274
0.00114202
0.00553061
0.00101947
0.00554002
0.000893689
0.00555104
0.00076491
0.00556376
0.000633422
0.00557823
0.000499436
0.00559452
0.000363146
0.00561268
0.000224802
0.00563265
8.49278e-05
0.00565546
-5.78751e-05
0.00568014
-0.000203679
0.00570699
-0.000349614
0.00573609
-0.000496322
-0.000643845
0.00576751
0.00528055
0.00177832
0.00528569
0.00169245
0.00529118
0.00159244
0.00529749
0.00148536
0.00530493
0.00137106
0.00531348
0.00125302
0.00532314
0.00113236
0.00533405
0.00100855
0.00534633
0.000881415
0.00536003
0.000751207
0.00537523
0.000618226
0.00539199
0.000482677
0.00541037
0.000344759
0.00543042
0.000204755
0.00545199
6.33635e-05
0.00547627
-8.21609e-05
0.00550229
-0.000229698
0.00553026
-0.000377582
0.00556027
-0.000526338
-0.000675983
0.00559241
0.00506482
0.00177023
0.00507389
0.00168339
0.0050832
0.00158312
0.00509328
0.00147528
0.00510436
0.00135998
0.00511633
0.00124105
0.00512925
0.00111943
0.00514326
0.000994544
0.00515846
0.00086622
0.00517489
0.000734773
0.00519263
0.000600491
0.00521173
0.000463574
0.00523227
0.000324221
0.00525423
0.000182789
0.0052774
4.0195e-05
0.00530326
-0.000108023
0.00533064
-0.000257075
0.00535974
-0.000406679
0.00539068
-0.000557279
-0.000708852
0.00542355
0.00485461
0.00175832
0.00486748
0.00167051
0.00488061
0.00157
0.00489449
0.0014614
0.00490922
0.00134526
0.00492465
0.00122561
0.00494088
0.00110321
0.00495804
0.000977381
0.00497621
0.000848045
0.00499544
0.00071555
0.00501577
0.00058016
0.00503727
0.000442071
0.00506003
0.000301458
0.00508405
0.000158771
0.00510876
1.54807e-05
0.00513631
-0.000135565
0.00516505
-0.000285818
0.0051953
-0.000436934
0.00522721
-0.000589187
-0.000742489
0.00526085
0.00464976
0.00174282
0.00466628
0.001654
0.00468317
0.00155311
0.00470087
0.0014437
0.00471927
0.00132686
0.00473819
0.00120669
0.00475777
0.00108363
0.00477816
0.000956998
0.00479938
0.000826822
0.00482146
0.000693469
0.00484445
0.00055717
0.0048684
0.000418123
0.00489335
0.00027651
0.00491927
0.000132847
0.00494639
-1.16383e-05
0.0049754
-0.000164574
0.00500551
-0.000315934
0.00503699
-0.000468406
0.00506992
-0.000622119
-0.00077696
0.00510439
0.00445006
0.00172397
0.00447002
0.00163404
0.00449063
0.0015325
0.00451216
0.00142217
0.00453424
0.00130477
0.00455668
0.00118424
0.00457968
0.00106063
0.00460336
0.000933322
0.0046277
0.000802476
0.00465273
0.000668439
0.00467849
0.000531419
0.00470498
0.00039163
0.00473214
0.00024935
0.00475977
0.000105212
0.00479014
-4.2005e-05
0.00482053
-0.000194965
0.00485213
-0.000347531
0.00488492
-0.000501199
0.00491898
-0.000656175
-0.000812366
0.00495438
0.00425511
0.00170173
0.00427845
0.0016107
0.00430276
0.00150819
0.00432814
0.00139679
0.00435388
0.00127903
0.00437987
0.00115825
0.00440636
0.00103414
0.00443341
0.000906273
0.00446097
0.000774908
0.00448908
0.000640336
0.00451775
0.000502749
0.00454701
0.000362369
0.0045768
0.000219556
0.00460685
7.51653e-05
0.00463921
-7.43617e-05
0.00467172
-0.000227481
0.00470503
-0.000380837
0.00473931
-0.000535485
0.00477465
-0.000691507
-0.00084879
0.00481107
0.00406456
0.00167584
0.00409118
0.00158408
0.00411932
0.00148006
0.0041486
0.0013675
0.004178
0.00124963
0.00420761
0.00112865
0.0042377
0.00100405
0.00426826
0.000875713
0.00429924
0.000743937
0.00433064
0.000608926
0.00436252
0.000470878
0.00439486
0.000330022
0.00442746
0.000186956
0.00446006
4.25701e-05
0.00449495
-0.000109254
0.00452967
-0.000262196
0.00456484
-0.000416006
0.00460067
-0.00057132
0.0046372
-0.000728038
-0.000886036
0.00467445
0.00387884
0.00164732
0.00390825
0.00155468
0.00394046
0.00144785
0.00397376
0.00133421
0.00400702
0.00121637
0.0040406
0.00109507
0.00407465
0.000969996
0.00410908
0.000841288
0.00414382
0.000709198
0.00417887
0.000573873
0.00421425
0.000435495
0.00425006
0.000294215
0.00428635
0.000150665
0.00432076
8.15885e-06
0.00435825
-0.000146744
0.00439497
-0.000298914
0.00443178
-0.000452815
0.00446879
-0.000608334
0.00450602
-0.000765268
-0.000923522
0.00454351
0.00369445
0.00372815
0.00376563
0.00380374
0.00384195
0.00388045
0.00391913
0.00395789
0.00399667
0.00403544
0.00407414
0.00411261
0.00415075
0.00419162
0.00422944
0.00426718
0.00430467
0.00434193
0.00437906
0.00441609
0.0151875
-2.04925e-05
0.0152155
-2.80052e-05
0.0152511
-3.55129e-05
0.0152941
-4.30027e-05
0.0153445
-5.04615e-05
0.0154024
-5.78765e-05
0.0154676
-6.5235e-05
0.0155402
-7.25243e-05
0.0156199
-7.97313e-05
0.0157067
-8.68439e-05
0.0158006
-9.38491e-05
0.0159013
-0.000100735
0.0160088
-0.000107489
0.0161229
-0.000114099
0.0162435
-0.000120553
0.0163703
-0.000126841
0.0165032
-0.000132948
0.0166421
-0.000138872
0.0167867
-0.000144576
-0.000150178
0.0169369
0.0146647
-4.06397e-05
0.0146921
-5.54072e-05
0.0147268
-7.01617e-05
0.0147686
-8.48785e-05
0.0148177
-9.95324e-05
0.0148739
-0.000114098
0.0149373
-0.000128552
0.0150076
-0.000142868
0.0150849
-0.000157021
0.015169
-0.000170988
0.0152599
-0.000184744
0.0153575
-0.000198264
0.0154615
-0.000211525
0.0155719
-0.000224504
0.0156885
-0.000237177
0.0158112
-0.000249523
0.0159398
-0.000261514
0.016074
-0.000273147
0.0162138
-0.000284346
-0.000295339
0.016359
0.0141664
-6.05861e-05
0.0141933
-8.23637e-05
0.0142273
-0.00010412
0.0142682
-0.000125819
0.0143161
-0.000147423
0.0143709
-0.000168896
0.0144325
-0.000190202
0.014501
-0.000211305
0.0145761
-0.000232167
0.0146579
-0.000252755
0.0147462
-0.000273031
0.0148409
-0.00029296
0.0149419
-0.000312509
0.015049
-0.000331642
0.0151622
-0.000350325
0.0152812
-0.000368529
0.0154059
-0.00038621
0.0155361
-0.000403369
0.0156716
-0.000419887
-0.000436116
0.0158124
0.0136905
-8.04759e-05
0.0137172
-0.000109036
0.0137506
-0.000137565
0.0137908
-0.000166018
0.0138377
-0.000194345
0.0138913
-0.000222499
0.0139516
-0.000250434
0.0140184
-0.000278101
0.0140916
-0.000305454
0.0141713
-0.000332446
0.0142573
-0.000359031
0.0143495
-0.000385164
0.0144478
-0.000410798
0.0145521
-0.00043589
0.0146622
-0.000460394
0.0147779
-0.000484274
0.0148992
-0.00050747
0.0150258
-0.000529986
0.0151575
-0.000551664
-0.000572983
0.0152944
0.0132355
-0.00010043
0.013262
-0.000135557
0.0132951
-0.000170645
0.0133347
-0.000205636
0.0133809
-0.000240473
0.0134334
-0.000275096
0.0134925
-0.00030945
0.0135578
-0.000343475
0.0136295
-0.000377116
0.0137074
-0.000410314
0.0137914
-0.000443013
0.0138813
-0.000475158
0.0139772
-0.000506693
0.0140789
-0.000537566
0.0141862
-0.000567719
0.0142991
-0.000597109
0.0144173
-0.000625664
0.0145407
-0.000653389
0.0146691
-0.000680083
-0.000706369
0.0148025
0.0127999
-0.000120551
0.0128263
-0.000162041
0.0128592
-0.000203484
0.0128984
-0.000244813
0.0129438
-0.000285958
0.0129956
-0.000326854
0.0130536
-0.000367431
0.0131177
-0.000407622
0.013188
-0.00044736
0.0132642
-0.000486579
0.0133464
-0.000525212
0.0134345
-0.000563195
0.0135282
-0.000600461
0.0136276
-0.000636951
0.0137325
-0.000672596
0.0138427
-0.000707347
0.0139582
-0.000741117
0.0140787
-0.000773917
0.0142041
-0.000805497
-0.000836647
0.0143344
0.0123822
-0.000140929
0.0124088
-0.000188588
0.0124415
-0.000236194
0.0124803
-0.000283668
0.0125253
-0.000330934
0.0125764
-0.000377914
0.0126335
-0.00042453
0.0126966
-0.000470707
0.0127656
-0.000516366
0.0128404
-0.000561434
0.012921
-0.000605833
0.0130073
-0.000649491
0.0130992
-0.000692332
0.0131965
-0.000734288
0.0132992
-0.000775282
0.0134071
-0.000815257
0.0135201
-0.000854112
0.0136381
-0.000891867
0.0137608
-0.000928216
-0.000964141
0.0138883
0.0119814
-0.000161632
0.0120081
-0.00021528
0.0120407
-0.000268867
0.0120794
-0.000322308
0.012124
-0.000375515
0.0121744
-0.000428403
0.0122308
-0.000480885
0.012293
-0.000532877
0.0123609
-0.000584292
0.0124345
-0.000635046
0.0125137
-0.000685055
0.0125985
-0.000734236
0.0126887
-0.000782507
0.0127842
-0.00082979
0.0128849
-0.000875999
0.0129907
-0.000921074
0.0131015
-0.000964895
0.0132171
-0.0010075
0.0133374
-0.00104851
-0.00108913
0.0134624
0.0115963
-0.000182728
0.0116232
-0.000242185
0.0116559
-0.000301579
0.0116944
-0.000360813
0.0117387
-0.000419792
0.0117887
-0.000478422
0.0118444
-0.000536607
0.0119058
-0.000594254
0.0119728
-0.000651269
0.0120453
-0.000707558
0.0121233
-0.00076303
0.0122066
-0.000817595
0.0122953
-0.00087116
0.0123891
-0.000923641
0.0124881
-0.000974943
0.012592
-0.001025
0.0127008
-0.00107368
0.0128143
-0.00112103
0.0129324
-0.00116661
-0.00121187
0.0130551
0.0112258
-0.000204269
0.011253
-0.00026937
0.0112859
-0.000334405
0.0113243
-0.000399268
0.0113684
-0.000463857
0.011418
-0.000528069
0.0114732
-0.0005918
0.0115339
-0.00065495
0.0116001
-0.000717416
0.0116716
-0.000779097
0.0117485
-0.000839894
0.0118306
-0.000899708
0.0119179
-0.00095844
0.0120102
-0.001016
0.0121076
-0.00107228
0.0122098
-0.00112722
0.0123167
-0.00118065
0.0124284
-0.00123265
0.0125445
-0.00128271
-0.00133255
0.0126652
0.0108693
-0.000226304
0.0108968
-0.000296887
0.0109298
-0.000367401
0.0109682
-0.000437735
0.0110122
-0.000507778
0.0110615
-0.000577419
0.0111163
-0.000646548
0.0111764
-0.000715055
0.0112418
-0.000782831
0.0113124
-0.000849768
0.0113883
-0.000915758
0.0114693
-0.000980696
0.0115553
-0.00104448
0.0116463
-0.001107
0.0117422
-0.00116815
0.0118429
-0.00122786
0.0119482
-0.00128596
0.0120581
-0.00134254
0.0121723
-0.00139699
-0.00145137
0.0122911
0.0105257
-0.000248871
0.0105536
-0.000324777
0.0105868
-0.000400616
0.0106253
-0.000476268
0.0106692
-0.000551615
0.0107183
-0.000626539
0.0107727
-0.000700921
0.0108322
-0.000774646
0.010897
-0.000847598
0.0109669
-0.00091966
0.0110419
-0.000990718
0.0111218
-0.00106066
0.0112067
-0.00112937
0.0112965
-0.00119675
0.011391
-0.00126267
0.0114902
-0.00132707
0.011594
-0.00138974
0.0117023
-0.00145082
0.0118149
-0.00150959
-0.00156846
0.011932
0.0101944
-0.000272
0.0102227
-0.000353077
0.0102562
-0.00043409
0.0102948
-0.000514912
0.0103386
-0.000595417
0.0103876
-0.000675481
0.0104416
-0.000754979
0.0105008
-0.000833788
0.0105649
-0.000911784
0.0106341
-0.000988845
0.0107083
-0.00106485
0.0107873
-0.00113968
0.0108711
-0.00121322
0.0109597
-0.00128535
0.011053
-0.00135594
0.0111509
-0.00142494
0.0112532
-0.0014921
0.01136
-0.0015576
0.011471
-0.00162061
-0.00168395
0.0115865
0.00987472
-0.000295715
0.00990346
-0.000381814
0.00993722
-0.000467854
0.00997601
-0.000553701
0.0100198
-0.000639223
0.0100686
-0.000724289
0.0101224
-0.000808767
0.0101812
-0.000892529
0.0102448
-0.000975443
0.0103134
-0.00105738
0.0103867
-0.00113822
0.0104649
-0.00121783
0.0105477
-0.00129608
0.0106352
-0.00137286
0.0107273
-0.00144804
0.0108239
-0.00152154
0.0109249
-0.00159311
0.0110303
-0.00166296
0.0111398
-0.00173015
-0.00179791
0.0112538
0.00956605
-0.000320035
0.00959525
-0.000411009
0.00962933
-0.000501932
0.00966829
-0.000592663
0.00971213
-0.000683063
0.00976083
-0.000772995
0.00981439
-0.000862322
0.00987277
-0.000950908
0.00993594
-0.00103862
0.0100039
-0.00112531
0.0100765
-0.00121087
0.0101538
-0.00129514
0.0102358
-0.00137801
0.0103223
-0.00145935
0.0104132
-0.00153901
0.0105086
-0.00161693
0.0106083
-0.00169284
0.0107124
-0.00176696
0.0108205
-0.00183825
-0.00191041
0.010933
0.00926784
-0.000344974
0.00929751
-0.000440678
0.00933192
-0.000536341
0.00937107
-0.000631816
0.00941497
-0.000726957
0.00946359
-0.000821622
0.00951694
-0.000915668
0.00957498
-0.00100895
0.0096377
-0.00110133
0.00970506
-0.00119267
0.00977702
-0.00128283
0.00985354
-0.00137166
0.00993458
-0.00145904
0.0100201
-0.00154484
0.01011
-0.0016289
0.0102042
-0.00171116
0.0103027
-0.00179131
0.0104053
-0.00186965
0.010512
-0.00194496
-0.00202149
0.0106231
0.00897958
-0.00037054
0.00900973
-0.000470831
0.00904448
-0.000571093
0.00908384
-0.000671173
0.0091278
-0.000770921
0.00917637
-0.000870186
0.00922952
-0.000968822
0.00928725
-0.00106668
0.00934953
-0.00116361
0.00941633
-0.00125947
0.00948762
-0.00135412
0.00956337
-0.00144741
0.00964353
-0.0015392
0.00972805
-0.00162936
0.00981687
-0.00171772
0.00990994
-0.00180423
0.0100072
-0.00188855
0.0101086
-0.00197103
0.0102139
-0.00205029
-0.00213115
0.0103235
0.00870082
-0.000396738
0.00873146
-0.000501472
0.00876656
-0.000606192
0.00880613
-0.00071074
0.00885017
-0.000814959
0.00889868
-0.000918693
0.00895164
-0.00102179
0.00900906
-0.0011241
0.00907091
-0.00122546
0.00913717
-0.00132573
0.0092078
-0.00142475
0.00928278
-0.00152239
0.00936206
-0.00161848
0.00944561
-0.00171291
0.00953337
-0.00180548
0.00962529
-0.00189616
0.0097213
-0.00198456
0.00982137
-0.0020711
0.00992532
-0.00215424
-0.00223937
0.0100335
0.00843116
-0.000423569
0.00846229
-0.000532602
0.00849774
-0.000641641
0.00853752
-0.000750517
0.00858163
-0.000859071
0.00863008
-0.000967143
0.00868286
-0.00107457
0.00873997
-0.0011812
0.00880139
-0.00128688
0.00886709
-0.00139144
0.00893706
-0.00149473
0.00901127
-0.0015966
0.00908968
-0.00169689
0.00917225
-0.00179548
0.00925894
-0.00189216
0.0093497
-0.00198692
0.00944446
-0.00207931
0.0095432
-0.00216984
0.00964574
-0.00225678
-0.00234614
0.0097525
0.0081702
-0.000451036
0.00820182
-0.000564225
0.00823762
-0.000677437
0.00827761
-0.000790503
0.00832179
-0.000903256
0.00837018
-0.00101553
0.00842277
-0.00112716
0.00847956
-0.00123799
0.00854054
-0.00134785
0.00860568
-0.00145658
0.00867498
-0.00156402
0.0087484
-0.00167002
0.00882592
-0.00177441
0.00890749
-0.00187706
0.00899309
-0.00197775
0.00908266
-0.00207649
0.00917614
-0.0021728
0.00927352
-0.00226722
0.00937462
-0.00235788
-0.00245139
0.00947987
0.00791774
-0.000479095
0.00794982
-0.0005963
0.00798593
-0.000713551
0.0080261
-0.000830673
0.00807034
-0.000947492
0.00811865
-0.00106384
0.00817103
-0.00117955
0.00822748
-0.00129445
0.008288
-0.00140837
0.00835257
-0.00152115
0.00842117
-0.00163262
0.00849378
-0.00174263
0.00857038
-0.001851
0.00865093
-0.00195761
0.0087354
-0.00206222
0.00882375
-0.00216485
0.00891592
-0.00226496
0.00901189
-0.0023632
0.0091115
-0.00245749
-0.00255506
0.00921518
0.00767328
-0.000507774
0.00770583
-0.000628849
0.00774227
-0.000749995
0.00778263
-0.00087103
0.00782691
-0.000991777
0.00787513
-0.00111206
0.0079273
-0.00123171
0.0079834
-0.00135055
0.00804344
-0.00146841
0.0081074
-0.00158512
0.00817528
-0.0017005
0.00824706
-0.00181441
0.00832271
-0.00192665
0.0084022
-0.0020371
0.0084855
-0.00214552
0.00857258
-0.00225193
0.00866338
-0.00235576
0.0087579
-0.00245771
0.00885596
-0.00255555
-0.0026571
0.008958
0.00743666
-0.000537062
0.00746967
-0.000661859
0.00750642
-0.000786753
0.00754695
-0.000911558
0.00759127
-0.00103609
0.00763938
-0.00116017
0.0076913
-0.00128363
0.00774703
-0.00140628
0.00780656
-0.00152794
0.0078699
-0.00164845
0.00793702
-0.00176763
0.00800792
-0.00188531
0.00808258
-0.00200131
0.00816097
-0.00211549
0.00824306
-0.00222761
0.00832882
-0.00233769
0.00841821
-0.00244515
0.0085112
-0.0025507
0.00860766
-0.00265202
-0.00275742
0.00870798
0.00720762
-0.000566951
0.00724108
-0.000695318
0.00727814
-0.000823812
0.00731882
-0.00095224
0.00736315
-0.00108042
0.00741113
-0.00120816
0.00746278
-0.00133528
0.00751811
-0.0014616
0.00757711
-0.00158694
0.00763978
-0.00171112
0.00770611
-0.00183396
0.0077761
-0.00195529
0.00784972
-0.00207493
0.00792696
-0.00219273
0.00800779
-0.00230844
0.00809218
-0.00242209
0.0081801
-0.00253306
0.00827151
-0.00264212
0.00836632
-0.00274683
-0.00285596
0.00846486
0.00698596
-0.00059743
0.00701985
-0.000729214
0.0070572
-0.000861156
0.00709802
-0.00099306
0.00714233
-0.00112473
0.00719016
-0.00125599
0.00724152
-0.00138664
0.00729641
-0.00151649
0.00735485
-0.00164538
0.00741682
-0.00177309
0.00748232
-0.00189947
0.00755135
-0.00202432
0.0076239
-0.00214748
0.00769994
-0.00226876
0.00777946
-0.00238796
0.00786242
-0.00250505
0.00794882
-0.00261947
0.00803861
-0.00273191
0.00813174
-0.00283996
-0.00295265
0.00822844
0.00677149
-0.000628489
0.0068058
-0.000763533
0.00684342
-0.000898769
0.00688435
-0.00103399
0.00692863
-0.00116902
0.00697629
-0.00130364
0.00702732
-0.00143767
0.00708175
-0.00157092
0.00713957
-0.0017032
0.0072008
-0.00183432
0.00726544
-0.00196411
0.00733347
-0.00209235
0.0074049
-0.00221891
0.0074797
-0.00234355
0.00755788
-0.00246615
0.00763938
-0.00258654
0.00772424
-0.00270433
0.00781235
-0.00282002
0.00790378
-0.00293139
-0.00304744
0.00799857
0.00656402
-0.000660117
0.00659875
-0.00079826
0.00663661
-0.000936631
0.00667764
-0.00107502
0.00672187
-0.00121324
0.00676931
-0.00135108
0.00681999
-0.00148835
0.00687392
-0.00162485
0.00693111
-0.0017604
0.00699157
-0.00189477
0.0070553
-0.00202784
0.00712228
-0.00215934
0.00719257
-0.0022892
0.00726608
-0.00241706
0.00734292
-0.00254299
0.00742293
-0.00266655
0.00750628
-0.00278769
0.00759267
-0.00290641
0.00768239
-0.0030211
-0.00314015
0.0077751
0.0063634
-0.00069231
0.00639853
-0.000833384
0.00643662
-0.000974727
0.00647773
-0.00111613
0.00652187
-0.00125738
0.00656908
-0.00139829
0.00661937
-0.00153865
0.00667277
-0.00167825
0.0067293
-0.00181692
0.00678895
-0.00195443
0.00685176
-0.00209066
0.00691769
-0.00222526
0.00698682
-0.00235833
0.00705902
-0.00248926
0.00713452
-0.00261848
0.00721298
-0.00274501
0.00729485
-0.00286955
0.00737942
-0.00299098
0.00746737
-0.00310906
-0.00323039
0.00755761
0.00616953
-0.000725031
0.00620502
-0.000868875
0.00624332
-0.00101303
0.00628447
-0.00115728
0.00632851
-0.00130142
0.00637545
-0.00144523
0.00642533
-0.00158853
0.00647818
-0.00173109
0.00653401
-0.00187276
0.00659283
-0.00201325
0.00665471
-0.00215253
0.00671959
-0.00229014
0.00678761
-0.00242635
0.00685854
-0.00256019
0.00693273
-0.00269267
0.00700957
-0.00282185
0.00708986
-0.00294985
0.00717227
-0.00307338
0.00725817
-0.00319496
-0.00331727
0.00734505
0.0059822
-0.000758286
0.00601805
-0.000904728
0.00605655
-0.00105153
0.00609773
-0.00119846
0.00614163
-0.00134532
0.0061883
-0.0014919
0.00623775
-0.00163799
0.00629003
-0.00178337
0.00634516
-0.00192789
0.00640316
-0.00207125
0.0064641
-0.00221347
0.00652792
-0.00235396
0.00659481
-0.00249324
0.00666446
-0.00262984
0.00673737
-0.00276558
0.00681248
-0.00289695
0.00689104
-0.00302841
0.00697059
-0.00315293
0.0070537
-0.00327807
-0.00339908
0.00713551
0.0058013
-0.000792074
0.00583751
-0.000940936
0.00587618
-0.00109021
0.00591738
-0.00123966
0.00596114
-0.00138908
0.00600751
-0.00153827
0.00605654
-0.00168701
0.00610826
-0.00183509
0.00616273
-0.00198235
0.00621996
-0.00212848
0.00628
-0.00227351
0.00634278
-0.00241674
0.00640844
-0.00255891
0.0064766
-0.002698
0.00654787
-0.00283686
0.00662077
-0.00296985
0.00669709
-0.00310473
0.00677266
-0.0032285
0.00685168
-0.00335709
-0.00347294
0.00692553
0.00562673
-0.000826393
0.00566329
-0.000977494
0.00570215
-0.00112906
0.00574336
-0.00128087
0.00578698
-0.0014327
0.00583306
-0.00158436
0.00588167
-0.00173562
0.00593286
-0.00188628
0.00598667
-0.00203616
0.00604313
-0.00218495
0.00610227
-0.00233265
0.006164
-0.00247847
0.00622832
-0.00262323
0.00629474
-0.00276442
0.0063637
-0.00290582
0.00643334
-0.00303949
0.00650594
-0.00317732
0.00657545
-0.00329801
0.00664801
-0.00342965
-0.00353413
0.0067092
0.00545841
-0.000861253
0.00549533
-0.00101441
0.00553438
-0.00116811
0.00557563
-0.00132212
0.00561914
-0.00147622
0.00566498
-0.0016302
0.00571321
-0.00178384
0.00576386
-0.00193693
0.00581695
-0.00208925
0.0058725
-0.0022405
0.00593046
-0.0023906
0.00599078
-0.00253879
0.00605328
-0.00268573
0.00611753
-0.00282867
0.00618341
-0.0029717
0.00624877
-0.00310485
0.00631538
-0.00324394
0.00637554
-0.00335817
0.00643718
-0.00349129
-0.00357561
0.00647865
0.00529629
-0.000896696
0.00533362
-0.00105174
0.00537292
-0.00120741
0.00541425
-0.00136346
0.0054577
-0.00151967
0.00550332
-0.00167581
0.00555114
-0.00183166
0.00560117
-0.00198696
0.00565338
-0.00214146
0.00570771
-0.00229484
0.00576398
-0.00244687
0.0058221
-0.00259691
0.00588163
-0.00274527
0.00594234
-0.00288938
0.00600342
-0.00303278
0.00606296
-0.00316439
0.00612074
-0.00330172
0.00616775
-0.00340519
0.00621157
-0.00353511
-0.00358789
0.00622385
0.00514049
-0.000932794
0.0051783
-0.00108955
0.0052179
-0.001247
0.00525935
-0.00140491
0.0053027
-0.00156302
0.00534798
-0.00172109
0.00539519
-0.00187887
0.0054443
-0.00203607
0.00549521
-0.00219237
0.0055478
-0.00234743
0.00560178
-0.00250084
0.00565686
-0.00265199
0.00571222
-0.00280063
0.00576743
-0.00294459
0.00582055
-0.0030859
0.00587029
-0.00321412
0.00591348
-0.00334491
0.00594178
-0.00343348
0.00595817
-0.0035515
-0.00355951
0.0059298
0.00499122
-0.00096963
0.00502955
-0.00112788
0.00506942
-0.00128688
0.00511087
-0.00144635
0.0051539
-0.00160605
0.00519849
-0.00176569
0.0052446
-0.00192498
0.00529216
-0.00208363
0.00534103
-0.00224124
0.00539103
-0.00239743
0.00544179
-0.0025516
0.00549283
-0.00270304
0.00554291
-0.00285071
0.00559089
-0.00299256
0.00563308
-0.00312809
0.00566754
-0.00324859
0.00568688
-0.00336425
0.00568613
-0.00343273
0.00566063
-0.00352601
-0.00347846
0.00557958
0.00484863
-0.00100719
0.00488737
-0.00116662
0.00492728
-0.00132679
0.00496836
-0.00148743
0.00501058
-0.00164826
0.00505388
-0.00180899
0.00509819
-0.00196929
0.00514337
-0.00212881
0.00518923
-0.00228711
0.00523546
-0.00244366
0.00528153
-0.00259767
0.00532655
-0.00274806
0.00536884
-0.00289301
0.00540624
-0.00302996
0.00543366
-0.00315551
0.00544723
-0.00326216
0.00543445
-0.00335146
0.00539285
-0.00339113
0.00530766
-0.00344082
-0.00333647
0.00516567
0.00471243
-0.00104517
0.00475114
-0.00120533
0.00479057
-0.00136622
0.00483069
-0.00152755
0.00487145
-0.00168903
0.0049128
-0.00185033
0.0049546
-0.00201109
0.00499666
-0.00217086
0.00503862
-0.00232906
0.00507983
-0.00248488
0.00511926
-0.00263709
0.00515516
-0.00278396
0.00518483
-0.00292268
0.00520445
-0.00304958
0.00520796
-0.00315902
0.0051896
-0.0032438
0.00513566
-0.00329753
0.00504443
-0.0032999
0.00488913
-0.00328552
-0.00313342
0.00468608
0.00458127
-0.00108293
0.0046193
-0.00124336
0.0046576
-0.00140452
0.00469615
-0.0015661
0.00473492
-0.0017278
0.00477381
-0.00188922
0.00481262
-0.0020499
0.00485097
-0.00220921
0.00488815
-0.00236625
0.00492295
-0.00251968
0.0049534
-0.00266754
0.00497641
-0.00280697
0.00498753
-0.0029338
0.00498053
-0.00304258
0.00494747
-0.00312596
0.00487998
-0.00317631
0.0047672
-0.00318474
0.00461061
-0.00314331
0.00438527
-0.00306019
-0.0028782
0.00413005
0.00445305
0.00448991
0.00452667
0.00456333
0.00459979
0.00463588
0.00467118
0.00470497
0.00473596
0.00476207
0.00478011
0.00478538
0.00477145
0.00472995
0.00465117
0.00452458
0.00434096
0.00409895
0.00379416
0.00351613
0.0169901
-5.32543e-05
0.0170216
-3.15118e-05
0.0170271
-5.51633e-06
0.0170062
2.09293e-05
0.0169573
4.8889e-05
0.0168819
7.5465e-05
0.0167849
9.69284e-05
0.0166708
0.0001141
0.0165569
0.000113941
0.0164518
0.000105116
0.0163787
7.30997e-05
0.0163488
2.98791e-05
0.0163651
-1.62633e-05
0.0164342
-6.91637e-05
0.016489
-5.47723e-05
0.0165064
-1.74317e-05
0.0164367
6.97408e-05
0.0162232
0.000213474
0.015985
0.000238219
0.0156746
0.000310415
0.0152987
0.000375902
0.0153249
-2.62083e-05
0.0157465
-0.000421648
0.0161337
-0.000387148
0.0164913
-0.00035762
0.0167404
-0.000249142
0.0165296
0.000210854
0.0159311
0.000598451
0.015398
0.000533189
0.0151971
0.000200877
0.0154321
-0.000234988
0.0163831
-0.000950998
0.0173305
-0.00094739
0.0173009
2.95526e-05
0.0163148
0.000986105
0.0150272
0.00128757
0.0153924
-0.000365173
0.017661
-0.00226859
0.0187996
-0.0011386
2.041e-05
0.016411
-0.000105254
0.0164417
-6.22375e-05
0.0164469
-1.07526e-05
0.0164263
4.1545e-05
0.0163779
9.72677e-05
0.0163032
0.000150194
0.0162071
0.000193088
0.0160936
0.000227517
0.0159803
0.00022727
0.0158756
0.000209874
0.015803
0.000145684
0.0157738
5.90551e-05
0.0157924
-3.48343e-05
0.0158661
-0.00014285
0.0159252
-0.000113965
0.0159477
-3.98686e-05
0.0158811
0.000136367
0.0156696
0.000424893
0.0154367
0.000471168
0.0151254
0.000621717
0.0147411
0.000760229
0.0147661
-5.12711e-05
0.0151933
-0.000848871
0.0155819
-0.000775733
0.0159374
-0.000713108
0.0161854
-0.000497079
0.0159759
0.00042028
0.0153823
0.00119207
0.0148438
0.00107169
0.0146373
0.000407411
0.014872
-0.00046975
0.0158099
-0.00188883
0.0167462
-0.00188375
0.016727
4.88083e-05
0.0157754
0.00193768
0.0144686
0.0025944
0.0147259
-0.000622484
0.0169142
-0.0044569
0.0180653
-0.00228969
1.54299e-05
0.0158638
-0.000156694
0.0158941
-9.25125e-05
0.0158989
-1.55622e-05
0.015878
6.25095e-05
0.0158289
0.000146354
0.0157531
0.000225974
0.0156553
0.000290833
0.0155397
0.000343198
0.0154241
0.000342849
0.015317
0.000316998
0.0152434
0.000219276
0.0152148
8.75914e-05
0.0152385
-5.85485e-05
0.0153226
-0.000226944
0.0153914
-0.000182733
0.0154231
-7.16011e-05
0.0153595
0.000200018
0.0151455
0.000638922
0.0149151
0.000701503
0.0145929
0.000943948
0.0141841
0.00116898
0.0142089
-7.6007e-05
0.0146569
-0.00129693
0.0150581
-0.00117685
0.0154203
-0.00107535
0.0156726
-0.000749339
0.0154623
0.00063056
0.0148602
0.0017941
0.0142973
0.00163468
0.014068
0.000636646
0.0143006
-0.000702357
0.0152403
-0.00282845
0.0161821
-0.00282556
0.0161905
4.03404e-05
0.0152817
0.00284654
0.0139002
0.00397586
0.0139591
-0.000681332
0.0160502
-0.00654807
0.0172599
-0.00349934
-4.70387e-05
0.0153458
-0.00020811
0.015376
-0.000122636
0.0153802
-1.98255e-05
0.0153585
8.41866e-05
0.0153078
0.000197071
0.0152296
0.000304193
0.0151283
0.000392094
0.015008
0.000463572
0.0148876
0.000463202
0.0147757
0.000428959
0.0146995
0.000295462
0.014671
0.000116024
0.0147023
-8.98266e-05
0.014802
-0.000326655
0.0148851
-0.000265834
0.0149303
-0.000116764
0.0148692
0.00026112
0.0146489
0.000859193
0.0144196
0.000930803
0.0140772
0.00128637
0.0136298
0.00161633
0.0136533
-9.94753e-05
0.0141346
-0.00177818
0.014561
-0.00160324
0.014938
-0.00145241
0.0151963
-0.00100766
0.0149835
0.000843444
0.0143668
0.00241079
0.0137617
0.00223978
0.0134847
0.000913668
0.0136933
-0.000911045
0.0146345
-0.00376964
0.0156086
-0.00379965
0.0156757
-2.6744e-05
0.0148293
0.00369294
0.0133354
0.00546976
0.0131144
-0.000460305
0.0150747
-0.00850836
0.0163779
-0.00480259
-0.000196563
0.0148544
-0.000259987
0.0148846
-0.000152872
0.0148883
-2.3558e-05
0.0148657
0.000106848
0.0148126
0.000250137
0.0147308
0.000385958
0.0146244
0.000498507
0.0144973
0.000590705
0.0143699
0.000590593
0.0142509
0.000547963
0.0141705
0.000375837
0.0141413
0.000145232
0.0141825
-0.000130988
0.0143025
-0.000446722
0.0144045
-0.000367754
0.014467
-0.000179272
0.0144074
0.000320706
0.0141783
0.00108829
0.0139491
0.00115998
0.0135779
0.00165757
0.0130806
0.00211359
0.0130998
-0.000118631
0.0136227
-0.00230111
0.0140884
-0.00206896
0.0144881
-0.00185205
0.0147509
-0.00127046
0.014535
0.0010593
0.0139036
0.00304223
0.0132431
0.00290028
0.0128826
0.00127416
0.0130161
-0.00104457
0.0139407
-0.00469423
0.0149878
-0.00484676
0.0151633
-0.00020222
0.014405
0.00445128
0.0127884
0.00708628
0.012251
7.71602e-05
0.0140413
-0.0102987
0.0154409
-0.00620217
-0.00044931
0.0143872
-0.000312738
0.0144178
-0.000183487
0.014421
-2.67935e-05
0.0143972
0.000130648
0.0143413
0.000306104
0.0142551
0.00047216
0.0141421
0.000611467
0.0140064
0.000726355
0.0138699
0.000727124
0.0137419
0.000675977
0.0136556
0.000462135
0.0136244
0.000176462
0.0136778
-0.000184376
0.0138225
-0.000591465
0.0139478
-0.000493082
0.0140314
-0.00026281
0.0139716
0.000380486
0.0137322
0.00132769
0.0135025
0.00138966
0.0130949
0.00206512
0.0125391
0.00266942
0.0125469
-0.000126378
0.0131151
-0.00286938
0.0136362
-0.00259001
0.0140669
-0.00228277
0.0143306
-0.00153418
0.0141127
0.00127723
0.0134716
0.00368331
0.0127485
0.0036234
0.0122608
0.00176184
0.0122408
-0.00102462
0.0131141
-0.00556746
0.0142867
-0.00601941
0.0146347
-0.000550187
0.0139911
0.00509487
0.0122732
0.00880422
0.0114407
0.000909601
0.0130298
-0.0118878
0.0144928
-0.00766516
-0.000800969
0.0139423
-0.000366733
0.0139735
-0.000214721
0.0139764
-2.96278e-05
0.0139514
0.000155649
0.0138921
0.000365351
0.0138008
0.000563498
0.0136801
0.000732159
0.0135344
0.000872021
0.0133867
0.000874799
0.013248
0.000814715
0.0131538
0.000556331
0.0131189
0.000211325
0.013187
-0.000252387
0.0133604
-0.000764896
0.0135141
-0.000646784
0.0136219
-0.000370645
0.0135597
0.000442733
0.0133096
0.00157781
0.0130784
0.00162082
0.0126289
0.00251459
0.0120083
0.0032901
0.0119896
-0.000107726
0.0125993
-0.00347912
0.0131938
-0.00318447
0.0136671
-0.00275606
0.0139296
-0.00179665
0.0137122
0.00149456
0.01307
0.00432558
0.012283
0.00441041
0.0116248
0.00242002
0.0113666
-0.000766423
0.012147
-0.00634789
0.0134951
-0.00736747
0.0140775
-0.00113264
0.0135726
0.00559983
0.011799
0.0105778
0.0107344
0.00197416
0.012106
-0.0132593
0.0135788
-0.00913801
-0.00122985
0.0135179
-0.000422288
0.01355
-0.000246803
0.0135526
-3.22075e-05
0.0135264
0.000181833
0.0134637
0.00042809
0.0133667
0.000660525
0.0132372
0.000861564
0.0130803
0.00102899
0.0129195
0.00103556
0.0127686
0.000965612
0.0126642
0.000660756
0.0126237
0.000251778
0.0127088
-0.000337418
0.0129147
-0.000970822
0.0131023
-0.000834419
0.0132371
-0.00050542
0.0131699
0.000509986
0.0129094
0.00183822
0.0126748
0.00185548
0.0121818
0.00300757
0.0114919
0.00397998
0.011418
-3.37577e-05
0.0120519
-0.00411304
0.0127389
-0.00387148
0.0132734
-0.0032906
0.0135398
-0.00206306
0.0133293
0.00170512
0.0126958
0.00495901
0.0118479
0.00525837
0.0109875
0.00328042
0.0104313
-0.00021023
0.0110863
-0.00700292
0.0126364
-0.00891751
0.0134916
-0.00198791
0.0131415
0.00595001
0.0113676
0.0123517
0.0101505
0.0031913
0.0113038
-0.0144127
0.0127317
-0.0105659
-0.00170508
0.0131125
-0.00047967
0.0131457
-0.000279942
0.0131482
-3.47231e-05
0.0131209
0.00020911
0.0130546
0.000494368
0.0129515
0.000763679
0.0128126
0.00100045
0.0126432
0.00119841
0.0124675
0.00121125
0.0123033
0.00112982
0.0121858
0.000778181
0.0121376
0.000300016
0.0122418
-0.000441654
0.0124841
-0.00121313
0.012712
-0.00106225
0.0128753
-0.000668721
0.0128008
0.000584443
0.0125308
0.00210819
0.0122888
0.00209756
0.011757
0.00353934
0.0109957
0.00474127
0.0108184
0.000143521
0.0114377
-0.00473236
0.0122337
-0.00466739
0.0128595
-0.00391644
0.0131495
-0.00235308
0.0129584
0.00189619
0.0123446
0.00557288
0.011441
0.00616194
0.0103676
0.00435387
0.00950265
0.000654674
0.0100201
-0.00752041
0.0117612
-0.0106585
0.0128891
-0.00311587
0.0126974
0.0061417
0.0109757
0.0140734
0.00968183
0.00448518
0.0106297
-0.0153606
0.0119687
-0.0119049
-0.0021941
0.0127246
-0.000539084
0.012759
-0.000314341
0.0127616
-3.74036e-05
0.0127334
0.000237313
0.0126637
0.000564064
0.0125541
0.000873311
0.0124052
0.00114936
0.0122223
0.00138132
0.01203
0.00140359
0.0118515
0.00130826
0.0117179
0.000911816
0.0116595
0.000358437
0.0117846
-0.000566781
0.0120676
-0.00149615
0.0123426
-0.00133722
0.0125346
-0.000860721
0.0124518
0.000667283
0.0121725
0.00238743
0.0119168
0.00235323
0.0113582
0.00409793
0.0105266
0.00557296
0.0101831
0.000486959
0.0107233
-0.00527252
0.0116324
-0.00557648
0.01239
-0.00467406
0.012742
-0.00270507
0.0125928
0.00204533
0.0120104
0.00615533
0.0110586
0.00711367
0.00978555
0.00562697
0.00865328
0.00178694
0.00904131
-0.00790843
0.0109256
-0.0125428
0.0122881
-0.00447839
0.0122452
0.0061846
0.0106173
0.0157013
0.00930821
0.0057943
0.0100727
-0.0161251
0.0112945
-0.0131267
-0.00266787
0.0123527
-0.00060067
0.0123886
-0.000350193
0.0123917
-4.04972e-05
0.0123628
0.0002662
0.0122899
0.000636907
0.0121736
0.000989687
0.0120143
0.00130861
0.0118169
0.0015787
0.0116065
0.00161404
0.0114131
0.00150166
0.0112597
0.0010652
0.0111885
0.000429667
0.0113353
-0.000713627
0.0116644
-0.00182522
0.0119939
-0.00166671
0.0122132
-0.00108002
0.0121223
0.000758187
0.0118328
0.00267695
0.0115559
0.00263005
0.0109879
0.00466601
0.010092
0.00646886
0.00952263
0.0010563
0.0099033
-0.00565319
0.0109044
-0.0065776
0.0118325
-0.0056021
0.0122992
-0.00317179
0.0122243
0.00212022
0.0116871
0.00669251
0.0106976
0.00810317
0.00925981
0.00706477
0.00793533
0.00311142
0.0082134
-0.00818651
0.0101703
-0.0144997
0.0117052
-0.00601333
0.0117915
0.00609833
0.0102854
0.0172074
0.00900454
0.00707513
0.0096119
-0.0167324
0.0107042
-0.014219
-0.00310403
0.0119958
-0.000664492
0.0120333
-0.000387683
0.012037
-4.42745e-05
0.0120078
0.000295449
0.0119322
0.000712489
0.0118089
0.00111298
0.0116392
0.00147831
0.0114264
0.00179155
0.0111966
0.00184376
0.0109876
0.00171069
0.0108108
0.00124201
0.0107238
0.000516681
0.010892
-0.000881881
0.011274
-0.0022072
0.0116654
-0.00205808
0.0119093
-0.00132399
0.0118121
0.00085548
0.0115094
0.00297965
0.0112046
0.00293483
0.0106448
0.0052258
0.00969617
0.00741747
0.00887248
0.00187998
0.00902106
-0.00580178
0.0100593
-0.00761581
0.0111746
-0.00671744
0.0118085
-0.00380571
0.0118451
0.00208363
0.011369
0.00716862
0.0103556
0.00911655
0.00880148
0.00861893
0.00736955
0.00454335
0.0075578
-0.00837476
0.00951121
-0.0164531
0.0111507
-0.00765286
0.0113424
0.00590664
0.00997308
0.0185768
0.0087467
0.0083015
0.00922349
-0.0172092
0.0101871
-0.0151826
-0.00348833
0.0116526
-0.000730539
0.0116919
-0.000426999
0.0116966
-4.8991e-05
0.0116674
0.00032463
0.0115896
0.000790301
0.0114593
0.00124326
0.0112792
0.00165843
0.0110499
0.00202083
0.0108001
0.00209353
0.0105748
0.00193606
0.0103711
0.00144568
0.0102645
0.000623268
0.0104528
-0.00107012
0.0108964
-0.00265079
0.0113565
-0.00251822
0.0116219
-0.00158936
0.0115204
0.00095698
0.0111998
0.00330022
0.0108633
0.00327135
0.0103249
0.00576418
0.00933956
0.00840281
0.00828035
0.0029392
0.00815618
-0.00567761
0.00914976
-0.00860939
0.010433
-0.00800068
0.011269
-0.00464174
0.0114507
0.00190193
0.0110517
0.0075677
0.0100312
0.010137
0.00841328
0.0102368
0.00694859
0.00600804
0.00706048
-0.00848665
0.00894414
-0.0183368
0.0106282
-0.00933696
0.0109025
0.00563239
0.00967482
0.0198045
0.00851586
0.00946046
0.00888587
-0.0175792
0.00972998
-0.0160267
-0.00381419
0.011322
-0.000798721
0.0113633
-0.000468311
0.0113692
-5.49066e-05
0.0113406
0.000353217
0.0112612
0.000869749
0.011124
0.00138042
0.0109336
0.00184884
0.010687
0.00226741
0.0104168
0.0023638
0.0101744
0.00217847
0.00994084
0.00167919
0.00980978
0.000754335
0.0100156
-0.00127598
0.0105313
-0.00316646
0.0110662
-0.00305313
0.0113502
-0.00187339
0.0112458
0.00106142
0.0109018
0.00364418
0.0105338
0.00363934
0.0100227
0.0062753
0.00901964
0.00940589
0.00778338
0.00417546
0.00738633
-0.00528056
0.0082483
-0.00947136
0.00964582
-0.0093982
0.0106915
-0.00568743
0.0110406
0.00155279
0.0107323
0.00787607
0.00972285
0.0111465
0.00809076
0.0118689
0.00664862
0.00745018
0.00669027
-0.00852831
0.00845512
-0.0201016
0.010137
-0.0110188
0.0104747
0.00529464
0.00938662
0.0208926
0.00829954
0.0105475
0.00858253
-0.0178622
0.00932022
-0.0167644
-0.00408097
0.0110031
-0.000868879
0.0110466
-0.000511775
0.0110539
-6.2262e-05
0.0110266
0.000380577
0.0109462
0.000950173
0.0108023
0.00152423
0.0106018
0.0020494
0.0103372
0.00253203
0.0100462
0.00265473
0.00978616
0.00243854
0.00952056
0.00194479
0.00935848
0.000916414
0.00957921
-0.00149671
0.0101784
-0.00376561
0.0107934
-0.00366814
0.0110944
-0.0021744
0.0109863
0.00116953
0.010614
0.00401646
0.0102179
0.00403543
0.00973327
0.00675995
0.0087323
0.0104069
0.00739331
0.00551444
0.00675569
-0.00464294
0.00741762
-0.0101333
0.00885735
-0.0108379
0.0100939
-0.00692396
0.0106183
0.00102839
0.0104099
0.00808441
0.00942911
0.0121273
0.00782456
0.0134735
0.00644123
0.00883352
0.00641497
-0.00850205
0.00802941
-0.0217161
0.00967461
-0.012664
0.0100611
0.00490813
0.0091059
0.0218478
0.00809036
0.0115631
0.00830235
-0.0180742
0.00894707
-0.0174091
-0.00429195
0.010695
-0.000940789
0.0107408
-0.000557507
0.0107498
-7.12864e-05
0.0107244
0.000405979
0.0106437
0.00103083
0.0104937
0.00167427
0.0102831
0.00226
0.0099999
0.00281522
0.00968823
0.0029664
0.00941021
0.00271656
0.00911095
0.00224406
0.00890977
0.00111759
0.00914237
-0.0017293
0.00983588
-0.00445912
0.0105362
-0.00436841
0.010854
-0.00249226
0.0107392
0.00128432
0.0103355
0.00442018
0.00991607
0.00445486
0.00945296
0.00722306
0.00847202
0.0113878
0.00709913
0.00688734
0.00627103
-0.00381484
0.00669678
-0.010559
0.0081059
-0.012247
0.00949546
-0.00831352
0.0101893
0.000334551
0.0100851
0.00818863
0.00914825
0.0130641
0.00760327
0.0150185
0.00629987
0.0101369
0.00620863
-0.00841081
0.00765565
-0.0231631
0.00923894
-0.0142473
0.00966281
0.00448426
0.00883116
0.0226795
0.00788432
0.0125099
0.0080384
-0.0182283
0.00860232
-0.017973
-0.00445247
0.0103969
-0.00101417
0.010445
-0.00060558
0.0104559
-8.21795e-05
0.0104333
0.000428598
0.0103532
0.0011109
0.0101975
0.00182999
0.00997685
0.00248064
0.00967483
0.00311724
0.00934241
0.00329882
0.00904665
0.00301232
0.00871276
0.00257794
0.00846356
0.00136679
0.00870411
-0.00196985
0.00949962
-0.00525463
0.010291
-0.00515981
0.0106277
-0.00282898
0.0105019
0.00141017
0.0100659
0.0048562
0.0096276
0.00489313
0.00917946
0.00767119
0.0082331
0.0123342
0.00687873
0.0082417
0.005916
-0.00285211
0.00610225
-0.0107453
0.00741914
-0.0135639
0.00891325
-0.00980763
0.00976006
-0.00051226
0.00975904
0.00818966
0.0088785
0.0139446
0.00741551
0.0164815
0.00620248
0.0113499
0.00605194
-0.00826028
0.00732582
-0.024437
0.00882863
-0.0157501
0.0092805
0.00403238
0.00856164
0.0233983
0.00767956
0.013392
0.00778645
-0.0183352
0.00827993
-0.0184665
-0.00456866
0.0101081
-0.00108869
0.0101585
-0.00065601
0.0101714
-9.5116e-05
0.0101525
0.00044753
0.010074
0.00118945
0.00991321
0.00199073
0.00968251
0.00271134
0.00936158
0.00343817
0.00900841
0.00365199
0.0086956
0.00332512
0.00832671
0.00294683
0.00802151
0.001672
0.00826277
-0.00221111
0.00915997
-0.00615183
0.01005
-0.00604981
0.0104116
-0.00319063
0.0102712
0.00155062
0.00980445
0.0053229
0.00935087
0.00534671
0.0089114
0.00811067
0.0080098
0.0132358
0.00670934
0.00954216
0.00566546
-0.00180823
0.00563394
-0.0107138
0.00681377
-0.0147438
0.00836042
-0.0113543
0.00933652
-0.00148836
0.00943355
0.00809263
0.00861818
0.01476
0.00725119
0.0178484
0.00613165
0.0124695
0.00593017
-0.0080588
0.00703385
-0.0255407
0.00844289
-0.0171592
0.00891459
0.00356068
0.00829702
0.0240159
0.00747541
0.0142136
0.00754388
-0.0184036
0.00797567
-0.0188983
-0.00464664
0.00982779
-0.00116397
0.00988051
-0.000708731
0.00989566
-0.000110273
0.00988139
0.000461806
0.00980544
0.0012654
0.00964037
0.0021558
0.00939949
0.00295223
0.0090597
0.00377795
0.00868597
0.00402573
0.00835697
0.00365412
0.00795363
0.00335017
0.00758807
0.00203756
0.00781523
-0.00243828
0.00879848
-0.00713508
0.0097968
-0.00704813
0.0101971
-0.00359092
0.0100431
0.00170466
0.00955005
0.00581591
0.00908389
0.00581287
0.00864798
0.00854657
0.00779737
0.0140864
0.00657193
0.0107676
0.00549317
-0.000729467
0.00528046
-0.0105011
0.00629653
-0.0157598
0.00784593
-0.0129037
0.00892368
-0.00256611
0.00911046
0.00790585
0.00836583
0.0155046
0.00710209
0.0191122
0.00607424
0.0134973
0.00583169
-0.00781624
0.00677438
-0.0264834
0.0080811
-0.0184659
0.0085652
0.00307658
0.00803729
0.0245438
0.00727179
0.0149791
0.0073091
-0.0184409
0.00768658
-0.0192758
-0.00469209
0.0095555
-0.0012396
0.00961038
-0.000763602
0.00962789
-0.000127788
0.00961932
0.000470374
0.00954716
0.00133756
0.00937851
0.00232445
0.00912728
0.00320346
0.00876873
0.0041365
0.00837501
0.00441945
0.00803015
0.00399898
0.00759443
0.00378589
0.00717108
0.00246091
0.00735695
-0.00262416
0.00838664
-0.00816476
0.00950425
-0.00816574
0.00996962
-0.00405629
0.00981196
0.00186232
0.00930068
0.00632719
0.00882458
0.00628897
0.00838872
0.00898244
0.00759212
0.014883
0.00645232
0.0119074
0.0053753
0.000347555
0.00502367
-0.0101494
0.00586601
-0.0166022
0.00737483
-0.0144125
0.00852528
-0.00371656
0.00879148
0.00763965
0.00812025
0.0161759
0.00696186
0.0202706
0.00602083
0.0144384
0.00574729
-0.0075427
0.00654239
-0.0272785
0.00774256
-0.0196661
0.00823224
0.0025869
0.00778257
0.0249935
0.00706895
0.0156927
0.00708114
-0.0184531
0.00741059
-0.0196052
-0.00471008
0.00929071
-0.00131514
0.0093475
-0.000820391
0.0093675
-0.000147782
0.00936578
0.00047209
0.00929872
0.00140462
0.00912724
0.00249593
0.0088654
0.0034653
0.00848817
0.00451373
0.00807563
0.00483199
0.00771402
0.00436059
0.00725019
0.00424972
0.00678033
0.00293077
0.00688428
-0.00272811
0.00789252
-0.00917299
0.00913705
-0.00941027
0.0097089
-0.00462815
0.00957024
0.00200097
0.00905352
0.00684391
0.00857103
0.00677146
0.00813327
0.00942021
0.00739134
0.0156249
0.00634082
0.0129579
0.00529189
0.00139649
0.00484275
-0.00970029
0.00551503
-0.0172744
0.00694889
-0.0158464
0.00814386
-0.00491153
0.0084781
0.0073054
0.00788053
0.0167734
0.00682589
0.0213252
0.00596503
0.0152992
0.00566992
-0.00724759
0.00633316
-0.0279417
0.00742635
-0.0207593
0.00791538
0.00209786
0.00753308
0.0253758
0.00686724
0.0163586
0.00685938
-0.0184453
0.00714626
-0.0198921
-0.00470502
0.00903297
-0.00139012
0.00909134
-0.000878761
0.00911392
-0.000170361
0.0091203
0.000465714
0.00905974
0.00146518
0.00888623
0.00266944
0.00861334
0.00373819
0.00821755
0.00490951
0.00778795
0.00526159
0.0074071
0.00474144
0.00692191
0.00473491
0.0064237
0.00342899
0.00639878
-0.00270319
0.00729708
-0.0100713
0.00866387
-0.0107771
0.00939336
-0.00535764
0.00930889
0.00208544
0.00880502
0.00734779
0.00832144
0.00725504
0.00788159
0.00986006
0.00719325
0.0163132
0.00623071
0.0139204
0.00522787
0.00239933
0.00471745
-0.00918987
0.00523303
-0.01779
0.0065673
-0.0171806
0.00778083
-0.00612507
0.0081715
0.00691473
0.00764601
0.0172989
0.00669098
0.0222802
0.00590289
0.0160873
0.00559446
-0.00693916
0.00614243
-0.0284897
0.00713124
-0.0217481
0.0076141
0.001615
0.00728907
0.0257008
0.00666712
0.0169805
0.00664345
-0.0184216
0.00689254
-0.0201412
-0.00468069
0.00878194
-0.00146407
0.00884144
-0.000938263
0.0088667
-0.000195617
0.00888251
0.000449901
0.00882992
0.00151776
0.00865523
0.00284414
0.00837058
0.00402283
0.00795653
0.00532356
0.00751191
0.00570622
0.00710805
0.0051453
0.0066102
0.00523277
0.00610271
0.00393648
0.0059106
-0.00251109
0.00661193
-0.0107726
0.00807433
-0.0122395
0.00900785
-0.00629115
0.00901964
0.00207366
0.00855142
0.007816
0.00807422
0.00773225
0.0076337
0.0103006
0.00699674
0.0169502
0.00611821
0.014799
0.00517198
0.00334556
0.00463005
-0.00864794
0.00500803
-0.018168
0.00622747
-0.0184001
0.00743674
-0.00733433
0.0078726
0.00647887
0.00741627
0.0177553
0.00655511
0.0231414
0.00583224
0.0168102
0.00551744
-0.00662436
0.00596653
-0.0289388
0.00685581
-0.0226373
0.00732774
0.00114308
0.00705077
0.0259778
0.00646906
0.0175622
0.00643312
-0.0183857
0.00664864
-0.0203567
-0.00464033
0.00853735
-0.00153656
0.0085974
-0.000998313
0.00862542
-0.000223635
0.00865209
0.000423227
0.008609
0.00156086
0.00843398
0.00301915
0.00813661
0.00432021
0.00770488
0.0057553
0.00724699
0.0061641
0.00681622
0.00557607
0.00631505
0.00573394
0.00581132
0.00444021
0.00543732
-0.00213708
0.00588318
-0.0112185
0.00738977
-0.0137461
0.00855067
-0.00745206
0.00869761
0.00192672
0.0082895
0.00822411
0.00782797
0.00819377
0.00738959
0.010739
0.00680125
0.0175385
0.00600114
0.0155991
0.0051167
0.00423
0.0045662
-0.00809744
0.00482817
-0.01843
0.00592569
-0.0194976
0.00711149
-0.00852013
0.00758206
0.0060083
0.00719105
0.0181463
0.00641707
0.0239154
0.00575224
0.017475
0.00543674
-0.00630886
0.0058024
-0.0293044
0.00659847
-0.0234334
0.0070555
0.000686043
0.00681841
0.0262149
0.00627353
0.0181071
0.00622825
-0.0183404
0.00641395
-0.0205424
-0.00458667
0.00829901
-0.00160713
0.00835887
-0.00105817
0.00838969
-0.00025446
0.00842869
0.00038423
0.00839666
0.00159289
0.00822221
0.0031936
0.00791088
0.00463153
0.00746244
0.00620374
0.00699227
0.00663426
0.00653198
0.00603637
0.00603571
0.0062302
0.00553949
0.00493643
0.00499799
-0.00159559
0.0051752
-0.0113957
0.00665825
-0.0152291
0.00803487
-0.00882868
0.00834309
0.0016185
0.00801732
0.00854988
0.00758169
0.0086294
0.00714924
0.0111714
0.00660653
0.0180813
0.00587861
0.016327
0.00505722
0.00505139
0.00451496
-0.00755517
0.0046827
-0.0185977
0.00565771
-0.0204726
0.00680456
-0.00966698
0.00730033
0.00551252
0.00697024
0.0184764
0.00627635
0.0246093
0.00566294
0.0180884
0.00535126
-0.00599719
0.00564751
-0.0296007
0.00635755
-0.0241434
0.00679653
0.000247059
0.00659214
0.0264193
0.00608097
0.0186183
0.00602878
-0.0182882
0.00618795
-0.0207016
-0.00452203
0.00806672
-0.00167529
0.00812544
-0.00111689
0.00815903
-0.000288051
0.00821177
0.000331496
0.00819245
0.00161221
0.00801941
0.00336664
0.00769287
0.00495808
0.00722902
0.00666759
0.00674652
0.00711676
0.00625654
0.00652635
0.00577093
0.00671582
0.00527813
0.00542922
0.00460638
-0.000923837
0.00454531
-0.0113346
0.00593669
-0.0166205
0.0074832
-0.0103752
0.00796131
0.00114039
0.00773466
0.00877653
0.0073348
0.00902927
0.00691261
0.0115936
0.00641262
0.0185812
0.00575054
0.0169891
0.0049908
0.00581113
0.0044684
-0.00703278
0.00456238
-0.0186917
0.00541915
-0.0213294
0.00651518
-0.010763
0.00702771
0.005
0.00675381
0.0187503
0.00613283
0.0252302
0.00556494
0.0186563
0.00526061
-0.00569286
0.00549986
-0.0298399
0.0061314
-0.024775
0.00654995
-0.000171491
0.00637209
0.0265971
0.00589179
0.0190986
0.00583464
-0.018231
0.00597022
-0.0208371
-0.00444838
0.00784014
-0.00174033
0.00789646
-0.0011732
0.00793257
-0.000324165
0.00800029
0.000263772
0.00799552
0.00161698
0.00782478
0.00353738
0.00748198
0.00530087
0.00700424
0.00714534
0.0065085
0.00761249
0.0059915
0.00704335
0.00551914
0.00718818
0.0050221
0.00592627
0.00426765
-0.00016939
0.00402619
-0.0110932
0.00527185
-0.0178662
0.00692038
-0.0120237
0.00756059
0.00050018
0.00744287
0.00889424
0.00708723
0.00938491
0.00667972
0.0120011
0.00621974
0.0190412
0.00561733
0.0175915
0.00491621
0.00651224
0.00442113
-0.0065377
0.00445964
-0.0187302
0.00520576
-0.0220755
0.00624245
-0.0117997
0.00676433
0.00447812
0.00654178
0.0189728
0.00598676
0.0257853
0.00545921
0.0191839
0.0051649
-0.00539855
0.00535786
-0.0300329
0.00591845
-0.0253356
0.00631489
-0.000567935
0.00615833
0.0267537
0.00570635
0.0195505
0.00564581
-0.0181705
0.00576037
-0.0209517
-0.00436739
0.00761845
-0.00180117
0.00767064
-0.0012254
0.00770868
-0.0003622
0.00779232
0.000180127
0.0078042
0.0016051
0.0076369
0.00370468
0.00727749
0.00566029
0.00678741
0.00763541
0.00627718
0.00812272
0.0057382
0.00758233
0.00527883
0.00764756
0.00477005
0.00643505
0.00397944
0.000621214
0.00362353
-0.0107372
0.00469068
-0.0189333
0.00636748
-0.0137005
0.00715024
-0.000282578
0.00714447
0.00890001
0.00683939
0.00968999
0.00645067
0.0123898
0.00602819
0.0194637
0.00547968
0.01814
0.00483326
0.00715866
0.00436974
-0.00607418
0.0043685
-0.018729
0.00501363
-0.0227206
0.00598538
-0.0127715
0.00651024
0.00395326
0.00633424
0.0191488
0.00583852
0.026281
0.00534687
0.0196755
0.00506457
-0.00511625
0.00522033
-0.0301886
0.00571725
-0.0258325
0.0060905
-0.00094119
0.00595087
0.0268933
0.00552494
0.0199765
0.00546224
-0.0181078
0.00555805
-0.0210475
-0.00428049
0.00739991
-0.00185602
0.00744565
-0.00127114
0.00748443
-0.000400975
0.0075844
8.01518e-05
0.00761553
0.00157398
0.00745352
0.0038667
0.0070783
0.0060355
0.00657754
0.00813618
0.00605185
0.00864841
0.00549738
0.0081368
0.00504858
0.00809635
0.00452302
0.00696061
0.00373512
0.00140912
0.00332433
-0.0103265
0.0042011
-0.0198101
0.00583981
-0.0153392
0.00673887
-0.00118165
0.00684257
0.00879631
0.00659202
0.00994054
0.00622561
0.0127562
0.00583834
0.019851
0.00533845
0.0186399
0.00474242
0.00775469
0.00431235
-0.00564411
0.00428441
-0.018701
0.00483926
-0.0232755
0.005743
-0.0136752
0.00626541
0.00343085
0.00613127
0.019283
0.00568867
0.0267236
0.00522915
0.0201351
0.00496025
-0.00484735
0.00508637
-0.0303148
0.00552648
-0.0262726
0.005876
-0.00129071
0.00574969
0.0270196
0.00534781
0.0203784
0.0052839
-0.0180439
0.00536295
-0.0211266
-0.0041889
0.00718137
-0.00190188
0.00721751
-0.00130728
0.00725501
-0.000438475
0.00737097
-3.58153e-05
0.00742474
0.00152021
0.00727125
0.00402019
0.00688283
0.00642392
0.00637329
0.00864572
0.00583203
0.00918968
0.00526898
0.00869984
0.00482716
0.00853817
0.00428303
0.00750474
0.00352684
0.00216531
0.00310737
-0.00990698
0.00379832
-0.020501
0.0053467
-0.0168876
0.00633404
-0.00216899
0.00654043
0.00858993
0.00634609
0.0101349
0.00600475
0.0130976
0.00565059
0.0202051
0.00519454
0.019096
0.00464462
0.00830461
0.00424826
-0.00524774
0.00420407
-0.0186568
0.00467957
-0.023751
0.00551433
-0.0145099
0.00602972
0.00291545
0.00593294
0.0193797
0.00553778
0.0271187
0.00510723
0.0205656
0.00485264
-0.00459276
0.00495535
-0.0304175
0.005345
-0.0266622
0.00567066
-0.00161637
0.00555473
0.0271356
0.00517512
0.020758
0.00511072
-0.0179795
0.00517478
-0.0211906
-0.00409367
0.00695777
-0.00193412
0.00698007
-0.00132958
0.00701331
-0.000471718
0.00714385
-0.000166352
0.00722486
0.0014392
0.00708538
0.00415966
0.0066888
0.0068205
0.00617307
0.00916144
0.0056174
0.00974535
0.00505236
0.00926489
0.00461349
0.00897704
0.00405209
0.00806614
0.00334758
0.00286982
0.00295091
-0.00951031
0.00347147
-0.0210216
0.0048937
-0.0183098
0.00594143
-0.00321672
0.00624111
0.00829026
0.0061027
0.0102733
0.00578835
0.0134119
0.00546533
0.0205282
0.00504886
0.0195124
0.00454101
0.00881246
0.00417753
-0.00488426
0.00412518
-0.0186045
0.00453193
-0.0241577
0.00529844
-0.0152765
0.00580304
0.00241085
0.00573932
0.0194435
0.00538645
0.0274716
0.00498226
0.0209698
0.00474248
-0.00435298
0.0048268
-0.0305018
0.00517177
-0.0270072
0.0054738
-0.0019184
0.0053659
0.0272435
0.005007
0.0211169
0.00494265
-0.0179151
0.00499325
-0.0212412
-0.0039957
0.00672154
-0.00194646
0.00672473
-0.00133277
0.00674959
-0.000496572
0.00689254
-0.000309304
0.00700675
0.00132499
0.0068899
0.00427651
0.0064932
0.00721721
0.00597507
0.00967957
0.00540764
0.0103128
0.0048464
0.00982613
0.00440663
0.00941681
0.00383191
0.00864086
0.00319179
0.00350994
0.00283657
-0.0091551
0.00320796
-0.021393
0.00448331
-0.0195852
0.00556531
-0.00429872
0.00594732
0.00790824
0.00586294
0.0103577
0.0055767
0.0136982
0.00528293
0.0208219
0.00490227
0.0198931
0.00443282
0.00928191
0.00410077
-0.00455221
0.00404623
-0.01855
0.00439412
-0.0245056
0.00509446
-0.0159768
0.00558518
0.00192013
0.00555049
0.0194781
0.00523524
0.0277869
0.00485529
0.0213497
0.00463046
-0.00412815
0.00470041
-0.0305717
0.00500595
-0.0273128
0.00528483
-0.00219728
0.00518307
0.0273452
0.00484352
0.0214564
0.0047796
-0.0178512
0.00481812
-0.0212798
-0.00389577
0.00646237
-0.00193017
0.00644055
-0.00131095
0.0064523
-0.000508326
0.00660494
-0.000461944
0.00675995
0.00116998
0.00667789
0.00435857
0.00629245
0.00760265
0.00577734
0.0101947
0.00520233
0.0108878
0.0046498
0.0103787
0.00420585
0.00986076
0.00362371
0.009223
0.0030557
0.00407795
0.00275048
-0.00884988
0.00299554
-0.021638
0.0041158
-0.0207054
0.00520867
-0.00539158
0.00566134
0.00745556
0.00562783
0.0103912
0.00537005
0.0139559
0.00510374
0.0210883
0.00475555
0.0202413
0.00432128
0.00971618
0.00401885
-0.00424978
0.00396633
-0.0184974
0.00426435
-0.0248036
0.00490156
-0.016614
0.00537591
0.00144578
0.00536647
0.0194876
0.0050847
0.0280686
0.00472728
0.0217072
0.00451726
-0.00391813
0.00457596
-0.0306304
0.00484678
-0.0275836
0.0051032
-0.00245369
0.00500613
0.0274423
0.00468472
0.0217778
0.00462148
-0.017788
0.00464913
-0.0213074
-0.00379454
0.00616794
-0.00187426
0.00611534
-0.00125836
0.0061098
-0.000502783
0.00626971
-0.000621857
0.00647448
0.000965209
0.0064425
0.00439055
0.0060828
0.00796235
0.00557795
0.0106995
0.00500095
0.0114648
0.0044612
0.0109184
0.0040106
0.0103114
0.00342805
0.00980556
0.00293695
0.00456905
0.00268292
-0.00859585
0.00282315
-0.0217783
0.00378974
-0.021672
0.00487345
-0.00647529
0.00538496
0.00694404
0.00539828
0.0103779
0.00516868
0.0141855
0.00492807
0.0213289
0.00460942
0.0205599
0.00420754
0.0101181
0.00393279
-0.00397503
0.00388506
-0.0184497
0.0041412
-0.0250598
0.00471899
-0.0171918
0.00517502
0.000989743
0.0051873
0.0194753
0.00493531
0.0283206
0.00459904
0.0220434
0.00440347
-0.00372256
0.00445335
-0.0306803
0.00469366
-0.0278239
0.00492844
-0.00268847
0.00483493
0.0275358
0.00453059
0.0220822
0.0044682
-0.0177256
0.00448606
-0.0213253
-0.00369259
0.00582513
-0.00176959
0.00573799
-0.00117122
0.00571316
-0.000477951
0.00587957
-0.000788274
0.00614356
0.000701219
0.00617839
0.00435573
0.00586089
0.00827985
0.00537519
0.0111852
0.00480293
0.012037
0.00427932
0.011442
0.0038205
0.0107702
0.00324532
0.0103807
0.00283396
0.0049804
0.00262752
-0.00838941
0.00268154
-0.0218323
0.00350263
-0.0224931
0.00456077
-0.00753343
0.00511954
0.00638527
0.00517504
0.0103224
0.0049728
0.0143878
0.00475618
0.0215455
0.00446449
0.0208516
0.00409264
0.0104899
0.00384361
-0.003726
0.00380234
-0.0184084
0.00402355
-0.025281
0.00454602
-0.0177143
0.00498225
0.000553511
0.00501299
0.0194446
0.00478749
0.0285461
0.00447128
0.0223597
0.00428964
-0.00354092
0.00433255
-0.0307232
0.00454606
-0.0280374
0.00476012
-0.00290253
0.00466932
0.0276266
0.00438111
0.0223704
0.00431965
-0.0176641
0.00432869
-0.0213343
-0.00359043
0.00542207
-0.00161208
0.00530166
-0.00105081
0.00525979
-0.000436077
0.00543493
-0.000963416
0.00576658
0.000369565
0.00588341
0.0042389
0.00562455
0.00853871
0.00516776
0.011642
0.00460769
0.0125971
0.00410304
0.0119467
0.00363534
0.0112379
0.00307553
0.0109406
0.00274527
0.00531067
0.00258028
-0.00822441
0.00256386
-0.0218159
0.00325159
-0.0231808
0.00427118
-0.00855303
0.00486605
0.0057904
0.00495875
0.0102297
0.0047826
0.0145639
0.00458831
0.0217398
0.00432127
0.0211187
0.00397742
0.0108338
0.00375227
-0.00350085
0.0037183
-0.0183745
0.00391051
-0.0254732
0.00438195
-0.0181857
0.00479735
0.000138113
0.00484352
0.0193984
0.00464161
0.028748
0.00434456
0.0226567
0.00417627
-0.00337263
0.00421356
-0.0307605
0.00440353
-0.0282274
0.00459786
-0.00309685
0.00450915
0.0277153
0.00423622
0.0226433
0.00417573
-0.0176036
0.00417681
-0.0213354
-0.0034885
0.00495263
-0.00139904
0.00480732
-0.000905493
0.00475646
-0.000385222
0.00494621
-0.00115317
0.00535105
-3.52752e-05
0.00555996
0.00403
0.00537346
0.00872521
0.00495506
0.0120604
0.0044148
0.0131374
0.0039314
0.0124301
0.00345503
0.0117142
0.00291832
0.0114773
0.002669
0.00555999
0.00253876
-0.00809418
0.00246543
-0.0217425
0.00303349
-0.0237489
0.00400475
-0.00952429
0.0046252
0.00516995
0.00474989
0.010105
0.00459824
0.0147156
0.00442465
0.0219134
0.00418018
0.0213631
0.00386255
0.0111514
0.0036596
-0.0032979
0.00363322
-0.0183481
0.00380133
-0.0256413
0.00422607
-0.0186105
0.00462007
-0.000255883
0.00467888
0.0193396
0.00449798
0.0289289
0.00421932
0.0229354
0.00406373
-0.00321705
0.00409643
-0.0307932
0.00426568
-0.0283966
0.00444133
-0.00327251
0.00435426
0.0278024
0.00409586
0.0229017
0.00403632
-0.0175441
0.0040302
-0.0213292
-0.00338719
0.00442107
-0.00113403
0.00426634
-0.00075076
0.00422038
-0.000339263
0.00443348
-0.00136627
0.00491243
-0.000514226
0.00521545
0.00372698
0.00510949
0.00883116
0.00473734
0.0124326
0.00422404
0.0136507
0.00376368
0.0128904
0.00327955
0.0121984
0.00277298
0.0119838
0.00260293
0.00573004
0.00250139
-0.00799264
0.00238261
-0.0216238
0.00284477
-0.0242111
0.00376095
-0.0104405
0.0043976
0.00453331
0.00454885
0.00995374
0.00441981
0.0148446
0.00426533
0.0220678
0.00404152
0.0215869
0.00374849
0.0114444
0.00356628
-0.00311569
0.00354739
-0.0183292
0.00369541
-0.0257893
0.00407771
-0.0189927
0.00445018
-0.000628357
0.00451904
0.0192707
0.00435684
0.0290911
0.00409586
0.0231963
0.00395237
-0.00307356
0.00398123
-0.0308221
0.00413213
-0.0285475
0.00429022
-0.00343059
0.00420449
0.0278881
0.00395991
0.0231463
0.00390131
-0.0174855
0.00388869
-0.0213166
-0.00328684
0.00384096
-0.000844934
0.00370077
-0.000610566
0.00367722
-0.000315721
0.00392218
-0.00161123
0.00447123
-0.00106327
0.00486234
0.00333587
0.00483706
0.00885644
0.00451571
0.0127539
0.00403541
0.014131
0.00359942
0.0133264
0.00310893
0.0126888
0.00263856
0.0124542
0.00254511
0.00582348
0.00246689
-0.00791442
0.00231145
-0.0214683
0.00268092
-0.0245805
0.00353894
-0.0112985
0.0041842
0.00388804
0.00435617
0.00978178
0.00424739
0.0149534
0.00411047
0.0222048
0.00390543
0.021792
0.00363559
0.0117143
0.00347292
-0.00295302
0.003461
-0.0183173
0.00359225
-0.0259206
0.00393639
-0.0193369
0.00428753
-0.000979499
0.00436397
0.0191943
0.00421837
0.0292367
0.00397443
0.0234403
0.00384242
-0.00294155
0.00386795
-0.0308476
0.00400263
-0.0286822
0.00414425
-0.00357221
0.00405967
0.0279727
0.00382828
0.0233777
0.00377056
-0.0174278
0.00375208
-0.0212981
-0.00318776
0.00323032
-0.000559121
0.00314064
-0.00052089
0.00315653
-0.000331609
0.0034358
-0.0018905
0.00404824
-0.00167571
0.00451915
0.00286496
0.0045664
0.00880919
0.00429546
0.0130248
0.00385156
0.0145749
0.00343888
0.0137391
0.00294342
0.0131843
0.00251417
0.0128835
0.00249428
0.00584337
0.0024338
-0.00785394
0.00224743
-0.0212819
0.00253672
-0.0248698
0.00333847
-0.0121002
0.00398698
0.00323954
0.00417298
0.00959577
0.00408138
0.015045
0.00396033
0.0223258
0.00377194
0.0219804
0.00352393
0.0119623
0.00338007
-0.00280916
0.00337447
-0.0183117
0.00349132
-0.0260374
0.00380198
-0.0196475
0.00413164
-0.00130916
0.00421369
0.0191122
0.00408259
0.0293678
0.00385511
0.0236678
0.00373427
-0.00282071
0.00375662
-0.03087
0.00387686
-0.0288024
0.00400316
-0.00369851
0.00391962
0.0280562
0.00370082
0.0235965
0.00364399
-0.017371
0.00362018
-0.0212743
-0.00309026
0.00210832
-0.00056469
0.00210314
-0.000515714
0.00224294
-0.000471411
0.00257886
-0.00222641
0.00287513
-0.00197198
0.00281295
0.00292714
0.00245586
0.00916628
0.00206369
0.013417
0.00176886
0.0148697
0.00157902
0.013929
0.00128949
0.0134738
0.00131269
0.0128603
0.00207044
0.00508562
0.00284981
-0.0086333
0.00310605
-0.0215382
0.0029713
-0.0247351
0.00283495
-0.0119639
0.00285695
0.00321753
0.00279188
0.00966084
0.00251787
0.015319
0.00236287
0.0224808
0.00247729
0.0218659
0.00275576
0.0116838
0.00313612
-0.00318952
0.00345199
-0.0186276
0.00352974
-0.0261152
0.00345759
-0.0195754
0.00332056
-0.00117213
0.00314239
0.0192904
0.00306621
0.029444
0.00319113
0.0235428
0.00349354
-0.00312312
0.00365716
-0.0310336
0.00360412
-0.0287494
0.0034892
-0.00358359
0.00337414
0.0281713
0.00334965
0.023621
0.00339966
-0.017421
0.00336418
-0.0212389
-0.00301074
0.00180036
-0.000593187
0.00185474
-0.000570098
0.00206616
-0.000682826
0.0024554
-0.00261565
0.00280024
-0.00231683
0.00279682
0.00293057
0.00247631
0.00948679
0.00209696
0.0137964
0.00181099
0.0151557
0.00161465
0.0141253
0.00130902
0.0137795
0.00138987
0.0127794
0.00219896
0.00427653
0.00292727
-0.00936161
0.00312051
-0.0217314
0.00296651
-0.0245811
0.00286012
-0.0118575
0.0029193
0.00315836
0.00286454
0.00971561
0.0025993
0.0155842
0.00245519
0.0226249
0.0025678
0.0217533
0.00283748
0.0114141
0.00320595
-0.00355799
0.00350827
-0.0189299
0.00357817
-0.0261851
0.00350495
-0.0195022
0.00337594
-0.00104313
0.00320923
0.0194571
0.00313461
0.0295186
0.0032523
0.0234252
0.00354093
-0.00341175
0.00369259
-0.0311852
0.00363621
-0.028693
0.00351883
-0.0034662
0.00339968
0.0282904
0.00336931
0.0236513
0.00341046
-0.0174621
0.00336726
-0.0211957
-0.00292589
0.00152654
-0.000668342
0.0016259
-0.000669458
0.00190703
-0.000963949
0.00234011
-0.00304874
0.00271504
-0.00269176
0.0027622
0.00288341
0.00249278
0.0097562
0.00213835
0.0141508
0.00186441
0.0154296
0.00165583
0.0143339
0.0013335
0.0141018
0.00147671
0.0126362
0.00232355
0.0034297
0.00299156
-0.0100296
0.00312687
-0.0218667
0.00296272
-0.0244169
0.0028854
-0.0117802
0.00297597
0.00306778
0.00293339
0.00975819
0.00267856
0.0158391
0.00254641
0.0227571
0.00265903
0.0216407
0.00292019
0.011153
0.00327431
-0.0039121
0.00356106
-0.0192166
0.00362355
-0.0262476
0.00354951
-0.0194281
0.00342859
-0.000922205
0.00327333
0.0196124
0.003202
0.02959
0.00331358
0.0233136
0.00358728
-0.00368545
0.00372611
-0.0313241
0.0036669
-0.0286338
0.00354737
-0.00334667
0.00342461
0.0284132
0.00338886
0.0236871
0.0034208
-0.0174941
0.0033701
-0.021145
-0.002836
0.00128053
-0.00078707
0.00142239
-0.000811311
0.00177017
-0.00131173
0.00223896
-0.00351753
0.00262878
-0.00308158
0.00271871
0.00279348
0.00250228
0.00997263
0.00217724
0.0144758
0.00191694
0.0156899
0.00169262
0.0145582
0.00135846
0.0144359
0.00156481
0.0124298
0.00243672
0.00255778
0.00304601
-0.0106389
0.00312983
-0.0219506
0.00295888
-0.024246
0.00291201
-0.0117333
0.00303105
0.00294874
0.00299956
0.00978968
0.00275613
0.0160825
0.002636
0.0228772
0.00274859
0.0215281
0.00300055
0.010901
0.00333919
-0.00425074
0.00361051
-0.0194879
0.00366645
-0.0263035
0.00359295
-0.0193546
0.00348029
-0.000809553
0.00333566
0.019757
0.00326793
0.0296577
0.00337373
0.0232078
0.00363183
-0.00394355
0.0037577
-0.0314499
0.00369632
-0.0285724
0.00357501
-0.00322535
0.00344896
0.0285392
0.00340805
0.023728
0.00343061
-0.0175166
0.00337263
-0.021087
-0.00274136
0.00106423
-0.000938512
0.00124749
-0.000994563
0.00165325
-0.0017175
0.00214459
-0.00400886
0.00253804
-0.00347503
0.00266444
0.00266709
0.0024992
0.0101379
0.00220501
0.01477
0.00196005
0.0159349
0.00171847
0.0147998
0.00138024
0.0147742
0.00165124
0.0121588
0.00253793
0.0016711
0.00309211
-0.0111931
0.0031299
-0.0219883
0.00295419
-0.0240703
0.00293813
-0.0117172
0.00308408
0.00280279
0.00306296
0.0098108
0.0028316
0.0163139
0.00272314
0.0229857
0.00283534
0.0214159
0.00307781
0.0106585
0.00340058
-0.00457351
0.00365666
-0.019744
0.00370668
-0.0263535
0.00363469
-0.0192826
0.00353081
-0.000705669
0.00339642
0.0198914
0.00333224
0.0297219
0.00343242
0.0231076
0.0036744
-0.00418554
0.00378728
-0.0315628
0.00372431
-0.0285095
0.00360161
-0.00310266
0.00347265
0.0286682
0.0034268
0.0237739
0.00343986
-0.0175297
0.00337482
-0.0210219
-0.00264233
0.000878215
-0.00110869
0.00109944
-0.00121578
0.00154904
-0.0021671
0.00204928
-0.0045091
0.00243974
-0.00386549
0.00259842
0.00250841
0.00248388
0.0102524
0.0022235
0.0150304
0.00199553
0.0161628
0.00173421
0.0150611
0.00139998
0.0151084
0.00173654
0.0118223
0.00262738
0.000780261
0.00313099
-0.0116967
0.00312775
-0.0219851
0.00294833
-0.0238909
0.00296239
-0.0117313
0.00313411
0.00263107
0.00312331
0.0098216
0.00290453
0.0165326
0.00280751
0.0230827
0.00291917
0.0213043
0.00315193
0.0104258
0.00345854
-0.00488012
0.00369945
-0.0199849
0.00374407
-0.0263981
0.00367448
-0.0192131
0.00357982
-0.000611009
0.00345533
0.0200159
0.00339478
0.0297824
0.00348955
0.0230128
0.00371492
-0.00441091
0.00381475
-0.0316627
0.0037507
-0.0284454
0.00362705
-0.00297901
0.0034956
0.0287996
0.00344505
0.0238244
0.00344851
-0.0175331
0.00337667
-0.0209501
-0.00253923
0.000719979
-0.00128378
0.000972391
-0.0014682
0.00144837
-0.00264308
0.0019456
-0.00500633
0.00233122
-0.00425111
0.00252083
0.0023188
0.00245724
0.010316
0.00223411
0.0152535
0.00202444
0.0163725
0.00174063
0.0153449
0.00141834
0.0154307
0.00182028
0.0114203
0.00270517
-0.000104627
0.00316359
-0.0121551
0.00312387
-0.0219454
0.00294136
-0.0237083
0.0029843
-0.0117742
0.00318077
0.00243461
0.00318049
0.00982188
0.00297469
0.0167384
0.002889
0.0231684
0.00300001
0.0211933
0.00322273
0.0102031
0.00351298
-0.00517037
0.00373875
-0.0202107
0.00377847
-0.0264379
0.00371213
-0.0191467
0.00362708
-0.000525952
0.00351214
0.0201308
0.00345532
0.0298393
0.00354493
0.0229232
0.00375324
-0.00461921
0.00384001
-0.0317494
0.00377536
-0.0283808
0.00365119
-0.00285483
0.00351773
0.0289331
0.00346273
0.0238794
0.00345653
-0.0175269
0.00337816
-0.0208717
-0.0024324
0.000584504
-0.00145237
0.000858283
-0.00174197
0.00134237
-0.00312717
0.00182762
-0.00549158
0.00221034
-0.00463383
0.00243167
0.00209747
0.00242032
0.0103274
0.00223694
0.0154369
0.00204629
0.0165632
0.00173784
0.0156534
0.00143469
0.0157338
0.00190042
0.0109546
0.00277217
-0.000976375
0.00319066
-0.0125736
0.00311873
-0.0218735
0.0029335
-0.0235231
0.00300365
-0.0118444
0.00322392
0.00221434
0.00323443
0.00981137
0.00304185
0.016931
0.00296744
0.0232428
0.00307766
0.021083
0.00328991
0.00999081
0.00356375
-0.00544421
0.00377445
-0.0204214
0.00380975
-0.0264732
0.00374748
-0.0190844
0.00367236
-0.000450835
0.00356665
0.0202365
0.00351367
0.0298922
0.00359836
0.0228385
0.00378926
-0.00481011
0.00386298
-0.0318232
0.00379816
-0.0283159
0.00367391
-0.00273058
0.00353894
0.0290681
0.00347978
0.0239386
0.00346388
-0.0175111
0.00337927
-0.0207871
-0.0023222
0.000465247
-0.00160602
0.00074875
-0.00202548
0.00122408
-0.0036025
0.00169153
-0.00595903
0.00207557
-0.00501787
0.00233136
0.00184167
0.0023735
0.0102852
0.00223206
0.0155783
0.00206055
0.0167347
0.00172639
0.0159875
0.00144829
0.0160119
0.00197498
0.0104279
0.00282935
-0.00183074
0.00321294
-0.0129572
0.0031127
-0.0217732
0.002925
-0.0233354
0.00302038
-0.0119398
0.00326346
0.00197126
0.00328504
0.00978979
0.00310579
0.0171103
0.00304257
0.023306
0.00315182
0.0209738
0.00335321
0.00978941
0.00361073
-0.00570173
0.00380644
-0.0206171
0.00383775
-0.0265045
0.00378037
-0.0190271
0.00371548
-0.000385946
0.0036187
0.0203333
0.00356967
0.0299413
0.00364958
0.0227586
0.00382283
-0.00498337
0.00388357
-0.0318839
0.00381897
-0.0282513
0.00369513
-0.00260673
0.00355917
0.029204
0.00349611
0.0240016
0.00347055
-0.0174855
0.00337999
-0.0206965
-0.00220897
0.000355562
-0.00173886
0.000636743
-0.00230666
0.00108933
-0.00405509
0.00153571
-0.00640541
0.00192616
-0.00540832
0.00222109
0.00154675
0.00231704
0.0101893
0.00221985
0.0156755
0.00206693
0.0168876
0.00170755
0.0163469
0.00145926
0.0162602
0.00204275
0.00984444
0.00287793
-0.00266593
0.00323109
-0.0133104
0.0031061
-0.0216482
0.00291614
-0.0231455
0.00303452
-0.0120582
0.00329933
0.00170645
0.00333218
0.00975693
0.0031663
0.0172761
0.00311412
0.0233582
0.00322217
0.0208657
0.0034124
0.00959918
0.0036538
-0.00594313
0.00383463
-0.020798
0.00386235
-0.0265322
0.00381065
-0.0189754
0.00375623
-0.000331519
0.00366815
0.0204214
0.00362315
0.0299862
0.00369838
0.0226834
0.00385385
-0.00513884
0.0039017
-0.0319317
0.00383766
-0.0281873
0.00371474
-0.00248381
0.00357836
0.0293404
0.00351168
0.0240683
0.00347652
-0.0174503
0.00338032
-0.0206003
-0.00209309
0.000249926
-0.00184698
0.000517487
-0.00257422
0.000936749
-0.00447435
0.00136038
-0.00682904
0.00176209
-0.00581002
0.00210108
0.00120776
0.0022513
0.010039
0.00220073
0.0157261
0.00206526
0.0170231
0.00168294
0.0167292
0.00146867
0.0164745
0.00210338
0.00920973
0.00291929
-0.00348185
0.0032457
-0.0136368
0.00309913
-0.0215016
0.00290719
-0.0229535
0.00304623
-0.0121972
0.00333152
0.00142117
0.00337576
0.00971269
0.00322318
0.0174287
0.00318183
0.0233995
0.0032884
0.0207592
0.00346726
0.00942032
0.00369282
-0.00616869
0.00385891
-0.020964
0.00388339
-0.0265567
0.00383819
-0.0189302
0.00379436
-0.000287698
0.00371483
0.0205009
0.00367398
0.0300271
0.00374454
0.0226128
0.00388221
-0.00527651
0.0039173
-0.0319668
0.00385413
-0.0281241
0.00373265
-0.00236233
0.00359645
0.0294766
0.00352643
0.0241383
0.00348176
-0.0174057
0.00338025
-0.0204988
-0.0019749
0.000144654
-0.00192794
0.000388752
-0.00281832
0.000767359
-0.00485296
0.00116717
-0.00722885
0.00158397
-0.00622682
0.0019716
0.000820128
0.0021768
0.00983383
0.00217521
0.0157277
0.00205544
0.0171428
0.00165424
0.0171304
0.00147819
0.0166505
0.00215733
0.00853059
0.0029547
-0.00427921
0.00325725
-0.0139393
0.00309193
-0.0213363
0.00289842
-0.02276
0.00305574
-0.0123545
0.00336007
0.00111684
0.00341564
0.00965713
0.00327628
0.0175681
0.00324547
0.0234304
0.0033502
0.0206544
0.00351757
0.00925294
0.00372766
-0.00637878
0.0038792
-0.0211156
0.00390074
-0.0265782
0.00386275
-0.0188922
0.00382971
-0.000254663
0.00375862
0.020572
0.00372202
0.0300637
0.00378788
0.022547
0.00390778
-0.00539641
0.00393029
-0.0319894
0.00386827
-0.0280621
0.0037488
-0.00224286
0.00361339
0.029612
0.0035403
0.0242114
0.00348626
-0.0173516
0.00337978
-0.0203923
-0.00185477
3.83187e-05
-0.00197993
0.000250607
-0.0030306
0.000583979
-0.00518633
0.000958729
-0.0076036
0.0013931
-0.0066612
0.00183313
0.0003801
0.00209425
0.00957271
0.00214383
0.0156781
0.00203755
0.0172491
0.00162292
0.0175451
0.00148967
0.0167838
0.00220575
0.00781451
0.00298525
-0.00505872
0.00326614
-0.0142202
0.00308455
-0.0211547
0.00288999
-0.0225655
0.00306331
-0.0125278
0.00338506
0.000795088
0.00345171
0.00959048
0.00332544
0.0176943
0.00330486
0.0234509
0.0034073
0.020552
0.00356315
0.00909709
0.00375821
-0.00657384
0.00389542
-0.0212528
0.00391427
-0.0265971
0.00388418
-0.0188621
0.00386199
-0.000232475
0.00379936
0.0206347
0.00376715
0.0300959
0.00382819
0.0224859
0.00393049
-0.00549871
0.00394063
-0.0319995
0.00388
-0.0280015
0.00376312
-0.00212598
0.00362914
0.029746
0.00355324
0.0242873
0.00349
-0.0172884
0.0033789
-0.0202812
-0.00173306
-7.13722e-05
-0.00199226
0.000104726
-0.0032067
0.00039065
-0.00547225
0.000738425
-0.00795138
0.00119145
-0.00711422
0.00168634
-0.000114795
0.00200455
0.0092545
0.00210715
0.0155755
0.00201188
0.0173444
0.00159008
0.0179669
0.00150475
0.0168691
0.00225016
0.0070691
0.00301185
-0.0058204
0.00327266
-0.014481
0.00307694
-0.020959
0.00288201
-0.0223705
0.00306922
-0.0127151
0.00340656
0.000457747
0.00348386
0.00951318
0.00337056
0.0178076
0.00335981
0.0234617
0.00345945
0.0204524
0.00360382
0.00895272
0.00378434
-0.00675436
0.00390751
-0.021376
0.00392385
-0.0266134
0.00390223
-0.0188405
0.00389102
-0.000221261
0.00383692
0.0206888
0.00380924
0.0301236
0.0038653
0.0224299
0.00395022
-0.00558362
0.00394825
-0.0319975
0.00388924
-0.0279425
0.00377556
-0.0020123
0.00364366
0.0298779
0.00356521
0.0243658
0.00349298
-0.0172162
0.00337762
-0.0201659
-0.00161014
-0.000181935
-0.00196461
-4.51757e-05
-0.00334346
0.000192152
-0.00570958
0.000510139
-0.00826936
0.000981145
-0.00758522
0.00153212
-0.000665772
0.00190883
0.0088778
0.00206578
0.0154186
0.00197898
0.0174312
0.00155663
0.0183892
0.00152477
0.016901
0.00229226
0.00630161
0.00303514
-0.00656329
0.003277
-0.0147229
0.00306899
-0.020751
0.00287445
-0.022176
0.00307372
-0.0129143
0.00342465
0.000106818
0.00351201
0.00942582
0.00341152
0.0179081
0.00341017
0.023463
0.00350648
0.0203561
0.00363947
0.00881973
0.00380597
-0.00692086
0.00391542
-0.0214854
0.00392936
-0.0266273
0.00391668
-0.0188278
0.00391655
-0.000221135
0.00387117
0.0207341
0.00384815
0.0301466
0.00389905
0.022379
0.0039669
-0.00565148
0.00395311
-0.0319837
0.00389593
-0.0278853
0.00378606
-0.00190243
0.00365691
0.030007
0.00357617
0.0244465
0.00349519
-0.0171352
0.00337594
-0.0200466
-0.00148637
-0.000289216
-0.00189808
-0.000190978
-0.0034417
-5.46903e-06
-0.00589509
0.000278057
-0.00855289
0.000764494
-0.00807166
0.00137155
-0.00127283
0.00180837
0.00844098
0.00202032
0.0152066
0.00193967
0.0175118
0.00152353
0.0188054
0.00155079
0.0168737
0.00233367
0.00551873
0.00305559
-0.0072852
0.00327927
-0.0149466
0.00306052
-0.0205322
0.00286713
-0.0219826
0.00307694
-0.0131241
0.00343936
-0.000255599
0.0035361
0.00932907
0.00344824
0.017996
0.00345577
0.0234555
0.00354823
0.0202636
0.00367
0.00869796
0.00382299
-0.00707385
0.00391909
-0.0215815
0.00393068
-0.0266389
0.00392728
-0.0188244
0.00393837
-0.00023223
0.003902
0.0207705
0.00388374
0.0301649
0.00392927
0.0223334
0.00398046
-0.00570267
0.0039552
-0.0319585
0.00390003
-0.0278301
0.0037946
-0.001797
0.00366886
0.0301328
0.00358608
0.0245293
0.00349662
-0.0170457
0.00337386
-0.0199239
-0.00136212
-0.000390254
-0.00179416
-0.000333104
-0.00349885
-0.000198787
-0.00602941
4.5234e-05
-0.00879691
0.000544405
-0.00857083
0.00120582
-0.00193425
0.00170465
0.00794215
0.00197138
0.0149399
0.00189512
0.0175881
0.00149218
0.0192083
0.00158384
0.0167821
0.00237576
0.00472682
0.00307346
-0.0079829
0.00327947
-0.0151526
0.00305129
-0.0203041
0.00285976
-0.0217911
0.00307892
-0.0133433
0.00345069
-0.000627369
0.00355609
0.00922367
0.00348066
0.0180714
0.00349648
0.0234397
0.00358461
0.0201755
0.00369535
0.00858722
0.00383534
-0.00721383
0.00391849
-0.0216647
0.00392771
-0.0266482
0.00393379
-0.0188305
0.00395628
-0.000254718
0.00392931
0.0207975
0.00391588
0.0301783
0.00395582
0.0222935
0.00399084
-0.00573768
0.00395448
-0.0319221
0.00390151
-0.0277772
0.00380115
-0.00169664
0.00367947
0.0302544
0.0035949
0.0246139
0.00349727
-0.0169481
0.0033714
-0.019798
-0.00123775
-0.000481567
-0.00165506
-0.000465683
-0.00351473
-0.000380125
-0.00611497
-0.000172003
-0.00900503
0.000324439
-0.00906727
0.00103621
-0.00264602
0.00159921
0.00737915
0.00191959
0.0146195
0.00184676
0.0176609
0.00146464
0.0195904
0.00162497
0.0166217
0.00241944
0.00393235
0.00308886
-0.00865233
0.00327756
-0.0153413
0.00304107
-0.0200676
0.00285189
-0.0216019
0.00307942
-0.0135708
0.00345866
-0.00100662
0.00357198
0.00911034
0.00350874
0.0181347
0.00353214
0.0234163
0.00361557
0.020092
0.00371553
0.00848726
0.00384297
-0.00734128
0.00391361
-0.0217353
0.00392037
-0.0266549
0.003936
-0.0188461
0.00397009
-0.000288804
0.003953
0.0208146
0.00394446
0.0301869
0.0039786
0.0222594
0.00399799
-0.00575707
0.00395097
-0.0318751
0.00390034
-0.0277265
0.00380569
-0.00160199
0.0036887
0.0303714
0.00360259
0.0247
0.00349715
-0.0168427
0.00336856
-0.0196694
-0.00111361
-0.000559545
-0.00148395
-0.000583644
-0.00349063
-0.000544479
-0.00615413
-0.000375973
-0.00917354
0.000108485
-0.00955173
0.000864031
-0.00340156
0.00149354
0.00674963
0.00186553
0.0142475
0.00179622
0.0177302
0.00144347
0.0199432
0.00167515
0.01639
0.00246507
0.00314244
0.00310178
-0.00928904
0.00327339
-0.0155129
0.00302959
-0.0198238
0.00284296
-0.0214152
0.0030782
-0.0138061
0.00346318
-0.0013916
0.00358381
0.00898972
0.00353247
0.018186
0.00356266
0.0233861
0.00364112
0.0200136
0.00373057
0.00839781
0.00384586
-0.00745657
0.00390442
-0.0217939
0.0039086
-0.0266591
0.00393367
-0.0188712
0.00397967
-0.000334805
0.00397301
0.0208212
0.00396937
0.0301905
0.00399749
0.0222312
0.00400188
-0.00576146
0.00394467
-0.0318179
0.00389654
-0.0276784
0.0038082
-0.00151365
0.00369652
0.0304831
0.00360912
0.0247874
0.00349625
-0.0167298
0.00336536
-0.0195385
-0.000990066
-0.000620673
-0.000682274
-0.000686427
-0.000561151
-0.00010014
0.000690693
0.00138908
0.00180973
0.00174522
0.00143139
0.00173497
0.00251249
0.00311209
0.00326678
0.00301657
0.00283234
0.0030748
0.00346416
0.00359161
0.00355185
0.00358797
0.00366131
0.00374058
0.00384401
0.00389093
0.00389236
0.00392665
0.00398489
0.00398929
0.00399052
0.00401242
0.0040025
0.00393561
0.00389012
0.00380869
0.00370289
0.00361447
0.0034946
0.00336181
)
;

boundaryField
{
    inlet
    {
        type            calculated;
        value           nonuniform List<scalar> 
120
(
-0.003789
-0.00392611
-0.00406818
-0.00421539
-0.00436792
-0.00452598
-0.00468975
-0.00485945
-0.00503529
-0.0052175
-0.00540629
-0.00560192
-0.00580463
-0.00601467
-0.00623231
-0.00645783
-0.00669151
-0.00693364
-0.00718454
-0.00744452
-0.0077139
-0.00799303
-0.00828226
-0.00858195
-0.00889249
-0.00921427
-0.00954769
-0.00989318
-0.0102512
-0.0106221
-0.0110065
-0.0114047
-0.0118174
-0.012245
-0.0126881
-0.0131473
-0.013623
-0.014116
-0.0146267
-0.015156
-0.00353553
-0.00353553
-0.00353553
-0.00353553
-0.00353553
-0.00353553
-0.00353553
-0.00353553
-0.00353553
-0.00353553
-0.00353553
-0.00353553
-0.00353553
-0.00353553
-0.00353553
-0.00353553
-0.00353553
-0.00353553
-0.00353553
-0.00353553
-0.00353553
-0.00353553
-0.00353553
-0.00353553
-0.00353553
-0.00353553
-0.00353553
-0.00353553
-0.00353553
-0.00353553
-0.00353553
-0.00353553
-0.00353553
-0.00353553
-0.00353553
-0.00353553
-0.00353553
-0.00353553
-0.00353553
-0.00353553
-0.015156
-0.0146267
-0.014116
-0.013623
-0.0131473
-0.0126881
-0.012245
-0.0118174
-0.0114047
-0.0110065
-0.0106221
-0.0102512
-0.00989318
-0.00954769
-0.00921427
-0.00889249
-0.00858195
-0.00828226
-0.00799303
-0.0077139
-0.00744452
-0.00718454
-0.00693364
-0.00669151
-0.00645783
-0.00623231
-0.00601467
-0.00580463
-0.00560192
-0.00540629
-0.0052175
-0.00503529
-0.00485945
-0.00468975
-0.00452598
-0.00436792
-0.00421539
-0.00406818
-0.00392611
-0.003789
)
;
    }
    outlet
    {
        type            calculated;
        value           nonuniform List<scalar> 
120
(
0.00343991
0.00356556
0.00369611
0.0038318
0.00397284
0.00411947
0.00427193
0.00443043
0.00459521
0.00476648
0.00494444
0.00512928
0.00532114
0.00552016
0.00572647
0.00594015
0.00616134
0.00639019
0.00662695
0.00687208
0.00712631
0.0073908
0.0076673
0.00795837
0.00826746
0.00859906
0.00895869
0.00935276
0.00978827
0.0102725
0.0108124
0.0114138
0.0120795
0.0128054
0.0135766
0.0143662
0.0151424
0.0158808
0.016574
0.0172288
0.0032366
0.00323403
0.00323149
0.003229
0.00322658
0.00322425
0.00322201
0.00321988
0.00321789
0.00321604
0.00321435
0.00321285
0.00321154
0.00321044
0.00320956
0.00320892
0.00320853
0.00320841
0.00320856
0.00320901
0.00328466
0.00328242
0.0032802
0.00327799
0.00327579
0.00327357
0.00327133
0.00326906
0.00326677
0.00326443
0.00326206
0.00325964
0.00325719
0.0032547
0.00325217
0.00324961
0.00324703
0.00324442
0.00324181
0.0032392
0.0187792
0.0180703
0.0173223
0.0165274
0.0156937
0.0148444
0.0140077
0.0132069
0.0124578
0.0117683
0.0111403
0.0105714
0.0100558
0.009587
0.00915806
0.00876284
0.00839613
0.00805365
0.00773202
0.00742857
0.0071412
0.00686822
0.00660828
0.00636029
0.00612331
0.00589657
0.00567938
0.00547115
0.00527136
0.00507955
0.00489528
0.00471818
0.0045479
0.00438412
0.00422653
0.00407488
0.00392889
0.00378834
0.003653
0.00352268
)
;
    }
    cylinder
    {
        type            calculated;
        value           uniform 0;
    }
    top
    {
        type            symmetryPlane;
        value           uniform 0;
    }
    bottom
    {
        type            symmetryPlane;
        value           uniform 0;
    }
    defaultFaces
    {
        type            empty;
        value           nonuniform 0();
    }
}


// ************************************************************************* //
