/*--------------------------------*- C++ -*----------------------------------*\
  =========                 |
  \\      /  F ield         | OpenFOAM: The Open Source CFD Toolbox
   \\    /   O peration     | Website:  https://openfoam.org
    \\  /    A nd           | Version:  7
     \\/     M anipulation  |
\*---------------------------------------------------------------------------*/
FoamFile
{
    version     2.0;
    format      ascii;
    class       surfaceScalarField;
    location    "33";
    object      phi;
}
// * * * * * * * * * * * * * * * * * * * * * * * * * * * * * * * * * * * * * //

dimensions      [0 3 -1 0 0 0 0];

internalField   nonuniform List<scalar> 
67470
(
-7.87475e-07
7.88036e-07
-5.60295e-10
-2.97614e-06
2.19165e-06
-2.98186e-09
-6.45224e-06
3.48273e-06
-6.63333e-09
-1.10973e-05
4.65639e-06
-1.13469e-08
-1.67906e-05
5.71026e-06
-1.69524e-08
-2.34121e-05
6.64476e-06
-2.32886e-08
-3.08452e-05
7.46336e-06
-3.02124e-08
-3.89805e-05
8.17293e-06
-3.76099e-08
-4.77193e-05
8.78419e-06
-4.54021e-08
-5.6978e-05
9.31224e-06
-5.35482e-08
-6.66931e-05
9.77711e-06
-6.20585e-08
-7.68264e-05
1.02043e-05
-7.09934e-08
-8.73714e-05
1.06255e-05
-8.0451e-08
-9.83591e-05
1.10782e-05
-9.05688e-08
-0.000109863
1.16059e-05
-1.01523e-07
-0.000122006
1.22561e-05
-1.13532e-07
-0.000134957
1.3078e-05
-1.26857e-07
-0.000148934
1.41185e-05
-1.41812e-07
-0.000164188
1.54133e-05
-1.58768e-07
1.6986e-05
-1.78146e-07
-0.000180996
-7.85989e-07
1.57403e-06
-2.97054e-06
4.3762e-06
-6.43997e-06
6.95215e-06
-1.10758e-05
9.29219e-06
-1.67571e-05
1.13916e-05
-2.33636e-05
1.32513e-05
-3.07784e-05
1.48782e-05
-3.88915e-05
1.6286e-05
-4.76032e-05
1.74959e-05
-5.6829e-05
1.85381e-05
-6.65041e-05
1.94522e-05
-7.65887e-05
2.0289e-05
-8.70745e-05
2.11113e-05
-9.79905e-05
2.19942e-05
-0.000109409
2.30242e-05
-0.000121449
2.42967e-05
-0.000134282
2.59105e-05
-0.000148123
2.79599e-05
-0.000163228
3.05174e-05
3.36309e-05
-0.000179873
-7.83052e-07
2.35708e-06
-2.95947e-06
6.55262e-06
-6.4157e-06
1.04084e-05
-1.10332e-05
1.39097e-05
-1.66908e-05
1.70492e-05
-2.32677e-05
1.98282e-05
-3.06462e-05
2.22567e-05
-3.8715e-05
2.43548e-05
-4.73731e-05
2.6154e-05
-5.65337e-05
2.76987e-05
-6.61294e-05
2.90479e-05
-7.61174e-05
3.02769e-05
-8.64855e-05
3.14794e-05
-9.72589e-05
3.27676e-05
-0.000108506
3.42714e-05
-0.000120344
3.61345e-05
-0.00013294
3.85065e-05
-0.000146512
4.15317e-05
-0.000161316
4.53216e-05
4.99506e-05
-0.000177636
-7.787e-07
3.13578e-06
-2.94304e-06
8.71696e-06
-6.37967e-06
1.3845e-05
-1.09699e-05
1.84999e-05
-1.65923e-05
2.26716e-05
-2.31251e-05
2.6361e-05
-3.04495e-05
2.95811e-05
-3.84526e-05
3.23578e-05
-4.70309e-05
3.47323e-05
-5.60946e-05
3.67624e-05
-6.55723e-05
3.85256e-05
-7.54165e-05
4.01211e-05
-8.56095e-05
4.16725e-05
-9.61707e-05
4.33287e-05
-0.000107163
4.52633e-05
-0.000118697
4.76692e-05
-0.00013094
5.0749e-05
-0.000144108
5.46996e-05
-0.000158462
5.96758e-05
6.57823e-05
-0.000174294
-7.72987e-07
3.90876e-06
-2.92144e-06
1.08654e-05
-6.33223e-06
1.72558e-05
-1.08866e-05
2.30542e-05
-1.64624e-05
2.82474e-05
-2.2937e-05
3.28357e-05
-3.01901e-05
3.68342e-05
-3.81064e-05
4.02742e-05
-4.65795e-05
4.32053e-05
-5.55154e-05
4.56983e-05
-6.48376e-05
4.78478e-05
-7.44921e-05
4.97756e-05
-8.44541e-05
5.16345e-05
-9.47348e-05
5.36095e-05
-0.000105389
5.59176e-05
-0.000116522
5.88024e-05
-0.000128295
6.25219e-05
-0.000140925
6.733e-05
-0.00015468
7.34302e-05
8.09627e-05
-0.00016986
-7.6598e-07
4.67474e-06
-2.89487e-06
1.29943e-05
-6.27381e-06
2.06347e-05
-1.07838e-05
2.75642e-05
-1.63021e-05
3.37657e-05
-2.27049e-05
3.92385e-05
-2.98699e-05
4.39991e-05
-3.76791e-05
4.80834e-05
-4.60223e-05
5.15486e-05
-5.48007e-05
5.44767e-05
-6.39311e-05
5.69782e-05
-7.33519e-05
5.91964e-05
-8.30288e-05
6.13114e-05
-9.29631e-05
6.35438e-05
-0.000103199
6.61539e-05
-0.000113834
6.94372e-05
-0.000125023
7.37105e-05
-0.000136983
7.92898e-05
-0.000149987
8.64346e-05
9.53274e-05
-0.000164352
-7.57759e-07
5.4325e-06
-2.86361e-06
1.51002e-05
-6.20494e-06
2.39761e-05
-1.06625e-05
3.20218e-05
-1.61127e-05
3.92159e-05
-2.24304e-05
4.55562e-05
-2.94911e-05
5.10598e-05
-3.71737e-05
5.5766e-05
-4.53636e-05
5.97384e-05
-5.39559e-05
6.3069e-05
-6.28601e-05
6.58824e-05
-7.20049e-05
6.83412e-05
-8.13452e-05
7.06517e-05
-9.08697e-05
7.30683e-05
-0.00010061
7.58947e-05
-0.000110653
7.94796e-05
-0.000121144
8.42021e-05
-0.000132302
9.0447e-05
-0.000144406
9.85386e-05
0.000108711
-0.000157789
-7.4841e-07
6.18091e-06
-2.82793e-06
1.71797e-05
-6.12616e-06
2.72743e-05
-1.05235e-05
3.64191e-05
-1.58956e-05
4.4588e-05
-2.21155e-05
5.17762e-05
-2.90564e-05
5.80007e-05
-3.65937e-05
6.33032e-05
-4.46076e-05
6.77524e-05
-5.29869e-05
7.14483e-05
-6.16322e-05
7.45277e-05
-7.04613e-05
7.71704e-05
-7.94161e-05
7.96065e-05
-8.84706e-05
8.21227e-05
-9.76415e-05
8.50656e-05
-0.000107
8.88382e-05
-0.000116684
9.38863e-05
-0.000126908
0.000100671
-0.000137961
0.000109592
0.000120946
-0.000150197
-7.38026e-07
6.91894e-06
-2.78814e-06
1.92298e-05
-6.03808e-06
3.05242e-05
-1.03678e-05
4.07489e-05
-1.5652e-05
4.98722e-05
-2.1762e-05
5.78862e-05
-2.85683e-05
6.4807e-05
-3.59424e-05
7.06773e-05
-4.37592e-05
7.55692e-05
-5.18999e-05
7.9589e-05
-6.02556e-05
8.28833e-05
-6.87318e-05
8.56466e-05
-7.72553e-05
8.813e-05
-8.5783e-05
9.06504e-05
-9.43135e-05
9.35961e-05
-0.000102901
9.74258e-05
-0.000111671
0.000102656
-0.000120832
0.000109832
-0.000130684
0.000119444
0.000131865
-0.000141602
-7.26701e-07
7.64564e-06
-2.74454e-06
2.12476e-05
-5.94126e-06
3.3721e-05
-1.01964e-05
4.5004e-05
-1.53834e-05
5.50592e-05
-2.13718e-05
6.38746e-05
-2.80293e-05
7.14645e-05
-3.52232e-05
7.78712e-05
-4.28226e-05
8.31686e-05
-5.07009e-05
8.74673e-05
-5.87383e-05
9.09208e-05
-6.68269e-05
9.37352e-05
-7.48767e-05
9.61797e-05
-8.28248e-05
9.85986e-05
-9.06488e-05
0.00010142
-9.8382e-05
0.000105159
-0.000106133
0.000110407
-0.000114105
0.000117804
-0.000122606
0.000127945
0.000141296
-0.000132037
-7.14526e-07
8.36017e-06
-2.6974e-06
2.32305e-05
-5.83628e-06
3.68598e-05
-1.001e-05
4.91777e-05
-1.50909e-05
6.014e-05
-2.09465e-05
6.97303e-05
-2.74415e-05
7.79595e-05
-3.4439e-05
8.48686e-05
-4.1802e-05
9.05316e-05
-4.93952e-05
9.50605e-05
-5.70878e-05
9.86134e-05
-6.47569e-05
0.000101404
-7.22939e-05
0.000103717
-7.96139e-05
0.000105919
-8.66698e-05
0.000108476
-9.34704e-05
0.00011196
-0.000100104
0.00011704
-0.000106762
0.000124462
-0.000113762
0.000134945
0.000149066
-0.000121533
-7.01584e-07
9.06175e-06
-2.64701e-06
2.51759e-05
-5.72362e-06
3.99364e-05
-9.80951e-06
5.32636e-05
-1.47756e-05
6.51061e-05
-2.04875e-05
7.54422e-05
-2.68068e-05
8.42788e-05
-3.35922e-05
9.1654e-05
-4.07004e-05
9.76398e-05
-4.79874e-05
0.000102348
-5.53103e-05
0.000105936
-6.25305e-05
0.000108624
-6.9519e-05
0.000110705
-7.61667e-05
0.000112566
-8.2398e-05
0.000114707
-8.8193e-05
0.000117755
-9.3614e-05
0.000122461
-9.88392e-05
0.000129688
-0.000104191
0.000140296
0.000155001
-0.000110125
-6.8795e-07
9.7497e-06
-2.59358e-06
2.70816e-05
-5.6037e-06
4.29466e-05
-9.59545e-06
5.72553e-05
-1.44383e-05
6.9949e-05
-1.99958e-05
8.09997e-05
-2.61264e-05
9.04094e-05
-3.26844e-05
9.82119e-05
-3.952e-05
0.000104475
-4.64804e-05
0.000109308
-5.34103e-05
0.000112866
-6.01543e-05
0.000115368
-6.6562e-05
0.000117113
-7.24971e-05
0.000118501
-7.78527e-05
0.000120063
-8.25748e-05
0.000122477
-8.66948e-05
0.000126581
-9.03709e-05
0.000133364
-9.39287e-05
0.000143854
0.000158921
-9.78494e-05
-6.73686e-07
1.04234e-05
-2.53729e-06
2.89452e-05
-5.47682e-06
4.58861e-05
-9.36825e-06
6.11468e-05
-1.40795e-05
7.46603e-05
-1.94719e-05
8.63921e-05
-2.54008e-05
9.63383e-05
-3.17159e-05
0.000104527
-3.82615e-05
0.000111021
-4.48754e-05
0.000115922
-5.13898e-05
0.000119381
-5.76321e-05
0.000121611
-6.34291e-05
0.00012291
-6.86153e-05
0.000123688
-7.30489e-05
0.000124496
-7.66369e-05
0.000126065
-7.93733e-05
0.000129317
-8.139e-05
0.00013538
-8.30124e-05
0.000145477
0.00016065
-8.4741e-05
-6.58839e-07
1.10822e-05
-2.47827e-06
3.07646e-05
-5.34315e-06
4.8751e-05
-9.12808e-06
6.49317e-05
-1.36992e-05
7.92314e-05
-1.89156e-05
9.16084e-05
-2.46294e-05
0.000102052
-3.06861e-05
0.000110584
-3.69236e-05
0.000117258
-4.3171e-05
0.000122169
-4.92477e-05
0.000125457
-5.49638e-05
0.000127327
-6.01222e-05
0.000128068
-6.45264e-05
0.000128092
-6.79961e-05
0.000127966
-7.03945e-05
0.000128463
-7.16709e-05
0.000130594
-7.19237e-05
0.000135633
-7.14743e-05
0.000145027
0.000160009
-7.08333e-05
-6.43437e-07
1.17257e-05
-2.41657e-06
3.25377e-05
-5.20273e-06
5.15371e-05
-8.87483e-06
6.86038e-05
-1.32971e-05
8.36537e-05
-1.8326e-05
9.66373e-05
-2.38108e-05
0.000107537
-2.95926e-05
0.000116366
-3.55032e-05
0.000123169
-4.13631e-05
0.000128029
-4.69794e-05
0.000131074
-5.21445e-05
0.000132492
-5.66371e-05
0.000132561
-6.02281e-05
0.000131683
-6.26958e-05
0.000130434
-6.38539e-05
0.000129621
-6.36e-05
0.00013034
-6.19907e-05
0.000134024
-5.93389e-05
0.000142375
0.000156828
-5.6158e-05
-6.27492e-07
1.23532e-05
-2.35218e-06
3.42624e-05
-5.05546e-06
5.42404e-05
-8.60815e-06
7.21565e-05
-1.28722e-05
8.79177e-05
-1.77016e-05
0.000101467
-2.29424e-05
0.000112778
-2.84314e-05
0.000121855
-3.39947e-05
0.000128732
-3.94444e-05
0.000133479
-4.45756e-05
0.000136205
-4.91635e-05
0.00013708
-5.29625e-05
0.00013636
-5.57098e-05
0.00013443
-5.71393e-05
0.000131863
-5.70101e-05
0.000129492
-5.51605e-05
0.00012849
-5.15959e-05
0.000130459
-4.66181e-05
0.000137398
0.000150955
-4.0745e-05
-6.10998e-07
1.29642e-05
-2.28505e-06
3.59365e-05
-4.90106e-06
5.68564e-05
-8.32737e-06
7.55828e-05
-1.24233e-05
9.20137e-05
-1.70401e-05
0.000106084
-2.20204e-05
0.000117758
-2.71968e-05
0.000127031
-3.23899e-05
0.000133925
-3.74038e-05
0.000138493
-4.20223e-05
0.000140823
-4.60039e-05
0.000141061
-4.90788e-05
0.000139435
-5.09503e-05
0.000136302
-5.13055e-05
0.000132218
-4.98437e-05
0.00012803
-4.6335e-05
0.000124981
-4.07232e-05
0.000124847
-3.33005e-05
0.000129975
0.000142287
-2.46327e-05
-5.93935e-07
1.35581e-05
-2.21503e-06
3.75576e-05
-4.73913e-06
5.93805e-05
-8.03157e-06
7.88752e-05
-1.19486e-05
9.59308e-05
-1.63383e-05
0.000110473
-2.10397e-05
0.000122459
-2.58813e-05
0.000131873
-3.0678e-05
0.000138722
-3.52267e-05
0.000143041
-3.93002e-05
0.000144897
-4.26413e-05
0.000144402
-4.4957e-05
0.000141751
-4.59166e-05
0.000137261
-4.51587e-05
0.00013146
-4.23179e-05
0.00012519
-3.70854e-05
0.000119749
-2.93203e-05
0.000117082
-1.93036e-05
0.000119958
0.000130965
-7.9812e-06
-5.76268e-07
1.41344e-05
-2.14193e-06
3.91232e-05
-4.56914e-06
6.18077e-05
-7.71954e-06
8.20256e-05
-1.14458e-05
9.9657e-05
-1.55923e-05
0.00011462
-1.99941e-05
0.000126861
-2.44753e-05
0.000136354
-2.88455e-05
0.000143092
-3.28942e-05
0.00014709
-3.63842e-05
0.000148387
-3.90437e-05
0.000147062
-4.05576e-05
0.000143264
-4.0562e-05
0.000137266
-3.86469e-05
0.000129545
-3.43775e-05
0.00012092
-2.73553e-05
0.000112727
-1.73154e-05
0.000107042
-4.24458e-06
0.000106887
0.000116607
1.01132e-05
-5.57951e-07
1.46923e-05
-2.06554e-06
4.06308e-05
-4.39043e-06
6.41326e-05
-7.38988e-06
8.50251e-05
-1.09122e-05
0.000103179
-1.47975e-05
0.000118505
-1.88763e-05
0.00013094
-2.29679e-05
0.000140446
-2.68762e-05
0.000147001
-3.03836e-05
0.000150598
-3.32438e-05
0.000151247
-3.5171e-05
0.000148989
-3.583e-05
0.000143923
-3.48257e-05
0.000136261
-3.16999e-05
0.00012642
-2.59467e-05
0.000115167
-1.70681e-05
0.000103848
-4.70264e-06
9.4677e-05
1.12097e-05
9.09751e-05
9.81783e-05
2.96382e-05
-5.38935e-07
1.52312e-05
-1.98558e-06
4.20775e-05
-4.20227e-06
6.63493e-05
-7.04098e-06
8.78638e-05
-1.03448e-05
0.000106483
-1.39486e-05
0.000122109
-1.76778e-05
0.000134669
-2.13461e-05
0.000144114
-2.47512e-05
0.000150406
-2.76686e-05
0.000153515
-2.98425e-05
0.000153421
-3.09751e-05
0.000150122
-3.07125e-05
0.000143661
-2.86309e-05
0.00013418
-2.42272e-05
0.000122016
-1.69243e-05
0.000107864
-6.117e-06
9.30409e-05
8.69545e-06
7.98645e-05
2.76304e-05
7.20401e-05
7.57621e-05
5.00466e-05
-5.19165e-07
1.57504e-05
-1.90178e-06
4.34601e-05
-4.00387e-06
6.84514e-05
-6.67109e-06
9.0531e-05
-9.74033e-06
0.000109553
-1.30401e-05
0.000125408
-1.63895e-05
0.000138018
-1.95958e-05
0.00014732
-2.24497e-05
0.00015326
-2.4719e-05
0.000155784
-2.61389e-05
0.000154841
-2.63999e-05
0.000150383
-2.51317e-05
0.000142393
-2.18854e-05
0.000130934
-1.61166e-05
0.000116247
-7.18096e-06
9.89284e-05
5.6342e-06
8.02257e-05
2.2984e-05
6.25147e-05
4.51464e-05
4.98778e-05
4.9303e-05
7.16055e-05
-4.98593e-07
1.6249e-05
-1.81385e-06
4.47753e-05
-3.79439e-06
7.0432e-05
-6.27838e-06
9.3015e-05
-9.09517e-06
0.000112369
-1.20657e-05
0.000128379
-1.50015e-05
0.000140954
-1.77017e-05
0.00015002
-1.99489e-05
0.000155507
-2.15021e-05
0.000157337
-2.20869e-05
0.000155426
-2.13825e-05
0.000149678
-1.90042e-05
0.000140014
-1.44813e-05
0.000126411
-7.23445e-06
0.000109
3.44131e-06
8.82526e-05
1.83606e-05
6.53064e-05
3.8338e-05
4.25373e-05
6.38514e-05
2.43644e-05
1.8647e-05
9.45073e-05
-4.77172e-07
1.67262e-05
-1.72152e-06
4.60197e-05
-3.573e-06
7.22834e-05
-5.86095e-06
9.5303e-05
-8.40574e-06
0.000114914
-1.10192e-05
0.000130992
-1.35033e-05
0.000143438
-1.56476e-05
0.000152165
-1.72246e-05
0.000157084
-1.79827e-05
0.000158096
-1.76367e-05
0.00015508
-1.58541e-05
0.000147896
-1.22368e-05
0.000136397
-6.29654e-06
0.000120471
2.57413e-06
0.00010013
1.51299e-05
7.56968e-05
3.22781e-05
4.81582e-05
5.49898e-05
1.98257e-05
8.39646e-05
-4.61045e-06
-1.63764e-05
0.000118988
-4.54867e-07
1.7181e-05
-1.62452e-06
4.71893e-05
-3.33888e-06
7.39978e-05
-5.41691e-06
9.7381e-05
-7.66833e-06
0.000117165
-9.89391e-06
0.000133218
-1.18842e-05
0.000145429
-1.34169e-05
0.000153697
-1.42517e-05
0.000157919
-1.41241e-05
0.000157968
-1.27359e-05
0.000153691
-9.74139e-06
0.000144901
-4.72938e-06
0.000131385
2.80274e-06
0.000112938
1.34828e-05
8.94495e-05
2.81024e-05
6.10773e-05
4.76436e-05
2.8617e-05
7.32231e-05
-5.75382e-06
0.000105775
-3.71619e-05
-5.59405e-05
0.000145339
-4.31655e-07
1.76127e-05
-1.52261e-06
4.82803e-05
-3.09122e-06
7.55664e-05
-4.94438e-06
9.92341e-05
-6.87924e-06
0.0001191
-8.68343e-06
0.000135022
-1.01336e-05
0.000146879
-1.09926e-05
0.000154556
-1.10047e-05
0.000157931
-9.889e-06
0.000156852
-7.33075e-06
0.000151133
-2.96861e-06
0.000140539
3.62289e-06
0.000124793
1.29588e-05
0.000103602
2.56798e-05
7.67285e-05
4.25992e-05
4.41579e-05
6.47509e-05
6.46527e-06
9.33741e-05
-3.4377e-05
0.000129634
-7.34214e-05
-0.000100213
0.000173906
-4.07518e-07
1.80202e-05
-1.41557e-06
4.92883e-05
-2.82924e-06
7.69801e-05
-4.44147e-06
0.000100846
-6.03477e-06
0.000120694
-7.38119e-06
0.000136369
-8.24074e-06
0.000147738
-8.35816e-06
0.000154674
-7.45834e-06
0.000157031
-5.24001e-06
0.000154634
-1.36751e-06
0.000147261
4.54046e-06
0.000134631
1.29265e-05
0.000116407
2.4318e-05
9.2211e-05
3.93623e-05
6.16841e-05
5.88787e-05
2.46415e-05
8.39245e-05
-1.85806e-05
0.000115825
-6.62775e-05
0.000155954
-0.00011355
-0.000149351
0.000205091
-3.82448e-07
1.84027e-05
-1.30317e-06
5.02091e-05
-2.55215e-06
7.82291e-05
-3.90633e-06
0.000102201
-5.13124e-06
0.000121919
-5.98071e-06
0.000137218
-6.19491e-06
0.000147953
-5.49687e-06
0.000153976
-3.58772e-06
0.000155122
-1.40692e-07
0.000151187
5.2064e-06
0.000141914
1.28605e-05
0.000126977
2.32862e-05
0.000105982
3.70256e-05
7.84717e-05
5.47291e-05
4.39806e-05
7.7207e-05
2.16355e-06
0.000105508
-4.68817e-05
0.000140994
-0.000101764
0.000185198
-0.000157754
-0.000203496
0.000239343
-3.56437e-07
1.87591e-05
-1.1852e-06
5.10378e-05
-2.25914e-06
7.9303e-05
-3.33702e-06
0.000103278
-4.16489e-06
0.000122746
-4.47546e-06
0.000137529
-3.98561e-06
0.000147463
-2.39252e-06
0.000152383
6.31381e-07
0.000152098
5.44422e-06
0.000146374
1.24413e-05
0.000134917
2.20625e-05
0.000117356
3.48018e-05
9.32423e-05
5.12208e-05
6.20526e-05
7.19729e-05
2.32285e-05
9.78472e-05
-2.37107e-05
0.000129851
-7.88853e-05
0.000169321
-0.000141234
0.00021787
-0.000206303
-0.000262776
0.00027715
-3.29472e-07
1.90886e-05
-1.06139e-06
5.17698e-05
-1.94933e-06
8.01909e-05
-2.7315e-06
0.000104061
-3.13183e-06
0.000123147
-2.85879e-06
0.000137256
-1.60227e-06
0.000146206
9.70906e-07
0.000149809
5.2224e-06
0.000147846
1.15482e-05
0.000140048
2.03845e-05
0.00012608
3.22128e-05
0.000105528
4.75654e-05
7.78897e-05
6.70319e-05
4.25861e-05
9.12722e-05
-1.01183e-06
0.000121047
-5.34854e-05
0.000157291
-0.000115129
0.000201245
-0.000185188
0.000254497
-0.000259556
-0.000327304
0.000319026
-3.01519e-07
1.93901e-05
-9.3142e-07
5.23997e-05
-1.62167e-06
8.08812e-05
-2.08749e-06
0.000104526
-2.02785e-06
0.000123087
-1.12372e-06
0.000136351
9.65929e-07
0.000144117
4.60938e-06
0.000146166
1.02082e-05
0.000142247
1.82033e-05
0.000132053
2.90799e-05
0.000115204
4.33712e-05
9.12363e-05
6.16589e-05
5.96021e-05
8.45714e-05
1.96736e-05
0.000112784
-2.9224e-05
0.000147026
-8.7728e-05
0.000188137
-0.00015624
0.000237187
-0.000234238
0.000295611
-0.00031798
-0.00039718
0.000365487
-2.72521e-07
1.96626e-05
-7.94846e-07
5.2922e-05
-1.27492e-06
8.13613e-05
-1.40236e-06
0.000104654
-8.48281e-07
0.000122533
7.37261e-07
0.000134766
3.73029e-06
0.000141124
8.53919e-06
0.000141357
1.56114e-05
0.000135175
2.54401e-05
0.000122225
3.85684e-05
0.000102075
5.55915e-05
7.42132e-05
7.71528e-05
3.80408e-05
0.000103933
-7.10697e-06
0.000136635
-6.19261e-05
0.000175967
-0.000127059
0.000222653
-0.000202926
0.000277525
-0.00028911
0.000341726
-0.000382181
-0.000472492
0.000417037
-2.42372e-07
1.9905e-05
-6.51084e-07
5.33307e-05
-9.07511e-07
8.16177e-05
-6.72993e-07
0.000104419
4.12224e-07
0.000121448
2.73247e-06
0.000132446
6.70304e-06
0.000137153
1.27774e-05
0.000135283
2.14549e-05
0.000126498
3.32883e-05
0.000110391
4.88875e-05
8.6476e-05
6.89206e-05
5.41801e-05
9.41052e-05
1.28562e-05
0.00012519
-3.81922e-05
0.000162923
-9.96587e-05
0.000208001
-0.000172137
0.000261039
-0.000255964
0.000322568
-0.000350638
0.000393317
-0.00045293
-0.000553316
0.00047414
-2.10915e-07
2.01159e-05
-4.99356e-07
5.36191e-05
-5.17496e-07
8.16358e-05
1.04425e-07
0.000103797
1.75982e-06
0.000119792
4.87135e-06
0.000129334
9.8976e-06
0.000132127
1.73421e-05
0.000127838
2.77624e-05
0.000116077
4.17774e-05
9.63762e-05
6.00728e-05
6.81807e-05
8.33991e-05
3.08538e-05
0.000112561
-1.6306e-05
0.000148392
-7.4023e-05
0.000191703
-0.000142969
0.000243206
-0.000223641
0.000303421
-0.000316179
0.000372543
-0.00041976
0.000450812
-0.0005312
-0.000639701
0.000537197
-1.7792e-07
2.02938e-05
-3.3865e-07
5.37799e-05
-1.02397e-07
8.13996e-05
9.34112e-07
0.000102761
3.20183e-06
0.000117525
7.16473e-06
0.000125371
1.3329e-05
0.000125962
2.22534e-05
0.000118914
3.45588e-05
0.000103772
5.09374e-05
7.99975e-05
7.21576e-05
4.69605e-05
9.90617e-05
3.94971e-06
0.000132553
-4.97972e-05
0.000173563
-0.000115033
0.000222989
-0.000192396
0.000281589
-0.00028224
0.000349824
-0.000384414
0.00042756
-0.000497496
0.00051457
-0.000618209
-0.000731644
0.000606514
-1.43061e-07
2.04369e-05
-1.67695e-07
5.38045e-05
3.40543e-07
8.08913e-05
1.82168e-06
0.00010128
4.74676e-06
0.0001146
9.62499e-06
0.000120493
1.70143e-05
0.000118573
2.7533e-05
0.000108395
4.18709e-05
8.94341e-05
6.07989e-05
6.10696e-05
8.51739e-05
2.25855e-05
0.000115937
-2.68133e-05
0.000154098
-8.79579e-05
0.000200698
-0.000161634
0.000256745
-0.000248442
0.000323079
-0.000348574
0.000400158
-0.000461493
0.000487579
-0.000584918
0.000584797
-0.000715427
-0.000829172
0.000682324
-1.05921e-07
2.05428e-05
1.60413e-08
5.36825e-05
8.1509e-07
8.00923e-05
2.77332e-06
9.93215e-05
6.40443e-06
0.000110969
1.22663e-05
0.000114631
2.09725e-05
0.000109867
3.32052e-05
9.61625e-05
4.97276e-05
7.29118e-05
7.13934e-05
3.94038e-05
9.91522e-05
-5.17341e-06
0.000134047
-6.17079e-05
0.000177197
-0.000131108
0.000229763
-0.0002142
0.000292879
-0.000311558
0.000367517
-0.000423212
0.000454232
-0.000548208
0.000552487
-0.000683173
0.000661447
-0.000824387
-0.000932768
0.000765044
-6.6202e-08
2.0609e-05
2.11483e-07
5.34048e-05
1.32505e-06
7.89787e-05
3.79628e-06
9.68503e-05
8.18603e-06
0.000106579
1.51044e-05
0.000107713
2.52245e-05
9.97468e-05
3.92963e-05
8.20908e-05
5.81593e-05
5.40487e-05
8.27531e-05
1.48101e-05
0.000114121
-3.65411e-05
0.000153405
-0.000100992
0.000201833
-0.000179535
0.000260679
-0.000273047
0.000331216
-0.000382095
0.000414607
-0.000506603
0.000511714
-0.000645315
0.000622404
-0.000793863
0.000744961
-0.000946945
-0.00104316
0.000855349
-2.31739e-08
2.06322e-05
4.23893e-07
5.29578e-05
1.87543e-06
7.75272e-05
4.89872e-06
9.3827e-05
1.01041e-05
0.000101373
1.81571e-05
9.96598e-05
2.97936e-05
8.81103e-05
4.58344e-05
6.605e-05
6.71981e-05
3.2685e-05
9.49101e-05
-1.29019e-05
0.000130105
-7.17356e-05
0.000174017
-0.000144905
0.000227967
-0.000233485
0.000293327
-0.000338406
0.000371483
-0.000460252
0.000463812
-0.000598932
0.000571725
-0.000753228
0.000696863
-0.000919001
0.000839008
-0.00108909
-0.00115568
0.000951532
2.39267e-08
2.06082e-05
6.54397e-07
5.23273e-05
2.47114e-06
7.57104e-05
6.08937e-06
9.02088e-05
1.21719e-05
9.52909e-05
2.14428e-05
9.03888e-05
3.47039e-05
7.48493e-05
5.28489e-05
4.79049e-05
7.68763e-05
8.65757e-06
0.000107895
-4.3921e-05
0.000147124
-0.000110964
0.000195878
-0.000193659
0.000255542
-0.00029315
0.000327544
-0.000410408
0.000413325
-0.000546033
0.000514371
-0.000699977
0.000632437
-0.000871294
0.000770435
-0.001057
0.000936802
-0.00125546
-0.00141881
0.00119994
7.56827e-08
2.05326e-05
9.06088e-07
5.14969e-05
3.11842e-06
7.34981e-05
7.37855e-06
8.59487e-05
1.44046e-05
8.82649e-05
2.49822e-05
7.98112e-05
3.99811e-05
5.98503e-05
6.03699e-05
2.75162e-05
8.72255e-05
-1.81981e-05
0.000121736
-7.84317e-05
0.000165193
-0.000154421
0.000218968
-0.000247433
0.000284479
-0.000358661
0.000363146
-0.000489075
0.000456362
-0.000639249
0.000565519
-0.000809134
0.000692242
-0.000998017
0.000839507
-0.00120426
0.00101294
-0.00142889
-0.0016437
0.00123783
1.32998e-07
2.03996e-05
1.18164e-06
5.04483e-05
3.82302e-06
7.08567e-05
8.77612e-06
8.09956e-05
1.6817e-05
8.0224e-05
2.87952e-05
6.7833e-05
4.56505e-05
4.2995e-05
6.84259e-05
4.74078e-06
9.82743e-05
-4.80465e-05
0.000136455
-0.000116612
0.000184315
-0.000202281
0.000243256
-0.000306375
0.000314684
-0.000430088
0.00039994
-0.000574331
0.00050025
-0.000739559
0.000616713
-0.000925598
0.00075039
-0.00113169
0.000902984
-0.00135686
0.0010757
-0.0016016
-0.00184778
0.00127978
1.96687e-07
2.02029e-05
1.48406e-06
4.91609e-05
4.5912e-06
6.77496e-05
1.02925e-05
7.52943e-05
1.94243e-05
7.10923e-05
3.2902e-05
5.43553e-05
5.17362e-05
2.41608e-05
7.70434e-05
-2.05663e-05
0.000110047
-8.10498e-05
0.000152065
-0.00015863
0.000204481
-0.000254697
0.000268693
-0.000370587
0.00034604
-0.000507435
0.000437713
-0.000666004
0.000544665
-0.00084651
0.000667547
-0.00104848
0.00080666
-0.00127081
0.00096229
-0.00151249
0.00113308
-0.00177239
-0.00203731
0.00132261
2.67616e-07
1.99353e-05
1.81639e-06
4.76121e-05
5.42924e-06
6.41368e-05
1.1938e-05
6.87856e-05
2.22412e-05
6.07891e-05
3.73216e-05
3.92748e-05
5.82606e-05
3.2218e-06
8.62445e-05
-4.85503e-05
0.000122559
-0.000117365
0.000168568
-0.000204639
0.000225664
-0.000311794
0.000295203
-0.000440126
0.000378403
-0.000590635
0.000476229
-0.000763831
0.00058927
-0.000959551
0.000717635
-0.00117685
0.000860818
-0.00141399
0.00101784
-0.00166951
0.00118583
-0.00194038
-0.00221578
0.0013643
3.4666e-07
1.95886e-05
2.18165e-06
4.57771e-05
6.34327e-06
5.99752e-05
1.37225e-05
6.14064e-05
2.52816e-05
4.92299e-05
4.20714e-05
2.24851e-05
6.52422e-05
-1.9949e-05
9.60455e-05
-7.93536e-05
0.000135819
-0.000157138
0.000185951
-0.00025477
0.000247816
-0.000373659
0.000322682
-0.000514992
0.00041159
-0.000679543
0.00051521
-0.00086745
0.000633692
-0.00107803
0.000766547
-0.0013097
0.000912488
-0.00155993
0.00106947
-0.0018265
0.00123375
-0.00210466
-0.00238491
0.00140288
4.34664e-07
1.91539e-05
2.58273e-06
4.3629e-05
7.3391e-06
5.52188e-05
1.56552e-05
5.30903e-05
2.85581e-05
3.6327e-05
4.71658e-05
3.87737e-06
7.26951e-05
-4.54782e-05
0.000106455
-0.000113114
0.000149821
-0.000200505
0.000204184
-0.000309133
0.000270863
-0.000440338
0.000350994
-0.000595123
0.000445381
-0.00077393
0.000554333
-0.000976402
0.000677511
-0.00120121
0.000813802
-0.00144599
0.000961201
-0.00170733
0.00111683
-0.00198212
0.00127647
-0.0022643
-0.00254532
0.00143688
5.32431e-07
1.86215e-05
3.02233e-06
4.11391e-05
8.42202e-06
4.98191e-05
1.77442e-05
4.37681e-05
3.20809e-05
2.19902e-05
5.2616e-05
-1.66577e-05
8.06276e-05
-7.34898e-05
0.000117473
-0.000149958
0.000164547
-0.000247579
0.000223215
-0.000367801
0.000294704
-0.000511827
0.000379967
-0.000680386
0.000479512
-0.000873475
0.000593235
-0.00109013
0.000720268
-0.00132824
0.000858884
-0.00158461
0.00100645
-0.0018549
0.00115948
-0.00213515
0.00131358
-0.0024184
-0.00269707
0.00146533
6.40697e-07
1.79808e-05
3.50288e-06
3.8277e-05
9.59668e-06
4.37253e-05
1.99964e-05
3.33684e-05
3.58582e-05
6.12843e-06
5.84289e-05
-3.92284e-05
8.90411e-05
-0.000104102
0.000129087
-0.000190004
0.00017996
-0.000298452
0.00024297
-0.00043081
0.000319208
-0.000588066
0.000409391
-0.000770569
0.000513681
-0.000977765
0.000631515
-0.00120796
0.000761478
-0.00145821
0.000901268
-0.0017244
0.00104774
-0.00200137
0.001197
-0.00228441
0.00134472
-0.00256612
-0.00284002
0.00148767
7.60115e-07
1.72207e-05
4.02646e-06
3.50106e-05
1.08669e-05
3.68849e-05
2.24169e-05
2.18184e-05
3.9895e-05
-1.13497e-05
6.46064e-05
-6.39399e-05
9.79293e-05
-0.000137425
0.000141274
-0.000233349
0.00019601
-0.000353188
0.000263353
-0.000498153
0.000344215
-0.000668928
0.000439027
-0.000865381
0.000547555
-0.00108629
0.000668746
-0.00132915
0.000800649
-0.00159011
0.000940445
-0.0018642
0.0010846
-0.00214552
0.00122904
-0.00242885
0.00136967
-0.00270675
-0.00297397
0.00150363
8.91244e-07
1.63295e-05
4.59479e-06
3.13071e-05
1.22355e-05
2.92441e-05
2.50089e-05
9.04499e-06
4.4193e-05
-3.05338e-05
7.11452e-05
-9.0892e-05
0.000107277
-0.000173557
0.000153999
-0.000280071
0.000212627
-0.000411816
0.000284244
-0.000569771
0.000369538
-0.000754222
0.000468604
-0.000964448
0.000580774
-0.00119846
0.000704492
-0.00145287
0.0008373
-0.00172292
0.000975948
-0.00200284
0.00111666
-0.00228623
0.00125536
-0.00256755
0.00138833
-0.00283973
-0.00309883
0.00151319
1.03454e-06
1.52949e-05
5.20913e-06
2.71325e-05
1.37045e-05
2.07488e-05
2.77739e-05
-5.02445e-06
4.87507e-05
-5.15106e-05
7.8036e-05
-0.000120177
0.000117061
-0.000212582
0.000167214
-0.000330223
0.000229723
-0.000474325
0.000305502
-0.00064555
0.000394964
-0.000843684
0.000497829
-0.00106731
0.000612965
-0.0013136
0.00073832
-0.00157822
0.000870982
-0.00185558
0.00100738
-0.00213924
0.00114363
-0.00242248
0.00127583
-0.00269975
0.00140075
-0.00296465
-0.00321463
0.00151655
1.19034e-06
1.41046e-05
5.87031e-06
2.24525e-05
1.52745e-05
1.13446e-05
3.07109e-05
-2.04609e-05
5.35624e-05
-7.4362e-05
8.52636e-05
-0.000151879
0.000127248
-0.000254567
0.000180856
-0.000383831
0.000247195
-0.000540663
0.000326964
-0.00072532
0.000420261
-0.000936981
0.000526392
-0.00117344
0.000643752
-0.00143096
0.000769819
-0.00170429
0.000901299
-0.00198706
0.00103442
-0.00227236
0.00116533
-0.00255339
0.00129045
-0.00282487
0.00140711
-0.00308131
-0.00332154
0.00151402
1.35888e-06
1.27457e-05
6.57869e-06
1.72327e-05
1.69451e-05
9.78174e-07
3.38169e-05
-3.73327e-05
5.86187e-05
-9.91639e-05
9.28064e-05
-0.000186066
0.000137796
-0.000299557
0.000194851
-0.000440886
0.000264921
-0.000610733
0.000348451
-0.00080885
0.000445181
-0.00103371
0.000553978
-0.00128224
0.000672771
-0.00154975
0.000798613
-0.00183013
0.000927921
-0.00211637
0.00105684
-0.00240127
0.0011817
-0.00267826
0.00129935
-0.00294252
0.00140771
-0.00318967
-0.00341986
0.00150603
1.54028e-06
1.12054e-05
7.33411e-06
1.14389e-05
1.87148e-05
-1.04026e-05
3.70864e-05
-5.57042e-05
6.39064e-05
-0.000125984
0.000100637
-0.000222797
0.000148654
-0.000347574
0.000209113
-0.000501345
0.000282769
-0.000684389
0.000369769
-0.000895851
0.000469464
-0.0011334
0.000580274
-0.00139305
0.000699678
-0.00166915
0.000824373
-0.00195483
0.000950591
-0.00224258
0.00107452
-0.00252521
0.00119279
-0.00279653
0.00130275
-0.00305247
0.00140292
-0.00328985
-0.00351001
0.00149307
1.73454e-06
9.47086e-06
8.13597e-06
5.03745e-06
2.05808e-05
-2.28474e-05
4.05116e-05
-7.56349e-05
6.94078e-05
-0.00015488
0.00010872
-0.000262109
0.000159761
-0.000398615
0.000223544
-0.000565128
0.00030059
-0.000761434
0.000390714
-0.000985975
0.000492852
-0.00123554
0.000604977
-0.00150517
0.000724163
-0.00178834
0.000846831
-0.0020775
0.000969139
-0.00236489
0.00108744
-0.00264351
0.00119875
-0.00290783
0.00130096
-0.00315468
0.00139319
-0.00338208
-0.00359248
0.00147566
1.94155e-06
7.52931e-06
8.98312e-06
-2.00411e-06
2.25391e-05
-3.64034e-05
4.40824e-05
-9.71781e-05
7.51017e-05
-0.000185899
0.000117017
-0.000304025
0.000171049
-0.000452646
0.000238036
-0.000632116
0.000318228
-0.000841626
0.000411076
-0.00107882
0.000515087
-0.00133956
0.000627807
-0.00161789
0.00074596
-0.00190649
0.000865784
-0.00219732
0.000983475
-0.00248258
0.00109566
-0.0027557
0.0011998
-0.00301197
0.00129435
-0.00324923
0.00137899
-0.00346673
-0.00366782
0.00145433
2.16109e-06
5.36822e-06
9.87395e-06
-9.71697e-06
2.45845e-05
-5.1114e-05
4.77863e-05
-0.00012038
8.09628e-05
-0.000219076
0.000125482
-0.000348544
0.000182443
-0.000509607
0.000252475
-0.000702148
0.000335521
-0.000924672
0.000430644
-0.00117395
0.000535925
-0.00144484
0.000648511
-0.00173048
0.000764851
-0.00202283
0.000881097
-0.00231357
0.000993591
-0.00259508
0.00109931
-0.00286142
0.00119622
-0.00310888
0.00128333
-0.00333634
0.0013608
-0.00354421
-0.0037366
0.00142958
2.39282e-06
2.9754e-06
1.08063e-05
-1.81305e-05
2.67104e-05
-6.7018e-05
5.16086e-05
-0.000145278
8.6962e-05
-0.000254429
0.000134063
-0.000395645
0.000193859
-0.000569403
0.000266736
-0.000775025
0.000352302
-0.00101024
0.000449214
-0.00127086
0.000555138
-0.00155076
0.000666872
-0.00184221
0.000780672
-0.00213663
0.000892705
-0.0024256
0.000999551
-0.00270192
0.00109861
-0.00296048
0.00118835
-0.00319862
0.00126832
-0.00341631
0.00133911
-0.003615
-0.00379939
0.0014019
2.63628e-06
3.39123e-07
1.17777e-05
-2.72719e-05
2.89094e-05
-8.41498e-05
5.55322e-05
-0.000171901
9.30668e-05
-0.000291964
0.000142705
-0.000445283
0.000205211
-0.000631909
0.000280696
-0.00085051
0.000368405
-0.00109795
0.000466589
-0.00136904
0.000572522
-0.00165669
0.000682715
-0.00195241
0.000793316
-0.00224723
0.000900606
-0.00253289
0.00100148
-0.0028028
0.00109381
-0.0030528
0.00117657
-0.00328137
0.00124977
-0.00348951
0.00131437
-0.00367959
-0.00385674
0.00137172
2.8909e-06
-2.55178e-06
1.27848e-05
-3.71658e-05
3.11725e-05
-0.000102537
5.95379e-05
-0.000200266
9.92413e-05
-0.000331667
0.000151347
-0.000497389
0.000216406
-0.000696968
0.000294224
-0.000928328
0.000383669
-0.00118739
0.000482588
-0.00146796
0.000587901
-0.00176201
0.000695905
-0.00206041
0.000802731
-0.00235406
0.000904862
-0.00263502
0.000999574
-0.00289751
0.00108521
-0.00313844
0.00116124
-0.0033574
0.0012281
-0.00355637
0.00128701
-0.0037385
-0.00390917
0.00133945
3.156e-06
-5.70777e-06
1.38241e-05
-4.78339e-05
3.34898e-05
-0.000122203
6.36045e-05
-0.000230381
0.000105447
-0.000373509
0.000159925
-0.000551867
0.000227349
-0.000764392
0.000307195
-0.00100817
0.00039794
-0.00127814
0.000497046
-0.00156707
0.000601132
-0.00186609
0.000706356
-0.00216563
0.00080892
-0.00245662
0.000905582
-0.00273168
0.000994042
-0.00298597
0.00107313
-0.00321753
0.00114275
-0.00342703
0.00120371
-0.00361733
0.00125742
-0.0037922
-0.00395717
0.00130542
3.43074e-06
-9.13851e-06
1.48915e-05
-5.92947e-05
3.58501e-05
-0.000143162
6.77088e-05
-0.00026224
0.000111641
-0.000417442
0.000168374
-0.000608601
0.000237946
-0.000833963
0.000319483
-0.00108971
0.000411074
-0.00136973
0.000509823
-0.00166582
0.000612107
-0.00196838
0.000714025
-0.00226755
0.000811931
-0.00255453
0.000902921
-0.00282267
0.000985143
-0.00306819
0.00105789
-0.00329027
0.00112147
-0.00349062
0.00117697
-0.00367283
0.00122594
-0.00384117
-0.00400117
0.00126994
3.71417e-06
-1.28527e-05
1.59823e-05
-7.15628e-05
3.82411e-05
-0.000165421
7.18259e-05
-0.000295825
0.000117781
-0.000463397
0.000176626
-0.000667445
0.000248101
-0.000905438
0.00033097
-0.00117258
0.000422943
-0.0014617
0.000520803
-0.00176368
0.000620752
-0.00206832
0.000718909
-0.00236571
0.000811856
-0.00264748
0.000897068
-0.00290789
0.000973148
-0.00314427
0.00103982
-0.00335694
0.00109775
-0.00354855
0.00114824
-0.00372331
0.0011929
-0.00388584
-0.00404154
0.00123327
4.00522e-06
-1.68579e-05
1.70913e-05
-8.46489e-05
4.06498e-05
-0.000188979
7.59292e-05
-0.000331104
0.000123822
-0.00051129
0.000184611
-0.000728234
0.000257721
-0.000978548
0.000341545
-0.0012564
0.000433433
-0.00155359
0.000529895
-0.00186014
0.000627028
-0.00216546
0.000721048
-0.00245973
0.000808822
-0.00273525
0.000888237
-0.0029873
0.000958338
-0.00321437
0.00101925
-0.00341785
0.00107192
-0.00360122
0.00111781
-0.0037692
0.00115856
-0.00392659
-0.00407862
0.00119564
4.30266e-06
-2.11606e-05
1.8213e-05
-9.85592e-05
4.30619e-05
-0.000213828
7.99912e-05
-0.000368033
0.000129717
-0.000561016
0.000192262
-0.00079078
0.000266718
-0.001053
0.000351109
-0.00134079
0.00044245
-0.00164493
0.000537037
-0.00195473
0.00063093
-0.00225935
0.000720512
-0.00254931
0.000802985
-0.00281773
0.000876656
-0.00306097
0.000940997
-0.00327872
0.000996478
-0.00347333
0.00104428
-0.00364903
0.00108596
-0.00381088
0.00112315
-0.00396378
-0.0041127
0.00115723
4.60516e-06
-2.57657e-05
1.93414e-05
-0.000113295
4.54626e-05
-0.000239949
8.39832e-05
-0.000406554
0.000135419
-0.000612451
0.000199512
-0.000854872
0.000275008
-0.0011285
0.000359572
-0.00142536
0.000449921
-0.00173528
0.000542194
-0.002047
0.000632484
-0.00234964
0.000717404
-0.00263423
0.00079452
-0.00289484
0.000862565
-0.00312902
0.0009214
-0.00333755
0.000971796
-0.00352373
0.00101511
-0.00369234
0.00105294
-0.00384871
0.00108688
-0.00399771
-0.00414402
0.00111819
4.91123e-06
-3.0677e-05
2.04699e-05
-0.000128854
4.78362e-05
-0.000267315
8.7876e-05
-0.000446594
0.000140882
-0.000665458
0.000206297
-0.000920287
0.000282515
-0.00120472
0.00036686
-0.0015097
0.000455792
-0.00182421
0.000545356
-0.00213656
0.000631745
-0.00243603
0.000711848
-0.00271433
0.00078362
-0.00296661
0.000846203
-0.0031916
0.000899813
-0.00339116
0.000945468
-0.00356939
0.000984647
-0.00373152
0.00101896
-0.00388302
0.0010499
-0.00402866
-0.00417277
0.00107865
5.2193e-06
-3.58963e-05
2.1592e-05
-0.000145227
5.01666e-05
-0.00029589
9.16402e-05
-0.000488067
0.000146061
-0.000719878
0.000212557
-0.000986783
0.000289173
-0.00128133
0.000372912
-0.00159344
0.000460031
-0.00191133
0.000546538
-0.00222307
0.000628789
-0.00251828
0.000703988
-0.00278953
0.000770483
-0.00303311
0.000827807
-0.00324892
0.000876487
-0.00343984
0.000917736
-0.00361064
0.000953108
-0.00376689
0.000984182
-0.00391409
0.00101237
-0.00405685
-0.00419912
0.00103873
5.52767e-06
-4.14239e-05
2.27004e-05
-0.000162399
5.24376e-05
-0.000325627
9.52463e-05
-0.000530876
0.000150912
-0.000775544
0.000218236
-0.00105411
0.000294922
-0.00135802
0.000377684
-0.0016762
0.000462624
-0.00199627
0.000545779
-0.00230623
0.000623714
-0.00259621
0.000693978
-0.0028598
0.000755312
-0.00309444
0.000807606
-0.00330122
0.000851654
-0.00348389
0.000888818
-0.0036478
0.000920683
-0.00379876
0.000948777
-0.00394219
0.000974405
-0.00408248
-0.00422322
0.000998502
5.83455e-06
-4.72585e-05
2.3788e-05
-0.000180353
5.46325e-05
-0.000356472
9.86659e-05
-0.00057491
0.000155393
-0.000832271
0.000223285
-0.001122
0.000299714
-0.00143445
0.000381146
-0.00175764
0.000463578
-0.0020787
0.000543134
-0.00238578
0.000616634
-0.00266971
0.000681985
-0.00292515
0.000738308
-0.00315077
0.000785817
-0.00334873
0.000825529
-0.0035236
0.000858907
-0.00368118
0.000887537
-0.00382739
0.00091287
-0.00396752
0.0009361
-0.00410571
-0.00424517
0.000958046
6.13807e-06
-5.33965e-05
2.48473e-05
-0.000199062
5.67351e-05
-0.00038836
0.000101871
-0.000620046
0.000159466
-0.000889866
0.000227659
-0.00119019
0.000303514
-0.0015103
0.000383283
-0.00183741
0.000462918
-0.00215834
0.000538679
-0.00246154
0.000607674
-0.00273871
0.000668176
-0.00298565
0.000719667
-0.00320226
0.000762646
-0.0033917
0.000798307
-0.00355926
0.000828177
-0.00371105
0.000853811
-0.00385302
0.000876572
-0.00399028
0.000897539
-0.00412667
-0.00426505
0.000917422
6.43633e-06
-5.98329e-05
2.58711e-05
-0.000218497
5.87292e-05
-0.000421218
0.000104836
-0.000666152
0.000163097
-0.000948127
0.000231324
-0.00125842
0.000306294
-0.00158527
0.000384094
-0.00191521
0.000460682
-0.00223493
0.000532499
-0.00253336
0.000596966
-0.00280318
0.00065272
-0.0030414
0.000699576
-0.00324911
0.000738281
-0.00343041
0.000770163
-0.00359114
0.000796777
-0.00373766
0.000819627
-0.00387587
0.000839978
-0.00401063
0.000858791
-0.00414549
-0.00428294
0.00087668
6.72735e-06
-6.65602e-05
2.68517e-05
-0.000238621
6.05993e-05
-0.000454965
0.000107535
-0.000713088
0.000166254
-0.00100685
0.000234248
-0.00132641
0.000308039
-0.00165906
0.000383594
-0.00199076
0.000456923
-0.00230825
0.000524692
-0.00260113
0.000584649
-0.00286313
0.000635783
-0.00309254
0.000678214
-0.00329154
0.000712896
-0.00346509
0.000741253
-0.0036195
0.00076484
-0.00376125
0.00078509
-0.00389612
0.000803165
-0.00402871
0.000819916
-0.00416224
-0.00429888
0.000835864
7.00917e-06
-7.35694e-05
2.77821e-05
-0.000259394
6.23305e-05
-0.000489514
0.000109947
-0.000760704
0.000168911
-0.00106581
0.000236411
-0.00139391
0.000308746
-0.0017314
0.000381806
-0.00206382
0.000451707
-0.00237816
0.000515365
-0.00266479
0.000570863
-0.00291863
0.000617527
-0.0031392
0.000655747
-0.00332976
0.000686649
-0.00349599
0.000711716
-0.00364457
0.000732479
-0.00378201
0.000750288
-0.00391393
0.000766199
-0.00404462
0.000780961
-0.004177
-0.00431293
0.00079501
7.27983e-06
-8.08492e-05
2.86553e-05
-0.00028077
6.3909e-05
-0.000524767
0.00011205
-0.000808845
0.000171047
-0.00112481
0.000237799
-0.00146067
0.000308418
-0.00180202
0.000378769
-0.00213417
0.000445108
-0.00244449
0.000504627
-0.00272431
0.000555745
-0.00296975
0.000598103
-0.00318156
0.00063233
-0.00336399
0.000659682
-0.00352334
0.000681675
-0.00366656
0.000699793
-0.00380013
0.000715297
-0.00392943
0.000729138
-0.00405846
0.000741969
-0.00418983
-0.00432511
0.00075415
7.53737e-06
-8.83866e-05
2.94644e-05
-0.000302697
6.53219e-05
-0.000560625
0.000113829
-0.000857352
0.000172644
-0.00118362
0.000238404
-0.00152643
0.000307072
-0.00187069
0.000374528
-0.00220163
0.000437206
-0.00250717
0.000492592
-0.00277969
0.000539432
-0.00301659
0.00057766
-0.00321979
0.000608105
-0.00339444
0.000632124
-0.00354736
0.000651237
-0.00368568
0.000666867
-0.00381576
0.00068018
-0.00394274
0.000692028
-0.00407031
0.000702974
-0.00420078
-0.00433545
0.000713311
7.77992e-06
-9.61665e-05
3.02031e-05
-0.00032512
6.65577e-05
-0.000596979
0.000115267
-0.000906062
0.000173691
-0.00124205
0.000238228
-0.00159096
0.000304731
-0.00193719
0.000369135
-0.00226603
0.000428087
-0.00256612
0.000479372
-0.00283098
0.000522055
-0.00305927
0.000556331
-0.00325406
0.000583201
-0.00342131
0.000604088
-0.00356825
0.000620495
-0.00370208
0.000633774
-0.00382904
0.000644994
-0.00395396
0.000654911
-0.00408022
0.000664007
-0.00420987
-0.00434396
0.000672519
8.00567e-06
-0.000104172
3.08658e-05
-0.00034798
6.76063e-05
-0.00063372
0.000116354
-0.00095481
0.000174182
-0.00129987
0.000237277
-0.00165406
0.000301424
-0.00200134
0.000362653
-0.00232726
0.000417841
-0.00262131
0.000465082
-0.00287822
0.00050374
-0.00309793
0.000534244
-0.00328457
0.000557735
-0.0034448
0.000575674
-0.00358619
0.000589532
-0.00371594
0.000600576
-0.00384008
0.000609784
-0.00396317
0.00061782
-0.00408826
0.000625096
-0.00421715
-0.00435066
0.000631796
8.2129e-06
-0.000112385
3.14469e-05
-0.000371214
6.84588e-05
-0.000670732
0.000117081
-0.00100343
0.000174113
-0.00135691
0.000235566
-0.00171551
0.000297189
-0.00206296
0.000355144
-0.00238522
0.00040656
-0.00267273
0.000449831
-0.00292149
0.000484605
-0.0031327
0.000511516
-0.00331148
0.000531812
-0.00346509
0.000546973
-0.00360135
0.000558416
-0.00372738
0.000567328
-0.003849
0.00057459
-0.00397043
0.000580787
-0.00409446
0.000586264
-0.00422263
-0.00435556
0.000591163
8.40089e-06
-0.000120786
3.19437e-05
-0.000394757
6.91111e-05
-0.000707899
0.000117445
-0.00105177
0.000173493
-0.00141296
0.000233118
-0.00177513
0.000292076
-0.00212192
0.000346685
-0.00243982
0.00039434
-0.00272038
0.000433733
-0.00296088
0.000464768
-0.00316374
0.00048826
-0.00333497
0.000505535
-0.00348237
0.000518068
-0.00361388
0.000527219
-0.00373653
0.000534083
-0.00385586
0.000539455
-0.00397581
0.000543845
-0.00409885
0.00054754
-0.00422632
-0.00435867
0.000550646
8.56651e-06
-0.000129352
3.23484e-05
-0.000418539
6.95522e-05
-0.000745103
0.000117437
-0.00109965
0.000172319
-0.00146784
0.000229947
-0.00183276
0.000286118
-0.00217809
0.000337333
-0.00249104
0.000381259
-0.00276431
0.000416874
-0.0029965
0.00044432
-0.00319119
0.000464558
-0.00335521
0.000478972
-0.00349678
0.000489016
-0.00362393
0.000495977
-0.0037435
0.000500867
-0.00386075
0.000504395
-0.00397933
0.000507003
-0.00410146
0.00050893
-0.00422825
-0.00435999
0.000510249
8.70927e-06
-0.000138062
3.26595e-05
-0.000442489
6.97808e-05
-0.000782224
0.00011706
-0.00114693
0.000170607
-0.00152138
0.000226087
-0.00188824
0.000279372
-0.00223137
0.000327166
-0.00253883
0.000367411
-0.00280455
0.000399358
-0.00302844
0.000423362
-0.00321519
0.000440506
-0.00337236
0.000452207
-0.00350848
0.000459881
-0.0036316
0.000464745
-0.00374836
0.000467721
-0.00386373
0.000469442
-0.00398105
0.000470289
-0.0041023
0.000470458
-0.00422842
-0.00435953
0.000469997
8.828e-06
-0.00014689
3.28742e-05
-0.000466535
6.97946e-05
-0.000819145
0.000116317
-0.00119345
0.00016837
-0.00157344
0.00022157
-0.00194144
0.00027189
-0.00228169
0.000316255
-0.0025832
0.000352882
-0.00284118
0.000381277
-0.00305684
0.000401983
-0.00323589
0.000416182
-0.00338655
0.000425304
-0.0035176
0.000430718
-0.00363701
0.000433562
-0.0037512
0.000434676
-0.00386484
0.00043462
-0.003981
0.000433723
-0.0041014
0.000432143
-0.00422684
-0.00435729
0.000429905
8.92167e-06
-0.000155811
3.29903e-05
-0.000490604
6.95929e-05
-0.000855747
0.000115214
-0.00123907
0.000165626
-0.00162385
0.00021643
-0.00199225
0.000263726
-0.00232899
0.000304672
-0.00262415
0.000337752
-0.00287426
0.000362714
-0.0030818
0.000380264
-0.00325344
0.000391658
-0.00339795
0.000398323
-0.00352427
0.000401572
-0.00364026
0.000402464
-0.00375209
0.000401758
-0.00386414
0.00039995
-0.00397919
0.000397321
-0.00409878
0.000393998
-0.00422352
-0.00435328
0.000389989
8.98947e-06
-0.000164801
3.30066e-05
-0.000514621
6.91764e-05
-0.000891917
0.000113757
-0.00128365
0.000162396
-0.00167249
0.000210705
-0.00204056
0.000254935
-0.00237322
0.000292485
-0.0026617
0.0003221
-0.00290388
0.000343749
-0.00310345
0.000358277
-0.00326797
0.000366997
-0.00340667
0.000371315
-0.00352859
0.000372483
-0.00364143
0.00037148
-0.00375109
0.000368991
-0.00386165
0.000365451
-0.00397565
0.0003611
-0.00409442
0.00035604
-0.00421846
-0.0043475
0.000350264
9.03071e-06
-0.000173832
3.29223e-05
-0.000538512
6.85474e-05
-0.000927542
0.000111958
-0.00132706
0.000158702
-0.00171923
0.000204433
-0.00208629
0.000245571
-0.00241436
0.000279761
-0.00269589
0.000305999
-0.00293011
0.000324454
-0.0031219
0.00033609
-0.00327961
0.000342255
-0.00341283
0.000344325
-0.00353066
0.000343487
-0.00364059
0.000340638
-0.00374824
0.000336395
-0.0038574
0.000331139
-0.00397039
0.000325075
-0.00408836
0.000318282
-0.00421167
-0.00433997
0.000310746
9.04493e-06
-0.000182877
3.27375e-05
-0.000562205
6.77093e-05
-0.000962514
0.000109828
-0.00136918
0.000154569
-0.00176397
0.000197654
-0.00212937
0.000235689
-0.00245239
0.000266565
-0.00272676
0.000289518
-0.00295307
0.000304895
-0.00313728
0.000313762
-0.00328848
0.000317483
-0.00341655
0.000317395
-0.00353057
0.000314613
-0.00363781
0.000309961
-0.00374359
0.000303989
-0.00385143
0.00029703
-0.00396343
0.000289259
-0.00408059
0.000280739
-0.00420314
-0.00433068
0.000271447
9.03182e-06
-0.000191908
3.24528e-05
-0.000585626
6.6667e-05
-0.000996728
0.00010738
-0.0014099
0.000150022
-0.00180662
0.000190408
-0.00216976
0.000225342
-0.00248733
0.000252959
-0.00275438
0.00027272
-0.00297283
0.000285135
-0.0031497
0.000291347
-0.00329469
0.000292725
-0.00341793
0.000290558
-0.0035284
0.00028589
-0.00363314
0.000279471
-0.00373717
0.00027179
-0.00384375
0.000263139
-0.00395478
0.000253666
-0.00407112
0.000243421
-0.0041929
-0.00431964
0.000232382
8.99124e-06
-0.0002009
3.20694e-05
-0.000608704
6.54264e-05
-0.00103009
0.000104628
-0.0014491
0.000145089
-0.00184708
0.000182736
-0.0022074
0.000214581
-0.00251917
0.000239
-0.0027788
0.000255665
-0.00298949
0.000265229
-0.00315926
0.000268894
-0.00329835
0.000268021
-0.00341706
0.000263846
-0.00352423
0.000257341
-0.00362664
0.000249185
-0.00372902
0.000239813
-0.00383438
0.000229479
-0.00394445
0.000218309
-0.00405995
0.000206343
-0.00418093
-0.00430685
0.000193562
8.92324e-06
-0.000209823
3.15891e-05
-0.00063137
6.39942e-05
-0.00106249
0.00010159
-0.00148669
0.000139797
-0.00188528
0.000174677
-0.00224228
0.000203455
-0.00254795
0.000224743
-0.00280008
0.000238409
-0.00300316
0.000245227
-0.00316608
0.000246446
-0.00329957
0.000243406
-0.00341402
0.000237287
-0.00351811
0.000228987
-0.00361834
0.000219122
-0.00371915
0.000208074
-0.00382333
0.000196063
-0.00393244
0.0001832
-0.00404708
0.000169517
-0.00416725
-0.00429233
0.000154996
8.828e-06
-0.000218651
3.10142e-05
-0.000653556
6.23783e-05
-0.00109385
9.82801e-05
-0.00152259
0.000134174
-0.00192118
0.00016627
-0.00227438
0.000192013
-0.00257369
0.000210241
-0.00281831
0.000221001
-0.00301392
0.000225175
-0.00317025
0.000224041
-0.00329844
0.000218911
-0.00340889
0.000210904
-0.0035101
0.000200848
-0.00360828
0.000189296
-0.0037076
0.000176584
-0.00381062
0.000162903
-0.00391876
0.000148348
-0.00403253
0.000132953
-0.00415186
-0.00427607
0.00011669
8.70588e-06
-0.000227357
3.03476e-05
-0.000675198
6.05869e-05
-0.00112409
9.47173e-05
-0.00155673
0.000128249
-0.00195471
0.000157553
-0.00230368
0.0001803
-0.00259644
0.000195541
-0.00283355
0.000203489
-0.00302187
0.000205115
-0.00317188
0.000201714
-0.00329504
0.000194564
-0.00340174
0.000184719
-0.00350026
0.00017294
-0.0035965
0.000159722
-0.00369438
0.000145358
-0.00379626
0.000130011
-0.00390341
0.000113763
-0.00401628
9.66597e-05
-0.00413475
-0.00425807
7.86558e-05
8.55735e-06
-0.000235914
2.95923e-05
-0.000696233
5.86293e-05
-0.00115313
9.09189e-05
-0.00158901
0.000122048
-0.00198584
0.000148564
-0.0023302
0.000168358
-0.00261623
0.000180687
-0.00284588
0.000185914
-0.0030271
0.000185084
-0.00317105
0.000179497
-0.00328945
0.000170389
-0.00339263
0.000158751
-0.00348862
0.00014528
-0.00358303
0.000130414
-0.00367951
0.000114409
-0.00378025
9.7403e-05
-0.0038864
7.94655e-05
-0.00399834
6.06245e-05
-0.00411591
-0.00423833
4.08863e-05
8.38302e-06
-0.000244297
2.8752e-05
-0.000716602
5.65147e-05
-0.00118089
8.69029e-05
-0.0016194
0.0001156
-0.00201454
0.000139338
-0.00235394
0.000156227
-0.00263312
0.000165721
-0.00285538
0.000168315
-0.00302969
0.000165114
-0.00316785
0.000157415
-0.00328175
0.000146407
-0.00338162
0.000133017
-0.00347523
0.00011788
-0.0035679
0.000101384
-0.00366302
8.37491e-05
-0.00376262
6.50965e-05
-0.00386775
4.54956e-05
-0.00397874
2.48865e-05
-0.0040953
-0.00421605
2.60564e-06
8.18364e-06
-0.000252481
2.78304e-05
-0.000736248
5.42532e-05
-0.00120732
8.26875e-05
-0.00164784
0.000108931
-0.00204078
0.000129909
-0.00237492
0.000143946
-0.00264716
0.00015068
-0.00286211
0.000150727
-0.00302974
0.000145237
-0.00316236
0.000135493
-0.00327201
0.000122637
-0.00336877
0.000107532
-0.00346012
9.07535e-05
-0.00355112
7.26424e-05
-0.00364491
5.3388e-05
-0.00374336
3.30981e-05
-0.00384746
1.18391e-05
-0.00395748
-1.03141e-05
-0.00407315
-0.00419272
-3.36369e-05
7.96003e-06
-0.000260441
2.68317e-05
-0.00075512
5.18548e-05
-0.00123234
7.82906e-05
-0.00167427
0.000102067
-0.00206456
0.000120309
-0.00239316
0.00013155
-0.0026584
0.000135601
-0.00286616
0.000133182
-0.00302732
0.000125478
-0.00315465
0.000113754
-0.00326028
9.90968e-05
-0.00335411
8.231e-05
-0.00344334
6.39117e-05
-0.00353272
4.42002e-05
-0.0036252
2.33351e-05
-0.0037225
1.40386e-06
-0.00382553
-2.15073e-05
-0.00393457
-4.54417e-05
-0.00404922
-0.00416791
-7.02595e-05
7.71311e-06
-0.000268154
2.57602e-05
-0.000773167
4.93297e-05
-0.00125591
7.373e-05
-0.00169867
9.50337e-05
-0.00208586
0.000110568
-0.00240869
0.000119071
-0.0026669
0.000120514
-0.0028676
0.000115707
-0.00302251
0.000105862
-0.00314481
9.22148e-05
-0.00324664
7.58006e-05
-0.0033377
5.73622e-05
-0.0034249
3.7365e-05
-0.00351272
1.6067e-05
-0.0036039
-6.39724e-06
-0.00370003
-2.99436e-05
-0.00380198
-5.45198e-05
-0.00391
-8.01082e-05
-0.00402363
-0.00414138
-0.000106632
7.4439e-06
-0.000275598
2.46204e-05
-0.000790344
4.66882e-05
-0.00127798
6.90231e-05
-0.00172101
8.78549e-05
-0.00210469
0.000100715
-0.00242155
0.00010654
-0.00267273
0.000105448
-0.00286651
9.83298e-05
-0.00301539
8.64095e-05
-0.00313289
7.08934e-05
-0.00323112
5.27618e-05
-0.00331956
3.26996e-05
-0.00340484
1.11225e-05
-0.00349115
-1.17476e-05
-0.00358103
-3.58005e-05
-0.00367598
-6.09677e-05
-0.00377682
-8.71912e-05
-0.00388377
-0.000114431
-0.00399639
-0.00411315
-0.000142662
7.15346e-06
-0.000282751
2.34167e-05
-0.000806607
4.39407e-05
-0.0012985
6.41869e-05
-0.00174125
8.05536e-05
-0.00212106
9.07781e-05
-0.00243178
9.39857e-05
-0.00267594
9.04307e-05
-0.00286296
8.10719e-05
-0.00300603
6.71397e-05
-0.00311895
4.98044e-05
-0.00321378
2.9992e-05
-0.00329975
8.3317e-06
-0.00338318
-1.48057e-05
-0.00346801
-3.92342e-05
-0.0035566
-6.4867e-05
-0.00365035
-9.16466e-05
-0.00375004
-0.000119511
-0.00385591
-0.000148407
-0.00396749
-0.00408323
-0.000178329
6.8429e-06
-0.000289594
2.2154e-05
-0.000821918
4.10972e-05
-0.00131744
5.92379e-05
-0.0017594
7.31518e-05
-0.00213497
8.0781e-05
-0.00243941
8.14327e-05
-0.00267659
7.54853e-05
-0.00285701
6.39546e-05
-0.0029945
4.80692e-05
-0.00310307
2.8961e-05
-0.00319468
7.50152e-06
-0.00327829
-1.57313e-05
-0.00335994
-4.04119e-05
-0.00344333
-6.63856e-05
-0.00353063
-9.35869e-05
-0.00362315
-0.00012197
-0.00372165
-0.000151471
-0.00382641
-0.000182022
-0.00393694
-0.00405163
-0.000213619
6.51342e-06
-0.000296108
2.08368e-05
-0.000836241
3.81678e-05
-0.00133478
5.41919e-05
-0.00177542
6.56701e-05
-0.00214645
7.07477e-05
-0.00244449
6.89051e-05
-0.00267475
6.06338e-05
-0.00284874
4.69961e-05
-0.00298087
2.92129e-05
-0.00308529
8.3747e-06
-0.00317384
-1.46992e-05
-0.00325522
-3.94824e-05
-0.00333516
-6.56888e-05
-0.00341712
-9.31932e-05
-0.00350312
-0.000121951
-0.00359439
-0.000151929
-0.00369168
-0.00018306
-0.00379528
-0.000215263
-0.00390474
-0.00401837
-0.000248522
6.16619e-06
-0.000302274
1.94699e-05
-0.000849545
3.51623e-05
-0.00135047
4.90641e-05
-0.00178932
5.81281e-05
-0.00215551
6.07e-05
-0.00244706
5.64246e-05
-0.00267047
4.58957e-05
-0.00283821
3.0213e-05
-0.00296518
1.0584e-05
-0.00306566
-1.19437e-05
-0.00315131
-3.66029e-05
-0.00323056
-6.29144e-05
-0.00330885
-9.06291e-05
-0.00338941
-0.000119649
-0.0034741
-0.000149951
-0.00356409
-0.000181512
-0.00366011
-0.000214267
-0.00376252
-0.000248118
-0.00387088
-0.00398346
-0.000283029
5.80245e-06
-0.000308076
1.80578e-05
-0.0008618
3.20902e-05
-0.0013645
4.38692e-05
-0.0018011
5.05442e-05
-0.00216219
5.06579e-05
-0.00244717
4.40109e-05
-0.00266382
3.12887e-05
-0.00282549
1.36201e-05
-0.00294751
-7.80586e-06
-0.00304423
-3.19854e-05
-0.00312713
-5.8202e-05
-0.00320434
-8.60206e-05
-0.00328103
-0.000115226
-0.0033602
-0.000145746
-0.00344358
-0.000177577
-0.00353226
-0.00021071
-0.00362698
-0.000245081
-0.00372815
-0.000280576
-0.00383539
-0.00394691
-0.000317128
5.42344e-06
-0.0003135
1.66053e-05
-0.000872982
2.89608e-05
-0.00137686
3.86209e-05
-0.00181076
4.29357e-05
-0.0021665
4.06403e-05
-0.00244488
3.16822e-05
-0.00265486
1.68286e-05
-0.00281063
-2.76958e-06
-0.00292792
-2.59464e-05
-0.00302105
-5.17424e-05
-0.00310133
-7.94898e-05
-0.0031766
-0.000108795
-0.00325172
-0.000139474
-0.00332952
-0.000171477
-0.00341158
-0.000204821
-0.00349891
-0.000239513
-0.00359229
-0.000275491
-0.00369217
-0.000312625
-0.00379826
-0.00390873
-0.00035081
5.03044e-06
-0.00031853
1.51168e-05
-0.000883069
2.57831e-05
-0.00138752
3.33326e-05
-0.00181831
3.53185e-05
-0.00216849
3.06642e-05
-0.00244022
1.94548e-05
-0.00264366
2.53175e-06
-0.00279371
-1.89445e-05
-0.00290644
-4.38286e-05
-0.00299617
-7.12077e-05
-0.00307395
-0.00010046
-0.00314734
-0.000131232
-0.00322095
-0.000163366
-0.00329739
-0.000196835
-0.00337811
-0.000231675
-0.00346407
-0.00026791
-0.00355605
-0.000305486
-0.0036546
-0.000344254
-0.00375949
-0.00386892
-0.000384065
4.62475e-06
-0.000323155
1.35969e-05
-0.000892041
2.25656e-05
-0.00139649
2.80166e-05
-0.00182376
2.77079e-05
-0.00216818
2.07455e-05
-0.00243326
7.34425e-06
-0.00263025
-1.15947e-05
-0.00277477
-3.48946e-05
-0.00288314
-6.14445e-05
-0.00296962
-9.03748e-05
-0.00304502
-0.000121109
-0.00311661
-0.000153326
-0.00318874
-0.000186898
-0.00326382
-0.000221815
-0.00334319
-0.00025813
-0.00342776
-0.00029589
-0.00351829
-0.000335052
-0.00361544
-0.000375451
-0.00371909
-0.00382748
-0.000416883
4.20776e-06
-0.000327363
1.205e-05
-0.000899883
1.93166e-05
-0.00140376
2.2685e-05
-0.00182713
2.01187e-05
-0.00216561
1.08977e-05
-0.00242404
-4.63607e-06
-0.00261472
-2.55338e-05
-0.00275387
-5.06107e-05
-0.00285806
-7.87871e-05
-0.00294144
-0.000109238
-0.00301457
-0.00014143
-0.00308442
-0.000175074
-0.00315509
-0.000210065
-0.00322883
-0.00024641
-0.00330685
-0.000284181
-0.00338999
-0.000323445
-0.00347903
-0.000364178
-0.0035747
-0.000406203
-0.00367706
-0.00378443
-0.000449254
3.78098e-06
-0.000331144
1.04803e-05
-0.000906582
1.6044e-05
-0.00140932
1.73487e-05
-0.00182843
1.25649e-05
-0.00216083
1.15987e-06
-0.00241263
-1.64768e-05
-0.00259708
-3.92782e-05
-0.00273107
-6.60847e-05
-0.00283126
-9.585e-05
-0.00291168
-0.000127793
-0.00298263
-0.000161419
-0.00305079
-0.000196472
-0.00312004
-0.000232863
-0.00319243
-0.000270617
-0.00326909
-0.00030982
-0.00335078
-0.000350565
-0.00343828
-0.00039285
-0.00353242
-0.000436498
-0.00363342
-0.00373976
-0.000481167
3.34622e-06
-0.00033449
8.89231e-06
-0.000912129
1.27554e-05
-0.00141318
1.20187e-05
-0.0018277
5.05629e-06
-0.00215387
-8.52889e-06
-0.00239905
-2.81676e-05
-0.00257744
-5.28183e-05
-0.00270642
-8.13097e-05
-0.00280277
-0.000112628
-0.00288036
-0.000146035
-0.00294922
-0.000181073
-0.00301575
-0.000217515
-0.0030836
-0.000255289
-0.00315466
-0.000294431
-0.00322995
-0.000335042
-0.00331017
-0.00037724
-0.00339609
-0.000421057
-0.0034886
-0.000466321
-0.00358815
-0.00369347
-0.000512611
2.9055e-06
-0.000337395
7.29001e-06
-0.000916513
9.45874e-06
-0.00141535
6.70433e-06
-0.00182494
-2.38819e-06
-0.00214478
-1.8085e-05
-0.00238335
-3.96955e-05
-0.00255583
-6.61459e-05
-0.00267997
-9.6279e-05
-0.00277263
-0.000129116
-0.00284752
-0.000163959
-0.00291438
-0.000200389
-0.00297932
-0.000238201
-0.00304578
-0.000277339
-0.00311552
-0.000317848
-0.00318944
-0.000359842
-0.00326818
-0.000403463
-0.00335246
-0.000448785
-0.00344328
-0.000495658
-0.00354128
-0.00364556
-0.000543575
2.45878e-06
-0.000339854
5.67689e-06
-0.000919731
6.16131e-06
-0.00141584
1.43671e-06
-0.00182022
-9.79126e-06
-0.00213355
-2.75262e-05
-0.00236562
-5.10523e-05
-0.00253231
-7.92539e-05
-0.00265177
-0.000110987
-0.0027409
-0.000145309
-0.0028132
-0.000181563
-0.00287813
-0.000219362
-0.00294152
-0.000258526
-0.00300662
-0.000299011
-0.00307504
-0.000340867
-0.00314759
-0.000384218
-0.00322483
-0.000429228
-0.00330745
-0.000476021
-0.00339649
-0.000524494
-0.0034928
-0.00359601
-0.000574047
2.00732e-06
-0.000341861
4.05776e-06
-0.000921782
2.86454e-06
-0.00141464
-3.8429e-06
-0.00181351
-1.71069e-05
-0.00212028
-3.68405e-05
-0.00234588
-6.22303e-05
-0.00250692
-9.21358e-05
-0.00262186
-0.00012543
-0.00270761
-0.000161204
-0.00277743
-0.000198843
-0.00284049
-0.000237991
-0.00290238
-0.000278488
-0.00296612
-0.000320302
-0.00303322
-0.000363486
-0.0031044
-0.000408168
-0.00318015
-0.000454531
-0.00326109
-0.000502754
-0.00334826
-0.000552811
-0.00344275
-0.0035448
-0.000604015
1.55151e-06
-0.000343413
2.43692e-06
-0.000922667
-3.83889e-07
-0.00141182
-9.065e-06
-0.00180483
-2.43386e-05
-0.00210501
-4.60201e-05
-0.0023242
-7.32226e-05
-0.00247972
-0.000104786
-0.0025903
-0.000139601
-0.00267279
-0.000176798
-0.00274023
-0.000215796
-0.00280149
-0.000256272
-0.0028619
-0.000298084
-0.00292431
-0.00034121
-0.0029901
-0.000385704
-0.00305991
-0.000431692
-0.00313416
-0.000479372
-0.00321341
-0.000528978
-0.00329866
-0.000580596
-0.00339113
-0.00349193
-0.000633465
1.09042e-06
-0.000344503
8.06259e-07
-0.000922383
-3.69962e-06
-0.00140732
-1.42421e-05
-0.00179429
-3.1478e-05
-0.00208777
-5.50575e-05
-0.00230062
-8.40227e-05
-0.00245075
-0.000117199
-0.00255712
-0.000153498
-0.00263649
-0.000192086
-0.00270164
-0.000232419
-0.00276116
-0.000274202
-0.00282012
-0.000317312
-0.0028812
-0.000361733
-0.00294567
-0.000407521
-0.00301412
-0.000454794
-0.00308688
-0.000503753
-0.00316445
-0.000554689
-0.00324772
-0.000607834
-0.00333798
-0.0034374
-0.000662367
6.18363e-07
-0.000345122
-8.24011e-07
-0.00092094
-6.95334e-06
-0.00140119
-1.9363e-05
-0.00178188
-3.85181e-05
-0.00206862
-6.39457e-05
-0.00227519
-9.46249e-05
-0.00242007
-0.00012937
-0.00252238
-0.000167117
-0.00259874
-0.000207067
-0.00266169
-0.00024871
-0.00271951
-0.000291779
-0.00277705
-0.000336168
-0.00283681
-0.000381869
-0.00289997
-0.000428936
-0.00296705
-0.000477477
-0.00303834
-0.000527682
-0.00311425
-0.000579892
-0.00319551
-0.000634519
-0.00328336
-0.0033812
-0.00069072
7.82783e-08
-0.0003452
-2.45627e-06
-0.000918406
-1.01808e-05
-0.00139346
-2.44223e-05
-0.00176764
-4.54522e-05
-0.00204759
-7.26786e-05
-0.00224797
-0.000105024
-0.00238773
-0.000141296
-0.00248611
-0.000180455
-0.00255959
-0.000221736
-0.00262041
-0.000264665
-0.00267658
-0.000308999
-0.00273272
-0.000354649
-0.00279116
-0.000401614
-0.00285301
-0.000449947
-0.00291872
-0.000499743
-0.00298855
-0.000551169
-0.00306282
-0.000604601
-0.00314208
-0.000660663
-0.00322729
-0.00332328
-0.000718585
-3.55645e-07
-0.000344844
-4.07021e-06
-0.000914691
-1.33777e-05
-0.00138416
-2.94146e-05
-0.0017516
-5.22741e-05
-0.00202473
-8.12504e-05
-0.00221899
-0.000115215
-0.00235376
-0.000152973
-0.00244835
-0.000193509
-0.00251905
-0.000236092
-0.00257783
-0.000280282
-0.00263239
-0.00032586
-0.00268714
-0.000372751
-0.00274427
-0.000420964
-0.0028048
-0.000470551
-0.00286913
-0.000521594
-0.0029375
-0.000574231
-0.00301018
-0.000628851
-0.00308746
-0.000686261
-0.00316988
-0.00326362
-0.000745917
-8.0216e-07
-0.000344042
-5.67151e-06
-0.000909822
-1.65397e-05
-0.00137329
-3.43347e-05
-0.0017338
-5.89783e-05
-0.00200009
-8.96563e-05
-0.00218831
-0.000125194
-0.00231822
-0.000164398
-0.00240914
-0.000206275
-0.00247717
-0.000250133
-0.00253397
-0.000295559
-0.00258697
-0.000342358
-0.00264034
-0.00039047
-0.00269616
-0.000439913
-0.00275535
-0.000490742
-0.00281831
-0.000543028
-0.00288522
-0.000596892
-0.00295632
-0.000652709
-0.00303164
-0.000711237
-0.00311136
-0.00320223
-0.00077263
-1.26479e-06
-0.000342777
-7.26122e-06
-0.000903826
-1.96631e-05
-0.00136089
-3.9178e-05
-0.00171429
-6.55597e-05
-0.0019737
-9.78918e-05
-0.00215598
-0.000134958
-0.00228116
-0.000175567
-0.00236854
-0.000218753
-0.00243399
-0.000263855
-0.00248887
-0.000310493
-0.00254033
-0.00035849
-0.00259234
-0.000407802
-0.00264685
-0.000458455
-0.0027047
-0.000510509
-0.00276625
-0.000564035
-0.00283169
-0.000619159
-0.00290119
-0.000676229
-0.00297458
-0.00073607
-0.00305152
-0.00314015
-0.000798152
-1.7273e-06
-0.00034105
-8.83237e-06
-0.000896721
-2.2739e-05
-0.00134698
-4.39341e-05
-0.00169309
-7.20077e-05
-0.00194563
-0.000105946
-0.00212204
-0.000144497
-0.00224261
-0.000186471
-0.00232656
-0.000230933
-0.00238952
-0.000277252
-0.00244255
-0.000325075
-0.00249251
-0.000374247
-0.00254317
-0.000424736
-0.00259636
-0.000476577
-0.00265286
-0.000529834
-0.002713
-0.00058459
-0.00277694
-0.000640997
-0.00284479
-0.00069916
-0.00291641
-0.000758288
-0.00299239
-0.00307548
-0.000822949
-2.18971e-06
-0.00033886
-1.03896e-05
-0.000888521
-2.57738e-05
-0.00133159
-4.86104e-05
-0.00167026
-7.83304e-05
-0.00191591
-0.000113829
-0.00208654
-0.00015382
-0.00220262
-0.000197122
-0.00228326
-0.000242826
-0.00234382
-0.000290333
-0.00239504
-0.000339315
-0.00244353
-0.000389637
-0.00249285
-0.000441279
-0.00254471
-0.000494282
-0.00259985
-0.000548716
-0.00265856
-0.000604675
-0.00272098
-0.000662298
-0.00278716
-0.000721625
-0.00285709
-0.000782642
-0.00293137
-0.00301049
-0.000847631
-2.64827e-06
-0.000336212
-1.1927e-05
-0.000879242
-2.87592e-05
-0.00131476
-5.31971e-05
-0.00164582
-8.45179e-05
-0.00188459
-0.00012153
-0.00204953
-0.000162919
-0.00216123
-0.000207511
-0.00223867
-0.000254424
-0.00229691
-0.00030309
-0.00234638
-0.000353205
-0.00239341
-0.000404652
-0.0024414
-0.000457422
-0.00249195
-0.00051156
-0.00254572
-0.000567143
-0.00260298
-0.000624267
-0.00266385
-0.000683053
-0.00272838
-0.000743565
-0.00279657
-0.000806026
-0.00286891
-0.00294501
-0.000871507
-3.10203e-06
-0.00033311
-1.34424e-05
-0.000868902
-3.16922e-05
-0.00129651
-5.76908e-05
-0.00161982
-9.05667e-05
-0.00185171
-0.000129047
-0.00201105
-0.000171791
-0.00211848
-0.000217636
-0.00219282
-0.000265726
-0.00224882
-0.000315521
-0.00229658
-0.000366744
-0.00234219
-0.00041929
-0.00238885
-0.000473161
-0.00243807
-0.000528409
-0.00249047
-0.00058511
-0.00254628
-0.000643364
-0.0026056
-0.000703277
-0.00266846
-0.00076494
-0.00273491
-0.000828595
-0.00280526
-0.00287883
-0.000894776
-3.5503e-06
-0.00032956
-1.4934e-05
-0.000857518
-3.45698e-05
-0.00127688
-6.2088e-05
-0.0015923
-9.64736e-05
-0.00181733
-0.000136377
-0.00197115
-0.000180435
-0.00207443
-0.000227496
-0.00214576
-0.00027673
-0.00219958
-0.000327627
-0.00224568
-0.000379929
-0.00228989
-0.000433549
-0.00233523
-0.000488495
-0.00238313
-0.000544823
-0.00243414
-0.000602615
-0.00248849
-0.000661964
-0.00254625
-0.000722972
-0.00260746
-0.000785739
-0.00267214
-0.000850468
-0.00274053
-0.00281186
-0.000917441
-3.99248e-06
-0.000325567
-1.64e-05
-0.00084511
-3.73895e-05
-0.00125589
-6.63859e-05
-0.00156331
-0.000102236
-0.00178148
-0.000143518
-0.00192986
-0.000188849
-0.0020291
-0.000237089
-0.00209752
-0.000287436
-0.00214924
-0.000339404
-0.00219372
-0.000392759
-0.00223653
-0.000447426
-0.00228057
-0.000503421
-0.00232713
-0.000560803
-0.00237676
-0.000619654
-0.00242963
-0.000680067
-0.00248584
-0.000742138
-0.00254539
-0.000805966
-0.00260831
-0.000871713
-0.00267478
-0.00274404
-0.000939533
-4.42799e-06
-0.000321139
-1.78388e-05
-0.000831699
-4.01487e-05
-0.00123358
-7.05815e-05
-0.00153287
-0.000107851
-0.00174421
-0.000150468
-0.00188725
-0.00019703
-0.00198253
-0.000246414
-0.00204814
-0.000297841
-0.00209781
-0.000350853
-0.0021407
-0.000405234
-0.00218215
-0.000460921
-0.00222488
-0.000517937
-0.00227012
-0.000576346
-0.00231835
-0.000636228
-0.00236975
-0.000697675
-0.00242439
-0.000760777
-0.00248228
-0.000825631
-0.00254346
-0.000892364
-0.00260805
-0.00267533
-0.00096107
-4.85625e-06
-0.000316283
-1.92488e-05
-0.000817307
-4.28451e-05
-0.00120998
-7.46725e-05
-0.00150105
-0.000113316
-0.00170557
-0.000157224
-0.00184334
-0.000204979
-0.00193478
-0.00025547
-0.00199764
-0.000307946
-0.00204533
-0.000361973
-0.00208668
-0.000417352
-0.00212677
-0.000474033
-0.0021682
-0.000532043
-0.00221211
-0.000591451
-0.00225894
-0.000652336
-0.00230887
-0.000714787
-0.00236194
-0.000778894
-0.00241818
-0.000844744
-0.00247761
-0.000912444
-0.00254035
-0.00260572
-0.000982059
-5.27673e-06
-0.000311006
-2.06286e-05
-0.000801955
-4.54766e-05
-0.00118513
-7.86565e-05
-0.00146787
-0.00011863
-0.00166559
-0.000163785
-0.00179819
-0.000212693
-0.00188587
-0.000264257
-0.00194608
-0.000317751
-0.00199184
-0.000372763
-0.00203167
-0.000429112
-0.00207042
-0.000486759
-0.00211055
-0.000545738
-0.00215313
-0.000606116
-0.00219856
-0.000667977
-0.00224701
-0.000731405
-0.00229851
-0.000796489
-0.00235309
-0.000863311
-0.00241079
-0.000931963
-0.00247169
-0.00253518
-0.0010025
-5.6889e-06
-0.000305317
-2.19767e-05
-0.000785667
-4.80413e-05
-0.00115907
-8.25313e-05
-0.00143338
-0.00012379
-0.00162433
-0.00017015
-0.00175183
-0.000220171
-0.00183585
-0.000272774
-0.00189348
-0.000327253
-0.00193736
-0.000383221
-0.0019757
-0.000440514
-0.00201313
-0.000499101
-0.00205197
-0.00055902
-0.00209321
-0.000620343
-0.00213724
-0.000683151
-0.0021842
-0.00074753
-0.00223413
-0.000813565
-0.00228706
-0.000881336
-0.00234302
-0.000950928
-0.0024021
-0.00246372
-0.00102239
-6.09224e-06
-0.000299225
-2.32918e-05
-0.000768468
-5.05372e-05
-0.00113182
-8.6295e-05
-0.00139762
-0.000128795
-0.00158183
-0.000176317
-0.0017043
-0.000227414
-0.00178475
-0.000281019
-0.00183987
-0.000336453
-0.00188193
-0.000393349
-0.0019188
-0.000451557
-0.00195492
-0.000511056
-0.00199247
-0.000571889
-0.00203238
-0.000634129
-0.002075
-0.000697858
-0.00212047
-0.000763162
-0.00216883
-0.000830123
-0.0022201
-0.000898821
-0.00227432
-0.000969338
-0.00233159
-0.00239133
-0.00104173
-6.48628e-06
-0.000292739
-2.45729e-05
-0.000750381
-5.29627e-05
-0.00110343
-8.99458e-05
-0.00136064
-0.000133643
-0.00153814
-0.000182286
-0.00165566
-0.000234419
-0.00173262
-0.000288994
-0.0017853
-0.000345351
-0.00182557
-0.000403145
-0.00186101
-0.00046224
-0.00189583
-0.000522624
-0.00193208
-0.000584343
-0.00197066
-0.000647473
-0.00201187
-0.000712097
-0.00205585
-0.000778299
-0.00210263
-0.000846163
-0.00215223
-0.000915767
-0.00220472
-0.000987192
-0.00226016
-0.00231802
-0.0010605
-6.87055e-06
-0.000285868
-2.58186e-05
-0.000731433
-5.53162e-05
-0.00107394
-9.34821e-05
-0.00132247
-0.000138333
-0.00149328
-0.000188055
-0.00160594
-0.000241187
-0.00167949
-0.000296696
-0.00172979
-0.000353946
-0.00176832
-0.000412609
-0.00180234
-0.000472564
-0.00183587
-0.000533804
-0.00187084
-0.000596383
-0.00190808
-0.000660376
-0.00194788
-0.000725867
-0.00199035
-0.000792942
-0.00203555
-0.000861683
-0.00208349
-0.000932171
-0.00213423
-0.00100449
-0.00218784
-0.00224382
-0.00107869
-7.24462e-06
-0.000278624
-2.70279e-05
-0.00071165
-5.75963e-05
-0.00104337
-9.69023e-05
-0.00128316
-0.000142864
-0.00144732
-0.000193624
-0.00155518
-0.000247717
-0.00162539
-0.000304127
-0.00167338
-0.000362237
-0.00171021
-0.00042174
-0.00174284
-0.000482526
-0.00177509
-0.000544596
-0.00180877
-0.000608007
-0.00184467
-0.000672836
-0.00188305
-0.000739167
-0.00192402
-0.000807089
-0.00196763
-0.000876683
-0.0020139
-0.000948031
-0.00206288
-0.00102122
-0.00211466
-0.00216873
-0.00109631
-7.60807e-06
-0.000271016
-2.81999e-05
-0.000691058
-5.98015e-05
-0.00101177
-0.000100205
-0.00124276
-0.000147234
-0.00140029
-0.000198991
-0.00150342
-0.000254008
-0.00157038
-0.000311285
-0.0016161
-0.000370225
-0.00165127
-0.000430539
-0.00168253
-0.000492127
-0.0017135
-0.000554999
-0.0017459
-0.000619214
-0.00178045
-0.000684851
-0.00181741
-0.000751997
-0.00185688
-0.000820738
-0.00189889
-0.00089116
-0.00194347
-0.000963344
-0.0019907
-0.00103738
-0.00204062
-0.00209277
-0.00111333
-7.9605e-06
-0.000263055
-2.93335e-05
-0.000669685
-6.19306e-05
-0.000979169
-0.000103389
-0.0012013
-0.000151442
-0.00135224
-0.000204156
-0.00145071
-0.00026006
-0.00151447
-0.00031817
-0.00155799
-0.000377909
-0.00159153
-0.000439004
-0.00162143
-0.000501367
-0.00165113
-0.000565012
-0.00168226
-0.000630003
-0.00171546
-0.000696421
-0.00175099
-0.000764353
-0.00178895
-0.000833888
-0.00182935
-0.000905111
-0.00187225
-0.000978107
-0.0019177
-0.00105297
-0.00196576
-0.00201598
-0.00112976
-8.30154e-06
-0.000254754
-3.0428e-05
-0.000647559
-6.39824e-05
-0.000945614
-0.000106454
-0.00115883
-0.000155488
-0.00130321
-0.000209118
-0.00139708
-0.000265873
-0.00145772
-0.000324782
-0.00149908
-0.00038529
-0.00153102
-0.000447136
-0.00155959
-0.000510244
-0.00158803
-0.000574634
-0.00161787
-0.000640374
-0.00164972
-0.000707545
-0.00168382
-0.000776235
-0.00172025
-0.000846536
-0.00175905
-0.000918534
-0.00180025
-0.000992316
-0.00184392
-0.00106798
-0.0018901
-0.00193837
-0.00114559
-8.63085e-06
-0.000246123
-3.14824e-05
-0.000624707
-6.59558e-05
-0.000911141
-0.000109397
-0.00111539
-0.000159371
-0.00125323
-0.000213877
-0.00134257
-0.000271446
-0.00140015
-0.000331121
-0.00143941
-0.000392365
-0.00146978
-0.000454933
-0.00149702
-0.000518758
-0.0015242
-0.000583865
-0.00155276
-0.000650324
-0.00158326
-0.00071822
-0.00161593
-0.000787641
-0.00165083
-0.00085868
-0.00168802
-0.000931426
-0.00172751
-0.00100597
-0.00176938
-0.0010824
-0.00181367
-0.00185997
-0.0011608
-8.94809e-06
-0.000237175
-3.2496e-05
-0.000601159
-6.78499e-05
-0.000875787
-0.000112218
-0.00107102
-0.000163089
-0.00120236
-0.000218433
-0.00128723
-0.000276779
-0.0013418
-0.000337187
-0.001379
-0.000399136
-0.00140783
-0.000462396
-0.00143376
-0.000526908
-0.00145969
-0.000592703
-0.00148696
-0.000659854
-0.00151611
-0.000728445
-0.00154734
-0.000798569
-0.00158071
-0.000870318
-0.00161627
-0.000943783
-0.00165404
-0.00101906
-0.0016941
-0.00109624
-0.00173649
-0.00178081
-0.0011754
-9.25294e-06
-0.000227922
-3.34681e-05
-0.000576944
-6.96636e-05
-0.000839592
-0.000114917
-0.00102577
-0.000166643
-0.00115063
-0.000222784
-0.00123109
-0.000281871
-0.00128271
-0.000342979
-0.00131789
-0.000405603
-0.00134521
-0.000469524
-0.00136984
-0.000534694
-0.00139452
-0.000601148
-0.00142051
-0.000668961
-0.0014483
-0.000738219
-0.00147808
-0.000809017
-0.00150991
-0.000881447
-0.00154384
-0.000955603
-0.00157988
-0.00103158
-0.00161813
-0.00110947
-0.00165859
-0.00170091
-0.00118937
-9.54512e-06
-0.000218377
-3.4398e-05
-0.000552091
-7.13961e-05
-0.000802594
-0.000117492
-0.000979671
-0.000170031
-0.0010981
-0.00022693
-0.00117419
-0.000286723
-0.00122292
-0.000348497
-0.00125612
-0.000411764
-0.00128194
-0.000476317
-0.00130528
-0.000542115
-0.00132872
-0.000609199
-0.00135342
-0.000677644
-0.00137985
-0.000747541
-0.00140818
-0.000818983
-0.00143847
-0.000892065
-0.00147075
-0.000966883
-0.00150507
-0.00104353
-0.00154148
-0.00112212
-0.00158001
-0.00162031
-0.00120271
-9.82433e-06
-0.000208552
-3.52851e-05
-0.00052663
-7.30466e-05
-0.000764832
-0.000119942
-0.000932776
-0.000173253
-0.00104478
-0.000230871
-0.00111657
-0.000291334
-0.00116246
-0.000353741
-0.00119371
-0.000417619
-0.00121806
-0.000482774
-0.00124013
-0.00054917
-0.00126233
-0.000616854
-0.00128574
-0.000685903
-0.00131081
-0.000756408
-0.00133768
-0.000828465
-0.00136641
-0.000902169
-0.00139705
-0.000977619
-0.00142962
-0.00105491
-0.00146418
-0.00113415
-0.00150077
-0.00153904
-0.00121542
-1.00903e-05
-0.000198462
-3.61288e-05
-0.000500592
-7.46143e-05
-0.000726347
-0.000122268
-0.000885122
-0.000176308
-0.000990745
-0.000234607
-0.00105827
-0.000295704
-0.00110136
-0.000358711
-0.00113071
-0.000423169
-0.0011536
-0.000488894
-0.0011744
-0.000555859
-0.00119536
-0.000624113
-0.00121749
-0.000693735
-0.00124118
-0.000764819
-0.00126659
-0.00083746
-0.00129377
-0.000911758
-0.00132275
-0.000987809
-0.00135357
-0.00106571
-0.00138628
-0.00114558
-0.00142091
-0.00145713
-0.00122749
-1.03429e-05
-0.000188119
-3.69285e-05
-0.000474006
-7.60985e-05
-0.000687177
-0.000124467
-0.000836754
-0.000179196
-0.000936016
-0.000238137
-0.000999331
-0.000299832
-0.00103967
-0.000363406
-0.00106713
-0.000428412
-0.0010886
-0.000494678
-0.00110814
-0.000562181
-0.00112786
-0.000630975
-0.00114869
-0.00070114
-0.00117102
-0.000772772
-0.00119496
-0.000845968
-0.00122057
-0.000920827
-0.00124789
-0.000997449
-0.00127694
-0.00107594
-0.00130779
-0.0011564
-0.00134045
-0.00137461
-0.00123891
-1.05817e-05
-0.000177537
-3.76837e-05
-0.000446904
-7.74986e-05
-0.000647362
-0.00012654
-0.000787712
-0.000181916
-0.000880639
-0.000241461
-0.000939786
-0.000303719
-0.000977408
-0.000367826
-0.00100302
-0.00043335
-0.00102307
-0.000500124
-0.00104136
-0.000568136
-0.00105985
-0.000637438
-0.00107939
-0.000708117
-0.00110034
-0.000780267
-0.00112281
-0.000853986
-0.00114686
-0.000929376
-0.0011725
-0.00100654
-0.00119978
-0.00108557
-0.00122875
-0.00116659
-0.00125943
-0.00129152
-0.00124969
-1.08066e-05
-0.000166731
-3.83939e-05
-0.000419317
-7.8814e-05
-0.000606942
-0.000128486
-0.00073804
-0.000184469
-0.000824657
-0.000244579
-0.000879676
-0.000307364
-0.000914623
-0.000371972
-0.000938416
-0.00043798
-0.000957066
-0.000505233
-0.00097411
-0.000573722
-0.000991358
-0.000643503
-0.00100961
-0.000714664
-0.00102918
-0.0007873
-0.00105017
-0.000861512
-0.00107264
-0.000937401
-0.00109661
-0.00101507
-0.00112211
-0.00109462
-0.0011492
-0.00117617
-0.00117788
-0.00120789
-0.00125981
-1.10174e-05
-0.000155713
-3.90587e-05
-0.000391276
-8.00441e-05
-0.000565956
-0.000130305
-0.00068778
-0.000186853
-0.000768109
-0.00024749
-0.000819038
-0.000310767
-0.000851346
-0.000375842
-0.000873341
-0.000442303
-0.000890605
-0.000510004
-0.00090641
-0.000578938
-0.000922423
-0.000649168
-0.000939381
-0.00072078
-0.000957566
-0.000793872
-0.000977082
-0.000868545
-0.00099797
-0.000944902
-0.00102026
-0.00102305
-0.00104397
-0.00110309
-0.00106916
-0.00118513
-0.00109584
-0.00112375
-0.00126927
-1.1214e-05
-0.000144499
-3.96777e-05
-0.000362812
-8.11883e-05
-0.000524446
-0.000131995
-0.000636973
-0.000189068
-0.000711036
-0.000250194
-0.000757912
-0.000313927
-0.000787613
-0.000379437
-0.000807832
-0.000446319
-0.000823722
-0.000514436
-0.000838293
-0.000583786
-0.000853073
-0.000654432
-0.000868734
-0.000726464
-0.000885534
-0.00079998
-0.000903566
-0.000875083
-0.000922868
-0.000951875
-0.000943464
-0.00103046
-0.000965382
-0.00111095
-0.000988671
-0.00119346
-0.00101333
-0.00103914
-0.00127807
-1.1396e-05
-0.000133103
-4.02505e-05
-0.000333957
-8.22464e-05
-0.00048245
-0.000133557
-0.000585662
-0.000191114
-0.00065348
-0.000252691
-0.000696335
-0.000316846
-0.000723458
-0.000382756
-0.000741922
-0.000450028
-0.00075645
-0.000518529
-0.000769792
-0.000588262
-0.00078334
-0.000659294
-0.000797702
-0.000731715
-0.000813113
-0.000805624
-0.000829657
-0.000881124
-0.000847368
-0.000958319
-0.000866269
-0.00103732
-0.000886385
-0.00111823
-0.000907762
-0.00120116
-0.000930398
-0.000954092
-0.00128621
-1.15634e-05
-0.00012154
-4.07767e-05
-0.000304744
-8.32177e-05
-0.000440009
-0.000134991
-0.000533889
-0.00019299
-0.00059548
-0.000254981
-0.000634344
-0.000319522
-0.000658917
-0.000385799
-0.000675645
-0.000453428
-0.000688821
-0.000522282
-0.000700938
-0.000592368
-0.000713254
-0.000663755
-0.000726316
-0.000736532
-0.000740336
-0.000810802
-0.000755387
-0.000886667
-0.000771503
-0.000964233
-0.000788703
-0.00104361
-0.000807011
-0.0011249
-0.000826469
-0.00120822
-0.000847074
-0.000868642
-0.00129367
-1.17161e-05
-0.000109824
-4.12561e-05
-0.000275204
-8.41019e-05
-0.000397163
-0.000136295
-0.000481696
-0.000194697
-0.000537078
-0.000257063
-0.000571978
-0.000321955
-0.000594025
-0.000388566
-0.000609033
-0.00045652
-0.000620867
-0.000525696
-0.000631763
-0.000596103
-0.000642846
-0.000667812
-0.000654607
-0.000740915
-0.000667233
-0.000815513
-0.000680789
-0.00089171
-0.000695305
-0.000969614
-0.0007108
-0.00104933
-0.000727294
-0.00113097
-0.000744825
-0.00121466
-0.000763391
-0.000782827
-0.00130047
-1.18539e-05
-9.79699e-05
-4.16884e-05
-0.00024537
-8.48987e-05
-0.000353953
-0.000137469
-0.000429126
-0.000196234
-0.000478314
-0.000258937
-0.000509275
-0.000324145
-0.000528817
-0.000391057
-0.000542121
-0.000459304
-0.00055262
-0.000528769
-0.000562298
-0.000599465
-0.00057215
-0.000671465
-0.000582608
-0.000744861
-0.000593837
-0.000819755
-0.000605895
-0.000896253
-0.000618808
-0.000974461
-0.000632592
-0.00105449
-0.000647267
-0.00113645
-0.000662866
-0.00122045
-0.000679386
-0.000696681
-0.0013066
-1.19766e-05
-8.59933e-05
-4.20732e-05
-0.000215273
-8.56077e-05
-0.000310418
-0.000138514
-0.000376219
-0.0001976
-0.000419228
-0.000260604
-0.000446271
-0.000326092
-0.000463329
-0.000393272
-0.000474941
-0.000461779
-0.000484113
-0.000531502
-0.000492575
-0.000602456
-0.000501196
-0.000674714
-0.00051035
-0.000748371
-0.00052018
-0.000823529
-0.000530737
-0.000900294
-0.000542043
-0.000978773
-0.000554113
-0.00105908
-0.000566964
-0.00114132
-0.000580626
-0.00122561
-0.000595094
-0.000610241
-0.00131205
-1.20843e-05
-7.3909e-05
-4.24104e-05
-0.000184947
-8.62287e-05
-0.0002666
-0.000139429
-0.000323019
-0.000198796
-0.00035986
-0.000262062
-0.000383005
-0.000327796
-0.000397595
-0.00039521
-0.000407528
-0.000463945
-0.000415378
-0.000533893
-0.000422627
-0.000605073
-0.000430016
-0.000677558
-0.000437864
-0.000751444
-0.000446294
-0.000826833
-0.000455347
-0.000903832
-0.000465044
-0.000982548
-0.000475396
-0.00106309
-0.000486419
-0.00114558
-0.000498138
-0.00123012
-0.00051055
-0.000523544
-0.00131682
-1.21767e-05
-6.17324e-05
-4.26999e-05
-0.000154424
-8.67614e-05
-0.000222539
-0.000140213
-0.000269567
-0.000199822
-0.000300252
-0.000263313
-0.000319514
-0.000329257
-0.000331651
-0.000396872
-0.000339913
-0.000465802
-0.000346447
-0.000535944
-0.000352485
-0.000607317
-0.000358643
-0.000679997
-0.000365185
-0.000754079
-0.000372212
-0.000829666
-0.00037976
-0.000906866
-0.000387844
-0.000985787
-0.000396476
-0.00106654
-0.000405667
-0.00114924
-0.00041544
-0.001234
-0.000425789
-0.000436625
-0.00132092
-1.22538e-05
-4.94786e-05
-4.29413e-05
-0.000123736
-8.72056e-05
-0.000178274
-0.000140867
-0.000215905
-0.000200677
-0.000240442
-0.000264355
-0.000255836
-0.000330475
-0.000265531
-0.000398256
-0.000272131
-0.00046735
-0.000277353
-0.000537653
-0.000282182
-0.000609188
-0.000287108
-0.00068203
-0.000292343
-0.000756275
-0.000297966
-0.000832028
-0.000304007
-0.000909396
-0.000310477
-0.000988486
-0.000317385
-0.00106941
-0.000324742
-0.00115229
-0.000332564
-0.00123723
-0.000340848
-0.000349522
-0.00132433
-1.23156e-05
-3.7163e-05
-4.31346e-05
-9.29172e-05
-8.75612e-05
-0.000133848
-0.000141391
-0.000162076
-0.000201361
-0.000180472
-0.000265189
-0.000192008
-0.000331449
-0.000199271
-0.000399364
-0.000204216
-0.000468588
-0.000208129
-0.000539021
-0.00021175
-0.000610685
-0.000215444
-0.000683656
-0.000219371
-0.000758033
-0.00022359
-0.000833919
-0.000228121
-0.00091142
-0.000232975
-0.000990647
-0.000238159
-0.00107171
-0.000243678
-0.00115473
-0.000249547
-0.00123981
-0.000255763
-0.000262271
-0.00132706
-1.2362e-05
-2.4801e-05
-4.32796e-05
-6.19995e-05
-8.7828e-05
-8.92992e-05
-0.000141783
-0.00010812
-0.000201874
-0.000120382
-0.000265814
-0.000128068
-0.000332179
-0.000132906
-0.000400195
-0.0001362
-0.000469517
-0.000138807
-0.000540047
-0.00014122
-0.000611807
-0.000143684
-0.000684877
-0.000146302
-0.000759352
-0.000149115
-0.000835337
-0.000152136
-0.000912939
-0.000155373
-0.000992268
-0.000158829
-0.00107344
-0.00016251
-0.00115656
-0.000166424
-0.00124175
-0.000170569
-0.00017491
-0.00132911
-1.23929e-05
-1.24081e-05
-4.33764e-05
-3.1016e-05
-8.80059e-05
-4.46697e-05
-0.000142045
-5.4081e-05
-0.000202216
-6.02109e-05
-0.000266231
-6.40526e-05
-0.000332666
-6.64705e-05
-0.000400749
-6.81167e-05
-0.000470137
-6.94201e-05
-0.000540731
-7.06266e-05
-0.000612556
-7.18582e-05
-0.00068569
-7.31674e-05
-0.000760231
-7.45739e-05
-0.000836282
-7.6085e-05
-0.000913952
-7.77037e-05
-0.000993349
-7.94321e-05
-0.00107459
-8.12728e-05
-0.00115778
-8.32302e-05
-0.00124305
-8.53032e-05
-8.74738e-05
-0.00133048
-1.24083e-05
1.94637e-10
-4.34247e-05
3.35435e-10
-8.80948e-05
3.22566e-10
-0.000142176
2.27603e-10
-0.000202387
1.04485e-10
-0.00026644
-1.34986e-11
-0.00033291
-1.12446e-10
-0.000401026
-1.92181e-10
-0.000470446
-2.59036e-10
-0.000541073
-3.20117e-10
-0.00061293
-3.80309e-10
-0.000686097
-4.4207e-10
-0.000760671
-5.07106e-10
-0.000836755
-5.75413e-10
-0.000914458
-6.46537e-10
-0.00099389
-7.20024e-10
-0.00107516
-7.95365e-10
-0.00115839
-8.71964e-10
-0.00124369
-9.49492e-10
-1.02853e-09
-0.00133117
-1.24083e-05
1.24085e-05
-4.34247e-05
3.10167e-05
-8.80948e-05
4.46704e-05
-0.000142176
5.40814e-05
-0.000202387
6.02111e-05
-0.00026644
6.40526e-05
-0.00033291
6.64703e-05
-0.000401026
6.81163e-05
-0.000470446
6.94196e-05
-0.000541073
7.06259e-05
-0.00061293
7.18574e-05
-0.000686097
7.31665e-05
-0.000760671
7.45729e-05
-0.000836755
7.60839e-05
-0.000914458
7.77024e-05
-0.00099389
7.94307e-05
-0.00107516
8.12712e-05
-0.00115839
8.32284e-05
-0.00124369
8.53013e-05
8.74718e-05
-0.00133117
-1.23929e-05
2.48014e-05
-4.33764e-05
6.20002e-05
-8.80059e-05
8.92999e-05
-0.000142045
0.000108121
-0.000202216
0.000120382
-0.000266231
0.000128068
-0.000332666
0.000132906
-0.000400749
0.000136199
-0.000470137
0.000138807
-0.000540731
0.00014122
-0.000612556
0.000143683
-0.00068569
0.000146301
-0.000760231
0.000149114
-0.000836282
0.000152135
-0.000913952
0.000155372
-0.000993349
0.000158828
-0.00107459
0.000162508
-0.00115778
0.000166422
-0.00124305
0.000170567
0.000174908
-0.00133048
-1.2362e-05
3.71634e-05
-4.32796e-05
9.29179e-05
-8.7828e-05
0.000133848
-0.000141783
0.000162076
-0.000201874
0.000180473
-0.000265814
0.000192008
-0.000332179
0.000199271
-0.000400195
0.000204215
-0.000469517
0.000208129
-0.000540047
0.000211749
-0.000611808
0.000215444
-0.000684877
0.00021937
-0.000759352
0.000223589
-0.000835337
0.00022812
-0.000912939
0.000232974
-0.000992268
0.000238157
-0.00107344
0.000243676
-0.00115656
0.000249545
-0.00124175
0.000255761
0.000262269
-0.00132911
-1.23156e-05
4.9479e-05
-4.31346e-05
0.000123737
-8.75612e-05
0.000178275
-0.000141391
0.000215906
-0.000201361
0.000240443
-0.000265189
0.000255836
-0.000331449
0.000265531
-0.000399365
0.000272131
-0.000468589
0.000277353
-0.000539021
0.000282181
-0.000610685
0.000287107
-0.000683657
0.000292342
-0.000758033
0.000297965
-0.000833919
0.000304006
-0.00091142
0.000310476
-0.000990647
0.000317384
-0.00107171
0.00032474
-0.00115473
0.000332562
-0.00123981
0.000340846
0.00034952
-0.00132706
-1.22538e-05
6.17328e-05
-4.29413e-05
0.000154424
-8.72056e-05
0.000222539
-0.000140867
0.000269567
-0.000200677
0.000300252
-0.000264355
0.000319514
-0.000330475
0.00033165
-0.000398257
0.000339913
-0.00046735
0.000346447
-0.000537653
0.000352485
-0.000609188
0.000358642
-0.00068203
0.000365184
-0.000756276
0.000372211
-0.000832029
0.000379759
-0.000909396
0.000387843
-0.000988487
0.000396475
-0.00106941
0.000405665
-0.00115229
0.000415438
-0.00123723
0.000425787
0.000436623
-0.00132433
-1.21767e-05
7.39094e-05
-4.26999e-05
0.000184948
-8.67614e-05
0.000266601
-0.000140213
0.000323019
-0.000199822
0.000359861
-0.000263313
0.000383005
-0.000329257
0.000397595
-0.000396872
0.000407527
-0.000465802
0.000415377
-0.000535944
0.000422626
-0.000607317
0.000430015
-0.000679997
0.000437864
-0.000754079
0.000446293
-0.000829667
0.000455346
-0.000906866
0.000465043
-0.000985787
0.000475395
-0.00106654
0.000486417
-0.00114924
0.000498137
-0.001234
0.000510548
0.000523542
-0.00132092
-1.20843e-05
8.59937e-05
-4.24105e-05
0.000215274
-8.62287e-05
0.000310419
-0.000139429
0.00037622
-0.000198796
0.000419228
-0.000262063
0.000446271
-0.000327796
0.000463329
-0.00039521
0.000474941
-0.000463945
0.000484112
-0.000533894
0.000492575
-0.000605073
0.000501195
-0.000677558
0.000510349
-0.000751444
0.000520179
-0.000826833
0.000530735
-0.000903832
0.000542042
-0.000982549
0.000554112
-0.00106309
0.000566962
-0.00114558
0.000580624
-0.00123012
0.000595092
0.000610239
-0.00131682
-1.19766e-05
9.79703e-05
-4.20733e-05
0.00024537
-8.56077e-05
0.000353953
-0.000138514
0.000429126
-0.0001976
0.000478314
-0.000260604
0.000509275
-0.000326092
0.000528817
-0.000393272
0.000542121
-0.000461779
0.000552619
-0.000531502
0.000562297
-0.000602456
0.000572149
-0.000674714
0.000582607
-0.000748371
0.000593836
-0.000823529
0.000605894
-0.000900294
0.000618806
-0.000978773
0.000632591
-0.00105908
0.000647265
-0.00114132
0.000662864
-0.00122561
0.000679384
0.000696679
-0.00131205
-1.18539e-05
0.000109824
-4.16884e-05
0.000275205
-8.48987e-05
0.000397164
-0.000137469
0.000481697
-0.000196234
0.000537079
-0.000258937
0.000571978
-0.000324145
0.000594025
-0.000391057
0.000609033
-0.000459304
0.000620866
-0.000528769
0.000631762
-0.000599466
0.000642846
-0.000671465
0.000654607
-0.000744861
0.000667232
-0.000819756
0.000680788
-0.000896253
0.000695304
-0.000974461
0.000710798
-0.00105449
0.000727292
-0.00113645
0.000744824
-0.00122045
0.000763389
0.000782825
-0.0013066
-1.17161e-05
0.00012154
-4.12562e-05
0.000304745
-8.4102e-05
0.00044001
-0.000136295
0.00053389
-0.000194697
0.000595481
-0.000257063
0.000634344
-0.000321955
0.000658917
-0.000388566
0.000675644
-0.000456521
0.00068882
-0.000525696
0.000700938
-0.000596103
0.000713253
-0.000667812
0.000726315
-0.000740915
0.000740335
-0.000815513
0.000755386
-0.000891711
0.000771502
-0.000969614
0.000788702
-0.00104933
0.000807009
-0.00113097
0.000826467
-0.00121466
0.000847072
0.00086864
-0.00130047
-1.15635e-05
0.000133104
-4.07768e-05
0.000333958
-8.32178e-05
0.000482451
-0.000134991
0.000585663
-0.00019299
0.00065348
-0.000254981
0.000696335
-0.000319522
0.000723458
-0.000385799
0.000741922
-0.000453428
0.00075645
-0.000522282
0.000769792
-0.000592369
0.000783339
-0.000663755
0.000797702
-0.000736533
0.000813112
-0.000810802
0.000829656
-0.000886667
0.000847367
-0.000964233
0.000866268
-0.00104361
0.000886383
-0.0011249
0.00090776
-0.00120822
0.000930396
0.00095409
-0.00129367
-1.1396e-05
0.0001445
-4.02505e-05
0.000362813
-8.22465e-05
0.000524447
-0.000133557
0.000636974
-0.000191114
0.000711037
-0.000252691
0.000757912
-0.000316846
0.000787613
-0.000382756
0.000807832
-0.000450028
0.000823722
-0.000518529
0.000838293
-0.000588263
0.000853073
-0.000659295
0.000868734
-0.000731716
0.000885533
-0.000805625
0.000903565
-0.000881124
0.000922867
-0.00095832
0.000943463
-0.00103732
0.000965381
-0.00111823
0.000988669
-0.00120116
0.00101333
0.00103914
-0.00128621
-1.1214e-05
0.000155714
-3.96778e-05
0.000391277
-8.11885e-05
0.000565957
-0.000131995
0.000687781
-0.000189068
0.000768109
-0.000250194
0.000819039
-0.000313928
0.000851347
-0.000379437
0.000873341
-0.00044632
0.000890604
-0.000514436
0.000906409
-0.000583786
0.000922423
-0.000654432
0.00093938
-0.000726465
0.000957565
-0.000799981
0.000977081
-0.000875083
0.000997969
-0.000951876
0.00102026
-0.00103046
0.00104397
-0.00111095
0.00106916
-0.00119346
0.00109583
0.00112375
-0.00127807
-1.10175e-05
0.000166731
-3.90588e-05
0.000419318
-8.00442e-05
0.000606943
-0.000130305
0.000738041
-0.000186853
0.000824657
-0.00024749
0.000879676
-0.000310767
0.000914623
-0.000375842
0.000938416
-0.000442304
0.000957066
-0.000510004
0.00097411
-0.000578939
0.000991357
-0.000649168
0.00100961
-0.000720781
0.00102918
-0.000793873
0.00105017
-0.000868546
0.00107264
-0.000944903
0.00109661
-0.00102305
0.00112211
-0.00110309
0.0011492
-0.00118513
0.00117788
0.00120789
-0.00126927
-1.08066e-05
0.000177538
-3.8394e-05
0.000446905
-7.88141e-05
0.000647363
-0.000128486
0.000787713
-0.000184469
0.00088064
-0.000244579
0.000939786
-0.000307364
0.000977409
-0.000371972
0.00100302
-0.00043798
0.00102307
-0.000505234
0.00104136
-0.000573722
0.00105985
-0.000643504
0.00107939
-0.000714664
0.00110034
-0.000787301
0.00112281
-0.000861513
0.00114685
-0.000937402
0.0011725
-0.00101507
0.00119978
-0.00109463
0.00122875
-0.00117617
0.00125943
0.00129152
-0.00125981
-1.05817e-05
0.00018812
-3.76837e-05
0.000474007
-7.74988e-05
0.000687178
-0.00012654
0.000836755
-0.000181917
0.000936016
-0.000241462
0.000999331
-0.000303719
0.00103967
-0.000367827
0.00106713
-0.00043335
0.0010886
-0.000500125
0.00110814
-0.000568136
0.00112786
-0.000637439
0.00114869
-0.000708118
0.00117102
-0.000780267
0.00119496
-0.000853987
0.00122057
-0.000929377
0.00124789
-0.00100654
0.00127694
-0.00108557
0.00130779
-0.0011666
0.00134045
0.00137461
-0.00124969
-1.03429e-05
0.000198463
-3.69286e-05
0.000500593
-7.60987e-05
0.000726348
-0.000124467
0.000885123
-0.000179196
0.000990745
-0.000238138
0.00105827
-0.000299833
0.00110136
-0.000363407
0.00113071
-0.000428413
0.0011536
-0.000494679
0.0011744
-0.000562182
0.00119536
-0.000630975
0.00121749
-0.000701141
0.00124118
-0.000772773
0.00126659
-0.000845969
0.00129377
-0.000920828
0.00132275
-0.00099745
0.00135356
-0.00107594
0.00138628
-0.0011564
0.0014209
0.00145713
-0.00123891
-1.00904e-05
0.000208553
-3.61289e-05
0.000526631
-7.46145e-05
0.000764834
-0.000122268
0.000932777
-0.000176308
0.00104479
-0.000234608
0.00111657
-0.000295704
0.00116246
-0.000358711
0.00119371
-0.000423169
0.00121806
-0.000488895
0.00124013
-0.00055586
0.00126233
-0.000624114
0.00128574
-0.000693736
0.00131081
-0.00076482
0.00133768
-0.000837461
0.00136641
-0.000911758
0.00139705
-0.00098781
0.00142962
-0.00106572
0.00146418
-0.00114558
0.00150077
0.00153904
-0.00122749
-9.82436e-06
0.000218377
-3.52852e-05
0.000552092
-7.30468e-05
0.000802595
-0.000119942
0.000979672
-0.000173253
0.0010981
-0.000230872
0.00117419
-0.000291335
0.00122292
-0.000353742
0.00125612
-0.00041762
0.00128194
-0.000482774
0.00130528
-0.000549171
0.00132872
-0.000616855
0.00135342
-0.000685903
0.00137985
-0.000756409
0.00140818
-0.000828465
0.00143847
-0.00090217
0.00147075
-0.00097762
0.00150507
-0.00105491
0.00154148
-0.00113415
0.00158001
0.00162031
-0.00121542
-9.54515e-06
0.000227922
-3.43981e-05
0.000576945
-7.13963e-05
0.000839593
-0.000117492
0.00102577
-0.000170031
0.00115064
-0.00022693
0.00123109
-0.000286724
0.00128271
-0.000348498
0.00131789
-0.000411764
0.00134521
-0.000476318
0.00136984
-0.000542116
0.00139452
-0.000609199
0.00142051
-0.000677645
0.0014483
-0.000747542
0.00147808
-0.000818984
0.00150991
-0.000892066
0.00154384
-0.000966884
0.00157988
-0.00104353
0.00161813
-0.00112212
0.00165859
0.00170091
-0.00120271
-9.25297e-06
0.000237175
-3.34682e-05
0.000601161
-6.96638e-05
0.000875789
-0.000114917
0.00107102
-0.000166643
0.00120236
-0.000222784
0.00128723
-0.000281872
0.0013418
-0.00034298
0.001379
-0.000405603
0.00140783
-0.000469525
0.00143376
-0.000534695
0.00145969
-0.000601149
0.00148696
-0.000668962
0.00151611
-0.00073822
0.00154734
-0.000809018
0.00158071
-0.000881448
0.00161627
-0.000955605
0.00165404
-0.00103158
0.0016941
-0.00110948
0.00173649
0.0017808
-0.00118937
-8.94813e-06
0.000246124
-3.24961e-05
0.000624709
-6.78501e-05
0.000911143
-0.000112219
0.00111539
-0.00016309
0.00125323
-0.000218433
0.00134257
-0.00027678
0.00140015
-0.000337188
0.00143941
-0.000399137
0.00146978
-0.000462397
0.00149702
-0.000526909
0.0015242
-0.000592704
0.00155276
-0.000659855
0.00158326
-0.000728446
0.00161593
-0.00079857
0.00165083
-0.000870319
0.00168801
-0.000943784
0.00172751
-0.00101906
0.00176937
-0.00109624
0.00181367
0.00185997
-0.0011754
-8.63089e-06
0.000254754
-3.14825e-05
0.00064756
-6.5956e-05
0.000945616
-0.000109397
0.00115883
-0.000159371
0.00130321
-0.000213878
0.00139708
-0.000271447
0.00145772
-0.000331122
0.00149909
-0.000392366
0.00153102
-0.000454934
0.00155959
-0.000518759
0.00158803
-0.000583866
0.00161786
-0.000650325
0.00164972
-0.000718221
0.00168382
-0.000787642
0.00172025
-0.000858681
0.00175905
-0.000931427
0.00180025
-0.00100597
0.00184392
-0.0010824
0.0018901
0.00193837
-0.0011608
-8.30158e-06
0.000263056
-3.04281e-05
0.000669687
-6.39826e-05
0.000979171
-0.000106454
0.0012013
-0.000155489
0.00135224
-0.000209119
0.00145071
-0.000265874
0.00151447
-0.000324783
0.00155799
-0.00038529
0.00159153
-0.000447137
0.00162143
-0.000510245
0.00165113
-0.000574636
0.00168226
-0.000640375
0.00171546
-0.000707546
0.00175099
-0.000776237
0.00178894
-0.000846537
0.00182935
-0.000918535
0.00187225
-0.000992318
0.0019177
-0.00106798
0.00196576
0.00201598
-0.00114559
-7.96054e-06
0.000271017
-2.93336e-05
0.00069106
-6.19308e-05
0.00101177
-0.00010339
0.00124276
-0.000151443
0.0014003
-0.000204156
0.00150342
-0.000260061
0.00157038
-0.000318171
0.0016161
-0.00037791
0.00165127
-0.000439005
0.00168253
-0.000501368
0.0017135
-0.000565013
0.0017459
-0.000630004
0.00178045
-0.000696422
0.00181741
-0.000764354
0.00185688
-0.000833889
0.00189889
-0.000905112
0.00194347
-0.000978109
0.0019907
-0.00105297
0.00204062
0.00209277
-0.00112976
-7.60811e-06
0.000278625
-2.82e-05
0.000711652
-5.98017e-05
0.00104337
-0.000100206
0.00128317
-0.000147235
0.00144732
-0.000198991
0.00155518
-0.000254009
0.00162539
-0.000311285
0.00167338
-0.000370226
0.00171021
-0.00043054
0.00174284
-0.000492128
0.00177509
-0.000555
0.00180877
-0.000619215
0.00184467
-0.000684852
0.00188305
-0.000751998
0.00192402
-0.000820739
0.00196763
-0.000891161
0.00201389
-0.000963346
0.00206288
-0.00103738
0.00211465
0.00216873
-0.00111333
-7.24466e-06
0.000285869
-2.7028e-05
0.000731435
-5.75965e-05
0.00107394
-9.69028e-05
0.00132247
-0.000142865
0.00149329
-0.000193624
0.00160594
-0.000247718
0.00167949
-0.000304127
0.00172979
-0.000362238
0.00176832
-0.000421741
0.00180234
-0.000482527
0.00183587
-0.000544598
0.00187084
-0.000608008
0.00190808
-0.000672837
0.00194788
-0.000739169
0.00199035
-0.00080709
0.00203555
-0.000876685
0.00208349
-0.000948033
0.00213423
-0.00102122
0.00218784
0.00224382
-0.00109631
-6.8706e-06
0.00029274
-2.58187e-05
0.000750383
-5.53165e-05
0.00110344
-9.34826e-05
0.00136064
-0.000138334
0.00153814
-0.000188056
0.00165566
-0.000241188
0.00173262
-0.000296697
0.0017853
-0.000353947
0.00182557
-0.00041261
0.00186101
-0.000472565
0.00189583
-0.000533806
0.00193208
-0.000596384
0.00197066
-0.000660377
0.00201187
-0.000725869
0.00205584
-0.000792943
0.00210263
-0.000861685
0.00215223
-0.000932172
0.00220472
-0.00100449
0.00226016
0.00231802
-0.00107869
-6.48633e-06
0.000299226
-2.4573e-05
0.00076847
-5.2963e-05
0.00113183
-8.99463e-05
0.00139762
-0.000133644
0.00158184
-0.000182287
0.0017043
-0.00023442
0.00178475
-0.000288994
0.00183987
-0.000345352
0.00188193
-0.000403146
0.0019188
-0.000462242
0.00195492
-0.000522625
0.00199247
-0.000584345
0.00203238
-0.000647475
0.002075
-0.000712098
0.00212047
-0.000778301
0.00216883
-0.000846165
0.00222009
-0.000915768
0.00227432
-0.000987194
0.00233158
0.00239133
-0.0010605
-6.09229e-06
0.000305319
-2.3292e-05
0.00078567
-5.05375e-05
0.00115907
-8.62955e-05
0.00143338
-0.000128796
0.00162434
-0.000176318
0.00175183
-0.000227415
0.00183585
-0.00028102
0.00189348
-0.000336454
0.00193736
-0.00039335
0.0019757
-0.000451558
0.00201313
-0.000511057
0.00205197
-0.00057189
0.00209321
-0.00063413
0.00213724
-0.000697859
0.0021842
-0.000763163
0.00223413
-0.000830125
0.00228706
-0.000898823
0.00234302
-0.00096934
0.0024021
0.00246371
-0.00104173
-5.68895e-06
0.000311007
-2.19769e-05
0.000801957
-4.80416e-05
0.00118514
-8.25318e-05
0.00146787
-0.000123791
0.00166559
-0.000170151
0.00179819
-0.000220172
0.00188587
-0.000272775
0.00194608
-0.000327254
0.00199184
-0.000383223
0.00203167
-0.000440516
0.00207042
-0.000499102
0.00211055
-0.000559022
0.00215313
-0.000620344
0.00219856
-0.000683153
0.00224701
-0.000747532
0.00229851
-0.000813567
0.00235309
-0.000881338
0.00241079
-0.00095093
0.00247169
0.00253518
-0.00102239
-5.27678e-06
0.000316284
-2.06288e-05
0.000817309
-4.54769e-05
0.00120998
-7.8657e-05
0.00150105
-0.000118631
0.00170557
-0.000163786
0.00184334
-0.000212694
0.00193478
-0.000264258
0.00199765
-0.000317752
0.00204534
-0.000372764
0.00208668
-0.000429114
0.00212677
-0.000486761
0.0021682
-0.00054574
0.00221211
-0.000606118
0.00225894
-0.000667978
0.00230887
-0.000731407
0.00236194
-0.000796491
0.00241817
-0.000863313
0.00247761
-0.000931965
0.00254035
0.00260572
-0.0010025
-4.85631e-06
0.000321141
-1.9249e-05
0.000831702
-4.28454e-05
0.00123358
-7.46731e-05
0.00153288
-0.000113317
0.00174421
-0.000157225
0.00188725
-0.00020498
0.00198253
-0.000255472
0.00204814
-0.000307948
0.00209781
-0.000361974
0.0021407
-0.000417354
0.00218215
-0.000474034
0.00222488
-0.000532045
0.00227012
-0.000591452
0.00231835
-0.000652338
0.00236975
-0.000714789
0.00242439
-0.000778896
0.00248228
-0.000844746
0.00254346
-0.000912446
0.00260805
0.00267533
-0.000982061
-4.42804e-06
0.000325569
-1.7839e-05
0.000845113
-4.0149e-05
0.00125589
-7.05821e-05
0.00156331
-0.000107852
0.00178148
-0.000150468
0.00192987
-0.000197031
0.0020291
-0.000246415
0.00209752
-0.000297843
0.00214924
-0.000350855
0.00219372
-0.000405236
0.00223653
-0.000460923
0.00228057
-0.000517939
0.00232713
-0.000576348
0.00237676
-0.00063623
0.00242963
-0.000697677
0.00248584
-0.00076078
0.00254538
-0.000825633
0.00260831
-0.000892366
0.00267478
0.00274404
-0.000961072
-3.99254e-06
0.000329561
-1.64002e-05
0.000857521
-3.73899e-05
0.00127688
-6.63864e-05
0.00159231
-0.000102237
0.00181733
-0.000143519
0.00197115
-0.00018885
0.00207443
-0.00023709
0.00214576
-0.000287437
0.00219959
-0.000339406
0.00224569
-0.000392761
0.00228989
-0.000447428
0.00233524
-0.000503423
0.00238313
-0.000560805
0.00243414
-0.000619656
0.00248849
-0.000680069
0.00254625
-0.00074214
0.00260746
-0.000805968
0.00267214
-0.000871715
0.00274052
0.00281186
-0.000939535
-3.55036e-06
0.000333111
-1.49342e-05
0.000868905
-3.45702e-05
0.00129652
-6.20886e-05
0.00161982
-9.64744e-05
0.00185172
-0.000136379
0.00201105
-0.000180436
0.00211849
-0.000227497
0.00219282
-0.000276732
0.00224882
-0.000327628
0.00229658
-0.000379931
0.00234219
-0.000433551
0.00238886
-0.000488497
0.00243808
-0.000544826
0.00249047
-0.000602617
0.00254628
-0.000661966
0.0026056
-0.000722974
0.00266846
-0.000785741
0.00273491
-0.000850471
0.00280525
0.00287883
-0.000917444
-3.10209e-06
0.000336214
-1.34426e-05
0.000879245
-3.16926e-05
0.00131477
-5.76914e-05
0.00164582
-9.05675e-05
0.00188459
-0.000129049
0.00204953
-0.000171793
0.00216123
-0.000217638
0.00223867
-0.000265728
0.00229691
-0.000315523
0.00234638
-0.000366746
0.00239341
-0.000419292
0.0024414
-0.000473163
0.00249195
-0.000528411
0.00254572
-0.000585113
0.00260298
-0.000643366
0.00266385
-0.00070328
0.00272838
-0.000764943
0.00279657
-0.000828597
0.00286891
0.00294501
-0.000894779
-2.64833e-06
0.000338862
-1.19272e-05
0.000888524
-2.87597e-05
0.0013316
-5.31978e-05
0.00167026
-8.45188e-05
0.00191591
-0.000121532
0.00208655
-0.00016292
0.00220262
-0.000207513
0.00228326
-0.000254426
0.00234382
-0.000303091
0.00239504
-0.000353207
0.00244353
-0.000404654
0.00249285
-0.000457424
0.00254472
-0.000511563
0.00259986
-0.000567145
0.00265856
-0.00062427
0.00272098
-0.000683055
0.00278716
-0.000743568
0.00285708
-0.000806029
0.00293137
0.00301049
-0.00087151
-2.18978e-06
0.000341052
-1.03899e-05
0.000896724
-2.57743e-05
0.00134698
-4.86111e-05
0.0016931
-7.83313e-05
0.00194563
-0.00011383
0.00212205
-0.000153821
0.00224261
-0.000197124
0.00232656
-0.000242828
0.00238953
-0.000290334
0.00244255
-0.000339317
0.00249251
-0.000389639
0.00254317
-0.000441281
0.00259636
-0.000494284
0.00265286
-0.000548718
0.002713
-0.000604678
0.00277694
-0.000662301
0.00284479
-0.000721628
0.00291641
-0.000782645
0.00299239
0.00307548
-0.000847634
-1.72736e-06
0.000342779
-8.8326e-06
0.000903829
-2.27394e-05
0.00136089
-4.39348e-05
0.00171429
-7.20086e-05
0.00197371
-0.000105947
0.00215599
-0.000144498
0.00228116
-0.000186473
0.00236854
-0.000230935
0.00243399
-0.000277254
0.00248887
-0.000325077
0.00254033
-0.000374249
0.00259234
-0.000424738
0.00264685
-0.000476579
0.0027047
-0.000529836
0.00276625
-0.000584593
0.00283169
-0.000641
0.00290119
-0.000699163
0.00297457
-0.000758291
0.00305151
0.00314014
-0.000822952
-1.26486e-06
0.000344044
-7.26146e-06
0.000909826
-1.96635e-05
0.00137329
-3.91787e-05
0.00173381
-6.55607e-05
0.00200009
-9.7893e-05
0.00218832
-0.00013496
0.00231823
-0.000175568
0.00240915
-0.000218755
0.00247717
-0.000263857
0.00253397
-0.000310495
0.00258697
-0.000358492
0.00264034
-0.000407804
0.00269616
-0.000458458
0.00275535
-0.000510511
0.00281831
-0.000564037
0.00288522
-0.000619162
0.00295632
-0.000676231
0.00303164
-0.000736073
0.00311136
0.00320223
-0.000798155
-8.0223e-07
0.000344846
-5.67176e-06
0.000914695
-1.65402e-05
0.00138416
-3.43355e-05
0.0017516
-5.89793e-05
0.00202473
-8.96576e-05
0.002219
-0.000125196
0.00235377
-0.000164399
0.00244835
-0.000206277
0.00251905
-0.000250135
0.00257783
-0.000295561
0.0026324
-0.00034236
0.00268714
-0.000390473
0.00274427
-0.000439916
0.0028048
-0.000490745
0.00286913
-0.00054303
0.00293751
-0.000596895
0.00301018
-0.000652712
0.00308746
-0.00071124
0.00316988
0.00326362
-0.000772633
-3.55713e-07
0.000345202
-4.07047e-06
0.00091841
-1.33782e-05
0.00139347
-2.94153e-05
0.00176764
-5.22752e-05
0.00204759
-8.12518e-05
0.00224797
-0.000115217
0.00238773
-0.000152975
0.00248611
-0.000193511
0.00255959
-0.000236095
0.00262041
-0.000280285
0.00267659
-0.000325862
0.00273272
-0.000372754
0.00279116
-0.000420967
0.00285301
-0.000470554
0.00291872
-0.000521596
0.00298855
-0.000574234
0.00306282
-0.000628854
0.00314208
-0.000686264
0.00322729
0.00332327
-0.00074592
7.82008e-08
0.000345124
-2.45653e-06
0.000920945
-1.01813e-05
0.00140119
-2.44231e-05
0.00178188
-4.54533e-05
0.00206862
-7.268e-05
0.0022752
-0.000105026
0.00242008
-0.000141298
0.00252238
-0.000180457
0.00259875
-0.000221738
0.0026617
-0.000264668
0.00271952
-0.000309002
0.00277705
-0.000354651
0.00283681
-0.000401617
0.00289997
-0.00044995
0.00296705
-0.000499746
0.00303834
-0.000551172
0.00311425
-0.000604604
0.00319551
-0.000660666
0.00328336
0.0033812
-0.000718589
6.18282e-07
0.000344505
-8.24276e-07
0.000922387
-6.95387e-06
0.00140732
-1.93639e-05
0.00179429
-3.85193e-05
0.00208778
-6.39472e-05
0.00230063
-9.46266e-05
0.00245076
-0.000129372
0.00255713
-0.000167119
0.00263649
-0.000207069
0.00270165
-0.000248712
0.00276116
-0.000291781
0.00282012
-0.00033617
0.0028812
-0.000381872
0.00294568
-0.000428939
0.00301412
-0.00047748
0.00308689
-0.000527685
0.00316445
-0.000579895
0.00324772
-0.000634523
0.00333798
0.0034374
-0.000690723
1.09034e-06
0.000343415
8.05987e-07
0.000922672
-3.70016e-06
0.00141183
-1.42429e-05
0.00180484
-3.14792e-05
0.00210502
-5.5059e-05
0.00232421
-8.40245e-05
0.00247972
-0.000117201
0.0025903
-0.000153501
0.00267279
-0.000192089
0.00274023
-0.000232422
0.00280149
-0.000274205
0.0028619
-0.000317315
0.00292431
-0.000361736
0.0029901
-0.000407524
0.00305991
-0.000454798
0.00313416
-0.000503757
0.00321341
-0.000554692
0.00329866
-0.000607838
0.00339113
0.00349193
-0.000662371
1.55143e-06
0.000341864
2.43663e-06
0.000921787
-3.84481e-07
0.00141465
-9.06589e-06
0.00181352
-2.43398e-05
0.00212029
-4.60216e-05
0.00234589
-7.32245e-05
0.00250692
-0.000104788
0.00262187
-0.000139603
0.00270761
-0.0001768
0.00277743
-0.000215799
0.00284049
-0.000256275
0.00290238
-0.000298087
0.00296613
-0.000341213
0.00303322
-0.000385708
0.0031044
-0.000431696
0.00318015
-0.000479376
0.00326109
-0.000528981
0.00334826
-0.000580599
0.00344275
0.0035448
-0.000633469
2.00724e-06
0.000339856
4.05748e-06
0.000919736
2.86398e-06
0.00141584
-3.84381e-06
0.00182023
-1.71082e-05
0.00213355
-3.68421e-05
0.00236562
-6.22322e-05
0.00253231
-9.21379e-05
0.00265177
-0.000125432
0.0027409
-0.000161207
0.00281321
-0.000198846
0.00287813
-0.000237994
0.00294153
-0.000278491
0.00300662
-0.000320305
0.00307504
-0.00036349
0.00314759
-0.000408171
0.00322483
-0.000454535
0.00330745
-0.000502758
0.00339649
-0.000552815
0.0034928
0.003596
-0.000604019
2.4587e-06
0.000337398
5.67661e-06
0.000916518
6.16073e-06
0.00141536
1.43579e-06
0.00182495
-9.79256e-06
0.00214478
-2.75278e-05
0.00238336
-5.10542e-05
0.00255584
-7.92561e-05
0.00267998
-0.00011099
0.00277264
-0.000145312
0.00284753
-0.000181566
0.00291438
-0.000219365
0.00297933
-0.000258529
0.00304579
-0.000299014
0.00311552
-0.000340871
0.00318944
-0.000384221
0.00326818
-0.000429232
0.00335247
-0.000476025
0.00344328
-0.000524498
0.00354128
0.00364556
-0.000574051
2.90542e-06
0.000334492
7.28972e-06
0.000912134
9.45814e-06
0.00141319
6.70337e-06
0.00182771
-2.38954e-06
0.00215388
-1.80867e-05
0.00239905
-3.96975e-05
0.00257745
-6.61482e-05
0.00270643
-9.62817e-05
0.00280277
-0.000129119
0.00288036
-0.000163962
0.00294923
-0.000200392
0.00301576
-0.000238204
0.0030836
-0.000277343
0.00315466
-0.000317852
0.00322995
-0.000359846
0.00331017
-0.000403467
0.00339609
-0.000448789
0.0034886
-0.000495663
0.00358815
0.00369347
-0.000543579
3.34614e-06
0.000331146
8.89202e-06
0.000906588
1.27548e-05
0.00140933
1.20177e-05
0.00182844
5.05492e-06
0.00216084
-8.53066e-06
0.00241264
-2.81697e-05
0.00259709
-5.28207e-05
0.00273108
-8.13124e-05
0.00283126
-0.000112631
0.00291168
-0.000146038
0.00298263
-0.000181077
0.00305079
-0.000217518
0.00312004
-0.000255293
0.00319244
-0.000294434
0.00326909
-0.000335046
0.00335078
-0.000377244
0.00343829
-0.000421061
0.00353242
-0.000466325
0.00363342
0.00373976
-0.000512615
3.7809e-06
0.000327365
1.04801e-05
0.000899889
1.60434e-05
0.00140376
1.73477e-05
0.00182714
1.25635e-05
0.00216562
1.15808e-06
0.00242405
-1.6479e-05
0.00261473
-3.92808e-05
0.00275388
-6.60875e-05
0.00285807
-9.58531e-05
0.00294145
-0.000127796
0.00301458
-0.000161423
0.00308442
-0.000196475
0.00315509
-0.000232867
0.00322883
-0.000270621
0.00330685
-0.000309824
0.00338999
-0.000350569
0.00347903
-0.000392855
0.0035747
-0.000436502
0.00367706
0.00378443
-0.000481171
4.20768e-06
0.000323158
1.20497e-05
0.000892047
1.9316e-05
0.0013965
2.2684e-05
0.00182377
2.01173e-05
0.00216819
1.08958e-05
0.00243327
-4.63833e-06
0.00263026
-2.55364e-05
0.00277478
-5.06136e-05
0.00288315
-7.87902e-05
0.00296963
-0.000109242
0.00304503
-0.000141433
0.00311661
-0.000175078
0.00318874
-0.000210069
0.00326382
-0.000246414
0.00334319
-0.000284185
0.00342776
-0.00032345
0.00351829
-0.000364182
0.00361544
-0.000406208
0.00371909
0.00382748
-0.000449258
4.62467e-06
0.000318533
1.35966e-05
0.000883075
2.25649e-05
0.00138753
2.80156e-05
0.00181832
2.77064e-05
0.0021685
2.07436e-05
0.00244023
7.34192e-06
0.00264366
-1.15974e-05
0.00279372
-3.48976e-05
0.00290645
-6.14478e-05
0.00299618
-9.03783e-05
0.00307396
-0.000121112
0.00314735
-0.00015333
0.00322096
-0.000186902
0.00329739
-0.000221819
0.00337811
-0.000258135
0.00346407
-0.000295895
0.00355606
-0.000335057
0.0036546
-0.000375456
0.00375949
0.00386892
-0.000416888
5.03036e-06
0.000313503
1.51165e-05
0.000872989
2.57824e-05
0.00137686
3.33315e-05
0.00181077
3.5317e-05
0.00216651
3.06623e-05
0.00244488
1.94524e-05
0.00265487
2.52897e-06
0.00281064
-1.89476e-05
0.00292792
-4.3832e-05
0.00302106
-7.12113e-05
0.00310134
-0.000100464
0.0031766
-0.000131236
0.00325173
-0.00016337
0.00332953
-0.00019684
0.00341158
-0.000231679
0.00349891
-0.000267914
0.00359229
-0.000305491
0.00369217
-0.000344259
0.00379826
0.00390873
-0.00038407
5.42336e-06
0.000308079
1.6605e-05
0.000861807
2.89602e-05
0.00136451
3.86199e-05
0.00180111
4.29341e-05
0.0021622
4.06382e-05
0.00244718
3.16797e-05
0.00266383
1.68257e-05
0.00282549
-2.77281e-06
0.00294752
-2.59499e-05
0.00304424
-5.17462e-05
0.00312714
-7.94939e-05
0.00320435
-0.000108799
0.00328103
-0.000139478
0.0033602
-0.000171482
0.00344358
-0.000204826
0.00353226
-0.000239518
0.00362698
-0.000275497
0.00372815
-0.000312631
0.00383539
0.00394691
-0.000350815
5.80237e-06
0.000302277
1.80575e-05
0.000849552
3.20896e-05
0.00135048
4.38681e-05
0.00178933
5.05427e-05
0.00215552
5.06559e-05
0.00244707
4.40084e-05
0.00267048
3.12857e-05
0.00283822
1.36167e-05
0.00296519
-7.80952e-06
0.00306566
-3.19893e-05
0.00315131
-5.82062e-05
0.00323056
-8.6025e-05
0.00330885
-0.000115231
0.00338941
-0.000145751
0.0034741
-0.000177582
0.00356409
-0.000210716
0.00366012
-0.000245086
0.00376252
-0.000280582
0.00387089
0.00398346
-0.000317133
6.16611e-06
0.000296111
1.94696e-05
0.000836249
3.51617e-05
0.00133479
4.9063e-05
0.00177543
5.81265e-05
0.00214646
6.06979e-05
0.0024445
5.6422e-05
0.00267475
4.58926e-05
0.00284875
3.02096e-05
0.00298087
1.05802e-05
0.00308529
-1.19478e-05
0.00317384
-3.66072e-05
0.00325522
-6.2919e-05
0.00333516
-9.06339e-05
0.00341712
-0.000119654
0.00350312
-0.000149956
0.00359439
-0.000181518
0.00369168
-0.000214272
0.00379528
-0.000248124
0.00390474
0.00401837
-0.000283034
6.51334e-06
0.000289597
2.08365e-05
0.000821926
3.81672e-05
0.00131745
5.41908e-05
0.00175941
6.56685e-05
0.00213498
7.07456e-05
0.00243942
6.89024e-05
0.0026766
6.06307e-05
0.00285702
4.69925e-05
0.00299451
2.9209e-05
0.00310308
8.37048e-06
0.00319468
-1.47037e-05
0.0032783
-3.94871e-05
0.00335995
-6.56938e-05
0.00344333
-9.31984e-05
0.00353063
-0.000121956
0.00362315
-0.000151934
0.00372166
-0.000183065
0.00382641
-0.000215269
0.00393694
0.00405163
-0.000248528
6.84283e-06
0.000282754
2.21537e-05
0.000806615
4.10966e-05
0.00129851
5.92368e-05
0.00174127
7.31502e-05
0.00212107
8.07788e-05
0.00243179
8.143e-05
0.00267595
7.54821e-05
0.00286297
6.39509e-05
0.00300604
4.80651e-05
0.00311896
2.89566e-05
0.00321379
7.49686e-06
0.00329976
-1.57362e-05
0.00338318
-4.0417e-05
0.00346801
-6.6391e-05
0.0035566
-9.35925e-05
0.00365035
-0.000121976
0.00375004
-0.000151477
0.00385591
-0.000182028
0.00396749
0.00408323
-0.000213625
7.15339e-06
0.000275601
2.34165e-05
0.000790352
4.394e-05
0.00127799
6.41858e-05
0.00172102
8.0552e-05
0.0021047
9.07758e-05
0.00242157
9.39829e-05
0.00267274
9.04274e-05
0.00286652
8.10682e-05
0.0030154
6.71355e-05
0.00313289
4.97999e-05
0.00323113
2.99872e-05
0.00331957
8.32661e-06
0.00340484
-1.4811e-05
0.00349115
-3.92398e-05
0.00358103
-6.48727e-05
0.00367598
-9.16525e-05
0.00377682
-0.000119517
0.00388377
-0.000148413
0.00399639
0.00411315
-0.000178335
7.44383e-06
0.000268157
2.46201e-05
0.000773175
4.66876e-05
0.00125592
6.9022e-05
0.00169869
8.78532e-05
0.00208587
0.000100713
0.00240871
0.000106538
0.00266692
0.000105445
0.00286761
9.83259e-05
0.00302252
8.64052e-05
0.00314482
7.08887e-05
0.00324664
5.27568e-05
0.0033377
3.26944e-05
0.0034249
1.1117e-05
0.00351273
-1.17534e-05
0.0036039
-3.58064e-05
0.00370004
-6.09738e-05
0.00380199
-8.71975e-05
0.00391
-0.000114438
0.00402363
0.00414138
-0.000142669
7.71305e-06
0.000260444
2.57599e-05
0.000755128
4.9329e-05
0.00123235
7.37289e-05
0.00167429
9.5032e-05
0.00206457
0.000110566
0.00239317
0.000119068
0.00265841
0.00012051
0.00286617
0.000115703
0.00302733
0.000105858
0.00315466
9.221e-05
0.00326029
7.57955e-05
0.00335412
5.73567e-05
0.00344334
3.73593e-05
0.00353272
1.60611e-05
0.0036252
-6.40343e-06
0.0037225
-2.99499e-05
0.00382553
-5.45264e-05
0.00393457
-8.01149e-05
0.00404922
0.00416791
-0.000106639
7.95997e-06
0.000252484
2.68314e-05
0.000736257
5.18542e-05
0.00120733
7.82895e-05
0.00164785
0.000102065
0.00204079
0.000120306
0.00237493
0.000131547
0.00264717
0.000135597
0.00286212
0.000133178
0.00302975
0.000125474
0.00316237
0.000113749
0.00327201
9.90915e-05
0.00336877
8.23044e-05
0.00346013
6.39058e-05
0.00355112
4.41941e-05
0.00364491
2.33287e-05
0.00374337
1.39721e-06
0.00384746
-2.15141e-05
0.00395749
-4.54486e-05
0.00407315
0.00419272
-7.02665e-05
8.18358e-06
0.000244301
2.78301e-05
0.00071661
5.42526e-05
0.00118091
8.26864e-05
0.00161942
0.000108929
0.00201455
0.000129907
0.00235395
0.000143943
0.00263314
0.000150677
0.00285539
0.000150723
0.0030297
0.000145232
0.00316786
0.000135488
0.00328176
0.000122632
0.00338163
0.000107527
0.00347523
9.07474e-05
0.0035679
7.2636e-05
0.00366302
5.33814e-05
0.00376262
3.30912e-05
0.00386776
1.1832e-05
0.00397874
-1.03214e-05
0.0040953
0.00421605
-3.3644e-05
8.38297e-06
0.000235918
2.87517e-05
0.000696242
5.65141e-05
0.00115314
8.69018e-05
0.00158903
0.000115598
0.00198585
0.000139336
0.00233022
0.000156224
0.00261625
0.000165717
0.0028459
0.000168311
0.00302711
0.000165109
0.00317106
0.00015741
0.00328946
0.000146401
0.00339264
0.000133011
0.00348862
0.000117874
0.00358304
0.000101377
0.00367952
8.37422e-05
0.00378026
6.50894e-05
0.00388641
4.54883e-05
0.00399835
2.4879e-05
0.00411591
0.00423833
2.59719e-06
8.5573e-06
0.00022736
2.95921e-05
0.000675207
5.86287e-05
0.00112411
9.09178e-05
0.00155674
0.000122046
0.00195473
0.000148562
0.0023037
0.000168354
0.00259646
0.000180683
0.00283357
0.00018591
0.00302188
0.000185079
0.00317189
0.000179491
0.00329505
0.000170383
0.00340175
0.000158745
0.00350026
0.000145273
0.00359651
0.000130407
0.00369439
0.000114402
0.00379626
9.73957e-05
0.00390341
7.94579e-05
0.00401628
6.06168e-05
0.00413475
0.00425807
4.08785e-05
8.70583e-06
0.000218655
3.03474e-05
0.000653565
6.05864e-05
0.00109387
9.47163e-05
0.00152261
0.000128247
0.0019212
0.000157551
0.0022744
0.000180297
0.00257371
0.000195537
0.00281833
0.000203484
0.00301393
0.00020511
0.00317026
0.000201709
0.00329845
0.000194558
0.0034089
0.000184712
0.00351011
0.000172934
0.00360829
0.000159715
0.0037076
0.000145351
0.00381062
0.000130004
0.00391876
0.000113755
0.00403253
9.66517e-05
0.00415186
0.00427607
7.86477e-05
8.82796e-06
0.000209827
3.1014e-05
0.000631379
6.23777e-05
0.0010625
9.82791e-05
0.00148671
0.000134173
0.0018853
0.000166267
0.0022423
0.00019201
0.00254797
0.000210237
0.0028001
0.000220997
0.00300317
0.00022517
0.00316609
0.000224035
0.00329958
0.000218905
0.00341403
0.000210897
0.00351812
0.000200841
0.00361835
0.000189289
0.00371916
0.000176577
0.00382334
0.000162895
0.00393244
0.00014834
0.00404709
0.000132945
0.00416725
0.00429233
0.000116681
8.92321e-06
0.000200903
3.15889e-05
0.000608714
6.39937e-05
0.0010301
0.000101589
0.00144911
0.000139796
0.0018471
0.000174674
0.00220742
0.000203452
0.00251919
0.000224739
0.00277881
0.000238404
0.00298951
0.000245222
0.00315927
0.00024644
0.00329836
0.0002434
0.00341707
0.00023728
0.00352424
0.00022898
0.00362665
0.000219114
0.00372902
0.000208066
0.00383438
0.000196055
0.00394445
0.000183191
0.00405995
0.000169508
0.00418094
0.00430686
0.000154987
8.99122e-06
0.000191912
3.20692e-05
0.000585636
6.54259e-05
0.000996743
0.000104628
0.00140991
0.000145088
0.00180664
0.000182734
0.00216978
0.000214578
0.00248734
0.000238996
0.00275439
0.000255661
0.00297284
0.000265223
0.00314971
0.000268888
0.0032947
0.000268014
0.00341794
0.000263839
0.00352841
0.000257333
0.00363315
0.000249177
0.00373718
0.000239805
0.00384376
0.000229471
0.00395479
0.0002183
0.00407112
0.000206334
0.0041929
0.00431964
0.000193553
9.0318e-06
0.00018288
3.24526e-05
0.000562215
6.66666e-05
0.000962529
0.000107379
0.0013692
0.000150021
0.00176399
0.000190406
0.00212939
0.000225339
0.00245241
0.000252955
0.00272678
0.000272715
0.00295308
0.00028513
0.00313729
0.000291341
0.00328849
0.000292718
0.00341656
0.000290551
0.00353058
0.000285882
0.00363782
0.000279462
0.0037436
0.000271781
0.00385144
0.00026313
0.00396344
0.000253657
0.00408059
0.000243412
0.00420315
0.00433068
0.000232372
9.04492e-06
0.000173835
3.27374e-05
0.000538522
6.77089e-05
0.000927557
0.000109827
0.00132708
0.000154568
0.00171925
0.000197652
0.00208631
0.000235686
0.00241438
0.000266561
0.0026959
0.000289513
0.00293013
0.00030489
0.00312192
0.000313756
0.00327962
0.000317476
0.00341284
0.000317387
0.00353067
0.000314605
0.0036406
0.000309953
0.00374825
0.00030398
0.00385741
0.000297021
0.0039704
0.00028925
0.00408837
0.000280729
0.00421167
0.00433997
0.000271437
9.03071e-06
0.000164805
3.29222e-05
0.000514631
6.8547e-05
0.000891932
0.000111958
0.00128367
0.000158701
0.00167251
0.000204431
0.00204058
0.000245568
0.00237324
0.000279757
0.00266172
0.000305994
0.00290389
0.000324448
0.00310346
0.000336084
0.00326799
0.000342248
0.00340668
0.000344318
0.0035286
0.000343478
0.00364144
0.000340629
0.0037511
0.000336386
0.00386165
0.000331129
0.00397566
0.000325065
0.00409443
0.000318272
0.00421846
0.00434751
0.000310735
8.98946e-06
0.000155815
3.30065e-05
0.000490614
6.91761e-05
0.000855763
0.000113757
0.00123909
0.000162395
0.00162387
0.000210703
0.00199227
0.000254932
0.00232901
0.000292481
0.00262417
0.000322095
0.00287428
0.000343743
0.00308182
0.000358271
0.00325346
0.00036699
0.00339796
0.000371307
0.00352428
0.000372475
0.00364027
0.000371471
0.0037521
0.000368982
0.00386414
0.000365441
0.0039792
0.00036109
0.00409878
0.00035603
0.00422352
0.00435328
0.000350254
8.92168e-06
0.000146894
3.29902e-05
0.000466545
6.95927e-05
0.00081916
0.000115213
0.00119347
0.000165625
0.00157346
0.000216428
0.00194147
0.000263723
0.00228172
0.000304668
0.00258322
0.000337747
0.0028412
0.000362708
0.00305686
0.000380257
0.00323591
0.000391651
0.00338657
0.000398315
0.00351762
0.000401563
0.00363702
0.000402454
0.00375121
0.000401749
0.00386485
0.00039994
0.003981
0.00039731
0.00410141
0.000393987
0.00422684
0.00435729
0.000389978
8.82801e-06
0.000138066
3.28741e-05
0.000442499
6.97944e-05
0.00078224
0.000116316
0.00114695
0.000168369
0.00152141
0.000221568
0.00188827
0.000271887
0.0022314
0.000316252
0.00253886
0.000352877
0.00280457
0.000381271
0.00302846
0.000401976
0.0032152
0.000416175
0.00337237
0.000425296
0.0035085
0.000430709
0.00363161
0.000433553
0.00374837
0.000434666
0.00386374
0.00043461
0.00398106
0.000433712
0.00410231
0.000432131
0.00422842
0.00435953
0.000429893
8.70929e-06
0.000129356
3.26595e-05
0.000418549
6.97807e-05
0.000745119
0.000117059
0.00109967
0.000170606
0.00146786
0.000226086
0.00183279
0.000279369
0.00217811
0.000327163
0.00249106
0.000367406
0.00276433
0.000399353
0.00299652
0.000423355
0.0031912
0.000440498
0.00335523
0.000452198
0.0034968
0.000459872
0.00362394
0.000464735
0.00374351
0.000467711
0.00386076
0.000469431
0.00397934
0.000470278
0.00410146
0.000470447
0.00422826
0.00435999
0.000469985
8.56654e-06
0.00012079
3.23485e-05
0.000394767
6.95522e-05
0.000707915
0.000117436
0.00105179
0.000172319
0.00141298
0.000229946
0.00177516
0.000286116
0.00212194
0.00033733
0.00243985
0.000381254
0.00272041
0.000416868
0.0029609
0.000444313
0.00316376
0.000464551
0.00333499
0.000478964
0.00348238
0.000489006
0.00361389
0.000495967
0.00373655
0.000500856
0.00385587
0.000504384
0.00397581
0.000506991
0.00409885
0.000508918
0.00422633
0.00435867
0.000510237
8.40092e-06
0.000112389
3.19437e-05
0.000371224
6.91111e-05
0.000670748
0.000117445
0.00100345
0.000173493
0.00135693
0.000233116
0.00171554
0.000292074
0.00206299
0.000346682
0.00238524
0.000394336
0.00267275
0.000433727
0.00292151
0.000464761
0.00313272
0.000488252
0.0033115
0.000505526
0.00346511
0.000518059
0.00360136
0.000527209
0.0037274
0.000534073
0.00384901
0.000539444
0.00397044
0.000543833
0.00409446
0.000547528
0.00422263
0.00435557
0.000550633
8.21294e-06
0.000104176
3.1447e-05
0.00034799
6.84589e-05
0.000633736
0.000117081
0.00095483
0.000174113
0.0012999
0.000235564
0.00165408
0.000297187
0.00200136
0.000355141
0.00232729
0.000406555
0.00262134
0.000449825
0.00287824
0.000484598
0.00309795
0.000511508
0.00328459
0.000531803
0.00344481
0.000546963
0.0035862
0.000558406
0.00371595
0.000567317
0.0038401
0.000574578
0.00396318
0.000580775
0.00408827
0.000586252
0.00421716
0.00435067
0.00059115
8.00572e-06
9.61702e-05
3.08659e-05
0.00032513
6.76064e-05
0.000596995
0.000116354
0.000906082
0.000174182
0.00124207
0.000237276
0.00159099
0.000301422
0.00193722
0.00036265
0.00226606
0.000417837
0.00256615
0.000465077
0.002831
0.000503733
0.00305929
0.000534236
0.00325408
0.000557726
0.00342132
0.000575664
0.00356826
0.000589521
0.0037021
0.000600565
0.00382905
0.000609772
0.00395397
0.000617808
0.00408023
0.000625083
0.00420988
0.00434397
0.000631783
7.77998e-06
8.83902e-05
3.02033e-05
0.000302707
6.65579e-05
0.000560641
0.000115267
0.000857373
0.000173691
0.00118365
0.000238227
0.00152645
0.000304729
0.00187072
0.000369133
0.00220166
0.000428083
0.0025072
0.000479367
0.00277972
0.000522049
0.00301661
0.000556323
0.00321981
0.000583192
0.00339445
0.000604077
0.00354738
0.000620484
0.00368569
0.000633762
0.00381577
0.000644981
0.00394276
0.000654898
0.00407032
0.000663994
0.00420079
0.00433546
0.000672505
7.53743e-06
8.08528e-05
2.94645e-05
0.00028078
6.53221e-05
0.000524783
0.000113829
0.000808866
0.000172644
0.00112483
0.000238403
0.00146069
0.000307071
0.00180205
0.000374525
0.0021342
0.000437202
0.00244452
0.000492586
0.00272433
0.000539426
0.00296977
0.000577652
0.00318158
0.000608096
0.00336401
0.000632114
0.00352336
0.000651226
0.00366658
0.000666855
0.00380014
0.000680167
0.00392944
0.000692015
0.00405847
0.00070296
0.00418984
0.00432512
0.000713296
7.27989e-06
7.35729e-05
2.86554e-05
0.000259404
6.39093e-05
0.000489529
0.000112051
0.000760725
0.000171047
0.00106584
0.000237798
0.00139394
0.000308417
0.00173143
0.000378767
0.00206385
0.000445104
0.00237819
0.000504622
0.00266481
0.000555739
0.00291866
0.000598096
0.00313923
0.000632321
0.00332978
0.000659672
0.00349601
0.000681664
0.00364458
0.000699781
0.00378203
0.000715284
0.00391394
0.000729124
0.00404463
0.000741954
0.00417701
0.00431294
0.000754134
7.00924e-06
6.65637e-05
2.77824e-05
0.000238631
6.23308e-05
0.000454981
0.000109947
0.000713109
0.000168911
0.00100687
0.000236411
0.00132644
0.000308745
0.0016591
0.000381805
0.00199079
0.000451704
0.00230829
0.00051536
0.00260116
0.000570856
0.00286316
0.000617519
0.00309256
0.000655738
0.00329157
0.000686638
0.00346511
0.000711705
0.00361952
0.000732467
0.00376127
0.000750275
0.00389613
0.000766185
0.00402872
0.000780946
0.00416225
0.00429889
0.000794994
6.72743e-06
5.98362e-05
2.6852e-05
0.000218506
6.05997e-05
0.000421233
0.000107535
0.000666173
0.000166254
0.000948153
0.000234248
0.00125845
0.000308039
0.00158531
0.000383592
0.00191524
0.00045692
0.00223496
0.000524688
0.00253339
0.000584643
0.00280321
0.000635776
0.00304143
0.000678205
0.00324914
0.000712885
0.00343043
0.000741241
0.00359116
0.000764827
0.00373768
0.000785076
0.00387588
0.00080315
0.00401064
0.000819901
0.0041455
0.00428295
0.000835848
6.43641e-06
5.33998e-05
2.58713e-05
0.000199072
5.87296e-05
0.000388375
0.000104836
0.000620066
0.000163097
0.000889892
0.000231324
0.00119022
0.000306294
0.00151034
0.000384093
0.00183744
0.000460679
0.00215837
0.000532495
0.00246158
0.000596961
0.00273874
0.000652713
0.00298568
0.000699567
0.00320228
0.00073827
0.00339173
0.000770151
0.00355928
0.000796764
0.00371107
0.000819613
0.00385303
0.000839963
0.00399029
0.000858775
0.00412669
0.00426506
0.000876663
6.13816e-06
4.72617e-05
2.48476e-05
0.000180362
5.67356e-05
0.000356487
0.000101872
0.00057493
0.000159467
0.000832297
0.00022766
0.00112203
0.000303514
0.00143448
0.000383282
0.00175767
0.000462916
0.00207874
0.000538675
0.00238582
0.000607668
0.00266975
0.000668169
0.00292518
0.000719658
0.00315079
0.000762636
0.00334875
0.000798295
0.00352362
0.000828164
0.0036812
0.000853796
0.0038274
0.000876557
0.00396753
0.000897522
0.00410572
0.00424518
0.000917404
5.83463e-06
4.1427e-05
2.37883e-05
0.000162408
5.46331e-05
0.000325642
9.86667e-05
0.000530897
0.000155394
0.000775569
0.000223285
0.00105414
0.000299715
0.00135805
0.000381146
0.00167624
0.000463577
0.00199631
0.000543131
0.00230626
0.000616629
0.00259625
0.000681978
0.00285983
0.0007383
0.00309447
0.000785807
0.00330124
0.000825517
0.00348391
0.000858894
0.00364782
0.000887522
0.00379877
0.000912854
0.0039422
0.000936083
0.00408249
0.00422323
0.000958028
5.52776e-06
3.58993e-05
2.27007e-05
0.000145236
5.24381e-05
0.000295905
9.52472e-05
0.000488088
0.000150913
0.000719904
0.000218237
0.000986813
0.000294922
0.00128137
0.000377684
0.00159348
0.000462623
0.00191137
0.000545776
0.00222311
0.00062371
0.00251831
0.000693972
0.00278957
0.000755304
0.00303314
0.000807596
0.00324895
0.000851642
0.00343986
0.000888804
0.00361066
0.000920668
0.00376691
0.000948761
0.00391411
0.000974388
0.00405686
0.00419914
0.000998483
5.2194e-06
3.06799e-05
2.15923e-05
0.000128863
5.01672e-05
0.00026733
9.16411e-05
0.000446614
0.000146062
0.000665483
0.000212558
0.000920317
0.000289174
0.00120475
0.000372913
0.00150974
0.00046003
0.00182425
0.000546536
0.0021366
0.000628785
0.00243607
0.000703982
0.00271437
0.000770476
0.00296665
0.000827797
0.00319163
0.000876475
0.00339119
0.000917723
0.00356941
0.000953093
0.00373154
0.000984166
0.00388304
0.00101235
0.00402867
0.00417278
0.00103871
4.91133e-06
2.57686e-05
2.04703e-05
0.000113304
4.78368e-05
0.000239963
8.78771e-05
0.000406573
0.000140884
0.000612476
0.000206298
0.000854902
0.000282517
0.00112853
0.000366861
0.00142539
0.000455792
0.00173532
0.000545354
0.00204704
0.000631742
0.00234968
0.000711843
0.00263427
0.000783613
0.00289488
0.000846193
0.00312905
0.000899801
0.00333758
0.000945455
0.00352376
0.000984632
0.00369236
0.00101894
0.00384873
0.00104988
0.00399773
0.00414403
0.00107863
4.60526e-06
2.11633e-05
1.93417e-05
9.85673e-05
4.54633e-05
0.000213842
8.39843e-05
0.000368052
0.00013542
0.00056104
0.000199514
0.000790809
0.00027501
0.00105304
0.000359573
0.00134083
0.000449922
0.00164497
0.000542193
0.00195477
0.000632482
0.00225939
0.0007174
0.00254935
0.000794514
0.00281776
0.000862556
0.00306101
0.000921389
0.00327875
0.000971783
0.00347336
0.0010151
0.00364905
0.00105293
0.0038109
0.00108686
0.0039638
0.00411272
0.00111817
4.30276e-06
1.68605e-05
1.82133e-05
8.46567e-05
4.30627e-05
0.000188992
7.99924e-05
0.000331123
0.000129718
0.000511314
0.000192264
0.000728264
0.00026672
0.000978582
0.00035111
0.00125644
0.000442451
0.00155363
0.000537037
0.00186018
0.000630928
0.0021655
0.000720509
0.00245977
0.000802979
0.00273529
0.000876648
0.00298734
0.000940986
0.00321441
0.000996465
0.00341788
0.00104427
0.00360125
0.00108595
0.00376922
0.00112313
0.00392661
0.00407864
0.00115721
4.00532e-06
1.28552e-05
1.70916e-05
7.15704e-05
4.06506e-05
0.000165433
7.59304e-05
0.000295843
0.000123824
0.000463421
0.000184613
0.000667474
0.000257723
0.000905472
0.000341547
0.00117262
0.000433434
0.00146174
0.000529896
0.00176372
0.000627027
0.00206837
0.000721045
0.00236575
0.000808817
0.00264752
0.000888229
0.00290793
0.000958328
0.00314431
0.00101924
0.00335697
0.00107191
0.00354858
0.00111779
0.00372334
0.00115854
0.00388586
0.00404156
0.00119562
3.71427e-06
9.14096e-06
1.59826e-05
5.9302e-05
3.82419e-05
0.000143174
7.18271e-05
0.000262258
0.000117783
0.000417465
0.000176628
0.000608629
0.000248104
0.000833997
0.000330972
0.00108975
0.000422945
0.00136977
0.000520805
0.00166586
0.000620752
0.00196842
0.000718907
0.0022676
0.000811852
0.00255458
0.000897061
0.00282272
0.000973138
0.00306823
0.00103981
0.0032903
0.00109774
0.00349065
0.00114822
0.00367286
0.00119288
0.0038412
0.00400119
0.00123325
3.43083e-06
5.71012e-06
1.48919e-05
4.7841e-05
3.58508e-05
0.000122215
6.77101e-05
0.000230398
0.000111643
0.000373532
0.000168377
0.000551895
0.000237949
0.000764425
0.000319486
0.00100821
0.000411077
0.00127818
0.000509826
0.00156711
0.000612108
0.00186614
0.000714024
0.00216568
0.000811928
0.00245667
0.000902915
0.00273173
0.000985134
0.00298601
0.00105787
0.00321756
0.00112146
0.00342706
0.00117696
0.00361736
0.00122592
0.00379223
0.0039572
0.00126992
3.15609e-06
2.55403e-06
1.38245e-05
3.71726e-05
3.34906e-05
0.000102549
6.36059e-05
0.000200283
0.000105449
0.000331689
0.000159928
0.000497416
0.000227352
0.000697
0.000307198
0.000928366
0.000397944
0.00118743
0.000497049
0.00146801
0.000601134
0.00176205
0.000706356
0.00206046
0.000808918
0.00235411
0.000905577
0.00263507
0.000994034
0.00289756
0.00107312
0.00313848
0.00114274
0.00335744
0.00120369
0.00355641
0.0012574
0.00373853
0.0039092
0.00130539
2.891e-06
-3.36966e-07
1.27852e-05
2.72784e-05
3.11733e-05
8.41609e-05
5.95393e-05
0.000171917
9.92433e-05
0.000291985
0.000151349
0.00044531
0.000216409
0.000631941
0.000294228
0.000850547
0.000383673
0.00109799
0.000482591
0.00136909
0.000587904
0.00165674
0.000695906
0.00195246
0.00080273
0.00224729
0.000904858
0.00253294
0.000999567
0.00280285
0.0010852
0.00305285
0.00116123
0.00328141
0.00122809
0.00348955
0.00128699
0.00367962
0.00385677
0.00133942
2.63637e-06
-2.97334e-06
1.1778e-05
1.81367e-05
2.89102e-05
6.70287e-05
5.55336e-05
0.000145293
9.30689e-05
0.00025445
0.000142708
0.000395671
0.000205214
0.000569434
0.0002807
0.000775061
0.00036841
0.00101028
0.000466594
0.0012709
0.000572525
0.00155081
0.000682717
0.00184227
0.000793316
0.00213669
0.000900604
0.00242565
0.00100148
0.00270197
0.0010938
0.00296053
0.00117656
0.00319866
0.00124976
0.00341635
0.00131435
0.00361503
0.00379942
0.0013717
2.39291e-06
-5.36625e-06
1.08067e-05
9.72292e-06
2.67113e-05
5.11241e-05
5.161e-05
0.000120395
8.69642e-05
0.000219096
0.000134066
0.000348569
0.000193863
0.000509637
0.000266741
0.000702183
0.000352307
0.000924713
0.000449219
0.00117399
0.000555143
0.00144489
0.000666876
0.00173053
0.000780673
0.00202289
0.000892704
0.00231362
0.000999547
0.00259513
0.0010986
0.00286147
0.00118834
0.00310892
0.00126831
0.00333638
0.00133909
0.00354425
0.00373663
0.00140188
2.16119e-06
-7.52743e-06
9.87433e-06
2.00978e-06
2.45853e-05
3.64132e-05
4.77878e-05
9.71923e-05
8.09651e-05
0.000185918
0.000125485
0.000304049
0.000182447
0.000452676
0.00025248
0.000632151
0.000335526
0.000841666
0.00043065
0.00107887
0.000535931
0.00133961
0.000648516
0.00161795
0.000764854
0.00190655
0.000881098
0.00219738
0.000993588
0.00248264
0.00109931
0.00275575
0.00119621
0.00301202
0.00128331
0.00324928
0.00136079
0.00346677
0.00366786
0.00142956
1.94165e-06
-9.46908e-06
8.98351e-06
-5.03208e-06
2.254e-05
2.28567e-05
4.40839e-05
7.56483e-05
7.51041e-05
0.000154898
0.000117021
0.000262132
0.000171053
0.000398643
0.000238042
0.000565162
0.000318234
0.000761474
0.000411082
0.00098602
0.000515094
0.00123559
0.000627813
0.00150523
0.000745965
0.0017884
0.000865786
0.00207756
0.000983474
0.00236495
0.00109565
0.00264357
0.00119979
0.00290789
0.00129433
0.00315473
0.00137897
0.00338213
0.00359252
0.00145431
1.73464e-06
-1.12037e-05
8.13637e-06
-1.14338e-05
2.05818e-05
1.04113e-05
4.05132e-05
5.57169e-05
6.94103e-05
0.000126001
0.000108724
0.000222819
0.000159766
0.000347601
0.00022355
0.000501378
0.000300596
0.000684428
0.000390721
0.000895896
0.00049286
0.00113346
0.000604984
0.0013931
0.000724169
0.00166921
0.000846835
0.00195489
0.00096914
0.00224265
0.00108744
0.00252527
0.00119874
0.00279659
0.00130095
0.00305253
0.00139318
0.0032899
0.00351006
0.00147564
1.54039e-06
-1.27441e-05
7.33454e-06
-1.7228e-05
1.87158e-05
-9.69979e-07
3.7088e-05
3.73447e-05
6.3909e-05
9.91801e-05
0.00010064
0.000186087
0.000148659
0.000299583
0.000209119
0.000440918
0.000282776
0.000610771
0.000369777
0.000808894
0.000469473
0.00103376
0.000580282
0.0012823
0.000699685
0.00154981
0.000824379
0.0018302
0.000950594
0.00211643
0.00107452
0.00240134
0.00119279
0.00267832
0.00130274
0.00294258
0.00140291
0.00318973
0.00341992
0.00149305
1.359e-06
-1.41031e-05
6.57913e-06
-2.24481e-05
1.69461e-05
-1.1337e-05
3.38187e-05
2.04721e-05
5.86215e-05
7.43773e-05
9.28103e-05
0.000151898
0.000137801
0.000254592
0.000194858
0.000383862
0.000264929
0.0005407
0.00034846
0.000725363
0.00044519
0.00093703
0.000553987
0.0011735
0.00067278
0.00143102
0.00079862
0.00170436
0.000927926
0.00198713
0.00105684
0.00227242
0.0011817
0.00255346
0.00129934
0.00282494
0.0014077
0.00308138
0.0033216
0.00150601
1.19046e-06
-1.52936e-05
5.87079e-06
-2.71284e-05
1.52755e-05
-2.07417e-05
3.07128e-05
5.03486e-06
5.35653e-05
5.15248e-05
8.52677e-05
0.000120196
0.000127254
0.000212606
0.000180863
0.000330253
0.000247203
0.00047436
0.000326974
0.000645592
0.000420272
0.000843732
0.000526402
0.00106737
0.000643762
0.00131366
0.000769829
0.00157829
0.000901306
0.00185565
0.00103442
0.00213931
0.00116533
0.00242255
0.00129044
0.00269982
0.0014071
0.00296472
0.0032147
0.001514
1.03467e-06
-1.63282e-05
5.20964e-06
-3.13034e-05
1.37056e-05
-2.92377e-05
2.77759e-05
-9.03543e-06
4.87538e-05
3.0547e-05
7.80403e-05
9.09095e-05
0.000117067
0.000173579
0.000167221
0.000280098
0.000229731
0.000411849
0.000305512
0.000569811
0.000394975
0.000754269
0.00049784
0.000964501
0.000612976
0.00119852
0.000738331
0.00145293
0.000870991
0.00172299
0.00100738
0.00200292
0.00114363
0.00228631
0.00127582
0.00256763
0.00140074
0.0028398
0.00309891
0.00151654
8.91386e-07
-1.72196e-05
4.59534e-06
-3.50074e-05
1.22368e-05
-3.68791e-05
2.50111e-05
-2.18097e-05
4.41963e-05
1.13618e-05
7.11498e-05
6.3956e-05
0.000107283
0.000137446
0.000154007
0.000233375
0.000212636
0.000353221
0.000284255
0.000498192
0.00036955
0.000668974
0.000468617
0.000865434
0.000580787
0.00108635
0.000704505
0.00132922
0.000837311
0.00159018
0.000975957
0.00186427
0.00111666
0.0021456
0.00125536
0.00242893
0.00138833
0.00270683
0.00297405
0.00151318
7.60272e-07
-1.79799e-05
4.02707e-06
-3.82742e-05
1.08682e-05
-4.37203e-05
2.24192e-05
-3.33607e-05
3.98985e-05
-6.11754e-06
6.46113e-05
3.92432e-05
9.79356e-05
0.000104121
0.000141282
0.000190028
0.00019602
0.000298483
0.000263364
0.000430848
0.000344228
0.00058811
0.000439041
0.000770621
0.000547569
0.000977824
0.00066876
0.00120803
0.000800662
0.00145828
0.000940457
0.00172448
0.00108461
0.00200145
0.00122905
0.0022845
0.00136967
0.00256621
0.0028401
0.00150362
6.40871e-07
-1.86208e-05
3.50354e-06
-4.11368e-05
9.59812e-06
-4.98149e-05
1.99989e-05
-4.37615e-05
3.58619e-05
-2.19806e-05
5.84341e-05
1.6671e-05
8.90479e-05
7.35075e-05
0.000129095
0.000149981
0.00017997
0.000247608
0.000242982
0.000367836
0.000319221
0.00051187
0.000409406
0.000680436
0.000513697
0.000873533
0.000631531
0.00109019
0.000761494
0.00132832
0.000901282
0.00158469
0.00104775
0.00185498
0.00119701
0.00213524
0.00134472
0.00241849
0.00269717
0.00148766
5.32623e-07
-1.91534e-05
3.02306e-06
-4.36273e-05
8.42358e-06
-5.52154e-05
1.77469e-05
-5.30848e-05
3.20849e-05
-3.63186e-05
5.26215e-05
-3.86556e-06
8.06347e-05
4.54943e-05
0.000117481
0.000113135
0.000164557
0.000200532
0.000223227
0.000309167
0.000294718
0.000440379
0.000379982
0.000595172
0.000479529
0.000773987
0.000593253
0.000976468
0.000720285
0.00120128
0.0008589
0.00144607
0.00100647
0.00170742
0.00115949
0.00198222
0.00131358
0.00226439
0.00254542
0.00146533
4.34876e-07
-1.95883e-05
2.58352e-06
-4.57759e-05
7.34078e-06
-5.99727e-05
1.5658e-05
-6.1402e-05
2.85623e-05
-4.92229e-05
4.71716e-05
-2.24749e-05
7.27026e-05
1.99633e-05
0.000106464
7.93729e-05
0.000149833
0.000157163
0.000204197
0.000254802
0.000270878
0.000373698
0.000351011
0.000515039
0.000445399
0.000679599
0.000554352
0.000867515
0.00067753
0.00107811
0.00081382
0.00130978
0.000961218
0.00156002
0.00111684
0.00182659
0.00127648
0.00210476
0.00238501
0.00143688
3.46892e-07
-1.99352e-05
2.1825e-06
-4.76115e-05
6.34507e-06
-6.41352e-05
1.37255e-05
-6.87824e-05
2.52861e-05
-6.07836e-05
4.20775e-05
-3.92663e-05
6.52501e-05
-3.20925e-06
9.60553e-05
4.85676e-05
0.000135831
0.000117388
0.000185965
0.000204668
0.000247832
0.000311831
0.0003227
0.000440171
0.000411609
0.000590689
0.00051523
0.000763894
0.000633713
0.000959624
0.000766568
0.00117693
0.000912507
0.00141408
0.00106949
0.00166961
0.00123376
0.00194049
0.00221589
0.00140288
2.67868e-07
-2.0203e-05
1.81731e-06
-4.9161e-05
5.43116e-06
-6.77491e-05
1.19412e-05
-7.52924e-05
2.22459e-05
-7.10883e-05
3.7328e-05
-5.43484e-05
5.82688e-05
-2.415e-05
8.62547e-05
2.05818e-05
0.000122572
8.10709e-05
0.000168582
0.000158658
0.00022568
0.000254733
0.000295221
0.00037063
0.000378423
0.000507488
0.000476251
0.000666067
0.000589293
0.000846582
0.000717658
0.00104856
0.00086084
0.0012709
0.00101786
0.00151259
0.00118584
0.00177251
0.00203743
0.0013643
1.96958e-07
-2.04e-05
1.48504e-06
-5.0449e-05
4.59323e-06
-7.08573e-05
1.02959e-05
-8.0995e-05
1.94292e-05
-8.02217e-05
3.29087e-05
-6.78279e-05
5.17448e-05
-4.29862e-05
7.70539e-05
-4.72734e-06
0.000110059
4.80655e-05
0.000152079
0.000116638
0.000204498
0.000202314
0.000268712
0.000306416
0.000346061
0.000430138
0.000437736
0.000574392
0.000544689
0.00073963
0.000667572
0.00092568
0.000806685
0.00113179
0.000962313
0.00135696
0.0011331
0.00160172
0.00184791
0.00132262
1.33287e-07
-2.05333e-05
1.18267e-06
-5.14984e-05
3.82514e-06
-7.34997e-05
8.77963e-06
-8.59495e-05
1.68221e-05
-8.82641e-05
2.88021e-05
-7.98078e-05
4.56593e-05
-5.98434e-05
6.84367e-05
-2.75048e-05
9.82873e-05
1.8215e-05
0.00013647
7.8455e-05
0.000184332
0.000154452
0.000243276
0.000247472
0.000314705
0.000358709
0.000399963
0.000489134
0.000500275
0.000639318
0.00061674
0.000809215
0.000750416
0.000998111
0.000903009
0.00120437
0.00107572
0.00142901
0.00164383
0.00127979
7.59864e-08
-2.06093e-05
9.07157e-07
-5.23296e-05
3.12061e-06
-7.57132e-05
7.38216e-06
-9.02111e-05
1.44098e-05
-9.52918e-05
2.49892e-05
-9.03872e-05
3.99901e-05
-7.48443e-05
6.03808e-05
-4.78956e-05
8.72386e-05
-8.64279e-06
0.000121751
4.39421e-05
0.00016521
0.000110993
0.000218988
0.000193695
0.000284501
0.000293196
0.000363171
0.000410464
0.000456388
0.0005461
0.000565547
0.000700057
0.000692271
0.000871387
0.000839535
0.00105711
0.00101297
0.00125558
0.00141895
0.00123785
2.42417e-08
-2.06335e-05
6.55498e-07
-5.29608e-05
2.47338e-06
-7.75311e-05
6.09304e-06
-9.38307e-05
1.21772e-05
-0.000101376
2.14499e-05
-9.966e-05
3.47128e-05
-8.81072e-05
5.28599e-05
-6.60426e-05
7.68894e-05
-3.26723e-05
0.000107911
1.29209e-05
0.000147142
7.17618e-05
0.000195897
0.00014494
0.000255564
0.000233529
0.000327568
0.00033846
0.000413352
0.000460317
0.000514399
0.000599009
0.000632467
0.000753319
0.000770465
0.000919107
0.000936831
0.00108921
0.00115582
0.00119996
-2.28507e-08
-2.06106e-05
4.25014e-07
-5.34087e-05
1.87769e-06
-7.89837e-05
4.9024e-06
-9.68554e-05
1.01093e-05
-0.000106583
1.81641e-05
-0.000107715
2.98025e-05
-9.97456e-05
4.58452e-05
-8.20854e-05
6.7211e-05
-5.40381e-05
9.49251e-05
-1.47932e-05
0.000130122
3.65652e-05
0.000174037
0.000101025
0.000227989
0.000179577
0.000293351
0.000273098
0.00037151
0.000382158
0.000463841
0.000506679
0.000571755
0.000645404
0.000696896
0.000793967
0.000839042
0.000947066
0.00104329
0.00095157
-6.58752e-08
-2.05448e-05
2.12611e-07
-5.36872e-05
1.32731e-06
-8.00984e-05
3.79992e-06
-9.9328e-05
8.19123e-06
-0.000110974
1.51113e-05
-0.000114635
2.52332e-05
-0.000109867
3.93068e-05
-9.61589e-05
5.81718e-05
-7.29031e-05
8.27676e-05
-3.9389e-05
0.000114137
5.19536e-06
0.000153424
6.17379e-05
0.000201854
0.000131147
0.000260703
0.000214249
0.000331242
0.000311619
0.000414635
0.000423285
0.000511745
0.000548294
0.000622438
0.000683274
0.000744999
0.000824506
0.000932902
0.000855391
-1.05599e-07
-2.04392e-05
1.71074e-08
-5.38099e-05
8.17297e-07
-8.08986e-05
2.77687e-06
-0.000101288
6.40947e-06
-0.000114607
1.22729e-05
-0.000120498
2.09808e-05
-0.000118575
3.32153e-05
-0.000108393
4.97394e-05
-8.94272e-05
7.14071e-05
-6.10566e-05
9.91679e-05
-2.25655e-05
0.000134065
2.68413e-05
0.000177217
8.79948e-05
0.000229785
0.000161681
0.000292904
0.0002485
0.000367545
0.000348644
0.000454263
0.000461577
0.000552521
0.000585016
0.000661486
0.00071554
0.0008293
0.000765088
-1.42742e-07
-2.02964e-05
-1.66611e-07
-5.3786e-05
3.42674e-07
-8.14079e-05
1.82508e-06
-0.00010277
4.75154e-06
-0.000117533
9.63124e-06
-0.000125378
1.70221e-05
-0.000125966
2.75424e-05
-0.000118914
4.18819e-05
-0.000103767
6.08115e-05
-7.99863e-05
8.51884e-05
-4.69424e-05
0.000115953
-3.92367e-06
0.000154116
4.98321e-05
0.000200719
0.000115077
0.000256769
0.000192451
0.000323105
0.000282308
0.000400187
0.000384494
0.000487612
0.000497591
0.000584834
0.000618318
0.000731768
0.000682367
-1.77611e-07
-2.01188e-05
-3.37621e-07
-5.3626e-05
-1.00378e-07
-8.16452e-05
9.37293e-07
-0.000103808
3.20627e-06
-0.000119802
7.17048e-06
-0.000129342
1.33361e-05
-0.000132132
2.22618e-05
-0.000127839
3.45686e-05
-0.000116074
5.09487e-05
-9.63663e-05
7.21704e-05
-6.8164e-05
9.90761e-05
-3.08294e-05
0.000132569
1.6339e-05
0.000173581
7.40656e-05
0.000223009
0.000143023
0.000281612
0.000223705
0.00034985
0.000316256
0.000427591
0.00041985
0.000514605
0.000531304
0.000639819
0.000606553
-2.10624e-07
-1.99082e-05
-4.98396e-07
-5.33383e-05
-5.15632e-07
-8.16279e-05
1.07329e-07
-0.000104431
1.76383e-06
-0.000121459
4.87649e-06
-0.000132455
9.90386e-06
-0.000137159
1.73495e-05
-0.000135285
2.77709e-05
-0.000126495
4.17871e-05
-0.000110383
6.00836e-05
-8.64606e-05
8.34113e-05
-5.41571e-05
0.000112575
-1.28247e-05
0.000148407
3.8233e-05
0.00019172
9.97098e-05
0.000243226
0.0001722
0.000303444
0.000256038
0.000372569
0.000350725
0.000450842
0.00045303
0.000553429
0.000537233
-2.42103e-07
-1.96661e-05
-6.50209e-07
-5.29301e-05
-9.05835e-07
-8.13723e-05
-6.70416e-07
-0.000104666
4.15727e-07
-0.000122545
2.73688e-06
-0.000134776
6.70831e-06
-0.000141131
1.27835e-05
-0.00014136
2.14618e-05
-0.000135173
3.3296e-05
-0.000122217
4.88961e-05
-0.000102061
6.89301e-05
-7.4191e-05
9.41158e-05
-3.80104e-05
0.000125202
7.14656e-06
0.000162936
6.19757e-05
0.000208017
0.000127119
0.000261057
0.000202998
0.000322588
0.000289194
0.000393341
0.000382277
0.000472601
0.000474169
-2.72278e-07
-1.93938e-05
-7.94072e-07
-5.24084e-05
-1.27346e-06
-8.08929e-05
-1.40016e-06
-0.000104539
-8.45362e-07
-0.0001231
7.40844e-07
-0.000136362
3.73446e-06
-0.000144124
8.54387e-06
-0.00014617
1.56166e-05
-0.000142246
2.54456e-05
-0.000132046
3.85743e-05
-0.000115189
5.5598e-05
-9.12147e-05
7.71599e-05
-5.95723e-05
0.000103941
-1.96348e-05
0.000136644
2.92725e-05
0.000175977
8.7787e-05
0.000222665
0.00015631
0.000277539
0.00023432
0.000341743
0.000318073
0.000397286
0.000417058
-3.01307e-07
-1.90925e-05
-9.30762e-07
-5.17789e-05
-1.62047e-06
-8.02032e-05
-2.08572e-06
-0.000104074
-2.02558e-06
-0.00012316
-1.12105e-06
-0.000137267
9.68877e-07
-0.000146214
4.61249e-06
-0.000149813
1.02114e-05
-0.000147845
1.82065e-05
-0.000140041
2.90831e-05
-0.000126066
4.33743e-05
-0.000105506
6.1662e-05
-7.78599e-05
8.45748e-05
-4.25475e-05
0.000112787
1.05994e-06
0.000147031
5.35437e-05
0.000188142
0.000115198
0.000237194
0.000185268
0.000295621
0.000259647
0.000327407
0.0003655
-3.29294e-07
-1.87632e-05
-1.06086e-06
-5.10473e-05
-1.94839e-06
-7.93157e-05
-2.7302e-06
-0.000103292
-3.13027e-06
-0.00012276
-2.85711e-06
-0.00013754
-1.60064e-06
-0.000147471
9.72335e-07
-0.000152386
5.22348e-06
-0.000152096
1.15488e-05
-0.000146366
2.03845e-05
-0.000134902
3.22123e-05
-0.000117334
4.75643e-05
-9.3212e-05
6.70304e-05
-6.20136e-05
9.12704e-05
-2.31801e-05
0.000121045
2.37691e-05
0.000157289
7.8954e-05
0.000201244
0.000141313
0.000254498
0.000206393
0.000262877
0.000319028
-3.56298e-07
-1.84069e-05
-1.18481e-06
-5.02188e-05
-2.2585e-06
-7.8242e-05
-3.33622e-06
-0.000102215
-4.16408e-06
-0.000121932
-4.47483e-06
-0.000137229
-3.98537e-06
-0.00014796
-2.39286e-06
-0.000153979
6.30265e-07
-0.000155119
5.44217e-06
-0.000151178
1.24382e-05
-0.000141898
2.20583e-05
-0.000126954
3.47964e-05
-0.00010595
5.12143e-05
-7.84314e-05
7.19653e-05
-4.39311e-05
9.78387e-05
-2.10431e-06
0.000129842
4.69511e-05
0.000169311
0.000101843
0.000217861
0.000157843
0.000203596
0.000277142
-3.82349e-07
-1.80246e-05
-1.30293e-06
-4.92982e-05
-2.55181e-06
-7.69931e-05
-3.90605e-06
-0.00010086
-5.13121e-06
-0.000120707
-5.98116e-06
-0.000136379
-6.1961e-06
-0.000147745
-5.49903e-06
-0.000154676
-3.59109e-06
-0.000157027
-1.4549e-07
-0.000154624
5.20001e-06
-0.000147243
1.28523e-05
-0.000134606
2.32762e-05
-0.000116374
3.70137e-05
-9.21689e-05
5.47154e-05
-6.16328e-05
7.71915e-05
-2.45804e-05
0.000105491
1.86516e-05
0.000140976
6.63586e-05
0.000185179
0.000113641
0.000149451
0.000239323
-4.07461e-07
-1.76171e-05
-1.41547e-06
-4.82902e-05
-2.82922e-06
-7.55793e-05
-4.44173e-06
-9.92478e-05
-6.03554e-06
-0.000119113
-7.38275e-06
-0.000135032
-8.24338e-06
-0.000146885
-8.36217e-06
-0.000154557
-7.464e-06
-0.000157925
-5.24757e-06
-0.00015684
-1.37721e-06
-0.000151114
4.52843e-06
-0.000140512
1.2912e-05
-0.000124758
2.43008e-05
-0.000103558
3.93425e-05
-7.66745e-05
5.88562e-05
-4.40942e-05
8.38995e-05
-6.39167e-06
0.000115798
3.44604e-05
0.000155924
7.35143e-05
0.000100315
0.00020506
-4.31641e-07
-1.71855e-05
-1.52267e-06
-4.71992e-05
-3.09152e-06
-7.40105e-05
-4.94517e-06
-9.73942e-05
-6.8808e-06
-0.000117177
-8.68609e-06
-0.000133227
-1.01377e-05
-0.000145433
-1.09985e-05
-0.000153696
-1.10126e-05
-0.000157911
-9.8993e-06
-0.000157953
-7.3437e-06
-0.000153669
-2.98448e-06
-0.000144871
3.60389e-06
-0.000131346
1.29365e-05
-0.00011289
2.56541e-05
-8.9392e-05
4.25699e-05
-6.101e-05
6.47181e-05
-2.85399e-05
9.33378e-05
5.84074e-06
0.000129594
3.72581e-05
5.60452e-05
0.000173864
-4.54896e-07
-1.67306e-05
-1.62473e-06
-4.60294e-05
-3.3395e-06
-7.22957e-05
-5.41824e-06
-9.53155e-05
-7.67068e-06
-0.000114925
-9.89765e-06
-0.000131
-1.18897e-05
-0.000143441
-1.34245e-05
-0.000152161
-1.42618e-05
-0.000157074
-1.41371e-05
-0.000158078
-1.2752e-05
-0.000155054
-9.76096e-06
-0.000147862
-4.7527e-06
-0.000136354
2.77544e-06
-0.000120419
1.34513e-05
-0.000100068
2.80665e-05
-7.56252e-05
4.76032e-05
-4.80766e-05
7.31782e-05
-1.97342e-05
0.000105725
4.71111e-06
1.64854e-05
0.000145285
-4.77243e-07
-1.62533e-05
-1.72188e-06
-4.47847e-05
-3.57394e-06
-7.04437e-05
-5.86279e-06
-9.30266e-05
-8.40886e-06
-0.000112379
-1.10239e-05
-0.000128385
-1.35101e-05
-0.000140955
-1.56569e-05
-0.000150015
-1.72368e-05
-0.000155494
-1.79982e-05
-0.000157317
-1.76558e-05
-0.000155397
-1.58772e-05
-0.000149641
-1.22642e-05
-0.000139967
-6.32855e-06
-0.000126354
2.53722e-06
-0.000108934
1.50879e-05
-8.81759e-05
3.22307e-05
-6.52194e-05
5.49368e-05
-4.24403e-05
8.39059e-05
-2.4258e-05
-1.85323e-05
0.000118924
-4.98705e-07
-1.57546e-05
-1.81436e-06
-4.34691e-05
-3.79562e-06
-6.84624e-05
-6.28071e-06
-9.05415e-05
-9.09902e-06
-0.00010956
-1.20715e-05
-0.000125412
-1.50096e-05
-0.000138017
-1.77126e-05
-0.000147312
-1.99631e-05
-0.000153243
-2.15199e-05
-0.00015576
-2.21088e-05
-0.000154808
-2.14089e-05
-0.000150341
-1.90353e-05
-0.000142341
-1.45177e-05
-0.000130872
-7.27634e-06
-0.000116175
3.39355e-06
-9.88458e-05
1.83066e-05
-8.01325e-05
3.82775e-05
-6.24112e-05
6.37841e-05
-4.97646e-05
-4.91809e-05
9.44327e-05
-5.19317e-07
-1.52353e-05
-1.90242e-06
-4.2086e-05
-4.00538e-06
-6.63594e-05
-6.67389e-06
-8.7873e-05
-9.74485e-06
-0.00010649
-1.30468e-05
-0.00012211
-1.63989e-05
-0.000134665
-1.96082e-05
-0.000144102
-2.24657e-05
-0.000150386
-2.4739e-05
-0.000153487
-2.61633e-05
-0.000153383
-2.64292e-05
-0.000150075
-2.51663e-05
-0.000143604
-2.19257e-05
-0.000134112
-1.6163e-05
-0.000121938
-7.23384e-06
-0.000107775
5.57439e-06
-9.29407e-05
2.29168e-05
-7.97536e-05
4.50713e-05
-7.19191e-05
-7.56311e-05
7.15216e-05
-5.39122e-07
-1.46962e-05
-1.98635e-06
-4.06388e-05
-4.20405e-06
-6.41417e-05
-7.0442e-06
-8.50328e-05
-1.035e-05
-0.000103184
-1.39562e-05
-0.000118504
-1.76882e-05
-0.000130932
-2.13599e-05
-0.000140431
-2.47688e-05
-0.000146977
-2.76904e-05
-0.000150565
-2.98691e-05
-0.000151205
-3.10069e-05
-0.000148937
-3.075e-05
-0.000143861
-2.86746e-05
-0.000136188
-2.42775e-05
-0.000126335
-1.69816e-05
-0.000115071
-6.18194e-06
-0.00010374
8.62228e-06
-9.45579e-05
2.75487e-05
-9.08456e-05
-9.80367e-05
4.99543e-05
-5.58172e-07
-1.4138e-05
-2.06642e-06
-3.91305e-05
-4.39244e-06
-6.18157e-05
-7.39348e-06
-8.20318e-05
-1.09179e-05
-9.96593e-05
-1.48057e-05
-0.000114616
-1.88876e-05
-0.000126851
-2.29828e-05
-0.000136335
-2.68951e-05
-0.000143065
-3.04072e-05
-0.000147053
-3.32723e-05
-0.00014834
-3.52051e-05
-0.000147004
-3.58701e-05
-0.000143196
-3.48722e-05
-0.000137186
-3.17535e-05
-0.000129454
-2.60078e-05
-0.000120817
-1.71374e-05
-0.000112611
-4.78038e-06
-0.000106915
1.11238e-05
-0.00010675
-0.000116451
2.95386e-05
-5.76518e-07
-1.35615e-05
-2.14292e-06
-3.75641e-05
-4.57135e-06
-5.93873e-05
-7.72348e-06
-7.88797e-05
-1.1452e-05
-9.59308e-05
-1.56012e-05
-0.000110467
-2.00062e-05
-0.000122446
-2.44913e-05
-0.00013185
-2.88657e-05
-0.00013869
-3.29191e-05
-0.000143
-3.64144e-05
-0.000144844
-3.90796e-05
-0.000144339
-4.05997e-05
-0.000141676
-4.0611e-05
-0.000137174
-3.87032e-05
-0.000131361
-3.44417e-05
-0.000125078
-2.74281e-05
-0.000119624
-1.73979e-05
-0.000116945
-4.34121e-06
-0.000119806
-0.000130798
1.00049e-05
-5.9421e-07
-1.29673e-05
-2.21609e-06
-3.59422e-05
-4.74152e-06
-5.68619e-05
-8.03578e-06
-7.55854e-05
-1.19552e-05
-9.20113e-05
-1.63477e-05
-0.000106074
-2.10525e-05
-0.000117741
-2.5898e-05
-0.000127005
-3.06991e-05
-0.000133889
-3.52527e-05
-0.000138446
-3.93316e-05
-0.000140765
-4.26786e-05
-0.000140992
-4.50008e-05
-0.000139353
-4.59673e-05
-0.000136208
-4.5217e-05
-0.000132112
-4.23845e-05
-0.000127911
-3.71608e-05
-0.000124848
-2.94056e-05
-0.0001247
-1.93991e-05
-0.000129813
-0.000142112
-8.08438e-06
-6.11294e-07
-1.2356e-05
-2.28619e-06
-3.42673e-05
-4.90358e-06
-5.42445e-05
-8.33181e-06
-7.21572e-05
-1.24302e-05
-8.79129e-05
-1.70499e-05
-0.000101455
-2.20337e-05
-0.000112757
-2.72141e-05
-0.000121824
-3.24117e-05
-0.000128692
-3.74306e-05
-0.000133427
-4.20546e-05
-0.000136141
-4.60422e-05
-0.000137004
-4.91237e-05
-0.000136272
-5.10023e-05
-0.000134329
-5.13652e-05
-0.000131749
-4.99119e-05
-0.000129364
-4.64123e-05
-0.000128348
-4.08105e-05
-0.000130302
-3.33987e-05
-0.000137225
-0.000150768
-2.47432e-05
-6.27804e-07
-1.17282e-05
-2.35338e-06
-3.25418e-05
-5.05808e-06
-5.15398e-05
-8.61275e-06
-6.86025e-05
-1.28793e-05
-8.36464e-05
-1.77118e-05
-9.66223e-05
-2.2956e-05
-0.000107513
-2.84491e-05
-0.000116331
-3.40169e-05
-0.000123124
-3.94716e-05
-0.000127972
-4.46083e-05
-0.000131005
-4.92023e-05
-0.00013241
-5.30079e-05
-0.000132466
-5.57624e-05
-0.000131575
-5.71997e-05
-0.000130311
-5.70791e-05
-0.000129484
-5.52389e-05
-0.000130188
-5.16848e-05
-0.000133856
-4.67185e-05
-0.000142191
-0.000156627
-4.08589e-05
-6.4376e-07
-1.10844e-05
-2.4178e-06
-3.07677e-05
-5.20543e-06
-4.87521e-05
-8.87953e-06
-6.49284e-05
-1.33043e-05
-7.92216e-05
-1.83363e-05
-9.15903e-05
-2.38246e-05
-0.000102024
-2.96104e-05
-0.000110546
-3.55256e-05
-0.000117209
-4.13905e-05
-0.000122107
-4.70123e-05
-0.000125383
-5.21834e-05
-0.000127239
-5.66826e-05
-0.000127967
-6.02808e-05
-0.000127976
-6.27563e-05
-0.000127836
-6.3923e-05
-0.000128318
-6.36787e-05
-0.000130432
-6.208e-05
-0.000135455
-5.94403e-05
-0.000144831
-0.000159794
-5.62737e-05
-6.59169e-07
-1.04253e-05
-2.47952e-06
-2.89474e-05
-5.34587e-06
-4.58858e-05
-9.13282e-06
-6.11415e-05
-1.37065e-05
-7.46479e-05
-1.89259e-05
-8.6371e-05
-2.46432e-05
-9.63071e-05
-3.07039e-05
-0.000104485
-3.69459e-05
-0.000110967
-4.31982e-05
-0.000115855
-4.92804e-05
-0.000119301
-5.50024e-05
-0.000121517
-6.01673e-05
-0.000122802
-6.45786e-05
-0.000123565
-6.80561e-05
-0.000124358
-7.04631e-05
-0.000125911
-7.17491e-05
-0.000129146
-7.20127e-05
-0.000135191
-7.15756e-05
-0.000145268
-0.00016042
-7.09491e-05
-6.74019e-07
-9.75124e-06
-2.53854e-06
-2.70829e-05
-5.47954e-06
-4.29448e-05
-9.37297e-06
-5.7248e-05
-1.40867e-05
-6.99342e-05
-1.94821e-05
-8.09756e-05
-2.54144e-05
-9.03748e-05
-3.17335e-05
-9.81657e-05
-3.82834e-05
-0.000104417
-4.49022e-05
-0.000109236
-5.14219e-05
-0.000112781
-5.767e-05
-0.000115269
-6.34734e-05
-0.000116999
-6.86666e-05
-0.000118372
-7.31078e-05
-0.000119917
-7.67044e-05
-0.000122314
-7.94502e-05
-0.0001264
-8.14777e-05
-0.000133164
-8.31124e-05
-0.000143633
-0.000158677
-8.48555e-05
-6.8828e-07
-9.06296e-06
-2.59482e-06
-2.51763e-05
-5.60638e-06
-3.99332e-05
-9.60009e-06
-5.32543e-05
-1.44454e-05
-6.50888e-05
-2.00058e-05
-7.54152e-05
-2.61398e-05
-8.42408e-05
-3.27015e-05
-9.1604e-05
-3.95414e-05
-9.7577e-05
-4.65065e-05
-0.000102271
-5.34415e-05
-0.000105846
-6.01911e-05
-0.000108519
-6.6605e-05
-0.000110585
-7.25468e-05
-0.00011243
-7.79099e-05
-0.000114554
-8.26403e-05
-0.000117584
-8.67696e-05
-0.000122271
-9.04563e-05
-0.000129477
-9.40263e-05
-0.000140063
-0.000154742
-9.79613e-05
-7.01906e-07
-8.36105e-06
-2.64822e-06
-2.323e-05
-5.72623e-06
-3.68552e-05
-9.81401e-06
-4.91666e-05
-1.47825e-05
-6.01204e-05
-2.04972e-05
-6.97005e-05
-2.68197e-05
-7.79183e-05
-3.36087e-05
-8.4815e-05
-4.0721e-05
-9.04647e-05
-4.80125e-05
-9.49798e-05
-5.53403e-05
-9.85181e-05
-6.25658e-05
-0.000101294
-6.95603e-05
-0.000103591
-7.62144e-05
-0.000105776
-8.24529e-05
-0.000108316
-8.82559e-05
-0.000111781
-9.36859e-05
-0.000116841
-9.89214e-05
-0.000124242
-0.000104285
-0.0001347
-0.000148794
-0.000110233
-7.14836e-07
-7.64622e-06
-2.69856e-06
-2.12463e-05
-5.83879e-06
-3.3715e-05
-1.00143e-05
-4.4991e-05
-1.50975e-05
-5.50372e-05
-2.09557e-05
-6.38422e-05
-2.74538e-05
-7.14202e-05
-3.44547e-05
-7.78141e-05
-4.18216e-05
-8.30979e-05
-4.94191e-05
-8.73822e-05
-5.71163e-05
-9.08208e-05
-6.47904e-05
-9.36197e-05
-7.2333e-05
-9.6048e-05
-7.96592e-05
-9.84497e-05
-8.67219e-05
-0.000101253
-9.35301e-05
-0.000104973
-0.000100172
-0.000110199
-0.00010684
-0.000117573
-0.000113852
-0.000127688
-0.000141011
-0.000121635
-7.26996e-07
-6.91922e-06
-2.74563e-06
-1.92276e-05
-5.94363e-06
-3.0517e-05
-1.02005e-05
-4.07342e-05
-1.53896e-05
-4.98481e-05
-2.13805e-05
-5.78512e-05
-2.80408e-05
-6.47599e-05
-3.5238e-05
-7.06169e-05
-4.2841e-05
-7.54948e-05
-5.07232e-05
-7.95e-05
-5.8765e-05
-8.27791e-05
-6.68583e-05
-8.55264e-05
-7.49133e-05
-8.79931e-05
-8.28672e-05
-9.04958e-05
-9.06975e-05
-9.34227e-05
-9.84379e-05
-9.72321e-05
-0.000106197
-0.00010244
-0.000114178
-0.000109592
-0.00012269
-0.000119177
-0.000131567
-0.000132133
-7.38301e-07
-6.18092e-06
-2.78916e-06
-1.71768e-05
-6.04028e-06
-2.72659e-05
-1.03716e-05
-3.64029e-05
-1.56577e-05
-4.4562e-05
-2.17701e-05
-5.17389e-05
-2.8579e-05
-5.7951e-05
-3.59561e-05
-6.32399e-05
-4.37762e-05
-6.76747e-05
-5.19205e-05
-7.13557e-05
-6.02802e-05
-7.44194e-05
-6.87607e-05
-7.70458e-05
-7.7289e-05
-7.94648e-05
-8.5822e-05
-8.19628e-05
-9.43584e-05
-8.48863e-05
-0.000102953
-8.8638e-05
-0.00011173
-9.36631e-05
-0.000120899
-0.000100422
-0.000130761
-0.000109315
-0.000120637
-0.000141692
-7.48661e-07
-5.43226e-06
-2.82887e-06
-1.50966e-05
-6.12817e-06
-2.39666e-05
-1.0527e-05
-3.20041e-05
-1.59008e-05
-3.91882e-05
-2.21229e-05
-4.55169e-05
-2.90662e-05
-5.10076e-05
-3.66061e-05
-5.57e-05
-4.4623e-05
-5.96578e-05
-5.30056e-05
-6.29731e-05
-6.16544e-05
-6.57706e-05
-7.04875e-05
-6.82127e-05
-7.94466e-05
-7.05057e-05
-8.85059e-05
-7.29036e-05
-9.76821e-05
-7.571e-05
-0.000107047
-7.92733e-05
-0.000116738
-8.3972e-05
-0.000126969
-9.01906e-05
-0.000138032
-9.82525e-05
-0.000108391
-0.000150278
-7.57983e-07
-4.67428e-06
-2.86444e-06
-1.29901e-05
-6.20673e-06
-2.06243e-05
-1.06655e-05
-2.75452e-05
-1.61174e-05
-3.37363e-05
-2.2437e-05
-3.91973e-05
-2.94998e-05
-4.39448e-05
-3.71847e-05
-4.8015e-05
-4.53772e-05
-5.14653e-05
-5.39724e-05
-5.43779e-05
-6.28798e-05
-5.68632e-05
-7.20281e-05
-5.90644e-05
-8.13723e-05
-6.11615e-05
-9.0901e-05
-6.33748e-05
-0.000100647
-6.59645e-05
-0.000110694
-6.92256e-05
-0.000121192
-7.34744e-05
-0.000132356
-7.90264e-05
-0.000144468
-8.61405e-05
-9.49982e-05
-0.000157861
-7.66175e-07
-3.9081e-06
-2.8956e-06
-1.08607e-05
-6.27537e-06
-1.72445e-05
-1.07865e-05
-2.30342e-05
-1.63061e-05
-2.82167e-05
-2.27105e-05
-3.27929e-05
-2.98773e-05
-3.6778e-05
-3.76886e-05
-4.02037e-05
-4.60341e-05
-4.31198e-05
-5.4815e-05
-4.55971e-05
-6.39481e-05
-4.773e-05
-7.33719e-05
-4.96406e-05
-8.30522e-05
-5.14813e-05
-9.29901e-05
-5.34369e-05
-0.000103231
-5.57241e-05
-0.00011387
-5.85861e-05
-0.000125064
-6.22805e-05
-0.00013703
-6.70606e-05
-0.000150041
-7.31291e-05
-8.06254e-05
-0.000164414
-7.7315e-07
-3.13495e-06
-2.92204e-06
-8.7118e-06
-6.33353e-06
-1.3833e-05
-1.08888e-05
-1.84789e-05
-1.64657e-05
-2.26397e-05
-2.29417e-05
-2.63169e-05
-3.01963e-05
-2.95234e-05
-3.81143e-05
-3.22857e-05
-4.65893e-05
-3.46449e-05
-5.55273e-05
-3.66591e-05
-6.48517e-05
-3.84056e-05
-7.45087e-05
-3.99836e-05
-8.44735e-05
-4.15165e-05
-9.47573e-05
-4.31531e-05
-0.000105415
-4.50664e-05
-0.000116552
-4.74491e-05
-0.000128329
-5.05033e-05
-0.000140965
-5.44252e-05
-0.000154725
-5.93689e-05
-6.54383e-05
-0.000169912
-7.78829e-07
-2.35612e-06
-2.94352e-06
-6.54711e-06
-6.3807e-06
-1.03958e-05
-1.09717e-05
-1.38879e-05
-1.65949e-05
-1.70165e-05
-2.31288e-05
-1.9783e-05
-3.04544e-05
-2.21978e-05
-3.84589e-05
-2.42813e-05
-4.70386e-05
-2.60651e-05
-5.6104e-05
-2.75937e-05
-6.55835e-05
-2.89261e-05
-7.54296e-05
-3.01375e-05
-8.56248e-05
-3.13213e-05
-9.61883e-05
-3.25896e-05
-0.000107183
-3.40718e-05
-0.000118721
-3.59113e-05
-0.000130967
-3.82573e-05
-0.000144139
-4.12533e-05
-0.000158497
-4.501e-05
-4.96012e-05
-0.000174335
-7.83145e-07
-1.57298e-06
-2.95981e-06
-4.37044e-06
-6.41644e-06
-6.93921e-06
-1.10344e-05
-9.26992e-06
-1.66927e-05
-1.13582e-05
-2.32704e-05
-1.32053e-05
-3.06497e-05
-1.48184e-05
-3.87195e-05
-1.62115e-05
-4.73787e-05
-1.7406e-05
-5.65405e-05
-1.84319e-05
-6.61375e-05
-1.93291e-05
-7.61268e-05
-2.01481e-05
-8.64965e-05
-2.09516e-05
-9.72717e-05
-2.18144e-05
-0.000108521
-2.28227e-05
-0.000120361
-2.40714e-05
-0.000132959
-2.56588e-05
-0.000146534
-2.76786e-05
-0.000161341
-3.02026e-05
-3.32777e-05
-0.000177665
-7.86045e-07
-7.86934e-07
-2.97075e-06
-2.18574e-06
-6.44042e-06
-3.46954e-06
-1.10765e-05
-4.63381e-06
-1.67583e-05
-5.67648e-06
-2.33652e-05
-6.59834e-06
-3.07806e-05
-7.40311e-06
-3.88942e-05
-8.0979e-06
-4.76066e-05
-8.69361e-06
-5.68331e-05
-9.20538e-06
-6.65089e-05
-9.65325e-06
-7.65944e-05
-1.00626e-05
-8.70812e-05
-1.04649e-05
-9.79982e-05
-1.08974e-05
-0.000109418
-1.14032e-05
-0.00012146
-1.20295e-05
-0.000134294
-1.28248e-05
-0.000148137
-1.38354e-05
-0.000163243
-1.50964e-05
-1.66305e-05
-0.00017989
-7.87494e-07
-2.97621e-06
-6.45239e-06
-1.10975e-05
-1.6791e-05
-2.34126e-05
-3.08459e-05
-3.89814e-05
-4.77204e-05
-5.69794e-05
-6.66947e-05
-7.68283e-05
-8.73737e-05
-9.83617e-05
-0.000109866
-0.000122009
-0.000134961
-0.000148938
-0.000164193
-0.000181002
-0.000266165
8.66737e-05
-1.5049e-06
-0.000305966
4.24411e-05
-2.64001e-06
-0.000351484
4.9339e-05
-3.82063e-06
-0.000387209
4.06187e-05
-4.89435e-06
-0.000416902
3.47117e-05
-5.01888e-06
-0.000443157
2.93443e-05
-3.08874e-06
-0.000462907
1.8e-05
1.7503e-06
-0.000479146
6.13414e-06
1.01045e-05
-0.000488786
-1.12279e-05
2.08677e-05
-0.000493531
-2.62552e-05
3.09999e-05
-0.000490969
-3.86721e-05
3.61099e-05
-0.000482135
-4.0656e-05
3.1823e-05
-0.000465531
-3.22476e-05
1.56427e-05
-0.000442481
-1.14291e-05
-1.16208e-05
-0.000412572
1.37614e-05
-4.36699e-05
-0.000376983
3.47614e-05
-7.0351e-05
-0.000334648
3.86199e-05
-8.09548e-05
-0.000283384
1.76637e-05
-6.8927e-05
-0.00021774
-2.90161e-05
-3.66283e-05
-0.000134093
-8.8953e-05
5.30571e-06
-3.15805e-05
-0.000145405
4.28931e-05
8.55563e-05
-0.000182665
6.55285e-05
0.000211616
-0.000195668
6.96082e-05
0.000339962
-0.000186128
5.77825e-05
0.000465631
-0.000162064
3.63944e-05
0.000584774
-0.000131514
1.23707e-05
0.000695347
-0.000101924
-8.64886e-06
0.000796247
-7.76638e-05
-2.32353e-05
0.000887402
-6.0965e-05
-3.019e-05
0.000969153
-5.16603e-05
-3.00915e-05
0.00104223
-4.84e-05
-2.46754e-05
0.00110746
-4.90284e-05
-1.62062e-05
0.00116575
-5.13395e-05
-6.94361e-06
0.00121791
-5.34106e-05
1.2495e-06
0.00126476
-5.39939e-05
7.14551e-06
0.00130698
-5.24351e-05
1.02154e-05
0.00134514
-4.87463e-05
1.05831e-05
0.00137981
-4.35296e-05
8.8558e-06
0.0014115
-3.7596e-05
5.90836e-06
0.00144048
-3.16437e-05
2.65999e-06
0.00146701
-2.63764e-05
-1.50615e-07
0.00149152
-2.24494e-05
-2.05469e-06
0.00151435
-1.99381e-05
-2.90001e-06
0.00153548
-1.83122e-05
-2.81282e-06
0.00155481
-1.72316e-05
-2.10012e-06
0.00157273
-1.67903e-05
-1.13034e-06
0.00158983
-1.6871e-05
-2.24682e-07
0.00160604
-1.66193e-05
4.04992e-07
0.00162085
-1.55038e-05
6.90358e-07
0.00163396
-1.37811e-05
6.7679e-07
0.00164625
-1.2765e-05
4.71161e-07
0.00165834
-1.22951e-05
2.11971e-07
0.00167081
-1.24677e-05
-1.94076e-09
0.00168179
-1.08633e-05
-1.20043e-07
0.00169155
-9.61297e-06
-1.45268e-07
0.00169788
-6.2259e-06
-1.10569e-07
0.00170444
-6.50638e-06
-5.2072e-08
0.00170891
-4.45867e-06
-8.62649e-09
0.00171591
-7.02309e-06
2.57064e-08
-5.59459e-06
2.38012e-08
-0.000264764
0.000171565
-0.000304465
8.21422e-05
-0.000349761
9.46348e-05
-0.000385355
7.62132e-05
-0.000414903
6.42594e-05
-0.000441027
5.54683e-05
-0.000460654
3.7627e-05
-0.000476772
2.22524e-05
-0.000486296
-1.70419e-06
-0.000490924
-2.16274e-05
-0.000488244
-4.13516e-05
-0.000479286
-4.96148e-05
-0.000462542
-4.89912e-05
-0.000439328
-3.46432e-05
-0.000409221
-1.63458e-05
-0.000373391
-1.06825e-06
-0.000330792
-3.97884e-06
-0.000279281
-3.38474e-05
-0.000213463
-9.48338e-05
-0.000129772
-0.000172644
-2.73693e-05
-0.000247808
8.95191e-05
-0.000299554
0.000215236
-0.000321384
0.000343198
-0.000314091
0.000468489
-0.000287354
0.00058729
-0.000250315
0.000697571
-0.000212206
0.000798229
-0.000178322
0.000889187
-0.000151922
0.000970772
-0.000133245
0.0010437
-0.000121328
0.0011088
-0.000114126
0.00116695
-0.00010949
0.00121898
-0.000105441
0.0012657
-0.000100715
0.0013078
-9.45328e-05
0.00134585
-8.67958e-05
0.00138042
-7.81006e-05
0.00141201
-6.91936e-05
0.00144092
-6.05499e-05
0.00146738
-5.28376e-05
0.00149183
-4.68979e-05
0.00151462
-4.27291e-05
0.00153571
-3.93974e-05
0.001555
-3.65289e-05
0.00157289
-3.46802e-05
0.00158996
-3.39391e-05
0.00160615
-3.28097e-05
0.00162095
-3.02972e-05
0.00163403
-2.68687e-05
0.00164631
-2.50449e-05
0.00165838
-2.43668e-05
0.00167085
-2.49285e-05
0.00168182
-2.1842e-05
0.00169158
-1.93695e-05
0.00169792
-1.25647e-05
0.00170448
-1.30665e-05
0.00170895
-8.93056e-06
0.00171595
-1.40226e-05
-1.11725e-05
-0.000261975
0.000255905
-0.000301482
0.000121649
-0.000346338
0.000139491
-0.000381676
0.000111551
-0.000410932
9.35158e-05
-0.000436786
8.13222e-05
-0.000456153
5.69947e-05
-0.00047201
3.81091e-05
-0.000481282
7.56772e-06
-0.000485651
-1.72586e-05
-0.000482714
-4.42889e-05
-0.000473485
-5.88437e-05
-0.000456454
-6.60219e-05
-0.00043292
-5.81774e-05
-0.000402449
-4.68169e-05
-0.000366217
-3.72997e-05
-0.000323197
-4.69989e-05
-0.000271312
-8.5733e-05
-0.000205255
-0.00016089
-0.000121533
-0.000256367
-1.93342e-05
-0.000350006
9.71395e-05
-0.000416027
0.000222294
-0.000446539
0.000349619
-0.000441416
0.000474262
-0.000411998
0.00059245
-0.000368502
0.000702175
-0.000321932
0.000802343
-0.000278489
0.000892869
-0.000242448
0.000974073
-0.000214449
0.00104666
-0.000193914
0.00111144
-0.00017891
0.0011693
-0.000167349
0.00122106
-0.0001572
0.00126753
-0.000147182
0.00130939
-0.000136396
0.00134723
-0.000124632
0.00138161
-0.00011248
0.00141304
-0.000100622
0.00144179
-8.93086e-05
0.00146813
-7.91711e-05
0.00149247
-7.12354e-05
0.00151516
-6.54243e-05
0.00153616
-6.04002e-05
0.00155539
-5.57549e-05
0.00157322
-5.25071e-05
0.00159023
-5.09513e-05
0.00160637
-4.89522e-05
0.00162112
-4.5051e-05
0.00163418
-3.99241e-05
0.00164643
-3.72975e-05
0.00165848
-3.64159e-05
0.00167093
-3.73717e-05
0.00168189
-3.28117e-05
0.00169165
-2.91226e-05
0.00169799
-1.8908e-05
0.00170455
-1.96298e-05
0.00170904
-1.34117e-05
0.00171604
-2.10266e-05
-1.67645e-05
-0.000257805
0.000339416
-0.000297025
0.000160869
-0.000341228
0.000183694
-0.000376181
0.000146504
-0.000405003
0.000122337
-0.00043045
0.00010677
-0.000449424
7.59687e-05
-0.000464883
5.35679e-05
-0.000473767
1.64517e-05
-0.00047774
-1.32854e-05
-0.000474408
-4.76207e-05
-0.000464769
-6.84827e-05
-0.000447309
-8.34825e-05
-0.000423305
-8.21808e-05
-0.000392318
-7.78042e-05
-0.000355521
-7.40968e-05
-0.00031193
-9.05901e-05
-0.000259553
-0.000138109
-0.000193199
-0.000227245
-0.000109461
-0.000340105
-7.5578e-06
-0.000451909
0.000108335
-0.00053192
0.000232712
-0.000570916
0.000359155
-0.000567859
0.000482889
-0.000535731
0.000600198
-0.000485812
0.00070911
-0.000430844
0.000808542
-0.000377921
0.000898409
-0.000332316
0.000979023
-0.000295063
0.00105108
-0.000265967
0.00111538
-0.00024321
0.00117279
-0.000224764
0.00122414
-0.000208548
0.00127023
-0.000193273
0.00131175
-0.000177916
0.00134927
-0.000162156
0.00138337
-0.000146579
0.00141455
-0.000131803
0.0014431
-0.000117851
0.00146924
-0.000105316
0.00149341
-9.54079e-05
0.00151597
-8.79758e-05
0.00153684
-8.12792e-05
0.00155596
-7.48734e-05
0.0015737
-7.02391e-05
0.00159062
-6.78797e-05
0.0016067
-6.50234e-05
0.00162139
-5.97464e-05
0.0016344
-5.29321e-05
0.00164661
-4.95099e-05
0.00165863
-4.84318e-05
0.00167104
-4.97891e-05
0.001682
-4.37679e-05
0.00169175
-3.88708e-05
0.0016981
-2.52583e-05
0.00170467
-2.61982e-05
0.00170916
-1.79067e-05
0.00171617
-2.80373e-05
-2.23779e-05
-0.000252261
0.000421817
-0.000291105
0.000199713
-0.000334445
0.000227034
-0.000368891
0.00018095
-0.000397137
0.000150583
-0.000422045
0.000131678
-0.000440495
9.4419e-05
-0.000455423
6.84959e-05
-0.000463788
2.48167e-05
-0.000467233
-9.83999e-06
-0.000463377
-5.14776e-05
-0.000453194
-7.86654e-05
-0.000435168
-0.000101508
-0.000410555
-0.000106794
-0.000378906
-0.000109453
-0.000341396
-0.000111607
-0.000297093
-0.000134893
-0.000244117
-0.000191085
-0.000177412
-0.00029395
-9.36788e-05
-0.000423839
7.82938e-06
-0.000553417
0.000122985
-0.000647076
0.000246379
-0.000694309
0.000371701
-0.000693181
0.000494273
-0.000658303
0.00061045
-0.000601989
0.000718301
-0.000538695
0.000816761
-0.000476382
0.00090575
-0.000421305
0.000985572
-0.000374885
0.00105691
-0.000337304
0.00112056
-0.000306858
0.00117738
-0.000281584
0.00122818
-0.000259353
0.00127378
-0.000238867
0.00131485
-0.000218985
0.00135196
-0.000199274
0.0013857
-0.000180315
0.00141656
-0.000162661
0.00144482
-0.000146111
0.00147071
-0.000131213
0.00149467
-0.000119363
0.00151703
-0.000110337
0.00153774
-0.000101994
0.00155672
-9.38494e-05
0.00157433
-8.78454e-05
0.00159114
-8.46973e-05
0.00160712
-8.10003e-05
0.00162174
-7.4365e-05
0.00163468
-6.58779e-05
0.00164684
-6.16695e-05
0.00165882
-6.0404e-05
0.0016712
-6.21724e-05
0.00168214
-5.47068e-05
0.00169188
-4.86127e-05
0.00169824
-3.16182e-05
0.00170482
-3.27736e-05
0.00170933
-2.24207e-05
0.00171635
-3.50572e-05
-2.80199e-05
-0.000245355
0.000502819
-0.000283739
0.000238098
-0.000326013
0.000269308
-0.000359828
0.000214765
-0.000387363
0.000178117
-0.000411602
0.000155917
-0.000429403
0.00011222
-0.000443673
8.27653e-05
-0.000451394
3.25381e-05
-0.000454186
-7.04783e-06
-0.000449681
-5.59829e-05
-0.00043883
-8.95166e-05
-0.000420114
-0.000120225
-0.000394762
-0.000132145
-0.000362318
-0.000141898
-0.00032396
-0.000149965
-0.000278819
-0.000180034
-0.000225148
-0.000244757
-0.00015805
-0.000361048
-7.43461e-05
-0.000507542
2.6667e-05
-0.00065443
0.000140935
-0.000761344
0.000263145
-0.000816519
0.000387121
-0.000817157
0.000508292
-0.000779474
0.000623096
-0.000716793
0.000729649
-0.000645248
0.000826914
-0.000573647
0.000914815
-0.000509206
0.000993651
-0.000453721
0.00106409
-0.000407747
0.00112693
-0.000369697
0.00118302
-0.000337667
0.00123315
-0.000309486
0.00127813
-0.00028385
0.00131865
-0.000259502
0.00135527
-0.000235894
0.00138856
-0.000213605
0.00141902
-0.000193124
0.00144694
-0.000174023
0.00147253
-0.000156805
0.00149621
-0.000143048
0.00151834
-0.000132463
0.00153885
-0.000122505
0.00155765
-0.000112649
0.0015751
-0.000105296
0.00159178
-0.000101378
0.00160764
-9.68611e-05
0.00162217
-8.8889e-05
0.00163504
-7.87474e-05
0.00164713
-7.37644e-05
0.00165905
-7.23228e-05
0.00167139
-7.45142e-05
0.00168231
-6.56247e-05
0.00169204
-5.83475e-05
0.00169842
-3.79907e-05
0.001705
-3.93583e-05
0.00170954
-2.69587e-05
0.00171657
-4.20891e-05
-3.36979e-05
-0.000237099
0.000582129
-0.000274943
0.000275942
-0.000315957
0.000310322
-0.000349022
0.00024783
-0.000375715
0.000204811
-0.000399163
0.000179365
-0.000416195
0.000129252
-0.000429685
9.62546e-05
-0.000436645
3.9498e-05
-0.000438666
-5.02609e-06
-0.000433399
-6.12505e-05
-0.000421764
-0.000101151
-0.000402244
-0.000139745
-0.000376038
-0.00015835
-0.000342681
-0.000175256
-0.000303357
-0.000189288
-0.000257269
-0.000226122
-0.000202819
-0.000299206
-0.000135295
-0.000428572
-5.16535e-05
-0.000591184
4.87708e-05
-0.000754855
0.000161998
-0.000874571
0.000282834
-0.000937355
0.00040525
-0.000939573
0.000524795
-0.000899018
0.000637999
-0.000829997
0.000743034
-0.000750284
0.000838894
-0.000669506
0.00092551
-0.000595822
0.00100318
-0.00053139
0.00107256
-0.000477133
0.00113444
-0.000431575
0.00118965
-0.000392878
0.00123899
-0.000358826
0.00128326
-0.000328114
0.00132313
-0.00029937
0.00135916
-0.000271931
0.00139193
-0.000246371
0.00142193
-0.000223124
0.00144943
-0.000201528
0.00147467
-0.000182038
0.00149803
-0.000166417
0.00151988
-0.000154311
0.00154015
-0.000142775
0.00155874
-0.00013124
0.00157601
-0.000122563
0.00159253
-0.000117897
0.00160825
-0.000112585
0.00162266
-0.000103302
0.00163544
-9.15273e-05
0.00164746
-8.57834e-05
0.00165932
-8.41789e-05
0.00167161
-8.68073e-05
0.00168251
-7.65185e-05
0.00169223
-6.80746e-05
0.00169862
-4.43789e-05
0.00170522
-4.59549e-05
0.00170979
-3.1526e-05
0.00171683
-4.9136e-05
-3.94196e-05
-0.000227508
0.00065944
-0.00026474
0.000313174
-0.000304306
0.000349889
-0.000336505
0.000280029
-0.000362234
0.00023054
-0.000384773
0.000201903
-0.000400924
0.000145404
-0.00041352
0.00010885
-0.000419608
4.55868e-05
-0.000420752
-3.88251e-06
-0.000414618
-6.73846e-05
-0.000402097
-0.000113672
-0.000381673
-0.00016017
-0.000354513
-0.00018551
-0.000320142
-0.000209626
-0.000279753
-0.000229678
-0.000232626
-0.000273249
-0.000177331
-0.0003545
-0.000109361
-0.000496542
-2.58191e-05
-0.000674726
7.39183e-05
-0.000854592
0.000185957
-0.00098661
0.00030524
-0.00105664
0.000425897
-0.00106023
0.000543608
-0.00101673
0.000655003
-0.000941392
0.000758317
-0.000853598
0.000852577
-0.000763766
0.000937726
-0.00068097
0.00101406
-0.000607723
0.00108223
-0.000545306
0.00114301
-0.000492354
0.00119722
-0.000447091
0.00124566
-0.00040726
0.0012891
-0.000371558
0.00132823
-0.000338498
0.0013636
-0.000307303
0.00139578
-0.000278543
0.00142525
-0.000252594
0.00145229
-0.000228567
0.00147711
-0.00020686
0.00150011
-0.000189422
0.00152164
-0.00017584
0.00154164
-0.00016277
0.00155999
-0.000149591
0.00157704
-0.000139619
0.00159338
-0.00013423
0.00160894
-0.000128152
0.00162323
-0.000117587
0.00163591
-0.000104205
0.00164784
-9.77162e-05
0.00165963
-9.59638e-05
0.00167186
-9.90455e-05
0.00168273
-8.73856e-05
0.00169245
-7.7794e-05
0.00169886
-5.07867e-05
0.00170547
-5.25663e-05
0.00171007
-3.61284e-05
0.00171714
-5.62011e-05
-4.51927e-05
-0.000216598
0.000734436
-0.000253149
0.000349726
-0.000291095
0.000387834
-0.000322315
0.000311249
-0.000346965
0.00025519
-0.000368484
0.000223422
-0.000383649
0.000160569
-0.000395246
0.000120448
-0.000400364
5.07045e-05
-0.000400532
-3.7143e-06
-0.000393439
-7.44779e-05
-0.000379943
-0.000127168
-0.000358529
-0.000181583
-0.000330332
-0.000213707
-0.000294868
-0.000245091
-0.000253333
-0.000271213
-0.000205094
-0.000321488
-0.000148906
-0.000410689
-8.04825e-05
-0.000564965
2.9251e-06
-0.000758134
0.000101866
-0.000953533
0.000212576
-0.00109732
0.000330138
-0.0011742
0.000448851
-0.00117894
0.000564537
-0.00113241
0.000673934
-0.00105079
0.000775341
-0.000955005
0.000867823
-0.000856249
0.000951339
-0.000764487
0.00102618
-0.000682568
0.001093
-0.000612127
0.00115256
-0.000551906
0.00120566
-0.000500192
0.00125308
-0.000454685
0.00129561
-0.00041409
0.00133392
-0.000376804
0.00136855
-0.000341936
0.00140006
-0.000310053
0.00142895
-0.000281477
0.00145547
-0.000255087
0.00147983
-0.000231224
0.00150243
-0.000212022
0.0015236
-0.000197012
0.00154329
-0.000182455
0.00156137
-0.000167675
0.00157819
-0.000156439
0.00159432
-0.000150356
0.00160971
-0.000143544
0.00162385
-0.000131732
0.00163642
-0.00011677
0.00164825
-0.000109553
0.00165996
-0.00010767
0.00167214
-0.000111223
0.00168298
-9.82242e-05
0.00169269
-8.75064e-05
0.00169912
-5.72181e-05
0.00170575
-5.91959e-05
0.00171039
-4.0772e-05
0.00171748
-6.32882e-05
-5.10254e-05
-0.000204384
0.000806783
-0.000240196
0.000385538
-0.000276358
0.000423995
-0.000306492
0.000341383
-0.000329955
0.000278653
-0.000350353
0.00024382
-0.000364437
0.000174653
-0.000374941
0.000130952
-0.000378998
5.47614e-05
-0.000378105
-4.60763e-06
-0.000369972
-8.26109e-05
-0.000355424
-0.000141716
-0.000332952
-0.000204056
-0.000303653
-0.000243005
-0.000267034
-0.00028171
-0.000224296
-0.000313951
-0.000174895
-0.000370888
-0.000117782
-0.000467802
-4.89117e-05
-0.000633836
3.4283e-05
-0.000841329
0.00013235
-0.0010516
0.000241598
-0.00120657
0.00035728
-0.00128988
0.000473882
-0.00129555
0.000587371
-0.0012459
0.000694598
-0.00115802
0.000793933
-0.00105434
0.000884481
-0.000946797
0.000966216
-0.000846222
0.00103943
-0.000755787
0.00110478
-0.000677468
0.00116299
-0.000610117
0.00121487
-0.000552076
0.00126119
-0.000501008
0.00130273
-0.000455624
0.00134014
-0.000414213
0.00137396
-0.000375763
0.00140475
-0.00034084
0.00143299
-0.000309715
0.00145894
-0.000281039
0.0014828
-0.000255086
0.00150496
-0.000234176
0.00152574
-0.000217793
0.00154509
-0.000201802
0.00156288
-0.000185464
0.00157944
-0.000173
0.00159534
-0.000166255
0.00161054
-0.000158745
0.00162453
-0.000145722
0.00163697
-0.000129211
0.0016487
-0.000121286
0.00166032
-0.000119291
0.00167243
-0.000123335
0.00168324
-0.000109033
0.00169295
-9.72131e-05
0.00169941
-6.36779e-05
0.00170606
-6.58478e-05
0.00171075
-4.54631e-05
0.00171787
-7.04013e-05
-5.69259e-05
-0.000190881
0.000876132
-0.000225903
0.000420559
-0.000260132
0.000458225
-0.000289079
0.00037033
-0.000311259
0.000300833
-0.000330443
0.000263003
-0.000343359
0.00018757
-0.000352685
0.000140277
-0.000355603
5.76793e-05
-0.000353573
-6.63711e-06
-0.000344333
-9.18512e-05
-0.000328673
-0.000157376
-0.00030509
-0.000227639
-0.000274644
-0.000273451
-0.000236832
-0.000319523
-0.000192855
-0.000357928
-0.000142263
-0.00042148
-8.42133e-05
-0.000525851
-1.49134e-05
-0.000703136
6.80139e-05
-0.000924256
0.000165096
-0.00114868
0.000272751
-0.00131422
0.000386409
-0.00140354
0.000500747
-0.00140988
0.000611885
-0.00135704
0.000716794
-0.00126292
0.000813911
-0.00115146
0.000902387
-0.00103527
0.000982212
-0.000926046
0.00105368
-0.000827258
0.00111743
-0.000741219
0.0011742
-0.000666885
0.00122478
-0.000602652
0.00126992
-0.000546145
0.00131038
-0.000496086
0.00134682
-0.000450657
0.00137978
-0.000408723
0.00140979
-0.000370849
0.00143734
-0.000337262
0.00146268
-0.000306379
0.001486
-0.000278407
0.00150767
-0.00025585
0.00152803
-0.000238152
0.00154701
-0.000220783
0.00156448
-0.000202937
0.00158077
-0.000189282
0.00159642
-0.000181909
0.00161141
-0.000173739
0.00162524
-0.000159546
0.00163755
-0.000141521
0.00164917
-0.000132909
0.0016607
-0.000130821
0.00167274
-0.000135379
0.00168352
-0.000119812
0.00169323
-0.000106916
0.00169972
-7.01715e-05
0.0017064
-7.25264e-05
0.00171114
-5.02088e-05
0.00171829
-7.75451e-05
-6.2903e-05
-0.000176105
0.000942111
-0.000210292
0.000454747
-0.000242457
0.000490389
-0.00027012
0.000397993
-0.00029093
0.000321643
-0.000308817
0.00028089
-0.00032049
0.000199243
-0.000328564
0.000148351
-0.000330276
5.93918e-05
-0.000327048
-9.86497e-06
-0.000316647
-0.000102253
-0.00029983
-0.000174192
-0.000275101
-0.000252367
-0.000243482
-0.000305071
-0.000204457
-0.000358547
-0.00015923
-0.000403155
-0.000107441
-0.000473269
-4.84623e-05
-0.00058483
2.12268e-05
-0.000772825
0.000103822
-0.00100685
0.000199816
-0.00124468
0.000305756
-0.00142016
0.000417254
-0.00151504
0.000529193
-0.00152182
0.000637847
-0.0014657
0.000740308
-0.00136538
0.000835084
-0.00124623
0.00092137
-0.00112156
0.000999172
-0.00100385
0.00106879
-0.00089688
0.00113086
-0.000803285
0.0011861
-0.000722123
0.00123529
-0.000651841
0.00127917
-0.000590025
0.00131849
-0.000535413
0.00135392
-0.000486078
0.00138596
-0.000440763
0.00141514
-0.000400032
0.00144195
-0.000364073
0.00146664
-0.000331069
0.00148939
-0.000301153
0.00151055
-0.000277012
0.00153046
-0.000258059
0.00154905
-0.000239373
0.00156618
-0.000220072
0.00158217
-0.000205267
0.00159756
-0.000197301
0.00161233
-0.000188514
0.00162598
-0.000173195
0.00163815
-0.000153692
0.00164966
-0.000144414
0.00166109
-0.000142255
0.00167306
-0.00014735
0.00168381
-0.000130562
0.00169351
-0.000116618
0.00170005
-7.67048e-05
0.00170676
-7.92369e-05
0.00171157
-5.50163e-05
0.00171875
-8.47244e-05
-6.89655e-05
-0.000160065
0.00100433
-0.000193385
0.000488067
-0.00022337
0.000520374
-0.000249662
0.000424285
-0.000269026
0.000341008
-0.000285542
0.000297406
-0.000295908
0.000209609
-0.000302668
0.000155111
-0.000303121
5.98444e-05
-0.000298645
-1.43404e-05
-0.000287042
-0.000113855
-0.000269039
-0.000192196
-0.000243146
-0.000278261
-0.000210345
-0.000337871
-0.000170113
-0.000398779
-0.000123646
-0.000449622
-7.06773e-05
-0.000526238
-1.07962e-05
-0.000644711
5.923e-05
-0.000842851
0.000141419
-0.00108904
0.000236221
-0.00133948
0.000340327
-0.00152427
0.000449543
-0.00162425
0.000558962
-0.00163124
0.000665018
-0.00157175
0.000764921
-0.00146529
0.000857253
-0.00133856
0.000941251
-0.00120556
0.00101694
-0.00107954
0.00108463
-0.000964566
0.00114493
-0.000863587
0.00119857
-0.000775759
0.0012463
-0.000699578
0.00128887
-0.000632589
0.001327
-0.000573549
0.00136135
-0.000520427
0.00139243
-0.00047184
0.00142074
-0.00042835
0.00144678
-0.000390111
0.00147079
-0.000355076
0.00149293
-0.000323292
0.00151355
-0.000297635
0.00153298
-0.000277492
0.00155116
-0.000257553
0.00156794
-0.000236851
0.00158361
-0.000220938
0.00159873
-0.000212419
0.00161328
-0.000203059
0.00162674
-0.000186661
0.00163877
-0.000165718
0.00165015
-0.000155798
0.00166149
-0.000153591
0.00167339
-0.000159248
0.00168411
-0.000141283
0.00169381
-0.000126322
0.00170039
-8.32846e-05
0.00170714
-8.5985e-05
0.00171202
-5.98937e-05
0.00171924
-9.1945e-05
-7.51227e-05
-0.000142772
0.00106236
-0.000175199
0.000520495
-0.000202907
0.000548082
-0.000227747
0.000449125
-0.000245602
0.000358863
-0.000260688
0.000312491
-0.000269692
0.000218613
-0.00027509
0.000160508
-0.00027424
5.89951e-05
-0.000268481
-2.00992e-05
-0.000255652
-0.000126685
-0.000236447
-0.000211401
-0.000209388
-0.000305319
-0.000175419
-0.00037184
-0.000134004
-0.000440195
-8.63316e-05
-0.000497294
-3.2221e-05
-0.000580349
2.85141e-05
-0.000705446
9.88173e-05
-0.000913154
0.000180512
-0.00117073
0.000274019
-0.00143299
0.000376178
-0.00162643
0.000483002
-0.00173108
0.000589796
-0.00173803
0.000693156
-0.00167511
0.000790412
-0.00156254
0.000880218
-0.00142837
0.000961851
-0.00128719
0.00103536
-0.00115304
0.00110104
-0.00103025
0.00115951
-0.000922063
0.00121149
-0.000827735
0.00125772
-0.000745809
0.00129892
-0.000673788
0.00133582
-0.00061045
0.00136906
-0.000553665
0.00139914
-0.000501916
0.00142655
-0.000455768
0.00145179
-0.000415347
0.00147509
-0.000378372
0.00149659
-0.000344801
0.00151666
-0.000317696
0.00153559
-0.000296429
0.00155334
-0.000275303
0.00156975
-0.000253259
0.0015851
-0.000236283
0.00159993
-0.00022725
0.00161423
-0.000217365
0.00162751
-0.000199937
0.00163939
-0.000177596
0.00165065
-0.000167058
0.00166188
-0.000164826
0.00167371
-0.000171071
0.0016844
-0.00015198
0.00169412
-0.000136034
0.00170075
-8.99181e-05
0.00170754
-9.27772e-05
0.0017125
-6.48494e-05
0.00171976
-9.92129e-05
-8.13846e-05
-0.000124228
0.00111575
-0.000155749
0.000552016
-0.000181103
0.000573436
-0.000204421
0.000472443
-0.000220717
0.000375158
-0.000234322
0.000326097
-0.000241925
0.000226216
-0.000245922
0.000164505
-0.000243742
5.68148e-05
-0.000236678
-2.71636e-05
-0.000222609
-0.000140754
-0.000202204
-0.000231806
-0.000173995
-0.000333527
-0.000138888
-0.000406948
-9.63343e-05
-0.000482748
-4.75122e-05
-0.000546116
7.68335e-06
-0.000635544
6.92028e-05
-0.000766966
0.000139706
-0.000983658
0.000220815
-0.00125184
0.000312923
-0.00152509
0.000413029
-0.00172653
0.000517357
-0.00183541
0.000621436
-0.00184211
0.000722021
-0.0017757
0.000816562
-0.00165709
0.000903777
-0.00151558
0.000982987
-0.0013664
0.00105425
-0.00122431
0.00111788
-0.00109388
0.00117448
-0.000978665
0.00122476
-0.000878009
0.00126945
-0.000790496
0.00130924
-0.000713586
0.00134488
-0.000646084
0.00137697
-0.00058576
0.00140602
-0.000530964
0.00143251
-0.00048226
0.00145692
-0.000439755
0.00147948
-0.000400935
0.00150034
-0.00036566
0.00151982
-0.000337177
0.00153825
-0.000314854
0.00155556
-0.000292612
0.00157158
-0.000269286
0.00158659
-0.000251292
0.00160113
-0.000241787
0.00161519
-0.000231425
0.00162827
-0.00021302
0.00164
-0.000189323
0.00165114
-0.000178193
0.00166227
-0.000175961
0.00167402
-0.000182822
0.00168469
-0.000162654
0.00169442
-0.000145758
0.00170111
-9.66137e-05
0.00170796
-9.96207e-05
0.001713
-6.98925e-05
0.00172032
-0.000106535
-8.7761e-05
-0.000104432
0.00116403
-0.000135045
0.000582629
-0.00015799
0.00059638
-0.000179726
0.00049418
-0.000194424
0.000389855
-0.000206513
0.000338186
-0.000212686
0.00023239
-0.000215261
0.00016708
-0.000211733
5.32875e-05
-0.000203355
-3.5542e-05
-0.00018805
-0.000156059
-0.00016646
-0.000253396
-0.000137133
-0.000362854
-0.000100934
-0.000443147
-5.73065e-05
-0.000526376
-7.41077e-06
-0.000596012
4.87756e-05
-0.000691731
0.000111008
-0.000829198
0.000181622
-0.00105427
0.000262046
-0.00133227
0.00035265
-0.0016157
0.000450602
-0.00182449
0.000552345
-0.00193715
0.000653632
-0.0019434
0.000751379
-0.00187345
0.000843151
-0.00174886
0.000927731
-0.00160017
0.00100448
-0.00144315
0.00107347
-0.0012933
0.00113501
-0.00115543
0.00118971
-0.00103336
0.00123825
-0.000926551
0.00128137
-0.000833612
0.00131974
-0.000751958
0.00135408
-0.000680427
0.00138502
-0.000616693
0.00141302
-0.000558965
0.00143857
-0.000507809
0.00146213
-0.000463318
0.00148394
-0.000422749
0.00150414
-0.000385854
0.00152302
-0.000356064
0.00154093
-0.000332755
0.00155778
-0.000309468
0.00157342
-0.000284922
0.00158808
-0.000265958
0.00160232
-0.000256022
0.00161613
-0.000245235
0.00162902
-0.000225907
0.00164059
-0.0002009
0.0016516
-0.000189203
0.00166264
-0.000186995
0.00167432
-0.0001945
0.00168497
-0.000173311
0.00169472
-0.000155501
0.00170148
-0.00010338
0.00170839
-0.000106524
0.00171353
-7.50326e-05
0.00172091
-0.000113918
-9.42626e-05
-8.33696e-05
0.00120665
-0.000113091
0.00061235
-0.000133592
0.000616881
-0.000153701
0.000514288
-0.000166777
0.000402932
-0.000177328
0.000348737
-0.000182057
0.000237119
-0.000183199
0.000168222
-0.000178322
4.84105e-05
-0.000168635
-4.52289e-05
-0.00015211
-0.000172584
-0.000129366
-0.00027614
-9.8966e-05
-0.000393254
-6.17405e-05
-0.000480372
-1.7116e-05
-0.000571001
3.37524e-05
-0.00064688
9.08348e-05
-0.000748813
0.000153674
-0.000892037
0.000224298
-0.0011249
0.000303932
-0.0014119
0.000392928
-0.00170469
0.00048863
-0.00192019
0.000587707
-0.00203623
0.000686139
-0.00204183
0.000781
-0.00196831
0.000869969
-0.00183783
0.000951887
-0.00168208
0.00102615
-0.00151741
0.00109284
-0.00135999
0.00115229
-0.00121487
0.00120506
-0.00108614
0.00125186
-0.000973346
0.00129339
-0.000875142
0.00133032
-0.000788892
0.00136336
-0.000713467
0.00139312
-0.00064645
0.00142006
-0.000585907
0.00144466
-0.000532403
0.00146736
-0.000486027
0.00148842
-0.000443805
0.00150794
-0.000405373
0.00152622
-0.000374348
0.00154359
-0.000350124
0.00155999
-0.000325865
0.00157523
-0.000300162
0.00158955
-0.000280276
0.00160348
-0.000269953
0.00161704
-0.000258794
0.00162973
-0.0002386
0.00164116
-0.000212328
0.00165204
-0.000200089
0.00166298
-0.000197931
0.00167459
-0.000206111
0.00168524
-0.000183957
0.00169501
-0.000165271
0.00170185
-0.000110228
0.00170882
-0.000113495
0.00171407
-8.028e-05
0.00172152
-0.000121372
-0.0001009
-6.10145e-05
0.00124303
-8.98857e-05
0.000641221
-0.00010793
0.000634925
-0.00012638
0.000532739
-0.000137827
0.000414379
-0.000146833
0.000357743
-0.000150117
0.000240403
-0.000149831
0.000167935
-0.000143615
4.21949e-05
-0.000132639
-5.62047e-05
-0.000114923
-0.0001903
-9.10688e-05
-0.000299995
-5.96564e-05
-0.000424667
-2.14834e-05
-0.000518545
2.40331e-05
-0.000616517
7.57679e-05
-0.000698615
0.000133627
-0.000806672
0.000196956
-0.000955366
0.000267477
-0.00119542
0.000346214
-0.00149064
0.000433498
-0.00179198
0.00052686
-0.00201355
0.000623198
-0.00213256
0.000718724
-0.00213736
0.000810665
-0.00206025
0.00089681
-0.00192397
0.000976055
-0.00176133
0.00104783
-0.00158918
0.00111222
-0.00142439
0.00116956
-0.0012722
0.00122041
-0.00113699
0.00126546
-0.00101839
0.0013054
-0.000915086
0.0013409
-0.000824386
0.00137263
-0.000745202
0.00140121
-0.000675029
0.00142709
-0.000611786
0.00145073
-0.000556037
0.00147257
-0.000507875
0.00149287
-0.000464098
0.00151171
-0.000424215
0.00152939
-0.000392025
0.00154622
-0.000366957
0.00156215
-0.0003418
0.001577
-0.000315006
0.00159097
-0.000294244
0.00160459
-0.000283578
0.0016179
-0.0002721
0.0016304
-0.000251099
0.00164168
-0.00022361
0.00165245
-0.000210856
0.00166329
-0.000208773
0.00167483
-0.000217657
0.00168548
-0.000194598
0.00169528
-0.000175075
0.00170222
-0.000117167
0.00170927
-0.000120543
0.00171463
-8.56459e-05
0.00172216
-0.000128903
-0.000107686
-3.72996e-05
0.00127235
-6.54238e-05
0.000669346
-8.10152e-05
0.000650517
-9.77973e-05
0.000549521
-0.00010762
0.000424202
-0.000115092
0.000365214
-0.000116943
0.000242254
-0.000115247
0.000166239
-0.000107717
3.46651e-05
-9.5486e-05
-6.84359e-05
-7.66216e-05
-0.000209165
-5.17155e-05
-0.000324901
-1.93594e-05
-0.000457023
1.96631e-05
-0.000557568
6.59574e-05
-0.000662811
0.000118432
-0.000751089
0.000176931
-0.000865171
0.000240621
-0.00101906
0.000310916
-0.00126571
0.000388642
-0.00156836
0.000474112
-0.00187745
0.000565048
-0.00210448
0.000658584
-0.0022261
0.000751164
-0.00222994
0.000840164
-0.00214925
0.00092348
-0.00200729
0.00100006
-0.00183791
0.00106935
-0.00165848
0.00113146
-0.0014865
0.0011867
-0.00132745
0.00123564
-0.00118594
0.00127895
-0.0010617
0.00131731
-0.000953452
0.00135138
-0.000858447
0.00138181
-0.000775637
0.00140922
-0.000702436
0.00143404
-0.000636608
0.00145672
-0.000578716
0.00147771
-0.000528866
0.00149724
-0.00048363
0.00151541
-0.000442379
0.00153248
-0.000409096
0.00154877
-0.000383253
0.00156425
-0.000357274
0.00157869
-0.000329454
0.00159232
-0.000307866
0.00160564
-0.0002969
0.0016187
-0.000285158
0.00163101
-0.000263408
0.00164215
-0.000234751
0.0016528
-0.000221509
0.00166355
-0.000219526
0.00167504
-0.000229146
0.00168569
-0.000205243
0.00169553
-0.000184924
0.00170258
-0.000124209
0.00170971
-0.00012768
0.00171521
-9.11417e-05
0.00172283
-0.000136522
-0.000114631
-1.19519e-05
0.00129442
-3.97111e-05
0.000697105
-5.28465e-05
0.000663652
-6.79797e-05
0.000564654
-7.61981e-05
0.000432421
-8.21629e-05
0.000371179
-8.26085e-05
0.0002427
-7.95378e-05
0.000163169
-7.07317e-05
2.58589e-05
-5.7294e-05
-8.18736e-05
-3.73349e-05
-0.000229124
-1.14495e-05
-0.000350786
2.1756e-05
-0.000490228
6.153e-05
-0.000597342
0.000108479
-0.000709761
0.000161549
-0.000804159
0.000220539
-0.000924161
0.000284446
-0.00108296
0.000354385
-0.00133565
0.000430981
-0.00164496
0.000514537
-0.001961
0.000602968
-0.00219292
0.000693648
-0.00231678
0.000783252
-0.00231954
0.000869303
-0.0022353
0.000949796
-0.00208778
0.00102372
-0.00191183
0.00109055
-0.00172531
0.0011504
-0.00154634
0.00120357
-0.00138062
0.00125062
-0.00123299
0.00129221
-0.00110329
0.00132902
-0.00099026
0.00136167
-0.000891094
0.00139082
-0.000804789
0.00141707
-0.000728685
0.00144085
-0.000660385
0.00146258
-0.000600449
0.00148272
-0.000549007
0.0015015
-0.000502407
0.00151899
-0.000459871
0.00153546
-0.000425564
0.00155122
-0.000399018
0.00156624
-0.000372292
0.0015803
-0.000343511
0.00159358
-0.000321144
0.0016066
-0.000309921
0.00161941
-0.000297972
0.00163154
-0.000275536
0.00164255
-0.000245758
0.00165309
-0.000232053
0.00166376
-0.000230196
0.0016752
-0.000240584
0.00168586
-0.000215901
0.00169576
-0.000194828
0.00170292
-0.000131367
0.00171016
-0.000134917
0.0017158
-9.67798e-05
0.00172351
-0.000144239
-0.000121748
1.41001e-05
0.00130995
-1.28653e-05
0.00072407
-2.33745e-05
0.000674161
-3.69589e-05
0.000578239
-4.35924e-05
0.000439054
-4.81065e-05
0.000375693
-4.71836e-05
0.000241777
-4.2789e-05
0.000158774
-3.27535e-05
1.58234e-05
-1.81792e-05
-9.64479e-05
2.85384e-06
-0.000250157
2.95882e-05
-0.00037752
6.35393e-05
-0.000524179
0.000103954
-0.000637756
0.000151423
-0.00075723
0.000204933
-0.000857669
0.000264252
-0.000983481
0.000328222
-0.00114693
0.000397666
-0.00140509
0.000473013
-0.00172031
0.000554555
-0.00204255
0.000640408
-0.00227877
0.000728186
-0.00240456
0.000814794
-0.00240615
0.000897898
-0.0023184
0.000975586
-0.00216547
0.00104689
-0.00198313
0.00111129
-0.00178971
0.00116891
-0.00160396
0.00122005
-0.00143176
0.00126525
-0.00127819
0.00130515
-0.0011432
0.00134044
-0.00102554
0.00137169
-0.000922353
0.00139959
-0.000832682
0.0014247
-0.000753797
0.00144745
-0.000683136
0.00146825
-0.000621252
0.00148756
-0.000568312
0.00150559
-0.000520442
0.00152243
-0.000476704
0.0015383
-0.00044144
0.00155354
-0.000414259
0.00156811
-0.000386861
0.00158179
-0.000357186
0.00159473
-0.000334087
0.00160746
-0.00032265
0.00162003
-0.00031055
0.00163199
-0.000287489
0.00164287
-0.000256642
0.00165332
-0.0002425
0.00166391
-0.000240794
0.00167531
-0.000251981
0.00168599
-0.000226581
0.00169596
-0.000204798
0.00170325
-0.000138653
0.0017106
-0.000142265
0.00171639
-0.000102573
0.00172422
-0.000152065
-0.000129049
4.10993e-05
0.0013189
1.57005e-05
0.000749469
7.43227e-06
0.00068243
-4.89933e-06
0.00059057
-9.76753e-06
0.000443922
-1.29995e-05
0.000378925
-1.07029e-05
0.00023948
-5.11106e-06
0.000153182
6.14207e-06
4.57026e-06
2.17456e-05
-0.000112051
4.36642e-05
-0.000272075
7.12589e-05
-0.000405115
0.000105851
-0.000558771
0.000146775
-0.000678681
0.000194618
-0.000805072
0.000248406
-0.000911457
0.000307883
-0.00104296
0.000371753
-0.0012108
0.000440556
-0.0014739
0.000514533
-0.00179428
0.000593965
-0.00212198
0.000677173
-0.00236198
0.00076201
-0.0024894
0.000845613
-0.00248975
0.000925781
-0.00239857
0.00100069
-0.00224038
0.00106941
-0.00205184
0.00113143
-0.00185173
0.00118687
-0.0016594
0.00123602
-0.00148091
0.00127941
-0.00132158
0.00131767
-0.00118146
0.00135146
-0.00105933
0.00138137
-0.00095226
0.00140804
-0.000859347
0.00143204
-0.0007778
0.00145379
-0.000704885
0.00147369
-0.000641149
0.00149217
-0.000586801
0.00150948
-0.000537751
0.00152567
-0.000492891
0.00154097
-0.000456737
0.0015557
-0.000428987
0.00156983
-0.000400992
0.00158313
-0.000370489
0.00159575
-0.000346704
0.00160819
-0.000335096
0.00162055
-0.0003229
0.00163233
-0.000299278
0.0016431
-0.000267412
0.00165346
-0.000252857
0.001664
-0.000251327
0.00167536
-0.000263345
0.00168607
-0.000237297
0.00169612
-0.000214848
0.00170355
-0.000146083
0.00171103
-0.000149738
0.00171699
-0.000108536
0.00172494
-0.000160012
-0.000136549
6.98618e-05
0.00132065
4.58983e-05
0.000773433
3.90151e-05
0.000689313
2.8747e-05
0.000600838
2.49877e-05
0.000447682
2.31925e-05
0.00038072
2.66429e-05
0.00023603
3.34828e-05
0.000146342
4.57264e-05
-7.67329e-06
6.23686e-05
-0.000128694
8.51274e-05
-0.000294834
0.000113427
-0.000433415
0.000148542
-0.000593886
0.00018984
-0.000719979
0.000237904
-0.000853136
0.0002918
-0.000965353
0.000351256
-0.00110241
0.000414855
-0.0012744
0.000482867
-0.00154191
0.000555352
-0.00186677
0.000632581
-0.00219921
0.000713082
-0.00244248
0.000794949
-0.00257126
0.000875544
-0.00257035
0.000952797
-0.00247582
0.00102497
-0.00231255
0.00109115
-0.00211802
0.00115084
-0.00191143
0.00120415
-0.00171271
0.00125137
-0.00152813
0.001293
-0.00136321
0.00132967
-0.00121813
0.00136202
-0.00109168
0.00139062
-0.000980858
0.0014161
-0.000884824
0.00143903
-0.00080073
0.00145981
-0.000725666
0.00147882
-0.000660166
0.00149652
-0.000604498
0.00151313
-0.000554358
0.00152869
-0.000508454
0.00154343
-0.000471472
0.00155766
-0.00044322
0.00157137
-0.000414701
0.00158431
-0.000383434
0.00159662
-0.00035901
0.00160879
-0.00034727
0.00162093
-0.000335036
0.00163257
-0.000310916
0.00164323
-0.000278081
0.00165352
-0.000263138
0.001664
-0.000261807
0.00167534
-0.000274688
0.0016861
-0.00024806
0.00169624
-0.00022499
0.00170383
-0.000153671
0.00171144
-0.000157349
0.00171759
-0.000114682
0.00172567
-0.000168091
-0.000144261
0.000100279
0.00131487
7.7413e-05
0.000796299
7.21149e-05
0.000694611
6.34489e-05
0.000609504
6.08633e-05
0.000450268
6.03655e-05
0.000381218
6.48915e-05
0.000231504
7.28386e-05
0.000138395
8.60405e-05
-2.08752e-05
0.000103579
-0.000146232
0.000127073
-0.000318329
0.00015596
-0.000462301
0.000191468
-0.000629394
0.000232998
-0.00076151
0.000281124
-0.000901261
0.000334952
-0.00101918
0.000394203
-0.00116166
0.000457356
-0.00133756
0.000524425
-0.00160898
0.000595294
-0.00193764
0.000670232
-0.00227415
0.000747972
-0.00252022
0.000826848
-0.00265014
0.000904441
-0.00264794
0.000978809
-0.00255019
0.00104829
-0.00238203
0.00111198
-0.00218171
0.00116941
-0.00196886
0.00122066
-0.00176396
0.001266
-0.00157347
0.00130594
-0.00140315
0.00134107
-0.00125326
0.00137203
-0.00112264
0.00139937
-0.0010082
0.0014237
-0.000909157
0.0014456
-0.000822628
0.00146545
-0.000745516
0.00148362
-0.000678338
0.00150055
-0.000621432
0.00151649
-0.000570289
0.00153145
-0.000523415
0.00154564
-0.000485666
0.0015594
-0.000456974
0.0015727
-0.000428005
0.0015853
-0.000396039
0.00159731
-0.000371019
0.00160923
-0.000359188
0.00162117
-0.00034697
0.00163267
-0.000322417
0.00164325
-0.000288664
0.00165347
-0.000273357
0.00166391
-0.000272248
0.00167524
-0.000286024
0.00168607
-0.000258884
0.00169632
-0.000235239
0.00170408
-0.000161432
0.00171184
-0.000165114
0.00171819
-0.000121026
0.00172641
-0.000176316
-0.000152199
0.000132405
0.00130146
0.000110454
0.00081825
0.000106584
0.000698481
9.93229e-05
0.000616765
9.78323e-05
0.000451758
9.84636e-05
0.000380586
0.000103975
0.000225993
0.000112892
0.000129478
0.000126949
-3.49322e-05
0.000145268
-0.000164551
0.000169379
-0.000342439
0.000198725
-0.000491647
0.00023449
-0.00066516
0.000276103
-0.000803123
0.000324127
-0.000949284
0.00037771
-0.00107277
0.000436567
-0.00122052
0.000499096
-0.00140008
0.000565068
-0.00167495
0.000634201
-0.00200677
0.000706764
-0.00234671
0.000781695
-0.00259515
0.000857565
-0.00272601
0.000932173
-0.00272255
0.00100369
-0.00262171
0.00107053
-0.00244887
0.0011318
-0.00224299
0.00118703
-0.00202408
0.00123628
-0.00181321
0.00127983
-0.00161702
0.00131813
-0.00144145
0.00135179
-0.00128692
0.00138142
-0.00115227
0.00140755
-0.00103433
0.00143079
-0.000932397
0.0014517
-0.000843539
0.00147066
-0.000764475
0.00148803
-0.000695702
0.00150423
-0.000637638
0.00151952
-0.000585574
0.00153391
-0.000537803
0.00154758
-0.000499344
0.00156088
-0.000470273
0.0015738
-0.000440926
0.00158609
-0.000408324
0.00159782
-0.000382751
0.0016095
-0.000370865
0.00162124
-0.000358719
0.00163263
-0.000333798
0.00164314
-0.000299177
0.00165331
-0.000283528
0.00166372
-0.000282662
0.00167507
-0.000297365
0.00168597
-0.000269784
0.00169634
-0.000245612
0.00170429
-0.000169385
0.00171222
-0.000173047
0.00171878
-0.000127585
0.00172717
-0.000184701
-0.000160378
0.000166337
0.00128046
0.000145137
0.00083945
0.000142443
0.000701175
0.000136401
0.000622807
0.000135854
0.000452305
0.000137457
0.000378984
0.000143821
0.000219628
0.000153575
0.000119724
0.000168359
-4.97164e-05
0.000187329
-0.00018352
0.000211924
-0.000367035
0.000241592
-0.000521315
0.00027747
-0.000701038
0.000319011
-0.000844664
0.000366766
-0.000997039
0.000419924
-0.00112592
0.000478202
-0.0012788
0.000539927
-0.00146181
0.000604647
-0.00173967
0.000671926
-0.00207405
0.000742035
-0.00241682
0.000814118
-0.00266723
0.000886977
-0.00279887
0.000958621
-0.00279419
0.00102733
-0.00269042
0.00109159
-0.00251312
0.00115051
-0.00230191
0.00120361
-0.00207718
0.00125094
-0.00186055
0.00129276
-0.00165884
0.00132951
-0.0014782
0.00136176
-0.00131917
0.00139012
-0.00118063
0.00141511
-0.00105932
0.00143731
-0.000954599
0.00145728
-0.000863515
0.0014754
-0.000782592
0.001492
-0.000712301
0.00150751
-0.000653152
0.00152219
-0.000600247
0.00153603
-0.000551649
0.00154922
-0.000512534
0.00156209
-0.000483142
0.00157465
-0.000453485
0.00158664
-0.00042031
0.00159811
-0.000394224
0.00160957
-0.000382321
0.00162115
-0.000370302
0.00163243
-0.000345076
0.00164289
-0.000309638
0.00165303
-0.000293667
0.00166343
-0.000293067
0.0016748
-0.000308727
0.00168579
-0.000280777
0.0016963
-0.000256125
0.00170446
-0.000177546
0.00171258
-0.000181166
0.00171937
-0.000134375
0.00172793
-0.000193261
-0.000168814
0.000202191
0.00125217
0.000181575
0.000860066
0.00017974
0.000703011
0.000174702
0.000627844
0.00017491
0.000452097
0.000177306
0.000376588
0.000184369
0.000212565
0.00019481
0.000109283
0.000210178
-6.50844e-05
0.000229653
-0.000202995
0.000254589
-0.000391971
0.000284433
-0.00055116
0.000320272
-0.000736876
0.000361582
-0.000885975
0.000408901
-0.00104436
0.000461455
-0.00117848
0.000518965
-0.00133631
0.000579709
-0.00152255
0.000643025
-0.00180299
0.000708336
-0.00213936
0.000775919
-0.0024844
0.000845122
-0.00273643
0.000914974
-0.00286872
0.000983685
-0.0028629
0.00104964
-0.00275638
0.00111137
-0.00257485
0.00116802
-0.00235855
0.00121907
-0.00212823
0.00126456
-0.00190604
0.00130473
-0.00169901
0.00133999
-0.00151346
0.00137091
-0.00135009
0.00139807
-0.00120779
0.00142198
-0.00108323
0.0014432
-0.000975822
0.00146229
-0.00088261
0.00147962
-0.000799917
0.0014955
-0.000728179
0.00151036
-0.000668016
0.00152446
-0.000614346
0.0015378
-0.000564988
0.00155053
-0.000525268
0.001563
-0.000495609
0.00157522
-0.00046571
0.00158694
-0.000432023
0.00159818
-0.000405463
0.00160943
-0.000393577
0.00162087
-0.000381737
0.00163206
-0.000356272
0.00164249
-0.000320067
0.00165262
-0.000303795
0.00166303
-0.000303479
0.00167443
-0.000320126
0.00168553
-0.000291879
0.0016962
-0.000266795
0.00170459
-0.000185933
0.00171291
-0.000189487
0.00171995
-0.000141413
0.00172869
-0.00020201
-0.000177522
0.000240097
0.00121717
0.000219882
0.000880281
0.00021853
0.000704363
0.000214244
0.00063213
0.000214982
0.000451359
0.000217971
0.000373599
0.000225555
0.000204982
0.000236516
9.83215e-05
0.000252308
-8.08768e-05
0.000272131
-0.000222818
0.000297254
-0.000417093
0.000327119
-0.000581025
0.00036276
-0.000772517
0.000403678
-0.000926893
0.000450391
-0.00109107
0.000502164
-0.00123025
0.000558725
-0.00139287
0.000618312
-0.00158214
0.000680077
-0.00186475
0.00074331
-0.00220259
0.000808303
-0.00254939
0.000874604
-0.00280273
0.000941459
-0.00293558
0.00100727
-0.00292872
0.00107053
-0.00281964
0.00112981
-0.00263413
0.00118425
-0.00241299
0.00123333
-0.00217731
0.00127707
-0.00194977
0.00131567
-0.00173761
0.00134952
-0.00154732
0.00137918
-0.00137974
0.00140522
-0.00123382
0.00142811
-0.00110612
0.00144841
-0.000996128
0.00146669
-0.000900881
0.00148327
-0.000816502
0.00149848
-0.000743386
0.00151274
-0.000682275
0.0015263
-0.000627911
0.00153917
-0.000577856
0.00155148
-0.000537579
0.00156358
-0.000507704
0.0015755
-0.00047763
0.00158696
-0.000443489
0.00159799
-0.000416493
0.00160907
-0.000404654
0.00162038
-0.000393047
0.00163151
-0.000367406
0.00164193
-0.000330483
0.00165206
-0.000313929
0.0016625
-0.000313915
0.00167395
-0.000331579
0.00168518
-0.000303107
0.00169603
-0.00027764
0.00170466
-0.000194567
0.0017132
-0.000198029
0.00172051
-0.000148717
0.00172946
-0.000210966
-0.000186519
0.000280192
0.00117632
0.000260174
0.0009003
0.000258876
0.00070566
0.000255045
0.000635962
0.000256055
0.000450349
0.000259411
0.000370243
0.000267315
0.000197078
0.00027861
8.70264e-05
0.000294652
-9.69186e-05
0.000314654
-0.00024282
0.000339797
-0.000442236
0.00036952
-0.000610748
0.000404799
-0.000807796
0.00044516
-0.000967254
0.0004911
-0.00113701
0.00054192
-0.00128107
0.000597354
-0.0014483
0.000655616
-0.0016404
0.000715686
-0.00192482
0.00077674
-0.00226365
0.000839086
-0.00261174
0.000902471
-0.00286612
0.00096635
-0.00299946
0.00102932
-0.00299168
0.00108994
-0.00288026
0.00114684
-0.00269104
0.00119916
-0.00246531
0.00124635
-0.0022245
0.00128841
-0.00199183
0.00132552
-0.00177472
0.00135806
-0.00157985
0.00138653
-0.00140822
0.00141151
-0.0012588
0.00143346
-0.00112807
0.00145291
-0.00101558
0.00147042
-0.000918389
0.00148632
-0.000832404
0.00150091
-0.000757973
0.00151461
-0.000695974
0.00152769
-0.000640986
0.00154012
-0.000590293
0.00155205
-0.000549503
0.0015638
-0.00051946
0.00157545
-0.000489274
0.0015867
-0.000454738
0.00159754
-0.00042734
0.00160847
-0.000415579
0.00161968
-0.000404255
0.00163077
-0.000378502
0.0016412
-0.00034091
0.00165136
-0.00032409
0.00166184
-0.000324395
0.00167337
-0.000343106
0.00168474
-0.000314483
0.00169578
-0.000288681
0.00170468
-0.000203465
0.00171346
-0.00020681
0.00172105
-0.000156304
0.00173023
-0.000220143
-0.000195821
0.000322618
0.00113085
0.000302572
0.000920346
0.000300842
0.00070739
0.000297119
0.000639685
0.000298109
0.000449359
0.000301579
0.000366773
0.000309583
0.000189073
0.000321009
7.56008e-05
0.00033711
-0.00011302
0.000357109
-0.000262819
0.000382096
-0.000467224
0.000411506
-0.000640158
0.000446256
-0.000842546
0.000485894
-0.00100689
0.000530896
-0.00118201
0.000580595
-0.00133077
0.000634732
-0.00150244
0.000691508
-0.00169718
0.000749747
-0.00198306
0.000808528
-0.00232243
0.000868182
-0.00267139
0.000928645
-0.00292658
0.000989578
-0.00306039
0.00104974
-0.00305185
0.0011078
-0.00293831
0.0011624
-0.00274564
0.00121268
-0.00251558
0.00125807
-0.0022699
0.00129854
-0.0020323
0.00133425
-0.00181043
0.00136554
-0.00161114
0.00139291
-0.00143559
0.00141691
-0.00128281
0.00143799
-0.00114914
0.00145666
-0.00103425
0.00147347
-0.000935195
0.00148874
-0.000847681
0.00150276
-0.000771994
0.00151595
-0.000709164
0.00152858
-0.000653615
0.00154063
-0.000602342
0.00155221
-0.000561079
0.00156366
-0.000530912
0.00157506
-0.000500674
0.00158612
-0.000465799
0.00159681
-0.000438033
0.00160761
-0.000426377
0.00161874
-0.000415385
0.00162982
-0.000389583
0.00164028
-0.00035137
0.0016505
-0.000334302
0.00166104
-0.000334941
0.00167266
-0.000354726
0.0016842
-0.000326024
0.00169546
-0.000299937
0.00170464
-0.00021265
0.00171368
-0.00021585
0.00172157
-0.000164195
0.00173099
-0.000229561
-0.000205446
0.000367516
0.00108236
0.000347192
0.00094067
0.000344488
0.000710094
0.000340477
0.000643696
0.000341119
0.000448717
0.000344423
0.000363469
0.000352286
0.00018121
0.000363622
6.42653e-05
0.000379578
-0.000128976
0.00039938
-0.000282621
0.000424027
-0.000491871
0.000452947
-0.000669077
0.000486996
-0.000876596
0.000525746
-0.00104564
0.000569647
-0.00122591
0.000618065
-0.00137919
0.000670743
-0.00155512
0.00072588
-0.00175232
0.000782164
-0.00203934
0.000838587
-0.00237885
0.000895511
-0.00272832
0.00095306
-0.00298413
0.00101108
-0.00311841
0.00106851
-0.00310928
0.00112407
-0.00299387
0.00117645
-0.00279802
0.00122477
-0.00256391
0.00126845
-0.00231358
0.00130741
-0.00207127
0.00134181
-0.00184483
0.00137194
-0.00164128
0.00139829
-0.00146193
0.00142139
-0.00130591
0.00144166
-0.00116942
0.00145962
-0.0010522
0.00147578
-0.000951364
0.0014905
-0.000862393
0.00150401
-0.000785505
0.00151674
-0.000721894
0.00152897
-0.000665846
0.00154067
-0.000614046
0.00155194
-0.000572346
0.00156312
-0.000542097
0.00157431
-0.000511866
0.00158522
-0.000476706
0.00159579
-0.000448602
0.00160649
-0.000437077
0.00161757
-0.000426465
0.00162866
-0.000400675
0.00163918
-0.000361889
0.00164947
-0.000344587
0.0016601
-0.000345573
0.00167183
-0.000366458
0.00168356
-0.000337751
0.00169505
-0.000311429
0.00170454
-0.000222142
0.00171386
-0.000225168
0.00172207
-0.000172409
0.00173175
-0.000239237
-0.000215411
0.000415023
0.00103282
0.000394144
0.000961548
0.000389868
0.000714369
0.000385118
0.000648447
0.000385051
0.000448784
0.000387884
0.000360635
0.000395345
0.000173749
0.000406353
5.32568e-05
0.000421946
-0.000144569
0.000441348
-0.000302023
0.000465462
-0.000515984
0.000493708
-0.000697324
0.000526884
-0.000909771
0.00056458
-0.00108334
0.000607225
-0.00126856
0.000654209
-0.00142617
0.000705279
-0.00160619
0.000758636
-0.00180567
0.000812848
-0.00209356
0.000866841
-0.00243284
0.000921009
-0.00278249
0.000975659
-0.00303878
0.00103082
-0.00317357
0.00108557
-0.00316403
0.00113871
-0.00304701
0.00118895
-0.00284826
0.00123541
-0.00261036
0.00127746
-0.00235563
0.00131501
-0.00210881
0.00134817
-0.00187799
0.00137723
-0.00167033
0.00140263
-0.00148733
0.00142491
-0.00132818
0.00144445
-0.00118897
0.00146176
-0.00106951
0.00147735
-0.000966959
0.00149156
-0.000876599
0.00150462
-0.000798562
0.00151694
-0.000734216
0.00152882
-0.000677725
0.00154022
-0.000625449
0.00155122
-0.000583346
0.00156218
-0.000553052
0.0015732
-0.000522885
0.00158398
-0.000487492
0.00159446
-0.000459078
0.00160509
-0.000447706
0.00161614
-0.00043752
0.00162727
-0.000411805
0.00163788
-0.000372493
0.00164826
-0.000354969
0.001659
-0.000356314
0.00167087
-0.000378326
0.0016828
-0.000349686
0.00169455
-0.000323178
0.00170437
-0.000231963
0.00171399
-0.000234785
0.00172255
-0.000180965
0.0017325
-0.00024919
-0.000225734
0.00046527
0.000984592
0.000443523
0.000983295
0.000437023
0.00072087
0.00043103
0.00065444
0.000429859
0.000449955
0.000431892
0.000358601
0.00043867
0.000166972
0.0004491
4.28265e-05
0.000464099
-0.000159568
0.000482888
-0.000320811
0.000506268
-0.000539365
0.000533655
-0.000724711
0.000565783
-0.0009419
0.000602266
-0.00111982
0.000643502
-0.00130979
0.00068891
-0.00147158
0.000738233
-0.00165551
0.000789682
-0.00185712
0.000841721
-0.00214559
0.000893222
-0.00248435
0.00094462
-0.00283389
0.000996397
-0.00309056
0.00104875
-0.00322592
0.0011009
-0.00321619
0.0011517
-0.00309781
0.00119989
-0.00289645
0.00124456
-0.00265503
0.00128508
-0.00239615
0.0013213
-0.00214503
0.00135332
-0.00191001
0.00138138
-0.00169839
0.00140592
-0.00151187
0.00142744
-0.0013497
0.00144634
-0.00120786
0.00146306
-0.00108623
0.00147815
-0.000982046
0.00149191
-0.000890362
0.00150457
-0.000811222
0.00151654
-0.000746185
0.00152811
-0.000689303
0.00153926
-0.000636598
0.00155004
-0.000594123
0.0015608
-0.000563817
0.00157169
-0.000533767
0.00158239
-0.000498192
0.0015928
-0.000469496
0.00160339
-0.000458296
0.00161445
-0.000448579
0.00162565
-0.000423
0.00163636
-0.000383207
0.00164687
-0.000365474
0.00165774
-0.000367187
0.00166977
-0.000390351
0.00168193
-0.000361852
0.00169396
-0.000335207
0.00170413
-0.000242134
0.00171407
-0.000244724
0.00172299
-0.000189884
0.00173324
-0.000259439
-0.000236433
0.000518388
0.000940344
0.000495408
0.00100628
0.000485973
0.000730304
0.000478184
0.00066223
0.000475482
0.000452657
0.000476365
0.000357718
0.000482162
0.000161175
0.00049175
3.3239e-05
0.000505915
-0.000173733
0.000523869
-0.000338765
0.000546312
-0.000561807
0.000572651
-0.00075105
0.000603559
-0.000972808
0.000638671
-0.00115493
0.000678356
-0.00134948
0.000722056
-0.00151528
0.000769507
-0.00170296
0.000818935
-0.00190655
0.00086871
-0.00219537
0.000917671
-0.00253331
0.000966298
-0.00288251
0.00101524
-0.0031395
0.00106485
-0.00327553
0.00111447
-0.00326582
0.00116302
-0.00314636
0.00120925
-0.00294268
0.00125223
-0.00269801
0.0012913
-0.00243521
0.00132627
-0.00218001
0.00135723
-0.00194097
0.00138438
-0.00172555
0.00140813
-0.00153562
0.00142898
-0.00137055
0.00144729
-0.00122617
0.0014635
-0.00110244
0.00147815
-0.000996688
0.00149152
-0.000903741
0.00150385
-0.000823542
0.00151551
-0.000757852
0.00152684
-0.000700629
0.00153778
-0.00064754
0.00154838
-0.00060472
0.00155899
-0.000574433
0.00156977
-0.000544549
0.00158042
-0.000508842
0.00159082
-0.000479887
0.0016014
-0.000468878
0.00161249
-0.000459673
0.00162378
-0.000434288
0.00163463
-0.00039406
0.00164529
-0.000376127
0.00165632
-0.000378217
0.00166852
-0.000402555
0.00168094
-0.000374269
0.00169327
-0.000347538
0.00170381
-0.000252679
0.0017141
-0.000255005
0.0017234
-0.000199188
0.00173396
-0.000270003
-0.000247528
0.000574511
0.00090303
0.000549846
0.00103094
0.000536714
0.000743436
0.000526525
0.000672419
0.000521841
0.000457342
0.000521203
0.000358355
0.00052571
0.000156669
0.00053418
2.4769e-05
0.000547262
-0.000186815
0.000564156
-0.000355659
0.000585454
-0.000583105
0.000610557
-0.000776154
0.000640076
-0.00100233
0.000673667
-0.00118852
0.000711667
-0.00138748
0.000753539
-0.00155715
0.000799009
-0.00174843
0.000846315
-0.00195386
0.000893754
-0.00224281
0.000940141
-0.00257969
0.000986007
-0.00292838
0.00103216
-0.00318565
0.00107909
-0.00332246
0.00112628
-0.003313
0.00117267
-0.00319275
0.00121702
-0.00298703
0.0012584
-0.00273939
0.0012961
-0.00247292
0.00132992
-0.00221383
0.0013599
-0.00197095
0.00138622
-0.00175187
0.00140926
-0.00155866
0.00142951
-0.0013908
0.00144731
-0.00124397
0.00146308
-0.00111821
0.00147734
-0.00101095
0.0014904
-0.000916799
0.00150243
-0.000835581
0.00151385
-0.000769271
0.00152498
-0.000711753
0.00153576
-0.000658322
0.00154622
-0.00061518
0.00155673
-0.000584939
0.00156745
-0.000555271
0.00157808
-0.000519478
0.00158848
-0.000490288
0.00159909
-0.000479484
0.00161025
-0.00047083
0.00162166
-0.000445699
0.00163268
-0.000405079
0.00164351
-0.000386956
0.00165472
-0.000389429
0.00166713
-0.000414963
0.00167982
-0.000386963
0.00169248
-0.000360194
0.00170342
-0.000263621
0.00171407
-0.000265651
0.00172377
-0.000208897
0.00173468
-0.000280904
-0.000259037
0.000633784
0.00087576
0.000606847
0.00105788
0.000589199
0.000761085
0.000575971
0.000685646
0.00056883
0.000464483
0.00056629
0.000360894
0.000569186
0.000153773
0.000576256
1.76985e-05
0.000588001
-0.00019856
0.000603607
-0.000371266
0.000623552
-0.00060305
0.000647234
-0.000799836
0.0006752
-0.00103029
0.000707127
-0.00122045
0.00074332
-0.00142367
0.000783258
-0.00159709
0.000826652
-0.00179183
0.000871755
-0.00199896
0.000916799
-0.00228785
0.000960594
-0.00262349
0.00100372
-0.00297151
0.00104715
-0.00322908
0.00109149
-0.0033668
0.00113632
-0.00335784
0.00118064
-0.00323706
0.00122321
-0.0030296
0.00126307
-0.00277925
0.0012995
-0.00250935
0.00133224
-0.00224657
0.00136133
-0.00200003
0.0013869
-0.00177744
0.0014093
-0.00158107
0.00142902
-0.00141051
0.00144638
-0.00126133
0.00146177
-0.0011336
0.00147571
-0.00102489
0.00148851
-0.000929594
0.00150032
-0.000847395
0.00151155
-0.000780497
0.00152252
-0.000722725
0.00153319
-0.000668991
0.00154356
-0.00062555
0.001554
-0.000595379
0.0015647
-0.00056597
0.00157536
-0.000530137
0.0015858
-0.000500732
0.00159646
-0.000490147
0.00160772
-0.000482082
0.00161928
-0.000457262
0.00163049
-0.000416294
0.00164153
-0.000397989
0.00165295
-0.000400849
0.00166558
-0.0004276
0.00167857
-0.000399956
0.00169158
-0.0003732
0.00170294
-0.000274982
0.00171397
-0.000276685
0.00172411
-0.000219034
0.00173537
-0.000292162
-0.00027098
0.000696336
0.000861748
0.000666356
0.00108786
0.000643328
0.000784112
0.000626399
0.000702576
0.000616316
0.000474566
0.000611487
0.000365724
0.000612446
0.000152814
0.000617832
1.2312e-05
0.000627983
-0.000208711
0.000642073
-0.000385355
0.000660459
-0.000621436
0.000682539
-0.000821916
0.000708795
-0.00105655
0.000738926
-0.00125058
0.000773201
-0.00145795
0.000811114
-0.001635
0.000852353
-0.00183307
0.000895187
-0.00204179
0.000937796
-0.00233046
0.000978993
-0.00266469
0.00101942
-0.00301194
0.00106018
-0.00326984
0.00110201
-0.00340863
0.00114459
-0.00340042
0.00118693
-0.0032794
0.00122781
-0.00307049
0.00126625
-0.00281769
0.00130149
-0.00254459
0.00133324
-0.00227833
0.00136151
-0.0020283
0.0013864
-0.00180233
0.00140825
-0.00160292
0.00142751
-0.00142977
0.00144449
-0.00127831
0.00145957
-0.00114868
0.00147326
-0.00103858
0.00148585
-0.000942186
0.0014975
-0.000859041
0.00150858
-0.000791582
0.00151945
-0.000733595
0.00153006
-0.000679596
0.00154038
-0.000635873
0.0015508
-0.000605792
0.00156151
-0.000576687
0.00157223
-0.000540857
0.00158276
-0.000511257
0.00159351
-0.000500901
0.00160489
-0.00049346
0.00161663
-0.000469006
0.00162807
-0.000427734
0.00163934
-0.000409252
0.00165099
-0.000412502
0.00166388
-0.000440489
0.00167719
-0.000413272
0.00169057
-0.000386578
0.00170238
-0.000286787
0.00171382
-0.00028813
0.00172441
-0.000229621
0.00173605
-0.000303798
-0.000283375
0.000762345
0.000864447
0.000728285
0.00112192
0.000698976
0.000813422
0.000677666
0.000723886
0.000664153
0.000488078
0.00065664
0.000373238
0.00065533
0.000154124
0.000658745
8.8973e-06
0.000667049
-0.000217015
0.000679392
-0.000397699
0.000696016
-0.00063806
0.000716316
-0.000842216
0.000740711
-0.00108094
0.000768924
-0.0012788
0.000801183
-0.00149021
0.000836994
-0.00167081
0.000876018
-0.00187209
0.000916536
-0.00208231
0.000956683
-0.00237061
0.00099529
-0.00270329
0.00103306
-0.00304971
0.00107124
-0.00330801
0.00111065
-0.00344804
0.00115108
-0.00344085
0.00119154
-0.00331986
0.00123083
-0.00310977
0.00126794
-0.00285479
0.00130208
-0.00257873
0.00133293
-0.00230918
0.00136045
-0.00205583
0.00138475
-0.00182663
0.00140611
-0.00162428
0.00142498
-0.00144864
0.00144166
-0.00129498
0.00145649
-0.00116352
0.00146998
-0.00105207
0.00148243
-0.000954633
0.00149396
-0.000870575
0.00150496
-0.000802578
0.00151577
-0.000744412
0.00152636
-0.000690182
0.00153668
-0.000646195
0.00154711
-0.000616222
0.00155789
-0.00058746
0.0015687
-0.000551676
0.00157934
-0.000521897
0.00159022
-0.000511778
0.00160176
-0.000504996
0.00161372
-0.000480964
0.00162541
-0.000439428
0.00163693
-0.000420774
0.00164885
-0.000424416
0.00166201
-0.000453656
0.00167568
-0.000426936
0.00168945
-0.000400353
0.00170172
-0.00029906
0.0017136
-0.00030001
0.00172466
-0.00024068
0.0017367
-0.000315834
-0.000296244
0.000832588
0.000887208
0.000792592
0.00116191
0.000756023
0.000849991
0.000729633
0.000750275
0.00071219
0.000505521
0.000701592
0.000383836
0.000697686
0.000158031
0.000698836
7.74684e-06
0.000705031
-0.00022321
0.000715404
-0.000408071
0.00073007
-0.000652726
0.000748424
-0.000860571
0.000770822
-0.00110334
0.000797008
-0.00130498
0.000827169
-0.00152037
0.000860817
-0.00170446
0.000897581
-0.00190885
0.000935755
-0.00212049
0.000973437
-0.00240829
0.00100948
-0.00273934
0.00104467
-0.00308489
0.00108035
-0.00334369
0.00111745
-0.00348515
0.00115581
-0.00347921
0.0011945
-0.00335854
0.00123229
-0.00314756
0.00126815
-0.00289066
0.00130128
-0.00261186
0.0013313
-0.0023392
0.00135817
-0.0020827
0.00138194
-0.0018504
0.00140289
-0.00164522
0.00142144
-0.00146719
0.00143787
-0.00131142
0.00145251
-0.00117816
0.00146587
-0.00106543
0.00147823
-0.000966991
0.0014897
-0.000882051
0.00150066
-0.000813537
0.00151147
-0.000755226
0.00152209
-0.000700798
0.00153246
-0.000656561
0.00154294
-0.00062671
0.00155381
-0.000598329
0.00156477
-0.000562631
0.00157556
-0.00053269
0.0015866
-0.000522814
0.00159832
-0.000516721
0.00161052
-0.000493164
0.0016225
-0.000451406
0.00163431
-0.000432585
0.00164651
-0.000436617
0.00165998
-0.000467127
0.00167402
-0.000440972
0.00168822
-0.000414549
0.00170098
-0.000311825
0.00171332
-0.000312348
0.00172487
-0.000252235
0.00173733
-0.000328292
-0.000309606
0.000908483
0.000930257
0.000859004
0.00121139
0.000814104
0.000894891
0.000782005
0.000782375
0.000760133
0.000527393
0.000746099
0.00039787
0.000739219
0.000164911
0.000737865
9.10151e-06
0.000741756
-0.000227102
0.000749985
-0.0004163
0.000762533
-0.000665273
0.000778825
-0.000876863
0.000799125
-0.00112364
0.000823215
-0.00132907
0.000851215
-0.00154837
0.000882659
-0.00173591
0.000917127
-0.00194332
0.000952945
-0.0021563
0.000988185
-0.00244353
0.00102175
-0.0027729
0.00105444
-0.00311759
0.00108773
-0.00337698
0.00112261
-0.00352003
0.001159
-0.0035156
0.00119597
-0.00339551
0.00123233
-0.00318391
0.00126701
-0.00292534
0.00129918
-0.00264403
0.00132844
-0.00236846
0.00135471
-0.00210897
0.00137802
-0.00187371
0.00139861
-0.00166581
0.00141689
-0.00148548
0.00143314
-0.00132766
0.00144766
-0.00119268
0.00146093
-0.0010787
0.00147326
-0.000979315
0.00148473
-0.00089352
0.0014957
-0.000824509
0.00150656
-0.000766082
0.00151725
-0.000711488
0.0015277
-0.000667013
0.00153829
-0.000637297
0.00154929
-0.000609332
0.00156042
-0.00057376
0.0015714
-0.000543671
0.00158263
-0.000534041
0.00159457
-0.000528668
0.00160705
-0.000505639
0.00161934
-0.000463698
0.00163147
-0.000444713
0.00164398
-0.000449133
0.00165778
-0.000480927
0.00167222
-0.000455406
0.00168686
-0.000429192
0.00170014
-0.000325105
0.00171296
-0.000325169
0.00172503
-0.000264307
0.00173794
-0.000341194
-0.000323482
0.00170189
0.00118661
-0.00195825
0.00158614
0.00132715
0.00151061
0.000970417
0.00146022
0.00083277
0.00142959
0.000558021
0.00141345
0.000414007
0.00141061
0.000167755
0.00141777
1.93647e-06
0.00143474
-0.000244067
0.00145911
-0.000440675
0.00149053
-0.000696694
0.00152737
-0.0009137
0.00156947
-0.00116574
0.00161601
-0.00137561
0.00166728
-0.00159963
0.00172287
-0.0017915
0.001783
-0.00200345
0.00184638
-0.00221968
0.00191032
-0.00250747
0.00197115
-0.00283373
0.00202683
-0.00317326
0.00207701
-0.00342717
0.00212257
-0.00356559
0.00216435
-0.00355738
0.00220276
-0.00343393
0.00223789
-0.00321904
0.0022697
-0.00295716
0.00229797
-0.00267229
0.0023227
-0.00239319
0.00234402
-0.00213028
0.00236199
-0.00189168
0.00237692
-0.00168074
0.00238926
-0.00149782
0.00239925
-0.00133765
0.00240723
-0.00120065
0.00241379
-0.00108526
0.00241923
-0.00098476
0.00242365
-0.000897937
0.0024275
-0.000828362
0.00243124
-0.000769821
0.00243473
-0.000714984
0.0024379
-0.000670177
0.00244121
-0.000640608
0.00244494
-0.000613066
0.00244866
-0.000577481
0.00245207
-0.000547076
0.0024557
-0.000537676
0.00246009
-0.000533059
0.00246488
-0.000510422
0.00246915
-0.000467965
0.00247301
-0.000448579
0.00247724
-0.000453367
0.00248292
-0.000486605
0.00248909
-0.000461576
0.00249512
-0.000435217
0.00249895
-0.000328938
0.00250176
-0.00032798
0.00250322
-0.000265768
0.00250535
-0.000343321
-0.000326653
0.00196586
0.00149376
-0.00227301
0.00181959
0.00147342
0.00172211
0.0010679
0.00165667
0.00089821
0.00161423
0.000600458
0.00158941
0.000438824
0.00157927
0.000177902
0.00158098
2.21246e-07
0.00159297
-0.000256054
0.0016133
-0.000461006
0.00164097
-0.000724369
0.0016745
-0.000947226
0.00171338
-0.00120462
0.0017569
-0.00141914
0.00180512
-0.00164786
0.0018577
-0.00184408
0.00191467
-0.00206042
0.00197476
-0.00227977
0.00203515
-0.00256786
0.00209221
-0.00289079
0.00214387
-0.00322492
0.00218991
-0.00347321
0.00223129
-0.00360696
0.00226901
-0.0035951
0.00230363
-0.00346855
0.00233532
-0.00325073
0.00236408
-0.00298592
0.0023897
-0.00269791
0.00241213
-0.00241562
0.00243147
-0.00214962
0.00244772
-0.00190794
0.00246113
-0.00169414
0.00247212
-0.00150881
0.00248089
-0.00134642
0.00248773
-0.00120749
0.00249323
-0.00109076
0.00249768
-0.000989214
0.00250114
-0.000901389
0.00250404
-0.000831266
0.00250687
-0.000772655
0.0025095
-0.000717611
0.00251179
-0.000672466
0.00251423
-0.000643048
0.00251715
-0.000615986
0.00252011
-0.000580436
0.00252273
-0.000549705
0.00252558
-0.000540521
0.00252923
-0.00053671
0.00253335
-0.000514546
0.002537
-0.000471608
0.0025402
-0.000451785
0.00254375
-0.000456914
0.00254877
-0.000491625
0.0025544
-0.000467203
0.00255994
-0.000440756
0.00256334
-0.000332344
0.0025656
-0.000330234
0.00256651
-0.000266683
0.00256792
-0.000344726
-0.000329242
0.00223634
0.00180993
-0.00255252
0.0020681
0.00164166
0.00195003
0.00118597
0.00186891
0.000979333
0.00181402
0.000655342
0.00177953
0.000473316
0.00176146
0.00019597
0.0017567
4.98371e-06
0.00176319
-0.000262542
0.00177879
-0.000476614
0.00180219
-0.000747764
0.00183184
-0.000976882
0.00186702
-0.00123979
0.00190701
-0.00145912
0.0019517
-0.00169255
0.00200076
-0.00189314
0.00205408
-0.00211374
0.00211039
-0.00233608
0.00216677
-0.00262424
0.00221961
-0.00294363
0.00226681
-0.00327212
0.00230823
-0.00351464
0.00234492
-0.00364364
0.00237808
-0.00362826
0.0024084
-0.00349887
0.00243618
-0.00327852
0.0024615
-0.00301124
0.00248414
-0.00272055
0.002504
-0.00243549
0.00252115
-0.00216677
0.00253553
-0.00192231
0.0025473
-0.00170591
0.00255686
-0.00151838
0.00256436
-0.00135393
0.00257004
-0.00121317
0.00257447
-0.00109519
0.00257793
-0.000992675
0.00258042
-0.000903884
0.00258239
-0.000833229
0.00258433
-0.000774595
0.0025861
-0.00071938
0.00258752
-0.000673887
0.00258909
-0.00064462
0.00259119
-0.000618091
0.00259338
-0.000582626
0.00259523
-0.000551556
0.00259728
-0.000542568
0.00260018
-0.000539606
0.00260363
-0.000517999
0.00260664
-0.000474615
0.00260917
-0.000454314
0.00261201
-0.000459752
0.00261634
-0.000495961
0.0026214
-0.000472266
0.00262644
-0.000445791
0.0026294
-0.000335311
0.00263108
-0.000331911
0.00263143
-0.000267027
0.00263207
-0.000345374
-0.000331215
0.00250963
0.00211441
-0.00281411
0.00232675
0.00182454
0.00219137
0.00132135
0.00209537
0.00107534
0.00202789
0.000722824
0.00198324
0.000517963
0.00195659
0.000222623
0.00194474
1.68276e-05
0.00194506
-0.000262856
0.00195534
-0.000486895
0.00197387
-0.000766292
0.00199909
-0.00100211
0.00203002
-0.00127072
0.00206595
-0.00149505
0.00210659
-0.0017332
0.00215162
-0.00193816
0.00220076
-0.00216289
0.00225277
-0.00238809
0.00230465
-0.00267612
0.0023528
-0.00299178
0.00239507
-0.00331439
0.00243141
-0.00355098
0.00246296
-0.00367519
0.00249111
-0.00365641
0.00251672
-0.00352448
0.00254024
-0.00330203
0.00256178
-0.00303278
0.00258115
-0.00273991
0.00259821
-0.00245255
0.00261299
-0.00218155
0.00262534
-0.00193467
0.00263537
-0.00171594
0.00264343
-0.00152644
0.00264962
-0.00136012
0.00265411
-0.00121765
0.00265745
-0.00109853
0.00265992
-0.000995145
0.00266147
-0.000905429
0.0026625
-0.000834262
0.00266356
-0.00077565
0.00266448
-0.000720305
0.00266505
-0.000674453
0.00266576
-0.000645332
0.00266706
-0.000619388
0.00266848
-0.000584054
0.00266956
-0.000552631
0.0026708
-0.00054381
0.00267294
-0.00054174
0.00267571
-0.000520773
0.00267808
-0.00047698
0.00267992
-0.000456156
0.00268203
-0.000461861
0.00268565
-0.000499588
0.00269013
-0.000476743
0.00269465
-0.000450305
0.00269716
-0.000337826
0.00269824
-0.000332992
0.002698
-0.00026678
0.00269785
-0.000345232
-0.000332542
0.0027787
0.00239766
-0.00306195
0.00258994
0.0020133
0.00244228
0.00146901
0.00233351
0.00118411
0.00225411
0.000802215
0.00219933
0.000572743
0.00216378
0.00025818
0.0021444
3.62087e-05
0.002138
-0.000256454
0.00214239
-0.000491292
0.00215549
-0.000779385
0.00217573
-0.00102235
0.00220186
-0.00129685
0.00223319
-0.00152637
0.00226925
-0.00176926
0.0023097
-0.00197862
0.00235416
-0.00220734
0.00240135
-0.00243528
0.00244821
-0.00272298
0.00249116
-0.00303473
0.00252805
-0.00335127
0.00255888
-0.00358182
0.00258489
-0.0037012
0.00260767
-0.0036792
0.00262825
-0.00354505
0.00264718
-0.00332097
0.00266469
-0.00305029
0.00268056
-0.00275579
0.00269463
-0.00246662
0.00270688
-0.00219379
0.00271709
-0.00194488
0.00272528
-0.00172414
0.00273178
-0.00153293
0.00273661
-0.00136496
0.00273989
-0.00122093
0.00274214
-0.00110078
0.00274362
-0.000996625
0.00274422
-0.000906036
0.00274434
-0.000834377
0.00274453
-0.000775837
0.00274462
-0.000720403
0.00274435
-0.00067418
0.00274421
-0.000645197
0.00274471
-0.000619884
0.00274539
-0.000584731
0.00274569
-0.000552936
0.00274613
-0.00054425
0.0027475
-0.000543108
0.00274959
-0.000522866
0.00275131
-0.000478701
0.00275246
-0.000457302
0.00275383
-0.000463227
0.00275672
-0.000502487
0.0027606
-0.000480618
0.00276458
-0.000454284
0.00276663
-0.000339882
0.0027671
-0.000333461
0.00276625
-0.000265924
0.00276528
-0.000344267
-0.000333191
0.00303736
0.00265045
-0.00329015
0.00285188
0.00219878
0.00269811
0.00162278
0.00257993
0.00130229
0.00249025
0.000891896
0.00242598
0.000637007
0.00238163
0.000302537
0.00235452
6.33192e-05
0.00234104
-0.000242977
0.00233911
-0.000489361
0.00234627
-0.000786548
0.00236101
-0.00103709
0.00238182
-0.00131767
0.00240802
-0.00155257
0.00243898
-0.00180022
0.00247435
-0.00201399
0.0025136
-0.00224659
0.00255545
-0.00247713
0.00259679
-0.00276432
0.00263408
-0.00307202
0.00266513
-0.00338232
0.00269006
-0.00360675
0.00271018
-0.00372131
0.00272729
-0.00369632
0.00274257
-0.00356033
0.00275671
-0.0033351
0.00276997
-0.00306355
0.00278218
-0.00276799
0.00279311
-0.00247756
0.0028027
-0.00220338
0.00281067
-0.00195285
0.00281696
-0.00173043
0.00282183
-0.0015378
0.00282527
-0.0013684
0.00282732
-0.00122297
0.00282846
-0.00110192
0.00282896
-0.00099712
0.00282864
-0.000905717
0.00282785
-0.000833592
0.00282719
-0.000775174
0.00282648
-0.000719695
0.00282539
-0.00067309
0.00282442
-0.000644229
0.00282414
-0.000619595
0.00282408
-0.000584671
0.00282362
-0.000552484
0.00282326
-0.00054389
0.00282386
-0.000543708
0.00282527
-0.000524277
0.00282635
-0.000479779
0.0028268
-0.00045775
0.00282741
-0.000463839
0.00282956
-0.000504639
0.00283282
-0.000483875
0.00283625
-0.000457716
0.00283784
-0.000341471
0.00283769
-0.000333303
0.0028362
-0.000264443
0.00283439
-0.000342452
-0.000333134
0.00328117
0.0028662
-0.00349692
0.00310711
0.00237283
0.00295385
0.00177605
0.00283059
0.00142556
0.00273314
0.000989345
0.00266073
0.000709414
0.00260818
0.000355087
0.0025735
9.79984e-05
0.00255283
-0.00022231
0.0025443
-0.000480824
0.00254515
-0.000787402
0.00255396
-0.0010459
0.00256898
-0.00133269
0.00258958
-0.00157316
0.00261494
-0.00182558
0.00264475
-0.0020438
0.00267831
-0.00228015
0.00271435
-0.00251317
0.0027497
-0.00279967
0.00278087
-0.00310319
0.00280568
-0.00340713
0.00282436
-0.00362542
0.0028383
-0.00373526
0.00284951
-0.00370753
0.0028593
-0.00357012
0.00286848
-0.00334428
0.00287737
-0.00307245
0.00288579
-0.00277642
0.00289348
-0.00248524
0.00290032
-0.00221022
0.00290598
-0.0019585
0.0029103
-0.00173475
0.00291351
-0.00154101
0.00291553
-0.00137043
0.00291633
-0.00122377
0.00291637
-0.00110196
0.00291589
-0.000996637
0.00291466
-0.00090449
0.002913
-0.000831926
0.00291151
-0.000773683
0.00291002
-0.000718206
0.00290813
-0.000671207
0.00290636
-0.000642451
0.0029053
-0.000618538
0.00290452
-0.000583892
0.00290333
-0.000551291
0.00290218
-0.000542742
0.00290202
-0.000543546
0.00290275
-0.000525011
0.00290319
-0.000480219
0.00290294
-0.0004575
0.00290279
-0.000463687
0.00290418
-0.000506031
0.00290681
-0.000486503
0.00290968
-0.000460593
0.00291081
-0.000342592
0.00291001
-0.00033251
0.0029079
-0.000262326
0.0029052
-0.00033976
-0.000332346
0.00350697
0.00304209
-0.00368287
0.0033509
0.0025289
0.00320452
0.00192242
0.00308105
0.00154903
0.0029791
0.0010913
0.00290056
0.000787951
0.00284096
0.000414685
0.00279929
0.000139675
0.00277162
-0.000194646
0.00275643
-0.000465632
0.00275077
-0.000781737
0.00275334
-0.00104847
0.00276221
-0.00134156
0.0027768
-0.00158776
0.00279615
-0.00184494
0.00281997
-0.00206761
0.00284742
-0.0023076
0.00287722
-0.00254298
0.00290616
-0.00282861
0.00293082
-0.00312786
0.00294905
-0.00342536
0.00296118
-0.00363755
0.00296872
-0.0037428
0.00297386
-0.00371266
0.00297803
-0.00357429
0.00298215
-0.00334841
0.00298659
-0.00307689
0.00299117
-0.00278099
0.00299556
-0.00248963
0.0029996
-0.00221427
0.0030029
-0.0019618
0.00300522
-0.00173707
0.00300673
-0.00154252
0.00300733
-0.00137103
0.00300688
-0.00122332
0.00300582
-0.0011009
0.00300437
-0.000995187
0.00300225
-0.000902372
0.00299972
-0.000829401
0.00299743
-0.000771386
0.00299518
-0.000715964
0.00299254
-0.000668559
0.00298997
-0.000639886
0.00298817
-0.000616734
0.00298669
-0.000582417
0.00298478
-0.000549377
0.00298286
-0.000540819
0.00298194
-0.00054263
0.00298201
-0.000525076
0.00298182
-0.000480031
0.00298087
-0.000456557
0.00297996
-0.000462771
0.00298058
-0.000506654
0.00298257
-0.000488493
0.00298489
-0.000462909
0.00298554
-0.000343243
0.0029841
-0.000331076
0.00298134
-0.000259564
0.00297775
-0.000336171
-0.000330804
0.00371305
0.00317812
-0.00384907
0.0035796
0.00266235
0.00344564
0.00205638
0.00332687
0.0016678
0.00322415
0.00119402
0.00314206
0.000870046
0.00307708
0.00047966
0.00302941
0.000187344
0.00299529
-0.000160524
0.00297366
-0.000444007
0.00296149
-0.000769559
0.00295768
-0.00104466
0.00296016
-0.00134405
0.00296847
-0.00159606
0.00298149
-0.00185796
0.00299898
-0.0020851
0.00301997
-0.00232858
0.00304318
-0.00256619
0.00306537
-0.00285079
0.00308321
-0.0031457
0.00309458
-0.00343673
0.00309994
-0.00364291
0.00310092
-0.00374378
0.00309988
-0.00371162
0.00309837
-0.00357278
0.00309741
-0.00334744
0.00309737
-0.00307685
0.00309808
-0.0027817
0.00309915
-0.0024907
0.00310038
-0.0022155
0.00310131
-0.00196272
0.00310161
-0.00173737
0.00310142
-0.00154233
0.00310058
-0.00137019
0.00309888
-0.00122162
0.00309673
-0.00109875
0.00309432
-0.000992786
0.00309134
-0.000899386
0.00308798
-0.000826043
0.00308491
-0.000768311
0.00308194
-0.000712999
0.00307856
-0.000665179
0.00307524
-0.000636563
0.00307271
-0.00061421
0.00307057
-0.000580271
0.00306796
-0.000546767
0.00306528
-0.00053814
0.00306362
-0.000540974
0.00306303
-0.000524484
0.00306223
-0.000479228
0.0030606
-0.000454931
0.00305892
-0.000461092
0.00305877
-0.0005065
0.00306012
-0.00048984
0.00306187
-0.000464662
0.00306206
-0.000343428
0.00305998
-0.000328999
0.00305657
-0.000256153
0.00305206
-0.000331669
-0.000328488
0.00389916
0.00327651
-0.00399755
0.00379087
0.00277064
0.00367354
0.00217371
0.00356396
0.00177738
0.00346432
0.00129366
0.0033816
0.00095277
0.00331334
0.000547915
0.00326109
0.0002396
0.0032214
-0.000120839
0.00319386
-0.000416462
0.00317542
-0.000751116
0.00316529
-0.00103454
0.00316133
-0.00134009
0.00316321
-0.00159793
0.00316971
-0.00186447
0.00318064
-0.00209604
0.00319492
-0.00234286
0.0032113
-0.00258257
0.00322648
-0.00286597
0.00323727
-0.00315649
0.00324159
-0.00344105
0.00324006
-0.00364139
0.00323441
-0.00373813
0.00322715
-0.00370437
0.00321996
-0.00356559
0.00321392
-0.0033414
0.00320944
-0.00307236
0.0032063
-0.00277857
0.00320407
-0.00248847
0.00320251
-0.00221393
0.00320107
-0.00196128
0.00319937
-0.00173567
0.00319748
-0.00154045
0.00319521
-0.00136792
0.00319228
-0.00121869
0.00318905
-0.00109551
0.00318571
-0.000989452
0.00318189
-0.000895559
0.00317772
-0.00082188
0.0031739
-0.000764487
0.00317024
-0.000709342
0.00316616
-0.000661101
0.00316211
-0.000632515
0.0031589
-0.000610993
0.00315611
-0.000577484
0.00315283
-0.000543492
0.00314943
-0.000534731
0.00314705
-0.000538594
0.00314581
-0.000523252
0.00314441
-0.000477827
0.00314212
-0.000452637
0.00313968
-0.000458657
0.00313875
-0.00050557
0.00313945
-0.000490542
0.00314064
-0.000465851
0.00314037
-0.000343153
0.00313765
-0.00032628
0.00313359
-0.000252092
0.00312816
-0.000326243
-0.000325383
0.00406633
0.00334126
-0.00413108
0.00398374
0.00285323
0.00388573
0.00227172
0.00378895
0.00187416
0.00369597
0.00138663
0.00361565
0.00103309
0.00354648
0.00061708
0.00349137
0.00029471
0.00344734
-7.68092e-05
0.00341469
-0.000383808
0.00339049
-0.000726919
0.00337434
-0.00101839
0.00336407
-0.00132981
0.00335953
-0.0015934
0.00335947
-0.0018644
0.00336375
-0.00210033
0.0033712
-0.00235031
0.0033806
-0.00259197
0.00338863
-0.002874
0.00339224
-0.0031601
0.00338943
-0.00343824
0.00338097
-0.00363292
0.00336868
-0.00372584
0.00335525
-0.00369094
0.00334245
-0.00355279
0.0033314
-0.00333036
0.00332253
-0.00306349
0.00331562
-0.00277166
0.00331015
-0.002483
0.00330583
-0.00220961
0.00330207
-0.00195752
0.00329839
-0.00173199
0.00329483
-0.00153689
0.00329116
-0.00136425
0.00328702
-0.00121455
0.00328272
-0.00109122
0.00327848
-0.000985209
0.00327384
-0.000890917
0.0032689
-0.000816942
0.00326436
-0.000759944
0.00326004
-0.000705028
0.00325531
-0.000656362
0.00325056
-0.000627774
0.00324669
-0.000607115
0.00324329
-0.000574087
0.00323938
-0.000539582
0.00323527
-0.000530617
0.00323219
-0.000535513
0.00323033
-0.000521397
0.00322835
-0.000475849
0.00322541
-0.000449694
0.00322223
-0.000455477
0.00322053
-0.000503865
0.00322058
-0.0004906
0.00322121
-0.00046648
0.00322049
-0.000342427
0.00321713
-0.000322927
0.00321243
-0.000247386
0.00320607
-0.000319887
-0.000321475
0.00421655
0.00337736
-0.00425265
0.00415854
0.00291124
0.00408093
0.00234933
0.00399942
0.00195567
0.0039161
0.00146995
0.00384101
0.00110818
0.00377338
0.000684714
0.00371735
0.000350743
0.00367044
-2.99065e-05
0.00363375
-0.000347111
0.00360455
-0.000697724
0.00358289
-0.000996729
0.00356664
-0.00131356
0.0035559
-0.00158266
0.00354938
-0.00185788
0.00354707
-0.00209802
0.0035477
-0.00235093
0.0035501
-0.00259437
0.00355097
-0.00287488
0.0035474
-0.00315653
0.00353748
-0.00342831
0.00352214
-0.00361758
0.0035033
-0.00370701
0.00348381
-0.00367144
0.0034655
-0.00353448
0.00344957
-0.00331443
0.00343643
-0.00305035
0.00342584
-0.00276107
0.00341722
-0.00247438
0.00341022
-0.00220262
0.00340419
-0.00195149
0.00339858
-0.00172639
0.00339339
-0.00153169
0.00338835
-0.0013592
0.00338302
-0.00120922
0.0033777
-0.0010859
0.00337258
-0.000980086
0.00336716
-0.000885495
0.00336148
-0.000811263
0.00335625
-0.000754716
0.00335131
-0.000700091
0.00334595
-0.000650999
0.00334055
-0.000622379
0.00333605
-0.000602609
0.00333208
-0.000570114
0.00332757
-0.000535074
0.00332278
-0.000525832
0.00331902
-0.000531754
0.00331657
-0.000518944
0.00331404
-0.000473319
0.00331047
-0.000446124
0.00330656
-0.000451568
0.00330409
-0.000501394
0.00330351
-0.000490019
0.00330358
-0.000466555
0.00330242
-0.000341263
0.00329844
-0.000318951
0.0032931
-0.000242043
0.00328582
-0.000312601
-0.000316759
0.00435241
0.00339006
-0.00436512
0.00431664
0.00294701
0.00425908
0.00240689
0.00419408
0.00202067
0.00412259
0.00154145
0.00405513
0.00117564
0.00399132
0.00074852
0.00393633
0.000405732
0.00388818
1.82523e-05
0.0038487
-0.000307632
0.00381547
-0.000664499
0.00378901
-0.00097027
0.00376732
-0.00129187
0.00375077
-0.00156611
0.00373808
-0.00184519
0.00372937
-0.00208931
0.00372333
-0.00234489
0.00371886
-0.00258989
0.00371268
-0.00286869
0.00370204
-0.00314588
0.00368513
-0.00341141
0.00366307
-0.00359552
0.00363787
-0.00368181
0.00361249
-0.00364606
0.00358885
-0.00351084
0.0035682
-0.00329377
0.00355093
-0.00303308
0.00353679
-0.00274694
0.00352512
-0.00246271
0.00351554
-0.00219303
0.00350732
-0.00194328
0.00349985
-0.00171892
0.00349308
-0.00152492
0.00348671
-0.00135283
0.00348025
-0.00120276
0.00347393
-0.00107958
0.00346796
-0.000974117
0.00346179
-0.000879326
0.00345541
-0.00080488
0.00344953
-0.000748836
0.00344401
-0.000694569
0.00343806
-0.000645053
0.00343205
-0.000616368
0.00342695
-0.000597511
0.00342244
-0.000565601
0.00341737
-0.000530004
0.00341195
-0.000520409
0.00340754
-0.000527347
0.00340451
-0.000515916
0.00340146
-0.000470262
0.00339729
-0.000441954
0.00339267
-0.000446952
0.00338944
-0.000498169
0.00338823
-0.000488807
0.00338776
-0.000466086
0.00338618
-0.000339675
0.00338159
-0.000314367
0.00337563
-0.000236078
0.00336742
-0.000304394
-0.000311232
0.00447681
0.00338433
-0.00447108
0.00446017
0.00296365
0.00442121
0.00244585
0.00437279
0.0020691
0.00431431
0.00159992
0.00425624
0.00123371
0.0041982
0.000806555
0.00414609
0.000457842
0.00409831
6.60351e-05
0.00405741
-0.000266728
0.00402127
-0.00062836
0.0039909
-0.000939901
0.00396447
-0.00126544
0.00394266
-0.00154431
0.00392425
-0.00182677
0.0039095
-0.00207456
0.00389709
-0.00233248
0.00388599
-0.0025788
0.00387299
-0.00285569
0.0038555
-0.0031284
0.00383186
-0.00338776
0.00380332
-0.00356698
0.00377201
-0.0036505
0.00374099
-0.00361504
0.00371226
-0.00348211
0.00368708
-0.00326859
0.00366587
-0.00301186
0.00364833
-0.0027294
0.00363375
-0.00244813
0.00362169
-0.00218096
0.00361138
-0.00193297
0.00360213
-0.00170967
0.00359384
-0.00151663
0.00358619
-0.00134519
0.00357864
-0.0011952
0.00357137
-0.00107232
0.00356459
-0.000967338
0.00355772
-0.000872449
0.00355067
-0.000797831
0.00354417
-0.000742341
0.0035381
-0.000688497
0.00353161
-0.000638565
0.00352502
-0.000609781
0.00351937
-0.000591855
0.00351435
-0.000560583
0.00350876
-0.000524413
0.00350274
-0.000514387
0.00349771
-0.000522323
0.00349414
-0.000512342
0.00349059
-0.000466708
0.00348585
-0.000437215
0.00348055
-0.000441654
0.00347658
-0.000494205
0.00347475
-0.000486976
0.00347375
-0.000465085
0.00347176
-0.000337683
0.00346659
-0.000309196
0.00346002
-0.000229509
0.0034509
-0.000295279
-0.000304896
0.00459254
0.00336454
-0.00457275
0.00459171
0.00296448
0.00456915
0.00246842
0.00453637
0.00210188
0.00449117
0.00164512
0.00444349
0.00128139
0.00439268
0.000857374
0.00434499
0.000505526
0.00429909
0.000111932
0.00425812
-0.000225752
0.00422025
-0.000590488
0.00418696
-0.000906617
0.00415664
-0.00123512
0.00413027
-0.00151794
0.00410671
-0.00180321
0.00408641
-0.00205426
0.00406805
-0.00231412
0.0040507
-0.00256145
0.00403123
-0.00283622
0.00400725
-0.00310442
0.00397721
-0.00335772
0.00394254
-0.00353231
0.00390544
-0.0036134
0.00386909
-0.0035787
0.00383554
-0.00344856
0.00380608
-0.00323913
0.00378112
-0.0029869
0.00376036
-0.00270864
0.00374301
-0.00243078
0.00372859
-0.00216654
0.00371629
-0.00192067
0.00370534
-0.00169873
0.00369561
-0.0015069
0.00368676
-0.00133633
0.00367816
-0.00118661
0.00366999
-0.00106414
0.00366244
-0.000959789
0.0036549
-0.000864903
0.00364722
-0.000790155
0.00364015
-0.000735268
0.00363357
-0.000681913
0.00362658
-0.000631575
0.00361945
-0.000602659
0.00361328
-0.00058568
0.00360779
-0.000555098
0.00360172
-0.00051834
0.00359514
-0.000507805
0.00358953
-0.000516715
0.00358544
-0.000508249
0.00358142
-0.000462688
0.00357614
-0.000431938
0.00357019
-0.000435704
0.00356551
-0.000489524
0.00356307
-0.000484541
0.00356155
-0.000463566
0.00355918
-0.000335305
0.00355344
-0.00030346
0.00354629
-0.000222359
0.00353629
-0.000285276
-0.000297761
0.00470219
0.00333429
-0.00467194
0.00471396
0.00295271
0.00470522
0.00247716
0.00468645
0.00212065
0.00465399
0.00167758
0.00461697
0.00131841
0.00457423
0.000900116
0.00453211
0.00054764
0.00448937
0.000154671
0.00444956
-0.000185942
0.00441112
-0.000552045
0.00437595
-0.000871449
0.00434264
-0.00120181
0.00431249
-0.00148779
0.00428448
-0.0017752
0.00425923
-0.00202901
0.00423545
-0.00229034
0.00421234
-0.00253834
0.00418685
-0.00281073
0.00415681
-0.00307439
0.00412081
-0.00332172
0.00408043
-0.00349193
0.00403794
-0.00357092
0.00399662
-0.00353737
0.00395855
-0.0034105
0.00392508
-0.00320566
0.0038966
-0.00295841
0.0038728
-0.00268485
0.00385284
-0.00241083
0.00383619
-0.0021499
0.00382201
-0.00190648
0.00380947
-0.00168618
0.00379837
-0.0014958
0.00378837
-0.00132633
0.00377879
-0.00117703
0.00376977
-0.00105512
0.00376149
-0.000951514
0.00375332
-0.000856731
0.00374506
-0.000781893
0.00373744
-0.000727655
0.00373039
-0.000674854
0.00372293
-0.000624125
0.00371532
-0.000595044
0.00370866
-0.000579023
0.00370274
-0.000549181
0.00369623
-0.000511825
0.00368913
-0.000500704
0.00368297
-0.000510559
0.00367839
-0.000503669
0.00367394
-0.000458233
0.00366816
-0.00042616
0.00366159
-0.000429134
0.00365622
-0.00048415
0.00365319
-0.000481519
0.00365117
-0.000461545
0.00364843
-0.000332565
0.00364216
-0.00029719
0.00363446
-0.000214657
0.0036236
-0.000274413
-0.000289839
0.00480797
0.0032964
-0.00477008
0.00482952
0.00293117
0.00483199
0.00247468
0.00482519
0.00212746
0.0048043
0.00169847
0.00477754
0.00134517
0.00474315
0.000934511
0.00470728
0.000583504
0.00466864
0.000193311
0.00463103
-0.000148328
0.00459307
-0.000514081
0.00455701
-0.000835391
0.00452164
-0.00116645
0.00448855
-0.0014547
0.00445684
-0.00174349
0.00442731
-0.00199948
0.00439872
-0.00226175
0.00437041
-0.00251003
0.00433944
-0.00277976
0.00430387
-0.00303881
0.0042624
-0.00328026
0.00421678
-0.0034463
0.00416936
-0.00352349
0.00412345
-0.00349147
0.00408122
-0.00336827
0.00404403
-0.00316847
0.00401226
-0.00292664
0.00398562
-0.0026582
0.00396322
-0.00238842
0.00394448
-0.00213116
0.00392852
-0.00189053
0.00391447
-0.00167213
0.00390209
-0.00148342
0.00389101
-0.00131524
0.00388052
-0.00116654
0.00387069
-0.00104529
0.00386173
-0.000942557
0.00385297
-0.000847974
0.00384417
-0.000773088
0.00383605
-0.000719538
0.00382855
-0.000667354
0.00382068
-0.000616252
0.00381261
-0.000586976
0.00380551
-0.00057192
0.00379919
-0.000542867
0.00379228
-0.000504909
0.0037847
-0.000493128
0.00377803
-0.000503891
0.003773
-0.000498631
0.00376814
-0.000453375
0.0037619
-0.000419918
0.00375474
-0.000421983
0.00374871
-0.000478111
0.00374512
-0.000477929
0.00374261
-0.000459041
0.00373953
-0.000329485
0.00373276
-0.000290417
0.00372454
-0.000206437
0.00371285
-0.000262727
-0.000281152
0.00491173
0.00325298
-0.00486831
0.0049407
0.0029022
0.00495199
0.00246339
0.00495499
0.00212445
0.00494412
0.00170934
0.00492673
0.00136255
0.00490043
0.00096081
0.00487103
0.000612902
0.00483707
0.000227279
0.00480241
-0.00011367
0.0047658
-0.000477468
0.00472974
-0.000799331
0.00469319
-0.0011299
0.00465798
-0.00141948
0.00462334
-0.00170885
0.00459024
-0.00196637
0.00455751
-0.00222902
0.00452462
-0.00247714
0.00448877
-0.00274391
0.00444822
-0.00299826
0.00440185
-0.00323389
0.00435151
-0.00339597
0.00429962
-0.0034716
0.00424956
-0.00344141
0.00420353
-0.00332223
0.00416292
-0.00312785
0.00412811
-0.00289184
0.00409883
-0.00262892
0.00407414
-0.00236373
0.00405344
-0.00211046
0.00403583
-0.00187292
0.00402037
-0.00165667
0.00400678
-0.00146984
0.00399469
-0.00130315
0.00398334
-0.00115519
0.00397276
-0.00103471
0.00396316
-0.000932961
0.00395386
-0.000838672
0.00394455
-0.00076378
0.00393597
-0.000710954
0.00392806
-0.000659449
0.00391981
-0.000607996
0.00391133
-0.000578497
0.00390381
-0.000564407
0.00389714
-0.000536191
0.00388986
-0.000497631
0.00388185
-0.000485118
0.00387471
-0.000496748
0.00386924
-0.000493166
0.00386401
-0.000448146
0.00385735
-0.00041325
0.00384965
-0.000414289
0.00384298
-0.00047144
0.00383884
-0.000473794
0.00383588
-0.000456072
0.00383248
-0.000326092
0.00382524
-0.000283177
0.00381654
-0.000197735
0.00380407
-0.000250259
-0.000271727
0.0050149
0.00320555
-0.00496747
0.00504946
0.00286764
0.00506751
0.00244534
0.00507827
0.00211369
0.00507572
0.00171189
0.00506648
0.0013718
0.00504761
0.000979673
0.00502448
0.000636032
0.00499539
0.000256373
0.00496415
-8.24294e-05
0.00492953
-0.000442852
0.0048942
-0.000763996
0.00485725
-0.00109295
0.00482068
-0.00138292
0.00478386
-0.00167203
0.00474789
-0.0019304
0.00471169
-0.00219283
0.00467485
-0.0024403
0.00463474
-0.0027038
0.00458983
-0.00295335
0.00453913
-0.00318319
0.00448462
-0.00334145
0.00442876
-0.00341574
0.00437498
-0.00338763
0.00432552
-0.00327277
0.00428178
-0.00308412
0.00424419
-0.00285425
0.00421247
-0.0025972
0.00418566
-0.00233692
0.00416313
-0.00208794
0.00414397
-0.00185375
0.00412719
-0.00163989
0.00411247
-0.00145512
0.00409943
-0.00129011
0.00408727
-0.00114303
0.00407599
-0.00102343
0.0040658
-0.000922768
0.00405599
-0.000828866
0.00404622
-0.000754007
0.00403721
-0.000701938
0.00402893
-0.000651169
0.00402032
-0.000599392
0.00401147
-0.000569645
0.00400358
-0.00055652
0.00399657
-0.000529183
0.00398897
-0.000490027
0.00398057
-0.000476716
0.00397299
-0.00048917
0.00396713
-0.000487305
0.00396156
-0.000442578
0.00395451
-0.000406195
0.00394631
-0.000406095
0.00393904
-0.00046417
0.00393439
-0.000469137
0.00393097
-0.000452659
0.00392729
-0.000322409
0.00391962
-0.000275509
0.00391048
-0.000188594
0.00389728
-0.000237061
-0.000261594
0.00511857
0.00315515
-0.00506817
0.00515735
0.00282887
0.00518052
0.00242216
0.00519722
0.00209699
0.00520135
0.00170776
0.0051989
0.00137425
0.00518655
0.000992023
0.00516917
0.000653406
0.00514483
0.000280713
0.00511718
-5.47736e-05
0.00508496
-0.000410631
0.00505088
-0.000729923
0.00501415
-0.00105622
0.00497689
-0.00134566
0.00493856
-0.00163369
0.00490038
-0.00189223
0.00486136
-0.00215381
0.00482122
-0.00240016
0.00477747
-0.00266005
0.00472878
-0.00290467
0.00467434
-0.00312875
0.0046162
-0.00328331
0.00455686
-0.0033564
0.0044998
-0.00333057
0.00444727
-0.00322023
0.00440072
-0.00303757
0.00436059
-0.00281412
0.00432661
-0.00256322
0.00429783
-0.00230814
0.0042736
-0.00206371
0.00425299
-0.00183314
0.00423497
-0.00162187
0.0042192
-0.00143935
0.00420527
-0.00127618
0.00419236
-0.00113012
0.00418043
-0.0010115
0.00416968
-0.000912018
0.0041594
-0.000818591
0.0041492
-0.000743809
0.00413979
-0.000692524
0.00413116
-0.000642544
0.00412225
-0.000590474
0.00411306
-0.000560456
0.00410483
-0.000548289
0.00409752
-0.000521873
0.00408962
-0.000482132
0.00408087
-0.000467965
0.00407289
-0.000481193
0.00406667
-0.000481077
0.00406079
-0.000436699
0.00405338
-0.000398792
0.00404473
-0.000397445
0.0040369
-0.00045634
0.00403175
-0.000463983
0.00402791
-0.000448823
0.00402397
-0.000318463
0.00401591
-0.000267454
0.00400638
-0.000179059
0.00399251
-0.000223189
-0.000250794
0.00522351
0.00310244
-0.00517081
0.00526553
0.00278685
0.00529261
0.00239509
0.00531378
0.00207582
0.00532311
0.00169843
0.00532611
0.00137126
0.00531923
0.000998902
0.00530689
0.000665746
0.00528693
0.000300667
0.00526278
-3.06188e-05
0.00523312
-0.000380971
0.00520064
-0.000697443
0.00516459
-0.00102017
0.00512716
-0.00130823
0.00508789
-0.00159443
0.0050481
-0.00185243
0.00500685
-0.00211256
0.00496399
-0.00235729
0.00491718
-0.00261324
0.00486532
-0.0028528
0.00480769
-0.00307112
0.00474644
-0.00322207
0.00468411
-0.00329407
0.00462418
-0.00327063
0.00456893
-0.00316498
0.00451986
-0.0029885
0.00447741
-0.00277167
0.00444137
-0.00252717
0.00441077
-0.00227754
0.00438495
-0.00203789
0.00436297
-0.00181116
0.0043438
-0.00160269
0.00432703
-0.00142259
0.00431227
-0.00126141
0.00429865
-0.00111651
0.00428611
-0.00099895
0.00427484
-0.000900744
0.00426412
-0.000807879
0.00425353
-0.000733217
0.00424375
-0.000682743
0.00423481
-0.000633599
0.0042256
-0.00058127
0.00421611
-0.000550966
0.00420757
-0.000539747
0.00419998
-0.000514287
0.00419183
-0.00047398
0.00418277
-0.000458904
0.00417443
-0.000472854
0.00416786
-0.000474509
0.0041617
-0.000430538
0.00415399
-0.000391077
0.00414493
-0.000388383
0.00413657
-0.000447987
0.00413095
-0.000458359
0.00412671
-0.000444584
0.00412252
-0.000314278
0.00411413
-0.000259055
0.00410425
-0.000169181
0.00408977
-0.000208707
-0.000239371
0.00533024
0.00304782
-0.00527562
0.00537486
0.00274224
0.00540497
0.00236498
0.00542948
0.0020513
0.0054428
0.00168511
0.00545004
0.00136402
0.0054476
0.00100134
0.00543948
0.000673864
0.00542338
0.000316766
0.00540245
-9.68925e-06
0.00537532
-0.000353838
0.00534458
-0.000666704
0.0053095
-0.000985093
0.00527229
-0.00127102
0.00523255
-0.00155468
0.00519162
-0.00181151
0.00514867
-0.00206961
0.00510361
-0.00231223
0.00505429
-0.00256392
0.00499977
-0.00279828
0.00493948
-0.00301083
0.00487562
-0.00315821
0.00481074
-0.00322919
0.00474833
-0.00320822
0.00469069
-0.00310735
0.00463937
-0.00293717
0.00459482
-0.00272713
0.00455688
-0.00248923
0.00452459
-0.00224525
0.00449728
-0.00201059
0.00447403
-0.0017879
0.00445376
-0.00158242
0.00443605
-0.00140488
0.00442049
-0.00124586
0.00440622
-0.00110223
0.0043931
-0.00098583
0.00438133
-0.000888977
0.00437021
-0.000796758
0.00435926
-0.000722262
0.00434913
-0.000672619
0.00433989
-0.000624358
0.00433043
-0.000571808
0.00432067
-0.000541205
0.00431184
-0.00053092
0.004304
-0.000506448
0.00429562
-0.000465597
0.00428629
-0.000449569
0.00427762
-0.000464188
0.00427074
-0.000467627
0.00426432
-0.00042412
0.00425633
-0.000383088
0.0042469
-0.000378955
0.00423807
-0.000439154
0.004232
-0.00045229
0.00422738
-0.000439961
0.00422298
-0.000309877
0.00421428
-0.000250356
0.00420411
-0.00015901
0.00418909
-0.000193686
-0.000227377
0.00543908
0.0029915
-0.00538275
0.00548588
0.00269544
0.00551846
0.0023324
0.00554551
0.00202425
0.00556187
0.00166875
0.00557235
0.00135354
0.00557341
0.00100029
0.00556871
0.000678564
0.00555586
0.000329612
0.00553776
8.41166e-06
0.00551297
-0.000329048
0.00548396
-0.000637694
0.00545
-0.000951134
0.00541326
-0.00123427
0.00537336
-0.00151478
0.00533169
-0.00176984
0.00528745
-0.00202536
0.00524064
-0.00226543
0.00518928
-0.00251256
0.00513258
-0.00274159
0.0050701
-0.00294834
0.00500407
-0.00309219
0.00493705
-0.00316217
0.00487251
-0.00314368
0.00481278
-0.00304762
0.00475944
-0.00288383
0.004713
-0.00268068
0.0046733
-0.00244953
0.00463944
-0.00221138
0.00461074
-0.00198189
0.00458626
-0.00176343
0.00456496
-0.00156112
0.00454636
-0.00138628
0.00453004
-0.00122954
0.00451514
-0.00108733
0.00450147
-0.000972165
0.00448924
-0.00087674
0.00447773
-0.00078525
0.00446644
-0.00071097
0.00445599
-0.000662177
0.00444647
-0.000614838
0.00443677
-0.000562108
0.00442677
-0.000531203
0.00441768
-0.000521833
0.00440961
-0.000498374
0.00440102
-0.000457009
0.00439145
-0.000439997
0.00438249
-0.000455228
0.00437532
-0.000460454
0.00436866
-0.000417465
0.00436043
-0.000374859
0.00435068
-0.000369206
0.00434141
-0.000429881
0.00433492
-0.000445803
0.00432994
-0.000434972
0.00432534
-0.000305283
0.00431639
-0.000241404
0.00430598
-0.000148602
0.0042905
-0.000178203
-0.000214866
0.00555021
0.00293354
-0.00549226
0.00559895
0.0026467
0.00563365
0.0022977
0.00566271
0.00199519
0.00568144
0.00165003
0.00569438
0.00134059
0.00569816
0.000996514
0.00569615
0.000680574
0.00568596
0.000339801
0.00567024
2.41336e-05
0.00564751
-0.000306323
0.0056201
-0.000610284
0.00558727
-0.000918306
0.00555111
-0.00119811
0.00551128
-0.00147495
0.00546913
-0.0017277
0.00542393
-0.00198016
0.00537575
-0.00221725
0.00532273
-0.00245954
0.00526426
-0.00268311
0.00519998
-0.00288407
0.00513217
-0.00302437
0.00506335
-0.00309336
0.004997
-0.00307733
0.00493545
-0.00298607
0.00488031
-0.00282869
0.00483213
-0.0026325
0.00479081
-0.00240822
0.00475547
-0.00217604
0.00472545
-0.00195187
0.00469982
-0.00173781
0.00467752
-0.00153882
0.00465807
-0.00136683
0.00464102
-0.00121249
0.00462551
-0.00107181
0.00461132
-0.000957978
0.00459863
-0.000864051
0.00458675
-0.000773369
0.00457514
-0.000699359
0.0045644
-0.000651435
0.00455461
-0.000605051
0.00454469
-0.000552189
0.00453447
-0.000520983
0.00452515
-0.000512508
0.00451685
-0.000490081
0.00450808
-0.000448237
0.0044983
-0.00043022
0.00448908
-0.000446006
0.00448164
-0.00045301
0.00447477
-0.000410593
0.00446633
-0.000366421
0.0044563
-0.00035918
0.00444663
-0.00042021
0.00443975
-0.000438924
0.00443441
-0.000429636
0.00442965
-0.000300515
0.00442049
-0.000232244
0.0044099
-0.000138012
0.00439403
-0.000162338
-0.000201902
0.00566374
0.00287396
-0.00560416
0.00571428
0.00259615
0.00575092
0.00226106
0.00578165
0.00196445
0.00580229
0.00162939
0.00581715
0.00132573
0.00582303
0.000990629
0.00582311
0.000680498
0.00581504
0.000347872
0.00580125
3.79207e-05
0.00578027
-0.000285344
0.00575427
-0.000584278
0.00572249
-0.00088653
0.00568694
-0.00116256
0.00564728
-0.00143528
0.00560484
-0.00168526
0.00555891
-0.00193423
0.00550962
-0.00216797
0.00545526
-0.00240517
0.00539534
-0.00262319
0.0053296
-0.00281833
0.00526032
-0.0029551
0.00519002
-0.00302305
0.00512211
-0.00300942
0.00505896
-0.00292292
0.00500221
-0.00277194
0.00495244
-0.00258273
0.00490961
-0.00236539
0.00487288
-0.00213931
0.00484159
-0.00192058
0.00481485
-0.00171106
0.00479159
-0.00151556
0.0047713
-0.00134654
0.00475354
-0.00119473
0.00473743
-0.00105571
0.00472274
-0.000943285
0.00470961
-0.00085092
0.00469736
-0.000761127
0.00468545
-0.000687444
0.00467442
-0.000640407
0.00466438
-0.000595008
0.00465425
-0.000542062
0.00464383
-0.000510565
0.00463429
-0.000502962
0.00462578
-0.00048158
0.00461685
-0.000439297
0.00460689
-0.000420265
0.00459743
-0.000436551
0.00458974
-0.000445312
0.00458266
-0.000403519
0.00457404
-0.000357802
0.00456378
-0.00034892
0.00455376
-0.000410183
0.00454651
-0.000431676
0.00454084
-0.000423966
0.00453591
-0.000295589
0.00452659
-0.000222921
0.00451588
-0.000127299
0.00449972
-0.000146178
-0.000188549
0.0057797
0.00281274
-0.00571848
0.00583197
0.00254388
0.00587046
0.00222257
0.0059027
0.00193222
0.00592498
0.00160711
0.00594137
0.00130935
0.00594893
0.000983067
0.00595062
0.000678803
0.00594423
0.000354271
0.00593198
5.01694e-05
0.00591243
-0.000265798
0.0058876
-0.000559447
0.00585675
-0.000855677
0.00582176
-0.00112757
0.0057823
-0.00139582
0.00573966
-0.00164262
0.00569315
-0.00188773
0.00564296
-0.00211777
0.00558749
-0.0023497
0.00552637
-0.00256208
0.00545944
-0.0027514
0.00538895
-0.00288461
0.0053174
-0.0029515
0.00524816
-0.00294018
0.00518359
-0.00285835
0.00512537
-0.00271372
0.00507413
-0.00253149
0.00502988
-0.00232114
0.00499182
-0.00210125
0.00495932
-0.00188809
0.00493149
-0.00168324
0.00490729
-0.00149136
0.00488618
-0.00132543
0.00486772
-0.00117627
0.00485103
-0.00103902
0.00483583
-0.000928092
0.00482227
-0.00083735
0.00480966
-0.000748525
0.00479745
-0.000675233
0.00478615
-0.0006291
0.00477585
-0.000584712
0.00476552
-0.000531737
0.00475493
-0.000499966
0.00474517
-0.000493208
0.00473647
-0.000472878
0.00472738
-0.000430203
0.00471727
-0.000410158
0.00470761
-0.000426887
0.00469967
-0.000437376
0.0046924
-0.000396253
0.00468363
-0.000349028
0.00467318
-0.000338469
0.00466283
-0.000399841
0.00465524
-0.000424085
0.00464925
-0.000417975
0.00464418
-0.00029052
0.00463474
-0.000213478
0.00462396
-0.000116519
0.0046076
-0.000129813
-0.00017488
0.00589811
0.00274987
-0.00583524
0.00595207
0.00248992
0.0059924
0.00218225
0.00602605
0.00189857
0.00604982
0.00158333
0.00606753
0.00129164
0.00607648
0.000974115
0.00607946
0.000675819
0.0060744
0.000359337
0.00606336
6.12043e-05
0.00604497
-0.000247406
0.00602109
-0.000535569
0.00599101
-0.000825592
0.00595649
-0.00109305
0.00591721
-0.00135654
0.0058744
-0.00159981
0.00582741
-0.00184074
0.00577644
-0.0020668
0.00572002
-0.00229328
0.00565789
-0.00249996
0.00558997
-0.00268347
0.00551847
-0.00281311
0.00544585
-0.00287888
0.00537545
-0.00286977
0.00530961
-0.00279252
0.00525005
-0.00265416
0.00519743
-0.00247887
0.00515182
-0.00227553
0.00511248
-0.00206192
0.0050788
-0.0018544
0.00504991
-0.00165435
0.00502478
-0.00146623
0.00500286
-0.00130351
0.00498369
-0.0011571
0.00496641
-0.00102174
0.00495072
-0.000912402
0.00493672
-0.000823341
0.00492375
-0.000735561
0.00491125
-0.00066273
0.00489967
-0.000617518
0.00488912
-0.000574163
0.0048786
-0.000521215
0.00486783
-0.000489198
0.00485788
-0.000483258
0.00484898
-0.000463978
0.00483974
-0.000420962
0.0048295
-0.000399921
0.00481965
-0.000417038
0.00481149
-0.000429211
0.00480404
-0.000388802
0.00479513
-0.00034012
0.00478452
-0.000327864
0.00477391
-0.000389223
0.00476599
-0.000416171
0.00475969
-0.000411673
0.00475449
-0.000285317
0.00474497
-0.000203958
0.00473418
-0.000105731
0.0047177
-0.000113336
-0.000160968
0.00601901
0.00268534
-0.00595448
0.00607462
0.0024343
0.00611677
0.0021401
0.00615183
0.00186352
0.00617703
0.00155812
0.00619593
0.00127274
0.00620611
0.000963941
0.00621017
0.000671761
0.00620619
0.000363309
0.00619613
7.12701e-05
0.00617866
-0.000229939
0.00615554
-0.000512447
0.00612607
-0.000796122
0.00609192
-0.0010589
0.00605276
-0.00131738
0.00600977
-0.00155682
0.00596233
-0.00179329
0.00591066
-0.00201513
0.0058534
-0.00223602
0.0057904
-0.00243696
0.00572162
-0.00261469
0.00564925
-0.00274074
0.00557572
-0.00280535
0.00550428
-0.00279833
0.00543728
-0.00272552
0.00537647
-0.00259334
0.00532254
-0.00242494
0.00527562
-0.00222861
0.00523504
-0.00202133
0.0052002
-0.00181956
0.00517025
-0.0016244
0.0051442
-0.00144018
0.00512147
-0.00128078
0.00510159
-0.00113722
0.00508372
-0.00100387
0.00506752
-0.00089621
0.00505307
-0.000808885
0.00503973
-0.000722228
0.00502694
-0.000649933
0.00501508
-0.000605662
0.00500427
-0.000563355
0.00499356
-0.000510497
0.00498263
-0.000478269
0.00497249
-0.000473118
0.00496339
-0.000454879
0.00495401
-0.00041158
0.00494366
-0.000389571
0.00493364
-0.000407024
0.00492526
-0.000420826
0.00491763
-0.000381171
0.0049086
-0.000331098
0.00489788
-0.000317143
0.00488703
-0.000378368
0.00487881
-0.000407954
0.0048722
-0.000405067
0.00486688
-0.000279988
0.00485732
-0.000194401
0.00484658
-9.49922e-05
0.00483009
-9.68423e-05
-0.000146892
0.00614242
0.00261916
-0.00607624
0.00619965
0.00237707
0.00624363
0.00209612
0.0062801
0.00182705
0.00630671
0.00153151
0.00632677
0.00125269
0.00633808
0.00095263
0.00634309
0.000666752
0.00634006
0.00036634
0.00633079
8.05348e-05
0.00631408
-0.000213231
0.00629156
-0.000489924
0.00626258
-0.000767136
0.00622869
-0.00102501
0.00618959
-0.00127829
0.00614639
-0.00151362
0.0060985
-0.00174541
0.00604616
-0.00196279
0.00598813
-0.00217799
0.00592433
-0.00237316
0.00585479
-0.00254515
0.00578166
-0.00266761
0.00570731
-0.00273099
0.00563493
-0.00272595
0.00556685
-0.00265744
0.00550485
-0.00253134
0.00544967
-0.00236975
0.00540148
-0.00218042
0.00535967
-0.00197953
0.00532367
-0.00178356
0.00529267
-0.00159339
0.00526569
-0.0014132
0.00524214
-0.00125722
0.00522153
-0.00111661
0.00520306
-0.000985397
0.00518635
-0.000879506
0.00517144
-0.00079397
0.00515773
-0.000708513
0.00514463
-0.000636836
0.00513249
-0.000593527
0.00512142
-0.000552281
0.0051105
-0.000499578
0.00509941
-0.000467183
0.00508909
-0.00046279
0.00507979
-0.000445579
0.00507026
-0.000402056
0.00505981
-0.000379123
0.00504965
-0.000396861
0.00504105
-0.000412225
0.00503324
-0.000373359
0.00502411
-0.000321974
0.00501331
-0.000306338
0.00500225
-0.000367312
0.00499375
-0.000399452
0.00498685
-0.000398163
0.00498139
-0.000274536
0.00497184
-0.000184846
0.0049612
-8.43578e-05
0.00494479
-8.04289e-05
-0.00013273
0.00626838
0.00255136
-0.00620059
0.00632719
0.00231827
0.00637299
0.00205031
0.00641089
0.00178915
0.00643893
0.00150346
0.00646014
0.00123148
0.00647256
0.000940212
0.00647846
0.000660849
0.00647629
0.000368513
0.00646772
8.91018e-05
0.00645166
-0.000197168
0.00642962
-0.000467886
0.00640101
-0.00073853
0.0063673
-0.000991297
0.00632819
-0.00123918
0.00628474
-0.00147017
0.00623639
-0.00169706
0.0061834
-0.0019098
0.00612463
-0.00211922
0.00606009
-0.00230861
0.00598985
-0.00247491
0.00591601
-0.00259378
0.00584091
-0.00265588
0.00576765
-0.00265269
0.00569855
-0.00258835
0.00563541
-0.0024682
0.005579
-0.00231334
0.00552956
-0.00213098
0.00548653
-0.00193651
0.00544938
-0.00174641
0.00541731
-0.00156133
0.00538939
-0.00138528
0.00536501
-0.00123283
0.00534366
-0.00109527
0.00532457
-0.000966303
0.00530734
-0.000862275
0.00529195
-0.000778579
0.00527784
-0.000694402
0.00526443
-0.000623429
0.005252
-0.000581103
0.00524065
-0.000540929
0.00522952
-0.00048845
0.00521828
-0.00045594
0.00520777
-0.000452276
0.00519826
-0.00043607
0.00518859
-0.000392389
0.00517805
-0.000368587
0.00516776
-0.000386562
0.00515894
-0.000403409
0.00515094
-0.000365362
0.00514173
-0.000312761
0.00513087
-0.000295482
0.00511965
-0.000356088
0.00511088
-0.00039068
0.00510368
-0.000390961
0.0050981
-0.000268961
0.00508858
-0.000175327
0.00507811
-7.38827e-05
0.00506187
-6.41927e-05
-0.000118564
0.00639696
0.00248199
-0.00632758
0.00645728
0.00225795
0.0065049
0.00200269
0.00654426
0.00174979
0.00657374
0.00147398
0.00659612
0.0012091
0.00660965
0.000926683
0.00661643
0.000654066
0.00661508
0.000369864
0.00660716
9.70239e-05
0.00659167
-0.000181683
0.00657005
-0.00044626
0.00654175
-0.000710229
0.00650814
-0.000957688
0.00646896
-0.0012
0.00642522
-0.00142642
0.00637639
-0.00164823
0.00632274
-0.00185616
0.00626325
-0.00205973
0.00619798
-0.00224335
0.00612708
-0.002404
0.00605258
-0.00251928
0.00597676
-0.00258007
0.00590266
-0.0025786
0.00583258
-0.00251827
0.00576832
-0.00240394
0.00571071
-0.00225573
0.00566002
-0.00208029
0.00561578
-0.00189227
0.00557747
-0.0017081
0.00554432
-0.00152818
0.00551545
-0.0013564
0.00549021
-0.00120759
0.0054681
-0.00107316
0.00544837
-0.000946569
0.00543059
-0.000844501
0.00541471
-0.000762695
0.00540018
-0.000679874
0.00538645
-0.000609699
0.00537373
-0.00056838
0.00536208
-0.000529284
0.00535073
-0.000477101
0.00533933
-0.000444538
0.00532863
-0.000441571
0.0053189
-0.000426344
0.00530908
-0.000382573
0.00529847
-0.000357971
0.00528804
-0.000376136
0.00527901
-0.000394379
0.00527083
-0.000357176
0.00526153
-0.000303467
0.00525065
-0.0002846
0.00523929
-0.000344728
0.00523026
-0.000381651
0.00522276
-0.000383462
0.00521706
-0.000263258
0.00520761
-0.000165878
0.00519735
-6.3619e-05
0.00518138
-4.82307e-05
-0.000104478
0.0065282
0.00241109
-0.00645731
0.00659
0.00219616
0.00663941
0.00195328
0.00668024
0.00170896
0.00671117
0.00144305
0.00673475
0.00118553
0.00674941
0.000912023
0.00675708
0.00064639
0.00675655
0.000370396
0.00674926
0.000104318
0.00673432
-0.000166745
0.00671306
-0.000425006
0.00668502
-0.000682187
0.00665148
-0.000924139
0.0066122
-0.00116073
0.00656813
-0.00138235
0.0065188
-0.0015989
0.00646449
-0.00180185
0.00640428
-0.00199952
0.0063383
-0.00217737
0.00626674
-0.00233244
0.00619159
-0.00244414
0.00611508
-0.00250355
0.00604017
-0.00250368
0.00596912
-0.00244722
0.00590376
-0.00233858
0.00584495
-0.00219691
0.00579302
-0.00202836
0.00574756
-0.00184681
0.00570807
-0.00166861
0.00567383
-0.00149393
0.00564397
-0.00132655
0.00561786
-0.00118148
0.00559497
-0.00105027
0.00557457
-0.000926172
0.00555623
-0.000826163
0.00553983
-0.000746295
0.00552487
-0.000664911
0.0055108
-0.00059563
0.00549777
-0.000555344
0.00548581
-0.00051733
0.00547423
-0.00046552
0.00546266
-0.000432972
0.00545176
-0.000430671
0.00544181
-0.000416388
0.00543184
-0.000372602
0.00542115
-0.000347279
0.0054106
-0.000365593
0.00540135
-0.00038513
0.00539297
-0.000348791
0.0053836
-0.000294096
0.00537272
-0.000273718
0.00536125
-0.00033326
0.00535197
-0.000372375
0.00534417
-0.00037566
0.00533833
-0.000257422
0.00532898
-0.000156527
0.00531898
-5.36169e-05
0.00530339
-3.26386e-05
-9.05538e-05
0.0066622
0.00233873
-0.00658984
0.0067254
0.00213295
0.00677656
0.00190212
0.00681888
0.00166665
0.00685128
0.00141065
0.00687608
0.00116072
0.0068919
0.000896206
0.00690049
0.000637797
0.00690079
0.000370097
0.00689413
0.00011098
0.00687973
-0.000152348
0.00685884
-0.000404107
0.00683103
-0.000654383
0.00679752
-0.000890626
0.00675811
-0.00112132
0.00671369
-0.00133794
0.00666385
-0.00154906
0.00660887
-0.00174687
0.00654794
-0.00193859
0.00648125
-0.00211067
0.00640904
-0.00226024
0.00633325
-0.00236835
0.00625605
-0.00242636
0.00618033
-0.00242796
0.00610833
-0.00237522
0.00604188
-0.00227213
0.00598187
-0.0021369
0.00592869
-0.00197518
0.00588199
-0.00180012
0.00584131
-0.00162793
0.00580595
-0.00145857
0.0057751
-0.00129569
0.00574809
-0.00115447
0.00572439
-0.00102657
0.0057033
-0.000905088
0.00568438
-0.00080724
0.00566744
-0.000729359
0.00565202
-0.00064949
0.0056376
-0.000581206
0.00562423
-0.00054198
0.00561195
-0.000505049
0.00560012
-0.000453691
0.00558839
-0.000421234
0.00557728
-0.000419567
0.00556708
-0.00040619
0.00555695
-0.000362466
0.00554618
-0.000336514
0.00553552
-0.000354935
0.00552605
-0.000375657
0.00551746
-0.000340197
0.00550801
-0.000284653
0.00549715
-0.000262858
0.0054856
-0.000321709
0.00547609
-0.00036286
0.00546798
-0.000367552
0.005462
-0.000251443
0.00545278
-0.000147303
0.00544308
-4.39238e-05
0.00542796
-1.75104e-05
-7.68739e-05
0.00679902
0.00226498
-0.00672527
0.00686358
0.0020684
0.00691645
0.00184924
0.00696025
0.00162284
0.00699413
0.00137677
0.00702018
0.00113468
0.00703718
0.000879206
0.00704672
0.000628256
0.00704788
0.000368944
0.00704187
0.000116991
0.00702802
-0.000138498
0.00700747
-0.000383564
0.0069799
-0.000626808
0.00694641
-0.000857136
0.00690686
-0.00108177
0.00686208
-0.00129316
0.00681172
-0.00149869
0.00675607
-0.00169121
0.00669442
-0.00187694
0.00662701
-0.00204327
0.00655415
-0.00218737
0.00647771
-0.00229191
0.00639983
-0.00234847
0.0063233
-0.00235143
0.00625034
-0.00230226
0.0061828
-0.00220459
0.00612159
-0.00207569
0.00606715
-0.00192073
0.00601921
-0.00175218
0.00597732
-0.00158604
0.00594081
-0.00142207
0.00590893
-0.00126382
0.005881
-0.00112653
0.00585646
-0.00100204
0.00583467
-0.000883293
0.00581514
-0.000787708
0.00579764
-0.000711863
0.00578174
-0.00063359
0.00576694
-0.000566409
0.00575323
-0.000528271
0.00574061
-0.000492424
0.00572852
-0.0004416
0.0057166
-0.000409315
0.00570528
-0.00040825
0.00569483
-0.000395736
0.00568452
-0.000352155
0.00567368
-0.000325676
0.00566291
-0.000344165
0.0056532
-0.000365952
0.00564439
-0.000331384
0.00563487
-0.000275138
0.00562405
-0.000252037
0.00561244
-0.000310098
0.00560269
-0.000353111
0.00559427
-0.000359128
0.00558814
-0.00024531
0.00557906
-0.000138229
0.00556972
-3.45847e-05
0.00555515
-2.9377e-06
-6.35196e-05
0.00693877
0.0021899
-0.00686369
0.00700462
0.00200255
0.00705915
0.00179472
0.00710444
0.00157755
0.0071398
0.00134141
0.00716711
0.00110736
0.00718532
0.000861001
0.00719584
0.000617739
0.00719787
0.000366911
0.00719253
0.000122326
0.00717925
-0.000125214
0.00715908
-0.000363391
0.00713174
-0.000599468
0.00709827
-0.00082367
0.00705857
-0.00104207
0.00701344
-0.00124803
0.00696255
-0.0014478
0.00690623
-0.00163489
0.00684386
-0.00181457
0.00677574
-0.00197515
0.00670222
-0.00211385
0.00662513
-0.00221482
0.00654655
-0.0022699
0.00646921
-0.00227409
0.00639529
-0.00222835
0.00632665
-0.00213595
0.00626423
-0.00201327
0.00620851
-0.00186502
0.00615931
-0.00170298
0.00611618
-0.00154291
0.00607852
-0.00138441
0.00604559
-0.00123089
0.0060167
-0.00109765
0.00599131
-0.000976639
0.00596878
-0.000860762
0.00594861
-0.000767545
0.00593053
-0.000693784
0.00591413
-0.00061719
0.00589894
-0.00055122
0.00588487
-0.000514199
0.00587189
-0.000479437
0.00585952
-0.000429231
0.00584741
-0.000397206
0.00583587
-0.000396709
0.00582514
-0.000385011
0.00581465
-0.000341659
0.00580373
-0.000314763
0.00579285
-0.000333282
0.0057829
-0.000356007
0.00577386
-0.000322339
0.00576427
-0.00026555
0.00575351
-0.000241271
0.00574185
-0.000298446
0.00573187
-0.000343131
0.00572313
-0.000350381
0.00571683
-0.00023901
0.00570793
-0.000129328
0.00569898
-2.56418e-05
0.00568505
1.09911e-05
-5.05707e-05
0.00708153
0.00211357
-0.0070052
0.00714863
0.00193544
0.00720476
0.00173859
0.00725152
0.00153078
0.00728835
0.00130458
0.00731696
0.00107876
0.00733639
0.00084157
0.00734791
0.000606215
0.00735085
0.000363974
0.00734621
0.000126959
0.00733351
-0.000112514
0.00731373
-0.000343603
0.00728663
-0.000572374
0.0072532
-0.000790237
0.00721336
-0.00100223
0.00716787
-0.00120254
0.00711646
-0.0013964
0.00705947
-0.0015779
0.00699639
-0.00175149
0.00692755
-0.00190631
0.00685336
-0.00203967
0.00677561
-0.00213707
0.00669633
-0.00219062
0.00661816
-0.00219592
0.00654328
-0.00215347
0.00647353
-0.0020662
0.00640989
-0.00194964
0.00635289
-0.00180801
0.0063024
-0.00165249
0.00625803
-0.00149854
0.00621917
-0.00134555
0.00618517
-0.00119688
0.00615531
-0.00106778
0.00612902
-0.000950355
0.00610573
-0.00083747
0.00608491
-0.000746728
0.00606623
-0.0006751
0.00604931
-0.000600268
0.00603371
-0.000535621
0.00601926
-0.000499748
0.00600589
-0.000466068
0.00599323
-0.000416571
0.00598092
-0.000384894
0.00596914
-0.000384932
0.00595813
-0.000374002
0.00594744
-0.000330967
0.00593645
-0.000303771
0.00592545
-0.000322285
0.00591525
-0.000345812
0.00590596
-0.000313049
0.0058963
-0.000255889
0.00588561
-0.000230574
0.00587393
-0.00028677
0.00586372
-0.000332921
0.00585464
-0.000341299
0.00584816
-0.000232528
0.00583945
-0.00012062
0.00583094
-1.71346e-05
0.00581774
2.41912e-05
-3.81044e-05
0.0072274
0.00203607
-0.0071499
0.0072957
0.00186714
0.00735337
0.00168092
0.00740161
0.00148255
0.00743991
0.00126628
0.0074698
0.00104886
0.00749047
0.0008209
0.00750303
0.000593661
0.00750689
0.000360109
0.00750298
0.000130865
0.00749089
-0.00010042
0.00747151
-0.000324219
0.00744467
-0.000545538
0.00741128
-0.000756849
0.00737131
-0.000962264
0.00732547
-0.0011567
0.00727356
-0.00134448
0.00721591
-0.00152025
0.00715211
-0.00168769
0.00708256
-0.00183675
0.0070077
-0.00196481
0.00692927
-0.00205864
0.00684927
-0.00211062
0.00677028
-0.00211693
0.00669442
-0.00207761
0.00662356
-0.00199534
0.00655869
-0.00188477
0.00650038
-0.00174971
0.00644859
-0.00160069
0.00640294
-0.00145289
0.00636287
-0.00130549
0.00632777
-0.00116177
0.00629691
-0.00103692
0.00626971
-0.000923158
0.00624563
-0.000813394
0.00622414
-0.000725234
0.00620483
-0.000655789
0.00618736
-0.000582805
0.00617134
-0.000519595
0.00615649
-0.0004849
0.00614272
-0.000452303
0.00612976
-0.000403603
0.00611723
-0.000372369
0.00610521
-0.000372908
0.0060939
-0.000362695
0.006083
-0.000320068
0.00607193
-0.000292698
0.00606081
-0.000311168
0.00605035
-0.000335355
0.00604081
-0.000303503
0.00603107
-0.000246153
0.00602046
-0.000219958
0.00600877
-0.000275082
0.00599833
-0.00032248
0.0059889
-0.000331871
0.00598222
-0.000225849
0.00597372
-0.000112123
0.00596569
-9.10025e-06
0.0059533
3.65816e-05
-2.6195e-05
0.00737651
0.00195746
-0.0072979
0.00744596
0.00179769
0.00750512
0.00162177
0.0075548
0.00143286
0.00759456
0.00122653
0.00762575
0.00101767
0.00764768
0.000798979
0.00766128
0.000580054
0.00766609
0.000355297
0.00766294
0.000134021
0.00765147
-8.89515e-05
0.00763251
-0.00030526
0.00760595
-0.000518975
0.00757262
-0.000723518
0.00753253
-0.000922175
0.00748635
-0.00111052
0.00743394
-0.00129207
0.00737564
-0.00146195
0.00731114
-0.00162319
0.00724086
-0.00176648
0.00716533
-0.00188927
0.00708621
-0.00197952
0.00700549
-0.0020299
0.00692565
-0.00203709
0.0068488
-0.00200077
0.00677681
-0.00192335
0.0067107
-0.00181865
0.00665107
-0.00169009
0.00659796
-0.00154758
0.00655102
-0.00140594
0.00650972
-0.00126419
0.00647348
-0.00112554
0.0064416
-0.00100504
0.00641346
-0.000895025
0.00638858
-0.000788511
0.00636639
-0.00070304
0.00634643
-0.00063583
0.00632841
-0.000564782
0.00631194
-0.000503125
0.00629667
-0.000469638
0.00628249
-0.000438124
0.00626921
-0.000390316
0.00625646
-0.00035962
0.00624417
-0.000360623
0.00623255
-0.000351075
0.00622144
-0.000308953
0.00621028
-0.000281537
0.00619904
-0.000299927
0.00618831
-0.000324626
0.00617849
-0.000293689
0.00616868
-0.00023634
0.00615815
-0.000209431
0.00614647
-0.000263395
0.00613579
-0.000311805
0.006126
-0.000322087
0.00611912
-0.00021896
0.00611085
-0.000103853
0.00610332
-1.57321e-06
0.00609182
4.80857e-05
-1.49138e-05
0.00752895
0.00187781
-0.00744931
0.00759952
0.00172711
0.00766011
0.00156118
0.00771122
0.00138175
0.00775243
0.00118532
0.00778493
0.000985164
0.00780811
0.000775799
0.00782279
0.000565374
0.00782857
0.00034952
0.00782618
0.000136405
0.00781536
-7.81259e-05
0.00779684
-0.000286743
0.00777057
-0.0004927
0.00773731
-0.000690257
0.00769711
-0.000881976
0.00765061
-0.00106402
0.0075977
-0.00123916
0.00753877
-0.00140302
0.00747357
-0.00155798
0.00740257
-0.00169548
0.00732635
-0.00181304
0.00724653
-0.0018997
0.00716507
-0.00194843
0.00708437
-0.00195639
0.00700653
-0.00192292
0.00693339
-0.00185022
0.00686602
-0.00175128
0.00680507
-0.00162913
0.00675062
-0.00149313
0.00670235
-0.00135768
0.0066598
-0.00122163
0.00662242
-0.00108816
0.00658948
-0.0009721
0.00656039
-0.000865932
0.00653467
-0.000762799
0.00651176
-0.000680125
0.00649113
-0.000615203
0.00647253
-0.000546181
0.0064556
-0.000486194
0.00643991
-0.000453945
0.0064253
-0.000423516
0.00641168
-0.000376697
0.0063987
-0.000346634
0.00638614
-0.000348065
0.00637419
-0.000339131
0.00636285
-0.000297614
0.0063516
-0.000270284
0.00634023
-0.000288554
0.00632922
-0.000313614
0.00631912
-0.000283596
0.00630923
-0.000226448
0.0062988
-0.000199001
0.00628712
-0.000251715
0.00627621
-0.00030089
0.00626605
-0.000311933
0.00625894
-0.000211845
0.00625091
-9.58278e-05
0.00624393
5.41427e-06
0.00623338
5.86317e-05
-4.32783e-06
0.00768487
0.0017972
-0.00760426
0.00775652
0.00165547
0.00781847
0.00149923
0.007871
0.00132922
0.00791364
0.00114268
0.00794745
0.000951354
0.0079719
0.000751354
0.00798767
0.000549603
0.00799443
0.000342762
0.00799283
0.000137997
0.00798267
-6.79589e-05
0.00796461
-0.000268683
0.00793863
-0.000466724
0.00790545
-0.00065708
0.00786515
-0.000841677
0.00781834
-0.00101721
0.00776496
-0.00118578
0.00770539
-0.00134346
0.0076395
-0.00149209
0.00756779
-0.00162377
0.00749087
-0.00173612
0.00741034
-0.00181917
0.00732811
-0.00186621
0.00724654
-0.00187482
0.00716769
-0.00184407
0.0070934
-0.00177593
0.00702476
-0.00168264
0.00696246
-0.00156683
0.00690665
-0.00143733
0.00685705
-0.00130808
0.00681321
-0.00117779
0.00677466
-0.00104961
0.00674065
-0.000938089
0.00671057
-0.000835857
0.00668401
-0.000736238
0.00666035
-0.000656468
0.00663904
-0.000593889
0.00661985
-0.000526988
0.00660244
-0.000468786
0.0065863
-0.000437805
0.00657125
-0.000408466
0.00655729
-0.000362736
0.00654406
-0.000333401
0.00653121
-0.00033522
0.00651893
-0.000326851
0.00650736
-0.000286042
0.00649601
-0.000258933
0.0064845
-0.000277041
0.00647319
-0.000302307
0.00646281
-0.000273215
0.00645284
-0.000216477
0.00644251
-0.000188674
0.00643084
-0.000240048
0.00641968
-0.00028973
0.00640915
-0.0003014
0.0064018
-0.000204493
0.00639403
-8.80614e-05
0.00638761
1.18321e-05
0.00637809
6.81526e-05
5.49966e-06
0.00784438
0.00171568
-0.00776286
0.00791708
0.00158277
0.00798035
0.00143595
0.00803427
0.00127531
0.00807834
0.00109861
0.00811346
0.000916234
0.00813917
0.000725641
0.00815605
0.000532729
0.0081638
0.000335011
0.00816301
0.000138781
0.00815352
-5.84639e-05
0.00813593
-0.000251096
0.00811026
-0.000441057
0.00807718
-0.000623996
0.00803679
-0.000801287
0.00798967
-0.000970087
0.00793582
-0.00113193
0.00787564
-0.00128327
0.00780905
-0.00142551
0.00773662
-0.00155134
0.00765899
-0.00165848
0.00757773
-0.00173792
0.00749473
-0.00178321
0.00741227
-0.00179236
0.00733238
-0.00176418
0.00725693
-0.00170048
0.007187
-0.00161271
0.00712334
-0.00150317
0.00706616
-0.00138014
0.00701519
-0.00125712
0.00697006
-0.00113265
0.00693031
-0.00100986
0.0068952
-0.00090298
0.00686412
-0.000804779
0.00683669
-0.000708806
0.00681227
-0.000632049
0.00679025
-0.000571869
0.00677045
-0.000507186
0.00675255
-0.000450887
0.00673595
-0.000421202
0.00672044
-0.000392962
0.00670613
-0.000348422
0.00669264
-0.00031991
0.0066795
-0.000322077
0.00666687
-0.000314225
0.00665506
-0.000274234
0.00664361
-0.000247479
0.00663195
-0.00026538
0.00662033
-0.000290694
0.00660966
-0.000262539
0.00659961
-0.000206426
0.00658939
-0.000178455
0.00657774
-0.000228397
0.00656632
-0.000278317
0.0065554
-0.000290475
0.0065478
-0.000196891
0.0065403
-8.05686e-05
0.00653448
1.76524e-05
0.00652605
7.65867e-05
1.45101e-05
0.00800764
0.00163331
-0.00792527
0.00808135
0.00150907
0.0081459
0.0013714
0.00820118
0.00122003
0.00824667
0.00105312
0.0082831
0.000879804
0.00831008
0.000698659
0.00832807
0.000514737
0.00833683
0.000326255
0.00833686
0.000138743
0.00832805
-4.96518e-05
0.00831095
-0.000233993
0.0082856
-0.000415708
0.00825262
-0.000591014
0.00821214
-0.000760813
0.00816472
-0.000922669
0.00811041
-0.00107762
0.00804961
-0.00122248
0.00798234
-0.00135824
0.00790918
-0.00147818
0.00783083
-0.00158013
0.00774882
-0.00165591
0.00766503
-0.00169941
0.00758165
-0.00170898
0.00750072
-0.00168325
0.00742408
-0.00162384
0.00735285
-0.00154148
0.00728781
-0.00143812
0.00722923
-0.00132157
0.00717689
-0.00120478
0.00713043
-0.00108619
0.00708947
-0.000968902
0.00705324
-0.00086675
0.00702114
-0.000772677
0.00699282
-0.000680486
0.00696762
-0.000606847
0.00694487
-0.000549126
0.00692445
-0.000486762
0.00690604
-0.000432481
0.00688896
-0.000404122
0.00687299
-0.000376991
0.00685832
-0.000333748
0.00684456
-0.00030615
0.0068311
-0.000308622
0.00681812
-0.000301243
0.00680607
-0.000262182
0.00679451
-0.000235916
0.00678269
-0.00025356
0.00677076
-0.000278764
0.00675978
-0.000251562
0.00674965
-0.000196295
0.00673954
-0.000168347
0.00672791
-0.000216763
0.00671623
-0.000266643
0.00670491
-0.000279148
0.00669704
-0.000189029
0.00668984
-7.33637e-05
0.00668464
2.28492e-05
0.00667735
8.38775e-05
2.26499e-05
0.00817479
0.00155013
-0.00809162
0.00824949
0.00143437
0.00831528
0.00130561
0.0083719
0.00116341
0.00841879
0.00100624
0.00845653
0.000842065
0.00848478
0.000670409
0.00850389
0.00049562
0.00851366
0.000316486
0.00851454
0.00013787
0.00850641
-4.15309e-05
0.0084898
-0.000217383
0.00846478
-0.000390683
0.0084319
-0.000558139
0.00839135
-0.000720258
0.00834364
-0.000874957
0.00828887
-0.00102285
0.00822746
-0.00116107
0.0081595
-0.00129027
0.0080856
-0.00140429
0.00800651
-0.00150104
0.00792374
-0.00157313
0.00783912
-0.00161479
0.00775481
-0.00162467
0.00767281
-0.00160125
0.00759497
-0.001546
0.00752242
-0.00146893
0.00745597
-0.00137168
0.00739599
-0.00126158
0.00734225
-0.00115103
0.00729445
-0.00103839
0.00725225
-0.000926702
0.00721487
-0.000829378
0.00718173
-0.000739532
0.0071525
-0.000651257
0.00712649
-0.000580842
0.00710301
-0.000525643
0.00708195
-0.000465703
0.00706303
-0.000413556
0.00704545
-0.000386549
0.00702901
-0.000360543
0.00701396
-0.000318706
0.00699992
-0.00029211
0.00698615
-0.000294843
0.0069728
-0.000287899
0.0069605
-0.000249885
0.00694883
-0.000224238
0.00693684
-0.000241572
0.00692458
-0.000266507
0.0069133
-0.000240277
0.00690309
-0.000186085
0.00689309
-0.000158352
0.00688147
-0.000205144
0.00686953
-0.000254699
0.00685779
-0.00026741
0.00684966
-0.000180898
0.00684276
-6.64605e-05
0.00683821
2.73988e-05
0.00683211
8.99744e-05
2.98706e-05
0.008346
0.00146618
-0.00826206
0.00842168
0.0013587
0.00848867
0.00123862
0.00854661
0.00110547
0.00859488
0.000957966
0.00863392
0.000803019
0.00866344
0.000640892
0.00868369
0.000475369
0.00869448
0.000305698
0.00869619
0.000136154
0.00868877
-3.41071e-05
0.00867266
-0.000201272
0.00864796
-0.000365983
0.0086152
-0.000525374
0.00857456
-0.000679624
0.00852656
-0.000826954
0.00847133
-0.000967617
0.00840931
-0.00109905
0.00834065
-0.00122162
0.00826601
-0.00132965
0.00818616
-0.00142119
0.00810259
-0.00148956
0.00801712
-0.00152932
0.00793185
-0.0015394
0.00784876
-0.00151816
0.0077697
-0.00146693
0.0076958
-0.00139503
0.00762795
-0.00130382
0.00756652
-0.00120016
0.00751136
-0.00109587
0.0074622
-0.000989234
0.00741874
-0.000883243
0.00738021
-0.000790841
0.007346
-0.000705323
0.00731584
-0.000621103
0.00728902
-0.000554017
0.00726478
-0.000501404
0.00724307
-0.000443995
0.00722361
-0.000394096
0.00720553
-0.00036847
0.0071886
-0.000343609
0.00717318
-0.000303288
0.00715885
-0.00027778
0.00714474
-0.000280729
0.00713102
-0.000274185
0.00711848
-0.000237338
0.00710668
-0.000212439
0.00709451
-0.000229404
0.00708192
-0.000253913
0.00707032
-0.000228683
0.00706004
-0.0001758
0.00705015
-0.000148471
0.00703855
-0.000193537
0.00702632
-0.000242475
0.00701417
-0.000255253
0.00700576
-0.000172493
0.00699917
-5.98725e-05
0.00699529
3.12794e-05
0.00699043
9.48326e-05
3.61291e-05
0.00852145
0.00138149
-0.00843676
0.00859808
0.00128207
0.00866624
0.00117045
0.00872548
0.00104623
0.00877512
0.000908321
0.00881547
0.000762667
0.00884625
0.000610112
0.00886764
0.00045398
0.00887945
0.000293886
0.00888202
0.000133588
0.0088753
-2.73833e-05
0.00885969
-0.000185665
0.00883531
-0.000341608
0.00880266
-0.00049272
0.00876194
-0.000638907
0.00871365
-0.000778657
0.00865795
-0.000911924
0.00859532
-0.00103641
0.00852596
-0.00115225
0.00845055
-0.00125425
0.00836993
-0.00134056
0.00828553
-0.00140517
0.00819918
-0.00144297
0.00811292
-0.00145314
0.00802871
-0.00143395
0.00794839
-0.00138662
0.00787313
-0.00131978
0.00780384
-0.00123453
0.00774097
-0.00113729
0.00768436
-0.00103927
0.00763382
-0.000938692
0.00758908
-0.000838503
0.00754936
-0.000751118
0.00751407
-0.000670033
0.00748297
-0.000590005
0.00745531
-0.000526353
0.0074303
-0.000476394
0.00740793
-0.000421629
0.00738792
-0.000374089
0.00736932
-0.000349869
0.00735189
-0.00032618
0.00733609
-0.000287488
0.00732146
-0.000263149
0.007307
-0.000266266
0.00729291
-0.000260094
0.00728011
-0.000224541
0.00726818
-0.000200512
0.00725583
-0.000217045
0.00724288
-0.000240973
0.00723098
-0.000216777
0.00722062
-0.00016544
0.00721085
-0.000138703
0.00719925
-0.000181937
0.00718674
-0.000229959
0.00717415
-0.000242669
0.00716547
-0.00016381
0.00715921
-5.36123e-05
0.00715602
3.44717e-05
0.00715243
9.84138e-05
4.13884e-05
0.00870131
0.00129608
-0.00861589
0.00877888
0.00120449
0.0088482
0.00110113
0.00890872
0.000985714
0.00895972
0.000857315
0.00900138
0.000721011
0.00903342
0.000578073
0.00905595
0.000431451
0.00906879
0.000281048
0.00907221
0.000130169
0.00906618
-2.13594e-05
0.00905108
-0.00017056
0.00902702
-0.000317555
0.00899448
-0.000460171
0.00895367
-0.000598103
0.00890508
-0.000730062
0.00884891
-0.000855762
0.00878565
-0.000973153
0.00871557
-0.00108217
0.00863939
-0.00117806
0.00855795
-0.00125912
0.0084727
-0.00131992
0.00838543
-0.0013557
0.00829814
-0.00136585
0.00821277
-0.00134859
0.00813118
-0.00130502
0.00805453
-0.00124313
0.00798378
-0.00116377
0.00791943
-0.00107294
0.00786137
-0.000981205
0.00780942
-0.000886747
0.00776338
-0.000792463
0.00772245
-0.000710189
0.00768606
-0.000633643
0.007654
-0.000557946
0.00762548
-0.00049783
0.00759968
-0.000450597
0.00757665
-0.000398591
0.00755608
-0.000353521
0.00753694
-0.000330733
0.00751901
-0.000308246
0.00750282
-0.000271301
0.00748788
-0.000248207
0.00747306
-0.000251444
0.00745858
-0.000245622
0.00744553
-0.00021149
0.00743347
-0.000188452
0.00742091
-0.000204484
0.00740762
-0.000227677
0.0073954
-0.000204558
0.00738497
-0.000155009
0.00737531
-0.000129048
0.00736371
-0.000170336
0.00735089
-0.000217142
0.00733788
-0.000229652
0.00732891
-0.000154844
0.00732299
-4.7692e-05
0.0073205
3.69592e-05
0.00731823
0.000100686
4.56179e-05
0.00888578
0.00120995
-0.00879965
0.00896431
0.00112596
0.00903477
0.00103068
0.00909655
0.000923931
0.00914891
0.000804957
0.00919186
0.000678054
0.00922516
0.000544779
0.00924883
0.00040778
0.00926269
0.000267186
0.00926696
0.000125895
0.00926164
-1.6032e-05
0.00924703
-0.000155954
0.00922329
-0.000293817
0.00919084
-0.000427722
0.00914994
-0.0005572
0.00910103
-0.000681157
0.00904439
-0.000799118
0.00898049
-0.000909253
0.00890967
-0.00101135
0.00883267
-0.00110107
0.00875039
-0.00117684
0.00866424
-0.00123377
0.00857601
-0.00126747
0.00848765
-0.00127749
0.00840111
-0.00126204
0.0083182
-0.00122212
0.00824014
-0.00116507
0.0081679
-0.00109154
0.00810205
-0.00100709
0.0080425
-0.000921653
0.00798913
-0.00083338
0.00794177
-0.000745102
0.00789961
-0.000668031
0.00786211
-0.000596136
0.00782907
-0.00052491
0.00779967
-0.000468432
0.00777307
-0.000423999
0.00774935
-0.000374872
0.00772821
-0.000332381
0.00770853
-0.000311048
0.00769008
-0.000289801
0.0076735
-0.00025472
0.00765824
-0.000232943
0.00764305
-0.00023625
0.00762819
-0.000230763
0.00761488
-0.000198186
0.00760268
-0.000176252
0.0075899
-0.000191706
0.00757624
-0.000214018
0.00756371
-0.000192026
0.00755321
-0.000144508
0.00754367
-0.000119502
0.00753205
-0.000158725
0.00751892
-0.000204012
0.00750547
-0.000216196
0.00749622
-0.000145596
0.00749065
-4.21222e-05
0.00748888
3.87281e-05
0.00748794
0.000101625
4.87934e-05
0.00907509
0.00112309
-0.00898823
0.00915457
0.00104648
0.00922616
0.000959091
0.0092892
0.000860892
0.0093429
0.000751258
0.00938716
0.000633795
0.0094217
0.000510234
0.00944651
0.00038297
0.0094614
0.000252303
0.00946652
0.00012077
0.00946188
-1.13939e-05
0.00944777
-0.00014184
0.00942433
-0.000270381
0.00939197
-0.000395357
0.00935095
-0.000516183
0.00930172
-0.000631927
0.00924458
-0.000741974
0.00918002
-0.000844694
0.00910843
-0.000939761
0.0090306
-0.00102323
0.00894743
-0.00109367
0.00886034
-0.00114669
0.0087711
-0.00117823
0.00868163
-0.00118802
0.00859385
-0.00117426
0.0085096
-0.00113787
0.00843008
-0.00108555
0.00835634
-0.00101779
0.00828896
-0.000939717
0.0082279
-0.000860592
0.00817309
-0.00077857
0.00812439
-0.000696399
0.00808098
-0.000624626
0.00804234
-0.000557494
0.00800831
-0.00049088
0.00797802
-0.000438141
0.00795061
-0.000396586
0.0079262
-0.00035046
0.00790447
-0.000310654
0.00788422
-0.000290802
0.00786526
-0.000270835
0.00784828
-0.00023774
0.00783268
-0.000217346
0.0078171
-0.000220673
0.00780185
-0.000215512
0.00778829
-0.000184626
0.00777594
-0.000163903
0.00776294
-0.000178701
0.00774891
-0.000199986
0.00773606
-0.000179181
0.00772549
-0.00013394
0.00771605
-0.000110061
0.00770442
-0.000147095
0.00769097
-0.000190557
0.00767707
-0.000202296
0.00766754
-0.000136065
0.00766233
-3.69118e-05
0.00766129
3.97686e-05
0.0076617
0.000101214
5.08984e-05
0.00926946
0.00103548
-0.00918185
0.00934992
0.000966023
0.00942264
0.000886366
0.00948693
0.0007966
0.00954197
0.000696224
0.00958753
0.000588237
0.00962332
0.000474445
0.00964926
0.000357025
0.00966516
0.000236406
0.00967113
0.0001148
0.00966717
-7.43406e-06
0.00965353
-0.000128205
0.00963038
-0.000247231
0.00959809
-0.000363062
0.00955693
-0.000475031
0.00950736
-0.000582351
0.00944969
-0.000684306
0.00938445
-0.00077945
0.00931206
-0.000867376
0.00923335
-0.000944517
0.00914924
-0.00100956
0.00906116
-0.00105861
0.00897086
-0.00108793
0.00888022
-0.00109738
0.00879117
-0.00108521
0.00870553
-0.00105223
0.00862453
-0.00100455
0.00854924
-0.000942499
0.00848032
-0.000870794
0.00841772
-0.000797997
0.00836145
-0.000722295
0.00831138
-0.000646333
0.00826671
-0.000579952
0.00822691
-0.000517701
0.00819187
-0.000455841
0.00816067
-0.00040694
0.00813243
-0.000368344
0.00810732
-0.000325346
0.00808499
-0.000288328
0.00806417
-0.000269981
0.00804468
-0.000251342
0.00802729
-0.000220355
0.00801135
-0.000201405
0.00799538
-0.000204701
0.00797973
-0.000199865
0.00796592
-0.000170809
0.00795341
-0.000151397
0.00794016
-0.000165454
0.00792575
-0.000185574
0.00791259
-0.000166023
0.00790196
-0.000123306
0.00789262
-0.000100718
0.00788095
-0.000135433
0.00786716
-0.000176766
0.00785282
-0.000187949
0.007843
-0.000126253
0.00783816
-3.20671e-05
0.00783785
4.00746e-05
0.00783962
9.94459e-05
5.19238e-05
0.00946914
0.000947087
-0.00938075
0.00955059
0.000884571
0.00962447
0.000812492
0.00969001
0.000731053
0.00974638
0.000639857
0.00979324
0.000541378
0.00983027
0.000437416
0.00985734
0.000329951
0.00987424
0.000219505
0.00988105
0.000107996
0.00987775
-4.13703e-06
0.00986458
-0.00011503
0.00984169
-0.000224345
0.00980944
-0.000330811
0.00976813
-0.000433719
0.00971818
-0.000532401
0.00965996
-0.000626084
0.00959399
-0.000713487
0.00952077
-0.000794153
0.00944113
-0.000864875
0.00935603
-0.000924472
0.0092669
-0.000969473
0.00917548
-0.000996507
0.00908362
-0.00100552
0.00899323
-0.00099482
0.00890615
-0.000965149
0.00882363
-0.000922029
0.00874676
-0.000865635
0.00867626
-0.000800291
0.00861211
-0.000733844
0.00855435
-0.000664534
0.0085029
-0.000594883
0.00845694
-0.000533992
0.00841598
-0.00047674
0.00837991
-0.000419777
0.00834779
-0.000374814
0.0083187
-0.000339261
0.00829288
-0.000299519
0.00826994
-0.000265391
0.00824853
-0.000248573
0.0082285
-0.000231314
0.00821071
-0.000202557
0.00819441
-0.000185109
0.00817803
-0.000188324
0.00816199
-0.000183817
0.00814791
-0.000156731
0.00813524
-0.000138725
0.00812173
-0.000151952
0.00810694
-0.000170775
0.00809347
-0.000152553
0.00808276
-0.000112605
0.00807351
-9.14643e-05
0.0080618
-0.000123725
0.00804767
-0.000162628
0.00803287
-0.000173152
0.00802278
-0.000116161
0.0080183
-2.75915e-05
0.00801873
3.96453e-05
0.00802185
9.63211e-05
5.18695e-05
0.00967439
0.000857861
-0.00958517
0.00975688
0.000802086
0.00983192
0.000737448
0.00989874
0.00066424
0.00995644
0.000582157
0.0100046
0.000493217
0.0100429
0.000399151
0.0100711
0.000301756
0.0100889
0.000201611
0.0100966
0.000100371
0.0100939
-1.48256e-06
0.0100812
-0.000102295
0.0100585
-0.000201695
0.0100263
-0.000298575
0.00998479
-0.000392213
0.00993443
-0.000482043
0.00987562
-0.000567268
0.00980889
-0.000646763
0.00973479
-0.000720045
0.00965416
-0.000784251
0.00956802
-0.00083833
0.00947777
-0.000879219
0.00938515
-0.000903891
0.009292
-0.000912367
0.00920022
-0.000903042
0.00911165
-0.000876584
0.00902756
-0.000837934
0.00894908
-0.000787159
0.00887697
-0.000728176
0.00881123
-0.000668105
0.00875196
-0.000605264
0.00869911
-0.000542031
0.00865184
-0.000486726
0.0086097
-0.000434597
0.00857259
-0.000382673
0.00853953
-0.000341748
0.00850959
-0.000309325
0.00848304
-0.000272969
0.00845948
-0.000241831
0.00843747
-0.000226567
0.00841691
-0.000210745
0.00839869
-0.00018434
0.00838203
-0.000168446
0.00836523
-0.000171529
0.00834878
-0.000167364
0.00833444
-0.000142389
0.00832159
-0.000125877
0.00830782
-0.000138183
0.00829262
-0.000155581
0.00827884
-0.00013877
0.00826807
-0.000101835
0.0082589
-8.22897e-05
0.00824713
-0.000111957
0.00823263
-0.000148133
0.00821738
-0.000157902
0.00820701
-0.000105792
0.00820291
-2.34844e-05
0.00820407
3.84852e-05
0.00820854
9.18521e-05
5.07447e-05
0.00988551
0.000767734
-0.00979538
0.00996908
0.000718518
0.0100453
0.000661202
0.0101134
0.000596144
0.0101725
0.000523118
0.0102219
0.000443752
0.0102614
0.000359657
0.0102907
0.000272449
0.0103096
0.000182741
0.010318
9.19468e-05
0.010316
5.54795e-07
0.0103037
-8.99683e-05
0.0102812
-0.000179248
0.0102489
-0.000266317
0.0102072
-0.000350472
0.0101564
-0.000431233
0.0100969
-0.000507812
0.0100294
-0.000579227
0.00995436
-0.000644994
0.00987269
-0.000702581
0.00978542
-0.000751065
0.00969397
-0.000787769
0.00960009
-0.000810005
0.00950557
-0.000817848
0.00941233
-0.000809806
0.00932222
-0.000786471
0.0092365
-0.000752219
0.00915637
-0.00070703
0.00908261
-0.000654415
0.00901526
-0.000600752
0.00895446
-0.000544463
0.00890018
-0.000487755
0.00885159
-0.000438137
0.00880825
-0.000391257
0.00877009
-0.000344516
0.00873607
-0.000307727
0.00870527
-0.000278524
0.00867799
-0.000245686
0.00865379
-0.000217636
0.00863118
-0.00020395
0.00861006
-0.000189625
0.00859141
-0.000165696
0.00857437
-0.000151405
0.00855715
-0.000154306
0.00854029
-0.0001505
0.00852568
-0.000127779
0.00851264
-0.000112842
0.00849859
-0.000124132
0.00848299
-0.000139986
0.0084689
-0.000124674
0.00845806
-9.09925e-05
0.00844895
-7.31809e-05
0.0084371
-0.000100111
0.00842224
-0.000133268
0.00840653
-0.000142196
0.00839589
-9.51467e-05
0.00839214
-1.97406e-05
0.00839402
3.66055e-05
0.00839981
8.60624e-05
4.85686e-05
0.0101028
0.000676622
-0.0100117
0.0101875
0.000633805
0.010265
0.00058371
0.0103344
0.00052674
0.0103948
0.00046273
0.0104456
0.000392977
0.0104863
0.000318936
0.0105167
0.000242045
0.0105365
0.000162915
0.0105457
8.27449e-05
0.0105443
2.00898e-06
0.0105323
-7.80169e-05
0.01051
-0.00015696
0.0104777
-0.000233993
0.0104357
-0.000308447
0.0103844
-0.000379921
0.0103242
-0.000447661
0.0102558
-0.000510821
0.0101797
-0.000568934
0.010097
-0.000619792
0.0100085
-0.000662596
0.00991575
-0.000695035
0.00982051
-0.000714759
0.00972454
-0.000721878
0.00962977
-0.000715033
0.00953804
-0.000694743
0.00945065
-0.000664826
0.00936882
-0.000625203
0.00929338
-0.000578971
0.00922438
-0.000531756
0.00916202
-0.000482107
0.0091063
-0.000432035
0.00905637
-0.000388207
0.00901182
-0.000346705
0.0089726
-0.000305292
0.00893761
-0.000272739
0.00890593
-0.000246849
0.00887791
-0.000217661
0.00885307
-0.000192794
0.00882983
-0.000180712
0.00880815
-0.000167949
0.00878908
-0.000146618
0.00877164
-0.000133973
0.00875398
-0.000136646
0.0087367
-0.00013322
0.00872182
-0.000112893
0.00870858
-9.96065e-05
0.00869424
-0.000109786
0.00867823
-0.000123982
0.00866382
-0.000110263
0.0086529
-8.00697e-05
0.00864384
-6.41217e-05
0.0086319
-8.81691e-05
0.00861665
-0.000118024
0.00860049
-0.000126033
0.00858957
-8.42276e-05
0.00858618
-1.63495e-05
0.00858876
3.40249e-05
0.00859584
7.89884e-05
4.53721e-05
0.0103266
0.000584424
-0.0102344
0.0104125
0.000547869
0.0104913
0.000504918
0.0105621
0.000455991
0.0106238
0.000400976
0.0106759
0.000340885
0.0107178
0.000276993
0.0107493
0.000210555
0.0107701
0.000142156
0.01078
7.27971e-05
0.0107791
2.91537e-06
0.0107675
-6.63959e-05
0.0107453
-0.000134784
0.0107129
-0.000201549
0.0106705
-0.000266079
0.0106186
-0.000328045
0.0105577
-0.000386749
0.0104884
-0.000441473
0.0104112
-0.000491786
0.0103272
-0.000535798
0.0102375
-0.00057283
0.0101434
-0.000600919
0.0100467
-0.000618055
0.00994914
-0.000624364
0.00985275
-0.000618638
0.00975933
-0.000601326
0.0096702
-0.000575695
0.00958663
-0.000541628
0.00950946
-0.000501806
0.00943879
-0.000461087
0.00937486
-0.000418172
0.00931767
-0.000374852
0.00926639
-0.000336921
0.00922061
-0.000300928
0.00918031
-0.000264989
0.00914434
-0.000236772
0.00911178
-0.000214288
0.009083
-0.000188885
0.00905751
-0.000167296
0.00903364
-0.000156844
0.0090114
-0.000145709
0.00899187
-0.000127095
0.00897404
-0.000116139
0.00895593
-0.000118537
0.00893823
-0.000115517
0.00892306
-9.77234e-05
0.00890961
-8.61573e-05
0.00889496
-9.51317e-05
0.00887854
-0.000107563
0.00886381
-9.55319e-05
0.00885279
-6.90566e-05
0.00884376
-5.5093e-05
0.00883171
-7.61119e-05
0.00881607
-0.000102392
0.00879945
-0.000109412
0.00878826
-7.30351e-05
0.00878521
-1.32938e-05
0.00878846
3.07707e-05
0.00879677
7.0681e-05
4.11984e-05
0.0105572
0.000491018
-0.0104638
0.0106445
0.000460618
0.0107246
0.000424758
0.0107968
0.000383853
0.0108599
0.000337833
0.0109133
0.000287467
0.0109565
0.000233833
0.0109891
0.000177997
0.0110107
0.000120493
0.0110214
6.21394e-05
0.011021
3.31867e-06
0.0110096
-5.50537e-05
0.0109875
-0.00011266
0.0109549
-0.000168921
0.0109121
-0.000223302
0.0108596
-0.000275533
0.0107978
-0.000324997
0.0107275
-0.000371101
0.0106491
-0.000413461
0.0105638
-0.000450501
0.0104727
-0.000481659
0.0103771
-0.000505312
0.0102788
-0.000519782
0.0101796
-0.000525199
0.0100815
-0.000520525
0.00998632
-0.000506135
0.00989538
-0.000484756
0.00981
-0.00045625
0.00973107
-0.000422874
0.0096587
-0.000388711
0.00959316
-0.000352633
0.00953449
-0.000316186
0.00948183
-0.000284263
0.00943482
-0.000253916
0.00939343
-0.000223596
0.00935647
-0.000199816
0.00932302
-0.000180836
0.00929349
-0.00015935
0.00926732
-0.00014113
0.00924281
-0.000132337
0.00922
-0.000122897
0.00920002
-0.000107118
0.00918177
-9.78895e-05
0.00916321
-9.99716e-05
0.00914508
-9.73859e-05
0.00912961
-8.22597e-05
0.00911594
-7.24789e-05
0.00910096
-8.01558e-05
0.00908412
-9.07232e-05
0.00906906
-8.04765e-05
0.00905795
-5.79393e-05
0.00904893
-4.60721e-05
0.00903673
-6.39177e-05
0.0090207
-8.63622e-05
0.00900362
-9.23311e-05
0.00899215
-6.15687e-05
0.00898941
-1.0549e-05
0.0089933
2.68797e-05
0.00900278
6.12067e-05
3.61048e-05
0.0107951
0.000396262
-0.0107004
0.0108838
0.000371937
0.0109654
0.000343147
0.011039
0.000310271
0.0111036
0.00027327
0.0111583
0.000232711
0.0112027
0.000189461
0.0112363
0.000144389
0.0112588
9.79595e-05
0.0112701
5.08142e-05
0.0112702
3.27187e-06
0.0112591
-4.39296e-05
0.0112369
-9.05195e-05
0.011204
-0.000136037
0.0111608
-0.000180035
0.0111075
-0.000222301
0.0110449
-0.000262317
0.0109734
-0.000299609
0.0108938
-0.000333855
0.0108071
-0.000363789
0.0107144
-0.000388966
0.0106171
-0.00040809
0.0105172
-0.000419816
0.0104162
-0.000424266
0.0103163
-0.000420586
0.0102192
-0.00040908
0.0101264
-0.000391932
0.0100392
-0.000369008
0.00995843
-0.000342131
0.00988432
-0.000314595
0.00981715
-0.000285466
0.00975698
-0.000256019
0.00970294
-0.000230221
0.00965468
-0.000205657
0.00961219
-0.000181104
0.00957424
-0.000161864
0.00953989
-0.000146484
0.00950958
-0.000129046
0.00948274
-0.000114287
0.00945759
-0.000107184
0.0094342
-9.95059e-05
0.00941375
-8.66753e-05
0.00939508
-7.92139e-05
0.00937605
-8.09399e-05
0.00935748
-7.88182e-05
0.00934171
-6.64894e-05
0.00932778
-5.85547e-05
0.00931247
-6.48451e-05
0.00929521
-7.34558e-05
0.00927982
-6.50894e-05
0.00926858
-4.67e-05
0.00925954
-3.70326e-05
0.00924719
-5.15631e-05
0.00923075
-6.99268e-05
0.00921321
-7.4789e-05
0.00920147
-4.98265e-05
0.009199
-8.08212e-06
0.00920348
2.23998e-05
0.00921404
5.06497e-05
3.01635e-05
0.0110407
0.000299989
-0.0109444
0.0111309
0.000281706
0.0112141
0.000259987
0.0112892
0.000235176
0.0113552
0.000207252
0.0114113
0.000176601
0.0114569
0.000143881
0.0114915
0.000109755
0.0115149
7.45928e-05
0.0115268
3.8872e-05
0.0115273
2.83695e-06
0.0115163
-3.29525e-05
0.011494
-6.82835e-05
0.0114608
-0.000102811
0.011417
-0.000136186
0.0113629
-0.000168252
0.0112992
-0.000198604
0.0112265
-0.000226888
0.0111455
-0.00025285
0.0110572
-0.000275536
0.0109629
-0.000294614
0.0108639
-0.000309112
0.0107621
-0.000318017
0.0106593
-0.000321432
0.0105574
-0.000318702
0.0104584
-0.000310055
0.0103636
-0.00029714
0.0102744
-0.000279836
0.0101918
-0.000259526
0.0101159
-0.000238703
0.0100471
-0.000216644
0.00998538
-0.000194333
0.00992994
-0.000174782
0.00988043
-0.000156142
0.00983683
-0.000137504
0.00979787
-0.000122909
0.00976262
-0.000111228
0.00973154
-9.79658e-05
0.00970401
-8.67602e-05
0.0096782
-8.13783e-05
0.00965423
-7.55285e-05
0.00963331
-6.57562e-05
0.00961419
-6.00995e-05
0.00959469
-6.14341e-05
0.00957567
-5.98056e-05
0.00955958
-5.03974e-05
0.00954539
-4.4366e-05
0.00952973
-4.91868e-05
0.00951203
-5.57554e-05
0.00949631
-4.93611e-05
0.00948492
-3.53163e-05
0.00947583
-2.79437e-05
0.00946329
-3.90229e-05
0.00944644
-5.30787e-05
0.00942844
-5.6785e-05
0.00941642
-3.78051e-05
0.00941419
-5.85113e-06
0.0094192
1.73906e-05
0.00943073
3.91137e-05
2.34638e-05
0.0112944
0.000202018
-0.0111964
0.0113863
0.000189758
0.0114711
0.000175166
0.0115478
0.000158492
0.0116153
0.000139732
0.0116728
0.000119121
0.0117196
9.70994e-05
0.0117552
7.41198e-05
0.0117794
5.04383e-05
0.0117919
2.6372e-05
0.0117926
2.08632e-06
0.0117817
-2.20399e-05
0.0117593
-4.58597e-05
0.0117256
-6.91419e-05
0.0116811
-9.16482e-05
0.0116261
-0.000113274
0.0115612
-0.000133742
0.0114872
-0.000152812
0.0114046
-0.000170311
0.0113147
-0.000185599
0.0112185
-0.000198453
0.0111176
-0.000208222
0.0110139
-0.00021423
0.010909
-0.000216551
0.010805
-0.000214738
0.0107039
-0.000208948
0.0106071
-0.000200285
0.0105159
-0.00018866
0.0104314
-0.000175005
0.0103536
-0.000160997
0.0102831
-0.000146143
0.0102199
-0.000131111
0.0101631
-0.000117937
0.0101123
-0.000105365
0.0100676
-9.27896e-05
0.0100276
-8.29478e-05
0.00999146
-7.50635e-05
0.0099596
-6.61032e-05
0.00993138
-5.85412e-05
0.00990492
-5.4915e-05
0.00988035
-5.09574e-05
0.00985894
-4.43472e-05
0.00983937
-4.05341e-05
0.00981939
-4.14468e-05
0.00979992
-4.0339e-05
0.00978349
-3.39662e-05
0.00976902
-2.98927e-05
0.009753
-3.31682e-05
0.00973486
-3.76162e-05
0.00971878
-3.32801e-05
0.00970722
-2.3761e-05
0.00969805
-1.877e-05
0.00968529
-2.62692e-05
0.00966803
-3.58117e-05
0.00964956
-3.83185e-05
0.00963725
-2.54994e-05
0.00963521
-3.80368e-06
0.00964067
1.19253e-05
0.00965306
2.67239e-05
1.61136e-05
0.0115567
0.000102102
-0.0114567
0.0116505
9.59474e-05
0.0117371
8.85397e-05
0.0118155
8.01205e-05
0.0118845
7.06563e-05
0.0119434
6.02504e-05
0.0119914
4.91259e-05
0.012028
3.75156e-05
0.0120529
2.55488e-05
0.0120659
1.33837e-05
0.0120669
1.10446e-06
0.0120559
-1.10958e-05
0.0120332
-2.31419e-05
0.011999
-3.49174e-05
0.0119536
-4.63015e-05
0.0118976
-5.72406e-05
0.0118314
-6.75935e-05
0.0117559
-7.72383e-05
0.0116716
-8.60871e-05
0.0115799
-9.38149e-05
0.0114817
-0.000100311
0.0113787
-0.000105247
0.0112728
-0.000108282
0.0111657
-0.000109458
0.0110595
-0.000108549
0.0109562
-0.000105632
0.0108572
-0.000101265
0.0107639
-9.54021e-05
0.0106774
-8.85108e-05
0.0105979
-8.14392e-05
0.0105257
-7.39351e-05
0.0104609
-6.63381e-05
0.0104026
-5.96791e-05
0.0103506
-5.33205e-05
0.0103047
-4.69577e-05
0.0102638
-4.19796e-05
0.0102267
-3.79897e-05
0.0101941
-3.34517e-05
0.0101651
-2.96243e-05
0.010138
-2.77909e-05
0.0101128
-2.57853e-05
0.0100909
-2.24346e-05
0.0100709
-2.05057e-05
0.0100504
-2.09714e-05
0.0100305
-2.04084e-05
0.0100137
-1.71753e-05
0.00999892
-1.51122e-05
0.00998253
-1.67767e-05
0.00996395
-1.90332e-05
0.0099475
-1.68325e-05
0.00993574
-1.20018e-05
0.00992644
-9.47077e-06
0.00991344
-1.32718e-05
0.00989575
-1.81207e-05
0.00987682
-1.93893e-05
0.00986423
-1.29027e-05
0.0098623
-1.87633e-06
0.00986813
6.09166e-06
0.00988123
1.36294e-05
8.24116e-06
0.0118282
-0.0117261
0.0119241
0.0120127
0.0120928
0.0121635
0.0122237
0.0122728
0.0123103
0.0123359
0.0123493
0.0123504
0.0123393
0.0123161
0.0122812
0.0122349
0.0121777
0.0121101
0.0120329
0.0119468
0.011853
0.0117526
0.0116474
0.0115391
0.0114297
0.0113211
0.0112155
0.0111142
0.0110188
0.0109303
0.0108489
0.0107749
0.0107086
0.0106489
0.0105956
0.0105486
0.0105067
0.0104687
0.0104352
0.0104056
0.0103778
0.010352
0.0103296
0.0103091
0.0102881
0.0102677
0.0102505
0.0102354
0.0102186
0.0101996
0.0101828
0.0101708
0.0101613
0.010148
0.0101299
0.0101105
0.0100976
0.0100957
0.0101018
0.0101154
0.00289997
0.000579921
-0.00288873
0.00291116
0.000620606
0.0029223
0.000661379
0.00293339
0.00070222
0.00294443
0.000743108
0.00295542
0.000784022
0.00296635
0.000824937
0.0029772
0.000865827
0.00298796
0.000906663
0.0029986
0.00094741
0.00300907
0.000988029
0.00301932
0.00102847
0.00302928
0.00106869
0.00303886
0.00110862
0.00304792
0.00114817
0.0030563
0.00118725
0.00306383
0.00122575
0.00307024
0.00126353
0.00307524
0.00130041
0.00307849
0.0013362
0.00307956
0.00137065
0.00307798
0.00140349
0.00307317
0.00143439
0.00306451
0.00146298
0.00305133
0.00148885
0.00303286
0.00151153
0.00300835
0.00153055
0.00297699
0.00154538
0.00293801
0.00155552
0.00289073
0.00156048
0.00283452
0.00155984
0.00276894
0.00155325
0.00269373
0.00154053
0.00260892
0.00152169
0.0025148
0.001497
0.00241207
0.00146702
0.00230194
0.00143274
0.00218618
0.00139554
0.0020678
0.00135621
0.00130949
0.00295736
0.000568433
-0.00294587
0.00296883
0.000609136
0.00298028
0.000649924
0.00299172
0.000690779
0.00300315
0.000731681
0.00301457
0.000772609
0.00302596
0.000813542
0.00303733
0.000854456
0.00304867
0.000895326
0.00305996
0.000936124
0.00307117
0.000976819
0.00308227
0.00101737
0.00309321
0.00105775
0.00310393
0.0010979
0.00311434
0.00113775
0.00312434
0.00117725
0.00313378
0.00121631
0.00314249
0.00125482
0.00315024
0.00129266
0.00315676
0.00132967
0.00316174
0.00136568
0.00316477
0.00140046
0.0031654
0.00143375
0.00316312
0.00146527
0.00315732
0.00149465
0.00314734
0.00152151
0.00313248
0.00154541
0.00311198
0.00156588
0.00308508
0.00158242
0.00305102
0.00159454
0.00300914
0.00160172
0.00295884
0.00160354
0.00289975
0.00159963
0.00283171
0.00158973
0.00275491
0.0015738
0.00266995
0.00155198
0.00257792
0.00152477
0.00248036
0.0014931
0.00237785
0.00145872
0.00141433
0.00301539
0.000556728
-0.00300368
0.00302712
0.000597403
0.00303888
0.000638163
0.00305067
0.00067899
0.00306249
0.000719864
0.00307433
0.000760766
0.0030862
0.000801675
0.00309808
0.000842568
0.00310999
0.000883424
0.00312189
0.000924218
0.00313379
0.000964923
0.00314565
0.00100551
0.00315745
0.00104595
0.00316916
0.00108619
0.00318071
0.00112621
0.00319203
0.00116593
0.00320303
0.00120531
0.00321358
0.00124427
0.00322353
0.00128271
0.00323269
0.00132051
0.00324081
0.00135756
0.0032476
0.00139367
0.0032527
0.00142865
0.0032557
0.00146227
0.0032561
0.00149424
0.00325336
0.00152425
0.00324684
0.00155193
0.00323587
0.00157685
0.00321971
0.00159858
0.00319762
0.00161663
0.00316885
0.00163049
0.0031327
0.00163969
0.00308858
0.00164375
0.00303601
0.0016423
0.00297475
0.00163505
0.00290483
0.00162191
0.00282658
0.00160303
0.00274091
0.00157876
0.00264859
0.00155104
0.0015104
0.00307445
0.000544902
-0.00306263
0.00308636
0.000585494
0.00309835
0.000626173
0.00311042
0.00066692
0.00312257
0.000707717
0.00313479
0.000748543
0.00314709
0.000789379
0.00315945
0.000830204
0.00317188
0.000870997
0.00318436
0.000911736
0.00319689
0.000952395
0.00320945
0.00099295
0.00322203
0.00103337
0.00323459
0.00107363
0.00324711
0.00111369
0.00325953
0.00115351
0.0032718
0.00119304
0.00328383
0.00123223
0.00329552
0.00127101
0.00330674
0.0013093
0.0033173
0.00134699
0.003327
0.00138397
0.00333556
0.00142009
0.00334268
0.00145515
0.00334796
0.00148897
0.00335095
0.00152126
0.00335112
0.00155175
0.00334788
0.00158009
0.00334058
0.00160589
0.00332849
0.00162872
0.00331086
0.00164812
0.00328693
0.00166362
0.00325597
0.00167472
0.00321731
0.00168096
0.00317041
0.00168195
0.00311496
0.00167735
0.00305096
0.00166703
0.00297902
0.0016507
0.00289963
0.00163043
0.00159592
0.00313498
0.000533062
-0.00312314
0.00314696
0.000573517
0.00315907
0.000614059
0.00317132
0.000654671
0.00318371
0.000695334
0.00319622
0.000736029
0.00320886
0.000776738
0.00322162
0.000817441
0.0032345
0.000858118
0.00324749
0.000898746
0.00326058
0.000939304
0.00327377
0.000979768
0.00328702
0.00102011
0.00330034
0.00106031
0.0033137
0.00110034
0.00332706
0.00114015
0.00334038
0.00117972
0.00335362
0.001219
0.00336669
0.00125794
0.00337952
0.00129648
0.00339197
0.00133454
0.0034039
0.00137204
0.00341512
0.00140887
0.00342539
0.00144489
0.00343441
0.00147994
0.00344184
0.00151383
0.00344726
0.00154633
0.00345018
0.00157717
0.00345004
0.00160603
0.0034462
0.00163255
0.00343799
0.00165633
0.00342468
0.00167693
0.00340552
0.00169388
0.00337978
0.0017067
0.00334681
0.00171492
0.00330609
0.00171808
0.00325723
0.00171589
0.00320024
0.00170769
0.00313505
0.00169563
0.00166903
0.00319732
0.000521297
-0.00318555
0.00320927
0.000561566
0.00322141
0.000601921
0.00323373
0.000642345
0.00324625
0.000682821
0.00325894
0.000723331
0.00327182
0.000763858
0.00328488
0.000804383
0.00329811
0.000844886
0.00331151
0.000885348
0.00332507
0.000925747
0.00333878
0.000966061
0.00335262
0.00100627
0.00336659
0.00104634
0.00338067
0.00108626
0.00339483
0.00112599
0.00340905
0.0011655
0.00342329
0.00120476
0.0034375
0.00124373
0.00345162
0.00128236
0.00346557
0.00132059
0.00347925
0.00135836
0.00349252
0.00139559
0.00350522
0.00143219
0.00351713
0.00146803
0.003528
0.00150296
0.00353751
0.00153683
0.00354527
0.00156941
0.00355085
0.00160046
0.00355372
0.00162968
0.00355329
0.00165676
0.00354893
0.0016813
0.00353992
0.00170289
0.00352554
0.00172108
0.00350506
0.0017354
0.00347777
0.00174537
0.00344302
0.00175064
0.0034004
0.00175031
0.0033496
0.00174642
0.00172848
0.00326167
0.000509657
-0.00325003
0.00327354
0.000549702
0.00328563
0.000589829
0.00329795
0.000630023
0.0033105
0.000670267
0.00332329
0.000710545
0.00333631
0.00075084
0.00334956
0.000791135
0.00336303
0.000831412
0.00337673
0.000871651
0.00339064
0.000911834
0.00340476
0.00095194
0.00341908
0.000991948
0.00343359
0.00103184
0.00344827
0.00107158
0.0034631
0.00111115
0.00347807
0.00115053
0.00349315
0.00118968
0.00350831
0.00122857
0.00352349
0.00126717
0.00353866
0.00130543
0.00355373
0.00134329
0.00356861
0.00138071
0.0035832
0.0014176
0.00359734
0.00145389
0.00361085
0.00148946
0.0036235
0.00152418
0.00363499
0.00155791
0.003645
0.00159045
0.0036531
0.00162158
0.00365883
0.00165103
0.00366162
0.00167851
0.00366085
0.00170365
0.00365586
0.00172607
0.0036459
0.00174536
0.00363024
0.00176102
0.00360815
0.00177273
0.003579
0.00177946
0.00354234
0.00178309
0.0017739
0.00332812
0.000498156
-0.00331662
0.00333987
0.00053795
0.00335188
0.00057782
0.00336416
0.000617751
0.00337669
0.000657729
0.0033895
0.000697737
0.00340258
0.000737761
0.00341593
0.000777783
0.00342956
0.000817788
0.00344345
0.000857757
0.00345761
0.000897673
0.00347203
0.000937518
0.00348671
0.000977271
0.00350163
0.00101691
0.00351679
0.00105642
0.00353217
0.00109577
0.00354775
0.00113495
0.00356352
0.00117391
0.00357945
0.00121265
0.00359551
0.00125111
0.00361166
0.00128928
0.00362785
0.0013271
0.00364401
0.00136454
0.00366008
0.00140153
0.00367594
0.00143802
0.00369147
0.00147393
0.00370649
0.00150916
0.00372081
0.00154359
0.00373418
0.00157709
0.00374627
0.00160949
0.00375671
0.00164059
0.00376506
0.00167015
0.00377082
0.0016979
0.00377339
0.0017235
0.00377213
0.00174662
0.00376635
0.0017668
0.00375532
0.00178376
0.00373827
0.0017965
0.00371471
0.00180666
0.00180574
0.00339666
0.00048679
-0.00338529
0.0034083
0.00052631
0.00342022
0.0005659
0.00343243
0.000605545
0.00344492
0.000645231
0.00345772
0.000684943
0.00347081
0.000724665
0.00348421
0.000764384
0.00349792
0.000804081
0.00351193
0.000843743
0.00352626
0.000883352
0.00354088
0.00092289
0.00355581
0.000962341
0.00357104
0.00100169
0.00358655
0.00104091
0.00360235
0.00107998
0.00361841
0.00111888
0.00363473
0.0011576
0.00365127
0.0011961
0.00366803
0.00123436
0.00368497
0.00127234
0.00370205
0.00131002
0.00371923
0.00134736
0.00373646
0.00138431
0.00375366
0.00142083
0.00377074
0.00145685
0.00378759
0.00149231
0.00380405
0.00152713
0.00381995
0.00156119
0.00383506
0.00159438
0.00384909
0.00162655
0.00386172
0.00165752
0.00387254
0.00168708
0.00388108
0.00171496
0.0038868
0.0017409
0.00388907
0.00176453
0.00388724
0.00178559
0.00388053
0.00180321
0.00386846
0.00181873
0.00182513
0.00346724
0.000475543
-0.00345599
0.00347878
0.000514769
0.00349062
0.00055406
0.00350276
0.0005934
0.00351522
0.000632775
0.00352799
0.00067217
0.00354108
0.00071157
0.00355451
0.000750961
0.00356826
0.000790327
0.00358235
0.000829654
0.00359678
0.000868925
0.00361154
0.000908126
0.00362664
0.000947238
0.00364208
0.000986246
0.00365786
0.00102513
0.00367396
0.00106388
0.00369038
0.00110247
0.0037071
0.00114087
0.00372413
0.00117908
0.00374143
0.00121705
0.00375899
0.00125478
0.00377677
0.00129223
0.00379476
0.00132937
0.0038129
0.00136617
0.00383114
0.00140258
0.00384943
0.00143856
0.00386767
0.00147407
0.00388577
0.00150903
0.0039036
0.00154336
0.00392099
0.00157699
0.00393774
0.0016098
0.0039536
0.00164166
0.00396827
0.00167241
0.00398138
0.00170185
0.0039925
0.00172978
0.00400112
0.00175591
0.00400667
0.00178003
0.00400846
0.00180142
0.00400606
0.00182113
0.00183364
0.0035398
0.000464398
-0.00352866
0.00355126
0.000503314
0.00356303
0.000542287
0.00357513
0.000581305
0.00358755
0.000620351
0.00360031
0.000659413
0.00361341
0.000698474
0.00362685
0.00073752
0.00364064
0.000776537
0.00365478
0.000815509
0.00366929
0.000854422
0.00368415
0.00089326
0.00369938
0.000932009
0.00371498
0.000970652
0.00373094
0.00100917
0.00374726
0.00104756
0.00376394
0.00108578
0.00378098
0.00112384
0.00379836
0.0011617
0.00381607
0.00119934
0.0038341
0.00123675
0.00385243
0.0012739
0.00387103
0.00131077
0.00388988
0.00134732
0.00390894
0.00138352
0.00392816
0.00141935
0.00394748
0.00145475
0.00396684
0.00148967
0.00398612
0.00152407
0.00400524
0.00155788
0.00402402
0.00159101
0.00404231
0.00162337
0.00405987
0.00165485
0.00407642
0.0016853
0.00409165
0.00171456
0.00410516
0.00174241
0.00411649
0.0017687
0.00412504
0.00179287
0.00413049
0.00181568
0.00183305
0.00361434
0.000453347
-0.00360329
0.00362572
0.000491932
0.00363744
0.00053057
0.0036495
0.000569247
0.0036619
0.000607949
0.00367465
0.00064666
0.00368776
0.000685366
0.00370123
0.000724053
0.00371506
0.000762705
0.00372926
0.000801308
0.00374383
0.000839847
0.00375879
0.000878307
0.00377412
0.000916674
0.00378984
0.000954932
0.00380595
0.000993066
0.00382244
0.00103106
0.00383933
0.0010689
0.00385659
0.00110657
0.00387424
0.00114405
0.00389227
0.00118132
0.00391065
0.00121836
0.0039294
0.00125516
0.00394847
0.00129169
0.00396786
0.00132793
0.00398754
0.00136384
0.00400748
0.00139941
0.00402762
0.0014346
0.00404793
0.00146937
0.00406833
0.00150367
0.00408874
0.00153747
0.00410907
0.00157069
0.00412917
0.00160327
0.00414889
0.00163513
0.00416803
0.00166615
0.00418636
0.00169623
0.00420356
0.0017252
0.0042193
0.00175296
0.0042331
0.00177907
0.0042447
0.00180408
0.0018251
0.00369083
0.000442382
-0.00367987
0.00370215
0.000480616
0.00371382
0.0005189
0.00372585
0.000557219
0.00373824
0.000595558
0.003751
0.000633903
0.00376412
0.000672238
0.00377763
0.00071055
0.00379151
0.000748823
0.00380577
0.000787043
0.00382043
0.000825194
0.00383547
0.000863263
0.00385091
0.000901235
0.00386675
0.000939094
0.00388299
0.000976826
0.00389963
0.00101442
0.00391668
0.00105185
0.00393414
0.00108911
0.003952
0.00112618
0.00397027
0.00116305
0.00398893
0.0011997
0.00400799
0.0012361
0.00402742
0.00127225
0.00404723
0.00130812
0.00406738
0.00134369
0.00408786
0.00137893
0.00410863
0.00141382
0.00412966
0.00144834
0.00415091
0.00148243
0.00417231
0.00151607
0.00419378
0.00154921
0.00421525
0.00158181
0.00423659
0.00161379
0.00425766
0.00164508
0.0042783
0.0016756
0.00429827
0.00170523
0.00431733
0.0017339
0.00433511
0.00176129
0.00435142
0.00178777
0.00181141
0.0037693
0.0004315
-0.00375841
0.00378055
0.000469364
0.00379217
0.000507273
0.00380418
0.000545215
0.00381656
0.000583173
0.00382933
0.000621134
0.00384249
0.000659082
0.00385603
0.000697003
0.00386998
0.000734882
0.00388431
0.000772705
0.00389905
0.000810456
0.00391419
0.000848121
0.00392974
0.000885685
0.00394571
0.000923133
0.00396208
0.000960452
0.00397887
0.000997626
0.00399608
0.00103464
0.00401371
0.00107148
0.00403176
0.00110813
0.00405024
0.00114458
0.00406913
0.0011808
0.00408844
0.00121679
0.00410817
0.00125253
0.00412829
0.001288
0.00414881
0.00132317
0.00416971
0.00135804
0.00419096
0.00139257
0.00421255
0.00142675
0.00423443
0.00146055
0.00425657
0.00149393
0.00427892
0.00152687
0.00430141
0.00155932
0.00432396
0.00159123
0.00434647
0.00162257
0.00436882
0.00165325
0.00439085
0.0016832
0.00441238
0.00171236
0.00443314
0.00174053
0.004453
0.00176791
0.00179333
0.00384974
0.000420701
-0.00383895
0.00386093
0.000458173
0.00387252
0.000495689
0.0038845
0.000533233
0.00389688
0.000570792
0.00390966
0.00060835
0.00392285
0.000645894
0.00393645
0.000683407
0.00395045
0.000720876
0.00396487
0.000758286
0.00397971
0.000795623
0.00399496
0.00083287
0.00401063
0.000870015
0.00402672
0.000907041
0.00404324
0.000943935
0.00406018
0.000980681
0.00407755
0.00101727
0.00409536
0.00105367
0.0041136
0.00108989
0.00413227
0.0011259
0.00415138
0.0011617
0.00417092
0.00119725
0.00419089
0.00123256
0.00421129
0.0012676
0.00423211
0.00130235
0.00425334
0.00133681
0.00427497
0.00137094
0.00429699
0.00140474
0.00431936
0.00143817
0.00434207
0.00147122
0.00436508
0.00150386
0.00438834
0.00153606
0.0044118
0.00156778
0.00443538
0.00159898
0.00445901
0.00162962
0.00448256
0.00165965
0.00450593
0.001689
0.0045289
0.00171755
0.00455138
0.00174543
0.00177196
0.0039322
0.000409983
-0.00392149
0.00394333
0.000447045
0.00395488
0.000484147
0.00396683
0.000521275
0.00397921
0.000558415
0.00399201
0.000595552
0.00400523
0.000632672
0.00401888
0.00066976
0.00403295
0.000706803
0.00404746
0.000743784
0.00406239
0.00078069
0.00407775
0.000817506
0.00409355
0.000854216
0.00410978
0.000890808
0.00412645
0.000927265
0.00414356
0.000963573
0.00416111
0.000999718
0.0041791
0.00103569
0.00419753
0.00107146
0.00421641
0.00110703
0.00423573
0.00114238
0.00425549
0.00117749
0.0042757
0.00121235
0.00429635
0.00124695
0.00431744
0.00128126
0.00433896
0.00131528
0.00436092
0.00134899
0.00438328
0.00138237
0.00440606
0.0014154
0.00442921
0.00144806
0.00445273
0.00148034
0.00447659
0.0015122
0.00450073
0.00154363
0.00452513
0.00157459
0.00454971
0.00160504
0.0045744
0.00163496
0.00459911
0.00166429
0.00462371
0.00169295
0.00464813
0.00172101
0.00174816
0.0040167
0.000399348
-0.00400607
0.00402777
0.000435978
0.00403927
0.000472646
0.00405121
0.000509338
0.00406358
0.000546041
0.00407639
0.000582738
0.00408965
0.000619417
0.00410335
0.000656062
0.00411749
0.00069266
0.00413208
0.000729196
0.00414711
0.000765655
0.0041626
0.000802023
0.00417853
0.000838285
0.00419491
0.000874427
0.00421174
0.000910434
0.00422902
0.000946292
0.00424675
0.000981986
0.00426494
0.0010175
0.00428357
0.00105282
0.00430266
0.00108794
0.00432221
0.00112283
0.0043422
0.00115749
0.00436266
0.0011919
0.00438356
0.00122604
0.00440491
0.00125991
0.00442671
0.00129348
0.00444896
0.00132674
0.00447165
0.00135968
0.00449476
0.00139228
0.0045183
0.00142453
0.00454224
0.0014564
0.00456656
0.00148788
0.00459125
0.00151894
0.00461627
0.00154957
0.00464157
0.00157974
0.00466712
0.00160941
0.00469284
0.00163856
0.00471865
0.00166714
0.00474449
0.00169516
0.00172257
0.00410327
0.000388794
-0.00409271
0.00411427
0.000424973
0.00412573
0.000461188
0.00413764
0.000497426
0.00415001
0.000533671
0.00416284
0.000569909
0.00417613
0.000606128
0.00418988
0.000642313
0.00420409
0.000678449
0.00421877
0.000714521
0.0042339
0.000750517
0.00424951
0.000786421
0.00426557
0.000822219
0.0042821
0.000857896
0.0042991
0.000893439
0.00431656
0.000928832
0.00433448
0.000964061
0.00435287
0.000999112
0.00437173
0.00103397
0.00439104
0.00106862
0.00441082
0.00110305
0.00443107
0.00113725
0.00445177
0.00117119
0.00447294
0.00120488
0.00449457
0.00123828
0.00451665
0.00127139
0.00453919
0.0013042
0.00456219
0.00133669
0.00458563
0.00136884
0.00460951
0.00140065
0.00463382
0.00143209
0.00465855
0.00146315
0.00468369
0.00149381
0.00470921
0.00152405
0.00473509
0.00155386
0.0047613
0.00158321
0.00478779
0.00161207
0.0048145
0.00164043
0.00484141
0.00166826
0.00169566
0.00419193
0.00037832
-0.00418146
0.00420287
0.00041403
0.00421429
0.000449773
0.00422618
0.000485536
0.00423854
0.000521306
0.00425139
0.000557067
0.00426471
0.000592808
0.00427851
0.000628513
0.00429279
0.000664169
0.00430755
0.000699761
0.00432279
0.000735276
0.00433851
0.000770699
0.00435471
0.000806016
0.0043714
0.000841212
0.00438856
0.000876275
0.0044062
0.000911188
0.00442433
0.000945938
0.00444293
0.000980511
0.004462
0.00101489
0.00448156
0.00104907
0.00450159
0.00108302
0.00452209
0.00111675
0.00454306
0.00115022
0.00456451
0.00118343
0.00458642
0.00121637
0.0046088
0.00124901
0.00463165
0.00128136
0.00465496
0.00131338
0.00467872
0.00134508
0.00470295
0.00137642
0.00472762
0.00140742
0.00475273
0.00143803
0.00477827
0.00146826
0.00480424
0.00149809
0.0048306
0.00152749
0.00485735
0.00155646
0.00488445
0.00158497
0.00491187
0.001613
0.00493958
0.00164054
0.00166778
0.00428273
0.000367929
-0.00427233
0.00429361
0.000403149
0.00430498
0.000438401
0.00431685
0.000473671
0.0043292
0.000508946
0.00434206
0.000544212
0.00435541
0.000579456
0.00436926
0.000614664
0.00438361
0.000649822
0.00439845
0.000684916
0.0044138
0.000719932
0.00442964
0.000754857
0.00444598
0.000789676
0.00446281
0.000824376
0.00448015
0.000858941
0.00449798
0.00089336
0.0045163
0.000927616
0.00453511
0.000961696
0.00455442
0.000995586
0.00457422
0.00102927
0.0045945
0.00106274
0.00461527
0.00109598
0.00463653
0.00112896
0.00465826
0.00116169
0.00468048
0.00119415
0.00470317
0.00122632
0.00472634
0.00125819
0.00474998
0.00128974
0.00477408
0.00132097
0.00479866
0.00135185
0.00482369
0.00138238
0.00484918
0.00141255
0.00487511
0.00144233
0.00490149
0.00147171
0.0049283
0.00150069
0.00495552
0.00152924
0.00498315
0.00155735
0.00501115
0.001585
0.00503952
0.00161218
0.00163912
0.00437569
0.000357618
-0.00436538
0.00438651
0.00039233
0.00439783
0.000427072
0.00440968
0.00046183
0.00442203
0.000496593
0.0044349
0.000531345
0.00444828
0.000566074
0.00446218
0.000600766
0.00447659
0.000635408
0.00449152
0.000669987
0.00450696
0.000704487
0.00452292
0.000738897
0.0045394
0.000773201
0.00455639
0.000807386
0.00457389
0.000841439
0.00459191
0.000875345
0.00461043
0.000909091
0.00462946
0.000942663
0.004649
0.000976046
0.00466905
0.00100923
0.00468959
0.00104219
0.00471064
0.00107493
0.00473218
0.00110742
0.00475422
0.00113966
0.00477675
0.00117162
0.00479976
0.0012033
0.00482327
0.00123469
0.00484725
0.00126576
0.00487171
0.00129651
0.00489665
0.00132692
0.00492206
0.00135698
0.00494793
0.00138667
0.00497427
0.00141599
0.00500106
0.00144492
0.00502829
0.00147345
0.00505597
0.00150156
0.00508408
0.00152924
0.0051126
0.00155648
0.00514152
0.00158326
0.00160983
0.00447085
0.000347388
-0.00446062
0.0044816
0.000381572
0.00449289
0.000415786
0.00450471
0.000450014
0.00451705
0.000484245
0.00452993
0.000518465
0.00454335
0.000552662
0.00455729
0.000586821
0.00457177
0.000620929
0.00458678
0.000654974
0.00460233
0.000688941
0.00461841
0.000722818
0.00463502
0.00075659
0.00465216
0.000790244
0.00466983
0.000823767
0.00468803
0.000857145
0.00470676
0.000890365
0.00472601
0.000923412
0.00474578
0.000956273
0.00476608
0.000988935
0.00478689
0.00102138
0.00480821
0.0010536
0.00483005
0.00108559
0.00485239
0.00111731
0.00487524
0.00114877
0.00489859
0.00117995
0.00492244
0.00121084
0.00494678
0.00124142
0.00497161
0.00127168
0.00499693
0.0013016
0.00502272
0.00133118
0.005049
0.0013604
0.00507574
0.00138925
0.00510296
0.00141771
0.00513063
0.00144577
0.00515875
0.00147343
0.00518733
0.00150067
0.00521634
0.00152747
0.00524578
0.00155382
0.00157999
0.00456825
0.000337237
-0.0045581
0.00457894
0.000370877
0.00459019
0.000404543
0.00460198
0.000438223
0.00461432
0.000471904
0.00462721
0.000505574
0.00464065
0.00053922
0.00465464
0.000572828
0.00466919
0.000606385
0.00468428
0.000639878
0.00469993
0.000673295
0.00471613
0.000706621
0.00473287
0.000739844
0.00475016
0.000772951
0.00476801
0.000805927
0.00478639
0.00083876
0.00480532
0.000871436
0.00482479
0.000903943
0.00484479
0.000936265
0.00486534
0.000968391
0.00488641
0.00100031
0.00490802
0.001032
0.00493015
0.00106345
0.00495281
0.00109466
0.00497598
0.0011256
0.00499967
0.00115626
0.00502387
0.00118664
0.00504858
0.00121671
0.00507379
0.00124647
0.00509949
0.00127589
0.00512569
0.00130498
0.00515238
0.00133371
0.00517955
0.00136208
0.0052072
0.00139006
0.00523531
0.00141766
0.0052639
0.00144485
0.00529294
0.00147162
0.00532244
0.00149798
0.00535238
0.00152388
0.00154961
0.00466793
0.000327167
-0.00465786
0.00467856
0.000360242
0.00468976
0.000393343
0.00470153
0.000426457
0.00471386
0.000459571
0.00472676
0.000492672
0.00474024
0.000525749
0.00475428
0.000558788
0.00476888
0.000591776
0.00478406
0.000624701
0.00479981
0.000657549
0.00481612
0.000690308
0.004833
0.000722965
0.00485044
0.000755506
0.00486845
0.000787919
0.00488702
0.00082019
0.00490615
0.000852307
0.00492584
0.000884256
0.00494608
0.000916024
0.00496687
0.000947597
0.00498822
0.000978964
0.0050101
0.00101011
0.00503253
0.00104102
0.0050555
0.00107169
0.005079
0.0011021
0.00510304
0.00113223
0.00512759
0.00116208
0.00515267
0.00119163
0.00517826
0.00122087
0.00520437
0.00124979
0.00523098
0.00127837
0.00525809
0.0013066
0.00528569
0.00133447
0.00531378
0.00136197
0.00534236
0.00138908
0.00537141
0.0014158
0.00540093
0.0014421
0.00543091
0.00146799
0.00546136
0.00149344
0.00151871
0.00476992
0.000317174
-0.00475993
0.0047805
0.000349667
0.00479166
0.000382185
0.0048034
0.000414714
0.00481573
0.000447243
0.00482864
0.000479758
0.00484214
0.000512248
0.00485623
0.000544701
0.0048709
0.000577103
0.00488616
0.000609441
0.00490201
0.000641704
0.00491844
0.000673879
0.00493545
0.000705952
0.00495304
0.000737911
0.00497122
0.000769744
0.00498997
0.000801436
0.0050093
0.000832977
0.00502921
0.000864352
0.00504968
0.000895548
0.00507073
0.000926554
0.00509234
0.000957356
0.0051145
0.000987941
0.00513723
0.0010183
0.00516051
0.00104841
0.00518434
0.00107827
0.00520872
0.00110786
0.00523364
0.00113717
0.00525909
0.00116618
0.00528507
0.00119489
0.00531157
0.00122328
0.0053386
0.00125135
0.00536613
0.00127906
0.00539418
0.00130643
0.00542272
0.00133342
0.00545176
0.00136004
0.00548129
0.00138627
0.0055113
0.00141209
0.00554178
0.0014375
0.00557274
0.00146248
0.00148729
0.0048743
0.00030726
-0.00486438
0.00488481
0.000339154
0.00489593
0.00037107
0.00490764
0.000402996
0.00491996
0.000434922
0.00493289
0.000466833
0.00494642
0.000498719
0.00496055
0.000530568
0.00497529
0.000562365
0.00499063
0.000594101
0.00500657
0.000625761
0.00502312
0.000657333
0.00504026
0.000688806
0.00505801
0.000720166
0.00507635
0.000751401
0.00509529
0.000782499
0.00511482
0.000813446
0.00513494
0.000844231
0.00515565
0.00087484
0.00517694
0.000905261
0.00519882
0.000935482
0.00522127
0.000965489
0.00524429
0.000995271
0.00526789
0.00102481
0.00529205
0.00105411
0.00531677
0.00108314
0.00534204
0.00111189
0.00536786
0.00114036
0.00539423
0.00116852
0.00542114
0.00119638
0.00544858
0.0012239
0.00547655
0.0012511
0.00550504
0.00127794
0.00553404
0.00130442
0.00556355
0.00133053
0.00559356
0.00135626
0.00562407
0.00138159
0.00565506
0.00140651
0.00568653
0.00143102
0.00145534
0.00498108
0.000297425
-0.00497124
0.00499153
0.0003287
0.0050026
0.000359996
0.0050143
0.000391303
0.00502661
0.000422607
0.00503955
0.000453897
0.00505311
0.000485161
0.00506729
0.000516388
0.00508209
0.000547564
0.00509751
0.000578678
0.00511355
0.000609718
0.00513022
0.000640672
0.00514749
0.000671527
0.00516539
0.000702271
0.0051839
0.000732892
0.00520302
0.000763378
0.00522275
0.000793716
0.00524309
0.000823893
0.00526403
0.000853899
0.00528557
0.000883719
0.00530771
0.000913343
0.00533044
0.000942757
0.00535376
0.000971949
0.00537767
0.00100091
0.00540216
0.00102962
0.00542722
0.00105807
0.00545285
0.00108626
0.00547905
0.00111416
0.00550581
0.00114176
0.00553312
0.00116906
0.00556098
0.00119605
0.00558938
0.0012227
0.00561832
0.001249
0.00564778
0.00127496
0.00567777
0.00130055
0.00570826
0.00132576
0.00573926
0.00135059
0.00577076
0.00137501
0.00580276
0.00139902
0.00142285
0.00509032
0.000287666
-0.00508056
0.00510072
0.000318305
0.00511175
0.000348964
0.00512342
0.000379632
0.00513573
0.000410298
0.00514868
0.000440949
0.00516226
0.000471573
0.00517649
0.000502161
0.00519136
0.000532698
0.00520686
0.000563174
0.005223
0.000593577
0.00523978
0.000623895
0.00525719
0.000654115
0.00527523
0.000684227
0.00529391
0.000714217
0.00531321
0.000744074
0.00533314
0.000773785
0.0053537
0.00080334
0.00537487
0.000832725
0.00539666
0.000861928
0.00541907
0.000890939
0.00544208
0.000919743
0.0054657
0.00094833
0.00548992
0.000976688
0.00551473
0.0010048
0.00554014
0.00103267
0.00556613
0.00106027
0.00559271
0.00108759
0.00561985
0.00111462
0.00564757
0.00114135
0.00567585
0.00116777
0.00570468
0.00119386
0.00573406
0.00121962
0.00576398
0.00124504
0.00579444
0.00127009
0.00582543
0.00129478
0.00585693
0.00131908
0.00588894
0.001343
0.00592146
0.00136651
0.00138983
0.00520208
0.000277984
-0.00519239
0.00521241
0.000307969
0.0052234
0.000337973
0.00523505
0.000367985
0.00524736
0.000397994
0.00526032
0.000427988
0.00527393
0.000457956
0.00528821
0.000487886
0.00530314
0.000517768
0.00531873
0.000547588
0.00533497
0.000577337
0.00535186
0.000607001
0.0053694
0.00063657
0.0053876
0.000666032
0.00540644
0.000695374
0.00542593
0.000724586
0.00544606
0.000753655
0.00546683
0.00078257
0.00548824
0.000811318
0.00551028
0.000839889
0.00553294
0.00086827
0.00555624
0.000896449
0.00558015
0.000924415
0.00560469
0.000952156
0.00562983
0.000979661
0.00565558
0.00100692
0.00568193
0.00103391
0.00570888
0.00106064
0.00573641
0.00108708
0.00576453
0.00111323
0.00579323
0.00113907
0.00582249
0.0011646
0.00585232
0.00118979
0.0058827
0.00121465
0.00591364
0.00123916
0.00594511
0.00126331
0.00597711
0.00128708
0.00600964
0.00131047
0.00604268
0.00133346
0.00135627
0.00531639
0.000268378
-0.00530679
0.00532667
0.00029769
0.00533762
0.000327021
0.00534925
0.000356359
0.00536155
0.000385694
0.00537452
0.000415013
0.00538817
0.000444307
0.0054025
0.000473563
0.00541749
0.000502771
0.00543316
0.000531919
0.0054495
0.000560996
0.00546651
0.000589991
0.00548419
0.000618891
0.00550254
0.000647686
0.00552155
0.000676364
0.00554122
0.000704914
0.00556155
0.000733324
0.00558254
0.000761583
0.00560418
0.000789678
0.00562647
0.000817599
0.0056494
0.000845335
0.00567298
0.000872873
0.00569719
0.000900203
0.00572204
0.000927312
0.00574751
0.000954189
0.0057736
0.000980824
0.00580031
0.0010072
0.00582763
0.00103332
0.00585555
0.00105916
0.00588408
0.00108471
0.00591319
0.00110996
0.00594289
0.0011349
0.00597316
0.00115952
0.00600401
0.00118381
0.00603541
0.00120775
0.00606737
0.00123135
0.00609988
0.00125457
0.00613292
0.00127743
0.00616649
0.0012999
0.00132217
0.00543333
0.000258846
-0.0054238
0.00544355
0.000287468
0.00545447
0.000316107
0.00546607
0.000344754
0.00547837
0.000373396
0.00549136
0.000402024
0.00550504
0.000430626
0.00551941
0.000459191
0.00553447
0.000487708
0.00555023
0.000516166
0.00556667
0.000544554
0.0055838
0.000572861
0.00560161
0.000601077
0.00562011
0.000629188
0.00563929
0.000657185
0.00565915
0.000685057
0.00567968
0.000712791
0.00570089
0.000740377
0.00572276
0.000767804
0.0057453
0.00079506
0.0057685
0.000822134
0.00579236
0.000849015
0.00581687
0.000875692
0.00584203
0.000902154
0.00586783
0.000928389
0.00589427
0.000954386
0.00592134
0.000980135
0.00594903
0.00100562
0.00597734
0.00103084
0.00600627
0.00105578
0.0060358
0.00108043
0.00606593
0.00110477
0.00609665
0.0011288
0.00612796
0.0011525
0.00615984
0.00117587
0.00619229
0.0011989
0.00622529
0.00122157
0.00625885
0.00124388
0.00629294
0.0012658
0.00128753
0.00555294
0.000249386
-0.00554348
0.00556311
0.0002773
0.00557399
0.000305231
0.00558557
0.000333168
0.00559787
0.000361101
0.00561087
0.000389019
0.00562459
0.000416911
0.00563901
0.000444767
0.00565414
0.000472576
0.00566998
0.000500327
0.00568653
0.000528009
0.00570378
0.000555612
0.00572173
0.000583125
0.00574038
0.000610537
0.00575973
0.000637836
0.00577977
0.000665012
0.00580051
0.000692054
0.00582193
0.000718952
0.00584405
0.000745693
0.00586684
0.000772268
0.00589031
0.000798665
0.00591445
0.000824873
0.00593926
0.000850882
0.00596473
0.00087668
0.00599086
0.000902257
0.00601765
0.000927603
0.00604508
0.000952705
0.00607315
0.000977555
0.00610185
0.00100214
0.00613118
0.00102645
0.00616113
0.00105048
0.0061917
0.00107421
0.00622287
0.00109763
0.00625463
0.00112074
0.00628699
0.00114352
0.00631992
0.00116596
0.00635343
0.00118806
0.0063875
0.0012098
0.00642213
0.00123118
0.00125235
0.00567528
0.000239996
-0.00566589
0.00568539
0.000267184
0.00569624
0.000294388
0.00570781
0.000321599
0.0057201
0.000348804
0.00573313
0.000375995
0.00574688
0.00040316
0.00576136
0.00043029
0.00577656
0.000457373
0.00579248
0.0004844
0.00580913
0.000511359
0.00582651
0.000538241
0.0058446
0.000565035
0.0058634
0.000591729
0.00588293
0.000618314
0.00590316
0.000644778
0.0059241
0.000671112
0.00594575
0.000697304
0.0059681
0.000723344
0.00599115
0.000749221
0.00601489
0.000774925
0.00603931
0.000800445
0.00606443
0.00082577
0.00609022
0.000850889
0.00611668
0.000875793
0.00614381
0.000900471
0.0061716
0.000924912
0.00620005
0.000949107
0.00622915
0.000973043
0.00625889
0.000996712
0.00628926
0.0010201
0.00632026
0.00104321
0.00635188
0.00106601
0.00638411
0.00108851
0.00641694
0.00111069
0.00645037
0.00113254
0.00648438
0.00115405
0.00651896
0.00117522
0.00655412
0.00119602
0.00121663
0.00580043
0.000230675
-0.0057911
0.00581049
0.00025712
0.0058213
0.00028358
0.00583285
0.000310045
0.00584515
0.000336505
0.00585819
0.000362951
0.00587198
0.000389372
0.00588651
0.000415758
0.00590179
0.000442098
0.00591781
0.000468383
0.00593456
0.000494602
0.00595206
0.000520746
0.00597029
0.000546803
0.00598926
0.000572763
0.00600895
0.000598617
0.00602938
0.000624353
0.00605053
0.000649961
0.0060724
0.000675432
0.00609499
0.000700754
0.0061183
0.000725918
0.00614231
0.000750912
0.00616703
0.000775727
0.00619244
0.000800353
0.00621855
0.000824778
0.00624535
0.000848994
0.00627284
0.000872989
0.00630099
0.000896754
0.00632982
0.000920278
0.00635931
0.000943551
0.00638946
0.000966564
0.00642026
0.000989307
0.0064517
0.00101177
0.00648377
0.00103394
0.00651646
0.00105581
0.00654978
0.00107737
0.0065837
0.00109862
0.00661821
0.00111953
0.00665332
0.00114011
0.006689
0.00116034
0.00118036
0.00592843
0.000221422
-0.00591918
0.00593845
0.000247105
0.00594922
0.000272803
0.00596076
0.000298505
0.00597307
0.000324202
0.00598613
0.000349885
0.00599996
0.000375544
0.00601455
0.000401168
0.0060299
0.000426748
0.00604601
0.000452273
0.00606288
0.000477735
0.0060805
0.000503123
0.00609888
0.000528426
0.006118
0.000553636
0.00613788
0.000578741
0.0061585
0.000603732
0.00617986
0.000628599
0.00620196
0.000653332
0.0062248
0.00067792
0.00624836
0.000702353
0.00627265
0.000726622
0.00629766
0.000750717
0.00632339
0.000774627
0.00634982
0.000798343
0.00637696
0.000821855
0.0064048
0.000845152
0.00643333
0.000868225
0.00646254
0.000891064
0.00649243
0.00091366
0.00652299
0.000936002
0.00655422
0.000958082
0.0065861
0.000979889
0.00661862
0.00100141
0.00665179
0.00102265
0.00668558
0.00104358
0.00672
0.0010642
0.00675503
0.00108451
0.00679066
0.00110448
0.00682688
0.00112412
0.00114355
0.00605937
0.000212235
-0.00605019
0.00606934
0.000237138
0.00608009
0.000262055
0.00609162
0.000286976
0.00610393
0.000311892
0.00611702
0.000336795
0.00613089
0.000361673
0.00614554
0.000386518
0.00616097
0.000411319
0.00617717
0.000436068
0.00619415
0.000460755
0.00621191
0.00048537
0.00623043
0.000509903
0.00624972
0.000534344
0.00626978
0.000558684
0.0062906
0.000582913
0.00631218
0.000607021
0.00633451
0.000630999
0.00635759
0.000654837
0.00638142
0.000678524
0.00640599
0.000702052
0.0064313
0.00072541
0.00645734
0.000748589
0.0064841
0.00077158
0.00651158
0.000794372
0.00653978
0.000816956
0.00656868
0.000839322
0.00659828
0.000861462
0.00662858
0.000883365
0.00665956
0.000905022
0.00669122
0.000926424
0.00672355
0.000947561
0.00675653
0.000968425
0.00679017
0.000989007
0.00682446
0.0010093
0.00685937
0.00102928
0.00689492
0.00104896
0.00693107
0.00106833
0.00696783
0.00108736
0.00110619
0.00619332
0.000203111
-0.0061842
0.00620325
0.000227216
0.00621397
0.000251333
0.00622549
0.000275456
0.00623781
0.000299573
0.00625092
0.000323676
0.00626484
0.000347756
0.00627955
0.000371804
0.00629506
0.00039581
0.00631137
0.000419764
0.00632847
0.000443658
0.00634635
0.000467482
0.00636503
0.000491227
0.00638449
0.000514883
0.00640473
0.000538441
0.00642575
0.000561891
0.00644755
0.000585224
0.00647012
0.00060843
0.00649346
0.0006315
0.00651756
0.000654425
0.00654241
0.000677195
0.00656802
0.000699801
0.00659438
0.000722233
0.00662147
0.000744483
0.00664931
0.00076654
0.00667787
0.000788395
0.00670715
0.000810039
0.00673715
0.000831464
0.00676785
0.00085266
0.00679926
0.000873617
0.00683136
0.000894327
0.00686414
0.000914781
0.00689759
0.00093497
0.00693171
0.000954885
0.00696649
0.000974518
0.00700191
0.00099386
0.00703798
0.0010129
0.00707467
0.00103164
0.00711197
0.00105005
0.00106826
0.00633036
0.000194048
-0.0063213
0.00634024
0.000217336
0.00635094
0.000240636
0.00636245
0.000263941
0.00637478
0.000287241
0.00638793
0.000310527
0.0064019
0.000333791
0.00641668
0.000357023
0.00643227
0.000380215
0.00644868
0.000403357
0.0064659
0.000426441
0.00648392
0.000449457
0.00650275
0.000472396
0.00652239
0.000495249
0.00654282
0.000518007
0.00656405
0.000540661
0.00658608
0.000563201
0.00660889
0.000585619
0.00663248
0.000607906
0.00665685
0.000630051
0.006682
0.000652047
0.00670792
0.000673884
0.0067346
0.000695553
0.00676204
0.000717045
0.00679022
0.000738352
0.00681916
0.000759463
0.00684883
0.00078037
0.00687923
0.000801065
0.00691035
0.000821538
0.00694218
0.000841781
0.00697473
0.000861785
0.00700797
0.000881541
0.0070419
0.000901041
0.0070765
0.000920276
0.00711178
0.000939239
0.00714772
0.000957919
0.00718432
0.00097631
0.00722155
0.000994404
0.00725941
0.00101219
0.00102977
0.00647056
0.000185043
-0.00646156
0.0064804
0.000207495
0.00649108
0.00022996
0.00650259
0.000252429
0.00651494
0.000274893
0.00652812
0.000297344
0.00654214
0.000319773
0.00655699
0.000342172
0.00657268
0.000364531
0.00658919
0.000386843
0.00660653
0.000409098
0.0066247
0.000431288
0.0066437
0.000453404
0.00666351
0.000475436
0.00668414
0.000497377
0.00670558
0.000519217
0.00672783
0.000540948
0.00675089
0.000562561
0.00677475
0.000584046
0.00679941
0.000605396
0.00682485
0.000626601
0.00685109
0.000647653
0.0068781
0.000668543
0.00690588
0.000689262
0.00693443
0.000709801
0.00696374
0.000730152
0.0069938
0.000750307
0.00702461
0.000770256
0.00705616
0.000789992
0.00708843
0.000809505
0.00712143
0.000828788
0.00715514
0.000847832
0.00718955
0.000866629
0.00722466
0.00088517
0.00726045
0.000903449
0.00729691
0.000921455
0.00733404
0.000939182
0.00737182
0.000956623
0.00741024
0.000973765
0.000990708
0.00661402
0.000176093
-0.00660507
0.00662383
0.000197691
0.00663449
0.000219301
0.006646
0.000240915
0.00665837
0.000262524
0.00667159
0.000284121
0.00668566
0.000305698
0.00670059
0.000327244
0.00671637
0.000348753
0.006733
0.000370217
0.00675047
0.000391625
0.00676879
0.000412971
0.00678794
0.000434245
0.00680794
0.000455439
0.00682877
0.000476545
0.00685044
0.000497554
0.00687293
0.000518458
0.00689624
0.000539248
0.00692037
0.000559915
0.00694531
0.000580452
0.00697107
0.00060085
0.00699762
0.0006211
0.00702497
0.000641194
0.00705311
0.000661123
0.00708203
0.00068088
0.00711173
0.000700455
0.00714219
0.000719841
0.00717342
0.00073903
0.0072054
0.000758012
0.00723812
0.000776781
0.00727158
0.000795328
0.00730577
0.000813646
0.00734067
0.000831725
0.00737628
0.000849558
0.00741259
0.000867138
0.00744959
0.000884457
0.00748727
0.000901507
0.00752561
0.000918281
0.00756461
0.000934769
0.000951058
0.00676083
0.000167194
-0.00675193
0.0067706
0.000187919
0.00678125
0.000208656
0.00679277
0.000229396
0.00680516
0.000250132
0.00681842
0.000270856
0.00683256
0.000291561
0.00684757
0.000312237
0.00686344
0.000332877
0.00688019
0.000353473
0.0068978
0.000374016
0.00691627
0.000394499
0.0069356
0.000414914
0.00695579
0.000435252
0.00697683
0.000455505
0.00699872
0.000475665
0.00702145
0.000495724
0.00704503
0.000515673
0.00706944
0.000535506
0.00709468
0.000555212
0.00712074
0.000574785
0.00714762
0.000594216
0.00717532
0.000613497
0.00720382
0.000632621
0.00723312
0.000651578
0.00726322
0.000670362
0.0072941
0.000688963
0.00732575
0.000707375
0.00735817
0.00072559
0.00739135
0.000743599
0.00742529
0.000761395
0.00745996
0.00077897
0.00749537
0.000796317
0.0075315
0.000813429
0.00756834
0.000830297
0.00760589
0.000846914
0.00764412
0.000863273
0.00768303
0.000879367
0.00772262
0.000895186
0.000910811
0.00691108
0.000158344
-0.00690223
0.00692083
0.000178176
0.00693146
0.00019802
0.00694299
0.000217867
0.00695541
0.000237711
0.00696872
0.000257543
0.00698293
0.000277357
0.00699802
0.000297143
0.007014
0.000316895
0.00703087
0.000336605
0.00704862
0.000356265
0.00706725
0.000375867
0.00708677
0.000395404
0.00710715
0.000414867
0.00712841
0.000434248
0.00715053
0.000453542
0.00717352
0.000472738
0.00719736
0.000491829
0.00722206
0.000510808
0.0072476
0.000529667
0.00727399
0.000548398
0.00730121
0.000566993
0.00732927
0.000585445
0.00735814
0.000603745
0.00738783
0.000621887
0.00741833
0.000639862
0.00744963
0.000657663
0.00748173
0.000675282
0.00751461
0.000692713
0.00754826
0.000709947
0.00758268
0.000726976
0.00761785
0.000743795
0.00765377
0.000760395
0.00769043
0.000776769
0.00772782
0.00079291
0.00776592
0.000808812
0.00780473
0.000824466
0.00784423
0.000839867
0.00788441
0.000855005
0.000869952
0.00706489
0.000149537
-0.00705608
0.00707461
0.000168458
0.00708524
0.000187389
0.00709678
0.000206324
0.00710924
0.000225256
0.0071226
0.000244177
0.00713688
0.00026308
0.00715206
0.000281958
0.00716816
0.000300803
0.00718515
0.000319607
0.00720305
0.000338364
0.00722186
0.000357067
0.00724155
0.000375706
0.00726214
0.000394276
0.00728362
0.000412768
0.00730599
0.000431176
0.00732924
0.00044949
0.00735336
0.000467706
0.00737835
0.000485814
0.00740421
0.000503807
0.00743093
0.000521678
0.00745851
0.00053942
0.00748693
0.000557024
0.00751619
0.000574485
0.00754628
0.000591794
0.0075772
0.000608944
0.00760893
0.000625928
0.00764148
0.000642738
0.00767482
0.000659369
0.00770896
0.000675811
0.00774387
0.000692059
0.00777956
0.000708105
0.00781602
0.000723943
0.00785322
0.000739566
0.00789116
0.000754966
0.00792984
0.000770137
0.00796923
0.000785072
0.00800933
0.000799766
0.00805013
0.000814209
0.000828466
0.00722235
0.00014077
-0.00721359
0.00723205
0.000158758
0.00724268
0.000176758
0.00725425
0.000194761
0.00726674
0.000212761
0.00728017
0.000230751
0.00729452
0.000248725
0.00730981
0.000266674
0.00732602
0.000284592
0.00734315
0.000302472
0.00736121
0.000320307
0.00738019
0.00033809
0.00740008
0.000355814
0.00742088
0.000373471
0.0074426
0.000391055
0.00746522
0.000408558
0.00748873
0.000425973
0.00751315
0.000443293
0.00753845
0.000460512
0.00756463
0.000477621
0.0075917
0.000494615
0.00761963
0.000511485
0.00764843
0.000528225
0.00767809
0.000544828
0.00770859
0.000561287
0.00773994
0.000577595
0.00777213
0.000593745
0.00780513
0.00060973
0.00783896
0.000625543
0.00787359
0.000641179
0.00790902
0.000656629
0.00794524
0.000671887
0.00798224
0.000686947
0.00802
0.000701803
0.00805852
0.000716447
0.00809778
0.000730873
0.00813778
0.000745075
0.0081785
0.000759047
0.00821993
0.000772781
0.000786335
0.00738361
0.000132037
-0.00737487
0.00739329
0.000149074
0.00740393
0.000166121
0.00741552
0.000183172
0.00742806
0.000200221
0.00744155
0.00021726
0.00745599
0.000234283
0.00747138
0.000251284
0.00748771
0.000268256
0.00750499
0.000285192
0.00752322
0.000302085
0.00754238
0.000318929
0.00756247
0.000335717
0.0075835
0.000352443
0.00760546
0.000369098
0.00762834
0.000385678
0.00765214
0.000402174
0.00767685
0.000418581
0.00770247
0.000434891
0.00772899
0.000451098
0.00775641
0.000467196
0.00778472
0.000483176
0.00781391
0.000499034
0.00784398
0.000514761
0.00787491
0.000530352
0.00790671
0.000545801
0.00793935
0.000561099
0.00797284
0.000576242
0.00800716
0.000591222
0.00804231
0.000606033
0.00807827
0.000620669
0.00811503
0.000635124
0.00815259
0.00064939
0.00819093
0.000663463
0.00823004
0.000677335
0.00826991
0.000691002
0.00831053
0.000704456
0.00835188
0.000717692
0.00839396
0.000730703
0.00074354
0.00754876
0.000123334
-0.00754006
0.00755844
0.000139398
0.00756909
0.000155473
0.00758071
0.000171552
0.0075933
0.000187628
0.00760687
0.000203696
0.0076214
0.000219749
0.0076369
0.000235781
0.00765337
0.000251786
0.00767081
0.000267758
0.0076892
0.000283689
0.00770856
0.000299574
0.00772887
0.000315407
0.00775013
0.00033118
0.00777234
0.000346888
0.00779549
0.000362525
0.00781959
0.000378083
0.00784461
0.000393556
0.00787056
0.000408939
0.00789744
0.000424225
0.00792522
0.000439407
0.00795392
0.00045448
0.00798352
0.000469436
0.00801401
0.00048427
0.00804539
0.000498975
0.00807764
0.000513546
0.00811077
0.000527975
0.00814475
0.000542258
0.00817958
0.000556387
0.00821526
0.000570357
0.00825177
0.000584162
0.00828909
0.000597796
0.00832723
0.000611253
0.00836617
0.000624527
0.00840589
0.000637612
0.00844639
0.000650503
0.00848765
0.000663194
0.00852966
0.00067568
0.00857241
0.000687953
0.00070006
0.00771797
0.000114655
-0.00770929
0.00772764
0.000129726
0.00773831
0.000144807
0.00774997
0.000159892
0.00776262
0.000174976
0.00777626
0.000190051
0.0077909
0.000205113
0.00780652
0.000220156
0.00782314
0.000235174
0.00784073
0.00025016
0.00785931
0.000265109
0.00787887
0.000280015
0.00789941
0.000294871
0.00792092
0.000309673
0.00794339
0.000324413
0.00796683
0.000339086
0.00799123
0.000353686
0.00801658
0.000368207
0.00804287
0.000382642
0.00807011
0.000396987
0.00809828
0.000411235
0.00812738
0.00042538
0.0081574
0.000439416
0.00818834
0.000453337
0.00822017
0.000467138
0.00825291
0.000480813
0.00828653
0.000494355
0.00832102
0.00050776
0.00835639
0.000521021
0.00839262
0.000534132
0.00842969
0.000547089
0.0084676
0.000559885
0.00850634
0.000572516
0.00854589
0.000584974
0.00858625
0.000597256
0.00862739
0.000609356
0.00866932
0.000621268
0.00871201
0.000632987
0.00875546
0.000644508
0.00065587
0.00789136
0.000105993
-0.0078827
0.00790103
0.00012005
0.00791172
0.000134116
0.00792343
0.000148186
0.00793615
0.000162255
0.00794988
0.000176318
0.00796463
0.000190367
0.00798039
0.0002044
0.00799715
0.000218408
0.00801492
0.000232388
0.0080337
0.000246334
0.00805347
0.000260239
0.00807425
0.000274099
0.00809601
0.000287907
0.00811877
0.000301659
0.0081425
0.000315348
0.00816722
0.000328969
0.00819291
0.000342517
0.00821957
0.000355985
0.00824719
0.000369369
0.00827576
0.000382662
0.00830528
0.00039586
0.00833574
0.000408957
0.00836713
0.000421946
0.00839944
0.000434824
0.00843267
0.000447583
0.00846681
0.000460219
0.00850184
0.000472727
0.00853776
0.000485102
0.00857456
0.000497337
0.00861222
0.000509427
0.00865073
0.000521369
0.0086901
0.000533155
0.00873029
0.000544781
0.0087713
0.000556243
0.00881312
0.000567535
0.00885574
0.000578652
0.00889914
0.000589589
0.0089433
0.000600341
0.000610943
0.00806909
9.73422e-05
-0.00806043
0.00807877
0.000110362
0.0080895
0.000123392
0.00810126
0.000136426
0.00811406
0.000149459
0.00812789
0.000162485
0.00814275
0.000175501
0.00815865
0.000188501
0.00817558
0.000201479
0.00819354
0.000214431
0.00821252
0.000227351
0.00823253
0.000240234
0.00825355
0.000253076
0.00827559
0.00026587
0.00829863
0.000278612
0.00832268
0.000291296
0.00834774
0.000303917
0.00837378
0.000316471
0.00840082
0.000328951
0.00842883
0.000341353
0.00845782
0.000353672
0.00848778
0.000365902
0.0085187
0.000378039
0.00855057
0.000390077
0.00858338
0.00040201
0.00861713
0.000413835
0.0086518
0.000425547
0.00868739
0.000437139
0.00872388
0.000448608
0.00876127
0.000459947
0.00879955
0.000471153
0.00883869
0.000482221
0.0088787
0.000493146
0.00891956
0.000503922
0.00896126
0.000514546
0.00900378
0.000525013
0.00904711
0.000535318
0.00909124
0.000545457
0.00913616
0.000555424
0.000565252
0.00825132
8.86939e-05
-0.00824267
0.00826103
0.000100656
0.00827179
0.000112626
0.00828362
0.000124601
0.0082965
0.000136575
0.00831044
0.000148544
0.00832544
0.000160504
0.00834149
0.000172449
0.0083586
0.000184374
0.00837675
0.000196276
0.00839595
0.000208148
0.0084162
0.000219988
0.00843749
0.000231789
0.00845981
0.000243547
0.00848317
0.000255257
0.00850755
0.000266914
0.00853295
0.000278514
0.00855937
0.000290052
0.0085868
0.000301523
0.00861523
0.000312922
0.00864466
0.000324245
0.00867508
0.000335486
0.00870647
0.000346642
0.00873884
0.000357707
0.00877218
0.000368677
0.00880646
0.000379548
0.0088417
0.000390313
0.00887787
0.00040097
0.00891496
0.000411513
0.00895297
0.000421939
0.00899188
0.000432241
0.00903168
0.000442417
0.00907237
0.000452461
0.00911392
0.000462369
0.00915633
0.000472138
0.00919958
0.000481762
0.00924366
0.000491237
0.00928856
0.00050056
0.00933426
0.000509725
0.000518762
0.00843823
8.00402e-05
-0.00842958
0.00844796
9.09205e-05
0.00845878
0.000101809
0.00847068
0.000112702
0.00848366
0.000123595
0.00849772
0.000134483
0.00851286
0.000145363
0.00852908
0.00015623
0.00854638
0.00016708
0.00856474
0.000177909
0.00858418
0.000188711
0.00860468
0.000199483
0.00862625
0.000210221
0.00864888
0.00022092
0.00867256
0.000231576
0.00869729
0.000242184
0.00872306
0.00025274
0.00874988
0.00026324
0.00877772
0.000273679
0.00880659
0.000284053
0.00883647
0.000294358
0.00886737
0.000304589
0.00889927
0.000314743
0.00893216
0.000324815
0.00896604
0.0003348
0.00900089
0.000344694
0.00903671
0.000354494
0.00907349
0.000364195
0.00911121
0.000373792
0.00914987
0.000383283
0.00918945
0.000392662
0.00922994
0.000401926
0.00927133
0.00041107
0.00931361
0.000420091
0.00935676
0.000428985
0.00940077
0.000437748
0.00944563
0.000446376
0.00949133
0.000454865
0.00953785
0.000463211
0.000471439
0.00863001
7.13715e-05
-0.00862134
0.00863978
8.11469e-05
0.00865066
9.09301e-05
0.00866264
0.000100718
0.00867573
0.000110505
0.00868993
0.00012029
0.00870522
0.000130066
0.00872162
0.000139832
0.00873912
0.000149583
0.00875771
0.000159314
0.0087774
0.000169023
0.00879818
0.000178705
0.00882004
0.000188356
0.00884299
0.000197972
0.00886702
0.00020755
0.00889211
0.000217086
0.00891828
0.000226575
0.0089455
0.000236014
0.00897378
0.000245398
0.00900311
0.000254725
0.00903348
0.000263989
0.00906488
0.000273188
0.00909731
0.000282317
0.00913075
0.000291373
0.0091652
0.000300351
0.00920065
0.000309248
0.00923708
0.00031806
0.00927449
0.000326783
0.00931287
0.000335414
0.0093522
0.000343949
0.00939248
0.000352383
0.00943369
0.000360715
0.00947582
0.000368939
0.00951886
0.000377053
0.00956279
0.000385053
0.00960761
0.000392935
0.00965328
0.000400696
0.00969982
0.000408333
0.00974719
0.000415841
0.000423244
0.00882684
6.26778e-05
-0.00881815
0.00883667
7.13241e-05
0.00884762
7.99778e-05
0.0088597
8.86355e-05
0.00887291
9.7294e-05
0.00888725
0.00010595
0.00890272
0.000114599
0.00891931
0.000123239
0.00893703
0.000131866
0.00895587
0.000140477
0.00897582
0.000149067
0.00899689
0.000157634
0.00901908
0.000166174
0.00904237
0.000174684
0.00906676
0.00018316
0.00909224
0.000191599
0.00911882
0.000199997
0.00914648
0.000208351
0.00917522
0.000216657
0.00920504
0.000224912
0.00923591
0.000233113
0.00926785
0.000241256
0.00930083
0.000249337
0.00933485
0.000257353
0.00936989
0.000265301
0.00940596
0.000273178
0.00944304
0.00028098
0.00948112
0.000288703
0.00952019
0.000296345
0.00956024
0.000303903
0.00960125
0.000311372
0.00964322
0.00031875
0.00968612
0.000326033
0.00972996
0.000333219
0.00977471
0.000340304
0.00982036
0.000347285
0.00986689
0.000354159
0.0099143
0.000360924
0.00996257
0.000367575
0.000374132
0.00902896
5.39477e-05
-0.00902023
0.00903885
6.14401e-05
0.00904988
6.89394e-05
0.00906208
7.64425e-05
0.00907542
8.39465e-05
0.00908993
9.14486e-05
0.00910558
9.89454e-05
0.00912238
0.000106435
0.00914034
0.000113913
0.00915944
0.000121377
0.00917968
0.000128824
0.00920106
0.000136251
0.00922358
0.000143655
0.00924723
0.000151033
0.00927201
0.000158383
0.00929791
0.0001657
0.00932493
0.000172982
0.00935305
0.000180226
0.00938228
0.000187429
0.0094126
0.000194588
0.00944402
0.0002017
0.00947651
0.000208763
0.00951007
0.000215772
0.0095447
0.000222725
0.00958038
0.000229619
0.00961711
0.000236452
0.00965487
0.00024322
0.00969365
0.000249921
0.00973345
0.000256551
0.00977424
0.000263107
0.00981602
0.000269588
0.00985878
0.00027599
0.00990251
0.00028231
0.00994718
0.000288546
0.00999279
0.000294695
0.0100393
0.000300754
0.0100868
0.00030672
0.0101351
0.000312591
0.0101843
0.000318364
0.000324057
0.00923658
4.51685e-05
-0.0092278
0.00924654
5.14815e-05
0.00925768
5.78007e-05
0.00927
6.41232e-05
0.0092835
7.04471e-05
0.00929818
7.67694e-05
0.00931404
8.3088e-05
0.00933107
8.94e-05
0.00934928
9.57031e-05
0.00936866
0.000101995
0.00938921
0.000108272
0.00941093
0.000114534
0.00943381
0.000120776
0.00945785
0.000126996
0.00948304
0.000133192
0.00950938
0.000139362
0.00953686
0.000145502
0.00956547
0.000151611
0.00959521
0.000157685
0.00962608
0.000163723
0.00965806
0.000169721
0.00969115
0.000175677
0.00972533
0.000181589
0.0097606
0.000187454
0.00979695
0.00019327
0.00983437
0.000199034
0.00987284
0.000204743
0.00991237
0.000210396
0.00995293
0.00021599
0.00999451
0.000221522
0.0100371
0.000226991
0.0100807
0.000232393
0.0101253
0.000237727
0.0101708
0.00024299
0.0102174
0.000248179
0.0102648
0.000253293
0.0103132
0.000258329
0.0103625
0.000263286
0.0104127
0.00026816
0.000272966
0.00944995
3.63268e-05
-0.00944111
0.00946
4.14341e-05
0.00947126
4.65463e-05
0.00948372
5.1662e-05
0.00949739
5.67787e-05
0.00951226
6.18946e-05
0.00952834
6.70077e-05
0.00954563
7.21158e-05
0.00956411
7.72169e-05
0.0095838
8.23091e-05
0.00960468
8.73903e-05
0.00962675
9.24581e-05
0.00965002
9.7511e-05
0.00967447
0.000102547
0.0097001
0.000107563
0.0097269
0.000112558
0.00975488
0.000117529
0.00978401
0.000122475
0.0098143
0.000127394
0.00984574
0.000132283
0.00987832
0.00013714
0.00991204
0.000141964
0.00994687
0.000146752
0.00998282
0.000151503
0.0100199
0.000156214
0.010058
0.000160883
0.0100973
0.000165508
0.0101376
0.000170088
0.0101789
0.00017462
0.0102214
0.000179102
0.0102648
0.000183534
0.0103093
0.000187911
0.0103548
0.000192234
0.0104013
0.000196499
0.0104488
0.000200705
0.0104972
0.00020485
0.0105466
0.000208933
0.0105969
0.000212951
0.0106482
0.000216903
0.0002208
0.00966934
2.74062e-05
-0.00966041
0.00967949
3.12802e-05
0.00969088
3.51584e-05
0.0097035
3.90393e-05
0.00971736
4.29213e-05
0.00973245
4.68029e-05
0.00974877
5.06825e-05
0.00976633
5.45587e-05
0.00978512
5.84298e-05
0.00980513
6.22943e-05
0.00982637
6.61507e-05
0.00984883
6.99973e-05
0.00987251
7.38326e-05
0.0098974
7.76552e-05
0.0099235
8.14633e-05
0.00995081
8.52552e-05
0.0099793
8.90299e-05
0.010009
9.27853e-05
0.0100399
9.65201e-05
0.0100719
0.000100233
0.0101051
0.000103921
0.0101395
0.000107585
0.010175
0.000111222
0.0102117
0.00011483
0.0102495
0.000118408
0.0102885
0.000121955
0.0103285
0.000125469
0.0103696
0.000128949
0.0104119
0.000132392
0.0104552
0.000135798
0.0104995
0.000139166
0.0105449
0.000142493
0.0105914
0.000145778
0.0106389
0.00014902
0.0106874
0.000152217
0.0107369
0.000155369
0.0107873
0.000158473
0.0108387
0.000161528
0.0108911
0.000164533
0.000167497
0.009895
1.83919e-05
-0.00988598
0.00990527
2.10045e-05
0.00991681
2.362e-05
0.00992961
2.62375e-05
0.00994368
2.88559e-05
0.00995901
3.14744e-05
0.0099756
3.40915e-05
0.00999345
3.67067e-05
0.0100126
3.93184e-05
0.0100329
4.19259e-05
0.0100546
4.4528e-05
0.0100774
4.71239e-05
0.0101015
4.97122e-05
0.0101269
5.2292e-05
0.0101535
5.48622e-05
0.0101813
5.74219e-05
0.0102104
5.99697e-05
0.0102407
6.2505e-05
0.0102722
6.50264e-05
0.0103049
6.7533e-05
0.0103388
7.00237e-05
0.0103739
7.24976e-05
0.0104101
7.49533e-05
0.0104476
7.73901e-05
0.0104862
7.9807e-05
0.0105259
8.22028e-05
0.0105668
8.45763e-05
0.0106088
8.69269e-05
0.010652
8.92535e-05
0.0106962
9.15547e-05
0.0107416
9.38301e-05
0.010788
9.60783e-05
0.0108355
9.82983e-05
0.010884
0.00010049
0.0109335
0.000102651
0.0109841
0.000104781
0.0110357
0.00010688
0.0110883
0.000108945
0.0111419
0.000110977
0.000112982
0.0101273
9.26037e-06
-0.0101181
0.0101377
1.05821e-05
0.0101494
1.19055e-05
0.0101624
1.323e-05
0.0101767
1.45551e-05
0.0101923
1.58803e-05
0.0102092
1.7205e-05
0.0102274
1.85286e-05
0.0102468
1.98508e-05
0.0102676
2.11708e-05
0.0102896
2.24883e-05
0.0103129
2.38027e-05
0.0103375
2.51133e-05
0.0103634
2.64199e-05
0.0103906
2.77214e-05
0.010419
2.90179e-05
0.0104486
3.03085e-05
0.0104795
3.15927e-05
0.0105117
3.28701e-05
0.0105451
3.414e-05
0.0105797
3.54019e-05
0.0106156
3.66556e-05
0.0106526
3.78999e-05
0.0106909
3.9135e-05
0.0107303
4.03598e-05
0.0107709
4.15743e-05
0.0108127
4.27774e-05
0.0108557
4.39691e-05
0.0108998
4.51487e-05
0.010945
4.63155e-05
0.0109914
4.74693e-05
0.0110389
4.86094e-05
0.0110874
4.97354e-05
0.0111371
5.08468e-05
0.0111878
5.19431e-05
0.0112395
5.30238e-05
0.0112923
5.40884e-05
0.0113461
5.51364e-05
0.0114009
5.61674e-05
5.71848e-05
0.0103663
-0.010357
0.0103768
0.0103888
0.010402
0.0104165
0.0104324
0.0104496
0.0104682
0.010488
0.0105092
0.0105317
0.0105555
0.0105806
0.010607
0.0106347
0.0106637
0.010694
0.0107256
0.0107585
0.0107926
0.0108281
0.0108647
0.0109026
0.0109417
0.0109821
0.0110237
0.0110665
0.0111104
0.0111556
0.0112019
0.0112494
0.011298
0.0113477
0.0113985
0.0114505
0.0115035
0.0115576
0.0116127
0.0116689
0.00239683
-0.000808439
-0.00238654
0.00240912
-0.000784915
0.00242231
-0.000759111
0.00243576
-0.000732038
0.00244926
-0.000704214
0.00246277
-0.000675883
0.00247629
-0.000646977
0.00248977
-0.000617501
0.00250322
-0.0005875
0.00251664
-0.000556993
0.00253002
-0.000525992
0.00254336
-0.000494506
0.00255666
-0.000462549
0.0025699
-0.00043013
0.0025831
-0.000397259
0.00259624
-0.000363947
0.00260931
-0.000330204
0.00262232
-0.000296039
0.00263526
-0.000261463
0.00264813
-0.000226487
0.00266092
-0.000191121
0.00267364
-0.000155378
0.00268628
-0.000119277
0.00269887
-8.28478e-05
0.00271141
-4.61754e-05
0.00272369
-9.677e-06
0.00273623
2.8351e-05
0.00274849
6.63963e-05
0.00276063
0.000104549
0.00277267
0.000142951
0.00278463
0.000181609
0.00279649
0.000220515
0.00280828
0.000259662
0.00281998
0.00029904
0.00283161
0.000338635
0.00284317
0.000378433
0.00285466
0.000418419
0.00286607
0.000458577
0.00287743
0.000498893
0.000539349
0.00247958
-0.000820746
-0.00246727
0.00249116
-0.000796492
0.00250313
-0.000771079
0.00251525
-0.000744163
0.0025273
-0.000716266
0.00253934
-0.000687923
0.00255142
-0.000659057
0.00256354
-0.000629617
0.00257568
-0.000599644
0.00258785
-0.000569163
0.00260005
-0.000538183
0.00261225
-0.000506711
0.00262446
-0.000474761
0.00263668
-0.000442344
0.00264889
-0.00040947
0.00266109
-0.00037615
0.00267328
-0.000342393
0.00268545
-0.000308212
0.00269761
-0.000273617
0.00270974
-0.000238619
0.00272185
-0.000203231
0.00273394
-0.000167467
0.00274601
-0.000131346
0.00275806
-9.48954e-05
0.00277005
-5.8172e-05
0.00278171
-2.13387e-05
0.00279391
1.61582e-05
0.00280584
5.44588e-05
0.00281771
9.26827e-05
0.00282954
0.000131127
0.00284132
0.000169826
0.00285306
0.000208771
0.00286477
0.000247954
0.00287644
0.000287366
0.00288808
0.000326994
0.00289969
0.000366823
0.00291128
0.000406837
0.00292283
0.000447023
0.00293436
0.000487362
0.00052784
0.00256313
-0.00083197
-0.00255191
0.00257393
-0.000807286
0.00258479
-0.000781947
0.0025958
-0.00075517
0.00260678
-0.000727248
0.00261775
-0.000698888
0.00262875
-0.000670063
0.0026398
-0.000640668
0.00265089
-0.000610727
0.002662
-0.000580276
0.00267314
-0.000549323
0.0026843
-0.000517877
0.00269549
-0.000485949
0.0027067
-0.000453551
0.00271792
-0.000420694
0.00272916
-0.00038739
0.00274042
-0.000353648
0.00275169
-0.000319481
0.00276297
-0.0002849
0.00277427
-0.000249917
0.00278558
-0.000214544
0.00279691
-0.000178795
0.00280825
-0.000142685
0.00281959
-0.000106235
0.00283088
-6.94705e-05
0.00284202
-3.24721e-05
0.00285376
4.42062e-06
0.00286515
4.30607e-05
0.00287658
8.12516e-05
0.00288803
0.000119679
0.0028995
0.000158362
0.00291098
0.000197288
0.00292248
0.00023645
0.00293401
0.00027584
0.00294556
0.000315444
0.00295713
0.000355249
0.00296873
0.000395239
0.00298036
0.000435398
0.00299201
0.000475712
0.000516163
0.00264796
-0.000842043
-0.00263789
0.00265788
-0.000817204
0.00266781
-0.00079188
0.00267785
-0.000765211
0.00268791
-0.000737307
0.00269796
-0.000708935
0.00270803
-0.000680134
0.00271814
-0.000650775
0.00272827
-0.000620862
0.00273843
-0.000590436
0.00274862
-0.00055951
0.00275883
-0.000528091
0.00276908
-0.000496191
0.00277935
-0.000463821
0.00278965
-0.000430994
0.00279998
-0.000397719
0.00281034
-0.000364009
0.00282073
-0.000329876
0.00283116
-0.00029533
0.00284163
-0.000260384
0.00285213
-0.00022505
0.00286268
-0.000189342
0.00287327
-0.000153274
0.0028839
-0.000116863
0.00289456
-8.0131e-05
0.00290522
-4.31374e-05
0.00291592
-6.27125e-06
0.00292687
3.2106e-05
0.00293781
7.03155e-05
0.00294879
0.000108693
0.00295984
0.000147313
0.00297096
0.000186174
0.00298214
0.000225266
0.0029934
0.000264581
0.00300474
0.000304109
0.00301615
0.000343834
0.00302765
0.000383743
0.00303922
0.00042382
0.00305088
0.000464051
0.000504419
0.00273394
-0.000851152
-0.00272483
0.00274301
-0.000826268
0.00275205
-0.000800923
0.00276116
-0.000774321
0.0027703
-0.00074645
0.00277945
-0.000718078
0.00278861
-0.000689296
0.0027978
-0.000659971
0.00280703
-0.000630091
0.00281629
-0.000599696
0.00282559
-0.000568804
0.00283492
-0.000537421
0.00284429
-0.000505559
0.00285369
-0.000473229
0.00286314
-0.000440444
0.00287264
-0.000407214
0.00288218
-0.000373551
0.00289177
-0.000339467
0.00290142
-0.000304973
0.00291111
-0.000270083
0.00292087
-0.000234808
0.00293069
-0.000199163
0.00294058
-0.00016316
0.00295054
-0.000126818
0.00296056
-9.01586e-05
0.00297065
-5.3228e-05
0.00298058
-1.61956e-05
0.00299103
2.16561e-05
0.00300144
5.99e-05
0.00301193
9.82042e-05
0.00302252
0.000136726
0.00303321
0.000175481
0.00304402
0.000214462
0.00305494
0.000253661
0.00306598
0.000293066
0.00307715
0.000332665
0.00308845
0.000372445
0.00309988
0.00041239
0.00311144
0.000452486
0.000492717
0.00282121
-0.000859326
-0.00281304
0.0028294
-0.000834461
0.00283754
-0.000809065
0.00284572
-0.000782497
0.00285394
-0.000754667
0.00286217
-0.000726312
0.00287043
-0.000697554
0.00287873
-0.000668269
0.00288707
-0.000638433
0.00289545
-0.000608081
0.00290389
-0.000577235
0.00291237
-0.000545902
0.0029209
-0.000514093
0.00292949
-0.000481818
0.00293814
-0.000449091
0.00294684
-0.000415923
0.00295562
-0.000382324
0.00296446
-0.000348308
0.00297337
-0.000313887
0.00298236
-0.000279071
0.00299143
-0.000243875
0.00300058
-0.000208312
0.00300981
-0.000172395
0.00301913
-0.000136139
0.00302854
-9.95652e-05
0.00303802
-6.27064e-05
0.00304749
-2.56636e-05
0.00305742
1.1719e-05
0.00306731
5.00084e-05
0.00307731
8.82063e-05
0.00308744
0.000126595
0.00309771
0.000165211
0.00310813
0.000204048
0.00311869
0.000243096
0.00312941
0.000282345
0.0031403
0.000321782
0.00315135
0.000361394
0.00316257
0.000401166
0.00317397
0.000441085
0.000481136
0.00290985
-0.000866538
-0.00290264
0.00291712
-0.000841735
0.00292434
-0.000816283
0.00293158
-0.000789735
0.00293887
-0.000761956
0.00294619
-0.000733636
0.00295355
-0.000704915
0.00296096
-0.00067568
0.00296843
-0.0006459
0.00297596
-0.000615606
0.00298354
-0.000584821
0.00299119
-0.000553554
0.00299892
-0.000521814
0.00300671
-0.000489613
0.00301458
-0.000456963
0.00302253
-0.000423875
0.00303057
-0.000390362
0.0030387
-0.000356434
0.00304692
-0.000322105
0.00305523
-0.000287387
0.00306365
-0.000252291
0.00307217
-0.000216832
0.0030808
-0.000181022
0.00308953
-0.000144873
0.00309837
-0.000108402
0.00310728
-7.16241e-05
0.00311622
-3.45957e-05
0.00312582
2.11888e-06
0.00313518
4.06463e-05
0.00314473
7.8652e-05
0.00315445
0.00011688
0.00316433
0.000155333
0.00317437
0.000194
0.0031846
0.000232871
0.00319501
0.000271935
0.00320561
0.000311183
0.00321641
0.000350598
0.0032274
0.000390168
0.00323861
0.000429878
0.000469715
0.00299988
-0.000872772
-0.00299365
0.00300621
-0.000848062
0.00301249
-0.000822566
0.00301879
-0.000796039
0.00302516
-0.000768321
0.00303158
-0.000740054
0.00303805
-0.000711385
0.00304458
-0.000682213
0.00305118
-0.000652503
0.00305786
-0.000622283
0.00306462
-0.000591576
0.00307145
-0.000560393
0.00307838
-0.000528741
0.0030854
-0.000496632
0.00309251
-0.000464079
0.00309973
-0.000431093
0.00310706
-0.000397685
0.00311449
-0.000363868
0.00312204
-0.000329655
0.00312971
-0.000295056
0.0031375
-0.000260085
0.00314542
-0.000224754
0.00315348
-0.000189077
0.00316167
-0.000153067
0.00317001
-0.00011674
0.0031785
-8.01187e-05
0.00318716
-4.32553e-05
0.00319574
-6.45421e-06
0.00320483
3.15548e-05
0.00321401
6.94682e-05
0.00322337
0.000107526
0.0032329
0.000145796
0.00324263
0.000184274
0.00325255
0.000222949
0.00326268
0.00026181
0.00327302
0.000300845
0.00328357
0.000340042
0.00329435
0.000379386
0.00330537
0.000418863
0.00045846
0.00309134
-0.000878032
-0.00308608
0.00309671
-0.000853433
0.00310206
-0.000827912
0.00310743
-0.000801412
0.00311288
-0.000773768
0.0031184
-0.000745571
0.00312398
-0.000716971
0.00312965
-0.000687877
0.0031354
-0.000658253
0.00314124
-0.000628124
0.00314717
-0.000597513
0.00315321
-0.000566431
0.00315936
-0.000534886
0.00316562
-0.00050289
0.00317199
-0.000470454
0.00317849
-0.000437591
0.00318512
-0.000404312
0.00319188
-0.000370628
0.00319877
-0.000336553
0.00320582
-0.000302098
0.00321301
-0.000267275
0.00322035
-0.000232098
0.00322785
-0.00019658
0.00323552
-0.000160735
0.00324336
-0.000124579
0.00325137
-8.8132e-05
0.00325955
-5.14327e-05
0.00326774
-1.46373e-05
0.00327642
2.28721e-05
0.00328523
6.06566e-05
0.00329423
9.85295e-05
0.00330343
0.000136594
0.00331284
0.000174859
0.00332248
0.000213314
0.00333234
0.000251948
0.00334243
0.000290749
0.00335277
0.000329705
0.00336336
0.000368802
0.00337419
0.000408025
0.000447361
0.00318428
-0.000882324
-0.00317999
0.0031887
-0.000857849
0.00319311
-0.000832321
0.00319755
-0.00080586
0.00320209
-0.000778304
0.00320671
-0.000750195
0.00321142
-0.00072168
0.00321623
-0.00069268
0.00322113
-0.000663159
0.00322615
-0.000633139
0.00323128
-0.000602643
0.00323653
-0.000571682
0.00324191
-0.000540264
0.00324742
-0.000508401
0.00325307
-0.000476104
0.00325886
-0.000443385
0.00326481
-0.000410257
0.00327091
-0.000376729
0.00327717
-0.000342816
0.0032836
-0.000308528
0.0032902
-0.000273878
0.00329698
-0.000238879
0.00330395
-0.000203545
0.0033111
-0.000167888
0.00331845
-0.000131924
0.00332599
-9.56725e-05
0.00333372
-5.91613e-05
0.00334156
-2.24838e-05
0.00334985
1.45811e-05
0.00335829
5.2221e-05
0.00336694
8.98789e-05
0.00337582
0.000127712
0.00338494
0.000165737
0.00339431
0.000203947
0.00340393
0.00024233
0.0034138
0.000280875
0.00342394
0.000319568
0.00343435
0.000358396
0.00344503
0.000397345
0.0004364
0.00327875
-0.000885652
-0.00327543
0.00328221
-0.000861311
0.00328569
-0.000835796
0.00328922
-0.000809388
0.00329285
-0.000781934
0.00329658
-0.000753931
0.00330042
-0.00072552
0.00330437
-0.000696631
0.00330845
-0.000667231
0.00331265
-0.00063734
0.00331698
-0.000606978
0.00332146
-0.000576157
0.00332608
-0.000544887
0.00333086
-0.000513178
0.0033358
-0.000481042
0.0033409
-0.00044849
0.00334618
-0.000415534
0.00335163
-0.000382185
0.00335727
-0.000348457
0.00336311
-0.00031436
0.00336913
-0.000279906
0.00337536
-0.00024511
0.0033818
-0.000209982
0.00338845
-0.000174537
0.00339531
-0.000138789
0.0034024
-0.000102754
0.00340969
-6.64584e-05
0.00341717
-2.99636e-05
0.00342513
6.62067e-06
0.0034332
4.41594e-05
0.00344151
8.15669e-05
0.00345008
0.000119138
0.00345892
0.000156896
0.00346804
0.000194835
0.00347742
0.000232943
0.00348709
0.000271207
0.00349704
0.000309615
0.00350728
0.000348153
0.00351782
0.000386807
0.000425562
0.00337481
-0.00088802
-0.00337244
0.00337732
-0.000863819
0.00337986
-0.000838338
0.00338247
-0.000812001
0.0033852
-0.000784665
0.00338806
-0.000756786
0.00339104
-0.000728498
0.00339414
-0.000699739
0.00339739
-0.00067048
0.00340079
-0.000640735
0.00340434
-0.000610528
0.00340805
-0.000579869
0.00341193
-0.000548767
0.00341599
-0.000517234
0.00342022
-0.00048528
0.00342465
-0.000452917
0.00342927
-0.000420156
0.0034341
-0.00038701
0.00343913
-0.000353489
0.00344438
-0.000319606
0.00344984
-0.000285373
0.00345554
-0.000250802
0.00346146
-0.000215906
0.00346762
-0.000180697
0.00347402
-0.000145187
0.00348065
-0.00010939
0.00348752
-7.33195e-05
0.00349456
-3.70131e-05
0.00350227
-1.08607e-06
0.00350995
3.64809e-05
0.00351794
7.35729e-05
0.00352623
0.000110855
0.0035348
0.000148325
0.00354366
0.00018597
0.00355283
0.000223778
0.0035623
0.000261739
0.00357207
0.00029984
0.00358216
0.000338066
0.00359256
0.000376403
0.000414836
0.00347249
-0.00088943
-0.00347108
0.00347405
-0.000865378
0.00347566
-0.000839951
0.00347736
-0.000813704
0.0034792
-0.000786504
0.00348118
-0.000758767
0.00348331
-0.000730621
0.00348558
-0.000702013
0.00348801
-0.000672913
0.00349061
-0.000643336
0.00349339
-0.000613304
0.00349635
-0.000582828
0.0034995
-0.000551916
0.00350284
-0.00052058
0.00350639
-0.00048883
0.00351016
-0.000456678
0.00351414
-0.000424136
0.00351834
-0.000391214
0.00352278
-0.000357925
0.00352745
-0.00032428
0.00353237
-0.000290291
0.00353754
-0.000255971
0.00354296
-0.000221331
0.00354865
-0.000186385
0.00355461
-0.000151146
0.00356085
-0.00011563
0.00356738
-7.98568e-05
0.00357424
-4.38687e-05
0.00358101
-7.85839e-06
0.0035885
2.89913e-05
0.00359622
6.58572e-05
0.00360423
0.000102841
0.00361256
0.000140001
0.00362119
0.000177332
0.00363015
0.000214824
0.00363942
0.000252461
0.00364903
0.000290233
0.00365897
0.000328126
0.00366925
0.000366125
0.000404217
0.00357184
-0.000889886
-0.00357138
0.00357245
-0.00086599
0.00357314
-0.00084064
0.00357393
-0.000814502
0.00357489
-0.000787456
0.003576
-0.000759881
0.00357728
-0.000731898
0.00357872
-0.00070346
0.00358035
-0.00067454
0.00358217
-0.000645153
0.00358418
-0.000615317
0.0035864
-0.000585044
0.00358883
-0.000554345
0.00359147
-0.000523228
0.00359435
-0.000491704
0.00359746
-0.000459786
0.00360081
-0.000427485
0.0036044
-0.000394811
0.00360825
-0.000361776
0.00361237
-0.000328392
0.00361674
-0.000294671
0.0036214
-0.000260624
0.00362633
-0.000226265
0.00363155
-0.000191605
0.00363707
-0.000156659
0.00364288
-0.000121442
0.00364899
-8.59692e-05
0.00365539
-5.02709e-05
0.003662
-1.4464e-05
0.00366912
2.18744e-05
0.00367652
5.84478e-05
0.00368425
9.51153e-05
0.00369231
0.000131944
0.0037007
0.000168938
0.00370944
0.000206087
0.00371852
0.000243378
0.00372796
0.000280798
0.00373775
0.000318335
0.0037479
0.000355974
0.000393703
0.00367288
-0.000889389
-0.00367338
0.00367255
-0.00086566
0.00367232
-0.000840409
0.00367222
-0.000814402
0.00367229
-0.000787529
0.00367255
-0.000760136
0.00367299
-0.000732337
0.00367362
-0.00070409
0.00367445
-0.000675372
0.00367549
-0.000646194
0.00367675
-0.000616577
0.00367824
-0.00058653
0.00367996
-0.000556064
0.00368192
-0.000525188
0.00368413
-0.000493914
0.00368659
-0.000462252
0.00368932
-0.000430213
0.00369232
-0.00039781
0.00369559
-0.000365052
0.00369915
-0.000331952
0.00370301
-0.000298521
0.00370715
-0.000264771
0.0037116
-0.000230715
0.00371636
-0.000196365
0.00372144
-0.000161733
0.00372683
-0.000126834
0.00373254
-9.16842e-05
0.00373858
-5.63066e-05
0.00374489
-2.07752e-05
0.00375168
1.50869e-05
0.00375877
5.13505e-05
0.00376622
8.76721e-05
0.00377402
0.000124147
0.00378217
0.000160779
0.0037907
0.000197562
0.00379959
0.000234483
0.00380886
0.00027153
0.00381851
0.000308689
0.00382853
0.000345948
0.000383291
0.00377566
-0.000887945
-0.00377711
0.00377439
-0.000864393
0.00377325
-0.000839266
0.00377226
-0.000813411
0.00377146
-0.000786731
0.00377087
-0.000759541
0.00377047
-0.000731947
0.0037703
-0.000703913
0.00377034
-0.000675417
0.00377062
-0.000646472
0.00377114
-0.000617093
0.0037719
-0.000587295
0.00377292
-0.000557084
0.00377421
-0.000526472
0.00377576
-0.000495468
0.00377759
-0.000464085
0.00377971
-0.000432332
0.00378212
-0.000400221
0.00378484
-0.000367763
0.00378785
-0.00033497
0.00379118
-0.000301852
0.00379483
-0.000268421
0.00379881
-0.00023469
0.00380311
-0.00020067
0.00380776
-0.000166375
0.00381274
-0.000131817
0.00381807
-9.7011e-05
0.00382374
-6.19792e-05
0.00382973
-2.67712e-05
0.00383623
8.59316e-06
0.00384302
4.45604e-05
0.00385018
8.05103e-05
0.00385772
0.000116604
0.00386565
0.000152853
0.00387396
0.000189247
0.00388267
0.000225776
0.00389177
0.000262427
0.00390127
0.000299188
0.00391118
0.000336044
0.000372982
0.00388021
-0.000885558
-0.00388259
0.00387801
-0.000862196
0.00387596
-0.000837216
0.00387409
-0.000811536
0.00387243
-0.000785069
0.00387099
-0.000758104
0.00386978
-0.000730737
0.0038688
-0.000702937
0.00386807
-0.000674686
0.00386759
-0.000645994
0.00386738
-0.000616878
0.00386743
-0.000587348
0.00386776
-0.000557416
0.00386838
-0.000527089
0.00386929
-0.000496379
0.0038705
-0.000465296
0.00387202
-0.000433851
0.00387386
-0.000402055
0.00387601
-0.000369919
0.0038785
-0.000337454
0.00388132
-0.000304671
0.00388448
-0.000271582
0.00388799
-0.000238198
0.00389185
-0.000204531
0.00389606
-0.000170593
0.00390064
-0.000136396
0.00390559
-0.000101954
0.00391089
-6.72831e-05
0.00391654
-3.24187e-05
0.0039228
2.33502e-06
0.00392927
3.80844e-05
0.00393616
7.36223e-05
0.00394345
0.000109312
0.00395115
0.000145154
0.00395926
0.000181139
0.00396778
0.000217254
0.00397672
0.000253489
0.00398608
0.000289829
0.00399586
0.000326263
0.000362775
0.00398656
-0.000882237
-0.00398988
0.00398344
-0.000859076
0.00398049
-0.000834269
0.00397774
-0.000808786
0.00397523
-0.000782555
0.00397296
-0.000755835
0.00397094
-0.000728717
0.00396917
-0.000701174
0.00396768
-0.000673189
0.00396646
-0.000644772
0.00396552
-0.000615939
0.00396487
-0.000586702
0.00396452
-0.000557069
0.00396448
-0.00052705
0.00396476
-0.000496655
0.00396536
-0.000465895
0.00396629
-0.00043478
0.00396755
-0.000403321
0.00396916
-0.000371529
0.00397112
-0.000339414
0.00397344
-0.000306988
0.00397612
-0.000274263
0.00397917
-0.000241248
0.0039826
-0.000207956
0.0039864
-0.0001744
0.0039906
-0.00014059
0.00399518
-0.000106541
0.00400017
-7.22674e-05
0.00400555
-3.78014e-05
0.00401128
-3.40006e-06
0.00401752
3.18479e-05
0.00402416
6.69866e-05
0.00403121
0.000102256
0.00403869
0.000137672
0.00404661
0.000173228
0.00405495
0.000208911
0.00406373
0.00024471
0.00407295
0.000280611
0.00408261
0.000316602
0.000352669
0.00409475
-0.000877988
-0.004099
0.00409072
-0.000855044
0.00408688
-0.000830433
0.00408327
-0.000805172
0.00407991
-0.000779197
0.00407682
-0.000752744
0.004074
-0.000725896
0.00407145
-0.000698632
0.0040692
-0.000670935
0.00406724
-0.000642815
0.00406559
-0.000614288
0.00406426
-0.000585364
0.00406324
-0.000556053
0.00406255
-0.000526363
0.0040622
-0.000496306
0.0040622
-0.00046589
0.00406255
-0.000435127
0.00406325
-0.000404027
0.00406432
-0.0003726
0.00406577
-0.000340858
0.00406759
-0.000308811
0.0040698
-0.00027647
0.0040724
-0.000243847
0.00407539
-0.000210953
0.00407879
-0.0001778
0.0040826
-0.0001444
0.00408683
-0.000110766
0.00409148
-7.69152e-05
0.00409655
-4.28718e-05
0.00410191
-8.76351e-06
0.00410788
2.58807e-05
0.00411426
6.06044e-05
0.00412108
9.54374e-05
0.00412834
0.00013041
0.00413605
0.000165517
0.00414422
0.000200748
0.00415283
0.000236091
0.00416191
0.000271533
0.00417145
0.000307061
0.000342663
0.00420482
-0.000872821
-0.00420999
0.00419989
-0.000850109
0.00419517
-0.000825718
0.0041907
-0.000800702
0.00418651
-0.000775004
0.00418261
-0.00074884
0.004179
-0.000722285
0.00417568
-0.000695321
0.00417268
-0.000667934
0.00417
-0.000640134
0.00416765
-0.000611934
0.00416563
-0.000583345
0.00416395
-0.000554377
0.00416263
-0.000525039
0.00416166
-0.00049534
0.00416106
-0.00046529
0.00416084
-0.0004349
0.00416099
-0.00040418
0.00416153
-0.000373141
0.00416247
-0.000341793
0.0041638
-0.000310146
0.00416554
-0.000278212
0.0041677
-0.000246001
0.00417027
-0.000213526
0.00417326
-0.000180797
0.00417669
-0.000147826
0.00418055
-0.000114627
0.00418485
-8.12134e-05
0.00418958
-4.76068e-05
0.00419471
-1.38857e-05
0.00420038
2.02057e-05
0.0042065
5.4485e-05
0.00421308
8.88604e-05
0.00422012
0.000123368
0.00422763
0.000158007
0.00423561
0.000192765
0.00424407
0.000227632
0.00425301
0.000262595
0.00426243
0.000297641
0.000332758
0.00431682
-0.000866745
-0.00432289
0.00431099
-0.000844281
0.00430541
-0.000820136
0.00430009
-0.000795387
0.00429508
-0.000769989
0.00429037
-0.000744135
0.00428598
-0.000717894
0.00428191
-0.000691252
0.00427817
-0.000664197
0.00427478
-0.000636737
0.00427173
-0.000608886
0.00426904
-0.000580654
0.00426671
-0.000552051
0.00426476
-0.000523085
0.00426318
-0.000493765
0.004262
-0.000464103
0.0042612
-0.000434108
0.00426081
-0.000403789
0.00426083
-0.000373158
0.00426126
-0.000342224
0.00426212
-0.000310999
0.0042634
-0.000279492
0.00426511
-0.000247715
0.00426726
-0.000215678
0.00426986
-0.000183394
0.00427291
-0.000150873
0.00427641
-0.000118128
0.00428036
-8.5172e-05
0.00428478
-5.20246e-05
0.00428964
-1.87381e-05
0.00429503
1.4807e-05
0.00430089
4.86263e-05
0.00430723
8.25219e-05
0.00431405
0.000116546
0.00432137
0.000150695
0.00432917
0.000184961
0.00433747
0.000219332
0.00434627
0.000253795
0.00435557
0.000288341
0.000322954
0.00443079
-0.000859771
-0.00443776
0.00442408
-0.000837571
0.00441764
-0.000813695
0.00441149
-0.000789238
0.00440566
-0.00076416
0.00440016
-0.000738637
0.004395
-0.000712733
0.00439018
-0.000686435
0.00438572
-0.000659732
0.00438162
-0.000632634
0.00437788
-0.000605153
0.00437453
-0.000577299
0.00437156
-0.000549082
0.00436898
-0.000520509
0.00436681
-0.000491591
0.00436504
-0.000462337
0.00436369
-0.000432757
0.00436276
-0.000402861
0.00436226
-0.000372658
0.0043622
-0.00034216
0.00436258
-0.000311376
0.0043634
-0.000280317
0.00436468
-0.000248993
0.00436642
-0.000217416
0.00436862
-0.000185595
0.00437129
-0.000153544
0.00437444
-0.000121273
0.00437806
-8.87962e-05
0.00438216
-5.61289e-05
0.00438674
-2.33102e-05
0.00439187
9.6705e-06
0.00439747
4.30247e-05
0.00440358
7.64206e-05
0.00441018
0.000109939
0.0044173
0.00014358
0.00442493
0.000177333
0.00443307
0.000211188
0.00444173
0.000245134
0.00445091
0.000279158
0.000313248
0.00454678
-0.000851909
-0.00455464
0.0045392
-0.00082999
0.00453191
-0.000806408
0.00452494
-0.000782264
0.00451831
-0.000757528
0.00451203
-0.000732358
0.00450611
-0.000706811
0.00450055
-0.000680877
0.00449537
-0.000654549
0.00449057
-0.000627834
0.00448616
-0.000600744
0.00448215
-0.000573289
0.00447854
-0.000545478
0.00447535
-0.00051732
0.00447259
-0.000488823
0.00447025
-0.000459998
0.00446834
-0.000430854
0.00446688
-0.0004014
0.00446587
-0.000371647
0.00446532
-0.000341605
0.00446522
-0.000311282
0.0044656
-0.000280691
0.00446645
-0.000249841
0.00446777
-0.000218742
0.00446958
-0.000187406
0.00447188
-0.000155844
0.00447468
-0.000124067
0.00447797
-9.20886e-05
0.00448177
-5.99248e-05
0.00448606
-2.76055e-05
0.00449096
4.77586e-06
0.0044963
3.76836e-05
0.00450216
7.05619e-05
0.00450854
0.000103552
0.00451546
0.000136661
0.00452291
0.000169881
0.0045309
0.000203201
0.00453943
0.00023661
0.00454849
0.000270094
0.000303642
0.00466485
-0.00084317
-0.00467359
0.00465641
-0.000821549
0.00464829
-0.000798284
0.0046405
-0.000774476
0.00463307
-0.000750103
0.00462602
-0.000725305
0.00461935
-0.000700137
0.00461306
-0.00067459
0.00460717
-0.000648656
0.00460168
-0.000622344
0.0045966
-0.000595666
0.00459194
-0.000568631
0.00458771
-0.000541247
0.00458391
-0.000513524
0.00458056
-0.000485469
0.00457765
-0.000457093
0.00457521
-0.000428405
0.00457322
-0.000399415
0.0045717
-0.000370131
0.00457066
-0.000340564
0.00457011
-0.000310724
0.00457003
-0.00028062
0.00457046
-0.000250263
0.00457138
-0.000219663
0.0045728
-0.000188831
0.00457473
-0.000157776
0.00457718
-0.000126508
0.00458013
-9.50389e-05
0.00458358
-6.33784e-05
0.00458752
-3.15493e-05
0.00459234
-3.75926e-08
0.00459739
3.26317e-05
0.00460301
6.49363e-05
0.00460919
9.73766e-05
0.00461591
0.000129938
0.00462319
0.000162606
0.00463102
0.000195371
0.0046394
0.000228222
0.00464835
0.000261147
0.000294135
0.00478505
-0.000833564
-0.00479465
0.00477576
-0.000812259
0.00476681
-0.000789333
0.00475822
-0.000765884
0.00475001
-0.000741894
0.00474219
-0.00071749
0.00473477
-0.00069272
0.00472776
-0.00066758
0.00472117
-0.000642062
0.004715
-0.000616174
0.00470926
-0.000589928
0.00470396
-0.000563332
0.00469911
-0.000536396
0.00469471
-0.000509127
0.00469078
-0.000481535
0.00468732
-0.000453629
0.00468433
-0.000425417
0.00468182
-0.000396909
0.00467981
-0.000368115
0.00467829
-0.000339044
0.00467727
-0.000309706
0.00467676
-0.00028011
0.00467676
-0.000250267
0.00467728
-0.000220187
0.00467833
-0.000189879
0.00467991
-0.000159356
0.00468203
-0.000128627
0.0046847
-9.77056e-05
0.00468792
-6.66054e-05
0.00469172
-3.53496e-05
0.00469576
-4.06829e-06
0.00470066
2.77274e-05
0.00470608
5.95129e-05
0.00471207
9.13943e-05
0.00471862
0.000123388
0.00472573
0.000155489
0.00473342
0.000187684
0.00474168
0.000219962
0.00475052
0.000252312
0.000284721
0.00490743
-0.000823102
-0.0049179
0.0048973
-0.000802129
0.00488754
-0.000779565
0.00487815
-0.000756497
0.00486917
-0.00073291
0.0048606
-0.000708919
0.00485244
-0.000684569
0.00484472
-0.000659855
0.00483743
-0.000634773
0.00483059
-0.000609329
0.00482419
-0.000583535
0.00481826
-0.0005574
0.0048128
-0.000530931
0.00480781
-0.000504137
0.0048033
-0.000477027
0.00479928
-0.00044961
0.00479576
-0.000421894
0.00479274
-0.000393889
0.00479022
-0.000365604
0.00478823
-0.000337048
0.00478675
-0.000308232
0.00478581
-0.000279163
0.00478539
-0.000249854
0.00478552
-0.000220312
0.00478619
-0.000190549
0.00478741
-0.000160575
0.00478918
-0.000130401
0.00479151
-0.000100037
0.00479441
-6.94967e-05
0.00479785
-3.8797e-05
0.00480181
-8.02195e-06
0.00480643
2.31059e-05
0.00481162
5.43159e-05
0.0048174
8.56212e-05
0.00482375
0.000117033
0.00483069
0.000148547
0.00483823
0.000180153
0.00484635
0.000211838
0.00485507
0.000243593
0.000275406
0.00503206
-0.000811793
-0.00504337
0.0050211
-0.000791171
0.00501053
-0.000768991
0.00500036
-0.000746323
0.00499061
-0.000723159
0.00498129
-0.000699602
0.00497241
-0.000675692
0.00496398
-0.000651424
0.004956
-0.000626797
0.00494849
-0.000601818
0.00494145
-0.000576495
0.00493489
-0.000550839
0.00492882
-0.000524857
0.00492324
-0.000498558
0.00491816
-0.00047195
0.00491359
-0.000445041
0.00490954
-0.000417841
0.00490601
-0.000390358
0.00490301
-0.000362602
0.00490054
-0.000334581
0.00489861
-0.000306305
0.00489723
-0.000277783
0.00489641
-0.000249026
0.00489614
-0.000220042
0.00489643
-0.000190842
0.00489729
-0.000161436
0.00489872
-0.000131834
0.00490073
-0.000102047
0.00490332
-7.20866e-05
0.00490649
-4.19688e-05
0.00491022
-1.17463e-05
0.00491459
1.87372e-05
0.00491955
4.93534e-05
0.00492511
8.00589e-05
0.00493128
0.000110868
0.00493805
0.000141776
0.00494543
0.000172773
0.00495342
0.000203848
0.00496202
0.00023499
0.000266187
0.005159
-0.000799646
-0.00517114
0.00514722
-0.000779393
0.00513585
-0.000757617
0.00512489
-0.000735372
0.00511439
-0.000712651
0.00510433
-0.000689546
0.00509473
-0.000666094
0.0050856
-0.000642293
0.00507695
-0.000618141
0.00506877
-0.000593645
0.00506109
-0.000568814
0.00505391
-0.000543657
0.00504723
-0.000518181
0.00504107
-0.000492396
0.00503543
-0.000466308
0.00503032
-0.000439928
0.00502574
-0.000413262
0.0050217
-0.00038632
0.00501821
-0.000359112
0.00501527
-0.000331645
0.0050129
-0.000303929
0.00501109
-0.000275973
0.00500985
-0.000247787
0.00500918
-0.000219379
0.0050091
-0.000190761
0.00500961
-0.000161941
0.00501071
-0.000132931
0.0050124
-0.000103739
0.00501469
-7.43776e-05
0.00501758
-4.48609e-05
0.00502106
-1.52262e-05
0.00502519
1.46096e-05
0.00502992
4.46164e-05
0.00503528
7.47029e-05
0.00504126
0.000104891
0.00504786
0.000135174
0.00505509
0.000165544
0.00506295
0.000195989
0.00507144
0.000226499
0.000257063
0.0052883
-0.00078667
-0.00530127
0.00527571
-0.000766804
0.00526354
-0.000745454
0.00525182
-0.000723651
0.00524056
-0.000701391
0.00522977
-0.000678758
0.00521946
-0.000655784
0.00520964
-0.000632469
0.00520031
-0.000608811
0.00519148
-0.000584817
0.00518317
-0.000560496
0.00517537
-0.000535857
0.00516809
-0.000510907
0.00516135
-0.000485655
0.00515515
-0.000460107
0.00514949
-0.000434273
0.00514439
-0.000408161
0.00513985
-0.00038178
0.00513588
-0.000355138
0.00513248
-0.000328243
0.00512966
-0.000301106
0.00512742
-0.000273735
0.00512577
-0.000246138
0.00512472
-0.000218327
0.00512426
-0.000190309
0.00512442
-0.000162094
0.00512518
-0.000133693
0.00512656
-0.000105116
0.00512855
-7.63722e-05
0.00513117
-4.74764e-05
0.0051344
-1.84561e-05
0.00513829
1.07186e-05
0.0051428
4.01016e-05
0.00514795
6.95513e-05
0.00515375
9.9099e-05
0.00516018
0.000128739
0.00516726
0.000158464
0.00517499
0.000188261
0.00518337
0.000218122
0.000248035
0.00542002
-0.000772875
-0.00543382
0.00540663
-0.000753412
0.00539369
-0.000732509
0.0053812
-0.000711167
0.0053692
-0.000689388
0.00535769
-0.000667245
0.00534667
-0.000644768
0.00533616
-0.000621957
0.00532616
-0.000598812
0.00531668
-0.00057534
0.00530773
-0.000551548
0.00529932
-0.000527445
0.00529145
-0.00050304
0.00528414
-0.000478339
0.00527738
-0.00045335
0.00527119
-0.000428082
0.00526557
-0.000402542
0.00526053
-0.00037674
0.00525607
-0.000350683
0.00525221
-0.00032438
0.00524894
-0.00029784
0.00524628
-0.000271072
0.00524423
-0.000244084
0.00524279
-0.000216886
0.00524196
-0.000189487
0.00524177
-0.000161897
0.0052422
-0.000134124
0.00524326
-0.000106179
0.00524496
-7.80725e-05
0.0052473
-4.98162e-05
0.00525028
-2.14331e-05
0.00525394
7.05918e-06
0.00525823
3.58083e-05
0.00526318
6.46025e-05
0.00526879
9.34918e-05
0.00527506
0.000122471
0.00528199
0.000151531
0.00528959
0.000180663
0.00529785
0.000209856
0.000239099
0.00555424
-0.000758268
-0.00556885
0.00554005
-0.000739227
0.00552633
-0.000718788
0.0055131
-0.000697928
0.00550035
-0.000676647
0.00548812
-0.000655013
0.00547641
-0.000633051
0.00546521
-0.000610764
0.00545455
-0.00058815
0.00544443
-0.000565217
0.00543485
-0.000541973
0.00542583
-0.000518426
0.00541738
-0.000494583
0.00540949
-0.000470452
0.00540218
-0.00044604
0.00539545
-0.000421356
0.00538932
-0.000396408
0.00538378
-0.000371203
0.00537885
-0.00034575
0.00537453
-0.000320057
0.00537082
-0.000294133
0.00536773
-0.000267986
0.00536528
-0.000241626
0.00536345
-0.00021506
0.00536226
-0.000188299
0.00536171
-0.00016135
0.00536182
-0.000134225
0.00536257
-0.000106931
0.00536397
-7.94801e-05
0.00536604
-5.18833e-05
0.00536877
-2.41592e-05
0.0053722
3.62229e-06
0.00537628
3.17379e-05
0.00538102
5.98594e-05
0.00538644
8.80702e-05
0.00539254
0.000116368
0.00539933
0.000144746
0.0054068
0.000173194
0.00541495
0.0002017
0.000230255
0.00569102
-0.000742856
-0.00570643
0.00567604
-0.000724254
0.00566156
-0.0007043
0.00564757
-0.00068394
0.0056341
-0.000663176
0.00562115
-0.000642067
0.00560874
-0.000620639
0.00559687
-0.000598893
0.00558555
-0.000576829
0.00557478
-0.000554454
0.00556459
-0.000531776
0.00555496
-0.000508802
0.00554592
-0.00048554
0.00553747
-0.000461998
0.00552961
-0.000438182
0.00552235
-0.0004141
0.0055157
-0.000389761
0.00550967
-0.000365172
0.00550427
-0.000340341
0.00549949
-0.000315277
0.00549534
-0.000289987
0.00549183
-0.00026448
0.00548897
-0.000238765
0.00548676
-0.000212851
0.00548521
-0.000186745
0.00548432
-0.000160457
0.00548409
-0.000133995
0.00548453
-0.000107369
0.00548563
-8.05885e-05
0.00548741
-5.36625e-05
0.00548986
-2.66075e-05
0.00549314
3.41628e-07
0.00549698
2.78983e-05
0.00550153
5.53166e-05
0.00550677
8.28299e-05
0.0055127
0.000110431
0.00551934
0.000138108
0.00552668
0.000165852
0.00553473
0.000193654
0.000221503
0.00583042
-0.000726646
-0.00584663
0.00581467
-0.0007085
0.00579942
-0.00068905
0.00578469
-0.000669208
0.00577049
-0.000648978
0.00575684
-0.000628414
0.00574373
-0.000607537
0.00573119
-0.00058635
0.00571921
-0.000564853
0.00570782
-0.000543054
0.005697
-0.00052096
0.00568677
-0.000498578
0.00567715
-0.000475915
0.00566813
-0.000452979
0.00565973
-0.000429777
0.00565194
-0.000406316
0.00564479
-0.000382605
0.00563826
-0.00035865
0.00563238
-0.00033446
0.00562715
-0.000310042
0.00562257
-0.000285405
0.00561864
-0.000260557
0.00561538
-0.000235507
0.0056128
-0.000210261
0.00561088
-0.000184831
0.00560965
-0.000159223
0.0056091
-0.000133447
0.00560924
-0.000107512
0.00561008
-8.1427e-05
0.00561162
-5.52033e-05
0.00561387
-2.88553e-05
0.00561669
-2.47992e-06
0.00562035
2.42403e-05
0.0056247
5.09608e-05
0.00562977
7.77623e-05
0.00563556
0.000104646
0.00564206
0.000131606
0.00564928
0.00015863
0.00565722
0.000185711
0.000212837
0.00597252
-0.000709645
-0.00598952
0.005956
-0.000691973
0.00593999
-0.000673044
0.00592452
-0.000653738
0.0059096
-0.00063406
0.00589525
-0.000614057
0.00588146
-0.000593749
0.00586825
-0.000573138
0.00585562
-0.000552227
0.00584359
-0.000531022
0.00583216
-0.000509529
0.00582133
-0.000487756
0.00581113
-0.000465711
0.00580155
-0.000443399
0.0057926
-0.000420829
0.00578429
-0.000398007
0.00577663
-0.000374941
0.00576962
-0.000351639
0.00576327
-0.000328107
0.00575758
-0.000304355
0.00575256
-0.000280389
0.00574822
-0.000256218
0.00574457
-0.00023185
0.0057416
-0.000207293
0.00573932
-0.000182555
0.00573774
-0.000157645
0.00573687
-0.000132572
0.0057367
-0.000107344
0.00573725
-8.19705e-05
0.0057385
-5.64614e-05
0.00574048
-3.08291e-05
0.00574313
-5.13185e-06
0.00574656
2.08076e-05
0.00575072
4.68005e-05
0.00575561
7.28724e-05
0.00576123
9.90234e-05
0.00576759
0.000125247
0.00577469
0.000151534
0.00578253
0.000177874
0.000204259
0.0061174
-0.000691858
-0.00613518
0.0061001
-0.000674677
0.00608334
-0.000656288
0.00606714
-0.000637536
0.00605151
-0.000618426
0.00603645
-0.000599001
0.00602198
-0.000579279
0.00600811
-0.000559262
0.00599483
-0.000538954
0.00598217
-0.000518359
0.00597013
-0.000497486
0.00595871
-0.00047634
0.00594793
-0.000454929
0.00593779
-0.00043326
0.0059283
-0.000411339
0.00591947
-0.000389174
0.0059113
-0.000366772
0.0059038
-0.00034414
0.00589698
-0.000321285
0.00589084
-0.000298216
0.00588539
-0.00027494
0.00588064
-0.000251464
0.00587658
-0.000227796
0.00587324
-0.000203945
0.0058706
-0.000179919
0.00586868
-0.000155725
0.00586748
-0.000131373
0.00586701
-0.00010687
0.00586726
-8.2226e-05
0.00586825
-5.74498e-05
0.00586997
-3.25529e-05
0.00587242
-7.57336e-06
0.00587563
1.75935e-05
0.00587959
4.28398e-05
0.0058843
6.81619e-05
0.00588976
9.35607e-05
0.00589598
0.00011903
0.00590295
0.00014456
0.00591069
0.000170142
0.000195767
0.00626512
-0.000673292
-0.00628368
0.00624706
-0.000656618
0.00622956
-0.000638786
0.00621263
-0.000620605
0.00619628
-0.00060208
0.00618053
-0.00058325
0.00616538
-0.00056413
0.00615084
-0.000544725
0.00613693
-0.000525036
0.00612364
-0.00050507
0.00611098
-0.000484833
0.00609898
-0.000464332
0.00608762
-0.000443574
0.00607692
-0.000422564
0.00606689
-0.000401311
0.00605754
-0.00037982
0.00604887
-0.000358099
0.00604088
-0.000336155
0.00603359
-0.000313996
0.006027
-0.000291627
0.00602112
-0.000269058
0.00601596
-0.000246295
0.00601151
-0.000223347
0.00600778
-0.00020022
0.00600479
-0.000176923
0.00600252
-0.000153464
0.006001
-0.000129851
0.00600022
-0.000106092
0.00600019
-8.21952e-05
0.00600091
-5.81703e-05
0.00600239
-3.40276e-05
0.00600461
-9.79438e-06
0.00600761
1.45921e-05
0.00601138
3.90739e-05
0.00601591
6.36274e-05
0.00602122
8.82554e-05
0.00602729
0.000112951
0.00603415
0.000137706
0.00604178
0.000162512
0.000187359
0.00641577
-0.00065395
-0.00643511
0.00639695
-0.000637801
0.00637871
-0.000620543
0.00636105
-0.000602949
0.006344
-0.000585026
0.00632755
-0.000566807
0.00631173
-0.000548307
0.00629653
-0.00052953
0.00628198
-0.000510478
0.00626806
-0.000491157
0.0062548
-0.000471573
0.0062422
-0.000451734
0.00623028
-0.000431645
0.00621902
-0.000411313
0.00620846
-0.000390744
0.00619858
-0.000369946
0.00618941
-0.000348924
0.00618094
-0.000327686
0.00617318
-0.000306239
0.00616615
-0.00028459
0.00615983
-0.000262746
0.00615425
-0.000240715
0.00614941
-0.000218503
0.00614531
-0.000196119
0.00614195
-0.00017357
0.00613935
-0.000150863
0.00613751
-0.000128007
0.00613643
-0.00010501
0.00613611
-8.18798e-05
0.00613657
-5.86248e-05
0.00613779
-3.52552e-05
0.00613979
-1.17918e-05
0.00614258
1.18007e-05
0.00614616
3.55004e-05
0.00615052
5.92669e-05
0.00615567
8.31054e-05
0.00616161
0.00010701
0.00616834
0.000130971
0.00617587
0.000154982
0.000179033
0.00656943
-0.000633839
-0.00658954
0.00654986
-0.00061823
0.00653087
-0.000601562
0.0065125
-0.000584572
0.00649474
-0.000567266
0.00647761
-0.000549675
0.00646111
-0.000531811
0.00644526
-0.000513678
0.00643006
-0.00049528
0.00641553
-0.000476621
0.00640166
-0.000457708
0.00638848
-0.000438548
0.00637598
-0.000419145
0.00636417
-0.000399508
0.00635307
-0.000379642
0.00634268
-0.000359553
0.006333
-0.000339248
0.00632405
-0.000318734
0.00631582
-0.000298017
0.00630834
-0.000277105
0.0063016
-0.000256004
0.00629561
-0.000234722
0.00629037
-0.000213266
0.00628589
-0.000191642
0.00628218
-0.000169859
0.00627924
-0.000147923
0.00627708
-0.000125844
0.00627569
-0.000103627
0.0062751
-8.12812e-05
0.00627529
-5.88148e-05
0.00627627
-3.62371e-05
0.00627804
-1.35646e-05
0.00628062
9.21749e-06
0.00628401
3.21175e-05
0.0062882
5.50783e-05
0.00629319
7.8109e-05
0.006299
0.000101203
0.00630562
0.000124353
0.00631305
0.00014755
0.000170785
0.00672619
-0.000612961
-0.00674706
0.00670586
-0.000597909
0.00668615
-0.000581848
0.00666706
-0.000565477
0.00664859
-0.000548805
0.00663078
-0.000531857
0.00661361
-0.000514646
0.00659711
-0.000497174
0.00658127
-0.000479445
0.00656612
-0.000461465
0.00655165
-0.000443239
0.00653787
-0.000424775
0.0065248
-0.000406076
0.00651245
-0.000387151
0.00650081
-0.000368004
0.0064899
-0.000348642
0.00647972
-0.000329071
0.00647029
-0.000309299
0.0064616
-0.000289331
0.00645367
-0.000269173
0.0064465
-0.000248834
0.0064401
-0.000228319
0.00643447
-0.000207636
0.00642962
-0.000186791
0.00642555
-0.000165792
0.00642227
-0.000144646
0.00641979
-0.000123361
0.0064181
-0.000101943
0.00641722
-8.04006e-05
0.00641715
-5.87416e-05
0.00641789
-3.69745e-05
0.00641944
-1.51136e-05
0.00642181
6.84045e-06
0.00642501
2.89232e-05
0.00642903
5.106e-05
0.00643387
7.32641e-05
0.00643955
9.55293e-05
0.00644605
0.000117848
0.00645339
0.000140213
0.000162615
0.00688614
-0.000591321
-0.00690778
0.00686507
-0.000576842
0.00684462
-0.000561402
0.00682481
-0.000545668
0.00680565
-0.000529645
0.00678715
-0.000513356
0.00676932
-0.000496812
0.00675216
-0.000480017
0.00673569
-0.000462975
0.00671992
-0.00044569
0.00670484
-0.000428168
0.00669049
-0.000410416
0.00667685
-0.000392439
0.00666394
-0.000374242
0.00665177
-0.000355832
0.00664034
-0.000337215
0.00662967
-0.000318396
0.00661975
-0.000299382
0.0066106
-0.00028018
0.00660222
-0.000260796
0.00659462
-0.000241236
0.00658781
-0.000221506
0.00658179
-0.000201614
0.00657656
-0.000181567
0.00657214
-0.000161371
0.00656853
-0.000141033
0.00656573
-0.00012056
0.00656374
-9.99598e-05
0.00656258
-7.92393e-05
0.00656225
-5.84063e-05
0.00656274
-3.74688e-05
0.00656407
-1.6439e-05
0.00656624
4.66653e-06
0.00656925
2.59159e-05
0.0065731
4.72099e-05
0.00657779
6.85684e-05
0.00658334
8.9986e-05
0.00658973
0.000111455
0.00659698
0.000132969
0.000154518
0.00704938
-0.000568921
-0.00707178
0.00702756
-0.00055503
0.00700639
-0.000540229
0.00698587
-0.000525146
0.00696601
-0.000509787
0.00694683
-0.000494172
0.00692833
-0.000478312
0.00691052
-0.00046221
0.00689341
-0.00044587
0.00687702
-0.000429297
0.00686135
-0.000412496
0.00684641
-0.000395473
0.0068322
-0.000378233
0.00681874
-0.000360783
0.00680604
-0.000343127
0.00679409
-0.000325271
0.00678292
-0.000307222
0.00677252
-0.000288985
0.00676291
-0.000270567
0.00675409
-0.000251973
0.00674606
-0.00023321
0.00673884
-0.000214284
0.00673243
-0.000195202
0.00672683
-0.00017597
0.00672205
-0.000156595
0.0067181
-0.000137084
0.00671499
-0.000117442
0.0067127
-9.76783e-05
0.00671126
-7.77985e-05
0.00671067
-5.78102e-05
0.00671092
-3.77214e-05
0.00671202
-1.75424e-05
0.006714
2.69199e-06
0.00671682
2.30944e-05
0.0067205
4.35264e-05
0.00672505
6.40201e-05
0.00673047
8.45707e-05
0.00673675
0.000105171
0.00674391
0.000125814
0.000146492
0.007216
-0.000545764
-0.00723916
0.00719345
-0.000532477
0.00717155
-0.000518329
0.00715032
-0.000503912
0.00712976
-0.000489233
0.0071099
-0.000474308
0.00709074
-0.000459147
0.00707228
-0.000443754
0.00705454
-0.000428133
0.00703753
-0.000412287
0.00702126
-0.000396224
0.00700573
-0.000379946
0.00699096
-0.000363461
0.00697695
-0.000346773
0.00696371
-0.000329889
0.00695125
-0.000312812
0.00693958
-0.00029555
0.0069287
-0.000278107
0.00691863
-0.00026049
0.00690936
-0.000242705
0.00690091
-0.000224758
0.00689328
-0.000206654
0.00688647
-0.000188399
0.00688051
-0.000170002
0.00687538
-0.000151466
0.00687109
-0.000132799
0.00686766
-0.000114008
0.00686508
-9.50991e-05
0.00686336
-7.60786e-05
0.0068625
-5.69538e-05
0.00686251
-3.77319e-05
0.00686339
-1.84225e-05
0.00686518
9.05324e-07
0.00686782
2.04578e-05
0.00687134
4.00073e-05
0.00687574
5.96166e-05
0.00688103
7.9281e-05
0.00688721
9.89934e-05
0.00689428
0.000118747
0.000138534
0.00738613
-0.000521852
-0.00741005
0.00736284
-0.000509185
0.00734022
-0.000495705
0.00731827
-0.000481969
0.00729703
-0.000467984
0.00727648
-0.000453764
0.00725665
-0.000439319
0.00723755
-0.00042465
0.00721918
-0.000409763
0.00720155
-0.000394662
0.00718468
-0.000379351
0.00716857
-0.000363836
0.00715323
-0.000348122
0.00713867
-0.000332214
0.0071249
-0.000316118
0.00711193
-0.000299838
0.00709976
-0.00028338
0.0070884
-0.000266749
0.00707786
-0.000249952
0.00706815
-0.000232993
0.00705927
-0.000215879
0.00705123
-0.000198615
0.00704404
-0.000181207
0.0070377
-0.000163662
0.00703222
-0.000145985
0.0070276
-0.000128182
0.00702385
-0.00011026
0.00702098
-9.22251e-05
0.00701898
-7.40832e-05
0.00701787
-5.58413e-05
0.00701765
-3.75064e-05
0.00701831
-1.90869e-05
0.00701987
-6.57635e-07
0.00702233
1.79986e-05
0.00702569
3.66476e-05
0.00702996
5.53534e-05
0.00703512
7.41124e-05
0.0070412
9.29172e-05
0.00704819
0.000111762
0.000130638
0.00755988
-0.000497187
-0.00758454
0.00753584
-0.000485155
0.0075125
-0.000472358
0.00748985
-0.000459318
0.0074679
-0.000446042
0.00744668
-0.000432542
0.00742619
-0.000418826
0.00740644
-0.000404898
0.00738744
-0.000390761
0.00736919
-0.000376419
0.00735172
-0.000361878
0.00733503
-0.000347142
0.00731912
-0.000332216
0.00730401
-0.000317105
0.00728971
-0.000301814
0.00727622
-0.000286348
0.00726355
-0.000270712
0.00725171
-0.000254911
0.00724071
-0.000238951
0.00723056
-0.000222837
0.00722125
-0.000206575
0.00721281
-0.000190169
0.00720523
-0.000173627
0.00719852
-0.000156953
0.00719268
-0.000140153
0.00718774
-0.000123233
0.00718367
-0.000106199
0.00718051
-8.9058e-05
0.00717824
-7.18146e-05
0.00717687
-5.44757e-05
0.00717642
-3.70481e-05
0.00717687
-1.95395e-05
0.0071782
-1.98746e-06
0.00718048
1.57136e-05
0.00718369
3.34439e-05
0.00718781
5.12274e-05
0.00719286
6.9061e-05
0.00719884
8.69389e-05
0.00720575
0.000104855
0.000122801
0.00773735
-0.00047177
-0.00776277
0.00771258
-0.000460387
0.00768851
-0.000448288
0.00766515
-0.000435959
0.00764252
-0.000423406
0.00762062
-0.000410641
0.00759946
-0.000397671
0.00757906
-0.000384498
0.00755943
-0.000371127
0.00754057
-0.000357561
0.0075225
-0.000343806
0.00750522
-0.000329865
0.00748875
-0.000315744
0.00747309
-0.000301447
0.00745825
-0.000286978
0.00744425
-0.000272343
0.00743108
-0.000257546
0.00741876
-0.000242593
0.0074073
-0.000227488
0.0073967
-0.000212237
0.00738697
-0.000196845
0.00737812
-0.000181316
0.00737015
-0.000165658
0.00736307
-0.000149873
0.00735689
-0.00013397
0.00735161
-0.000117952
0.00734723
-0.000101826
0.00734377
-8.55968e-05
0.00734123
-6.92708e-05
0.0073396
-5.2854e-05
0.00733891
-3.63523e-05
0.00733914
-1.97734e-05
0.0073403
-3.14121e-06
0.0073424
1.36064e-05
0.00734545
3.03962e-05
0.00734944
4.72369e-05
0.00735438
6.41255e-05
0.00736026
8.10564e-05
0.00736709
9.80231e-05
0.00011502
0.00791869
-0.000445603
-0.00794486
0.00789319
-0.000434884
0.00786839
-0.000423496
0.00784433
-0.000411892
0.007821
-0.000400077
0.00779842
-0.000388062
0.0077766
-0.000375851
0.00775555
-0.00036345
0.00773528
-0.00035086
0.00771581
-0.000338086
0.00769714
-0.000325133
0.00767928
-0.000312004
0.00766224
-0.000298704
0.00764603
-0.000285237
0.00763066
-0.000271609
0.00761614
-0.000257822
0.00760247
-0.000243882
0.00758967
-0.000229795
0.00757775
-0.000215563
0.0075667
-0.000201193
0.00755655
-0.000186689
0.00754729
-0.000172056
0.00753893
-0.0001573
0.00753148
-0.000142425
0.00752495
-0.000127436
0.00751934
-0.00011234
0.00751465
-9.71403e-05
0.0075109
-8.18434e-05
0.00750808
-6.64547e-05
0.00750621
-5.09795e-05
0.00750528
-3.54241e-05
0.0075053
-1.97946e-05
0.00750627
-4.10897e-06
0.0075082
1.16725e-05
0.0075111
2.75015e-05
0.00751495
4.33791e-05
0.00751978
5.93019e-05
0.00752557
7.5265e-05
0.00753233
9.12624e-05
0.000107288
0.00810402
-0.000418684
-0.00813094
0.00807778
-0.000408644
0.00805227
-0.000397982
0.00802749
-0.000387117
0.00800347
-0.000376055
0.00798021
-0.000364803
0.00795773
-0.000353368
0.00793603
-0.000341753
0.00791513
-0.00032996
0.00789504
-0.000317994
0.00787577
-0.000305859
0.00785732
-0.000293558
0.00783971
-0.000281096
0.00782295
-0.000268477
0.00780705
-0.000255705
0.00779201
-0.000242785
0.00777785
-0.00022972
0.00776457
-0.000216515
0.00775218
-0.000203176
0.0077407
-0.000189705
0.00773011
-0.000176108
0.00772045
-0.00016239
0.0077117
-0.000148554
0.00770389
-0.000134608
0.007697
-0.000120554
0.00769106
-0.000106398
0.00768606
-9.21447e-05
0.00768202
-7.77997e-05
0.00767893
-6.3368e-05
0.00767681
-4.88547e-05
0.00767565
-3.42654e-05
0.00767546
-1.96062e-05
0.00767624
-4.8903e-06
0.00767801
9.90754e-06
0.00768075
2.47555e-05
0.00768449
3.96489e-05
0.0076892
5.45855e-05
0.00769491
6.956e-05
0.0077016
8.45673e-05
9.96015e-05
0.0082935
-0.000391015
-0.00832117
0.00826652
-0.000381668
0.00824029
-0.000371745
0.0082148
-0.000361634
0.00819009
-0.000351338
0.00816615
-0.000340865
0.008143
-0.00033022
0.00812065
-0.000319406
0.00809912
-0.000308426
0.00807841
-0.000297284
0.00805853
-0.000285983
0.0080395
-0.000274527
0.00802132
-0.00026292
0.00800401
-0.000251165
0.00798757
-0.000239268
0.00797202
-0.000227231
0.00795736
-0.000215059
0.0079436
-0.000202755
0.00793075
-0.000190325
0.00791882
-0.000177772
0.00790781
-0.000165101
0.00789774
-0.000152316
0.0078886
-0.000139422
0.00788042
-0.000126422
0.00787319
-0.000113323
0.00786692
-0.000100127
0.00786161
-8.68403e-05
0.00785728
-7.34673e-05
0.00785392
-6.00129e-05
0.00785155
-4.64819e-05
0.00785017
-3.28795e-05
0.00784977
-1.92109e-05
0.00785037
-5.48728e-06
0.00785197
8.30801e-06
0.00785457
2.21539e-05
0.00785817
3.60423e-05
0.00786279
4.99715e-05
0.00786841
6.39364e-05
0.00787505
7.79322e-05
9.19536e-05
0.00848727
-0.000362594
-0.00851569
0.00845955
-0.000353954
0.00843259
-0.000344784
0.0084064
-0.00033544
0.00838099
-0.000325925
0.00835637
-0.000316246
0.00833255
-0.000306406
0.00830956
-0.000296409
0.00828739
-0.000286257
0.00826606
-0.000275954
0.00824558
-0.000265503
0.00822596
-0.000254909
0.00820721
-0.000244173
0.00818935
-0.000233301
0.00817237
-0.000222295
0.0081563
-0.000211159
0.00814114
-0.000199897
0.0081269
-0.000188514
0.00811359
-0.000177012
0.00810121
-0.000165396
0.00808978
-0.000153669
0.0080793
-0.000141837
0.00806978
-0.000129902
0.00806123
-0.00011787
0.00805365
-0.000105744
0.00804705
-9.35288e-05
0.00804144
-8.12288e-05
0.00803682
-6.88483e-05
0.0080332
-5.63915e-05
0.00803058
-4.38636e-05
0.00802897
-3.12687e-05
0.00802837
-1.86122e-05
0.00802879
-5.90268e-06
0.00803022
6.86961e-06
0.00803269
1.96925e-05
0.00803617
3.25544e-05
0.00804069
4.54546e-05
0.00804624
5.83883e-05
0.00805282
7.13511e-05
8.4338e-05
0.00868549
-0.000333421
-0.00871466
0.00865703
-0.000325501
0.00862935
-0.000317099
0.00860245
-0.000308536
0.00857634
-0.000299816
0.00855103
-0.000290944
0.00852655
-0.000281924
0.0085029
-0.000272759
0.0084801
-0.000263451
0.00845815
-0.000254003
0.00843706
-0.000244419
0.00841686
-0.000234702
0.00839754
-0.000224856
0.00837912
-0.000214882
0.00836161
-0.000204785
0.00834502
-0.000194569
0.00832936
-0.000184236
0.00831463
-0.00017379
0.00830086
-0.000163235
0.00828804
-0.000152574
0.00827618
-0.000141812
0.00826529
-0.000130951
0.00825539
-0.000119996
0.00824647
-0.000108951
0.00823854
-9.78193e-05
0.00823162
-8.6605e-05
0.0082257
-7.5312e-05
0.0082208
-6.39445e-05
0.00821691
-5.25066e-05
0.00821405
-4.10025e-05
0.00821222
-2.94367e-05
0.00821142
-1.78133e-05
0.00821166
-6.1402e-06
0.00821294
5.58843e-06
0.00821527
1.73662e-05
0.00821864
2.91799e-05
0.00822307
4.10292e-05
0.00822855
5.29097e-05
0.00823508
6.48173e-05
7.67475e-05
0.00888833
-0.000303495
-0.00891826
0.00885914
-0.000296309
0.00883073
-0.000288687
0.00880311
-0.000280919
0.0087763
-0.000273008
0.00875031
-0.000264958
0.00872516
-0.000256773
0.00870086
-0.000248455
0.00867742
-0.000240006
0.00865484
-0.00023143
0.00863315
-0.000222729
0.00861236
-0.000213907
0.00859247
-0.000204965
0.00857349
-0.000195908
0.00855545
-0.000186738
0.00853834
-0.000177459
0.00852217
-0.000168073
0.00850697
-0.000158583
0.00849273
-0.000148994
0.00847946
-0.000139309
0.00846718
-0.000129529
0.00845589
-0.00011966
0.00844559
-0.000109705
0.00843631
-9.96673e-05
0.00842804
-8.95499e-05
0.00842079
-7.93569e-05
0.00841457
-6.90918e-05
0.00840939
-5.87585e-05
0.00840524
-4.83606e-05
0.00840214
-3.7902e-05
0.00840009
-2.73866e-05
0.0083991
-1.68185e-05
0.00839916
-6.2041e-06
0.00840029
4.45932e-06
0.00840249
1.51698e-05
0.00840575
2.5913e-05
0.00841009
3.66888e-05
0.00841551
4.74936e-05
0.008422
5.83233e-05
6.91742e-05
0.00909597
-0.000272813
-0.00912666
0.00906604
-0.000266375
0.0090369
-0.000259547
0.00900857
-0.000252588
0.00898106
-0.0002455
0.00895439
-0.000238286
0.00892857
-0.000230951
0.00890361
-0.000223495
0.00887952
-0.000215921
0.00885632
-0.000208233
0.00883402
-0.000200431
0.00881264
-0.00019252
0.00879217
-0.000184501
0.00877264
-0.000176378
0.00875406
-0.000168153
0.00873643
-0.000159828
0.00871976
-0.000151408
0.00870407
-0.000142894
0.00868937
-0.00013429
0.00867566
-0.000125598
0.00866295
-0.000116822
0.00865126
-0.000107965
0.00864058
-9.90295e-05
0.00863093
-9.00192e-05
0.00862232
-8.09371e-05
0.00861475
-7.17865e-05
0.00860823
-6.25706e-05
0.00860276
-5.3293e-05
0.00859836
-4.39568e-05
0.00859502
-3.45655e-05
0.00859276
-2.51227e-05
0.00859157
-1.56321e-05
0.00859147
-6.09901e-06
0.00859245
3.47684e-06
0.00859452
1.30974e-05
0.00859769
2.27471e-05
0.00860195
3.24266e-05
0.00860731
4.21326e-05
0.00861377
5.18613e-05
6.16094e-05
0.00930861
-0.000241374
-0.00934005
0.00927793
-0.000235697
0.00924806
-0.000229677
0.00921901
-0.00022354
0.0091908
-0.000217289
0.00916344
-0.000210926
0.00913694
-0.000204455
0.00911133
-0.000197877
0.0090866
-0.000191194
0.00906278
-0.000184409
0.00903987
-0.000177524
0.00901789
-0.00017054
0.00899685
-0.000163462
0.00897676
-0.00015629
0.00895764
-0.000149027
0.00893948
-0.000141677
0.00892232
-0.00013424
0.00890614
-0.000126721
0.00889098
-0.000119121
0.00887682
-0.000111443
0.00886369
-0.00010369
0.00885159
-9.5865e-05
0.00884053
-8.79703e-05
0.00883052
-8.00084e-05
0.00882156
-7.19829e-05
0.00881367
-6.3896e-05
0.00880685
-5.57512e-05
0.00880111
-4.75509e-05
0.00879645
-3.92986e-05
0.00879289
-3.09971e-05
0.00879041
-2.26495e-05
0.00878904
-1.4259e-05
0.00878877
-5.83032e-06
0.00878961
2.63487e-06
0.00879157
1.11424e-05
0.00879464
1.96752e-05
0.00879883
2.82349e-05
0.00880415
3.68181e-05
0.00881059
4.54221e-05
5.40435e-05
0.00952643
-0.000209176
-0.00955863
0.00949501
-0.000204274
0.00946441
-0.000199074
0.00943464
-0.000193773
0.00940572
-0.000188373
0.00937767
-0.000182876
0.0093505
-0.000177284
0.00932422
-0.000171599
0.00929885
-0.000165823
0.0092744
-0.000159958
0.00925088
-0.000154005
0.00922831
-0.000147967
0.00920669
-0.000141845
0.00918605
-0.000135643
0.00916638
-0.000129361
0.00914771
-0.000123003
0.00913003
-0.00011657
0.00911338
-0.000110064
0.00909775
-0.000103488
0.00908315
-9.68443e-05
0.00906959
-9.01349e-05
0.00905709
-8.33621e-05
0.00904565
-7.65288e-05
0.00903528
-6.9637e-05
0.00902598
-6.26893e-05
0.00901777
-5.56883e-05
0.00901066
-4.86364e-05
0.00900464
-4.1536e-05
0.00899974
-3.43902e-05
0.00899594
-2.72011e-05
0.00899326
-1.99719e-05
0.00899171
-1.2705e-05
0.00899128
-5.40438e-06
0.00899199
1.92715e-06
0.00899384
9.29724e-06
0.00899682
1.66894e-05
0.00900095
2.41047e-05
0.00900623
3.15411e-05
0.00901265
3.89958e-05
4.6466e-05
0.00974965
-0.000176217
-0.00978261
0.00971748
-0.000172102
0.00968615
-0.000167737
0.00965566
-0.000163286
0.00962604
-0.000158751
0.00959729
-0.000154133
0.00956944
-0.000149436
0.0095425
-0.000144659
0.00951649
-0.000139806
0.00949141
-0.000134876
0.00946727
-0.000129873
0.0094441
-0.000124797
0.00942191
-0.000119651
0.0094007
-0.000114436
0.0093805
-0.000109154
0.0093613
-0.000103806
0.00934313
-9.83956e-05
0.00932598
-9.29232e-05
0.00930989
-8.73915e-05
0.00929485
-8.18018e-05
0.00928087
-7.61566e-05
0.00926796
-7.04578e-05
0.00925614
-6.47071e-05
0.00924541
-5.89069e-05
0.00923578
-5.30593e-05
0.00922726
-4.71662e-05
0.00921985
-4.12298e-05
0.00921357
-3.52524e-05
0.00920842
-2.92361e-05
0.0092044
-2.31831e-05
0.00920152
-1.70957e-05
0.00919979
-1.09764e-05
0.00919922
-4.82812e-06
0.0091998
1.3451e-06
0.00920154
7.55396e-06
0.00920445
1.37802e-05
0.00920853
2.00267e-05
0.00921378
2.62911e-05
0.0092202
3.25713e-05
3.88649e-05
0.0099785
-0.000142497
-0.0100122
0.00994557
-0.000139182
0.0099135
-0.000135663
0.00988229
-0.000132076
0.00985196
-0.00012842
0.00982252
-0.000124697
0.009794
-0.000120909
0.00976639
-0.000117056
0.00973973
-0.000113141
0.00971402
-0.000109164
0.00968927
-0.000105127
0.00966551
-0.000101031
0.00964273
-9.6878e-05
0.00962097
-9.26686e-05
0.00960022
-8.84045e-05
0.0095805
-8.40873e-05
0.00956182
-7.97185e-05
0.0095442
-7.52994e-05
0.00952764
-7.0832e-05
0.00951215
-6.63172e-05
0.00949775
-6.17574e-05
0.00948445
-5.71535e-05
0.00947225
-5.25076e-05
0.00946116
-4.78212e-05
0.0094512
-4.3096e-05
0.00944237
-3.83337e-05
0.00943467
-3.35362e-05
0.00942813
-2.87049e-05
0.00942273
-2.38418e-05
0.0094185
-1.89489e-05
0.00941543
-1.40276e-05
0.00941353
-9.08021e-06
0.00941281
-4.10898e-06
0.00941328
8.81642e-07
0.00941493
5.90324e-06
0.00941777
1.09385e-05
0.00942181
1.59902e-05
0.00942704
2.1057e-05
0.00943348
2.61366e-05
3.12275e-05
0.0102132
-0.000108014
-0.0102477
0.0101795
-0.00010551
0.0101467
-0.000102852
0.0101148
-0.000100141
0.0100837
-9.73783e-05
0.0100536
-9.45645e-05
0.0100244
-9.17008e-05
0.00999612
-8.87882e-05
0.0099688
-8.58276e-05
0.00994246
-8.28199e-05
0.0099171
-7.97663e-05
0.00989273
-7.66677e-05
0.00986938
-7.35254e-05
0.00984705
-7.034e-05
0.00982576
-6.71131e-05
0.00980552
-6.38456e-05
0.00978634
-6.05384e-05
0.00976823
-5.71932e-05
0.00975121
-5.38107e-05
0.00973529
-5.03922e-05
0.00972047
-4.69391e-05
0.00970677
-4.34523e-05
0.00969419
-3.99334e-05
0.00968275
-3.63834e-05
0.00967246
-3.28036e-05
0.00966332
-2.91957e-05
0.00965535
-2.55605e-05
0.00964854
-2.18994e-05
0.00964291
-1.82141e-05
0.00963847
-1.45057e-05
0.00963522
-1.07756e-05
0.00963316
-7.02553e-06
0.00963231
-3.25712e-06
0.00963267
5.24367e-07
0.00963424
4.33365e-06
0.00963703
8.15167e-06
0.00964103
1.19825e-05
0.00964627
1.58249e-05
0.00965273
1.96773e-05
2.35384e-05
0.010454
-7.27691e-05
-0.0104892
0.0104195
-7.10888e-05
0.010386
-6.93041e-05
0.0103533
-6.74834e-05
0.0103216
-6.56276e-05
0.0102908
-6.37374e-05
0.0102609
-6.18134e-05
0.0102319
-5.9856e-05
0.010204
-5.78662e-05
0.010177
-5.58444e-05
0.010151
-5.37914e-05
0.0101261
-5.1708e-05
0.0101021
-4.95946e-05
0.0100792
-4.74521e-05
0.0100574
-4.52815e-05
0.0100367
-4.30831e-05
0.010017
-4.08579e-05
0.00999839
-3.86067e-05
0.00998091
-3.63303e-05
0.00996454
-3.40292e-05
0.00994931
-3.17047e-05
0.00993521
-2.93572e-05
0.00992227
-2.69879e-05
0.00991048
-2.45973e-05
0.00989986
-2.21867e-05
0.00989043
-1.97565e-05
0.00988217
-1.7308e-05
0.00987512
-1.48418e-05
0.00986926
-1.2359e-05
0.00986461
-9.86031e-06
0.00986119
-7.34702e-06
0.00985898
-4.81985e-06
0.009858
-2.28008e-06
0.00985826
2.68774e-07
0.00985976
2.83627e-06
0.0098625
5.4101e-06
0.00986649
7.99246e-06
0.00987173
1.05828e-05
0.00987823
1.31802e-05
1.57838e-05
0.0107011
-3.67591e-05
-0.0107371
0.0106659
-3.59144e-05
0.0106316
-3.50153e-05
0.0105982
-3.40984e-05
0.0105657
-3.31638e-05
0.0105342
-3.22116e-05
0.0105036
-3.12424e-05
0.010474
-3.02563e-05
0.0104454
-2.92538e-05
0.0104178
-2.8235e-05
0.0103912
-2.72003e-05
0.0103657
-2.61502e-05
0.0103412
-2.50848e-05
0.0103177
-2.40045e-05
0.0102953
-2.29099e-05
0.0102741
-2.1801e-05
0.0102539
-2.06787e-05
0.0102348
-1.95428e-05
0.0102169
-1.83942e-05
0.0102001
-1.72328e-05
0.0101844
-1.60595e-05
0.01017
-1.48746e-05
0.0101567
-1.36782e-05
0.0101445
-1.24711e-05
0.0101336
-1.12535e-05
0.0101239
-1.0026e-05
0.0101153
-8.78922e-06
0.010108
-7.54306e-06
0.010102
-6.28862e-06
0.0100971
-5.02587e-06
0.0100936
-3.75561e-06
0.0100912
-2.47846e-06
0.0100901
-1.19506e-06
0.0100903
8.81382e-08
0.0100917
1.39215e-06
0.0100945
2.69389e-06
0.0100985
3.99999e-06
0.0101037
5.31019e-06
0.0101103
6.62397e-06
7.94092e-06
0.0109548
-0.0109915
0.0109189
0.0108839
0.0108498
0.0108166
0.0107844
0.0107531
0.0107229
0.0106936
0.0106654
0.0106382
0.010612
0.010587
0.010563
0.01054
0.0105182
0.0104976
0.010478
0.0104596
0.0104424
0.0104263
0.0104115
0.0103978
0.0103853
0.0103741
0.010364
0.0103552
0.0103477
0.0103414
0.0103364
0.0103326
0.0103302
0.010329
0.010329
0.0103304
0.0103331
0.0103371
0.0103424
0.0103491
0.00252853
3.09931e-05
-3.01176e-05
0.00252607
8.80391e-05
-8.55738e-05
0.00252218
0.000140223
-0.00013634
0.002517
0.000189029
-0.000183847
0.00251061
0.000236003
-0.000229614
0.00250309
0.000282077
-0.000274553
0.00249449
0.000328041
-0.000319443
0.00248487
0.000374477
-0.000364859
0.00247429
0.000421854
-0.000411273
0.00246281
0.000470544
-0.000459061
0.0024505
0.000520823
-0.000508511
0.00243744
0.000572942
-0.000559886
0.00242375
0.000627048
-0.000613353
0.00240954
0.0006833
-0.000669097
0.00239499
0.00074172
-0.000727164
0.00238027
0.000802386
-0.000787669
0.00236562
0.000865159
-0.000850508
0.0023513
0.000930035
-0.000915721
0.00233765
0.000996638
-0.000982979
0.002325
0.00106491
-0.00105226
0.00231381
0.00113409
-0.00112289
0.00230452
0.00120418
-0.00119489
0.00229768
0.00127377
-0.00126694
0.00229384
0.00134331
-0.00133947
0.00229374
0.00140994
-0.00140984
0.00229781
0.00147611
-0.00148018
0.00230747
0.0015345
-0.00154416
0.00232186
0.00159663
-0.00161102
0.00234811
0.00163337
-0.00165961
0.00170785
-0.00174628
0.00258867
3.18674e-05
0.0025862
9.05126e-05
0.0025823
0.000144118
0.0025771
0.000194227
0.0025707
0.000242405
0.00256317
0.000289608
0.00255457
0.000336636
0.00254498
0.000384074
0.00253444
0.00043239
0.00252304
0.000481947
0.00251085
0.000533012
0.00249797
0.000585818
0.00248453
0.000640491
0.00247066
0.000697166
0.00245655
0.000755835
0.0024424
0.00081654
0.00242845
0.000879103
0.00241501
0.000943478
0.0024024
0.00100924
0.00239102
0.00107629
0.0023813
0.00114381
0.00237371
0.00121177
0.00236881
0.00127867
0.00236712
0.001345
0.00236937
0.0014077
0.00237597
0.0014695
0.00238824
0.00152223
0.00240595
0.00157892
0.00243329
0.00160603
0.00167386
0.00265024
3.27397e-05
0.00264776
9.29859e-05
0.00264387
0.000148013
0.00263867
0.000199424
0.00263227
0.000248801
0.00262476
0.000297124
0.00261619
0.000345201
0.00260665
0.00039362
0.00259619
0.000442844
0.00258491
0.000493231
0.00257289
0.000545034
0.00256024
0.000598466
0.00254709
0.000653635
0.00253362
0.000710645
0.00251999
0.000769458
0.00250645
0.00083008
0.00249326
0.000892296
0.00248072
0.000956013
0.0024692
0.00102077
0.00245909
0.0010864
0.00245083
0.00115207
0.00244491
0.00121769
0.00244187
0.00128171
0.00244223
0.00134463
0.00244667
0.00140326
0.00245559
0.00146058
0.00247016
0.00150766
0.00249012
0.00155896
0.00251723
0.00157892
0.00163918
0.00271327
3.36085e-05
0.0027108
9.54527e-05
0.00270692
0.000151899
0.00270174
0.000204606
0.00269536
0.000255173
0.00268789
0.000304602
0.00267938
0.000353709
0.00266992
0.000403082
0.00265958
0.000453183
0.00264845
0.000504357
0.00263664
0.000556845
0.00262427
0.00061084
0.00261147
0.000666428
0.00259844
0.000723682
0.00258536
0.000782536
0.00257249
0.000842954
0.00256009
0.000904687
0.00254851
0.000967595
0.0025381
0.00103118
0.00252928
0.00109523
0.00252248
0.00115887
0.0025182
0.00122196
0.00251697
0.00128295
0.00251927
0.00134233
0.00252576
0.00139677
0.00253676
0.00144958
0.00255328
0.00149114
0.00257498
0.00153727
0.00260279
0.00155111
0.00160408
0.0027778
3.44724e-05
0.00277535
9.79074e-05
0.00277148
0.000155764
0.00276633
0.000209758
0.00276
0.000261502
0.00275258
0.00031202
0.00274416
0.000362133
0.00273481
0.000412432
0.00272462
0.000463371
0.00271369
0.000515285
0.00270214
0.000568401
0.00269009
0.000622891
0.0026777
0.000678818
0.00266516
0.000736222
0.00265268
0.00079501
0.00264053
0.000855104
0.002629
0.000916222
0.00261842
0.000978176
0.00260916
0.00104043
0.00260165
0.00110274
0.00259633
0.00116419
0.00259367
0.00122462
0.00259419
0.00128243
0.00259835
0.00133817
0.00260675
0.00138837
0.00261964
0.00143669
0.00263785
0.00147293
0.00266109
0.00151403
0.00268978
0.00152242
0.00156902
0.00284387
3.53298e-05
0.00284143
0.000100345
0.0028376
0.0001596
0.00283249
0.000214867
0.00282622
0.000267771
0.00281888
0.000319356
0.00281057
0.000370448
0.00280136
0.000421637
0.00279136
0.000473372
0.00278067
0.000525975
0.00276941
0.000579659
0.00275773
0.000634571
0.0027458
0.000690752
0.00273381
0.000748211
0.002722
0.000806825
0.00271063
0.000866474
0.0027
0.000926846
0.00269047
0.000987706
0.00268241
0.0010485
0.00267624
0.00110891
0.00267239
0.00116804
0.00267134
0.00122567
0.00267356
0.00128021
0.00267949
0.00133224
0.00268967
0.00137819
0.00270428
0.00142208
0.00272399
0.00145322
0.00274856
0.00148945
0.00277798
0.001493
0.00153397
0.00291151
3.61789e-05
0.0029091
0.000102759
0.0029053
0.000163398
0.00290025
0.00021992
0.00289406
0.000273963
0.00288682
0.000326589
0.00287864
0.000378627
0.00286961
0.000430668
0.00285983
0.000483153
0.00284942
0.000536389
0.0028385
0.000590574
0.00282724
0.000645832
0.00281581
0.00070218
0.00280443
0.000759595
0.00279333
0.000817924
0.00278279
0.000877008
0.00277313
0.000936507
0.0027647
0.00099614
0.00275787
0.00105533
0.00275306
0.00111372
0.0027507
0.0011704
0.00275122
0.00122515
0.00275511
0.00127632
0.00276271
0.00132464
0.00277455
0.00136635
0.00279073
0.0014059
0.00281175
0.0014322
0.00283745
0.00146375
0.00286745
0.001463
0.00149878
0.00298076
3.7018e-05
0.00297838
0.000105144
0.00297463
0.000167148
0.00296964
0.000224903
0.00296355
0.00028006
0.00295644
0.000333697
0.00294842
0.000386647
0.00293959
0.000439497
0.00293006
0.000492679
0.00291997
0.000546488
0.00290944
0.000601105
0.00289864
0.000656628
0.00288777
0.000713052
0.00287704
0.00077032
0.00286671
0.000828254
0.00285707
0.000886655
0.00284842
0.000945155
0.00284112
0.00100343
0.00283556
0.00106089
0.00283213
0.00111715
0.00283126
0.00117127
0.00283334
0.00122306
0.00283884
0.00127083
0.00284805
0.00131543
0.00286142
0.00135297
0.00287902
0.0013883
0.0029012
0.00141003
0.00292783
0.00143712
0.00295832
0.00143251
0.00146346
0.00305166
3.7845e-05
0.00304931
0.000107495
0.00304562
0.000170839
0.00304072
0.000229803
0.00303473
0.000286045
0.00302777
0.000340659
0.00301994
0.00039448
0.00301134
0.000448091
0.00300211
0.000501916
0.00299236
0.000556233
0.00298226
0.000611208
0.00297197
0.000666912
0.00296171
0.000723319
0.00295169
0.000780337
0.00294218
0.000837764
0.00293347
0.000895363
0.00292588
0.000952742
0.00291977
0.00100955
0.0029155
0.00106516
0.00291347
0.00111919
0.00291408
0.00117066
0.0029177
0.00121944
0.00292476
0.00126377
0.00293549
0.0013047
0.00295029
0.00133817
0.00296919
0.0013694
0.00299237
0.00138685
0.00301979
0.0014097
0.00305068
0.00140162
0.00142806
0.00312425
3.86577e-05
0.00312194
0.000109806
0.00311831
0.000174464
0.00311351
0.000234606
0.00310766
0.0002919
0.00310086
0.000347454
0.00309324
0.000402102
0.00308491
0.000456422
0.00307599
0.00051083
0.00306664
0.000565588
0.00305701
0.000620842
0.00304728
0.00067664
0.00303766
0.000732933
0.0030284
0.000789598
0.00301976
0.000846405
0.00301204
0.000903087
0.00300555
0.000959227
0.00300065
0.00101445
0.00299771
0.0010681
0.00299709
0.00111981
0.00299918
0.00116857
0.00300431
0.00121431
0.00301287
0.00125521
0.00302505
0.00129252
0.00304118
0.00132204
0.00306125
0.00134933
0.00308532
0.00136278
0.0031134
0.00138162
0.00314458
0.00137044
0.00139265
0.00319856
3.94539e-05
0.0031963
0.000112068
0.00319275
0.000178009
0.00318806
0.000239298
0.00318236
0.000297607
0.00317575
0.000354058
0.00316837
0.000409484
0.00316033
0.00046446
0.00315177
0.000519388
0.00314285
0.000574513
0.00313372
0.000629966
0.0031246
0.000685769
0.00311568
0.000741849
0.00310722
0.000798054
0.0030995
0.000854132
0.0030928
0.000909785
0.00308745
0.000964573
0.0030838
0.0010181
0.00308219
0.00106971
0.00308298
0.00111902
0.00308654
0.00116501
0.00309315
0.0012077
0.00310316
0.00124521
0.00311672
0.00127895
0.00313408
0.00130468
0.00315522
0.00132818
0.00318008
0.00133792
0.0032087
0.001353
0.00324009
0.00133905
0.00135732
0.00327464
4.02311e-05
0.00327244
0.000114277
0.00326898
0.000181465
0.00326442
0.000243862
0.00325888
0.000303147
0.00325249
0.000360449
0.00324537
0.000416602
0.00323765
0.000472173
0.00322949
0.000527553
0.00322103
0.000582971
0.00321246
0.000638539
0.00320397
0.000694255
0.0031958
0.000750022
0.00318819
0.000805664
0.00318142
0.000860902
0.00317579
0.000915417
0.00317161
0.000968746
0.00316922
0.00102049
0.00316897
0.00106996
0.00317117
0.00111682
0.00317617
0.00116001
0.00318423
0.00119964
0.00319563
0.0012338
0.0032105
0.00126409
0.003229
0.00128618
0.00325111
0.00130607
0.00327666
0.00131237
0.00330573
0.00132393
0.00333725
0.00130753
0.00132213
0.00335254
4.09868e-05
0.00335039
0.000116423
0.00334704
0.00018482
0.00334261
0.000248284
0.00333726
0.000308499
0.00333111
0.000366603
0.00332428
0.000423427
0.00331693
0.00047953
0.00330919
0.000535293
0.00330123
0.000590926
0.00329325
0.000646521
0.00328545
0.000702056
0.00327806
0.000757412
0.00327134
0.000812386
0.00326556
0.000866677
0.00326103
0.000919951
0.00325805
0.000971721
0.00325695
0.00102159
0.00325806
0.00106885
0.00326166
0.00111321
0.00326808
0.00115359
0.00327754
0.00119019
0.00329027
0.00122107
0.00330637
0.00124798
0.00332593
0.00126663
0.00334892
0.00128308
0.00337507
0.00128622
0.0034045
0.0012945
0.00343609
0.00127594
0.00128714
0.00343229
4.17183e-05
0.00343021
0.000118501
0.00342697
0.000188062
0.0034227
0.000252547
0.00341756
0.000313643
0.00341167
0.000372495
0.00340516
0.000429931
0.00339819
0.000486501
0.00339091
0.000542572
0.0033835
0.000598339
0.00337615
0.000653874
0.00336907
0.000709134
0.0033625
0.000763977
0.00335671
0.000818182
0.00335196
0.000871422
0.00334856
0.000923356
0.0033468
0.000973475
0.003347
0.0010214
0.00334946
0.00106639
0.00335446
0.00110822
0.00336227
0.00114578
0.00337308
0.00117938
0.00338709
0.00120706
0.00340435
0.00123072
0.00342488
0.00124609
0.00344865
0.00125931
0.00347533
0.00125954
0.00350505
0.00126478
0.00353665
0.00124434
0.00125241
0.00351393
4.2423e-05
0.00351193
0.000120501
0.00350882
0.000191177
0.00350473
0.000256634
0.00349981
0.000318559
0.00349421
0.000378102
0.00348805
0.000436087
0.0034815
0.000493053
0.00347472
0.000549356
0.00346788
0.000605174
0.0034612
0.000660559
0.00345488
0.000715449
0.00344918
0.00076968
0.00344434
0.000823015
0.00344066
0.000875106
0.00343841
0.000925608
0.00343789
0.000973992
0.00343939
0.0010199
0.0034432
0.00106258
0.00344957
0.00110186
0.00345873
0.00113661
0.00347085
0.00116726
0.00348606
0.00119185
0.00350441
0.00121238
0.00352584
0.00122466
0.00355032
0.00123483
0.00357745
0.0012324
0.00360739
0.00123485
0.00363895
0.00121278
0.00121798
0.00359752
4.30978e-05
0.00359561
0.000122415
0.00359263
0.000194154
0.00358874
0.000260528
0.00358407
0.000323225
0.00357878
0.000383398
0.003573
0.000441864
0.0035669
0.000499155
0.00356064
0.000555611
0.00355442
0.000611393
0.00354844
0.000666538
0.00354293
0.000720964
0.00353812
0.000774485
0.00353429
0.000826854
0.00353169
0.000877702
0.00353061
0.000926685
0.00353134
0.000973261
0.00353415
0.00101709
0.0035393
0.00105743
0.003547
0.00109415
0.00355748
0.00112613
0.00357085
0.00115389
0.00358721
0.00117549
0.00360657
0.00119302
0.00362882
0.00120241
0.00365392
0.00120973
0.00368145
0.00120488
0.00371153
0.00120476
0.00374301
0.0011813
0.00118389
0.0036831
4.37398e-05
0.00368128
0.000124235
0.00367846
0.000196978
0.00367477
0.000264211
0.00367038
0.000327618
0.00366542
0.000388355
0.00366005
0.000447233
0.00365444
0.000504773
0.00364875
0.0005613
0.00364318
0.000616963
0.00363794
0.000671775
0.00363326
0.000725642
0.00362939
0.000778359
0.00362657
0.000829669
0.00362509
0.000879185
0.0036252
0.000926573
0.00362719
0.000971276
0.00363129
0.00101299
0.00363776
0.00105096
0.00364678
0.00108513
0.00365853
0.00111438
0.00367309
0.00113932
0.00369053
0.00115806
0.00371082
0.00117273
0.00373382
0.00117941
0.00375948
0.00118407
0.00378732
0.00117704
0.00381751
0.00117458
0.00384887
0.00114994
0.00115016
0.00377072
4.43459e-05
0.003769
0.000125952
0.00376634
0.000199635
0.00376289
0.000267663
0.00375879
0.000331716
0.0037542
0.000392949
0.00374927
0.000452165
0.00374416
0.000509876
0.00373907
0.000566391
0.00373419
0.000621845
0.00372973
0.000676234
0.00372592
0.000729451
0.00372301
0.00078127
0.00372125
0.000831433
0.00372089
0.000879537
0.00372221
0.000925258
0.00372545
0.000968035
0.00373084
0.0010076
0.00373861
0.0010432
0.00374891
0.00107483
0.00376187
0.00110142
0.00377758
0.00112362
0.00379602
0.00113961
0.00381718
0.00115158
0.00384086
0.00115573
0.00386699
0.00115793
0.0038951
0.00114893
0.00392533
0.00114434
0.00395654
0.00111874
0.00111682
0.00386042
4.4913e-05
0.00385881
0.000127557
0.00385634
0.000202112
0.00385313
0.000270866
0.00384935
0.000335495
0.00384515
0.000397152
0.00384069
0.00045663
0.00383613
0.000514431
0.00383167
0.000570849
0.00382751
0.000626007
0.00382386
0.000679882
0.00382096
0.000732357
0.00381904
0.00078319
0.00381835
0.000832123
0.00381914
0.00087874
0.00382167
0.000922734
0.00382616
0.000963542
0.00383283
0.00100093
0.00384186
0.00103416
0.0038534
0.00106329
0.00386754
0.00108728
0.00388432
0.00110684
0.00390371
0.00112022
0.00392565
0.00112963
0.00394994
0.00113145
0.00397649
0.00113138
0.00400481
0.00112061
0.00403504
0.00111411
0.00406606
0.00108772
0.00108388
0.00395225
4.54378e-05
0.00395077
0.000129041
0.00394849
0.000204393
0.00394555
0.000273802
0.00394212
0.000338933
0.00393833
0.000400937
0.00393436
0.000460597
0.00393039
0.000518406
0.0039266
0.000574641
0.00392319
0.000629414
0.00392039
0.000682686
0.00391841
0.000734331
0.00391751
0.000784094
0.00391791
0.000831718
0.00391987
0.000876783
0.00392361
0.000918997
0.00392934
0.000957803
0.00393727
0.000993006
0.00394754
0.00102389
0.00396027
0.00105056
0.00397553
0.00107202
0.00399333
0.00108904
0.00401359
0.00109995
0.00403626
0.00110696
0.00406109
0.00110662
0.004088
0.00110448
0.00411647
0.00109214
0.00414666
0.00108392
0.00417747
0.00105691
0.00105136
0.00404628
4.5917e-05
0.00404492
0.000130393
0.00404285
0.000206465
0.0040402
0.000276449
0.00403713
0.000342004
0.00403379
0.000404277
0.00403035
0.000464037
0.00402699
0.000521769
0.0040239
0.000577734
0.00402128
0.000632035
0.00401935
0.000684615
0.00401833
0.000735346
0.00401847
0.000783959
0.00401998
0.000830204
0.00402311
0.000873656
0.00402806
0.000914048
0.00403503
0.000950831
0.00404419
0.000983848
0.00405567
0.00101241
0.00406955
0.00103668
0.00408587
0.0010557
0.00410462
0.00107029
0.0041257
0.00107887
0.00414903
0.00108364
0.00417433
0.00108131
0.00420154
0.00107727
0.00423012
0.00106355
0.00426023
0.00105381
0.0042908
0.00102634
0.00101926
0.00414254
4.63472e-05
0.00414132
0.000131605
0.00413948
0.00020831
0.00413714
0.000278788
0.00413446
0.000344686
0.00413159
0.000407144
0.00412871
0.00046692
0.00412599
0.000524489
0.00412362
0.000580097
0.00412182
0.000633837
0.00412079
0.00068564
0.00412077
0.000735375
0.00412196
0.000782764
0.0041246
0.000827565
0.0041289
0.000869356
0.00413506
0.000907892
0.00414325
0.00094264
0.00415361
0.000973482
0.00416626
0.000999766
0.00418125
0.00102169
0.00419858
0.00103837
0.00421822
0.00105065
0.00424005
0.00105704
0.00426397
0.00105972
0.0042897
0.00105559
0.00431714
0.00104983
0.00434579
0.0010349
0.00437579
0.00102381
0.00440611
0.000996026
0.000987607
0.00424109
4.67249e-05
0.00424002
0.000132667
0.00423842
0.000209915
0.00423641
0.000280799
0.00423414
0.000346955
0.00423177
0.000409512
0.00422947
0.000469217
0.00422743
0.000526535
0.00422583
0.000581698
0.00422487
0.000634792
0.00422478
0.000685735
0.00422575
0.000734397
0.00422803
0.000780492
0.0042318
0.000823793
0.00423727
0.000863881
0.00424463
0.000900537
0.00425402
0.00093325
0.00426556
0.000961938
0.00427934
0.000985991
0.00429538
0.00100565
0.00431367
0.00102008
0.00433414
0.00103017
0.00435666
0.00103452
0.00438112
0.00103527
0.00440721
0.00102949
0.00443484
0.00102219
0.00446352
0.00100622
0.00449338
0.000993955
0.00452343
0.000965981
0.000956389
0.00434198
4.70466e-05
0.00434108
0.000133568
0.00433973
0.000211264
0.00433807
0.000282463
0.00433624
0.000348786
0.00433439
0.000411354
0.00433271
0.000470899
0.00433137
0.000527878
0.00433056
0.000582509
0.00433048
0.000634872
0.00433134
0.000684876
0.00433334
0.00073239
0.00433671
0.000777131
0.00434162
0.000818881
0.00434827
0.000857233
0.00435681
0.000891995
0.00436738
0.000922681
0.00438007
0.000949248
0.00439493
0.000971128
0.00441198
0.000988597
0.00443117
0.0010009
0.00445242
0.00100892
0.00447557
0.00101137
0.0045005
0.00101034
0.0045269
0.00100309
0.00455468
0.000994408
0.00458336
0.000977549
0.00461305
0.000964262
0.00464281
0.000936219
0.00092561
0.00444528
4.73089e-05
0.00444455
0.000134299
0.00444347
0.000212342
0.00444217
0.000283759
0.0044408
0.000350156
0.00443951
0.000412643
0.00443847
0.000471939
0.00443786
0.000528489
0.00443787
0.000582502
0.00443869
0.000634051
0.00444053
0.000683039
0.00444358
0.000729339
0.00444804
0.000772669
0.0044541
0.000812825
0.00446191
0.000849418
0.00447163
0.000882281
0.00448335
0.00091096
0.00449715
0.000935446
0.00451306
0.000955219
0.00453107
0.000970589
0.0045511
0.000980868
0.00457307
0.000986948
0.00459679
0.000987644
0.00462214
0.000984991
0.00464881
0.00097642
0.00467671
0.000966514
0.00470534
0.000948914
0.00473485
0.000934755
0.00476431
0.000906752
0.00089527
0.00455103
4.75083e-05
0.00455048
0.00013485
0.00454969
0.000213133
0.00454878
0.000284667
0.0045479
0.000351042
0.00454719
0.000413354
0.00454682
0.000472308
0.00454696
0.000528341
0.00454782
0.00058165
0.00454956
0.000632306
0.00455239
0.000680206
0.0045565
0.000725229
0.00456207
0.000767098
0.00456927
0.000805628
0.00457825
0.000840446
0.00458911
0.000871414
0.00460196
0.000898113
0.00461684
0.000920567
0.00463375
0.000938308
0.00465266
0.000951674
0.00467349
0.000960043
0.00469612
0.000964315
0.00472037
0.000963397
0.00474609
0.000959269
0.00477298
0.000949528
0.00480095
0.000938548
0.00482952
0.000920343
0.00485883
0.000905451
0.00488799
0.000877586
0.000865365
0.0046593
4.76412e-05
0.00465894
0.000135211
0.00465845
0.000213621
0.00465795
0.000285168
0.00465757
0.000351421
0.00465747
0.000413462
0.00465779
0.000471981
0.00465873
0.000527408
0.00466045
0.00057993
0.00466314
0.000629616
0.00466698
0.000676359
0.00467216
0.000720049
0.00467885
0.000760415
0.00468718
0.000797291
0.0046973
0.000830328
0.0047093
0.000859415
0.00472324
0.00088417
0.00473916
0.000904651
0.00475703
0.000920438
0.0047768
0.0009319
0.00479837
0.000938476
0.00482161
0.00094107
0.00484633
0.000938678
0.00487238
0.000933221
0.00489946
0.000922452
0.00492746
0.000910542
0.00495595
0.000891858
0.00498504
0.000876363
0.0050139
0.000848725
0.00083589
0.00477015
4.77041e-05
0.00476999
0.000135372
0.00476982
0.000213793
0.00476974
0.000285243
0.00476989
0.00035127
0.00477041
0.000412941
0.00477146
0.000470932
0.0047732
0.000525666
0.00477582
0.000577318
0.00477947
0.00062596
0.00478435
0.000671485
0.0047906
0.00071379
0.0047984
0.000752618
0.00480787
0.000787823
0.00481912
0.00081908
0.00483222
0.000846308
0.00484723
0.000869163
0.00486415
0.000887735
0.00488293
0.000901656
0.00490351
0.000911315
0.00492577
0.000916218
0.00494958
0.000917263
0.00497472
0.000913535
0.00500105
0.000906888
0.00502828
0.000895229
0.0050563
0.000882523
0.00508467
0.00086348
0.00511354
0.000847502
0.00514209
0.000820171
0.000806836
0.00488363
4.76936e-05
0.00488368
0.000135323
0.00488384
0.000213633
0.00488421
0.000284873
0.00488491
0.000350568
0.00488609
0.00041177
0.00488788
0.00046914
0.00489045
0.000523092
0.00489398
0.000573796
0.00489861
0.000621323
0.00490453
0.000665571
0.00491187
0.000706448
0.00492078
0.00074371
0.00493137
0.000777233
0.00494373
0.00080672
0.00495792
0.000832119
0.00497395
0.000853125
0.00499183
0.00086986
0.00501148
0.000882004
0.00503283
0.000889967
0.00505573
0.000893316
0.00508005
0.000892942
0.00510558
0.000888011
0.00513215
0.00088031
0.00515949
0.00086789
0.0051875
0.000854516
0.00521576
0.000835224
0.00524438
0.000818875
0.00527263
0.000791924
0.000778195
0.00499982
4.76064e-05
0.00500008
0.000135056
0.00500059
0.000213127
0.00500142
0.00028404
0.0050027
0.000349295
0.00500454
0.000409926
0.0050071
0.00046658
0.00501053
0.000519665
0.00501498
0.000569344
0.00502061
0.000615692
0.00502757
0.00065861
0.005036
0.000698019
0.00504602
0.000733695
0.00505772
0.000765533
0.00507117
0.000793268
0.00508641
0.000816875
0.00510345
0.000836091
0.00512224
0.000851065
0.00514272
0.000861526
0.00516478
0.000867903
0.00518828
0.000869817
0.00521307
0.00086815
0.00523894
0.000862146
0.00526573
0.000853521
0.00529315
0.000840465
0.00532113
0.000826543
0.00534925
0.000807102
0.00537764
0.000790487
0.00540558
0.000763981
0.000749957
0.00511876
4.74392e-05
0.00511926
0.000134561
0.00512013
0.000212261
0.00512144
0.000282726
0.0051233
0.00034743
0.00512584
0.000407388
0.00512919
0.000463233
0.00513349
0.000515366
0.00513888
0.000563947
0.00514552
0.000609054
0.00515354
0.000650595
0.00516305
0.000688506
0.00517416
0.000722581
0.00518696
0.000752739
0.00520148
0.000778746
0.00521775
0.000800606
0.00523574
0.000818096
0.00525542
0.000831391
0.00527668
0.000840267
0.00529941
0.000845165
0.00532347
0.000845765
0.00534869
0.000842929
0.00537486
0.000835977
0.00540182
0.000826553
0.00542931
0.000812976
0.00545724
0.00079862
0.00548521
0.000779126
0.00551336
0.000762341
0.005541
0.000736339
0.000722109
0.00524054
4.71888e-05
0.00524127
0.000133829
0.00524251
0.000211022
0.00524432
0.000280915
0.0052468
0.000344955
0.00525005
0.000404138
0.0052542
0.000459081
0.00525939
0.00051018
0.00526574
0.000557593
0.0052734
0.0006014
0.00528247
0.000641524
0.00529306
0.00067791
0.00530526
0.000710378
0.00531914
0.000738868
0.0053347
0.00076318
0.00535196
0.000783344
0.00537088
0.000799177
0.0053914
0.000810877
0.0054134
0.000818268
0.00543676
0.000821799
0.00546133
0.0008212
0.00548694
0.000817317
0.00551338
0.000809538
0.0055405
0.000799434
0.00556803
0.000785448
0.00559588
0.000770762
0.00562371
0.000751303
0.00565161
0.000734437
0.00567896
0.000708991
0.000694638
0.00536521
4.68522e-05
0.00536619
0.000132852
0.00536782
0.000209396
0.00537014
0.000278591
0.00537324
0.000341852
0.00537722
0.000400157
0.0053822
0.000454106
0.00538829
0.000504091
0.00539561
0.000550269
0.00540428
0.000592726
0.00541441
0.000631395
0.00542608
0.000666239
0.00543936
0.000697099
0.00545429
0.000723941
0.00547087
0.000746596
0.0054891
0.000765119
0.00550891
0.000779369
0.00553022
0.000789564
0.00555292
0.000795569
0.00557688
0.000797843
0.00560191
0.000796161
0.00562788
0.00079135
0.00565456
0.00078286
0.0056818
0.00077219
0.00570935
0.000757896
0.00573714
0.000742981
0.0057648
0.000723637
0.00579247
0.000706773
0.00581953
0.000681931
0.000667532
0.00549285
4.64264e-05
0.00549408
0.000131621
0.0054961
0.000207373
0.00549896
0.00027574
0.0055027
0.000338107
0.00550743
0.000395428
0.00551324
0.000448295
0.00552024
0.000497088
0.00552855
0.000541968
0.00553824
0.000583028
0.00554943
0.000620212
0.00556217
0.000653501
0.0055765
0.000682761
0.00559247
0.000707979
0.00561004
0.00072902
0.0056292
0.000745965
0.00564986
0.000758708
0.00567193
0.000767489
0.00569529
0.000772211
0.0057198
0.000773336
0.00574527
0.000770685
0.00577156
0.00076506
0.00579845
0.00075597
0.0058258
0.000744841
0.00585336
0.000730338
0.00588105
0.000715286
0.00590856
0.000696132
0.00593599
0.000679345
0.00596277
0.00065515
0.000640776
0.00562352
4.59088e-05
0.00562502
0.00013013
0.00562745
0.000204941
0.00563084
0.000272347
0.00563524
0.000333703
0.00564073
0.000389939
0.00564739
0.000441633
0.00565532
0.000489161
0.00566461
0.000532685
0.00567533
0.000572304
0.00568756
0.000607979
0.00570136
0.000639707
0.00571674
0.000667378
0.00573371
0.000691004
0.00575225
0.000710481
0.0057723
0.000725914
0.00579378
0.000737231
0.00581658
0.00074469
0.00584056
0.00074823
0.00586558
0.000748315
0.00589146
0.000744805
0.00591804
0.000738477
0.00594512
0.000728892
0.00597256
0.000717407
0.00600011
0.000702786
0.00602771
0.000687684
0.00605505
0.000668787
0.00608225
0.000652149
0.00610876
0.000628639
0.000614354
0.0057573
4.52967e-05
0.00575906
0.000128372
0.00576191
0.000202089
0.00576586
0.000268402
0.00577093
0.000328628
0.0057772
0.000383677
0.00578472
0.000434111
0.00579358
0.000480302
0.00580385
0.000522415
0.0058156
0.000560557
0.00582887
0.000594704
0.00584371
0.00062487
0.00586011
0.000650972
0.00587808
0.000673042
0.00589755
0.000691009
0.00591847
0.000704998
0.00594072
0.000714973
0.00596421
0.000721203
0.00598878
0.000723663
0.00601428
0.000722814
0.00604053
0.000718551
0.00606738
0.000711626
0.00609463
0.000701649
0.00612213
0.000689903
0.00614967
0.00067525
0.00617717
0.000660178
0.00620436
0.000641603
0.00623133
0.000625178
0.00625758
0.000602387
0.000588251
0.00589426
4.45879e-05
0.0058963
0.000126339
0.00589958
0.000198808
0.00590409
0.000263892
0.00590984
0.000322871
0.00591689
0.00037663
0.00592528
0.00042572
0.00593508
0.000470506
0.00594634
0.000511157
0.0059591
0.00054779
0.00597341
0.000580395
0.00598928
0.000609005
0.00600669
0.000633561
0.00602561
0.000654117
0.00604599
0.000670632
0.00606774
0.00068325
0.00609074
0.000691967
0.00611488
0.000697063
0.00614
0.000698542
0.00616595
0.000696863
0.00619255
0.000691952
0.00621965
0.000684532
0.00624704
0.000674257
0.0062746
0.000662342
0.00630211
0.000647737
0.00632952
0.00063277
0.00635655
0.000614575
0.0063833
0.000598424
0.00640931
0.000576382
0.00056245
0.00603448
4.37802e-05
0.00603679
0.000124027
0.00604051
0.000195091
0.00604559
0.000258808
0.00605204
0.000316421
0.00605988
0.000368791
0.00606915
0.000416453
0.00607989
0.00045977
0.00609213
0.000498914
0.00610591
0.000534009
0.00612124
0.000565065
0.00613811
0.000592129
0.00615651
0.000615168
0.00617637
0.000634256
0.00619762
0.00064938
0.00622017
0.000660703
0.00624389
0.000668247
0.00626865
0.000672303
0.00629429
0.0006729
0.00632066
0.000670492
0.00634758
0.000665031
0.0063749
0.000657213
0.00640243
0.000646734
0.00643003
0.000634735
0.00645752
0.000620252
0.00648483
0.00060546
0.0065117
0.000587698
0.00653825
0.000571876
0.00656402
0.000550612
0.000536934
0.00617803
4.28718e-05
0.00618063
0.00012143
0.00618479
0.000190929
0.00619046
0.000253142
0.00619761
0.000309272
0.00620624
0.000360152
0.00621639
0.000406308
0.00622807
0.000448094
0.00624129
0.000485689
0.00625608
0.000519224
0.00627242
0.000548727
0.00629028
0.00057426
0.00630964
0.000595815
0.00633041
0.000613485
0.00635251
0.000627282
0.00637582
0.000637386
0.00640023
0.000643843
0.00642558
0.000646952
0.00645171
0.000646764
0.00647848
0.000643725
0.0065057
0.000637812
0.00653322
0.000629689
0.00656087
0.00061909
0.00658851
0.000607088
0.00661597
0.000592798
0.00664318
0.000578246
0.00666991
0.000560967
0.00669627
0.000545524
0.00672182
0.000525062
0.000511687
0.00632499
4.18609e-05
0.00632788
0.000118544
0.00633249
0.000186317
0.00633875
0.000246887
0.0063466
0.000301415
0.00635604
0.00035071
0.00636707
0.00039528
0.00637969
0.000435478
0.00639389
0.000471486
0.00640967
0.000503444
0.006427
0.000531394
0.00644584
0.000555418
0.00646613
0.000575526
0.00648779
0.00059183
0.0065107
0.000604367
0.00653476
0.000613329
0.00655982
0.000618786
0.00658573
0.000621039
0.00661233
0.00062016
0.00663947
0.000616585
0.00666697
0.000610312
0.00669469
0.000601973
0.00672244
0.000591335
0.00675013
0.000579407
0.00677755
0.000565374
0.00680467
0.000551123
0.00683127
0.000534372
0.00685744
0.000519356
0.00688278
0.000499718
0.000486689
0.00647545
4.07462e-05
0.00647863
0.000115365
0.00648369
0.00018125
0.00649054
0.000240038
0.00649911
0.000292848
0.00650936
0.00034046
0.00652127
0.000383372
0.00653482
0.000421927
0.00654999
0.000456314
0.00656675
0.000486681
0.00658506
0.000513085
0.00660486
0.000535621
0.00662606
0.000554323
0.00664858
0.000569317
0.00667228
0.000580662
0.00669705
0.000588561
0.00672273
0.000593103
0.00674918
0.00059459
0.00677623
0.000593112
0.00680372
0.000589093
0.00683149
0.000582547
0.00685938
0.000574077
0.00688724
0.000563478
0.00691495
0.000551693
0.00694235
0.000537978
0.00696939
0.000524085
0.00699586
0.000507904
0.00702185
0.000493359
0.00704701
0.000474565
0.000461922
0.00662948
3.95267e-05
0.00663295
0.000111891
0.00663848
0.000175723
0.00664593
0.00023259
0.00665521
0.000283566
0.00666626
0.000329404
0.00667905
0.000370584
0.00669353
0.000407446
0.00670967
0.000440182
0.0067274
0.000468947
0.00674667
0.000493814
0.0067674
0.000514891
0.00678949
0.00053223
0.00681284
0.000545972
0.00683731
0.000556194
0.00686276
0.000563107
0.00688904
0.000566818
0.00691601
0.000567629
0.00694348
0.000565641
0.00697131
0.000561265
0.00699932
0.000554531
0.00702739
0.000546008
0.00705535
0.00053552
0.0070831
0.000523946
0.00711047
0.000510606
0.00713743
0.000497122
0.00716378
0.000481551
0.00718963
0.000467517
0.00721461
0.000449585
0.000437366
0.00678717
3.82013e-05
0.00679094
0.000108119
0.00679693
0.000169735
0.00680498
0.000224542
0.00681497
0.00027357
0.00682684
0.00031754
0.0068405
0.00035692
0.00685591
0.000392042
0.00687299
0.000423101
0.00689168
0.000450258
0.00691189
0.000473601
0.00693353
0.000493248
0.00695649
0.00050927
0.00698065
0.000521818
0.00700585
0.000530986
0.00703197
0.000536992
0.00705883
0.000539956
0.00708629
0.000540175
0.00711416
0.000537763
0.00714231
0.000533114
0.00717057
0.000526272
0.00719881
0.000517773
0.00722686
0.000507464
0.00725465
0.000496163
0.007282
0.00048325
0.0073089
0.000470225
0.00733515
0.000455299
0.00736086
0.000441813
0.00738568
0.000424761
0.000413001
0.00694861
3.67697e-05
0.00695268
0.000104048
0.00695913
0.000163282
0.00696778
0.000215893
0.00697849
0.000262859
0.00699116
0.000304873
0.00700569
0.000342386
0.00702201
0.000375723
0.00704003
0.000405082
0.00705966
0.000430629
0.0070808
0.000452462
0.00710333
0.000470713
0.00712714
0.000485465
0.00715208
0.000496879
0.007178
0.000505063
0.00720475
0.000510238
0.00723218
0.000512535
0.0072601
0.000512245
0.00728838
0.000509492
0.00731684
0.000504651
0.00734533
0.000497777
0.00737373
0.000489372
0.00740189
0.000479307
0.00742972
0.000468338
0.00745706
0.000455902
0.00748391
0.00044338
0.00751007
0.000429133
0.00753566
0.000416231
0.00756034
0.000400073
0.000388805
0.00711388
3.52315e-05
0.00711825
9.96771e-05
0.00712517
0.000156367
0.00713442
0.000206642
0.00714584
0.000251435
0.00715931
0.000291406
0.00717471
0.000326988
0.00719193
0.000358499
0.00721087
0.000386138
0.00723143
0.000410074
0.00725347
0.000430417
0.00727688
0.000447305
0.00730151
0.000460836
0.00732721
0.000471176
0.00735383
0.000478445
0.0073812
0.000482864
0.00740917
0.000484573
0.00743756
0.000483855
0.00746621
0.000480839
0.00749498
0.000475884
0.0075237
0.000469049
0.00755227
0.000460806
0.00758053
0.000451044
0.00760841
0.000440462
0.00763576
0.00042855
0.00766257
0.000416574
0.00768867
0.000403036
0.00771415
0.00039075
0.00773872
0.000375501
0.000364755
0.00728308
3.35866e-05
0.00728775
9.50067e-05
0.00729513
0.000148988
0.00730498
0.000196793
0.00731711
0.000239303
0.00733137
0.000277145
0.00734762
0.000310736
0.00736574
0.000340382
0.0073856
0.000366283
0.00740706
0.000388611
0.00742999
0.000407484
0.00745425
0.000423045
0.00747969
0.000435402
0.00750614
0.000444728
0.00753343
0.000451149
0.00756141
0.000454887
0.0075899
0.000456083
0.00761874
0.000455015
0.00764777
0.000451812
0.00767684
0.000446814
0.0077058
0.000440088
0.00773453
0.00043207
0.00776291
0.000422668
0.00779085
0.000412525
0.00781822
0.000401178
0.007845
0.000389788
0.00787105
0.000376988
0.00789645
0.000365349
0.00792093
0.000351023
0.000340828
0.0074563
3.18354e-05
0.00746127
9.00378e-05
0.00746911
0.000141148
0.00747956
0.000186348
0.00749239
0.000226467
0.00750744
0.000262098
0.00752454
0.000293638
0.00754354
0.000321383
0.00756429
0.000345531
0.00758664
0.000366255
0.00761045
0.000383678
0.00763554
0.000397949
0.00766176
0.000409183
0.00768894
0.000417553
0.0077169
0.000423193
0.00774546
0.000426319
0.00777447
0.000427077
0.00780375
0.000425731
0.00783315
0.000422414
0.00786252
0.000417443
0.00789172
0.000410889
0.00792064
0.000403157
0.00794914
0.000394167
0.00797715
0.000384511
0.00800456
0.000373771
0.00803134
0.000363003
0.00805736
0.000350969
0.0080827
0.000340006
0.00810711
0.000326615
0.000316999
0.00763364
2.99783e-05
0.0076389
8.47719e-05
0.0076472
0.00013285
0.00765824
0.000175312
0.00767177
0.000212934
0.0076876
0.000246273
0.00770553
0.000275705
0.0077254
0.000301515
0.00774703
0.000323897
0.00777026
0.000343022
0.00779492
0.000359018
0.00782084
0.000372034
0.00784783
0.000382193
0.00787572
0.000389665
0.00790432
0.000394588
0.00793347
0.000397171
0.00796299
0.000397561
0.00799271
0.000396008
0.00802248
0.000392644
0.00805216
0.000387766
0.0080816
0.000381445
0.0081107
0.000374054
0.00813934
0.000365528
0.00816745
0.000356403
0.00819491
0.000346308
0.00822172
0.000336198
0.00824773
0.000324955
0.00827304
0.000314695
0.00829741
0.000302251
0.000293239
0.00781519
2.80162e-05
0.00782075
7.92114e-05
0.0078295
0.000124097
0.00784112
0.000163691
0.00785534
0.000198712
0.00787194
0.000229679
0.00789069
0.000256949
0.00791142
0.000280791
0.00793392
0.000301394
0.00795801
0.000318926
0.00798352
0.000333517
0.00801023
0.000345316
0.00803798
0.000354446
0.00806657
0.000361076
0.00809581
0.000365343
0.00812554
0.000367449
0.00815556
0.000367537
0.00818572
0.000365845
0.00821587
0.000362498
0.00824586
0.000357774
0.00827556
0.000351744
0.00830487
0.000344747
0.00833366
0.000336731
0.00836189
0.000328181
0.00838943
0.000318766
0.00841628
0.000309347
0.00844231
0.00029892
0.00846762
0.000289388
0.00849197
0.000277904
0.000269521
0.00800105
2.595e-05
0.0080069
7.33593e-05
0.0080161
0.000114896
0.0080283
0.000151491
0.0080432
0.000183808
0.00806056
0.000212327
0.00808012
0.000237381
0.00810169
0.000259224
0.00812505
0.000278037
0.00814999
0.000293983
0.00817632
0.000307191
0.00820383
0.000317806
0.00823232
0.000325953
0.0082616
0.000331794
0.00829148
0.000335465
0.00832177
0.000337156
0.0083523
0.000337006
0.00838291
0.000335237
0.00841344
0.000331969
0.00844376
0.000327457
0.00847373
0.00032177
0.00850326
0.000315217
0.00853224
0.000307755
0.0085606
0.00029982
0.00858825
0.000291119
0.00861517
0.000282422
0.00864126
0.000272834
0.00866659
0.000264055
0.00869095
0.000253542
0.000245812
0.00819132
2.37812e-05
0.00819746
6.72193e-05
0.00820711
0.000105251
0.00821988
0.000138721
0.00823545
0.000168234
0.00825355
0.000194229
0.00827392
0.000217015
0.00829631
0.000236828
0.00832051
0.000253839
0.00834629
0.000268205
0.00837343
0.00028005
0.00840172
0.000289516
0.00843095
0.000296722
0.00846092
0.000301825
0.00849143
0.000304954
0.0085223
0.000306289
0.00855334
0.000305961
0.00858441
0.000304174
0.00861533
0.000301042
0.00864599
0.000296796
0.00867626
0.000291504
0.00870604
0.000285442
0.00873522
0.000278575
0.00876374
0.000271293
0.00879153
0.000263337
0.00881856
0.000255392
0.00884472
0.000246665
0.00887012
0.000238664
0.00889452
0.000229134
0.00022208
0.00838612
2.15112e-05
0.00839254
6.07959e-05
0.00840262
9.51695e-05
0.00841596
0.00012539
0.00843219
0.000151999
0.00845102
0.000175396
0.00847218
0.000195863
0.00849539
0.000213615
0.00852042
0.000228813
0.00854702
0.000241603
0.00857496
0.000252105
0.00860403
0.000260452
0.00863399
0.000266758
0.00866465
0.00027117
0.00869579
0.00027381
0.00872724
0.000274843
0.0087588
0.000274392
0.00879034
0.000272642
0.00882168
0.0002697
0.0088527
0.000265771
0.00888329
0.00026092
0.00891334
0.000255392
0.00894275
0.00024916
0.00897148
0.000242566
0.00899943
0.000235387
0.0090266
0.000228221
0.00905288
0.000220378
0.00907837
0.000213177
0.00910286
0.000204643
0.000198287
0.00858554
1.91419e-05
0.00859224
5.40942e-05
0.00860275
8.46597e-05
0.00861664
0.000111507
0.00863352
0.000135116
0.00865308
0.000155842
0.008675
0.000173937
0.00869902
0.000189598
0.00872486
0.00020297
0.00875227
0.000214188
0.00878102
0.000223363
0.00881085
0.000230619
0.00884155
0.000236062
0.00887289
0.000239827
0.00890467
0.000242025
0.00893671
0.000242807
0.00896882
0.000242285
0.00900084
0.000240623
0.00903262
0.000237919
0.00906403
0.000234355
0.00909496
0.000229989
0.00912532
0.000225037
0.009155
0.000219476
0.00918397
0.000213604
0.00921212
0.00020723
0.00923947
0.000200872
0.00926592
0.000193933
0.00929154
0.000187555
0.00931615
0.00018003
0.000174394
0.0087897
1.66753e-05
0.00879668
4.71199e-05
0.00880761
7.37303e-05
0.00882203
9.70835e-05
0.00883955
0.000117596
0.00885981
0.000135579
0.0088825
0.000151253
0.0089073
0.00016479
0.00893395
0.000176321
0.00896217
0.000185968
0.00899171
0.00019383
0.00902231
0.000200019
0.00905374
0.000204632
0.00908577
0.000207788
0.00911821
0.000209588
0.00915085
0.000210165
0.00918352
0.000209618
0.00921605
0.000208092
0.0092483
0.000205672
0.00928014
0.000202516
0.00931145
0.000198676
0.00934215
0.000194337
0.00937214
0.000189482
0.00940138
0.000184365
0.00942979
0.000178824
0.00945736
0.000173299
0.00948401
0.000167286
0.00950981
0.000161753
0.00953459
0.000155251
0.000150356
0.00899871
1.41138e-05
0.00900595
3.98797e-05
0.00901729
6.23912e-05
0.00903224
8.21326e-05
0.00905038
9.94551e-05
0.00907134
0.000114622
0.00909477
0.000127822
0.00912036
0.000139203
0.0091478
0.000148877
0.00917682
0.00015695
0.00920714
0.000163509
0.00923851
0.000168651
0.00927068
0.000172461
0.00930343
0.000175043
0.00933653
0.000176483
0.0093698
0.000176896
0.00940305
0.000176366
0.00943613
0.000175018
0.00946888
0.000172923
0.00950118
0.000170216
0.00953291
0.00016694
0.009564
0.00016325
0.00959435
0.000159133
0.00962391
0.000154801
0.00965262
0.00015012
0.00968046
0.000145455
0.00970736
0.000140389
0.00973339
0.000135722
0.00975838
0.000130257
0.000126125
0.00921269
1.14601e-05
0.00922018
3.23811e-05
0.00923192
5.06537e-05
0.00924739
6.66674e-05
0.00926614
8.07065e-05
0.00928777
9.29858e-05
0.00931193
0.000103659
0.00933829
0.000112848
0.00936652
0.000120645
0.00939633
0.000127138
0.00942744
0.000132399
0.00945958
0.000136509
0.00949251
0.000139539
0.00952597
0.000141575
0.00955977
0.000142688
0.00959369
0.000142973
0.00962756
0.000142498
0.00966121
0.000141365
0.0096945
0.000139633
0.00972731
0.00013741
0.00975951
0.000134733
0.00979104
0.000131725
0.00982179
0.000128378
0.00985174
0.00012486
0.00988079
0.000121065
0.00990896
0.000117284
0.00993616
0.000113186
0.00996248
0.000109408
0.00998774
0.000104997
0.000101648
0.00943174
8.71723e-06
0.00943949
2.46326e-05
0.00945161
3.85305e-05
0.00946758
5.07032e-05
0.00948692
6.13671e-05
0.00950922
7.06865e-05
0.0095341
7.87791e-05
0.00956121
8.57378e-05
0.00959022
9.1634e-05
0.00962082
9.65352e-05
0.00965272
0.000100498
0.00968564
0.000103586
0.00971933
0.000105853
0.00975354
0.000107364
0.00978805
0.000108178
0.00982266
0.000108363
0.00985718
0.000107975
0.00989146
0.00010709
0.00992534
0.000105754
0.0099587
0.000104049
0.00999143
0.000102002
0.0100234
9.97069e-05
0.0100547
9.71578e-05
0.010085
9.44808e-05
0.0101145
9.15978e-05
0.0101431
8.87262e-05
0.0101706
8.56181e-05
0.0101973
8.27499e-05
0.0102229
7.94103e-05
7.68681e-05
0.009656
5.88845e-06
0.00966399
1.66441e-05
0.00967648
2.60359e-05
0.00969293
3.42571e-05
0.00971284
4.1455e-05
0.00973578
4.77419e-05
0.00976137
5.31974e-05
0.00978922
5.78842e-05
0.009819
6.18512e-05
0.00985039
6.51444e-05
0.00988309
6.7803e-05
0.0099168
6.98698e-05
0.00995127
7.13825e-05
0.00998625
7.23859e-05
0.0100215
7.29186e-05
0.0100568
7.30287e-05
0.0100921
7.27535e-05
0.010127
7.21442e-05
0.0101615
7.12323e-05
0.0101955
7.00725e-05
0.0102288
6.86842e-05
0.0102614
6.713e-05
0.0102932
6.54061e-05
0.010324
6.3597e-05
0.010354
6.16506e-05
0.010383
5.97124e-05
0.010411
5.76168e-05
0.0104381
5.56822e-05
0.0104641
5.34324e-05
5.17115e-05
0.00988558
2.9775e-06
0.0098938
8.4272e-06
0.00990665
1.31868e-05
0.00992356
1.73486e-05
0.00994402
2.0991e-05
0.00996759
2.41721e-05
0.00999386
2.69315e-05
0.0100224
2.93006e-05
0.010053
3.13043e-05
0.0100852
3.29663e-05
0.0101187
3.43066e-05
0.0101532
3.53471e-05
0.0101885
3.61071e-05
0.0102242
3.66096e-05
0.0102603
3.6874e-05
0.0102964
3.69249e-05
0.0103324
3.67813e-05
0.010368
3.64691e-05
0.0104033
3.60043e-05
0.0104379
3.54147e-05
0.0104719
3.47099e-05
0.0105051
3.39218e-05
0.0105375
3.30482e-05
0.0105689
3.2132e-05
0.0105994
3.11466e-05
0.010629
3.01658e-05
0.0106575
2.91052e-05
0.010685
2.81269e-05
0.0107115
2.69892e-05
2.61263e-05
0.0101206
0.010129
0.0101422
0.0101596
0.0101806
0.0102047
0.0102317
0.010261
0.0102923
0.0103252
0.0103595
0.0103949
0.010431
0.0104676
0.0105045
0.0105414
0.0105782
0.0106147
0.0106507
0.0106861
0.0107208
0.0107547
0.0107878
0.0108199
0.010851
0.0108812
0.0109103
0.0109384
0.0109654
0.00177907
-1.13012e-05
3.28804e-10
0.00178852
-9.4521e-06
6.98416e-10
0.00179625
-7.72702e-06
8.13131e-10
0.00180234
-6.09103e-06
7.1606e-10
0.00180685
-4.51502e-06
5.09854e-10
0.00180983
-2.97738e-06
2.14237e-10
0.00181128
-1.45471e-06
-8.74583e-11
0.00181123
5.66508e-08
-3.98674e-10
0.00180967
1.55653e-06
-7.29127e-10
0.00180659
3.07775e-06
-1.03436e-09
0.00180197
4.62089e-06
-1.30692e-09
0.00179578
6.19545e-06
-1.54998e-09
0.00178798
7.8053e-06
-1.75888e-09
0.00177852
9.4632e-06
-1.93196e-09
0.00176735
1.11712e-05
-2.06962e-09
0.0017544
1.2944e-05
-2.17285e-09
0.00173962
1.47821e-05
-2.24421e-09
0.00172292
1.67031e-05
-2.28566e-09
0.00170422
1.87054e-05
-2.30062e-09
0.00168341
2.08101e-05
-2.29111e-09
0.0016604
2.30131e-05
-2.26114e-09
0.00163506
2.53407e-05
-2.21183e-09
0.00160728
2.77823e-05
-2.14765e-09
0.00157691
3.03755e-05
-2.06821e-09
0.00154382
3.30919e-05
-1.97926e-09
0.00150782
3.60016e-05
-1.87861e-09
0.00146881
3.90125e-05
-1.77329e-09
0.00142648
4.23324e-05
-1.6582e-09
0.00138096
4.55232e-05
-1.54459e-09
4.97926e-05
-1.42335e-09
0.00177902
-2.25555e-05
0.00178843
-1.88586e-05
0.00179611
-1.541e-05
0.00180216
-1.21398e-05
0.00180663
-8.98973e-06
0.00180957
-5.91612e-06
0.00181099
-2.87272e-06
0.0018109
1.4773e-07
0.00180931
3.14632e-06
0.0018062
6.18719e-06
0.00180155
9.27197e-06
0.00179533
1.24197e-05
0.00178749
1.56381e-05
0.001778
1.89526e-05
0.00176681
2.23674e-05
0.00175384
2.59119e-05
0.00173903
2.9587e-05
0.00172231
3.34276e-05
0.00170358
3.74309e-05
0.00168276
4.1639e-05
0.00165972
4.60432e-05
0.00163437
5.06965e-05
0.00160657
5.55772e-05
0.00157619
6.07609e-05
0.00154309
6.61902e-05
0.00150709
7.20054e-05
0.00146808
7.80218e-05
0.00142575
8.46554e-05
0.00138025
9.10295e-05
9.95587e-05
0.00177893
-3.37163e-05
0.00178824
-2.81752e-05
0.00179584
-2.30067e-05
0.00180181
-1.81057e-05
0.0018062
-1.33848e-05
0.00180906
-8.77804e-06
0.00181041
-4.2172e-06
0.00181025
3.08548e-07
0.00180859
4.80406e-06
0.00180542
9.36205e-06
0.0018007
1.3986e-05
0.00179442
1.87045e-05
0.00178652
2.35293e-05
0.00177698
2.84984e-05
0.00176573
3.36178e-05
0.00175271
3.8932e-05
0.00173785
4.44418e-05
0.00172108
5.01998e-05
0.00170231
5.62015e-05
0.00168144
6.251e-05
0.00165837
6.9112e-05
0.00163298
7.60869e-05
0.00160516
8.34018e-05
0.00157475
9.11703e-05
0.00154163
9.93051e-05
0.00150562
0.000108017
0.00146661
0.000117028
0.00142431
0.000126963
0.00137883
0.000136505
0.000149275
0.00177879
-4.47372e-05
0.00178797
-3.73572e-05
0.00179544
-3.04738e-05
0.00180128
-2.39472e-05
0.00180555
-1.76606e-05
0.0018083
-1.15248e-05
0.00180954
-5.45146e-06
0.00180927
5.74101e-07
0.00180751
6.56361e-06
0.00180424
1.2635e-05
0.00179943
1.87944e-05
0.00179305
2.50803e-05
0.00178507
3.15081e-05
0.00177544
3.81285e-05
0.00176411
4.49495e-05
0.00175101
5.20302e-05
0.00173608
5.93714e-05
0.00171924
6.70434e-05
0.0017004
7.50395e-05
0.00167947
8.34441e-05
0.00165634
9.22386e-05
0.0016309
0.000101529
0.00160303
0.000111271
0.00157259
0.000121615
0.00153945
0.000132445
0.00150342
0.000144041
0.00146442
0.000156031
0.00142213
0.000169247
0.0013767
0.000181935
0.000198915
0.0017786
-5.55714e-05
0.0017876
-4.63596e-05
0.0017949
-3.77684e-05
0.00180057
-2.96229e-05
0.00180469
-2.17772e-05
0.00180728
-1.41182e-05
0.00180837
-6.53883e-06
0.00180797
9.79428e-07
0.00180607
8.45876e-06
0.00180267
1.60386e-05
0.00179773
2.37286e-05
0.00179124
3.15772e-05
0.00178314
3.96037e-05
0.0017734
4.78712e-05
0.00176196
5.63896e-05
0.00174876
6.52325e-05
0.00173373
7.44008e-05
0.00171679
8.39821e-05
0.00169786
9.39674e-05
0.00167684
0.000104462
0.00165364
0.000115443
0.00162813
0.000127041
0.0016002
0.0001392
0.0015697
0.000152108
0.00153653
0.000165618
0.00150049
0.000180081
0.00146149
0.000195028
0.00141924
0.000211501
0.00137387
0.000227304
0.000248456
0.00177837
-6.61726e-05
0.00178715
-5.51378e-05
0.00179423
-4.48473e-05
0.00179969
-3.50915e-05
0.00180361
-2.56951e-05
0.00180601
-1.652e-05
0.00180692
-7.44272e-06
0.00180634
1.55959e-06
0.00180427
1.05233e-05
0.00180071
1.96054e-05
0.00179561
2.88199e-05
0.00178897
3.82255e-05
0.00178072
4.78452e-05
0.00177084
5.77545e-05
0.00175927
6.79652e-05
0.00174593
7.8565e-05
0.00173078
8.95549e-05
0.00171372
0.00010104
0.00169468
0.000113008
0.00167356
0.000125586
0.00165026
0.000138743
0.00162466
0.000152639
0.00159666
0.000167202
0.0015661
0.000182661
0.00153289
0.000198833
0.00149683
0.000216141
0.00145784
0.000234019
0.00141562
0.000253715
0.00137033
0.000272596
0.000297871
0.00177809
-7.64942e-05
0.0017866
-6.36471e-05
0.00179342
-5.16677e-05
0.00179864
-4.03118e-05
0.00180232
-2.93747e-05
0.00180449
-1.86923e-05
0.00180517
-8.12663e-06
0.00180438
2.3496e-06
0.00180212
1.27908e-05
0.00179835
2.33678e-05
0.00179307
3.40996e-05
0.00178624
4.50552e-05
0.00177783
5.62617e-05
0.00176778
6.78065e-05
0.00175604
7.97031e-05
0.00174255
9.20536e-05
0.00172725
0.000104859
0.00171005
0.00011824
0.00169087
0.000132183
0.00166962
0.000146835
0.00164621
0.000162159
0.0016205
0.000178341
0.00159241
0.000195294
0.00156179
0.000213286
0.00152852
0.000232097
0.00149244
0.000252226
0.00145346
0.000273002
0.00141129
0.000295884
0.00136609
0.000317797
0.000347135
0.00177776
-8.649e-05
0.00178596
-7.18429e-05
0.00179248
-5.81868e-05
0.00179741
-4.52427e-05
0.00180081
-3.27765e-05
0.00180272
-2.05972e-05
0.00180314
-8.55417e-06
0.00180211
3.38448e-06
0.0017996
1.52949e-05
0.00179561
2.73583e-05
0.00179011
3.95989e-05
0.00178307
5.20966e-05
0.00177445
6.48822e-05
0.0017642
7.8055e-05
0.00175228
9.16303e-05
0.00173861
0.000105724
0.00172313
0.000120337
0.00170576
0.000135607
0.00168643
0.000151515
0.00166503
0.000168232
0.00164148
0.00018571
0.00161566
0.000204165
0.00158746
0.00022349
0.00155675
0.000243994
0.00152343
0.00026542
0.00148732
0.000288339
0.00144834
0.000311975
0.00140623
0.000337998
0.00136114
0.00036289
0.000396223
0.00177739
-9.61139e-05
0.00178523
-7.96809e-05
0.0017914
-6.43618e-05
0.001796
-4.98432e-05
0.00179909
-3.5861e-05
0.00180069
-2.21968e-05
0.00180082
-8.68908e-06
0.00179951
4.69913e-06
0.00179673
1.8069e-05
0.00179248
3.1609e-05
0.00178673
4.53489e-05
0.00177945
5.93794e-05
0.0017706
7.37355e-05
0.00176012
8.85279e-05
0.00174798
0.000103774
0.0017341
0.000119603
0.00171843
0.000136014
0.00170087
0.000153163
0.00168136
0.000171027
0.00165979
0.000189797
0.00163609
0.000209416
0.00161012
0.000230127
0.00158181
0.000251804
0.00155101
0.000274798
0.00151762
0.000298809
0.00148147
0.000324484
0.00144251
0.000350938
0.00140046
0.000380051
0.00135549
0.000407862
0.000445111
0.00177697
-0.00010532
0.00178441
-8.71167e-05
0.0017902
-7.01502e-05
0.00179443
-5.40725e-05
0.00179715
-3.85891e-05
0.00179841
-2.34536e-05
0.00179822
-8.49524e-06
0.00179659
6.32841e-06
0.00179351
2.11467e-05
0.00178897
3.61522e-05
0.00178294
5.13806e-05
0.00177538
6.69337e-05
0.00176627
8.28505e-05
0.00175554
9.92531e-05
0.00174315
0.00011616
0.00172904
0.000133715
0.00171314
0.000151915
0.00169537
0.000170933
0.00167566
0.000190741
0.0016539
0.000211551
0.00163002
0.000233295
0.00160391
0.000256244
0.00157546
0.000280252
0.00154455
0.000305709
0.00151108
0.000332273
0.0014749
0.000360665
0.00143595
0.000389889
0.00139397
0.000422035
0.00134913
0.000452696
0.000493773
0.00177651
-0.000114062
0.0017835
-9.41063e-05
0.00178886
-7.55096e-05
0.00179268
-5.78898e-05
0.00179501
-4.09216e-05
0.00179588
-2.43302e-05
0.00179533
-7.93672e-06
0.00179335
8.30703e-06
0.00178993
2.45611e-05
0.00178507
4.10198e-05
0.00177872
5.77248e-05
0.00177087
7.47892e-05
0.00176146
9.22561e-05
0.00175045
0.000110258
0.0017378
0.000128816
0.00172343
0.000148086
0.00170728
0.000168065
0.00168927
0.00018894
0.00166933
0.000210679
0.00164737
0.000233515
0.0016233
0.000257366
0.00159701
0.000282535
0.00156841
0.000308848
0.00153738
0.00033674
0.00150383
0.00036582
0.00146761
0.000396887
0.00142867
0.000428826
0.00138677
0.000463941
0.00134208
0.000497377
0.000542183
0.001776
-0.000122294
0.0017825
-0.000100606
0.00178739
-8.03978e-05
0.00179075
-6.12547e-05
0.00179265
-4.28196e-05
0.00179311
-2.47892e-05
0.00179215
-6.9778e-06
0.00178979
1.06696e-05
0.001786
2.83456e-05
0.00178078
4.62437e-05
0.00177409
6.44124e-05
0.0017659
8.29756e-05
0.00175618
0.000101981
0.00174487
0.000121571
0.00173191
0.000141769
0.00171726
0.000162743
0.00170084
0.000184488
0.00168257
0.000207208
0.00166238
0.000230864
0.00164019
0.00025571
0.0016159
0.00028165
0.00158942
0.000309015
0.00156066
0.000337607
0.0015295
0.000367903
0.00149586
0.000399459
0.0014596
0.000433153
0.00142067
0.000467749
0.00137885
0.000505763
0.00133434
0.00054189
0.000590317
0.00177544
-0.000129971
0.00178141
-0.000106571
0.00178578
-8.47727e-05
0.00178866
-6.41268e-05
0.00179008
-4.42441e-05
0.00179009
-2.47938e-05
0.00178869
-5.58304e-06
0.00178591
1.34507e-05
0.00178172
3.2533e-05
0.00177611
5.18558e-05
0.00176905
7.14739e-05
0.0017605
9.15224e-05
0.00175043
0.000112053
0.00173878
0.000133219
0.00172551
0.000155045
0.00171054
0.00017771
0.00169382
0.000201208
0.00167527
0.000225761
0.00165481
0.000251317
0.00163237
0.000278156
0.00160785
0.000306165
0.00158116
0.000335704
0.00155223
0.000366544
0.00152092
0.000399209
0.00148718
0.000433197
0.00145087
0.000469468
0.00141196
0.000506656
0.00137023
0.000547492
0.0013259
0.000586221
0.000638149
0.00177484
-0.000137048
0.00178023
-0.000111959
0.00178405
-8.85926e-05
0.00178639
-6.64661e-05
0.0017873
-4.51566e-05
0.00178682
-2.43076e-05
0.00178495
-3.71688e-06
0.00178172
1.66848e-05
0.00177709
3.71565e-05
0.00177106
5.78877e-05
0.0017636
7.89398e-05
0.00175466
0.000100459
0.00174421
0.000122501
0.0017322
0.000145229
0.00171858
0.00016867
0.00170327
0.000193013
0.00168623
0.000218252
0.00166737
0.00024462
0.00164663
0.000272062
0.00162391
0.000300875
0.00159914
0.00033093
0.00157223
0.000362616
0.0015431
0.000395674
0.00151164
0.00043067
0.00147779
0.000467043
0.00144143
0.000505835
0.00140254
0.000545546
0.00136091
0.000589121
0.00131677
0.000630354
0.000685655
0.0017742
-0.00014348
0.00177897
-0.000116727
0.00178219
-9.18159e-05
0.00178396
-6.82325e-05
0.00178432
-4.5518e-05
0.0017833
-2.32949e-05
0.00178093
-1.34356e-06
0.00177721
2.04053e-05
0.00177212
4.22491e-05
0.00176564
6.43707e-05
0.00175773
8.68404e-05
0.00174838
0.000109815
0.00173753
0.000133354
0.00172513
0.00015763
0.00171113
0.00018267
0.00169546
0.000208678
0.00167807
0.000235641
0.00165888
0.000263811
0.00163782
0.00029312
0.00161481
0.000323887
0.00158978
0.000355964
0.00156262
0.000389771
0.00153329
0.00042501
0.00150166
0.000462298
0.0014677
0.000501004
0.00143127
0.000542258
0.0013924
0.000584417
0.00135088
0.000630643
0.00130696
0.000674273
0.000732809
0.00177351
-0.000149222
0.00177761
-0.000120831
0.0017802
-9.44012e-05
0.00178135
-6.93865e-05
0.00178112
-4.529e-05
0.00177955
-2.17165e-05
0.00177664
1.5661e-06
0.00177239
2.46488e-05
0.0017668
4.78432e-05
0.00175983
7.13362e-05
0.00175147
9.52059e-05
0.00174166
0.000119618
0.00173038
0.000144638
0.00171756
0.000170447
0.00170316
0.000197073
0.00168711
0.00022473
0.00166935
0.000253402
0.0016498
0.000283355
0.00162841
0.000314512
0.00160508
0.000347213
0.00157976
0.000381286
0.00155235
0.000417184
0.00152279
0.000454569
0.00149098
0.000494105
0.0014569
0.00053509
0.00142041
0.000578742
0.00138156
0.000623268
0.00134015
0.00067205
0.00129646
0.000717964
0.000779587
0.00177277
-0.000154229
0.00177617
-0.000124228
0.00177808
-9.63075e-05
0.00177858
-6.98887e-05
0.00177772
-4.44349e-05
0.00177554
-1.95358e-05
0.00177206
5.04696e-06
0.00176726
2.94488e-05
0.00176114
5.3971e-05
0.00175366
7.88152e-05
0.0017448
0.000104066
0.00173452
0.000129899
0.00172277
0.000156383
0.00170951
0.000183708
0.00169468
0.000211904
0.00167822
0.000241193
0.00166006
0.000271558
0.00164014
0.000303277
0.00161839
0.000336262
0.00159473
0.000370874
0.0015691
0.000406916
0.00154141
0.000444873
0.00151161
0.000484363
0.00147962
0.000526102
0.0014454
0.000569308
0.00140885
0.00061529
0.00137002
0.000662098
0.00132874
0.000713334
0.00128529
0.000761412
0.000825964
0.001772
-0.000158457
0.00177464
-0.000126876
0.00177583
-9.74941e-05
0.00177564
-6.96997e-05
0.00177412
-4.29155e-05
0.0017713
-1.6719e-05
0.00176721
9.1394e-06
0.00176183
3.48353e-05
0.00175513
6.06644e-05
0.00174711
8.68384e-05
0.00173772
0.000113451
0.00172694
0.000140685
0.00171471
0.000168616
0.00170097
0.00019744
0.00168569
0.000227189
0.00166879
0.000258093
0.00165021
0.000290133
0.00162989
0.000323598
0.00160776
0.000358391
0.00158375
0.000394889
0.00155779
0.000432872
0.00152981
0.000472855
0.00149976
0.000514409
0.00146756
0.000558302
0.00143321
0.000603666
0.00139659
0.000651907
0.00135778
0.000700904
0.00131663
0.000754487
0.00127344
0.000804602
0.000871914
0.00177117
-0.000161863
0.00177303
-0.000128733
0.00177346
-9.79204e-05
0.00177254
-6.87806e-05
0.00177032
-4.0695e-05
0.00176683
-1.32296e-05
0.00176209
1.38775e-05
0.00175608
4.08417e-05
0.00174879
6.7955e-05
0.00174019
9.54364e-05
0.00173026
0.000123389
0.00171894
0.000152006
0.00170619
0.000181365
0.00169196
0.000211669
0.00167619
0.000242953
0.00165883
0.000275455
0.00163981
0.000309152
0.00161907
0.000344343
0.00159654
0.000380921
0.00157215
0.00041928
0.00154585
0.000459173
0.00151755
0.000501147
0.00148724
0.00054472
0.00145483
0.000590716
0.00142032
0.000638171
0.00138364
0.000688595
0.00134485
0.000739685
0.00130384
0.000795502
0.00126092
0.000847519
0.000917415
0.00177031
-0.000164403
0.00177133
-0.000129757
0.00177096
-9.75463e-05
0.00176927
-6.70929e-05
0.00176631
-3.77371e-05
0.00176211
-9.03232e-06
0.0017567
1.92954e-05
0.00175004
4.75014e-05
0.00174212
7.58742e-05
0.00173291
0.00010464
0.00172239
0.000133911
0.00171051
0.000163889
0.00169722
0.000194656
0.00168246
0.000226422
0.00166619
0.000259223
0.00164835
0.000293303
0.00162886
0.000328638
0.00160767
0.000365534
0.00158472
0.000403874
0.00155993
0.000444066
0.00153327
0.000485838
0.00150465
0.000529765
0.00147406
0.00057531
0.00144142
0.000623355
0.00140676
0.000672833
0.00136999
0.000725359
0.00133124
0.000778439
0.00129037
0.000836371
0.00124774
0.000890148
0.000962442
0.0017694
-0.000166033
0.00176955
-0.000129907
0.00176833
-9.63319e-05
0.00176584
-6.45979e-05
0.00176211
-3.40065e-05
0.00175717
-4.09165e-06
0.00175103
2.54271e-05
0.00174369
5.48471e-05
0.00173511
8.44531e-05
0.00172527
0.000114478
0.00171414
0.000145045
0.00170166
0.000176363
0.0016878
0.000208518
0.0016725
0.000241725
0.0016557
0.000276024
0.00163734
0.000311662
0.00161736
0.000348614
0.0015957
0.000387194
0.00157231
0.000427271
0.0015471
0.000469268
0.00152006
0.000512885
0.0014911
0.000558727
0.00146021
0.000606195
0.00142733
0.000656231
0.00139251
0.000707657
0.00135567
0.000762202
0.00131694
0.000817164
0.00127623
0.000877086
0.0012339
0.000932475
0.00100697
0.00176845
-0.000166711
0.00176768
-0.000129141
0.00176559
-9.42378e-05
0.00176224
-6.12572e-05
0.0017577
-2.94664e-05
0.00175199
1.62577e-06
0.00174511
3.2306e-05
0.00173704
6.29115e-05
0.00172777
9.37228e-05
0.00171727
0.000124981
0.0017055
0.00015682
0.0016924
0.000189454
0.00167795
0.000222976
0.00166207
0.000257604
0.00164471
0.00029338
0.00162582
0.000330557
0.00160532
0.000369105
0.00158317
0.000409345
0.00155931
0.000451134
0.00153367
0.000494907
0.00150622
0.000540334
0.0014769
0.000588048
0.00144571
0.000637388
0.00141258
0.000689356
0.00137759
0.000742652
0.00134066
0.000799128
0.00130197
0.000855858
0.00126142
0.000917641
0.00121941
0.000974485
0.00105098
0.00176745
-0.000166395
0.00176573
-0.000127419
0.00176272
-9.12248e-05
0.00175849
-5.70334e-05
0.0017531
-2.40764e-05
0.00174658
8.14645e-06
0.00173892
3.99698e-05
0.0017301
7.17259e-05
0.00172011
0.000103714
0.00170891
0.000136179
0.00169647
0.000169265
0.00168273
0.000203192
0.00166765
0.000238057
0.00165117
0.000274085
0.00163323
0.000311318
0.00161378
0.000350011
0.00159275
0.000390134
0.00157008
0.000432009
0.00154573
0.000475484
0.00151964
0.000521001
0.00149177
0.000568203
0.00146207
0.000617745
0.00143056
0.000668904
0.00139717
0.00072274
0.001362
0.000777824
0.00132499
0.00083614
0.00128633
0.000894518
0.00124594
0.000958027
0.00120427
0.00101616
0.00109444
0.00176641
-0.000165042
0.00176369
-0.000124699
0.00175972
-8.72541e-05
0.00175458
-5.18896e-05
0.00174831
-1.78057e-05
0.00174094
1.5515e-05
0.00173247
4.84452e-05
0.00172287
8.13221e-05
0.00171213
0.000114456
0.00170021
0.0001481
0.00168706
0.000182407
0.00167265
0.000217602
0.00165692
0.000253789
0.00163981
0.000291193
0.00162127
0.000329861
0.00160123
0.000370049
0.00157964
0.000411723
0.00155644
0.000455209
0.00153158
0.000500342
0.00150501
0.000547572
0.00147671
0.00059651
0.00144662
0.000647835
0.00141476
0.000700756
0.00138111
0.000756394
0.00134575
0.000813182
0.00130865
0.000873241
0.00127003
0.000933142
0.00122982
0.000998237
0.00118849
0.00105749
0.00113734
0.00176534
-0.00016261
0.00176158
-0.000120943
0.00175661
-8.22872e-05
0.00175051
-4.57905e-05
0.00174332
-1.06172e-05
0.00173508
2.37646e-05
0.00172576
5.77649e-05
0.00171535
9.17308e-05
0.00170382
0.00012598
0.00169115
0.000160773
0.00167728
0.000196274
0.00166217
0.000232712
0.00164577
0.000270196
0.001628
0.000308954
0.00160883
0.000349034
0.00158819
0.000390694
0.00156601
0.000433897
0.00154226
0.000478967
0.00151687
0.00052573
0.0014898
0.000574638
0.00146104
0.000625275
0.00143054
0.000678334
0.00139834
0.000732958
0.0013644
0.000790329
0.00132885
0.000848732
0.00129166
0.000910435
0.00125307
0.000971726
0.00121304
0.00103826
0.00117207
0.00109846
0.00117965
0.00176422
-0.000159059
0.00175938
-0.000116111
0.00175338
-7.62857e-05
0.00174629
-3.87003e-05
0.00173815
-2.47614e-06
0.00172899
3.29275e-05
0.00171879
6.79623e-05
0.00170754
0.000102983
0.0016952
0.000138315
0.00168175
0.000174228
0.00166713
0.000210894
0.00165129
0.000248549
0.00163418
0.000287305
0.00161575
0.000327393
0.00159592
0.000368862
0.00157464
0.000411969
0.00155186
0.000456676
0.00152753
0.000503304
0.00150159
0.000551669
0.00147401
0.00060222
0.00144477
0.000654514
0.00141384
0.000709258
0.00138128
0.000765526
0.00134705
0.000824555
0.0013113
0.000884481
0.00127401
0.000947725
0.00123547
0.00101027
0.00119563
0.0010781
0.00115504
0.00113906
0.00122136
0.00176306
-0.000154348
0.00175711
-0.000110163
0.00175003
-6.92121e-05
0.00174191
-3.05799e-05
0.00173279
6.64564e-06
0.00172268
4.30395e-05
0.00171157
7.90688e-05
0.00169945
0.000115108
0.00168627
0.000151489
0.00167201
0.000188491
0.00165661
0.000226293
0.00164002
0.000265137
0.00162219
0.00030514
0.00160305
0.000346533
0.00158254
0.000389367
0.00156061
0.000433898
0.0015372
0.000480085
0.00151226
0.000528242
0.00148576
0.000578178
0.00145764
0.000630336
0.00142791
0.000684246
0.00139654
0.000740621
0.0013636
0.000798472
0.00132907
0.000859083
0.00129311
0.000920436
0.00125573
0.000985113
0.00121723
0.00104876
0.00117759
0.00111774
0.00113739
0.00117926
0.00126244
0.00176186
-0.000148436
0.00175475
-0.00010306
0.00174657
-6.10294e-05
0.00173739
-2.13961e-05
0.00172724
1.67871e-05
0.00171615
5.41306e-05
0.00170411
9.11157e-05
0.00169108
0.000128136
0.00167704
0.000165532
0.00166194
0.00020359
0.00164573
0.000242499
0.00162836
0.000282504
0.00160978
0.000323727
0.00158991
0.000366399
0.0015687
0.000410575
0.0015461
0.000456504
0.00152204
0.000504144
0.00149648
0.000553803
0.00146938
0.000605279
0.00144071
0.000659006
0.00141046
0.000714489
0.00137864
0.000772442
0.00134531
0.00083181
0.00131047
0.000893923
0.0012743
0.000956604
0.00123681
0.0010226
0.00119837
0.00108721
0.00115893
0.00115718
0.00111913
0.00121906
0.00130288
0.00176061
-0.000141284
0.00175232
-9.47655e-05
0.00174299
-5.17027e-05
0.00173271
-1.1113e-05
0.00172151
2.7983e-05
0.00170941
6.62317e-05
0.0016964
0.000104133
0.00168243
0.000142097
0.00166749
0.000180471
0.00165153
0.000219552
0.00163449
0.000259537
0.00161632
0.000300674
0.00159696
0.000343089
0.00157635
0.000387015
0.00155441
0.000432506
0.00153111
0.000479808
0.00150638
0.000528876
0.00148017
0.000580008
0.00145246
0.000632992
0.00142322
0.000688248
0.00139245
0.000745261
0.00136016
0.000804734
0.00132641
0.000865554
0.00129125
0.000929085
0.00125486
0.000992992
0.00121727
0.00106019
0.00117888
0.00112559
0.00113965
0.00119641
0.00110028
0.00125843
0.00134267
0.00175933
-0.000132851
0.00174981
-8.52395e-05
0.0017393
-4.11966e-05
0.00172788
3.04925e-07
0.0017156
4.02644e-05
0.00170246
7.93756e-05
0.00168844
0.000118152
0.00167352
0.000157018
0.00165766
0.000196335
0.0016408
0.000236404
0.00162291
0.000277433
0.00160391
0.000319672
0.00158375
0.000363252
0.00156236
0.000408404
0.00153968
0.000455184
0.00151566
0.000503833
0.00149023
0.000554302
0.00146336
0.000606876
0.00143502
0.000661336
0.00140518
0.000718082
0.00137387
0.000776579
0.00134109
0.000837512
0.00130692
0.000899718
0.00127143
0.000964577
0.00123482
0.00102961
0.00119712
0.00109788
0.00115879
0.00116392
0.00111978
0.00123543
0.00108085
0.00129736
0.00138179
0.00175802
-0.000123101
0.00174722
-7.44456e-05
0.0017355
-2.94696e-05
0.00172292
1.28802e-05
0.00170952
5.36695e-05
0.0016953
9.35926e-05
0.00168025
0.0001332
0.00166434
0.000172929
0.00164752
0.00021315
0.00162976
0.000254172
0.00161098
0.000296211
0.00159113
0.000339521
0.00157014
0.000384237
0.00154796
0.000430588
0.00152451
0.000478631
0.00149975
0.000528599
0.00147361
0.000580442
0.00144605
0.000634428
0.00141706
0.00069033
0.00138662
0.000748526
0.00135474
0.00080846
0.00132145
0.000870793
0.00128686
0.000934315
0.00125103
0.00100041
0.00121418
0.00106646
0.00117638
0.00113568
0.00113811
0.00120219
0.00109932
0.00127422
0.00106085
0.00133582
0.00142025
0.00175666
-0.000111993
0.00174456
-6.23471e-05
0.00173158
-1.64925e-05
0.00171781
2.66578e-05
0.00170325
6.82237e-05
0.00168793
0.000108914
0.00167182
0.000149307
0.0016549
0.000189857
0.0016371
0.000230942
0.0016184
0.00027288
0.00159871
0.000315896
0.00157799
0.000360245
0.00155616
0.000406067
0.00153316
0.000453589
0.00150892
0.000502868
0.00148339
0.000554128
0.00145652
0.000607316
0.00142826
0.000662683
0.0013986
0.000719993
0.00136753
0.000779597
0.00133507
0.000840921
0.00130127
0.000904591
0.00126623
0.000969358
0.00123005
0.00103659
0.00119295
0.00110355
0.00115505
0.00117358
0.00111685
0.00124039
0.00107828
0.0013128
0.0010403
0.00137381
0.00145804
0.00175526
-9.94908e-05
0.00174183
-4.89087e-05
0.00172756
-2.22896e-06
0.00171255
4.16694e-05
0.00169682
8.39583e-05
0.00168036
0.000125367
0.00166317
0.000166502
0.0016452
0.000207828
0.0016264
0.000249736
0.00160673
0.000292553
0.00158611
0.00033651
0.00156449
0.000381866
0.0015418
0.000428764
0.00151796
0.000477427
0.00149291
0.000527914
0.0014666
0.000580438
0.00143897
0.000634942
0.00141
0.000691659
0.00137965
0.000750343
0.00134793
0.000811312
0.00131488
0.000873977
0.00128055
0.00093892
0.00124505
0.00100486
0.00120851
0.00107313
0.00117116
0.00114089
0.00113317
0.00121158
0.00109503
0.00127853
0.00105669
0.00135113
0.00101921
0.00141128
0.00149519
0.00175383
-8.55566e-05
0.00173902
-3.40936e-05
0.00172344
1.33526e-05
0.00170716
5.79467e-05
0.00169021
0.000100905
0.0016726
0.000142983
0.00165429
0.00018481
0.00163525
0.000226868
0.00161543
0.000269559
0.00159476
0.000313215
0.0015732
0.000358077
0.00155066
0.000404406
0.00152707
0.000452347
0.00150238
0.000502123
0.0014765
0.000553789
0.00144939
0.000607549
0.001421
0.00066334
0.00139128
0.000721374
0.00136023
0.000781396
0.00132785
0.000843687
0.00129419
0.000907644
0.00125931
0.000973795
0.00122334
0.00104083
0.00118643
0.00111003
0.00114883
0.0011785
0.00111073
0.00124967
0.00107266
0.00131661
0.00103457
0.00138923
0.000997616
0.00144824
0.00153174
0.00175236
-7.0154e-05
0.00173614
-1.78681e-05
0.0017192
3.0287e-05
0.00170163
7.55198e-05
0.00168344
0.000119093
0.00166464
0.000161788
0.00164519
0.000204259
0.00162505
0.000247002
0.00160418
0.000290432
0.00158251
0.000334887
0.00155997
0.000380617
0.00153649
0.000427884
0.001512
0.000476837
0.00148643
0.000527693
0.00145971
0.000580509
0.00143178
0.000635475
0.0014026
0.000692523
0.00137213
0.000751843
0.00134036
0.000813166
0.00130731
0.000876737
0.00127302
0.000941935
0.00123759
0.00100923
0.00120113
0.00107729
0.00116385
0.00114731
0.00112598
0.00121636
0.00108779
0.00128787
0.00104977
0.00135462
0.00101194
0.00142706
0.000975538
0.00148464
0.00156775
0.00175086
-5.32471e-05
0.00173319
-1.97592e-07
0.00171487
4.86063e-05
0.00169597
9.4419e-05
0.00167651
0.000138551
0.00165649
0.00018181
0.00163588
0.000224874
0.00161462
0.000268255
0.00159268
0.000312378
0.00156997
0.000357591
0.00154644
0.00040415
0.00152201
0.000452318
0.00149659
0.000502249
0.00147013
0.000554155
0.00144255
0.000608089
0.0014138
0.000664231
0.00138381
0.000722506
0.00135258
0.000783078
0.00132008
0.000845666
0.00128634
0.000910472
0.00125142
0.000976861
0.00121542
0.00104523
0.00117847
0.00111424
0.0011408
0.00118498
0.00110266
0.0012545
0.00106437
0.00132615
0.00102641
0.00139259
0.000988865
0.0014646
0.000953009
0.0015205
0.00160331
0.00174932
-3.47998e-05
0.00173017
1.89493e-05
0.00171044
6.83427e-05
0.00169018
0.000114674
0.00166942
0.000159307
0.00164816
0.000203075
0.00162636
0.000246679
0.00160396
0.000290648
0.00158092
0.000335419
0.00155717
0.000381346
0.00153262
0.000428694
0.00150721
0.000477727
0.00148086
0.0005286
0.0014535
0.000581521
0.00142504
0.000636543
0.00139544
0.00069383
0.00136465
0.0007533
0.00133264
0.000815088
0.0012994
0.000878905
0.00126497
0.000944902
0.0012294
0.00101243
0.00119283
0.0010818
0.00115538
0.00115168
0.00111733
0.00122303
0.00107891
0.00129292
0.00104053
0.00136453
0.0010026
0.00143051
0.000965377
0.00150183
0.000930054
0.00155582
0.00163859
0.00174775
-1.47784e-05
0.00172709
3.96069e-05
0.0017059
8.95257e-05
0.00168426
0.000136314
0.00166218
0.000181389
0.00163965
0.000225608
0.00161663
0.000269699
0.00159307
0.000314205
0.00156892
0.000359576
0.00154409
0.000406173
0.00151852
0.000454268
0.00149212
0.000504126
0.00146481
0.000555906
0.00143652
0.000609808
0.00140718
0.000665884
0.00137673
0.000724282
0.00134512
0.000784913
0.00131232
0.000847884
0.00127834
0.000912889
0.00124321
0.00098003
0.00120699
0.00104864
0.00116984
0.00111896
0.00113189
0.00118963
0.00109345
0.00126147
0.00105475
0.00133162
0.00101629
0.001403
0.000978405
0.0014684
0.000941551
0.00153868
0.000906696
0.00159067
0.00167378
0.00174614
6.85085e-06
0.00172394
6.18063e-05
0.00170128
0.000112184
0.00167823
0.000159366
0.0016548
0.00020482
0.00163097
0.000249431
0.00160672
0.000293953
0.00158198
0.000338943
0.00155669
0.000384864
0.00153078
0.000432085
0.00150417
0.000480883
0.00147677
0.000531525
0.0014485
0.000584172
0.00141929
0.000639018
0.00138907
0.000696112
0.00135776
0.000755585
0.00132533
0.000817342
0.00129176
0.000881454
0.00125705
0.000947607
0.00122123
0.00101584
0.00118439
0.00108549
0.00114667
0.00115667
0.00110824
0.00122806
0.00106943
0.00130029
0.00103047
0.00137058
0.000991941
0.00144152
0.000954106
0.00150624
0.000917695
0.00157509
0.000883205
0.00162517
0.00170935
0.0017445
0.00172073
0.00169658
0.0016721
0.0016473
0.00162218
0.00159669
0.00157077
0.00154436
0.00151739
0.00148976
0.0014614
0.00143222
0.00140214
0.00137109
0.001339
0.00130584
0.00127157
0.0012362
0.00119978
0.00116237
0.00112415
0.00108527
0.00104609
0.00100683
0.000968177
0.000930257
0.000894324
0.000859878
0.0017445
-6.85149e-06
3.01182e-05
0.00172073
-6.18077e-05
8.55751e-05
0.00169658
-0.000112185
0.000136342
0.0016721
-0.000159367
0.000183848
0.0016473
-0.000204821
0.000229615
0.00162218
-0.000249431
0.000274553
0.00159669
-0.000293952
0.000319442
0.00157077
-0.000338942
0.000364857
0.00154436
-0.000384862
0.00041127
0.00151739
-0.000432081
0.000459058
0.00148976
-0.000480879
0.000508507
0.0014614
-0.00053152
0.000559882
0.00143222
-0.000584167
0.000613348
0.00140214
-0.000639013
0.000669091
0.00137109
-0.000696106
0.000727158
0.001339
-0.000755579
0.000787663
0.00130584
-0.000817335
0.000850502
0.00127157
-0.000881448
0.000915714
0.0012362
-0.000947601
0.000982972
0.00119978
-0.00101584
0.00105226
0.00116237
-0.00108548
0.00112289
0.00112415
-0.00115666
0.00119488
0.00108528
-0.00122805
0.00126693
0.0010461
-0.00130028
0.00133946
0.00100684
-0.00137058
0.00140984
0.000968179
-0.00144152
0.00148018
0.000930259
-0.00150623
0.00154415
0.000894326
-0.00157508
0.00161102
0.000859881
-0.00162516
0.0016596
-0.00170935
0.00174628
0.00174614
1.47777e-05
0.00172394
-3.96083e-05
0.00170128
-8.95271e-05
0.00167823
-0.000136315
0.0016548
-0.00018139
0.00163097
-0.000225608
0.00160672
-0.000269698
0.00158198
-0.000314203
0.00155669
-0.000359573
0.00153078
-0.00040617
0.00150417
-0.000454264
0.00147677
-0.000504122
0.0014485
-0.000555901
0.00141929
-0.000609803
0.00138907
-0.000665879
0.00135776
-0.000724276
0.00132533
-0.000784907
0.00129176
-0.000847877
0.00125705
-0.000912883
0.00122123
-0.000980024
0.00118439
-0.00104864
0.00114667
-0.00111895
0.00110825
-0.00118962
0.00106943
-0.00126147
0.00103047
-0.00133162
0.000991943
-0.00140299
0.000954108
-0.00146839
0.000917698
-0.00153867
0.000883208
-0.00159067
-0.00167377
0.00174775
3.47992e-05
0.00172709
-1.89506e-05
0.0017059
-6.83442e-05
0.00168426
-0.000114675
0.00166218
-0.000159308
0.00163965
-0.000203075
0.00161663
-0.000246678
0.00159307
-0.000290646
0.00156892
-0.000335416
0.00154409
-0.000381343
0.00151852
-0.00042869
0.00149212
-0.000477722
0.00146481
-0.000528596
0.00143652
-0.000581516
0.00140718
-0.000636538
0.00137673
-0.000693824
0.00134512
-0.000753293
0.00131232
-0.000815082
0.00127834
-0.000878899
0.00124321
-0.000944895
0.00120699
-0.00101242
0.00116984
-0.0010818
0.0011319
-0.00115168
0.00109345
-0.00122303
0.00105476
-0.00129292
0.00101629
-0.00136453
0.000978407
-0.00143051
0.000941553
-0.00150182
0.000906698
-0.00155581
-0.00163859
0.00174932
5.32465e-05
0.00173017
1.96232e-07
0.00171044
-4.86078e-05
0.00169018
-9.44201e-05
0.00166942
-0.000138552
0.00164816
-0.00018181
0.00162636
-0.000224873
0.00160396
-0.000268253
0.00158092
-0.000312376
0.00155717
-0.000357588
0.00153262
-0.000404147
0.00150721
-0.000452314
0.00148086
-0.000502245
0.0014535
-0.000554149
0.00142504
-0.000608084
0.00139544
-0.000664226
0.00136465
-0.0007225
0.00133264
-0.000783071
0.0012994
-0.00084566
0.00126497
-0.000910466
0.0012294
-0.000976854
0.00119283
-0.00104522
0.00115538
-0.00111423
0.00111733
-0.00118497
0.00107891
-0.0012545
0.00104053
-0.00132615
0.0010026
-0.00139258
0.000965379
-0.0014646
0.000930057
-0.00152049
-0.00160331
0.00175086
7.01533e-05
0.00173319
1.78667e-05
0.00171487
-3.02885e-05
0.00169597
-7.55209e-05
0.00167651
-0.000119093
0.00165649
-0.000161788
0.00163588
-0.000204258
0.00161462
-0.000247001
0.00159268
-0.000290429
0.00156997
-0.000334884
0.00154644
-0.000380614
0.00152201
-0.00042788
0.00149659
-0.000476832
0.00147013
-0.000527688
0.00144255
-0.000580503
0.0014138
-0.000635469
0.00138381
-0.000692518
0.00135258
-0.000751837
0.00132008
-0.00081316
0.00128634
-0.000876731
0.00125142
-0.000941929
0.00121542
-0.00100922
0.00117847
-0.00107728
0.00114081
-0.00114731
0.00110266
-0.00121636
0.00106438
-0.00128786
0.00102641
-0.00135462
0.000988867
-0.00142705
0.000953011
-0.00148464
-0.00156774
0.00175236
8.55559e-05
0.00173614
3.40923e-05
0.0017192
-1.33541e-05
0.00170163
-5.79479e-05
0.00168344
-0.000100905
0.00166464
-0.000142983
0.00164519
-0.000184809
0.00162505
-0.000226867
0.00160418
-0.000269556
0.00158251
-0.000313212
0.00155997
-0.000358074
0.00153649
-0.000404402
0.001512
-0.000452343
0.00148643
-0.000502118
0.00145971
-0.000553783
0.00143178
-0.000607543
0.0014026
-0.000663334
0.00137213
-0.000721368
0.00134036
-0.00078139
0.00130731
-0.000843681
0.00127302
-0.000907638
0.00123759
-0.000973789
0.00120113
-0.00104083
0.00116385
-0.00111003
0.00112599
-0.00117849
0.00108779
-0.00124967
0.00104978
-0.0013166
0.00101195
-0.00138922
0.00097554
-0.00144823
-0.00153174
0.00175383
9.94902e-05
0.00173902
4.89073e-05
0.00172344
2.22747e-06
0.00170716
-4.16706e-05
0.00169021
-8.39589e-05
0.0016726
-0.000125367
0.00165429
-0.000166501
0.00163525
-0.000207826
0.00161543
-0.000249734
0.00159476
-0.000292551
0.0015732
-0.000336507
0.00155066
-0.000381862
0.00152707
-0.000428759
0.00150238
-0.000477422
0.0014765
-0.000527909
0.00144939
-0.000580433
0.001421
-0.000634937
0.00139128
-0.000691653
0.00136023
-0.000750337
0.00132785
-0.000811306
0.00129419
-0.000873971
0.00125931
-0.000938914
0.00122334
-0.00100485
0.00118643
-0.00107312
0.00114883
-0.00114089
0.00111074
-0.00121157
0.00107266
-0.00127853
0.00103457
-0.00135113
0.000997618
-0.00141128
-0.00149519
0.00175526
0.000111993
0.00174183
6.23458e-05
0.00172756
1.6491e-05
0.00171255
-2.6659e-05
0.00169682
-6.82244e-05
0.00168036
-0.000108914
0.00166317
-0.000149307
0.0016452
-0.000189855
0.0016264
-0.00023094
0.00160673
-0.000272877
0.00158611
-0.000315892
0.00156449
-0.000360241
0.0015418
-0.000406062
0.00151796
-0.000453584
0.00149291
-0.000502863
0.0014666
-0.000554123
0.00143898
-0.00060731
0.00141
-0.000662677
0.00137965
-0.000719987
0.00134793
-0.000779591
0.00131488
-0.000840915
0.00128055
-0.000904585
0.00124505
-0.000969352
0.00120851
-0.00103658
0.00117117
-0.00110355
0.00113317
-0.00117357
0.00109503
-0.00124039
0.00105669
-0.00131279
0.00101921
-0.0013738
-0.00145804
0.00175666
0.0001231
0.00174456
7.44442e-05
0.00173158
2.94681e-05
0.00171781
-1.28814e-05
0.00170325
-5.36702e-05
0.00168793
-9.35927e-05
0.00167182
-0.000133199
0.0016549
-0.000172928
0.0016371
-0.000213148
0.0016184
-0.000254169
0.00159871
-0.000296208
0.00157799
-0.000339517
0.00155616
-0.000384232
0.00153316
-0.000430583
0.00150892
-0.000478626
0.00148339
-0.000528594
0.00145652
-0.000580436
0.00142826
-0.000634422
0.0013986
-0.000690324
0.00136753
-0.00074852
0.00133507
-0.000808454
0.00130127
-0.000870788
0.00126623
-0.000934309
0.00123005
-0.0010004
0.00119295
-0.00106645
0.00115506
-0.00113567
0.00111685
-0.00120219
0.00107828
-0.00127422
0.0010403
-0.00133582
-0.00142024
0.00175802
0.000132851
0.00174722
8.52381e-05
0.0017355
4.11951e-05
0.00172292
-3.06149e-07
0.00170952
-4.02652e-05
0.0016953
-7.93757e-05
0.00168025
-0.000118151
0.00166434
-0.000157017
0.00164752
-0.000196333
0.00162976
-0.000236401
0.00161098
-0.000277429
0.00159113
-0.000319668
0.00157014
-0.000363247
0.00154796
-0.000408399
0.00152451
-0.000455179
0.00149975
-0.000503828
0.00147361
-0.000554296
0.00144606
-0.00060687
0.00141706
-0.00066133
0.00138662
-0.000718077
0.00135474
-0.000776573
0.00132146
-0.000837507
0.00128686
-0.000899712
0.00125103
-0.000964571
0.00121418
-0.0010296
0.00117638
-0.00109788
0.00113811
-0.00116392
0.00109932
-0.00123542
0.00106085
-0.00129735
-0.00138178
0.00175933
0.000141283
0.00174981
9.47641e-05
0.0017393
5.17011e-05
0.00172788
1.11118e-05
0.0017156
-2.79838e-05
0.00170246
-6.62318e-05
0.00168844
-0.000104133
0.00167352
-0.000142095
0.00165766
-0.000180469
0.0016408
-0.000219549
0.00162291
-0.000259534
0.00160391
-0.00030067
0.00158375
-0.000343085
0.00156236
-0.000387011
0.00153968
-0.000432501
0.00151566
-0.000479803
0.00149023
-0.000528871
0.00146336
-0.000580002
0.00143502
-0.000632986
0.00140519
-0.000688243
0.00137387
-0.000745255
0.00134109
-0.000804728
0.00130693
-0.000865548
0.00127143
-0.000929079
0.00123482
-0.000992987
0.00119713
-0.00106019
0.0011588
-0.00112559
0.00111978
-0.00119641
0.00108085
-0.00125842
-0.00134266
0.00176061
0.000148435
0.00175232
0.000103059
0.00174299
6.10278e-05
0.00173271
2.13949e-05
0.00172151
-1.67879e-05
0.00170941
-5.41307e-05
0.0016964
-9.11151e-05
0.00168243
-0.000128135
0.0016675
-0.00016553
0.00165153
-0.000203587
0.00163449
-0.000242496
0.00161633
-0.0002825
0.00159696
-0.000323722
0.00157635
-0.000366395
0.00155442
-0.00041057
0.00153111
-0.000456499
0.00150638
-0.000504139
0.00148017
-0.000553798
0.00145246
-0.000605274
0.00142322
-0.000659
0.00139245
-0.000714483
0.00136016
-0.000772436
0.00132641
-0.000831804
0.00129125
-0.000893918
0.00125486
-0.000956599
0.00121727
-0.0010226
0.00117888
-0.0010872
0.00113965
-0.00115718
0.00110028
-0.00121905
-0.00130288
0.00176186
0.000154347
0.00175475
0.000110161
0.00174657
6.92105e-05
0.00173739
3.05786e-05
0.00172724
-6.64643e-06
0.00171615
-4.30397e-05
0.00170411
-7.90683e-05
0.00169108
-0.000115106
0.00167704
-0.000151487
0.00166194
-0.000188488
0.00164573
-0.00022629
0.00162836
-0.000265134
0.00160978
-0.000305136
0.00158991
-0.000346528
0.0015687
-0.000389363
0.0015461
-0.000433893
0.00152204
-0.00048008
0.00149648
-0.000528237
0.00146938
-0.000578173
0.00144071
-0.00063033
0.00141046
-0.00068424
0.00137864
-0.000740616
0.00134531
-0.000798466
0.00131047
-0.000859078
0.0012743
-0.000920431
0.00123681
-0.000985108
0.00119837
-0.00104876
0.00115893
-0.00111774
0.00111913
-0.00117926
-0.00126244
0.00176306
0.000159059
0.00175711
0.000116109
0.00175003
7.62842e-05
0.00174191
3.8699e-05
0.00173279
2.47533e-06
0.00172268
-3.29276e-05
0.00171157
-6.79617e-05
0.00169945
-0.000102981
0.00168627
-0.000138313
0.00167201
-0.000174225
0.00165661
-0.000210891
0.00164002
-0.000248545
0.00162219
-0.000287301
0.00160305
-0.000327388
0.00158254
-0.000368857
0.00156061
-0.000411964
0.0015372
-0.000456671
0.00151227
-0.000503299
0.00148576
-0.000551663
0.00145764
-0.000602214
0.00142791
-0.000654508
0.00139654
-0.000709252
0.0013636
-0.00076552
0.00132907
-0.00082455
0.00129312
-0.000884476
0.00125573
-0.00094772
0.00121723
-0.00101026
0.00117759
-0.0010781
0.00113739
-0.00113905
-0.00122135
0.00176422
0.00016261
0.00175938
0.000120942
0.00175338
8.22857e-05
0.00174629
4.57892e-05
0.00173815
1.06164e-05
0.00172899
-2.37648e-05
0.00171879
-5.77644e-05
0.00170754
-9.17296e-05
0.0016952
-0.000125978
0.00168175
-0.000160771
0.00166713
-0.000196271
0.00165129
-0.000232709
0.00163419
-0.000270192
0.00161575
-0.00030895
0.00159592
-0.000349029
0.00157464
-0.000390689
0.00155186
-0.000433891
0.00152753
-0.000478961
0.00150159
-0.000525725
0.00147401
-0.000574633
0.00144477
-0.000625269
0.00141384
-0.000678329
0.00138128
-0.000732953
0.00134705
-0.000790324
0.0013113
-0.000848727
0.00127401
-0.00091043
0.00123547
-0.000971722
0.00119563
-0.00103826
0.00115504
-0.00109846
-0.00117965
0.00176534
0.000165041
0.00176158
0.000124698
0.00175661
8.72526e-05
0.00175051
5.18883e-05
0.00174332
1.78048e-05
0.00173508
-1.55152e-05
0.00172576
-4.84447e-05
0.00171535
-8.13209e-05
0.00170382
-0.000114454
0.00169115
-0.000148097
0.00167728
-0.000182404
0.00166217
-0.000217599
0.00164577
-0.000253785
0.001628
-0.000291189
0.00160883
-0.000329856
0.00158819
-0.000370044
0.00156601
-0.000411718
0.00154226
-0.000455204
0.00151687
-0.000500337
0.0014898
-0.000547567
0.00146104
-0.000596505
0.00143054
-0.00064783
0.00139834
-0.000700751
0.0013644
-0.000756389
0.00132885
-0.000813177
0.00129166
-0.000873236
0.00125307
-0.000933138
0.00121305
-0.000998233
0.00117208
-0.00105749
-0.00113734
0.00176641
0.000166394
0.00176369
0.000127417
0.00175972
9.12233e-05
0.00175458
5.70321e-05
0.00174831
2.40755e-05
0.00174094
-8.14668e-06
0.00173247
-3.99693e-05
0.00172287
-7.17248e-05
0.00171213
-0.000103712
0.00170021
-0.000136176
0.00168706
-0.000169262
0.00167265
-0.000203188
0.00165692
-0.000238053
0.00163981
-0.000274081
0.00162127
-0.000311313
0.00160123
-0.000350006
0.00157964
-0.000390129
0.00155644
-0.000432004
0.00153159
-0.000475479
0.00150501
-0.000520996
0.00147671
-0.000568198
0.00144662
-0.00061774
0.00141477
-0.000668899
0.00138111
-0.000722735
0.00134575
-0.000777819
0.00130865
-0.000836135
0.00127003
-0.000894514
0.00122982
-0.000958023
0.00118849
-0.00101616
-0.00109444
0.00176745
0.000166711
0.00176573
0.00012914
0.00176272
9.42362e-05
0.00175849
6.12558e-05
0.0017531
2.94655e-05
0.00174658
-1.62602e-06
0.00173892
-3.23056e-05
0.0017301
-6.29104e-05
0.00172011
-9.3721e-05
0.00170891
-0.000124979
0.00169647
-0.000156817
0.00168273
-0.000189451
0.00166765
-0.000222972
0.00165117
-0.0002576
0.00163323
-0.000293375
0.00161378
-0.000330552
0.00159275
-0.0003691
0.00157009
-0.000409339
0.00154574
-0.000451129
0.00151964
-0.000494902
0.00149177
-0.000540329
0.00146207
-0.000588043
0.00143056
-0.000637383
0.00139718
-0.000689351
0.001362
-0.000742647
0.00132499
-0.000799123
0.00128633
-0.000855854
0.00124594
-0.000917637
0.00120427
-0.000974481
-0.00105097
0.00176845
0.000166033
0.00176768
0.000129906
0.00176559
9.63303e-05
0.00176224
6.45966e-05
0.0017577
3.40056e-05
0.00175199
4.09138e-06
0.00174511
-2.54267e-05
0.00173704
-5.4846e-05
0.00172777
-8.44514e-05
0.00171727
-0.000114475
0.0017055
-0.000145042
0.0016924
-0.000176359
0.00167795
-0.000208514
0.00166207
-0.000241721
0.00164471
-0.000276019
0.00162582
-0.000311658
0.00160532
-0.000348609
0.00158317
-0.000387189
0.00155931
-0.000427266
0.00153367
-0.000469263
0.00150622
-0.00051288
0.0014769
-0.000558722
0.00144571
-0.00060619
0.00141259
-0.000656227
0.00137759
-0.000707652
0.00134067
-0.000762197
0.00130197
-0.00081716
0.00126142
-0.000877082
0.00121941
-0.000932471
-0.00100697
0.0017694
0.000164402
0.00176955
0.000129756
0.00176833
9.75447e-05
0.00176584
6.70915e-05
0.00176211
3.77362e-05
0.00175717
9.03204e-06
0.00175103
-1.9295e-05
0.00174369
-4.75003e-05
0.00173511
-7.58724e-05
0.00172527
-0.000104637
0.00171414
-0.000133908
0.00170166
-0.000163886
0.0016878
-0.000194652
0.0016725
-0.000226418
0.0016557
-0.000259218
0.00163734
-0.000293298
0.00161736
-0.000328633
0.0015957
-0.000365529
0.00157231
-0.000403869
0.0015471
-0.000444061
0.00152006
-0.000485833
0.0014911
-0.00052976
0.00146021
-0.000575306
0.00142734
-0.00062335
0.00139251
-0.000672828
0.00135567
-0.000725354
0.00131694
-0.000778435
0.00127623
-0.000836367
0.0012339
-0.000890145
-0.000962438
0.00177031
0.000161862
0.00177133
0.000128732
0.00177096
9.79188e-05
0.00176927
6.87793e-05
0.00176631
4.06941e-05
0.00176211
1.32293e-05
0.0017567
-1.38771e-05
0.00175004
-4.08407e-05
0.00174212
-6.79533e-05
0.00173291
-9.54341e-05
0.00172239
-0.000123387
0.00171051
-0.000152003
0.00169722
-0.000181361
0.00168246
-0.000211665
0.0016662
-0.000242949
0.00164835
-0.00027545
0.00162886
-0.000309147
0.00160767
-0.000344338
0.00158472
-0.000380916
0.00155993
-0.000419274
0.00153327
-0.000459168
0.00150465
-0.000501142
0.00147406
-0.000544715
0.00144142
-0.000590711
0.00140676
-0.000638167
0.00136999
-0.000688591
0.00133124
-0.000739681
0.00129037
-0.000795498
0.00124774
-0.000847515
-0.000917412
0.00177117
0.000158457
0.00177303
0.000126875
0.00177346
9.74925e-05
0.00177254
6.96983e-05
0.00177032
4.29146e-05
0.00176683
1.67187e-05
0.00176209
-9.13905e-06
0.00175608
-3.48343e-05
0.00174879
-6.06627e-05
0.00174019
-8.68361e-05
0.00173026
-0.000113448
0.00171894
-0.000140682
0.00170619
-0.000168612
0.00169196
-0.000197436
0.00167619
-0.000227184
0.00165883
-0.000258088
0.00163981
-0.000290129
0.00161907
-0.000323594
0.00159654
-0.000358386
0.00157215
-0.000394884
0.00154585
-0.000432867
0.00151755
-0.000472851
0.00148724
-0.000514404
0.00145483
-0.000558297
0.00142032
-0.000603661
0.00138364
-0.000651903
0.00134486
-0.0007009
0.00130384
-0.000754483
0.00126092
-0.000804598
-0.000871911
0.001772
0.000154228
0.00177464
0.000124226
0.00177583
9.63059e-05
0.00177564
6.98873e-05
0.00177412
4.4434e-05
0.00177131
1.95355e-05
0.00176721
-5.04663e-06
0.00176183
-2.94479e-05
0.00175513
-5.39693e-05
0.00174711
-7.88129e-05
0.00173772
-0.000104063
0.00172694
-0.000129896
0.00171471
-0.00015638
0.00170097
-0.000183704
0.00168569
-0.000211899
0.00166879
-0.000241188
0.00165021
-0.000271553
0.00162989
-0.000303272
0.00160776
-0.000336257
0.00158375
-0.000370869
0.00155779
-0.000406911
0.00152981
-0.000444869
0.00149976
-0.000484359
0.00146756
-0.000526098
0.00143321
-0.000569304
0.00139659
-0.000615286
0.00135778
-0.000662094
0.00131663
-0.00071333
0.00127344
-0.000761408
-0.00082596
0.00177277
0.000149221
0.00177617
0.000120829
0.00177808
9.43996e-05
0.00177858
6.93852e-05
0.00177772
4.52891e-05
0.00177554
2.17162e-05
0.00177206
-1.56578e-06
0.00176726
-2.46479e-05
0.00176114
-4.78415e-05
0.00175366
-7.13339e-05
0.0017448
-9.52031e-05
0.00173452
-0.000119615
0.00172277
-0.000144635
0.00170951
-0.000170443
0.00169468
-0.000197069
0.00167822
-0.000224725
0.00166006
-0.000253397
0.00164014
-0.00028335
0.00161839
-0.000314507
0.00159473
-0.000347208
0.0015691
-0.000381281
0.00154141
-0.000417179
0.00151161
-0.000454564
0.00147962
-0.0004941
0.0014454
-0.000535086
0.00140885
-0.000578738
0.00137002
-0.000623264
0.00132874
-0.000672046
0.00128529
-0.000717961
-0.000779584
0.00177351
0.000143479
0.00177761
0.000116725
0.0017802
9.18143e-05
0.00178135
6.82311e-05
0.00178112
4.5517e-05
0.00177955
2.32946e-05
0.00177664
1.34387e-06
0.00177239
-2.04044e-05
0.0017668
-4.22475e-05
0.00175983
-6.43684e-05
0.00175147
-8.68376e-05
0.00174166
-0.000109811
0.00173038
-0.00013335
0.00171756
-0.000157626
0.00170316
-0.000182666
0.00168711
-0.000208674
0.00166935
-0.000235637
0.0016498
-0.000263806
0.00162841
-0.000293115
0.00160508
-0.000323882
0.00157976
-0.000355959
0.00155235
-0.000389766
0.00152279
-0.000425006
0.00149098
-0.000462293
0.0014569
-0.000501
0.00142041
-0.000542254
0.00138156
-0.000584413
0.00134016
-0.00063064
0.00129646
-0.000674269
-0.000732806
0.0017742
0.000137048
0.00177897
0.000111958
0.00178219
8.8591e-05
0.00178396
6.64647e-05
0.00178432
4.51556e-05
0.0017833
2.43072e-05
0.00178093
3.71716e-06
0.00177721
-1.66839e-05
0.00177212
-3.71549e-05
0.00176564
-5.78855e-05
0.00175773
-7.8937e-05
0.00174838
-0.000100456
0.00173753
-0.000122497
0.00172513
-0.000145225
0.00171113
-0.000168665
0.00169546
-0.000193009
0.00167807
-0.000218247
0.00165888
-0.000244615
0.00163782
-0.000272057
0.00161481
-0.00030087
0.00158978
-0.000330925
0.00156262
-0.000362612
0.00153329
-0.000395669
0.00150166
-0.000430665
0.0014677
-0.000467038
0.00143127
-0.000505831
0.0013924
-0.000545542
0.00135088
-0.000589118
0.00130696
-0.00063035
-0.000685652
0.00177484
0.000129971
0.00178023
0.00010657
0.00178405
8.47711e-05
0.00178639
6.41254e-05
0.0017873
4.42432e-05
0.00178682
2.47934e-05
0.00178495
5.58331e-06
0.00178172
-1.34498e-05
0.00177709
-3.25314e-05
0.00177106
-5.18536e-05
0.0017636
-7.14711e-05
0.00175466
-9.15191e-05
0.00174421
-0.000112049
0.0017322
-0.000133215
0.00171858
-0.00015504
0.00170327
-0.000177706
0.00168623
-0.000201204
0.00166737
-0.000225756
0.00164663
-0.000251313
0.00162391
-0.000278152
0.00159914
-0.00030616
0.00157223
-0.000335699
0.0015431
-0.00036654
0.00151164
-0.000399204
0.00147779
-0.000433193
0.00144143
-0.000469464
0.00140254
-0.000506653
0.00136091
-0.000547488
0.00131677
-0.000586218
-0.000638146
0.00177544
0.000122293
0.00178141
0.000100604
0.00178578
8.03962e-05
0.00178866
6.12533e-05
0.00179008
4.28186e-05
0.00179009
2.47889e-05
0.00178869
6.97805e-06
0.00178591
-1.06687e-05
0.00178172
-2.8344e-05
0.00177611
-4.62416e-05
0.00176905
-6.44096e-05
0.0017605
-8.29724e-05
0.00175043
-0.000101977
0.00173878
-0.000121567
0.00172551
-0.000141765
0.00171054
-0.000162739
0.00169382
-0.000184483
0.00167527
-0.000207204
0.00165481
-0.000230859
0.00163237
-0.000255705
0.00160785
-0.000281645
0.00158116
-0.000309011
0.00155223
-0.000337603
0.00152092
-0.000367899
0.00148718
-0.000399455
0.00145087
-0.000433149
0.00141196
-0.000467746
0.00137023
-0.000505759
0.0013259
-0.000541887
-0.000590314
0.001776
0.000114061
0.0017825
9.41049e-05
0.00178739
7.5508e-05
0.00179075
5.78884e-05
0.00179265
4.09207e-05
0.00179311
2.43298e-05
0.00179215
7.93697e-06
0.00178979
-8.30615e-06
0.001786
-2.45596e-05
0.00178078
-4.10176e-05
0.00177409
-5.77221e-05
0.00176591
-7.4786e-05
0.00175618
-9.22524e-05
0.00174487
-0.000110254
0.00173192
-0.000128812
0.00171726
-0.000148082
0.00170084
-0.00016806
0.00168257
-0.000188936
0.00166238
-0.000210674
0.00164019
-0.00023351
0.0016159
-0.000257362
0.00158942
-0.00028253
0.00156066
-0.000308844
0.0015295
-0.000336736
0.00149586
-0.000365816
0.0014596
-0.000396883
0.00142067
-0.000428823
0.00137885
-0.000463937
0.00133434
-0.000497374
-0.00054218
0.00177651
0.000105319
0.0017835
8.71153e-05
0.00178886
7.01486e-05
0.00179268
5.4071e-05
0.00179501
3.85881e-05
0.00179588
2.34532e-05
0.00179533
8.49548e-06
0.00179335
-6.32754e-06
0.00178993
-2.11452e-05
0.00178507
-3.615e-05
0.00177872
-5.13779e-05
0.00177087
-6.69305e-05
0.00176146
-8.28469e-05
0.00175045
-9.92492e-05
0.0017378
-0.000116156
0.00172343
-0.00013371
0.00170728
-0.00015191
0.00168927
-0.000170929
0.00166933
-0.000190736
0.00164737
-0.000211546
0.0016233
-0.00023329
0.00159701
-0.00025624
0.00156841
-0.000280248
0.00153738
-0.000305705
0.00150383
-0.000332269
0.00146761
-0.000360661
0.00142867
-0.000389885
0.00138677
-0.000422031
0.00134208
-0.000452692
-0.00049377
0.00177697
9.61132e-05
0.00178441
7.96795e-05
0.0017902
6.43602e-05
0.00179443
4.98418e-05
0.00179715
3.586e-05
0.00179841
2.21964e-05
0.00179822
8.68931e-06
0.00179659
-4.69828e-06
0.00179351
-1.80675e-05
0.00178897
-3.16069e-05
0.00178294
-4.53462e-05
0.00177538
-5.93763e-05
0.00176627
-7.37319e-05
0.00175554
-8.8524e-05
0.00174315
-0.000103769
0.00172904
-0.000119598
0.00171314
-0.000136009
0.00169537
-0.000153158
0.00167566
-0.000171022
0.0016539
-0.000189792
0.00163002
-0.000209411
0.00160391
-0.000230122
0.00157546
-0.0002518
0.00154455
-0.000274794
0.00151108
-0.000298805
0.0014749
-0.00032448
0.00143595
-0.000350934
0.00139397
-0.000380048
0.00134913
-0.000407858
-0.000445108
0.00177739
8.64894e-05
0.00178523
7.18415e-05
0.0017914
5.81852e-05
0.001796
4.52413e-05
0.00179909
3.27755e-05
0.00180069
2.05968e-05
0.00180082
8.55439e-06
0.00179951
-3.38363e-06
0.00179673
-1.52934e-05
0.00179248
-2.73562e-05
0.00178673
-3.95962e-05
0.00177945
-5.20934e-05
0.0017706
-6.48786e-05
0.00176012
-7.8051e-05
0.00174798
-9.16261e-05
0.0017341
-0.00010572
0.00171843
-0.000120332
0.00170087
-0.000135602
0.00168136
-0.00015151
0.00165979
-0.000168228
0.00163609
-0.000185706
0.00161013
-0.00020416
0.00158181
-0.000223485
0.00155101
-0.00024399
0.00151762
-0.000265416
0.00148147
-0.000288335
0.00144251
-0.000311971
0.00140046
-0.000337995
0.00135549
-0.000362887
-0.000396221
0.00177776
7.64936e-05
0.00178596
6.36457e-05
0.00179248
5.16661e-05
0.00179741
4.03104e-05
0.00180081
2.93737e-05
0.00180272
1.86919e-05
0.00180314
8.12683e-06
0.00180211
-2.34877e-06
0.0017996
-1.27893e-05
0.00179561
-2.33657e-05
0.00179011
-3.4097e-05
0.00178307
-4.50521e-05
0.00177445
-5.62581e-05
0.0017642
-6.78026e-05
0.00175228
-7.96989e-05
0.00173861
-9.20492e-05
0.00172313
-0.000104854
0.00170576
-0.000118235
0.00168643
-0.000132178
0.00166503
-0.000146831
0.00164148
-0.000162154
0.00161566
-0.000178337
0.00158746
-0.00019529
0.00155675
-0.000213282
0.00152343
-0.000232093
0.00148732
-0.000252222
0.00144835
-0.000272998
0.00140623
-0.000295881
0.00136114
-0.000317793
-0.000347132
0.00177809
6.61719e-05
0.0017866
5.51364e-05
0.00179342
4.48457e-05
0.00179864
3.50901e-05
0.00180232
2.56941e-05
0.00180449
1.65196e-05
0.00180517
7.44292e-06
0.00180438
-1.55876e-06
0.00180212
-1.05218e-05
0.00179835
-1.96033e-05
0.00179307
-2.88173e-05
0.00178625
-3.82223e-05
0.00177783
-4.78417e-05
0.00176778
-5.77506e-05
0.00175604
-6.7961e-05
0.00174255
-7.85606e-05
0.00172725
-8.95503e-05
0.00171005
-0.000101035
0.00169087
-0.000113003
0.00166962
-0.000125581
0.00164621
-0.000138738
0.0016205
-0.000152635
0.00159241
-0.000167198
0.00156179
-0.000182657
0.00152852
-0.000198829
0.00149244
-0.000216138
0.00145346
-0.000234015
0.00141129
-0.000253712
0.00136609
-0.000272593
-0.000297868
0.00177837
5.55708e-05
0.00178715
4.63582e-05
0.00179423
3.77667e-05
0.00179969
2.96214e-05
0.00180361
2.17762e-05
0.00180601
1.41178e-05
0.00180692
6.53902e-06
0.00180634
-9.78613e-07
0.00180427
-8.45728e-06
0.00180071
-1.60365e-05
0.00179561
-2.3726e-05
0.00178897
-3.15741e-05
0.00178073
-3.96002e-05
0.00177084
-4.78674e-05
0.00175927
-5.63855e-05
0.00174593
-6.52281e-05
0.00173078
-7.43963e-05
0.00171372
-8.39775e-05
0.00169468
-9.39628e-05
0.00167356
-0.000104458
0.00165026
-0.000115438
0.00162466
-0.000127037
0.00159666
-0.000139195
0.0015661
-0.000152104
0.00153289
-0.000165614
0.00149683
-0.000180077
0.00145784
-0.000195025
0.00141562
-0.000211497
0.00137033
-0.000227301
-0.000248453
0.0017786
4.47365e-05
0.0017876
3.73558e-05
0.0017949
3.04722e-05
0.00180057
2.39458e-05
0.00180469
1.76595e-05
0.00180728
1.15244e-05
0.00180837
5.45164e-06
0.00180797
-5.73293e-07
0.00180607
-6.56214e-06
0.00180267
-1.26329e-05
0.00179773
-1.87918e-05
0.00179124
-2.50772e-05
0.00178314
-3.15045e-05
0.0017734
-3.81247e-05
0.00176196
-4.49454e-05
0.00174876
-5.20258e-05
0.00173373
-5.93669e-05
0.00171679
-6.70388e-05
0.00169786
-7.50349e-05
0.00167684
-8.34395e-05
0.00165364
-9.22341e-05
0.00162813
-0.000101525
0.0016002
-0.000111267
0.0015697
-0.000121611
0.00153653
-0.000132441
0.00150049
-0.000144037
0.00146149
-0.000156028
0.00141924
-0.000169244
0.00137387
-0.000181932
-0.000198913
0.00177879
3.37157e-05
0.00178797
2.81738e-05
0.00179544
2.30051e-05
0.00180128
1.81043e-05
0.00180555
1.33838e-05
0.0018083
8.77761e-06
0.00180954
4.21738e-06
0.00180927
-3.07745e-07
0.00180751
-4.8026e-06
0.00180424
-9.35997e-06
0.00179943
-1.39834e-05
0.00179305
-1.87014e-05
0.00178507
-2.35257e-05
0.00177544
-2.84945e-05
0.00176411
-3.36137e-05
0.00175101
-3.89276e-05
0.00173608
-4.44373e-05
0.00171924
-5.01952e-05
0.0017004
-5.61969e-05
0.00167947
-6.25054e-05
0.00165634
-6.91074e-05
0.0016309
-7.60825e-05
0.00160303
-8.33975e-05
0.00157259
-9.11661e-05
0.00153945
-9.93011e-05
0.00150342
-0.000108013
0.00146442
-0.000117025
0.00142213
-0.00012696
0.0013767
-0.000136502
-0.000149272
0.00177893
2.25548e-05
0.00178824
1.88572e-05
0.00179584
1.54084e-05
0.00180181
1.21384e-05
0.0018062
8.98871e-06
0.00180906
5.91569e-06
0.00181041
2.8729e-06
0.00181025
-1.46932e-07
0.00180859
-3.14486e-06
0.00180542
-6.18512e-06
0.0018007
-9.26935e-06
0.00179442
-1.24166e-05
0.00178653
-1.56345e-05
0.00177698
-1.89488e-05
0.00176573
-2.23632e-05
0.00175271
-2.59076e-05
0.00173785
-2.95825e-05
0.00172108
-3.34231e-05
0.00170231
-3.74263e-05
0.00168144
-4.16344e-05
0.00165837
-4.60387e-05
0.00163298
-5.06921e-05
0.00160516
-5.55729e-05
0.00157475
-6.07568e-05
0.00154163
-6.61862e-05
0.00150562
-7.20016e-05
0.00146661
-7.80182e-05
0.00142431
-8.46521e-05
0.00137883
-9.10264e-05
-9.95559e-05
0.00177902
1.13006e-05
0.00178843
9.4507e-06
0.00179611
7.72539e-06
0.00180216
6.08959e-06
0.00180663
4.514e-06
0.00180957
2.97695e-06
0.00181099
1.45488e-06
0.0018109
-5.58556e-08
0.00180931
-1.55507e-06
0.0018062
-3.07568e-06
0.00180155
-4.61828e-06
0.00179533
-6.19235e-06
0.00178749
-7.80178e-06
0.001778
-9.45934e-06
0.00176681
-1.1167e-05
0.00175384
-1.29397e-05
0.00173903
-1.47777e-05
0.00172231
-1.66985e-05
0.00170358
-1.87008e-05
0.00168276
-2.08056e-05
0.00165973
-2.30086e-05
0.00163437
-2.53363e-05
0.00160657
-2.7778e-05
0.00157619
-3.03714e-05
0.00154309
-3.3088e-05
0.00150709
-3.59979e-05
0.00146808
-3.90089e-05
0.00142575
-4.23291e-05
0.00138025
-4.55201e-05
-4.97898e-05
0.00177907
0.00178852
0.00179625
0.00180234
0.00180685
0.00180983
0.00181128
0.00181123
0.00180967
0.00180659
0.00180197
0.00179578
0.00178798
0.00177852
0.00176735
0.0017544
0.00173962
0.00172292
0.00170422
0.00168341
0.0016604
0.00163506
0.00160728
0.00157691
0.00154382
0.00150782
0.00146881
0.00142648
0.00138096
0.0101206
-2.9775e-06
0.010129
-8.42719e-06
0.0101422
-1.31868e-05
0.0101596
-1.73486e-05
0.0101806
-2.0991e-05
0.0102047
-2.41721e-05
0.0102317
-2.69314e-05
0.010261
-2.93006e-05
0.0102923
-3.13043e-05
0.0103252
-3.29663e-05
0.0103595
-3.43066e-05
0.0103949
-3.53472e-05
0.010431
-3.61072e-05
0.0104676
-3.66097e-05
0.0105045
-3.68741e-05
0.0105414
-3.69251e-05
0.0105782
-3.67815e-05
0.0106147
-3.64694e-05
0.0106507
-3.60046e-05
0.0106861
-3.5415e-05
0.0107208
-3.47103e-05
0.0107547
-3.39222e-05
0.0107878
-3.30486e-05
0.0108199
-3.21325e-05
0.010851
-3.11471e-05
0.0108812
-3.01663e-05
0.0109103
-2.91058e-05
0.0109384
-2.81275e-05
0.0109654
-2.69898e-05
-2.61269e-05
0.0109916
0.00988558
-5.88844e-06
0.0098938
-1.66441e-05
0.00990665
-2.60358e-05
0.00992356
-3.42571e-05
0.00994402
-4.1455e-05
0.00996759
-4.77419e-05
0.00999386
-5.31974e-05
0.0100224
-5.78842e-05
0.010053
-6.18512e-05
0.0100852
-6.51444e-05
0.0101187
-6.78031e-05
0.0101532
-6.98699e-05
0.0101885
-7.13826e-05
0.0102242
-7.23861e-05
0.0102603
-7.29188e-05
0.0102964
-7.30291e-05
0.0103324
-7.27539e-05
0.010368
-7.21447e-05
0.0104033
-7.12328e-05
0.0104379
-7.00731e-05
0.0104719
-6.86848e-05
0.0105051
-6.71308e-05
0.0105375
-6.54069e-05
0.0105689
-6.35979e-05
0.0105994
-6.16516e-05
0.010629
-5.97134e-05
0.0106575
-5.76178e-05
0.010685
-5.56833e-05
0.0107115
-5.34336e-05
-5.17127e-05
0.0107371
0.009656
-8.71721e-06
0.00966399
-2.46325e-05
0.00967648
-3.85304e-05
0.00969293
-5.07032e-05
0.00971284
-6.1367e-05
0.00973578
-7.06864e-05
0.00976137
-7.87791e-05
0.00978922
-8.57377e-05
0.009819
-9.1634e-05
0.00985039
-9.65352e-05
0.00988309
-0.000100498
0.0099168
-0.000103586
0.00995127
-0.000105853
0.00998625
-0.000107365
0.0100215
-0.000108178
0.0100568
-0.000108364
0.0100921
-0.000107976
0.010127
-0.000107091
0.0101615
-0.000105755
0.0101955
-0.00010405
0.0102288
-0.000102003
0.0102614
-9.9708e-05
0.0102932
-9.7159e-05
0.010324
-9.44821e-05
0.010354
-9.15992e-05
0.010383
-8.87277e-05
0.010411
-8.56197e-05
0.0104381
-8.27516e-05
0.0104641
-7.9412e-05
-7.68699e-05
0.0104892
0.00943174
-1.14601e-05
0.00943949
-3.2381e-05
0.00945161
-5.06537e-05
0.00946758
-6.66673e-05
0.00948692
-8.07064e-05
0.00950922
-9.29857e-05
0.0095341
-0.000103659
0.00956121
-0.000112848
0.00959022
-0.000120645
0.00962082
-0.000127138
0.00965272
-0.000132399
0.00968564
-0.000136509
0.00971933
-0.00013954
0.00975354
-0.000141575
0.00978805
-0.000142689
0.00982266
-0.000142973
0.00985718
-0.000142499
0.00989146
-0.000141366
0.00992534
-0.000139634
0.0099587
-0.000137411
0.00999143
-0.000134734
0.0100234
-0.000131727
0.0100547
-0.00012838
0.010085
-0.000124861
0.0101145
-0.000121067
0.0101431
-0.000117286
0.0101706
-0.000113188
0.0101973
-0.00010941
0.0102229
-0.000104999
-0.00010165
0.0102477
0.00921269
-1.41138e-05
0.00922018
-3.98797e-05
0.00923192
-6.23912e-05
0.00924739
-8.21324e-05
0.00926613
-9.9455e-05
0.00928777
-0.000114622
0.00931193
-0.000127822
0.00933829
-0.000139203
0.00936652
-0.000148877
0.00939633
-0.00015695
0.00942744
-0.000163509
0.00945958
-0.000168651
0.00949251
-0.000172461
0.00952597
-0.000175043
0.00955977
-0.000176484
0.00959369
-0.000176896
0.00962756
-0.000176367
0.00966121
-0.000175019
0.0096945
-0.000172924
0.00972731
-0.000170217
0.00975952
-0.000166941
0.00979104
-0.000163251
0.0098218
-0.000159135
0.00985174
-0.000154803
0.00988079
-0.000150122
0.00990896
-0.000145457
0.00993617
-0.000140391
0.00996248
-0.000135724
0.00998774
-0.00013026
-0.000126128
0.0100122
0.00899871
-1.66752e-05
0.00900595
-4.71199e-05
0.00901729
-7.37302e-05
0.00903224
-9.70834e-05
0.00905038
-0.000117596
0.00907134
-0.000135579
0.00909477
-0.000151253
0.00912036
-0.00016479
0.0091478
-0.000176321
0.00917682
-0.000185968
0.00920714
-0.00019383
0.00923851
-0.000200019
0.00927068
-0.000204632
0.00930343
-0.000207788
0.00933653
-0.000209589
0.0093698
-0.000210166
0.00940305
-0.000209619
0.00943613
-0.000208093
0.00946888
-0.000205673
0.00950118
-0.000202517
0.00953291
-0.000198678
0.009564
-0.000194339
0.00959435
-0.000189484
0.00962391
-0.000184367
0.00965262
-0.000178826
0.00968046
-0.000173302
0.00970736
-0.000167289
0.00973339
-0.000161755
0.00975838
-0.000155254
-0.000150359
0.00978262
0.0087897
-1.91418e-05
0.00879668
-5.40941e-05
0.00880761
-8.46596e-05
0.00882203
-0.000111506
0.00883955
-0.000135115
0.00885981
-0.000155842
0.0088825
-0.000173937
0.0089073
-0.000189598
0.00893395
-0.00020297
0.00896217
-0.000214188
0.00899171
-0.000223363
0.00902231
-0.000230619
0.00905374
-0.000236063
0.00908577
-0.000239827
0.00911821
-0.000242026
0.00915085
-0.000242808
0.00918352
-0.000242286
0.00921605
-0.000240624
0.0092483
-0.00023792
0.00928014
-0.000234357
0.00931145
-0.000229991
0.00934215
-0.000225039
0.00937215
-0.000219478
0.00940139
-0.000213606
0.00942979
-0.000207232
0.00945736
-0.000200875
0.00948401
-0.000193936
0.00950981
-0.000187558
0.00953459
-0.000180033
-0.000174397
0.00955863
0.00858554
-2.15112e-05
0.00859224
-6.07959e-05
0.00860275
-9.51693e-05
0.00861664
-0.000125389
0.00863352
-0.000151999
0.00865308
-0.000175396
0.008675
-0.000195863
0.00869902
-0.000213615
0.00872486
-0.000228812
0.00875227
-0.000241603
0.00878102
-0.000252105
0.00881085
-0.000260452
0.00884154
-0.000266758
0.00887289
-0.000271171
0.00890467
-0.000273811
0.00893671
-0.000274844
0.00896882
-0.000274393
0.00900084
-0.000272643
0.00903262
-0.000269701
0.00906403
-0.000265773
0.00909496
-0.000260922
0.00912532
-0.000255394
0.009155
-0.000249162
0.00918397
-0.000242569
0.00921212
-0.00023539
0.00923947
-0.000228224
0.00926592
-0.000220381
0.00929154
-0.00021318
0.00931615
-0.000204647
-0.000198291
0.00934005
0.00838612
-2.37811e-05
0.00839254
-6.72193e-05
0.00840262
-0.000105251
0.00841596
-0.000138721
0.00843219
-0.000168233
0.00845102
-0.000194229
0.00847218
-0.000217015
0.00849539
-0.000236828
0.00852042
-0.000253839
0.00854702
-0.000268205
0.00857496
-0.00028005
0.00860403
-0.000289516
0.00863399
-0.000296722
0.00866464
-0.000301826
0.00869579
-0.000304955
0.00872723
-0.00030629
0.0087588
-0.000305962
0.00879033
-0.000304175
0.00882168
-0.000301043
0.0088527
-0.000296798
0.00888329
-0.000291505
0.00891334
-0.000285444
0.00894275
-0.000278577
0.00897148
-0.000271295
0.00899943
-0.00026334
0.0090266
-0.000255395
0.00905288
-0.000246669
0.00907837
-0.000238667
0.00910286
-0.000229138
-0.000222084
0.00912666
0.00819132
-2.595e-05
0.00819746
-7.33592e-05
0.00820711
-0.000114896
0.00821988
-0.000151491
0.00823545
-0.000183808
0.00825355
-0.000212327
0.00827392
-0.000237381
0.00829631
-0.000259224
0.00832051
-0.000278037
0.00834629
-0.000293983
0.00837343
-0.000307191
0.00840172
-0.000317806
0.00843095
-0.000325953
0.00846092
-0.000331795
0.00849143
-0.000335465
0.0085223
-0.000337156
0.00855334
-0.000337007
0.00858441
-0.000335238
0.00861533
-0.00033197
0.00864599
-0.000327458
0.00867626
-0.000321772
0.00870604
-0.00031522
0.00873522
-0.000307758
0.00876374
-0.000299823
0.00879152
-0.000291122
0.00881855
-0.000282425
0.00884472
-0.000272837
0.00887012
-0.000264059
0.00889452
-0.000253546
-0.000245816
0.00891826
0.00800105
-2.80161e-05
0.0080069
-7.92113e-05
0.0080161
-0.000124097
0.0080283
-0.000163691
0.0080432
-0.000198711
0.00806056
-0.000229679
0.00808012
-0.000256949
0.00810169
-0.000280791
0.00812505
-0.000301394
0.00814999
-0.000318926
0.00817632
-0.000333517
0.00820383
-0.000345316
0.00823232
-0.000354446
0.0082616
-0.000361076
0.00829148
-0.000365343
0.00832177
-0.00036745
0.0083523
-0.000367538
0.00838291
-0.000365846
0.00841344
-0.0003625
0.00844376
-0.000357776
0.00847373
-0.000351745
0.00850326
-0.000344749
0.00853224
-0.000336733
0.0085606
-0.000328184
0.00858825
-0.000318769
0.00861517
-0.00030935
0.00864126
-0.000298923
0.00866659
-0.000289392
0.00869095
-0.000277907
-0.000269525
0.00871466
0.00781519
-2.99783e-05
0.00782075
-8.47718e-05
0.0078295
-0.00013285
0.00784112
-0.000175312
0.00785534
-0.000212934
0.00787194
-0.000246272
0.00789069
-0.000275705
0.00791142
-0.000301515
0.00793392
-0.000323896
0.00795801
-0.000343022
0.00798351
-0.000359017
0.00801023
-0.000372034
0.00803798
-0.000382192
0.00806657
-0.000389665
0.00809581
-0.000394588
0.00812554
-0.000397172
0.00815556
-0.000397561
0.00818572
-0.000396009
0.00821587
-0.000392645
0.00824586
-0.000387767
0.00827556
-0.000381446
0.00830487
-0.000374056
0.00833366
-0.00036553
0.00836188
-0.000356405
0.00838943
-0.00034631
0.00841628
-0.000336201
0.00844231
-0.000324959
0.00846762
-0.000314698
0.00849197
-0.000302255
-0.000293243
0.00851569
0.00763364
-3.18353e-05
0.0076389
-9.00377e-05
0.0076472
-0.000141148
0.00765824
-0.000186348
0.00767177
-0.000226467
0.0076876
-0.000262097
0.00770553
-0.000293637
0.0077254
-0.000321383
0.00774703
-0.000345531
0.00777026
-0.000366255
0.00779492
-0.000383678
0.00782084
-0.000397948
0.00784783
-0.000409182
0.00787572
-0.000417553
0.00790432
-0.000423193
0.00793347
-0.000426319
0.00796299
-0.000427078
0.00799271
-0.000425732
0.00802248
-0.000422415
0.00805215
-0.000417444
0.0080816
-0.00041089
0.0081107
-0.000403158
0.00813934
-0.000394169
0.00816745
-0.000384513
0.00819491
-0.000373773
0.00822172
-0.000363006
0.00824773
-0.000350972
0.00827304
-0.000340009
0.00829741
-0.000326619
-0.000317002
0.00832117
0.0074563
-3.35866e-05
0.00746127
-9.50067e-05
0.00746911
-0.000148988
0.00747956
-0.000196793
0.00749239
-0.000239303
0.00750744
-0.000277145
0.00752454
-0.000310735
0.00754354
-0.000340382
0.00756429
-0.000366283
0.00758664
-0.000388611
0.00761045
-0.000407483
0.00763554
-0.000423044
0.00766176
-0.000435402
0.00768894
-0.000444728
0.00771689
-0.000451149
0.00774546
-0.000454887
0.00777447
-0.000456084
0.00780375
-0.000455015
0.00783315
-0.000451813
0.00786252
-0.000446815
0.00789172
-0.000440089
0.00792063
-0.000432072
0.00794913
-0.00042267
0.00797715
-0.000412527
0.00800455
-0.000401181
0.00803134
-0.00038979
0.00805736
-0.000376991
0.0080827
-0.000365352
0.00810711
-0.000351027
-0.000340832
0.00813094
0.00728308
-3.52315e-05
0.00728775
-9.9677e-05
0.00729513
-0.000156367
0.00730498
-0.000206642
0.00731711
-0.000251435
0.00733137
-0.000291405
0.00734762
-0.000326988
0.00736574
-0.000358499
0.0073856
-0.000386137
0.00740706
-0.000410074
0.00742999
-0.000430417
0.00745425
-0.000447305
0.00747969
-0.000460835
0.00750613
-0.000471175
0.00753343
-0.000478444
0.00756141
-0.000482864
0.0075899
-0.000484573
0.00761874
-0.000483856
0.00764776
-0.00048084
0.00767683
-0.000475885
0.00770579
-0.00046905
0.00773453
-0.000460808
0.00776291
-0.000451046
0.00779084
-0.000440464
0.00781821
-0.000428552
0.007845
-0.000416576
0.00787105
-0.000403038
0.00789645
-0.000390753
0.00792092
-0.000375504
-0.000364759
0.00794485
0.00711388
-3.67697e-05
0.00711825
-0.000104048
0.00712517
-0.000163282
0.00713442
-0.000215892
0.00714584
-0.000262858
0.00715931
-0.000304872
0.00717471
-0.000342385
0.00719193
-0.000375722
0.00721087
-0.000405081
0.00723143
-0.000430628
0.00725347
-0.000452462
0.00727688
-0.000470712
0.00730151
-0.000485464
0.00732721
-0.000496878
0.00735383
-0.000505063
0.0073812
-0.000510238
0.00740916
-0.000512535
0.00743755
-0.000512246
0.00746621
-0.000509492
0.00749497
-0.000504652
0.0075237
-0.000497778
0.00755227
-0.000489373
0.00758053
-0.000479308
0.00760841
-0.000468339
0.00763576
-0.000455904
0.00766256
-0.000443382
0.00768866
-0.000429135
0.00771414
-0.000416233
0.00773871
-0.000400076
-0.000388808
0.00776276
0.00694861
-3.82014e-05
0.00695268
-0.000108119
0.00695913
-0.000169734
0.00696778
-0.000224542
0.00697849
-0.000273569
0.00699116
-0.00031754
0.00700569
-0.000356919
0.00702201
-0.000392041
0.00704003
-0.0004231
0.00705966
-0.000450258
0.0070808
-0.0004736
0.00710333
-0.000493247
0.00712714
-0.000509269
0.00715208
-0.000521817
0.007178
-0.000530986
0.00720475
-0.000536992
0.00723217
-0.000539955
0.0072601
-0.000540174
0.00728837
-0.000537763
0.00731684
-0.000533114
0.00734533
-0.000526273
0.00737373
-0.000517773
0.00740189
-0.000507465
0.00742971
-0.000496164
0.00745706
-0.000483252
0.0074839
-0.000470226
0.00751007
-0.0004553
0.00753565
-0.000441815
0.00756034
-0.000424763
-0.000413004
0.00758453
0.00678717
-3.95267e-05
0.00679094
-0.000111891
0.00679693
-0.000175723
0.00680498
-0.00023259
0.00681497
-0.000283566
0.00682684
-0.000329403
0.0068405
-0.000370583
0.00685591
-0.000407445
0.00687299
-0.000440182
0.00689168
-0.000468946
0.00691189
-0.000493813
0.00693353
-0.00051489
0.00695649
-0.000532229
0.00698065
-0.000545971
0.00700585
-0.000556193
0.00703197
-0.000563107
0.00705883
-0.000566818
0.00708628
-0.000567628
0.00711416
-0.000565641
0.00714231
-0.000561265
0.00717057
-0.000554531
0.0071988
-0.000546008
0.00722686
-0.000535521
0.00725464
-0.000523947
0.007282
-0.000510607
0.0073089
-0.000497123
0.00733515
-0.000481552
0.00736085
-0.000467518
0.00738567
-0.000449587
-0.000437368
0.00741004
0.00662948
-4.07463e-05
0.00663295
-0.000115366
0.00663848
-0.00018125
0.00664593
-0.000240037
0.00665521
-0.000292847
0.00666626
-0.00034046
0.00667905
-0.000383371
0.00669353
-0.000421927
0.00670967
-0.000456313
0.0067274
-0.00048668
0.00674667
-0.000513084
0.0067674
-0.00053562
0.00678949
-0.000554322
0.00681284
-0.000569316
0.00683731
-0.000580661
0.00686276
-0.00058856
0.00688904
-0.000593102
0.006916
-0.000594589
0.00694348
-0.000593112
0.0069713
-0.000589092
0.00699932
-0.000582547
0.00702739
-0.000574077
0.00705534
-0.000563478
0.00708309
-0.000551693
0.00711046
-0.000537979
0.00713743
-0.000524085
0.00716378
-0.000507905
0.00718962
-0.00049336
0.0072146
-0.000474566
-0.000461924
0.00723915
0.00647545
-4.18609e-05
0.00647863
-0.000118544
0.00648369
-0.000186317
0.00649054
-0.000246887
0.00649911
-0.000301415
0.00650936
-0.000350709
0.00652127
-0.00039528
0.00653482
-0.000435477
0.00654999
-0.000471485
0.00656675
-0.000503443
0.00658506
-0.000531393
0.00660486
-0.000555416
0.00662606
-0.000575524
0.00664858
-0.000591829
0.00667228
-0.000604366
0.00669705
-0.000613328
0.00672273
-0.000618785
0.00674918
-0.000621038
0.00677623
-0.000620159
0.00680372
-0.000616584
0.00683148
-0.000610311
0.00685938
-0.000601973
0.00688724
-0.000591335
0.00691495
-0.000579407
0.00694235
-0.000565374
0.00696938
-0.000551123
0.00699585
-0.000534373
0.00702185
-0.000519357
0.007047
-0.000499719
-0.00048669
0.00707177
0.00632499
-4.28718e-05
0.00632788
-0.00012143
0.00633249
-0.000190929
0.00633875
-0.000253142
0.0063466
-0.000309271
0.00635604
-0.000360152
0.00636707
-0.000406307
0.00637969
-0.000448093
0.00639389
-0.000485687
0.00640967
-0.000519223
0.006427
-0.000548725
0.00644584
-0.000574259
0.00646613
-0.000595814
0.00648779
-0.000613483
0.0065107
-0.000627281
0.00653476
-0.000637384
0.00655982
-0.000643842
0.00658573
-0.00064695
0.00661233
-0.000646762
0.00663947
-0.000643723
0.00666697
-0.000637811
0.00669469
-0.000629688
0.00672244
-0.000619089
0.00675012
-0.000607087
0.00677754
-0.000592797
0.00680467
-0.000578246
0.00683126
-0.000560967
0.00685743
-0.000545524
0.00688277
-0.000525062
-0.000511687
0.00690777
0.00617803
-4.37803e-05
0.00618063
-0.000124027
0.00618479
-0.000195091
0.00619046
-0.000258808
0.00619761
-0.000316421
0.00620624
-0.00036879
0.00621639
-0.000416452
0.00622807
-0.000459769
0.00624129
-0.000498913
0.00625608
-0.000534008
0.00627241
-0.000565064
0.00629028
-0.000592128
0.00630964
-0.000615166
0.00633041
-0.000634254
0.0063525
-0.000649378
0.00637582
-0.000660701
0.00640022
-0.000668245
0.00642558
-0.000672301
0.00645171
-0.000672898
0.00647848
-0.00067049
0.0065057
-0.00066503
0.00653322
-0.000657212
0.00656086
-0.000646732
0.00658851
-0.000634734
0.00661596
-0.000620251
0.00664318
-0.00060546
0.00666991
-0.000587698
0.00669626
-0.000571876
0.00672181
-0.000550611
-0.000536934
0.00674706
0.00603448
-4.4588e-05
0.00603679
-0.00012634
0.00604051
-0.000198808
0.00604559
-0.000263892
0.00605204
-0.00032287
0.00605988
-0.00037663
0.00606915
-0.000425719
0.00607989
-0.000470505
0.00609213
-0.000511156
0.00610591
-0.000547788
0.00612124
-0.000580394
0.00613811
-0.000609003
0.00615651
-0.000633559
0.00617637
-0.000654115
0.00619762
-0.00067063
0.00622017
-0.000683248
0.00624389
-0.000691965
0.00626865
-0.000697061
0.00629429
-0.00069854
0.00632066
-0.000696861
0.00634758
-0.00069195
0.0063749
-0.00068453
0.00640242
-0.000674256
0.00643003
-0.000662341
0.00645751
-0.000647736
0.00648482
-0.000632769
0.0065117
-0.000614574
0.00653825
-0.000598423
0.00656402
-0.000576381
-0.000562449
0.00658953
0.00589426
-4.52968e-05
0.0058963
-0.000128372
0.00589958
-0.000202089
0.00590409
-0.000268402
0.00590984
-0.000328628
0.00591689
-0.000383676
0.00592528
-0.00043411
0.00593508
-0.000480301
0.00594634
-0.000522413
0.0059591
-0.000560555
0.00597341
-0.000594702
0.00598928
-0.000624868
0.00600669
-0.000650969
0.00602561
-0.00067304
0.00604599
-0.000691006
0.00606773
-0.000704996
0.00609074
-0.000714971
0.00611488
-0.000721201
0.00614
-0.00072366
0.00616595
-0.000722812
0.00619255
-0.000718549
0.00621964
-0.000711624
0.00624703
-0.000701647
0.00627459
-0.000689901
0.00630211
-0.000675248
0.00632951
-0.000660176
0.00635654
-0.000641601
0.00638329
-0.000625177
0.0064093
-0.000602386
-0.000588249
0.0064351
0.0057573
-4.59089e-05
0.00575906
-0.000130131
0.00576191
-0.000204941
0.00576586
-0.000272347
0.00577093
-0.000333703
0.0057772
-0.000389939
0.00578472
-0.000441632
0.00579358
-0.00048916
0.00580385
-0.000532683
0.0058156
-0.000572302
0.00582887
-0.000607977
0.00584371
-0.000639705
0.00586011
-0.000667376
0.00587808
-0.000691002
0.00589755
-0.000710479
0.00591846
-0.000725911
0.00594072
-0.000737229
0.00596421
-0.000744687
0.00598878
-0.000748227
0.00601428
-0.000748313
0.00604053
-0.000744802
0.00606738
-0.000738474
0.00609462
-0.00072889
0.00612213
-0.000717404
0.00614966
-0.000702784
0.00617717
-0.000687681
0.00620435
-0.000668785
0.00623132
-0.000652147
0.00625757
-0.000628637
-0.000614352
0.00628368
0.00562352
-4.64266e-05
0.00562502
-0.000131622
0.00562745
-0.000207373
0.00563084
-0.00027574
0.00563524
-0.000338106
0.00564073
-0.000395428
0.00564739
-0.000448294
0.00565532
-0.000497087
0.00566461
-0.000541967
0.00567533
-0.000583026
0.00568756
-0.00062021
0.00570136
-0.000653499
0.00571674
-0.000682758
0.00573371
-0.000707976
0.00575225
-0.000729017
0.0057723
-0.000745962
0.00579378
-0.000758705
0.00581658
-0.000767486
0.00584056
-0.000772207
0.00586558
-0.000773333
0.00589146
-0.000770682
0.00591804
-0.000765057
0.00594512
-0.000755967
0.00597255
-0.000744838
0.0060001
-0.000730336
0.0060277
-0.000715283
0.00605505
-0.000696129
0.00608224
-0.000679342
0.00610875
-0.000655148
-0.000640773
0.00613518
0.00549285
-4.68523e-05
0.00549408
-0.000132852
0.0054961
-0.000209396
0.00549896
-0.000278591
0.0055027
-0.000341852
0.00550743
-0.000400156
0.00551324
-0.000454106
0.00552024
-0.00050409
0.00552855
-0.000550267
0.00553824
-0.000592724
0.00554943
-0.000631393
0.00556216
-0.000666237
0.0055765
-0.000697097
0.00559247
-0.000723938
0.00561004
-0.000746593
0.0056292
-0.000765116
0.00564986
-0.000779366
0.00567193
-0.000789561
0.00569529
-0.000795566
0.00571979
-0.000797839
0.00574527
-0.000796158
0.00577156
-0.000791347
0.00579845
-0.000782856
0.0058258
-0.000772186
0.00585335
-0.000757893
0.00588105
-0.000742978
0.00590855
-0.000723634
0.00593598
-0.000706769
0.00596276
-0.000681928
-0.000667529
0.00598952
0.00536521
-4.7189e-05
0.00536619
-0.000133829
0.00536782
-0.000211022
0.00537014
-0.000280915
0.00537324
-0.000344954
0.00537722
-0.000404137
0.0053822
-0.00045908
0.00538829
-0.000510178
0.00539561
-0.000557591
0.00540428
-0.000601398
0.00541441
-0.000641521
0.00542608
-0.000677907
0.00543936
-0.000710375
0.00545429
-0.000738865
0.00547087
-0.000763177
0.0054891
-0.00078334
0.00550891
-0.000799173
0.00553022
-0.000810874
0.00555292
-0.000818264
0.00557687
-0.000821795
0.00560191
-0.000821196
0.00562788
-0.000817313
0.00565456
-0.000809534
0.0056818
-0.000799431
0.00570935
-0.000785444
0.00573713
-0.000770758
0.0057648
-0.000751299
0.00579246
-0.000734433
0.00581952
-0.000708988
-0.000694634
0.00584662
0.00524054
-4.74394e-05
0.00524127
-0.000134561
0.00524251
-0.000212261
0.00524432
-0.000282726
0.0052468
-0.000347429
0.00525005
-0.000407388
0.0052542
-0.000463232
0.00525939
-0.000515365
0.00526574
-0.000563946
0.0052734
-0.000609051
0.00528247
-0.000650593
0.00529306
-0.000688503
0.00530526
-0.000722578
0.00531913
-0.000752736
0.0053347
-0.000778743
0.00535196
-0.000800603
0.00537088
-0.000818093
0.0053914
-0.000831387
0.00541339
-0.000840263
0.00543676
-0.000845161
0.00546133
-0.00084576
0.00548694
-0.000842925
0.00551338
-0.000835972
0.00554049
-0.000826549
0.00556802
-0.000812972
0.00559588
-0.000798615
0.0056237
-0.000779122
0.00565161
-0.000762336
0.00567895
-0.000736335
-0.000722104
0.00570642
0.00511876
-4.76067e-05
0.00511926
-0.000135057
0.00512013
-0.000213127
0.00512144
-0.00028404
0.0051233
-0.000349294
0.00512584
-0.000409926
0.00512919
-0.000466579
0.00513349
-0.000519663
0.00513888
-0.000569342
0.00514552
-0.000615689
0.00515354
-0.000658607
0.00516305
-0.000698016
0.00517416
-0.000733691
0.00518696
-0.000765529
0.00520148
-0.000793264
0.00521775
-0.000816871
0.00523574
-0.000836087
0.00525542
-0.000851061
0.00527667
-0.000861522
0.00529941
-0.000867898
0.00532346
-0.000869813
0.00534868
-0.000868145
0.00537485
-0.000862141
0.00540182
-0.000853516
0.00542931
-0.00084046
0.00545723
-0.000826538
0.00548521
-0.000807098
0.00551335
-0.000790482
0.00554099
-0.000763976
-0.000749952
0.00556884
0.00499982
-4.76939e-05
0.00500008
-0.000135324
0.00500059
-0.000213634
0.00500142
-0.000284873
0.0050027
-0.000350568
0.00500454
-0.00041177
0.0050071
-0.000469139
0.00501053
-0.00052309
0.00501498
-0.000573794
0.00502061
-0.000621321
0.00502757
-0.000665569
0.005036
-0.000706444
0.00504602
-0.000743706
0.00505772
-0.000777229
0.00507117
-0.000806716
0.00508641
-0.000832114
0.00510344
-0.000853121
0.00512224
-0.000869856
0.00514272
-0.000881999
0.00516478
-0.000889963
0.00518828
-0.000893311
0.00521307
-0.000892937
0.00523894
-0.000888006
0.00526572
-0.000880305
0.00529315
-0.000867885
0.00532112
-0.000854511
0.00534924
-0.000835218
0.00537763
-0.000818869
0.00540557
-0.000791918
-0.00077819
0.00543381
0.00488363
-4.77043e-05
0.00488368
-0.000135372
0.00488384
-0.000213794
0.00488421
-0.000285243
0.00488491
-0.00035127
0.00488609
-0.000412941
0.00488788
-0.000470931
0.00489045
-0.000525664
0.00489398
-0.000577316
0.00489861
-0.000625958
0.00490453
-0.000671482
0.00491187
-0.000713787
0.00492078
-0.000752615
0.00493137
-0.000787819
0.00494373
-0.000819076
0.00495792
-0.000846304
0.00497395
-0.000869158
0.00499183
-0.000887731
0.00501148
-0.000901651
0.00503283
-0.00091131
0.00505573
-0.000916213
0.00508005
-0.000917258
0.00510557
-0.00091353
0.00513215
-0.000906883
0.00515949
-0.000895223
0.0051875
-0.000882517
0.00521575
-0.000863474
0.00524438
-0.000847496
0.00527262
-0.000820165
-0.00080683
0.00530126
0.00477015
-4.76414e-05
0.00476999
-0.000135211
0.00476982
-0.000213622
0.00476974
-0.000285169
0.00476989
-0.000351421
0.00477041
-0.000413461
0.00477146
-0.00047198
0.0047732
-0.000527407
0.00477582
-0.000579928
0.00477947
-0.000629613
0.00478434
-0.000676356
0.0047906
-0.000720045
0.0047984
-0.000760411
0.00480787
-0.000797287
0.00481912
-0.000830324
0.00483222
-0.000859411
0.00484723
-0.000884165
0.00486415
-0.000904646
0.00488293
-0.000920433
0.00490351
-0.000931894
0.00492577
-0.00093847
0.00494958
-0.000941064
0.00497472
-0.000938673
0.00500105
-0.000933215
0.00502827
-0.000922446
0.00505629
-0.000910536
0.00508467
-0.000891852
0.00511353
-0.000876357
0.00514208
-0.000848719
-0.000835883
0.00517114
0.0046593
-4.75086e-05
0.00465894
-0.000134851
0.00465845
-0.000213133
0.00465795
-0.000284667
0.00465757
-0.000351042
0.00465747
-0.000413354
0.00465779
-0.000472307
0.00465873
-0.00052834
0.00466045
-0.000581648
0.00466314
-0.000632304
0.00466698
-0.000680203
0.00467216
-0.000725226
0.00467885
-0.000767094
0.00468718
-0.000805624
0.0046973
-0.000840441
0.0047093
-0.000871409
0.00472324
-0.000898108
0.00473916
-0.000920562
0.00475703
-0.000938302
0.0047768
-0.000951668
0.00479837
-0.000960037
0.00482161
-0.000964309
0.00484633
-0.000963391
0.00487238
-0.000959263
0.00489945
-0.000949521
0.00492746
-0.000938542
0.00495594
-0.000920336
0.00498503
-0.000905444
0.00501389
-0.000877579
-0.000865358
0.00504337
0.00455103
-4.73093e-05
0.00455048
-0.0001343
0.00454969
-0.000212342
0.00454878
-0.000283759
0.0045479
-0.000350156
0.00454719
-0.000412643
0.00454682
-0.000471938
0.00454696
-0.000528488
0.00454782
-0.0005825
0.00454956
-0.000634049
0.00455239
-0.000683036
0.0045565
-0.000729336
0.00456207
-0.000772665
0.00456927
-0.000812821
0.00457824
-0.000849414
0.00458911
-0.000882276
0.00460196
-0.000910954
0.00461684
-0.00093544
0.00463375
-0.000955213
0.00465266
-0.000970584
0.00467349
-0.000980862
0.00469612
-0.000986942
0.00472037
-0.000987638
0.00474609
-0.000984984
0.00477298
-0.000976414
0.00480095
-0.000966507
0.00482952
-0.000948907
0.00485882
-0.000934748
0.00488799
-0.000906745
-0.000895263
0.00491789
0.00444528
-4.7047e-05
0.00444455
-0.000133569
0.00444347
-0.000211265
0.00444217
-0.000282463
0.0044408
-0.000348786
0.00443951
-0.000411354
0.00443847
-0.000470898
0.00443786
-0.000527877
0.00443787
-0.000582507
0.00443869
-0.00063487
0.00444053
-0.000684872
0.00444358
-0.000732387
0.00444804
-0.000777127
0.0044541
-0.000818876
0.00446191
-0.000857228
0.00447162
-0.00089199
0.00448335
-0.000922676
0.00449715
-0.000949242
0.00451306
-0.000971122
0.00453106
-0.000988591
0.0045511
-0.00100089
0.00457307
-0.00100891
0.00459679
-0.00101136
0.00462214
-0.00101033
0.00464881
-0.00100308
0.0046767
-0.000994401
0.00470534
-0.000977542
0.00473484
-0.000964255
0.00476431
-0.000936212
-0.000925602
0.00479465
0.00434198
-4.67252e-05
0.00434108
-0.000132668
0.00433973
-0.000209916
0.00433807
-0.0002808
0.00433624
-0.000346955
0.00433439
-0.000409512
0.00433271
-0.000469216
0.00433137
-0.000526534
0.00433056
-0.000581696
0.00433048
-0.000634789
0.00433134
-0.000685732
0.00433334
-0.000734393
0.00433671
-0.000780488
0.00434162
-0.000823788
0.00434827
-0.000863876
0.00435681
-0.000900532
0.00436738
-0.000933244
0.00438007
-0.000961933
0.00439493
-0.000985985
0.00441198
-0.00100564
0.00443116
-0.00102008
0.00445242
-0.00103016
0.00447557
-0.00103451
0.00450049
-0.00103526
0.0045269
-0.00102949
0.00455468
-0.00102219
0.00458335
-0.00100621
0.00461305
-0.000993947
0.00464281
-0.000965973
-0.00095638
0.00467359
0.00424109
-4.63476e-05
0.00424002
-0.000131606
0.00423842
-0.000208311
0.00423641
-0.000278788
0.00423414
-0.000344686
0.00423177
-0.000407144
0.00422947
-0.000466919
0.00422743
-0.000524487
0.00422583
-0.000580095
0.00422487
-0.000633834
0.00422478
-0.000685637
0.00422575
-0.000735371
0.00422803
-0.00078276
0.0042318
-0.00082756
0.00423727
-0.000869351
0.00424463
-0.000907887
0.00425402
-0.000942635
0.00426556
-0.000973476
0.00427934
-0.00099976
0.00429538
-0.00102168
0.00431367
-0.00103836
0.00433414
-0.00105064
0.00435666
-0.00105703
0.00438111
-0.00105971
0.0044072
-0.00105558
0.00443484
-0.00104982
0.00446352
-0.00103489
0.00449338
-0.00102381
0.00452342
-0.000996018
-0.000987599
0.00455464
0.00414254
-4.59174e-05
0.00414132
-0.000130394
0.00413948
-0.000206465
0.00413714
-0.000276449
0.00413446
-0.000342004
0.00413159
-0.000404276
0.00412871
-0.000464036
0.00412599
-0.000521767
0.00412362
-0.000577732
0.00412182
-0.000632032
0.00412079
-0.000684611
0.00412077
-0.000735342
0.00412196
-0.000783955
0.0041246
-0.000830199
0.0041289
-0.000873651
0.00413506
-0.000914043
0.00414325
-0.000950825
0.00415361
-0.000983842
0.00416626
-0.00101241
0.00418124
-0.00103667
0.00419857
-0.00105569
0.00421822
-0.00107028
0.00424005
-0.00107887
0.00426397
-0.00108363
0.00428969
-0.0010813
0.00431714
-0.00107727
0.00434579
-0.00106354
0.00437579
-0.0010538
0.0044061
-0.00102633
-0.00101926
0.00443776
0.00404628
-4.54382e-05
0.00404492
-0.000129042
0.00404285
-0.000204394
0.0040402
-0.000273802
0.00403713
-0.000338933
0.00403379
-0.000400936
0.00403035
-0.000460596
0.00402699
-0.000518404
0.0040239
-0.000574639
0.00402128
-0.000629412
0.00401935
-0.000682682
0.00401833
-0.000734328
0.00401847
-0.00078409
0.00401998
-0.000831714
0.00402311
-0.000876778
0.00402806
-0.000918992
0.00403503
-0.000957797
0.00404419
-0.000993
0.00405567
-0.00102388
0.00406955
-0.00105055
0.00408587
-0.00107201
0.00410462
-0.00108903
0.0041257
-0.00109995
0.00414903
-0.00110696
0.00417433
-0.00110661
0.00420153
-0.00110447
0.00423012
-0.00109213
0.00426023
-0.00108391
0.0042908
-0.0010569
-0.00105135
0.00432289
0.00395225
-4.49134e-05
0.00395077
-0.000127558
0.00394849
-0.000202113
0.00394555
-0.000270867
0.00394212
-0.000335495
0.00393833
-0.000397152
0.00393436
-0.000456629
0.00393039
-0.000514429
0.0039266
-0.000570847
0.00392319
-0.000626004
0.00392039
-0.000679878
0.00391841
-0.000732353
0.00391751
-0.000783186
0.00391791
-0.000832118
0.00391987
-0.000878735
0.00392361
-0.000922728
0.00392934
-0.000963536
0.00393727
-0.00100092
0.00394754
-0.00103416
0.00396027
-0.00106329
0.00397553
-0.00108727
0.00399333
-0.00110683
0.00401359
-0.00112021
0.00403626
-0.00112962
0.00406109
-0.00113144
0.004088
-0.00113137
0.00411647
-0.0011206
0.00414666
-0.0011141
0.00417747
-0.00108771
-0.00108387
0.00420999
0.00386042
-4.43464e-05
0.00385881
-0.000125953
0.00385634
-0.000199636
0.00385313
-0.000267664
0.00384935
-0.000331716
0.00384515
-0.000392949
0.00384069
-0.000452164
0.00383613
-0.000509874
0.00383167
-0.000566389
0.00382751
-0.000621842
0.00382386
-0.000676231
0.00382096
-0.000729447
0.00381904
-0.000781265
0.00381835
-0.000831428
0.00381914
-0.000879531
0.00382167
-0.000925252
0.00382616
-0.000968029
0.00383283
-0.00100759
0.00384186
-0.00104319
0.0038534
-0.00107482
0.00386754
-0.00110141
0.00388432
-0.00112361
0.00390371
-0.0011396
0.00392565
-0.00115157
0.00394994
-0.00115572
0.00397649
-0.00115793
0.00400481
-0.00114892
0.00403504
-0.00114433
0.00406606
-0.00111873
-0.00111681
0.004099
0.00377072
-4.37402e-05
0.003769
-0.000124236
0.00376634
-0.000196979
0.00376289
-0.000264211
0.00375879
-0.000327618
0.0037542
-0.000388355
0.00374927
-0.000447232
0.00374416
-0.000504771
0.00373907
-0.000561298
0.00373419
-0.00061696
0.00372973
-0.000671771
0.00372592
-0.000725638
0.00372301
-0.000778354
0.00372125
-0.000829664
0.00372089
-0.00087918
0.00372221
-0.000926567
0.00372545
-0.00097127
0.00373084
-0.00101298
0.00373861
-0.00105096
0.00374891
-0.00108512
0.00376187
-0.00111438
0.00377758
-0.00113932
0.00379602
-0.00115805
0.00381718
-0.00117273
0.00384085
-0.0011794
0.00386699
-0.00118406
0.0038951
-0.00117703
0.00392533
-0.00117457
0.00395654
-0.00114993
-0.00115015
0.00398988
0.0036831
-4.30982e-05
0.00368128
-0.000122416
0.00367846
-0.000194155
0.00367477
-0.000260529
0.00367038
-0.000323225
0.00366542
-0.000383397
0.00366005
-0.000441863
0.00365444
-0.000499153
0.00364875
-0.000555608
0.00364318
-0.00061139
0.00363794
-0.000666534
0.00363326
-0.00072096
0.00362939
-0.00077448
0.00362657
-0.000826849
0.00362509
-0.000877697
0.0036252
-0.00092668
0.00362719
-0.000973255
0.00363129
-0.00101709
0.00363776
-0.00105742
0.00364678
-0.00109414
0.00365853
-0.00112612
0.00367309
-0.00115388
0.00369053
-0.00117548
0.00371082
-0.00119302
0.00373382
-0.0012024
0.00375948
-0.00120972
0.00378732
-0.00120487
0.00381751
-0.00120475
0.00384886
-0.00118129
-0.00118388
0.00388259
0.00359752
-4.24234e-05
0.00359561
-0.000120502
0.00359263
-0.000191178
0.00358874
-0.000256635
0.00358407
-0.00031856
0.00357878
-0.000378102
0.003573
-0.000436086
0.0035669
-0.000493052
0.00356064
-0.000549354
0.00355442
-0.00060517
0.00354844
-0.000660555
0.00354293
-0.000715445
0.00353812
-0.000769675
0.00353429
-0.00082301
0.00353169
-0.000875101
0.00353061
-0.000925602
0.00353134
-0.000973986
0.00353415
-0.00101989
0.0035393
-0.00106257
0.003547
-0.00110185
0.00355748
-0.0011366
0.00357085
-0.00116725
0.00358721
-0.00119184
0.00360657
-0.00121237
0.00362882
-0.00122465
0.00365392
-0.00123482
0.00368144
-0.00123239
0.00371153
-0.00123484
0.00374301
-0.00121277
-0.00121797
0.0037771
0.00351393
-4.17188e-05
0.00351193
-0.000118502
0.00350882
-0.000188063
0.00350473
-0.000252548
0.00349981
-0.000313644
0.00349421
-0.000372495
0.00348805
-0.00042993
0.0034815
-0.000486499
0.00347472
-0.00054257
0.00346788
-0.000598336
0.0034612
-0.000653871
0.00345488
-0.00070913
0.00344918
-0.000763972
0.00344434
-0.000818176
0.00344066
-0.000871417
0.00343841
-0.00092335
0.00343789
-0.000973468
0.00343939
-0.00102139
0.0034432
-0.00106638
0.00344957
-0.00110821
0.00345873
-0.00114577
0.00347085
-0.00117937
0.00348606
-0.00120706
0.00350441
-0.00123072
0.00352584
-0.00124608
0.00355032
-0.0012593
0.00357745
-0.00125953
0.00360739
-0.00126477
0.00363895
-0.00124433
-0.0012524
0.00367338
0.00343229
-4.09873e-05
0.00343021
-0.000116424
0.00342697
-0.000184821
0.0034227
-0.000248285
0.00341756
-0.000308499
0.00341167
-0.000366602
0.00340516
-0.000423426
0.00339819
-0.000479529
0.00339091
-0.000535291
0.0033835
-0.000590923
0.00337615
-0.000646518
0.00336907
-0.000702052
0.0033625
-0.000757407
0.00335671
-0.000812381
0.00335196
-0.000866671
0.00334856
-0.000919945
0.0033468
-0.000971714
0.003347
-0.00102159
0.00334946
-0.00106885
0.00335446
-0.00111321
0.00336227
-0.00115358
0.00337308
-0.00119018
0.00338709
-0.00122106
0.00340435
-0.00124798
0.00342488
-0.00126662
0.00344865
-0.00128308
0.00347533
-0.00128621
0.00350505
-0.00129449
0.00353665
-0.00127593
-0.00128713
0.00357138
0.00335254
-4.02316e-05
0.00335039
-0.000114278
0.00334704
-0.000181466
0.00334261
-0.000243863
0.00333726
-0.000303147
0.00333111
-0.000360448
0.00332428
-0.000416601
0.00331693
-0.000472171
0.00330919
-0.000527551
0.00330123
-0.000582968
0.00329325
-0.000638535
0.00328545
-0.00069425
0.00327806
-0.000750017
0.00327134
-0.000805659
0.00326556
-0.000860896
0.00326103
-0.000915411
0.00325805
-0.00096874
0.00325695
-0.00102048
0.00325806
-0.00106995
0.00326166
-0.00111681
0.00326808
-0.00116
0.00327754
-0.00119964
0.00329027
-0.0012338
0.00330637
-0.00126408
0.00332593
-0.00128617
0.00334892
-0.00130606
0.00337507
-0.00131236
0.0034045
-0.00132392
0.00343609
-0.00130752
-0.00132212
0.00347108
0.00327464
-3.94544e-05
0.00327244
-0.000112069
0.00326898
-0.00017801
0.00326442
-0.000239298
0.00325888
-0.000297608
0.00325249
-0.000354057
0.00324537
-0.000409483
0.00323765
-0.000464458
0.00322949
-0.000519385
0.00322103
-0.00057451
0.00321246
-0.000629962
0.00320397
-0.000685764
0.0031958
-0.000741844
0.00318819
-0.000798049
0.00318142
-0.000854126
0.00317579
-0.000909779
0.00317161
-0.000964566
0.00316922
-0.0010181
0.00316897
-0.0010697
0.00317117
-0.00111901
0.00317617
-0.001165
0.00318423
-0.00120769
0.00319563
-0.0012452
0.0032105
-0.00127895
0.003229
-0.00130467
0.00325111
-0.00132817
0.00327666
-0.00133791
0.00330573
-0.00135299
0.00333725
-0.00133904
-0.00135731
0.00337244
0.00319856
-3.86582e-05
0.0031963
-0.000109807
0.00319275
-0.000174465
0.00318806
-0.000234607
0.00318236
-0.000291901
0.00317575
-0.000347453
0.00316837
-0.0004021
0.00316033
-0.00045642
0.00315177
-0.000510828
0.00314285
-0.000565584
0.00313372
-0.000620838
0.0031246
-0.000676636
0.00311568
-0.000732928
0.00310722
-0.000789592
0.0030995
-0.000846399
0.0030928
-0.000903081
0.00308745
-0.000959221
0.0030838
-0.00101444
0.00308219
-0.0010681
0.00308298
-0.0011198
0.00308654
-0.00116856
0.00309315
-0.0012143
0.00310316
-0.00125521
0.00311672
-0.00129251
0.00313408
-0.00132203
0.00315522
-0.00134932
0.00318008
-0.00136277
0.0032087
-0.00138161
0.00324009
-0.00137043
-0.00139265
0.00327543
0.00312425
-3.78455e-05
0.00312194
-0.000107496
0.00311831
-0.000170841
0.00311351
-0.000229804
0.00310766
-0.000286046
0.00310086
-0.000340659
0.00309324
-0.000394479
0.00308491
-0.000448089
0.00307599
-0.000501914
0.00306664
-0.00055623
0.00305701
-0.000611204
0.00304728
-0.000666907
0.00303766
-0.000723314
0.0030284
-0.000780332
0.00301976
-0.000837758
0.00301204
-0.000895357
0.00300555
-0.000952736
0.00300065
-0.00100954
0.00299771
-0.00106515
0.00299709
-0.00111918
0.00299918
-0.00117065
0.00300431
-0.00121943
0.00301287
-0.00126377
0.00302505
-0.00130469
0.00304118
-0.00133816
0.00306125
-0.00136939
0.00308532
-0.00138684
0.0031134
-0.00140969
0.00314458
-0.00140161
-0.00142805
0.00317999
0.00305166
-3.70185e-05
0.00304931
-0.000105145
0.00304562
-0.000167149
0.00304072
-0.000224904
0.00303473
-0.000280061
0.00302777
-0.000333697
0.00301994
-0.000386646
0.00301134
-0.000439495
0.00300211
-0.000492676
0.00299236
-0.000546484
0.00298226
-0.000601101
0.00297197
-0.000656623
0.00296171
-0.000713047
0.00295169
-0.000770315
0.00294218
-0.000828248
0.00293347
-0.000886648
0.00292588
-0.000945148
0.00291977
-0.00100343
0.0029155
-0.00106088
0.00291347
-0.00111715
0.00291408
-0.00117126
0.00291771
-0.00122305
0.00292476
-0.00127082
0.00293549
-0.00131542
0.00295029
-0.00135297
0.00296919
-0.00138829
0.00299237
-0.00141002
0.00301979
-0.00143711
0.00305068
-0.0014325
-0.00146345
0.00308608
0.00298076
-3.61795e-05
0.00297838
-0.00010276
0.00297463
-0.000163399
0.00296964
-0.000219921
0.00296355
-0.000273963
0.00295644
-0.000326589
0.00294842
-0.000378626
0.00293959
-0.000430667
0.00293007
-0.00048315
0.00291997
-0.000536386
0.00290944
-0.00059057
0.00289864
-0.000645827
0.00288777
-0.000702175
0.00287704
-0.000759589
0.00286671
-0.000817918
0.00285707
-0.000877002
0.00284842
-0.000936501
0.00284112
-0.000996134
0.00283556
-0.00105532
0.00283213
-0.00111372
0.00283126
-0.00117039
0.00283334
-0.00122514
0.00283884
-0.00127632
0.00284805
-0.00132463
0.00286142
-0.00136634
0.00287903
-0.00140589
0.0029012
-0.00143219
0.00292783
-0.00146375
0.00295833
-0.00146299
-0.00149878
0.00299365
0.00291151
-3.53303e-05
0.0029091
-0.000100346
0.0029053
-0.000159602
0.00290025
-0.000214868
0.00289406
-0.000267772
0.00288682
-0.000319356
0.00287864
-0.000370447
0.00286961
-0.000421635
0.00285983
-0.000473369
0.00284942
-0.000525972
0.0028385
-0.000579655
0.00282724
-0.000634566
0.00281581
-0.000690747
0.00280443
-0.000748206
0.00279333
-0.000806819
0.00278279
-0.000866468
0.00277313
-0.00092684
0.0027647
-0.0009877
0.00275787
-0.00104849
0.00275306
-0.00110891
0.0027507
-0.00116803
0.00275122
-0.00122567
0.00275511
-0.0012802
0.00276271
-0.00133223
0.00277455
-0.00137818
0.00279073
-0.00142207
0.00281175
-0.00145322
0.00283745
-0.00148944
0.00286746
-0.001493
-0.00153396
0.00290264
0.00284387
-3.4473e-05
0.00284143
-9.79087e-05
0.0028376
-0.000155766
0.00283249
-0.000209759
0.00282622
-0.000261502
0.00281888
-0.00031202
0.00281057
-0.000362132
0.00280136
-0.00041243
0.00279136
-0.000463368
0.00278067
-0.000515281
0.00276941
-0.000568397
0.00275773
-0.000622887
0.0027458
-0.000678813
0.00273381
-0.000736217
0.002722
-0.000795004
0.00271063
-0.000855098
0.0027
-0.000916216
0.00269047
-0.000978169
0.00268241
-0.00104043
0.00267624
-0.00110273
0.00267239
-0.00116418
0.00267134
-0.00122461
0.00267356
-0.00128243
0.00267949
-0.00133816
0.00268967
-0.00138836
0.00270428
-0.00143668
0.00272399
-0.00147293
0.00274857
-0.00151402
0.00277798
-0.00152241
-0.00156901
0.00281304
0.0027778
-3.36091e-05
0.00277535
-9.5454e-05
0.00277148
-0.0001519
0.00276633
-0.000204607
0.00276
-0.000255173
0.00275258
-0.000304602
0.00274416
-0.000353708
0.00273481
-0.000403081
0.00272462
-0.000453181
0.00271369
-0.000504354
0.00270214
-0.000556841
0.00269009
-0.000610836
0.0026777
-0.000666423
0.00266516
-0.000723677
0.00265268
-0.00078253
0.00264053
-0.000842948
0.002629
-0.000904681
0.00261842
-0.000967588
0.00260916
-0.00103117
0.00260165
-0.00109522
0.00259633
-0.00115886
0.00259367
-0.00122196
0.00259419
-0.00128294
0.00259835
-0.00134232
0.00260675
-0.00139676
0.00261964
-0.00144957
0.00263785
-0.00149114
0.00266109
-0.00153726
0.00268978
-0.0015511
-0.00160407
0.00272484
0.00271327
-3.27403e-05
0.0027108
-9.29872e-05
0.00270692
-0.000148015
0.00270174
-0.000199425
0.00269536
-0.000248802
0.00268789
-0.000297124
0.00267938
-0.0003452
0.00266992
-0.000393618
0.00265958
-0.000442842
0.00264845
-0.000493228
0.00263664
-0.00054503
0.00262427
-0.000598462
0.00261147
-0.00065363
0.00259844
-0.00071064
0.00258536
-0.000769453
0.00257249
-0.000830074
0.00256009
-0.000892289
0.00254851
-0.000956006
0.0025381
-0.00102076
0.00252928
-0.0010864
0.00252248
-0.00115206
0.0025182
-0.00121768
0.00251697
-0.00128171
0.00251927
-0.00134463
0.00252576
-0.00140325
0.00253677
-0.00146058
0.00255328
-0.00150765
0.00257498
-0.00155896
0.00260279
-0.00157891
-0.00163917
0.00263789
0.00265024
-3.1868e-05
0.00264776
-9.05139e-05
0.00264387
-0.000144119
0.00263867
-0.000194228
0.00263227
-0.000242405
0.00262476
-0.000289608
0.00261619
-0.000336635
0.00260665
-0.000384072
0.00259619
-0.000432387
0.00258491
-0.000481944
0.00257289
-0.000533008
0.00256024
-0.000585813
0.00254709
-0.000640486
0.00253362
-0.000697161
0.00251999
-0.000755829
0.00250645
-0.000816534
0.00249326
-0.000879097
0.00248072
-0.000943471
0.0024692
-0.00100924
0.00245909
-0.00107628
0.00245083
-0.00114381
0.00244491
-0.00121176
0.00244187
-0.00127867
0.00244223
-0.00134499
0.00244667
-0.00140769
0.00245559
-0.0014695
0.00247016
-0.00152222
0.00249012
-0.00157892
0.00251723
-0.00160602
-0.00167385
0.00255191
0.00258867
-3.09938e-05
0.0025862
-8.80404e-05
0.0025823
-0.000140224
0.0025771
-0.00018903
0.0025707
-0.000236003
0.00256317
-0.000282076
0.00255457
-0.00032804
0.00254498
-0.000374475
0.00253444
-0.000421851
0.00252304
-0.000470541
0.00251085
-0.00052082
0.00249797
-0.000572938
0.00248453
-0.000627043
0.00247066
-0.000683295
0.00245655
-0.000741714
0.0024424
-0.00080238
0.00242845
-0.000865153
0.00241501
-0.000930028
0.0024024
-0.000996631
0.00239102
-0.0010649
0.0023813
-0.00113408
0.00237371
-0.00120417
0.00236881
-0.00127376
0.00236712
-0.0013433
0.00236937
-0.00140994
0.00237597
-0.0014761
0.00238824
-0.00153449
0.00240595
-0.00159662
0.00243329
-0.00163336
-0.00170784
0.00246728
0.00252853
0.00252607
0.00252218
0.002517
0.00251061
0.00250309
0.00249449
0.00248487
0.00247429
0.00246281
0.0024505
0.00243744
0.00242375
0.00240954
0.00239499
0.00238027
0.00236562
0.0023513
0.00233765
0.002325
0.00231381
0.00230452
0.00229768
0.00229384
0.00229374
0.00229782
0.00230747
0.00232187
0.00234811
0.00238655
0.0109548
3.67589e-05
0.0109189
3.59142e-05
0.0108839
3.50151e-05
0.0108498
3.40982e-05
0.0108166
3.31636e-05
0.0107844
3.22114e-05
0.0107531
3.12422e-05
0.0107229
3.02561e-05
0.0106936
2.92535e-05
0.0106654
2.82347e-05
0.0106382
2.72e-05
0.0106121
2.61499e-05
0.010587
2.50845e-05
0.010563
2.40042e-05
0.0105401
2.29096e-05
0.0105183
2.18007e-05
0.0104976
2.06784e-05
0.010478
1.95424e-05
0.0104596
1.83939e-05
0.0104424
1.72325e-05
0.0104263
1.60592e-05
0.0104115
1.48742e-05
0.0103978
1.36778e-05
0.0103853
1.24707e-05
0.0103741
1.12532e-05
0.010364
1.00256e-05
0.0103553
8.78881e-06
0.0103477
7.54264e-06
0.0103414
6.28818e-06
0.0103364
5.02542e-06
0.0103326
3.75514e-06
0.0103302
2.47798e-06
0.010329
1.19457e-06
0.0103291
-8.86641e-08
0.0103305
-1.39267e-06
0.0103332
-2.69442e-06
0.0103372
-4.00054e-06
0.0103425
-5.31075e-06
0.0103491
-6.62455e-06
-7.94152e-06
0.010357
0.0107011
7.27687e-05
0.0106659
7.10884e-05
0.0106316
6.93036e-05
0.0105982
6.7483e-05
0.0105658
6.56272e-05
0.0105342
6.3737e-05
0.0105037
6.18129e-05
0.0104741
5.98555e-05
0.0104454
5.78657e-05
0.0104178
5.58439e-05
0.0103912
5.37909e-05
0.0103657
5.17075e-05
0.0103412
4.9594e-05
0.0103177
4.74516e-05
0.0102954
4.52809e-05
0.0102741
4.30825e-05
0.0102539
4.08573e-05
0.0102348
3.86061e-05
0.0102169
3.63296e-05
0.0102001
3.40286e-05
0.0101845
3.1704e-05
0.01017
2.93565e-05
0.0101567
2.69872e-05
0.0101445
2.45966e-05
0.0101336
2.21859e-05
0.0101239
1.97557e-05
0.0101154
1.73071e-05
0.0101081
1.48409e-05
0.010102
1.23582e-05
0.0100972
9.85942e-06
0.0100936
7.34611e-06
0.0100912
4.81891e-06
0.0100901
2.27912e-06
0.0100903
-2.69782e-07
0.0100918
-2.8373e-06
0.0100945
-5.41115e-06
0.0100985
-7.99355e-06
0.0101037
-1.0584e-05
0.0101103
-1.31814e-05
-1.5785e-05
0.0101182
0.010454
0.000108014
0.0104195
0.00010551
0.010386
0.000102852
0.0103533
0.000100141
0.0103216
9.73776e-05
0.0102908
9.45639e-05
0.0102609
9.17001e-05
0.0102319
8.87874e-05
0.010204
8.58269e-05
0.010177
8.28191e-05
0.010151
7.97656e-05
0.0101261
7.66669e-05
0.0101021
7.35246e-05
0.0100793
7.03392e-05
0.0100574
6.71123e-05
0.0100367
6.38447e-05
0.010017
6.05375e-05
0.0099984
5.71922e-05
0.00998092
5.38097e-05
0.00996455
5.03912e-05
0.00994932
4.6938e-05
0.00993522
4.34512e-05
0.00992228
3.99323e-05
0.00991049
3.63823e-05
0.00989988
3.28025e-05
0.00989044
2.91945e-05
0.00988219
2.55593e-05
0.00987513
2.18982e-05
0.00986927
1.82128e-05
0.00986463
1.45044e-05
0.0098612
1.07743e-05
0.009859
7.02415e-06
0.00985802
3.2557e-06
0.00985828
-5.2585e-07
0.00985977
-4.33517e-06
0.00986252
-8.15323e-06
0.00986651
-1.19841e-05
0.00987175
-1.58265e-05
0.00987825
-1.9679e-05
-2.35402e-05
0.009886
0.0102132
0.000142497
0.0101795
0.000139181
0.0101467
0.000135663
0.0101148
0.000132075
0.0100837
0.000128419
0.0100536
0.000124696
0.0100244
0.000120908
0.00999612
0.000117056
0.00996881
0.00011314
0.00994246
0.000109163
0.0099171
0.000105126
0.00989274
0.00010103
0.00986939
9.6877e-05
0.00984706
9.26676e-05
0.00982577
8.84034e-05
0.00980553
8.40862e-05
0.00978635
7.97173e-05
0.00976824
7.52982e-05
0.00975122
7.08307e-05
0.00973529
6.6316e-05
0.00972048
6.17561e-05
0.00970678
5.71522e-05
0.0096942
5.25062e-05
0.00968276
4.78198e-05
0.00967247
4.30945e-05
0.00966333
3.83322e-05
0.00965536
3.35346e-05
0.00964855
2.87033e-05
0.00964293
2.38401e-05
0.00963848
1.89472e-05
0.00963523
1.40259e-05
0.00963318
9.07841e-06
0.00963233
4.10712e-06
0.00963268
-8.83568e-07
0.00963425
-5.90521e-06
0.00963704
-1.09405e-05
0.00964105
-1.59923e-05
0.00964628
-2.10592e-05
0.00965274
-2.61389e-05
-3.12298e-05
0.00966043
0.0099785
0.000176217
0.00994558
0.000172101
0.00991351
0.000167736
0.0098823
0.000163285
0.00985197
0.00015875
0.00982253
0.000154132
0.009794
0.000149435
0.0097664
0.000144658
0.00973974
0.000139805
0.00971402
0.000134875
0.00968928
0.000129872
0.00966551
0.000124796
0.00964274
0.00011965
0.00962097
0.000114435
0.00960022
0.000109152
0.0095805
0.000103805
0.00956183
9.83942e-05
0.0095442
9.29217e-05
0.00952764
8.739e-05
0.00951216
8.18002e-05
0.00949776
7.6155e-05
0.00948446
7.04561e-05
0.00947226
6.47054e-05
0.00946117
5.89052e-05
0.00945121
5.30575e-05
0.00944238
4.71644e-05
0.00943468
4.12279e-05
0.00942814
3.52505e-05
0.00942274
2.92341e-05
0.00941851
2.3181e-05
0.00941544
1.70935e-05
0.00941355
1.09742e-05
0.00941283
4.82586e-06
0.00941329
-1.34744e-06
0.00941494
-7.55636e-06
0.00941778
-1.37827e-05
0.00942182
-2.00293e-05
0.00942706
-2.62937e-05
0.00943349
-3.2574e-05
-3.88676e-05
0.00944113
0.00974966
0.000209175
0.00971749
0.000204273
0.00968615
0.000199073
0.00965566
0.000193772
0.00962604
0.000188372
0.0095973
0.000182875
0.00956945
0.000177283
0.00954251
0.000171598
0.00951649
0.000165822
0.00949141
0.000159956
0.00946728
0.000154003
0.00944411
0.000147965
0.00942192
0.000141844
0.00940071
0.000135641
0.0093805
0.00012936
0.00936131
0.000123001
0.00934313
0.000116568
0.00932599
0.000110062
0.0093099
0.000103486
0.00929485
9.68425e-05
0.00928087
9.0133e-05
0.00926797
8.33602e-05
0.00925615
7.65269e-05
0.00924542
6.9635e-05
0.00923579
6.26872e-05
0.00922727
5.56861e-05
0.00921986
4.86341e-05
0.00921358
4.15338e-05
0.00920842
3.43878e-05
0.00920441
2.71987e-05
0.00920153
1.99694e-05
0.0091998
1.27025e-05
0.00919923
5.40174e-06
0.00919981
-1.92987e-06
0.00920155
-9.30004e-06
0.00920446
-1.66922e-05
0.00920854
-2.41077e-05
0.00921379
-3.15441e-05
0.00922022
-3.8999e-05
-4.64692e-05
0.00922782
0.00952643
0.000241372
0.00949501
0.000235696
0.00946441
0.000229676
0.00943464
0.000223539
0.00940573
0.000217287
0.00937768
0.000210925
0.0093505
0.000204454
0.00932423
0.000197876
0.00929886
0.000191193
0.0092744
0.000184408
0.00925089
0.000177522
0.00922831
0.000170539
0.0092067
0.00016346
0.00918605
0.000156288
0.00916638
0.000149026
0.00914771
0.000141675
0.00913004
0.000134238
0.00911338
0.000126719
0.00909775
0.000119119
0.00908315
0.000111441
0.0090696
0.000103688
0.00905709
9.58629e-05
0.00904565
8.7968e-05
0.00903528
8.00061e-05
0.00902599
7.19805e-05
0.00901778
6.38936e-05
0.00901067
5.57487e-05
0.00900465
4.75483e-05
0.00899974
3.9296e-05
0.00899595
3.09943e-05
0.00899327
2.26466e-05
0.00899172
1.42562e-05
0.00899129
5.82734e-06
0.008992
-2.63794e-06
0.00899385
-1.11456e-05
0.00899683
-1.96784e-05
0.00900096
-2.82382e-05
0.00900624
-3.68215e-05
0.00901267
-4.54256e-05
-5.40472e-05
0.00902024
0.00930861
0.000272811
0.00927793
0.000266374
0.00924806
0.000259546
0.00921901
0.000252587
0.0091908
0.000245498
0.00916344
0.000238285
0.00913695
0.000230949
0.00911133
0.000223493
0.0090866
0.00021592
0.00906278
0.000208231
0.00903987
0.00020043
0.00901789
0.000192518
0.00899685
0.000184499
0.00897676
0.000176376
0.00895764
0.000168151
0.00893949
0.000159826
0.00892232
0.000151406
0.00890615
0.000142892
0.00889098
0.000134287
0.00887682
0.000125596
0.00886369
0.00011682
0.00885159
0.000107962
0.00884053
9.90271e-05
0.00883052
9.00167e-05
0.00882157
8.09345e-05
0.00881368
7.17838e-05
0.00880686
6.25678e-05
0.00880112
5.32902e-05
0.00879646
4.39539e-05
0.00879289
3.45625e-05
0.00879042
2.51196e-05
0.00878905
1.56289e-05
0.00878878
6.09574e-06
0.00878962
-3.48022e-06
0.00879158
-1.31009e-05
0.00879465
-2.27507e-05
0.00879884
-3.24303e-05
0.00880416
-4.21364e-05
0.00881059
-5.18652e-05
-6.16134e-05
0.00881816
0.00909597
0.000303493
0.00906604
0.000296308
0.0090369
0.000288686
0.00900857
0.000280918
0.00898106
0.000273007
0.00895439
0.000264957
0.00892857
0.000256771
0.00890361
0.000248453
0.00887952
0.000240005
0.00885632
0.000231428
0.00883403
0.000222727
0.00881264
0.000213905
0.00879218
0.000204963
0.00877265
0.000195906
0.00875406
0.000186736
0.00873643
0.000177457
0.00871977
0.00016807
0.00870408
0.000158581
0.00868937
0.000148992
0.00867566
0.000139306
0.00866295
0.000129527
0.00865126
0.000119658
0.00864058
0.000109703
0.00863094
9.96646e-05
0.00862232
8.95471e-05
0.00861475
7.9354e-05
0.00860823
6.90888e-05
0.00860277
5.87555e-05
0.00859836
4.83574e-05
0.00859503
3.78987e-05
0.00859276
2.73833e-05
0.00859158
1.68151e-05
0.00859147
6.20057e-06
0.00859245
-4.46297e-06
0.00859453
-1.51735e-05
0.00859769
-2.59169e-05
0.00860196
-3.66928e-05
0.00860732
-4.74977e-05
0.00861378
-5.83276e-05
-6.91785e-05
0.00862134
0.00888833
0.00033342
0.00885914
0.0003255
0.00883073
0.000317097
0.00880311
0.000308535
0.0087763
0.000299815
0.00875031
0.000290942
0.00872516
0.000281922
0.00870086
0.000272757
0.00867742
0.000263449
0.00865484
0.000254002
0.00863315
0.000244418
0.00861236
0.000234701
0.00859247
0.000224853
0.00857349
0.00021488
0.00855545
0.000204783
0.00853834
0.000194566
0.00852217
0.000184233
0.00850697
0.000173787
0.00849273
0.000163232
0.00847946
0.000152572
0.00846718
0.000141809
0.00845589
0.000130949
0.0084456
0.000119994
0.00843631
0.000108948
0.00842804
9.78163e-05
0.0084208
8.66019e-05
0.00841458
7.53089e-05
0.00840939
6.39412e-05
0.00840524
5.25033e-05
0.00840214
4.09991e-05
0.00840009
2.94331e-05
0.0083991
1.78097e-05
0.00839916
6.13644e-06
0.00840029
-5.59231e-06
0.00840249
-1.73702e-05
0.00840576
-2.9184e-05
0.0084101
-4.10334e-05
0.00841551
-5.29141e-05
0.00842201
-6.48218e-05
-7.67521e-05
0.00842958
0.00868549
0.000362593
0.00865703
0.000353952
0.00862935
0.000344783
0.00860244
0.000335439
0.00857633
0.000325924
0.00855103
0.000316244
0.00852655
0.000306404
0.0085029
0.000296407
0.0084801
0.000286255
0.00845814
0.000275952
0.00843706
0.000265501
0.00841685
0.000254907
0.00839754
0.000244171
0.00837912
0.000233298
0.00836161
0.000222292
0.00834502
0.000211157
0.00832936
0.000199895
0.00831463
0.000188511
0.00830086
0.000177009
0.00828804
0.000165393
0.00827618
0.000153666
0.00826529
0.000141834
0.00825539
0.000129899
0.00824647
0.000117867
0.00823854
0.000105741
0.00823162
9.35256e-05
0.0082257
8.12255e-05
0.0082208
6.88449e-05
0.00821692
5.6388e-05
0.00821405
4.386e-05
0.00821222
3.1265e-05
0.00821142
1.86084e-05
0.00821166
5.89875e-06
0.00821294
-6.87368e-06
0.00821527
-1.96967e-05
0.00821864
-3.25587e-05
0.00822307
-4.54591e-05
0.00822855
-5.83929e-05
0.00823508
-7.13558e-05
-8.43428e-05
0.00824267
0.00848726
0.000391014
0.00845955
0.000381666
0.00843259
0.000371743
0.0084064
0.000361632
0.00838098
0.000351336
0.00835637
0.000340863
0.00833255
0.000330218
0.00830955
0.000319404
0.00828738
0.000308424
0.00826605
0.000297282
0.00824558
0.000285981
0.00822596
0.000274525
0.00820721
0.000262918
0.00818935
0.000251163
0.00817237
0.000239265
0.0081563
0.000227228
0.00814114
0.000215056
0.0081269
0.000202753
0.00811359
0.000190323
0.00810121
0.00017777
0.00808978
0.000165098
0.0080793
0.000152313
0.00806978
0.000139419
0.00806123
0.000126419
0.00805365
0.000113319
0.00804705
0.000100124
0.00804144
8.68369e-05
0.00803682
7.34638e-05
0.0080332
6.00093e-05
0.00803058
4.64782e-05
0.00802897
3.28756e-05
0.00802837
1.92069e-05
0.00802879
5.48321e-06
0.00803022
-8.31222e-06
0.00803269
-2.21582e-05
0.00803617
-3.60468e-05
0.00804069
-4.99761e-05
0.00804624
-6.39412e-05
0.00805282
-7.79371e-05
-9.19586e-05
0.00806044
0.0082935
0.000418683
0.00826652
0.000408643
0.00824028
0.00039798
0.0082148
0.000387115
0.00819008
0.000376053
0.00816614
0.000364802
0.008143
0.000353366
0.00812065
0.000341751
0.00809912
0.000329958
0.0080784
0.000317992
0.00805853
0.000305857
0.0080395
0.000293556
0.00802132
0.000281094
0.00800401
0.000268475
0.00798757
0.000255703
0.00797202
0.000242782
0.00795736
0.000229718
0.0079436
0.000216513
0.00793075
0.000203173
0.00791881
0.000189702
0.00790781
0.000176105
0.00789773
0.000162387
0.0078886
0.000148551
0.00788042
0.000134604
0.00787318
0.00012055
0.00786691
0.000106394
0.00786161
9.21412e-05
0.00785728
7.77961e-05
0.00785392
6.33643e-05
0.00785155
4.88509e-05
0.00785016
3.42615e-05
0.00784977
1.96022e-05
0.00785037
4.88614e-06
0.00785196
-9.91184e-06
0.00785457
-2.47599e-05
0.00785817
-3.96535e-05
0.00786279
-5.45902e-05
0.00786841
-6.95648e-05
0.00787505
-8.45723e-05
-9.96066e-05
0.00788269
0.00810402
0.000445601
0.00807778
0.000434882
0.00805227
0.000423494
0.00802749
0.00041189
0.00800347
0.000400075
0.00798021
0.00038806
0.00795773
0.00037585
0.00793603
0.000363448
0.00791513
0.000350858
0.00789504
0.000338084
0.00787576
0.000325131
0.00785732
0.000312002
0.00783971
0.000298702
0.00782295
0.000285235
0.00780705
0.000271606
0.00779201
0.00025782
0.00777785
0.00024388
0.00776457
0.000229792
0.00775218
0.00021556
0.00774069
0.00020119
0.00773011
0.000186686
0.00772044
0.000172053
0.0077117
0.000157297
0.00770388
0.000142422
0.007697
0.000127433
0.00769106
0.000112336
0.00768606
9.71368e-05
0.00768202
8.18398e-05
0.00767893
6.6451e-05
0.00767681
5.09757e-05
0.00767565
3.54201e-05
0.00767546
1.97905e-05
0.00767624
4.10477e-06
0.00767801
-1.16769e-05
0.00768075
-2.7506e-05
0.00768448
-4.33837e-05
0.0076892
-5.93066e-05
0.0076949
-7.52699e-05
0.0077016
-9.12674e-05
-0.000107293
0.00770929
0.00791868
0.000471769
0.00789318
0.000460386
0.00786839
0.000448286
0.00784432
0.000435957
0.00782099
0.000423404
0.00779841
0.000410639
0.00777659
0.000397669
0.00775555
0.000384496
0.00773528
0.000371125
0.0077158
0.000357559
0.00769713
0.000343804
0.00767927
0.000329863
0.00766223
0.000315742
0.00764602
0.000301444
0.00763065
0.000286976
0.00761613
0.00027234
0.00760247
0.000257544
0.00758967
0.00024259
0.00757774
0.000227486
0.0075667
0.000212234
0.00755654
0.000196842
0.00754728
0.000181313
0.00753893
0.000165654
0.00753148
0.00014987
0.00752494
0.000133966
0.00751933
0.000117949
0.00751465
0.000101822
0.00751089
8.55931e-05
0.00750808
6.9267e-05
0.0075062
5.28502e-05
0.00750527
3.63483e-05
0.0075053
1.97693e-05
0.00750626
3.13702e-06
0.0075082
-1.36108e-05
0.00751109
-3.04006e-05
0.00751495
-4.72416e-05
0.00751977
-6.41303e-05
0.00752556
-8.10613e-05
0.00753233
-9.80281e-05
-0.000115025
0.00754006
0.00773735
0.000497186
0.00771258
0.000485153
0.00768851
0.000472356
0.00766515
0.000459316
0.00764251
0.00044604
0.00762061
0.00043254
0.00759946
0.000418824
0.00757906
0.000404896
0.00755942
0.000390759
0.00754056
0.000376417
0.00752249
0.000361876
0.00750521
0.00034714
0.00748874
0.000332214
0.00747308
0.000317103
0.00745825
0.000301812
0.00744424
0.000286345
0.00743108
0.000270709
0.00741876
0.000254909
0.0074073
0.000238948
0.0073967
0.000222834
0.00738697
0.000206572
0.00737811
0.000190167
0.00737014
0.000173624
0.00736306
0.00015695
0.00735688
0.00014015
0.0073516
0.00012323
0.00734722
0.000106196
0.00734376
8.90544e-05
0.00734122
7.18109e-05
0.0073396
5.44719e-05
0.0073389
3.70442e-05
0.00733914
1.95354e-05
0.00734029
1.98333e-06
0.0073424
-1.5718e-05
0.00734544
-3.34483e-05
0.00734943
-5.1232e-05
0.00735437
-6.90657e-05
0.00736025
-8.69438e-05
0.00736708
-0.00010486
-0.000122806
0.00737487
0.00755987
0.00052185
0.00753584
0.000509183
0.00751249
0.000495703
0.00748984
0.000481968
0.0074679
0.000467982
0.00744668
0.000453763
0.00742618
0.000439317
0.00740643
0.000424648
0.00738743
0.000409761
0.00736919
0.00039466
0.00735171
0.000379349
0.00733502
0.000363834
0.00731911
0.00034812
0.00730401
0.000332212
0.0072897
0.000316115
0.00727621
0.000299835
0.00726354
0.000283377
0.00725171
0.000266747
0.00724071
0.000249949
0.00723055
0.00023299
0.00722125
0.000215876
0.0072128
0.000198612
0.00720522
0.000181204
0.00719851
0.000163659
0.00719268
0.000145982
0.00718773
0.000128179
0.00718367
0.000110257
0.0071805
9.22215e-05
0.00717823
7.40796e-05
0.00717687
5.58376e-05
0.00717641
3.75025e-05
0.00717686
1.90829e-05
0.00717819
6.53694e-07
0.00718047
-1.80029e-05
0.00718368
-3.66519e-05
0.0071878
-5.53579e-05
0.00719286
-7.4117e-05
0.00719883
-9.29219e-05
0.00720574
-0.000111766
-0.000130643
0.00721358
0.00738613
0.000545762
0.00736283
0.000532476
0.00734021
0.000518328
0.00731827
0.000503911
0.00729702
0.000489231
0.00727647
0.000474306
0.00725665
0.000459146
0.00723754
0.000443753
0.00721917
0.000428131
0.00720155
0.000412286
0.00718467
0.000396222
0.00716856
0.000379944
0.00715322
0.000363459
0.00713866
0.000346771
0.00712489
0.000329886
0.00711192
0.00031281
0.00709975
0.000295547
0.00708839
0.000278105
0.00707785
0.000260488
0.00706814
0.000242703
0.00705926
0.000224755
0.00705122
0.000206651
0.00704403
0.000188397
0.00703769
0.000169999
0.00703221
0.000151463
0.00702759
0.000132796
0.00702384
0.000114005
0.00702097
9.50957e-05
0.00701897
7.60751e-05
0.00701786
5.69502e-05
0.00701764
3.77281e-05
0.0070183
1.84187e-05
0.00701986
-9.0943e-07
0.00702232
-2.04619e-05
0.00702568
-4.00115e-05
0.00702995
-5.9621e-05
0.00703511
-7.92855e-05
0.00704119
-9.8998e-05
0.00704817
-0.000118751
-0.000138539
0.00705607
0.007216
0.000568919
0.00719344
0.000555029
0.00717154
0.000540227
0.00715031
0.000525144
0.00712976
0.000509785
0.00710989
0.000494171
0.00709073
0.000478311
0.00707227
0.000462209
0.00705453
0.000445869
0.00703752
0.000429295
0.00702125
0.000412494
0.00700573
0.000395471
0.00699095
0.000378231
0.00697694
0.000360781
0.00696371
0.000343125
0.00695125
0.000325269
0.00693957
0.00030722
0.0069287
0.000288983
0.00691862
0.000270564
0.00690935
0.00025197
0.0069009
0.000233207
0.00689327
0.000214282
0.00688647
0.000195199
0.0068805
0.000175967
0.00687537
0.000156592
0.00687108
0.000137081
0.00686765
0.000117439
0.00686507
9.76751e-05
0.00686335
7.77951e-05
0.00686249
5.78067e-05
0.0068625
3.77178e-05
0.00686338
1.75387e-05
0.00686517
-2.69584e-06
0.00686781
-2.30983e-05
0.00687133
-4.35305e-05
0.00687573
-6.40242e-05
0.00688102
-8.45749e-05
0.0068872
-0.000105176
0.00689426
-0.000125819
-0.000146497
0.00690222
0.00704937
0.000591319
0.00702756
0.00057684
0.00700638
0.000561401
0.00698586
0.000545667
0.006966
0.000529643
0.00694682
0.000513354
0.00692832
0.00049681
0.00691051
0.000480016
0.00689341
0.000462973
0.00687701
0.000445688
0.00686134
0.000428167
0.0068464
0.000410414
0.00683219
0.000392437
0.00681873
0.00037424
0.00680603
0.00035583
0.00679408
0.000337213
0.00678291
0.000318394
0.00677251
0.00029938
0.0067629
0.000280178
0.00675408
0.000260793
0.00674605
0.000241233
0.00673883
0.000221504
0.00673242
0.000201612
0.00672682
0.000181564
0.00672204
0.000161368
0.00671809
0.00014103
0.00671498
0.000120557
0.00671269
9.99568e-05
0.00671125
7.92362e-05
0.00671066
5.8403e-05
0.00671091
3.74654e-05
0.00671201
1.64355e-05
0.00671399
-4.67016e-06
0.00671681
-2.59197e-05
0.00672049
-4.72137e-05
0.00672504
-6.85723e-05
0.00673045
-8.999e-05
0.00673674
-0.000111459
0.00674389
-0.000132973
-0.000154523
0.00675192
0.00688613
0.00061296
0.00686506
0.000597908
0.00684462
0.000581846
0.00682481
0.000565476
0.00680564
0.000548804
0.00678714
0.000531856
0.00676931
0.000514644
0.00675215
0.000497172
0.00673568
0.000479444
0.00671991
0.000461463
0.00670484
0.000443238
0.00669048
0.000424773
0.00667684
0.000406075
0.00666393
0.000387149
0.00665176
0.000368002
0.00664033
0.00034864
0.00662966
0.00032907
0.00661974
0.000309297
0.00661059
0.000289328
0.00660221
0.000269171
0.00659461
0.000248832
0.0065878
0.000228317
0.00658178
0.000207634
0.00657655
0.000186789
0.00657213
0.00016579
0.00656852
0.000144644
0.00656572
0.000123358
0.00656373
0.00010194
0.00656257
8.03977e-05
0.00656224
5.87385e-05
0.00656273
3.69713e-05
0.00656406
1.51103e-05
0.00656623
-6.84383e-06
0.00656924
-2.89267e-05
0.00657309
-5.10636e-05
0.00657778
-7.32678e-05
0.00658332
-9.5533e-05
0.00658972
-0.000117852
0.00659696
-0.000140217
-0.000162619
0.00660506
0.00672618
0.000633838
0.00670586
0.000618229
0.00668614
0.000601561
0.00666705
0.000584571
0.00664859
0.000567265
0.00663077
0.000549674
0.0066136
0.00053181
0.0065971
0.000513677
0.00658126
0.000495278
0.00656611
0.00047662
0.00655164
0.000457707
0.00653786
0.000438546
0.00652479
0.000419144
0.00651244
0.000399506
0.0065008
0.00037964
0.00648989
0.000359551
0.00647971
0.000339246
0.00647028
0.000318732
0.00646159
0.000298015
0.00645366
0.000277103
0.00644649
0.000256002
0.00644008
0.00023472
0.00643445
0.000213263
0.0064296
0.00019164
0.00642554
0.000169856
0.00642226
0.000147921
0.00641978
0.000125841
0.00641809
0.000103624
0.00641721
8.12785e-05
0.00641714
5.8812e-05
0.00641788
3.62342e-05
0.00641942
1.35617e-05
0.0064218
-9.22059e-06
0.00642499
-3.21207e-05
0.00642901
-5.50816e-05
0.00643386
-7.81124e-05
0.00643953
-0.000101207
0.00644603
-0.000124356
0.00645337
-0.000147553
-0.000170789
0.00646154
0.00656942
0.00065395
0.00654985
0.0006378
0.00653087
0.000620542
0.00651249
0.000602948
0.00649473
0.000585025
0.0064776
0.000566806
0.0064611
0.000548306
0.00644525
0.000529529
0.00643005
0.000510477
0.00641552
0.000491155
0.00640165
0.000471572
0.00638847
0.000451733
0.00637597
0.000431644
0.00636416
0.000411311
0.00635306
0.000390743
0.00634266
0.000369944
0.00633299
0.000348922
0.00632404
0.000327685
0.00631581
0.000306237
0.00630833
0.000284588
0.00630159
0.000262744
0.00629559
0.000240713
0.00629036
0.000218501
0.00628588
0.000196117
0.00628217
0.000173567
0.00627923
0.000150861
0.00627706
0.000128005
0.00627568
0.000105008
0.00627508
8.18773e-05
0.00627527
5.86223e-05
0.00627625
3.52526e-05
0.00627803
1.17891e-05
0.00628061
-1.18035e-05
0.00628399
-3.55033e-05
0.00628818
-5.92698e-05
0.00629318
-8.31084e-05
0.00629898
-0.000107013
0.0063056
-0.000130975
0.00631303
-0.000154985
-0.000179036
0.00632128
0.00641576
0.000673291
0.00639694
0.000656617
0.0063787
0.000638785
0.00636104
0.000620604
0.00634399
0.000602079
0.00632754
0.000583249
0.00631172
0.00056413
0.00629652
0.000544724
0.00628197
0.000525035
0.00626805
0.000505069
0.00625479
0.000484832
0.00624219
0.000464331
0.00623027
0.000443572
0.00621901
0.000422563
0.00620845
0.000401309
0.00619857
0.000379819
0.0061894
0.000358098
0.00618093
0.000336154
0.00617317
0.000313994
0.00616613
0.000291626
0.00615982
0.000269057
0.00615424
0.000246294
0.0061494
0.000223345
0.00614529
0.000200218
0.00614194
0.000176921
0.00613934
0.000153462
0.0061375
0.000129849
0.00613641
0.00010609
0.0061361
8.21931e-05
0.00613655
5.81681e-05
0.00613778
3.40254e-05
0.00613978
9.79203e-06
0.00614257
-1.45946e-05
0.00614614
-3.90764e-05
0.0061505
-6.363e-05
0.00615565
-8.82581e-05
0.00616159
-0.000112954
0.00616833
-0.000137709
0.00617586
-0.000162515
-0.000187362
0.00618418
0.00626511
0.000691858
0.00624705
0.000674676
0.00622955
0.000656287
0.00621262
0.000637535
0.00619627
0.000618425
0.00618052
0.000599
0.00616537
0.000579278
0.00615083
0.000559262
0.00613692
0.000538953
0.00612363
0.000518358
0.00611097
0.000497485
0.00609897
0.000476339
0.00608761
0.000454928
0.00607691
0.000433259
0.00606688
0.000411338
0.00605753
0.000389173
0.00604886
0.000366771
0.00604087
0.000344139
0.00603358
0.000321284
0.00602699
0.000298215
0.00602111
0.000274938
0.00601594
0.000251462
0.00601149
0.000227795
0.00600777
0.000203944
0.00600477
0.000179917
0.00600251
0.000155724
0.00600099
0.000131371
0.00600021
0.000106868
0.00600018
8.22241e-05
0.0060009
5.74479e-05
0.00600237
3.2551e-05
0.00600459
7.57137e-06
0.00600759
-1.75956e-05
0.00601136
-4.2842e-05
0.00601589
-6.8164e-05
0.0060212
-9.3563e-05
0.00602728
-0.000119032
0.00603413
-0.000144562
0.00604176
-0.000170144
-0.00019577
0.00605017
0.00611739
0.000709644
0.00610009
0.000691972
0.00608334
0.000673044
0.00606713
0.000653738
0.0060515
0.00063406
0.00603644
0.000614056
0.00602197
0.000593748
0.0060081
0.000573138
0.00599482
0.000552227
0.00598216
0.000531021
0.00597012
0.000509528
0.0059587
0.000487756
0.00594792
0.00046571
0.00593778
0.000443398
0.00592829
0.000420828
0.00591946
0.000398006
0.00591129
0.00037494
0.00590379
0.000351638
0.00589697
0.000328106
0.00589083
0.000304354
0.00588538
0.000280388
0.00588062
0.000256217
0.00587657
0.000231849
0.00587322
0.000207291
0.00587059
0.000182554
0.00586867
0.000157644
0.00586747
0.000132571
0.00586699
0.000107343
0.00586725
8.1969e-05
0.00586823
5.64598e-05
0.00586996
3.08275e-05
0.0058724
5.13024e-06
0.00587561
-2.08092e-05
0.00587957
-4.68023e-05
0.00588428
-7.28742e-05
0.00588975
-9.90252e-05
0.00589596
-0.000125249
0.00590294
-0.000151535
0.00591067
-0.000177876
-0.000204261
0.00591916
0.00597252
0.000726646
0.00595599
0.0007085
0.00593998
0.00068905
0.00592451
0.000669208
0.00590959
0.000648978
0.00589524
0.000628413
0.00588145
0.000607537
0.00586824
0.000586349
0.00585561
0.000564853
0.00584358
0.000543054
0.00583215
0.000520959
0.00582132
0.000498577
0.00581112
0.000475915
0.00580154
0.000452979
0.00579259
0.000429776
0.00578428
0.000406316
0.00577662
0.000382604
0.00576961
0.000358649
0.00576325
0.000334459
0.00575757
0.000310041
0.00575255
0.000285404
0.00574821
0.000260556
0.00574455
0.000235506
0.00574158
0.000210261
0.00573931
0.00018483
0.00573773
0.000159222
0.00573686
0.000133446
0.00573669
0.000107511
0.00573723
8.14259e-05
0.00573849
5.52022e-05
0.00574046
2.88541e-05
0.00574311
2.47872e-06
0.00574655
-2.42416e-05
0.00575071
-5.09621e-05
0.00575559
-7.77636e-05
0.00576122
-0.000104648
0.00576758
-0.000131607
0.00577467
-0.000158632
0.00578251
-0.000185712
-0.000212839
0.00579108
0.00583041
0.000742856
0.00581466
0.000724253
0.00579941
0.0007043
0.00578468
0.00068394
0.00577048
0.000663175
0.00575683
0.000642067
0.00574372
0.000620639
0.00573118
0.000598893
0.00571921
0.000576829
0.00570781
0.000554454
0.00569699
0.000531775
0.00568677
0.000508802
0.00567714
0.00048554
0.00566812
0.000461997
0.00565972
0.000438181
0.00565193
0.0004141
0.00564478
0.000389761
0.00563825
0.000365171
0.00563237
0.000340341
0.00562714
0.000315276
0.00562255
0.000289986
0.00561863
0.00026448
0.00561537
0.000238765
0.00561278
0.00021285
0.00561087
0.000186744
0.00560963
0.000160456
0.00560908
0.000133995
0.00560923
0.000107369
0.00561006
8.05878e-05
0.00561161
5.36618e-05
0.00561385
2.66068e-05
0.00561667
-3.42558e-07
0.00562033
-2.78991e-05
0.00562469
-5.53174e-05
0.00562975
-8.28308e-05
0.00563554
-0.000110431
0.00564204
-0.000138108
0.00564926
-0.000165853
0.0056572
-0.000193655
-0.000221504
0.00566587
0.00569101
0.000758268
0.00567604
0.000739227
0.00566155
0.000718788
0.00564756
0.000697928
0.00563409
0.000676647
0.00562114
0.000655013
0.00560873
0.000633051
0.00559686
0.000610764
0.00558554
0.00058815
0.00557477
0.000565217
0.00556458
0.000541973
0.00555495
0.000518426
0.00554591
0.000494583
0.00553746
0.000470452
0.0055296
0.00044604
0.00552234
0.000421356
0.00551569
0.000396408
0.00550966
0.000371202
0.00550425
0.000345749
0.00549947
0.000320057
0.00549533
0.000294133
0.00549182
0.000267986
0.00548896
0.000241625
0.00548675
0.00021506
0.0054852
0.000188298
0.0054843
0.00016135
0.00548407
0.000134224
0.00548451
0.000106931
0.00548562
7.94797e-05
0.0054874
5.18829e-05
0.00548985
2.41588e-05
0.00549313
-3.62266e-06
0.00549697
-3.17382e-05
0.00550151
-5.98598e-05
0.00550675
-8.80705e-05
0.00551269
-0.000116369
0.00551932
-0.000144747
0.00552666
-0.000173194
0.00553471
-0.0002017
-0.000230256
0.00554346
0.00555423
0.000772876
0.00554005
0.000753413
0.00552633
0.000732509
0.00551309
0.000711168
0.00550035
0.000689388
0.00548811
0.000667245
0.0054764
0.000644768
0.0054652
0.000621958
0.00545454
0.000598813
0.00544442
0.00057534
0.00543484
0.000551548
0.00542582
0.000527446
0.00541737
0.00050304
0.00540948
0.000478339
0.00540217
0.00045335
0.00539544
0.000428082
0.00538931
0.000402542
0.00538377
0.00037674
0.00537884
0.000350683
0.00537452
0.00032438
0.00537081
0.00029784
0.00536772
0.000271072
0.00536526
0.000244084
0.00536344
0.000216886
0.00536225
0.000189487
0.0053617
0.000161897
0.0053618
0.000134124
0.00536255
0.000106179
0.00536396
7.80726e-05
0.00536603
4.98163e-05
0.00536875
2.14332e-05
0.00537219
-7.05909e-06
0.00537626
-3.58081e-05
0.005381
-6.46024e-05
0.00538642
-9.34917e-05
0.00539252
-0.000122471
0.00539931
-0.000151531
0.00540678
-0.000180663
0.00541493
-0.000209855
-0.000239099
0.00542378
0.00542002
0.000786671
0.00540662
0.000766804
0.00539368
0.000745454
0.00538119
0.000723651
0.00536919
0.000701391
0.00535768
0.000678758
0.00534666
0.000655785
0.00533615
0.00063247
0.00532615
0.000608812
0.00531667
0.000584818
0.00530772
0.000560497
0.00529931
0.000535858
0.00529144
0.000510908
0.00528413
0.000485655
0.00527737
0.000460107
0.00527118
0.000434274
0.00526556
0.000408162
0.00526052
0.00038178
0.00525606
0.000355138
0.0052522
0.000328244
0.00524893
0.000301106
0.00524627
0.000273735
0.00524421
0.000246139
0.00524277
0.000218327
0.00524195
0.000190309
0.00524175
0.000162095
0.00524218
0.000133694
0.00524325
0.000105116
0.00524495
7.63727e-05
0.00524729
4.74769e-05
0.00525026
1.84567e-05
0.00525392
-1.0718e-05
0.00525822
-4.0101e-05
0.00526316
-6.95506e-05
0.00526877
-9.90983e-05
0.00527504
-0.000128739
0.00528197
-0.000158463
0.00528957
-0.00018826
0.00529783
-0.000218121
-0.000248034
0.00530677
0.00528829
0.000799646
0.0052757
0.000779393
0.00526354
0.000757618
0.00525182
0.000735373
0.00524056
0.000712651
0.00522977
0.000689546
0.00521946
0.000666095
0.00520963
0.000642294
0.0052003
0.000618142
0.00519147
0.000593646
0.00518316
0.000568815
0.00517536
0.000543657
0.00516808
0.000518182
0.00516134
0.000492396
0.00515514
0.000466309
0.00514949
0.000439928
0.00514438
0.000413263
0.00513984
0.000386321
0.00513587
0.000359112
0.00513247
0.000331645
0.00512964
0.000303929
0.00512741
0.000275974
0.00512576
0.000247787
0.0051247
0.00021938
0.00512425
0.000190762
0.0051244
0.000161942
0.00512517
0.000132931
0.00512654
0.00010374
0.00512854
7.43785e-05
0.00513115
4.48618e-05
0.00513438
1.52272e-05
0.00513827
-1.46086e-05
0.00514279
-4.46153e-05
0.00514794
-7.47018e-05
0.00515373
-0.00010489
0.00516016
-0.000135173
0.00516724
-0.000165542
0.00517497
-0.000195988
0.00518335
-0.000226498
-0.000257062
0.00519237
0.00515899
0.000811793
0.00514721
0.000791172
0.00513584
0.000768991
0.00512489
0.000746324
0.00511438
0.00072316
0.00510432
0.000699603
0.00509473
0.000675692
0.00508559
0.000651425
0.00507694
0.000626798
0.00506876
0.000601819
0.00506108
0.000576496
0.0050539
0.00055084
0.00504722
0.000524858
0.00504106
0.000498559
0.00503542
0.000471951
0.00503031
0.000445042
0.00502573
0.000417842
0.00502169
0.000390359
0.0050182
0.000362603
0.00501526
0.000334582
0.00501289
0.000306306
0.00501107
0.000277784
0.00500984
0.000249027
0.00500917
0.000220043
0.00500909
0.000190843
0.0050096
0.000161437
0.00501069
0.000131835
0.00501238
0.000102048
0.00501467
7.2088e-05
0.00501757
4.19701e-05
0.00502105
1.17478e-05
0.00502517
-1.87357e-05
0.00502991
-4.93518e-05
0.00503526
-8.00572e-05
0.00504124
-0.000110867
0.00504784
-0.000141775
0.00505507
-0.000172771
0.00506293
-0.000203846
0.00507142
-0.000234987
-0.000266185
0.00508054
0.00503206
0.000823103
0.0050211
0.00080213
0.00501052
0.000779566
0.00500035
0.000756498
0.0049906
0.000732911
0.00498128
0.00070892
0.0049724
0.000684571
0.00496397
0.000659856
0.004956
0.000634774
0.00494849
0.00060933
0.00494145
0.000583536
0.00493488
0.000557401
0.00492881
0.000530932
0.00492323
0.000504138
0.00491815
0.000477028
0.00491359
0.000449611
0.00490953
0.000421895
0.004906
0.00039389
0.004903
0.000365605
0.00490053
0.00033705
0.0048986
0.000308233
0.00489722
0.000279165
0.00489639
0.000249855
0.00489612
0.000220314
0.00489642
0.000190551
0.00489728
0.000160577
0.00489871
0.000130402
0.00490072
0.000100039
0.00490331
6.94984e-05
0.00490648
3.87989e-05
0.0049102
8.02383e-06
0.00491457
-2.3104e-05
0.00491953
-5.43139e-05
0.0049251
-8.5619e-05
0.00493126
-0.000117031
0.00493803
-0.000148545
0.00494541
-0.00018015
0.0049534
-0.000211836
0.004962
-0.000243591
-0.000275403
0.00497122
0.00490743
0.000833565
0.0048973
0.00081226
0.00488753
0.000789334
0.00487814
0.000765885
0.00486916
0.000741895
0.00486059
0.000717491
0.00485244
0.000692722
0.00484471
0.000667581
0.00483742
0.000642063
0.00483058
0.000616175
0.00482419
0.000589929
0.00481825
0.000563334
0.00481279
0.000536397
0.0048078
0.000509129
0.00480329
0.000481537
0.00479927
0.00045363
0.00479575
0.000425419
0.00479273
0.000396911
0.00479021
0.000368117
0.00478822
0.000339046
0.00478674
0.000309707
0.0047858
0.000280112
0.00478538
0.000250269
0.00478551
0.000220188
0.00478618
0.000189881
0.0047874
0.000159358
0.00478917
0.000128629
0.0047915
9.77077e-05
0.00479439
6.66076e-05
0.00479784
3.53519e-05
0.00480179
4.0706e-06
0.00480641
-2.7725e-05
0.00481161
-5.95104e-05
0.00481738
-9.13917e-05
0.00482374
-0.000123386
0.00483068
-0.000155486
0.00483821
-0.000187681
0.00484633
-0.000219959
0.00485505
-0.000252308
-0.000284718
0.00486436
0.00478504
0.000843171
0.00477575
0.00082155
0.0047668
0.000798285
0.00475821
0.000774478
0.00475
0.000750104
0.00474219
0.000725307
0.00473477
0.000700139
0.00472776
0.000674591
0.00472116
0.000648658
0.00471499
0.000622346
0.00470925
0.000595668
0.00470395
0.000568633
0.0046991
0.000541249
0.00469471
0.000513525
0.00469077
0.000485471
0.00468731
0.000457095
0.00468432
0.000428407
0.00468181
0.000399417
0.0046798
0.000370133
0.00467828
0.000340566
0.00467726
0.000310726
0.00467675
0.000280622
0.00467675
0.000250266
0.00467727
0.000219666
0.00467832
0.000188833
0.0046799
0.000157778
0.00468202
0.000126511
0.00468469
9.50414e-05
0.00468791
6.3381e-05
0.00469171
3.1552e-05
0.00469574
4.04e-08
0.00470065
-3.26287e-05
0.00470607
-6.49332e-05
0.00471205
-9.73735e-05
0.0047186
-0.000129935
0.00472572
-0.000162603
0.0047334
-0.000195368
0.00474166
-0.000228218
0.0047505
-0.000261143
-0.000294131
0.00475991
0.00466485
0.00085191
0.00465641
0.000829992
0.00464828
0.000806409
0.00464049
0.000782266
0.00463307
0.00075753
0.00462601
0.000732359
0.00461934
0.000706813
0.00461305
0.000680879
0.00460716
0.000654551
0.00460167
0.000627836
0.00459659
0.000600746
0.00459193
0.000573291
0.0045877
0.00054548
0.00458391
0.000517322
0.00458055
0.000488825
0.00457765
0.00046
0.0045752
0.000430856
0.00457321
0.000401403
0.0045717
0.00037165
0.00457066
0.000341607
0.0045701
0.000311285
0.00457003
0.000280694
0.00457045
0.000249843
0.00457137
0.000218745
0.00457279
0.000187409
0.00457472
0.000155847
0.00457716
0.00012407
0.00458011
9.20916e-05
0.00458357
5.99279e-05
0.00458751
2.76086e-05
0.00459232
-4.77254e-06
0.00459737
-3.76802e-05
0.004603
-7.05584e-05
0.00460917
-0.000103548
0.0046159
-0.000136657
0.00462317
-0.000169877
0.004631
-0.000203197
0.00463939
-0.000236605
0.00464833
-0.000270089
-0.000303637
0.00465784
0.00454678
0.000859772
0.0045392
0.000837573
0.00453191
0.000813697
0.00452494
0.000789239
0.0045183
0.000764162
0.00451202
0.000738639
0.0045061
0.000712735
0.00450054
0.000686437
0.00449536
0.000659734
0.00449056
0.000632636
0.00448615
0.000605155
0.00448214
0.000577301
0.00447854
0.000549084
0.00447535
0.000520511
0.00447258
0.000491593
0.00447024
0.000462339
0.00446834
0.000432759
0.00446688
0.000402863
0.00446586
0.000372661
0.00446531
0.000342163
0.00446522
0.000311379
0.00446559
0.000280319
0.00446644
0.000248996
0.00446776
0.000217419
0.00446957
0.000185599
0.00447187
0.000153547
0.00447467
0.000121277
0.00447796
8.87995e-05
0.00448175
5.61324e-05
0.00448605
2.33138e-05
0.00449094
-9.66676e-06
0.00449628
-4.30209e-05
0.00450214
-7.64166e-05
0.00450853
-0.000109935
0.00451545
-0.000143576
0.0045229
-0.000177328
0.00453089
-0.000211184
0.00453941
-0.000245129
0.00454847
-0.000279153
-0.000313243
0.00455808
0.00443079
0.000866747
0.00442408
0.000844283
0.00441763
0.000820138
0.00441149
0.000795389
0.00440566
0.000769991
0.00440016
0.000744137
0.004395
0.000717897
0.00439018
0.000691254
0.00438571
0.000664199
0.00438161
0.000636739
0.00437788
0.000608888
0.00437452
0.000580657
0.00437155
0.000552053
0.00436898
0.000523087
0.0043668
0.000493768
0.00436504
0.000464106
0.00436369
0.00043411
0.00436276
0.000403792
0.00436226
0.000373161
0.00436219
0.000342227
0.00436257
0.000311002
0.00436339
0.000279495
0.00436467
0.000247718
0.00436641
0.000215681
0.00436861
0.000183397
0.00437128
0.000150876
0.00437443
0.000118131
0.00437805
8.51757e-05
0.00438215
5.20285e-05
0.00438673
1.87421e-05
0.00439186
-1.48028e-05
0.00439746
-4.8622e-05
0.00440356
-8.25174e-05
0.00441017
-0.000116541
0.00441728
-0.00015069
0.00442491
-0.000184956
0.00443305
-0.000219326
0.00444171
-0.00025379
0.0044509
-0.000288335
-0.000322948
0.0044606
0.00431682
0.000872823
0.00431099
0.000850111
0.0043054
0.000825721
0.00430009
0.000800704
0.00429507
0.000775007
0.00429037
0.000748842
0.00428598
0.000722288
0.00428191
0.000695324
0.00427817
0.000667937
0.00427477
0.000640136
0.00427173
0.000611936
0.00426903
0.000583348
0.00426671
0.00055438
0.00426475
0.000525041
0.00426318
0.000495342
0.00426199
0.000465293
0.0042612
0.000434903
0.00426081
0.000404183
0.00426082
0.000373144
0.00426126
0.000341796
0.00426211
0.000310149
0.00426339
0.000278215
0.0042651
0.000246005
0.00426725
0.000213529
0.00426985
0.0001808
0.0042729
0.00014783
0.0042764
0.000114631
0.00428036
8.12175e-05
0.00428477
4.7611e-05
0.00428962
1.389e-05
0.00429502
-2.02011e-05
0.00430088
-5.44802e-05
0.00430722
-8.88554e-05
0.00431404
-0.000123363
0.00432135
-0.000158002
0.00432916
-0.00019276
0.00433746
-0.000227626
0.00434626
-0.000262589
0.00435556
-0.000297635
-0.000332752
0.00436536
0.00420482
0.00087799
0.00419988
0.000855046
0.00419517
0.000830435
0.0041907
0.000805174
0.00418651
0.000779199
0.0041826
0.000752746
0.00417899
0.000725899
0.00417568
0.000698634
0.00417268
0.000670937
0.00417
0.000642818
0.00416764
0.000614291
0.00416563
0.000585367
0.00416395
0.000556056
0.00416262
0.000526366
0.00416166
0.000496309
0.00416106
0.000465893
0.00416083
0.00043513
0.00416099
0.00040403
0.00416153
0.000372604
0.00416246
0.000340861
0.00416379
0.000308815
0.00416554
0.000276474
0.00416769
0.000243851
0.00417026
0.000210957
0.00417326
0.000177804
0.00417668
0.000144404
0.00418054
0.000110771
0.00418484
7.69196e-05
0.00418958
4.28764e-05
0.0041947
8.76824e-06
0.00420037
-2.58757e-05
0.00420649
-6.05993e-05
0.00421307
-9.5432e-05
0.00422011
-0.000130404
0.00422762
-0.000165511
0.0042356
-0.000200742
0.00424406
-0.000236085
0.004253
-0.000271526
0.00426242
-0.000307055
-0.000342656
0.00427232
0.00409475
0.000882239
0.00409071
0.000859079
0.00408688
0.000834271
0.00408326
0.000808789
0.00407991
0.000782557
0.00407681
0.000755838
0.00407399
0.000728719
0.00407145
0.000701176
0.0040692
0.000673191
0.00406724
0.000644775
0.00406559
0.000615942
0.00406425
0.000586705
0.00406324
0.000557072
0.00406255
0.000527053
0.0040622
0.000496658
0.00406219
0.000465898
0.00406254
0.000434783
0.00406325
0.000403325
0.00406432
0.000371532
0.00406576
0.000339418
0.00406758
0.000306992
0.00406979
0.000274267
0.00407239
0.000241252
0.00407539
0.000207961
0.00407879
0.000174404
0.0040826
0.000140594
0.00408682
0.000106545
0.00409147
7.22723e-05
0.00409654
3.78065e-05
0.0041019
3.40508e-06
0.00410787
-3.18425e-05
0.00411425
-6.6981e-05
0.00412107
-0.00010225
0.00412833
-0.000137666
0.00413604
-0.000173222
0.0041442
-0.000208905
0.00415282
-0.000244703
0.0041619
-0.000280604
0.00417144
-0.000316595
-0.000352661
0.00418144
0.00398656
0.000885561
0.00398344
0.000862198
0.00398049
0.000837218
0.00397774
0.000811538
0.00397523
0.000785072
0.00397296
0.000758107
0.00397094
0.00073074
0.00396917
0.00070294
0.00396767
0.000674689
0.00396645
0.000645997
0.00396551
0.000616881
0.00396487
0.000587352
0.00396452
0.000557419
0.00396448
0.000527092
0.00396476
0.000496382
0.00396535
0.0004653
0.00396628
0.000433855
0.00396755
0.000402059
0.00396916
0.000369923
0.00397112
0.000337458
0.00397343
0.000304675
0.00397611
0.000271586
0.00397916
0.000238202
0.00398259
0.000204536
0.0039864
0.000170598
0.00399059
0.000136401
0.00399517
0.000101959
0.00400016
6.72883e-05
0.00400554
3.2424e-05
0.00401128
-2.32916e-06
0.00401751
-3.80787e-05
0.00402415
-7.36163e-05
0.0040312
-0.000109306
0.00403868
-0.000145148
0.00404659
-0.000181132
0.00405494
-0.000217247
0.00406372
-0.000253482
0.00407293
-0.000289822
0.00408259
-0.000326255
-0.000362767
0.0040927
0.00388021
0.000887947
0.00387801
0.000864395
0.00387596
0.000839268
0.00387409
0.000813413
0.00387242
0.000786733
0.00387099
0.000759544
0.00386978
0.00073195
0.0038688
0.000703916
0.00386807
0.00067542
0.00386759
0.000646475
0.00386738
0.000617097
0.00386743
0.000587298
0.00386776
0.000557087
0.00386838
0.000526475
0.00386929
0.000495472
0.0038705
0.000464089
0.00387202
0.000432336
0.00387385
0.000400225
0.00387601
0.000367767
0.00387849
0.000334974
0.00388131
0.000301856
0.00388447
0.000268425
0.00388798
0.000234695
0.00389184
0.000200675
0.00389606
0.00016638
0.00390064
0.000131822
0.00390558
9.70163e-05
0.00391089
6.19846e-05
0.00391653
2.67769e-05
0.00392279
-8.58714e-06
0.00392927
-4.45543e-05
0.00393615
-8.0504e-05
0.00394345
-0.000116598
0.00395114
-0.000152846
0.00395925
-0.00018924
0.00396777
-0.000225769
0.00397671
-0.00026242
0.00398607
-0.00029918
0.00399585
-0.000336036
-0.000372974
0.00400606
0.00377566
0.000889391
0.00377439
0.000865662
0.00377325
0.000840412
0.00377226
0.000814405
0.00377146
0.000787532
0.00377086
0.000760139
0.00377047
0.00073234
0.0037703
0.000704093
0.00377034
0.000675375
0.00377062
0.000646198
0.00377113
0.00061658
0.0037719
0.000586534
0.00377292
0.000556067
0.0037742
0.000525192
0.00377576
0.000493918
0.00377759
0.000462256
0.00377971
0.000430217
0.00378212
0.000397814
0.00378483
0.000365056
0.00378785
0.000331956
0.00379118
0.000298526
0.00379483
0.000264776
0.0037988
0.00023072
0.00380311
0.00019637
0.00380775
0.000161738
0.00381273
0.00012684
0.00381806
9.16898e-05
0.00382373
5.63124e-05
0.00382973
2.07811e-05
0.00383622
-1.50806e-05
0.00384301
-5.1344e-05
0.00385017
-8.76654e-05
0.00385771
-0.00012414
0.00386564
-0.000160772
0.00387395
-0.000197555
0.00388266
-0.000234475
0.00389176
-0.000271522
0.00390126
-0.000308681
0.00391117
-0.000345939
-0.000383282
0.00392148
0.00367288
0.000889888
0.00367255
0.000865993
0.00367232
0.000840643
0.00367222
0.000814505
0.00367229
0.000787459
0.00367255
0.000759884
0.00367299
0.000731901
0.00367362
0.000703463
0.00367445
0.000674544
0.00367549
0.000645156
0.00367675
0.00061532
0.00367823
0.000585048
0.00367995
0.000554348
0.00368191
0.000523231
0.00368412
0.000491708
0.00368659
0.00045979
0.00368932
0.000427489
0.00369232
0.000394815
0.00369559
0.00036178
0.00369915
0.000328396
0.003703
0.000294675
0.00370715
0.000260629
0.0037116
0.00022627
0.00371636
0.000191611
0.00372143
0.000156665
0.00372682
0.000121447
0.00373254
8.59751e-05
0.00373857
5.02769e-05
0.00374488
1.44702e-05
0.00375167
-2.18678e-05
0.00375877
-5.8441e-05
0.00376621
-9.51082e-05
0.00377401
-0.000131937
0.00378217
-0.000168931
0.00379069
-0.000206079
0.00379959
-0.00024337
0.00380885
-0.00028079
0.0038185
-0.000318326
0.00382852
-0.000355965
-0.000393693
0.00383894
0.00357183
0.000889433
0.00357245
0.000865381
0.00357314
0.000839954
0.00357393
0.000813707
0.00357489
0.000786507
0.003576
0.00075877
0.00357728
0.000730624
0.00357872
0.000702016
0.00358035
0.000672916
0.00358217
0.00064334
0.00358418
0.000613308
0.0035864
0.000582831
0.00358883
0.00055192
0.00359147
0.000520584
0.00359435
0.000488834
0.00359746
0.000456683
0.0036008
0.00042414
0.0036044
0.000391219
0.00360825
0.00035793
0.00361236
0.000324285
0.00361674
0.000290296
0.00362139
0.000255976
0.00362633
0.000221336
0.00363155
0.00018639
0.00363706
0.000151152
0.00364287
0.000115635
0.00364899
7.9863e-05
0.00365539
4.3875e-05
0.00366199
7.86481e-06
0.00366911
-2.89844e-05
0.00367652
-6.585e-05
0.00368424
-0.000102834
0.0036923
-0.000139993
0.00370069
-0.000177325
0.00370943
-0.000214815
0.00371851
-0.000252453
0.00372795
-0.000290225
0.00373774
-0.000328117
0.00374789
-0.000366116
-0.000404207
0.0037584
0.00347249
0.000888023
0.00347405
0.000863822
0.00347566
0.000838341
0.00347736
0.000812005
0.0034792
0.000784668
0.00348118
0.000756789
0.00348331
0.000728501
0.00348558
0.000699743
0.00348801
0.000670483
0.00349061
0.000640739
0.00349339
0.000610532
0.00349635
0.000579873
0.0034995
0.000548771
0.00350284
0.000517238
0.00350639
0.000485284
0.00351015
0.000452921
0.00351413
0.000420161
0.00351834
0.000387014
0.00352277
0.000353494
0.00352745
0.000319611
0.00353237
0.000285379
0.00353753
0.000250808
0.00354296
0.000215912
0.00354865
0.000180703
0.0035546
0.000145193
0.00356084
0.000109396
0.00356738
7.3326e-05
0.00357423
3.702e-05
0.00358101
1.09216e-06
0.0035885
-3.64736e-05
0.00359621
-7.35655e-05
0.00360423
-0.000110847
0.00361255
-0.000148317
0.00362119
-0.000185961
0.00363014
-0.00022377
0.00363942
-0.00026173
0.00364902
-0.000299831
0.00365896
-0.000338056
0.00366924
-0.000376393
-0.000414826
0.00367986
0.00337481
0.000885655
0.00337732
0.000861314
0.00337986
0.000835799
0.00338247
0.000809391
0.0033852
0.000781937
0.00338806
0.000753934
0.00339104
0.000725523
0.00339414
0.000696635
0.00339739
0.000667235
0.00340079
0.000637343
0.00340434
0.000606982
0.00340805
0.000576161
0.00341193
0.000544891
0.00341598
0.000513182
0.00342022
0.000481046
0.00342465
0.000448494
0.00342927
0.000415538
0.0034341
0.00038219
0.00343913
0.000348462
0.00344437
0.000314365
0.00344984
0.000279912
0.00345553
0.000245115
0.00346146
0.000209988
0.00346762
0.000174543
0.00347402
0.000138795
0.00348065
0.00010276
0.00348751
6.6465e-05
0.00349456
2.99704e-05
0.00350227
-6.61343e-06
0.00350995
-4.4152e-05
0.00351794
-8.15593e-05
0.00352622
-0.00011913
0.00353479
-0.000156888
0.00354366
-0.000194826
0.00355282
-0.000232934
0.00356229
-0.000271198
0.00357206
-0.000309606
0.00358215
-0.000348143
0.00359256
-0.000386797
-0.000425551
0.00360328
0.00327875
0.000882327
0.00328222
0.000857852
0.00328569
0.000832324
0.00328922
0.000805863
0.00329285
0.000778307
0.00329658
0.000750198
0.00330042
0.000721684
0.00330437
0.000692684
0.00330845
0.000663163
0.00331265
0.000633143
0.00331698
0.000602647
0.00332146
0.000571686
0.00332608
0.000540268
0.00333086
0.000508405
0.00333579
0.000476109
0.0033409
0.00044339
0.00334618
0.000410262
0.00335163
0.000376734
0.00335727
0.000342821
0.0033631
0.000308533
0.00336913
0.000273884
0.00337536
0.000238885
0.0033818
0.000203551
0.00338845
0.000167894
0.00339531
0.000131931
0.00340239
9.56791e-05
0.00340969
5.91681e-05
0.00341717
2.24908e-05
0.00342513
-1.45736e-05
0.00343319
-5.22134e-05
0.0034415
-8.9871e-05
0.00345008
-0.000127704
0.00345892
-0.000165729
0.00346803
-0.000203938
0.00347742
-0.000242321
0.00348708
-0.000280865
0.00349704
-0.000319558
0.00350728
-0.000358385
0.00351782
-0.000397334
-0.000436389
0.00352865
0.00318428
0.000878035
0.0031887
0.000853436
0.00319311
0.000827915
0.00319756
0.000801415
0.00320209
0.000773771
0.00320671
0.000745575
0.00321142
0.000716975
0.00321623
0.000687881
0.00322113
0.000658257
0.00322615
0.000628128
0.00323128
0.000597517
0.00323653
0.000566435
0.00324191
0.000534891
0.00324742
0.000502895
0.00325307
0.000470459
0.00325886
0.000437596
0.00326481
0.000404317
0.00327091
0.000370634
0.00327717
0.000336558
0.0032836
0.000302103
0.0032902
0.000267281
0.00329698
0.000232104
0.00330395
0.000196586
0.0033111
0.000160741
0.00331844
0.000124585
0.00332599
8.81388e-05
0.00333371
5.14397e-05
0.00334156
1.46445e-05
0.00334985
-2.28645e-05
0.00335829
-6.06487e-05
0.00336694
-9.85214e-05
0.00337582
-0.000136586
0.00338494
-0.00017485
0.00339431
-0.000213305
0.00340392
-0.000251939
0.0034138
-0.00029074
0.00342394
-0.000329695
0.00343434
-0.000368791
0.00344502
-0.000408014
-0.00044735
0.00345598
0.00309134
0.000872775
0.00309671
0.000848065
0.00310206
0.00082257
0.00310743
0.000796042
0.00311288
0.000768324
0.0031184
0.000740057
0.00312398
0.000711389
0.00312965
0.000682217
0.0031354
0.000652507
0.00314124
0.000622287
0.00314717
0.00059158
0.00315321
0.000560397
0.00315936
0.000528745
0.00316562
0.000496637
0.00317199
0.000464084
0.00317849
0.000431097
0.00318512
0.00039769
0.00319188
0.000363874
0.00319877
0.00032966
0.00320582
0.000295062
0.00321301
0.000260091
0.00322035
0.00022476
0.00322785
0.000189083
0.00323552
0.000153073
0.00324336
0.000116747
0.00325137
8.01257e-05
0.00325955
4.32626e-05
0.00326773
6.46152e-06
0.00327642
-3.15469e-05
0.00328523
-6.94602e-05
0.00329422
-0.000107518
0.00330343
-0.000145787
0.00331284
-0.000184265
0.00332247
-0.000222939
0.00333234
-0.0002618
0.00334243
-0.000300835
0.00335277
-0.000340032
0.00336335
-0.000379375
0.00337419
-0.000418852
-0.000458449
0.00338529
0.00299988
0.000866541
0.00300621
0.000841738
0.00301249
0.000816286
0.0030188
0.000789739
0.00302516
0.000761959
0.00303158
0.000733639
0.00303805
0.000704919
0.00304458
0.000675684
0.00305118
0.000645904
0.00305786
0.00061561
0.00306462
0.000584825
0.00307146
0.000553559
0.00307838
0.000521819
0.0030854
0.000489618
0.00309252
0.000456968
0.00309973
0.00042388
0.00310706
0.000390367
0.00311449
0.00035644
0.00312204
0.000322111
0.00312971
0.000287393
0.0031375
0.000252297
0.00314542
0.000216838
0.00315348
0.000181028
0.00316167
0.00014488
0.00317001
0.000108409
0.0031785
7.16311e-05
0.00318716
3.46027e-05
0.00319574
-2.11045e-06
0.00320483
-4.06386e-05
0.00321401
-7.86438e-05
0.00322337
-0.000116871
0.0032329
-0.000155325
0.00324263
-0.000193991
0.00325255
-0.000232861
0.00326268
-0.000271926
0.00327301
-0.000311172
0.00328357
-0.000350587
0.00329435
-0.000390157
0.00330536
-0.000429867
-0.000469703
0.00331662
0.00290985
0.000859329
0.00291712
0.000834464
0.00292434
0.000809068
0.00293158
0.0007825
0.00293887
0.00075467
0.00294619
0.000726315
0.00295355
0.000697558
0.00296096
0.000668273
0.00296843
0.000638437
0.00297596
0.000608085
0.00298354
0.000577239
0.00299119
0.000545907
0.00299892
0.000514097
0.00300671
0.000481823
0.00301458
0.000449096
0.00302254
0.000415928
0.00303057
0.00038233
0.0030387
0.000348314
0.00304692
0.000313892
0.00305523
0.000279077
0.00306365
0.000243882
0.00307217
0.000208318
0.0030808
0.000172401
0.00308953
0.000136146
0.00309837
9.95721e-05
0.00310728
6.27136e-05
0.00311622
2.56711e-05
0.00312582
-1.1711e-05
0.00313518
-5.00004e-05
0.00314473
-8.8198e-05
0.00315445
-0.000126587
0.00316433
-0.000165202
0.00317437
-0.000204039
0.0031846
-0.000243087
0.00319501
-0.000282335
0.00320561
-0.000321771
0.0032164
-0.000361383
0.0032274
-0.000401155
0.00323861
-0.000441073
-0.000481124
0.00325003
0.00282121
0.000851155
0.0028294
0.000826271
0.00283755
0.000800926
0.00284572
0.000774324
0.00285394
0.000746453
0.00286217
0.000718082
0.00287043
0.0006893
0.00287873
0.000659975
0.00288707
0.000630095
0.00289546
0.0005997
0.00290389
0.000568808
0.00291237
0.000537426
0.0029209
0.000505564
0.00292949
0.000473234
0.00293814
0.000440449
0.00294685
0.000407219
0.00295562
0.000373556
0.00296446
0.000339472
0.00297337
0.000304979
0.00298236
0.000270089
0.00299143
0.000234814
0.00300058
0.000199169
0.00300981
0.000163167
0.00301913
0.000126825
0.00302854
9.01657e-05
0.00303802
5.32353e-05
0.00304749
1.62031e-05
0.00305742
-2.1648e-05
0.00306731
-5.98918e-05
0.00307731
-9.81957e-05
0.00308744
-0.000136717
0.00309771
-0.000175472
0.00310813
-0.000214453
0.00311869
-0.000253651
0.00312941
-0.000293056
0.00314029
-0.000332655
0.00315135
-0.000372434
0.00316257
-0.000412378
0.00317397
-0.000452474
-0.000492705
0.00318555
0.00273394
0.000842046
0.00274301
0.000817208
0.00275205
0.000791884
0.00276116
0.000765215
0.0027703
0.00073731
0.00277945
0.000708939
0.00278861
0.000680138
0.00279781
0.000650779
0.00280703
0.000620866
0.00281629
0.00059044
0.00282559
0.000559514
0.00283492
0.000528096
0.00284429
0.000496195
0.0028537
0.000463826
0.00286315
0.000430999
0.00287264
0.000397724
0.00288218
0.000364015
0.00289177
0.000329881
0.00290142
0.000295335
0.00291112
0.00026039
0.00292087
0.000225056
0.0029307
0.000189348
0.00294058
0.000153281
0.00295054
0.00011687
0.00296056
8.01382e-05
0.00297065
4.31449e-05
0.00298058
6.27871e-06
0.00299103
-3.20979e-05
0.00300144
-7.03072e-05
0.00301193
-0.000108684
0.00302252
-0.000147304
0.00303321
-0.000186164
0.00304402
-0.000225256
0.00305494
-0.000264572
0.00306598
-0.000304098
0.00307715
-0.000343823
0.00308844
-0.000383732
0.00309988
-0.000423809
0.00311144
-0.000464039
-0.000504407
0.00312314
0.00264796
0.000831973
0.00265788
0.000807289
0.00266782
0.00078195
0.00267786
0.000755174
0.00268792
0.000727251
0.00269796
0.000698891
0.00270803
0.000670067
0.00271814
0.000640672
0.00272828
0.000610731
0.00273844
0.00058028
0.00274862
0.000549328
0.00275884
0.000517881
0.00276908
0.000485953
0.00277935
0.000453556
0.00278965
0.000420699
0.00279998
0.000387395
0.00281034
0.000353654
0.00282073
0.000319487
0.00283116
0.000284906
0.00284163
0.000249923
0.00285214
0.00021455
0.00286268
0.000178801
0.00287327
0.000142692
0.0028839
0.000106242
0.00289456
6.94776e-05
0.00290523
3.24794e-05
0.00291592
-4.41233e-06
0.00292687
-4.30527e-05
0.00293781
-8.12433e-05
0.00294879
-0.000119671
0.00295984
-0.000158353
0.00297096
-0.000197279
0.00298214
-0.000236441
0.0029934
-0.00027583
0.00300474
-0.000315434
0.00301615
-0.000355238
0.00302765
-0.000395227
0.00303922
-0.000435387
0.00305088
-0.0004757
-0.00051615
0.00306263
0.00256313
0.000820749
0.00257393
0.000796495
0.00258479
0.000771082
0.0025958
0.000744167
0.00260678
0.00071627
0.00261775
0.000687926
0.00262875
0.000659061
0.0026398
0.000629621
0.00265089
0.000599648
0.002662
0.000569168
0.00267314
0.000538187
0.00268431
0.000506716
0.00269549
0.000474766
0.0027067
0.000442349
0.00271792
0.000409475
0.00272916
0.000376155
0.00274042
0.000342399
0.00275169
0.000308218
0.00276297
0.000273623
0.00277427
0.000238625
0.00278558
0.000203237
0.00279691
0.000167474
0.00280825
0.000131352
0.00281959
9.49024e-05
0.00283089
5.81793e-05
0.00284202
2.13461e-05
0.00285376
-1.61501e-05
0.00286516
-5.44506e-05
0.00287659
-9.26743e-05
0.00288803
-0.000131118
0.0028995
-0.000169816
0.00291098
-0.000208761
0.00292248
-0.000247945
0.00293401
-0.000287356
0.00294556
-0.000326983
0.00295713
-0.000366812
0.00296873
-0.000406826
0.00298036
-0.000447011
0.00299201
-0.00048735
-0.000527828
0.00300368
0.00247958
0.000808442
0.00249116
0.000784919
0.00250313
0.000759115
0.00251525
0.000732041
0.00252731
0.000704218
0.00253935
0.000675887
0.00255143
0.00064698
0.00256354
0.000617505
0.00257569
0.000587504
0.00258786
0.000556997
0.00260005
0.000525996
0.00261225
0.000494511
0.00262447
0.000462553
0.00263668
0.000430135
0.00264889
0.000397264
0.00266109
0.000363952
0.00267328
0.000330209
0.00268546
0.000296044
0.00269761
0.000261469
0.00270974
0.000226493
0.00272185
0.000191127
0.00273394
0.000155385
0.00274601
0.000119284
0.00275806
8.28549e-05
0.00277005
4.61828e-05
0.00278172
9.68447e-06
0.00279391
-2.83429e-05
0.00280585
-6.63881e-05
0.00281771
-0.00010454
0.00282954
-0.000142943
0.00284132
-0.000181599
0.00285306
-0.000220505
0.00286477
-0.000259652
0.00287644
-0.00029903
0.00288809
-0.000338624
0.0028997
-0.000378422
0.00291128
-0.000418407
0.00292283
-0.000458565
0.00293436
-0.00049888
-0.000539336
0.00294587
0.00239683
0.00240912
0.00242231
0.00243577
0.00244926
0.00246278
0.00247629
0.00248977
0.00250323
0.00251664
0.00253002
0.00254336
0.00255666
0.00256991
0.0025831
0.00259624
0.00260931
0.00262232
0.00263526
0.00264813
0.00266092
0.00267364
0.00268629
0.00269887
0.00271141
0.00272369
0.00273623
0.00274849
0.00276063
0.00277268
0.00278463
0.0027965
0.00280828
0.00281999
0.00283162
0.00284317
0.00285466
0.00286608
0.00287743
0.00288873
0.0103663
-9.26099e-06
0.0103769
-1.05828e-05
0.0103888
-1.19061e-05
0.010402
-1.32307e-05
0.0104166
-1.45558e-05
0.0104324
-1.5881e-05
0.0104497
-1.72058e-05
0.0104682
-1.85294e-05
0.010488
-1.98516e-05
0.0105092
-2.11716e-05
0.0105317
-2.24891e-05
0.0105555
-2.38036e-05
0.0105806
-2.51141e-05
0.010607
-2.64208e-05
0.0106348
-2.77223e-05
0.0106638
-2.90188e-05
0.0106941
-3.03095e-05
0.0107257
-3.15937e-05
0.0107585
-3.28712e-05
0.0107927
-3.41411e-05
0.0108281
-3.5403e-05
0.0108647
-3.66567e-05
0.0109026
-3.79011e-05
0.0109418
-3.91362e-05
0.0109821
-4.0361e-05
0.0110237
-4.15755e-05
0.0110665
-4.27787e-05
0.0111105
-4.39704e-05
0.0111556
-4.515e-05
0.0112019
-4.63169e-05
0.0112494
-4.74707e-05
0.011298
-4.86109e-05
0.0113478
-4.97369e-05
0.0113986
-5.08484e-05
0.0114505
-5.19447e-05
0.0115036
-5.30254e-05
0.0115577
-5.409e-05
0.0116128
-5.51381e-05
0.011669
-5.61691e-05
-5.71866e-05
0.0117262
0.0101273
-1.83931e-05
0.0101377
-2.10058e-05
0.0101494
-2.36213e-05
0.0101624
-2.62389e-05
0.0101767
-2.88573e-05
0.0101923
-3.14758e-05
0.0102092
-3.40929e-05
0.0102274
-3.67081e-05
0.0102469
-3.93199e-05
0.0102676
-4.19275e-05
0.0102897
-4.45296e-05
0.010313
-4.71256e-05
0.0103376
-4.97139e-05
0.0103635
-5.22938e-05
0.0103906
-5.4864e-05
0.010419
-5.74237e-05
0.0104487
-5.99717e-05
0.0104796
-6.2507e-05
0.0105117
-6.50285e-05
0.0105451
-6.75351e-05
0.0105797
-7.00259e-05
0.0106156
-7.24998e-05
0.0106526
-7.49556e-05
0.0106909
-7.73925e-05
0.0107303
-7.98094e-05
0.010771
-8.22052e-05
0.0108128
-8.45788e-05
0.0108557
-8.69295e-05
0.0108998
-8.92561e-05
0.0109451
-9.15575e-05
0.0109914
-9.38329e-05
0.0110389
-9.60811e-05
0.0110875
-9.83013e-05
0.0111371
-0.000100493
0.0111878
-0.000102654
0.0112396
-0.000104784
0.0112924
-0.000106883
0.0113462
-0.000108949
0.011401
-0.00011098
-0.000112985
0.0114568
0.00989502
-2.7408e-05
0.00990529
-3.12821e-05
0.00991683
-3.51603e-05
0.00992963
-3.90412e-05
0.0099437
-4.29234e-05
0.00995903
-4.6805e-05
0.00997562
-5.06847e-05
0.00999347
-5.45609e-05
0.0100126
-5.84321e-05
0.010033
-6.22966e-05
0.0100546
-6.61531e-05
0.0100775
-6.99998e-05
0.0101016
-7.38352e-05
0.0101269
-7.76578e-05
0.0101535
-8.1466e-05
0.0101814
-8.5258e-05
0.0102104
-8.90327e-05
0.0102407
-9.27882e-05
0.0102722
-9.65231e-05
0.0103049
-0.000100236
0.0103388
-0.000103925
0.0103739
-0.000107588
0.0104102
-0.000111225
0.0104476
-0.000114833
0.0104862
-0.000118412
0.010526
-0.000121959
0.0105669
-0.000125473
0.0106089
-0.000128953
0.010652
-0.000132396
0.0106963
-0.000135802
0.0107416
-0.00013917
0.010788
-0.000142497
0.0108355
-0.000145782
0.010884
-0.000149025
0.0109336
-0.000152222
0.0109842
-0.000155373
0.0110358
-0.000158478
0.0110884
-0.000161533
0.0111419
-0.000164538
-0.000167503
0.0111964
0.00966935
-3.63292e-05
0.00967951
-4.14365e-05
0.0096909
-4.65488e-05
0.00970352
-5.16646e-05
0.00971738
-5.67814e-05
0.00973247
-6.18973e-05
0.0097488
-6.70105e-05
0.00976635
-7.21186e-05
0.00978514
-7.72199e-05
0.00980516
-8.23121e-05
0.0098264
-8.73934e-05
0.00984886
-9.24613e-05
0.00987254
-9.75143e-05
0.00989743
-0.00010255
0.00992353
-0.000107566
0.00995083
-0.000112561
0.00997933
-0.000117533
0.010009
-0.000122479
0.0100399
-0.000127398
0.010072
-0.000132287
0.0101052
-0.000137144
0.0101396
-0.000141969
0.0101751
-0.000146757
0.0102118
-0.000151507
0.0102496
-0.000156218
0.0102885
-0.000160887
0.0103285
-0.000165513
0.0103697
-0.000170093
0.0104119
-0.000174625
0.0104552
-0.000179108
0.0104996
-0.000183539
0.010545
-0.000187917
0.0105915
-0.000192239
0.0106389
-0.000196505
0.0106874
-0.000200711
0.0107369
-0.000204856
0.0107874
-0.000208939
0.0108388
-0.000212957
0.0108912
-0.000216909
-0.000220806
0.0109445
0.00944997
-4.51714e-05
0.00946002
-5.14845e-05
0.00947127
-5.78037e-05
0.00948374
-6.41263e-05
0.0094974
-7.04503e-05
0.00951228
-7.67727e-05
0.00952836
-8.30914e-05
0.00954565
-8.94035e-05
0.00956413
-9.57067e-05
0.00958382
-0.000101998
0.0096047
-0.000108276
0.00962678
-0.000114538
0.00965004
-0.00012078
0.00967449
-0.000127
0.00970012
-0.000133197
0.00972693
-0.000139366
0.0097549
-0.000145507
0.00978404
-0.000151615
0.00981433
-0.00015769
0.00984577
-0.000163728
0.00987835
-0.000169726
0.00991207
-0.000175682
0.0099469
-0.000181594
0.00998286
-0.000187459
0.0100199
-0.000193275
0.0100581
-0.000199039
0.0100973
-0.000204749
0.0101376
-0.000210402
0.010179
-0.000215996
0.0102214
-0.000221529
0.0102649
-0.000226997
0.0103093
-0.0002324
0.0103548
-0.000237734
0.0104013
-0.000242997
0.0104488
-0.000248186
0.0104973
-0.0002533
0.0105466
-0.000258337
0.010597
-0.000263294
0.0106482
-0.000268168
-0.000272974
0.0107004
0.0092366
-5.3951e-05
0.00924656
-6.14436e-05
0.0092577
-6.89429e-05
0.00927002
-7.64461e-05
0.00928352
-8.39502e-05
0.0092982
-9.14525e-05
0.00931405
-9.89494e-05
0.00933109
-0.000106439
0.0093493
-0.000113917
0.00936868
-0.000121381
0.00938923
-0.000128828
0.00941095
-0.000136256
0.00943383
-0.00014366
0.00945787
-0.000151038
0.00948306
-0.000158388
0.0095094
-0.000165705
0.00953688
-0.000172987
0.0095655
-0.000180232
0.00959524
-0.000187435
0.00962611
-0.000194594
0.00965809
-0.000201706
0.00969117
-0.000208769
0.00972536
-0.000215778
0.00976063
-0.000222731
0.00979698
-0.000229626
0.0098344
-0.000236459
0.00987288
-0.000243227
0.0099124
-0.000249928
0.00995296
-0.000256558
0.00999455
-0.000263115
0.0100371
-0.000269596
0.0100807
-0.000275998
0.0101253
-0.000282318
0.0101709
-0.000288554
0.0102174
-0.000294703
0.0102649
-0.000300762
0.0103133
-0.000306729
0.0103626
-0.0003126
0.0104128
-0.000318374
-0.000324066
0.0104639
0.00902897
-6.26815e-05
0.00903886
-7.1328e-05
0.0090499
-7.99818e-05
0.00906209
-8.86396e-05
0.00907544
-9.72982e-05
0.00908994
-0.000105954
0.0091056
-0.000114604
0.0091224
-0.000123244
0.00914035
-0.000131871
0.00915945
-0.000140481
0.0091797
-0.000149072
0.00920108
-0.000157639
0.0092236
-0.00016618
0.00924725
-0.00017469
0.00927203
-0.000183166
0.00929793
-0.000191605
0.00932495
-0.000200003
0.00935307
-0.000208357
0.0093823
-0.000216663
0.00941263
-0.000224919
0.00944404
-0.00023312
0.00947653
-0.000241262
0.0095101
-0.000249344
0.00954473
-0.00025736
0.00958041
-0.000265309
0.00961714
-0.000273186
0.0096549
-0.000280987
0.00969368
-0.000288711
0.00973348
-0.000296353
0.00977427
-0.000303911
0.00981606
-0.00031138
0.00985882
-0.000318758
0.00990254
-0.000326042
0.00994722
-0.000333228
0.00999283
-0.000340313
0.0100394
-0.000347295
0.0100868
-0.000354169
0.0101351
-0.000360934
0.0101843
-0.000367585
-0.000374143
0.0102344
0.00882686
-7.13757e-05
0.00883668
-8.11511e-05
0.00884763
-9.09344e-05
0.00885971
-0.000100722
0.00887293
-0.00011051
0.00888727
-0.000120294
0.00890273
-0.000130071
0.00891933
-0.000139837
0.00893704
-0.000149588
0.00895588
-0.00015932
0.00897584
-0.000169029
0.00899691
-0.000178711
0.00901909
-0.000188362
0.00904238
-0.000197978
0.00906677
-0.000207557
0.00909226
-0.000217092
0.00911884
-0.000226582
0.0091465
-0.000236021
0.00917524
-0.000245405
0.00920506
-0.000254732
0.00923593
-0.000263997
0.00926787
-0.000273196
0.00930085
-0.000282325
0.00933487
-0.00029138
0.00936992
-0.000300359
0.00940599
-0.000309256
0.00944307
-0.000318068
0.00948115
-0.000326792
0.00952022
-0.000335423
0.00956027
-0.000343958
0.00960128
-0.000352393
0.00964324
-0.000360725
0.00968615
-0.000368949
0.00972999
-0.000377063
0.00977474
-0.000385063
0.00982039
-0.000392946
0.00986693
-0.000400707
0.00991434
-0.000408344
0.0099626
-0.000415852
-0.000423255
0.0100117
0.00863001
-8.00446e-05
0.00863979
-9.09251e-05
0.00865067
-0.000101814
0.00866265
-0.000112707
0.00867574
-0.0001236
0.00868994
-0.000134488
0.00870523
-0.000145369
0.00872163
-0.000156236
0.00873913
-0.000167086
0.00875772
-0.000177914
0.00877741
-0.000188717
0.00879819
-0.00019949
0.00882006
-0.000210228
0.008843
-0.000220927
0.00886703
-0.000231582
0.00889213
-0.000242191
0.00891829
-0.000252747
0.00894552
-0.000263247
0.0089738
-0.000273686
0.00900313
-0.000284061
0.0090335
-0.000294366
0.0090649
-0.000304597
0.00909733
-0.000314751
0.00913077
-0.000324823
0.00916522
-0.000334808
0.00920067
-0.000344703
0.0092371
-0.000354503
0.00927451
-0.000364204
0.00931289
-0.000373802
0.00935223
-0.000383292
0.00939251
-0.000392672
0.00943372
-0.000401936
0.00947585
-0.00041108
0.00951889
-0.000420102
0.00956282
-0.000428996
0.00960763
-0.000437759
0.00965331
-0.000446387
0.00969985
-0.000454877
0.00974722
-0.000463223
-0.000471451
0.00979541
0.00843824
-8.86987e-05
0.00844797
-0.000100661
0.00845879
-0.000112631
0.00847069
-0.000124606
0.00848367
-0.000136581
0.00849773
-0.00014855
0.00851287
-0.000160509
0.00852909
-0.000172454
0.00854638
-0.00018438
0.00856475
-0.000196282
0.00858419
-0.000208155
0.00860469
-0.000219994
0.00862626
-0.000231795
0.00864889
-0.000243553
0.00867257
-0.000255264
0.0086973
-0.000266921
0.00872308
-0.000278521
0.00874989
-0.000290059
0.00877773
-0.00030153
0.0088066
-0.00031293
0.00883649
-0.000324253
0.00886739
-0.000335495
0.00889928
-0.000346651
0.00893218
-0.000357716
0.00896606
-0.000368686
0.00900091
-0.000379557
0.00903673
-0.000390323
0.00907351
-0.00040098
0.00911123
-0.000411524
0.00914988
-0.000421949
0.00918946
-0.000432252
0.00922996
-0.000442428
0.00927135
-0.000452472
0.00931363
-0.000462381
0.00935678
-0.000472149
0.0094008
-0.000481774
0.00944566
-0.000491249
0.00949135
-0.000500573
0.00953787
-0.000509738
-0.000518775
0.00958519
0.00825132
-9.73472e-05
0.00826103
-0.000110368
0.0082718
-0.000123397
0.00828362
-0.000136431
0.0082965
-0.000149464
0.00831045
-0.000162491
0.00832544
-0.000175507
0.0083415
-0.000188507
0.0083586
-0.000201485
0.00837676
-0.000214437
0.00839596
-0.000227358
0.00841621
-0.000240241
0.00843749
-0.000253083
0.00845982
-0.000265877
0.00848317
-0.000278619
0.00850756
-0.000291304
0.00853296
-0.000303925
0.00855938
-0.000316479
0.00858681
-0.00032896
0.00861524
-0.000341362
0.00864467
-0.000353681
0.00867509
-0.000365911
0.00870648
-0.000378048
0.00873885
-0.000390086
0.00877219
-0.00040202
0.00880647
-0.000413845
0.00884171
-0.000425557
0.00887788
-0.000437149
0.00891497
-0.000448618
0.00895298
-0.000459958
0.00899189
-0.000471164
0.0090317
-0.000482233
0.00907238
-0.000493157
0.00911394
-0.000503934
0.00915635
-0.000514559
0.0091996
-0.000525026
0.00924368
-0.000535331
0.00928858
-0.00054547
0.00933428
-0.000555437
-0.000565265
0.00938077
0.00806909
-0.000105998
0.00807878
-0.000120055
0.0080895
-0.000134122
0.00810126
-0.000148192
0.00811406
-0.000162261
0.00812789
-0.000176324
0.00814276
-0.000190374
0.00815866
-0.000204406
0.00817558
-0.000218415
0.00819354
-0.000232395
0.00821252
-0.00024634
0.00823253
-0.000260246
0.00825355
-0.000274106
0.00827559
-0.000287914
0.00829864
-0.000301666
0.00832269
-0.000315356
0.00834774
-0.000328977
0.00837379
-0.000342525
0.00840082
-0.000355994
0.00842884
-0.000369378
0.00845783
-0.000382671
0.00848779
-0.000395869
0.0085187
-0.000408966
0.00855057
-0.000421956
0.00858339
-0.000434833
0.00861713
-0.000447593
0.00865181
-0.00046023
0.0086874
-0.000472738
0.00872389
-0.000485112
0.00876128
-0.000497348
0.00879955
-0.000509439
0.0088387
-0.00052138
0.00887871
-0.000533167
0.00891957
-0.000544793
0.00896127
-0.000556255
0.00900379
-0.000567547
0.00904712
-0.000578665
0.00909126
-0.000589602
0.00913617
-0.000600354
-0.000610957
0.00918186
0.00789136
-0.00011466
0.00790103
-0.000129731
0.00791172
-0.000144813
0.00792343
-0.000159898
0.00793615
-0.000174981
0.00794988
-0.000190057
0.00796463
-0.00020512
0.00798039
-0.000220163
0.00799715
-0.00023518
0.00801492
-0.000250167
0.0080337
-0.000265116
0.00805348
-0.000280022
0.00807425
-0.000294879
0.00809601
-0.00030968
0.00811877
-0.00032442
0.00814251
-0.000339094
0.00816722
-0.000353694
0.00819291
-0.000368215
0.00821957
-0.000382651
0.00824719
-0.000396996
0.00827576
-0.000411244
0.00830528
-0.000425389
0.00833574
-0.000439425
0.00836713
-0.000453347
0.00839945
-0.000467148
0.00843268
-0.000480823
0.00846681
-0.000494366
0.00850184
-0.00050777
0.00853776
-0.000521032
0.00857456
-0.000534144
0.00861222
-0.000547101
0.00865074
-0.000559897
0.0086901
-0.000572528
0.00873029
-0.000584987
0.00877131
-0.000597269
0.00881313
-0.000609369
0.00885574
-0.000621281
0.00889914
-0.000633001
0.00894331
-0.000644521
-0.000655884
0.00898824
0.00771796
-0.000123339
0.00772764
-0.000139404
0.0077383
-0.000155479
0.00774996
-0.000171557
0.00776261
-0.000187634
0.00777626
-0.000203702
0.0077909
-0.000219755
0.00780652
-0.000235788
0.00782313
-0.000251793
0.00784073
-0.000267765
0.00785931
-0.000283696
0.00787887
-0.000299582
0.00789941
-0.000315414
0.00792091
-0.000331188
0.00794339
-0.000346896
0.00796683
-0.000362533
0.00799123
-0.000378091
0.00801658
-0.000393565
0.00804287
-0.000408948
0.00807011
-0.000424234
0.00809828
-0.000439416
0.00812738
-0.000454489
0.0081574
-0.000469446
0.00818834
-0.00048428
0.00822017
-0.000498985
0.00825291
-0.000513556
0.00828653
-0.000527986
0.00832102
-0.000542269
0.00835639
-0.000556398
0.00839262
-0.000570369
0.00842969
-0.000584174
0.0084676
-0.000597808
0.00850634
-0.000611265
0.00854589
-0.000624539
0.00858625
-0.000637625
0.00862739
-0.000650516
0.00866932
-0.000663207
0.00871201
-0.000675693
0.00875546
-0.000687967
-0.000700074
0.00879965
0.00754876
-0.000132042
0.00755844
-0.000149079
0.00756908
-0.000166127
0.0075807
-0.000183178
0.0075933
-0.000200227
0.00760686
-0.000217266
0.00762139
-0.00023429
0.0076369
-0.000251291
0.00765337
-0.000268263
0.0076708
-0.000285199
0.0076892
-0.000302092
0.00770855
-0.000318937
0.00772886
-0.000335725
0.00775013
-0.00035245
0.00777234
-0.000369106
0.00779549
-0.000385686
0.00781958
-0.000402182
0.0078446
-0.000418589
0.00787056
-0.0004349
0.00789743
-0.000451107
0.00792522
-0.000467205
0.00795391
-0.000483186
0.00798351
-0.000499043
0.008014
-0.000514771
0.00804538
-0.000530362
0.00807764
-0.000545811
0.00811076
-0.00056111
0.00814474
-0.000576253
0.00817958
-0.000591233
0.00821525
-0.000606044
0.00825176
-0.00062068
0.00828909
-0.000635135
0.00832722
-0.000649402
0.00836616
-0.000663475
0.00840588
-0.000677348
0.00844638
-0.000691014
0.00848764
-0.000704469
0.00852965
-0.000717705
0.0085724
-0.000730716
-0.000743554
0.00861588
0.0073836
-0.000140775
0.00739328
-0.000158764
0.00740392
-0.000176763
0.00741551
-0.000194767
0.00742805
-0.000212767
0.00744154
-0.000230757
0.00745598
-0.000248731
0.00747137
-0.00026668
0.00748771
-0.000284599
0.00750499
-0.000302479
0.00752321
-0.000320314
0.00754237
-0.000338097
0.00756247
-0.000355821
0.00758349
-0.000373478
0.00760545
-0.000391062
0.00762833
-0.000408566
0.00765213
-0.000425981
0.00767684
-0.000443302
0.00770246
-0.00046052
0.00772898
-0.00047763
0.0077564
-0.000494624
0.00778471
-0.000511494
0.0078139
-0.000528234
0.00784397
-0.000544838
0.0078749
-0.000561297
0.0079067
-0.000577605
0.00793934
-0.000593755
0.00797283
-0.00060974
0.00800715
-0.000625554
0.0080423
-0.00064119
0.00807826
-0.00065664
0.00811502
-0.000671898
0.00815258
-0.000686959
0.00819092
-0.000701814
0.00823003
-0.000716459
0.0082699
-0.000730885
0.00831052
-0.000745088
0.00835187
-0.00075906
0.00839395
-0.000772794
-0.000786348
0.00843674
0.00722234
-0.000149543
0.00723204
-0.000168463
0.00724268
-0.000187395
0.00725424
-0.00020633
0.00726673
-0.000225262
0.00728016
-0.000244183
0.00729451
-0.000263086
0.0073098
-0.000281964
0.00732601
-0.000300809
0.00734314
-0.000319614
0.0073612
-0.000338371
0.00738018
-0.000357074
0.00740007
-0.000375713
0.00742087
-0.000394283
0.00744259
-0.000412776
0.0074652
-0.000431183
0.00748872
-0.000449498
0.00751313
-0.000467714
0.00753844
-0.000485822
0.00756462
-0.000503815
0.00759168
-0.000521687
0.00761962
-0.000539428
0.00764842
-0.000557033
0.00767807
-0.000574494
0.00770858
-0.000591803
0.00773993
-0.000608953
0.00777211
-0.000625938
0.00780512
-0.000642748
0.00783894
-0.000659379
0.00787358
-0.000675822
0.00790901
-0.00069207
0.00794522
-0.000708116
0.00798222
-0.000723954
0.00801998
-0.000739577
0.0080585
-0.000754977
0.00809776
-0.000770148
0.00813776
-0.000785084
0.00817848
-0.000799778
0.00821991
-0.000814221
-0.000828478
0.00826204
0.00706488
-0.000158349
0.0070746
-0.000178182
0.00708523
-0.000198025
0.00709677
-0.000217873
0.00710922
-0.000237717
0.00712259
-0.000257549
0.00713687
-0.000277363
0.00715205
-0.000297149
0.00716814
-0.000316902
0.00718514
-0.000336611
0.00720304
-0.000356271
0.00722184
-0.000375874
0.00724154
-0.00039541
0.00726213
-0.000414874
0.00728361
-0.000434256
0.00730598
-0.000453549
0.00732922
-0.000472745
0.00735335
-0.000491837
0.00737834
-0.000510816
0.0074042
-0.000529675
0.00743092
-0.000548406
0.00745849
-0.000567001
0.00748691
-0.000585453
0.00751617
-0.000603754
0.00754626
-0.000621896
0.00757718
-0.000639871
0.00760892
-0.000657672
0.00764146
-0.000675292
0.0076748
-0.000692722
0.00770894
-0.000709956
0.00774385
-0.000726986
0.00777954
-0.000743805
0.00781599
-0.000760405
0.0078532
-0.00077678
0.00789114
-0.000792921
0.00792981
-0.000808823
0.00796921
-0.000824477
0.00800931
-0.000839878
0.0080501
-0.000855016
-0.000869963
0.00809159
0.00691107
-0.000167199
0.00692081
-0.000187924
0.00693145
-0.000208661
0.00694298
-0.000229401
0.0069554
-0.000250138
0.00696871
-0.000270862
0.00698291
-0.000291566
0.00699801
-0.000312243
0.00701399
-0.000332883
0.00703086
-0.000353479
0.00704861
-0.000374022
0.00706724
-0.000394506
0.00708675
-0.000414921
0.00710713
-0.000435258
0.00712839
-0.000455512
0.00715051
-0.000475672
0.0071735
-0.000495731
0.00719734
-0.000515681
0.00722204
-0.000535513
0.00724759
-0.00055522
0.00727397
-0.000574793
0.00730119
-0.000594224
0.00732925
-0.000613506
0.00735812
-0.000632629
0.00738781
-0.000651587
0.00741831
-0.00067037
0.00744961
-0.000688972
0.0074817
-0.000707384
0.00751458
-0.000725599
0.00754823
-0.000743608
0.00758265
-0.000761404
0.00761783
-0.00077898
0.00765375
-0.000796327
0.00769041
-0.000813438
0.00772779
-0.000830306
0.00776589
-0.000846923
0.0078047
-0.000863283
0.0078442
-0.000879377
0.00788438
-0.000895196
-0.000910821
0.00792524
0.00676082
-0.000176097
0.00677059
-0.000197695
0.00678123
-0.000219306
0.00679275
-0.00024092
0.00680514
-0.00026253
0.00681841
-0.000284127
0.00683254
-0.000305703
0.00684755
-0.00032725
0.00686343
-0.000348759
0.00688017
-0.000370222
0.00689778
-0.000391631
0.00691625
-0.000412977
0.00693558
-0.000434251
0.00695577
-0.000455446
0.00697681
-0.000476552
0.0069987
-0.000497561
0.00702143
-0.000518465
0.00704501
-0.000539255
0.00706941
-0.000559922
0.00709465
-0.00058046
0.00712072
-0.000600857
0.0071476
-0.000621107
0.0071753
-0.000641201
0.0072038
-0.000661131
0.0072331
-0.000680887
0.00726319
-0.000700463
0.00729407
-0.000719849
0.00732572
-0.000739038
0.00735814
-0.000758021
0.00739133
-0.00077679
0.00742526
-0.000795337
0.00745993
-0.000813654
0.00749534
-0.000831733
0.00753147
-0.000849567
0.00756831
-0.000867147
0.00760585
-0.000884466
0.00764408
-0.000901516
0.007683
-0.00091829
0.00772258
-0.000934778
-0.000951067
0.00776282
0.00661401
-0.000185047
0.00662381
-0.000207499
0.00663447
-0.000229964
0.00664598
-0.000252433
0.00665835
-0.000274897
0.00667157
-0.000297348
0.00668565
-0.000319778
0.00670057
-0.000342177
0.00671635
-0.000364536
0.00673298
-0.000386848
0.00675045
-0.000409104
0.00676877
-0.000431293
0.00678792
-0.000453409
0.00680792
-0.000475442
0.00682875
-0.000497383
0.00685041
-0.000519223
0.0068729
-0.000540954
0.00689622
-0.000562567
0.00692035
-0.000584053
0.00694529
-0.000605403
0.00697104
-0.000626608
0.00699759
-0.00064766
0.00702494
-0.000668549
0.00705308
-0.000689268
0.007082
-0.000709808
0.0071117
-0.000730159
0.00714216
-0.000750314
0.00717339
-0.000770263
0.00720537
-0.000789999
0.00723809
-0.000809513
0.00727155
-0.000828795
0.00730573
-0.000847839
0.00734064
-0.000866636
0.00737625
-0.000885178
0.00741256
-0.000903456
0.00744955
-0.000921463
0.00748723
-0.00093919
0.00752557
-0.000956631
0.00756456
-0.000973773
-0.000990716
0.00760421
0.00647055
-0.000194052
0.00648039
-0.00021734
0.00649106
-0.00024064
0.00650257
-0.000263945
0.00651492
-0.000287245
0.00652811
-0.000310532
0.00654212
-0.000333796
0.00655697
-0.000357028
0.00657266
-0.00038022
0.00658917
-0.000403362
0.00660651
-0.000426446
0.00662468
-0.000449462
0.00664367
-0.000472401
0.00666349
-0.000495254
0.00668412
-0.000518012
0.00670556
-0.000540666
0.00672781
-0.000563207
0.00675087
-0.000585625
0.00677473
-0.000607911
0.00679938
-0.000630057
0.00682483
-0.000652053
0.00685106
-0.00067389
0.00687807
-0.000695559
0.00690585
-0.000717051
0.0069344
-0.000738358
0.00696371
-0.000759469
0.00699377
-0.000780376
0.00702458
-0.000801071
0.00705612
-0.000821544
0.0070884
-0.000841787
0.00712139
-0.000861791
0.0071551
-0.000881547
0.00718951
-0.000901047
0.00722462
-0.000920282
0.00726041
-0.000939245
0.00729687
-0.000957925
0.00733399
-0.000976316
0.00737177
-0.00099441
0.0074102
-0.00101219
-0.00102978
0.00744926
0.00633034
-0.000203115
0.00634022
-0.000227219
0.00635092
-0.000251337
0.00636243
-0.000275459
0.00637476
-0.000299577
0.00638791
-0.00032368
0.00640188
-0.00034776
0.00641666
-0.000371808
0.00643225
-0.000395814
0.00644866
-0.000419769
0.00646588
-0.000443663
0.0064839
-0.000467487
0.00650273
-0.000491232
0.00652236
-0.000514888
0.0065428
-0.000538445
0.00656403
-0.000561896
0.00658605
-0.000585228
0.00660886
-0.000608435
0.00663245
-0.000631505
0.00665683
-0.00065443
0.00668197
-0.0006772
0.00670789
-0.000699806
0.00673457
-0.000722238
0.006762
-0.000744488
0.00679019
-0.000766545
0.00681912
-0.0007884
0.00684879
-0.000810044
0.00687919
-0.000831469
0.00691031
-0.000852665
0.00694214
-0.000873622
0.00697468
-0.000894332
0.00700792
-0.000914786
0.00704185
-0.000934975
0.00707646
-0.00095489
0.00711174
-0.000974523
0.00714768
-0.000993864
0.00718427
-0.00101291
0.0072215
-0.00103164
0.00725935
-0.00105005
-0.00106827
0.00729784
0.00619331
-0.000212238
0.00620323
-0.000237141
0.00621395
-0.000262058
0.00622547
-0.000286979
0.00623779
-0.000311896
0.0062509
-0.000336798
0.00626482
-0.000361676
0.00627953
-0.000386521
0.00629504
-0.000411323
0.00631135
-0.000436072
0.00632844
-0.000460759
0.00634633
-0.000485373
0.006365
-0.000509906
0.00638446
-0.000534348
0.00640471
-0.000558688
0.00642573
-0.000582917
0.00644752
-0.000607025
0.00647009
-0.000631003
0.00649343
-0.000654841
0.00651752
-0.000678528
0.00654238
-0.000702056
0.00656799
-0.000725414
0.00659434
-0.000748593
0.00662144
-0.000771584
0.00664927
-0.000794376
0.00667783
-0.00081696
0.00670711
-0.000839326
0.00673711
-0.000861466
0.00676781
-0.000883368
0.00679922
-0.000905026
0.00683131
-0.000926427
0.00686409
-0.000947565
0.00689754
-0.000968429
0.00693166
-0.00098901
0.00696644
-0.0010093
0.00700186
-0.00102929
0.00703792
-0.00104897
0.00707461
-0.00106833
0.00711192
-0.00108736
-0.00110619
0.00714984
0.00605935
-0.000221425
0.00606932
-0.000247108
0.00608007
-0.000272805
0.0060916
-0.000298508
0.00610391
-0.000324205
0.006117
-0.000349888
0.00613087
-0.000375546
0.00614552
-0.000401171
0.00616094
-0.000426751
0.00617715
-0.000452276
0.00619413
-0.000477738
0.00621188
-0.000503126
0.0062304
-0.00052843
0.00624969
-0.000553639
0.00626975
-0.000578744
0.00629057
-0.000603735
0.00631215
-0.000628602
0.00633448
-0.000653335
0.00635756
-0.000677923
0.00638139
-0.000702356
0.00640596
-0.000726625
0.00643126
-0.00075072
0.0064573
-0.00077463
0.00648406
-0.000798346
0.00651154
-0.000821857
0.00653974
-0.000845155
0.00656864
-0.000868228
0.00659824
-0.000891067
0.00662854
-0.000913663
0.00665952
-0.000936005
0.00669117
-0.000958084
0.0067235
-0.00097989
0.00675648
-0.00100142
0.00679012
-0.00102265
0.0068244
-0.00104358
0.00685932
-0.0010642
0.00689486
-0.00108451
0.00693101
-0.00110448
0.00696777
-0.00112412
-0.00114355
0.00700514
0.00592841
-0.000230677
0.00593843
-0.000257122
0.0059492
-0.000283582
0.00596074
-0.000310047
0.00597304
-0.000336508
0.00598611
-0.000362953
0.00599994
-0.000389374
0.00601453
-0.00041576
0.00602988
-0.0004421
0.00604598
-0.000468385
0.00606285
-0.000494605
0.00608047
-0.000520748
0.00609885
-0.000546805
0.00611797
-0.000572765
0.00613785
-0.000598619
0.00615847
-0.000624355
0.00617983
-0.000649963
0.00620193
-0.000675434
0.00622476
-0.000700756
0.00624833
-0.00072592
0.00627261
-0.000750914
0.00629762
-0.000775729
0.00632335
-0.000800354
0.00634978
-0.00082478
0.00637692
-0.000848995
0.00640476
-0.00087299
0.00643328
-0.000896755
0.00646249
-0.000920279
0.00649238
-0.000943552
0.00652294
-0.000966565
0.00655417
-0.000989307
0.00658605
-0.00101177
0.00661857
-0.00103394
0.00665174
-0.00105581
0.00668553
-0.00107737
0.00671994
-0.00109862
0.00675497
-0.00111953
0.00679059
-0.00114011
0.00682681
-0.00116033
-0.00118036
0.00686362
0.0058004
-0.000239997
0.00581047
-0.000267185
0.00582128
-0.00029439
0.00583283
-0.0003216
0.00584513
-0.000348805
0.00585817
-0.000375996
0.00587196
-0.000403162
0.00588649
-0.000430291
0.00590176
-0.000457374
0.00591778
-0.000484401
0.00593454
-0.000511361
0.00595203
-0.000538243
0.00597026
-0.000565036
0.00598923
-0.00059173
0.00600892
-0.000618315
0.00602935
-0.00064478
0.0060505
-0.000671113
0.00607237
-0.000697305
0.00609496
-0.000723345
0.00611826
-0.000749222
0.00614227
-0.000774926
0.00616699
-0.000800445
0.0061924
-0.00082577
0.00621851
-0.00085089
0.00624531
-0.000875794
0.00627279
-0.000900471
0.00630095
-0.000924912
0.00632978
-0.000949106
0.00635927
-0.000973043
0.00638941
-0.000996711
0.00642021
-0.0010201
0.00645164
-0.0010432
0.00648371
-0.00106601
0.00651641
-0.00108851
0.00654972
-0.00111068
0.00658363
-0.00113253
0.00661815
-0.00115405
0.00665325
-0.00117521
0.00668894
-0.00119602
-0.00121662
0.0067252
0.00567526
-0.000249387
0.00568537
-0.000277301
0.00569622
-0.000305232
0.00570778
-0.000333169
0.00572008
-0.000361102
0.0057331
-0.000389019
0.00574685
-0.000416911
0.00576133
-0.000444767
0.00577653
-0.000472576
0.00579246
-0.000500327
0.00580911
-0.00052801
0.00582648
-0.000555613
0.00584457
-0.000583126
0.00586337
-0.000610537
0.0058829
-0.000637836
0.00590313
-0.000665012
0.00592407
-0.000692055
0.00594572
-0.000718952
0.00596806
-0.000745693
0.00599111
-0.000772267
0.00601485
-0.000798664
0.00603927
-0.000824872
0.00606438
-0.000850881
0.00609017
-0.000876679
0.00611664
-0.000902256
0.00614377
-0.000927601
0.00617156
-0.000952704
0.0062
-0.000977553
0.0062291
-0.00100214
0.00625884
-0.00102645
0.00628921
-0.00105047
0.0063202
-0.0010742
0.00635182
-0.00109763
0.00638405
-0.00112073
0.00641688
-0.00114351
0.0064503
-0.00116596
0.00648431
-0.00118806
0.0065189
-0.0012098
0.00655405
-0.00123117
-0.00125234
0.00658977
0.00555292
-0.000258846
0.00556309
-0.000287468
0.00557396
-0.000316108
0.00558555
-0.000344754
0.00559784
-0.000373397
0.00561085
-0.000402024
0.00562456
-0.000430626
0.00563899
-0.000459191
0.00565412
-0.000487707
0.00566995
-0.000516166
0.0056865
-0.000544554
0.00570375
-0.000572861
0.0057217
-0.000601076
0.00574035
-0.000629188
0.0057597
-0.000657185
0.00577974
-0.000685056
0.00580048
-0.00071279
0.0058219
-0.000740376
0.00584401
-0.000767802
0.0058668
-0.000795058
0.00589027
-0.000822132
0.00591441
-0.000849013
0.00593922
-0.00087569
0.00596469
-0.000902151
0.00599082
-0.000928386
0.0060176
-0.000954383
0.00604503
-0.000980132
0.0060731
-0.00100562
0.0061018
-0.00103084
0.00613113
-0.00105578
0.00616108
-0.00108042
0.00619164
-0.00110476
0.00622281
-0.00112879
0.00625457
-0.0011525
0.00628693
-0.00117587
0.00631986
-0.00119889
0.00635336
-0.00122156
0.00638743
-0.00124387
0.00642205
-0.00126579
-0.00128752
0.00645723
0.00543331
-0.000268378
0.00544353
-0.00029769
0.00545444
-0.000327021
0.00546605
-0.000356359
0.00547834
-0.000385693
0.00549133
-0.000415012
0.00550501
-0.000444306
0.00551938
-0.000473562
0.00553445
-0.00050277
0.0055502
-0.000531918
0.00556664
-0.000560995
0.00558377
-0.000589989
0.00560158
-0.00061889
0.00562008
-0.000647685
0.00563926
-0.000676363
0.00565911
-0.000704912
0.00567965
-0.000733322
0.00570085
-0.00076158
0.00572272
-0.000789676
0.00574526
-0.000817597
0.00576846
-0.000845332
0.00579232
-0.00087287
0.00581683
-0.000900199
0.00584199
-0.000927308
0.00586778
-0.000954185
0.00589422
-0.000980819
0.00592129
-0.0010072
0.00594898
-0.00103331
0.00597729
-0.00105915
0.00600622
-0.0010847
0.00603575
-0.00110995
0.00606587
-0.00113489
0.00609659
-0.00115951
0.0061279
-0.0011838
0.00615977
-0.00120775
0.00619222
-0.00123134
0.00622522
-0.00125456
0.00625878
-0.00127742
0.00629287
-0.00129988
-0.00132216
0.00632751
0.00531637
-0.000277983
0.00532665
-0.000307968
0.0053376
-0.000337972
0.00534923
-0.000367984
0.00536153
-0.000397992
0.0053745
-0.000427986
0.00538815
-0.000457954
0.00540247
-0.000487885
0.00541747
-0.000517766
0.00543313
-0.000547586
0.00544947
-0.000577335
0.00546648
-0.000606999
0.00548416
-0.000636568
0.00550251
-0.000666029
0.00552152
-0.000695372
0.00554119
-0.000724583
0.00556152
-0.000753652
0.0055825
-0.000782566
0.00560414
-0.000811314
0.00562643
-0.000839885
0.00564936
-0.000868265
0.00567294
-0.000896444
0.00569715
-0.00092441
0.00572199
-0.000952151
0.00574746
-0.000979655
0.00577355
-0.00100691
0.00580026
-0.00103391
0.00582758
-0.00106063
0.0058555
-0.00108707
0.00588402
-0.00111322
0.00591313
-0.00113906
0.00594283
-0.00116459
0.0059731
-0.00118979
0.00600394
-0.00121464
0.00603535
-0.00123915
0.0060673
-0.00126329
0.00609981
-0.00128707
0.00613285
-0.00131046
0.00616641
-0.00133345
-0.00135626
0.00620051
0.00520206
-0.000287665
0.00521239
-0.000318303
0.00522338
-0.000348962
0.00523503
-0.00037963
0.00524733
-0.000410296
0.00526029
-0.000440946
0.00527391
-0.000471571
0.00528818
-0.000502158
0.00530311
-0.000532696
0.0053187
-0.000563172
0.00533494
-0.000593574
0.00535183
-0.000623892
0.00536937
-0.000654112
0.00538757
-0.000684223
0.00540641
-0.000714213
0.0054259
-0.00074407
0.00544602
-0.000773781
0.00546679
-0.000803335
0.0054882
-0.00083272
0.00551024
-0.000861923
0.0055329
-0.000890933
0.0055562
-0.000919737
0.00558011
-0.000948324
0.00560464
-0.000976681
0.00562978
-0.0010048
0.00565553
-0.00103266
0.00568188
-0.00106026
0.00570883
-0.00108758
0.00573636
-0.00111461
0.00576448
-0.00114134
0.00579317
-0.00116776
0.00582243
-0.00119385
0.00585226
-0.00121961
0.00588264
-0.00124502
0.00591357
-0.00127008
0.00594504
-0.00129476
0.00597704
-0.00131907
0.00600957
-0.00134298
0.00604261
-0.00136649
-0.00138981
0.00607616
0.0050903
-0.000297422
0.00510069
-0.000328697
0.00511173
-0.000359994
0.0051234
-0.0003913
0.0051357
-0.000422604
0.00514865
-0.000453894
0.00516224
-0.000485158
0.00517646
-0.000516384
0.00519133
-0.000547561
0.00520683
-0.000578675
0.00522297
-0.000609714
0.00523975
-0.000640668
0.00525716
-0.000671523
0.0052752
-0.000702267
0.00529388
-0.000732887
0.00531318
-0.000763373
0.00533311
-0.00079371
0.00535366
-0.000823887
0.00537483
-0.000853892
0.00539662
-0.000883713
0.00541903
-0.000913336
0.00544204
-0.000942749
0.00546566
-0.000971941
0.00548987
-0.0010009
0.00551469
-0.00102961
0.00554009
-0.00105806
0.00556608
-0.00108625
0.00559265
-0.00111415
0.0056198
-0.00114175
0.00564751
-0.00116905
0.00567579
-0.00119603
0.00570462
-0.00122268
0.005734
-0.00124899
0.00576392
-0.00127494
0.00579438
-0.00130053
0.00582536
-0.00132575
0.00585686
-0.00135057
0.00588887
-0.001375
0.00592138
-0.001399
-0.00142283
0.0059544
0.00498106
-0.000307257
0.00499151
-0.000339151
0.00500258
-0.000371066
0.00501428
-0.000402993
0.00502659
-0.000434918
0.00503953
-0.00046683
0.00505308
-0.000498715
0.00506726
-0.000530563
0.00508206
-0.000562361
0.00509748
-0.000594096
0.00511353
-0.000625756
0.00513019
-0.000657328
0.00514746
-0.000688801
0.00516536
-0.00072016
0.00518387
-0.000751395
0.00520299
-0.000782492
0.00522271
-0.000813439
0.00524305
-0.000844224
0.00526399
-0.000874832
0.00528553
-0.000905253
0.00530767
-0.000935473
0.0053304
-0.00096548
0.00535372
-0.000995262
0.00537763
-0.0010248
0.00540211
-0.0010541
0.00542717
-0.00108313
0.00545281
-0.00111188
0.005479
-0.00114035
0.00550576
-0.00116851
0.00553307
-0.00119636
0.00556093
-0.00122389
0.00558933
-0.00125108
0.00561826
-0.00127792
0.00564772
-0.00130441
0.0056777
-0.00133051
0.00570819
-0.00135624
0.00573919
-0.00138157
0.00577069
-0.00140649
0.00580268
-0.00143099
-0.00145531
0.00583516
0.00487428
-0.00031717
0.00488479
-0.000349664
0.0048959
-0.000382181
0.00490762
-0.00041471
0.00491994
-0.000447238
0.00493287
-0.000479754
0.00494639
-0.000512244
0.00496053
-0.000544696
0.00497526
-0.000577097
0.0049906
-0.000609436
0.00500655
-0.000641699
0.00502309
-0.000673873
0.00504023
-0.000705946
0.00505798
-0.000737904
0.00507632
-0.000769736
0.00509526
-0.000801429
0.00511479
-0.000832969
0.00513491
-0.000864343
0.00515561
-0.00089554
0.0051769
-0.000926545
0.00519878
-0.000957346
0.00522123
-0.00098793
0.00524425
-0.00101829
0.00526784
-0.0010484
0.005292
-0.00107825
0.00531672
-0.00110784
0.00534199
-0.00113715
0.00536781
-0.00116617
0.00539418
-0.00119488
0.00542109
-0.00122327
0.00544853
-0.00125133
0.00547649
-0.00127905
0.00550498
-0.00130641
0.00553398
-0.00133341
0.00556349
-0.00136002
0.0055935
-0.00138625
0.005624
-0.00141207
0.00565499
-0.00143748
0.00568646
-0.00146246
-0.00148726
0.0057184
0.0047699
-0.000327163
0.00478048
-0.000360238
0.00479164
-0.000393338
0.00480338
-0.000426452
0.00481571
-0.000459566
0.00482862
-0.000492667
0.00484212
-0.000525743
0.0048562
-0.000558782
0.00487088
-0.00059177
0.00488614
-0.000624694
0.00490198
-0.000657543
0.00491841
-0.000690301
0.00493542
-0.000722958
0.00495301
-0.000755498
0.00497119
-0.000787911
0.00498994
-0.000820182
0.00500927
-0.000852298
0.00502917
-0.000884246
0.00504965
-0.000916014
0.00507069
-0.000947587
0.0050923
-0.000978953
0.00511447
-0.0010101
0.00513719
-0.00104101
0.00516047
-0.00107168
0.0051843
-0.00110208
0.00520867
-0.00113222
0.00523359
-0.00116207
0.00525904
-0.00119162
0.00528502
-0.00122086
0.00531152
-0.00124977
0.00533854
-0.00127835
0.00536608
-0.00130658
0.00539412
-0.00133445
0.00542266
-0.00136195
0.0054517
-0.00138906
0.00548122
-0.00141577
0.00551123
-0.00144208
0.00554171
-0.00146796
0.00557267
-0.00149341
-0.00151868
0.00560408
0.00466791
-0.000337232
0.00467854
-0.000370872
0.00468974
-0.000404537
0.00470151
-0.000438217
0.00471384
-0.000471899
0.00472674
-0.000505568
0.00474021
-0.000539214
0.00475425
-0.000572821
0.00476886
-0.000606378
0.00478404
-0.000639871
0.00479978
-0.000673287
0.00481609
-0.000706613
0.00483297
-0.000739836
0.00485042
-0.000772942
0.00486842
-0.000805918
0.00488699
-0.000838751
0.00490612
-0.000871426
0.00492581
-0.000903932
0.00494605
-0.000936254
0.00496684
-0.000968379
0.00498818
-0.00100029
0.00501007
-0.00103199
0.00503249
-0.00106344
0.00505546
-0.00109464
0.00507896
-0.00112558
0.00510299
-0.00115625
0.00512755
-0.00118662
0.00515262
-0.00121669
0.00517821
-0.00124645
0.00520432
-0.00127587
0.00523092
-0.00130496
0.00525803
-0.00133369
0.00528563
-0.00136205
0.00531372
-0.00139004
0.00534229
-0.00141763
0.00537134
-0.00144482
0.00540086
-0.0014716
0.00543085
-0.00149795
0.00546129
-0.00152385
-0.00154958
0.00549218
0.00456823
-0.000347382
0.00457892
-0.000381567
0.00459017
-0.00041578
0.00460196
-0.000450008
0.0046143
-0.000484239
0.00462719
-0.000518459
0.00464063
-0.000552655
0.00465462
-0.000586813
0.00466916
-0.000620921
0.00468426
-0.000654966
0.0046999
-0.000688933
0.0047161
-0.000722809
0.00473284
-0.000756581
0.00475014
-0.000790235
0.00476798
-0.000823757
0.00478636
-0.000857135
0.00480529
-0.000890353
0.00482475
-0.0009234
0.00484476
-0.00095626
0.0048653
-0.000988922
0.00488638
-0.00102137
0.00490798
-0.00105359
0.00493011
-0.00108557
0.00495277
-0.0011173
0.00497594
-0.00114876
0.00499963
-0.00117994
0.00502383
-0.00121082
0.00504853
-0.0012414
0.00507374
-0.00127166
0.00509944
-0.00130158
0.00512564
-0.00133116
0.00515233
-0.00136037
0.00517949
-0.00138922
0.00520714
-0.00141768
0.00523525
-0.00144575
0.00526384
-0.00147341
0.00529288
-0.00150064
0.00532237
-0.00152744
0.00535231
-0.00155379
-0.00157995
0.00538268
0.00447083
-0.000357612
0.00448159
-0.000392323
0.00449287
-0.000427065
0.00450469
-0.000461823
0.00451703
-0.000496585
0.00452991
-0.000531337
0.00454332
-0.000566066
0.00455727
-0.000600758
0.00457175
-0.0006354
0.00458676
-0.000669978
0.0046023
-0.000704478
0.00461838
-0.000738887
0.00463499
-0.00077319
0.00465213
-0.000807375
0.0046698
-0.000841428
0.004688
-0.000875333
0.00470673
-0.000909079
0.00472598
-0.00094265
0.00474575
-0.000976033
0.00476604
-0.00100921
0.00478685
-0.00104218
0.00480817
-0.00107491
0.00483001
-0.00110741
0.00485235
-0.00113964
0.0048752
-0.0011716
0.00489855
-0.00120328
0.00492239
-0.00123467
0.00494673
-0.00126574
0.00497156
-0.00129648
0.00499688
-0.00132689
0.00502267
-0.00135695
0.00504895
-0.00138665
0.00507569
-0.00141597
0.0051029
-0.00144489
0.00513057
-0.00147342
0.0051587
-0.00150153
0.00518727
-0.00152921
0.00521627
-0.00155645
0.00524571
-0.00158323
-0.0016098
0.00527556
0.00437567
-0.000367922
0.00438649
-0.000403142
0.00439782
-0.000438393
0.00440966
-0.000473663
0.00442201
-0.000508938
0.00443488
-0.000544204
0.00444826
-0.000579448
0.00446216
-0.000614655
0.00447657
-0.000649813
0.0044915
-0.000684906
0.00450694
-0.000719922
0.0045229
-0.000754846
0.00453937
-0.000789665
0.00455636
-0.000824364
0.00457387
-0.000858929
0.00459188
-0.000893347
0.0046104
-0.000927602
0.00462943
-0.000961682
0.00464897
-0.000995571
0.00466901
-0.00102926
0.00468956
-0.00106272
0.0047106
-0.00109596
0.00473215
-0.00112895
0.00475418
-0.00116168
0.00477671
-0.00119413
0.00479972
-0.0012263
0.00482322
-0.00125817
0.00484721
-0.00128972
0.00487167
-0.00132095
0.0048966
-0.00135183
0.00492201
-0.00138236
0.00494788
-0.00141252
0.00497421
-0.0014423
0.005001
-0.00147168
0.00502824
-0.00150066
0.00505591
-0.00152921
0.00508402
-0.00155731
0.00511254
-0.00158497
0.00514146
-0.00161215
-0.00163909
0.00517074
0.00428271
-0.000378313
0.00429359
-0.000414022
0.00430496
-0.000449765
0.00431683
-0.000485528
0.00432919
-0.000521297
0.00434204
-0.000557058
0.00435539
-0.000592799
0.00436924
-0.000628503
0.00438359
-0.000664159
0.00439843
-0.000699751
0.00441377
-0.000735265
0.00442961
-0.000770687
0.00444595
-0.000806004
0.00446279
-0.0008412
0.00448012
-0.000876261
0.00449795
-0.000911174
0.00451627
-0.000945924
0.00453508
-0.000980496
0.00455439
-0.00101488
0.00457419
-0.00104905
0.00459447
-0.00108301
0.00461524
-0.00111673
0.00463649
-0.0011502
0.00465823
-0.00118341
0.00468044
-0.00121635
0.00470313
-0.00124899
0.0047263
-0.00128133
0.00474994
-0.00131336
0.00477404
-0.00134505
0.00479861
-0.0013764
0.00482364
-0.00140739
0.00484913
-0.00143801
0.00487507
-0.00146823
0.00490144
-0.00149806
0.00492825
-0.00152746
0.00495547
-0.00155643
0.00498309
-0.00158494
0.0050111
-0.00161297
0.00503946
-0.00164051
-0.00166774
0.00506811
0.00419192
-0.000388786
0.00420286
-0.000424965
0.00421427
-0.00046118
0.00422616
-0.000497417
0.00423853
-0.000533661
0.00425137
-0.0005699
0.00426469
-0.000606118
0.00427849
-0.000642302
0.00429277
-0.000678438
0.00430753
-0.00071451
0.00432277
-0.000750505
0.00433849
-0.000786409
0.00435469
-0.000822206
0.00437137
-0.000857883
0.00438854
-0.000893424
0.00440618
-0.000928817
0.0044243
-0.000964045
0.0044429
-0.000999096
0.00446198
-0.00103395
0.00448153
-0.0010686
0.00450156
-0.00110303
0.00452206
-0.00113723
0.00454303
-0.00117117
0.00456447
-0.00120485
0.00458639
-0.00123826
0.00460877
-0.00127137
0.00463161
-0.00130418
0.00465492
-0.00133666
0.00467868
-0.00136882
0.00470291
-0.00140062
0.00472757
-0.00143206
0.00475268
-0.00146312
0.00477823
-0.00149378
0.00480419
-0.00152402
0.00483055
-0.00155383
0.0048573
-0.00158317
0.0048844
-0.00161204
0.00491182
-0.00164039
0.00493953
-0.00166822
-0.00169562
0.00496742
0.00410325
-0.00039934
0.00411426
-0.000435969
0.00412572
-0.000472637
0.00413763
-0.000509329
0.00415
-0.000546031
0.00416283
-0.000582728
0.00417611
-0.000619406
0.00418986
-0.000656051
0.00420407
-0.000692648
0.00421875
-0.000729184
0.00423388
-0.000765642
0.00424949
-0.00080201
0.00426555
-0.000838272
0.00428208
-0.000874413
0.00429908
-0.000910419
0.00431654
-0.000946276
0.00433446
-0.000981969
0.00435285
-0.00101748
0.0043717
-0.00105281
0.00439102
-0.00108792
0.0044108
-0.00112281
0.00443104
-0.00115747
0.00445174
-0.00119188
0.00447291
-0.00122602
0.00449453
-0.00125988
0.00451662
-0.00129346
0.00453916
-0.00132672
0.00456215
-0.00135966
0.00458559
-0.00139226
0.00460947
-0.0014245
0.00463378
-0.00145637
0.00465851
-0.00148785
0.00468365
-0.00151891
0.00470917
-0.00154954
0.00473505
-0.0015797
0.00476125
-0.00160938
0.00478774
-0.00163853
0.00481445
-0.0016671
0.00484136
-0.00169512
-0.00172253
0.00486826
0.00401669
-0.000409975
0.00402776
-0.000447036
0.00403926
-0.000484137
0.00405119
-0.000521265
0.00406357
-0.000558404
0.00407638
-0.000595541
0.00408963
-0.00063266
0.00410333
-0.000669749
0.00411747
-0.00070679
0.00413206
-0.000743771
0.00414709
-0.000780677
0.00416258
-0.000817492
0.00417851
-0.000854202
0.00419489
-0.000890792
0.00421172
-0.000927249
0.004229
-0.000963557
0.00424673
-0.000999701
0.00426491
-0.00103567
0.00428355
-0.00107144
0.00430264
-0.00110701
0.00432218
-0.00114236
0.00434218
-0.00117747
0.00436263
-0.00121233
0.00438353
-0.00124692
0.00440488
-0.00128124
0.00442668
-0.00131526
0.00444893
-0.00134896
0.00447161
-0.00138234
0.00449473
-0.00141537
0.00451826
-0.00144803
0.0045422
-0.00148031
0.00456652
-0.00151217
0.00459121
-0.0015436
0.00461622
-0.00157455
0.00464153
-0.00160501
0.00466707
-0.00163492
0.00469279
-0.00166425
0.0047186
-0.00169291
0.00474445
-0.00172097
-0.00174811
0.00477004
0.00393219
-0.000420691
0.00394332
-0.000458163
0.00395486
-0.000495679
0.00396682
-0.000533223
0.0039792
-0.000570781
0.003992
-0.000608339
0.00400522
-0.000645882
0.00401886
-0.000683395
0.00403294
-0.000720863
0.00404744
-0.000758273
0.00406237
-0.000795609
0.00407773
-0.000832855
0.00409353
-0.000869999
0.00410976
-0.000907025
0.00412643
-0.000943918
0.00414354
-0.000980664
0.00416109
-0.00101725
0.00417908
-0.00105366
0.00419751
-0.00108987
0.00421638
-0.00112588
0.0042357
-0.00116168
0.00425547
-0.00119723
0.00427567
-0.00123253
0.00429632
-0.00126757
0.00431741
-0.00130233
0.00433894
-0.00133678
0.00436089
-0.00137091
0.00438325
-0.00140471
0.00440602
-0.00143814
0.00442918
-0.00147119
0.0044527
-0.00150383
0.00447655
-0.00153602
0.0045007
-0.00156774
0.00452509
-0.00159895
0.00454967
-0.00162959
0.00457436
-0.00165961
0.00459907
-0.00168896
0.00462367
-0.00171752
0.00464809
-0.00174539
-0.00177192
0.00467189
0.00384973
-0.00043149
0.00386092
-0.000469353
0.00387251
-0.000507263
0.00388449
-0.000545204
0.00389687
-0.000583161
0.00390965
-0.000621122
0.00392284
-0.000659069
0.00393643
-0.00069699
0.00395044
-0.000734868
0.00396486
-0.00077269
0.00397969
-0.000810441
0.00399494
-0.000848105
0.00401061
-0.000885669
0.0040267
-0.000923117
0.00404322
-0.000960435
0.00406016
-0.000997608
0.00407753
-0.00103462
0.00409534
-0.00107146
0.00411358
-0.00110811
0.00413225
-0.00114456
0.00415135
-0.00118078
0.00417089
-0.00121677
0.00419086
-0.00125251
0.00421126
-0.00128797
0.00423208
-0.00132315
0.00425331
-0.00135801
0.00427494
-0.00139254
0.00429696
-0.00142672
0.00431933
-0.00146052
0.00434204
-0.0014939
0.00436505
-0.00152683
0.0043883
-0.00155928
0.00441176
-0.0015912
0.00443535
-0.00162253
0.00445897
-0.00165321
0.00448253
-0.00168317
0.00450589
-0.00171233
0.00452886
-0.00174049
0.00455134
-0.00176787
-0.00179329
0.00457271
0.00376929
-0.000442371
0.00378054
-0.000480605
0.00379216
-0.000518889
0.00380417
-0.000557207
0.00381655
-0.000595546
0.00382932
-0.00063389
0.00384248
-0.000672225
0.00385602
-0.000710536
0.00386996
-0.000748809
0.0038843
-0.000787028
0.00389904
-0.000825179
0.00391418
-0.000863247
0.00392973
-0.000901218
0.00394569
-0.000939077
0.00396206
-0.000976808
0.00397885
-0.0010144
0.00399606
-0.00105183
0.00401369
-0.00108909
0.00403174
-0.00112616
0.00405022
-0.00116303
0.00406911
-0.00119967
0.00408842
-0.00123608
0.00410814
-0.00127223
0.00412827
-0.0013081
0.00414879
-0.00134366
0.00416968
-0.00137891
0.00419094
-0.0014138
0.00421252
-0.00144831
0.0042344
-0.0014824
0.00425654
-0.00151604
0.00427889
-0.00154918
0.00430138
-0.00158177
0.00432393
-0.00161375
0.00434644
-0.00164504
0.00436879
-0.00167556
0.00439082
-0.0017052
0.00441235
-0.00173386
0.00443311
-0.00176125
0.00445297
-0.00178773
-0.00181137
0.00447105
0.00369082
-0.000453336
0.00370214
-0.00049192
0.00371381
-0.000530558
0.00372584
-0.000569235
0.00373823
-0.000607936
0.00375099
-0.000646647
0.00376411
-0.000685353
0.00377762
-0.000724039
0.0037915
-0.00076269
0.00380576
-0.000801292
0.00382041
-0.000839831
0.00383546
-0.00087829
0.00385089
-0.000916656
0.00386673
-0.000954914
0.00388297
-0.000993048
0.00389961
-0.00103104
0.00391666
-0.00106888
0.00393412
-0.00110655
0.00395198
-0.00114402
0.00397025
-0.0011813
0.00398891
-0.00121834
0.00400797
-0.00125514
0.0040274
-0.00129166
0.00404721
-0.0013279
0.00406736
-0.00136382
0.00408784
-0.00139938
0.00410861
-0.00143457
0.00412964
-0.00146934
0.00415088
-0.00150364
0.00417228
-0.00153744
0.00419376
-0.00157066
0.00421522
-0.00160324
0.00423656
-0.00163509
0.00425764
-0.00166612
0.00427827
-0.0016962
0.00429824
-0.00172517
0.0043173
-0.00175292
0.00433508
-0.00177903
0.0043514
-0.00180404
-0.00182506
0.00436509
0.00361433
-0.000464387
0.00362571
-0.000503302
0.00363743
-0.000542275
0.00364949
-0.000581292
0.00366189
-0.000620339
0.00367464
-0.000659399
0.00368775
-0.00069846
0.00370122
-0.000737505
0.00371505
-0.000776521
0.00372925
-0.000815493
0.00374382
-0.000854405
0.00375878
-0.000893243
0.00377411
-0.000931991
0.00378983
-0.000970633
0.00380594
-0.00100915
0.00382243
-0.00104754
0.00383931
-0.00108576
0.00385658
-0.00112381
0.00387423
-0.00116167
0.00389225
-0.00119932
0.00391064
-0.00123673
0.00392938
-0.00127388
0.00394845
-0.00131074
0.00396784
-0.00134729
0.00398752
-0.00138349
0.00400746
-0.00141932
0.0040276
-0.00145472
0.00404791
-0.00148964
0.00406831
-0.00152404
0.00408872
-0.00155785
0.00410904
-0.00159098
0.00412914
-0.00162334
0.00414887
-0.00165481
0.00416801
-0.00168526
0.00418633
-0.00171452
0.00420354
-0.00174237
0.00421928
-0.00176866
0.00423308
-0.00179283
0.00424469
-0.00181564
-0.00183301
0.00425263
0.0035398
-0.000475531
0.00355125
-0.000514757
0.00356303
-0.000554048
0.00357512
-0.000593387
0.00358754
-0.000632762
0.0036003
-0.000672156
0.0036134
-0.000711556
0.00362684
-0.000750946
0.00364063
-0.000790312
0.00365477
-0.000829638
0.00366928
-0.000868909
0.00368414
-0.000908108
0.00369937
-0.00094722
0.00371496
-0.000986228
0.00373092
-0.00102511
0.00374725
-0.00106386
0.00376393
-0.00110244
0.00378096
-0.00114085
0.00379834
-0.00117905
0.00381605
-0.00121703
0.00383408
-0.00125476
0.00385241
-0.00129221
0.00387102
-0.00132934
0.00388987
-0.00136614
0.00390893
-0.00140255
0.00392814
-0.00143854
0.00394747
-0.00147404
0.00396682
-0.00150899
0.00398611
-0.00154333
0.00400522
-0.00157696
0.00402401
-0.00160977
0.00404229
-0.00164162
0.00405985
-0.00167237
0.00407641
-0.00170182
0.00409164
-0.00172975
0.00410514
-0.00175587
0.00411647
-0.00177999
0.00412503
-0.00180139
0.00413048
-0.00182109
-0.0018336
0.00413107
0.00346723
-0.000486779
0.00347877
-0.000526298
0.00349061
-0.000565887
0.00350275
-0.000605532
0.00351521
-0.000645217
0.00352798
-0.000684929
0.00354108
-0.000724651
0.0035545
-0.000764368
0.00356825
-0.000804065
0.00358234
-0.000843726
0.00359677
-0.000883334
0.00361153
-0.000922872
0.00362663
-0.000962323
0.00364207
-0.00100167
0.00365785
-0.00104089
0.00367395
-0.00107996
0.00369036
-0.00111886
0.00370709
-0.00115758
0.00372412
-0.00119608
0.00374142
-0.00123433
0.00375897
-0.00127231
0.00377676
-0.00130999
0.00379474
-0.00134733
0.00381289
-0.00138428
0.00383113
-0.0014208
0.00384942
-0.00145682
0.00386766
-0.00149228
0.00388576
-0.00152709
0.00390359
-0.00156116
0.00392098
-0.00159435
0.00393773
-0.00162652
0.00395359
-0.00165749
0.00396826
-0.00168704
0.00398137
-0.00171493
0.00399249
-0.00174087
0.00400111
-0.00176449
0.00400666
-0.00178555
0.00400845
-0.00180317
0.00400606
-0.0018187
-0.00182509
0.00399755
0.00339665
-0.000498144
0.00340829
-0.000537937
0.00342021
-0.000577807
0.00343242
-0.000617738
0.00344492
-0.000657715
0.00345771
-0.000697723
0.00347081
-0.000737746
0.00348421
-0.000777768
0.00349791
-0.000817771
0.00351193
-0.00085774
0.00352625
-0.000897656
0.00354087
-0.000937499
0.0035558
-0.000977252
0.00357103
-0.00101689
0.00358655
-0.0010564
0.00360234
-0.00109575
0.0036184
-0.00113493
0.00363472
-0.00117389
0.00365126
-0.00121262
0.00366802
-0.00125109
0.00368496
-0.00128925
0.00370204
-0.00132708
0.00371922
-0.00136451
0.00373645
-0.00140151
0.00375365
-0.001438
0.00377073
-0.0014739
0.00378757
-0.00150913
0.00380404
-0.00154356
0.00381994
-0.00157706
0.00383504
-0.00160946
0.00384908
-0.00164056
0.00386171
-0.00167012
0.00387253
-0.00169786
0.00388107
-0.00172347
0.00388679
-0.00174658
0.00388907
-0.00176677
0.00388724
-0.00178373
0.00388053
-0.00179647
0.00386846
-0.00180663
-0.00180571
0.00384908
0.00332812
-0.000509644
0.00333987
-0.000549689
0.00335188
-0.000589816
0.00336415
-0.000630009
0.00337669
-0.000670253
0.0033895
-0.00071053
0.00340258
-0.000750825
0.00341593
-0.000791119
0.00342955
-0.000831395
0.00344344
-0.000871634
0.0034576
-0.000911816
0.00347203
-0.000951921
0.0034867
-0.000991929
0.00350163
-0.00103182
0.00351678
-0.00107156
0.00353216
-0.00111113
0.00354775
-0.00115051
0.00356351
-0.00118966
0.00357944
-0.00122855
0.0035955
-0.00126714
0.00361165
-0.0013054
0.00362784
-0.00134326
0.003644
-0.00138068
0.00366007
-0.00141757
0.00367593
-0.00145386
0.00369146
-0.00148943
0.00370648
-0.00152415
0.00372081
-0.00155788
0.00373417
-0.00159042
0.00374626
-0.00162155
0.0037567
-0.001651
0.00376506
-0.00167847
0.00377081
-0.00170362
0.00377338
-0.00172604
0.00377213
-0.00174533
0.00376635
-0.00176099
0.00375532
-0.0017727
0.00373829
-0.00177943
0.00371472
-0.00178306
-0.00177388
0.00368289
0.00326167
-0.000521285
0.00327353
-0.000561553
0.00328562
-0.000601907
0.00329795
-0.000642331
0.0033105
-0.000682806
0.00332329
-0.000723316
0.0033363
-0.000763843
0.00334955
-0.000804367
0.00336303
-0.000844869
0.00337672
-0.00088533
0.00339064
-0.000925729
0.00340476
-0.000966042
0.00341908
-0.00100625
0.00343358
-0.00104632
0.00344826
-0.00108624
0.0034631
-0.00112597
0.00347807
-0.00116548
0.00349315
-0.00120474
0.0035083
-0.0012437
0.00352349
-0.00128233
0.00353865
-0.00132056
0.00355372
-0.00135834
0.00356861
-0.00139557
0.0035832
-0.00143216
0.00359734
-0.001468
0.00361085
-0.00150294
0.00362349
-0.0015368
0.00363499
-0.00156938
0.003645
-0.00160043
0.0036531
-0.00162965
0.00365882
-0.00165673
0.00366162
-0.00168127
0.00366086
-0.00170286
0.00365586
-0.00172105
0.00364591
-0.00173537
0.00363025
-0.00174534
0.00360817
-0.00175061
0.00357902
-0.00175028
0.00354237
-0.0017464
-0.00172846
0.00349695
0.00319732
-0.00053305
0.00320927
-0.000573504
0.00322141
-0.000614046
0.00323373
-0.000654656
0.00324624
-0.000695319
0.00325894
-0.000736014
0.00327182
-0.000776723
0.00328488
-0.000817425
0.00329811
-0.000858101
0.00331151
-0.000898729
0.00332507
-0.000939286
0.00333877
-0.000979749
0.00335262
-0.00102009
0.00336659
-0.00106029
0.00338066
-0.00110031
0.00339482
-0.00114013
0.00340904
-0.0011797
0.00342328
-0.00121898
0.00343749
-0.00125791
0.00345161
-0.00129645
0.00346556
-0.00133452
0.00347924
-0.00137201
0.00349252
-0.00140884
0.00350522
-0.00144486
0.00351713
-0.00147991
0.003528
-0.00151381
0.00353751
-0.00154631
0.00354527
-0.00157714
0.00355085
-0.001606
0.00355372
-0.00163252
0.0035533
-0.0016563
0.00354893
-0.0016769
0.00353993
-0.00169385
0.00352555
-0.00170667
0.00350508
-0.00171489
0.00347779
-0.00171806
0.00344305
-0.00171587
0.00340043
-0.00170767
0.00334964
-0.00169561
-0.00166902
0.00329019
0.00313498
-0.000544889
0.00314696
-0.000585481
0.00315907
-0.000626159
0.00317132
-0.000666906
0.0031837
-0.000707702
0.00319622
-0.000748527
0.00320886
-0.000789363
0.00322162
-0.000830188
0.0032345
-0.00087098
0.00324749
-0.000911718
0.00326058
-0.000952376
0.00327376
-0.00099293
0.00328702
-0.00103335
0.00330034
-0.00107361
0.00331369
-0.00111367
0.00332705
-0.00115349
0.00334038
-0.00119302
0.00335361
-0.00123221
0.00336669
-0.00127099
0.00337951
-0.00130928
0.00339197
-0.00134697
0.0034039
-0.00138395
0.00341512
-0.00142006
0.00342539
-0.00145513
0.00343441
-0.00148894
0.00344184
-0.00152124
0.00344726
-0.00155173
0.00345018
-0.00158006
0.00345004
-0.00160586
0.00344621
-0.00162869
0.003438
-0.0016481
0.00342469
-0.00166359
0.00340553
-0.00167469
0.0033798
-0.00168094
0.00334684
-0.00168193
0.00330612
-0.00167734
0.00325726
-0.00166702
0.00320029
-0.00165069
0.0031351
-0.00163043
-0.00159592
0.003062
0.00307445
-0.000556715
0.00308636
-0.000597389
0.00309835
-0.000638149
0.00311042
-0.000678975
0.00312257
-0.000719849
0.00313479
-0.00076075
0.00314709
-0.000801658
0.00315945
-0.000842552
0.00317188
-0.000883407
0.00318436
-0.0009242
0.00319689
-0.000964905
0.00320945
-0.00100549
0.00322202
-0.00104593
0.00323459
-0.00108617
0.0032471
-0.00112618
0.00325953
-0.00116591
0.0032718
-0.00120529
0.00328383
-0.00124424
0.00329552
-0.00128268
0.00330673
-0.00132049
0.0033173
-0.00135753
0.003327
-0.00139364
0.00333556
-0.00142863
0.00334268
-0.00146224
0.00334796
-0.00149422
0.00335095
-0.00152423
0.00335112
-0.0015519
0.00334789
-0.00157683
0.00334059
-0.00159856
0.0033285
-0.0016166
0.00331087
-0.00163047
0.00328695
-0.00163967
0.003256
-0.00164374
0.00321734
-0.00164228
0.00317044
-0.00163504
0.003115
-0.0016219
0.00305101
-0.00160302
0.00297907
-0.00157876
0.00289969
-0.00155104
-0.00151041
0.00281417
0.00301539
-0.00056842
0.00302712
-0.000609122
0.00303888
-0.00064991
0.00305067
-0.000690764
0.00306249
-0.000731665
0.00307433
-0.000772593
0.0030862
-0.000813525
0.00309808
-0.000854439
0.00310999
-0.000895308
0.00312189
-0.000936106
0.00313379
-0.0009768
0.00314565
-0.00101736
0.00315745
-0.00105773
0.00316916
-0.00109788
0.00318071
-0.00113773
0.00319203
-0.00117723
0.00320303
-0.00121629
0.00321358
-0.0012548
0.00322354
-0.00129264
0.00323269
-0.00132965
0.00324081
-0.00136565
0.0032476
-0.00140043
0.00325271
-0.00143373
0.0032557
-0.00146524
0.00325611
-0.00149462
0.00325337
-0.00152148
0.00324685
-0.00154538
0.00323588
-0.00156586
0.00321973
-0.0015824
0.00319764
-0.00159452
0.00316887
-0.00160171
0.00313273
-0.00160353
0.00308861
-0.00159961
0.00303605
-0.00158972
0.0029748
-0.00157379
0.00290488
-0.00155198
0.00282663
-0.00152477
0.00274098
-0.0014931
0.00264866
-0.00145872
-0.00141434
0.00255259
0.00295736
-0.000579908
0.00296883
-0.000620593
0.00298028
-0.000661365
0.00299173
-0.000702205
0.00300315
-0.000743093
0.00301457
-0.000784006
0.00302596
-0.000824921
0.00303733
-0.00086581
0.00304867
-0.000906645
0.00305996
-0.000947392
0.00307117
-0.00098801
0.00308227
-0.00102846
0.00309321
-0.00106867
0.00310393
-0.0011086
0.00311435
-0.00114815
0.00312434
-0.00118723
0.00313378
-0.00122573
0.00314249
-0.0012635
0.00315024
-0.00130039
0.00315677
-0.00133617
0.00316174
-0.00137063
0.00316477
-0.00140347
0.00316541
-0.00143437
0.00316313
-0.00146296
0.00315733
-0.00148883
0.00314735
-0.00151151
0.0031325
-0.00153053
0.003112
-0.00154536
0.0030851
-0.0015555
0.00305105
-0.00156047
0.00300917
-0.00155982
0.00295888
-0.00155324
0.00289979
-0.00154052
0.00283176
-0.00152169
0.00275496
-0.00149699
0.00267001
-0.00146702
0.00257798
-0.00143275
0.00248043
-0.00139555
0.00237793
-0.00135622
-0.0013095
0.00227309
0.00289997
0.00291116
0.0029223
0.00293339
0.00294444
0.00295542
0.00296635
0.0029772
0.00298796
0.0029986
0.00300907
0.00301933
0.00302929
0.00303886
0.00304792
0.00305631
0.00306383
0.00307024
0.00307525
0.0030785
0.00307957
0.00307798
0.00307318
0.00306453
0.00305134
0.00303288
0.00300837
0.00297701
0.00293804
0.00289076
0.00283455
0.00276898
0.00269378
0.00260897
0.00251486
0.00241214
0.00230202
0.00218626
0.00206789
0.00195834
0.0118283
-0.000102124
0.0119243
-9.59759e-05
0.0120128
-8.85747e-05
0.012093
-8.01616e-05
0.0121637
-7.07023e-05
0.012224
-6.02979e-05
0.0122732
-4.91688e-05
0.0123107
-3.7544e-05
0.0123363
-2.55494e-05
0.0123496
-1.33401e-05
0.0123506
-9.99981e-07
0.0123393
1.12733e-05
0.0123159
2.33952e-05
0.0122807
3.52322e-05
0.0122341
4.66421e-05
0.0121765
5.75504e-05
0.0121087
6.78028e-05
0.0120314
7.72801e-05
0.0119455
8.59173e-05
0.0118521
9.34312e-05
0.0117523
9.97609e-05
0.0116477
0.000104623
0.01154
0.000107698
0.011431
0.00010902
0.0113226
0.000108333
0.011217
0.000105663
0.0111155
0.000101518
0.0110196
9.58093e-05
0.0109307
8.89826e-05
0.0108488
8.18847e-05
0.0107745
7.42812e-05
0.010708
6.65422e-05
0.0106482
5.97325e-05
0.010595
5.32446e-05
0.0105482
4.6795e-05
0.0105064
4.17807e-05
0.0104686
3.78019e-05
0.0104353
3.33093e-05
0.0104057
2.9544e-05
0.010378
2.77722e-05
0.0103522
2.58144e-05
0.0103297
2.24907e-05
0.0103091
2.05673e-05
0.0102881
2.10219e-05
0.0102676
2.04388e-05
0.0102505
1.71843e-05
0.0102354
1.51047e-05
0.0102186
1.67602e-05
0.0101996
1.90154e-05
0.0101828
1.68187e-05
0.0101708
1.19944e-05
0.0101613
9.46935e-06
0.010148
1.32744e-05
0.0101299
1.81248e-05
0.0101105
1.9393e-05
0.0100976
1.29051e-05
0.0100957
1.87713e-06
0.0101018
-6.09182e-06
0.0101154
-1.36303e-05
-8.24191e-06
0.0115567
-0.000202062
0.0116506
-0.000189815
0.0117372
-0.000175235
0.0118157
-0.000158574
0.0118848
-0.000139823
0.0119437
-0.000119216
0.0119917
-9.71853e-05
0.0120283
-7.41775e-05
0.0120532
-5.04414e-05
0.0120662
-2.62876e-05
0.0120671
-1.88096e-06
0.0120559
2.23906e-05
0.012033
4.63622e-05
0.0119984
6.97678e-05
0.0119528
9.23269e-05
0.0118964
0.000113893
0.0118301
0.000134161
0.0117544
0.000152898
0.0116704
0.000169975
0.011579
0.000184836
0.0114814
0.000197358
0.011379
0.00020698
0.0112737
0.000213067
0.011167
0.00021568
0.011061
0.00021431
0.0109577
0.000209013
0.0108584
0.000200789
0.0107647
0.00018947
0.0106778
0.000175942
0.0105978
0.000161881
0.0105252
0.000146829
0.0104603
0.000131515
0.0104019
0.000118041
0.01035
0.000105213
0.0103043
9.24656e-05
0.0102635
8.25527e-05
0.0102266
7.46909e-05
0.0101941
6.5821e-05
0.0101653
5.83826e-05
0.0101382
5.48786e-05
0.010113
5.10158e-05
0.010091
4.44588e-05
0.0100709
4.06565e-05
0.0100504
4.15469e-05
0.0100304
4.0399e-05
0.0100136
3.39838e-05
0.00999888
2.98775e-05
0.0099825
3.31354e-05
0.00996394
3.75809e-05
0.0099475
3.32528e-05
0.00993575
2.37464e-05
0.00992645
1.87672e-05
0.00991345
2.62744e-05
0.00989576
3.58199e-05
0.00987682
3.83258e-05
0.00986423
2.55041e-05
0.0098623
3.80525e-06
0.00986813
-1.19256e-05
0.00988123
-2.67257e-05
-1.61151e-05
0.0112944
-0.000300054
0.0113864
-0.00028179
0.0114713
-0.00026009
0.011548
-0.000235298
0.0116156
-0.000207388
0.0116731
-0.000176744
0.0117199
-0.000144011
0.0117556
-0.000109844
0.0117797
-7.46017e-05
0.0117922
-3.87508e-05
0.0117929
-2.53469e-06
0.0117818
3.34734e-05
0.0117591
6.90335e-05
0.0117251
0.000103748
0.0116802
0.000137205
0.011625
0.000169183
0.0115599
0.000199238
0.0114858
0.000227021
0.0114034
0.000252349
0.0113138
0.000274394
0.0112182
0.000292975
0.0111179
0.00030725
0.0110147
0.000316275
0.0109103
0.000320132
0.0108065
0.000318065
0.0107054
0.000310157
0.0106083
0.000297899
0.0105167
0.00028105
0.0104317
0.000260927
0.0103536
0.000240022
0.0102827
0.000217666
0.0102193
0.000194932
0.0101624
0.000174933
0.0101117
0.000155912
0.0100672
0.000137018
0.0100274
0.000122319
0.00999141
0.000110672
0.00995969
9.75463e-05
0.00993155
8.65254e-05
0.0099051
8.13257e-05
0.0098805
7.56168e-05
0.00985903
6.59233e-05
0.00983941
6.02821e-05
0.00981937
6.15831e-05
0.00979988
5.98945e-05
0.00978344
5.04231e-05
0.00976897
4.4343e-05
0.00975297
4.91377e-05
0.00973485
5.57026e-05
0.00971878
4.93205e-05
0.00970723
3.52946e-05
0.00969806
2.79397e-05
0.0096853
3.90306e-05
0.00966803
5.30909e-05
0.00964956
5.67959e-05
0.00963725
3.7812e-05
0.00963521
5.85344e-06
0.00964067
-1.73911e-05
0.00965306
-3.91164e-05
-2.3466e-05
0.0110408
-0.000396347
0.011131
-0.000372047
0.0112142
-0.000343283
0.0112893
-0.000310433
0.0113554
-0.000273453
0.0114116
-0.000232903
0.0114572
-0.000189638
0.0114919
-0.000144514
0.0115152
-9.79789e-05
0.0115271
-5.06613e-05
0.0115275
-2.87736e-06
0.0115163
4.46179e-05
0.0114939
9.15173e-05
0.0114603
0.00013729
0.0114161
0.000181402
0.0113618
0.000223554
0.0112978
0.000263173
0.011225
0.000299795
0.0111442
0.00033319
0.0110563
0.000362263
0.0109625
0.000386774
0.0108642
0.000405602
0.010763
0.000417492
0.0106606
0.000422535
0.0105589
0.000419744
0.0104598
0.000409224
0.0103648
0.000392952
0.0102752
0.000370631
0.0101921
0.000343999
0.0101158
0.000316349
0.0100466
0.00028682
0.00998475
0.000256808
0.00992927
0.000230414
0.00987984
0.000205344
0.0098364
0.000180454
0.00979765
0.000161078
0.00976257
0.000145747
0.00973163
0.000128491
0.00970417
0.000113978
0.00967838
0.000107117
0.00965437
9.96254e-05
0.0096334
8.68984e-05
0.00961422
7.94567e-05
0.00959467
8.11372e-05
0.00957563
7.89353e-05
0.00955953
6.65226e-05
0.00954535
5.85234e-05
0.00952971
6.47796e-05
0.00951202
7.33858e-05
0.00949631
6.50357e-05
0.00948493
4.66715e-05
0.00947584
3.70275e-05
0.0094633
5.15735e-05
0.00944645
6.9943e-05
0.00942844
7.48035e-05
0.00941642
4.98356e-05
0.00941419
8.08513e-06
0.0094192
-2.24004e-05
0.00943073
-5.06532e-05
-3.01664e-05
0.0107952
-0.000491123
0.0108839
-0.000460753
0.0109655
-0.000424926
0.0110392
-0.000384055
0.0111038
-0.000338062
0.0111586
-0.00028771
0.011203
-0.000234061
0.0112366
-0.000178162
0.0112592
-0.000120529
0.0112705
-6.19612e-05
0.0112705
-2.8372e-06
0.0112592
5.5907e-05
0.0112368
0.000113907
0.0112036
0.000170497
0.0111599
0.000225029
0.0111064
0.000277121
0.0110435
0.000326088
0.0109719
0.000371347
0.0108925
0.000412632
0.0108061
0.000448584
0.010714
0.000478902
0.0106174
0.000502186
0.0105181
0.000516866
0.0104176
0.000523035
0.0103178
0.000519481
0.0102207
0.00050633
0.0101276
0.000486046
0.01004
0.00045829
0.00995875
0.000425214
0.0098842
0.000390901
0.0098167
0.000354317
0.00975635
0.00031716
0.00970227
0.000284493
0.0096541
0.000253516
0.00961177
0.000222779
0.00957402
0.000198833
0.00953985
0.000179917
0.00950968
0.000158661
0.00948291
0.000140749
0.00945777
0.000132259
0.00943434
0.000123049
0.00941384
0.000107398
0.00939511
9.81926e-05
0.00937603
0.000100217
0.00935743
9.75307e-05
0.00934166
8.22997e-05
0.00932774
7.24389e-05
0.00931245
8.00736e-05
0.0092952
9.06359e-05
0.00927982
8.04099e-05
0.00926859
5.79042e-05
0.00925955
4.60662e-05
0.00924719
6.39308e-05
0.00923075
8.63824e-05
0.00921321
9.23491e-05
0.00920146
6.158e-05
0.009199
1.05526e-05
0.00920348
-2.68806e-05
0.00921403
-6.12111e-05
-3.61084e-05
0.0105573
-0.000584548
0.0106446
-0.000548029
0.0107248
-0.000505118
0.0107969
-0.000456233
0.0108601
-0.000401254
0.0109136
-0.000341182
0.0109568
-0.000277276
0.0109894
-0.000210767
0.0110111
-0.000142216
0.0110217
-7.26013e-05
0.0110213
-2.35293e-06
0.0110098
6.74118e-05
0.0109874
0.000136284
0.0109544
0.000203456
0.0109113
0.00026818
0.0108584
0.000329986
0.0107964
0.00038809
0.010726
0.000441787
0.0106478
0.000490791
0.0105629
0.000533478
0.0104723
0.00056949
0.0103774
0.000597135
0.0102797
0.000614533
0.010181
0.00062176
0.0100831
0.000617395
0.00998781
0.000601579
0.00989659
0.000577267
0.00981079
0.000544097
0.00973137
0.000504625
0.00965856
0.000463716
0.00959269
0.000420184
0.00953384
0.000376007
0.00948116
0.000337181
0.00943424
0.000300434
0.00939302
0.000263999
0.00935626
0.000235588
0.00932299
0.000213188
0.00929359
0.000188064
0.00926749
0.000166846
0.009243
0.000156756
0.00922015
0.000145896
0.00920011
0.000127433
0.0091818
0.000116502
0.00916319
0.00011883
0.00914503
0.000115689
0.00912956
9.77694e-05
0.00911589
8.61079e-05
0.00910093
9.50326e-05
0.00908411
0.000107459
0.00906907
9.54525e-05
0.00905796
6.90151e-05
0.00904894
5.50864e-05
0.00903674
7.61279e-05
0.00902071
0.000102416
0.00900362
0.000109434
0.00899215
7.30485e-05
0.00898941
1.32981e-05
0.0089933
-3.07718e-05
0.00900277
-7.06863e-05
-4.12028e-05
0.0103266
-0.000676764
0.0104126
-0.000633989
0.0104914
-0.000583942
0.0105622
-0.000527022
0.010624
-0.000463057
0.0106762
-0.000393331
0.0107182
-0.000319278
0.0107497
-0.00024231
0.0107705
-0.000163007
0.0107804
-8.25404e-05
0.0107795
-1.37248e-06
0.0107677
7.9193e-05
0.0107452
0.000158717
0.0107125
0.000236244
0.0106697
0.00031094
0.0106174
0.000382237
0.0105563
0.000449271
0.0104868
0.000511213
0.0104099
0.00056777
0.0103263
0.000617055
0.0102371
0.000658652
0.0101437
0.00069057
0.0100476
0.000710614
0.00995054
0.000718827
0.00985434
0.000713594
0.00976085
0.000695068
0.00967142
0.000666696
0.0095874
0.000628116
0.00950974
0.000582283
0.00943863
0.00053483
0.00937437
0.000484448
0.00931701
0.000433366
0.0092657
0.00038849
0.00922002
0.000346109
0.0091799
0.000304123
0.00914414
0.000271351
0.00911176
0.000245564
0.00908312
0.000216709
0.00905768
0.000192278
0.00903382
0.000180618
0.00901154
0.000168175
0.00899196
0.000147016
0.00897407
0.000134398
0.00895591
0.000136986
0.00893818
0.000133417
0.00892301
0.000112944
0.00890957
9.9547e-05
0.00889493
0.000109669
0.00887853
0.00012386
0.00886381
0.000110171
0.0088528
8.00222e-05
0.00884378
6.41146e-05
0.00883171
8.81882e-05
0.00881608
0.000118053
0.00879945
0.000126058
0.00878826
8.42431e-05
0.0087852
1.63544e-05
0.00878846
-3.40263e-05
0.00879677
-7.89946e-05
-4.53771e-05
0.0101028
-0.000767892
0.0101876
-0.000718725
0.0102651
-0.000661465
0.0103345
-0.000596467
0.010395
-0.000523496
0.0104458
-0.000444166
0.0104866
-0.000360065
0.0105171
-0.000272776
0.0105369
-0.000182875
0.0105461
-9.17429e-05
0.0105446
1.47026e-07
0.0105325
9.13025e-05
0.01051
0.000181267
0.0104773
0.000268926
0.0104348
0.00035338
0.0103831
0.000433948
0.0103227
0.000509713
0.0102542
0.000579709
0.0101783
0.000643659
0.010096
0.00069941
0.0100081
0.000746489
0.00991609
0.000782595
0.00982149
0.000805215
0.00972598
0.00081434
0.0096314
0.000808173
0.00953959
0.000786879
0.00945188
0.000754404
0.00936959
0.000710405
0.00929364
0.000658231
0.00922419
0.000604278
0.00916151
0.000547133
0.00910562
0.000489256
0.00905567
0.000438435
0.00901123
0.000390551
0.0089722
0.00034316
0.00893742
0.000306131
0.00890593
0.000277055
0.00887803
0.000244603
0.00885325
0.000217055
0.00883002
0.000203852
0.0088083
0.000189892
0.00878916
0.000166157
0.00877167
0.000151893
0.00875396
0.000154694
0.00873665
0.000150723
0.00872176
0.000127834
0.00870854
0.000112771
0.00869421
0.000123997
0.00867822
0.000139846
0.00866383
0.00012457
0.00865291
9.09391e-05
0.00864385
7.31736e-05
0.0086319
0.000100133
0.00861666
0.000133301
0.00860049
0.000142225
0.00858957
9.51642e-05
0.00858618
1.9746e-05
0.00858876
-3.66072e-05
0.00859583
-8.60695e-05
-4.85743e-05
0.00988555
-0.000858034
0.00996914
-0.000802315
0.0100454
-0.000737741
0.0101136
-0.000664603
0.0101726
-0.000582587
0.0102222
-0.000493696
0.0102617
-0.000399631
0.0102911
-0.000302153
0.01031
-0.000201798
0.0103185
-0.00010018
0.0103164
2.24175e-06
0.0103039
0.000103783
0.0102812
0.000203983
0.0102486
0.000301559
0.0102064
0.000395561
0.0101551
0.000485185
0.0100954
0.000569484
0.0100277
0.000647347
0.00995285
0.000718535
0.00987164
0.000780625
0.00978504
0.000833091
0.00969433
0.000873305
0.00960111
0.000898433
0.00950706
0.000908391
0.00941401
0.000901219
0.0093238
0.00087709
0.00923775
0.000840455
0.00915714
0.000791015
0.00908286
0.000732512
0.00901504
0.000672091
0.00895391
0.000608263
0.00889947
0.000543698
0.00885088
0.00048703
0.00880766
0.000433771
0.00876969
0.000381123
0.00873589
0.000339937
0.00870527
0.000307669
0.00867812
0.000271756
0.00865399
0.000241189
0.00863137
0.000226469
0.00861021
0.000211055
0.0085915
0.000184866
0.00857439
0.000168998
0.00855712
0.000171964
0.00854023
0.000167612
0.00852562
0.000142448
0.0085126
0.000125795
0.00849857
0.00013803
0.00848299
0.000155424
0.0084689
0.000138653
0.00845807
0.000101776
0.00844896
8.22826e-05
0.00843711
0.000111983
0.00842224
0.00014817
0.00840653
0.000157934
0.00839588
0.000105811
0.00839214
2.34902e-05
0.00839402
-3.84873e-05
0.00839981
-9.18601e-05
-5.07511e-05
0.00967443
-0.000947274
0.00975694
-0.000884821
0.00983201
-0.000812815
0.00989886
-0.000731457
0.00995662
-0.000640341
0.0100048
-0.000541924
0.0100432
-0.000437974
0.0100715
-0.000330427
0.0100894
-0.000219756
0.0100971
-0.000107829
0.0100944
4.9436e-06
0.0100815
0.00011667
0.0100586
0.000226907
0.0100259
0.000334188
0.00998396
0.000437535
0.00993314
0.000536004
0.00987398
0.000628642
0.00980714
0.000714188
0.00973321
0.000792463
0.00965306
0.000860771
0.00956762
0.000918537
0.00947814
0.000962783
0.00938622
0.000990352
0.00929355
0.00100106
0.00920196
0.000992809
0.00911328
0.000965768
0.00902883
0.000924908
0.00894985
0.000869995
0.00887719
0.000805164
0.00881099
0.0007383
0.00875138
0.000667864
0.00869837
0.000596711
0.00865111
0.000534293
0.0086091
0.000475784
0.0085722
0.000418023
0.00853935
0.000372783
0.0085096
0.000337415
0.00848318
0.000298176
0.00845968
0.00026469
0.00843767
0.00024848
0.00841705
0.000231673
0.00839877
0.00020315
0.00838204
0.000185725
0.0083652
0.000188807
0.00834872
0.000184089
0.00833438
0.000156792
0.00832154
0.00013863
0.00830779
0.00015178
0.00829262
0.000170599
0.00827885
0.000152423
0.00826808
0.00011254
0.00825891
9.14575e-05
0.00824714
0.000123755
0.00823264
0.00016267
0.00821738
0.000173188
0.00820701
0.000116183
0.0082029
2.75977e-05
0.00820406
-3.96478e-05
0.00820853
-9.63301e-05
-5.18767e-05
0.00946917
-0.00103568
0.00955064
-0.000966291
0.00962454
-0.000886717
0.00969013
-0.000797045
0.00974655
-0.000696764
0.00979348
-0.000588855
0.0098306
-0.000475088
0.00985776
-0.000357592
0.00987474
-0.000236736
0.00988159
-0.000114671
0.00987825
8.27692e-06
0.00986493
0.000129992
0.00984176
0.000250075
0.0098091
0.000366852
0.00976729
0.000479346
0.00971684
0.00058645
0.00965825
0.000687239
0.00959215
0.000780284
0.00951911
0.000865501
0.00943997
0.00093991
0.00935562
0.00100289
0.0092673
0.0010511
0.0091766
0.00108105
0.00908523
0.00109243
0.00899503
0.00108301
0.00890783
0.00105298
0.00882492
0.00100781
0.00874753
0.000947388
0.00867647
0.000876224
0.00861183
0.000802934
0.00855374
0.000725958
0.00850213
0.000648315
0.00845619
0.000580239
0.00841537
0.000516603
0.00837952
0.000453874
0.00834762
0.000404682
0.00831873
0.000366305
0.00829303
0.000323875
0.00827015
0.000287571
0.00824873
0.000269896
0.00822865
0.000251752
0.00821079
0.000221017
0.00819443
0.000202088
0.008178
0.000205232
0.00816193
0.00020016
0.00814785
0.00017087
0.00813519
0.000151288
0.00812171
0.000165261
0.00810693
0.00018538
0.00809347
0.000165881
0.00808278
0.000123236
0.00807352
0.000100712
0.00806181
0.000135466
0.00804767
0.000176812
0.00803287
0.000187988
0.00802277
0.000126276
0.0080183
3.20737e-05
0.00801873
-4.00776e-05
0.00802185
-9.94559e-05
-5.19317e-05
0.00926948
-0.0011233
0.00934996
-0.00104676
0.00942271
-0.000959469
0.00948704
-0.000861377
0.00954213
-0.000751855
0.00958777
-0.000634489
0.00962365
-0.00051097
0.00964969
-0.000383638
0.00966568
-0.000252725
0.00967171
-0.000120695
0.00966772
1.22607e-05
0.00965395
0.00014377
0.00963051
0.000273515
0.00959777
0.000399582
0.00955609
0.000521031
0.00950598
0.000636561
0.0094479
0.000745315
0.00938251
0.000845679
0.00931031
0.000937696
0.00923213
0.00101809
0.0091488
0.00108622
0.00906158
0.00113832
0.00897204
0.00117059
0.00888191
0.00118256
0.00879304
0.00117189
0.00870725
0.00113877
0.00862584
0.00108922
0.00855
0.00102323
0.0084805
0.000945724
0.00841741
0.00086602
0.0083608
0.000782567
0.00831059
0.000698529
0.00826594
0.000624888
0.0082263
0.000556242
0.00819148
0.000488689
0.00816052
0.000435649
0.00813247
0.000394351
0.00810748
0.000348861
0.00808521
0.000309844
0.00806438
0.000290729
0.00804483
0.0002713
0.00802737
0.000238476
0.00801136
0.000218096
0.00799534
0.000221252
0.00797967
0.000215829
0.00796586
0.000184688
0.00795337
0.000163778
0.00794014
0.000178487
0.00792575
0.000199773
0.0079126
0.000179026
0.00790197
0.000133866
0.00789263
0.000110056
0.00788096
0.000147133
0.00786717
0.000190608
0.00785282
0.000202339
0.007843
0.00013609
0.00783816
3.69187e-05
0.00783785
-3.97721e-05
0.00783962
-0.000101225
-5.09069e-05
0.00907511
-0.00121017
0.0091546
-0.00112626
0.00922622
-0.00103108
0.0092893
-0.000924456
0.00934306
-0.000805613
0.00938739
-0.000678826
0.00942204
-0.000545614
0.00944696
-0.000408561
0.00946195
-0.000267716
0.00946715
-0.00012589
0.0094625
1.69088e-05
0.00944825
0.000158021
0.00942451
0.000297248
0.00939169
0.000432405
0.0093501
0.000562618
0.0093003
0.000686369
0.00924271
0.000802903
0.00917798
0.000910407
0.00910659
0.00100909
0.00902932
0.00109537
0.00894697
0.00116857
0.00886079
0.0012245
0.00877234
0.00125903
0.0086834
0.0012715
0.00859579
0.00125949
0.00851137
0.00122319
0.00843142
0.00116917
0.00835709
0.00109756
0.00828912
0.0010137
0.00822756
0.000927585
0.00817241
0.000837713
0.00812356
0.000747375
0.00808019
0.000668258
0.00804172
0.000594718
0.00800792
0.000522484
0.00797787
0.000465698
0.00795066
0.000421566
0.00792637
0.000373145
0.0079047
0.000331521
0.00788443
0.000310992
0.00786541
0.000290325
0.00784835
0.000255531
0.00783269
0.000233762
0.00781706
0.000236877
0.00780179
0.000231102
0.00778823
0.000198246
0.0077759
0.000176111
0.00776292
0.000191472
0.0077489
0.000213786
0.00773607
0.000191859
0.00772551
0.000144429
0.00771606
0.000119498
0.00770443
0.000158767
0.00769097
0.000204067
0.00767707
0.000216242
0.00766753
0.000145623
0.00766232
4.21294e-05
0.00766128
-3.87322e-05
0.00766169
-0.000101637
-4.88027e-05
0.00888579
-0.00129631
0.00896433
-0.00120481
0.00903481
-0.00110156
0.00909663
-0.000986278
0.00914905
-0.000858029
0.00919209
-0.000721867
0.00922549
-0.000579016
0.00924929
-0.000432357
0.00926327
-0.000281701
0.00926763
-0.000130252
0.00926231
2.22309e-05
0.00924758
0.000172756
0.00922353
0.000321291
0.0091906
0.000465338
0.00914909
0.000604132
0.00909956
0.000735899
0.00904243
0.000860032
0.00897834
0.000974496
0.00890772
0.0010797
0.00883132
0.00117177
0.00874991
0.00124998
0.00866472
0.00130969
0.00857732
0.00134643
0.00848951
0.00135932
0.00840313
0.00134587
0.00832003
0.00130629
0.0082415
0.0012477
0.00816865
0.00117041
0.00810218
0.00108016
0.00804211
0.000987653
0.00798841
0.000891418
0.00794091
0.000794872
0.0078988
0.000710368
0.00786147
0.000632046
0.00782868
0.000555274
0.00779953
0.000494848
0.00777314
0.000447962
0.00774955
0.000396738
0.00772845
0.000352615
0.00770875
0.000330697
0.00769024
0.000308834
0.00767358
0.000272191
0.00765824
0.000249097
0.007643
0.000252119
0.00762812
0.000245982
0.00761482
0.000211548
0.00760264
0.000188294
0.00758988
0.000204227
0.00757624
0.000227426
0.00756372
0.000204379
0.00755322
0.000154925
0.00754368
0.000129046
0.00753206
0.000170382
0.00751893
0.000217202
0.00750547
0.000229702
0.00749622
0.000154873
0.00749065
4.76993e-05
0.00748888
-3.69638e-05
0.00748794
-0.000100699
-4.56279e-05
0.0087013
-0.00138173
0.00877889
-0.0012824
0.00884823
-0.0011709
0.00890879
-0.00104683
0.00895985
-0.000909095
0.0090016
-0.00076361
0.00903375
-0.000611171
0.00905642
-0.000455025
0.0090694
-0.00029468
0.00907293
-0.000133779
0.00906692
2.82323e-05
0.0090517
0.000187983
0.00902733
0.000345656
0.00899427
0.000498395
0.00895282
0.000645589
0.00890355
0.000785169
0.00884686
0.000916722
0.00878339
0.00103797
0.00871352
0.00114957
0.00863796
0.00124732
0.00855745
0.00133049
0.00847321
0.00139393
0.00838681
0.00143283
0.00830008
0.00144605
0.00821488
0.00143107
0.00813307
0.0013881
0.00805593
0.00132485
0.00798453
0.00124181
0.00791953
0.00114516
0.00786094
0.00104625
0.00780866
0.000943701
0.00776249
0.00084104
0.00772162
0.000751239
0.00768542
0.000668243
0.00765362
0.000587075
0.00762535
0.000523113
0.00759976
0.000473553
0.00757685
0.000419649
0.00755633
0.00037314
0.00753717
0.000349858
0.00751916
0.000326835
0.00750289
0.00028846
0.00748788
0.000264111
0.00747301
0.000266989
0.00745852
0.000260474
0.00744547
0.000224594
0.00743343
0.000200336
0.00742089
0.000216766
0.00740761
0.000240702
0.00739541
0.000216586
0.00738498
0.000165353
0.00737532
0.000138703
0.00736372
0.000181988
0.0073509
0.000230025
0.00733787
0.000242723
0.00732891
0.00016384
0.00732299
5.36197e-05
0.0073205
-3.4477e-05
0.00731823
-9.84279e-05
-4.13991e-05
0.00852144
-0.00146642
0.00859807
-0.00135903
0.00866626
-0.00123909
0.00872553
-0.00110611
0.00877524
-0.0009588
0.00881568
-0.000804051
0.00884658
-0.000642074
0.00886812
-0.000476566
0.00888009
-0.000306653
0.00888279
-0.000136475
0.00887611
3.49147e-05
0.00886039
0.000203704
0.00883569
0.00037035
0.0088025
0.000531587
0.00876109
0.000687003
0.00871206
0.000834193
0.0086558
0.000972988
0.00859293
0.00110084
0.00852378
0.00121872
0.00844905
0.00132205
0.00836941
0.00141014
0.00828608
0.00147725
0.00820064
0.00151827
0.00811495
0.00153174
0.0080309
0.00151512
0.00795034
0.00146865
0.00787455
0.00140064
0.00780458
0.00131178
0.00774104
0.0012087
0.0076839
0.00110339
0.00763301
0.000994585
0.00758815
0.0008859
0.0075485
0.000790889
0.00751342
0.000703326
0.00748259
0.000617903
0.00745519
0.000550513
0.00743039
0.000498355
0.00740815
0.00044189
0.00738818
0.000393107
0.00736955
0.000368489
0.00735205
0.000344337
0.00733616
0.000304344
0.00732146
0.000278816
0.00730695
0.0002815
0.00729284
0.000274584
0.00728005
0.000237387
0.00726814
0.000212242
0.0072558
0.000229101
0.00724288
0.000253622
0.00723099
0.00022848
0.00722063
0.000175709
0.00721086
0.000148472
0.00719926
0.000193593
0.00718674
0.000242545
0.00717415
0.00025531
0.00716547
0.000172526
0.00715921
5.98799e-05
0.00715601
-3.12853e-05
0.00715243
-9.48478e-05
-3.61405e-05
0.00834598
-0.00155037
0.00842166
-0.00143471
0.00848867
-0.0013061
0.00854665
-0.00116408
0.00859498
-0.00100713
0.00863412
-0.000843191
0.00866376
-0.000671722
0.00868418
-0.000496982
0.00869515
-0.000317621
0.00869702
-0.000138343
0.00868965
4.22765e-05
0.00867344
0.000219917
0.00864841
0.000395376
0.00861508
0.000564917
0.0085737
0.000728383
0.00852492
0.00088298
0.00846906
0.00102884
0.00840678
0.00116312
0.00833836
0.00128714
0.00826443
0.00139598
0.00818562
0.00148895
0.00810318
0.0015597
0.00801866
0.00160278
0.00793399
0.00161642
0.00785104
0.00159807
0.00777171
0.00154798
0.00769725
0.0014751
0.00762868
0.00138035
0.00756657
0.00127082
0.00751085
0.00115911
0.00746135
0.00104409
0.00741778
0.000929472
0.00737933
0.000829341
0.00734534
0.000737313
0.00731547
0.000647776
0.00728892
0.000577066
0.00726489
0.000522382
0.00724331
0.000463473
0.00722388
0.000412531
0.00720577
0.000386604
0.00718876
0.000361348
0.00717325
0.00031985
0.00715885
0.000293221
0.00714468
0.000295663
0.00713095
0.000288316
0.00711841
0.000249927
0.00710663
0.000224021
0.00709449
0.000241244
0.00708192
0.000266196
0.00707033
0.000240063
0.00706005
0.000185991
0.00705017
0.000158356
0.00703855
0.000205206
0.00702633
0.000254775
0.00701416
0.000267471
0.00700576
0.000180932
0.00699917
6.6468e-05
0.00699529
-2.74055e-05
0.00699043
-8.99907e-05
-2.98827e-05
0.00817477
-0.00163355
0.00824947
-0.00150942
0.00831527
-0.0013719
0.00837193
-0.00122073
0.00841887
-0.00105407
0.0084567
-0.000881025
0.00848509
-0.000700111
0.00850439
-0.000516279
0.00851436
-0.000327591
0.00851541
-0.000139392
0.00850737
5.03127e-05
0.00849067
0.000236617
0.00846531
0.000420734
0.00843184
0.000598387
0.00839049
0.000769734
0.00834194
0.000931536
0.00828649
0.00108429
0.00822479
0.00122481
0.00815707
0.00135487
0.00808393
0.00146912
0.00800595
0.00156693
0.00792436
0.00164128
0.00784074
0.0016864
0.00775704
0.00170012
0.00767518
0.00167993
0.00759705
0.00162612
0.00752389
0.00154825
0.00745671
0.00144753
0.007396
0.00133152
0.00734169
0.00121341
0.00729355
0.00109223
0.00725124
0.000971777
0.00721397
0.000866614
0.00718106
0.000770223
0.00715213
0.00067671
0.0071264
0.000602789
0.00710314
0.00054565
0.0070822
0.000484409
0.00706331
0.000431425
0.00704569
0.000404216
0.00702917
0.000377877
0.00701403
0.000334984
0.00699991
0.000307338
0.00698609
0.00030949
0.00697273
0.000301678
0.00696044
0.000262216
0.00694878
0.000235677
0.00693682
0.000253206
0.00692458
0.000278432
0.00691331
0.000251335
0.0069031
0.000196197
0.0068931
0.000168354
0.00688148
0.00021683
0.00686953
0.000266725
0.00685779
0.000279212
0.00684966
0.000189064
0.00684275
7.33712e-05
0.00683821
-2.28567e-05
0.00683211
-8.38949e-05
-2.26628e-05
0.0080076
-0.00171591
0.00808131
-0.00158313
0.00814588
-0.00143647
0.00820119
-0.00127604
0.00824673
-0.00109961
0.00828326
-0.000917552
0.00831039
-0.000727239
0.00832857
-0.000534464
0.00833755
-0.000336569
0.00833779
-0.000139634
0.00832909
5.90155e-05
0.00831191
0.000253796
0.00828622
0.000446421
0.00825261
0.000631996
0.00821129
0.000811058
0.00816296
0.000979863
0.00810792
0.00113933
0.00804681
0.00128592
0.00797978
0.00142189
0.00790743
0.00154147
0.00783025
0.00164411
0.00774949
0.00172204
0.00766674
0.00176916
0.00758399
0.00178286
0.00750319
0.00176073
0.00742623
0.00170308
0.00735436
0.00162012
0.00728853
0.00151335
0.00722921
0.00139084
0.00717629
0.00126633
0.00712949
0.00113903
0.00708843
0.00101284
0.00705232
0.000902731
0.00702047
0.000802074
0.00699245
0.000704724
0.00696754
0.000627702
0.00694501
0.000568174
0.00692471
0.00050471
0.00690633
0.000449802
0.00688921
0.000421341
0.00687315
0.000393933
0.00685838
0.000349753
0.00684455
0.000321177
0.00683104
0.000322993
0.00681804
0.000314675
0.006806
0.000274259
0.00679446
0.000247217
0.00678267
0.000265
0.00677076
0.000290341
0.00675979
0.000262301
0.00674967
0.000206325
0.00673955
0.000178466
0.00672792
0.00022847
0.00671624
0.000278404
0.00670491
0.000290542
0.00669704
0.000196928
0.00668984
8.0576e-05
0.00668464
-1.76607e-05
0.00667735
-7.66053e-05
-1.45237e-05
0.00784434
-0.00179743
0.00791703
-0.00165582
0.00798031
-0.00149975
0.00803426
-0.00132998
0.00807838
-0.00114374
0.0081136
-0.000952772
0.00813947
-0.000753105
0.00815655
-0.000551548
0.00816455
-0.000344565
0.00816399
-0.000139081
0.00815464
6.83744e-05
0.00813699
0.000271443
0.00811098
0.000472431
0.00807724
0.000665738
0.00803594
0.000852353
0.00798785
0.00102796
0.00793321
0.00119397
0.00787268
0.00134645
0.00780636
0.00148821
0.00773477
0.00161305
0.00765838
0.00172051
0.00757844
0.00180198
0.00749653
0.00185107
0.00741471
0.00186468
0.00733495
0.0018405
0.00725914
0.00177889
0.00718853
0.00169073
0.00712406
0.00157783
0.0070661
0.0014488
0.00701455
0.00131789
0.00696907
0.00118451
0.00692924
0.00105267
0.00689425
0.000937713
0.00686344
0.000832887
0.00683633
0.000731836
0.00681221
0.000651825
0.00679041
0.000589973
0.00677073
0.000524391
0.00675285
0.000467677
0.0067362
0.000437993
0.00672061
0.000409528
0.00670619
0.000364164
0.00669262
0.000334748
0.00667943
0.000336185
0.00666679
0.000327317
0.00665499
0.000286057
0.00664356
0.000258647
0.00663193
0.000276634
0.00662034
0.000301933
0.00660967
0.000272965
0.00659962
0.000216374
0.0065894
0.000188688
0.00657774
0.000240127
0.00656632
0.000289822
0.0065554
0.000301471
0.00654779
0.000204531
0.0065403
8.80686e-05
0.00653448
-1.18412e-05
0.00652605
-6.81724e-05
-5.51391e-06
0.00768481
-0.00187803
0.00775646
-0.00172746
0.00781842
-0.00156171
0.00787097
-0.00138253
0.00791366
-0.00118644
0.00794758
-0.000986682
0.00797218
-0.00077771
0.00798817
-0.000567542
0.0079952
-0.000351591
0.00799387
-0.00013775
0.00798387
7.83762e-05
0.00796577
0.000289545
0.00793944
0.000498754
0.00790557
0.000699606
0.00786431
0.000893615
0.00781645
0.00107582
0.00776222
0.00124821
0.00770228
0.00140639
0.00763666
0.00155383
0.00756585
0.00168386
0.00749024
0.00179612
0.0074111
0.00188112
0.00733001
0.00193215
0.0072491
0.00194559
0.00717035
0.00191925
0.00709568
0.00185356
0.00702632
0.00176009
0.00696317
0.00164098
0.00690656
0.0015054
0.00685636
0.0013681
0.00681218
0.00122869
0.00677355
0.0010913
0.00673968
0.000971582
0.00670988
0.000862681
0.00668365
0.000758066
0.0066603
0.000675178
0.00663921
0.000611063
0.00662014
0.000543464
0.00660275
0.000485065
0.00658656
0.000454187
0.00657141
0.000424672
0.00655735
0.000378226
0.00654403
0.000348062
0.00653114
0.000349077
0.00651885
0.000339611
0.00650729
0.000297616
0.00649596
0.000269972
0.00648448
0.000288119
0.00647319
0.000313219
0.00646282
0.000283334
0.00645285
0.000226343
0.00644252
0.000199019
0.00643085
0.0002518
0.00641968
0.000300988
0.00640915
0.000312008
0.00640179
0.000211885
0.00639403
9.58348e-05
0.00638761
-5.42423e-06
0.00637809
-5.86526e-05
4.31286e-06
0.00752889
-0.00195767
0.00759946
-0.00179802
0.00766004
-0.00162229
0.00771117
-0.00143367
0.00775243
-0.0012277
0.00778503
-0.00101928
0.00780838
-0.000801056
0.0078233
-0.000582462
0.00782937
-0.000357662
0.00782728
-0.000135659
0.00781665
8.90053e-05
0.00779811
0.000308085
0.00777148
0.00052538
0.0077375
0.000733591
0.00769627
0.000934839
0.00764865
0.00112344
0.00759483
0.00130203
0.00753549
0.00146573
0.00747057
0.00161875
0.00740054
0.0017539
0.0073257
0.00187096
0.00724734
0.00195947
0.00716706
0.00201243
0.00708704
0.00202562
0.00700929
0.001997
0.00693574
0.00192711
0.00686761
0.00182822
0.00680577
0.00170282
0.0067505
0.00156067
0.00670161
0.00141698
0.00665871
0.00127159
0.00662127
0.00112874
0.00658849
0.00100436
0.00655969
0.000891478
0.00653432
0.000783435
0.00651172
0.000697781
0.00649132
0.000631464
0.00647284
0.000561946
0.00645592
0.000501979
0.00644017
0.00046994
0.00642546
0.000439379
0.00641174
0.000391949
0.00639867
0.00036113
0.00638607
0.000361684
0.00637411
0.000351569
0.00636278
0.000308943
0.00635156
0.000281198
0.00634021
0.000299464
0.00632922
0.000324209
0.00631914
0.000293416
0.00630925
0.000236232
0.00629882
0.000209453
0.00628713
0.000263486
0.00627621
0.000311908
0.00626605
0.000322166
0.00625894
0.000219001
0.00625091
0.00010386
0.00624392
1.56235e-06
0.00623338
-4.81078e-05
1.48981e-05
0.00737644
-0.00203626
0.00744588
-0.00186747
0.00750503
-0.00168144
0.00755473
-0.00148337
0.00759453
-0.0012675
0.00762583
-0.00105058
0.00764792
-0.000823148
0.00766179
-0.000596324
0.00766692
-0.000362792
0.00766409
-0.000132829
0.00765285
0.000100244
0.00763389
0.000327045
0.00760697
0.000552295
0.00757288
0.00076768
0.00753171
0.000976016
0.00748433
0.00117082
0.00743093
0.00135543
0.00737219
0.00152447
0.00730799
0.00168295
0.00723873
0.00182316
0.00716465
0.00194503
0.00708707
0.00203705
0.00700758
0.00209192
0.00692844
0.00210476
0.00685167
0.00207377
0.00677922
0.00199956
0.00671231
0.00189513
0.00665176
0.00176337
0.0065978
0.00161463
0.00655023
0.00146455
0.00650859
0.00131324
0.0064723
0.00116503
0.00644058
0.00103608
0.00641276
0.0009193
0.00638823
0.000807962
0.00636636
0.000719656
0.00634663
0.000651194
0.00632872
0.000579853
0.00631227
0.000518437
0.00629694
0.000485266
0.00628266
0.000453661
0.00626926
0.000405342
0.00625643
0.000373963
0.0062441
0.000374017
0.00623247
0.000363201
0.00622136
0.000320043
0.00621023
0.000292331
0.00619902
0.000310677
0.00618831
0.000334916
0.00617851
0.000303219
0.0061687
0.000246044
0.00615817
0.000219984
0.00614647
0.00027518
0.00613579
0.00032259
0.006126
0.000331954
0.00611911
0.000225892
0.00611084
0.000112129
0.00610332
9.08848e-06
0.00609181
-3.66049e-05
2.61786e-05
0.00722733
-0.00211375
0.00729561
-0.00193575
0.00735328
-0.0017391
0.00740152
-0.00153161
0.00743986
-0.00130584
0.00746985
-0.00108057
0.0074907
-0.000843995
0.00750352
-0.000609147
0.00750773
-0.000367001
0.00750418
-0.000129284
0.00749236
0.000112072
0.007473
0.000346405
0.00744581
0.000579485
0.00741163
0.000801862
0.0073705
0.00101714
0.00732339
0.00121794
0.00727041
0.0014084
0.00721229
0.0015826
0.0071488
0.00174643
0.00708032
0.00189165
0.007007
0.00201834
0.00693019
0.00211387
0.00685147
0.00217063
0.00677318
0.00218305
0.00669739
0.00214956
0.00662603
0.00207091
0.00656032
0.00196084
0.00650105
0.00182264
0.00644839
0.00166729
0.0064021
0.00151084
0.0063617
0.00135364
0.00632654
0.00120018
0.00629587
0.00106675
0.006269
0.00094617
0.00624529
0.00083167
0.00622412
0.000740824
0.00620504
0.000670275
0.00618769
0.000597201
0.00617168
0.000534455
0.00615676
0.000500183
0.00614289
0.000467534
0.00612981
0.000418418
0.0061172
0.000386572
0.00610513
0.000386089
0.00609381
0.00037452
0.00608293
0.000330927
0.00607188
0.000303377
0.00606079
0.000321764
0.00605036
0.000345351
0.00604082
0.000312754
0.00603109
0.000255778
0.00602047
0.000230605
0.00600878
0.000286874
0.00599833
0.000333037
0.0059889
0.000341385
0.00598222
0.000232571
0.00597372
0.000120626
0.00596569
1.71219e-05
0.0059533
-2.42158e-05
3.80872e-05
0.00708145
-0.00219006
0.00714853
-0.00200284
0.00720464
-0.00179522
0.00725141
-0.00157838
0.00728828
-0.0013427
0.00731698
-0.00110927
0.00733659
-0.000863606
0.0073484
-0.000620955
0.0073517
-0.00037031
0.00734747
-0.000125048
0.00733507
0.000124467
0.00731534
0.000366143
0.00728789
0.000606933
0.00725363
0.000836123
0.00721257
0.0010582
0.00716571
0.00126479
0.00711318
0.00146094
0.00705567
0.00164011
0.00699291
0.00180919
0.00692521
0.00195935
0.00685265
0.0020909
0.00677658
0.00218994
0.00669864
0.00224858
0.00662119
0.0022605
0.00654635
0.0022244
0.00647608
0.00214119
0.00641155
0.00202537
0.00635355
0.00188064
0.00630217
0.00171868
0.00625714
0.00155587
0.00621795
0.00139283
0.00618391
0.00123422
0.00615425
0.00109641
0.00612831
0.000972114
0.0061054
0.000854583
0.00608491
0.000761309
0.00606646
0.000688726
0.00604965
0.00061401
0.00603406
0.000550049
0.00601953
0.000514707
0.00600605
0.000481013
0.00599328
0.00043119
0.00598088
0.000398969
0.00596906
0.000397912
0.00595804
0.000385539
0.00594736
0.000341603
0.0059364
0.000314339
0.00592543
0.000332732
0.00591526
0.000355525
0.00590598
0.000322032
0.00589632
0.000265438
0.00588562
0.000241306
0.00587394
0.000298557
0.00586372
0.000343252
0.00585464
0.00035047
0.00584815
0.000239055
0.00583945
0.000129334
0.00583094
2.56281e-05
0.00581774
-1.10169e-05
5.05529e-05
0.00693868
-0.00226512
0.00700451
-0.00206867
0.00705902
-0.00184972
0.00710431
-0.00162367
0.00713969
-0.00137809
0.0071671
-0.00113668
0.00718549
-0.000881996
0.00719631
-0.000631772
0.00719874
-0.000372742
0.00719384
-0.00012015
0.00718091
0.000137407
0.00716081
0.000386238
0.00713312
0.000634625
0.00709879
0.000870452
0.0070578
0.00109918
0.00701121
0.00131138
0.00695912
0.00151303
0.00690224
0.00169698
0.00684021
0.00187122
0.00677329
0.00202628
0.00670148
0.0021627
0.00662616
0.00226526
0.00654897
0.00232577
0.00647236
0.00233711
0.00639846
0.0022983
0.00632926
0.00221039
0.00626591
0.00208871
0.00620916
0.00193739
0.00615903
0.00176881
0.00611525
0.00159965
0.00607725
0.00143083
0.0060443
0.00126717
0.00601563
0.00112508
0.00599059
0.000997156
0.00596845
0.000876725
0.00594862
0.000781133
0.00593078
0.000706571
0.00591449
0.000630299
0.0058993
0.000565238
0.00588515
0.000528856
0.00587205
0.000494115
0.00585957
0.000443672
0.00584737
0.000411164
0.00583578
0.0004095
0.00582505
0.000396273
0.00581457
0.000352083
0.00580369
0.000325222
0.00579283
0.000343585
0.00578291
0.000365448
0.00577388
0.000331066
0.00576429
0.000275024
0.00575352
0.000252076
0.00574186
0.000310216
0.00573188
0.000353238
0.00572312
0.000359222
0.00571682
0.000245357
0.00570792
0.000138235
0.00569898
3.45701e-05
0.00568505
2.91068e-06
6.35011e-05
0.00679893
-0.00233885
0.00686346
-0.0021332
0.00691631
-0.00190257
0.0069601
-0.00166746
0.006994
-0.00141199
0.00702014
-0.00116282
0.00703733
-0.000899183
0.00704718
-0.000641625
0.00704876
-0.000374323
0.00704323
-0.000114617
0.00702977
0.000150868
0.00700934
0.000406669
0.00698141
0.000662548
0.00694702
0.000904842
0.00690611
0.0011401
0.00685979
0.0013577
0.00680814
0.00156469
0.00675189
0.00175323
0.0066906
0.00193251
0.00662446
0.00209242
0.0065534
0.00223376
0.00647881
0.00233985
0.00640236
0.00240222
0.00632657
0.0024129
0.00625362
0.00237125
0.00618547
0.00227854
0.00612329
0.00215089
0.00606778
0.0019929
0.00601889
0.00181769
0.00597633
0.00164221
0.0059395
0.00146766
0.00590761
0.00129907
0.00587991
0.00115278
0.00585574
0.00102132
0.00583434
0.00089812
0.00581516
0.00080032
0.0057979
0.000723832
0.00578211
0.000646091
0.0057673
0.000580039
0.00575351
0.000542647
0.00574077
0.000506857
0.00572856
0.000455878
0.00571656
0.000423169
0.0057052
0.000420864
0.00569473
0.000406736
0.00568444
0.000362376
0.00567363
0.00033603
0.00566289
0.000354324
0.00565321
0.00037513
0.00564441
0.000339868
0.00563489
0.000284537
0.00562407
0.000262902
0.00561245
0.000321833
0.0056027
0.000362993
0.00559427
0.000367649
0.00558813
0.000251492
0.00557906
0.000147309
0.00556972
4.39083e-05
0.00555515
1.74822e-05
7.68546e-05
0.0066621
-0.00241118
0.00672527
-0.00219637
0.00677641
-0.00195371
0.0068187
-0.00170976
0.00685112
-0.00144441
0.00687601
-0.00118771
0.00689201
-0.000915188
0.00690094
-0.000650546
0.00690169
-0.000375078
0.00689555
-0.000108474
0.00688158
0.000164832
0.00686083
0.000427424
0.00683268
0.000690696
0.00679823
0.000939292
0.00675738
0.00118095
0.00671133
0.00140375
0.00666011
0.0016159
0.0066045
0.00180885
0.00654395
0.00199306
0.00647858
0.00215779
0.00640827
0.00230408
0.00633441
0.00241371
0.00625869
0.00247794
0.00618372
0.00248787
0.0061117
0.00244327
0.00604461
0.00234563
0.00598359
0.00221192
0.0059293
0.00204719
0.00588164
0.00186535
0.00584029
0.00168356
0.0058046
0.00150335
0.00577374
0.00132992
0.00574698
0.00117955
0.00572366
0.00104464
0.00570299
0.000918794
0.00568441
0.000818894
0.00566771
0.000740532
0.0056524
0.000661405
0.00563797
0.00059447
0.00562452
0.000556097
0.00561212
0.000519258
0.00560017
0.000467824
0.00558835
0.000434994
0.00557719
0.000432014
0.00556699
0.000416943
0.00555687
0.000372493
0.00554614
0.000346765
0.00553551
0.000364952
0.00552606
0.000384581
0.00551748
0.000348451
0.00550803
0.000293979
0.00549717
0.000273767
0.00548561
0.000333391
0.00547609
0.000372514
0.00546798
0.000375761
0.005462
0.000257472
0.00545277
0.000156533
0.00544308
5.36005e-05
0.00542795
3.26092e-05
9.05338e-05
0.0065281
-0.00248205
0.00658986
-0.00225812
0.00663923
-0.00200308
0.00668004
-0.00175057
0.00671098
-0.00147535
0.00673464
-0.00121136
0.00674949
-0.000930037
0.0067575
-0.000658563
0.00675745
-0.00037503
0.00675072
-0.000101742
0.00673627
0.000179289
0.00671519
0.000448498
0.00668681
0.000719075
0.00665229
0.000973812
0.0066115
0.00122174
0.0065657
0.00144955
0.00651491
0.00166669
0.00645992
0.00186383
0.00640011
0.00205287
0.00633553
0.00222237
0.00626595
0.00237365
0.00619281
0.00248685
0.00611783
0.00255292
0.00604368
0.00256202
0.00597259
0.00251436
0.00590655
0.00241167
0.00584669
0.00227178
0.00579361
0.00210026
0.00574717
0.00191179
0.005707
0.00172373
0.00567243
0.00153792
0.00564259
0.00135976
0.00561674
0.00120541
0.00559424
0.00106713
0.00557426
0.000938773
0.00555628
0.000836878
0.00554012
0.000756696
0.00552526
0.000676264
0.00551118
0.00060855
0.00549805
0.000569221
0.00548598
0.000531334
0.00547428
0.000479523
0.00546262
0.000446647
0.00545168
0.000442961
0.00544171
0.000426906
0.00543176
0.000382446
0.0054211
0.000357425
0.00541059
0.000375465
0.00540136
0.000393808
0.00539299
0.000356825
0.00538362
0.000303348
0.00537273
0.000284654
0.00536125
0.000344866
0.00535197
0.000381795
0.00534417
0.000383566
0.00533833
0.000263309
0.00532898
0.000165883
0.00531898
6.36017e-05
0.00530339
4.82e-05
0.000104457
0.00639685
-0.0025514
0.00645714
-0.00231841
0.00650472
-0.00205066
0.00654404
-0.00178989
0.00657352
-0.00150483
0.00659597
-0.00123381
0.00660969
-0.000943754
0.00661682
-0.000665699
0.00661599
-0.000374193
0.00660867
-9.44276e-05
0.00659372
0.000194241
0.00657231
0.000469904
0.00654368
0.000747705
0.00650907
0.00100843
0.0064683
0.0012625
0.00642273
0.00149513
0.00637235
0.00171706
0.00631798
0.0019182
0.00625891
0.00211195
0.0061951
0.00228617
0.00612627
0.00244249
0.00605386
0.00255926
0.00597962
0.00262717
0.00590629
0.00263534
0.00583615
0.0025845
0.00577117
0.00247665
0.00571246
0.00233049
0.0056606
0.00215212
0.00561536
0.00195703
0.00557635
0.00176273
0.00554289
0.00157138
0.00551404
0.00138862
0.00548907
0.00123037
0.00546737
0.00108883
0.00544806
0.00095808
0.00543065
0.000854295
0.005415
0.000772344
0.00540057
0.00069069
0.00538683
0.000622294
0.00537401
0.000582035
0.00536224
0.000543104
0.00535078
0.00049099
0.00533929
0.000458136
0.00532854
0.000453711
0.0053188
0.000436641
0.00530901
0.000392242
0.00529842
0.000368011
0.00528803
0.00038586
0.00527902
0.000402817
0.00527084
0.000365
0.00526155
0.000312641
0.00525066
0.000295539
0.0052393
0.000356233
0.00523026
0.00039083
0.00522276
0.00039107
0.00521706
0.000269013
0.00520761
0.000175332
0.00519734
7.38646e-05
0.00518138
6.41609e-05
0.000118543
0.00626828
-0.00261916
0.00632704
-0.00237717
0.0063728
-0.00209642
0.00641065
-0.00182775
0.00643868
-0.00153286
0.00645995
-0.00125508
0.00647256
-0.000956359
0.00647883
-0.000671968
0.0064772
-0.000372563
0.00646928
-8.65144e-05
0.0064538
0.00020972
0.00643203
0.00049168
0.0064031
0.00077663
0.00636835
0.00104318
0.00632757
0.00130328
0.00628219
0.00154052
0.0062322
0.00176705
0.00617845
0.00197196
0.00612011
0.00217029
0.0060571
0.00234918
0.00598902
0.00251056
0.00591736
0.00263093
0.00584387
0.00270066
0.00577139
0.00270783
0.00570221
0.00265368
0.0056383
0.00254055
0.00558076
0.00238804
0.00553012
0.00220277
0.00548607
0.00200108
0.00544823
0.00180058
0.00541585
0.00160376
0.00538796
0.0014165
0.00536386
0.00125448
0.00534293
0.00110976
0.00532427
0.000976741
0.0053074
0.000871166
0.00529225
0.000787499
0.00527823
0.000704702
0.00526481
0.000635718
0.00525229
0.000594552
0.00524082
0.000554582
0.00522957
0.000502237
0.00521824
0.000469466
0.00520768
0.000464271
0.00519816
0.000446157
0.00518851
0.000401891
0.00517801
0.000378516
0.00516774
0.000396129
0.00515895
0.00041161
0.00515096
0.000372985
0.00514175
0.000321853
0.00513089
0.0003064
0.00511966
0.000367463
0.00511088
0.000399608
0.00510367
0.000398275
0.0050981
0.00027459
0.00508858
0.000184851
0.0050781
8.43389e-05
0.00506187
8.03959e-05
0.000132708
0.00614231
-0.00268531
0.00619949
-0.00243436
0.00624342
-0.00214035
0.00627983
-0.00186416
0.00630643
-0.00155945
0.00632654
-0.00127519
0.00633803
-0.000967854
0.00634342
-0.000677354
0.00634096
-0.000370105
0.0063324
-7.79507e-05
0.00631633
0.000225789
0.00629411
0.000513897
0.00626482
0.000805922
0.00622986
0.00107815
0.00618901
0.00134412
0.00614378
0.00158575
0.00609417
0.00181666
0.00604102
0.00202511
0.00598343
0.00222787
0.00592124
0.00241138
0.00585395
0.00257785
0.00578306
0.00270182
0.00571037
0.00277335
0.00563877
0.00277942
0.00557059
0.00272186
0.00550779
0.00260335
0.00545144
0.00244439
0.00540202
0.00225219
0.00535918
0.00204392
0.00532248
0.00183727
0.00529117
0.00163507
0.00526424
0.00144344
0.00524098
0.00127773
0.0052208
0.00112994
0.00520277
0.000994776
0.00518642
0.000887508
0.00517174
0.000802179
0.00515813
0.000718319
0.00514501
0.000648833
0.00513278
0.000606783
0.00512158
0.000565782
0.00511054
0.000513275
0.00509937
0.000480638
0.005089
0.000474643
0.00507969
0.000455464
0.00507019
0.000411396
0.00505977
0.000388935
0.00504963
0.000406263
0.00504105
0.00042019
0.00503325
0.000380787
0.00502413
0.000330974
0.00501332
0.000317209
0.00500226
0.000378525
0.00499375
0.000408116
0.00498684
0.000405183
0.00498139
0.000280044
0.00497184
0.000194406
0.0049612
9.49725e-05
0.00494479
9.68082e-05
0.000146869
0.0060189
-0.0027498
0.00607446
-0.00248992
0.00611655
-0.00218244
0.00615154
-0.00189915
0.00617672
-0.00158462
0.00619566
-0.00129414
0.00620601
-0.000978208
0.00621046
-0.000681798
0.00620709
-0.000366734
0.00619777
-6.8634e-05
0.006181
0.00024256
0.00615823
0.000536666
0.00612847
0.000835681
0.00609322
0.0011134
0.00605224
0.00138509
0.00600712
0.00163087
0.00595787
0.00186592
0.00590533
0.00207764
0.00584853
0.00228467
0.0057872
0.00247272
0.00572075
0.00264429
0.0056507
0.00277188
0.00557886
0.00284518
0.00550821
0.00285007
0.00544109
0.00278898
0.00537945
0.00266499
0.00532432
0.00249952
0.00527615
0.00230035
0.00523452
0.00208555
0.00519897
0.00187281
0.00516873
0.00166531
0.00514273
0.00146943
0.0051203
0.00130016
0.00510086
0.00114939
0.00508343
0.0010122
0.0050676
0.000903338
0.00505338
0.000816402
0.00504014
0.000731556
0.00502732
0.00066165
0.00501537
0.000618734
0.00500444
0.000576715
0.0049936
0.00052411
0.00498259
0.000491653
0.0049724
0.000484828
0.0049633
0.00046457
0.00495393
0.000420761
0.00494361
0.000399256
0.00493362
0.000416249
0.00492526
0.000428554
0.00491764
0.000388407
0.00490862
0.000339995
0.0048979
0.000327933
0.00488703
0.000389386
0.00487881
0.000416338
0.0048722
0.000411792
0.00486687
0.000285375
0.00485732
0.000203963
0.00484658
0.000105711
0.00483008
0.000113301
0.000160945
0.005898
-0.00281264
0.00595191
-0.00254383
0.00599216
-0.00222269
0.00602575
-0.00193273
0.00604948
-0.00160835
0.00606721
-0.00131187
0.00607634
-0.000987335
0.00607972
-0.000685177
0.00607528
-0.000362298
0.00606504
-5.83962e-05
0.0060474
0.0002602
0.00602393
0.00056014
0.00599357
0.000866036
0.00595793
0.00114905
0.00591676
0.00142626
0.00587172
0.00167591
0.00582283
0.00191481
0.00577094
0.00212952
0.00571499
0.00234063
0.00565459
0.00253312
0.00558907
0.00270981
0.00551995
0.002841
0.00544907
0.00291606
0.00537946
0.00291968
0.00531348
0.00285497
0.00525306
0.0027254
0.00519921
0.00255337
0.00515233
0.00234724
0.00511193
0.00212595
0.00507755
0.00190719
0.00504837
0.0016945
0.0050233
0.0014945
0.0050017
0.00132177
0.00498296
0.00116812
0.00496613
0.00102904
0.0049508
0.000918667
0.00493702
0.000830179
0.00492415
0.000744426
0.00491163
0.000674173
0.00489996
0.00063041
0.00488928
0.000587389
0.00487864
0.000534748
0.00486779
0.000502506
0.0048578
0.000494823
0.00484889
0.000473479
0.00483966
0.000429986
0.00482945
0.000409465
0.00481963
0.00042607
0.00481149
0.000436697
0.00480405
0.000395846
0.00479515
0.0003489
0.00478454
0.000338541
0.00477391
0.000400009
0.004766
0.000424258
0.00475969
0.000418098
0.00475449
0.000290579
0.00474497
0.000213483
0.00473418
0.000116498
0.0047177
0.000129776
0.000174856
0.00577958
-0.00287381
0.0058318
-0.00259605
0.00587022
-0.00226112
0.00590237
-0.00196489
0.0059246
-0.00163058
0.005941
-0.00132828
0.00594873
-0.000995064
0.00595083
-0.000687274
0.00594509
-0.000356556
0.00593368
-4.69922e-05
0.00591495
0.000278933
0.00589058
0.000584513
0.00585948
0.000897132
0.00582335
0.00118518
0.00578194
0.00146767
0.00573698
0.00172087
0.00568848
0.00196331
0.00563732
0.00218068
0.00558231
0.00239564
0.00552296
0.00259247
0.00545851
0.00277426
0.00539046
0.00290905
0.00532068
0.00298584
0.00525224
0.00298812
0.00518751
0.0029197
0.00512841
0.0027845
0.00507592
0.00260587
0.00503037
0.00239278
0.00499125
0.00216508
0.00495805
0.00194039
0.00492994
0.00172261
0.00490581
0.00151863
0.00488502
0.00134256
0.00486699
0.00118615
0.00485074
0.00104528
0.00483591
0.000933499
0.00482257
0.000843518
0.00481006
0.000756935
0.00479783
0.000686404
0.00478643
0.00064181
0.00477601
0.000597807
0.00476557
0.000545188
0.00475489
0.000513188
0.00474509
0.000504621
0.00473638
0.000482191
0.0047273
0.000439065
0.00471722
0.000419545
0.00470759
0.000435706
0.00469967
0.000444613
0.00469242
0.000403101
0.00468364
0.00035767
0.00467319
0.000348995
0.00466284
0.000410357
0.00465525
0.000431855
0.00464925
0.000424093
0.00464418
0.00029565
0.00463474
0.000222926
0.00462396
0.000127277
0.00460759
0.00014614
0.000188524
0.00566362
-0.00293335
0.00571411
-0.00264653
0.00575067
-0.00229768
0.00578131
-0.00199553
0.00580188
-0.00165115
0.00581674
-0.00134313
0.00582278
-0.00100111
0.00582326
-0.000687755
0.00581587
-0.000349165
0.00580297
-3.4096e-05
0.00578287
0.000299038
0.00575738
0.000610004
0.00572539
0.000929118
0.00568869
0.00122188
0.00564702
0.00150933
0.00560218
0.00176572
0.00555416
0.00201133
0.00550385
0.00223099
0.00544994
0.00244954
0.00539183
0.00265058
0.00532863
0.00283746
0.00526184
0.00297584
0.00519334
0.00305434
0.00512624
0.00305522
0.00506292
0.00298302
0.00500527
0.00284215
0.00495423
0.00265691
0.0049101
0.00243691
0.0048723
0.00220288
0.00484032
0.00197236
0.00481329
0.00174964
0.0047901
0.00154182
0.00477013
0.00136253
0.00475281
0.00120347
0.00473715
0.00106095
0.00472281
0.000947836
0.00470991
0.000856422
0.00469776
0.000769085
0.00468582
0.000698339
0.0046747
0.00065293
0.00466454
0.000607969
0.0046543
0.000555426
0.0046438
0.000523688
0.00463421
0.000514212
0.0046257
0.000490702
0.00461677
0.000447991
0.00460684
0.000429475
0.00459741
0.000445136
0.00458974
0.00045229
0.00458267
0.000410163
0.00457406
0.000366285
0.0045638
0.000359257
0.00455377
0.000420389
0.00454651
0.000439107
0.00454084
0.000429767
0.00453591
0.000300578
0.00452659
0.00023225
0.00451588
0.000137991
0.00449972
0.000162299
0.000201876
0.0055501
-0.00299127
0.00559878
-0.00269521
0.0056334
-0.00233229
0.00566235
-0.00202449
0.00568099
-0.00166978
0.00569392
-0.00135607
0.00569784
-0.00100503
0.00569624
-0.000686151
0.00568675
-0.000339677
0.00567197
-1.93092e-05
0.00565017
0.00032083
0.00562334
0.000636837
0.00559034
0.000962116
0.00555304
0.00125919
0.00551115
0.00155121
0.00546653
0.00181034
0.00541915
0.00205871
0.00536988
0.00228026
0.0053173
0.00250213
0.00526065
0.00270723
0.00519895
0.00289916
0.00513367
0.00304112
0.00506669
0.00312133
0.00500115
0.00312076
0.00493942
0.00304474
0.00488338
0.00289819
0.00483392
0.00270637
0.0047913
0.00247953
0.00475489
0.00223929
0.00472418
0.00200308
0.00469827
0.00177555
0.00467605
0.00156404
0.00465691
0.00138166
0.0046403
0.00122008
0.00462522
0.00107603
0.00461139
0.00096167
0.00459892
0.000868886
0.00458713
0.000780874
0.00457551
0.000709967
0.00456468
0.000663759
0.00455478
0.000617871
0.00454475
0.000565454
0.00453445
0.000533989
0.00452508
0.000523582
0.00451677
0.000499008
0.00450801
0.000456752
0.00449826
0.00043923
0.00448906
0.000454333
0.00448164
0.000459715
0.00447478
0.000417023
0.00446634
0.000374719
0.00445631
0.000369284
0.00444664
0.000430064
0.00443975
0.000445991
0.00443441
0.000435107
0.00442964
0.000305348
0.00442048
0.000241411
0.00440989
0.00014858
0.00439403
0.000178163
0.00021484
0.00543897
-0.00304756
0.0054857
-0.00274195
0.00551819
-0.00236478
0.00554514
-0.00205143
0.00556139
-0.00168604
0.00557184
-0.00136652
0.00557303
-0.00100621
0.00556873
-0.000681854
0.0055566
-0.000327549
0.00553948
-2.18446e-06
0.00551568
0.000344628
0.00548731
0.000665203
0.00545324
0.000996192
0.00541536
0.00129707
0.00537339
0.00159318
0.00532917
0.00185456
0.00528267
0.00210521
0.00523472
0.00232822
0.00518375
0.00255309
0.00512888
0.0027621
0.005069
0.00295904
0.00500554
0.00310459
0.00494037
0.0031865
0.00487665
0.00318447
0.00481676
0.00310464
0.00476251
0.00295244
0.00471478
0.00275409
0.00467379
0.00252053
0.00463886
0.00227422
0.00460947
0.00203246
0.00458472
0.00180029
0.00456349
0.00158527
0.00454521
0.00139995
0.00452932
0.00123596
0.00451485
0.0010905
0.00450153
0.000974988
0.00448952
0.000880901
0.0044781
0.000792289
0.00446679
0.000721273
0.00445627
0.000674283
0.00444664
0.000627501
0.00443684
0.000575259
0.00442675
0.00054407
0.00441762
0.000532714
0.00440953
0.000507095
0.00440095
0.000465332
0.0043914
0.000448781
0.00438247
0.000463269
0.00437531
0.000466868
0.00436867
0.000423665
0.00436045
0.000382944
0.0043507
0.000379034
0.00434142
0.000439341
0.00433493
0.000452483
0.00432994
0.000440099
0.00432534
0.000309945
0.00431639
0.000250364
0.00430598
0.000158988
0.0042905
0.000193646
0.00022735
0.00533013
-0.00310214
0.00537468
-0.00278649
0.0054047
-0.0023948
0.00542909
-0.00207582
0.00544229
-0.00169924
0.00544948
-0.0013737
0.00544715
-0.00100388
0.00543942
-0.000674131
0.00542405
-0.000312178
0.00540413
1.77346e-05
0.00537805
0.000370707
0.00534803
0.000695227
0.0053129
0.00103132
0.0052746
0.00133537
0.00523277
0.00163501
0.00518925
0.00189809
0.00514395
0.0021505
0.00509766
0.00237451
0.00504869
0.00260206
0.00499598
0.00281481
0.00493831
0.00301672
0.00487703
0.00316587
0.00481402
0.00324951
0.00475244
0.00324605
0.00469464
0.00316244
0.00464242
0.00300467
0.00459661
0.0027999
0.00455737
0.00255976
0.00452402
0.00230757
0.00449604
0.00206044
0.00447251
0.00182383
0.00445231
0.00160547
0.00443491
0.00141734
0.00441978
0.0012511
0.00440592
0.00110436
0.00439314
0.000987768
0.0043816
0.000892449
0.00437057
0.000803316
0.0043596
0.000732237
0.00434941
0.000684482
0.00434006
0.000636846
0.0043305
0.000584822
0.00432066
0.000553908
0.00431179
0.000541587
0.00430393
0.000514951
0.00429555
0.000473709
0.00428624
0.000458097
0.00427759
0.000471913
0.00427073
0.000473731
0.00426433
0.000430071
0.00425634
0.000390927
0.00424691
0.000388462
0.00423808
0.000448177
0.004232
0.000458556
0.00422738
0.000444726
0.00422297
0.000314348
0.00421428
0.000259063
0.00420411
0.000169158
0.00418909
0.000208666
0.000239344
0.00522341
-0.0031548
0.00526536
-0.00282844
0.00529234
-0.00242177
0.00531337
-0.00209686
0.00532257
-0.00170844
0.00532549
-0.00137662
0.0053187
-0.000997094
0.00530674
-0.00066217
0.00528752
-0.000292955
0.0052644
4.08489e-05
0.00523585
0.000399256
0.00520417
0.000726912
0.00516815
0.00106734
0.00512968
0.00137384
0.00508834
0.00167634
0.00504591
0.00194052
0.00500226
0.00219415
0.00495807
0.0024187
0.00491155
0.00264858
0.00486145
0.0028649
0.00480642
0.00307175
0.00474775
0.00322453
0.00468731
0.00330996
0.00462823
0.00330513
0.00457284
0.00321783
0.00452289
0.00305462
0.00447919
0.0028436
0.00444187
0.00259708
0.00441023
0.00233921
0.00438374
0.00208693
0.00436149
0.00184608
0.00434238
0.00162458
0.00432591
0.00143381
0.00431155
0.00126546
0.00429835
0.00111756
0.00428614
0.000999981
0.00427508
0.000903506
0.00426446
0.000813931
0.00425387
0.000742831
0.00424402
0.000694332
0.00423498
0.000645887
0.00422568
0.000594121
0.00421611
0.000563474
0.00420752
0.000550176
0.00419992
0.000522556
0.00419177
0.000481859
0.00418272
0.000467143
0.0041744
0.000480232
0.00416785
0.00048028
0.00416171
0.000436218
0.004154
0.000398634
0.00414494
0.000397523
0.00413658
0.000456533
0.00413095
0.000464185
0.00412671
0.000448969
0.00412252
0.000318535
0.00411412
0.000267463
0.00410424
0.000179037
0.00408976
0.000223147
0.000250766
0.00511847
-0.00320517
0.00515718
-0.00286715
0.00518025
-0.00244485
0.0051968
-0.00211341
0.00520078
-0.00171241
0.00519823
-0.00137407
0.00518594
-0.000984805
0.00516892
-0.000645151
0.0051453
-0.000269341
0.00511871
6.74414e-05
0.00508766
0.000430309
0.00505446
0.000760106
0.00501785
0.00110395
0.00497963
0.00141206
0.00493927
0.0017167
0.00489844
0.00198135
0.00485694
0.00223565
0.00481538
0.00246026
0.00477182
0.00269214
0.00472484
0.00291188
0.00467296
0.00312363
0.00461738
0.00328011
0.00455994
0.0033674
0.00450375
0.00336131
0.0044511
0.00327048
0.00440371
0.00310201
0.00436236
0.00288495
0.00432713
0.00263231
0.00429733
0.00236901
0.00427244
0.00211182
0.00425155
0.00186697
0.00423359
0.00164254
0.0042181
0.0014493
0.00420456
0.001279
0.00419204
0.00113008
0.00418043
0.00101159
0.0041699
0.000914043
0.00415972
0.000824107
0.00414953
0.000753026
0.00414005
0.000703805
0.00413134
0.000654601
0.00412233
0.00060313
0.00411307
0.000572736
0.00410479
0.000558455
0.00409746
0.000529888
0.00408956
0.000489754
0.00408082
0.000475882
0.00407286
0.00048819
0.00406665
0.00048649
0.00406079
0.000442083
0.00405339
0.00040603
0.00404475
0.000406171
0.00403691
0.000464365
0.00403176
0.000469343
0.00402792
0.00045281
0.00402397
0.000322484
0.00401591
0.000275519
0.00400638
0.000188571
0.0039925
0.000237018
0.000261565
0.00501481
-0.00325256
0.00504929
-0.00290163
0.00506723
-0.00246279
0.00507783
-0.00212401
0.00507512
-0.0017097
0.00506575
-0.0013647
0.00504691
-0.00096597
0.00502411
-0.000622347
0.00499572
-0.000240958
0.00496556
9.76044e-05
0.00493217
0.000463703
0.0048978
0.000794469
0.00486108
0.00114067
0.00482366
0.00144949
0.00478487
0.0017555
0.00474624
0.00201998
0.0047075
0.00227438
0.00466915
0.00249861
0.00462912
0.00273217
0.00458581
0.00295519
0.00453761
0.00317183
0.00448564
0.00333208
0.00443167
0.00342137
0.0043788
0.00341419
0.00432926
0.00332002
0.00428473
0.00314654
0.00424596
0.00292372
0.00421302
0.00266525
0.00418521
0.00239683
0.00416203
0.002135
0.00414258
0.00188641
0.00412584
0.00165929
0.00411139
0.00146375
0.00409872
0.00129167
0.00408694
0.00114186
0.00407597
0.00102256
0.00406599
0.000924025
0.00405629
0.00083381
0.00404653
0.000762785
0.00403746
0.000712869
0.0040291
0.000662961
0.00402042
0.000611818
0.00401149
0.00058166
0.00400355
0.000566392
0.00399652
0.000536921
0.00398891
0.000497363
0.00398052
0.000484274
0.00397296
0.000495752
0.00396712
0.000492333
0.00396156
0.000447637
0.00395452
0.000413076
0.00394632
0.000414363
0.00393905
0.000471636
0.00393439
0.000474003
0.00393098
0.000456226
0.00392729
0.00032617
0.00391962
0.000283189
0.00391048
0.000197712
0.00389728
0.000250216
0.000271697
0.00491164
-0.00329594
0.00494054
-0.00293053
0.00495172
-0.00247396
0.00495455
-0.00212685
0.00494349
-0.00169863
0.00492594
-0.00134715
0.00489963
-0.00093966
0.00487052
-0.000593233
0.00483724
-0.000207674
0.00480366
0.000131178
0.00476833
0.000499041
0.00473333
0.00082946
0.00469715
0.00117686
0.00466121
0.00148543
0.00462468
0.00179202
0.00458894
0.00205572
0.00455362
0.00230971
0.0045191
0.00253313
0.0044832
0.00276807
0.00444414
0.00299425
0.00440018
0.00321579
0.00435234
0.00337992
0.00430234
0.00347137
0.00425322
0.00346331
0.00420716
0.00336608
0.0041658
0.0031879
0.00412988
0.00295964
0.00409942
0.0026957
0.00407376
0.00242249
0.00405241
0.00215634
0.00403452
0.00190431
0.00401908
0.00167472
0.00400573
0.0014771
0.00399398
0.00130342
0.00398298
0.00115285
0.00397271
0.00103284
0.00396332
0.000933413
0.00395413
0.000843002
0.00394484
0.00077207
0.00393622
0.000721491
0.00392824
0.000670937
0.00391991
0.000620153
0.00391136
0.000590209
0.0039038
0.000573956
0.00389709
0.000543627
0.0038898
0.000504651
0.0038818
0.000492277
0.00387467
0.000502879
0.00386922
0.00049778
0.00386401
0.00045285
0.00385735
0.000419735
0.00384966
0.000422053
0.00384299
0.000478309
0.00383885
0.000478142
0.00383588
0.000459199
0.00383248
0.000329566
0.00382524
0.00029043
0.00381654
0.000206414
0.00380407
0.000262683
0.000281122
0.00480789
-0.00333379
0.00482936
-0.00295201
0.00483172
-0.00247632
0.00482474
-0.00211987
0.00480364
-0.00167753
0.00477669
-0.0013202
0.00474224
-0.000905209
0.00470661
-0.000557604
0.00466862
-0.000169684
0.00463209
0.000167709
0.00459545
0.00053568
0.00456057
0.000864344
0.00452571
0.00121172
0.00449203
0.00151911
0.00445854
0.0018255
0.00442641
0.00208786
0.00439518
0.00234094
0.00436512
0.00256319
0.00433396
0.00279923
0.00429972
0.00302849
0.00426056
0.00325496
0.00421737
0.0034231
0.00417183
0.00351691
0.0041269
0.00350824
0.00408471
0.00340827
0.00404685
0.00322577
0.00401402
0.00299246
0.00398626
0.00272346
0.00396291
0.00244584
0.00394353
0.00217572
0.00392728
0.00192056
0.00391323
0.00168877
0.00390106
0.00148927
0.0038903
0.00131418
0.00388014
0.00116301
0.0038706
0.00104238
0.00386185
0.000942164
0.00385321
0.000851645
0.00384444
0.000780841
0.0038363
0.000729632
0.00382874
0.000678496
0.00382079
0.000628097
0.00381266
0.000598344
0.0038055
0.000581111
0.00379915
0.000549974
0.00379222
0.00051158
0.00378465
0.000499851
0.003778
0.000509534
0.00377298
0.000502801
0.00376813
0.000457693
0.0037619
0.000425966
0.00375475
0.000429199
0.00374872
0.000484348
0.00374512
0.000481735
0.00374261
0.000461707
0.00373953
0.000332649
0.00373276
0.000297205
0.00372454
0.000214635
0.00371285
0.000274369
0.000289809
0.00470211
-0.00336401
0.00471382
-0.00296371
0.00470496
-0.00246747
0.004686
-0.00210092
0.00465331
-0.00164484
0.00461606
-0.00128296
0.00457321
-0.000862359
0.00453128
-0.000515668
0.00448914
-0.000127549
0.0044504
0.000206447
0.00441333
0.000572751
0.00437945
0.000898229
0.0043468
0.00124437
0.00431623
0.00154968
0.00428658
0.00185516
0.00425878
0.00211566
0.00423231
0.0023674
0.00420733
0.00258816
0.00418147
0.00282509
0.00415261
0.00305735
0.00411877
0.00328879
0.00408075
0.00346112
0.00404014
0.00355752
0.00399983
0.00354855
0.00396188
0.00344622
0.00392782
0.00325983
0.00389836
0.00302193
0.0038735
0.00274832
0.00385263
0.00246671
0.00383535
0.00219299
0.00382086
0.00193505
0.00380829
0.00170135
0.00379737
0.00150019
0.00378765
0.0013239
0.00377839
0.00117227
0.00376964
0.00105113
0.00376157
0.000950234
0.00375352
0.000859694
0.00374531
0.000789055
0.00373768
0.000737257
0.00373058
0.000685603
0.00372306
0.000635614
0.00371538
0.000606026
0.00370867
0.000587824
0.00370271
0.000555928
0.00369618
0.000518113
0.00368908
0.000506953
0.00368293
0.000515679
0.00367837
0.000507365
0.00367393
0.000462132
0.00366816
0.000431732
0.0036616
0.000435763
0.00365623
0.000489722
0.0036532
0.000484761
0.00365118
0.000463732
0.00364843
0.000335392
0.00364216
0.000303477
0.00363446
0.000222337
0.0036236
0.000285231
0.000297729
0.00459248
-0.00338377
0.00459158
-0.00296281
0.00456889
-0.00244478
0.00453592
-0.00206795
0.00449048
-0.0015994
0.00444254
-0.00123501
0.00439155
-0.000811376
0.00434398
-0.000468096
0.00429864
-8.22034e-05
0.00425871
0.000246368
0.00422226
0.000609207
0.00419037
0.000930118
0.00416087
0.00127387
0.00413426
0.00157629
0.00410921
0.00188021
0.00408643
0.00213844
0.00406535
0.00238849
0.00404601
0.0026075
0.00402598
0.00284512
0.00400298
0.00308035
0.00397496
0.00331682
0.00394257
0.00349351
0.00390733
0.00359275
0.00387205
0.00358384
0.00383869
0.00347958
0.00380874
0.00328978
0.00378288
0.00304779
0.00376112
0.00277008
0.0037429
0.00248493
0.00372786
0.00220804
0.00371524
0.00194768
0.00370424
0.00171234
0.00369465
0.00150978
0.00368604
0.0013325
0.00367773
0.00118058
0.00366983
0.00105904
0.00366248
0.000957579
0.00365507
0.000867109
0.00364745
0.000796669
0.00364038
0.000744326
0.00363376
0.000692223
0.00362671
0.000642662
0.00361953
0.000613212
0.0036133
0.000594057
0.00360777
0.000561456
0.00360167
0.000524209
0.00359509
0.000513539
0.00358949
0.000521278
0.00358541
0.000511441
0.00358141
0.000466135
0.00357614
0.000436996
0.0035702
0.000441707
0.00356552
0.000494402
0.00356308
0.000487199
0.00356156
0.000465255
0.00355918
0.000337773
0.00355344
0.000309214
0.00354629
0.000229488
0.00353629
0.000295233
0.000304865
0.00447675
-0.00338947
0.00446005
-0.00294611
0.00442098
-0.00240571
0.00437235
-0.00201932
0.00431361
-0.00154065
0.00425523
-0.00117663
0.00419697
-0.000753118
0.0041449
-0.000416027
0.00409761
-3.49112e-05
0.00405774
0.00028624
0.00402305
0.000643891
0.00399419
0.000958979
0.00396876
0.0012993
0.00394691
0.00159813
0.00392717
0.00189996
0.00391002
0.00215558
0.00389486
0.00240365
0.00388164
0.00262073
0.00386789
0.00285887
0.00385118
0.00309706
0.00382939
0.00333862
0.00380303
0.00351987
0.00377356
0.00362222
0.00374365
0.00361374
0.00371521
0.00350802
0.00368965
0.00331534
0.00366763
0.0030698
0.00364917
0.00278854
0.00363376
0.00250035
0.00362108
0.00222071
0.00361043
0.00195833
0.00360109
0.00172168
0.0035929
0.00151797
0.00358547
0.00133993
0.00357818
0.00118788
0.00357116
0.00106606
0.00356458
0.000964156
0.00355785
0.000873845
0.00355087
0.000803643
0.0035444
0.000750801
0.0035383
0.000698319
0.00353176
0.000649201
0.00352511
0.000619862
0.0035194
0.000599772
0.00351433
0.00056652
0.00350871
0.000529828
0.00350268
0.000519569
0.00349767
0.000526294
0.00349411
0.000514999
0.00349057
0.000469671
0.00348585
0.000441722
0.00348056
0.000446997
0.00347659
0.000498365
0.00347476
0.000489032
0.00347376
0.00046626
0.00347176
0.000339769
0.00346659
0.000314387
0.00346002
0.000236058
0.0034509
0.000304348
0.0003112
0.00435237
-0.00337674
0.00431654
-0.00291028
0.00425886
-0.00234803
0.00419367
-0.00195412
0.00412188
-0.00146886
0.00405408
-0.00110883
0.00398998
-0.000689025
0.00393496
-0.000361004
0.00388723
1.28208e-05
0.00384875
0.000324716
0.00381702
0.000675622
0.00379218
0.00098382
0.00377166
0.00131982
0.00375527
0.00161453
0.00374142
0.00191381
0.00373041
0.00216659
0.0037216
0.00241245
0.00371488
0.00262745
0.00370775
0.002866
0.00369766
0.00310715
0.00368242
0.00335386
0.00366242
0.00353987
0.00363905
0.00364559
0.00361483
0.00363796
0.00359159
0.00353126
0.00357066
0.00333627
0.0035527
0.00308776
0.00353771
0.00280353
0.00352525
0.00251281
0.00351506
0.0022309
0.00350649
0.0019669
0.00349889
0.00172927
0.00349218
0.00152468
0.00348598
0.00134612
0.00347975
0.00119411
0.00347367
0.00107214
0.0034679
0.000969922
0.00346189
0.000879863
0.0034556
0.000809933
0.00344975
0.000756645
0.00344422
0.000703853
0.00343823
0.000655192
0.00343215
0.000625935
0.00342699
0.000604934
0.00342243
0.000571085
0.00341733
0.00053493
0.00341189
0.000525003
0.00340749
0.000530695
0.00340448
0.000518011
0.00340144
0.00047271
0.00339729
0.000445876
0.00339268
0.000451605
0.00338945
0.000501588
0.00338824
0.000490246
0.00338777
0.000466733
0.00338618
0.00034136
0.00338159
0.000318973
0.00337562
0.000242024
0.00336742
0.000312555
0.000316727
0.00421651
-0.00334062
0.00415846
-0.00285223
0.00408073
-0.00227031
0.00399902
-0.00187241
0.0039154
-0.00138524
0.00383992
-0.00103336
0.00377194
-0.000621043
0.0037158
-0.000304861
0.00366926
5.9363e-05
0.00363353
0.000360437
0.00360587
0.000703289
0.00358593
0.00100376
0.00357102
0.00133473
0.00356064
0.00162491
0.00355314
0.00192131
0.00354862
0.00217111
0.00354647
0.0024146
0.00354649
0.00262743
0.00354621
0.00286628
0.00354297
0.00311039
0.00353451
0.00336232
0.00352112
0.00355325
0.0035041
0.00366262
0.00348583
0.00365623
0.00346801
0.00354908
0.00345193
0.00335235
0.00343821
0.00310148
0.00342686
0.00281488
0.00341748
0.00252218
0.00340989
0.0022385
0.00340347
0.00197331
0.0033977
0.00173504
0.00339252
0.00152986
0.00338761
0.00135103
0.00338249
0.00119923
0.00337739
0.00107724
0.00337247
0.000974841
0.00336721
0.000885122
0.00336164
0.000815502
0.00335647
0.000761821
0.00335153
0.000708788
0.00334613
0.000660592
0.00334067
0.000631391
0.0033361
0.000609506
0.00333207
0.000575114
0.00332753
0.000539475
0.00332273
0.000529804
0.00331897
0.00053445
0.00331653
0.000520449
0.00331402
0.000475221
0.00331047
0.00044943
0.00330657
0.000455504
0.0033041
0.000504057
0.00330352
0.000490829
0.00330359
0.000466662
0.00330242
0.000342528
0.00329844
0.000322952
0.0032931
0.000247367
0.00328582
0.00031984
0.000321442
0.00406631
-0.00327586
0.00398368
-0.0027696
0.00388556
-0.00217219
0.00378858
-0.00177542
0.00369528
-0.00129194
0.00361453
-0.000952608
0.00354495
-0.000551467
0.00348966
-0.000249569
0.00344592
0.000103097
0.00341421
0.000392145
0.00339158
0.000725928
0.00337725
0.00101808
0.00336848
0.0013435
0.0033645
0.00162889
0.00336362
0.00192219
0.0033658
0.00216892
0.00337046
0.00240994
0.00337736
0.00262053
0.00338404
0.0028596
0.00338775
0.00310668
0.00338621
0.00336386
0.00337958
0.00355988
0.00336907
0.00367313
0.00335692
0.00366837
0.00334473
0.00356127
0.00333366
0.00336342
0.00332433
0.00311082
0.00331674
0.00282248
0.00331056
0.00252836
0.00330565
0.00224341
0.00330148
0.00197748
0.00329759
0.00173893
0.003294
0.00153346
0.00329042
0.00135462
0.00328644
0.0012032
0.00328236
0.00108132
0.00327832
0.000978878
0.00327386
0.000889588
0.00326904
0.000820313
0.00326457
0.000766294
0.00326027
0.000713088
0.0032555
0.000665363
0.0032507
0.000636191
0.00324675
0.000613453
0.00324329
0.000578572
0.00323934
0.000543427
0.00323521
0.000533936
0.00323213
0.000537529
0.00323029
0.000522288
0.00322834
0.000477179
0.00322541
0.000452357
0.00322224
0.000458675
0.00322054
0.000505759
0.00322059
0.000490773
0.00322122
0.000466037
0.00322049
0.000343258
0.00321713
0.000326307
0.00321243
0.000252074
0.00320607
0.000326196
0.000325349
0.00389915
-0.00317746
0.00379083
-0.00266127
0.00367341
-0.00205477
0.00356362
-0.00166564
0.00346364
-0.00119196
0.00338046
-0.000869422
0.00331173
-0.000482742
0.00325922
-0.00019706
0.00321977
0.000142546
0.00319315
0.000418772
0.00317629
0.000742784
0.00316809
0.00102628
0.00316578
0.00134581
0.00316838
0.00162629
0.00317424
0.00191633
0.00318317
0.00215999
0.00319466
0.00239846
0.00320842
0.00260676
0.00322205
0.00284597
0.00323271
0.00309602
0.0032381
0.00335847
0.00323829
0.0035597
0.00323438
0.00367703
0.00322847
0.00367429
0.00322201
0.00356773
0.00321609
0.00336934
0.00321126
0.00311565
0.00320753
0.00282621
0.00320463
0.00253125
0.00320248
0.00224556
0.00320061
0.00197936
0.00319865
0.00174089
0.00319668
0.00153543
0.00319446
0.00135684
0.00319167
0.00120599
0.00318863
0.00108436
0.0031855
0.000982004
0.00318186
0.000893226
0.00317784
0.000824331
0.00317411
0.000770032
0.00317048
0.000716719
0.00316637
0.000669466
0.00316226
0.000640299
0.00315898
0.000616742
0.00315612
0.000581426
0.0031528
0.000546749
0.00314937
0.000537367
0.00314699
0.000539908
0.00314577
0.000523505
0.00314439
0.000478559
0.00314212
0.000454633
0.00313969
0.000461099
0.00313876
0.000506686
0.00313946
0.000490073
0.00314065
0.000464852
0.00314037
0.000343537
0.00313765
0.000329028
0.00313359
0.000256136
0.00312816
0.000331622
0.000328454
0.00371306
-0.00304145
0.00357959
-0.0025278
0.00344554
-0.00192072
0.00332657
-0.00154667
0.00322349
-0.00108889
0.0031409
-0.000786831
0.0030754
-0.000417243
0.00302741
-0.000149074
0.00299347
0.000176487
0.00297274
0.000439506
0.00296217
0.000753354
0.00296036
0.00102809
0.00296464
0.00134153
0.00297383
0.00161709
0.00298637
0.0019038
0.00300195
0.00214441
0.00302015
0.00238026
0.00304065
0.00258626
0.0030611
0.00282552
0.00307859
0.00307853
0.00309083
0.00334623
0.00309779
0.00355274
0.00310049
0.00367433
0.00310085
0.00367393
0.00310019
0.0035684
0.00309948
0.00337005
0.00309922
0.00311591
0.00309942
0.00282601
0.00309986
0.0025308
0.00310051
0.00224491
0.00310097
0.0019789
0.00310097
0.00174089
0.00310064
0.00153576
0.0030998
0.00135767
0.00309822
0.00120758
0.00309625
0.00108634
0.00309406
0.000984193
0.00309127
0.000896008
0.00308808
0.000827526
0.00308511
0.000773002
0.00308218
0.000719645
0.00307878
0.000672865
0.0030754
0.000643681
0.0030728
0.000619342
0.00307059
0.000583642
0.00306793
0.000549409
0.00306522
0.00054007
0.00306357
0.000541565
0.00306299
0.000524082
0.00306221
0.000479342
0.0030606
0.00045624
0.00305893
0.000462767
0.00305878
0.000506835
0.00306013
0.000488728
0.00306188
0.000463104
0.00306206
0.000343356
0.00305998
0.000331108
0.00305656
0.000259548
0.00305206
0.000336123
0.000330769
0.00350701
-0.00286556
0.00335092
-0.00237171
0.00320446
-0.00177426
0.00308078
-0.00142299
0.00297846
-0.000986563
0.00289939
-0.000707767
0.00283922
-0.000357076
0.00279718
-0.000107028
0.00276965
0.000204017
0.00275533
0.000453829
0.00275129
0.000757389
0.00275593
0.00102345
0.00276671
0.00133075
0.00278234
0.00160146
0.00280135
0.0018848
0.00282335
0.00212241
0.00284801
0.0023556
0.002875
0.00255926
0.00290203
0.00279849
0.00292614
0.00305442
0.00294505
0.00332732
0.00295865
0.00353915
0.00296788
0.00366509
0.00297448
0.00366733
0.00297961
0.00356327
0.00298413
0.00336554
0.00298847
0.00311157
0.00299262
0.00282186
0.00299643
0.00252699
0.00299989
0.00224145
0.00300269
0.0019761
0.00300466
0.00173892
0.00300598
0.00153444
0.00300653
0.00135712
0.00300617
0.00120795
0.00300528
0.00108723
0.00300404
0.000985426
0.00300214
0.000897908
0.0029998
0.000829868
0.00299763
0.000775177
0.00299544
0.000721836
0.00299278
0.000675526
0.00299015
0.000646304
0.00298827
0.000621224
0.00298672
0.000585193
0.00298475
0.000551379
0.0029828
0.000542021
0.00298188
0.000542484
0.00298196
0.000524003
0.00298179
0.000479509
0.00298087
0.000457164
0.00297997
0.000463671
0.00298059
0.000506209
0.00298258
0.00048674
0.00298489
0.000460792
0.00298554
0.000342709
0.0029841
0.000332544
0.00298134
0.000262311
0.00297775
0.000339712
0.000332311
0.00328122
-0.00264983
0.00310716
-0.00219765
0.00295382
-0.00162092
0.00283035
-0.00129952
0.00273251
-0.00088873
0.00265955
-0.000634808
0.00260639
-0.000303915
0.0025713
-7.19345e-05
0.00255073
0.000224587
0.00254304
0.000461515
0.00254554
0.00075489
0.00255648
0.00101251
0.00257352
0.00131372
0.00259528
0.0015797
0.00262042
0.00185966
0.00264849
0.00209434
0.00267927
0.00232482
0.00271242
0.00252611
0.0027457
0.00276521
0.00277612
0.003024
0.00280143
0.003302
0.00282145
0.00351913
0.00283707
0.00364948
0.0028498
0.00365459
0.00286066
0.0035524
0.00287036
0.00335584
0.00287928
0.00310265
0.00288736
0.00281377
0.00289452
0.00251984
0.00290078
0.0022352
0.0029059
0.00197097
0.00290982
0.00173501
0.00291278
0.00153148
0.00291472
0.00135518
0.00291557
0.00120709
0.00291578
0.00108702
0.00291552
0.000985686
0.00291452
0.000898902
0.00291306
0.000831333
0.0029117
0.000776531
0.00291028
0.000723262
0.00290839
0.000677417
0.00290655
0.000648141
0.00290541
0.000622363
0.00290455
0.000586052
0.0029033
0.000552632
0.00290212
0.0005432
0.00290195
0.00054265
0.0029027
0.000523254
0.00290316
0.000479047
0.00290293
0.000457394
0.00290279
0.000463809
0.00290419
0.000504812
0.00290682
0.000484113
0.00290969
0.000457919
0.00291081
0.000341592
0.00291001
0.00033334
0.00290789
0.000264429
0.0029052
0.000342404
0.000333098
0.00303744
-0.00239707
0.00285195
-0.00201216
0.00269811
-0.00146708
0.00257972
-0.00118113
0.00248964
-0.000798655
0.00242481
-0.00056997
0.00237981
-0.000258917
0.00235225
-4.43749e-05
0.00233884
0.000237997
0.00233774
0.000462612
0.00234656
0.00074607
0.00236348
0.000995595
0.00238639
0.00129081
0.00241387
0.00155222
0.0024447
0.00182882
0.00247841
0.00206063
0.00251489
0.00228835
0.00255377
0.00248722
0.0025929
0.00272608
0.00262925
0.00298765
0.00266063
0.00327062
0.0026868
0.00349296
0.00270856
0.00362772
0.00272726
0.0036359
0.00274372
0.00353594
0.00275852
0.00334105
0.00277192
0.00308925
0.00278388
0.00280182
0.00279431
0.0025094
0.00280331
0.0022262
0.00281072
0.00196356
0.00281655
0.00172917
0.00282112
0.00152691
0.00282443
0.00135186
0.00282651
0.00120502
0.0028278
0.00108572
0.00282853
0.000984962
0.00282846
0.000898971
0.00282789
0.000831898
0.00282738
0.00077704
0.00282675
0.000723897
0.00282566
0.000678511
0.00282463
0.000649167
0.00282426
0.000622738
0.00282411
0.000586196
0.0028236
0.000553147
0.0028232
0.000543593
0.0028238
0.000542054
0.00282522
0.000521829
0.00282632
0.000477947
0.00282679
0.000456926
0.00282742
0.000463184
0.00282957
0.000502655
0.00283283
0.000480857
0.00283626
0.00045449
0.00283784
0.000340007
0.00283768
0.0003335
0.0028362
0.000265911
0.00283439
0.000344219
0.000333154
0.00277879
-0.00211386
0.00259003
-0.00182341
0.0024423
-0.00131935
0.00233332
-0.00107215
0.00225353
-0.000718862
0.00219816
-0.000514602
0.00216194
-0.000222697
0.00214209
-2.45206e-05
0.00213573
0.000244353
0.00214095
0.000457392
0.00215571
0.000731311
0.00217816
0.000973139
0.00220646
0.00126251
0.00223916
0.00151952
0.0022752
0.00179278
0.00231405
0.00202178
0.00235574
0.00224666
0.00239989
0.00244307
0.0024444
0.00268157
0.00248625
0.00294581
0.00252331
0.00323356
0.00255528
0.00346098
0.00258291
0.00360008
0.00260734
0.00361147
0.00262921
0.00351407
0.00264893
0.00332133
0.00266669
0.00307149
0.00268239
0.00278612
0.002696
0.00249579
0.00270765
0.00221455
0.00271726
0.00195395
0.00272495
0.00172149
0.00273109
0.00152077
0.00273575
0.0013472
0.00273903
0.00120174
0.00274142
0.00108333
0.00274314
0.000983246
0.00274401
0.000898099
0.00274436
0.000831546
0.00274472
0.000776683
0.0027449
0.000723716
0.00274463
0.000678782
0.00274443
0.000649361
0.00274484
0.000622329
0.00274543
0.000585607
0.00274567
0.000552908
0.00274607
0.000543189
0.00274743
0.000540693
0.00274954
0.000519723
0.00275128
0.000476203
0.00275245
0.000455758
0.00275383
0.000461805
0.00275674
0.000499751
0.00276061
0.000476983
0.00276458
0.000450515
0.00276664
0.000337956
0.0027671
0.000333034
0.00276624
0.000266769
0.00276528
0.000345184
0.000332505
0.00250974
-0.00180942
0.00232686
-0.00164054
0.00219142
-0.0011839
0.0020952
-0.000975929
0.00202731
-0.000650973
0.00198207
-0.000469359
0.00195474
-0.000195365
0.00194241
-1.21918e-05
0.00194275
0.000244012
0.00195384
0.0004463
0.00197404
0.000711114
0.0020015
0.000945671
0.00203466
0.00122936
0.00207204
0.00148214
0.00211274
0.00175208
0.00215621
0.0019783
0.00220259
0.00220029
0.0022515
0.00239417
0.0023009
0.00263217
0.00234778
0.00289893
0.00239009
0.00319125
0.00242748
0.00342358
0.00246064
0.00356692
0.00249049
0.00358162
0.00251751
0.00348705
0.00254193
0.00329691
0.00256384
0.00304958
0.00258311
0.00276685
0.00259974
0.00247915
0.00261392
0.00220038
0.00262563
0.00194224
0.0026351
0.00171202
0.00264275
0.00151312
0.00264873
0.00134122
0.0026532
0.00119728
0.00265668
0.00107985
0.00265939
0.000980531
0.00266122
0.000896272
0.00266251
0.000830258
0.00266375
0.000775444
0.00266476
0.000722699
0.00266534
0.000678211
0.00266599
0.000648708
0.00266719
0.000621124
0.00266853
0.00058427
0.00266954
0.000551902
0.00267074
0.000541983
0.00267287
0.000538566
0.00267566
0.000516934
0.00267805
0.000473815
0.00267991
0.000453895
0.00268203
0.000459681
0.00268567
0.000496117
0.00269014
0.000472506
0.00269465
0.000446005
0.00269716
0.000335444
0.00269824
0.000331956
0.00269799
0.000267017
0.00269785
0.000345326
0.000331178
0.00223646
-0.00149329
0.00206822
-0.0014723
0.00195008
-0.00106576
0.00186875
-0.000894595
0.00181345
-0.000595681
0.00177836
-0.000434268
0.0017596
-0.000176604
0.00175435
-6.93876e-06
0.00176085
0.000237514
0.00177726
0.000429893
0.00180232
0.00068605
0.00183424
0.00091375
0.00187169
0.00119191
0.00191321
0.00144063
0.00195804
0.00170725
0.0020056
0.00193074
0.00205614
0.00214975
0.00210926
0.00234104
0.00216304
0.00257839
0.00221447
0.00284749
0.00226158
0.00314415
0.00230398
0.00338118
0.00234228
0.00352863
0.0023772
0.00354671
0.00240903
0.00345522
0.00243784
0.00326809
0.00246363
0.00302379
0.00248624
0.00274425
0.0025057
0.00245969
0.00252223
0.00218384
0.00253593
0.00192854
0.00254708
0.00170087
0.00255619
0.00150401
0.00256344
0.00133397
0.00256907
0.00119164
0.00257364
0.00107528
0.00257735
0.000976815
0.00258014
0.00089348
0.00258238
0.000828024
0.00258452
0.000773307
0.00258639
0.000720829
0.00258782
0.000676781
0.00258933
0.000647195
0.00259134
0.000619112
0.00259344
0.000582176
0.00259521
0.000550123
0.00259722
0.000539976
0.00260011
0.000535677
0.00260358
0.000513467
0.00260661
0.000470785
0.00260916
0.000451344
0.00261201
0.000456828
0.00261635
0.000491776
0.00262141
0.000467445
0.00262644
0.000440974
0.00262941
0.000332482
0.00263108
0.000330282
0.00263142
0.000266674
0.00263207
0.000344678
0.000329204
0.00196598
-0.00118618
0.00181972
-0.00132604
0.00172217
-0.000968206
0.00165652
-0.000828943
0.00161367
-0.000552837
0.00158826
-0.000408851
0.00157744
-0.000165791
0.00157861
-8.10847e-06
0.00159062
0.000225505
0.00161173
0.000408784
0.00164107
0.00065671
0.00167688
0.000877937
0.00171809
0.0011507
0.00176322
0.0013955
0.00181165
0.00165882
0.00186277
0.00187962
0.00191694
0.00209558
0.00197377
0.00228422
0.00203141
0.00252074
0.00208691
0.00279199
0.00213837
0.00309269
0.00218534
0.0033342
0.00222834
0.00348563
0.0022679
0.00350715
0.00230413
0.00341898
0.00233696
0.00323526
0.0023663
0.00299445
0.00239195
0.0027186
0.002414
0.00243764
0.0024327
0.00216514
0.00244823
0.00191301
0.00246096
0.00168813
0.00247145
0.00149353
0.00247993
0.00132549
0.00248671
0.00118486
0.00249235
0.00106965
0.00249706
0.000972098
0.00250083
0.000889716
0.00250402
0.000824832
0.00250706
0.000770263
0.0025098
0.000718093
0.0025121
0.000674481
0.00251448
0.000644815
0.0025173
0.000616288
0.00252016
0.000579318
0.00252272
0.000547569
0.00252552
0.000537172
0.00252916
0.000532036
0.0025333
0.00050933
0.00253697
0.000467119
0.00254019
0.000448116
0.00254375
0.000453267
0.00254878
0.00048675
0.00255441
0.000461818
0.00255994
0.000435438
0.00256335
0.000329079
0.0025656
0.00032803
0.00256651
0.000265761
0.00256792
0.000343272
0.000326615
0.00170202
-0.00092986
0.00158627
-0.00121028
0.00151067
-0.000892609
0.00146007
-0.00077834
0.00142904
-0.000521808
0.00141231
-0.000392123
0.00140876
-0.000162241
0.00141545
-1.47997e-05
0.00143237
0.000208579
0.00145751
0.000383652
0.00149058
0.000623634
0.00152973
0.000838789
0.00157423
0.00110621
0.00162247
0.00134726
0.00167403
0.00160725
0.00172821
0.00182544
0.00178551
0.00203828
0.0018455
0.00222423
0.00190652
0.00245972
0.00196565
0.00273287
0.00202102
0.00303731
0.00207211
0.00328312
0.00211933
0.00343841
0.00216302
0.00346346
0.00220317
0.00337884
0.00223955
0.00319888
0.00227203
0.00296198
0.00230038
0.00269025
0.00232474
0.00241328
0.00234539
0.00214448
0.0023626
0.00189581
0.0023768
0.00167393
0.00238859
0.00148174
0.00239825
0.00131582
0.00240616
0.00117696
0.00241285
0.00106295
0.00241857
0.00096638
0.00242331
0.000884972
0.00242747
0.000820677
0.00243143
0.000766303
0.00243504
0.000714483
0.00243822
0.000671303
0.00244146
0.000641565
0.0024451
0.000612652
0.00244872
0.000575696
0.00245205
0.000544241
0.00245564
0.000533579
0.00246003
0.000527654
0.00246482
0.000504533
0.00246911
0.000462829
0.002473
0.000444228
0.00247725
0.000449018
0.00248293
0.000481066
0.0024891
0.000455648
0.00249512
0.000429417
0.00249895
0.000325251
0.00250176
0.000325222
0.00250322
0.000264301
0.00250535
0.000341146
0.000323444
0.000908508
-0.000886798
0.000858975
-0.00116075
0.000813952
-0.000847586
0.000781648
-0.000746036
0.000759511
-0.000499671
0.000745228
-0.00037784
0.000738252
-0.000155264
0.000737107
-1.36547e-05
0.000741591
0.000204095
0.000750725
0.000374518
0.000764288
0.000610071
0.000781368
0.000821709
0.000801918
0.00108566
0.000825557
0.00132362
0.000852483
0.00158033
0.00088256
0.00179536
0.000915836
0.00200501
0.000951024
0.00218904
0.000986261
0.00242448
0.00102022
0.00269891
0.00105343
0.00300411
0.00108717
0.00324938
0.00112239
0.00340319
0.00115904
0.00342681
0.00119622
0.00334166
0.00123273
0.00316237
0.00126751
0.00292719
0.00129971
0.00265805
0.00132891
0.00238408
0.00135503
0.00211836
0.00137814
0.0018727
0.00139851
0.00165356
0.00141661
0.00146365
0.00143274
0.00129969
0.00144722
0.00116248
0.00146054
0.00104963
0.00147298
0.000953943
0.00148459
0.00087336
0.0014957
0.000809568
0.00150666
0.000755343
0.0015174
0.000703737
0.00152786
0.000660844
0.00153842
0.000631009
0.00154937
0.000601699
0.00156045
0.00056462
0.00157139
0.0005333
0.00158259
0.000522374
0.00159453
0.000515712
0.00160702
0.000492051
0.00161932
0.000450523
0.00163146
0.000432087
0.00164399
0.000436494
0.00165779
0.000467262
0.00167222
0.000441214
0.00168687
0.000414777
0.00170014
0.000311973
0.00171296
0.000312403
0.00172503
0.000252229
0.00173794
0.000328244
0.000309568
0.000832612
-0.000864019
0.000792556
-0.00112069
0.000755857
-0.000810887
0.000729257
-0.000719435
0.000711543
-0.000481958
0.000700694
-0.000366991
0.000696675
-0.000151245
0.000698036
-1.50157e-05
0.000704837
0.000197294
0.000716126
0.000363229
0.000731836
0.000594361
0.000751028
0.000802517
0.000773748
0.00106294
0.000799555
0.00129782
0.000828683
0.0015512
0.000860951
0.00176309
0.000896442
0.00196952
0.000933847
0.00215163
0.000971371
0.00238696
0.0010077
0.00266258
0.00104334
0.00296846
0.00107949
0.00321323
0.00111701
0.00336567
0.00115574
0.00338809
0.00119473
0.00330266
0.00123276
0.00312433
0.00126878
0.00289117
0.00130195
0.00262488
0.0013319
0.00235413
0.00135859
0.00209167
0.00138212
0.00184918
0.0014028
0.00163287
0.00142113
0.00144532
0.00143742
0.0012834
0.00145202
0.00114788
0.00146543
0.00103622
0.00147792
0.000941461
0.00148955
0.000861729
0.00150066
0.000798461
0.00151158
0.000744418
0.00152226
0.000693062
0.00153263
0.000650472
0.00154308
0.000620554
0.0015539
0.000590884
0.0015648
0.000553719
0.00157555
0.00052255
0.00158656
0.000511362
0.00159828
0.000503992
0.00161049
0.000479843
0.00162248
0.000438531
0.0016343
0.000420263
0.00164651
0.000424283
0.00165999
0.000453787
0.00167403
0.000427178
0.00168822
0.000400582
0.00170098
0.000299211
0.00171332
0.000300066
0.00172487
0.000240676
0.00173733
0.000315786
0.000296205
0.000762366
-0.000861297
0.00072824
-0.00108656
0.000698794
-0.000781441
0.000677267
-0.000697908
0.000663482
-0.000468173
0.00065572
-0.000359228
0.000654307
-0.000149833
0.000657934
-1.86421e-05
0.00066684
0.000188388
0.000680106
0.000349963
0.000697792
0.000576675
0.000718973
0.000781336
0.000743755
0.00103815
0.000771661
0.00126991
0.000802939
0.00151992
0.000837365
0.00172866
0.000875039
0.00193184
0.00091465
0.00211202
0.000954475
0.00234713
0.00099323
0.00262382
0.00103141
0.00293028
0.00107007
0.00317457
0.00110998
0.00332576
0.00115088
0.00334719
0.00119176
0.00326178
0.00123138
0.00308471
0.0012687
0.00285386
0.0013029
0.00259068
0.00133366
0.00232337
0.00136097
0.00206435
0.00138498
0.00182517
0.00140604
0.00161182
0.00142465
0.0014267
0.00144117
0.00126689
0.00145595
0.00113309
0.00146951
0.00102267
0.00148209
0.000928878
0.00149379
0.000850027
0.00150495
0.000787305
0.00151588
0.000733482
0.00152653
0.000682412
0.00153686
0.000640142
0.00154726
0.000610158
0.00155798
0.000580166
0.00156874
0.000542958
0.00157933
0.000511954
0.00159019
0.00050051
0.00160172
0.000492462
0.00161368
0.000467878
0.00162539
0.000426823
0.00163693
0.000408727
0.00164885
0.00041236
0.00166202
0.000440616
0.00167568
0.000413515
0.00168946
0.00038681
0.00170173
0.000286941
0.0017136
0.000288188
0.00172466
0.000229617
0.0017367
0.00030375
0.000283336
0.000696351
-0.000875281
0.000666298
-0.00105651
0.000643127
-0.00075827
0.000625974
-0.000680755
0.000615617
-0.000457816
0.000610544
-0.000354155
0.000611411
-0.0001507
0.000617017
-2.42488e-05
0.000627777
0.000177628
0.000642798
0.000334943
0.000662263
0.00055721
0.000685259
0.000758341
0.000711958
0.00101145
0.000741848
0.00124002
0.000775184
0.00148658
0.000811706
0.00169214
0.00085152
0.00189203
0.000893308
0.00207023
0.000935433
0.00230501
0.000976647
0.00258261
0.00101742
0.00288951
0.0010587
0.00313329
0.00110111
0.00328334
0.00114428
0.00330402
0.00118715
0.00321891
0.00122845
0.00304341
0.00126715
0.00281516
0.00130246
0.00255536
0.00133411
0.00229173
0.00136213
0.00203634
0.00138668
0.00180061
0.00140819
0.00159031
0.00142716
0.00140773
0.00144396
0.00125008
0.00145899
0.00111806
0.00147275
0.00100891
0.00148549
0.000916139
0.00149731
0.000838199
0.00150857
0.000776049
0.00151957
0.000722485
0.00153024
0.000671741
0.00154057
0.000629811
0.00155095
0.00059978
0.00156161
0.000569508
0.00157227
0.000532297
0.00158275
0.000501475
0.00159347
0.000489782
0.00160485
0.00048109
0.0016166
0.000456125
0.00162805
0.00041537
0.00163933
0.00039745
0.00165099
0.000400698
0.00166388
0.000427723
0.0016772
0.000400199
0.00169058
0.000373434
0.00170238
0.000275138
0.00171382
0.000276745
0.00172441
0.000219031
0.00173604
0.000292113
0.00027094
0.000633791
-0.000902519
0.000606773
-0.00102949
0.000588973
-0.00074047
0.000575517
-0.000667299
0.0005681
-0.000450399
0.000565325
-0.00035138
0.000568145
-0.00015352
0.000575451
-3.15544e-05
0.000587815
0.000165263
0.000604363
0.000318394
0.000625402
0.000536171
0.000650029
0.000733713
0.000678485
0.000982999
0.000710223
0.00120828
0.000745512
0.0014513
0.000784047
0.00165361
0.00082594
0.00185014
0.000869862
0.00202631
0.000914265
0.00226061
0.000957951
0.00253892
0.00100137
0.00284609
0.00104534
0.00308933
0.00109035
0.00323833
0.00113589
0.00325848
0.00118085
0.00317395
0.00122394
0.00300033
0.00126411
0.00277498
0.00130063
0.00251884
0.00133325
0.00225911
0.00136204
0.00200755
0.00138723
0.00177542
0.00140925
0.00156829
0.00142865
0.00138833
0.00144581
0.00123292
0.00146114
0.00110272
0.00147516
0.000994899
0.00148811
0.000903185
0.00150012
0.000826189
0.00151153
0.00076464
0.00152264
0.000711378
0.00153338
0.000661001
0.00154375
0.000619433
0.00155416
0.000589378
0.0015648
0.000558869
0.00157539
0.0005217
0.00158579
0.000491078
0.00159643
0.000479145
0.00160767
0.000469844
0.00161924
0.000444554
0.00163047
0.00040414
0.00164152
0.000386404
0.00165295
0.000389269
0.00166559
0.000415083
0.00167858
0.000387206
0.00169158
0.000360431
0.00170294
0.000263779
0.00171398
0.000265713
0.00172411
0.000208895
0.00173537
0.000280856
0.000258997
0.000574508
-0.000939794
0.000549754
-0.00100474
0.000536461
-0.000727177
0.000526038
-0.000656876
0.00052108
-0.00044544
0.000520217
-0.000350517
0.000524668
-0.000157971
0.000533393
-4.02794e-05
0.000547111
0.000151546
0.000564961
0.000300544
0.000587366
0.000513766
0.000613436
0.000707643
0.000643482
0.000952953
0.000676926
0.00117484
0.000714049
0.00141417
0.000754502
0.00161315
0.000798396
0.00180624
0.00084439
0.00198032
0.000891034
0.00221396
0.00093719
0.00249277
0.000983301
0.00279998
0.00103003
0.0030426
0.00107773
0.00319064
0.00112574
0.00321047
0.00117289
0.0031268
0.00121785
0.00295537
0.00125959
0.00273324
0.0012974
0.00248104
0.00133107
0.00222544
0.00136072
0.0019779
0.00138661
0.00174953
0.00140921
0.00154568
0.00142911
0.00136844
0.0014467
0.00121534
0.00146241
0.00108701
0.00147675
0.000980559
0.00148997
0.000889957
0.00150222
0.000813942
0.00151383
0.000753027
0.0015251
0.000700112
0.00153596
0.000650145
0.00154642
0.000608964
0.00155689
0.000578911
0.00156755
0.00054821
0.00157812
0.000511128
0.00158847
0.000480727
0.00159905
0.000468566
0.0016102
0.000458693
0.00162162
0.000433135
0.00163266
0.000393106
0.0016435
0.000375561
0.00165472
0.000378047
0.00166713
0.000402671
0.00167983
0.000374513
0.00169248
0.000347777
0.00170342
0.00025284
0.00171407
0.000255068
0.00172377
0.000199186
0.00173467
0.000269955
0.000247488
0.000518374
-0.000983999
0.000495295
-0.000981662
0.000485692
-0.000717574
0.000477663
-0.000648847
0.00047469
-0.000442467
0.000475361
-0.000351189
0.000481127
-0.000163736
0.000490993
-5.0146e-05
0.000505813
0.000136726
0.000524737
0.000281621
0.000548297
0.000490206
0.000575619
0.000680321
0.000607082
0.00092149
0.00064208
0.00113984
0.000680907
0.00137535
0.000723171
0.00157089
0.000768973
0.00176044
0.000816961
0.00193233
0.000865792
0.00216513
0.000914404
0.00244415
0.00096323
0.00275115
0.00101278
0.00299305
0.00106325
0.00314017
0.00111383
0.00315989
0.00116326
0.00307737
0.00121018
0.00290845
0.00125358
0.00268984
0.00129276
0.00244186
0.00132756
0.00219063
0.00135815
0.00194732
0.00138482
0.00172286
0.00140809
0.00152241
0.00142856
0.00134797
0.00144664
0.00119726
0.00146279
0.00107086
0.00147751
0.000965832
0.00149108
0.000876395
0.00150362
0.000801401
0.00151549
0.000741156
0.00152696
0.000688637
0.00153798
0.000639127
0.00154859
0.000598359
0.00155916
0.000568336
0.00156988
0.000537492
0.00158046
0.000500545
0.0015908
0.000470386
0.00160136
0.000458012
0.00161245
0.000447605
0.00162374
0.000421839
0.00163461
0.000382238
0.00164528
0.000364893
0.00165632
0.000367007
0.00166853
0.000390462
0.00168095
0.000362095
0.00169327
0.000335448
0.00170382
0.000242298
0.0017141
0.000244789
0.0017234
0.000189884
0.00173396
0.00025939
0.000236393
0.000465243
-0.00103218
0.000443389
-0.000959807
0.000436711
-0.000710895
0.000430475
-0.000642611
0.000429037
-0.00044103
0.000430875
-0.000353027
0.000437647
-0.000170508
0.000448384
-6.08828e-05
0.00046406
0.00012105
0.000483831
0.00026185
0.000508335
0.000465702
0.000536714
0.000651942
0.000569416
0.000888788
0.00060581
0.00110345
0.000646202
0.00133495
0.000690153
0.00152694
0.000737755
0.00171284
0.000787643
0.00188244
0.000838593
0.00211418
0.000889632
0.00239311
0.000941189
0.00269959
0.000993617
0.00294062
0.00104693
0.00308685
0.00110016
0.00310666
0.00115197
0.00302556
0.00120094
0.00285948
0.00124608
0.0026447
0.00128671
0.00240122
0.00132273
0.0021546
0.00135433
0.00191572
0.00138187
0.00169533
0.00140588
0.0014984
0.00142699
0.00132686
0.00144564
0.00117861
0.0014623
0.0010542
0.00147748
0.000950654
0.00149143
0.000862438
0.00150433
0.000788507
0.00151651
0.000728973
0.00152824
0.000676903
0.00153947
0.000627897
0.00155026
0.000587573
0.00156098
0.000557613
0.0015718
0.000526678
0.00158243
0.000489913
0.00159279
0.000460021
0.00160335
0.00044745
0.00161441
0.000436552
0.00162561
0.000410635
0.00163634
0.000371509
0.00164686
0.000354373
0.00165774
0.000356124
0.00166977
0.000378433
0.00168194
0.00034993
0.00169396
0.000323422
0.00170413
0.000232129
0.00171407
0.000234853
0.00172299
0.000180965
0.00173324
0.000249142
0.000225694
0.000414981
-0.00108167
0.000393986
-0.000938812
0.000389525
-0.000706435
0.000384529
-0.000637614
0.000384202
-0.000440703
0.000386859
-0.000355684
0.000394343
-0.000177991
0.000405687
-7.22275e-05
0.000421979
0.000104758
0.000442376
0.000241453
0.000467617
0.000440461
0.000496858
0.0006227
0.000530618
0.000855028
0.000568242
0.00106582
0.00061005
0.00129315
0.000655556
0.00148143
0.000704836
0.00166356
0.000756515
0.00183076
0.000809501
0.00206119
0.000862925
0.00233969
0.000917214
0.0026453
0.000972559
0.00288527
0.00102878
0.00303063
0.00108474
0.0030507
0.001139
0.0029713
0.00119012
0.00280837
0.00123708
0.00259774
0.00127926
0.00235905
0.00131659
0.00211728
0.00134929
0.00188302
0.00137776
0.00166685
0.0014026
0.00147356
0.00142443
0.00130503
0.00144371
0.00115933
0.00146095
0.00103696
0.00147665
0.000934959
0.00149106
0.000848025
0.00150436
0.000775205
0.00151691
0.000716426
0.00152895
0.000664862
0.00154044
0.000616411
0.00155145
0.000576564
0.00156236
0.000546701
0.00157331
0.000515729
0.00158402
0.000479197
0.00159445
0.000449597
0.00160505
0.00043685
0.0016161
0.000425504
0.00162723
0.000399496
0.00163785
0.00036089
0.00164825
0.000343976
0.001659
0.000345373
0.00167087
0.000366561
0.00168281
0.000337995
0.00169456
0.000311674
0.00170437
0.000222311
0.00171399
0.000225237
0.00172254
0.00017241
0.0017325
0.000239189
0.00021537
0.000367459
-0.0011301
0.00034701
-0.000918363
0.000344114
-0.000703539
0.000339856
-0.000633356
0.000340247
-0.000441095
0.000343395
-0.000358832
0.000351312
-0.000185908
0.000363015
-8.393e-05
0.000379693
8.80796e-05
0.0004005
0.000220646
0.000426273
0.000414688
0.000456184
0.000592789
0.000490822
0.00082039
0.000529508
0.00102713
0.000572577
0.00125008
0.000619494
0.00143452
0.000670317
0.00161273
0.000723663
0.00177742
0.000778589
0.00200627
0.000834342
0.00228394
0.000891355
0.00258829
0.000949646
0.00282698
0.00100884
0.00297143
0.0010676
0.00299194
0.0011244
0.0029145
0.00117774
0.00275503
0.00122661
0.00254886
0.00127042
0.00231524
0.00130913
0.00207856
0.00134302
0.00184914
0.00137252
0.00163735
0.00139826
0.00144782
0.00142088
0.00128241
0.00144088
0.00113932
0.00145877
0.00101908
0.00147504
0.000918684
0.00148997
0.000833095
0.00150374
0.000761437
0.00151671
0.000703463
0.0015291
0.000652464
0.00154089
0.000604623
0.00155217
0.000565287
0.00156331
0.000535562
0.00157443
0.000504608
0.00158527
0.000468361
0.00159578
0.000439083
0.00160645
0.00042618
0.00161752
0.000414431
0.00162862
0.000388395
0.00163916
0.000350355
0.00164946
0.000333677
0.0016601
0.000334731
0.00167184
0.000354824
0.00168356
0.000326267
0.00169505
0.000300185
0.00170454
0.000212822
0.00171386
0.00021592
0.00172207
0.000164197
0.00173175
0.000229513
0.000205405
0.000322545
-0.0011755
0.000302365
-0.000898183
0.000300438
-0.000701611
0.000296469
-0.000629388
0.000297219
-0.000441845
0.000300555
-0.000362168
0.000308644
-0.000193997
0.000320468
-9.5754e-05
0.000337313
7.12341e-05
0.000358325
0.000199635
0.000384433
0.00038858
0.000414826
0.000562395
0.000450162
0.000785055
0.00048974
0.000987557
0.000533908
0.00120591
0.000582084
0.00138634
0.000634302
0.00156052
0.000689181
0.00172254
0.000745939
0.00194951
0.000803953
0.00222592
0.00086367
0.00252857
0.000924926
0.00276573
0.000987136
0.00290922
0.00104876
0.00293032
0.00110818
0.00285509
0.00116382
0.00269939
0.00121469
0.00249799
0.00126021
0.00226972
0.0013004
0.00203838
0.00133555
0.00181399
0.00136616
0.00160674
0.00139288
0.0014211
0.00141638
0.00125891
0.00143717
0.00111854
0.00145577
0.00100048
0.00147269
0.000901763
0.0014882
0.000817589
0.00150249
0.000747147
0.00151592
0.000690031
0.00152872
0.000639661
0.00154086
0.000592487
0.00155244
0.000553703
0.00156385
0.000524156
0.00157518
0.00049328
0.00158617
0.000457372
0.0015968
0.000428445
0.00160757
0.000415412
0.0016187
0.000403308
0.00162979
0.000377305
0.00164026
0.000339879
0.00165049
0.00032345
0.00166104
0.000324175
0.00167267
0.0003432
0.00168421
0.000314726
0.00169546
0.000288931
0.00170464
0.000203639
0.00171368
0.000206882
0.00172157
0.000156307
0.00173099
0.000220095
0.00019578
0.000280103
-0.00121628
0.000259943
-0.000878023
0.000258443
-0.000700111
0.000254368
-0.000625313
0.000255151
-0.000442627
0.000258397
-0.000365414
0.000266417
-0.000202018
0.000278142
-0.000107479
0.000294948
5.44275e-05
0.000315967
0.000178616
0.000342221
0.000362326
0.000372914
0.000531702
0.00040877
0.000749198
0.000449069
0.000947258
0.000494173
0.00116081
0.000543447
0.00133707
0.000596903
0.00150706
0.000653169
0.00166627
0.000711641
0.00189104
0.00077184
0.00216572
0.000834227
0.00246619
0.000898457
0.0027015
0.000963721
0.00284396
0.00102827
0.00286576
0.00109037
0.00279299
0.00114839
0.00264136
0.00120134
0.00244504
0.00124866
0.00222241
0.0012904
0.00199663
0.00132691
0.00177748
0.00135871
0.00157494
0.0013865
0.00139331
0.00141095
0.00123445
0.0014326
0.00109689
0.00145199
0.000981092
0.00146962
0.000884133
0.00148576
0.000801447
0.00150063
0.000732281
0.00151458
0.000676081
0.00152783
0.000626409
0.00154036
0.00057996
0.00155229
0.00054177
0.001564
0.000512448
0.00157557
0.00048171
0.00158674
0.000446198
0.00159753
0.000417654
0.00160843
0.000404518
0.00161963
0.000392107
0.00163073
0.0003662
0.00164117
0.000329436
0.00165135
0.000313273
0.00166184
0.000313685
0.00167337
0.000331669
0.00168475
0.000303351
0.00169579
0.000277893
0.00170468
0.000194743
0.00171346
0.000198103
0.00172105
0.00014872
0.00173023
0.000210917
0.000186478
0.000239991
-0.00125121
0.000219627
-0.00085766
0.00021807
-0.000698554
0.000213545
-0.000620787
0.00021407
-0.000443152
0.000216974
-0.000368318
0.000224704
-0.000209748
0.000236125
-0.000118899
0.0002527
3.78524e-05
0.00027354
0.000157777
0.00029976
0.000336106
0.000330577
0.000500885
0.000366781
0.000712994
0.000407632
0.000906407
0.000453502
0.00111494
0.000503709
0.00128686
0.000558238
0.00145253
0.000615736
0.00160877
0.000675794
0.00183098
0.000738091
0.00210343
0.000803108
0.00240117
0.000870308
0.0026343
0.000938655
0.00277561
0.00100618
0.00279824
0.00107102
0.00272815
0.0011315
0.00258089
0.00118661
0.00238993
0.0012358
0.00217321
0.00127919
0.00195324
0.00131714
0.00173953
0.00135022
0.00154186
0.00137915
0.00136438
0.00140463
0.00120897
0.00142722
0.0010743
0.00144745
0.000960853
0.00146585
0.000865733
0.00148269
0.000784612
0.00149819
0.000716786
0.0015127
0.000661566
0.00152645
0.000612661
0.00153941
0.000567001
0.00155173
0.000529451
0.00156377
0.000500402
0.00157562
0.000469866
0.00158701
0.000434807
0.00159798
0.000406681
0.00160903
0.000393471
0.00162033
0.000380804
0.00163147
0.000355057
0.00164191
0.000319004
0.00165206
0.000303124
0.0016625
0.000303238
0.00167396
0.000320211
0.00168519
0.000292122
0.00169603
0.000267049
0.00170466
0.000186112
0.0017132
0.000189563
0.00172051
0.000141418
0.00172946
0.000201962
0.000177481
0.000202068
-0.00127941
0.000181299
-0.00083689
0.000179256
-0.000696511
0.000173985
-0.000615516
0.000173995
-0.000443162
0.00017633
-0.000370653
0.000183571
-0.000216989
0.000194505
-0.000129833
0.00021067
2.16874e-05
0.000231153
0.000137293
0.000257169
0.00031009
0.000287943
0.00047011
0.000324328
0.000676609
0.000365563
0.000865173
0.000412032
0.00106847
0.000463001
0.00123589
0.00051843
0.0013971
0.000576998
0.00155021
0.000638506
0.00176947
0.000702807
0.00203913
0.000770402
0.00233357
0.000840563
0.00256414
0.000912011
0.00270416
0.000982553
0.0027277
0.0010502
0.0026605
0.0011132
0.00251789
0.00117054
0.0023326
0.00122169
0.00212205
0.00126681
0.00190813
0.00130628
0.00170006
0.00134072
0.00150741
0.00137087
0.00133423
0.00139746
0.00118238
0.00142105
0.00105072
0.00144221
0.000939696
0.00146144
0.000846501
0.00147902
0.000767028
0.0014952
0.000700611
0.00151032
0.000646438
0.00152461
0.000598377
0.00153804
0.000553571
0.00155078
0.000516709
0.0015632
0.000487985
0.00157535
0.000457717
0.00158698
0.00042317
0.00159816
0.000395498
0.00160939
0.000382246
0.00162082
0.000369376
0.00163202
0.000343853
0.00164247
0.00030856
0.00165261
0.000292981
0.00166303
0.000292816
0.00167443
0.000308807
0.00168554
0.00028102
0.0016962
0.000256381
0.00170459
0.000177727
0.00171291
0.000181244
0.00171995
0.000134381
0.00172869
0.000193212
0.000168772
0.000166198
-0.00130033
0.00014484
-0.000815533
0.000141939
-0.000693609
0.00013567
-0.000609247
0.000134942
-0.000442434
0.000136509
-0.00037222
0.00014308
-0.000223559
0.000153353
-0.000140107
0.000168944
6.09709e-06
0.000188915
0.000117321
0.000214568
0.000284437
0.000245141
0.000439538
0.000281545
0.000640205
0.000323
0.000823718
0.000369899
0.00102157
0.000421455
0.00118434
0.000477606
0.00134095
0.000537077
0.00149074
0.000599898
0.00170665
0.000666101
0.00197292
0.000736215
0.00226346
0.000809313
0.00249104
0.000883871
0.0026296
0.000957463
0.00265411
0.00102796
0.00259
0.00109355
0.00245231
0.00115319
0.00227296
0.00120638
0.00206885
0.0012533
0.00186121
0.00129438
0.00165899
0.00133026
0.00147153
0.00136172
0.00130277
0.00138949
0.00115461
0.00141415
0.00102606
0.00143629
0.000917558
0.00145641
0.000826382
0.00147479
0.000748644
0.00149169
0.000683708
0.00150748
0.000630655
0.00152234
0.000583516
0.00153628
0.000539632
0.00154947
0.000503511
0.00156229
0.000475166
0.00157477
0.000445235
0.00158668
0.000411259
0.0015981
0.000384082
0.00160953
0.000370821
0.0016211
0.0003578
0.00163239
0.000332565
0.00164287
0.000298083
0.00165302
0.000282826
0.00166344
0.000282401
0.0016748
0.000297441
0.00168579
0.000270028
0.00169631
0.000245871
0.00170446
0.000169569
0.00171258
0.000173127
0.00171937
0.000127592
0.00172793
0.000184653
0.000160336
0.000132251
-0.00131366
0.000110138
-0.000793419
0.000106062
-0.000689534
9.85832e-05
-0.000601768
9.69292e-05
-0.00044078
9.75498e-05
-0.000372841
0.000103293
-0.000229302
0.000112741
-0.000149555
0.000127621
-8.78302e-06
0.000146933
9.80097e-05
0.000172076
0.000259294
0.000202297
0.000409316
0.000238567
0.000603935
0.000280081
0.000782204
0.000327244
0.000974404
0.000379211
0.00113237
0.000435903
0.00128426
0.000496107
0.00143053
0.000560097
0.00164266
0.000628097
0.00190492
0.000700663
0.00219089
0.000776667
0.00241504
0.000854335
0.00255194
0.000930999
0.00257744
0.0010044
0.0025166
0.00107262
0.00238408
0.00113464
0.00221095
0.00118995
0.00201354
0.00123875
0.00181241
0.00128151
0.00161623
0.00131891
0.00143413
0.00135175
0.00126994
0.00138077
0.00112559
0.00140657
0.00100025
0.00142974
0.000894381
0.00145081
0.00080532
0.00147004
0.000729409
0.00148772
0.000666034
0.00150419
0.000614176
0.00151967
0.000568041
0.00153415
0.000525151
0.00154784
0.000489825
0.00156108
0.000461919
0.00157393
0.000432393
0.00158613
0.000399051
0.00159781
0.000372408
0.00160945
0.000359175
0.0016212
0.000346058
0.00163259
0.000321176
0.00164312
0.000287555
0.0016533
0.000272641
0.00166373
0.000271976
0.00167507
0.000286095
0.00168597
0.000259127
0.00169634
0.0002355
0.00170429
0.000161619
0.00171223
0.000165195
0.00171878
0.000121033
0.00172717
0.000176268
0.000152156
0.000100111
-0.00131933
7.70807e-05
-0.000770389
7.15808e-05
-0.000684034
6.27054e-05
-0.000592893
5.99747e-05
-0.00043805
5.94895e-05
-0.000372356
6.42718e-05
-0.000234084
7.27549e-05
-0.000158038
8.67867e-05
-2.28148e-05
0.000105311
7.94854e-05
0.000129809
0.000234796
0.00015954
0.000379585
0.00019553
0.000567946
0.000236949
0.000740784
0.000284209
0.000927144
0.000336412
0.00108017
0.000393464
0.00122721
0.00045423
0.00136977
0.000519244
0.00157765
0.000588931
0.00183524
0.000663875
0.00211595
0.000742745
0.00233617
0.000823513
0.00247117
0.000903265
0.00249769
0.000979597
0.00244027
0.00105052
0.00231316
0.00111496
0.0021465
0.00117246
0.00195605
0.00122322
0.00176164
0.00126774
0.00157171
0.00130674
0.00139513
0.00134102
0.00123566
0.00137136
0.00109526
0.00139836
0.000973254
0.00142263
0.000870107
0.00144469
0.000783267
0.00146482
0.000709278
0.00148331
0.000647546
0.00150052
0.000596966
0.00151664
0.000551919
0.00153169
0.000510096
0.00154589
0.000475624
0.0015596
0.000448216
0.00157282
0.000419167
0.00158535
0.000386523
0.0015973
0.000360455
0.00160919
0.000347288
0.00162112
0.00033413
0.00163263
0.000309666
0.00164323
0.000276956
0.00165346
0.000262407
0.00166391
0.000261526
0.00167525
0.000274756
0.00168607
0.000248303
0.00169632
0.000225252
0.00170408
0.000153859
0.00171184
0.000157432
0.00171819
0.00011469
0.00172641
0.000168042
0.000144218
6.96812e-05
-0.00131749
4.55517e-05
-0.000746259
3.84727e-05
-0.000676955
2.80034e-05
-0.000582423
2.41198e-05
-0.000434166
2.23572e-05
-0.000370593
2.60869e-05
-0.000237814
3.34685e-05
-0.000165419
4.6535e-05
-3.58813e-05
6.41565e-05
6.18638e-05
8.78884e-05
0.000211064
0.000117
0.000350473
0.000152572
0.000532375
0.000193748
0.000699608
0.000240944
0.000879949
0.000293208
0.0010279
0.000350439
0.00116997
0.000411598
0.00130861
0.000477492
0.00151176
0.000548755
0.00176397
0.000625996
0.00203871
0.000707683
0.00225448
0.00079153
0.00238732
0.000874376
0.00241484
0.000953669
0.00236097
0.00102732
0.00223951
0.00109426
0.00207956
0.00115401
0.00189631
0.0012068
0.00170885
0.00125316
0.00152535
0.00129382
0.00135446
0.00132962
0.00119986
0.00136133
0.00106354
0.00138959
0.000944995
0.00141501
0.000844686
0.0014381
0.000760175
0.00145917
0.000688209
0.00147851
0.000628208
0.00149648
0.000578991
0.00151328
0.00053512
0.00152894
0.000494441
0.00154368
0.000460883
0.00155786
0.000434036
0.00157149
0.000405536
0.00158436
0.000373653
0.00159661
0.000348206
0.00160875
0.000335144
0.00162088
0.000322002
0.00163253
0.000298019
0.00164321
0.000266271
0.00165351
0.000252111
0.001664
0.000251035
0.00167535
0.000263408
0.00168611
0.00023754
0.00169625
0.000215112
0.00170383
0.000146274
0.00171144
0.000149822
0.00171759
0.000108544
0.00172567
0.000159963
0.000136506
4.09086e-05
-0.00130845
1.53384e-05
-0.000720689
6.89736e-06
-0.000668514
-5.61858e-06
-0.000569907
-1.06215e-05
-0.000429163
-1.37867e-05
-0.000367428
-1.11982e-05
-0.000240403
-5.05577e-06
-0.000171562
7.0011e-06
-4.79381e-05
2.35767e-05
4.52882e-05
4.6435e-05
0.000188206
7.48082e-05
0.0003221
0.000109833
0.00049735
0.000150624
0.000658816
0.0001976
0.000832973
0.000249755
0.000975746
0.000306988
0.00111274
0.000368373
0.00124722
0.000435006
0.00144512
0.00050773
0.00169125
0.000587185
0.00195925
0.000671632
0.00217003
0.000758529
0.00230042
0.000844465
0.00232891
0.000926736
0.0022787
0.00100316
0.00216308
0.00107264
0.00201008
0.0011347
0.00183425
0.00118959
0.00165396
0.00123784
0.00147709
0.00128023
0.00131207
0.00131761
0.00116248
0.00135076
0.0010304
0.00138033
0.000915427
0.00140694
0.000818072
0.00143111
0.000736005
0.00145315
0.000666169
0.00147337
0.00060799
0.00149214
0.000560223
0.00150964
0.000517618
0.00152592
0.000478161
0.00154122
0.00044558
0.0015559
0.000419359
0.00156995
0.000391482
0.00158318
0.000360426
0.00159574
0.000335645
0.00160815
0.000322728
0.0016205
0.000309658
0.0016323
0.000286221
0.00164308
0.000255486
0.00165345
0.000241739
0.001664
0.000240492
0.00167537
0.000252039
0.00168608
0.000226824
0.00169613
0.000205065
0.00170356
0.000138847
0.00171103
0.000142351
0.00171699
0.000102583
0.00172494
0.000152017
0.000129006
1.39048e-05
-0.00129281
-1.32208e-05
-0.000693564
-2.39287e-05
-0.000657806
-3.76818e-05
-0.000556154
-4.44099e-05
-0.000422435
-4.88469e-05
-0.000362991
-4.76114e-05
-0.000241638
-4.2661e-05
-0.000176512
-3.18263e-05
-5.87729e-05
-1.63181e-05
2.978e-05
5.60145e-06
0.000166286
3.30973e-05
0.000294604
6.74573e-05
0.00046299
0.00010773
0.000618544
0.000154335
0.000786368
0.000206216
0.000923865
0.000263279
0.00105568
0.000324732
0.00118577
0.000391965
0.00137789
0.000466038
0.00161718
0.000547615
0.00187768
0.000634757
0.00208289
0.000724665
0.00221052
0.000813677
0.0022399
0.000898936
0.00219344
0.000978166
0.00208385
0.00105023
0.00193802
0.00111464
0.00176984
0.00117168
0.00159692
0.0012219
0.00142688
0.00126608
0.00126789
0.00130509
0.00112348
0.00133972
0.000995763
0.00137064
0.000884506
0.00139848
0.000790228
0.00142377
0.000710723
0.00144681
0.000643124
0.00146794
0.000586863
0.00148752
0.00054064
0.00150575
0.000499393
0.00152267
0.000461237
0.00153855
0.000429699
0.00155374
0.00040417
0.00156823
0.00037699
0.00158183
0.000346826
0.00159472
0.000322757
0.00160742
0.000310029
0.00161999
0.000297087
0.00163195
0.000274259
0.00164285
0.000244588
0.00165331
0.000231279
0.00166392
0.000229886
0.00167532
0.000240638
0.001686
0.000216143
0.00169597
0.000195096
0.00170325
0.000131562
0.0017106
0.000135004
0.00171639
9.67897e-05
0.00172422
0.000144191
0.000121704
-1.21705e-05
-0.00127064
-4.00769e-05
-0.000665657
-5.3395e-05
-0.000644488
-6.86875e-05
-0.000540862
-7.69824e-05
-0.00041414
-8.28539e-05
-0.000357119
-8.29747e-05
-0.000241517
-7.93449e-05
-0.000180142
-6.97484e-05
-6.83693e-05
-5.54106e-05
1.54421e-05
-3.45891e-05
0.000145465
-7.99638e-06
0.000268011
2.5595e-05
0.000429399
6.52193e-05
0.000578919
0.000111313
0.000740274
0.000162762
0.000872416
0.000219493
0.000998948
0.000280861
0.0011244
0.000348561
0.00131019
0.000423869
0.00154187
0.000507476
0.00179407
0.00059724
0.00199313
0.00069011
0.00211765
0.000782175
0.00214783
0.000870421
0.0021052
0.00095247
0.0020018
0.00102715
0.00186334
0.00109397
0.00170302
0.00115321
0.00153768
0.00120544
0.00137465
0.00125146
0.00122187
0.00129214
0.0010828
0.0013283
0.000959602
0.00136061
0.000852194
0.00138972
0.00076112
0.00141614
0.0006843
0.00144021
0.000619053
0.00146227
0.000564808
0.00148268
0.000520222
0.00150165
0.000480427
0.00151923
0.000443655
0.00153571
0.000413226
0.00155142
0.000388457
0.00156636
0.000362048
0.00158034
0.000332843
0.00159357
0.000309533
0.00160656
0.000297037
0.00161937
0.00028428
0.0016315
0.000262123
0.00164253
0.000233565
0.00165309
0.00022072
0.00166377
0.000219205
0.00167521
0.000229196
0.00168587
0.000205486
0.00169577
0.000185195
0.00170292
0.000124407
0.00171016
0.000127769
0.0017158
9.11523e-05
0.00172351
0.000136474
0.000114587
-3.75177e-05
-0.0012412
-6.57921e-05
-0.000637383
-8.15561e-05
-0.000628724
-9.84854e-05
-0.000523933
-0.000108369
-0.000404257
-0.000115732
-0.000349756
-0.000117251
-0.000239999
-0.000115001
-0.000182392
-0.000106697
-7.66734e-05
-9.36029e-05
2.34822e-06
-7.39123e-05
0.000125774
-4.83352e-05
0.000242434
-1.561e-05
0.000396674
2.32536e-05
0.000540056
6.87021e-05
0.000694826
0.000119572
0.000821546
0.000175817
0.000942702
0.000236959
0.00106326
0.000305001
0.00124215
0.000381434
0.00146544
0.000466972
0.00170853
0.00055928
0.00190082
0.000655053
0.00202187
0.000750136
0.00205275
0.000841356
0.00201398
0.000926234
0.00191692
0.00100355
0.00178602
0.00107281
0.00163376
0.00113429
0.0014762
0.00118857
0.00132038
0.00123647
0.00117397
0.00127886
0.0010404
0.00131659
0.000921881
0.00135032
0.000818463
0.00138071
0.000730724
0.0014083
0.000656717
0.00143341
0.000593936
0.00145641
0.000541809
0.00147767
0.000498958
0.00149739
0.00046071
0.00151564
0.000425403
0.00153272
0.000396151
0.00154896
0.000372211
0.00156436
0.000346649
0.00157874
0.000318467
0.00159231
0.000295965
0.0016056
0.000283744
0.00161865
0.000271228
0.00163097
0.000249805
0.00164213
0.00022241
0.00165279
0.000210054
0.00166355
0.000208443
0.00167505
0.000217703
0.00168569
0.000194841
0.00169554
0.000175347
0.00170258
0.000117367
0.00170971
0.000120634
0.00171521
8.56572e-05
0.00172283
0.000128854
0.000107642
-6.12349e-05
-0.00120471
-9.02526e-05
-0.000608365
-0.00010846
-0.000610517
-0.000127045
-0.000505347
-0.000138537
-0.000392764
-0.000147424
-0.000340869
-0.000150371
-0.000237052
-0.000149539
-0.000183223
-0.000142584
-8.36287e-05
-0.000130762
-9.474e-06
-0.000112266
0.000107278
-8.77762e-05
0.000217945
-5.60208e-05
0.000364918
-1.80042e-05
0.000502039
2.66817e-05
0.00065014
7.68331e-05
0.000771395
0.000132454
0.000887081
0.000193238
0.00100248
0.000261505
0.00117388
0.000338954
0.00138799
0.000426325
0.00162116
0.000521088
0.00180606
0.000619697
0.00192326
0.000717752
0.00195469
0.000811924
0.00191981
0.000899625
0.00182922
0.000979597
0.00170605
0.00105131
0.00156204
0.00111507
0.00141244
0.00117142
0.00126402
0.00122123
0.00112416
0.00126537
0.000996261
0.00130468
0.000882576
0.00133985
0.000783293
0.00137154
0.000699025
0.0014003
0.000627961
0.00142647
0.000567764
0.00145042
0.000517859
0.00147254
0.000476841
0.00149301
0.000440235
0.00151194
0.000406477
0.00152962
0.00037847
0.00154641
0.000355429
0.00156227
0.000330787
0.00157704
0.000303694
0.00159096
0.000282049
0.00160455
0.000270146
0.00161786
0.000257927
0.00163036
0.000237299
0.00164166
0.000211114
0.00165244
0.000199274
0.00166329
0.000197592
0.00167484
0.000206152
0.00168548
0.000184199
0.00169528
0.000165545
0.00170222
0.00011043
0.00170927
0.000113586
0.00171463
8.0292e-05
0.00172216
0.000121323
0.000100857
-8.35906e-05
-0.00116198
-0.000113453
-0.000578503
-0.000134107
-0.000589863
-0.000154338
-0.000485116
-0.000167447
-0.000379656
-0.000177869
-0.000330448
-0.000182261
-0.00023266
-0.000182872
-0.000182612
-0.000177283
-8.92171e-05
-0.00016679
-1.99676e-05
-0.000149519
9.00073e-05
-0.000126176
0.000194602
-9.54536e-05
0.000334196
-5.83848e-05
0.00046497
-1.45689e-05
0.000606324
3.47422e-05
0.000722083
8.9613e-05
0.000832211
0.000149925
0.000942164
0.000218307
0.0011055
0.000296668
0.00130962
0.00038577
0.00153206
0.000482895
0.00170893
0.00058426
0.0018219
0.00068523
0.00185372
0.000782317
0.00182272
0.000872825
0.00173871
0.000955448
0.00162343
0.00102964
0.00148786
0.00109567
0.00134641
0.00115413
0.00120556
0.00120587
0.00107243
0.00125176
0.000950365
0.00129266
0.000841673
0.00132928
0.000746674
0.00136229
0.000666017
0.00139223
0.000598028
0.00141946
0.000540533
0.00144436
0.000492955
0.00146733
0.00045387
0.00148856
0.000419003
0.00150817
0.000386874
0.00152645
0.000360183
0.00154377
0.000338109
0.0015601
0.000314461
0.00157527
0.000288522
0.00158954
0.000267781
0.00160344
0.000256242
0.001617
0.000244375
0.0016297
0.000224599
0.00164114
0.000199673
0.00165204
0.000188375
0.00166298
0.000186648
0.0016746
0.000194538
0.00168524
0.000173553
0.00169501
0.000155777
0.00170186
0.000103584
0.00170882
0.000106617
0.00171407
7.50451e-05
0.00172152
0.00011387
9.42185e-05
-0.000104651
-0.0011136
-0.0001354
-0.000547754
-0.000158488
-0.000566775
-0.000180334
-0.00046327
-0.000195052
-0.000364939
-0.000207005
-0.000318495
-0.000212844
-0.000226821
-0.000214905
-0.000180551
-0.000210704
-9.34179e-05
-0.000201559
-2.91122e-05
-0.000185541
7.39888e-05
-0.000163387
0.000172448
-0.000133757
0.000304566
-9.77127e-05
0.000428926
-5.48734e-05
0.000563485
-6.49555e-06
0.000673705
4.75166e-05
0.000778198
0.000107254
0.000882426
0.000175655
0.0010371
0.000254828
0.00123045
0.000345556
0.00144133
0.000444942
0.00160954
0.000548976
0.00171786
0.00065279
0.00174991
0.000752742
0.00172277
0.000846027
0.00164543
0.000931286
0.00153817
0.00100794
0.0014112
0.00107626
0.00127809
0.00113683
0.00114499
0.00119049
0.00101876
0.00123815
0.000902707
0.00128065
0.000799172
0.00131872
0.000708606
0.00135304
0.0006317
0.00138414
0.00056692
0.00141243
0.00051225
0.00143828
0.000467104
0.0014621
0.000430051
0.00148408
0.000397017
0.00150436
0.0003666
0.00152325
0.000341293
0.0015411
0.000320255
0.00155789
0.000297674
0.00157346
0.000272951
0.00158808
0.000253164
0.00160229
0.000242032
0.00161609
0.00023057
0.00162898
0.000211704
0.00164057
0.000188084
0.0016516
0.000177353
0.00166264
0.000175605
0.00167432
0.000182856
0.00168498
0.000162896
0.00169472
0.000146035
0.00170149
9.68195e-05
0.00170839
9.97151e-05
0.00171353
6.99056e-05
0.00172091
0.000106486
8.77167e-05
-0.000124445
-0.00106011
-0.000156094
-0.000516105
-0.000181581
-0.000541288
-0.000204997
-0.000439854
-0.000221302
-0.000348634
-0.000234766
-0.00030503
-0.000242042
-0.000219545
-0.000245545
-0.000177048
-0.000242728
-9.62351e-05
-0.000234939
-3.69012e-05
-0.000220195
5.92451e-05
-0.00019926
0.000151513
-0.000170767
0.000276073
-0.00013581
0.00039397
-9.40191e-05
0.000521693
-4.66715e-05
0.000626358
6.39993e-06
0.000725127
6.54744e-05
0.000823352
0.000133806
0.000968766
0.000213697
0.00115056
0.000305945
0.00134908
0.000407486
0.001508
0.000514088
0.00161126
0.000620664
0.00164333
0.000723417
0.00162001
0.000819433
0.00154941
0.000907297
0.0014503
0.000986395
0.0013321
0.00105699
0.00120749
0.00111965
0.00108233
0.00117524
0.000963175
0.00122465
0.000853296
0.00126874
0.00075508
0.00130825
0.000669101
0.00134386
0.000596089
0.00137613
0.000534653
0.00140545
0.000482926
0.00143224
0.000440318
0.00145689
0.000405396
0.00147962
0.000374289
0.00150055
0.000345665
0.00152004
0.00032181
0.00153842
0.000301876
0.00155566
0.000280431
0.00157162
0.000256988
0.00158659
0.000238201
0.0016011
0.00022752
0.00161515
0.000216515
0.00162824
0.000198614
0.00163998
0.000176344
0.00165113
0.000166206
0.00166227
0.000164463
0.00167402
0.000171102
0.0016847
0.000152221
0.00169442
0.000136312
0.00170112
9.01257e-05
0.00170796
9.28727e-05
0.001713
6.4863e-05
0.00172032
9.91641e-05
8.134e-05
-0.000142983
-0.00100198
-0.000175531
-0.000483557
-0.000203361
-0.000513458
-0.000228288
-0.000414927
-0.000246144
-0.000330778
-0.000261087
-0.000290087
-0.000269774
-0.000210858
-0.0002747
-0.000172122
-0.000273251
-9.76839e-05
-0.000266812
-4.33408e-05
-0.000253347
4.57805e-05
-0.000233646
0.000131812
-0.000206321
0.000248747
-0.000172496
0.000360146
-0.000131813
0.00048101
-8.55632e-05
0.000580109
-3.35133e-05
0.000673077
2.48414e-05
0.000764997
9.30315e-05
0.000900576
0.000173549
0.00107004
0.000267212
0.00125542
0.000370793
0.00140442
0.000479855
0.0015022
0.000589096
0.00153409
0.00069457
0.00151454
0.000793253
0.00145073
0.000883673
0.00135988
0.00096518
0.0012506
0.00103802
0.00113466
0.00110275
0.00101759
0.00116024
0.000905687
0.00121138
0.000802156
0.00125704
0.000709423
0.00129796
0.000628183
0.00133484
0.000559207
0.00136825
0.000501247
0.00139859
0.000452583
0.00142629
0.000412618
0.00145176
0.000379924
0.00147522
0.000350835
0.0014968
0.000324084
0.00151686
0.000301747
0.00153575
0.000282983
0.00155344
0.000262744
0.00156979
0.00024064
0.00158509
0.0002229
0.0015999
0.000212712
0.0016142
0.000202214
0.00162748
0.000185331
0.00163937
0.000164454
0.00165064
0.000154935
0.00166189
0.00015322
0.00167371
0.000159275
0.00168441
0.000141525
0.00169412
0.000126602
0.00170075
8.34938e-05
0.00170754
8.60816e-05
0.0017125
5.99079e-05
0.00171977
9.18961e-05
7.5078e-05
-0.000160269
-0.000939673
-0.000193701
-0.000450124
-0.000223798
-0.000483361
-0.000250167
-0.000388558
-0.000269524
-0.000311421
-0.000285899
-0.000273712
-0.00029596
-0.000200797
-0.000302273
-0.000165809
-0.000302165
-9.77917e-05
-0.000297055
-4.84513e-05
-0.000284859
3.35844e-05
-0.000266393
0.000113346
-0.00024025
0.000222604
-0.000207587
0.000327483
-0.000168052
0.000441474
-0.000122948
0.000535005
-7.19631e-05
0.000622092
-1.43809e-05
0.000707415
5.36064e-05
0.000832588
0.000134667
0.000988983
0.000229638
0.00116045
0.000335139
0.00129892
0.000446539
0.0013908
0.000558334
0.0014223
0.000666433
0.00140644
0.000767704
0.00134946
0.000860614
0.00126697
0.000944475
0.00116674
0.00101951
0.00105962
0.00108627
0.000950829
0.00114562
0.000846338
0.00119846
0.000749322
0.00124564
0.000662234
0.00128794
0.000585884
0.00132606
0.000521086
0.00136057
0.000466735
0.00139191
0.000421251
0.00142049
0.000384031
0.00144676
0.000353661
0.00147091
0.000326679
0.00149312
0.000301875
0.00151375
0.000281123
0.00153314
0.000263593
0.00155126
0.000244625
0.00156798
0.000223918
0.00158361
0.00020727
0.0015987
0.000197616
0.00161324
0.000187674
0.00162671
0.000171859
0.00163875
0.000152416
0.00165015
0.00014354
0.00166149
0.000141877
0.00167339
0.000147374
0.00168411
0.000130803
0.00169382
0.000116899
0.00170039
7.69156e-05
0.00170714
7.93346e-05
0.00171202
5.50309e-05
0.00171924
8.46754e-05
6.89204e-05
-0.000176299
-0.000873607
-0.000210591
-0.000415832
-0.000242858
-0.000451094
-0.000270588
-0.000360828
-0.000291385
-0.000290624
-0.000309133
-0.000255964
-0.000320517
-0.000189413
-0.000328172
-0.000158154
-0.000329364
-9.65994e-05
-0.000325548
-5.2267e-05
-0.000314596
2.26323e-05
-0.000297351
9.61006e-05
-0.000272389
0.000197642
-0.000240898
0.000295993
-0.000202532
0.000403107
-0.0001586
0.000491073
-0.000108704
0.000572197
-5.19244e-05
0.000650635
1.58146e-05
0.000764849
9.73399e-05
0.000907458
0.000193511
0.00106428
0.000300807
0.00119163
0.000414413
0.00127719
0.000528637
0.00130807
0.000639246
0.00129583
0.000743006
0.0012457
0.000838321
0.00117166
0.00092446
0.0010806
0.00100163
0.000982455
0.00107036
0.000882095
0.00113151
0.000785183
0.00118599
0.000694848
0.00123466
0.000613564
0.00127829
0.000542253
0.0013176
0.000481772
0.00135318
0.000431157
0.00138546
0.000388967
0.0014149
0.000354592
0.00144193
0.000326638
0.00146676
0.000301848
0.00148957
0.000279065
0.00151073
0.00025996
0.0015306
0.000243725
0.00154913
0.000226091
0.00156621
0.000206837
0.00158216
0.000191325
0.00159753
0.000182244
0.0016123
0.000172904
0.00162596
0.000158204
0.00163814
0.000140235
0.00164965
0.000132024
0.00166109
0.000130436
0.00167307
0.0001354
0.00168382
0.000120053
0.00169352
0.000107198
0.00170005
7.03838e-05
0.00170676
7.26251e-05
0.00171157
5.02238e-05
0.00171875
7.74959e-05
6.28577e-05
-0.000191065
-0.000804178
-0.000226182
-0.000380715
-0.000260503
-0.000416773
-0.000289508
-0.000331824
-0.000311671
-0.000268461
-0.000330721
-0.000236914
-0.000343366
-0.000176768
-0.000352302
-0.000149218
-0.000354741
-9.41603e-05
-0.000352172
-5.48362e-05
-0.000342425
1.2885e-05
-0.00032637
8.00465e-05
-0.000302572
0.000173843
-0.000272246
0.000265666
-0.000235048
0.00036591
-0.00019229
0.000448315
-0.000143488
0.000523394
-8.75194e-05
0.000594666
-2.00663e-05
0.000697396
6.18577e-05
0.000825534
0.000159122
0.000967012
0.00026808
0.00108267
0.00038375
0.00116152
0.00050026
0.00119156
0.000613249
0.00118284
0.000719379
0.00113957
0.000816993
0.00107404
0.000905317
0.000992273
0.000984529
0.000903243
0.00105516
0.000811467
0.00111805
0.000722294
0.00117409
0.0006388
0.00122418
0.000563474
0.00126909
0.000497348
0.00130954
0.000441319
0.00134613
0.000394566
0.00137932
0.000355779
0.00140957
0.000324344
0.00143732
0.000298893
0.00146279
0.000276376
0.00148617
0.000255685
0.00150784
0.000238286
0.00152816
0.000223404
0.00154709
0.000207163
0.00156451
0.000189415
0.00158076
0.000175079
0.00159639
0.00016661
0.00161138
0.000157914
0.00162521
0.000144374
0.00163753
0.000127915
0.00164917
0.000120393
0.0016607
0.000118899
0.00167275
0.000123354
0.00168353
0.000109274
0.00169323
9.74968e-05
0.00169972
6.38916e-05
0.0017064
6.59474e-05
0.00171114
4.54786e-05
0.00171829
7.03521e-05
5.68805e-05
-0.000204555
-0.000731757
-0.000240454
-0.000344816
-0.000276697
-0.000380529
-0.000306881
-0.00030164
-0.000330325
-0.000245017
-0.000350596
-0.000216643
-0.000364428
-0.000162936
-0.000374574
-0.000139072
-0.000378194
-9.05399e-05
-0.00037681
-5.62202e-05
-0.000368216
4.29032e-06
-0.000353307
6.5138e-05
-0.000330637
0.000151173
-0.000301448
0.000236477
-0.000265398
0.00032986
-0.000223794
0.000406711
-0.000176064
0.000475664
-0.000120898
0.0005395
-5.37512e-05
0.000630249
2.85097e-05
0.000743273
0.000126761
0.000868761
0.000237242
0.000972186
0.000354821
0.00104395
0.000473462
0.00107292
0.000588679
0.00106763
0.000697041
0.00103121
0.000796829
0.000974257
0.000887224
0.000901878
0.000968379
0.000822088
0.0010408
0.000739041
0.00110534
0.000657757
0.00116288
0.000581259
0.00121432
0.000512041
0.00126042
0.000451239
0.00130195
0.000399791
0.0013395
0.000357018
0.00137354
0.00032174
0.00140455
0.000293336
0.00143297
0.000270472
0.00145904
0.000250304
0.00148296
0.000231767
0.00150511
0.000216131
0.00152586
0.000202657
0.00154516
0.000187864
0.0015629
0.000171671
0.00157943
0.000158551
0.00159531
0.000150728
0.00161051
0.000142717
0.0016245
0.000130379
0.00163695
0.000115464
0.0016487
0.000108651
0.00166032
0.000107273
0.00167244
0.000111239
0.00168325
9.84647e-05
0.00169295
8.77913e-05
0.00169941
5.7433e-05
0.00170606
5.92963e-05
0.00171075
4.07878e-05
0.00171787
6.32388e-05
5.09797e-05
-0.000216755
-0.000656694
-0.000253384
-0.000308186
-0.000291402
-0.000342511
-0.000322664
-0.000270378
-0.000347292
-0.000220389
-0.000368693
-0.000195242
-0.000383629
-0.000148
-0.000394901
-0.000127799
-0.000399626
-8.58156e-05
-0.000399356
-5.64896e-05
-0.000391844
-3.22191e-06
-0.000378021
5.13155e-05
-0.000356428
0.00012958
-0.00032833
0.000208379
-0.000293385
0.000294915
-0.000252891
0.000366217
-0.000206192
0.000428965
-0.000151799
0.000485108
-8.49628e-05
0.000563413
-2.41398e-06
0.000660724
9.67102e-05
0.000769637
0.000208572
0.000860324
0.000327893
0.000924625
0.000448493
0.000952322
0.000565772
0.000950347
0.000676207
0.00092077
0.000778022
0.000872443
0.000870354
0.000809546
0.000953329
0.000739114
0.00102744
0.00066493
0.00109352
0.000591678
0.00115246
0.00052232
0.00120515
0.000459352
0.00125238
0.000404007
0.0012949
0.000357265
0.00133334
0.000318584
0.00136817
0.000286912
0.00139988
0.000261624
0.00142893
0.000241423
0.00145556
0.000223674
0.00147997
0.000207354
0.00150257
0.000193531
0.00152371
0.000181516
0.00154335
0.000168223
0.00156139
0.000153629
0.00157818
0.000141762
0.00159429
0.000134618
0.00160968
0.000127328
0.00162383
0.000116229
0.00163641
0.000102891
0.00164825
9.6806e-05
0.00165996
9.55612e-05
0.00167214
9.90587e-05
0.00168298
8.7626e-05
0.00169269
7.80799e-05
0.00169912
5.10028e-05
0.00170575
5.26674e-05
0.0017104
3.61446e-05
0.00171748
5.61515e-05
4.51467e-05
-0.000227649
-0.000579322
-0.00026495
-0.000270886
-0.00030458
-0.000302881
-0.000336814
-0.000238144
-0.000362521
-0.000194682
-0.000384951
-0.000172812
-0.000400896
-0.000132056
-0.000413202
-0.000115493
-0.000418941
-8.00763e-05
-0.000419702
-5.57291e-05
-0.000413191
-9.73264e-06
-0.00040038
3.85046e-05
-0.000379795
0.000108996
-0.000352723
0.000181306
-0.000318819
0.000261012
-0.00027937
0.000326767
-0.000233636
0.000383231
-0.00017997
0.000431441
-0.000113437
0.00049688
-3.06653e-05
0.000577953
6.92448e-05
0.000669727
0.000182338
0.000747231
0.000303226
0.000803738
0.000425597
0.000829952
0.00054475
0.000831194
0.000657081
0.000808438
0.000760756
0.000768768
0.000854872
0.00071543
0.000939525
0.00065446
0.00101519
0.000589263
0.00108269
0.000524176
0.00114292
0.000462095
0.00119676
0.00040551
0.00124502
0.000355746
0.00128847
0.000313823
0.00132771
0.00027934
0.00136326
0.000251364
0.00139561
0.000229271
0.00142523
0.000211803
0.00145237
0.000196537
0.00147723
0.000182487
0.00150024
0.000170526
0.00152174
0.000160015
0.0015417
0.000148268
0.00156001
0.000135315
0.00157704
0.000124733
0.00159336
0.000118299
0.00160892
0.000111764
0.00162321
0.000101939
0.0016359
9.02049e-05
0.00164784
8.48661e-05
0.00165963
8.37714e-05
0.00167187
8.68184e-05
0.00168273
7.67587e-05
0.00169245
6.83614e-05
0.00169886
4.45961e-05
0.00170547
4.60567e-05
0.00171007
3.15424e-05
0.00171714
4.90861e-05
3.93733e-05
-0.000237224
-0.000499959
-0.000275128
-0.000232982
-0.000316196
-0.000261814
-0.00034929
-0.00020505
-0.000375962
-0.00016801
-0.000399313
-0.00014946
-0.000416164
-0.000115205
-0.000429399
-0.000102258
-0.000436054
-7.34211e-05
-0.000437744
-5.4039e-05
-0.00043215
-1.53272e-05
-0.000420258
2.66132e-05
-0.000400598
8.93356e-05
-0.000374468
0.000155176
-0.000341522
0.000228065
-0.00030303
0.000288275
-0.000258178
0.000338379
-0.000205173
0.000378437
-0.000138923
0.00043063
-5.59609e-05
0.00049499
4.46233e-05
0.000569143
0.000158795
0.000633059
0.000281062
0.000681471
0.000405002
0.000706011
0.000525826
0.00071037
0.000639856
0.000694409
0.000745205
0.000663418
0.000840931
0.000619704
0.000927104
0.000568288
0.00100418
0.000512186
0.00107297
0.000455385
0.00113436
0.000400706
0.00118924
0.000350625
0.00123843
0.000306558
0.0012827
0.000269561
0.00132267
0.000239369
0.00135886
0.000215172
0.00139178
0.000196344
0.00142191
0.000181673
0.0014495
0.000168946
0.00147478
0.000157216
0.00149814
0.000147157
0.00151997
0.000138193
0.0015402
0.000128032
0.00155876
0.000116757
0.001576
0.00010749
0.00159251
0.000101792
0.00160823
9.60432e-05
0.00162265
8.75224e-05
0.00163544
7.74178e-05
0.00164746
7.28407e-05
0.00165932
7.19111e-05
0.00167162
7.45234e-05
0.00168251
6.58648e-05
0.00169224
5.86351e-05
0.00169862
3.82088e-05
0.00170522
3.94607e-05
0.00170979
2.69753e-05
0.00171683
4.2039e-05
3.36514e-05
-0.000245462
-0.000418911
-0.000283897
-0.000194547
-0.000326216
-0.000219494
-0.000360055
-0.000171211
-0.00038757
-0.000140495
-0.000411726
-0.000125304
-0.000429372
-9.75594e-05
-0.000443424
-8.82056e-05
-0.000450886
-6.5959e-05
-0.000453399
-5.15265e-05
-0.000448616
-2.011e-05
-0.000437543
1.55407e-05
-0.000418707
7.04996e-05
-0.00039342
0.000129889
-0.000361328
0.000195974
-0.000323687
0.000250634
-0.000279613
0.000294306
-0.00022719
0.000326013
-0.000161191
0.000364631
-7.8071e-05
0.00041187
2.30855e-05
0.000467986
0.000138176
0.000517969
0.000261626
0.00055802
0.000386921
0.000580716
0.000509196
0.000588096
0.000624708
0.000578896
0.000731528
0.000556598
0.000828674
0.000522558
0.000916189
0.000480773
0.000994512
0.000433863
0.00106444
0.000385455
0.00112686
0.000338289
0.00118266
0.000294822
0.00123267
0.000256555
0.00127765
0.000224578
0.00131826
0.000198763
0.00135501
0.000178418
0.00138844
0.000162918
0.00141901
0.000151099
0.001447
0.00014096
0.00147262
0.000131591
0.00149631
0.000123471
0.00151841
0.000116088
0.00153889
0.000107551
0.00155766
9.79853e-05
0.0015751
9.00594e-05
0.00159177
8.51224e-05
0.00160762
8.01847e-05
0.00162215
7.29947e-05
0.00163503
6.45419e-05
0.00164713
6.07403e-05
0.00165905
5.99887e-05
0.00167139
6.218e-05
0.00168231
5.49469e-05
0.00169205
4.89012e-05
0.00169842
3.18372e-05
0.001705
3.28765e-05
0.00170954
2.24376e-05
0.00171657
3.50068e-05
2.7973e-05
-0.00025235
-0.000336473
-0.000291235
-0.000155662
-0.000334612
-0.000176117
-0.000369077
-0.000136747
-0.000397305
-0.000112266
-0.000422143
-0.000100466
-0.000440465
-7.92377e-05
-0.000455215
-7.34563e-05
-0.000463366
-5.78072e-05
-0.000466583
-4.83093e-05
-0.000462498
-2.41951e-05
-0.000452132
5.17483e-06
-0.000434008
5.23747e-05
-0.000409447
0.000105329
-0.00037809
0.000164616
-0.000341175
0.000213719
-0.000297759
0.00025089
-0.000245822
0.000274076
-0.000180032
0.000298841
-9.67823e-05
0.00032862
4.8508e-06
0.000366353
0.000120694
0.000402126
0.000245123
0.00043359
0.000371545
0.000454294
0.000495034
0.000464607
0.000611799
0.000462131
0.000719868
0.00044853
0.000818226
0.0004242
0.000906892
0.000392107
0.000986287
0.000354469
0.0010572
0.000314544
0.0011205
0.00027499
0.00117708
0.000238233
0.00122778
0.000205857
0.00127338
0.000178983
0.00131452
0.00015762
0.00135175
0.00014119
0.0013856
0.000129069
0.00141655
0.000120149
0.00144487
0.00011264
0.00147079
0.000105666
0.00149475
9.95169e-05
0.00151709
9.37442e-05
0.00153778
8.68609e-05
0.00155673
7.90324e-05
0.00157432
7.24698e-05
0.00159113
6.83135e-05
0.00160711
6.42097e-05
0.00162173
5.83729e-05
0.00163468
5.15903e-05
0.00164684
4.8576e-05
0.00165882
4.80134e-05
0.0016712
4.97953e-05
0.00168214
4.4008e-05
0.00169188
3.91599e-05
0.00169824
2.5478e-05
0.00170482
2.63015e-05
0.00170933
1.79238e-05
0.00171635
2.79865e-05
2.23308e-05
-0.000257875
-0.000252933
-0.000297127
-0.00011641
-0.000341358
-0.000131886
-0.000376326
-0.000101779
-0.000405133
-8.34591e-05
-0.000430525
-7.50731e-05
-0.000449399
-6.03644e-05
-0.000464718
-5.81371e-05
-0.000473435
-4.90899e-05
-0.000477231
-4.45133e-05
-0.000473722
-2.7704e-05
-0.000463937
-4.60999e-06
-0.0004464
3.48368e-05
-0.000422437
8.13663e-05
-0.00039168
0.000133859
-0.000355351
0.00017739
-0.000312459
0.000207997
-0.000260902
0.000222519
-0.000195268
0.000233207
-0.00011191
0.000245262
-9.90948e-06
0.000264353
0.000106531
0.000285686
0.000231728
0.000308393
0.000359038
0.000326984
0.000483495
0.00034015
0.000601266
0.00034436
0.000710348
0.000339448
0.000809697
0.000324851
0.000899309
0.000302494
0.000979586
0.000274192
0.0010513
0.000242827
0.00111533
0.000210965
0.00117256
0.000181001
0.00122383
0.000154592
0.00126992
0.000132892
0.00131149
0.000116042
0.00134911
0.000103579
0.00138329
9.48816e-05
0.00141455
8.88963e-05
0.00144314
8.405e-05
0.0014693
7.95e-05
0.00149347
7.53446e-05
0.00151601
7.12065e-05
0.00153687
6.60011e-05
0.00155597
5.99318e-05
0.00157369
5.47508e-05
0.00159061
5.13919e-05
0.00160668
4.81401e-05
0.00162138
4.36746e-05
0.00163439
3.85775e-05
0.00164661
3.636e-05
0.00165863
3.59951e-05
0.00167105
3.7377e-05
0.001682
3.30517e-05
0.00169175
2.94123e-05
0.0016981
1.91283e-05
0.00170467
1.97335e-05
0.00170916
1.34288e-05
0.00171617
2.09756e-05
1.67171e-05
-0.000262026
-0.000168572
-0.000301555
-7.68804e-05
-0.000346431
-8.70096e-05
-0.000381779
-6.64321e-05
-0.000411024
-5.42131e-05
-0.000436839
-4.92588e-05
-0.000456134
-4.10693e-05
-0.000471891
-4.23804e-05
-0.000481043
-3.99373e-05
-0.000485286
-4.02708e-05
-0.000482223
-3.07672e-05
-0.000472887
-1.39458e-05
-0.000455801
1.77512e-05
-0.000432296
5.78614e-05
-0.000401992
0.000103554
-0.000366096
0.000141495
-0.000323581
0.000165482
-0.000272287
0.000171226
-0.000206751
0.000167671
-0.000123301
0.000161813
-2.10301e-05
0.000162081
9.58392e-05
0.000168816
0.000221586
0.000182646
0.000349539
0.000199031
0.000474703
0.000214986
0.000593222
0.000225841
0.000703069
0.000229601
0.000803176
0.000224744
0.000893518
0.000212153
0.000974478
0.000193232
0.00104682
0.000170484
0.00111141
0.000146379
0.00116914
0.000123272
0.00122084
0.000102894
0.0012673
8.64244e-05
0.00130921
7.4136e-05
0.00134711
6.56801e-05
0.00138155
6.04395e-05
0.00141303
5.74174e-05
0.00144182
5.52572e-05
0.00146817
5.31512e-05
0.00149251
5.10071e-05
0.00151519
4.85212e-05
0.00153618
4.5012e-05
0.0015554
4.07188e-05
0.00157321
3.69334e-05
0.00159022
3.43846e-05
0.00160636
3.19988e-05
0.00162112
2.89185e-05
0.00163418
2.55184e-05
0.00164643
2.41047e-05
0.00165848
2.39442e-05
0.00167093
2.4933e-05
0.0016819
2.20821e-05
0.00169165
1.96597e-05
0.00169799
1.27854e-05
0.00170456
1.31704e-05
0.00170904
8.94777e-06
0.00171604
1.39714e-05
1.1125e-05
-0.000264794
-8.36681e-05
-0.000304509
-3.71656e-05
-0.000349817
-4.17017e-05
-0.000385417
-3.08319e-05
-0.000414959
-2.46718e-05
-0.000441059
-2.31588e-05
-0.000460642
-2.14859e-05
-0.000476699
-2.6323e-05
-0.000486153
-3.0484e-05
-0.000490704
-3.57193e-05
-0.000487949
-3.35224e-05
-0.000478926
-2.2969e-05
-0.000462149
9.74227e-07
-0.000438952
3.46645e-05
-0.000408943
7.35456e-05
-0.00037332
0.000105872
-0.000331026
0.000123188
-0.000279871
0.000120071
-0.000214367
0.000102168
-0.000130841
7.82865e-05
-2.83938e-05
5.96343e-05
8.87342e-05
5.16885e-05
0.000214809
5.65713e-05
0.00034315
7.06902e-05
0.000468756
8.93802e-05
0.000587757
0.000106839
0.000698112
0.000119246
0.000798733
0.000124122
0.000889579
0.000121308
0.000971016
0.000111794
0.0010438
9.77019e-05
0.00110878
8.14009e-05
0.00116685
6.52004e-05
0.00121884
5.08995e-05
0.00126556
3.9703e-05
0.00130769
3.20127e-05
0.00134577
2.75927e-05
0.00138038
2.58306e-05
0.00141201
2.57894e-05
0.00144094
2.63305e-05
0.00146741
2.66807e-05
0.00149186
2.65588e-05
0.00151464
2.57361e-05
0.00153572
2.39351e-05
0.00155501
2.14293e-05
0.00157289
1.90491e-05
0.00158996
1.73194e-05
0.00160615
1.58091e-05
0.00162094
1.41236e-05
0.00163403
1.24283e-05
0.00164631
1.18232e-05
0.00165839
1.18715e-05
0.00167085
1.24718e-05
0.00168183
1.11034e-05
0.00169158
9.90341e-06
0.00169792
6.44694e-06
0.00170448
6.61047e-06
0.00170895
4.47592e-06
0.00171595
6.97174e-06
5.54703e-06
-0.000266175
-0.000305981
-0.000351503
-0.000387229
-0.00041692
-0.000443168
-0.000462903
-0.000479122
-0.000488738
-0.000493457
-0.00049087
-0.000482016
-0.000465399
-0.000442355
-0.00041248
-0.000376959
-0.000334726
-0.000283582
-0.000218043
-0.00013445
-3.19231e-05
8.52939e-05
0.000211473
0.000339946
0.000465721
0.000584931
0.000695528
0.000796415
0.000887533
0.000969235
0.00104226
0.00110746
0.00116571
0.00121786
0.00126471
0.00130694
0.00134511
0.0013798
0.0014115
0.00144049
0.00146702
0.00149152
0.00151436
0.00153548
0.00155481
0.00157273
0.00158982
0.00160604
0.00162085
0.00163396
0.00164625
0.00165834
0.00167081
0.00168179
0.00169155
0.00169788
0.00170444
0.00170891
0.00171591
)
;

boundaryField
{
    inlet
    {
        type            calculated;
        value           nonuniform List<scalar> 
200
(
-0.00252941
-0.00258954
-0.00265111
-0.00271414
-0.00277867
-0.00284473
-0.00291236
-0.0029816
-0.00305249
-0.00312506
-0.00319936
-0.00327542
-0.00335329
-0.00343302
-0.00351464
-0.0035982
-0.00368374
-0.00377132
-0.00386098
-0.00395278
-0.00404675
-0.00414297
-0.00424146
-0.0043423
-0.00444554
-0.00455123
-0.00465944
-0.00477021
-0.00488362
-0.00499973
-0.0051186
-0.00524029
-0.00536488
-0.00549243
-0.00562301
-0.00575669
-0.00589356
-0.00603367
-0.00617712
-0.00632398
-0.00647433
-0.00662826
-0.00678584
-0.00694717
-0.00711234
-0.00728144
-0.00745455
-0.00763178
-0.00781322
-0.00799898
-0.00818915
-0.00838385
-0.00858317
-0.00878724
-0.00899615
-0.00921003
-0.009429
-0.00965317
-0.00988267
-0.0101176
-0.00176777
-0.00176777
-0.00176777
-0.00176777
-0.00176777
-0.00176777
-0.00176777
-0.00176777
-0.00176777
-0.00176777
-0.00176777
-0.00176777
-0.00176777
-0.00176777
-0.00176777
-0.00176777
-0.00176777
-0.00176777
-0.00176777
-0.00176777
-0.00176777
-0.00176777
-0.00176777
-0.00176777
-0.00176777
-0.00176777
-0.00176777
-0.00176777
-0.00176777
-0.00176777
-0.00176777
-0.00176777
-0.00176777
-0.00176777
-0.00176777
-0.00176777
-0.00176777
-0.00176777
-0.00176777
-0.00176777
-0.00176777
-0.00176777
-0.00176777
-0.00176777
-0.00176777
-0.00176777
-0.00176777
-0.00176777
-0.00176777
-0.00176777
-0.00176777
-0.00176777
-0.00176777
-0.00176777
-0.00176777
-0.00176777
-0.00176777
-0.00176777
-0.00176777
-0.00176777
-0.00176777
-0.00176777
-0.00176777
-0.00176777
-0.00176777
-0.00176777
-0.00176777
-0.00176777
-0.00176777
-0.00176777
-0.00176777
-0.00176777
-0.00176777
-0.00176777
-0.00176777
-0.00176777
-0.00176777
-0.00176777
-0.00176777
-0.00176777
-0.0101176
-0.00988267
-0.00965317
-0.009429
-0.00921003
-0.00899615
-0.00878724
-0.00858317
-0.00838385
-0.00818915
-0.00799898
-0.00781322
-0.00763178
-0.00745455
-0.00728144
-0.00711234
-0.00694717
-0.00678584
-0.00662826
-0.00647433
-0.00632398
-0.00617712
-0.00603367
-0.00589356
-0.00575669
-0.00562301
-0.00549243
-0.00536488
-0.00524029
-0.0051186
-0.00499973
-0.00488362
-0.00477021
-0.00465944
-0.00455123
-0.00444554
-0.0043423
-0.00424146
-0.00414297
-0.00404675
-0.00395278
-0.00386098
-0.00377132
-0.00368374
-0.0035982
-0.00351464
-0.00343302
-0.00335329
-0.00327542
-0.00319936
-0.00312506
-0.00305249
-0.0029816
-0.00291236
-0.00284473
-0.00277867
-0.00271414
-0.00265111
-0.00258954
-0.00252941
)
;
    }
    outlet
    {
        type            calculated;
        value           nonuniform List<scalar> 
200
(
0.00250852
0.00257051
0.00263405
0.00269918
0.00276593
0.00283433
0.00290442
0.00297621
0.00304975
0.00312506
0.00320216
0.0032811
0.00336189
0.00344457
0.00352915
0.00361568
0.00370417
0.00379465
0.00388715
0.00398171
0.00407834
0.00417709
0.00427799
0.00438107
0.00448637
0.00459393
0.00470379
0.00481601
0.00493063
0.00504771
0.0051673
0.00528946
0.00541428
0.0055418
0.0056721
0.00580528
0.00594139
0.00608053
0.00622279
0.00636826
0.00651704
0.00666921
0.00682489
0.00698418
0.00714718
0.007314
0.00748477
0.00765959
0.0078386
0.00802191
0.00820966
0.00840199
0.00859903
0.00880094
0.00900787
0.00921998
0.00943743
0.00966041
0.0098891
0.0101237
0.00172148
0.00172153
0.00172163
0.00172179
0.00172199
0.00172225
0.00172255
0.00172291
0.00172331
0.00172377
0.00172426
0.00172481
0.0017254
0.00172603
0.0017267
0.00172741
0.00172816
0.00172895
0.00172977
0.00173063
0.00173152
0.00173244
0.00173338
0.00173435
0.00173535
0.00173637
0.0017374
0.00173846
0.00173953
0.00174062
0.00174171
0.00174282
0.00174394
0.00174506
0.00174618
0.00174731
0.00174844
0.00174957
0.00175069
0.00175181
0.00175181
0.00175069
0.00174957
0.00174844
0.00174731
0.00174618
0.00174506
0.00174394
0.00174282
0.00174171
0.00174062
0.00173953
0.00173846
0.0017374
0.00173637
0.00173535
0.00173435
0.00173338
0.00173244
0.00173152
0.00173063
0.00172977
0.00172895
0.00172816
0.00172741
0.0017267
0.00172603
0.0017254
0.00172481
0.00172427
0.00172377
0.00172332
0.00172291
0.00172256
0.00172225
0.00172199
0.00172179
0.00172163
0.00172153
0.00172148
0.0101237
0.0098891
0.00966041
0.00943743
0.00921998
0.00900787
0.00880094
0.00859903
0.00840199
0.00820966
0.00802191
0.0078386
0.00765959
0.00748477
0.007314
0.00714717
0.00698418
0.00682489
0.00666921
0.00651704
0.00636826
0.00622279
0.00608053
0.00594139
0.00580527
0.0056721
0.0055418
0.00541427
0.00528946
0.0051673
0.00504771
0.00493063
0.00481601
0.00470379
0.00459393
0.00448636
0.00438107
0.00427799
0.00417709
0.00407834
0.00398171
0.00388715
0.00379465
0.00370416
0.00361568
0.00352915
0.00344457
0.00336189
0.0032811
0.00320216
0.00312506
0.00304975
0.00297621
0.00290441
0.00283433
0.00276593
0.00269918
0.00263405
0.0025705
0.00250852
)
;
    }
    cylinder
    {
        type            calculated;
        value           uniform 0;
    }
    top
    {
        type            symmetryPlane;
        value           uniform 0;
    }
    bottom
    {
        type            symmetryPlane;
        value           uniform 0;
    }
    defaultFaces
    {
        type            empty;
        value           nonuniform 0();
    }
}


// ************************************************************************* //
