/*--------------------------------*- C++ -*----------------------------------*\
  =========                 |
  \\      /  F ield         | OpenFOAM: The Open Source CFD Toolbox
   \\    /   O peration     | Website:  https://openfoam.org
    \\  /    A nd           | Version:  7
     \\/     M anipulation  |
\*---------------------------------------------------------------------------*/
FoamFile
{
    version     2.0;
    format      ascii;
    class       volScalarField;
    location    "0.8";
    object      p;
}
// * * * * * * * * * * * * * * * * * * * * * * * * * * * * * * * * * * * * * //

dimensions      [1 -1 -2 0 0 0 0];

internalField   nonuniform List<scalar> 
67584
(
0.512345
0.620379
0.70897
0.781276
0.84213
0.894697
0.930336
0.965966
0.991886
0.993519
0.997173
0.997333
0.991671
0.982918
0.985195
0.98658
0.988702
0.99282
0.995596
0.996809
0.998605
0.999986
0.999538
0.997866
0.995742
0.993497
0.99148
0.989516
0.987437
0.985363
0.982861
0.979524
0.975992
0.970998
0.966821
0.964771
0.963553
0.962395
0.961705
0.959945
0.956764
0.953213
0.949343
0.944736
0.939844
0.935956
0.93299
0.930902
0.929411
0.928163
0.926652
0.923828
0.920479
0.919168
0.918516
0.918449
0.917558
0.91553
0.912959
0.910114
0.907138
0.904096
0.901101
0.899273
0.8984
0.897378
0.895941
0.894436
0.893706
0.893335
0.893278
0.893755
0.895674
0.900674
0.911248
0.928621
0.951047
0.976124
0.999991
1.01738
1.02881
1.03569
1.03921
1.04247
1.04684
1.05246
1.05586
1.0579
1.05963
1.06132
1.06262
1.06278
1.06333
1.06388
1.06398
1.0628
0.438399
0.462792
0.500916
0.560362
0.616169
0.673385
0.740751
0.790183
0.84352
0.876992
0.907222
0.928678
0.94389
0.9656
0.989583
0.998022
0.999035
1.0019
1.00094
0.996064
0.994311
0.994566
0.993855
0.992134
0.989391
0.986101
0.984258
0.984482
0.985707
0.988429
0.990928
0.990013
0.987406
0.983258
0.977171
0.970283
0.963336
0.957892
0.954228
0.950753
0.947355
0.94485
0.942742
0.940393
0.937552
0.934458
0.933248
0.932699
0.932808
0.933063
0.931759
0.928639
0.925073
0.92207
0.919265
0.916613
0.914266
0.912173
0.910207
0.908271
0.906193
0.903778
0.901077
0.899574
0.898878
0.898222
0.896946
0.895249
0.893851
0.892848
0.892423
0.892619
0.893987
0.898241
0.907754
0.924283
0.947195
0.973565
0.998919
1.01787
1.02973
1.03687
1.041
1.04427
1.04833
1.05349
1.05658
1.05851
1.06016
1.06183
1.06326
1.06366
1.06358
1.06385
1.06399
1.06284
0.42913
0.433346
0.437579
0.444182
0.454892
0.472196
0.505204
0.548479
0.599288
0.668248
0.735784
0.807916
0.869235
0.907258
0.940292
0.952071
0.956718
0.964415
0.970654
0.972859
0.978406
0.986265
0.991078
0.994438
0.995393
0.995191
0.996312
0.999775
1.00269
1.00351
1.0026
1.00011
0.994654
0.986663
0.977184
0.966332
0.955951
0.948069
0.942702
0.939096
0.937923
0.938029
0.939201
0.941419
0.942519
0.941853
0.940435
0.938394
0.935867
0.933414
0.931051
0.927949
0.924101
0.920311
0.917036
0.913891
0.910912
0.908909
0.90805
0.907407
0.90666
0.905709
0.904285
0.902485
0.900834
0.899172
0.897004
0.894811
0.892872
0.891882
0.891845
0.892216
0.893645
0.897761
0.906822
0.922986
0.94602
0.973246
1.00064
1.02166
1.03303
1.03906
1.04317
1.04601
1.04877
1.05256
1.05626
1.05834
1.05995
1.06166
1.06327
1.06457
1.06493
1.06484
1.06467
1.06329
0.420799
0.422944
0.424814
0.424823
0.423892
0.424021
0.425667
0.430525
0.439373
0.457469
0.484633
0.52523
0.584958
0.645699
0.714533
0.77853
0.827175
0.879781
0.907461
0.928849
0.949606
0.959696
0.966377
0.97733
0.987604
0.99065
0.996618
1.00773
1.01224
1.01028
1.00647
1.00165
0.994916
0.986208
0.97734
0.968104
0.960029
0.953747
0.947111
0.943418
0.943219
0.943522
0.944055
0.9446
0.943595
0.94058
0.936457
0.931453
0.927738
0.925615
0.923753
0.92171
0.920727
0.920556
0.92008
0.91848
0.91589
0.91406
0.912762
0.911087
0.908997
0.906433
0.903299
0.900489
0.898163
0.895991
0.894004
0.891935
0.890809
0.890907
0.891511
0.892526
0.894373
0.898434
0.906702
0.921608
0.944745
0.973576
1.00094
1.02039
1.03107
1.03692
1.04157
1.04573
1.0491
1.0526
1.05668
1.05942
1.06099
1.06231
1.06351
1.06474
1.06546
1.06513
1.06472
1.06297
0.403396
0.40335
0.404142
0.405548
0.40659
0.407601
0.409119
0.411398
0.41404
0.416512
0.419342
0.42297
0.430368
0.443828
0.466534
0.509998
0.563236
0.622308
0.697163
0.767194
0.830624
0.875843
0.909202
0.942847
0.970175
0.977455
0.983766
0.995049
0.998303
0.996974
0.991478
0.98094
0.97045
0.964993
0.966218
0.968228
0.968707
0.967062
0.96336
0.958
0.95402
0.949982
0.94706
0.943723
0.939587
0.934804
0.929994
0.925596
0.922453
0.919484
0.918467
0.91879
0.920724
0.923107
0.923122
0.921873
0.919403
0.9164
0.913688
0.910926
0.908048
0.904913
0.901723
0.898953
0.896723
0.894748
0.893567
0.892557
0.892054
0.892071
0.892292
0.892901
0.894393
0.897851
0.905135
0.918827
0.941537
0.971488
1.00027
1.01834
1.02826
1.03454
1.03976
1.04507
1.05035
1.05485
1.05906
1.06229
1.0637
1.06459
1.06552
1.06653
1.06739
1.06767
1.06736
1.06514
0.389218
0.389395
0.390135
0.392019
0.39367
0.394904
0.396347
0.397551
0.398749
0.398858
0.398148
0.397323
0.397096
0.397379
0.398311
0.400899
0.407117
0.418964
0.442633
0.478826
0.526548
0.595687
0.670063
0.731904
0.793518
0.843838
0.88002
0.926466
0.94294
0.944896
0.951761
0.951839
0.953915
0.963363
0.977253
0.982434
0.981642
0.979142
0.97486
0.969548
0.962438
0.951983
0.940224
0.932521
0.928054
0.926821
0.925177
0.923791
0.922116
0.921663
0.921922
0.923722
0.925638
0.925174
0.923687
0.920829
0.917055
0.913482
0.909512
0.905877
0.902618
0.899881
0.898121
0.896479
0.895579
0.8955
0.895509
0.895488
0.895038
0.894232
0.893517
0.893421
0.894118
0.89645
0.902362
0.914931
0.936826
0.965679
0.993813
1.01499
1.02852
1.03648
1.04159
1.04638
1.05144
1.05592
1.06023
1.06264
1.06352
1.06415
1.06481
1.06559
1.06639
1.06681
1.06645
1.06387
0.397111
0.398402
0.400174
0.402721
0.403708
0.403436
0.402499
0.401174
0.399386
0.397799
0.396348
0.395589
0.395544
0.395654
0.395688
0.395738
0.396103
0.396929
0.398162
0.400112
0.403893
0.412052
0.428796
0.455016
0.498185
0.558758
0.620722
0.689722
0.762842
0.825067
0.883341
0.931759
0.950766
0.963005
0.973914
0.977265
0.976279
0.973848
0.969314
0.961162
0.947941
0.930778
0.923148
0.924126
0.927471
0.929339
0.932037
0.934935
0.934549
0.932539
0.929413
0.928196
0.926704
0.924
0.919269
0.91365
0.908456
0.90482
0.901626
0.900263
0.898215
0.897522
0.898459
0.899696
0.899707
0.898905
0.897589
0.896412
0.89534
0.894179
0.893362
0.89275
0.892653
0.893847
0.898197
0.909027
0.928909
0.956636
0.986669
1.01334
1.03187
1.04189
1.04653
1.04966
1.0529
1.05687
1.06096
1.06243
1.06305
1.06371
1.06436
1.0651
1.06608
1.06678
1.06653
1.06468
0.43034
0.425722
0.420306
0.41568
0.412434
0.408889
0.403789
0.400037
0.398643
0.397697
0.397211
0.396668
0.397264
0.399204
0.400087
0.400201
0.40115
0.402445
0.402762
0.40256
0.401609
0.400403
0.398894
0.399076
0.400327
0.404942
0.415856
0.437089
0.47317
0.522214
0.578063
0.652905
0.729155
0.783193
0.830947
0.858902
0.878647
0.902586
0.909947
0.915267
0.922068
0.929042
0.932429
0.94209
0.949256
0.947754
0.947231
0.946444
0.944473
0.940859
0.934793
0.924292
0.916115
0.909944
0.907775
0.905709
0.904226
0.902041
0.900277
0.900139
0.901492
0.903883
0.904644
0.903699
0.901673
0.899587
0.89735
0.895356
0.892984
0.890664
0.888538
0.888229
0.888893
0.890806
0.895284
0.905528
0.924587
0.9519
0.983869
1.01623
1.03576
1.04485
1.04872
1.05148
1.05432
1.05828
1.06255
1.06387
1.06454
1.06525
1.06598
1.06731
1.06875
1.06976
1.06959
1.06665
0.466091
0.456864
0.450287
0.442595
0.437491
0.436954
0.434864
0.42864
0.426065
0.427829
0.428124
0.42524
0.423038
0.422639
0.421364
0.417919
0.413873
0.411557
0.40928
0.406244
0.402673
0.401027
0.40072
0.400786
0.401465
0.402851
0.404186
0.405238
0.406625
0.409431
0.414611
0.426027
0.451779
0.488984
0.538937
0.603581
0.668561
0.734774
0.793904
0.840342
0.887408
0.919478
0.927095
0.936689
0.940743
0.940006
0.940869
0.940556
0.936628
0.927828
0.915061
0.903072
0.902345
0.904844
0.908368
0.910413
0.912904
0.913593
0.912608
0.910707
0.908544
0.907253
0.905404
0.902067
0.897017
0.891967
0.888563
0.886322
0.884878
0.884974
0.884812
0.885745
0.887839
0.890774
0.896208
0.906211
0.92274
0.949156
0.984529
1.01634
1.03615
1.04046
1.04363
1.0474
1.05158
1.05624
1.06143
1.06436
1.06549
1.06644
1.06739
1.06865
1.07001
1.07103
1.07051
1.06746
0.534129
0.523549
0.517904
0.510461
0.499269
0.49311
0.488642
0.479966
0.468591
0.462414
0.459234
0.453755
0.444651
0.438679
0.436308
0.433464
0.426992
0.423191
0.423091
0.42147
0.419815
0.420763
0.423044
0.422754
0.42151
0.419944
0.417793
0.414894
0.412973
0.411516
0.408959
0.405562
0.403306
0.403914
0.406749
0.414284
0.430534
0.459757
0.507285
0.560036
0.613376
0.679618
0.737585
0.786184
0.821759
0.841494
0.860208
0.878036
0.88511
0.890692
0.89785
0.903869
0.913634
0.926317
0.929208
0.927434
0.926624
0.925139
0.922161
0.917626
0.911473
0.90259
0.895505
0.889875
0.887451
0.885069
0.882316
0.881932
0.88218
0.883154
0.886497
0.890603
0.893929
0.896169
0.899107
0.905304
0.918608
0.942891
0.977588
1.00621
1.02273
1.03461
1.04233
1.04749
1.05197
1.05647
1.0615
1.06497
1.06646
1.06773
1.06908
1.07075
1.07248
1.07359
1.0727
1.06962
0.600006
0.582807
0.572155
0.563736
0.55098
0.536696
0.53053
0.526128
0.515515
0.50181
0.500604
0.499248
0.491536
0.480049
0.47945
0.479221
0.474121
0.466383
0.46532
0.463875
0.459006
0.453759
0.450374
0.446742
0.441685
0.436666
0.432398
0.427718
0.422898
0.419598
0.417658
0.41401
0.409813
0.409939
0.410142
0.409808
0.409322
0.409509
0.410894
0.414801
0.422676
0.44078
0.472571
0.512328
0.564767
0.62378
0.680338
0.738003
0.789149
0.834001
0.877649
0.895765
0.90701
0.919452
0.920085
0.91873
0.918077
0.91732
0.91335
0.904132
0.891742
0.881779
0.881887
0.8848
0.886899
0.888281
0.890137
0.891917
0.892662
0.892992
0.893593
0.892926
0.892912
0.893164
0.893309
0.895831
0.905682
0.926132
0.95385
0.985504
1.01399
1.03298
1.0462
1.05368
1.05747
1.06061
1.06389
1.06587
1.06737
1.06908
1.07094
1.07263
1.07379
1.07399
1.07291
1.07108
0.676641
0.658648
0.643873
0.634653
0.624582
0.606957
0.594711
0.590306
0.583026
0.566514
0.555549
0.55238
0.546557
0.532694
0.521442
0.517657
0.512987
0.502321
0.492594
0.489125
0.485531
0.478518
0.473252
0.47028
0.465575
0.462175
0.461247
0.459574
0.455245
0.452602
0.450706
0.447008
0.440087
0.434809
0.431785
0.428242
0.423096
0.418997
0.416806
0.414762
0.411785
0.409689
0.409989
0.411342
0.415581
0.42528
0.443613
0.474653
0.518427
0.564582
0.621117
0.683309
0.732348
0.77822
0.807289
0.826453
0.845393
0.860853
0.86805
0.87082
0.874971
0.880241
0.890899
0.902454
0.903798
0.903492
0.90474
0.903703
0.900753
0.897504
0.894851
0.890697
0.885147
0.880262
0.88076
0.884171
0.893055
0.911162
0.938754
0.973881
1.01212
1.04415
1.06146
1.0636
1.06323
1.06374
1.06515
1.06692
1.06922
1.07167
1.07405
1.07532
1.07507
1.07361
1.07282
1.07228
0.753775
0.734931
0.714617
0.698262
0.687985
0.672504
0.649819
0.638303
0.632652
0.621188
0.601378
0.593133
0.590338
0.58281
0.565246
0.558311
0.557044
0.552174
0.539849
0.533001
0.530779
0.526624
0.521142
0.516809
0.511573
0.505681
0.501001
0.495856
0.488352
0.480919
0.475414
0.469513
0.461239
0.452492
0.448093
0.445975
0.44214
0.435273
0.433044
0.431347
0.427606
0.422383
0.421803
0.420973
0.418177
0.416934
0.417327
0.418211
0.419831
0.423464
0.432521
0.45331
0.482525
0.520378
0.571246
0.625849
0.678573
0.731092
0.777555
0.82218
0.859056
0.872001
0.881909
0.893159
0.8942
0.893987
0.894882
0.894429
0.891304
0.884429
0.877476
0.869385
0.869101
0.871897
0.875731
0.880762
0.890579
0.905581
0.931935
0.974628
1.02058
1.05626
1.06321
1.06262
1.06273
1.06208
1.06253
1.06492
1.06819
1.07094
1.07359
1.0756
1.07556
1.07391
1.07359
1.07292
0.832254
0.813771
0.792368
0.766591
0.753816
0.743404
0.72238
0.698862
0.692701
0.687086
0.670091
0.651162
0.64711
0.643215
0.629266
0.611273
0.606158
0.60252
0.592413
0.578765
0.570474
0.565184
0.558934
0.551469
0.542458
0.53259
0.526511
0.522719
0.516667
0.506747
0.501054
0.498449
0.494189
0.48555
0.4824
0.481458
0.47912
0.472734
0.467079
0.463827
0.459831
0.453057
0.447304
0.443523
0.43886
0.432166
0.428414
0.427284
0.425934
0.422808
0.42083
0.421172
0.421457
0.42251
0.426864
0.436968
0.456418
0.485887
0.523158
0.566179
0.622297
0.6758
0.714875
0.755775
0.78266
0.802543
0.825798
0.835555
0.843378
0.847467
0.852668
0.860717
0.869989
0.8829
0.889848
0.895724
0.904214
0.914428
0.934049
0.967431
1.01898
1.04141
1.04202
1.04586
1.05435
1.06031
1.06392
1.06763
1.07021
1.07252
1.07495
1.07661
1.07686
1.07555
1.07514
1.07346
0.91677
0.896172
0.875372
0.845253
0.82125
0.811003
0.797112
0.768405
0.74783
0.742095
0.732271
0.709064
0.69158
0.687067
0.679906
0.661062
0.645036
0.641322
0.635947
0.625028
0.61288
0.604908
0.600135
0.595097
0.588592
0.577105
0.567451
0.564709
0.561253
0.552087
0.541141
0.53648
0.532819
0.52508
0.515893
0.510191
0.505209
0.497631
0.489425
0.484478
0.480665
0.474751
0.467607
0.46425
0.462279
0.457995
0.451027
0.449862
0.44876
0.444864
0.43796
0.435762
0.434598
0.431821
0.427692
0.427577
0.427705
0.427329
0.428301
0.431738
0.441046
0.460254
0.484659
0.517123
0.563533
0.610571
0.658817
0.707727
0.752847
0.792378
0.82733
0.849862
0.860541
0.870009
0.877782
0.884585
0.892259
0.900298
0.916079
0.94396
0.982036
1.0007
1.01942
1.04339
1.06087
1.07029
1.07419
1.0752
1.074
1.07407
1.07623
1.07814
1.07919
1.079
1.07825
1.07656
1.00409
0.979544
0.95656
0.930545
0.895437
0.87622
0.865784
0.846021
0.81232
0.797787
0.792218
0.778213
0.75046
0.738549
0.735139
0.724837
0.702206
0.692135
0.688464
0.680987
0.667684
0.654605
0.645705
0.639356
0.632749
0.622324
0.607798
0.598308
0.593306
0.585645
0.571895
0.561299
0.557438
0.552583
0.542969
0.535232
0.531693
0.526899
0.518235
0.514543
0.512574
0.508896
0.502064
0.498067
0.495249
0.490877
0.483736
0.478998
0.475765
0.47171
0.464642
0.458761
0.456207
0.45342
0.447135
0.440805
0.43852
0.43703
0.433448
0.430635
0.430718
0.430602
0.429815
0.430456
0.434256
0.443037
0.458582
0.48241
0.512647
0.554572
0.601539
0.650664
0.690636
0.726609
0.759274
0.787234
0.813595
0.827016
0.845776
0.878839
0.923543
0.972383
1.02353
1.07347
1.09071
1.09381
1.09387
1.08767
1.07924
1.07484
1.0774
1.08067
1.0824
1.08181
1.0801
1.07789
1.10087
1.06656
1.03751
1.01532
0.982886
0.947067
0.932351
0.919928
0.892485
0.859436
0.849463
0.841803
0.821053
0.792421
0.783289
0.777578
0.762374
0.740952
0.729796
0.722719
0.713359
0.700472
0.686755
0.675909
0.668895
0.662153
0.650732
0.635641
0.628319
0.623743
0.615146
0.600418
0.593817
0.591467
0.585335
0.574687
0.568925
0.56496
0.557549
0.549358
0.543722
0.538042
0.530054
0.523207
0.518266
0.513073
0.505224
0.498911
0.496019
0.493671
0.488715
0.482435
0.480461
0.478761
0.475055
0.467352
0.463704
0.462005
0.45886
0.451986
0.447652
0.445325
0.442295
0.436907
0.435365
0.434903
0.433811
0.432418
0.433068
0.436402
0.443485
0.457554
0.478553
0.505569
0.545985
0.58813
0.63339
0.685008
0.731415
0.783448
0.853758
0.941798
1.00832
1.0654
1.0908
1.09513
1.0852
1.07076
1.07141
1.07795
1.08282
1.08339
1.08167
1.07938
1.0787
1.07734
1.1975
1.16072
1.12088
1.09606
1.07157
1.03238
0.999344
0.986573
0.970222
0.936342
0.907047
0.898533
0.887768
0.861637
0.835198
0.827285
0.819574
0.803443
0.78445
0.769983
0.760397
0.752432
0.741298
0.725718
0.712746
0.706706
0.69952
0.684584
0.668971
0.662336
0.656246
0.643136
0.627742
0.622574
0.618212
0.607834
0.595966
0.589973
0.584047
0.575695
0.568649
0.563473
0.556437
0.549895
0.54591
0.542274
0.535327
0.529191
0.527255
0.524969
0.520051
0.512653
0.509049
0.506238
0.501731
0.493855
0.487794
0.484483
0.480945
0.474778
0.467557
0.464301
0.462147
0.457402
0.450101
0.447428
0.445589
0.442025
0.437727
0.437379
0.437917
0.43698
0.435687
0.436251
0.439269
0.445787
0.456979
0.478442
0.503753
0.539385
0.601271
0.684226
0.786039
0.892285
0.975529
1.03065
1.05518
1.06729
1.07958
1.09442
1.09467
1.08987
1.08411
1.08118
1.08074
1.07937
1.29762
1.25835
1.21356
1.17635
1.15386
1.12523
1.08066
1.05181
1.03909
1.01862
0.98123
0.955592
0.946572
0.932328
0.904066
0.88037
0.869799
0.859186
0.844375
0.826306
0.805319
0.793699
0.786993
0.776078
0.756726
0.741391
0.735417
0.72677
0.709412
0.695351
0.689748
0.682525
0.666985
0.655387
0.651719
0.64574
0.632896
0.623993
0.619859
0.613412
0.604934
0.598572
0.592977
0.586616
0.58038
0.574479
0.566583
0.558989
0.554184
0.549712
0.543455
0.534599
0.529157
0.525988
0.522378
0.51502
0.507943
0.505856
0.504082
0.500048
0.492866
0.489991
0.488309
0.485277
0.479032
0.473682
0.470512
0.467051
0.460753
0.45639
0.454261
0.451752
0.446677
0.442323
0.442418
0.44359
0.442743
0.441569
0.442154
0.444927
0.453276
0.472092
0.515214
0.599898
0.726009
0.868987
1.00691
1.05453
1.08338
1.09079
1.08952
1.08558
1.08594
1.08892
1.08888
1.08585
1.39743
1.35549
1.31417
1.26515
1.23195
1.20928
1.17587
1.12963
1.10303
1.08875
1.06526
1.02776
1.0025
0.990746
0.974187
0.948857
0.92477
0.907651
0.896393
0.885108
0.866009
0.83997
0.830197
0.824624
0.811866
0.787604
0.77637
0.771013
0.75915
0.739419
0.730233
0.724871
0.713403
0.696575
0.689499
0.684322
0.673233
0.658448
0.652175
0.646665
0.637259
0.626475
0.618958
0.613334
0.606621
0.599477
0.591132
0.583027
0.578742
0.574983
0.569929
0.560195
0.555361
0.553529
0.550691
0.544047
0.535426
0.532891
0.53089
0.526862
0.5189
0.513171
0.509978
0.506261
0.499614
0.493374
0.490197
0.487597
0.482895
0.476723
0.473619
0.471446
0.467976
0.461473
0.458507
0.456857
0.454371
0.449671
0.446648
0.446973
0.449298
0.452349
0.455766
0.464372
0.49647
0.562386
0.687786
0.835096
0.951852
1.0253
1.04139
1.05888
1.08692
1.10104
1.0974
1.09021
1.50185
1.45204
1.41217
1.3672
1.31784
1.28546
1.26111
1.22582
1.17971
1.1513
1.13541
1.11168
1.07557
1.04667
1.03173
1.01641
0.994894
0.967131
0.944421
0.935521
0.925325
0.90242
0.878045
0.869528
0.860949
0.840984
0.819597
0.810997
0.801701
0.783216
0.767615
0.760611
0.75168
0.734237
0.722034
0.716557
0.708869
0.693051
0.682626
0.678413
0.672181
0.66103
0.64972
0.645096
0.639913
0.633273
0.6242
0.615797
0.611807
0.607689
0.601999
0.591648
0.584583
0.581046
0.577015
0.569724
0.559404
0.55448
0.551706
0.547786
0.539779
0.532333
0.529471
0.527256
0.522085
0.51463
0.512335
0.510703
0.507205
0.50125
0.498308
0.49615
0.493191
0.487452
0.483046
0.480868
0.478675
0.474521
0.467983
0.466184
0.46622
0.466189
0.464764
0.464781
0.466675
0.4726
0.493486
0.559393
0.662307
0.798385
0.914948
1.00924
1.07795
1.089
1.08591
1.08176
1.6067
1.55449
1.50525
1.46563
1.42094
1.36979
1.335
1.31039
1.27597
1.22827
1.19634
1.18027
1.15806
1.1231
1.08824
1.07104
1.05852
1.03907
1.00638
0.982447
0.975083
0.962686
0.937181
0.918289
0.907736
0.892511
0.869454
0.85566
0.845596
0.82911
0.809412
0.800879
0.79384
0.778937
0.762273
0.755394
0.749092
0.7352
0.719623
0.714151
0.709193
0.699248
0.68439
0.677091
0.671609
0.664865
0.654379
0.643871
0.638774
0.633916
0.627673
0.616825
0.607745
0.603962
0.600256
0.594221
0.582715
0.577686
0.576051
0.573287
0.565895
0.556925
0.554618
0.55268
0.548411
0.54058
0.535811
0.533008
0.529178
0.522406
0.51751
0.514909
0.512258
0.506729
0.500947
0.498951
0.497294
0.494517
0.489811
0.486206
0.485859
0.48534
0.484023
0.480686
0.478049
0.478547
0.482058
0.489511
0.505992
0.548973
0.643643
0.755593
0.89197
0.974876
1.01441
1.05295
1.71344
1.66097
1.60319
1.55531
1.51818
1.4737
1.4183
1.38215
1.35863
1.32451
1.27513
1.24083
1.224
1.20302
1.16923
1.12981
1.11059
1.09995
1.0802
1.04443
1.02393
1.0142
0.996757
0.973766
0.957781
0.942144
0.91935
0.902387
0.891141
0.875945
0.852264
0.840191
0.83353
0.821442
0.801622
0.791082
0.784636
0.773531
0.755182
0.746071
0.740896
0.732662
0.716791
0.706629
0.701686
0.696349
0.686307
0.673445
0.668708
0.664629
0.659043
0.647947
0.637443
0.633974
0.630446
0.624589
0.612515
0.605734
0.603449
0.600288
0.592961
0.582068
0.57728
0.574481
0.570094
0.561519
0.555036
0.552319
0.549653
0.543375
0.537226
0.535084
0.533226
0.529023
0.522982
0.521163
0.519743
0.51708
0.511738
0.508824
0.508677
0.508168
0.506998
0.505049
0.501068
0.499416
0.499033
0.499845
0.503037
0.50795
0.519745
0.55043
0.611565
0.724375
0.85126
0.996212
1.81489
1.76174
1.70944
1.65033
1.60403
1.56872
1.52248
1.46518
1.42936
1.40489
1.36997
1.32303
1.28537
1.2651
1.24537
1.21418
1.17287
1.15062
1.13902
1.11736
1.08651
1.06643
1.04908
1.02818
1.01095
0.994462
0.969607
0.948273
0.936869
0.924008
0.899671
0.881379
0.874266
0.864894
0.844886
0.83011
0.823258
0.814347
0.796203
0.783285
0.777402
0.770248
0.754633
0.741239
0.736082
0.731217
0.721557
0.706818
0.700504
0.696058
0.690328
0.678952
0.666317
0.661298
0.657121
0.651042
0.638559
0.628861
0.625936
0.622835
0.616558
0.604426
0.598605
0.596527
0.593466
0.58531
0.577363
0.575423
0.573517
0.568594
0.561306
0.557805
0.555398
0.5512
0.544023
0.54098
0.539402
0.536766
0.531017
0.526066
0.525625
0.525616
0.524811
0.523287
0.521037
0.519327
0.518372
0.517412
0.516512
0.516361
0.518539
0.523053
0.530973
0.554926
0.603385
0.75199
1.91103
1.85637
1.8077
1.7551
1.69621
1.65137
1.61482
1.56749
1.51367
1.47547
1.4472
1.4139
1.37188
1.32819
1.30335
1.28596
1.2581
1.21648
1.18963
1.17498
1.15447
1.13039
1.10559
1.07877
1.06148
1.04808
1.02585
0.997639
0.983077
0.971883
0.950897
0.925847
0.916227
0.908154
0.890601
0.870887
0.861999
0.853816
0.837247
0.819729
0.811897
0.804821
0.790491
0.773141
0.766275
0.761447
0.752748
0.736819
0.728871
0.724774
0.719696
0.709246
0.695385
0.69008
0.686054
0.680405
0.668255
0.656228
0.653377
0.650485
0.644714
0.632019
0.624833
0.622934
0.620109
0.612691
0.602654
0.598828
0.596347
0.591608
0.583089
0.577956
0.575507
0.572291
0.56497
0.560094
0.558698
0.556729
0.551885
0.545815
0.545038
0.545436
0.545085
0.543559
0.541692
0.540061
0.540345
0.540752
0.539944
0.538608
0.536895
0.535915
0.536895
0.540918
0.547306
0.588178
1.9901
1.94668
1.89773
1.8499
1.79805
1.7422
1.69575
1.65589
1.6116
1.56335
1.51882
1.48578
1.45683
1.41918
1.36985
1.34082
1.32541
1.30009
1.26007
1.22766
1.20956
1.19303
1.17162
1.1386
1.10974
1.0971
1.08161
1.05365
1.03194
1.01946
1.00217
0.974507
0.959445
0.950923
0.935868
0.912427
0.900726
0.893222
0.879323
0.858693
0.848636
0.842055
0.829997
0.809415
0.800135
0.795573
0.788214
0.771603
0.761318
0.757487
0.752909
0.742796
0.727524
0.721425
0.717175
0.711385
0.699146
0.685
0.680701
0.677343
0.67151
0.658438
0.648436
0.645893
0.643143
0.636592
0.624634
0.619245
0.6172
0.61387
0.605168
0.598645
0.5969
0.594827
0.588855
0.582535
0.580889
0.579144
0.5746
0.566899
0.565361
0.56554
0.564951
0.562819
0.559821
0.558163
0.558546
0.559155
0.558834
0.557702
0.556708
0.555088
0.552649
0.552589
0.553873
0.562134
2.02736
2.00942
1.9781
1.93583
1.88957
1.83975
1.78724
1.73678
1.69428
1.65589
1.61159
1.55926
1.52283
1.49866
1.46389
1.41212
1.37874
1.36319
1.33995
1.30366
1.26689
1.24557
1.23077
1.20772
1.17042
1.14531
1.13082
1.10883
1.08336
1.06787
1.05264
1.0257
1.0038
0.994106
0.981701
0.956792
0.939264
0.93188
0.921097
0.899391
0.885309
0.879071
0.869804
0.849756
0.835207
0.82937
0.822523
0.80678
0.79226
0.787452
0.782987
0.773561
0.756939
0.749188
0.744939
0.739417
0.72812
0.71237
0.707108
0.703829
0.698476
0.686288
0.673658
0.671322
0.669172
0.663808
0.651131
0.643769
0.642131
0.639606
0.63208
0.622912
0.620138
0.618134
0.613111
0.604917
0.601805
0.600201
0.596871
0.588862
0.584148
0.584094
0.583714
0.581988
0.578958
0.576733
0.57654
0.577609
0.578029
0.577437
0.576859
0.576504
0.574678
0.57363
0.572852
0.573404
2.02998
2.02802
2.02092
2.00219
1.96974
1.92655
1.87838
1.82842
1.7756
1.73244
1.69792
1.65488
1.59822
1.56141
1.53976
1.50605
1.45521
1.41714
1.39839
1.37735
1.3462
1.3084
1.28217
1.26469
1.23916
1.20613
1.18219
1.15971
1.13251
1.11484
1.1019
1.07982
1.051
1.0374
1.0271
1.00582
0.98044
0.970544
0.961905
0.942663
0.922509
0.915387
0.908305
0.89161
0.872828
0.865057
0.858576
0.8446
0.825802
0.819568
0.815502
0.807391
0.789716
0.779881
0.775858
0.770679
0.759762
0.742615
0.736544
0.733342
0.728195
0.716325
0.701459
0.698087
0.696017
0.691123
0.678642
0.667863
0.665227
0.662803
0.656471
0.644967
0.640383
0.638837
0.635538
0.626804
0.621833
0.620677
0.618535
0.612062
0.605196
0.604857
0.60477
0.603358
0.600364
0.597502
0.596954
0.597882
0.5982
0.597659
0.596496
0.595436
0.594251
0.594325
0.594594
0.593868
2.01697
2.02262
2.02499
2.02441
2.01862
1.99756
1.95906
1.91402
1.86773
1.81605
1.77091
1.73623
1.69388
1.64088
1.60468
1.5792
1.54477
1.49979
1.45683
1.4299
1.4108
1.38554
1.34947
1.31698
1.29397
1.26897
1.2431
1.21765
1.18512
1.15832
1.1466
1.13221
1.10445
1.08236
1.07178
1.05613
1.02805
1.01121
1.00276
0.98785
0.962946
0.951674
0.945628
0.932923
0.911421
0.900468
0.894238
0.882983
0.861711
0.851326
0.847181
0.840367
0.823541
0.809646
0.804841
0.799829
0.789608
0.771224
0.763244
0.760148
0.755343
0.74463
0.728046
0.723014
0.721205
0.716951
0.705943
0.692148
0.688981
0.687209
0.68261
0.670603
0.663321
0.662256
0.660199
0.652999
0.645251
0.643459
0.64175
0.636491
0.627818
0.626065
0.62566
0.624245
0.621064
0.617177
0.616409
0.616934
0.617059
0.616393
0.614446
0.612583
0.612092
0.613121
0.613952
0.613646
1.94704
1.98076
2.00177
2.02057
2.02703
2.02489
2.01234
1.98639
1.95097
1.90874
1.85819
1.80962
1.77081
1.7298
1.68548
1.64545
1.61215
1.58024
1.54384
1.4982
1.45889
1.44049
1.42058
1.38825
1.35084
1.32031
1.29701
1.27679
1.25046
1.21232
1.18809
1.17734
1.15906
1.13192
1.1163
1.10361
1.07954
1.05408
1.04333
1.03225
1.00889
0.989318
0.982573
0.973356
0.952491
0.935796
0.929165
0.920653
0.900784
0.884322
0.879501
0.874021
0.859726
0.841894
0.835908
0.831236
0.822113
0.802917
0.792361
0.789439
0.78512
0.775363
0.757573
0.750785
0.749159
0.745374
0.73537
0.71938
0.714394
0.712889
0.709264
0.698341
0.687221
0.685105
0.683457
0.677965
0.667679
0.664236
0.662949
0.659451
0.650439
0.645586
0.645139
0.644182
0.641749
0.638053
0.6357
0.635984
0.636609
0.636365
0.634673
0.632434
0.632026
0.633272
0.633893
0.633617
1.68159
1.83416
1.91124
1.97765
2.01889
2.02381
2.02286
2.01888
2.0102
1.98796
1.94799
1.89785
1.84763
1.80306
1.76407
1.72597
1.68089
1.63949
1.61299
1.58408
1.54042
1.49321
1.47086
1.4518
1.42328
1.38637
1.34775
1.3226
1.30606
1.28127
1.24438
1.22162
1.20677
1.18383
1.16214
1.1491
1.13084
1.10071
1.08249
1.07339
1.05676
1.03097
1.01976
1.01279
0.996748
0.973784
0.963987
0.957207
0.941912
0.919739
0.912071
0.907427
0.896532
0.876593
0.867215
0.862391
0.854419
0.835944
0.820952
0.817331
0.813323
0.804647
0.786673
0.776636
0.774841
0.77136
0.762575
0.74606
0.737873
0.736539
0.733749
0.725015
0.711031
0.707491
0.706529
0.703131
0.692917
0.686509
0.685527
0.683455
0.67605
0.668262
0.667395
0.66646
0.664105
0.660109
0.657069
0.657116
0.657371
0.656986
0.655004
0.65197
0.651297
0.652323
0.652665
0.652172
1.24692
1.45782
1.65016
1.82623
1.93095
1.96665
1.98736
2.00638
2.01342
2.01039
1.99852
1.97134
1.93407
1.89015
1.84357
1.80401
1.76528
1.71601
1.667
1.64108
1.61701
1.57999
1.53653
1.50291
1.47829
1.45372
1.4221
1.37872
1.3469
1.33069
1.30842
1.27889
1.25706
1.23516
1.20862
1.19254
1.17924
1.15446
1.12418
1.1116
1.10072
1.0777
1.05702
1.05005
1.03996
1.01761
1.00042
0.993225
0.982341
0.959268
0.944771
0.940052
0.932185
0.913326
0.899007
0.893782
0.887203
0.871352
0.851793
0.846279
0.842501
0.835062
0.817878
0.804341
0.802262
0.799313
0.791704
0.775283
0.763933
0.762696
0.760675
0.753612
0.738431
0.732065
0.73132
0.72906
0.720399
0.710445
0.708667
0.707235
0.701883
0.691985
0.688496
0.687421
0.68548
0.68123
0.677326
0.676709
0.676884
0.676636
0.674915
0.671554
0.669886
0.6706
0.670982
0.670406
1.02723
1.10645
1.23398
1.41678
1.61604
1.81999
1.9487
1.96642
1.98231
1.99219
1.99481
1.99454
1.98677
1.96397
1.9307
1.88737
1.84457
1.8021
1.75543
1.70692
1.66952
1.64164
1.61174
1.57615
1.53298
1.50046
1.48111
1.45531
1.41403
1.3758
1.35385
1.33241
1.31174
1.29152
1.2625
1.23399
1.22109
1.20623
1.17739
1.15297
1.14215
1.12628
1.099
1.08571
1.07865
1.0629
1.04
1.0294
1.02119
1.0029
0.980033
0.972554
0.966547
0.951525
0.931804
0.924693
0.919283
0.907218
0.885552
0.875785
0.871763
0.86533
0.849984
0.832426
0.828941
0.826434
0.819849
0.804767
0.789461
0.787072
0.785559
0.779916
0.765487
0.754898
0.753958
0.752522
0.746323
0.73405
0.730273
0.729497
0.726489
0.716689
0.709928
0.709284
0.707914
0.704374
0.699513
0.697663
0.698188
0.698181
0.696867
0.693454
0.691283
0.691777
0.691949
0.690919
1.00065
1.00693
1.02618
1.0868
1.21284
1.40815
1.61478
1.77566
1.911
1.9869
1.9937
1.99182
1.98667
1.98327
1.97522
1.95366
1.9175
1.87551
1.83457
1.79229
1.74895
1.70285
1.66791
1.64202
1.60981
1.56266
1.52167
1.50379
1.48272
1.44905
1.41306
1.38032
1.35588
1.34103
1.32255
1.28966
1.26141
1.24782
1.22897
1.20052
1.18452
1.17295
1.15026
1.12527
1.11569
1.10466
1.08176
1.06397
1.05687
1.0453
1.02137
1.00644
1.00061
0.990013
0.968461
0.955726
0.950571
0.941867
0.921935
0.906337
0.901357
0.895796
0.882972
0.862569
0.856338
0.854113
0.848608
0.835346
0.817379
0.81312
0.812149
0.807876
0.794959
0.780481
0.778585
0.777918
0.773766
0.761428
0.754358
0.753893
0.752257
0.744749
0.734482
0.73209
0.730803
0.727702
0.72204
0.719102
0.719165
0.719116
0.717862
0.714083
0.711412
0.711427
0.711493
0.710228
1
1.0001
1.00074
1.00541
1.02401
1.07682
1.20877
1.38508
1.59328
1.75587
1.88133
1.9666
1.99506
1.99607
1.99358
1.98848
1.97388
1.94569
1.90581
1.86106
1.82272
1.78344
1.73791
1.69884
1.67158
1.64035
1.59884
1.55449
1.52282
1.49932
1.47612
1.44848
1.41079
1.38132
1.36815
1.34992
1.31905
1.29375
1.27451
1.24686
1.22335
1.21396
1.20011
1.17381
1.156
1.14586
1.12792
1.10104
1.08987
1.0823
1.06482
1.0427
1.03464
1.02708
1.00927
0.988819
0.981612
0.975062
0.959565
0.938748
0.931145
0.926229
0.916176
0.895266
0.884105
0.881762
0.877211
0.866045
0.846807
0.838837
0.83808
0.834818
0.824022
0.806805
0.801884
0.801673
0.799107
0.788662
0.777236
0.776036
0.775205
0.77054
0.758807
0.753581
0.752607
0.750354
0.745326
0.740398
0.739795
0.740087
0.739313
0.736028
0.73236
0.731971
0.732291
0.731079
1
1
1
1.00008
1.00071
1.00433
1.02378
1.07042
1.18163
1.36347
1.57799
1.74764
1.85487
1.93099
1.98171
1.99565
1.99576
1.99036
1.97342
1.94294
1.90245
1.85892
1.81518
1.77002
1.72629
1.69298
1.66488
1.63213
1.59436
1.54962
1.5166
1.49826
1.47628
1.44104
1.40752
1.39094
1.37268
1.34936
1.32869
1.30335
1.26694
1.24874
1.23987
1.22152
1.19784
1.1862
1.1741
1.14929
1.12705
1.11802
1.1057
1.082
1.06806
1.06193
1.0499
1.02676
1.01316
1.00702
0.995936
0.9738
0.9606
0.955922
0.948565
0.930588
0.913668
0.909996
0.906016
0.896791
0.878164
0.865837
0.864716
0.862306
0.853699
0.836023
0.82661
0.826511
0.825219
0.817606
0.803345
0.799885
0.799674
0.797103
0.78685
0.77769
0.776031
0.774206
0.769691
0.763552
0.762022
0.762324
0.761807
0.758706
0.754499
0.753839
0.754142
0.752722
1
1
1
1
1
1.00006
1.00069
1.00362
1.01874
1.06472
1.16309
1.34342
1.55463
1.75055
1.84746
1.90942
1.95407
1.98136
1.98266
1.98094
1.97051
1.9422
1.90109
1.85407
1.80765
1.76166
1.71143
1.67814
1.65395
1.62302
1.58169
1.54433
1.52446
1.50344
1.47231
1.4378
1.40973
1.38801
1.37366
1.35857
1.33182
1.29772
1.27963
1.26435
1.24007
1.22323
1.21369
1.19694
1.17148
1.1569
1.1458
1.12484
1.1015
1.09418
1.08655
1.06816
1.04738
1.03938
1.03129
1.01275
0.991844
0.985456
0.979886
0.966421
0.94589
0.938788
0.935065
0.927635
0.910959
0.893864
0.891255
0.889493
0.882799
0.866886
0.852121
0.850709
0.850317
0.845421
0.831181
0.823201
0.823018
0.821691
0.814471
0.801984
0.798259
0.796832
0.7934
0.786787
0.78278
0.782832
0.782648
0.780281
0.77562
0.77434
0.774773
0.773484
1
1
1
1
1
1
1
1.00004
1.00051
1.00319
1.01508
1.06208
1.15506
1.31987
1.52182
1.73182
1.85888
1.90238
1.92883
1.95025
1.9647
1.96603
1.95953
1.936
1.89655
1.84962
1.79886
1.74893
1.70117
1.66897
1.63992
1.60448
1.56998
1.54927
1.53087
1.50554
1.47568
1.43932
1.40414
1.38982
1.37879
1.35798
1.33336
1.31298
1.28808
1.2622
1.24994
1.23761
1.21502
1.19562
1.18495
1.16988
1.14275
1.1274
1.12064
1.10775
1.08415
1.0715
1.06513
1.05234
1.02845
1.01587
1.01064
1.00109
0.980958
0.968139
0.963964
0.957916
0.944174
0.923943
0.918145
0.916565
0.911389
0.898239
0.880038
0.875367
0.87548
0.872659
0.860954
0.84801
0.846774
0.846343
0.842006
0.828961
0.821752
0.820653
0.818233
0.812293
0.806129
0.805211
0.805343
0.803894
0.79909
0.797105
0.797439
0.795948
1
1
1
1
1
1
1
1
1
1.00004
1.00039
1.00309
1.01327
1.0532
1.14373
1.29807
1.49443
1.6894
1.8641
1.91132
1.92467
1.93739
1.94262
1.94779
1.94096
1.91761
1.88109
1.83734
1.78762
1.7387
1.69686
1.66171
1.6267
1.59116
1.56596
1.54968
1.53314
1.5086
1.47699
1.43865
1.40753
1.39297
1.37946
1.36358
1.34286
1.31351
1.29022
1.27611
1.25755
1.23422
1.22171
1.21078
1.18964
1.16624
1.15621
1.14605
1.12458
1.10349
1.09657
1.08826
1.06845
1.04808
1.04138
1.0343
1.01784
0.999248
0.993019
0.987912
0.977308
0.956867
0.946012
0.943923
0.939786
0.929527
0.910801
0.900642
0.900586
0.899011
0.890623
0.875349
0.870623
0.870571
0.868309
0.857857
0.845853
0.843665
0.841854
0.836944
0.829418
0.82652
0.826681
0.826034
0.821875
0.818358
0.818502
0.817058
1
1
1
1
1
1
1
1
1
1
1
1.00003
1.00029
1.00251
1.01174
1.04432
1.13319
1.27889
1.47961
1.66062
1.82339
1.92586
1.93579
1.93653
1.92884
1.92118
1.91489
1.89939
1.86468
1.8225
1.77685
1.73448
1.69534
1.65589
1.62202
1.59047
1.56026
1.54287
1.53016
1.50872
1.47651
1.43878
1.41323
1.39934
1.38602
1.36679
1.34196
1.32061
1.30073
1.27564
1.25745
1.24771
1.23321
1.20887
1.19279
1.18324
1.16724
1.1409
1.1282
1.1217
1.10803
1.08391
1.07223
1.06654
1.05491
1.03367
1.02268
1.01775
1.00955
0.991979
0.976024
0.971792
0.967884
0.959913
0.943415
0.927527
0.925702
0.924738
0.918997
0.90492
0.895037
0.894615
0.893674
0.88694
0.872486
0.867652
0.866408
0.862748
0.854907
0.849391
0.849283
0.849205
0.846458
0.841123
0.840561
0.839265
1
1
1
1
1
1
1
1
1
1
1
1
1
1.00003
1.00024
1.00192
1.01071
1.03899
1.12143
1.26225
1.45367
1.64296
1.79212
1.90526
1.93527
1.93257
1.91934
1.89874
1.8885
1.87668
1.84847
1.80998
1.77012
1.7307
1.69069
1.65302
1.62107
1.5854
1.55213
1.54185
1.53031
1.50514
1.47372
1.44629
1.4212
1.40152
1.38501
1.36789
1.3492
1.32495
1.29789
1.28313
1.27174
1.25255
1.23103
1.21934
1.20727
1.18405
1.16211
1.1542
1.14499
1.1241
1.104
1.09772
1.08995
1.07155
1.05378
1.04778
1.04128
1.02676
1.00786
1.00032
0.995946
0.989384
0.976681
0.957867
0.951736
0.950487
0.946194
0.935049
0.921265
0.918352
0.918168
0.914568
0.901523
0.891907
0.890627
0.888235
0.881228
0.873166
0.871621
0.871869
0.870534
0.864614
0.86232
0.86072
1
1
1
1
1
1
1
1
1
1
1
1
1
1
1
1.00002
1.00021
1.00155
1.00937
1.03452
1.10762
1.24531
1.42904
1.61851
1.76453
1.87656
1.9207
1.92058
1.90907
1.88306
1.86815
1.85591
1.83442
1.80344
1.76493
1.7222
1.687
1.65283
1.61372
1.57712
1.55962
1.54416
1.52355
1.50189
1.47841
1.44796
1.4184
1.40214
1.39005
1.37364
1.3494
1.32525
1.30957
1.29358
1.27166
1.2552
1.24413
1.22737
1.20144
1.18715
1.17921
1.16455
1.14041
1.12898
1.12295
1.10992
1.08728
1.07717
1.07227
1.0618
1.04204
1.03046
1.02509
1.01836
1.00792
0.991357
0.980109
0.977101
0.973178
0.964483
0.949882
0.942442
0.942332
0.940663
0.931562
0.917768
0.914876
0.913487
0.908345
0.8986
0.894303
0.89473
0.894164
0.88935
0.884961
0.882872
1
1
1
1
1
1
1
1
1
1
1
1
1
1
1
1
1
1.00002
1.00017
1.00127
1.00783
1.03014
1.09488
1.22906
1.4085
1.58607
1.7336
1.84818
1.89867
1.90093
1.89298
1.86779
1.85005
1.83838
1.82659
1.7981
1.75911
1.72139
1.68658
1.64569
1.61038
1.58606
1.5596
1.5365
1.52202
1.50405
1.47582
1.44401
1.42313
1.40939
1.39367
1.37321
1.35301
1.3349
1.31378
1.29242
1.27946
1.26664
1.24493
1.22324
1.21285
1.2019
1.18037
1.16086
1.15441
1.14615
1.12644
1.10747
1.10207
1.09512
1.07777
1.06091
1.05492
1.04887
1.03871
1.02423
1.01103
1.00464
1.00005
0.992922
0.979777
0.967706
0.966342
0.965835
0.960497
0.946499
0.939479
0.938529
0.935399
0.925871
0.918037
0.917783
0.917652
0.914141
0.908182
0.905134
1
1
1
1
1
1
1
1
1
1
1
1
1
1
1
1
1
1
1
1.00001
1.00014
1.00102
1.00662
1.02694
1.08448
1.20768
1.38312
1.55533
1.70067
1.81241
1.87265
1.87781
1.87283
1.85119
1.82906
1.82278
1.81429
1.78987
1.75782
1.72228
1.6823
1.6462
1.61612
1.58454
1.55407
1.53799
1.52295
1.50045
1.47392
1.45011
1.42918
1.41032
1.39417
1.37865
1.35918
1.33442
1.31511
1.30256
1.28635
1.26345
1.24808
1.23785
1.22171
1.19721
1.18532
1.17884
1.16544
1.14257
1.13197
1.12671
1.11485
1.09307
1.08354
1.0793
1.07072
1.0558
1.04303
1.03488
1.02838
1.02137
1.01033
0.995075
0.990627
0.990514
0.987377
0.976367
0.964886
0.963203
0.961627
0.954659
0.943282
0.94087
0.941113
0.939101
0.932572
0.927869
1
1
1
1
1
1
1
1
1
1
1
1
1
1
1
1
1
1
1
1
1
1.00001
1.00011
1.00083
1.00553
1.02352
1.07354
1.18578
1.351
1.52041
1.66043
1.77112
1.84363
1.85246
1.84846
1.83529
1.81471
1.80877
1.80125
1.78269
1.75456
1.71925
1.68384
1.65075
1.61621
1.58189
1.55816
1.53956
1.51924
1.49945
1.47952
1.45361
1.42825
1.41367
1.40081
1.38142
1.35766
1.34032
1.3248
1.30366
1.2838
1.27265
1.26059
1.23917
1.21913
1.21066
1.20108
1.18115
1.1625
1.15667
1.1492
1.13104
1.11319
1.10849
1.10292
1.08846
1.0724
1.06511
1.05855
1.05063
1.04101
1.02647
1.01658
1.01517
1.01281
1.00534
0.992364
0.987808
0.987032
0.983083
0.971291
0.964295
0.964321
0.96318
0.957584
0.951208
1
1
1
1
1
1
1
1
1
1
1
1
1
1
1
1
1
1
1
1
1
1
1
1.00001
1.00009
1.00067
1.00434
1.02028
1.06194
1.16135
1.3111
1.47999
1.61475
1.72247
1.80493
1.82857
1.82733
1.8217
1.80442
1.79371
1.78681
1.77602
1.75111
1.72038
1.68847
1.65276
1.61784
1.58942
1.56118
1.53641
1.52105
1.50519
1.48082
1.45231
1.43536
1.41981
1.39895
1.38035
1.36567
1.34668
1.32229
1.30622
1.29546
1.27963
1.25722
1.24377
1.23493
1.22008
1.19767
1.18655
1.18043
1.16818
1.14631
1.13671
1.13294
1.12344
1.10382
1.09341
1.0888
1.08105
1.0703
1.05817
1.04641
1.04152
1.03849
1.03281
1.02101
1.01246
1.01158
1.00969
1.0016
0.99001
0.987829
0.986891
0.982795
0.975116
1
1
1
1
1
1
1
1
1
1
1
1
1
1
1
1
1
1
1
1
1
1
1
1
1
1
1.00006
1.00055
1.00318
1.01658
1.05083
1.13164
1.26772
1.42959
1.56756
1.67139
1.75588
1.80342
1.80792
1.8053
1.79323
1.77524
1.77032
1.7636
1.74617
1.7215
1.69113
1.65802
1.62666
1.59528
1.56055
1.54173
1.52658
1.5033
1.4796
1.46161
1.4395
1.41471
1.40065
1.3879
1.36734
1.34505
1.33105
1.31715
1.2962
1.27769
1.26791
1.2567
1.23671
1.21853
1.21089
1.20229
1.1842
1.16652
1.16148
1.15541
1.13965
1.12212
1.1173
1.11231
1.10177
1.08778
1.07703
1.07018
1.0652
1.05978
1.05041
1.03942
1.03639
1.03463
1.0296
1.01797
1.01195
1.01074
1.00807
1.00011
1
1
1
1
1
1
1
1
1
1
1
1
1
1
1
1
1
1
1
1
1
1
1
1
1
1
1
1
1.00004
1.00042
1.0023
1.01173
1.04079
1.10215
1.22087
1.36734
1.51602
1.61938
1.70257
1.76976
1.78678
1.78507
1.77897
1.76379
1.7548
1.74996
1.74172
1.72192
1.69606
1.66724
1.63312
1.59779
1.57083
1.54836
1.5233
1.50361
1.48694
1.46291
1.43695
1.42262
1.40731
1.38516
1.36761
1.35512
1.33749
1.31426
1.30039
1.29053
1.27527
1.25463
1.24225
1.23423
1.22098
1.20055
1.19041
1.18515
1.17483
1.15493
1.1445
1.14134
1.13439
1.11921
1.10565
1.09937
1.09416
1.0878
1.07858
1.06768
1.06235
1.05969
1.05602
1.04733
1.03781
1.03482
1.03246
1.02509
1
1
1
1
1
1
1
1
1
1
1
1
1
1
1
1
1
1
1
1
1
1
1
1
1
1
1
1
1
1
1.00002
1.00026
1.00164
1.00744
1.02999
1.07668
1.1696
1.30378
1.44816
1.56534
1.64777
1.7203
1.76218
1.76477
1.76188
1.75213
1.73805
1.73463
1.73063
1.72053
1.70066
1.67274
1.63958
1.60917
1.5802
1.54866
1.52773
1.51085
1.48687
1.46357
1.44708
1.42669
1.40255
1.38897
1.37682
1.35632
1.33585
1.32411
1.31131
1.29194
1.27505
1.26584
1.25556
1.23764
1.22128
1.21432
1.20669
1.19096
1.17401
1.16901
1.16441
1.1529
1.135
1.12734
1.12341
1.11728
1.10801
1.09657
1.08961
1.08533
1.08089
1.07437
1.06548
1.06059
1.05765
1.05015
1
1
1
1
1
1
1
1
1
1
1
1
1
1
1
1
1
1
1
1
1
1
1
1
1
1
1
1
1
1
1
1
1.00001
1.00013
1.00101
1.00465
1.01854
1.0555
1.12161
1.2378
1.36818
1.50321
1.59231
1.66161
1.72473
1.74408
1.74231
1.73557
1.72544
1.71742
1.71718
1.71208
1.69827
1.67734
1.65028
1.61873
1.5852
1.5584
1.53637
1.51135
1.48967
1.47163
1.44842
1.42499
1.41133
1.39625
1.37413
1.35805
1.34674
1.33056
1.30995
1.29726
1.28817
1.27411
1.25571
1.24468
1.23705
1.22547
1.20718
1.19696
1.19254
1.18466
1.1685
1.15541
1.15114
1.14656
1.1378
1.12482
1.11695
1.11262
1.10801
1.1014
1.09266
1.08606
1.08229
1.07506
1
1
1
1
1
1
1
1
1
1
1
1
1
1
1
1
1
1
1
1
1
1
1
1
1
1
1
1
1
1
1
1
1
1
1.00001
1.00006
1.0005
1.00271
1.01037
1.03523
1.08474
1.16925
1.29322
1.41697
1.52814
1.60287
1.66797
1.71836
1.72213
1.71782
1.71047
1.70403
1.70272
1.70049
1.69247
1.67813
1.65528
1.62536
1.59637
1.56921
1.54087
1.51763
1.49738
1.47338
1.45103
1.43495
1.41588
1.39377
1.38
1.36758
1.34884
1.33057
1.3201
1.30873
1.29113
1.27628
1.2674
1.25773
1.24224
1.22743
1.22067
1.21401
1.20174
1.18586
1.17851
1.17446
1.16826
1.15547
1.14338
1.13927
1.1347
1.12766
1.11943
1.11314
1.10881
1.10043
1
1
1
1
1
1
1
1
1
1
1
1
1
1
1
1
1
1
1
1
1
1
1
1
1
1
1
1
1
1
1
1
1
1
1
1
1
1.00003
1.00021
1.00129
1.00572
1.01875
1.05431
1.11354
1.21168
1.32844
1.4404
1.54278
1.60579
1.66244
1.70022
1.70064
1.69291
1.688
1.68528
1.68554
1.6809
1.67101
1.65539
1.63276
1.60527
1.57667
1.55082
1.52682
1.50195
1.47971
1.46063
1.43817
1.41714
1.40304
1.38791
1.368
1.35299
1.34235
1.32763
1.31019
1.2985
1.28913
1.27631
1.25983
1.24972
1.24289
1.23308
1.2187
1.20724
1.2014
1.19607
1.18617
1.17278
1.16615
1.16196
1.15531
1.14528
1.13827
1.13436
1.12649
1
1
1
1
1
1
1
1
1
1
1
1
1
1
1
1
1
1
1
1
1
1
1
1
1
1
1
1
1
1
1
1
1
1
1
1
1
1
1
1.00001
1.00008
1.00051
1.00265
1.00943
1.02922
1.07064
1.13758
1.23808
1.34956
1.45175
1.53375
1.59771
1.66209
1.67436
1.66972
1.66951
1.66943
1.66981
1.6662
1.65856
1.64778
1.63142
1.60858
1.58451
1.561
1.53603
1.51245
1.48994
1.46609
1.44573
1.42902
1.41021
1.39089
1.37721
1.3642
1.34705
1.33168
1.32064
1.30947
1.29423
1.28034
1.2722
1.26355
1.2508
1.23832
1.23008
1.22369
1.21571
1.20233
1.19147
1.1883
1.18362
1.1749
1.16579
1.16014
1.1516
1
1
1
1
1
1
1
1
1
1
1
1
1
1
1
1
1
1
1
1
1
1
1
1
1
1
1
1
1
1
1
1
1
1
1
1
1
1
1
1
1
1
1.00003
1.00018
1.001
1.00408
1.0139
1.03671
1.08319
1.15403
1.25036
1.34582
1.45166
1.52816
1.58452
1.63275
1.64857
1.64673
1.64816
1.64953
1.64861
1.64245
1.63274
1.62077
1.60626
1.5874
1.56663
1.54683
1.52457
1.50095
1.47993
1.45986
1.43823
1.4195
1.40448
1.38806
1.3705
1.35606
1.34411
1.33043
1.31497
1.30381
1.29484
1.28328
1.26975
1.25957
1.25202
1.24518
1.23486
1.22261
1.21534
1.2099
1.20187
1.19273
1.18755
1.17929
1
1
1
1
1
1
1
1
1
1
1
1
1
1
1
1
1
1
1
1
1
1
1
1
1
1
1
1
1
1
1
1
1
1
1
1
1
1
1
1
1
1
1
1
1.00001
1.00005
1.00031
1.00143
1.00567
1.0167
1.04233
1.08882
1.15572
1.24937
1.34546
1.42863
1.50327
1.56504
1.60568
1.6121
1.6189
1.62542
1.62794
1.62346
1.61491
1.60394
1.59144
1.58027
1.56802
1.5517
1.53406
1.51589
1.4949
1.47295
1.45431
1.43716
1.41828
1.40058
1.38593
1.3715
1.35526
1.34107
1.3299
1.319
1.30577
1.29398
1.28459
1.27616
1.26655
1.25447
1.24526
1.23987
1.23359
1.22405
1.21619
1.20749
1
1
1
1
1
1
1
1
1
1
1
1
1
1
1
1
1
1
1
1
1
1
1
1
1
1
1
1
1
1
1
1
1
1
1
1
1
1
1
1
1
1
1
1
1
1
1
1.00001
1.00008
1.00042
1.00182
1.00639
1.0178
1.0435
1.0868
1.15348
1.2311
1.3193
1.40543
1.47367
1.52479
1.56825
1.58241
1.59071
1.59744
1.60005
1.59462
1.58456
1.57475
1.56495
1.55518
1.54487
1.53395
1.51923
1.50362
1.48866
1.4712
1.45221
1.43526
1.42001
1.40324
1.38698
1.37386
1.36227
1.34976
1.33586
1.32436
1.31417
1.30436
1.29311
1.28188
1.27464
1.26861
1.26027
1.25209
1.24181
1
1
1
1
1
1
1
1
1
1
1
1
1
1
1
1
1
1
1
1
1
1
1
1
1
1
1
1
1
1
1
1
1
1
1
1
1
1
1
1
1
1
1
1
1
1
1
1
1
1
1.00001
1.00009
1.00047
1.0019
1.00634
1.0171
1.03957
1.07881
1.13354
1.20936
1.28482
1.36019
1.43021
1.4843
1.5181
1.54333
1.55778
1.56386
1.56525
1.56328
1.55576
1.54495
1.53691
1.5292
1.51927
1.50915
1.49888
1.48744
1.4751
1.46402
1.45231
1.43803
1.42475
1.41142
1.39764
1.38296
1.36984
1.3601
1.35102
1.3411
1.33046
1.3205
1.31227
1.3032
1.29388
1.28375
1
1
1
1
1
1
1
1
1
1
1
1
1
1
1
1
1
1
1
1
1
1
1
1
1
1
1
1
1
1
1
1
1
1
1
1
1
1
1
1
1
1
1
1
1
1
1
1
1
1
1
1
1
1.00002
1.00009
1.00043
1.00167
1.0053
1.01426
1.03227
1.0646
1.10979
1.1709
1.23834
1.30893
1.36922
1.4246
1.46608
1.49121
1.51194
1.52314
1.5255
1.5248
1.5217
1.51535
1.50694
1.50112
1.49283
1.48293
1.47405
1.46582
1.45644
1.44644
1.43613
1.42738
1.41841
1.40821
1.39897
1.3901
1.37998
1.37005
1.36055
1.353
1.34743
1.34128
1.3283
1
1
1
1
1
1
1
1
1
1
1
1
1
1
1
1
1
1
1
1
1
1
1
1
1
1
1
1
1
1
1
1
1
1
1
1
1
1
1
1
1
1
1
1
1
1
1
1
1
1
1
1
1
1
1
1
1.00001
1.00007
1.00032
1.00122
1.00384
1.01013
1.02311
1.0462
1.08055
1.12786
1.18248
1.24111
1.30132
1.34908
1.39355
1.42612
1.45021
1.4661
1.47704
1.48036
1.48049
1.47813
1.47419
1.46754
1.46064
1.45327
1.44344
1.43594
1.43042
1.42373
1.41524
1.40623
1.39777
1.38939
1.37947
1.3699
1.36527
1.3613
1.35549
1.34237
1
1
1
1
1
1
1
1
1
1
1
1
1
1
1
1
1
1
1
1
1
1
1
1
1
1
1
1
1
1
1
1
1
1
1
1
1
1
1
1
1
1
1
1
1
1
1
1
1
1
1
1
1
1
1
1
1
1
1
1.00001
1.00004
1.00019
1.00071
1.00225
1.00599
1.01389
1.02815
1.05093
1.08257
1.12299
1.16791
1.21644
1.26254
1.30484
1.3396
1.37018
1.39171
1.40731
1.41973
1.42522
1.42791
1.42875
1.42643
1.42319
1.41852
1.412
1.40352
1.39605
1.3913
1.3881
1.38159
1.3737
1.36715
1.35919
1.34935
1.33758
1
1
1
1
1
1
1
1
1
1
1
1
1
1
1
1
1
1
1
1
1
1
1
1
1
1
1
1
1
1
1
1
1
1
1
1
1
1
1
1
1
1
1
1
1
1
1
1
1
1
1
1
1
1
1
1
1
1
1
1
1
1
1
1.00002
1.00009
1.00032
1.00101
1.00276
1.00654
1.01373
1.02574
1.04379
1.06806
1.09788
1.1319
1.16744
1.20341
1.23678
1.26626
1.29289
1.31307
1.32992
1.34241
1.35136
1.35686
1.36054
1.36162
1.36123
1.35959
1.35655
1.35148
1.34646
1.34196
1.33789
1.33326
1.32201
1
1
1
1
1
1
1
1
1
1
1
1
1
1
1
1
1
1
1
1
1
1
1
1
1
1
1
1
1
1
1
1
1
1
1
1
1
1
1
1
1
1
1
1
1
1
1
1
1
1
1
1
1
1
1
1
1
1
1
1
1
1
1
1
1
1
1.00001
1.00003
1.0001
1.00032
1.0009
1.00224
1.00491
1.00966
1.01729
1.0284
1.04328
1.06164
1.08279
1.10578
1.12942
1.15265
1.17461
1.19429
1.2117
1.22585
1.23843
1.2478
1.25459
1.2595
1.26236
1.26333
1.26257
1.26084
1.25839
1.25115
1
1
1
1
1
1
1
1
1
1
1
1
1
1
1
1
1
1
1
1
1
1
1
1
1
1
1
1
1
1
1
1
1
1
1
1
1
1
1
1
1
1
1
1
1
1
1
1
1
1
1
1
1
1
1
1
1
1
1
1
1
1
1
1
1
1
1
1
1
1
1.00001
1.00002
1.00007
1.00019
1.00049
1.00113
1.00236
1.00448
1.00779
1.01258
1.01901
1.02708
1.03659
1.04718
1.05846
1.06996
1.08128
1.09176
1.10117
1.1092
1.11604
1.12141
1.12458
1.12635
1.12663
1.12462
1
1
1
1
1
1
1
1
1
1
1
1
1
1
1
1
1
1
1
1
1
1
1
1
1
1
1
1
1
1
1
1
1
1
1
1
1
1
1
1
1
1
1
1
1
1
1
1
1
1
1
1
1
1
1
1
1
1
1
1
1
1
1
1
1
1
1
1
1
1
1
1
1
1
1
1.00001
1.00002
1.00006
1.00014
1.00031
1.00062
1.00115
1.00196
1.00312
1.00468
1.00664
1.00896
1.01155
1.01429
1.01706
1.01974
1.02213
1.02403
1.02532
1.02588
1.02591
1
1
1
1
1
1
1
1
1
1
1
1
1
1
1
1
1
1
1
1
1
1
1
1
1
1
1
1
1
1
1
1
1
1
1
1
1
1
1
1
1
1
1
1
1
1
1
1
1
1
1
1
1
1
1
1
1
1
1
1
1
1
1
1
1
1
1
1
1
1
1
1
1
1
1
1
1
1
1
1
1
1
1
1
1
1
1
1
1
1
1
1
1
1
1
1
1
1
1
1
1
1
1
1
1
1
1
1
1
1
1
1
1
1
1
1
1
1
1
1
1
1
1
1
1
1
1
1
1
1
1
1
1
1
1
1
1
1
1
1
1
1
1
1
1
1
1
1
1
1
1
1
1
1
1
1
1
1
1
1
1
1
1
1
1
1
1
1
1
1
1
1
1
1
1
1
1
1
1
1
1
1
1
1
1
1
1
1
1
1
1
1
1
1
1
1
1
1
1
1
1
1
1
1
1
1
1
1
1
1
1
1
1
1
1
1
1
1
1
1
1
1
1
1
1
1
1
1
1
1
1
1
1
1
1
1
1
1
1
1
1
1
1
1
1
1
1
1
1
1
1
1
1
1
1
1
1
1
1
1
1
1
1
1
1
1
1
1
1
1
1
1
1
1
1
1
1
1
1
1
1
1
1
1
1
1
1
1
1
1
1
1
1
1
1
1
1
1
1
1
1
1
1
1
1
1
1
1
1
1
1
1
1
1
1
1
1
1
1
1
1
1
1
1
1
1
1
1
1
1
1
1
1
1
1
1
1
1
1
1
1
1
1
1
1
1
1
1
1
1
1
1
1
1
1
1
1
1
1
1
1
1
1
1
1
1
1
1
1
1
1
1
1
1
1
1
1
1
1
1
1
1
1
1
1
1
1
1
1
1
1
1
1
1
1
1
1
1
1
1
1
1
1
1
1
1
1
1
1
1
1
1
1
1
1
1
1
1
1
1
1
1
1
1
1
1
1
1
1
1
1
1
1
1
1
1
1
1
1
1
1
1
1
1
1
1
1
1
1
1
1
1
1
1
1
1
1
1
1
1
1
1
1
1
1
1
1
1
1
1
1
1
1
1
1
1
1
1
1
1
1
1
1
1
1
1
1
1
1
1
1
1
1
1
1
1
1
1
1
1
1
1
1
1
1
1
1
1
1
1
1
1
1
1
1
1
1
1
1
1
1
1
1
1
1
1
1
1
1
1
1
1
1
1
1
1
1
1
1
1
1
1
1
1
1
1
1
1
1
1
1
1
1
1
1
1
1
1
1
1
1
1
1
1
1
1
1
1
1
1
1
1
1
1
1
1
1
1
1
1
1
1
1
1
1
1
1
1
1
1
1
1
1
1
1
1
1
1
1
1
1
1
1
1
1
1
1
1
1
1
1
1
1
1
1
1
1
1
1
1
1
1
1
1
1
1
1
1
1
1
1
1
1
1
1
1
1
1
1
1
1
1
1
1
1
1
1
1
1
1
1
1
1
1
1
1
1
1
1
1
1
1
1
1
1
1
1
1
1
1
1
1
1
1
1
1
1
1
1
1
1
1
1
1
1
1
1
1
1
1
1
1
1
1
1
1
1
1
1
1
1
1
1
1
1
1
1
1
1
1
1
1
1
1
1
1
1
1
1
1
1
1
1
1
1
1
1
1
1
1
1
1
1
1
1
1
1
1
1
1
1
1
1
1
1
1
1
1
1
1
1
1
1
1
1
1
1
1
1
1
1
1
1
1
1
1
1
1
1
1
1
1
1
1
1
1
1
1
1
1
1
1
1
1
1
1
1
1
1
1
1
1
1
1
1
1
1
1
1
1
1
1
1
1
1
1
1
1
1
1
1
1
1
1
1
1
1
1
1
1
1
1
1
1
1
1
1
1
1
1
1
1
1
1
1
1
1
1
1
1
1
1
1
1
1
1
1
1
1
1
1
1
1
1
1
1
1
1
1
1
1
1
1
1
1
1
1
1
1
1
1
1
1
1
1
1
1
1
1
1
1
1
1
1
1
1
1
1
1
1
1
1
1
1
1
1
1
1
1
1
1
1
1
1
1
1
1
1
1
1
1
1
1
1
1
1
1
1
1
1
1
1
1
1
1
1
1
1
1
1
1
1
1
1
1
1
1
1
1
1
1
1
1
1
1
1
1
1
1
1
1
1
1
1
1
1
1
1
1
1
1
1
1
1
1
1
1
1
1
1
1
1
1
1
1
1
1
1
1
1
1
1
1
1
1
1
1
1
1
1
1
1
1
1
1
1
1
1
1
1
1
1
1
1
1
1
1
1
1
1
1
1
1
1
1
1
1
1
1
1
1
1
1
1
1
1
1
1
1
1
1
1
1
1
1
1
1
1
1
1
1
1
1
1
1
1
1
1
1
1
1
1
1
1
1
1
1
1
1
1
1
1
1
1
1
1
1
1
1
1
1
1
1
1
1
1
1
1
1
1
1
1
1
1
1
1
1
1
1
1
1
1
1
1
1
1
1
1
1
1
1
1
1
1
1
1
1
1
1
1
1
1
1
1
1
1
1
1
1
1
1
1
1
1
1
1
1
1
1
1
1
1
1
1
1
1
1
1
1
1
1
1
1
1
1
1
1
1
1
1
1
1
1
1
1
1
1
1
1
1
1
1
1
1
1
1
1
1
1
1
1
1
1
1
1
1
1
1
1
1
1
1
1
1
1
1
1
1
1
1
1
1
1
1
1
1
1
1
1
1
1
1
1
1
1
1
1
1
1
1
1
1
1
1
1
1
1
1
1
1
1
1
1
1
1
1
1
1
1
1
1
1
1
1
1
1
1
1
1
1
1
1
1
1
1
1
1
1
1
1
1
1
1
1
1
1
1
1
1
1
1
1
1
1
1
1
1
1
1
1
1
1
1
1
1
1
1
1
1
1
1
1
1
1
1
1
1
1
1
1
1
1
1
1
1
1
1
1
1
1
1
1
1
1
1
1
1
1
1
1
1
1
1
1
1
1
1
1
1
1
1
1
1
1
1
1
1
1
1
1
1
1
1
1
1
1
1
1
1
1
1
1
1
1
1
1
1
1
1
1
1
1
1
1
1
1
1
1
1
1
1
1
1
1
1
1
1
1
1
1
1
1
1
1
1
1
1
1
1
1
1
1
1
1
1
1
1
1
1
1
1
1
1
1
1
1
1
1
1
1
1
1
1
1
1
1
1
1
1
1
1
1
1
1
1
1
1
1
1
1
1
1
1
1
1
1
1
1
1
1
1
1
1
1
1
1
1
1
1
1
1
1
1
1
1
1
1
1
1
1
1
1
1
1
1
1
1
1
1
1
1
1
1
1
1
1
1
1
1
1
1
1
1
1
1
1
1
1
1
1
1
1
1
1
1
1
1
1
1
1
1
1
1
1
1
1
1
1
1
1
1
1
1
1
1
1
1
1
1
1
1
1
1
1
1
1
1
1
1
1
1
1
1
1
1
1
1
1
1
1
1
1
1
1
1
1
1
1
1
1
1
1
1
1
1
1
1
1
1
1
1
1
1
1
1
1
1
1
1
1
1
1
1
1
1
1
1
1
1
1
1
1
1
1
1
1
1
1
1
1
1
1
1
1
1
1
1
1
1
1
1
1
1
1
1
1
1
1
1
1
1
1
1
1
1
1
1
1
1
1
1
1
1
1
1
1
1
1
1
1
1
1
1
1
1
1
1
1
1
1
1
1
1
1
1
1
1
1
1
1
1
1
1
1
1
1
1
1
1
1
1
1
1
1
1
1
1
1
1
1
1
1
1
1
1
1
1
1
1
1
1
1
1
1
1
1
1
1
1
1
1
1
1
1
1
1
1
1
1
1
1
1
1
1
1
1
1
1
1
1
1
1
1
1
1
1
1
1
1
1
1
1
1
1
1
1
1
1
1
1
1
1
1
1
1
1
1
1
1
1
1
1
1
1
1
1
1
1
1
1
1
1
1
1
1
1
1
1
1
1
1
1
1
1
1
1
1
1
1
1
1
1
1
1
1
1
1
1
1
1
1
1
1
1
1
1
1
1
1
1
1
1
1
1
1
1
1
1
1
1
1
1
1
1
1
1
1
1
1
1
1
1
1
1
1
1
1
1
1
1
1
1
1
1
1
1
1
1
1
1
1
1
1
1
1
1
1
1
1
1
1
1
1
1
1
1
1
1
1
1
1
1
1
1
1
1
1
1
1
1
1
1
1
1
1
1
1
1
1
1
1
1
1
1
1
1
1
1
1
1
1
1
1
1
1
1
1
1
1
1
1
1
1
1
1
1
1
1
1
1
1
1
1
1
1
1
1
1
1
1
1
1
1
1
1
1
1
1
1
1
1
1
1
1
1
1
1
1
1
1
1
1
1
1
1
1
1
1
1
1
1
1
1
1
1
1
1
1
1
1
1
1
1
1
1
1
1
1
1
1
1
1
1
1
1
1
1
1
1
1
1
1
1
1
1
1
1
1
1
1
1
1
1
1
1
1
1
1
1
1
1
1
1
1
1
1
1
1
1
1
1
1
1
1
1
1
1
1
1
1
1
1
1
1
1
1
1
1
1
1
1
1
1
1
1
1
1
1
1
1
1
1
1
1
1
1
1
1
1
1
1
1
1
1
1
1
1
1
1
1
1
1
1
1
1
1
1
1
1
1
1
1
1
1
1
1
1
1
1
1
1
1
1
1
1
1
1
1
1
1
1
1
1
1
1
1
1
1
1
1
1
1
1
1
1
1
1
1
1
1
1
1
1
1
1
1
1
1
1
1
1
1
1
1
1
1
1
1
1
1
1
1
1
1
1
1
1
1
1
1
1
1
1
1
1
1
1
1
1
1
1
1
1
1
1
1
1
1
1
1
1
1
1
1
1
1
1
1
1
1
1
1
1
1
1
1
1
1
1
1
1
1
1
1
1
1
1
1
1
1
1
1
1
1
1
1
1
1
1
1
1
1
1
1
1
1
1
1
1
1
1
1
1
1
1
1
1
1
1
1
1
1
1
1
1
1
1
1
1
1
1
1
1
1
1
1
1
1
1
1
1
1
1
1
1
1
1
1
1
1
1
1
1
1
1
1
1
1
1
1
1
1
1
1
1
1
1
1
1
1
1
1
1
1
1
1
1
1
1
1
1
1
1
1
1
1
1
1
1
1
1
1
1
1
1
1
1
1
1
1
1
1
1
1
1
1
1
1
1
1
1
1
1
1
1
1
1
1
1
1
1
1
1
1
1
1
1
1
1
1
1
1
1
1
1
1
1
1
1
1
1
1
1
1
1
1
1
1
1
1
1
1
1
1
1
1
1
1
1
1
1
1
1
1
1
1
1
1
1
1
1
1
1
1
1
1
1
1
1
1
1
1
1
1
1
1
1
1
1
1
1
1
1
1
1
1
1
1
1
1
1
1
1
1
1
1
1
1
1
1
1
1
1
1
1
1
1
1
1
1
1
1
1
1
1
1
1
1
1
1
1
1
1
1
1
1
1
1
1
1
1
1
1
1
1
1
1
1
1
1
1
1
1
1
1
1
1
1
1
1
1
1
1
1
1
1
1
1
1
1
1
1
1
1
1
1
1
1
1
1
1
1
1
1
1
1
1
1
1
1
1
1
1
1
1
1
1
1
1
1
1
1
1
1
1
1
1
1
1
1
1
1
1
1
1
1
1
1
1
1
1
1
1
1
1
1
1
1
1
1
1
1
1
1
1
1
1
1
1
1
1
1
1
1
1
1
1
1
1
1
1
1
1
1
1
1
1
1
1
1
1
1
1
1
1
1
1
1
1
1
1
1
1
1
1
1
1
1
1
1
1
1
1
1
1
1
1
1
1
1
1
1
1
1
1
1
1
1
1
1
1
1
1
1
1
1
1
1
1
1
1
1
1
1
1
1
1
1
1
1
1
1
1
1
1
1
1
1
1
1
1
1
1
1
1
1
1
1
1
1
1
1
1
1
1
1
1
1
1
1
1
1
1
1
1
1
1
1
1
1
1
1
1
1
1
1
1
1
1
1
1
1
1
1
1
1
1
1
1
1
1
1
1
1
1
1
1
1
1
1
1
1
1
1
1
1
1
1
1
1
1
1
1
1
1
1
1
1
1
1
1
1
1
1
1
1
1
1
1
1
1
1
1
1
1
1
1
1
1
1
1
1
1
1
1
1
1
1
1
1
1
1
1
1
1
1
1
1
1
1
1
1
1
1
1
1
1
1
1
1
1
1
1
1
1
1
1
1
1
1
1
1
1
1
1
1
1
1
1
1
1
1
1
1
1
1
1
1
1
1
1
1
1
1
1
1
1
1
1
1
1
1
1
1
1
1
1
1
1
1
1
1
1
1
1
1
1
1
1
1
1
1
1
1
1
1
1
1
1
1
1
1
1
1
1
1
1
1
1
1
1
1
1
1
1
1
1
1
1
1
1
1
1
1
1
1
1
1
1
1
1
1
1
1
1
1
1
1
1
1
1
1
1
1
1
1
1
1
1
1
1
1
1
1
1
1
1
1
1
1
1
1
1
1
1
1
1
1
1
1
1
1
1
1
1
1
1
1
1
1
1
1
1
1
1
1
1
1
1
1
1
1
1
1
1
1
1
1
1
1
1
1
1
1
1
1
1
1
1
1
1
1
1
1
1
1
1
1
1
1
1
1
1
1
1
1
1
1
1
1
1
1
1
1
1
1
1
1
1
1
1
1
1
1
1
1
1
1
1
1
1
1
1
1
1
1
1
1
1
1
1
1
1
1
1
1
1
1
1
1
1
1
1
1
1
1
1
1
1
1
1
1
1
1
1
1
1
1
1
1
1
1
1
1
1
1
1
1
1
1
1
1
1
1
1
1
1
1
1
1
1
1
1
1
1
1
1
1
1
1
1
1
1
1
1
1
1
1
1
1
1
1
1
1
1
1
1
1
1
1
1
1
1
1
1
1
1
1
1
1
1
1
1
1
1
1
1
1
1
1
1
1
1
1
1
1
1
1
1
1
1
1
1
1
1
1
1
1
1
1
1
1
1
1
1
1
1
1
1
1
1
1
1
1
1
1
1
1
1
1
1
1
1
1
1
1
1
1
1
1
1
1
1
1
1
1
1
1
1
1
1
1
1
1
1
1
1
1
1
1
1
1
1
1
1
1
1
1
1
1
1
1
1
1
1
1
1
1
1
1
1
1
1
1
1
1
1
1
1
1
1
1
1
1
1
1
1
1
1
1
1
1
1
1
1
1
1
1
1
1
1
1
1
1
1
1
1
1
1
1
1
1
1
1
1
1
1
1
1
1
1
1
1
1
1
1
1
1
1
1
1
1
1
1
1
1
1
1
1
1
1
1
1
1
1
1
1
1
1
1
1
1
1
1
1
1
1
1
1
1
1
1
1
1
1
1
1
1
1
1
1
1
1
1
1
1
1
1
1
1
1
1
1
1
1
1
1
1
1
1
1
1
1
1
1
1
1
1
1
1
1
1
1
1
1
1
1
1
1
1
1
1
1
1
1
1
1
1
1
1
1
1
1
1
1
1
1
1
1
1
1
1
1
1
1
1
1
1
1
1
1
1
1
1
1
1
1
1
1
1
1
1
1
1
1
1
1
1
1
1
1
1
1
1
1
1
1
1
1
1
1
1
1
1
1
1
1
1
1
1
1
1
1
1
1
1
1
1
1
1
1
1
1
1
1
1
1
1
1
1
1
1
1
1
1
1
1
1
1
1
1
1
1
1
1
1
1
1
1
1
1
1
1
1
1
1
1
1
1
1
1
1
1
1
1
1
1
1
1
1
1
1
1
1
1
1
1
1
1
1
1
1
1
1
1
1
1
1
1
1
1
1
1
1
1
1
1
1
1
1
1
1
1
1
1
1
1
1
1
1
1
1
1
1
1
1
1
1
1
1
1
1
1
1
1
1
1
1
1
1
1
1
1
1
1
1
1
1
1
1
1
1
1
1
1
1
1
1
1
1
1
1
1
1
1
1
1
1
1
1
1
1
1
1
1
1
1
1
1
1
1
1
1
1
1
1
1
1
1
1
1
1
1
1
1
1
1
1
1
1
1
1
1
1
1
1
1
1
1
1
1
1
1
1
1
1
1
1
1
1
1
1
1
1
1
1
1
1
1
1
1
1
1
1
1
1
1
1
1
1
1
1
1
1
1
1
1
1
1
1
1
1
1
1
1
1
1
1
1
1
1
1
1
1
1
1
1
1
1
1
1
1
1
1
1
1
1
1
1
1
1
1
1
1
1
1
1
1
1
1
1
1
1
1
1
1
1
1
1
1
1
1
1
1
1
1
1
1
1
1
1
1
1
1
1
1
1
1
1
1
1
1
1
1
1
1
1
1
1
1
1
1
1
1
1
1
1
1
1
1
1
1
1
1
1
1
1
1
1
1
1
1
1
1
1
1
1
1
1
1
1
1
1
1
1
1
1
1
1
1
1
1
1
1
1
1
1
1
1
1
1
1
1
1
1
1
1
1
1
1
1
1
1
1
1
1
1
1
1
1
1
1
1
1
1
1
1
1
1
1
1
1
1
1
1
1
1
1
1
1
1
1
1
1
1
1
1
1
1
1
1
1
1
1
1
1
1
1
1
1
1
1
1
1
1
1
1
1
1
1
1
1
1
1
1
1
1
1
1
1
1
1
1
1
1
1
1
1
1
1
1
1
1
1
1
1
1
1
1
1
1
1
1
1
1
1
1
1
1
1
1
1
1
1
1
1
1
1
1
1
1
1
1
1
1
1
1
1
1
1
1
1
1
1
1
1
1
1
1
1
1
1
1
1
1
1
1
1
1
1
1
1
1
1
1
1
1
1
1
1
1
1
1
1
1
1
1
1
1
1
1
1
1
1
1
1
1
1
1
1
1
1
1
1
1
1
1
1
1
1
1
1
1
1
1
1
1
1
1
1
1
1
1
1
1
1
1
1
1
1
1
1
1
1
1
1
1
1
1
1
1
1
1
1
1
1
1
1
1
1
1
1
1
1
1
1
1
1
1
1
1
1
1
1
1
1
1
1
1
1
1
1
1
1
1
1
1
1
1
1
1
1
1
1
1
1
1
1
1
1
1
1
1
1
1
1
1
1
1
1
1
1
1
1
1
1
1
1
1
1
1
1
1
1
1
1
1
1
1
1
1
1
1
1
1
1
1
1
1
1
1
1
1
1
1
1
1
1
1
1
1
1
1
1
1
1
1
1
1
1
1
1
1
1
1
1
1
1
1
1
1
1
1
1
1
1
1
1
1
1
1
1
1
1
1
1
1
1
1
1
1
1
1
1
1
1
1
1
1
1
1
1
1
1
1
1
1
1
1
1
1
1
1
1
1
1
1
1
1
1
1
1
1
1
1
1
1
1
1
1
1
1
1
1
1
1
1
1
1
1
1
1
1
1
1
1
1
1
1
1
1
1
1
1
1
1
1
1
1
1
1
1
1
1
1
1
1
1
1
1
1
1
1
1
1
1
1
1
1
1
1
1
1
1
1
1
1
1
1
1
1
1
1
1
1
1
1
1
1
1
1
1
1
1
1
1
1
1
1
1
1
1
1
1
1
1
1
1
1
1
1
1
1
1
1
1
1
1
1
1
1
1
1
1
1
1
1
1
1
1
1
1
1
1
1
1
1
1
1
1
1
1
1
1
1
1
1
1
1
1
1
1
1
1
1
1
1
1
1
1
1
1
1
1
1
1
1
1
1
1
1
1
1
1
1
1
1
1
1
1
1
1
1
1
1
1
1
1
1
1
1
1
1
1
1
1
1
1
1
1
1
1
1
1
1
1
1
1
1
1
1
1
1
1
1
1
1
1
1
1
1
1
1
1
1
1
1
1
1
1
1
1
1
1
1
1
1
1
1
1
1
1
1
1
1
1
1
1
1
1
1
1
1
1
1
1
1
1
1
1
1
1
1
1
1
1
1
1
1
1
1
1
1
1
1
1
1
1
1
1
1
1
1
1
1
1
1
1
1
1
1
1
1
1
1
1
1
1
1
1
1
1
1
1
1
1
1
1
1
1
1
1
1
1
1
1
1
1
1
1
1
1
1
1
1
1
1
1
1
1
1
1
1
1
1
1
1
1
1
1
1
1
1
1
1
1
1
1
1
1
1
1
1
1
1
1
1
1
1
1
1
1
1
1
1
1
1
1
1
1
1
1
1
1
1
1
1
1
1
1
1
1
1
1
1
1
1
1
1
1
1
1
1
1
1
1
1
1
1
1
1
1
1
1
1
1
1
1
1
1
1
1
1
1
1
1
1
1
1
1
1
1
1
1
1
1
1
1
1
1
1
1
1
1
1
1
1
1
1
1
1
1
1
1
1
1
1
1
1
1
1
1
1
1
1
1
1
1
1
1
1
1
1
1
1
1
1
1
1
1
1
1
1
1
1
1
1
1
1
1
1
1
1
1
1
1
1
1
1
1
1
1
1
1
1
1
1
1
1
1
1
1
1
1
1
1
1
1
1
1
1
1
1
1
1
1
1
1
1
1
1
1
1
1
1
1
1
1
1
1
1
1
1
1
1
1
1
1
1
1
1
1
1
1
1
1
1
1
1
1
1
1
1
1
1
1
1
1
1
1
1
1
1
1
1
1
1
1
1
1
1
1
1
1
1
1
1
1
1
1
1
1
1
1
1
1
1
1
1
1
1
1
1
1
1
1
1
1
1
1
1
1
1
1
1
1
1
1
1
1
1
1
1
1
1
1
1
1
1
1
1
1
1
1
1
1
1
1
1
1
1
1
1
1
1
1
1
1
1
1
1
1
1
1
1
1
1
1
1
1
1
1
1
1
1
1
1
1
1
1
1
1
1
1
1
1
1
1
1
1
1
1
1
1
1
1
1
1
1
1
1
1
1
1
1
1
1
1
1
1
1
1
1
1
1
1
1
1
1
1
1
1
1
1
1
1
1
1
1
1
1
1
1
1
1
1
1
1
1
1
1
1
1
1
1
1
1
1
1
1
1
1
1
1
1
1
1
1
1
1
1
1
1
1
1
1
1
1
1
1
1
1
1
1
1
1
1
1
1
1
1
1
1
1
1
1
1
1
1
1
1
1
1
1
1
1
1
1
1
1
1
1
1
1
1
1
1
1
1
1
1
1
1
1
1
1
1
1
1
1
1
1
1
1
1
1
1
1
1
1
1
1
1
1
1
1
1
1
1
1
1
1
1
1
1
1
1
1
1
1
1
1
1
1
1
1
1
1
1
1
1
1
1
1
1
1
1
1
1
1
1
1
1
1
1
1
1
1
1
1
1
1
1
1
1
1
1
1
1
1
1
1
1
1
1
1
1
1
1
1
1
1
1
1
1
1
1
1
1
1
1
1
1
1
1
1
1
1
1
1
1
1
1
1
1
1
1
1
1
1
1
1
1
1
1
1
1
1
1
1
1
1
1
1
1
1
1
1
1
1
1
1
1
1
1
1
1
1
1
1
1
1
1
1
1
1
1
1
1
1
1
1
1
1
1
1
1
1
1
1
1
1
1
1
1
1
1
1
1
1
1
1
1
1
1
1
1
1
1
1
1
1
1
1
1
1
1
1
1
1
1
1
1
1
1
1
1
1
1
1
1
1
1
1
1
1
1
1
1
1
1
1
1
1
1
1
1
1
1
1
1
1
1
1
1
1
1
1
1
1
1
1
1
1
1
1
1
1
1
1
1
1
1
1
1
1
1
1
1
1
1
1
1
1
1
1
1
1
1
1
1
1
1
1
1
1
1
1
1
1
1
1
1
1
1
1
1
1
1
1
1
1
1
1
1
1
1
1
1
1
1
1
1
1
1
1
1
1
1
1
1
1
1
1
1
1
1
1
1
1
1
1
1
1
1
1
1
1
1
1
1
1
1
1
1
1
1
1
1
1
1
1
1
1
1
1
1
1
1
1
1
1
1
1
1
1
1
1
1
1
1
1
1
1
1
1
1
1
1
1
1
1
1
1
1
1
1
1
1
1
1
1
1
1
1
1
1
1
1
1
1
1
1
1
1
1
1
1
1
1
1
1
1
1
1
1
1
1
1
1
1
1
1
1
1
1
1
1
1
1
1
1
1
1
1
1
1
1
1
1
1
1
1
1
1
1
1
1
1
1
1
1
1
1
1
1
1
1
1
1
1
1
1
1
1
1
1
1
1
1
1
1
1
1
1
1
1
1
1
1
1
1
1
1
1
1
1
1
1
1
1
1
1
1
1
1
1
1
1
1
1
1
1
1
1
1
1
1
1
1
1
1
1
1
1
1
1
1
1
1
1
1
1
1
1
1
1
1
1
1
1
1
1
1
1
1
1
1
1
1
1
1
1
1
1
1
1
1
1
1
1
1
1
1
1
1
1
1
1
1
1
1
1
1
1
1
1
1
1
1
1
1
1
1
1
1
1
1
1
1
1
1
1
1
1
1
1
1
1
1
1
1
1
1
1
1
1
1
1
1
1
1
1
1
1
1
1
1
1
1
1
1
1
1
1
1
1
1
1
1
1
1
1
1
1
1
1
1
1
1
1
1
1
1
1
1
1
1
1
1
1
1
1
1
1
1
1
1
1
1
1
1
1
1
1
1
1
1
1
1
1
1
1
1
1
1
1
1
1
1
1
1
1
1
1
1
1
1
1
1
1
1
1
1
1
1
1
1
1
1
1
1
1
1
1
1
1
1
1
1
1
1
1
1
1
1
1
1
1
1
1
1
1
1
1
1
1
1
1
1
1
1
1
1
1
1
1
1
1
1
1
1
1
1
1
1
1
1
1
1
1
1
1
1
1
1
1
1
1
1
1
1
1
1
1
1
1
1
1
1
1
1
1
1
1
1
1
1
1
1
1
1
1
1
1
1
1
1
1
1
1
1
1
1
1
1
1
1
1
1
1
1
1
1
1
1
1
1
1
1
1
1
1
1
1
1
1
1
1
1
1
1
1
1
1
1
1
1
1
1
1
1
1
1
1
1
1
1
1
1
1
1
1
1
1
1
1
1
1
1
1
1
1
1
1
1
1
1
1
1
1
1
1
1
1
1
1
1
1
1
1
1
1
1
1
1
1
1
1
1
1.00016
1.00007
1.00004
1.00002
1.00001
1.00001
1
1
1
1
1
1
1
1
1
1
1
1
1
1
1
1
1
1
1
1
1
1
1
1
1
1
1
1
1
1
1
1
1
1
1
1
1
1
1
1
1
1
1
1
1
1
1
1
1
1
1
1
1
1
1
1
1
1
1
1
1
1
1
1
1
1
1
1
1
1
1
1
1
1
1
1
1
1
1
1
1
1
1
1
1
1
1
1
1
1
1
1
1
1
1
1
1
1
1
1
1
1
1
1
1
1
1
1
1
1
1
1
1
1
1
1
1
1
1
1
1
1
1
1
1
1
1
1
1
1
1
1
1
1
1
1
1
1
1
1
1
1
1
1
1
1
1
1
1
1
1
1
1
1
1
1
1
1
1
1
1
1
1
1
1
1
1
1
1
1
1
1
1
1
1
1
1
1
1
1
1
1
1
1
1
1
1.01116
1.00781
1.00531
1.00348
1.00263
1.00183
1.00106
1.00066
1.00047
1.00029
1.00016
1.00009
1.00006
1.00004
1.00002
1.00001
1.00001
1
1
1
1
1
1
1
1
1
1
1
1
1
1
1
1
1
1
1
1
1
1
1
1
1
1
1
1
1
1
1
1
1
1
1
1
1
1
1
1
1
1
1
1
1
1
1
1
1
1
1
1
1
1
1
1
1
1
1
1
1
1
1
1
1
1
1
1
1
1
1
1
1
1
1
1
1
1
1
1
1
1
1
1
1
1
1
1
1
1
1
1
1
1
1
1
1
1
1
1
1
1
1
1
1
1
1
1
1
1
1
1
1
1
1
1
1
1
1
1
1
1
1
1
1
1
1
1
1
1
1
1
1
1
1
1
1
1
1
1
1
1
1
1
1
1
1
1
1
1
1
1
1
1
1
1
1
1
1
1
1
1
1
1
1
1
1
1
1
1
1
1
1
1
1
1.15167
1.13
1.10807
1.08154
1.06697
1.05618
1.04186
1.02973
1.02396
1.01911
1.01317
1.00896
1.00683
1.00503
1.00319
1.002
1.00141
1.00097
1.00059
1.00035
1.00022
1.00014
1.00008
1.00004
1.00002
1.00001
1.00001
1
1
1
1
1
1
1
1
1
1
1
1
1
1
1
1
1
1
1
1
1
1
1
1
1
1
1
1
1
1
1
1
1
1
1
1
1
1
1
1
1
1
1
1
1
1
1
1
1
1
1
1
1
1
1
1
1
1
1
1
1
1
1
1
1
1
1
1
1
1
1
1
1
1
1
1
1
1
1
1
1
1
1
1
1
1
1
1
1
1
1
1
1
1
1
1
1
1
1
1
1
1
1
1
1
1
1
1
1
1
1
1
1
1
1
1
1
1
1
1
1
1
1
1
1
1
1
1
1
1
1
1
1
1
1
1
1
1
1
1
1
1
1
1
1
1
1
1
1
1
1
1
1
1
1
1
1
1
1
1
1
1
1
1
1
1.55265
1.52095
1.49522
1.43199
1.37068
1.3435
1.31583
1.26468
1.22698
1.20593
1.18062
1.13937
1.11332
1.09801
1.08054
1.05919
1.04646
1.0387
1.03006
1.02068
1.01515
1.01184
1.00848
1.00544
1.00371
1.00276
1.00187
1.00112
1.00071
1.00048
1.0003
1.00017
1.00009
1.00006
1.00004
1.00002
1.00001
1.00001
1
1
1
1
1
1
1
1
1
1
1
1
1
1
1
1
1
1
1
1
1
1
1
1
1
1
1
1
1
1
1
1
1
1
1
1
1
1
1
1
1
1
1
1
1
1
1
1
1
1
1
1
1
1
1
1
1
1
1
1
1
1
1
1
1
1
1
1
1
1
1
1
1
1
1
1
1
1
1
1
1
1
1
1
1
1
1
1
1
1
1
1
1
1
1
1
1
1
1
1
1
1
1
1
1
1
1
1
1
1
1
1
1
1
1
1
1
1
1
1
1
1
1
1
1
1
1
1
1
1
1
1
1
1
1
1
1
1
1
1
1
1
1
1
1
1
1
1
1
1
1
1
1
1
1.89661
1.87714
1.86242
1.83341
1.77223
1.73963
1.73017
1.71961
1.66251
1.62109
1.59616
1.55347
1.47647
1.43965
1.41953
1.38665
1.32343
1.2892
1.26361
1.22491
1.1768
1.15342
1.1356
1.10966
1.08313
1.06923
1.05826
1.04344
1.03085
1.02422
1.01916
1.01331
1.00892
1.00665
1.00497
1.00321
1.00198
1.00137
1.00094
1.00056
1.00032
1.00021
1.00013
1.00007
1.00004
1.00002
1.00001
1.00001
1
1
1
1
1
1
1
1
1
1
1
1
1
1
1
1
1
1
1
1
1
1
1
1
1
1
1
1
1
1
1
1
1
1
1
1
1
1
1
1
1
1
1
1
1
1
1
1
1
1
1
1
1
1
1
1
1
1
1
1
1
1
1
1
1
1
1
1
1
1
1
1
1
1
1
1
1
1
1
1
1
1
1
1
1
1
1
1
1
1
1
1
1
1
1
1
1
1
1
1
1
1
1
1
1
1
1
1
1
1
1
1
1
1
1
1
1
1
1
1
1
1
1
1
1
1
1
1
1
1
1
1
1
1
1
1
1
1
1
1
1
1
1
1
2.01159
2.00953
2.00205
1.98513
1.97124
1.96039
1.95576
1.95812
1.95597
1.93356
1.90007
1.87875
1.85066
1.81809
1.80567
1.80487
1.78178
1.71421
1.675
1.64599
1.59772
1.54141
1.51863
1.5008
1.44747
1.38166
1.35044
1.31982
1.26766
1.22436
1.20288
1.17955
1.14081
1.11319
1.09769
1.08065
1.05866
1.04509
1.03724
1.02894
1.01976
1.01435
1.01121
1.00801
1.00507
1.00342
1.00251
1.00167
1.00099
1.00061
1.00042
1.00026
1.00014
1.00008
1.00005
1.00003
1.00001
1.00001
1
1
1
1
1
1
1
1
1
1
1
1
1
1
1
1
1
1
1
1
1
1
1
1
1
1
1
1
1
1
1
1
1
1
1
1
1
1
1
1
1
1
1
1
1
1
1
1
1
1
1
1
1
1
1
1
1
1
1
1
1
1
1
1
1
1
1
1
1
1
1
1
1
1
1
1
1
1
1
1
1
1
1
1
1
1
1
1
1
1
1
1
1
1
1
1
1
1
1
1
1
1
1
1
1
1
1
1
1
1
1
1
1
1
1
1
1
1
1
1
1
1
1
1
1
1
1
1
1
1
1
1
1
1
2.03186
2.0312
2.02756
2.02442
2.02319
2.02256
2.02368
2.02482
2.02434
2.02212
2.00958
1.99894
1.99473
1.98915
1.98554
1.98719
1.98591
1.97345
1.93319
1.9135
1.90636
1.89085
1.86917
1.86505
1.85991
1.80434
1.74574
1.72205
1.70412
1.65486
1.61349
1.59479
1.56793
1.4885
1.43966
1.41329
1.37803
1.31596
1.28107
1.25761
1.22187
1.17372
1.14924
1.13066
1.10454
1.07841
1.06489
1.05431
1.04016
1.02834
1.02214
1.01731
1.01178
1.00783
1.00581
1.00426
1.00268
1.00164
1.00112
1.00075
1.00044
1.00025
1.00016
1.0001
1.00005
1.00003
1.00002
1.00001
1
1
1
1
1
1
1
1
1
1
1
1
1
1
1
1
1
1
1
1
1
1
1
1
1
1
1
1
1
1
1
1
1
1
1
1
1
1
1
1
1
1
1
1
1
1
1
1
1
1
1
1
1
1
1
1
1
1
1
1
1
1
1
1
1
1
1
1
1
1
1
1
1
1
1
1
1
1
1
1
1
1
1
1
1
1
1
1
1
1
1
1
1
1
1
1
1
1
1
1
1
1
1
1
1
1
1
1
1
1
1
1
1
1
1
1
1
1
1
1
1
1
1
1
2.03262
2.03242
2.03121
2.0311
2.03137
2.03315
2.03501
2.03537
2.03526
2.03322
2.03034
2.02912
2.02854
2.02932
2.0315
2.03162
2.03106
2.02645
2.01698
2.01293
2.0114
2.01017
2.00765
2.0063
2.00485
1.99153
1.9623
1.94759
1.94463
1.94325
1.92456
1.90901
1.9041
1.87343
1.81791
1.79369
1.78678
1.76616
1.70477
1.67433
1.65306
1.60206
1.53371
1.50664
1.4851
1.43172
1.36874
1.33941
1.31018
1.25691
1.2138
1.19219
1.16793
1.1298
1.10425
1.08958
1.07281
1.05213
1.03999
1.03274
1.02476
1.01661
1.01204
1.00929
1.00642
1.00399
1.00269
1.00194
1.00124
1.00071
1.00044
1.00029
1.00017
1.00009
1.00005
1.00003
1.00002
1.00001
1
1
1
1
1
1
1
1
1
1
1
1
1
1
1
1
1
1
1
1
1
1
1
1
1
1
1
1
1
1
1
1
1
1
1
1
1
1
1
1
1
1
1
1
1
1
1
1
1
1
1
1
1
1
1
1
1
1
1
1
1
1
1
1
1
1
1
1
1
1
1
1
1
1
1
1
1
1
1
1
1
1
1
1
1
1
1
1
1
1
1
1
1
1
1
1
1
1
1
1
1
1
1
1
1
1
1
1
1
1
1
1
1
1
2.00917
2.01431
2.01846
2.02099
2.02443
2.02965
2.03244
2.03365
2.03407
2.03343
2.03311
2.03323
2.03438
2.03651
2.03747
2.03771
2.03694
2.03457
2.03376
2.03371
2.03428
2.03645
2.03703
2.03656
2.03489
2.02813
2.0234
2.02197
2.02149
2.02209
2.021
2.01902
2.0163
2.00415
1.9905
1.98199
1.97771
1.97659
1.96661
1.94097
1.92739
1.91364
1.88445
1.85997
1.85276
1.84835
1.79536
1.7409
1.71914
1.69779
1.63973
1.5985
1.57889
1.54752
1.46742
1.42274
1.39688
1.35797
1.29564
1.26333
1.23959
1.20154
1.15687
1.13482
1.11664
1.09063
1.06771
1.05591
1.04583
1.03266
1.02297
1.01791
1.01366
1.009
1.00592
1.00433
1.00305
1.00185
1.00112
1.00076
1.0005
1.00028
1.00015
1.00009
1.00006
1.00003
1.00001
1.00001
1
1
1
1
1
1
1
1
1
1
1
1
1
1
1
1
1
1
1
1
1
1
1
1
1
1
1
1
1
1
1
1
1
1
1
1
1
1
1
1
1
1
1
1
1
1
1
1
1
1
1
1
1
1
1
1
1
1
1
1
1
1
1
1
1
1
1
1
1
1
1
1
1
1
1
1
1
1
1
1
1
1
1
1
1
1
1
1
1
1
1
1
1
1
1
1
1
1
1
1
1
1
1
1
1.94178
1.95057
1.95502
1.96191
1.97816
1.98895
1.99353
1.99775
2.00466
2.01022
2.01322
2.01803
2.02557
2.02931
2.03133
2.03337
2.03434
2.03432
2.03458
2.03522
2.03761
2.03971
2.04004
2.03993
2.0385
2.03639
2.03592
2.03607
2.03796
2.03982
2.03996
2.03969
2.03756
2.0336
2.03186
2.03093
2.03026
2.02947
2.02814
2.02587
2.01987
2.01344
2.01036
2.00668
2.00261
2.00088
1.99366
1.96468
1.94738
1.94457
1.94145
1.91717
1.90145
1.8946
1.86344
1.80576
1.7837
1.77622
1.74826
1.68483
1.65602
1.63312
1.57507
1.51032
1.48432
1.45898
1.39692
1.34115
1.31432
1.28378
1.22886
1.19117
1.17028
1.14491
1.10904
1.08786
1.07474
1.05885
1.04135
1.03167
1.02556
1.01855
1.01214
1.00865
1.0065
1.00433
1.00263
1.00174
1.00122
1.00075
1.00041
1.00025
1.00016
1.00009
1.00005
1.00003
1.00001
1.00001
1
1
1
1
1
1
1
1
1
1
1
1
1
1
1
1
1
1
1
1
1
1
1
1
1
1
1
1
1
1
1
1
1
1
1
1
1
1
1
1
1
1
1
1
1
1
1
1
1
1
1
1
1
1
1
1
1
1
1
1
1
1
1
1
1
1
1
1
1
1
1
1
1
1
1
1
1
1
1
1
1
1
1
1
1
1
1
1
1
1
1
1
1
1
1.84638
1.85192
1.8582
1.88072
1.89833
1.90608
1.91106
1.91989
1.93313
1.93899
1.9446
1.95791
1.97522
1.98213
1.98659
1.99292
2.00201
2.0063
2.00995
2.01689
2.02415
2.02675
2.02883
2.03159
2.03357
2.03442
2.03525
2.03704
2.03965
2.04123
2.0417
2.04171
2.04076
2.03964
2.03917
2.03913
2.04016
2.04073
2.04072
2.0402
2.03878
2.03828
2.03797
2.03715
2.03607
2.03561
2.0344
2.02898
2.02383
2.02293
2.02381
2.02348
2.01841
2.01291
2.00375
1.98734
1.97702
1.97567
1.97692
1.96378
1.93292
1.91866
1.90688
1.87475
1.84777
1.83829
1.82768
1.76487
1.72017
1.70248
1.67859
1.60861
1.5671
1.54419
1.5031
1.42738
1.39159
1.3666
1.32167
1.26055
1.23097
1.20685
1.16831
1.13054
1.11162
1.09482
1.07105
1.0525
1.04267
1.03383
1.02321
1.01608
1.01231
1.00908
1.0058
1.00372
1.00265
1.00179
1.00104
1.00061
1.0004
1.00025
1.00013
1.00007
1.00004
1.00002
1.00001
1.00001
1
1
1
1
1
1
1
1
1
1
1
1
1
1
1
1
1
1
1
1
1
1
1
1
1
1
1
1
1
1
1
1
1
1
1
1
1
1
1
1
1
1
1
1
1
1
1
1
1
1
1
1
1
1
1
1
1
1
1
1
1
1
1
1
1
1
1
1
1
1
1
1
1
1
1
1
1
1
1
1
1
1
1
1
1.73557
1.7471
1.77159
1.78576
1.79398
1.80119
1.81446
1.82572
1.83132
1.83721
1.85347
1.87632
1.88639
1.89308
1.90135
1.91646
1.9243
1.92893
1.93677
1.95589
1.9669
1.97233
1.97793
1.98905
1.99688
2.00077
2.00602
2.01616
2.02244
2.02494
2.02734
2.03104
2.03349
2.03451
2.03568
2.03826
2.04044
2.04137
2.04198
2.04227
2.04213
2.04218
2.04223
2.04249
2.04251
2.04218
2.04138
2.04064
2.04066
2.04093
2.04166
2.04178
2.04153
2.03868
2.03474
2.03262
2.03149
2.03242
2.03315
2.03253
2.02609
2.01616
2.01343
2.0112
2.00405
1.99867
1.99739
1.9864
1.9569
1.94507
1.94424
1.93558
1.89841
1.87939
1.86979
1.838
1.78811
1.76982
1.75948
1.71129
1.64162
1.61459
1.59231
1.53147
1.47252
1.44621
1.41564
1.34735
1.29701
1.27122
1.23965
1.18876
1.15726
1.1381
1.11389
1.08333
1.06619
1.05494
1.04151
1.02853
1.0215
1.01689
1.01171
1.00746
1.0052
1.00375
1.00237
1.00138
1.0009
1.0006
1.00035
1.00019
1.00011
1.00007
1.00003
1.00002
1.00001
1
1
1
1
1
1
1
1
1
1
1
1
1
1
1
1
1
1
1
1
1
1
1
1
1
1
1
1
1
1
1
1
1
1
1
1
1
1
1
1
1
1
1
1
1
1
1
1
1
1
1
1
1
1
1
1
1
1
1
1
1
1
1
1
1
1
1
1
1
1
1
1
1
1
1
1.63904
1.6567
1.66391
1.67023
1.68246
1.6985
1.70571
1.71214
1.71971
1.74321
1.76029
1.76941
1.77806
1.79204
1.80657
1.81213
1.81592
1.82507
1.8488
1.86217
1.87124
1.88074
1.89746
1.90889
1.91427
1.9193
1.93488
1.95212
1.95873
1.96356
1.97156
1.98483
1.99089
1.99509
2.00195
2.0134
2.01864
2.02183
2.0255
2.03055
2.0334
2.03529
2.03748
2.03988
2.04109
2.04172
2.04222
2.04259
2.04286
2.04337
2.0439
2.04405
2.04398
2.043
2.04195
2.04181
2.04233
2.04334
2.04362
2.04332
2.04172
2.04056
2.04028
2.04021
2.0395
2.03823
2.03756
2.03586
2.0294
2.02503
2.02416
2.02416
2.01904
2.0082
2.00509
2.00333
1.99056
1.97785
1.97346
1.96985
1.93743
1.90893
1.90168
1.89667
1.8599
1.82853
1.81433
1.79011
1.71852
1.68154
1.66584
1.63774
1.56083
1.51956
1.49281
1.44445
1.37197
1.33901
1.31305
1.2662
1.21368
1.18784
1.1641
1.12752
1.09768
1.08214
1.06748
1.04838
1.03542
1.02827
1.02139
1.01399
1.00949
1.00706
1.00488
1.00296
1.00186
1.00129
1.00082
1.00045
1.00026
1.00016
1.00009
1.00005
1.00002
1.00001
1.00001
1
1
1
1
1
1
1
1
1
1
1
1
1
1
1
1
1
1
1
1
1
1
1
1
1
1
1
1
1
1
1
1
1
1
1
1
1
1
1
1
1
1
1
1
1
1
1
1
1
1
1
1
1
1
1
1
1
1
1
1
1
1
1
1
1
1.53648
1.54144
1.54902
1.56406
1.57081
1.57838
1.58777
1.61001
1.62791
1.63633
1.6433
1.65383
1.67384
1.68287
1.6881
1.69199
1.70594
1.72542
1.73668
1.74925
1.76532
1.78519
1.79434
1.7991
1.80353
1.82372
1.84144
1.84977
1.85768
1.87032
1.88933
1.89815
1.90348
1.91049
1.93104
1.94371
1.94984
1.956
1.96928
1.98103
1.98635
1.99166
2.00143
2.01078
2.01456
2.01831
2.02441
2.02957
2.03218
2.03503
2.03792
2.03947
2.04036
2.04178
2.043
2.04355
2.04409
2.04469
2.04501
2.04503
2.04448
2.04396
2.04394
2.04438
2.04541
2.04554
2.04525
2.04401
2.04266
2.04258
2.04279
2.04288
2.04214
2.04043
2.03971
2.03951
2.03814
2.03542
2.03311
2.0312
2.02629
2.01707
2.0149
2.01579
2.01486
2.00396
1.99111
1.98231
1.96895
1.94515
1.93821
1.93877
1.92336
1.87339
1.8489
1.83587
1.79935
1.7502
1.73154
1.71751
1.65699
1.58993
1.56118
1.53179
1.4628
1.41079
1.38434
1.35031
1.28409
1.24308
1.21747
1.18359
1.13977
1.11597
1.09941
1.07762
1.05561
1.04394
1.03525
1.02471
1.01649
1.01226
1.00912
1.00584
1.00364
1.00254
1.00172
1.00099
1.00056
1.00036
1.00022
1.00011
1.00006
1.00003
1.00002
1.00001
1
1
1
1
1
1
1
1
1
1
1
1
1
1
1
1
1
1
1
1
1
1
1
1
1
1
1
1
1
1
1
1
1
1
1
1
1
1
1
1
1
1
1
1
1
1
1
1
1
1
1
1
1
1
1
1
1.42727
1.43615
1.44025
1.44237
1.44925
1.47612
1.49769
1.50823
1.51409
1.51986
1.53539
1.54504
1.55112
1.55576
1.56603
1.58444
1.59388
1.60419
1.6192
1.64459
1.66041
1.66756
1.67118
1.67938
1.70082
1.7114
1.71806
1.72831
1.75065
1.77024
1.77869
1.78333
1.79193
1.81598
1.82884
1.83603
1.84386
1.86348
1.88169
1.88995
1.89641
1.9084
1.92794
1.93614
1.94149
1.94984
1.9668
1.97556
1.98139
1.98874
2.00006
2.00569
2.00903
2.01443
2.023
2.02679
2.02967
2.03379
2.0378
2.03974
2.04136
2.04281
2.04375
2.04443
2.04524
2.04556
2.04571
2.04561
2.04515
2.04513
2.04524
2.04546
2.04603
2.04638
2.04637
2.04628
2.04591
2.04518
2.04456
2.04383
2.0429
2.04261
2.04279
2.04291
2.04287
2.04051
2.03646
2.03373
2.0329
2.03215
2.03099
2.03106
2.02764
2.01355
1.99889
1.99388
1.99356
1.98473
1.96839
1.96357
1.95591
1.91441
1.88334
1.87462
1.86762
1.82224
1.78826
1.7726
1.74255
1.66305
1.62418
1.60336
1.5621
1.48771
1.45326
1.42537
1.36807
1.30373
1.27425
1.24436
1.1954
1.1575
1.13733
1.11469
1.08396
1.06498
1.05343
1.04036
1.02724
1.02004
1.0155
1.01061
1.00667
1.00459
1.00325
1.00197
1.00113
1.00072
1.00046
1.00025
1.00013
1.00008
1.00004
1.00002
1.00001
1.00001
1
1
1
1
1
1
1
1
1
1
1
1
1
1
1
1
1
1
1
1
1
1
1
1
1
1
1
1
1
1
1
1
1
1
1
1
1
1
1
1
1
1
1
1
1
1
1.31711
1.31936
1.324
1.34192
1.36016
1.37563
1.38765
1.39921
1.40935
1.41394
1.41564
1.41789
1.43144
1.44661
1.45525
1.46417
1.47466
1.49835
1.51948
1.52808
1.53331
1.53742
1.55454
1.56842
1.57313
1.57746
1.59272
1.62397
1.63996
1.64741
1.65132
1.66375
1.6838
1.69209
1.69806
1.70811
1.73688
1.7557
1.76609
1.77348
1.78771
1.80826
1.81642
1.8217
1.83115
1.85671
1.87151
1.8808
1.89028
1.90829
1.9213
1.92685
1.93217
1.94741
1.96273
1.96919
1.97533
1.9866
1.99744
2.00209
2.00643
2.01402
2.02159
2.02478
2.02798
2.03296
2.03683
2.03867
2.04051
2.04233
2.04344
2.04425
2.04529
2.04607
2.04639
2.0467
2.04682
2.04651
2.0461
2.04586
2.0462
2.04678
2.04708
2.0473
2.04713
2.04633
2.04579
2.04554
2.04598
2.04707
2.04734
2.04723
2.04552
2.04211
2.03917
2.03819
2.03954
2.04009
2.03945
2.03674
2.03056
2.02121
2.01265
2.01003
2.01181
2.01031
1.9963
1.98279
1.97188
1.94636
1.92077
1.91324
1.91279
1.88435
1.84049
1.82087
1.799
1.73393
1.68751
1.66903
1.64575
1.57086
1.52302
1.49474
1.45039
1.37311
1.33407
1.3062
1.26118
1.20802
1.18058
1.15671
1.1214
1.0919
1.07604
1.061
1.04265
1.03107
1.02451
1.01777
1.01128
1.00781
1.00571
1.0036
1.00208
1.00137
1.00091
1.0005
1.00027
1.00016
1.0001
1.00005
1.00002
1.00001
1.00001
1
1
1
1
1
1
1
1
1
1
1
1
1
1
1
1
1
1
1
1
1
1
1
1
1
1
1
1
1
1
1
1
1
1
1
1
1
1.21309
1.22257
1.22858
1.24009
1.26133
1.27896
1.28706
1.29097
1.29169
1.29374
1.30426
1.3156
1.31957
1.3244
1.33872
1.36493
1.38198
1.3918
1.39735
1.40071
1.41262
1.42658
1.43199
1.43419
1.4374
1.46348
1.49346
1.50679
1.51306
1.51849
1.53297
1.54364
1.54822
1.55086
1.56745
1.59857
1.61679
1.62909
1.63835
1.65495
1.66834
1.67427
1.67799
1.69086
1.72039
1.73761
1.75048
1.76263
1.78291
1.7958
1.80162
1.80651
1.82613
1.84995
1.86132
1.87103
1.88478
1.90301
1.91133
1.91777
1.92952
1.94806
1.95622
1.96259
1.97243
1.9864
1.99327
1.99878
2.00636
2.01523
2.0195
2.02327
2.02874
2.03359
2.03564
2.03743
2.03962
2.04095
2.04165
2.04281
2.04475
2.04593
2.04662
2.04709
2.04719
2.04702
2.04702
2.04722
2.04778
2.0482
2.04838
2.04824
2.04755
2.0471
2.04697
2.04727
2.04842
2.049
2.04906
2.04826
2.04607
2.04471
2.04385
2.04373
2.04489
2.04495
2.04432
2.04029
2.03278
2.02882
2.02543
2.02409
2.02588
2.0255
2.01784
1.99701
1.98492
1.97406
1.95424
1.94333
1.94319
1.93611
1.89059
1.85748
1.83874
1.80497
1.74755
1.72459
1.71089
1.66397
1.58891
1.55627
1.52258
1.45234
1.3968
1.3694
1.33039
1.26636
1.22932
1.20301
1.16387
1.12449
1.10484
1.08648
1.06229
1.04595
1.03707
1.02748
1.0177
1.01253
1.00937
1.00603
1.00356
1.00238
1.00162
1.00091
1.00049
1.0003
1.00018
1.00009
1.00004
1.00002
1.00001
1.00001
1
1
1
1
1
1
1
1
1
1
1
1
1
1
1
1
1
1
1
1
1
1
1
1
1
1
1
1
1.11132
1.11649
1.13648
1.16
1.16996
1.17307
1.17304
1.17529
1.18501
1.19269
1.19562
1.19693
1.2041
1.23071
1.25325
1.26408
1.26935
1.27299
1.28339
1.29469
1.29852
1.29822
1.29894
1.30789
1.3405
1.36332
1.37409
1.38097
1.39017
1.40012
1.40487
1.40606
1.40998
1.43012
1.457
1.47679
1.49114
1.50317
1.51558
1.5218
1.52471
1.52786
1.5454
1.57081
1.58995
1.60726
1.62406
1.64103
1.6486
1.65265
1.65709
1.6806
1.70472
1.71959
1.73308
1.75174
1.76998
1.77792
1.7852
1.80114
1.82536
1.83696
1.84772
1.86294
1.88365
1.89369
1.90185
1.91492
1.93401
1.94285
1.95011
1.96126
1.97585
1.9828
1.98859
1.99724
2.00676
2.01094
2.01487
2.02163
2.028
2.03094
2.03362
2.03659
2.03859
2.03974
2.04121
2.04324
2.04456
2.04544
2.04631
2.04695
2.0473
2.04754
2.0477
2.04817
2.04896
2.04944
2.04956
2.04905
2.04841
2.04816
2.04818
2.04904
2.04957
2.04956
2.04919
2.04737
2.04638
2.04636
2.0466
2.0481
2.04897
2.04876
2.04806
2.04366
2.03841
2.03672
2.0352
2.03394
2.03519
2.03502
2.03135
2.01213
1.99831
1.99181
1.98036
1.97079
1.97116
1.96694
1.92906
1.89368
1.8766
1.8535
1.8065
1.78467
1.77316
1.72924
1.65431
1.62017
1.589
1.52158
1.46542
1.43687
1.39712
1.32521
1.28369
1.25425
1.21043
1.16299
1.13903
1.11719
1.08655
1.06445
1.05253
1.04008
1.02616
1.01864
1.01423
1.00945
1.00555
1.00376
1.00261
1.00149
1.00079
1.00049
1.0003
1.00015
1.00007
1.00004
1.00002
1.00001
1
1
1
1
1
1
1
1
1
1
1
1
1
1
1
1
1
1
1
1
1.0191
1.04328
1.0535
1.05869
1.06251
1.06747
1.07193
1.07501
1.07637
1.07838
1.08521
1.10504
1.12406
1.13814
1.14798
1.156
1.16219
1.16812
1.17176
1.17222
1.17347
1.17791
1.19643
1.21731
1.23457
1.24756
1.25704
1.26362
1.2688
1.27107
1.27398
1.28079
1.29717
1.31707
1.33945
1.3573
1.3696
1.37578
1.3781
1.37998
1.38712
1.40357
1.42059
1.44172
1.46446
1.48269
1.49128
1.49521
1.49693
1.50524
1.52666
1.54607
1.56549
1.586
1.60612
1.61606
1.62218
1.62769
1.64817
1.66834
1.68152
1.6975
1.72101
1.74125
1.75066
1.75972
1.77781
1.8014
1.81264
1.82384
1.84153
1.86335
1.87364
1.88305
1.89811
1.91774
1.92751
1.93658
1.94936
1.96392
1.9718
1.97952
1.98979
1.99811
2.00263
2.00806
2.0158
2.02035
2.02341
2.0276
2.03254
2.035
2.03693
2.0395
2.04236
2.04375
2.04476
2.0457
2.04632
2.04656
2.04672
2.04704
2.04773
2.04847
2.04875
2.04884
2.04859
2.04809
2.04809
2.04826
2.04899
2.05065
2.05131
2.05136
2.05057
2.04902
2.0487
2.04877
2.04936
2.0508
2.05106
2.05082
2.0498
2.04541
2.04237
2.04145
2.04083
2.04156
2.04263
2.04226
2.038
2.02134
2.01214
2.00973
2.00448
1.99403
1.99247
1.99024
1.95785
1.92313
1.91038
1.89929
1.86059
1.83413
1.82208
1.78711
1.71013
1.67772
1.65279
1.59411
1.53079
1.5034
1.46384
1.38706
1.33932
1.30931
1.26148
1.2046
1.17768
1.15183
1.11399
1.08528
1.07089
1.05458
1.03621
1.02595
1.02
1.01351
1.00809
1.00538
1.00373
1.00219
1.00117
1.00069
1.00042
1.00022
1.0001
1.00005
1.00003
1.00001
1
1
1
1
1
1
1
1
1
1
1
1
0.937277
0.951449
0.958343
0.962594
0.964408
0.964691
0.966734
0.97506
0.982665
0.987249
0.997675
1.0167
1.03218
1.04126
1.04727
1.04947
1.04912
1.05156
1.06084
1.06517
1.06641
1.07415
1.10002
1.1206
1.13167
1.13702
1.13779
1.13851
1.14382
1.15585
1.16195
1.16731
1.18386
1.21115
1.22775
1.23575
1.23923
1.24109
1.24677
1.25692
1.2631
1.27424
1.30462
1.32934
1.33946
1.34353
1.34484
1.35061
1.36262
1.37149
1.38657
1.41602
1.44153
1.45319
1.4591
1.46232
1.47287
1.48905
1.49851
1.51378
1.54049
1.56707
1.57879
1.58675
1.59606
1.61889
1.63372
1.64579
1.66226
1.68963
1.70693
1.71721
1.7285
1.75245
1.772
1.784
1.79879
1.82258
1.83971
1.84986
1.86328
1.8859
1.89968
1.909
1.9224
1.9407
1.94965
1.95661
1.96761
1.98213
1.98958
1.9963
2.00516
2.01345
2.01746
2.0212
2.02607
2.0298
2.03171
2.03388
2.03691
2.03871
2.03953
2.04038
2.04159
2.04224
2.04266
2.04309
2.04418
2.04546
2.04636
2.04724
2.04802
2.04858
2.04868
2.04847
2.04859
2.04894
2.05015
2.05135
2.05153
2.05145
2.05049
2.04948
2.04938
2.0496
2.05111
2.05233
2.05247
2.05237
2.0508
2.0476
2.0462
2.04615
2.04726
2.04739
2.0469
2.04549
2.03992
2.03249
2.02739
2.02272
2.01867
2.01795
2.01595
1.99988
1.97037
1.95531
1.94764
1.92686
1.89863
1.88656
1.8744
1.81388
1.76522
1.74365
1.7202
1.64649
1.59942
1.5727
1.52906
1.44183
1.39765
1.36648
1.31436
1.24917
1.21631
1.1881
1.14529
1.10809
1.08849
1.07066
1.0484
1.03359
1.02553
1.0181
1.0109
1.00691
1.00476
1.00285
1.00149
1.00085
1.0005
1.00024
1.00011
1.00005
1.00002
1.00001
1
1
1
1
0.85693
0.861846
0.862488
0.862613
0.866973
0.875414
0.878238
0.879045
0.882682
0.903562
0.923305
0.931156
0.934688
0.936496
0.938798
0.94362
0.946394
0.94747
0.949453
0.957929
0.974677
0.995381
1.00934
1.01544
1.0175
1.01885
1.0241
1.03199
1.03521
1.03668
1.04298
1.06893
1.09117
1.10072
1.10493
1.10753
1.11382
1.12251
1.12565
1.12788
1.14608
1.17874
1.19288
1.1977
1.20072
1.20766
1.21501
1.21706
1.22015
1.24378
1.27862
1.29494
1.3019
1.30679
1.31619
1.32502
1.3277
1.3312
1.35733
1.39143
1.40697
1.41525
1.42424
1.44005
1.44921
1.45612
1.46931
1.50209
1.52311
1.53285
1.54166
1.56158
1.58082
1.59064
1.60476
1.63052
1.65686
1.66831
1.67933
1.69957
1.7257
1.738
1.75126
1.77318
1.79784
1.80866
1.81912
1.83822
1.86359
1.87659
1.89006
1.90971
1.92898
1.93819
1.94757
1.96227
1.97465
1.98128
1.98958
2.00145
2.00864
2.01251
2.01679
2.02219
2.02507
2.02702
2.02944
2.03288
2.0352
2.03696
2.03844
2.03967
2.04058
2.04124
2.04154
2.04177
2.04278
2.04445
2.04533
2.04572
2.04591
2.04626
2.04684
2.04732
2.04764
2.04844
2.0505
2.05147
2.05161
2.0512
2.05001
2.04956
2.04956
2.05014
2.05189
2.05297
2.05327
2.05255
2.0508
2.05049
2.0505
2.0508
2.05231
2.05283
2.05259
2.05002
2.04263
2.03744
2.036
2.03662
2.03465
2.02659
2.02195
2.01534
1.9925
1.97593
1.97182
1.96861
1.93848
1.91403
1.90322
1.87519
1.81368
1.78825
1.77429
1.72723
1.6536
1.62345
1.59247
1.51419
1.44737
1.4161
1.37335
1.2982
1.2523
1.22236
1.17877
1.13087
1.10623
1.08549
1.05952
1.04082
1.03053
1.02119
1.01274
1.00798
1.00512
1.00286
1.00146
1.00075
1.00036
1.00014
0.770974
0.773688
0.774309
0.777374
0.782932
0.784673
0.785403
0.793124
0.815855
0.828515
0.832268
0.834287
0.836906
0.842
0.844692
0.844593
0.84448
0.845413
0.85631
0.881663
0.893741
0.89978
0.90593
0.911974
0.913754
0.912229
0.912259
0.91426
0.925284
0.944753
0.959758
0.970617
0.979161
0.986512
0.990348
0.99086
0.992857
1.00199
1.01753
1.03185
1.04748
1.05801
1.06617
1.07308
1.07652
1.07658
1.07843
1.08724
1.11908
1.14108
1.15101
1.15958
1.1684
1.17277
1.17323
1.1744
1.1839
1.21633
1.23857
1.25231
1.26532
1.2759
1.2803
1.2814
1.28631
1.31312
1.33962
1.3535
1.36566
1.38207
1.39445
1.40075
1.40742
1.42698
1.45989
1.47504
1.48646
1.50107
1.52553
1.53823
1.54965
1.56615
1.59659
1.61293
1.62309
1.63494
1.66284
1.68329
1.69719
1.7157
1.7471
1.76881
1.78058
1.79374
1.81921
1.83948
1.8514
1.86744
1.8939
1.91209
1.92233
1.93435
1.95224
1.96341
1.97112
1.98206
1.99502
2.00185
2.00808
2.01568
2.021
2.0235
2.0264
2.0302
2.03208
2.03322
2.03516
2.03762
2.03863
2.03907
2.03933
2.03977
2.04019
2.04051
2.04096
2.04284
2.04441
2.04496
2.04499
2.04503
2.04546
2.0458
2.04595
2.04679
2.04874
2.04981
2.05048
2.05097
2.05119
2.0514
2.05179
2.05326
2.05481
2.0554
2.05546
2.05452
2.05377
2.05362
2.05361
2.05455
2.0553
2.05521
2.05473
2.0517
2.04721
2.04435
2.04344
2.04424
2.04349
2.03698
2.0318
2.0268
2.01194
2.00016
1.99771
1.99573
1.96862
1.9471
1.93797
1.91509
1.86266
1.83981
1.82855
1.78441
1.71333
1.68129
1.65153
1.57403
1.50514
1.46859
1.42435
1.34424
1.29138
1.25232
1.20542
1.15377
1.12101
1.09469
1.06692
1.04498
1.03076
1.02001
0.688712
0.691002
0.690964
0.692277
0.697647
0.701438
0.707202
0.721535
0.733163
0.739474
0.74266
0.743251
0.742877
0.744948
0.750254
0.751644
0.752224
0.759286
0.780258
0.79539
0.800744
0.802065
0.802372
0.806078
0.809737
0.809251
0.809404
0.813435
0.835323
0.856009
0.862552
0.864947
0.868083
0.874209
0.878194
0.879865
0.882998
0.896728
0.914595
0.928199
0.936898
0.942279
0.944932
0.945358
0.947061
0.953196
0.967812
0.986587
1.00632
1.01929
1.0262
1.02882
1.02874
1.03141
1.03931
1.04901
1.06669
1.09337
1.11092
1.11915
1.12234
1.12346
1.12934
1.14225
1.15441
1.17313
1.19726
1.21499
1.22281
1.22552
1.2274
1.24058
1.26413
1.28067
1.29768
1.31688
1.33609
1.34482
1.35191
1.36058
1.39006
1.40946
1.42018
1.43139
1.4528
1.47234
1.48258
1.49705
1.5246
1.55612
1.56934
1.5808
1.59886
1.62784
1.64144
1.65528
1.67739
1.71364
1.73185
1.74505
1.76242
1.79299
1.80958
1.82203
1.84059
1.87097
1.88768
1.90055
1.91839
1.94018
1.95116
1.9609
1.97568
1.98979
1.99653
2.00347
2.01319
2.02004
2.02388
2.02735
2.03037
2.03204
2.03334
2.03456
2.03553
2.03659
2.03792
2.03912
2.03941
2.03968
2.0401
2.04014
2.04025
2.04118
2.04288
2.04397
2.04457
2.04486
2.04525
2.04602
2.04666
2.04785
2.04942
2.05038
2.05085
2.05108
2.05162
2.05276
2.05385
2.05494
2.0558
2.05632
2.05658
2.05672
2.05701
2.0573
2.05775
2.0589
2.05954
2.0596
2.05926
2.05777
2.05642
2.05499
2.05463
2.05534
2.05475
2.04902
2.04475
2.04261
2.03359
2.02267
2.0212
2.02218
2.00443
1.97602
1.96607
1.96113
1.92384
1.88288
1.86791
1.85268
1.78369
1.72385
1.69434
1.64944
1.56238
1.51086
1.46869
1.39857
1.32683
1.28125
0.610083
0.612592
0.612366
0.612306
0.613032
0.622401
0.638766
0.644838
0.647752
0.651104
0.655379
0.657817
0.657993
0.657599
0.658081
0.661335
0.67518
0.688453
0.697962
0.704271
0.707262
0.707549
0.707122
0.70903
0.71223
0.713056
0.716853
0.735785
0.752451
0.759721
0.762489
0.76311
0.764831
0.772121
0.777407
0.779269
0.784852
0.804445
0.818805
0.823241
0.824347
0.82595
0.831608
0.83547
0.837901
0.847674
0.872778
0.888046
0.893408
0.895461
0.8977
0.904903
0.909136
0.910142
0.914479
0.939579
0.964276
0.973779
0.977717
0.98107
0.988515
0.993694
0.995574
1.00318
1.03447
1.05695
1.06468
1.06845
1.07367
1.08517
1.091
1.09568
1.11322
1.14545
1.16305
1.17046
1.17376
1.18125
1.20188
1.21381
1.22521
1.24064
1.26369
1.27852
1.28563
1.29254
1.31222
1.34623
1.36109
1.37333
1.38804
1.41223
1.42395
1.43427
1.45
1.48645
1.51129
1.5246
1.53836
1.56497
1.58804
1.59969
1.61409
1.64278
1.67506
1.69084
1.70731
1.73385
1.76421
1.77859
1.79369
1.82007
1.84981
1.86408
1.87867
1.90295
1.9279
1.94059
1.95417
1.97388
1.98924
1.99809
2.00853
2.02125
2.0288
2.03446
2.03999
2.0433
2.04492
2.04626
2.04765
2.04861
2.04942
2.05093
2.05283
2.05411
2.0548
2.05502
2.05513
2.05577
2.05707
2.05849
2.05978
2.06115
2.06232
2.06316
2.06382
2.06454
2.06597
2.06756
2.06849
2.069
2.06934
2.06965
2.07001
2.07053
2.07145
2.07265
2.07349
2.07402
2.07432
2.07445
2.07452
2.07483
2.07577
2.0764
2.07646
2.07628
2.07519
2.07411
2.07308
2.07164
2.07121
2.07116
2.06966
2.06291
2.05873
2.05759
2.05371
2.04394
2.04022
2.03956
2.0272
2.00531
1.99561
1.9888
1.95969
1.92933
1.91357
1.88883
1.83324
1.79522
0.540223
0.541997
0.541794
0.541872
0.545428
0.55848
0.568013
0.571019
0.571977
0.572769
0.576852
0.58076
0.581636
0.581522
0.581969
0.589696
0.605162
0.613572
0.616774
0.618573
0.620592
0.62205
0.621138
0.621135
0.62212
0.628216
0.64619
0.659142
0.664129
0.666471
0.668065
0.669857
0.673121
0.676918
0.682674
0.693735
0.704306
0.711235
0.715622
0.719237
0.722292
0.7236
0.72448
0.729254
0.75095
0.766466
0.77169
0.774744
0.778351
0.783286
0.785833
0.786762
0.788199
0.798968
0.823995
0.836492
0.842812
0.848963
0.854993
0.857969
0.858636
0.860224
0.874037
0.900582
0.914011
0.922413
0.930121
0.936426
0.938585
0.939041
0.943195
0.969839
0.995083
1.00505
1.01258
1.02289
1.03248
1.03634
1.03845
1.05076
1.08015
1.09505
1.10189
1.10732
1.12288
1.14445
1.15684
1.17066
1.18696
1.20798
1.21657
1.22346
1.23073
1.26109
1.28941
1.30417
1.3186
1.3393
1.35925
1.36796
1.37801
1.39657
1.43235
1.44995
1.46555
1.4859
1.51963
1.53702
1.55
1.56712
1.60365
1.62724
1.64158
1.65896
1.69389
1.71997
1.73438
1.75252
1.78709
1.81429
1.82881
1.84639
1.87696
1.89965
1.91224
1.92766
1.94958
1.96223
1.97064
1.98225
1.99408
1.99954
2.00552
2.01269
2.01604
2.01792
2.02049
2.02196
2.02214
2.02224
2.02286
2.02346
2.02395
2.025
2.02587
2.02622
2.02682
2.0271
2.02735
2.02821
2.02861
2.02873
2.02836
2.02744
2.02708
2.02711
2.02747
2.02819
2.02846
2.02811
2.02783
2.02796
2.02789
2.02774
2.02822
2.02905
2.02914
2.02857
2.02861
2.02876
2.02874
2.02904
2.02969
2.03028
2.03056
2.02968
2.02934
2.02958
2.03029
2.03188
2.03347
2.03359
2.03206
2.03222
2.03249
2.03382
2.03553
2.036
2.03208
2.02503
2.02093
2.01321
0.468852
0.470426
0.470618
0.472017
0.481045
0.489759
0.492987
0.494457
0.495713
0.497557
0.500958
0.503942
0.505214
0.505771
0.510243
0.520873
0.527733
0.531923
0.534444
0.535031
0.534055
0.533711
0.534147
0.535439
0.543528
0.556417
0.565866
0.57138
0.574512
0.576003
0.576383
0.577555
0.580976
0.58596
0.595882
0.60829
0.614047
0.615104
0.614607
0.61393
0.615119
0.622736
0.634282
0.645283
0.655743
0.662205
0.666491
0.667999
0.667483
0.667471
0.669858
0.678781
0.689865
0.703377
0.714496
0.720919
0.725089
0.727611
0.729532
0.735261
0.740853
0.745411
0.760581
0.779859
0.790492
0.795235
0.796522
0.797027
0.800946
0.810522
0.822847
0.841986
0.859532
0.86964
0.873708
0.873967
0.87469
0.884085
0.900789
0.912303
0.924783
0.939187
0.954066
0.962406
0.968667
0.975284
0.997758
1.01542
1.02131
1.02595
1.03156
1.05413
1.07264
1.08955
1.1095
1.13025
1.14444
1.15045
1.15643
1.16754
1.19616
1.21186
1.22757
1.24827
1.27817
1.29523
1.30559
1.31678
1.34366
1.37238
1.386
1.40113
1.42562
1.45864
1.47315
1.48759
1.50919
1.55102
1.57307
1.59029
1.6114
1.65248
1.67877
1.69554
1.7154
1.75288
1.77952
1.79463
1.813
1.8476
1.87284
1.88796
1.90752
1.93646
1.95372
1.9654
1.98019
1.99671
2.00557
2.01357
2.02266
2.02811
2.03057
2.03306
2.03529
2.03652
2.03769
2.03919
2.04028
2.04132
2.04238
2.04354
2.04436
2.04523
2.04633
2.04777
2.04906
2.05001
2.05088
2.05198
2.05335
2.05462
2.05613
2.05829
2.06013
2.06149
2.06251
2.06331
2.06403
2.06506
2.06706
2.06951
2.07147
2.07289
2.074
2.07506
2.07615
2.07745
2.07948
2.08175
2.08341
2.08434
2.08485
2.08543
2.08631
2.08791
2.08907
2.08937
2.08937
2.08926
2.08863
2.08735
0.429328
0.429685
0.43064
0.436153
0.442198
0.443783
0.444127
0.444416
0.445145
0.44751
0.449476
0.450254
0.450463
0.453378
0.461317
0.465657
0.467635
0.469276
0.470397
0.470042
0.468378
0.468117
0.468322
0.472761
0.485654
0.49281
0.494787
0.495769
0.49708
0.49996
0.501081
0.501267
0.503352
0.51345
0.522863
0.527063
0.52808
0.52753
0.525595
0.525515
0.526972
0.541104
0.557595
0.562805
0.564424
0.564844
0.56735
0.570471
0.570793
0.570577
0.571422
0.582235
0.603424
0.611868
0.613612
0.614261
0.615852
0.621939
0.625755
0.626667
0.628067
0.642605
0.660947
0.66853
0.67183
0.674271
0.678359
0.682635
0.684745
0.69092
0.713827
0.728188
0.732867
0.735574
0.739497
0.74639
0.749269
0.751564
0.76344
0.786729
0.799183
0.805069
0.80987
0.818867
0.835527
0.843788
0.84903
0.852291
0.864581
0.878773
0.884741
0.896425
0.916939
0.944486
0.956757
0.961789
0.96492
0.974761
0.992694
1.00102
1.01281
1.03336
1.06388
1.0797
1.08849
1.09721
1.11728
1.13905
1.15003
1.16452
1.18573
1.21468
1.22654
1.23793
1.25267
1.28869
1.31128
1.32648
1.34486
1.37908
1.4102
1.4253
1.44224
1.47042
1.50755
1.52385
1.54056
1.56725
1.61091
1.63193
1.65066
1.67757
1.72301
1.7478
1.76671
1.79197
1.83145
1.85314
1.86925
1.89268
1.92512
1.94192
1.95596
1.97606
1.99643
2.00683
2.01682
2.02843
2.03617
2.04061
2.045
2.04814
2.04964
2.05078
2.05177
2.0523
2.05268
2.05317
2.05359
2.05374
2.0537
2.0533
2.0531
2.05308
2.05316
2.05384
2.05418
2.05427
2.05434
2.05481
2.05499
2.05528
2.05656
2.0578
2.05838
2.05881
2.05967
2.06012
2.06015
2.06056
2.0623
2.06391
2.06459
2.06462
2.06543
2.06845
2.07054
2.07221
2.07432
2.07573
2.07597
2.07599
0.392725
0.393048
0.394201
0.398033
0.399296
0.399244
0.398556
0.397727
0.397822
0.398181
0.39803
0.398183
0.398601
0.401657
0.404984
0.406138
0.406743
0.40719
0.406854
0.405456
0.405228
0.405328
0.406174
0.412071
0.41931
0.422269
0.422893
0.422683
0.422482
0.423367
0.4259
0.427609
0.432296
0.439239
0.443639
0.445583
0.445839
0.444511
0.443804
0.443925
0.448087
0.464152
0.472952
0.474657
0.474626
0.473905
0.474379
0.477984
0.480427
0.481218
0.484206
0.498292
0.511221
0.516076
0.516906
0.516351
0.516158
0.51944
0.52601
0.528594
0.533996
0.546645
0.555976
0.561157
0.564543
0.566516
0.568107
0.57347
0.582838
0.592261
0.602194
0.608398
0.613684
0.618559
0.621646
0.622859
0.624499
0.636322
0.655107
0.664779
0.672247
0.680187
0.687026
0.691391
0.695457
0.70126
0.714097
0.719613
0.72326
0.726255
0.741807
0.769956
0.781372
0.788588
0.794146
0.803164
0.811602
0.816158
0.82192
0.833824
0.863183
0.877808
0.8875
0.898113
0.913942
0.925899
0.933567
0.943515
0.961761
0.987731
0.996983
1.00536
1.01542
1.0432
1.06139
1.07398
1.0903
1.11722
1.14421
1.15628
1.17047
1.19141
1.22473
1.23925
1.25335
1.2717
1.31111
1.33342
1.34862
1.3673
1.40842
1.44394
1.46193
1.48233
1.51638
1.55672
1.57484
1.59412
1.62675
1.67394
1.69622
1.71683
1.74834
1.79203
1.81333
1.83279
1.86255
1.89822
1.91577
1.93219
1.95577
1.97578
1.98596
1.99714
2.01047
2.01774
2.02259
2.028
2.03147
2.03301
2.03479
2.03582
2.03598
2.03604
2.03655
2.03729
2.0374
2.03737
2.03765
2.03819
2.03851
2.03873
2.03927
2.03958
2.03975
2.04019
2.04052
2.04046
2.03945
2.03853
2.03844
2.03854
2.03887
2.03907
2.03924
2.03969
2.04023
2.04071
2.0422
2.04349
2.04385
2.04428
0.387397
0.387309
0.388093
0.390778
0.391928
0.391916
0.391503
0.390542
0.390278
0.390196
0.390246
0.390352
0.390575
0.392339
0.395168
0.396712
0.397441
0.397552
0.396652
0.395657
0.395469
0.395498
0.396145
0.399575
0.402935
0.404456
0.40507
0.405102
0.404557
0.404534
0.404649
0.405044
0.407947
0.411734
0.413688
0.414255
0.413693
0.41249
0.412347
0.412496
0.415587
0.42432
0.428066
0.428412
0.427911
0.427044
0.427101
0.428324
0.430426
0.431554
0.435757
0.444168
0.448738
0.450239
0.450455
0.449216
0.448672
0.449276
0.453281
0.458671
0.465686
0.472995
0.476211
0.478174
0.480307
0.483614
0.486821
0.488235
0.491539
0.501762
0.507835
0.510361
0.513465
0.51862
0.52199
0.522923
0.523876
0.534932
0.551679
0.55971
0.562381
0.563563
0.565074
0.573551
0.578614
0.579498
0.580614
0.584806
0.601408
0.611295
0.620342
0.629771
0.638655
0.647899
0.652166
0.654604
0.654605
0.66214
0.682609
0.694118
0.704168
0.715089
0.72662
0.733942
0.739415
0.746368
0.764435
0.779358
0.786054
0.794801
0.80721
0.825496
0.832479
0.84262
0.85838
0.881022
0.900278
0.908985
0.919815
0.935907
0.960731
0.971503
0.98283
0.997298
1.02985
1.04775
1.05964
1.07418
1.10387
1.13593
1.15044
1.1679
1.19039
1.23011
1.24942
1.26553
1.28474
1.3273
1.35951
1.37893
1.40131
1.44332
1.48134
1.50055
1.52273
1.56368
1.61379
1.63675
1.66052
1.6998
1.74855
1.77187
1.79368
1.82736
1.86758
1.88672
1.90504
1.93205
1.95691
1.96967
1.98366
2.00075
2.01131
2.01811
2.02494
2.02981
2.03194
2.03391
2.03544
2.03594
2.03627
2.03739
2.03875
2.03964
2.03984
2.03923
2.03873
2.03853
2.03842
2.03859
2.03853
2.03833
2.03726
2.03599
2.03577
2.03587
2.03622
2.03668
2.0371
2.03766
2.03776
2.03778
0.403184
0.402985
0.403133
0.402909
0.402684
0.402681
0.402556
0.401922
0.399828
0.398237
0.39777
0.397523
0.397287
0.397363
0.397904
0.397978
0.397916
0.397714
0.395676
0.393165
0.39235
0.392195
0.392257
0.392932
0.393723
0.39419
0.394303
0.39365
0.390994
0.388853
0.388172
0.388143
0.38848
0.389115
0.389297
0.389197
0.387482
0.384958
0.384255
0.384233
0.384601
0.387349
0.389311
0.389469
0.389235
0.387396
0.384628
0.383921
0.384009
0.38442
0.386453
0.387881
0.387898
0.387545
0.385436
0.384024
0.38405
0.384382
0.385305
0.387577
0.392276
0.394947
0.395098
0.394285
0.393875
0.394661
0.396635
0.398169
0.401369
0.407273
0.409876
0.411109
0.412958
0.416163
0.418465
0.419748
0.422975
0.434718
0.445328
0.449602
0.450639
0.450412
0.450475
0.455308
0.460516
0.462019
0.463102
0.46608
0.479178
0.492018
0.499893
0.503428
0.504546
0.508183
0.516023
0.519152
0.522837
0.528162
0.540221
0.557072
0.561203
0.564609
0.569408
0.573654
0.58935
0.599332
0.605703
0.616879
0.623102
0.630325
0.643067
0.650079
0.660705
0.673908
0.686946
0.698071
0.709993
0.723054
0.732037
0.736932
0.747034
0.765203
0.788829
0.796233
0.807079
0.822418
0.84445
0.867172
0.876603
0.890956
0.905793
0.933942
0.9533
0.965421
0.981358
1.00857
1.03642
1.05119
1.07107
1.10499
1.13893
1.15262
1.16938
1.19536
1.24777
1.27205
1.29191
1.31516
1.36603
1.41008
1.43351
1.45832
1.49916
1.55108
1.57796
1.60601
1.64967
1.7
1.72507
1.75265
1.79853
1.8423
1.86439
1.88815
1.92463
1.95199
1.96713
1.98453
2.00581
2.01823
2.0267
2.0356
2.04199
2.04477
2.04702
2.04865
2.0494
2.04992
2.0504
2.05061
2.05062
2.05056
2.05048
2.04998
2.04947
2.04932
2.04905
2.04852
2.04832
2.04824
2.04765
2.04702
0.420262
0.419946
0.419673
0.419048
0.418048
0.417236
0.416848
0.41638
0.414667
0.41279
0.412187
0.411871
0.41165
0.411293
0.410635
0.410201
0.409989
0.408911
0.404626
0.401728
0.400451
0.39951
0.39886
0.398691
0.398599
0.398338
0.397924
0.395895
0.391637
0.388652
0.387313
0.386831
0.386763
0.386952
0.386993
0.386869
0.385173
0.38232
0.381316
0.381222
0.381459
0.383577
0.38505
0.385115
0.384912
0.382829
0.37984
0.378854
0.378561
0.378381
0.37914
0.380514
0.380623
0.380361
0.378346
0.376721
0.376716
0.377073
0.377621
0.378961
0.382001
0.383453
0.383634
0.382849
0.381587
0.381523
0.381882
0.383809
0.386451
0.388295
0.389428
0.389568
0.389457
0.390521
0.393036
0.394501
0.397142
0.401674
0.40463
0.405557
0.40531
0.404116
0.403805
0.404568
0.40808
0.409996
0.411461
0.413713
0.417522
0.423539
0.427527
0.428524
0.427746
0.42732
0.430788
0.43841
0.442508
0.444967
0.447602
0.45579
0.461714
0.463062
0.462638
0.463904
0.476099
0.489804
0.495352
0.495852
0.494171
0.49969
0.515609
0.523619
0.528468
0.531068
0.53629
0.552127
0.559494
0.563046
0.564183
0.568938
0.589156
0.601678
0.610361
0.617413
0.62253
0.64135
0.654902
0.662822
0.674177
0.686176
0.699085
0.709774
0.724999
0.745177
0.756585
0.766382
0.781891
0.81347
0.83385
0.843426
0.856085
0.871618
0.911424
0.932115
0.948158
0.962788
0.983794
1.02887
1.05311
1.07684
1.10353
1.14074
1.16531
1.18889
1.22833
1.28312
1.3062
1.32746
1.35896
1.42967
1.46946
1.49411
1.52207
1.582
1.64131
1.67078
1.70138
1.7474
1.79981
1.82978
1.86164
1.90194
1.93203
1.95235
1.97732
2.00142
2.01366
2.02432
2.03558
2.04242
2.04567
2.04833
2.04974
2.05021
2.05051
2.05068
2.0506
2.05043
2.05035
2.05022
2.04981
2.04947
0.42803
0.427616
0.426852
0.426209
0.4257
0.42533
0.425017
0.424976
0.425115
0.4247
0.424144
0.423835
0.42398
0.423972
0.423391
0.422049
0.421644
0.421371
0.420536
0.419062
0.418052
0.417767
0.418365
0.41949
0.420039
0.420154
0.419367
0.416524
0.413768
0.411417
0.409698
0.40908
0.409365
0.410308
0.410801
0.410953
0.41025
0.408459
0.407855
0.407787
0.408038
0.409653
0.411073
0.411095
0.410929
0.410556
0.408328
0.405189
0.403755
0.403025
0.402243
0.401289
0.400384
0.399748
0.399296
0.398772
0.398907
0.400339
0.401014
0.401111
0.401188
0.4003
0.396776
0.39341
0.391799
0.391558
0.391606
0.391786
0.391774
0.390134
0.387212
0.38406
0.381665
0.380061
0.379255
0.379232
0.379059
0.378727
0.377932
0.374644
0.370022
0.366565
0.364568
0.363665
0.363143
0.36174
0.359345
0.358814
0.358786
0.360206
0.360916
0.358868
0.355607
0.353609
0.353143
0.353604
0.354754
0.354991
0.354748
0.356323
0.360173
0.360856
0.359856
0.359207
0.360627
0.365471
0.367966
0.367575
0.366399
0.367831
0.377365
0.384887
0.389514
0.391425
0.391576
0.398145
0.406321
0.409073
0.409615
0.411659
0.423891
0.437558
0.446853
0.450112
0.450557
0.457097
0.470194
0.476877
0.484118
0.490262
0.499355
0.5159
0.52281
0.530801
0.543813
0.55537
0.57201
0.584471
0.594764
0.601087
0.614233
0.638252
0.652175
0.671141
0.6856
0.696493
0.710452
0.727258
0.755017
0.781268
0.792861
0.805226
0.82735
0.876294
0.900917
0.915956
0.928042
0.961183
1.01279
1.03885
1.05838
1.07588
1.1383
1.18626
1.21892
1.25246
1.29809
1.34433
1.37907
1.432
1.50081
1.53425
1.56096
1.61264
1.70068
1.73953
1.76612
1.80431
1.87096
1.90843
1.93326
1.96069
1.99003
2.00904
2.02378
2.03478
2.04154
2.04637
2.049
2.04998
2.05043
2.05058
0.43308
0.43303
0.432605
0.432503
0.432905
0.433181
0.433391
0.434002
0.435336
0.435943
0.436143
0.436141
0.43611
0.436117
0.435744
0.43436
0.433488
0.432743
0.431981
0.431693
0.431685
0.431817
0.432721
0.434096
0.43503
0.435357
0.434459
0.431845
0.429927
0.428134
0.426085
0.424999
0.425073
0.425745
0.426328
0.42691
0.426714
0.425945
0.425841
0.42589
0.427163
0.429499
0.429666
0.429264
0.428866
0.428293
0.426326
0.422661
0.42027
0.419241
0.418269
0.416696
0.414704
0.412937
0.412176
0.412173
0.41322
0.414667
0.415094
0.415155
0.413963
0.407754
0.401161
0.396494
0.394009
0.393022
0.392565
0.392302
0.39224
0.392534
0.391945
0.388998
0.386736
0.384992
0.383166
0.382068
0.381745
0.381592
0.380463
0.378893
0.377869
0.375639
0.373468
0.372578
0.371479
0.369499
0.367838
0.367277
0.367678
0.368861
0.368918
0.365793
0.361557
0.359081
0.357796
0.356709
0.356246
0.356753
0.356963
0.358578
0.361561
0.361792
0.359841
0.358923
0.359375
0.361229
0.361776
0.359256
0.356697
0.356557
0.3604
0.366532
0.367958
0.367501
0.366947
0.369031
0.375001
0.378699
0.378866
0.377231
0.377907
0.383003
0.390487
0.392424
0.391725
0.390237
0.391359
0.39553
0.399082
0.40144
0.403627
0.410213
0.42213
0.427731
0.429387
0.428408
0.432165
0.44673
0.452813
0.453795
0.453358
0.458784
0.476123
0.484447
0.489116
0.491241
0.496455
0.511974
0.52135
0.536761
0.551158
0.556297
0.560279
0.579523
0.606709
0.622474
0.623582
0.627958
0.642514
0.684127
0.70766
0.712869
0.725239
0.756461
0.811773
0.827663
0.837064
0.850669
0.916321
0.962638
0.980508
0.991967
1.0334
1.1207
1.16286
1.18673
1.20979
1.29859
1.3728
1.4238
1.47217
1.54079
1.60651
1.67213
1.74563
1.80105
1.8478
1.9098
1.96605
1.99934
2.0261
2.04363
0.436139
0.436024
0.436187
0.436666
0.437313
0.437791
0.438471
0.440721
0.44274
0.443874
0.444628
0.445089
0.445206
0.445237
0.445245
0.443992
0.442136
0.441351
0.441431
0.441693
0.441915
0.442936
0.445082
0.446906
0.448236
0.448852
0.448635
0.446983
0.445847
0.444712
0.442669
0.441175
0.441161
0.441738
0.442034
0.442243
0.442925
0.444855
0.446101
0.44653
0.447793
0.45067
0.45091
0.450573
0.450174
0.449706
0.448178
0.444113
0.441584
0.440834
0.440445
0.439895
0.439364
0.439019
0.439286
0.441006
0.443487
0.446078
0.447322
0.447547
0.447519
0.445991
0.438663
0.434336
0.433612
0.433624
0.434498
0.438141
0.442522
0.445148
0.44637
0.446171
0.445784
0.445613
0.444628
0.443747
0.444632
0.446112
0.446281
0.446005
0.44281
0.439758
0.439914
0.44055
0.440893
0.440142
0.438548
0.438308
0.439915
0.441997
0.443138
0.441392
0.436204
0.43065
0.424813
0.420863
0.419807
0.421066
0.423974
0.426934
0.427914
0.424694
0.41711
0.413009
0.412037
0.411756
0.408701
0.39661
0.387704
0.384957
0.383615
0.380686
0.372756
0.368149
0.367231
0.367212
0.365719
0.355053
0.34123
0.334046
0.331181
0.330275
0.329732
0.326802
0.316189
0.30382
0.295307
0.291136
0.28936
0.287112
0.280487
0.276713
0.277189
0.276809
0.274229
0.264067
0.256805
0.254416
0.250587
0.24664
0.245537
0.244275
0.238481
0.233039
0.232085
0.23175
0.227897
0.2234
0.223119
0.224937
0.228942
0.228515
0.222603
0.220648
0.224986
0.231672
0.231893
0.226882
0.224615
0.233421
0.250765
0.254667
0.251789
0.250818
0.271143
0.29752
0.30718
0.309265
0.311309
0.34367
0.379977
0.402906
0.419106
0.431219
0.466985
0.518221
0.560478
0.594775
0.622821
0.68321
0.75798
0.819267
0.873167
0.934381
1.04192
1.14076
1.23657
1.34043
1.47712
1.62227
1.77321
1.93162
1
1
1
1
1
1
1
1
1
1
1
1
1
1
1
1
1
1
1
1
1
1
1
1
1
1
1
1
1
1
1
1
1
1
1
1
1
1
1
1
1
1
1
1
1
1
1
1
1
1
1
1
1
1
1
1
1
1
1
1
1
1
1
1
1
1
1
1
1
1
1
1
1
1
1
1
1
1
1
1
1
1
1
1
1
1
1
1
1
1
1
1
1
1
1
1
1
1
1
1
1
1
1
1
1
1
1
1
1
1
1
1
1
1
1
1
1
1
1
1
1
1
1
1
1
1
1
1
1
1
1
1
1
1
1
1
1
1
1
1
1
1
1
1
1
1
1
1
1
1
1
1
1
1
1
1
1
1
1
1
1
1
1
1
1
1
1
1
1
1
1
1
1
1
1
1
1
1
1
1
1
1
1
1
1
1
1
1
1
1
1
1
1
1
1
1
1
1
1
1
1
1
1
1
1
1
1
1
1
1
1
1
1
1
1
1
1
1
1
1
1
1
1
1
1
1
1
1
1
1
1
1
1
1
1
1
1
1
1
1
1
1
1
1
1
1
1
1
1
1
1
1
1
1
1
1
1
1
1
1
1
1
1
1
1
1
1
1
1
1
1
1
1
1
1
1
1
1
1
1
1
1
1
1
1
1
1
1
1
1
1
1
1
1
1
1
1
1
1
1
1
1
1
1
1
1
1
1
1
1
1
1
1
1
1
1
1
1
1
1
1
1
1
1
1
1
1
1
1
1
1
1
1
1
1
1
1
1
1
1
1
1
1
1
1
1
1
1
1
1
1
1
1
1
1
1
1
1
1
1
1
1
1
1
1
1
1
1
1
1
1
1
1
1
1
1
1
1
1
1
1
1
1
1
1
1
1
1
1
1
1
1
1
1
1
1
1
1
1
1
1
1
1
1
1
1
1
1
1
1
1
1
1
1
1
1
1
1
1
1
1
1
1
1
1
1
1
1
1
1
1
1
1
1
1
1
1
1
1
1
1
1
1
1
1
1
1
1
1
1
1
1
1
1
1
1
1
1
1
1
1
1
1
1
1
1
1
1
1
1
1
1
1
1
1
1
1
1
1
1
1
1
1
1
1
1
1
1
1
1
1
1
1
1
1
1
1
1
1
1
1
1
1
1
1
1
1
1
1
1
1
1
1
1
1
1
1
1
1
1
1
1
1
1
1
1
1
1
1
1
1
1
1
1
1
1
1
1
1
1
1
1
1
1
1
1
1
1
1
1
1
1
1
1
1
1
1
1
1
1
1
1
1
1
1
1
1
1
1
1
1
1
1
1
1
1
1
1
1
1
1
1
1
1
1
1
1
1
1
1
1
1
1
1
1
1
1
1
1
1
1
1
1
1
1
1
1
1
1
1
1
1
1
1
1
1
1
1
1
1
1
1
1
1
1
1
1
1
1
1
1
1
1
1
1
1
1
1
1
1
1
1
1
1
1
1
1
1
1
1
1
1
1
1
1
1
1
1
1
1
1
1
1
1
1
1
1
1
1
1
1
1
1
1
1
1
1
1
1
1
1
1
1
1
1
1
1
1
1
1
1
1
1
1
1
1
1
1
1
1
1
1
1
1
1
1
1
1
1
1
1
1
1
1
1
1
1
1
1
1
1
1
1
1
1
1
1
1
1
1
1
1
1
1
1
1
1
1
1
1
1
1
1
1
1
1
1
1
1
1
1
1
1
1
1
1
1
1
1
1
1
1
1
1
1
1
1
1
1
1
1
1
1
1
1
1
1
1
1
1
1
1
1
1
1
1
1
1
1
1
1
1
1
1
1
1
1
1
1
1
1
1
1
1
1
1
1
1
1
1
1
1
1
1
1
1
1
1
1
1
1
1
1
1
1
1
1
1
1
1
1
1
1
1
1
1
1
1
1
1
1
1
1
1
1
1
1
1
1
1
1
1
1
1
1
1
1
1
1
1
1
1
1
1
1
1
1
1
1
1
1
1
1
1
1
1
1
1
1
1
1
1
1
1
1
1
1
1
1
1
1
1
1
1
1
1
1
1
1
1
1
1
1
1
1
1
1
1
1
1
1
1
1
1
1
1
1
1
1
1
1
1
1
1
1
1
1
1
1
1
1
1
1
1
1
1
1
1
1
1
1
1
1
1
1
1
1
1
1
1
1
1
1
1
1
1
1
1
1
1
1
1
1
1
1
1
1
1
1
1
1
1
1
1
1
1
1
1
1
1
1
1
1
1
1
1
1
1
1
1
1
1
1
1
1
1
1
1
1
1
1
1
1
1
1
1
1
1
1
1
1
1
1
1
1
1
1
1
1
1
1
1
1
1
1
1
1
1
1
1
1
1
1
1
1
1
1
1
1
1
1
1
1
1
1
1
1
1
1
1
1
1
1
1
1
1
1
1
1
1
1
1
1
1
1
1
1
1
1
1
1
1
1
1
1
1
1
1
1
1
1
1
1
1
1
1
1
1
1
1
1
1
1
1
1
1
1
1
1
1
1
1
1
1
1
1
1
1
1
1
1
1
1
1
1
1
1
1
1
1
1
1
1
1
1
1
1
1
1
1
1
1
1
1
1
1
1
1
1
1
1
1
1
1
1
1
1
1
1
1
1
1
1
1
1
1
1
1
1
1
1
1
1
1
1
1
1
1
1
1
1
1
1
1
1
1
1
1
1
1
1
1
1
1
1
1
1
1
1
1
1
1
1
1
1
1
1
1
1
1
1
1
1
1
1
1
1
1
1
1
1
1
1
1
1
1
1
1
1
1
1
1
1
1
1
1
1
1
1
1
1
1
1
1
1
1
1
1
1
1
1
1
1
1
1
1
1
1
1
1
1
1
1
1
1
1
1
1
1
1
1
1
1
1
1
1
1
1
1
1
1
1
1
1
1
1
1
1
1
1
1
1
1
1
1
1
1
1
1
1
1
1
1
1
1
1
1
1
1
1
1
1
1
1
1
1
1
1
1
1
1
1
1
1
1
1
1
1
1
1
1
1
1
1
1
1
1
1
1
1
1
1
1
1
1
1
1
1
1
1
1
1
1
1
1
1
1
1
1
1
1
1
1
1
1
1
1
1
1
1
1
1
1
1
1
1
1
1
1
1
1
1
1
1
1
1
1
1
1
1
1
1
1
1
1
1
1
1
1
1
1
1
1
1
1
1
1
1
1
1
1
1
1
1
1
1
1
1
1
1
1
1
1
1
1
1
1
1
1
1
1
1
1
1
1
1
1
1
1
1
1
1
1
1
1
1
1
1
1
1
1
1
1
1
1
1
1
1
1
1
1
1
1
1
1
1
1
1
1
1
1
1
1
1
1
1
1
1
1
1
1
1
1
1
1
1
1
1
1
1
1
1
1
1
1
1
1
1
1
1
1
1
1
1
1
1
1
1
1
1
1
1
1
1
1
1
1
1
1
1
1
1
1
1
1
1
1
1
1
1
1
1
1
1
1
1
1
1
1
1
1
1
1
1
1
1
1
1
1
1
1
1
1
1
1
1
1
1
1
1
1
1
1
1
1
1
1
1
1
1
1
1
1
1
1
1
1
1
1
1
1
1
1
1
1
1
1
1
1
1
1
1
1
1
1
1
1
1
1
1
1
1
1
1
1
1
1
1
1
1
1
1
1
1
1
1
1
1
1
1
1
1
1
1
1
1
1
1
1
1
1
1
1
1
1
1
1
1
1
1
1
1
1
1
1
1
1
1
1
1
1
1
1
1
1
1
1
1
1
1
1
1
1
1
1
1
1
1
1
1
1
1
1
1
1
1
1
1
1
1
1
1
1
1
1
1
1
1
1
1
1
1
1
1
1
1
1
1
1
1
1
1
1
1
1
1
1
1
1
1
1
1
1
1
1
1
1
1
1
1
1
1
1
1
1
1
1
1
1
1
1
1
1
1
1
1
1
1
1
1
1
1
1
1
1
1
1
1
1
1
1
1
1
1
1
1
1
1
1
1
1
1
1
1
1
1
1
1
1
1
1
1
1
1
1
1
1
1
1
1
1
1
1
1
1
1
1
1
1
1
1
1
1
1
1
1
1
1
1
1
1
1
1
1
1
1
1
1
1
1
1
1
1
1
1
1
1
1
1
1
1
1
1
1
1
1
1
1
1
1
1
1
1
1
1
1
1
1
1
1
1
1
1
1
1
1
1
1
1
1
1
1
1
1
1
1
1
1
1
1
1
1
1
1
1
1
1
1
1
1
1
1
1
1
1
1
1
1
1
1
1
1
1
1
1
1
1
1
1
1
1
1
1
1
1
1
1
1
1
1
1
1
1
1
1
1
1
1
1
1
1
1
1
1
1
1
1
1
1
1
1
1
1
1
1
1
1
1
1
1
1
1
1
1
1
1
1
1
1
1
1
1
1
1
1
1
1
1
1
1
1
1
1
1
1
1
1
1
1
1
1
1
1
1
1
1
1
1
1
1
1
1
1
1
1
1
1
1
1
1
1
1
1
1
1
1
1
1
1
1
1
1
1
1
1
1
1
1
1
1
1
1
1
1
1
1
1
1
1
1
1
1
1
1
1
1
1
1
1
1
1
1
1
1
1
1
1
1
1
1
1
1
1
1
1
1
1
1
1
1
1
1
1
1
1
1
1
1
1
1
1
1
1
1
1
1
1
1
1
1
1
1
1
1
1
1
1
1
1
1
1
1
1
1
1
1
1
1
1
1
1
1
1
1
1
1
1
1
1
1
1
1
1
1
1
1
1
1
1
1
1
1
1
1
1
1
1
1
1
1
1
1
1
1
1
1
1
1
1
1
1
1
1
1
1
1
1
1
1
1
1
1
1
1
1
1
1
1
1
1
1
1
1
1
1
1
1
1
1
1
1
1
1
1
1
1
1
1
1
1
1
1
1
1
1
1
1
1
1
1
1
1
1
1
1
1
1
1
1
1
1
1
1
1
1
1
1
1
1
1
1
1
1
1
1
1
1
1
1
1
1
1
1
1
1
1
1
1
1
1
1
1
1
1
1
1
1
1
1
1
1
1
1
1
1
1
1
1
1
1
1
1
1
1
1
1
1
1
1
1
1
1
1
1
1
1
1
1
1
1
1
1
1
1
1
1
1
1
1
1
1
1
1
1
1
1
1
1
1
1
1
1
1
1
1
1
1
1
1
1
1
1
1
1
1
1
1
1
1
1
1
1
1
1
1
1
1
1
1
1
1
1
1
1
1
1
1
1
1
1
1
1
1
1
1
1
1
1
1
1
1
1
1
1
1
1
1
1
1
1
1
1
1
1
1
1
1
1
1
1
1
1
1
1
1
1
1
1
1
1
1
1
1
1
1
1
1
1
1
1
1
1
1
1
1
1
1
1
1
1
1
1
1
1
1
1
1
1
1
1
1
1
1
1
1
1
1
1
1
1
1
1
1
1
1
1
1
1
1
1
1
1
1
1
1
1
1
1
1
1
1
1
1
1
1
1
1
1
1
1
1
1
1
1
1
1
1
1
1
1
1
1
1
1
1
1
1
1
1
1
1
1
1
1
1
1
1
1
1
1
1
1
1
1
1
1
1
1
1
1
1
1
1
1
1
1
1
1
1
1
1
1
1
1
1
1
1
1
1
1
1
1
1
1
1
1
1
1
1
1
1
1
1
1
1
1
1
1
1
1
1
1
1
1
1
1
1
1
1
1
1
1
1
1
1
1
1
1
1
1
1
1
1
1
1
1
1
1
1
1
1
1
1
1
1
1
1
1
1
1
1
1
1
1
1
1
1
1
1
1
1
1
1
1
1
1
1
1
1
1
1
1
1
1
1
1
1
1
1
1
1
1
1
1
1
1
1
1
1
1
1
1
1
1
1
1
1
1
1
1
1
1
1
1
1
1
1
1
1
1
1
1
1
1
1
1
1
1
1
1
1
1
1
1
1
1
1
1
1
1
1
1
1
1
1
1
1
1
1
1
1
1
1
1
1
1
1
1
1
1
1
1
1
1
1
1
1
1
1
1
1
1
1
1
1
1
1
1
1
1
1
1
1
1
1
1
1
1
1
1
1
1
1
1
1
1
1
1
1
1
1
1
1
1
1
1
1
1
1
1
1
1
1
1
1
1
1
1
1
1
1
1
1
1
1
1
1
1
1
1
1
1
1
1
1
1
1
1
1
1
1
1
1
1
1
1
1
1
1
1
1
1
1
1
1
1
1
1
1
1
1
1
1
1
1
1
1
1
1
1
1
1
1
1
1
1
1
1
1
1
1
1
1
1
1
1
1
1
1
1
1
1
1
1
1
1
1
1
1
1
1
1
1
1
1
1
1
1
1
1
1
1
1
1
1
1
1
1
1
1
1
1
1
1
1
1
1
1
1
1
1
1
1
1
1
1
1
1
1
1
1
1
1
1
1
1
1
1
1
1
1
1
1
1
1
1
1
1
1
1
1
1
1
1
1
1
1
1
1
1
1
1
1
1
1
1
1
1
1
1
1
1
1
1
1
1
1
1
1
1
1
1
1
1
1
1
1
1
1
1
1
1
1
1
1
1
1
1
1
1
1
1
1
1
1
1
1
1
1
1
1
1
1
1
1
1
1
1
1
1
1
1
1
1
1
1
1
1
1
1
1
1
1
1
1
1
1
1
1
1
1
1
1
1
1
1
1
1
1
1
1
1
1
1
1
1
1
1
1
1
1
1
1
1
1
1
1
1
1
1
1
1
1
1
1
1
1
1
1
1
1
1
1
1
1
1
1
1
1
1
1
1
1
1
1
1
1
1
1
1
1
1
1
1
1
1
1
1
1
1
1
1
1
1
1
1
1
1
1
1
1
1
1
1
1
1
1
1
1
1
1
1
1
1
1
1
1
1
1
1
1
1
1
1
1
1
1
1
1
1
1
1
1
1
1
1
1
1
1
1
1
1
1
1
1
1
1
1
1
1
1
1
1
1
1
1
1
1
1
1
1
1
1
1
1
1
1
1
1
1
1
1
1
1
1
1
1
1
1
1
1
1
1
1
1
1
1
1
1
1
1
1
1
1
1
1
1
1
1
1
1
1
1
1
1
1
1
1
1
1
1
1
1
1
1
1
1
1
1
1
1
1
1
1
1
1
1
1
1
1
1
1
1
1
1
1
1
1
1
1
1
1
1
1
1
1
1
1
1
1
1
1
1
1
1
1
1
1
1
1
1
1
1
1
1
1
1
1
1
1
1
1
1
1
1
1
1
1
1
1
1
1
1
1
1
1
1
1
1
1
1
1
1
1
1
1
1
1
1
1
1
1
1
1
1
1
1
1
1
1
1
1
1
1
1
1
1
1
1
1
1
1
1
1
1
1
1
1
1
1
1
1
1
1
1
1
1
1
1
1
1
1
1
1
1
1
1
1
1
1
1
1
1
1
1
1
1
1
1
1
1
1
1
1
1
1
1
1
1
1
1
1
1
1
1
1
1
1
1
1
1
1
1
1
1
1
1
1
1
1
1
1
1
1
1
1
1
1
1
1
1
1
1
1
1
1
1
1
1
1
1
1
1
1
1
1
1
1
1
1
1
1
1
1
1
1
1
1
1
1
1
1
1
1
1
1
1
1
1
1
1
1
1
1
1
1
1
1
1
1
1
1
1
1
1
1
1
1
1
1
1
1
1
1
1
1
1
1
1
1
1
1
1
1
1
1
1
1
1
1
1
1
1
1
1
1
1
1
1
1
1
1
1
1
1
1
1
1
1
1
1
1
1
1
1
1
1
1
1
1
1
1
1
1
1
1
1
1
1
1
1
1
1
1
1
1
1
1
1
1
1
1
1
1
1
1
1
1
1
1
1
1
1
1
1
1
1
1
1
1
1
1
1
1
1
1
1
1
1
1
1
1
1
1
1
1
1
1
1
1
1
1
1
1
1
1
1
1
1
1
1
1
1
1
1
1
1
1
1
1
1
1
1
1
1
1
1
1
1
1
1
1
1
1
1
1
1
1
1
1
1
1
1
1
1
1
1
1
1
1
1
1
1
1
1
1
1
1
1
1
1
1
1
1
1
1
1
1
1
1
1
1
1
1
1
1
1
1
1
1
1
1
1
1
1
1
1
1
1
1
1
1
1
1
1
1
1
1
1
1
1
1
1
1
1
1
1
1
1
1
1
1
1
1
1
1
1
1
1
1
1
1
1
1
1
1
1
1
1
1
1
1
1
1
1
1
1
1
1
1
1
1
1
1
1
1
1
1
1
1
1
1
1
1
1
1
1
1
1
1
1
1
1
1
1
1
1
1
1
1
1
1
1
1
1
1
1
1
1
1
1
1
1
1
1
1
1
1
1
1
1
1
1
1
1
1
1
1
1
1
1
1
1
1
1
1
1
1
1
1
1
1
1
1
1
1
1
1
1
1
1
1
1
1
1
1
1
1
1
1
1
1
1
1
1
1
1
1
1
1
1
1
1
1
1
1
1
1
1
1
1
1
1
1
1
1
1
1
1
1
1
1
1
1
1
1
1
1
1
1
1
1
1
1
1
1
1
1
1
1
1
1
1
1
1
1
1
1
1
1
1
1
1
1
1
1
1
1
1
1
1
1
1
1
1
1
1
1
1
1
1
1
1
1
1
1
1
1
1
1
1
1
1
1
1
1
1
1
1
1
1
1
1
1
1
1
1
1
1
1
1
1
1
1
1
1
1
1
1
1
1
1
1
1
1
1
1
1
1
1
1
1
1
1
1
1
1
1
1
1
1
1
1
1
1
1
1
1
1
1
1
1
1
1
1
1
1
1
1
1
1
1
1
1
1
1
1
1
1
1
1
1
1
1
1
1
1
1
1
1
1
1
1
1
1
1
1
1
1
1
1
1
1
1
1
1
1
1
1
1
1
1
1
1
1
1
1
1
1
1
1
1
1
1
1
1
1
1
1
1
1
1
1
1
1
1
1
1
1
1
1
1
1
1
1
1
1
1
1
1
1
1
1
1
1
1
1
1
1
1
1
1
1
1
1
1
1
1
1
1
1
1
1
1
1
1
1
1
1
1
1
1
1
1
1
1
1
1
1
1
1
1
1
1
1
1
1
1
1
1
1
1
1
1
1
1
1
1
1
1
1
1
1
1
1
1
1
1
1
1
1
1
1
1
1
1
1
1
1
1
1
1
1
1
1
1
1
1
1
1
1
1
1
1
1
1
1
1
1
1
1
1
1
1
1
1
1
1
1
1
1
1
1
1
1
1
1
1
1
1
1
1
1
1
1
1
1
1
1
1
1
1
1
1
1
1
1
1
1
1
1
1
1
1
1
1
1
1
1
1
1
1
1
1
1
1
1
1
1
1
1
1
1
1
1
1
1
1
1
1
1
1
1
1
1
1
1
1
1
1
1
1
1
1
1
1
1
1
1
1
1
1
1
1
1
1
1
1
1
1
1
1
1
1
1
1
1
1
1
1
1
1
1
1
1
1
1
1
1
1
1
1
1
1
1
1
1
1
1
1
1
1
1
1
1
1
1
1
1
1
1
1
1
1
1
1
1
1
1
1
1
1
1
1
1
1
1
1
1
1
1
1
1
1
1
1
1
1
1
1
1
1
1
1
1
1
1
1
1
1
1
1
1
1
1
1
1
1
1
1
1
1
1
1
1
1
1
1
1
1
1
1
1
1
1
1
1
1
1
1
1
1
1
1
1
1
1
1
1
1
1
1
1
1
1
1
1
1
1
1
1
1
1
1
1
1
1
1
1
1
1
1
1
1
1
1
1
1
1
1
1
1
1
1
1
1
1
1
1
1
1
1
1
1
1
1
1
1
1
1
1
1
1
1
1
1
1
1
1
1
1
1
1
1
1
1
1
1
1
1
1
1
1
1
1
1
1
1
1
1
1
1
1
1
1
1
1
1
1
1
1
1
1
1
1
1
1
1
1
1
1
1
1
1
1
1
1
1
1
1
1
1
1
1
1
1
1
1
1
1
1
1
1
1
1
1
1
1
1
1
1
1
1
1
1
1
1
1
1
1
1
1
1
1
1
1
1
1
1
1
1
1
1
1
1
1
1
1
1
1
1
1
1
1
1
1
1
1
1
1
1
1
1
1
1
1
1
1
1
1
1
1
1
1
1
1
1
1
1
1
1
1
1
1
1
1
1
1
1
1
1
1
1
1
1
1
1
1
1
1
1
1
1
1
1
1
1
1
1
1
1
1
1
1
1
1
1
1
1
1
1
1
1
1
1
1
1
1
1
1
1
1
1
1
1
1
1
1
1
1
1
1
1
1
1
1
1
1
1
1
1
1
1
1
1
1
1
1
1
1
1
1
1
1
1
1
1
1
1
1
1
1
1
1
1
1
1
1
1
1
1
1
1
1
1
1
1
1
1
1
1
1
1
1
1
1
1
1
1
1
1
1
1
1
1
1
1
1
1
1
1
1
1
1
1
1
1
1
1
1
1
1
1
1
1
1
1
1
1
1
1
1
1
1
1
1
1
1
1
1
1
1
1
1
1
1
1
1
1
1
1
1
1
1
1
1
1
1
1
1
1
1
1
1
1
1
1
1
1
1
1
1
1
1
1
1
1
1
1
1
1
1
1
1
1
1
1
1
1
1
1
1
1
1
1
1
1
1
1
1
1
1
1
1
1
1
1
1
1
1
1
1
1
1
1
1
1
1
1
1
1
1
1
1
1
1
1
1
1
1
1
1
1
1
1
1
1
1
1
1
1
1
1
1
1
1
1
1
1
1
1
1
1
1
1
1
1
1
1
1
1
1
1
1
1
1
1
1
1
1
1
1
1
1
1
1
1
1
1
1
1
1
1
1
1
1
1
1
1
1
1
1
1
1
1
1
1
1
1
1
1
1
1
1
1
1
1
1
1
1
1
1
1
1
1
1
1
1
1
1
1
1
1
1
1
1
1
1
1
1
1
1
1
1
1
1
1
1
1
1
1
1
1
1
1
1
1
1
1
1
1
1
1
1
1
1
1
1
1
1
1
1
1
1
1
1
1
1
1
1
1
1
1
1
1
1
1
1
1
1
1
1
1
1
1
1
1
1
1
1
1
1
1
1
1
1
1
1
1
1
1
1
1
1
1
1
1
1
1
1
1
1
1
1
1
1
1
1
1
1
1
1
1
1
1
1
1
1
1
1
1
1
1
1
1
1
1
1
1
1
1
1
1
1
1
1
1
1
1
1
1
1
1
1
1
1
1
1
1
1
1
1
1
1
1
1
1
1
1
1
1
1
1
1
1
1
1
1
1
1
1
1
1
1
1
1
1
1
1
1
1
1
1
1
1
1
1
1
1
1
1
1
1
1
1
1
1
1
1
1
1
1
1
1
1
1
1
1
1
1
1
1
1
1
1
1
1
1
1
1
1
1
1
1
1
1
1
1
1
1
1
1
1
1
1
1
1
1
1
1
1
1
1
1
1
1
1
1
1
1
1
1
1
1
1
1
1
1
1
1
1
1
1
1
1
1
1
1
1
1
1
1
1
1
1
1
1
1
1
1
1
1
1
1
1
1
1
1
1
1
1
1
1
1
1
1
1
1
1
1
1
1
1
1
1
1
1
1
1
1
1
1
1
1
1
1
1
1
1
1
1
1
1
1
1
1
1
1
1
1
1
1
1
1
1
1
1
1
1
1
1
1
1
1
1
1
1
1
1
1
1
1
1
1
1
1
1
1
1
1
1
1
1
1
1
1
1
1
1
1
1
1
1
1
1
1
1
1
1
1
1
1
1
1
1
1
1
1
1
1
1
1
1
1
1
1
1
1
1
1
1
1
1
1
1
1
1
1
1
1
1
1
1
1
1
1
1
1
1
1
1
1
1
1
1
1
1
1
1
1
1
1
1
1
1
1
1
1
1
1
1
1
1
1
1
1
1
1
1
1
1
1
1
1
1
1
1
1
1
1
1
1
1
1
1
1
1
1
1
1
1
1
1
1
1
1
1
1
1
1
1
1
1
1
1
1
1
1
1
1
1
1
1
1
1
1
1
1
1
1
1
1
1
1
1
1
1
1
1
1
1
1
1
1
1
1
1
1
1
1
1
1
1
1
1
1
1
1
1
1
1
1
1
1
1
1
1
1
1
1
1
1
1
1
1
1
1
1
1
1
1
1
1
1
1
1
1
1
1
1
1
1
1
1
1
1
1
1
1
1
1
1
1
1
1
1
1
1
1
1
1
1
1
1
1
1
1
1
1
1
1
1
1
1
1
1
1
1
1
1
1
1
1
1
1
1
1
1
1
1
1
1
1
1
1
1
1
1
1
1
1
1
1
1
1
1
1
1
1
1
1
1
1
1
1
1
1
1
1
1
1
1
1
1
1
1
1
1
1
1
1
1
1
1
1
1
1
1
1
1
1
1
1
1
1
1
1
1
1
1
1
1
1
1
1
1
1
1
1
1
1
1
1
1
1
1
1
1
1
1
1
1
1
1
1
1
1
1
1
1
1
1
1
1
1
1
1
1
1
1
1
1
1
1
1
1
1
1
1
1
1
1
1
1
1
1
1
1
1
1
1
1
1
1
1
1
1
1
1
1
1
1
1
1
1
1
1
1
1
1
1
1
1
1
1
1
1
1
1
1
1
1
1
1
1
1
1
1
1
1
1
1
1
1
1
1
1
1
1
1
1
1
1
1
1
1
1
1
1
1
1
1
1
1
1
1
1
1
1
1
1
1
1
1
1
1
1
1
1
1
1
1
1
1
1
1
1
1
1
1
1
1
1
1
1
1
1
1
1
1
1
1
1
1
1
1
1
1
1
1
1
1
1
1
1
1
1
1
1
1
1
1
1
1
1
1
1
1
1
1
1
1
1
1
1
1
1
1
1
1
1
1
1
1
1
1
1
1
1
1
1
1
1
1
1
1
1
1
1
1
1
1
1
1
1
1
1
1
1
1
1
1
1
1
1
1
1
1
1
1
1
1
1
1
1
1
1
1
1
1
1
1
1
1
1
1
1
1
1
1
1
1
1
1
1
1
1
1
1
1
1
1
1
1
1
1
1
1
1
1
1
1
1
1
1
1
1
1
1
1
1
1
1
1
1
1
1
1
1
1
1
1
1
1
1
1
1
1
1
1
1
1
1
1
1
1
1
1
1
1
1
1
1
1
1
1
1
1
1
1
1
1
1
1
1
1
1
1
1
1
1
1
1
1
1
1
1
1
1
1
1
1
1
1
1
1
1
1
1
1
1
1
1
1
1
1
1
1
1
1
1
1
1
1
1
1
1
1
1
1
1
1
1
1
1
1
1
1
1
1
1
1
1
1
1
1
1
1
1
1
1
1
1
1
1
1
1
1
1
1
1
1
1
1
1
1
1
1
1
1
1
1
1
1
1
1
1
1
1
1
1
1
1
1
1
1
1
1
1
1
1
1
1
1
1
1
1
1
1
1
1
1
1
1
1
1
1
1
1
1
1
1
1
1
1
1
1
1
1
1
1
1
1
1
1
1
1
1
1
1
1
1
1
1
1
1
1
1
1
1
1
1
1
1
1
1
1
1
1
1
1
1
1
1
1
1
1
1
1
1
1
1
1
1
1
1
1
1
1
1
1
1
1
1
1
1
1
1
1
1
1
1
1
1
1
1
1
1
1
1
1
1
1
1
1
1
1
1
1
1
1
1
1
1
1
1
1
1
1
1
1
1
1
1
1
1
1
1
1
1
1
1
1
1
1
1
1
1
1
1
1
1
1
1
1
1
1
1
1
1
1
1
1
1
1
1
1
1
1
1
1
1
1
1
1
1
1
1
1
1
1
1
1
1
1
1
1
1
1
1
1
1
1
1
1
1
1
1
1
1
1
1
1
1
1
1
1
1
1
1
1
1
1
1
1
1
1
1
1
1
1
1
1
1
1
1
1
1
1
1
1
1
1
1
1
1
1
1
1
1
1
1
1
1
1
1
1
1
1
1
1
1
1
1
1
1
1
1
1
1
1
1
1
1
1
1
1
1
1
1
1
1
1
1
1
1
1
1
1
1
1
1
1
1
1
1
1
1
1
1
1
1
1
1
1
1
1
1
1
1
1
1
1
1
1
1
1
1
1
1
1
1
1
1
1
1
1
1
1
1
1
1
1
1
1
1
1
1
1
1
1
1
1
1
1
1
1
1
1
1
1
1
1
1
1
1
1
1
1
1
1
1
1
1
1
1
1
1
1
1
1
1
1
1
1
1
1
1
1
1
1
1
1
1
1
1
1
1
1
1
1
1
1
1
1
1
1
1
1
1
1
1
1
1
1
1
1
1
1
1
1
1
1
1
1
1
1
1
1
1
1
1
1
1
1
1
1
1
1
1
1
1
1
1
1
1
1
1
1
1
1
1
1
1
1
1
1
1
1
1
1
1
1
1
1
1
1
1
1
1
1
1
1
1
1
1
1
1
1
1
1
1
1
1
1
1
1
1
1
1
1
1
1
1
1
1
1
1
1
1
1
1
1
1
1
1
1
1
1
1
1
1
1
1
1
1
1
1
1
1
1
1
1
1
1
1
1
1
1
1
1
1
1
1
1
1
1
1
1
1
1
1
1
1
1
1
1
1
1
1
1
1
1
1
1
1
1
1
1
1
1
1
1
1
1
1
1
1
1
1
1
1
1
1
1
1
1
1
1
1
1
1
1
1
1
1
1
1
1
1
1
1
1
1
1
1
1
1
1
1
1
1
1
1
1
1
1
1
1
1
1
1
1
1
1
1
1
1
1
1
1
1
1
1
1
1
1
1
1
1
1
1
1
1
1
1
1
1
1
1
1
1
1
1
1
1
1
1
1
1
1
1
1
1
1
1
1
1
1
1
1
1
1
1
1
1
1
1
1
1
1
1
1
1
1
1
1
1
1
1
1
1
1
1
1
1
1
1
1
1
1
1
1
1
1
1
1
1
1
1
1
1
1
1
1
1
1
1
1
1
1
1
1
1
1
1
1
1
1
1
1
1
1
1
1
1
1
1
1
1
1
1
1
1
1
1
1
1
1
1
1
1
1
1
1
1
1
1
1
1
1
1
1
1
1
1
1
1
1
1
1
1
1
1
1
1
1
1
1
1
1
1
1
1
1
1
1
1
1
1
1
1
1
1
1
1
1
1
1
1
1
1
1
1
1
1
1
1
1
1
1
1
1
1
1
1
1
1
1
1
1
1
1
1
1
1
1
1
1
1
1
1
1
1
1
1
1
1
1
1
1
1
1
1
1
1
1
1
1
1
1
1
1
1
1
1
1
1
1
1
1
1
1
1
1
1
1
1
1
1
1
1
1
1
1
1
1
1
1
1
1
1
1
1
1
1
1
1
1
1
1
1
1
1
1
1
1
1
1
1
1
1
1
1
1
1
1
1
1
1
1
1
1
1
1
1
1
1
1
1
1
1
1
1
1
1
1
1
1
1
1
1
1
1
1
1
1
1
1
1
1
1
1
1
1
1
1
1
1
1
1
1
1
1
1
1
1
1
1
1
1
1
1
1
1
1
1
1
1
1
1
1
1
1
1
1
1
1
1
1
1
1
1
1
1
1
1
1
1
1
1
1
1
1
1
1
1
1
1
1
1
1
1
1
1
1
1
1
1
1
1
1
1
1
1
1
1
1
1
1
1
1
1
1
1
1
1
1
1
1
1
1
1
1
1
1
1
1
1
1
1
1
1
1
1
1
1
1
1
1
1
1
1
1
1
1
1
1
1
1
1
1
1
1
1
1
1
1
1
1
1
1
1
1
1
1
1
1
1
1
1
1
1
1
1
1
1
1
1
1
1
1
1
1
1
1
1
1
1
1
1
1
1
1
1
1
1
1
1
1
1
1
1
1
1
1
1
1
1
1
1
1
1
1
1
1
1
1
1
1
1
1
1
1
1
1
1
1
1
1
1
1
1
1
1
1
1
1
1
1
1
1
1
1
1
1
1
1
1
1
1
1
1
1
1
1
1
1
1
1
1
1
1
1
1
1
1
1
1
1
1
1
1
1
1
1
1
1
1
1
1
1
1
1
1
1
1
1
1
1
1
1
1
1
1
1
1
1
1
1
1
1
1
1
1
1
1
1
1
1
1
1
1
1
1
1
1
1
1
1
1
1
1
1
1
1
1
1
1
1
1
1
1
1
1
1
1
1
1
1
1
1
1
1
1
1
1
1
1
1
1
1
1
1
1
1
1
1
1
1
1
1
1
1
1
1
1
1
1
1
1
1
1
1
1
1
1
1
1
1
1
1
1
1
1
1
1
1
1
1
1
1
1
1
1
1
1
1
1
1
1
1
1
1
1
1
1
1
1
1
1
1
1
1
1
1
1
1
1
1
1
1
1
1
1
1
1
1
1
1
1
1
1
1
1
1
1
1
1
1
1
1
1
1
1
1
1
1
1
1
1
1
1
1
1
1
1
1
1
1
1
1
1
1
1
1
1
1
1
1
1
1
1
1
1
1
1
1
1
1
1
1
1
1
1
1
1
1
1
1
1
1
1
1
1
1
1
1
1
1
1
1
1
1
1
1
1
1
1
1
1
1
1
1
1
1
1
1
1
1
1
1
1
1
1
1
1
1
1
1
1
1
1
1
1
1
1
1
1
1
1
1
1
1
1
1
1
1
1
1
1
1
1
1
1
1
1
1
1
1
1
1
1
1
1
1
1
1
1
1
1
1
1
1
1
1
1
1
1
1
1
1
1
1
1
1
1
1
1
1
1
1
1
1
1
1
1
1
1
1
1
1
1
1
1
1
1
1
1
1
1
1
1
1
1
1
1
1
1
1
1
1
1
1
1
1
1
1
1
1
1
1
1
1
1
1
1
1
1
1
1
1
1
1
1
1
1
1
1
1
1
1
1
1
1
1
1
1
1
1
1
1
1
1
1
1
1
1
1
1
1
1
1
1
1
1
1
1
1
1
1
1
1
1
1
1
1
1
1
1
1
1
1
1
1
1
1
1
1
1
1
1
1
1
1
1
1
1
1
1
1
1
1
1
1
1
1
1
1
1
1
1
1
1
1
1
1
1
1
1
1
1
1
1
1
1
1
1
1
1
1
1
1
1
1
1
1
1
1
1
1
1
1
1
1
1
1
1
1
1
1
1
1
1
1
1
1
1
1
1
1
1
1
1
1
1
1
1
1
1
1
1
1
1
1
1
1
1
1
1
1
1
1
1
1
1
1
1
1
1
1
1
1
1
1
1
1
1
1
1
1
1
1
1
1
1
1
1
1
1
1
1
1
1
1
1
1
1
1
1
1
1
1
1
1
1
1
1
1
1
1
1
1
1
1
1
1
1
1
1
1
1
1
1
1
1
1
1
1
1
1
1
1
1
1
1
1
1
1
1
1
1
1
1
1
1
1
1
1
1
1
1
1
1
1
1
1
1
1
1
1
1
1
1
1
1
1
1
1
1
1
1
1
1
1
1
1
1
1
1
1
1
1
1
1
1
1
1
1
1
1
1
1
1
1
1
1
1
1
1
1
1
1
1
1
1
1
1
1
1
1
1
1
1
1
1
1
1
1
1
1
1
1
1
1
1
1
1
1
1
1
1
1
1
1
1
1
1
1
1
1
1
1
1
1
1
1
1
1
1
1
1
1
1
1
1
1
1
1
1
1
1
1
1
1
1
1
1
1
1
1
1
1
1
1
1
1
1
1
1
1
1
1
1
1
1
1
1
1
1
1
1
1
1
1
1
1
1
1
1
1
1
1
1
1
1
1
1
1
1
1
1
1
1
1
1
1
1
1
1
1
1
1
1
1
1
1
1
1
1
1
1
1
1
1
1
1
1
1
1
1
1
1
1
1
1
1
1
1
1
1
1
1
1
1
1
1
1
1
1
1
1
1
1
1
1
1
1
1
1
1
1
1
1
1
1
1
1
1
1
1
1
1
1
1
1
1
1
1
1
1
1
1
1
1
1
1
1
1
1
1
1
1
1
1
1
1
1
1
1
1
1
1
1
1
1
1
1
1
1
1
1
1
1
1
1
1
1
1
1
1
1
1
1
1
1
1
1
1
1
1
1
1
1
1
1
1
1
1
1
1
1
1
1
1
1
1
1
1
1
1
1
1
1
1
1
1
1
1
1
1
1
1
1
1
1
1
1
1
1
1
1
1
1
1
1
1
1
1
1
1
1
1
1
1
1
1
1
1
1
1
1
1
1
1
1
1
1
1
1
1
1
1
1
1
1
1
1
1
1
1
1
1
1
1
1
1
1
1
1
1
1
1
1
1
1
1
1
1
1
1
1
1
1
1
1
1
1
1
1
1
1
1
1
1
1
1
1
1
1
1
1
1
1
1
1
1
1
1
1
1
1
1
1
1
1
1
1
1
1
1
1
1
1
1
1
1
1
1
1
1
1
1
1
1
1
1
1
1
1
1
1
1
1
1
1
1
1
1
1
1
1
1
1
1
1
1
1
1
1
1
1
1
1
1
1
1
1
1
1
1
1
1
1
1
1
1
1
1
1
1
1
1
1
1
1
1
1
1
1
1
1
1
1
1
1
1
1
1
1
1
1
1
1
1
1
1
1
1
1
1
1
1
1
1
1
1
1
1
1
1
1
1
1
1
1
1
1
1
1
1
1
1
1
1
1
1
1
1
1
1
1
1
1
1
1
1
1
1
1
1
1
1
1
1
1
1
1
1
1
1
1
1
1
1
1
1
1
1
1
1
1
1
1
1
1
1
1
1
1
1
1
1
1
1
1
1
1
1
1
1
1
1
1
1
1
1
1
1
1
1
1
1
1
1
1
1
1
1
1
1
1
1
1
1
1
1
1
1
1
1
1
1
1
1
1
1
1
1
1
1
1
1
1
1
1
1
1
1
1
1
1
1
1
1
1
1
1
1
1
1
1
1
1
1
1
1
1
1
1
1
1
1
1
1
1
1
1
1
1
1
1
1
1
1
1
1
1
1
1
1
1
1
1
1
1
1
1
1
1
1
1
1
1
1
1
1
1
1
1
1
1
1
1
1
1
1
1
1
1
1
1
1
1
1
1
1
1
1
1
1
1
1
1
1
1
1
1
1
1
1
1
1
1
1
1
1
1
1
1
1
1
1
1
1
1
1
1
1
1
1
1
1
1
1
1
1
1
1
1
1
1
1
1
1
1
1
1
1
1
1
1
1
1
1
1
1
1
1
1
1
1
1
1
1
1
1
1
1
1
1
1
1
1
1
1
1
1
1
1
1
1
1
1
1
1
1
1
1
1
1
1
1
1
1
1
1
1
1
1
1
1
1
1
1
1
1
1
1
1
1
1
1
1
1
1
1
1
1
1
1
1
1
1
1
1
1
1
1
1
1
1
1
1
1
1
1
1
1
1
1
1
1
1
1
1
1
1
1
1
1
1
1
1
1
1
1
1
1
1
1
1
1
1
1
1
1
1
1
1
1
1
1
1
1
1
1
1
1
1
1
1
1
1
1
1
1
1
1
1
1
1
1
1
1
1
1
1
1
1
1
1
1
1
1
1
1
1
1
1
1
1
1
1
1
1
1
1
1
1
1
1
1
1
1
1
1
1
1
1
1
1
1
1
1
1
1
1
1
1
1
1
1
1
1
1
1
1
1
1
1
1
1
1
1
1
1
1
1
1
1
1
1
1
1
1
1
1
1
1
1
1
1
1
1
1
1
1
1
1
1
1
1
1
1
1
1
1
1
1
1
1
1
1
1
1
1
1
1
1
1
1
1
1
1
1
1
1
1
1
1
1
1
1
1
1
1
1
1
1
1
1
1
1
1
1
1
1
1
1
1
1
1
1
1
1
1
1
1
1
1
1
1
1
1
1
1
1
1
1
1
1
1
1
1
1
1
1
1
1
1
1
1
1
1
1
1
1
1
1
1
1
1
1
1
1
1
1
1
1
1
1
1
1
1
1
1
1
1
1
1
1
1
1
1
1
1
1
1
1
1
1
1
1
1
1
1
1
1
1
1
1
1
1
1
1
1
1
1
1
1
1
1
1
1
1
1
1
1
1
1
1
1
1
1
1
1
1
1
1
1
1
1
1
1
1
1
1
1
1
1
1
1
1
1
1
1
1
1
1
1
1
1
1
1
1
1
1
1
1
1
1
1
1
1
1
1
1
1
1
1
1
1
1
1
1
1
1
1
1
1
1
1
1
1
1
1
1
1
1
1
1
1
1
1
1
1
1
1
1
1
1
1
1
1
1
1
1
1
1
1
1
1
1
1
1
1
1
1
1
1
1
1
1
1
1
1
1
1
1
1
1
1
1
1
1
1
1
1
1
1
1
1
1
1
1
1
1
1
1
1
1
1
1
1
1
1
1
1
1
1
1
1
1
1
1
1
1
1
1
1
1
1
1
1
1
1
1
1
1
1
1
1
1
1
1
1
1
1
1
1
1
1
1
1
1
1
1
1
1
1
1
1
1
1
1
1
1
1
1
1
1
1
1
1
1
1
1
1
1
1
1
1
1
1
1
1
1
1
1
1
1
1
1
1
1
1
1
1
1
1
1
1
1
1
1
1
1
1
1
1
1
1
1
1
1
1
1
1
1
1
1
1
1
1
1
1
1
1
1
1
1
1
1
1
1
1
1
1
1
1
1
1
1
1
1
1
1
1
1
1
1
1
1
1
1
1
1
1
1
1
1
1
1
1
1
1
1
1
1
1
1
1
1
1
1
1
1
1
1
1
1
1
1
1
1
1
1
1
1
1
1
1
1
1
1
1
1
1
1
1
1
1
1
1
1
1
1
1
1
1
1
1
1
1
1
1
1
1
1
1
1
1
1
1
1
1
1
1
1
1
1
1
1
1
1
1
1
1
1
1
1
1
1
1
1
1
1
1
1
1
1
1
1
1
1
1
1
1
1
1
1
1
1
1
1
1
1
1
1
1
1
1
1
1
1
1
1
1
1
1
1
1
1
1
1
1
1
1
1
1
1
1
1
1
1
1
1
1
1
1
1
1
1
1
1
1
1
1
1
1
1
1
1
1
1
1
1
1
1
1
1
1
1
1
1
1
1
1
1
1
1
1
1
1
1
1
1
1
1
1
1
1
1
1
1
1
1
1
1
1
1
1
1
1
1
1
1
1
1
1
1
1
1
1
1
1
1
1
1
1
1
1
1
1
1
1
1
1
1
1
1
1
1
1
1
1
1
1
1
1
1
1
1
1
1
1
1
1
1
1
1
1
1
1
1
1
1
1
1
1
1
1
1
1
1
1
1
1
1
1
1
1
1
1
1
1
1
1
1
1
1
1
1
1
1
1
1
1
1
1
1
1
1
1
1
1
1
1
1
1
1
1
1
1
1
1
1
1
1
1
1
1
1
1
1
1
1
1
1
1
1
1
1
1
1
1
1
1
1
1
1
1
1
1
1
1
1
1
1
1
1
1
1
1
1
1
1
1
1
1
1
1
1
1
1
1
1
1
1
1
1
1
1
1
1
1
1
1
1
1
1
1
1
1
1
1
1
1
1
1
1
1
1
1
1
1
1
1
1
1
1
1
1
1
1
1
1
1
1
1
1
1
1
1
1
1
1
1
1
1
1
1
1
1
1
1
1
1
1
1
1
1
1
1
1
1
1
1
1
1
1
1
1
1
1
1
1
1
1
1
1
1
1
1
1
1
1
1
1
1
1
1
1
1
1
1
1
1
1
1
1
1
1
1
1
1
1
1
1
1
1
1
1
1
1
1
1
1
1
1
1
1
1
1
1
1
1
1
1
1
1
1
1
1
1
1
1
1
1
1
1
1
1
1
1
1
1
1
1
1
1
1
1
1
1
1
1
1
1
1
1
1
1
1
1
1
1
1
1
1.00001
1.00006
1.00003
1.00002
1.00001
1.00001
1
1
1
1
1
1
1
1
1
1
1
1
1
1
1
1
1
1
1
1
1
1
1
1
1
1
1
1
1
1
1
1
1
1
1
1
1
1
1
1
1
1
1
1
1
1
1
1
1
1
1
1
1
1
1
1
1
1
1
1
1
1
1
1
1
1
1
1
1
1
1
1
1
1
1
1
1
1
1
1
1
1
1
1
1
1
1
1
1
1
1
1
1
1
1
1
1
1
1
1
1
1
1
1
1
1
1
1
1
1
1
1
1
1
1
1
1
1
1
1
1
1
1
1
1
1
1
1
1
1
1
1
1
1
1
1
1
1
1
1
1
1
1
1
1
1
1
1
1
1
1
1
1
1
1
1
1
1
1
1
1
1
1
1
1
1
1
1
1
1
1
1
1
1
1
1
1
1
1
1
1
1
1
1
1
1
1.01129
1.01125
1.00757
1.00578
1.00435
1.00329
1.00233
1.00172
1.00128
1.00087
1.00061
1.00045
1.0003
1.0002
1.00014
1.00009
1.00006
1.00004
1.00003
1.00002
1.00001
1.00001
1
1
1
1
1
1
1
1
1
1
1
1
1
1
1
1
1
1
1
1
1
1
1
1
1
1
1
1
1
1
1
1
1
1
1
1
1
1
1
1
1
1
1
1
1
1
1
1
1
1
1
1
1
1
1
1
1
1
1
1
1
1
1
1
1
1
1
1
1
1
1
1
1
1
1
1
1
1
1
1
1
1
1
1
1
1
1
1
1
1
1
1
1
1
1
1
1
1
1
1
1
1
1
1
1
1
1
1
1
1
1
1
1
1
1
1
1
1
1
1
1
1
1
1
1
1
1
1
1
1
1
1
1
1
1
1
1
1
1
1
1
1
1
1
1
1
1
1
1
1
1
1
1
1
1
1
1
1
1
1
1
1
1
1
1
1
1
1
1
1
1.22997
1.20523
1.18227
1.15805
1.13388
1.11778
1.09921
1.0813
1.06999
1.05819
1.04579
1.03808
1.03148
1.02417
1.01909
1.01552
1.01183
1.00887
1.00698
1.00529
1.00382
1.00288
1.00215
1.00151
1.00109
1.00079
1.00054
1.00038
1.00027
1.00018
1.00012
1.00008
1.00005
1.00003
1.00002
1.00001
1.00001
1.00001
1
1
1
1
1
1
1
1
1
1
1
1
1
1
1
1
1
1
1
1
1
1
1
1
1
1
1
1
1
1
1
1
1
1
1
1
1
1
1
1
1
1
1
1
1
1
1
1
1
1
1
1
1
1
1
1
1
1
1
1
1
1
1
1
1
1
1
1
1
1
1
1
1
1
1
1
1
1
1
1
1
1
1
1
1
1
1
1
1
1
1
1
1
1
1
1
1
1
1
1
1
1
1
1
1
1
1
1
1
1
1
1
1
1
1
1
1
1
1
1
1
1
1
1
1
1
1
1
1
1
1
1
1
1
1
1
1
1
1
1
1
1
1
1
1
1
1
1
1
1
1
1
1
1
1.75832
1.7305
1.70199
1.67425
1.62965
1.60269
1.57479
1.52609
1.49057
1.46594
1.42589
1.38156
1.35715
1.32572
1.284
1.25617
1.23197
1.19965
1.17269
1.15415
1.1312
1.10933
1.09507
1.08021
1.06468
1.05416
1.04519
1.03576
1.02869
1.02335
1.01831
1.01417
1.01112
1.0086
1.00644
1.00487
1.00369
1.00269
1.00194
1.00144
1.00103
1.00071
1.0005
1.00036
1.00024
1.00016
1.00011
1.00007
1.00005
1.00003
1.00002
1.00001
1.00001
1
1
1
1
1
1
1
1
1
1
1
1
1
1
1
1
1
1
1
1
1
1
1
1
1
1
1
1
1
1
1
1
1
1
1
1
1
1
1
1
1
1
1
1
1
1
1
1
1
1
1
1
1
1
1
1
1
1
1
1
1
1
1
1
1
1
1
1
1
1
1
1
1
1
1
1
1
1
1
1
1
1
1
1
1
1
1
1
1
1
1
1
1
1
1
1
1
1
1
1
1
1
1
1
1
1
1
1
1
1
1
1
1
1
1
1
1
1
1
1
1
1
1
1
1
1
1
1
1
1
1
1
1
1
1
1
1
1
1
2.00063
2.00112
1.99901
1.99004
1.97633
1.97112
1.96488
1.94174
1.9286
1.92317
1.90703
1.87584
1.86378
1.85132
1.81116
1.78347
1.76918
1.73948
1.6916
1.67088
1.64745
1.59441
1.55806
1.53562
1.4962
1.44593
1.4199
1.39077
1.345
1.3121
1.28771
1.2546
1.22037
1.19819
1.17476
1.14733
1.12771
1.11097
1.09242
1.07665
1.06508
1.05373
1.04273
1.03512
1.02874
1.02225
1.01741
1.01403
1.0108
1.00798
1.00622
1.00481
1.00344
1.00253
1.00193
1.00138
1.00097
1.00071
1.00049
1.00033
1.00024
1.00016
1.0001
1.00007
1.00005
1.00003
1.00002
1.00001
1.00001
1
1
1
1
1
1
1
1
1
1
1
1
1
1
1
1
1
1
1
1
1
1
1
1
1
1
1
1
1
1
1
1
1
1
1
1
1
1
1
1
1
1
1
1
1
1
1
1
1
1
1
1
1
1
1
1
1
1
1
1
1
1
1
1
1
1
1
1
1
1
1
1
1
1
1
1
1
1
1
1
1
1
1
1
1
1
1
1
1
1
1
1
1
1
1
1
1
1
1
1
1
1
1
1
1
1
1
1
1
1
1
1
1
1
1
1
1
1
1
1
1
1
1
2.08695
2.08917
2.08969
2.08941
2.0885
2.08792
2.08661
2.08384
2.08305
2.08391
2.08274
2.07579
2.07276
2.07157
2.06282
2.05431
2.0532
2.05225
2.03832
2.02732
2.02194
2.01047
1.98624
1.97457
1.96554
1.94148
1.91309
1.90105
1.88523
1.84608
1.81949
1.80376
1.77439
1.72879
1.70572
1.68109
1.63651
1.5985
1.57384
1.53516
1.48847
1.46106
1.42791
1.38258
1.3516
1.32364
1.284
1.25151
1.22919
1.19884
1.16871
1.15059
1.13042
1.10692
1.09136
1.07873
1.06406
1.05237
1.04377
1.03502
1.02808
1.02299
1.01772
1.01369
1.01101
1.00831
1.00617
1.00483
1.00355
1.00252
1.00193
1.0014
1.00094
1.00069
1.0005
1.00033
1.00022
1.00016
1.0001
1.00007
1.00005
1.00003
1.00002
1.00001
1.00001
1
1
1
1
1
1
1
1
1
1
1
1
1
1
1
1
1
1
1
1
1
1
1
1
1
1
1
1
1
1
1
1
1
1
1
1
1
1
1
1
1
1
1
1
1
1
1
1
1
1
1
1
1
1
1
1
1
1
1
1
1
1
1
1
1
1
1
1
1
1
1
1
1
1
1
1
1
1
1
1
1
1
1
1
1
1
1
1
1
1
1
1
1
1
1
1
1
1
1
1
1
1
1
1
1
1
1
2.07693
2.07675
2.07765
2.07775
2.07673
2.07311
2.07011
2.06901
2.06922
2.07094
2.07128
2.06917
2.06677
2.06527
2.06244
2.05983
2.05861
2.05697
2.05362
2.05029
2.04869
2.0477
2.04629
2.04527
2.0455
2.04584
2.0438
2.04283
2.0432
2.03886
2.03347
2.03243
2.0292
2.01907
2.01557
2.01362
1.99955
1.98835
1.9837
1.97108
1.9481
1.93951
1.93055
1.8989
1.87907
1.86789
1.83744
1.79854
1.78365
1.76389
1.71072
1.67962
1.65921
1.61693
1.56441
1.53787
1.50724
1.46123
1.42577
1.39232
1.35387
1.32423
1.29171
1.25454
1.22975
1.20489
1.17442
1.15208
1.1336
1.11089
1.09342
1.08096
1.06601
1.05304
1.0449
1.03654
1.02811
1.02284
1.01847
1.0139
1.01073
1.00857
1.00642
1.00468
1.00363
1.00273
1.00191
1.00139
1.00104
1.00072
1.0005
1.00035
1.00024
1.00017
1.00011
1.00007
1.00005
1.00003
1.00002
1.00001
1.00001
1.00001
1
1
1
1
1
1
1
1
1
1
1
1
1
1
1
1
1
1
1
1
1
1
1
1
1
1
1
1
1
1
1
1
1
1
1
1
1
1
1
1
1
1
1
1
1
1
1
1
1
1
1
1
1
1
1
1
1
1
1
1
1
1
1
1
1
1
1
1
1
1
1
1
1
1
1
1
1
1
1
1
1
1
1
1
1
1
1
1
1
1
2.04597
2.0467
2.04742
2.04745
2.04692
2.0459
2.04558
2.0456
2.04636
2.04801
2.04919
2.05001
2.05071
2.05114
2.05233
2.05732
2.06347
2.06881
2.07498
2.08114
2.08555
2.08882
2.09189
2.09488
2.09854
2.10219
2.10484
2.10681
2.10859
2.10985
2.11058
2.11125
2.112
2.11302
2.11467
2.11537
2.1154
2.11533
2.11546
2.11425
2.11253
2.11287
2.11318
2.10799
2.10281
2.10191
2.09729
2.08636
2.0832
2.08326
2.07398
2.05822
2.05117
2.04225
2.01649
1.99798
1.98946
1.9788
1.94406
1.91922
1.9037
1.88735
1.85352
1.81389
1.79366
1.77279
1.73266
1.69111
1.66823
1.63334
1.58096
1.55289
1.52486
1.47599
1.43524
1.40941
1.37103
1.32683
1.30046
1.27065
1.23344
1.20711
1.18456
1.15656
1.13358
1.11721
1.09841
1.08108
1.06871
1.05698
1.04629
1.03748
1.03015
1.02423
1.01932
1.01478
1.01146
1.00917
1.00692
1.00501
1.00387
1.00298
1.00209
1.00149
1.00113
1.0008
1.00055
1.00039
1.00028
1.00019
1.00013
1.00009
1.00006
1.00004
1.00003
1.00002
1.00001
1.00001
1
1
1
1
1
1
1
1
1
1
1
1
1
1
1
1
1
1
1
1
1
1
1
1
1
1
1
1
1
1
1
1
1
1
1
1
1
1
1
1
1
1
1
1
1
1
1
1
1
1
1
1
1
1
1
1
1
1
1
1
1
1
1
1
1
1
1
1
1
1
1
1
1
1
2.03835
2.0409
2.04406
2.04612
2.04763
2.04891
2.05039
2.05196
2.05384
2.05592
2.05835
2.06083
2.06272
2.06419
2.06552
2.06693
2.06815
2.06917
2.07172
2.07466
2.0759
2.07656
2.07766
2.07972
2.08048
2.08107
2.08452
2.08859
2.09076
2.09151
2.09046
2.08916
2.08907
2.08952
2.0914
2.09374
2.09412
2.09291
2.09178
2.09045
2.08925
2.09001
2.09324
2.09396
2.09134
2.08879
2.08752
2.08562
2.08147
2.07939
2.07793
2.07575
2.07384
2.07282
2.07193
2.07113
2.07086
2.07237
2.07303
2.07193
2.06679
2.06216
2.0616
2.0625
2.05953
2.04933
2.04377
2.04151
2.03818
2.02075
2.00666
2.00139
1.99715
1.97118
1.95135
1.94155
1.92275
1.88594
1.86888
1.85107
1.8109
1.7805
1.75717
1.71562
1.67619
1.64947
1.60838
1.56597
1.53691
1.49366
1.44925
1.42202
1.38344
1.33846
1.31309
1.28338
1.2427
1.21629
1.19544
1.16558
1.1393
1.1239
1.10658
1.08567
1.07191
1.06148
1.04991
1.0396
1.03255
1.02654
1.02089
1.01654
1.01301
1.01008
1.0079
1.006
1.00443
1.00345
1.00263
1.00182
1.00134
1.00103
1.00072
1.0005
1.00037
1.00026
1.00018
1.00013
1.00009
1.00006
1.00004
1.00003
1.00002
1.00002
1.00001
1.00001
1.00001
1
1
1
1
1
1
1
1
1
1
1
1
1
1
1
1
1
1
1
1
1
1
1
1
1
1
1
1
1
1
1
1
1
1
1
1
1
1
1
1
1
1
1
1
1
1
1
1
1
1
1
1
1
1
1
2.04674
2.04724
2.04836
2.04979
2.05045
2.05068
2.05036
2.04957
2.04914
2.0488
2.04871
2.04914
2.04911
2.04888
2.04835
2.04691
2.04576
2.04524
2.0452
2.04592
2.04618
2.04591
2.04464
2.04342
2.04294
2.04298
2.04408
2.04552
2.04622
2.04614
2.04476
2.04382
2.0435
2.04379
2.0454
2.04653
2.04635
2.04573
2.0461
2.04793
2.04937
2.05071
2.05331
2.05793
2.06168
2.06481
2.06941
2.07699
2.08524
2.09297
2.10017
2.10617
2.11071
2.11488
2.11908
2.123
2.12678
2.13061
2.13373
2.13548
2.13662
2.13773
2.1394
2.14218
2.14468
2.14613
2.14736
2.14813
2.14862
2.14873
2.14886
2.14934
2.14946
2.14998
2.14989
2.14836
2.14203
2.1375
2.13662
2.13321
2.12123
2.1158
2.11382
2.10359
2.08729
2.07853
2.06757
2.04889
2.03411
2.01626
1.98926
1.97253
1.95473
1.91752
1.89513
1.88025
1.84278
1.79569
1.77691
1.75471
1.69847
1.65846
1.63808
1.60507
1.54362
1.50844
1.48188
1.44037
1.38958
1.36062
1.33124
1.29341
1.25825
1.23154
1.20512
1.17885
1.15309
1.13255
1.11663
1.09721
1.07916
1.06853
1.05774
1.04582
1.03733
1.03084
1.02466
1.01991
1.01602
1.01238
1.00983
1.00789
1.00616
1.00486
1.00375
1.00284
1.00228
1.0018
1.00131
1.001
1.00078
1.00059
1.00044
1.00033
1.00025
1.00018
1.00013
1.0001
1.00007
1.00005
1.00004
1.00003
1.00002
1.00001
1.00001
1.00001
1
1
1
1
1
1
1
1
1
1
1
1
1
1
1
1
1
1
1
1
1
1
1
1
1
1
1
1
1
1
1
1
1
1
1
1
2.04921
2.04905
2.04922
2.04936
2.0493
2.04891
2.04736
2.04599
2.04512
2.04436
2.04348
2.0424
2.04142
2.04055
2.03938
2.03818
2.03749
2.03731
2.03801
2.03823
2.03803
2.03772
2.03686
2.03565
2.03523
2.03524
2.03639
2.03825
2.03938
2.03999
2.04038
2.04053
2.04062
2.04143
2.04313
2.04434
2.04526
2.04619
2.04711
2.04841
2.05014
2.05293
2.05554
2.0587
2.06164
2.06342
2.06413
2.06528
2.06687
2.06814
2.07152
2.07599
2.08021
2.08469
2.08775
2.08875
2.09074
2.09757
2.10105
2.10245
2.10456
2.10947
2.11193
2.11241
2.11272
2.1165
2.12193
2.12445
2.12405
2.12251
2.12326
2.12549
2.1277
2.1296
2.12968
2.12655
2.12363
2.1226
2.12269
2.11966
2.11495
2.11277
2.11049
2.10593
2.10248
2.10086
2.10058
2.10076
2.10023
2.09972
2.09904
2.09909
2.09946
2.09715
2.09535
2.09612
2.09392
2.08412
2.08102
2.08139
2.06997
2.05469
2.05187
2.04975
2.02456
2.00602
1.99933
1.98559
1.9461
1.92889
1.91863
1.88469
1.8346
1.81348
1.79579
1.76028
1.70569
1.67485
1.65148
1.61724
1.55939
1.52749
1.50038
1.46194
1.41661
1.38178
1.34496
1.31269
1.28389
1.24709
1.21589
1.19551
1.17054
1.14606
1.12874
1.11083
1.09417
1.0828
1.07184
1.05935
1.05011
1.0433
1.03704
1.03025
1.02522
1.02136
1.01776
1.01443
1.01204
1.01
1.00793
1.00633
1.00531
1.00439
1.00333
1.00259
1.00215
1.00174
1.00128
1.00099
1.00079
1.00061
1.00044
1.00034
1.00027
1.00019
1.00013
1.0001
1.00008
1.00005
1.00003
1.00002
1.00002
1.00001
1.00001
1
1
1
1
1
1
1
1
1
1
1
1
1
1
1
1
1
2.05064
2.05025
2.05006
2.04984
2.04941
2.04868
2.04817
2.04787
2.04749
2.04693
2.04622
2.04536
2.04456
2.04401
2.04368
2.04323
2.0425
2.0423
2.04244
2.04235
2.04185
2.04132
2.04093
2.0401
2.03946
2.03927
2.03953
2.04036
2.04085
2.04101
2.04061
2.03995
2.03968
2.03939
2.03925
2.03938
2.03936
2.03924
2.03828
2.03723
2.03668
2.03612
2.0354
2.03482
2.03468
2.03413
2.03165
2.0298
2.02914
2.02903
2.02934
2.03042
2.03139
2.03233
2.0326
2.03224
2.03254
2.03432
2.03501
2.03459
2.03451
2.03642
2.03783
2.03777
2.03715
2.03875
2.04271
2.04431
2.04435
2.04435
2.04998
2.05645
2.05984
2.06313
2.06794
2.07219
2.07486
2.07889
2.08507
2.09413
2.10294
2.11149
2.11864
2.12431
2.12863
2.13296
2.13741
2.14221
2.14711
2.15206
2.15676
2.16095
2.16484
2.16828
2.17107
2.17425
2.17725
2.17922
2.18063
2.18209
2.18316
2.18364
2.18428
2.18537
2.18612
2.187
2.18808
2.18754
2.18473
2.18285
2.1794
2.16954
2.16396
2.15903
2.1445
2.13653
2.13231
2.11461
2.09053
2.08412
2.08127
2.05499
2.02563
2.01911
2.01447
1.98049
1.93682
1.91717
1.90373
1.8701
1.80959
1.78196
1.75584
1.71092
1.65712
1.62716
1.5924
1.54526
1.51083
1.48602
1.44839
1.40425
1.38013
1.35605
1.32165
1.28899
1.26936
1.24599
1.21978
1.19884
1.1812
1.16002
1.14157
1.12939
1.11509
1.0984
1.08661
1.07849
1.06814
1.05761
1.05018
1.04394
1.03716
1.03149
1.0272
1.02279
1.01856
1.0156
1.0133
1.01078
1.00848
1.0069
1.00565
1.00445
1.00347
1.00268
1.00199
1.00149
1.00117
1.00086
1.00055
1.00036
1.00027
1.00018
1.0001
1.00005
1.00003
1.00002
1.00001
1
1
1
2.04905
2.04916
2.04928
2.04913
2.04913
2.04931
2.04958
2.04988
2.04993
2.04981
2.0491
2.04828
2.04789
2.04771
2.04776
2.04822
2.04854
2.04861
2.0485
2.04771
2.04673
2.04609
2.04568
2.04544
2.04547
2.0455
2.04544
2.04536
2.0452
2.0446
2.04373
2.04314
2.0427
2.04224
2.04181
2.04176
2.04177
2.04163
2.04115
2.03986
2.0388
2.03793
2.03698
2.03658
2.03668
2.03638
2.03582
2.03543
2.0351
2.03484
2.03488
2.03472
2.03391
2.03375
2.03432
2.03613
2.0377
2.03878
2.039
2.03894
2.03843
2.03753
2.03684
2.03641
2.03699
2.03792
2.03842
2.03842
2.03802
2.03772
2.03855
2.04194
2.04519
2.04702
2.04863
2.05003
2.05097
2.05174
2.05441
2.06049
2.06451
2.06823
2.07215
2.07502
2.07739
2.08028
2.08403
2.08686
2.08947
2.09361
2.09574
2.09647
2.10276
2.10745
2.10698
2.10718
2.1125
2.1165
2.1167
2.11742
2.123
2.12721
2.12717
2.12581
2.12711
2.13253
2.14008
2.14205
2.14127
2.14312
2.14978
2.15362
2.15091
2.14863
2.1497
2.15158
2.15538
2.15464
2.14473
2.1367
2.13066
2.12188
2.10947
2.10025
2.0929
2.07944
2.06332
2.05181
2.04381
2.03788
2.02495
2.01347
2.00333
1.99567
1.9815
1.96874
1.9585
1.93807
1.91612
1.90811
1.89572
1.86196
1.84553
1.83401
1.80508
1.77982
1.76687
1.73875
1.70649
1.69722
1.68134
1.63224
1.60903
1.59963
1.57655
1.52796
1.5081
1.49537
1.46594
1.42969
1.41326
1.39283
1.35722
1.33823
1.32432
1.29672
1.26405
1.25027
1.23647
1.21437
1.18719
1.17252
1.1575
1.14117
1.12543
1.11157
1.09555
1.08187
1.07429
1.06641
1.05168
1.04078
1.03549
1.03052
1.02217
1.01528
1.01153
1.00862
1.00516
1.0026
1.00126
1.00053
2.05227
2.05255
2.05293
2.05319
2.05338
2.05373
2.05446
2.05505
2.05526
2.05497
2.05435
2.05411
2.05408
2.05416
2.05485
2.05581
2.05637
2.05657
2.05624
2.05529
2.05466
2.05424
2.05403
2.05433
2.05475
2.05492
2.05502
2.05468
2.05254
2.05109
2.05099
2.05107
2.05148
2.05233
2.05284
2.05299
2.05302
2.05295
2.05212
2.05067
2.04955
2.04841
2.04668
2.04492
2.04414
2.04403
2.0443
2.04459
2.0446
2.04401
2.0424
2.03962
2.03656
2.03548
2.03539
2.0358
2.03634
2.03637
2.03623
2.03543
2.03119
2.02665
2.02423
2.02275
2.02168
2.02097
2.01923
2.0157
2.01376
2.01237
2.0119
2.01242
2.01278
2.01175
2.0101
2.00864
2.00722
2.00653
2.00658
2.00761
2.00832
2.00864
2.01021
2.01067
2.01026
2.0105
2.01107
2.01113
2.01065
2.01099
2.01248
2.01443
2.01812
2.02081
2.02142
2.02127
2.02219
2.02713
2.03428
2.03918
2.04253
2.04535
2.04843
2.05085
2.05204
2.05854
2.07259
2.08224
2.08738
2.09064
2.09409
2.10007
2.10844
2.11767
2.13165
2.14628
2.15976
2.17497
2.19261
2.20837
2.22047
2.23652
2.25948
2.28097
2.29388
2.30863
2.32875
2.35242
2.3667
2.3825
2.40118
2.41566
2.42183
2.43283
2.44901
2.45378
2.45846
2.4696
2.47312
2.46989
2.46918
2.47939
2.48243
2.47666
2.46399
2.46069
2.46454
2.45518
2.43139
2.42647
2.42897
2.41212
2.37569
2.36163
2.3604
2.34317
2.29726
2.27004
2.25756
2.24868
2.21091
2.16542
2.14059
2.12629
2.10627
2.04907
2.013
1.99196
1.97065
1.91659
1.87319
1.84717
1.82121
1.76997
1.72251
1.69188
1.66219
1.61422
1.56311
1.52773
1.49311
1.45135
1.39951
1.36025
1.32005
1.28033
1.23299
1.19127
1.14914
1.10781
1.06745
1.0361
1
1
1
1
1
1
1
1
1
1
1
1
1
1
1
1
1
1
1
1
1
1
1
1
1
1
1
1
1
1
1
1
1
1
1
1
1
1
1
1
1
1
1
1
1
1
1
1
1
1
1
1
1
1
1
1
1
1
1
1
1
1
1
1
1
1
1
1
1
1
1
1
1
1
1
1
1
1
1
1
1
1
1
1
1
1
1
1
1
1
1
1
1
1
1
1
1
1
1
1
1
1
1
1
1
1
1
1
1
1
1
1
1
1
1
1
1
1
1
1
1
1
1
1
1
1
1
1
1
1
1
1
1
1
1
1
1
1
1
1
1
1
1
1
1
1
1
1
1
1
1
1
1
1
1
1
1
1
1
1
1
1
1
1
1
1
1
1
1
1
1
1
1
1
1
1
1
1
1
1
1
1
1
1
1
1
1
1
1
1
1
1
1
1
1
1
1
1
1
1
1
1
1
1
1
1
1
1
1
1
1
1
1
1
1
1
1
1
1
1
1
1
1
1
1
1
1
1
1
1
1
1
1
1
1
1
1
1
1
1
1
1
1
1
1
1
1
1
1
1
1
1
1
1
1
1
1
1
1
1
1
1
1
1
1
1
1
1
1
1
1
1
1
1
1
1
1
1
1
1
1
1
1
1
1
1
1
1
1
1
1
1
1
1
1
1
1
1
1
1
1
1
1
1
1
1
1
1
1
1
1
1
1
1
1
1
1
1
1
1
1
1
1
1
1
1
1
1
1
1
1
1
1
1
1
1
1
1
1
1
1
1
1
1
1
1
1
1
1
1
1
1
1
1
1
1
1
1
1
1
1
1
1
1
1
1
1
1
1
1
1
1
1
1
1
1
1
1
1
1
1
1
1
1
1
1
1
1
1
1
1
1
1
1
1
1
1
1
1
1
1
1
1
1
1
1
1
1
1
1
1
1
1
1
1
1
1
1
1
1
1
1
1
1
1
1
1
1
1
1
1
1
1
1
1
1
1
1
1
1
1
1
1
1
1
1
1
1
1
1
1
1
1
1
1
1
1
1
1
1
1
1
1
1
1
1
1
1
1
1
1
1
1
1
1
1
1
1
1
1
1
1
1
1
1
1
1
1
1
1
1
1
1
1
1
1
1
1
1
1
1
1
1
1
1
1
1
1
1
1
1
1
1
1
1
1
1
1
1
1
1
1
1
1
1
1
1
1
1
1
1
1
1
1
1
1
1
1
1
1
1
1
1
1
1
1
1
1
1
1
1
1
1
1
1
1
1
1
1
1
1
1
1
1
1
1
1
1
1
1
1
1
1
1
1
1
1
1
1
1
1
1
1
1
1
1
1
1
1
1
1
1
1
1
1
1
1
1
1
1
1
1
1
1
1
1
1
1
1
1
1
1
1
1
1
1
1
1
1
1
1
1
1
1
1
1
1
1
1
1
1
1
1
1
1
1
1
1
1
1
1
1
1
1
1
1
1
1
1
1
1
1
1
1
1
1
1
1
1
1
1
1
1
1
1
1
1
1
1
1
1
1
1
1
1
1
1
1
1
1
1
1
1
1
1
1
1
1
1
1
1
1
1
1
1
1
1
1
1
1
1
1
1
1
1
1
1
1
1
1
1
1
1
1
1
1
1
1
1
1
1
1
1
1
1
1
1
1
1
1
1
1
1
1
1
1
1
1
1
1
1
1
1
1
1
1
1
1
1
1
1
1
1
1
1
1
1
1
1
1
1
1
1
1
1
1
1
1
1
1
1
1
1
1
1
1
1
1
1
1
1
1
1
1
1
1
1
1
1
1
1
1
1
1
1
1
1
1
1
1
1
1
1
1
1
1
1
1
1
1
1
1
1
1
1
1
1
1
1
1
1
1
1
1
1
1
1
1
1
1
1
1
1
1
1
1
1
1
1
1
1
1
1
1
1
1
1
1
1
1
1
1
1
1
1
1
1
1
1
1
1
1
1
1
1
1
1
1
1
1
1
1
1
1
1
1
1
1
1
1
1
1
1
1
1
1
1
1
1
1
1
1
1
1
1
1
1
1
1
1
1
1
1
1
1
1
1
1
1
1
1
1
1
1
1
1
1
1
1
1
1
1
1
1
1
1
1
1
1
1
1
1
1
1
1
1
1
1
1
1
1
1
1
1
1
1
1
1
1
1
1
1
1
1
1
1
1
1
1
1
1
1
1
1
1
1
1
1
1
1
1
1
1
1
1
1
1
1
1
1
1
1
1
1
1
1
1
1
1
1
1
1
1
1
1
1
1
1
1
1
1
1
1
1
1
1
1
1
1
1
1
1
1
1
1
1
1
1
1
1
1
1
1
1
1
1
1
1
1
1
1
1
1
1
1
1
1
1
1
1
1
1
1
1
1
1
1
1
1
1
1
1
1
1
1
1
1
1
1
1
1
1
1
1
1
1
1
1
1
1
1
1
1
1
1
1
1
1
1
1
1
1
1
1
1
1
1
1
1
1
1
1
1
1
1
1
1
1
1
1
1
1
1
1
1
1
1
1
1
1
1
1
1
1
1
1
1
1
1
1
1
1
1
1
1
1
1
1
1
1
1
1
1
1
1
1
1
1
1
1
1
1
1
1
1
1
1
1
1
1
1
1
1
1
1
1
1
1
1
1
1
1
1
1
1
1
1
1
1
1
1
1
1
1
1
1
1
1
1
1
1
1
1
1
1
1
1
1
1
1
1
1
1
1
1
1
1
1
1
1
1
1
1
1
1
1
1
1
1
1
1
1
1
1
1
1
1
1
1
1
1
1
1
1
1
1
1
1
1
1
1
1
1
1
1
1
1
1
1
1
1
1
1
1
1
1
1
1
1
1
1
1
1
1
1
1
1
1
1
1
1
1
1
1
1
1
1
1
1
1
1
1
1
1
1
1
1
1
1
1
1
1
1
1
1
1
1
1
1
1
1
1
1
1
1
1
1
1
1
1
1
1
1
1
1
1
1
1
1
1
1
1
1
1
1
1
1
1
1
1
1
1
1
1
1
1
1
1
1
1
1
1
1
1
1
1
1
1
1
1
1
1
1
1
1
1
1
1
1
1
1
1
1
1
1
1
1
1
1
1
1
1
1
1
1
1
1
1
1
1
1
1
1
1
1
1
1
1
1
1
1
1
1
1
1
1
1
1
1
1
1
1
1
1
1
1
1
1
1
1
1
1
1
1
1
1
1
1
1
1
1
1
1
1
1
1
1
1
1
1
1
1
1
1
1
1
1
1
1
1
1
1
1
1
1
1
1
1
1
1
1
1
1
1
1
1
1
1
1
1
1
1
1
1
1
1
1
1
1
1
1
1
1
1
1
1
1
1
1
1
1
1
1
1
1
1
1
1
1
1
1
1
1
1
1
1
1
1
1
1
1
1
1
1
1
1
1
1
1
1
1
1
1
1
1
1
1
1
1
1
1
1
1
1
1
1
1
1
1
1
1
1
1
1
1
1
1
1
1
1
1
1
1
1
1
1
1
1
1
1
1
1
1
1
1
1
1
1
1
1
1
1
1
1
1
1
1
1
1
1
1
1
1
1
1
1
1
1
1
1
1
1
1
1
1
1
1
1
1
1
1
1
1
1
1
1
1
1
1
1
1
1
1
1
1
1
1
1
1
1
1
1
1
1
1
1
1
1
1
1
1
1
1
1
1
1
1
1
1
1
1
1
1
1
1
1
1
1
1
1
1
1
1
1
1
1
1
1
1
1
1
1
1
1
1
1
1
1
1
1
1
1
1
1
1
1
1
1
1
1
1
1
1
1
1
1
1
1
1
1
1
1
1
1
1
1
1
1
1
1
1
1
1
1
1
1
1
1
1
1
1
1
1
1
1
1
1
1
1
1
1
1
1
1
1
1
1
1
1
1
1
1
1
1
1
1
1
1
1
1
1
1
1
1
1
1
1
1
1
1
1
1
1
1
1
1
1
1
1
1
1
1
1
1
1
1
1
1
1
1
1
1
1
1
1
1
1
1
1
1
1
1
1
1
1
1
1
1
1
1
1
1
1
1
1
1
1
1
1
1
1
1
1
1
1
1
1
1
1
1
1
1
1
1
1
1
1
1
1
1
1
1
1
1
1
1
1
1
1
1
1
1
1
1
1
1
1
1
1
1
1
1
1
1
1
1
1
1
1
1
1
1
1
1
1
1
1
1
1
1
1
1
1
1
1
1
1
1
1
1
1
1
1
1
1
1
1
1
1
1
1
1
1
1
1
1
1
1
1
1
1
1
1
1
1
1
1
1
1
1
1
1
1
1
1
1
1
1
1
1
1
1
1
1
1
1
1
1
1
1
1
1
1
1
1
1
1
1
1
1
1
1
1
1
1
1
1
1
1
1
1
1
1
1
1
1
1
1
1
1
1
1
1
1
1
1
1
1
1
1
1
1
1
1
1
1
1
1
1
1
1
1
1
1
1
1
1
1
1
1
1
1
1
1
1
1
1
1
1
1
1
1
1
1
1
1
1
1
1
1
1
1
1
1
1
1
1
1
1
1
1
1
1
1
1
1
1
1
1
1
1
1
1
1
1
1
1
1
1
1
1
1
1
1
1
1
1
1
1
1
1
1
1
1
1
1
1
1
1
1
1
1
1
1
1
1
1
1
1
1
1
1
1
1
1
1
1
1
1
1
1
1
1
1
1
1
1
1
1
1
1
1
1
1
1
1
1
1
1
1
1
1
1
1
1
1
1
1
1
1
1
1
1
1
1
1
1
1
1
1
1
1
1
1
1
1
1
1
1
1
1
1
1
1
1
1
1
1
1
1
1
1
1
1
1
1
1
1
1
1
1
1
1
1
1
1
1
1
1
1
1
1
1
1
1
1
1
1
1
1
1
1
1
1
1
1
1
1
1
1
1
1
1
1
1
1
1
1
1
1
1
1
1
1
1
1
1
1
1
1
1
1
1
1
1
1
1
1
1
1
1
1
1
1
1
1
1
1
1
1
1
1
1
1
1
1
1
1
1
1
1
1
1
1
1
1
1
1
1
1
1
1
1
1
1
1
1
1
1
1
1
1
1
1
1
1
1
1
1
1
1
1
1
1
1
1
1
1
1
1
1
1
1
1
1
1
1
1
1
1
1
1
1
1
1
1
1
1
1
1
1
1
1
1
1
1
1
1
1
1
1
1
1
1
1
1
1
1
1
1
1
1
1
1
1
1
1
1
1
1
1
1
1
1
1
1
1
1
1
1
1
1
1
1
1
1
1
1
1
1
1
1
1
1
1
1
1
1
1
1
1
1
1
1
1
1
1
1
1
1
1
1
1
1
1
1
1
1
1
1
1
1
1
1
1
1
1
1
1
1
1
1
1
1
1
1
1
1
1
1
1
1
1
1
1
1
1
1
1
1
1
1
1
1
1
1
1
1
1
1
1
1
1
1
1
1
1
1
1
1
1
1
1
1
1
1
1
1
1
1
1
1
1
1
1
1
1
1
1
1
1
1
1
1
1
1
1
1
1
1
1
1
1
1
1
1
1
1
1
1
1
1
1
1
1
1
1
1
1
1
1
1
1
1
1
1
1
1
1
1
1
1
1
1
1
1
1
1
1
1
1
1
1
1
1
1
1
1
1
1
1
1
1
1
1
1
1
1
1
1
1
1
1
1
1
1
1
1
1
1
1
1
1
1
1
1
1
1
1
1
1
1
1
1
1
1
1
1
1
1
1
1
1
1
1
1
1
1
1
1
1
1
1
1
1
1
1
1
1
1
1
1
1
1
1
1
1
1
1
1
1
1
1
1
1
1
1
1
1
1
1
1
1
1
1
1
1
1
1
1
1
1
1
1
1
1
1
1
1
1
1
1
1
1
1
1
1
1
1
1
1
1
1
1
1
1
1
1
1
1
1
1
1
1
1
1
1
1
1
1
1
1
1
1
1
1
1
1
1
1
1
1
1
1
1
1
1
1
1
1
1
1
1
1
1
1
1
1
1
1
1
1
1
1
1
1
1
1
1
1
1
1
1
1
1
1
1
1
1
1
1
1
1
1
1
1
1
1
1
1
1
1
1
1
1
1
1
1
1
1
1
1
1
1
1
1
1
1
1
1
1
1
1
1
1
1
1
1
1
1
1
1
1
1
1
1
1
1
1
1
1
1
1
1
1
1
1
1
1
1
1
1
1
1
1
1
1
1
1
1
1
1
1
1
1
1
1
1
1
1
1
1
1
1
1
1
1
1
1
1
1
1
1
1
1
1
1
1
1
1
1
1
1
1
1
1
1
1
1
1
1
1
1
1
1
1
1
1
1
1
1
1
1
1
1
1
1
1
1
1
1
1
1
1
1
1
1
1
1
1
1
1
1
1
1
1
1
1
1
1
1
1
1
1
1
1
1
1
1
1
1
1
1
1
1
1
1
1
1
1
1
1
1
1
1
1
1
1
1
1
1
1
1
1
1
1
1
1
1
1
1
1
1
1
1
1
1
1
1
1
1
1
1
1
1
1
1
1
1
1
1
1
1
1
1
1
1
1
1
1
1
1
1
1
1
1
1
1
1
1
1
1
1
1
1
1
1
1
1
1
1
1
1
1
1
1
1
1
1
1
1
1
1
1
1
1
1
1
1
1
1
1
1
1
1
1
1
1
1
1
1
1
1
1
1
1
1
1
1
1
1
1
1
1
1
1
1
1
1
1
1
1
1
1
1
1
1
1
1
1
1
1
1
1
1
1
1
1
1
1
1
1
1
1
1
1
1
1
1
1
1
1
1
1
1
1
1
1
1
1
1
1
1
1
1
1
1
1
1
1
1
1
1
1
1
1
1
1
1
1
1
1
1
1
1
1
1
1
1
1
1
1
1
1
1
1
1
1
1
1
1
1
1
1
1
1
1
1
1
1
1
1
1
1
1
1
1
1
1
1
1
1
1
1
1
1
1
1
1
1
1
1
1
1
1
1
1
1
1
1
1
1
1
1
1
1
1
1
1
1
1
1
1
1
1
1
1
1
1
1
1
1
1
1
1
1
1
1
1
1
1
1
1
1
1
1
1
1
1
1
1
1
1
1
1
1
1
1
1
1
1
1
1
1
1
1
1
1
1
1
1
1
1
1
1
1
1
1
1
1
1
1
1
1
1
1
1
1
1
1
1
1
1
1
1
1
1
1
1
1
1
1
1
1
1
1
1
1
1
1
1
1
1
1
1
1
1
1
1
1
1
1
1
1
1
1
1
1
1
1
1
1
1
1
1
1
1
1
1
1
1
1
1
1
1
1
1
1
1
1
1
1
1
1
1
1
1
1
1
1
1
1
1
1
1
1
1
1
1
1
1
1
1
1
1
1
1
1
1
1
1
1
1
1
1
1
1
1
1
1
1
1
1
1
1
1
1
1
1
1
1
1
1
1
1
1
1
1
1
1
1
1
1
1
1
1
1
1
1
1
1
1
1
1
1
1
1
1
1
1
1
1
1
1
1
1
1
1
1
1
1
1
1
1
1
1
1
1
1
1
1
1
1
1
1
1
1
1
1
1
1
1
1
1
1
1
1
1
1
1
1
1
1
1
1
1
1
1
1
1
1
1
1
1
1
1
1
1
1
1
1
1
1
1
1
1
1
1
1
1
1
1
1
1
1
1
1
1
1
1
1
1
1
1
1
1
1
1
1
1
1
1
1
1
1
1
1
1
1
1
1
1
1
1
1
1
1
1
1
1
1
1
1
1
1
1
1
1
1
1
1
1
1
1
1
1
1
1
1
1
1
1
1
1
1
1
1
1
1
1
1
1
1
1
1
1
1
1
1
1
1
1
1
1
1
1
1
1
1
1
1
1
1
1
1
1
1
1
1
1
1
1
1
1
1
1
1
1
1
1
1
1
1
1
1
1
1
1
1
1
1
1
1
1
1
1
1
1
1
1
1
1
1
1
1
1
1
1
1
1
1
1
1
1
1
1
1
1
1
1
1
1
1
1
1
1
1
1
1
1
1
1
1
1
1
1
1
1
1
1
1
1
1
1
1
1
1
1
1
1
1
1
1
1
1
1
1
1
1
1
1
1
1
1
1
1
1
1
1
1
1
1
1
1
1
1
1
1
1
1
1
1
1
1
1
1
1
1
1
1
1
1
1
1
1
1
1
1
1
1
1
1
1
1
1
1
1
1
1
1
1
1
1
1
1
1
1
1
1
1
1
1
1
1
1
1
1
1
1
1
1
1
1
1
1
1
1
1
1
1
1
1
1
1
1
1
1
1
1
1
1
1
1
1
1
1
1
1
1
1
1
1
1
1
1
1
1
1
1
1
1
1
1
1
1
1
1
1
1
1
1
1
1
1
1
1
1
1
1
1
1
1
1
1
1
1
1
1
1
1
1
1
1
1
1
1
1
1
1
1
1
1
1
1
1
1
1
1
1
1
1
1
1
1
1
1
1
1
1
1
1
1
1
1
1
1
1
1
1
1
1
1
1
1
1
1
1
1
1
1
1
1
1
1
1
1
1
1
1
1
1
1
1
1
1
1
1
1
1
1
1
1
1
1
1
1
1
1
1
1
1
1
1
1
1
1
1
1
1
1
1
1
1
1
1
1
1
1
1
1
1
1
1
1
1
1
1
1
1
1
1
1
1
1
1
1
1
1
1
1
1
1
1
1
1
1
1
1
1
1
1
1
1
1
1
1
1
1
1
1
1
1
1
1
1
1
1
1
1
1
1
1
1
1
1
1
1
1
1
1
1
1
1
1
1
1
1
1
1
1
1
1
1
1
1
1
1
1
1
1
1
1
1
1
1
1
1
1
1
1
1
1
1
1
1
1
1
1
1
1
1
1
1
1
1
1
1
1
1
1
1
1
1
1
1
1
1
1
1
1
1
1
1
1
1
1
1
1
1
1
1
1
1
1
1
1
1
1
1
1
1
1
1
1
1
1
1
1
1
1
1
1
1
1
1
1
1
1
1
1
1
1
1
1
1
1
1
1
1
1
1
1
1
1
1
1
1
1
1
1
1
1
1
1
1
1
1
1
1
1
1
1
1
1
1
1
1
1
1
1
1
1
1
1
1
1
1
1
1
1
1
1
1
1
1
1
1
1
1
1
1
1
1
1
1
1
1
1
1
1
1
1
1
1
1
1
1
1
1
1
1
1
1
1
1
1
1
1
1
1
1
1
1
1
1
1
1
1
1
1
1
1
1
1
1
1
1
1
1
1
1
1
1
1
1
1
1
1
1
1
1
1
1
1
1
1
1
1
1
1
1
1
1
1
1
1
1
1
1
1
1
1
1
1
1
1
1
1
1
1
1
1
1
1
1
1
1
1
1
1
1
1
1
1
1
1
1
1
1
1
1
1
1
1
1
1
1
1
1
1
1
1
1
1
1
1
1
1
1
1
1
1
1
1
1
1
1
1
1
1
1
1
1
1
1
1
1
1
1
1
1
1
1
1
1
1
1
1
1
1
1
1
1
1
1
1
1
1
1
1
1
1
1
1
1
1
1
1
1
1
1
1
1
1
1
1
1
1
1
1
1
1
1
1
1
1
1
1
1
1
1
1
1
1
1
1
1
1
1
1
1
1
1
1
1
1
1
1
1
1
1
1
1
1
1
1
1
1
1
1
1
1
1
1
1
1
1
1
1
1
1
1
1
1
1
1
1
1
1
1
1
1
1
1
1
1
1
1
1
1
1
1
1
1
1
1
1
1
1
1
1
1
1
1
1
1
1
1
1
1
1
1
1
1
1
1
1
1
1
1
1
1
1
1
1
1
1
1
1
1
1
1
1
1
1
1
1
1
1
1
1
1
1
1
1
1
1
1
1
1
1
1
1
1
1
1
1
1
1
1
1
1
1
1
1
1
1
1
1
1
1
1
1
1
1
1
1
1
1
1
1
1
1
1
1
1
1
1
1
1
1
1
1
1
1
1
1
1
1
1
1
1
1
1
1
1
1
1
1
1
1
1
1
1
1
1
1
1
1
1
1
1
1
1
1
1
1
1
1
1
1
1
1
1
1
1
1
1
1
1
1
1
1
1
1
1
1
1
1
1
1
1
1
1
1
1
1
1
1
1
1
1
1
1
1
1
1
1
1
1
1
1
1
1
1
1
1
1
1
1
1
1
1
1
1
1
1
1
1
1
1
1
1
1
1
1
1
1
1
1
1
1
1
1
1
1
1
1
1
1
1
1
1
1
1
1
1
1
1
1
1
1
1
1
1
1
1
1
1
1
1
1
1
1
1
1
1
1
1
1
1
1
1
1
1
1
1
1
1
1
1
1
1
1
1
1
1
1
1
1
1
1
1
1
1
1
1
1
1
1
1
1
1
1
1
1
1
1
1
1
1
1
1
1
1
1
1
1
1
1
1
1
1
1
1
1
1
1
1
1
1
1
1
1
1
1
1
1
1
1
1
1
1
1
1
1
1
1
1
1
1
1
1
1
1
1
1
1
1
1
1
1
1
1
1
1
1
1
1
1
1
1
1
1
1
1
1
1
1
1
1
1
1
1
1
1
1
1
1
1
1
1
1
1
1
1
1
1
1
1
1
1
1
1
1
1
1
1
1
1
1
1
1
1
1
1
1
1
1
1
1
1
1
1
1
1
1
1
1
1
1
1
1
1
1
1
1
1
1
1
1
1
1
1
1
1
1
1
1
1
1
1
1
1
1
1
1
1
1
1
1
1
1
1
1
1
1
1
1
1
1
1
1
1
1
1
1
1
1
1
1
1
1
1
1
1
1
1
1
1
1
1
1
1
1
1
1
1
1
1
1
1
1
1
1
1
1
1
1
1
1
1
1
1
1
1
1
1
1
1
1
1
1
1
1
1
1
1
1
1
1
1
1
1
1
1
1
1
1
1
1
1
1
1
1
1
1
1
1
1
1
1
1
1
1
1
1
1
1
1
1
1
1
1
1
1
1
1
1
1
1
1
1
1
1
1
1
1
1
1
1
1
1
1
1
1
1
1
1
1
1
1
1
1
1
1
1
1
1
1
1
1
1
1
1
1
1
1
1
1
1
1
1
1
1
1
1
1
1
1
1
1
1
1
1
1
1
1
1
1
1
1
1
1
1
1
1
1
1
1
1
1
1
1
1
1
1
1
1
1
1
1
1
1
1
1
1
1
1
1
1
1
1
1
1
1
1
1
1
1
1
1
1
1
1
1
1
1
1
1
1
1
1
1
1
1
1
1
1
1
1
1
1
1
1
1
1
1
1
1
1
1
1
1
1
1
1
1
1
1
1
1
1
1
1
1
1
1
1
1
1
1
1
1
1
1
1
1
1
1
1
1
1
1
1
1
1
1
1
1
1
1
1
1
1
1
1
1
1
1
1
1
1
1
1
1
1
1
1
1
1
1
1
1
1
1
1
1
1
1
1
1
1
1
1
1
1
1
1
1
1
1
1
1
1
1
1
1
1
1
1
1
1
1
1
1
1
1
1
1
1
1
1
1
1
1
1
1
1
1
1
1
1
1
1
1
1
1
1
1
1
1
1
1
1
1
1
1
1
1
1
1
1
1
1
1
1
1
1
1
1
1
1
1
1
1
1
1
1
1
1
1
1
1
1
1
1
1
1
1
1
1
1
1
1
1
1
1
1
1
1
1
1
1
1
1
1
1
1
1
1
1
1
1
1
1
1
1
1
1
1
1
1
1
1
1
1
1
1
1
1
1
1
1
1
1
1
1
1
1
1
1
1
1
1
1
1
1
1
1
1
1
1
1
1
1
1
1
1
1
1
1
1
1
1
1
1
1
1
1
1
1
1
1
1
1
1
1
1
1
1
1
1
1
1
1
1
1
1
1
1
1
1
1
1
1
1
1
1
1
1
1
1
1
1
1
1
1
1
1
1
1
1
1
1
1
1
1
1
1
1
1
1
1
1
1
1
1
1
1
1
1
1
1
1
1
1
1
1
1
1
1
1
1
1
1
1
1
1
1
1
1
1
1
1
1
1
1
1
1
1
1
1
1
1
1
1
1
1
1
1
1
1
1
1
1
1
1
1
1
1
1
1
1
1
1
1
1
1
1
1
1
1
1
1
1
1
1
1
1
1
1
1
1
1
1
1
1
1
1
1
1
1
1
1
1
1
1
1
1
1
1
1
1
1
1
1
1
1
1
1
1
1
1
1
1
1
1
1
1
1
1
1
1
1
1
1
1
1
1
1
1
1
1
1
1
1
1
1
1
1
1
1
1
1
1
1
1
1
1
1
1
1
1
1
1
1
1
1
1
1
1
1
1
1
1
1
1
1
1
1
1
1
1
1
1
1
1
1
1
1
1
1
1
1
1
1
1
1
1
1
1
1
1
1
1
1
1
1
1
1
1
1
1
1
1
1
1
1
1
1
1
1
1
1
1
1
1
1
1
1
1
1
1
1
1
1
1
1
1
1
1
1
1
1
1
1
1
1
1
1
1
1
1
1
1
1
1
1
1
1
1
1
1
1
1
1
1
1
1
1
1
1
1
1
1
1
1
1
1
1
1
1
1
1
1
1
1
1
1
1
1
1
1
1
1
1
1
1
1
1
1
1
1
1
1
1
1
1
1
1
1
1
1
1
1
1
1
1
1
1
1
1
1
1
1
1
1
1
1
1
1
1
1
1
1
1
1
1
1
1
1
1
1
1
1
1
1
1
1
1
1
1
1
1
1
1
1
1
1
1
1
1
1
1
1
1
1
1
1
1
1
1
1
1
1
1
1
1
1
1
1
1
1
1
1
1
1
1
1
1
1
1
1
1
1
1
1
1
1
1
1
1
1
1
1
1
1
1
1
1
1
1
1
1
1
1
1
1
1
1
1
1
1
1
1
1
1
1
1
1
1
1
1
1
1
1
1
1
1
1
1
1
1
1
1
1
1
1
1
1
1
1
1
1
1
1
1
1
1
1
1
1
1
1
1
1
1
1
1
1
1
1
1
1
1
1
1
1
1
1
1
1
1
1
1
1
1
1
1
1
1
1
1
1
1
1
1
1
1
1
1
1
1
1
1
1
1
1
1
1
1
1
1
1
1
1
1
1
1
1
1
1
1
1
1
1
1
1
1
1
1
1
1
1
1
1
1
1
1
1
1
1
1
1
1
1
1
1
1
1
1
1
1
1
1
1
1
1
1
1
1
1
1
1
1
1
1
1
1
1
1
1
1
1
1
1
1
1
1
1
1
1
1
1
1
1
1
1
1
1
1
1
1
1
1
1
1
1
1
1
1
1
1
1
1
1
1
1
1
1
1
1
1
1
1
1
1
1
1
1
1
1
1
1
1
1
1
1
1
1
1
1
1
1
1
1
1
1
1
1
1
1
1
1
1
1
1
1
1
1
1
1
1
1
1
1
1
1
1
1
1
1
1
1
1
1
1
1
1
1
1
1
1
1
1
1
1
1
1
1
1
1
1
1
1
1
1
1
1
1
1
1
1
1
1
1
1
1
1
1
1
1
1
1
1
1
1
1
1
1
1
1
1
1
1
1
1
1
1
1
1
1
1
1
1
1
1
1
1
1
1
1
1
1
1
1
1
1
1
1
1
1
1
1
1
1
1
1
1
1
1
1
1
1
1
1
1
1
1
1
1
1
1
1
1
1
1
1
1
1
1
1
1
1
1
1
1
1
1
1
1
1
1
1
1
1
1
1
1
1
1
1
1
1
1
1
1
1
1
1
1
1
1
1
1
1
1
1
1
1
1
1
1
1
1
1
1
1
1
1
1
1
1
1
1
1
1
1
1
1
1
1
1
1
1
1
1
1
1
1
1
1
1
1
1
1
1
1
1
1
1
1
1
1
1
1
1
1
1
1
1
1
1
1
1
1
1
1
1
1
1
1
1
1
1
1
1
1
1
1
1
1
1
1
1
1
1
1
1
1
1
1
1
1
1
1
1
1
1
1
1
1
1
1
1
1
1
1
1
1
1
1
1
1
1
1
1
1
1
1
1
1
1
1
1
1
1
1
1
1
1
1
1
1
1
1
1
1
1
1
1
1
1
1
1
1
1
1
1
1
1
1
1
1
1
1
1
1
1
1
1
1
1
1
1
1
1
1
1
1
1
1
1
1
1
1
1
1
1
1
1
1
1
1
1
1
1
1
1
1
1
1
1
1
1
1
1
1
1
1
1
1
1
1
1
1
1
1
1
1
1
1
1
1
1
1
1
1
1
1
1
1
1
1
1
1
1
1
1
1
1
1
1
1
1
1
1
1
1
1
1
1
1
1
1
1
1
1
1
1
1
1
1
1
1
1
1
1
1
1
1
1
1
1
1
1
1
1
1
1
1
1
1
1
1
1
1
1
1
1
1
1
1
1
1
1
1
1
1
1
1
1
1
1
1
1
1
1
1
1
1
1
1
1
1
1
1
1
1
1
1
1
1
1
1
1
1
1
1
1
1
1
1
1
1
1
1
1
1
1
1
1
1
1
1
1
1
1
1
1
1
1
1
1
1
1
1
1
1
1
1
1
1
1
1
1
1
1
1
1
1
1
1
1
1
1
1
1
1
1
1
1
1
1
1
1
1
1
1
1
1
1
1
1
1
1
1
1
1
1
1
1
1
1
1
1
1
1
1
1
1
1
1
1
1
1
1
1
1
1
1
1
1
1
1
1
1
1
1
1
1
1
1
1
1
1
1
1
1
1
1
1
1
1
1
1
1
1
1
1
1
1
1
1
1
1
1
1
1
1
1
1
1
1
1
1
1
1
1
1
1
1
1
1
1
1
1
1
1
1
1
1
1
1
1
1
1
1
1
1
1
1
1
1
1
1
1
1
1
1
1
1
1
1
1
1
1
1
1
1
1
1
1
1
1
1
1
1
1
1
1
1
1
1
1
1
1
1
1
1
1
1
1
1
1
1
1
1
1
1
1
1
1
1
1
1
1
1
1
1
1
1
1
1
1
1
1
1
1
1
1
1
1
1
1
1
1
1
1
1
1
1
1
1
1
1
1
1
1
1
1
1
1
1
1
1
1
1
1
1
1
1
1
1
1
1
1
1
1
1
1
1
1
1
1
1
1
1
1
1
1
1
1
1
1
1
1
1
1
1
1
1
1
1
1
1
1
1
1
1
1
1
1
1
1
1
1
1
1
1
1
1
1
1
1
1
1
1
1
1
1
1
1
1
1
1
1
1
1
1
1
1
1
1
1
1
1
1
1
1
1
1
1
1
1
1
1
1
1
1
1
1
1
1
1
1
1
1
1
1
1
1
1
1
1
1
1
1
1
1
1
1
1
1
1
1
1
1
1
1
1
1
1
1
1
1
1
1
1
1
1
1
1
1
1
1
1
1
1
1
1
1
1
1
1
1
1
1
1
1
1
1
1
1
1
1
1
1
1
1
1
1
1
1
1
1
1
1
1
1
1
1
1
1
1
1
1
1
1
1
1
1
1
1
1
1
1
1
1
1
1
1
1
1
1
1
1
1
1
1
1
1
1
1
1
1
1
1
1
1
1
1
1
1
1
1
1
1
1
1
1
1
1
1
1
1
1
1
1
1
1
1
1
1
1
1
1
1
1
1
1
1
1
1
1
1
1
1
1
1
1
1
1
1
1
1
1
1
1
1
1
1
1
1
1
1
1
1
1
1
1
1
1
1
1
1
1
1
1
1
1
1
1
1
1
1
1
1
1
1
1
1
1
1
1
1
1
1
1
1
1
1
1
1
1
1
1
1
1
1
1
1
1
1
1
1
1
1
1
1
1
1
1
1
1
1
1
1
1
1
1
1
1
1
1
1
1
1
1
1
1
1
1
1
1
1
1
1
1
1
1
1
1
1
1
1
1
1
1
1
1
1
1
1
1
1
1
1
1
1
1
1
1
1
1
1
1
1
1
1
1
1
1
1
1
1
1
1
1
1
1
1
1
1
1
1
1
1
1
1
1
1
1
1
1
1
1
1
1
1
1
1
1
1
1
1
1
1
1
1
1
1
1
1
1
1
1
1
1
1
1
1
1
1
1
1
1
1
1
1
1
1
1
1
1
1
1
1
1
1
1
1
1
1
1
1
1
1
1
1
1
1
1
1
1
1
1
1
1
1
1
1
1
1
1
1
1
1
1
1
1
1
1
1
1
1
1
1
1
1
1
1
1
1
1
1
1
1
1
1
1
1
1
1
1
1
1
1
1
1
1
1
1
1
1
1
1
1
1
1
1
1
1
1
1
1
1
1
1
1
1
1
1
1
1
1
1
1
1
1
1
1
1
1
1
1
1
1
1
1
1
1
1
1
1
1
1
1
1
1
1
1
1
1
1
1
1
1
1
1
1
1
1
1
1
1
1
1
1
1
1
1
1
1
1
1
1
1
1
1
1
1
1
1
1
1
1
1
1
1
1
1
1
1
1
1
1
1
1
1
1
1
1
1
1
1
1
1
1
1
1
1
1
1
1
1
1
1
1
1
1
1
1
1
1
1
1
1
1
1
1
1
1
1
1
1
1
1
1
1
1
1
1
1
1
1
1
1
1
1
1
1
1
1
1
1
1
1
1
1
1
1
1
1
1
1
1
1
1
1
1
1
1
1
1
1
1
1
1
1
1
1
1
1
1
1
1
1
1
1
1
1
1
1
1
1
1
1
1
1
1
1
1
1
1
1
1
1
1
1
1
1
1
1
1
1
1
1
1
1
1
1
1
1
1
1
1
1
1
1
1
1
1
1
1
1
1
1
1
1
1
1
1
1
1
1
1
1
1
1
1
1
1
1
1
1
1
1
1
1
1
1
1
1
1
1
1
1
1
1
1
1
1
1
1
1
1
1
1
1
1
1
1
1
1
1
1
1
1
1
1
1
1
1
1
1
1
1
1
1
1
1
1
1
1
1
1
1
1
1
1
1
1
1
1
1
1
1
1
1
1
1
1
1
1
1
1
1
1
1
1
1
1
1
1
1
1
1
1
1
1
1
1
1
1
1
1
1
1
1
1
1
1
1
1
1
1
1
1
1
1
1
1
1
1
1
1
1
1
1
1
1
1
1
1
1
1
1
1
1
1
1
1
1
1
1
1
1
1
1
1
1
1
1
1
1
1
1
1
1
1
1
1
1
1
1
1
1
1
1
1
1
1
1
1
1
1
1
1
1
1
1
1
1
1
1
1
1
1
1
1
1
1
1
1
1
1
1
1
1
1
1
1
1
1
1
1
1
1
1
1
1
1
1
1
1
1
1
1
1
1
1
1
1
1
1
1
1
1
1
1
1
1
1
1
1
1
1
1
1
1
1
1
1
1
1
1
1
1
1
1
1
1
1
1
1
1
1
1
1
1
1
1
1
1
1
1
1
1
1
1
1
1
1
1
1
1
1
1
1
1
1
1
1
1
1
1
1
1
1
1
1
1
1
1
1
1
1
1
1
1
1
1
1
1
1
1
1
1
1
1
1
1
1
1
1
1
1
1
1
1
1
1
1
1
1
1
1
1
1
1
1
1
1
1
1
1
1
1
1
1
1
1
1
1
1
1
1
1
1
1
1
1
1
1
1
1
1
1
1
1
1
1
1
1
1
1
1
1
1
1
1
1
1
1
1
1
1
1
1
1
1
1
1
1
1
1
1
1
1
1
1
1
1
1
1
1
1
1
1
1
1
1
1
1
1
1
1
1
1
1
1
1
1
1
1
1
1
1
1
1
1
1
1
1
1
1
1
1
1
1
1
1
1
1
1
1
1
1
1
1
1
1
1
1
1
1
1
1
1
1
1
1
1
1
1
1
1
1
1
1
1
1
1
1
1
1
1
1
1
1
1
1
1
1
1
1
1
1
1
1
1
1
1
1
1
1
1
1
1
1
1
1
1
1
1
1
1
1
1
1
1
1
1
1
1
1
1
1
1
1
1
1
1
1
1
1
1
1
1
1
1
1
1
1
1
1
1
1
1
1
1
1
1
1
1
1
1
1
1
1
1
1
1
1
1
1
1
1
1
1
1
1
1
1
1
1
1
1
1
1
1
1
1
1
1
1
1
1
1
1
1
1
1
1
1
1
1
1
1
1
1
1
1
1
1
1
1
1
1
1
1
1
1
1
1
1
1
1
1
1
1
1
1
1
1
1
1
1
1
1
1
1
1
1
1
1
1
1
1
1
1
1
1
1
1
1
1
1
1
1
1
1
1
1
1
1
1
1
1
1
1
1
1
1
1
1
1
1
1
1
1
1
1
1
1
1
1
1
1
1
1
1
1
1
1
1
1
1
1
1
1
1
1
1
1
1
1
1
1
1
1
1
1
1
1
1
1
1
1
1
1
1
1
1
1
1
1
1
1
1
1
1
1
1
1
1
1
1
1
1
1
1
1
1
1
1
1
1
1
1
1
1
1
1
1
1
1
1
1
1
1
1
1
1
1
1
1
1
1
1
1
1
1
1
1
1
1
1
1
1
1
1
1
1
1
1
1
1
1
1
1
1
1
1
1
1
1
1
1
1
1
1
1
1
1
1
1
1
1
1
1
1
1
1
1
1
1
1
1
1
1
1
1
1
1
1
1
1
1
1
1
1
1
1
1
1
1
1
1
1
1
1
1
1
1
1
1
1
1
1
1
1
1
1
1
1
1
1
1
1
1
1
1
1
1
1
1
1
1
1
1
1
1
1
1
1
1
1
1
1
1
1
1
1
1
1
1
1
1
1
1
1
1
1
1
1
1
1
1
1
1
1
1
1
1
1
1
1
1
1
1
1
1
1
1
1
1
1
1
1
1
1
1
1
1
1
1
1
1
1
1
1
1
1
1
1
1
1
1
1
1
1
1
1
1
1
1
1
1
1
1
1
1
1
1
1
1
1
1
1
1
1
1
1
1
1
1
1
1
1
1
1
1
1
1
1
1
1
1
1
1
1
1
1
1
1
1
1
1
1
1
1
1
1
1
1
1
1
1
1
1
1
1
1
1
1
1
1
1
1
1
1
1
1
1
1
1
1
1
1
1
1
1
1
1
1
1
1
1
1
1
1
1
1
1
1
1
1
1
1
1
1
1
1
1
1
1
1
1
1
1
1
1
1
1
1
1
1
1
1
1
1
1
1
1
1
1
1
1
1
1
1
1
1
1
1
1
1
1
1
1
1
1
1
1
1
1
1
1
1
1
1
1
1
1
1
1
1
1
1
1
1
1
1
1
1
1
1
1
1
1
1
1
1
1
1
1
1
1
1
1
1
1
1
1
1
1
1
1
1
1
1
1
1
1
1
1
1
1
1
1
1
1
1
1
1
1
1
1
1
1
1
1
1
1
1
1
1
1
1
1
1
1
1
1
1
1
1
1
1
1
1
1
1
1
1
1
1
1
1
1
1
1
1
1
1
1
1
1
1
1
1
1
1
1
1
1
1
1
1
1
1
1
1
1
1
1
1
1
1
1
1
1
1
1
1
1
1
1
1
1
1
1
1
1
1
1
1
1
1
1
1
1
1
1
1
1
1
1
1
1
1
1
1
1
1
1
1
1
1
1
1
1
1
1
1
1
1
1
1
1
1
1
1
1
1
1
1
1
1
1
1
1
1
1
1
1
1
1
1
1
1
1
1
1
1
1
1
1
1
1
1
1
1
1
1
1
1
1
1
1
1
1
1
1
1
1
1
1
1
1
1
1
1
1
1
1
1
1
1
1
1
1
1
1
1
1
1
1
1
1
1
1
1
1
1
1
1
1
1
1
1
1
1
1
1
1
1
1
1
1
1
1
1
1
1
1
1
1
1
1
1
1
1
1
1
1
1
1
1
1
1
1
1
1
1
1
1
1
1
1
1
1
1
1
1
1
1
1
1
1
1
1
1
1
1
1
1
1
1
1
1
1
1
1
1
1
1
1
1
1
1
1
1
1
1
1
1
1
1
1
1
1
1
1
1
1
1
1
1
1
1
1
1
1
1
1
1
1
1
1
1
1
1
1
1
1
1
1
1
1
1
1
1
1
1
1
1
1
1
1
1
1
1
1
1
1
1
1
1
1
1
1
1
1
1
1
1
1
1
1
1
1
1
1
1
1
1
1
1
1
1
1
1
1
1
1
1
1
1
1
1
1
1
1
1
1
1
1
1
1
1
1
1
1
1
1
1
1
1
1
1
1
1
1
1
1
1
1
1
1
1
1
1
1
1
1
1
1
1
1
1
1
1
1
1
1
1
1
1
1
1
1
1
1
1
1
1
1
1
1
1
1
1
1
1
1
1
1
1
1
1
1
1
1
1
1
1
1
1
1
1
1
1
1
1
1
1
1
1
1
1
1
1
1
1
1
1
1
1
1
1
1
1
1
1
1
1
1
1
1
1
1
1
1
1
1
1
1
1
1
1
1
1
1
1
1
1
1
1
1
1
1
1
1
1
1
1
1
1
1
1
1
1
1
1
1
1
1
1
1
1
1
1
1
1
1
1
1
1
1
1
1
1
1
1
1
1
1
1
1
1
1
1
1
1
1
1
1
1
1
1
1
1
1
1
1
1
1
1
1
1
1
1
1
1
1
1
1
1
1
1
1
1
1
1
1
1
1
1
1
1
1
1
1
1
1
1
1
1
1
1
1
1
1
1
1
1
1
1
1
1
1
1
1
1
1
1
1
1
1
1
1
1
1
1
1
1
1
1
1
1
1
1
1
1
1
1
1
1
1
1
1
1
1
1
1
1
1
1
1
1
1
1
1
1
1
1
1
1
1
1
1
1
1
1
1
1
1
1
1
1
1
1
1
1
1
1
1
1
1
1
1
1
1
1
1
1
1
1
1
1
1
1
1
1
1
1
1
1
1
1
1
1
1
1
1
1
1
1
1
1
1
1
1
1
1
1
1
1
1
1
1
1
1
1
1
1
1
1
1
1
1
1
1
1
1
1
1
1
1
1
1
1
1
1
1
1
1
1
1
1
1
1
1
1
1
1
1
1
1
1
1
1
1
1
1
1
1
1
1
1
1
1
1
1
1
1
1
1
1
1
1
1
1
1
1
1
1
1
1
1
1
1
1
1
1
1
1
1
1
1
1
1
1
1
1
1
1
1
1
1
1
1
1
1
1
1
1
1
1
1
1
1
1
1
1
1
1
1
1
1
1
1
1
1
1
1
1
1
1
1
1
1
1
1
1
1
1
1
1
1
1
1
1
1
1
1
1
1
1
1
1
1
1
1
1
1
1
1
1
1
1
1
1
1
1
1
1
1
1
1
1
1
1
1
1
1
1
1
1
1
1
1
1
1
1
1
1
1
1
1
1
1
1
1
1
1
1
1
1
1
1
1
1
1
1
1
1
1
1
1
1
1
1
1
1
1
1
1
1
1
1
1
1
1
1
1
1
1
1
1
1
1
1
1
1
1
1
1
1
1
1
1
1
1
1
1
1
1
1
1
1
1
1
1
1
1
1
1
1
1
1
1
1
1
1
1
1
1
1
1
1
1
1
1
1
1
1
1
1
1
1
1
1
1
1
1
1
1
1
1
1
1
1
1
1
1
1
1
1
1
1
1
1
1
1
1
1
1
1
1
1
1
1
1
1
1
1
1
1
1
1
1
1
1
1
1
1
1
1
1
1
1
1
1
1
1
1
1
1
1
1
1
1
1
1
1
1
1
1
1
1
1
1
1
1
1
1
1
1
1
1
1
1
1
1
1
1
1
1
1
1
1
1
1
1
1
1
1
1
1
1
1
1
1
1
1
1
1
1
1
1
1
1
1
1
1
1
1
1
1
1
1
1
1
1
1
1
1
1
1
1
1
1
1
1
1
1
1
1
1
1
1
1
1
1
1
1
1
1
1
1
1
1
1
1
1
1
1
1
1
1
1
1
1
1
1
1
1
1
1
1
1
1
1
1
1
1
1
1
1
1
1
1
1
1
1
1
1
1
1
1
1
1
1
1
1
1
1
1
1
1
1
1
1
1
1
1
1
1
1
1
1
1
1
1
1
1
1
1
1
1
1
1
1
1
1
1
1
1
1
1
1
1
1
1
1
1
1
1
1
1
1
1
1
1
1
1
1
1
1
1
1
1
1
1
1
1
1
1
1
1
1
1
1
1
1
1
1
1
1
1
1
1
1
1
1
1
1
1
1
1
1
1
1
1
1
1
1
1
1
1
1
1
1
1
1
1
1
1
1
1
1
1
1
1
1
1
1
1
1
1
1
1
1
1
1
1
1
1
1
1
1
1
1
1
1
1
1
1
1
1
1
1
1
1
1
1
1
1
1
1
1
1
1
1
1
1
1
1
1
1
1
1
1
1
1
1
1
1
1
1
1
1
1
1
1
1
1
1
1
1
1
1
1
1
1
1
1
1
1
1
1
1
1
1
1
1
1
1
1
1
1
1
1
1
1
1
1
1
1
1
1
1
1
1
1
1
1
1
1
1
1
1
1
1
1
1
1
1
1
1
1
1
1
1
1
1
1
1
1
1
1
1
1
1
1
1
1
1
1
1
1
1
1
1
1
1
1
1
1
1
1
1
1
1
1
1
1
1
1
1
1
1
1
1
1
1
1
1
1
1
1
1
1
1
1
1
1
1
1
1
1
1
1
1
1
1
1
1
1
1
1
1
1
1
1
1
1
1
1
1
1
1
1
1
1
1
1
1
1
1
1
1
1
1
1
1
1
1
1
1
1
1
1
1
1
1
1
1
1
1
1
1
1
1
1
1
1
1
1
1
1
1
1
1
1
1
1
1
1
1
1
1
1
1
1
1
1
1
1
1
1
1
1
1
1
1
1
1
1
1
1
1
1
1
1
1
1
1
1
1
1
1
1
1
1
1
1
1
1
1
1
1
1
1
1
1
1
1
1
1
1
1
1
1
1
1
1
1
1
1
1
1
1
1
1
1
1
1
1
1
1
1
1
1
1
1
1
1
1
1
1
1
1
1
1
1
1
1
1
1
1
1
1
1
1
1
1
1
1
1
1
1
1
1
1
1
1
1
1
1
1
1
1
1
1
1
1
1
1
1
1
1
1
1
1
1
1
1
1
1
1
1
1
1
1
1
1
1
1
1
1
1
1
1
1
1
1
1
1
1
1
1
1
1
1
1
1
1
1
1
1
1
1
1
1
1
1
1
1
1
1
1
1
1
1
1
1
1
1
1
1
1
1
1
1
1
1
1
1
1
1
1
1
1
1
1
1
1
1
1
1
1
1
1
1
1
1
1
1
1
1
1
1
1
1
1
1
1
1
1
1
1
1
1
1
1
1
1
1
1
1
1
1
1
1
1
1
1
1
1
1
1
1
1
1
1
1
1
1
1
1
1
1
1
1
1
1
1
1
1
1
1
1
1
1
1
1
1
1
1
1
1
1
1
1
1
1
1
1
1
1
1
1
1
1
1
1
1
1
1
1
1
1
1
1
1
1
1
1
1
1
1
1
1
1
1
1
1
1
1
1
1
1
1
1
1
1
1
1
1
1
1
1
1
1
1
1
1
1
1
1
1
1
1
1
1
1
1
1
1
1
1
1
1
1
1
1
1
1
1
1
1
1
1
1
1
1
1
1
1
1
1
1
1
1
1
1
1
1
1
1
1
1
1
1
1
1
1
1
1
1
1
1
1
1
1
1
1
1
1
1
1
1
1
1
1
1
1
1
1
1
1
1
1
1
1
1
1
1
1
1
1
1
1
1
1
1
1
1
1
1
1
1
1
1
1
1
1
1
1
1
1
1
1
1
1
1
1
1
1
1
1
1
1
1
1
1
1
1
1
1
1
1
1
1
1
1
1
1
1
1
1
1
1
1
1
1
1
1
1
1
1
1
1
1
1
1
1
1
1
1
1
1
1
1
1
1
1
1
1
1
1
1
1
1
1
1
1
1
1
1
1
1
1
1
1
1
1
1
1
1
1
1
1
1
1
1
1
1
1
1
1
1
1
1
1
1
1
1
1
1
1
1
1
1
1
1
1
1
1
1
1
1
1
1
1
1
1
1
1
1
1
1
1
1
1
1
1
1
1
1
1
1
1
1
1
1
1
1
1
1
1
1
1
1
1
1
1
1
1
1
1
1
1
1
1
1
1
1
1
1
1
1
1
1
1
1
1
1
1
1
1
1
1
1
1
1
1
1
1
1
1
1
1
1
1
1
1
1
1
1
1
1
1
1
1
1
1
1
1
1
1
1
1
1
1
1
1
1
1
1
1
1
1
1
1
1
1
1
1
1
1
1
1
1
1
1
1
1
1
1
1
1
1
1
1
1
1
1
1
1
1
1
1
1
1
1
1
1
1
1
1
1
1
1
1
1
1
1
1
1
1
1
1
1
1
1
1
1
1
1
1
1
1
1
1
1
1
1
1
1
1
1
1
1
1
1
1
1
1
1
1
1
1
1
1
1
1
1
1
1
1
1
1
1
1
1
1
1
1
1
1
1
1
1
1
1
1
1
1
1
1
1
1
1
1
1
1
1
1
1
1
1
1
1
1
1
1
1
1
1
1
1
1
1
1
1
1
1
1
1
1
1
1
1
1
1
1
1
1
1
1
1
1
1
1
1
1
1
1
1
1
1
1
1
1
1
1
1
1
1
1
1
1
1
1
1
1
1
1
1
1
1
1
1
1
1
1
1
1
1
1
1
1
1
1
1
1
1
1
1
1
1
1
1
1
1
1
1
1
1
1
1
1
1
1
1
1
1
1
1
1
1
1
1
1
1
1
1
1
1
1
1
1
1
1
1
1
1
1
1
1
1
1
1
1
1
1
1
1
1
1
1
1
1
1
1
1
1
1
1
1
1
1
1
1
1
1
1
1
1
1
1
1
1
1
1
1
1
1
1
1
1
1
1
1
1
1
1
1
1
1
1
1
1
1
1
1
1
1
1
1
1
1
1
1
1
1
1
1
1
1
1
1
1
1
1
1
1
1
1
1
1
1
1
1
1
1
1
1
1
1
1
1
1
1
1
1
1
1
1
1
1
1
1
1
1
1
1
1
1
1
1
1
1
1
1
1
1
1
1
1
1
1
1
1
1
1
1
1
1
1
1
1
1
1
1
1
1
1
1
1
1
1
1
1
1
1
1
1
1
1
1
1
1
1
1
1
1
1
1
1
1
1
1
1
1
1
1
1
1
1
1
1
1
1
1
1
1
1
1
1
1
1
1
1
1
1
1
1
1
1
1
1
1
1
1
1
1
1
1
1
1
1
1
1
1
1
1
1
1
1
1
1
1
1
1
1
1
1
1
1
1
1
1
1
1
1
1
1
1
1
1
1
1
1
1
1
1
1
1
1
1
1
1
1
1
1
1
1
1
1
1
1
1
1
1
1
1
1
1
1
1
1
1
1
1
1
1
1
1
1
1
1
1
1
1
1
1
1
1
1
1
1
1
1
1
1
1
1
1
1
1
1
1
1
1
1
1
1
1
1
1
1
1
1
1
1
1
1
1
1
1
1
1
1
1
1
1
1
1
1
1
1
1
1
1
1
1
1
1
1
1
1
1
1
1
1
1
1
1
1
1
1
1
1
1
1
1
1
1
1
1
1
1
1
1
1
1
1
1
1
1
1
1
1
1
1
1
1
1
1
1
1
1
1
1
1
1
1
1
1
1
1
1
1
1
1
1
1
1
1
1
1
1
1
1
1
1
1
1
1
1
1
1
1
1
1
1
1
1
1
1
1
1
1
1
1
1
1
1
1
1
1
1
1
1
1
1
1
1
1
1
1
1
1
1
1
1
1
1
1
1
1
1
1
1
1
1
1
1
1
1
1
1
1
1
1
1
1
1
1
1
1
1
1
1
1
1
1
1
1
1
1
1
1
1
1
1
1
1
1
1
1
1
1
1
1
1
1
1
1
1
1
1
1
1
1
1
1
1
1
1
1
1
1
1
1
1
1
1
1
1
1
1
1
1
1
1
1
1
1
1
1
1
1
1
1
1
1
1
1
1
1
1
1
1
1
1
1
1
1
1
1
1
1
1
1
1
1
1
1
1
1
1
1
1
1
1
1
1
1
1
1
1
1
1
1
1
1
1
1
1
1
1
1
1
1
1
1
1
1
1
1
1
1
1
1
1
1
1
1
1
1
1
1
1
1
1
1
1
1
1
1
1
1
1
1
1
1
1
1
1
1
1
1
1
1
1
1
1
1
1
1
1
1
1
1
1
1
1
1
1
1
1
1
1
1
1
1
1
1
1
1
1
1
1
1
1
1
1
1
1
1
1
1
1
1
1
1
1
1
1
1
1
1
1
1
1
1
1
1
1
1
1
1
1
1
1
1
1
1
1
1
1
1
1
1
1
1
1
1
1
1
1
1
1
1
1
1
1
1
1
1
1
1
1
1
1
1
1
1
1
1
1
1
1
1
1
1
1
1
1
1
1
1
1
1
1
1
1
1
1
1
1
1
1
1
1
1
1
1
1
1
1
1
1
1
1
1
1
1
1
1
1
1
1
1
1
1
1
1
1
1
1
1
1
1
1
1
1
1
1
1
1
1
1
1
1
1
1
1
1
1
1
1
1
1
1
1
1
1
1
1
1
1
1
1
1
1
1
1
1
1
1
1
1
1
1
1
1
1
1
1
1
1
1
1
1
1
1
1
1
1
1
1
1
1
1
1
1
1
1
1
1
1
1
1
1
1
1
1
1
1
1
1
1
1
1
1
1
1
1
1
1
1
1
1
1
1
1
1
1
1
1
1
1
1
1
1
1
1
1
1
1
1
1
1
1
1
1
1
1
1
1
1
1
1
1
1
1
1
1
1
1
1
1
1
1
1
1
1
1
1
1
1
1
1
1
1
1
1
1
1
1
1
1
1
1
1
1
1
1
1
1
1
1
1
1
1
1
1
1
1
1
1
1
1
1
1
1
1
1
1
1
1
1
1
1
1
1
1
1
1
1
1
1
1
1
1
1
1
1
1
1
1
1
1
1
1
1
1
1
1
1
1
1
1
1
1
1
1
1
1
1
1
1
1
1
1
1
1
1
1
1
1
1
1
1
1
1
1
1
1
1
1
1
1
1
1
1
1
1
1
1
1
1
1
1
1
1
1
1
1
1
1
1
1
1
1
1
1
1
1
1
1
1
1
1
1
1
1
1
1
1
1
1
1
1
1
1
1
1
1
1
1
1
1
1
1
1
1
1
1
1
1
1
1
1
1
1
1
1
1
1
1
1
1
1
1
1
1
1
1
1
1
1
1
1
1
1
1
1
1
1
1
1
1
1
1
1
1
1
1
1
1
1
1
1
1
1
1
1
1
1
1
1
1
1
1
1
1
1
1
1
1
1
1
1
1
1
1
1
1
1
1
1
1
1
1
1
1
1
1
1
1
1
1
1
1
1
1
1
1
1
1
1
1
1
1
1
1
1
1
1
1
1
1
1
1
1
1
1
1
1
1
1
1
1
1
1
1
1
1
1
1
1
1
1
1
1
1
1
1
1
1
1
1
1
1
1
1
1
1
1
1
1
1
1
1
1
1
1
1
1
1
1
1
1
1
1
1
1
1
1
1
1
1
1
1
1
1
1
1
1
1
1
1
1
1
1
1
1
1
1
1
1
1
1
1
1
1
1
1
1
1
1
1
1
1
1
1
1
1
1
1
1
1
1
1
1
1
1
1
1
1
1
1
1
1
1
1
1
1
1
1
1
1
1
1
1
1
1
1
1
1
1
1
1
1
1
1
1
1
1
1
1
1
1
1
1
1
1
1
1
1
1
1
1
1
1
1
1
1
1
1
1
1
1
1
1
1
1
1
1
1
1
1
1
1
1
1
1
1
1
1
1
1
1
1
1
1
1
1
1
1
1
1
1
1
1
1
1
1
1
1
1
1
1
1
1
1
1
1
1
1
1
1
1
1
1
1
1
1
1
1
1
1
1
1
1
1
1
1
1
1
1
1
1
1
1
1
1
1
1
1
1
1
1
1
1
1
1
1
1
1
1
1
1
1
1
1
1
1
1
1
1
1
1
1
1
1
1
1
1
1
1
1
1
1
1
1
1
1
1
1
1
1
1
1
1
1
1
1
1
1
1
1
1
1
1
1
1
1
1
1
1
1
1
1
1
1
1
1
1
1
1
1
1
1
1
1
1
1
1
1
1
1
1
1
1
1
1
1
1
1
1
1
1
1
1
1
1
1
1
1
1
1
1
1
1
1
1
1
1
1
1
1
1
1
1
1
1
1
1
1
1
1
1
1
1
1
1
1
1
1
1
1
1
1
1
1
1
1
1
1
1
1
1
1
1
1
1
1
1
1
1
1
1
1
1
1
1
1
1
1
1
1
1
1
1
1
1
1
1
1
1
1
1
1
1
1
1
1
1
1
1
1
1
1
1
1
1
1
1
1
1
1
1
1
1
1
1
1
1
1
1
1
1
1
1
1
1
1
1
1
1
1
1
1
1
1
1
1
1
1
1
1
1
1
1
1
1
1
1
1
1
1
1
1
1
1
1
1
1
1
1
1
1
1
1
1
1
1
1
1
1
1
1
1
1
1
1
1
1
1
1
1
1
1
1
1
1
1
1
1
1
1
1
1
1
1
1
1
1
1
1
1
1
1
1
1
1
1
1
1
1
1
1
1
1
1
1
1
1
1
1
1
1
1
1
1
1
1
1
1
1
1
1
1
1
1
1
1
1
1
1
1
1
1
1
1
1
1
1
1
1
1
1
1
1
1
1
1
1
1
1
1
1
1
1
1
1
1
1
1
1
1
1
1
1
1
1
1
1
1
1
1
1
1
1
1
1
1
1
1
1
1
1
1
1
1
1
1
1
1
1
1
1
1
1
1
1
1
1
1
1
1
1
1
1
1
1
1
1
1
1
1
1
1
1
1
1
1
1
1
1
1
1
1
1
1
1
1
1
1
1
1
1
1
1
1
1
1
1
1
1
1
1
1
1
1
1
1
1
1
1
1
1
1
1
1
1
1
1
1
1
1
1
1
1
1
1
1
1
1
1
1
1
1
1
1
1
1
1
1
1
1
1
1
1
1
1
1
1
1
1
1
1
1
1
1
1
1
1
1
1
1
1
1
1
1
1
1
1
1
1
1
1
1
1
1
1
1
1
1
1
1
1
1
1
1
1
1
1
1
1
1
1
1
1
1
1
1
1
1
1
1
1
1
1
1
1
1
1
1
1
1
1
1
1
1
1
1
1
1
1
1
1
1
1
1
1
1
1
1
1
1
1
1
1
1
1
1
1
1
1
1
1
1
1
1
1
1
1
1
1
1
1
1
1
1
1
1
1
1
1
1
1
1
1
1
1
1
1
1
1
1
1
1
1
1
1
1
1
1
1
1
1
1
1
1
1
1
1
1
1
1
1
1
1
1
1
1
1
1
1
1
1
1
1
1
1
1
1
1
1
1
1
1
1
1
1
1
1
1
1
1
1
1
1
1
1
1
1
1
1
1
1
1
1
1
1
1
1
1
1
1
1
1
1
1
1
1
1
1
1
1
1
1
1
1
1
1
1
1
1
1
1
1
1
1
1
1
1
1
1
1
1
1
1
1
1
1
1
1
1
1
1
1
1
1
1
1
1
1
1
1
1
1
1
1
1
1
1
1
1
1
1
1
1
1
1
1
1
1
1
1
1
1
1
1
1
1
1
1
1
1
1
1
1
1
1
1
1
1
1
1
1
1
1
1
1
1
1
1
1
1
1
1
1
1
1
1
1
1
1
1
1
1
1
1
1
1
1
1
1
1
1
1
1
1
1
1
1
1
1
1
1
1
1
1
1
1
1
1
1
1
1
1
1
1
1
1
1
1
1
1
1
1
1
1
1
1
1
1
1
1
1
1
1
1
1
1
1
1
1
1
1
1
1
1
1
1
1
1
1
1
1
1
1
1
1
1
1
1
1
1
1
1
1
1
1
1
1
1
1
1
1
1
1
1
1
1
1
1
1
1
1
1
1
1
1
1
1
1
1
1
1
1
1
1
1
1
1
1
1
1
1
1
1
1
1
1
1
1
1
1
1
1
1
1
1
1
1
1
1
1
1
1
1
1
1
1
1
1
1
1
1
1
1
1
1
1
1
1
1
1
1
1
1
1
1
1
1
1
1
1
1
1
1
1
1
1
1
1
1
1
1
1
1
1
1
1
1
1
1
1
1
1
1
1
1
1
1
1
1
1
1
1
1
1
1
1
1
1
1
1
1
1
1
1
1
1
1
1
1
1
1
1
1
1
1
1
1
1
1
1
1
1
1
1
1
1
1
1
1
1
1
1
1
1
1
1
1
1
1
1
1
1
1
1
1
1
1
1
1
1
1
1
1
1
1
1
1
1
1
1
1
1
1
1
1
1
1
1
1
1
1
1
1
1
1
1
1
1
1
1
1
1
1
1
1
1
1
1
1
1
1
1
1
1
1
1
1
1
1
1
1
1
1
1
1
1
1
1
1
1
1
1
1
1
1
1
1
1
1
1
1
1
1
1
1
1
1
1
1
1
1
1
1
1
1
1
1
1
1
1
1
1
1
1
1
1
1
1
1
1
1
1
1
1
1
1
1
1
1
1
1
1
1
1
1
1
1
1
1
1
1
1
1
1
1
1
1
1
1
1
1
1
1
1
1
1
1
1
1
1
1
1
1
1
1
1
1
1
1
1
1
1
1
1
1
1
1
1
1
1
1
1
1
1
1
1
1
1
1
1
1
1
1
1
1
1
1
1
1
1
1
1
1
1
1
1
1
1
1
1
1
1
1
1
1
1
1
1
1
1
1
1
1
1
1
1
1
1
1
1
1
1
1
1
1
1
1
1
1
1
1
1
1
1
1
1
1
1
1
1
1
1
1
1
1
1
1
1
1
1
1
1
1
1
1
1
1
1
1
1
1
1
1
1
1
1
1
1
1
1
1
1
1
1
1
1
1
1
1
1
1
1
1
1
1
1
1
1
1
1
1
1
1
1
1
1
1
1
1
1
1
1
1
1
1
1
1
1
1
1
1
1
1
1
1
1
1
1
1
1
1
1
1
1
1
1
1
1
1
1
1
1
1
1
1
1
1
1
1
1
1
1
1
1
1
1
1
1
1
1
1
1
1
1
1
1
1
1
1
1
1
1
1
1
1
1
1
1
1
1
1
1
1
1
1
1
1
1
1
1
1
1
1
1
1
1
1
1
1
1
1
1
1
1
1
1
1
1
1
1
1
1
1
1
1
1
1
1
1
1
1
1
1
1
1
1
1
1
1
1
1
1
1
1
1
1
1
1
1
1
1
1
1
1
1
1
1
1
1
1
1
1
1
1
1
1
1
1
1
1
1
1
1
1
1
1
1
1
1
1
1
1
1
1
1
1
1
1
1
1
1
1
1
1
1
1
1
1
1
1
1
1
1
1
1
1
1
1
1
1
1
1
1
1
1
1
1
1
1
1
1
1
1
1
1
1
1
1
1
1
1
1
1
1
1
1
1
1
1
1
1
1
1
1
1
1
1
1
1
1
1
1
1
1
1
1
1
1
1
1
1
1
1
1
1
1
1
1
1
1
1
1
1
1
1
1
1
1
1
1
1
1
1
1
1
1
1
1
1
1
1
1
1
1
1
1
1
1
1
1
1
1
1
1
1
1
1
1
1
1
1
1
1
1
1
1
1
1
1
1
1
1
1
1
1
1
1
1
1
1
1
1
1
1
1
1
1
1
1
1
1
1
1
1
1
1
1
1
1
1
1
1
1
1
1
1
1
1
1
1
1
1
1
1
1
1
1
1
1
1
1
1
1
1
1
1
1
1
1
1
1
1
1
1
1
1
1
1
1
1
1
1
1
1
1
1
1
1
1
1
1
1
1
1
1
1
1
1
1
1
1
1
1
1
1
1
1
1
1
1
1
1
1
1
1
1
1
1
1
1
1
1
1
1
1
1
1
1
1
1
1
1
1
1
1
1
1
1
1
1
1
1
1
1
1
1
1
1
1
1
1
1
1
1
1
1
1
1
1
1
1
1
1
1
1
1
1
1
1
1
1
1
1
1
1
1
1
1
1
1
1
1
1
1
1
1
1
1
1
1
1
1
1
1
1
1
1
1
1
1
1
1
1
1
1
1
1
1
1
1
1
1
1
1
1
1
1
1
1
1
1
1
1
1
1
1
1
1
1
1
1
1
1
1
1
1
1
1
1
1
1
1
1
1
1
1
1
1
1
1
1
1
1
1
1
1
1
1
1
1
1
1
1
1
1
1
1
1
1
1
1
1
1
1
1
1
1
1
1
1
1
1
1
1
1
1
1
1
1
1
1
1
1
1
1
1
1
1
1
1
1
1
1
1
1
1
1
1
1
1
1
1
1
1
1
1
1
1
1
1
1
1
1
1
1
1
1
1
1
1
1
1
1
1
1
1
1
1
1
1
1
1
1
1
1
1
1
1
1
1
1
1
1
1
1
1
1
1
1
1
1
1
1
1
1
1
1
1
1
1
1
1
1
1
1
1
1
1
1
1
1
1
1
1
1
1
1
1
1
1
1
1
1
1
1
1
1
1
1
1
1
1
1
1
1
1
1
1
1
1
1
1
1
1
1
1
1
1
1
1
1
1
1
1
1
1
1
1
1
1
1
1
1
1
1
1
1
1
1
1
1
1
1
1
1
1
1
1
1
1
1
1
1
1
1
1
1
1
1
1
1
1
1
1
1
1
1
1
1
1
1
1
1
1
1
1
1
1
1
1
1
1
1
1
1
1
1
1
1
1
1
1
1
1
1
1
1
1
1
1
1
1
1
1
1
1
1
1
1
1
1
1
1
1
1
1
1
1
1
1
1
1
1
1
1
1
1
1
1
1
1
1
1
1
1
1
1
1
1
1
1
1
1
1
1
1
1
1
1
1
1
1
1
1
1
1
1
1
1
1
1
1
1
1
1
1
1
1
1
1
1
1
1
1
1
1
1
1
1
1
1
1
1
1
1
1
1
1
1
1
1
1
1
1
1
1
1
1
1
1
1
1
1
1
1
1
1
1
1
1
1
1
1
1
1
1
1
1
1
1
1
1
1
1
1
1
1
1
1
1
1
1
1
1
1
1
1
1
1
1
1
1
1
1
1
1
1
1
1
1
1
1
1
1
1
1
1
1
1
1
1
1
1
1
1
1
1
1
1
1
1
1
1
1
1
1
1
1
1
1
1
1
1
1
1
1
1
1
1
1
1
1
1
1
1
1
1
1
1
1
1
1
1
1
1
1
1
1
1
1
1
1
1
1
1
1
1
1
1
1
1
1
1
1
1
1
1
1
1
1
1
1
1
1
1
1
1
1
1
1
1
1
1
1
1
1
1
1
1
1
1
1
1
1
1
1
1
1
1
1
1
1
1
1
1
1
1
1
1
1
1
1
1
1
1
1
1
1
1
1
1
1
1
1
1
1
1
1
1
1
1
1
1
1
1
1
1
1
1
1
1
1
1
1
1
1
1
1
1
1
1
1
1
1
1
1
1
1
1
1
1
1
1
1
1
1
1
1
1
1
1
1
1
1
1
1
1
1
1
1
1
1
1
1
1
1
1
1
1
1
1
1
1
1
1
1
1
1
1
1
1
1
1
1
1
1
1
1
1
1
1
1
1
1
1
1
1
1
1
1
1
1
1
1
1
1
1
1
1
1
1
1
1
1
1
1
1
1
1
1
1
1
1
1
1
1
1
1
1
1
1
1
1
1
1
1
1
1
1
1
1
1
1
1
1
1
1
1
1
1
1
1
1
1
1
1
1
1
1
1
1
1
1
1
1
1
1
1
1
1
1
1
1
1
1
1
1
1
1
1
1
1
1
1
1
1
1
1
1
1
1
1
1
1
1
1
1
1
1
1
1
1
1
1
1
1
1
1
1
1
1
1
1
1
1
1
1
1
1
1
1
1
1
1
1
1
1
1
1
1
1
1
1
1
1
1
1
1
1
1
1
1
1
1
1
1
1
1
1
1
1
1
1
1
1
1
1
1
1
1
1
1
1
1
1
1
1
1
1
1
1
1
1
1
1
1
1
1
1
1
1
1
1
1
1
1
1
1
1
1
1
1
1
1
1
1
1
1
1
1
1
1
1
1
1
1
1
1
1
1
1
1
1
1
1
1
1
1
1
1
1
1
1
1
1
1
1
1
1
1
1
1
1
1
1
1
1
1
1
1
1
1
1
1
1
1
1
1
1
1
1
1
1
1
1
1
1
1
1
1
1
1
1
1
1
1
1
1
1
1
1
1
1
1
1
1
1
1
1
1
1
1
1
1
1
1
1
1
1
1
1
1
1
1
1
1
1
1
1
1
1
1
1
1
1
1
1
1
1
1
1
1
1
1
1
1
1
1
1
1
1
1
1
1
1
1
1
1
1
1
1
1
1
1
1
1
1
1
1
1
1
1
1
1
1
1
1
1
1
1
1
1
1
1
1
1
1
1
1
1
1
1
1
1
1
1
1
1
1
1
1
1
1
1
1
1
1
1
1
1
1
1
1
1
1
1
1
1
1
1
1
1
1
1
1
1
1
1
1
1
1
1
1
1
1
1
1
1
1
1
1
1
1
1
1
1
1
1
1
1
1
1
1
1
1
1
1
1
1
1
1
1
1
1
1
1
1
1
1
1
1
1
1
1
1
1
1
1
1
1
1
1
1
1
1
1
1
1
1
1
1
1
1
1
1
1
1
1
1
1
1
1
1
1
1
1
1
1
1
1
1
1
1
1
1
1
1
1
1
1
1
1
1
1
1
1
1
1
1
1
1
1
1
1
1
1
1
1
1
1
1
1
1
1
1
1
1
1
1
1
1
1
1
1
1
1
1
1
1
1
1
1
1
1
1
1
1
1
1
1
1
1
1
1
1
1
1
1
1
1
1
1
1
1
1
1
1
1
1
1
1
1
1
1
1
1
1
1
1
1
1
1
1
1
1
1
1
1
1
1
1
1
1
1
1
1
1
1
1
1
1
1
1
1
1
1
1
1
1
1
1
1
1
1
1
1
1
1
1
1
1
1
1
1
1
1
1
1
1
1
1
1
1
1
1
1
1
1
1
1
1
1
1
1
1
1
1
1
1
1
1
1
1
1
1
1
1
1
1
1
1
1
1
1
1
1
1
1
1
1
1
1
1
1
1
1
1
1
1
1
1
1
1
1
1
1
1
1
1
1
1
1
1
1
1
1
1
1
1
1
1
1
1
1
1
1
1
1
1
1
1
1
1
1
1
1
1
1
1
1
1
1
1
1
1
1
1
1
1
1
1
1
1
1
1
1
1
1
1
1
1
1
1
1
1
1
1
1
1
1
1
1
1
1
1
1
1
1
1
1
1
1
1
1
1
1
1
1
1
1
1
1
1
1
1
1
1
1
1
1
1
1
1
1
1
1
1
1
1
1
1
1
1
1
1
1
1
1
1
1
1
1
1
1
1
1
1
1
1
1
1
1
1
1
1
1
1
1
1
1
1
1
1
1
1
1
1
1
1
1
1
1
1
1
1
1
1
1
1
1
1
1
1
1
1
1
1
1
1
1
1
1
1
1
1
1
1
1
1
1
1
1
1
1
1
1
1
1
1
1
1
1
1
1
1
1
1
1
1
1
1
1
1
1
1
1
1
1
1
1
1
1
1
1
1
1
1
1
1
1
1
1
1
1
1
1
1
1
1
1
1
1
1
1
1
1
1
1
1
1
1
1
1
1
1
1
1
1
1
1
1
1
1
1
1
1
1
1
1
1
1
1
1
1
1
1
1
1
1
1
1
1
1
1
1
1
1
1
1
1
1
1
1
1
1
1
1
1
1
1
1
1
1
1
1
1
1
1
1
1
1
1
1
1
1
1
1
1
1
1
1
1
1
1
1
1
1
1
1
1
1
1
1
1
1
1
1
1
1
1
1
1
1
1
1
1
1
1
1
1
1
1
1
1
1
1
1
1
1
1
1
1
1
1
1
1
1
1
1
1
1
1
1
1
1
1
1
1
1
1
1
1
1
1
1
1
1
1
1
1
1
1
1
1
1
1
1
1
1
1
1
1
1
1
1
1
1
1
1
1
1
1
1
1
1
1
1
1
1
1
1
1
1
1
1
1
1
1
1
1
1
1
1
1
1
1
1
1
1
1
1
1
1
1
1
1
1
1
1
1
1
1
1
1
1
1
1
1
1
1
1
1
1
1
1
1
1
1
1
1
1
1
1
1
1
1
1
1
1
1
1
1
1
1
1
1
1
1
1
1
1
1
1
1
1
1
1
1.00001
1.00001
1.00002
1.00003
1.00006
1.00001
1
1
1
1
1
1
1
1
1
1
1
1
1
1
1
1
1
1
1
1
1
1
1
1
1
1
1
1
1
1
1
1
1
1
1
1
1
1
1
1
1
1
1
1
1
1
1
1
1
1
1
1
1
1
1
1
1
1
1
1
1
1
1
1
1
1
1
1
1
1
1
1
1
1
1
1
1
1
1
1
1
1
1
1
1
1
1
1
1
1
1
1
1
1
1
1
1
1
1
1
1
1
1
1
1
1
1
1
1
1
1
1
1
1
1
1
1
1
1
1
1
1
1
1
1
1
1
1
1
1
1
1
1
1
1
1
1
1
1
1
1
1
1
1
1
1
1
1
1
1
1
1
1
1
1
1
1
1
1
1
1
1
1
1
1
1
1
1
1
1
1.00001
1.00001
1.00002
1.00003
1.00004
1.00006
1.00009
1.00014
1.0002
1.0003
1.00044
1.00061
1.00089
1.00125
1.00169
1.00238
1.00325
1.00427
1.00582
1.00754
1.01125
1.01136
1
1
1
1
1
1
1
1
1
1
1
1
1
1
1
1
1
1
1
1
1
1
1
1
1
1
1
1
1
1
1
1
1
1
1
1
1
1
1
1
1
1
1
1
1
1
1
1
1
1
1
1
1
1
1
1
1
1
1
1
1
1
1
1
1
1
1
1
1
1
1
1
1
1
1
1
1
1
1
1
1
1
1
1
1
1
1
1
1
1
1
1
1
1
1
1
1
1
1
1
1
1
1
1
1
1
1
1
1
1
1
1
1
1
1
1
1
1
1
1
1
1
1
1
1
1
1
1
1
1
1
1
1
1
1
1
1
1
1
1
1
1
1
1
1
1
1
1
1
1
1
1
1
1
1.00001
1.00001
1.00001
1.00002
1.00003
1.00005
1.00008
1.00012
1.00018
1.00027
1.00038
1.00054
1.0008
1.00112
1.00149
1.00215
1.00295
1.00381
1.00523
1.00705
1.00892
1.01176
1.01545
1.01914
1.02438
1.03111
1.03764
1.04655
1.05795
1.06845
1.08205
1.0998
1.11575
1.13385
1.15824
1.18037
1.20785
1.2285
1
1
1
1
1
1
1
1
1
1
1
1
1
1
1
1
1
1
1
1
1
1
1
1
1
1
1
1
1
1
1
1
1
1
1
1
1
1
1
1
1
1
1
1
1
1
1
1
1
1
1
1
1
1
1
1
1
1
1
1
1
1
1
1
1
1
1
1
1
1
1
1
1
1
1
1
1
1
1
1
1
1
1
1
1
1
1
1
1
1
1
1
1
1
1
1
1
1
1
1
1
1
1
1
1
1
1
1
1
1
1
1
1
1
1
1
1
1
1
1
1
1
1
1
1
1
1
1
1
1
1
1
1
1
1
1
1
1
1.00001
1.00001
1.00001
1.00002
1.00003
1.00005
1.00007
1.00011
1.00016
1.00024
1.00035
1.00049
1.00073
1.00105
1.00139
1.00195
1.00277
1.00362
1.00487
1.00661
1.00849
1.01113
1.01444
1.01811
1.02336
1.02929
1.03544
1.04468
1.05538
1.06487
1.07855
1.0961
1.11067
1.1289
1.15384
1.17503
1.19834
1.22999
1.25739
1.28534
1.32278
1.35461
1.38438
1.42652
1.46111
1.48873
1.53119
1.57236
1.5997
1.62734
1.67583
1.70735
1.73039
1.74203
1
1
1
1
1
1
1
1
1
1
1
1
1
1
1
1
1
1
1
1
1
1
1
1
1
1
1
1
1
1
1
1
1
1
1
1
1
1
1
1
1
1
1
1
1
1
1
1
1
1
1
1
1
1
1
1
1
1
1
1
1
1
1
1
1
1
1
1
1
1
1
1
1
1
1
1
1
1
1
1
1
1
1
1
1
1
1
1
1
1
1
1
1
1
1
1
1
1
1
1
1
1
1
1
1
1
1
1
1
1
1
1
1
1
1
1
1
1
1
1
1
1
1
1.00001
1.00001
1.00002
1.00003
1.00005
1.00007
1.00011
1.00016
1.00023
1.00034
1.00049
1.0007
1.00098
1.00138
1.00188
1.00256
1.00355
1.00469
1.00611
1.00822
1.01089
1.01367
1.01742
1.02287
1.02849
1.03455
1.04341
1.0544
1.0642
1.07643
1.09446
1.11013
1.12637
1.15082
1.17356
1.19589
1.22522
1.25291
1.28363
1.31755
1.34602
1.38151
1.42518
1.45417
1.48339
1.53483
1.56847
1.59132
1.63531
1.67828
1.6987
1.72721
1.77017
1.79016
1.80784
1.84485
1.86731
1.8793
1.90067
1.92437
1.93221
1.94026
1.96011
1.97481
1.97939
1.98614
1.99844
2.00409
2.00278
1
1
1
1
1
1
1
1
1
1
1
1
1
1
1
1
1
1
1
1
1
1
1
1
1
1
1
1
1
1
1
1
1
1
1
1
1
1
1
1
1
1
1
1
1
1
1
1
1
1
1
1
1
1
1
1
1
1
1
1
1
1
1
1
1
1
1
1
1
1
1
1
1
1
1
1
1
1
1
1
1
1
1
1
1
1
1
1
1
1
1
1
1
1
1
1
1
1
1
1
1
1
1
1
1
1
1
1.00001
1.00001
1.00002
1.00003
1.00005
1.00007
1.0001
1.00016
1.00022
1.00033
1.00049
1.00069
1.00096
1.00138
1.00192
1.00257
1.0035
1.00479
1.0063
1.00821
1.0108
1.01404
1.01776
1.02248
1.02852
1.03524
1.04302
1.05317
1.06506
1.07672
1.09107
1.11095
1.12886
1.14643
1.17304
1.20178
1.2234
1.25084
1.2915
1.32166
1.3458
1.38887
1.43077
1.45642
1.48824
1.5413
1.57333
1.59513
1.64011
1.68199
1.70317
1.73331
1.77285
1.79837
1.82297
1.84745
1.87442
1.90332
1.92019
1.93511
1.96131
1.97904
1.98847
2.00292
2.02374
2.0308
2.03581
2.04725
2.05585
2.05644
2.05939
2.06953
2.07491
2.07665
2.08156
2.08426
2.08364
2.08315
2.08507
2.08797
2.08827
2.0891
2.08992
2.08985
2.0884
1
1
1
1
1
1
1
1
1
1
1
1
1
1
1
1
1
1
1
1
1
1
1
1
1
1
1
1
1
1
1
1
1
1
1
1
1
1
1
1
1
1
1
1
1
1
1
1
1
1
1
1
1
1
1
1
1
1
1
1
1
1
1
1
1
1
1
1
1
1
1
1
1
1
1
1
1
1
1
1
1
1
1
1
1
1
1
1
1
1
1.00001
1.00001
1.00001
1.00002
1.00003
1.00005
1.00007
1.00011
1.00016
1.00025
1.00034
1.00049
1.00074
1.00102
1.00137
1.00196
1.00269
1.00355
1.00481
1.00644
1.0083
1.01085
1.01426
1.01799
1.02265
1.02882
1.03614
1.0443
1.05391
1.06607
1.07979
1.09436
1.11111
1.13242
1.15365
1.17425
1.20241
1.23157
1.25707
1.28818
1.3268
1.3568
1.3852
1.43198
1.46974
1.49531
1.531
1.58688
1.61582
1.63814
1.68519
1.73382
1.74879
1.76683
1.81616
1.84646
1.85493
1.87354
1.91545
1.92687
1.93194
1.95151
1.97724
1.98016
1.98534
2.00377
2.01244
2.01331
2.01957
2.03072
2.03197
2.03178
2.03565
2.04282
2.04428
2.04346
2.04414
2.04539
2.0452
2.04554
2.04819
2.04942
2.05004
2.05209
2.05563
2.05799
2.06037
2.06235
2.06382
2.0654
2.06828
2.07134
2.07102
2.06947
2.06926
2.07009
2.07276
2.07481
2.07675
2.07823
2.07816
2.07805
1
1
1
1
1
1
1
1
1
1
1
1
1
1
1
1
1
1
1
1
1
1
1
1
1
1
1
1
1
1
1
1
1
1
1
1
1
1
1
1
1
1
1
1
1
1
1
1
1
1
1
1
1
1
1
1
1
1
1
1
1
1
1
1
1
1
1
1
1
1
1
1
1
1
1.00001
1.00001
1.00002
1.00003
1.00004
1.00006
1.00009
1.00013
1.0002
1.00028
1.00038
1.00057
1.00082
1.00107
1.00152
1.00217
1.00287
1.00383
1.00522
1.00679
1.00894
1.0118
1.01475
1.01876
1.02471
1.03029
1.03653
1.04687
1.0575
1.06713
1.08211
1.09951
1.11434
1.135
1.15986
1.18015
1.20598
1.24026
1.26726
1.29418
1.33651
1.37172
1.3984
1.44197
1.48463
1.51265
1.54929
1.59575
1.62712
1.65752
1.7038
1.73574
1.75785
1.7931
1.83218
1.8526
1.8696
1.90444
1.93524
1.94951
1.96233
1.98873
2.00945
2.01997
2.03084
2.05283
2.06736
2.07065
2.07501
2.08579
2.09494
2.09475
2.09639
2.10586
2.11142
2.11101
2.11095
2.11399
2.11594
2.11573
2.11516
2.11543
2.11548
2.11495
2.11393
2.11302
2.11199
2.11055
2.10935
2.10835
2.10679
2.10459
2.10192
2.09898
2.09593
2.09295
2.08943
2.08554
2.08098
2.07506
2.06812
2.06207
2.05728
2.05302
2.04937
2.04897
2.04913
2.04888
2.04785
2.04661
2.04546
2.04508
2.04523
2.04617
2.04718
2.0474
2.04714
2.0466
1
1
1
1
1
1
1
1
1
1
1
1
1
1
1
1
1
1
1
1
1
1
1
1
1
1
1
1
1
1
1
1
1
1
1
1
1
1
1
1
1
1
1
1
1
1
1
1
1
1
1
1
1
1
1
1.00001
1.00001
1.00001
1.00002
1.00002
1.00003
1.00005
1.00006
1.00009
1.00013
1.00019
1.00026
1.00037
1.00051
1.00072
1.00102
1.00136
1.00183
1.00258
1.00346
1.00451
1.00591
1.00782
1.01031
1.01297
1.01623
1.02132
1.0268
1.0319
1.03995
1.05096
1.0603
1.07131
1.08819
1.10513
1.12162
1.14241
1.1654
1.19042
1.21937
1.24593
1.27407
1.31511
1.34771
1.37398
1.41726
1.46317
1.49028
1.52515
1.57995
1.61069
1.63604
1.68764
1.72261
1.74365
1.78461
1.82224
1.83881
1.86205
1.90466
1.91948
1.9301
1.9575
1.98047
1.9863
1.99678
2.01614
2.02233
2.0285
2.04287
2.04933
2.05031
2.05482
2.06129
2.06139
2.06276
2.06837
2.07061
2.07072
2.07222
2.0726
2.07189
2.07155
2.07224
2.07465
2.07526
2.07595
2.07947
2.08329
2.08561
2.08889
2.09208
2.09179
2.09024
2.08981
2.09097
2.09437
2.09449
2.09235
2.09113
2.09101
2.09183
2.09351
2.09325
2.09158
2.08981
2.08934
2.08969
2.08927
2.08813
2.08632
2.08297
2.08105
2.07967
2.07799
2.07721
2.07623
2.0747
2.07208
2.06873
2.06726
2.06608
2.06453
2.06307
2.06195
2.06068
2.05881
2.05641
2.05372
2.05159
2.05003
2.0485
2.04719
2.04563
2.04363
2.04175
2.03928
1
1
1
1
1
1
1
1
1
1
1
1
1
1
1
1
1
1
1
1
1
1
1
1
1
1
1
1
1
1
1
1
1
1
1
1
1.00001
1.00001
1.00001
1.00002
1.00003
1.00004
1.00005
1.00007
1.0001
1.00014
1.00018
1.00025
1.00033
1.00044
1.00059
1.00078
1.001
1.00131
1.0018
1.00229
1.00283
1.00374
1.00491
1.00613
1.00783
1.00996
1.01231
1.01585
1.02023
1.02462
1.03046
1.03778
1.04608
1.05713
1.06874
1.07975
1.09644
1.11634
1.13353
1.15269
1.17855
1.20667
1.23128
1.25689
1.29527
1.33239
1.35891
1.39035
1.44316
1.47991
1.50571
1.54828
1.60587
1.63419
1.65626
1.70265
1.75316
1.77542
1.79472
1.83828
1.88371
1.89881
1.9124
1.94604
1.98633
1.99549
2.00604
2.0338
2.05796
2.06459
2.07432
2.09485
2.10297
2.10755
2.11835
2.12795
2.12909
2.13245
2.14177
2.14626
2.14571
2.14618
2.14992
2.15117
2.15057
2.14906
2.14843
2.1487
2.14901
2.14816
2.14566
2.14261
2.13989
2.13861
2.13787
2.13668
2.13483
2.13291
2.13099
2.12809
2.12363
2.11844
2.11353
2.10916
2.10536
2.10076
2.09445
2.0867
2.07813
2.07161
2.06584
2.05921
2.05524
2.05331
2.05213
2.04979
2.04739
2.04739
2.04773
2.04696
2.0456
2.04495
2.04428
2.04388
2.04421
2.04543
2.04568
2.04511
2.04518
2.04517
2.04408
2.04364
2.04368
2.04427
2.0456
2.04626
2.04598
2.04531
2.04532
2.04581
2.04695
2.04752
2.04804
2.04893
2.04922
2.04912
2.049
2.04927
2.04973
2.05058
2.05077
2.05037
2.0495
2.04818
2.04756
2.04699
1
1
1
1
1
1
1
1
1
1
1
1
1
1
1
1
1
1.00001
1.00001
1.00002
1.00002
1.00003
1.00005
1.00008
1.0001
1.00013
1.00019
1.00027
1.00034
1.00044
1.00061
1.00079
1.00099
1.00128
1.00174
1.00215
1.00259
1.00333
1.00439
1.00531
1.00633
1.00792
1.00999
1.01204
1.01444
1.01775
1.02135
1.02522
1.03024
1.03702
1.04332
1.05017
1.05923
1.07172
1.08305
1.09443
1.10996
1.12913
1.147
1.16891
1.1961
1.21763
1.24399
1.28536
1.31584
1.34083
1.38313
1.42329
1.45599
1.49741
1.53275
1.56176
1.6081
1.65371
1.6792
1.70548
1.75986
1.79416
1.81131
1.83989
1.89141
1.91027
1.92335
1.95677
1.98765
1.99244
2.00369
2.03295
2.04977
2.04877
2.05323
2.07234
2.08101
2.07999
2.0828
2.09303
2.09556
2.09409
2.09554
2.09964
2.09986
2.09894
2.09975
2.10121
2.10097
2.10063
2.10159
2.10441
2.10592
2.10758
2.11172
2.11819
2.12027
2.12166
2.12435
2.12736
2.12708
2.12614
2.12607
2.1279
2.12741
2.12519
2.12523
2.12301
2.11993
2.11972
2.11871
2.11407
2.11268
2.11149
2.10722
2.10489
2.10326
2.09901
2.09614
2.09438
2.09059
2.08595
2.08271
2.07964
2.07566
2.0709
2.06801
2.06688
2.06606
2.06473
2.06277
2.06043
2.05816
2.05471
2.05158
2.04958
2.04853
2.04824
2.04732
2.0462
2.04496
2.04341
2.04139
2.04014
2.04011
2.04015
2.03988
2.03914
2.03805
2.03711
2.03653
2.03611
2.03605
2.03642
2.03705
2.03749
2.03772
2.03791
2.03815
2.03854
2.0392
2.03986
2.04041
2.04121
2.04228
2.04323
2.04405
2.04492
2.04619
2.04814
2.04924
2.04934
2.04932
2.04907
2.04906
2.04926
1
1
1
1.00001
1.00002
1.00003
1.00005
1.0001
1.00018
1.00027
1.00036
1.00055
1.00086
1.00117
1.00149
1.00199
1.00268
1.00347
1.00445
1.00565
1.0069
1.00848
1.01078
1.0133
1.0156
1.01856
1.02279
1.0272
1.03149
1.03716
1.04393
1.05018
1.05762
1.06814
1.07849
1.08661
1.0984
1.11509
1.12941
1.14157
1.15999
1.18122
1.19888
1.21971
1.24598
1.26949
1.289
1.32139
1.35613
1.38046
1.40415
1.448
1.48615
1.51126
1.54529
1.59171
1.62702
1.65776
1.71033
1.75554
1.78271
1.80915
1.86834
1.90598
1.91784
1.93627
1.98148
2.01363
2.01795
2.02609
2.0581
2.07981
2.08281
2.09053
2.11544
2.13202
2.13607
2.14317
2.15941
2.16573
2.16921
2.17768
2.18348
2.18421
2.18509
2.18734
2.18721
2.18696
2.18614
2.18517
2.18435
2.18347
2.18186
2.18029
2.17901
2.17718
2.174
2.17058
2.16787
2.16465
2.16033
2.15643
2.15253
2.14776
2.14243
2.13735
2.13225
2.12728
2.12344
2.11885
2.11127
2.10332
2.09655
2.08854
2.07789
2.07343
2.0711
2.06829
2.06252
2.05757
2.05543
2.05285
2.0483
2.04254
2.04094
2.04143
2.04151
2.04008
2.0385
2.03642
2.03494
2.03503
2.03493
2.03397
2.03357
2.03388
2.03325
2.03206
2.03191
2.03134
2.03006
2.02895
2.02884
2.02908
2.02995
2.03192
2.03363
2.03392
2.03423
2.03462
2.0348
2.03533
2.03696
2.03931
2.04
2.03998
2.03987
2.03977
2.03967
2.03963
2.03967
2.03976
2.04027
2.04071
2.04052
2.04031
2.04026
2.04007
2.03975
2.03994
2.04043
2.04108
2.04204
2.04303
2.04338
2.04361
2.04386
2.04398
2.04394
2.04433
2.04503
2.04576
2.04654
2.04728
2.04796
2.0488
2.04922
2.04928
2.04939
2.04971
2.05006
2.05054
1.00053
1.00126
1.0026
1.00516
1.00862
1.01153
1.01528
1.02217
1.03052
1.03549
1.04078
1.05168
1.06641
1.07429
1.08187
1.09555
1.11157
1.12543
1.14117
1.1575
1.17252
1.18719
1.21438
1.23647
1.25027
1.26405
1.29672
1.32432
1.33823
1.35722
1.39284
1.41327
1.42968
1.46592
1.49539
1.50812
1.52794
1.57653
1.59969
1.60907
1.63215
1.68134
1.69735
1.70653
1.73857
1.76706
1.77994
1.80473
1.83423
1.84578
1.86172
1.89552
1.90846
1.9163
1.93769
1.95848
1.96895
1.98155
1.99553
2.00327
2.01344
2.02488
2.03816
2.04411
2.0519
2.06311
2.07883
2.09269
2.10059
2.10974
2.12242
2.13049
2.13611
2.14401
2.15445
2.15627
2.15224
2.14973
2.14856
2.15021
2.15369
2.14993
2.14333
2.14194
2.14261
2.1399
2.13185
2.12736
2.12666
2.12833
2.12736
2.1224
2.11712
2.11649
2.1165
2.11326
2.10704
2.10586
2.10649
2.10394
2.09602
2.09422
2.094
2.09087
2.085
2.08292
2.08074
2.07672
2.07449
2.07282
2.06994
2.06473
2.0603
2.05603
2.05124
2.04995
2.04944
2.04818
2.04609
2.04399
2.04224
2.03933
2.03773
2.03769
2.03778
2.03816
2.03829
2.03817
2.03721
2.0369
2.03766
2.03865
2.03904
2.03892
2.03861
2.03765
2.03629
2.03539
2.03474
2.0345
2.03463
2.03474
2.03472
2.03463
2.03484
2.0351
2.03587
2.03659
2.0368
2.03702
2.03761
2.03832
2.03921
2.04058
2.04144
2.04158
2.04164
2.04212
2.04264
2.04282
2.04292
2.04308
2.0436
2.04455
2.04505
2.04512
2.04508
2.04485
2.04455
2.04472
2.04525
2.04613
2.04753
2.04865
2.04881
2.04879
2.04862
2.04815
2.04768
2.04774
2.04806
2.04872
2.04958
2.04989
2.04985
2.04956
2.04903
2.04869
2.04857
2.04872
2.04902
2.04899
1.0361
1.06745
1.10781
1.14914
1.19127
1.23299
1.28033
1.32005
1.36025
1.39951
1.45135
1.49311
1.52773
1.56311
1.61422
1.66219
1.69188
1.72251
1.76997
1.82121
1.84716
1.87319
1.91659
1.97065
1.99196
2.013
2.04907
2.10627
2.12629
2.14059
2.16542
2.21092
2.24867
2.25756
2.27005
2.29725
2.34316
2.36042
2.36164
2.37567
2.41204
2.42906
2.42653
2.43136
2.45506
2.46466
2.46079
2.46397
2.47659
2.48244
2.47944
2.46924
2.46993
2.47311
2.46958
2.4585
2.45385
2.44903
2.43289
2.42184
2.41562
2.4012
2.38256
2.3667
2.35257
2.32873
2.30834
2.29354
2.2809
2.2597
2.23687
2.22073
2.20816
2.19217
2.17506
2.1596
2.14587
2.1317
2.11885
2.10865
2.09907
2.09458
2.09156
2.08831
2.0826
2.07161
2.05773
2.05343
2.05148
2.04822
2.04551
2.04284
2.03938
2.0342
2.02742
2.02222
2.02108
2.02128
2.02115
2.01875
2.01413
2.01204
2.01171
2.01068
2.00999
2.01064
2.01089
2.01032
2.01024
2.01106
2.01068
2.00858
2.00688
2.00628
2.00621
2.00657
2.00788
2.01013
2.01156
2.01153
2.01112
2.01115
2.01197
2.01411
2.01657
2.01863
2.02039
2.02224
2.02368
2.02556
2.02777
2.03044
2.03439
2.03635
2.03649
2.03632
2.03618
2.03627
2.0368
2.03864
2.04123
2.04229
2.04292
2.04334
2.04344
2.04348
2.04395
2.04609
2.0479
2.04873
2.04914
2.04915
2.04889
2.04864
2.04915
2.05146
2.05278
2.05294
2.05295
2.05238
2.05161
2.05145
2.0514
2.05212
2.05382
2.05416
2.05398
2.05367
2.0531
2.05296
2.05329
2.05394
2.055
2.05615
2.05638
2.05621
2.0557
2.0548
2.05411
2.05405
2.05416
2.05451
2.05512
2.05523
2.05495
2.05427
2.05328
2.05275
2.05247
2.05233
2.05241
2.05219
1
1
1
1
1
1
1
1
1
1
1
1
1
1
1
1
1
1
1
1
1
1
1
1
1
1
1
1
1
1
1
1
1
1
1
1
1
1
1
1
1
1
1
1
1
1
1
1
1
1
1
1
1
1
1
1
1
1
1
1
1
1
1
1
1
1
1
1
1
1
1
1
1
1
1
1
1
1
1
1
1
1
1
1
1
1
1
1
1
1
1
1
1
1
1
1
1
1
1
1
1
1
1
1
1
1
1
1
1
1
1
1
1
1
1
1
1
1
1
1
1
1
1
1
1
1
1
1
1
1
1
1
1
1
1
1
1
1
1
1
1
1
1
1
1
1
1
1
1
1
1
1
1
1
1
1
1
1
1
1
1
1
1
1
1
1
1
1
1
1
1
1
1
1
1
1
1
1
1
1
1
1
1
1
1
1
1
1
1
1
1
1
1
1
1
1
1
1
1
1
1
1
1
1
1
1
1
1
1
1
1
1
1
1
1
1
1
1
1
1
1
1
1
1
1
1
1
1
1
1
1
1
1
1
1
1
1
1
1
1
1
1
1
1
1
1
1
1
1
1
1
1
1
1
1
1
1
1
1
1
1
1
1
1
1
1
1
1
1
1
1
1
1
1
1
1
1
1
1
1
1
1
1
1
1
1
1
1
1
1
1
1
1
1
1
1
1
1
1
1
1
1
1
1
1
1
1
1
1
1
1
1
1
1
1
1
1
1
1
1
1
1
1
1
1
1
1
1
1
1
1
1
1
1
1
1
1
1
1
1
1
1
1
1
1
1
1
1
1
1
1
1
1
1
1
1
1
1
1
1
1
1
1
1
1
1
1
1
1
1
1
1
1
1
1
1
1
1
1
1
1
1
1
1
1
1
1
1
1
1
1
1
1
1
1
1
1
1
1
1
1
1
1
1
1
1
1
1
1
1
1
1
1
1
1
1
1
1
1
1
1
1
1
1
1
1
1
1
1
1
1
1
1
1
1
1
1
1
1
1
1
1
1
1
1
1
1
1
1
1
1
1
1
1
1
1
1
1
1
1
1
1
1
1
1
1
1
1
1
1
1
1
1
1
1
1
1
1
1
1
1
1
1
1
1
1
1
1
1
1
1
1
1
1
1
1
1
1
1
1
1
1
1
1
1
1
1
1
1
1
1
1
1
1
1
1
1
1
1
1
1
1
1
1
1
1
1
1
1
1
1
1
1
1
1
1
1
1
1
1
1
1
1
1
1
1
1
1
1
1
1
1
1
1
1
1
1
1
1
1
1
1
1
1
1
1
1
1
1
1
1
1
1
1
1
1
1
1
1
1
1
1
1
1
1
1
1
1
1
1
1
1
1
1
1
1
1
1
1
1
1
1
1
1
1
1
1
1
1
1
1
1
1
1
1
1
1
1
1
1
1
1
1
1
1
1
1
1
1
1
1
1
1
1
1
1
1
1
1
1
1
1
1
1
1
1
1
1
1
1
1
1
1
1
1
1
1
1
1
1
1
1
1
1
1
1
1
1
1
1
1
1
1
1
1
1
1
1
1
1
1
1
1
1
1
1
1
1
1
1
1
1
1
1
1
1
1
1
1
1
1
1
1
1
1
1
1
1
1
1
1
1
1
1
1
1
1
1
1
1
1
1
1
1
1
1
1
1
1
1
1
1
1
1
1
1
1
1
1
1
1
1
1
1
1
1
1
1
1
1
1
1
1
1
1
1
1
1
1
1
1
1
1
1
1
1
1
1
1
1
1
1
1
1
1
1
1
1
1
1
1
1
1
1
1
1
1
1
1
1
1
1
1
1
1
1
1
1
1
1
1
1
1
1
1
1
1
1
1
1
1
1
1
1
1
1
1
1
1
1
1
1
1
1
1
1
1
1
1
1
1
1
1
1
1
1
1
1
1
1
1
1
1
1
1
1
1
1
1
1
1
1
1
1
1
1
1
1
1
1
1
1
1
1
1
1
1
1
1
1
1
1
1
1
1
1
1
1
1
1
1
1
1
1
1
1
1
1
1
1
1
1
1
1
1
1
1
1
1
1
1
1
1
1
1
1
1
1
1
1
1
1
1
1
1
1
1
1
1
1
1
1
1
1
1
1
1
1
1
1
1
1
1
1
1
1
1
1
1
1
1
1
1
1
1
1
1
1
1
1
1
1
1
1
1
1
1
1
1
1
1
1
1
1
1
1
1
1
1
1
1
1
1
1
1
1
1
1
1
1
1
1
1
1
1
1
1
1
1
1
1
1
1
1
1
1
1
1
1
1
1
1
1
1
1
1
1
1
1
1
1
1
1
1
1
1
1
1
1
1
1
1
1
1
1
1
1
1
1
1
1
1
1
1
1
1
1
1
1
1
1
1
1
1
1
1
1
1
1
1
1
1
1
1
1
1
1
1
1
1
1
1
1
1
1
1
1
1
1
1
1
1
1
1
1
1
1
1
1
1
1
1
1
1
1
1
1
1
1
1
1
1
1
1
1
1
1
1
1
1
1
1
1
1
1
1
1
1
1
1
1
1
1
1
1
1
1
1
1
1
1
1
1
1
1
1
1
1
1
1
1
1
1
1
1
1
1
1
1
1
1
1
1
1
1
1
1
1
1
1
1
1
1
1
1
1
1
1
1
1
1
1
1
1
1
1
1
1
1
1
1
1
1
1
1
1
1
1
1
1
1
1
1
1
1
1
1
1
1
1
1
1
1
1
1
1
1
1
1
1
1
1
1
1
1
1
1
1
1
1
1
1
1
1
1
1
1
1
1
1
1
1
1
1
1
1
1
1
1
1
1
1
1
1
1
1
1
1
1
1
1
1
1
1
1
1
1
1
1
1
1
1
1
1
1
1
1
1
1
1
1
1
1
1
1
1
1
1
1
1
1
1
1
1
1
1
1
1
1
1
1
1
1
1
1
1
1
1
1
1
1
1
1
1
1
1
1
1
1
1
1
1
1
1
1
1
1
1
1
1
1
1
1
1
1
1
1
1
1
1
1
1
1
1
1
1
1
1
1
1
1
1
1
1
1
1
1
1
1
1
1
1
1
1
1
1
1
1
1
1
1
1
1
1
1
1
1
1
1
1
1
1
1
1
1
1
1
1
1
1
1
1
1
1
1
1
1
1
1
1
1
1
1
1
1
1
1
1
1
1
1
1
1
1
1
1
1
1
1
1
1
1
1
1
1
1
1
1
1
1
1
1
1
1
1
1
1
1
1
1
1
1
1
1
1
1
1
1
1
1
1
1
1
1
1
1
1
1
1
1
1
1
1
1
1
1
1
1
1
1
1
1
1
1
1
1
1
1
1
1
1
1
1
1
1
1
1
1
1
1
1
1
1
1
1
1
1
1
1
1
1
1
1
1
1
1
1
1
1
1
1
1
1
1
1
1
1
1
1
1
1
1
1
1
1
1
1
1
1
1
1
1
1
1
1
1
1
1
1
1
1
1
1
1
1
1
1
1
1
1
1
1
1
1
1
1
1
1
1
1
1
1
1
1
1
1
1
1
1
1
1
1
1
1
1
1
1
1
1
1
1
1
1
1
1
1
1
1
1
1
1
1
1
1
1
1
1
1
1
1
1
1
1
1
1
1
1
1
1
1
1
1
1
1
1
1
1
1
1
1
1
1
1
1
1
1
1
1
1
1
1
1
1
1
1
1
1
1
1
1
1
1
1
1
1
1
1
1
1
1
1
1
1
1
1
1
1
1
1
1
1
1
1
1
1
1
1
1
1
1
1
1
1
1
1
1
1
1
1
1
1
1
1
1
1
1
1
1
1
1
1
1
1
1
1
1
1
1
1
1
1
1
1
1
1
1
1
1
1
1
1
1
1
1
1
1
1
1
1
1
1
1
1
1
1
1
1
1
1
1
1
1
1
1
1
1
1
1
1
1
1
1
1
1
1
1
1
1
1
1
1
1
1
1
1
1
1
1
1
1
1
1
1
1
1
1
1
1
1
1
1
1
1
1
1
1
1
1
1
1
1
1
1
1
1
1
1
1
1
1
1
1
1
1
1
1
1
1
1
1
1
1
1
1
1
1
1
1
1
1
1
1
1
1
1
1
1
1
1
1
1
1
1
1
1
1
1
1
1
1
1
1
1
1
1
1
1
1
1
1
1
1
1
1
1
1
1
1
1
1
1
1
1
1
1
1
1
1
1
1
1
1
1
1
1
1
1
1
1
1
1
1
1
1
1
1
1
1
1
1
1
1
1
1
1
1
1
1
1
1
1
1
1
1
1
1
1
1
1
1
1
1
1
1
1
1
1
1
1
1
1
1
1
1
1
1
1
1
1
1
1
1
1
1
1
1
1
1
1
1
1
1
1
1
1
1
1
1
1
1
1
1
1
1
1
1
1
1
1
1
1
1
1
1
1
1
1
1
1
1
1
1
1
1
1
1
1
1
1
1
1
1
1
1
1
1
1
1
1
1
1
1
1
1
1
1
1
1
1
1
1
1
1
1
1
1
1
1
1
1
1
1
1
1
1
1
1
1
1
1
1
1
1
1
1
1
1
1
1
1
1
1
1
1
1
1
1
1
1
1
1
1
1
1
1
1
1
1
1
1
1
1
1
1
1
1
1
1
1
1
1
1
1
1
1
1
1
1
1
1
1
1
1
1
1
1
1
1
1
1
1
1
1
1
1
1
1
1
1
1
1
1
1
1
1
1
1
1
1
1
1
1
1
1
1
1
1
1
1
1
1
1
1
1
1
1
1
1
1
1
1
1
1
1
1
1
1
1
1
1
1
1
1
1
1
1
1
1
1
1
1
1
1
1
1
1
1
1
1
1
1
1
1
1
1
1
1
1
1
1
1
1
1
1
1
1
1
1
1
1
1
1
1
1
1
1
1
1
1
1
1
1
1
1
1
1
1
1
1
1
1
1
1
1
1
1
1
1
1
1
1
1
1
1
1
1
1
1
1
1
1
1
1
1
1
1
1
1
1
1
1
1
1
1
1
1
1
1
1
1
1
1
1
1
1
1
1
1
1
1
1
1
1
1
1
1
1
1
1
1
1
1
1
1
1
1
1
1
1
1
1
1
1
1
1
1
1
1
1
1
1
1
1
1
1
1
1
1
1
1
1
1
1
1
1
1
1
1
1
1
1
1
1
1
1
1
1
1
1
1
1
1
1
1
1
1
1
1
1
1
1
1
1
1
1
1
1
1
1
1
1
1
1
1
1
1
1
1
1
1
1
1
1
1
1
1
1
1
1
1
1
1
1
1
1
1
1
1
1
1
1
1
1
1
1
1
1
1
1
1
1
1
1
1
1
1
1
1
1
1
1
1
1
1
1
1
1
1
1
1
1
1
1
1
1
1
1
1
1
1
1
1
1
1
1
1
1
1
1
1
1
1
1
1
1
1
1
1
1
1
1
1
1
1
1
1
1
1
1
1
1
1
1
1
1
1
1
1
1
1
1
1
1
1
1
1
1
1
1
1
1
1
1
1
1
1
1
1
1
1
1
1
1
1
1
1
1
1
1
1
1
1
1
1
1
1
1
1
1
1
1
1
1
1
1
1
1
1
1
1
1
1
1
1
1
1
1
1
1
1
1
1
1
1
1
1
1
1
1
1
1
1
1
1
1
1
1
1
1
1
1
1
1
1
1
1
1
1
1
1
1
1
1
1
1
1
1
1
1
1
1
1
1
1
1
1
1
1
1
1
1
1
1
1
1
1
1
1
1
1
1
1
1
1
1
1
1
1
1
1
1
1
1
1
1
1
1
1
1
1
1
1
1
1
1
1
1
1
1
1
1
1
1
1
1
1
1
1
1
1
1
1
1
1
1
1
1
1
1
1
1
1
1
1
1
1
1
1
1
1
1
1
1
1
1
1
1
1
1
1
1
1
1
1
1
1
1
1
1
1
1
1
1
1
1
1
1
1
1
1
1
1
1
1
1
1
1
1
1
1
1
1
1
1
1
1
1
1
1
1
1
1
1
1
1
1
1
1
1
1
1
1
1
1
1
1
1
1
1
1
1
1
1
1
1
1
1
1
1
1
1
1
1
1
1
1
1
1
1
1
1
1
1
1
1
1
1
1
1
1
1
1
1
1
1
1
1
1
1
1
1
1
1
1
1
1
1
1
1
1
1
1
1
1
1
1
1
1
1
1
1
1
1
1
1
1
1
1
1
1
1
1
1
1
1
1
1
1
1
1
1
1
1
1
1
1
1
1
1
1
1
1
1
1
1
1
1
1
1
1
1
1
1
1
1
1
1
1
1
1
1
1
1
1
1
1
1
1
1
1
1
1
1
1
1
1
1
1
1
1
1
1
1
1
1
1
1
1
1
1
1
1
1
1
1
1
1
1
1
1
1
1
1
1
1
1
1
1
1
1
1
1
1
1
1
1
1
1
1
1
1
1
1
1
1
1
1
1
1
1
1
1
1
1
1
1
1
1
1
1
1
1
1
1
1
1
1
1
1
1
1
1
1
1
1
1
1
1
1
1
1
1
1
1
1
1
1
1
1
1
1
1
1
1
1
1
1
1
1
1
1
1
1
1
1
1
1
1
1
1
1
1
1
1
1
1
1
1
1
1
1
1
1
1
1
1
1
1
1
1
1
1
1
1
1
1
1
1
1
1
1
1
1
1
1
1
1
1
1
1
1
1
1
1
1
1
1
1
1
1
1
1
1
1
1
1
1
1
1
1
1
1
1
1
1
1
1
1
1
1
1
1
1
1
1
1
1
1
1
1
1
1
1
1
1
1
1
1
1
1
1
1
1
1
1
1
1
1
1
1
1
1
1
1
1
1
1
1
1
1
1
1
1
1
1
1
1
1
1
1
1
1
1
1
1
1
1
1
1
1
1
1
1
1
1
1
1
1
1
1
1
1
1
1
1
1
1
1
1
1
1
1
1
1
1
1
1
1
1
1
1
1
1
1
1
1
1
1
1
1
1
1
1
1
1
1
1
1
1
1
1
1
1
1
1
1
1
1
1
1
1
1
1
1
1
1
1
1
1
1
1
1
1
1
1
1
1
1
1
1
1
1
1
1
1
1
1
1
1
1
1
1
1
1
1
1
1
1
1
1
1
1
1
1
1
1
1
1
1
1
1
1
1
1
1
1
1
1
1
1
1
1
1
1
1
1
1
1
1
1
1
1
1
1
1
1
1
1
1
1
1
1
1
1
1
1
1
1
1
1
1
1
1
1
1
1
1
1
1
1
1
1
1
1
1
1
1
1
1
1
1
1
1
1
1
1
1
1
1
1
1
1
1
1
1
1
1
1
1
1
1
1
1
1
1
1
1
1
1
1
1
1
1
1
1
1
1
1
1
1
1
1
1
1
1
1
1
1
1
1
1
1
1
1
1
1
1
1
1
1
1
1
1
1
1
1
1
1
1
1
1
1
1
1
1
1
1
1
1
1
1
1
1
1
1
1
1
1
1
1
1
1
1
1
1
1
1
1
1
1
1
1
1
1
1
1
1
1
1
1
1
1
1
1
1
1
1
1
1
1
1
1
1
1
1
1
1
1
1
1
1
1
1
1
1
1
1
1
1
1
1
1
1
1
1
1
1
1
1
1
1
1
1
1
1
1
1
1
1
1
1
1
1
1
1
1
1
1
1
1
1
1
1
1
1
1
1
1
1
1
1
1
1
1
1
1
1
1
1
1
1
1
1
1
1
1
1
1
1
1
1
1
1
1
1
1
1
1
1
1
1
1
1
1
1
1
1
1
1
1
1
1
1
1
1
1
1
1
1
1
1
1
1
1
1
1
1
1
1
1
1
1
1
1
1
1
1
1
1
1
1
1
1
1
1
1
1
1
1
1
1
1
1
1
1
1
1
1
1
1
1
1
1
1
1
1
1
1
1
1
1
1
1
1
1
1
1
1
1
1
1
1
1
1
1
1
1
1
1
1
1
1
1
1
1
1
1
1
1
1
1
1
1
1
1
1
1
1
1
1
1
1
1
1
1
1
1
1
1
1
1
1
1
1
1
1
1
1
1
1
1
1
1
1
1
1
1
1
1
1
1
1
1
1
1
1
1
1
1
1
1
1
1
1
1
1
1
1
1
1
1
1
1
1
1
1
1
1
1
1
1
1
1
1
1
1
1
1
1
1
1
1
1
1
1
1
1
1
1
1
1
1
1
1
1
1
1
1
1
1
1
1
1
1
1
1
1
1
1
1
1
1
1
1
1
1
1
1
1
1
1
1
1
1
1
1
1
1
1
1
1
1
1
1
1
1
1
1
1
1
1
1
1
1
1
1
1
1
1
1
1
1
1
1
1
1
1
1
1
1
1
1
1
1
1
1
1
1
1
1
1
1
1
1
1
1
1
1
1
1
1
1
1
1
1
1
1
1
1
1
1
1
1
1
1
1
1
1
1
1
1
1
1
1
1
1
1
1
1
1
1
1
1
1
1
1
1
1
1
1
1
1
1
1
1
1
1
1
1
1
1
1
1
1
1
1
1
1
1
1
1
1
1
1
1
1
1
1
1
1
1
1
1
1
1
1
1
1
1
1
1
1
1
1
1
1
1
1
1
1
1
1
1
1
1
1
1
1
1
1
1
1
1
1
1
1
1
1
1
1
1
1
1
1
1
1
1
1
1
1
1
1
1
1
1
1
1
1
1
1
1
1
1
1
1
1
1
1
1
1
1
1
1
1
1
1
1
1
1
1
1
1
1
1
1
1
1
1
1
1
1
1
1
1
1
1
1
1
1
1
1
1
1
1
1
1
1
1
1
1
1
1
1
1
1
1
1
1
1
1
1
1
1
1
1
1
1
1
1
1
1
1
1
1
1
1
1
1
1
1
1
1
1
1
1
1
1
1
1
1
1
1
1
1
1
1
1
1
1
1
1
1
1
1
1
1
1
1
1
1
1
1
1
1
1
1
1
1
1
1
1
1
1
1
1
1
1
1
1
1
1
1
1
1
1
1
1
1
1
1
1
1
1
1
1
1
1
1
1
1
1
1
1
1
1
1
1
1
1
1
1
1
1
1
1
1
1
1
1
1
1
1
1
1
1
1
1
1
1
1
1
1
1
1
1
1
1
1
1
1
1
1
1
1
1
1
1
1
1
1
1
1
1
1
1
1
1
1
1
1
1
1
1
1
1
1
1
1
1
1
1
1
1
1
1
1
1
1
1
1
1
1
1
1
1
1
1
1
1
1
1
1
1
1
1
1
1
1
1
1
1
1
1
1
1
1
1
1
1
1
1
1
1
1
1
1
1
1
1
1
1
1
1
1
1
1
1
1
1
1
1
1
1
1
1
1
1
1
1
1
1
1
1
1
1
1
1
1
1
1
1
1
1
1
1
1
1
1
1
1
1
1
1
1
1
1
1
1
1
1
1
1
1
1
1
1
1
1
1
1
1
1
1
1
1
1
1
1
1
1
1
1
1
1
1
1
1
1
1
1
1
1
1
1
1
1
1
1
1
1
1
1
1
1
1
1
1
1
1
1
1
1
1
1
1
1
1
1
1
1
1
1
1
1
1
1
1
1
1
1
1
1
1
1
1
1
1
1
1
1
1
1
1
1
1
1
1
1
1
1
1
1
1
1
1
1
1
1
1
1
1
1
1
1
1
1
1
1
1
1
1
1
1
1
1
1
1
1
1
1
1
1
1
1
1
1
1
1
1
1
1
1
1
1
1
1
1
1
1
1
1
1
1
1
1
1
1
1
1
1
1
1
1
1
1
1
1
1
1
1
1
1
1
1
1
1
1
1
1
1
1
1
1
1
1
1
1
1
1
1
1
1
1
1
1
1
1
1
1
1
1
1
1
1
1
1
1
1
1
1
1
1
1
1
1
1
1
1
1
1
1
1
1
1
1
1
1
1
1
1
1
1
1
1
1
1
1
1
1
1
1
1
1
1
1
1
1
1
1
1
1
1
1
1
1
1
1
1
1
1
1
1
1
1
1
1
1
1
1
1
1
1
1
1
1
1
1
1
1
1
1
1
1
1
1
1
1
1
1
1
1
1
1
1
1
1
1
1
1
1
1
1
1
1
1
1
1
1
1
1
1
1
1
1
1
1
1
1
1
1
1
1
1
1
1
1
1
1
1
1
1
1
1
1
1
1
1
1
1
1
1
1
1
1
1
1
1
1
1
1
1
1
1
1
1
1
1
1
1
1
1
1
1
1
1
1
1
1
1
1
1
1
1
1
1
1
1
1
1
1
1
1
1
1
1
1
1
1
1
1
1
1
1
1
1
1
1
1
1
1
1
1
1
1
1
1
1
1
1
1
1
1
1
1
1
1
1
1
1
1
1
1
1
1
1
1
1
1
1
1
1
1
1
1
1
1
1
1
1
1
1
1
1
1
1
1
1
1
1
1
1
1
1
1
1
1
1
1
1
1
1
1
1
1
1
1
1
1
1
1
1
1
1
1
1
1
1
1
1
1
1
1
1
1
1
1
1
1
1
1
1
1
1
1
1
1
1
1
1
1
1
1
1
1
1
1
1
1
1
1
1
1
1
1
1
1
1
1
1
1
1
1
1
1
1
1
1
1
1
1
1
1
1
1
1
1
1
1
1
1
1
1
1
1
1
1
1
1
1
1
1
1
1
1
1
1
1
1
1
1
1
1
1
1
1
1
1
1
1
1
1
1
1
1
1
1
1
1
1
1
1
1
1
1
1
1
1
1
1
1
1
1
1
1
1
1
1
1
1
1
1
1
1
1
1
1
1
1
1
1
1
1
1
1
1
1
1
1
1
1
1
1
1
1
1
1
1
1
1
1
1
1
1
1
1
1
1
1
1
1
1
1
1
1
1
1
1
1
1
1
1
1
1
1
1
1
1
1
1
1
1
1
1
1
1
1
1
1
1
1
1
1
1
1
1
1
1
1
1
1
1
1
1
1
1
1
1
1
1
1
1
1
1
1
1
1
1
1
1
1
1
1
1
1
1
1
1
1
1
1
1
1
1
1
1
1
1
1
1
1
1
1
1
1
1
1
1
1
1
1
1
1
1
1
1
1
1
1
1
1
1
1
1
1
1
1
1
1
1
1
1
1
1
1
1
1
1
1
1
1
1
1
1
1
1
1
1
1
1
1
1
1
1
1
1
1
1
1
1
1
1
1
1
1
1
1
1
1
1
1
1
1
1
1
1
1
1
1
1
1
1
1
1
1
1
1
1
1
1
1
1
1
1
1
1
1
1
1
1
1
1
1
1
1
1
1
1
1
1
1
1
1
1
1
1
1
1
1
1
1
1
1
1
1
1
1
1
1
1
1
1
1
1
1
1
1
1
1
1
1
1
1
1
1
1
1
1
1
1
1
1
1
1
1
1
1
1
1
1
1
1
1
1
1
1
1
1
1
1
1
1
1
1
1
1
1
1
1
1
1
1
1
1
1
1
1
1
1
1
1
1
1
1
1
1
1
1
1
1
1
1
1
1
1
1
1
1
1
1
1
1
1
1
1
1
1
1
1
1
1
1
1
1
1
1
1
1
1
1
1
1
1
1
1
1
1
1
1
1
1
1
1
1
1
1
1
1
1
1
1
1
1
1
1
1
1
1
1
1
1
1
1
1
1
1
1
1
1
1
1
1
1
1
1
1
1
1
1
1
1
1
1
1
1
1
1
1
1
1
1
1
1
1
1
1
1
1
1
1
1
1
1
1
1
1
1
1
1
1
1
1
1
1
1
1
1
1
1
1
1
1
1
1
1
1
1
1
1
1
1
1
1
1
1
1
1
1
1
1
1
1
1
1
1
1
1
1
1
1
1
1
1
1
1
1
1
1
1
1
1
1
1
1
1
1
1
1
1
1
1
1
1
1
1
1
1
1
1
1
1
1
1
1
1
1
1
1
1
1
1
1
1
1
1
1
1
1
1
1
1
1
1
1
1
1
1
1
1
1
1
1
1
1
1
1
1
1
1
1
1
1
1
1
1
1
1
1
1
1
1
1
1
1
1
1
1
1
1
1
1
1
1
1
1
1
1
1
1
1
1
1
1
1
1
1
1
1
1
1
1
1
1
1
1
1
1
1
1
1
1
1
1
1
1
1
1
1
1
1
1
1
1
1
1
1
1
1
1
1
1
1
1
1
1
1
1
1
1
1
1
1
1
1
1
1
1
1
1
1
1
1
1
1
1
1
1
1
1
1
1
1
1
1
1
1
1
1
1
1
1
1
1
1
1
1
1
1
1
1
1
1
1
1
1
1
1
1
1
1
1
1
1
1
1
1
1
1
1
1
1
1
1
1
1
1
1
1
1
1
1
1
1
1
1
1
1
1
1
1
1
1
1
1
1
1
1
1
1
1
1
1
1
1
1
1
1
1
1
1
1
1
1
1
1
1
1
1
1
1
1
1
1
1
1
1
1
1
1
1
1
1
1
1
1
1
1
1
1
1
1
1
1
1
1
1
1
1
1
1
1
1
1
1
1
1
1
1
1
1
1
1
1
1
1
1
1
1
1
1
1
1
1
1
1
1
1
1
1
1
1
1
1
1
1
1
1
1
1
1
1
1
1
1
1
1
1
1
1
1
1
1
1
1
1
1
1
1
1
1
1
1
1
1
1
1
1
1
1
1
1
1
1
1
1
1
1
1
1
1
1
1
1
1
1
1
1
1
1
1
1
1
1
1
1
1
1
1
1
1
1
1
1
1
1
1
1
1
1
1
1
1
1
1
1
1
1
1
1
1
1
1
1
1
1
1
1
1
1
1
1
1
1
1
1
1
1
1
1
1
1
1
1
1
1
1
1
1
1
1
1
1
1
1
1
1
1
1
1
1
1
1
1
1
1
1
1
1
1
1
1
1
1
1
1
1
1
1
1
1
1
1
1
1
1
1
1
1
1
1
1
1
1
1
1
1
1
1
1
1
1
1
1
1
1
1
1
1
1
1
1
1
1
1
1
1
1
1
1
1
1
1
1
1
1
1
1
1
1
1
1
1
1
1
1
1
1
1
1
1
1
1
1
1
1
1
1
1
1
1
1
1
1
1
1
1
1
1
1
1
1
1
1
1
1
1
1
1
1
1
1
1
1
1
1
1
1
1
1
1
1
1
1
1
1
1
1
1
1
1
1
1
1
1
1
1
1
1
1
1
1
1
1
1
1
1
1
1
1
1
1
1
1
1
1
1
1
1
1
1
1
1
1
1
1
1
1
1
1
1
1
1
1
1
1
1
1
1
1
1
1
1
1
1
1
1
1
1
1
1
1
1
1
1
1
1
1
1
1
1
1
1
1
1
1
1
1
1
1
1
1
1
1
1
1
1
1
1
1
1
1
1
1
1
1
1
1
1
1
1
1
1
1
1
1
1
1
1
1
1
1
1
1
1
1
1
1
1
1
1
1
1
1
1
1
1
1
1
1
1
1
1
1
1
1
1
1
1
1
1
1
1
1
1
1
1
1
1
1
1
1
1
1
1
1
1
1
1
1
1
1
1
1
1
1
1
1
1
1
1
1
1
1
1
1
1
1
1.00001
1.00001
1.00002
1.00004
1.00007
1.00016
1
1
1
1
1
1
1
1
1
1
1
1
1
1
1
1
1
1
1
1
1
1
1
1
1
1
1
1
1
1
1
1
1
1
1
1
1
1
1
1
1
1
1
1
1
1
1
1
1
1
1
1
1
1
1
1
1
1
1
1
1
1
1
1
1
1
1
1
1
1
1
1
1
1
1
1
1
1
1
1
1
1
1
1
1
1
1
1
1
1
1
1
1
1
1
1
1
1
1
1
1
1
1
1
1
1
1
1
1
1
1
1
1
1
1
1
1
1
1
1
1
1
1
1
1
1
1
1
1
1
1
1
1
1
1
1
1
1
1
1
1
1
1
1
1
1
1
1
1
1
1
1
1
1
1
1
1
1
1
1
1
1
1
1
1
1
1
1
1
1
1
1
1
1
1
1.00001
1.00001
1.00002
1.00004
1.00006
1.00009
1.00016
1.00029
1.00047
1.00066
1.00107
1.00182
1.00258
1.00343
1.00529
1.00778
1.0111
1
1
1
1
1
1
1
1
1
1
1
1
1
1
1
1
1
1
1
1
1
1
1
1
1
1
1
1
1
1
1
1
1
1
1
1
1
1
1
1
1
1
1
1
1
1
1
1
1
1
1
1
1
1
1
1
1
1
1
1
1
1
1
1
1
1
1
1
1
1
1
1
1
1
1
1
1
1
1
1
1
1
1
1
1
1
1
1
1
1
1
1
1
1
1
1
1
1
1
1
1
1
1
1
1
1
1
1
1
1
1
1
1
1
1
1
1
1
1
1
1
1
1
1
1
1
1
1
1
1
1
1
1
1
1
1
1
1
1
1
1
1
1
1
1
1
1
1
1
1
1
1
1
1
1
1
1
1
1
1
1
1
1
1
1
1.00001
1.00001
1.00003
1.00004
1.00008
1.00015
1.00022
1.00034
1.00059
1.00097
1.00141
1.00202
1.00322
1.00504
1.00677
1.00888
1.01311
1.01894
1.02373
1.0297
1.04216
1.05627
1.06668
1.0815
1.10769
1.12877
1.15019
1
1
1
1
1
1
1
1
1
1
1
1
1
1
1
1
1
1
1
1
1
1
1
1
1
1
1
1
1
1
1
1
1
1
1
1
1
1
1
1
1
1
1
1
1
1
1
1
1
1
1
1
1
1
1
1
1
1
1
1
1
1
1
1
1
1
1
1
1
1
1
1
1
1
1
1
1
1
1
1
1
1
1
1
1
1
1
1
1
1
1
1
1
1
1
1
1
1
1
1
1
1
1
1
1
1
1
1
1
1
1
1
1
1
1
1
1
1
1
1
1
1
1
1
1
1
1
1
1
1
1
1
1
1
1
1
1
1
1
1
1
1
1
1
1
1
1
1
1
1
1
1
1
1
1.00001
1.00001
1.00002
1.00004
1.00006
1.00009
1.00017
1.0003
1.00049
1.00071
1.00112
1.00186
1.00274
1.00371
1.00545
1.00854
1.0119
1.01518
1.02067
1.02997
1.03841
1.04618
1.05909
1.08056
1.09809
1.11372
1.14023
1.18025
1.20423
1.22468
1.26311
1.31333
1.34304
1.37368
1.43942
1.49656
1.51615
1.54557
1
1
1
1
1
1
1
1
1
1
1
1
1
1
1
1
1
1
1
1
1
1
1
1
1
1
1
1
1
1
1
1
1
1
1
1
1
1
1
1
1
1
1
1
1
1
1
1
1
1
1
1
1
1
1
1
1
1
1
1
1
1
1
1
1
1
1
1
1
1
1
1
1
1
1
1
1
1
1
1
1
1
1
1
1
1
1
1
1
1
1
1
1
1
1
1
1
1
1
1
1
1
1
1
1
1
1
1
1
1
1
1
1
1
1
1
1
1
1
1
1
1
1
1
1
1
1
1
1
1
1
1
1
1
1
1
1
1
1
1
1
1
1
1
1.00001
1.00001
1.00002
1.00004
1.00007
1.00013
1.00021
1.00032
1.00056
1.00095
1.00138
1.00199
1.00322
1.00497
1.00663
1.00889
1.01329
1.01919
1.02432
1.03098
1.04363
1.05819
1.06901
1.0829
1.10916
1.13495
1.15335
1.17787
1.22721
1.26435
1.28847
1.3219
1.38178
1.41393
1.437
1.48044
1.56459
1.5999
1.61937
1.65809
1.70798
1.72034
1.73615
1.7827
1.85206
1.86809
1.87017
1.88515
1
1
1
1
1
1
1
1
1
1
1
1
1
1
1
1
1
1
1
1
1
1
1
1
1
1
1
1
1
1
1
1
1
1
1
1
1
1
1
1
1
1
1
1
1
1
1
1
1
1
1
1
1
1
1
1
1
1
1
1
1
1
1
1
1
1
1
1
1
1
1
1
1
1
1
1
1
1
1
1
1
1
1
1
1
1
1
1
1
1
1
1
1
1
1
1
1
1
1
1
1
1
1
1
1
1
1
1
1
1
1
1
1
1
1
1
1
1
1
1
1
1
1
1
1
1
1
1
1
1
1
1
1
1
1.00001
1.00001
1.00003
1.00005
1.00008
1.00014
1.00026
1.00042
1.00062
1.00098
1.00166
1.00251
1.00344
1.0051
1.00809
1.01131
1.01435
1.01965
1.02878
1.03716
1.04508
1.05875
1.08105
1.09802
1.11353
1.1408
1.17885
1.20195
1.22333
1.26778
1.32182
1.35306
1.38391
1.44685
1.49545
1.51284
1.53701
1.59942
1.65523
1.68349
1.71717
1.77597
1.79397
1.79562
1.81196
1.85355
1.89415
1.91098
1.93089
1.94877
1.94957
1.95012
1.95848
1.97539
1.99736
2.00567
2.00708
2.00713
1
1
1
1
1
1
1
1
1
1
1
1
1
1
1
1
1
1
1
1
1
1
1
1
1
1
1
1
1
1
1
1
1
1
1
1
1
1
1
1
1
1
1
1
1
1
1
1
1
1
1
1
1
1
1
1
1
1
1
1
1
1
1
1
1
1
1
1
1
1
1
1
1
1
1
1
1
1
1
1
1
1
1
1
1
1
1
1
1
1
1
1
1
1
1
1
1
1
1
1
1
1
1
1
1
1
1
1
1
1
1
1
1
1
1
1
1
1
1
1
1
1
1
1
1.00001
1.00002
1.00003
1.00005
1.0001
1.00016
1.00025
1.00044
1.00077
1.00115
1.00165
1.00267
1.00424
1.00581
1.00783
1.01182
1.01757
1.02251
1.0285
1.04006
1.05421
1.0648
1.07803
1.10392
1.13084
1.15023
1.17501
1.22302
1.25825
1.28039
1.31313
1.3738
1.41257
1.44248
1.49415
1.57167
1.59318
1.60926
1.64754
1.69901
1.72572
1.75559
1.81544
1.85603
1.85806
1.86159
1.88201
1.90368
1.91954
1.94722
1.97666
1.98194
1.98099
1.98112
1.98663
1.99302
2.00311
2.01731
2.02165
2.02263
2.02199
2.02093
2.02198
2.02359
2.02726
2.03174
2.03246
2.03192
1
1
1
1
1
1
1
1
1
1
1
1
1
1
1
1
1
1
1
1
1
1
1
1
1
1
1
1
1
1
1
1
1
1
1
1
1
1
1
1
1
1
1
1
1
1
1
1
1
1
1
1
1
1
1
1
1
1
1
1
1
1
1
1
1
1
1
1
1
1
1
1
1
1
1
1
1
1
1
1
1
1
1
1
1
1
1
1
1
1
1
1
1
1
1
1
1
1
1
1
1
1
1
1
1
1
1
1
1
1
1
1
1
1
1.00001
1.00002
1.00003
1.00005
1.00009
1.00017
1.0003
1.00044
1.00071
1.00125
1.00197
1.00273
1.00403
1.00647
1.00935
1.01204
1.01649
1.02472
1.03313
1.04054
1.05254
1.07338
1.09009
1.10441
1.12861
1.16617
1.19167
1.21424
1.25837
1.3149
1.34373
1.37023
1.42555
1.47615
1.50046
1.53277
1.61177
1.66521
1.68014
1.70364
1.75407
1.7752
1.78806
1.82293
1.88685
1.90789
1.90844
1.91823
1.93563
1.94118
1.94808
1.97379
1.99888
2.00249
2.00238
2.00266
2.00596
2.00845
2.01233
2.02287
2.02994
2.03103
2.0314
2.02992
2.02858
2.02878
2.02955
2.03214
2.03497
2.03536
2.03513
2.03331
2.0316
2.03157
2.03208
2.03357
2.03407
2.03334
1
1
1
1
1
1
1
1
1
1
1
1
1
1
1
1
1
1
1
1
1
1
1
1
1
1
1
1
1
1
1
1
1
1
1
1
1
1
1
1
1
1
1
1
1
1
1
1
1
1
1
1
1
1
1
1
1
1
1
1
1
1
1
1
1
1
1
1
1
1
1
1
1
1
1
1
1
1
1
1
1
1
1
1
1
1
1
1
1
1
1
1
1
1
1
1
1
1
1
1
1
1
1
1
1.00001
1.00001
1.00003
1.00006
1.0001
1.00015
1.00028
1.0005
1.00076
1.00112
1.00185
1.00307
1.00439
1.00597
1.00905
1.0138
1.01809
1.02297
1.03243
1.04578
1.0562
1.06803
1.09115
1.11813
1.13634
1.15763
1.20042
1.239
1.26231
1.2928
1.35767
1.40288
1.43077
1.47247
1.54415
1.57021
1.58776
1.62859
1.70374
1.73646
1.75671
1.79956
1.83522
1.83803
1.84722
1.87849
1.92611
1.94182
1.94855
1.96447
1.97027
1.97114
1.97645
1.991
2.01074
2.01725
2.01833
2.01944
2.02008
2.02071
2.02194
2.02549
2.03271
2.03539
2.03584
2.03535
2.03306
2.03249
2.0328
2.03393
2.03685
2.03818
2.03826
2.03785
2.03574
2.03406
2.03379
2.03394
2.03478
2.03462
2.03388
2.03157
2.02714
2.02428
2.02234
2.01807
2.01454
2.01134
1
1
1
1
1
1
1
1
1
1
1
1
1
1
1
1
1
1
1
1
1
1
1
1
1
1
1
1
1
1
1
1
1
1
1
1
1
1
1
1
1
1
1
1
1
1
1
1
1
1
1
1
1
1
1
1
1
1
1
1
1
1
1
1
1
1
1
1
1
1
1
1
1
1
1
1
1
1
1
1
1
1
1
1
1
1
1
1
1
1
1
1
1
1
1.00001
1.00001
1.00003
1.00005
1.00009
1.00016
1.00025
1.00042
1.00075
1.00123
1.00175
1.00262
1.00432
1.00655
1.00873
1.01216
1.01861
1.0258
1.03188
1.04128
1.05862
1.07475
1.088
1.109
1.1458
1.17231
1.19284
1.22852
1.28445
1.31544
1.34046
1.39174
1.45624
1.48653
1.51632
1.58418
1.64151
1.65533
1.67481
1.72649
1.76958
1.79189
1.82523
1.87863
1.89236
1.89134
1.90015
1.92384
1.94543
1.96251
1.98413
1.99467
1.99521
1.99523
1.99941
2.00552
2.01542
2.02597
2.02902
2.03005
2.02962
2.02868
2.02941
2.03075
2.03411
2.03827
2.03919
2.03942
2.03851
2.03658
2.03611
2.0362
2.03746
2.03946
2.03974
2.03954
2.03832
2.03603
2.03515
2.03501
2.0353
2.03545
2.03453
2.03283
2.02903
2.02317
2.01909
2.01558
2.00953
2.00472
2.00116
1.99573
1.98352
1.97227
1.96592
1.95876
1.9484
1.94208
1
1
1
1
1
1
1
1
1
1
1
1
1
1
1
1
1
1
1
1
1
1
1
1
1
1
1
1
1
1
1
1
1
1
1
1
1
1
1
1
1
1
1
1
1
1
1
1
1
1
1
1
1
1
1
1
1
1
1
1
1
1
1
1
1
1
1
1
1
1
1
1
1
1
1
1
1
1
1
1
1
1
1
1
1.00001
1.00001
1.00002
1.00004
1.00007
1.00013
1.00025
1.0004
1.00061
1.00104
1.0018
1.00269
1.00373
1.00574
1.00906
1.01241
1.01615
1.02318
1.03407
1.04316
1.05282
1.07088
1.09488
1.11171
1.13006
1.16725
1.20844
1.2338
1.26216
1.32114
1.36692
1.39157
1.42591
1.50057
1.54429
1.56804
1.60824
1.68554
1.71248
1.72701
1.76063
1.81083
1.82615
1.84214
1.88318
1.92726
1.9319
1.93275
1.94628
1.95974
1.96571
1.9793
2.0055
2.01293
2.01364
2.01264
2.01468
2.01751
2.02055
2.02824
2.03446
2.0356
2.03595
2.03548
2.03571
2.03637
2.03718
2.03965
2.04173
2.04199
2.04179
2.03998
2.03859
2.03848
2.03878
2.04025
2.04106
2.04104
2.04065
2.03883
2.03671
2.03588
2.03557
2.03467
2.03253
2.03036
2.02808
2.02227
2.01471
2.01071
2.00712
1.99931
1.99304
1.98929
1.98398
1.96954
1.95554
1.94897
1.94312
1.9306
1.92185
1.91678
1.90924
1.8898
1.87018
1.86262
1.85711
1.84807
1
1
1
1
1
1
1
1
1
1
1
1
1
1
1
1
1
1
1
1
1
1
1
1
1
1
1
1
1
1
1
1
1
1
1
1
1
1
1
1
1
1
1
1
1
1
1
1
1
1
1
1
1
1
1
1
1
1
1
1
1
1
1
1
1
1
1
1
1
1
1
1
1
1
1
1.00001
1.00002
1.00003
1.00007
1.00011
1.00019
1.00034
1.0006
1.00091
1.00138
1.00236
1.00381
1.00529
1.00744
1.01158
1.01693
1.02163
1.02842
1.04135
1.0555
1.06699
1.08348
1.1138
1.1388
1.15767
1.18719
1.23808
1.27232
1.29955
1.34873
1.41805
1.44726
1.47165
1.52612
1.59058
1.61649
1.64463
1.71208
1.76275
1.77291
1.79031
1.83779
1.86546
1.8726
1.89087
1.93365
1.9567
1.95783
1.96529
1.98213
1.9852
1.98756
1.99725
2.01536
2.0235
2.02452
2.02449
2.02509
2.02615
2.02735
2.03063
2.03715
2.03979
2.04048
2.04078
2.03999
2.03938
2.0395
2.04014
2.04212
2.04318
2.04329
2.04289
2.04152
2.04106
2.04121
2.04194
2.04278
2.04272
2.04231
2.04092
2.03816
2.03637
2.0352
2.03331
2.02988
2.02762
2.02574
2.02153
2.01261
2.00647
2.00243
1.99552
1.98529
1.98064
1.97632
1.96736
1.94885
1.93919
1.93386
1.92607
1.91069
1.90268
1.8973
1.88874
1.86762
1.84879
1.84254
1.83753
1.82658
1.81399
1.80777
1.80017
1.78351
1.75551
1.74598
1.74058
1
1
1
1
1
1
1
1
1
1
1
1
1
1
1
1
1
1
1
1
1
1
1
1
1
1
1
1
1
1
1
1
1
1
1
1
1
1
1
1
1
1
1
1
1
1
1
1
1
1
1
1
1
1
1
1
1
1
1
1
1
1
1
1
1
1.00001
1.00001
1.00002
1.00005
1.00009
1.00016
1.00026
1.00044
1.00081
1.00131
1.00187
1.00292
1.00487
1.00719
1.00963
1.01391
1.02131
1.0285
1.03544
1.04773
1.06736
1.0831
1.09838
1.12696
1.16511
1.18938
1.21382
1.26322
1.31219
1.3396
1.37196
1.44618
1.49848
1.52374
1.55968
1.63199
1.66273
1.6798
1.71872
1.79465
1.81831
1.82967
1.85747
1.89565
1.90109
1.90808
1.93398
1.97065
1.97777
1.98103
1.99511
2.00246
2.00166
2.00354
2.01147
2.02376
2.03067
2.03175
2.03294
2.03341
2.03331
2.03431
2.03597
2.03927
2.04244
2.04302
2.04314
2.04253
2.04098
2.04062
2.04085
2.04232
2.04408
2.04442
2.04448
2.04399
2.04288
2.04258
2.04259
2.04291
2.04299
2.04271
2.04202
2.03982
2.03707
2.03512
2.03314
2.02904
2.02587
2.02357
2.02015
2.01116
2.00274
1.99731
1.99129
1.97879
1.9711
1.96716
1.96158
1.94618
1.93134
1.92484
1.91851
1.90478
1.88894
1.88238
1.87579
1.86445
1.84115
1.83063
1.82532
1.81815
1.80152
1.78772
1.78043
1.77186
1.75517
1.72992
1.72219
1.71795
1.71203
1.69825
1.688
1.68124
1.67085
1.64732
1.6232
1
1
1
1
1
1
1
1
1
1
1
1
1
1
1
1
1
1
1
1
1
1
1
1
1
1
1
1
1
1
1
1
1
1
1
1
1
1
1
1
1
1
1
1
1
1
1
1
1
1
1
1
1
1
1
1
1.00001
1.00002
1.00004
1.00006
1.00011
1.00022
1.00037
1.00057
1.00097
1.00171
1.00258
1.00364
1.00574
1.00915
1.01251
1.0166
1.02449
1.03548
1.04436
1.05527
1.07645
1.09991
1.11708
1.13954
1.18318
1.21973
1.24524
1.28189
1.34814
1.38554
1.41079
1.45722
1.53287
1.56819
1.59669
1.65462
1.71767
1.7293
1.74508
1.78979
1.84054
1.85973
1.87982
1.91988
1.9358
1.93537
1.94278
1.96476
1.98514
1.9943
2.00579
2.01498
2.01553
2.01398
2.01614
2.0221
2.03036
2.03675
2.03884
2.03972
2.03957
2.03858
2.03899
2.03995
2.04164
2.04403
2.04474
2.0449
2.04465
2.04335
2.04276
2.04299
2.04372
2.04497
2.04547
2.04535
2.04483
2.0437
2.04285
2.04268
2.04253
2.04258
2.04251
2.0421
2.0406
2.03766
2.03477
2.03247
2.02828
2.02325
2.0203
2.01722
2.00985
1.99878
1.99246
1.98736
1.97776
1.96403
1.95876
1.95408
1.94482
1.92551
1.91517
1.90828
1.89895
1.8791
1.86751
1.86145
1.85456
1.83685
1.81895
1.81352
1.80707
1.79458
1.77118
1.75866
1.75087
1.74279
1.72311
1.70911
1.70456
1.69767
1.68454
1.66315
1.65297
1.64523
1.63471
1.613
1.59614
1.59277
1.58855
1.58128
1.56777
1.55905
1.55178
1.53311
1
1
1
1
1
1
1
1
1
1
1
1
1
1
1
1
1
1
1
1
1
1
1
1
1
1
1
1
1
1
1
1
1
1
1
1
1
1
1
1
1
1
1
1
1
1
1.00001
1.00001
1.00002
1.00004
1.00008
1.00013
1.00024
1.00047
1.00075
1.00113
1.00193
1.00327
1.0047
1.00661
1.01035
1.01566
1.02045
1.02713
1.03996
1.05424
1.06574
1.08284
1.11359
1.13849
1.1584
1.19303
1.24517
1.27768
1.30561
1.36419
1.4266
1.45526
1.4851
1.5545
1.60448
1.62875
1.66669
1.74702
1.777
1.78709
1.81191
1.85696
1.87416
1.88906
1.92544
1.96119
1.96466
1.9644
1.97389
1.98692
1.99361
2.00559
2.02369
2.02761
2.02781
2.02651
2.02809
2.03104
2.03436
2.04029
2.0433
2.0437
2.04339
2.04198
2.04177
2.04223
2.04322
2.04542
2.04663
2.04686
2.04688
2.04599
2.04511
2.0451
2.04534
2.04617
2.04668
2.04656
2.04623
2.04538
2.04419
2.04361
2.04336
2.04313
2.04252
2.04162
2.04016
2.03696
2.03287
2.02973
2.02553
2.01933
2.01608
2.01327
2.00738
1.99616
1.98923
1.98382
1.97558
1.9593
1.95177
1.94713
1.93989
1.92112
1.9055
1.89881
1.89149
1.87583
1.85599
1.8488
1.84254
1.83172
1.8089
1.79855
1.79203
1.78233
1.75954
1.7391
1.73128
1.72555
1.71359
1.6955
1.6897
1.68366
1.67244
1.64589
1.62269
1.61586
1.6112
1.60207
1.58447
1.57782
1.57115
1.56095
1.54069
1.52265
1.51656
1.50975
1.49721
1.47562
1.4654
1.46385
1.46115
1.45455
1.4441
1.43096
1
1
1
1
1
1
1
1
1
1
1
1
1
1
1
1
1
1
1
1
1
1
1
1
1
1
1
1
1
1
1
1
1
1
1
1
1
1.00001
1.00001
1.00002
1.00004
1.00009
1.00017
1.00027
1.00049
1.00091
1.00141
1.00207
1.00351
1.0058
1.008
1.01108
1.01734
1.02498
1.03161
1.04189
1.0607
1.0777
1.09282
1.11862
1.15673
1.18266
1.20793
1.25643
1.30865
1.33875
1.37337
1.44709
1.49831
1.52495
1.56395
1.63852
1.67049
1.69089
1.73519
1.80841
1.82739
1.83993
1.87276
1.9034
1.90883
1.92074
1.95493
1.985
1.98755
1.99046
2.00115
2.00529
2.00747
2.01533
2.03017
2.03527
2.03586
2.03525
2.03577
2.03702
2.03813
2.04118
2.04544
2.04642
2.04665
2.04637
2.04537
2.04535
2.04567
2.04652
2.04792
2.04825
2.04811
2.04725
2.046
2.04574
2.04584
2.04645
2.04734
2.04753
2.04751
2.04706
2.04568
2.04476
2.04442
2.04372
2.04238
2.04114
2.03956
2.03594
2.03131
2.02808
2.02426
2.0172
2.01296
2.00988
2.00456
1.99284
1.98481
1.97886
1.97059
1.95307
1.94417
1.94001
1.93366
1.91679
1.89869
1.89198
1.88468
1.87117
1.84639
1.83637
1.83037
1.82189
1.80086
1.78225
1.77568
1.76744
1.75233
1.72492
1.7131
1.70678
1.69951
1.68209
1.66925
1.66242
1.65231
1.63151
1.60031
1.59136
1.58844
1.58292
1.56894
1.56
1.55422
1.54388
1.52058
1.48871
1.4804
1.47874
1.47441
1.46583
1.45312
1.44407
1.4328
1.41992
1.4049
1.39105
1.38404
1.3768
1.36426
1.34844
1.34352
1.34225
1.33994
1.33135
1
1
1
1
1
1
1
1
1
1
1
1
1
1
1
1
1
1
1
1
1
1
1
1
1
1
1
1
1.00001
1.00001
1.00002
1.00004
1.00009
1.00018
1.0003
1.00048
1.00089
1.00161
1.00242
1.00353
1.00591
1.00948
1.01276
1.01741
1.02687
1.03767
1.04658
1.06085
1.08629
1.10733
1.12549
1.16015
1.20444
1.23281
1.263
1.32489
1.37304
1.40176
1.44731
1.52494
1.5631
1.59054
1.65042
1.70959
1.72645
1.74756
1.80567
1.84984
1.86381
1.88506
1.92658
1.93745
1.93875
1.9512
1.98032
1.99969
2.00365
2.01204
2.01974
2.01949
2.02005
2.0241
2.03272
2.04039
2.04197
2.04241
2.04232
2.04251
2.04311
2.04389
2.04621
2.0484
2.04871
2.04872
2.04793
2.04708
2.04702
2.0471
2.04782
2.04865
2.04868
2.04845
2.04765
2.047
2.047
2.04718
2.04773
2.04805
2.04785
2.04722
2.04577
2.04455
2.04377
2.04244
2.04088
2.03983
2.03838
2.03499
2.03137
2.02841
2.0243
2.01653
2.01173
2.00817
2.00263
1.98953
1.98095
1.97551
1.96803
1.95023
1.93881
1.93401
1.92761
1.91133
1.89101
1.88383
1.87629
1.86285
1.83583
1.82364
1.81793
1.81002
1.79087
1.76798
1.76124
1.75336
1.74016
1.7117
1.69297
1.68786
1.68151
1.66924
1.6476
1.6379
1.62911
1.61575
1.58893
1.56694
1.56286
1.55869
1.55065
1.53687
1.52754
1.51768
1.49979
1.46796
1.4523
1.45046
1.44863
1.44321
1.43247
1.42329
1.41351
1.39756
1.36781
1.35098
1.34884
1.34858
1.34468
1.33677
1.32304
1.30998
1.29787
1.28835
1.28048
1.26753
1.256
1.2486
1.24207
1.2323
1.22797
1.22479
1
1
1
1
1
1
1
1
1
1
1
1
1
1
1
1
1
1
1
1
1.00001
1.00002
1.00004
1.00007
1.00015
1.00029
1.00048
1.00079
1.00148
1.00258
1.00374
1.00554
1.00938
1.01428
1.0187
1.02585
1.03968
1.05293
1.06465
1.08482
1.11737
1.14112
1.16357
1.20668
1.25707
1.28746
1.3214
1.39073
1.44148
1.46998
1.51483
1.59308
1.62933
1.65636
1.71444
1.77184
1.78575
1.80438
1.85322
1.88755
1.90158
1.92513
1.96042
1.96661
1.96752
1.97767
1.99648
2.0077
2.01651
2.02781
2.03067
2.02977
2.03028
2.03323
2.03747
2.0433
2.04683
2.04758
2.04774
2.04684
2.04613
2.0463
2.04682
2.04835
2.04942
2.04951
2.04935
2.04842
2.04796
2.04808
2.04847
2.04928
2.04964
2.04962
2.04931
2.0485
2.04802
2.04784
2.04775
2.04777
2.04747
2.04674
2.04564
2.0445
2.04341
2.04166
2.0403
2.03926
2.03775
2.03396
2.03013
2.02707
2.02301
2.01457
2.00896
2.00544
2.0007
1.9887
1.97934
1.97413
1.96771
1.95191
1.93702
1.92956
1.92167
1.90569
1.88333
1.87577
1.86869
1.85625
1.82928
1.81413
1.80649
1.79761
1.77764
1.75312
1.74657
1.73904
1.72525
1.69468
1.67282
1.66716
1.66066
1.64856
1.62454
1.61496
1.60762
1.59446
1.57031
1.54232
1.53667
1.53493
1.52891
1.51536
1.499
1.4873
1.47317
1.45369
1.42862
1.4191
1.41761
1.41488
1.40823
1.39601
1.38327
1.36814
1.34491
1.32281
1.31738
1.31589
1.31442
1.30941
1.30021
1.28749
1.27192
1.25559
1.2407
1.2275
1.22329
1.22238
1.21929
1.2126
1.19565
1.18168
1.17526
1.16934
1.16149
1.14728
1.13387
1.13087
1.12887
1.12365
1
1
1
1
1
1
1
1
1
1
1
1
1.00001
1.00003
1.00005
1.0001
1.00021
1.00041
1.00068
1.00119
1.00219
1.00363
1.00529
1.00817
1.01355
1.01978
1.02578
1.03633
1.05454
1.07048
1.08499
1.11349
1.15193
1.17811
1.2041
1.26052
1.31149
1.34158
1.38295
1.46212
1.50531
1.53199
1.58773
1.65934
1.68682
1.71155
1.77773
1.82285
1.83423
1.85317
1.8993
1.92079
1.9311
1.95354
1.98661
1.99111
1.99141
1.9997
2.01219
2.0181
2.02633
2.0374
2.03949
2.03925
2.03842
2.03965
2.04175
2.04485
2.04884
2.04981
2.04992
2.04934
2.04833
2.04817
2.04827
2.04889
2.05029
2.05074
2.05076
2.05034
2.04915
2.04867
2.04855
2.04865
2.04911
2.04906
2.04882
2.04833
2.04763
2.04725
2.04712
2.04715
2.04707
2.04651
2.04575
2.04493
2.04366
2.04137
2.0396
2.03806
2.03599
2.03159
2.02739
2.02478
2.02182
2.01545
2.00739
2.00297
1.9988
1.9908
1.9775
1.97012
1.96399
1.95394
1.93498
1.92371
1.91554
1.90514
1.88246
1.86839
1.86087
1.85154
1.82915
1.80605
1.79389
1.78299
1.76492
1.73799
1.72973
1.72295
1.71075
1.68207
1.65739
1.6479
1.63989
1.62573
1.60105
1.59287
1.58664
1.57378
1.54865
1.51469
1.50605
1.50436
1.49859
1.48668
1.46973
1.45874
1.44555
1.42574
1.40058
1.392
1.3902
1.38789
1.38038
1.36762
1.35067
1.33261
1.31612
1.30055
1.28626
1.28148
1.28087
1.27846
1.27183
1.25874
1.23963
1.2209
1.20775
1.19491
1.18882
1.18719
1.18644
1.18229
1.17371
1.15776
1.14052
1.12846
1.12064
1.10934
1.10316
1.1024
1.10009
1.09535
1.08066
1.0621
1.05794
1.0542
1.04742
1.03506
1.02425
1.02079
1
1
1
1
1.00001
1.00002
1.00006
1.00011
1.00023
1.00049
1.00087
1.0015
1.00278
1.00462
1.00689
1.01103
1.01786
1.02491
1.03357
1.04917
1.06999
1.08709
1.10818
1.14703
1.18677
1.21431
1.24924
1.31669
1.36589
1.39679
1.44291
1.52969
1.57049
1.5962
1.64598
1.72393
1.74768
1.76829
1.81609
1.873
1.88202
1.89402
1.92535
1.95443
1.96195
1.9738
1.99841
2.01309
2.01401
2.01645
2.02305
2.0303
2.03636
2.04046
2.04475
2.04607
2.04612
2.04565
2.04599
2.04708
2.04954
2.05144
2.0516
2.05148
2.05067
2.04966
2.04959
2.04988
2.05079
2.05148
2.05145
2.05104
2.04983
2.04869
2.04842
2.04834
2.04854
2.04875
2.04856
2.04806
2.04735
2.04623
2.04521
2.04475
2.0443
2.0432
2.04215
2.04167
2.04106
2.0394
2.03764
2.03636
2.03495
2.03198
2.02795
2.02561
2.02317
2.0189
2.01016
2.00326
1.99768
1.99146
1.97828
1.96613
1.96018
1.95389
1.94036
1.91954
1.9083
1.89942
1.88587
1.86062
1.84804
1.83921
1.82714
1.79976
1.78035
1.76824
1.75659
1.73153
1.71118
1.70323
1.69387
1.67504
1.64459
1.627
1.61472
1.60164
1.57759
1.56708
1.56174
1.55128
1.52881
1.4919
1.48006
1.47641
1.46956
1.45382
1.43854
1.4322
1.42227
1.40161
1.36683
1.35385
1.35208
1.35121
1.34497
1.33512
1.31857
1.29842
1.28232
1.27136
1.25883
1.25135
1.24927
1.24578
1.23842
1.22633
1.20266
1.1807
1.17158
1.16462
1.15518
1.15153
1.15115
1.14846
1.14114
1.12621
1.10138
1.08708
1.08203
1.07591
1.06805
1.06585
1.06582
1.06368
1.0561
1.03433
1.01418
1.00823
1.00464
0.998536
0.995129
0.993996
0.990779
0.981787
0.968303
0.953207
0.946911
0.944539
0.941537
0.93222
1.00013
1.00033
1.0008
1.00152
1.00265
1.00502
1.0084
1.01265
1.02024
1.03054
1.04165
1.0592
1.0836
1.10511
1.13246
1.17931
1.21892
1.24915
1.30321
1.37305
1.41235
1.44583
1.52414
1.59029
1.61768
1.65021
1.7309
1.77361
1.78828
1.81686
1.88113
1.90319
1.91006
1.93018
1.96797
1.97632
1.98069
1.99685
2.01908
2.02149
2.02277
2.03043
2.03623
2.0372
2.03978
2.04708
2.05115
2.05144
2.05112
2.05054
2.05086
2.05103
2.05132
2.05291
2.05362
2.05341
2.05261
2.05113
2.05029
2.05017
2.05025
2.05096
2.05122
2.05099
2.05036
2.04914
2.04825
2.04806
2.04803
2.04775
2.04713
2.04656
2.04579
2.04407
2.04236
2.042
2.04176
2.04123
2.04093
2.04083
2.04046
2.03915
2.03616
2.03416
2.03291
2.03077
2.02703
2.02485
2.02297
2.01923
2.01227
2.00609
2.00085
1.99364
1.98139
1.96879
1.96253
1.95441
1.94188
1.91992
1.90472
1.89345
1.88029
1.85818
1.83485
1.82579
1.81553
1.79911
1.76764
1.74975
1.73718
1.7239
1.69623
1.67706
1.66804
1.65746
1.6349
1.60564
1.59011
1.5787
1.56289
1.5392
1.53038
1.52256
1.51035
1.48085
1.45293
1.44136
1.43415
1.42078
1.40729
1.40167
1.39307
1.37207
1.33612
1.32136
1.31928
1.31556
1.30686
1.29847
1.28896
1.27174
1.2496
1.23174
1.22164
1.20966
1.2034
1.20211
1.1993
1.1913
1.17217
1.14345
1.1338
1.13225
1.12883
1.11897
1.11235
1.10884
1.10349
1.0898
1.06028
1.04258
1.04043
1.03952
1.03546
1.02906
1.02634
1.02357
1.01705
1.00002
0.974716
0.966225
0.964091
0.960252
0.956644
0.95566
0.953506
0.947832
0.934125
0.917117
0.90652
0.898881
0.896716
0.896847
0.895601
0.890865
0.876719
0.863493
0.858664
0.856241
0.853103
0.846475
1.01903
1.03036
1.04699
1.06614
1.09013
1.12341
1.15872
1.19853
1.24819
1.2958
1.34708
1.41506
1.46539
1.50929
1.58179
1.64646
1.67677
1.71236
1.78621
1.82648
1.8406
1.86687
1.91925
1.93819
1.94461
1.96314
1.99258
1.9986
2.00327
2.01778
2.02891
2.03047
2.03357
2.04128
2.04326
2.04411
2.04685
2.05159
2.0541
2.05436
2.05438
2.0542
2.05418
2.05415
2.05435
2.05525
2.0557
2.05559
2.05508
2.05384
2.05274
2.05239
2.05223
2.05211
2.05169
2.05109
2.05035
2.04918
2.04719
2.04606
2.04592
2.04578
2.0452
2.04466
2.04438
2.04375
2.04226
2.04148
2.0415
2.0414
2.04098
2.04002
2.0388
2.03762
2.03628
2.03406
2.03255
2.0316
2.03006
2.0271
2.02447
2.02175
2.01577
2.00688
2.00043
1.99417
1.98201
1.9717
1.96432
1.95284
1.93513
1.92289
1.91171
1.89011
1.8659
1.85258
1.84138
1.81746
1.79492
1.78277
1.77022
1.74151
1.71148
1.69624
1.68484
1.66392
1.6386
1.62771
1.61685
1.59707
1.56246
1.54559
1.53441
1.52249
1.49839
1.4854
1.47637
1.4638
1.43451
1.40797
1.3978
1.39042
1.37727
1.36389
1.35624
1.34579
1.32373
1.29076
1.27585
1.27134
1.26795
1.26172
1.2512
1.23554
1.21325
1.19441
1.1845
1.17226
1.16255
1.1612
1.16046
1.15499
1.14017
1.11161
1.08989
1.08671
1.08428
1.07744
1.06868
1.06486
1.06105
1.05202
1.02702
1.00679
1.00408
1.00347
1.00043
0.993753
0.987023
0.981707
0.974897
0.958207
0.930967
0.923645
0.922737
0.923165
0.921699
0.916592
0.91029
0.905451
0.899503
0.884994
0.861963
0.856319
0.856029
0.856345
0.853842
0.84732
0.841631
0.83724
0.830547
0.814731
0.803449
0.802526
0.802347
0.79958
0.793857
0.784867
0.775711
0.771649
0.769332
0.763993
1.27557
1.33122
1.40213
1.45523
1.50545
1.58369
1.64489
1.68011
1.72513
1.80077
1.83522
1.85564
1.89119
1.9429
1.95295
1.95991
1.97998
2.01078
2.01518
2.01639
2.02588
2.04125
2.04364
2.04313
2.04591
2.05333
2.0549
2.05474
2.05603
2.05824
2.05895
2.05906
2.05896
2.05838
2.05799
2.05802
2.05808
2.05787
2.05756
2.05715
2.05655
2.05595
2.05502
2.05356
2.05249
2.05209
2.05163
2.05092
2.0498
2.04865
2.0478
2.04685
2.04588
2.04564
2.04558
2.04515
2.04437
2.04324
2.04141
2.04039
2.04027
2.04012
2.03959
2.03906
2.03857
2.0375
2.03655
2.03583
2.03536
2.03461
2.03336
2.03143
2.0275
2.0232
2.01911
2.01254
2.00282
1.99596
1.98962
1.97662
1.96254
1.95273
1.94161
1.91865
1.89866
1.88529
1.86987
1.84066
1.82275
1.81116
1.79586
1.76562
1.74579
1.73108
1.71178
1.67449
1.65385
1.64192
1.6298
1.60171
1.5821
1.56923
1.55436
1.51976
1.49372
1.48245
1.47446
1.45795
1.43686
1.42379
1.41067
1.38837
1.35535
1.34652
1.34012
1.33254
1.31614
1.30044
1.28663
1.27006
1.24188
1.22287
1.22029
1.21855
1.21217
1.19913
1.18297
1.16477
1.1428
1.12433
1.1194
1.11744
1.11255
1.10393
1.09413
1.08026
1.05066
1.0329
1.03117
1.03194
1.03124
1.02489
1.01469
1.00444
0.991544
0.972848
0.952152
0.947198
0.946918
0.94799
0.945182
0.937032
0.924027
0.907769
0.896935
0.889804
0.881296
0.878017
0.877926
0.876291
0.870818
0.861061
0.84405
0.828231
0.822056
0.8165
0.810801
0.809328
0.809788
0.808626
0.804163
0.796388
0.783273
0.770192
0.764235
0.758968
0.750974
0.749183
0.750202
0.750575
0.748069
0.737937
0.721287
0.715095
0.713636
0.710857
0.70617
0.70232
0.699731
0.695773
0.689805
0.68144
1.80631
1.84887
1.86957
1.8965
1.95184
1.97058
1.9751
1.9885
2.01741
2.02958
2.02936
2.03563
2.05109
2.05682
2.05659
2.05812
2.06495
2.0689
2.06933
2.07041
2.07304
2.07367
2.07397
2.07515
2.07594
2.07594
2.07566
2.07541
2.07525
2.07522
2.07495
2.07438
2.07374
2.07313
2.07247
2.07168
2.07099
2.07058
2.07031
2.07002
2.06955
2.06869
2.06724
2.06574
2.06478
2.06401
2.06318
2.06223
2.06105
2.05951
2.05799
2.05666
2.05569
2.05536
2.05532
2.05512
2.05443
2.05306
2.05084
2.04927
2.04852
2.04758
2.04594
2.04441
2.04283
2.03967
2.03416
2.02866
2.02149
2.00917
1.99877
1.98981
1.97456
1.95434
1.94009
1.92699
1.90187
1.87668
1.86253
1.84948
1.82208
1.796
1.78091
1.76619
1.73502
1.70516
1.68747
1.67204
1.64241
1.61487
1.60185
1.59073
1.56933
1.54093
1.52391
1.50835
1.48207
1.44673
1.43471
1.42583
1.41519
1.39197
1.37409
1.35866
1.34119
1.3079
1.29127
1.28762
1.28207
1.27038
1.24703
1.22631
1.2109
1.19792
1.17678
1.16818
1.16665
1.1616
1.14899
1.12273
1.09799
1.08874
1.08259
1.07022
1.06446
1.0623
1.05695
1.04222
1.01256
0.995743
0.991936
0.986578
0.977316
0.973588
0.97007
0.962115
0.943816
0.919413
0.912073
0.910339
0.904999
0.897336
0.895727
0.89399
0.887721
0.870115
0.846724
0.840187
0.838489
0.8345
0.827876
0.825455
0.823629
0.818499
0.800656
0.78154
0.778302
0.777585
0.775549
0.769833
0.76614
0.76411
0.760902
0.750248
0.727116
0.716163
0.715357
0.715348
0.713557
0.709152
0.707648
0.706906
0.705034
0.698081
0.682493
0.665138
0.660974
0.660619
0.661981
0.662898
0.661738
0.658225
0.650218
0.638999
0.629858
0.624074
0.622726
0.623116
0.623179
0.621084
0.612309
0.601603
2.01336
2.02054
2.0255
2.03254
2.03414
2.03469
2.03484
2.03433
2.03422
2.03463
2.03398
2.0316
2.03089
2.03058
2.03055
2.03131
2.0311
2.03026
2.02964
2.02942
2.0295
2.02936
2.02876
2.02857
2.02902
2.02928
2.02865
2.0279
2.02775
2.02802
2.02778
2.02735
2.02744
2.02811
2.02806
2.02756
2.0274
2.02755
2.02811
2.02894
2.02912
2.02879
2.02815
2.02764
2.02744
2.02742
2.02693
2.02579
2.02458
2.02431
2.02374
2.02278
2.02239
2.02253
2.02251
2.02106
2.01874
2.01674
2.01292
2.00516
1.99932
1.9942
1.98252
1.97056
1.96209
1.9496
1.92786
1.91258
1.90007
1.87736
1.84666
1.82913
1.8147
1.78806
1.75268
1.73377
1.71854
1.69248
1.65549
1.63826
1.6253
1.60549
1.57093
1.55375
1.54013
1.52192
1.48536
1.46163
1.44497
1.42928
1.39744
1.37972
1.3712
1.36307
1.34445
1.31997
1.30029
1.28276
1.2574
1.23117
1.22565
1.22034
1.21231
1.19052
1.16757
1.15027
1.13851
1.12215
1.1093
1.10538
1.09997
1.08665
1.05522
1.03486
1.03208
1.0286
1.01971
1.00948
1.00341
0.996395
0.978317
0.946249
0.936689
0.935873
0.934167
0.928339
0.920613
0.913559
0.904307
0.884033
0.861207
0.857009
0.855845
0.852929
0.847095
0.841085
0.835699
0.826703
0.803209
0.788219
0.786808
0.786941
0.785571
0.780738
0.774832
0.769746
0.762606
0.744937
0.730751
0.728676
0.727498
0.724794
0.720838
0.716699
0.711623
0.703604
0.689291
0.677258
0.674905
0.674584
0.674054
0.671578
0.668135
0.664359
0.657165
0.639153
0.62629
0.624939
0.624621
0.624583
0.623197
0.620246
0.618297
0.6165
0.612944
0.601888
0.584525
0.580459
0.5805
0.582241
0.582583
0.580806
0.576764
0.571224
0.563265
0.55461
0.553079
0.553179
0.552574
0.549206
0.540433
0.535061
2.08819
2.08855
2.08894
2.08904
2.08907
2.08889
2.08816
2.08697
2.08602
2.08551
2.08481
2.08336
2.08155
2.07972
2.07798
2.07655
2.07526
2.07423
2.07309
2.07169
2.06949
2.0668
2.06551
2.06468
2.06374
2.06248
2.06114
2.05984
2.05793
2.05561
2.05415
2.05335
2.05245
2.05119
2.04982
2.04836
2.04662
2.04557
2.0452
2.04478
2.04407
2.04288
2.04195
2.04099
2.03989
2.03844
2.03712
2.03577
2.03348
2.03076
2.02803
2.02225
2.01348
2.00611
1.9977
1.98144
1.96661
1.95476
1.93739
1.90803
1.8879
1.87256
1.8473
1.81285
1.79506
1.78029
1.75361
1.71669
1.69612
1.67869
1.6517
1.60977
1.58987
1.57353
1.55284
1.51194
1.48826
1.47224
1.45621
1.42118
1.39652
1.3833
1.37188
1.34844
1.32186
1.30988
1.29823
1.27909
1.24395
1.22129
1.20678
1.19504
1.17136
1.15936
1.15467
1.14853
1.13301
1.10532
1.08161
1.06651
1.05516
1.03725
1.03022
1.02591
1.01849
0.997826
0.968071
0.962205
0.959153
0.953444
0.942069
0.930441
0.918528
0.904692
0.884319
0.871294
0.869718
0.869803
0.866589
0.858413
0.844774
0.827163
0.813232
0.801559
0.795435
0.794183
0.793152
0.789183
0.780751
0.764859
0.748266
0.741991
0.736693
0.728812
0.726256
0.725098
0.722204
0.716169
0.703134
0.687219
0.677634
0.673193
0.671564
0.670159
0.667522
0.663697
0.659001
0.652047
0.641414
0.634022
0.625977
0.619295
0.618502
0.618929
0.617887
0.613632
0.603504
0.591309
0.582931
0.578836
0.577542
0.577553
0.577263
0.575362
0.571285
0.56352
0.550867
0.542871
0.539116
0.537047
0.536491
0.536701
0.536119
0.534687
0.531965
0.526526
0.515923
0.504427
0.502137
0.502749
0.503579
0.502895
0.50019
0.496097
0.492499
0.489948
0.488059
0.484479
0.479452
0.475513
0.470227
0.466048
2.07614
2.07577
2.07506
2.0732
2.07186
2.07076
2.06813
2.06533
2.06501
2.06473
2.0634
2.06189
2.06147
2.0608
2.05908
2.05851
2.05859
2.05837
2.05747
2.05659
2.05627
2.05584
2.05466
2.05394
2.05397
2.054
2.05363
2.05352
2.05367
2.05384
2.05376
2.05342
2.05296
2.05271
2.05246
2.05201
2.0514
2.05082
2.05012
2.0493
2.04807
2.0453
2.04126
2.03697
2.02929
2.01744
2.00728
1.99675
1.97629
1.9558
1.94148
1.92483
1.8925
1.86907
1.85318
1.83168
1.79248
1.76751
1.7486
1.72352
1.67784
1.65036
1.63139
1.6102
1.56729
1.54234
1.52603
1.50937
1.47106
1.4413
1.42332
1.40799
1.3771
1.34404
1.32788
1.31355
1.29263
1.25576
1.23724
1.22405
1.21091
1.18007
1.16104
1.14951
1.14033
1.12293
1.1028
1.09156
1.08052
1.06152
1.02597
1.00892
1.00014
0.993517
0.978845
0.968906
0.964598
0.958334
0.942752
0.907977
0.891818
0.886016
0.881343
0.871509
0.859169
0.851206
0.84189
0.829909
0.811492
0.805302
0.803836
0.80061
0.792575
0.77274
0.75263
0.747013
0.744213
0.73719
0.732375
0.730154
0.726778
0.717197
0.695504
0.684867
0.682612
0.679215
0.673422
0.670051
0.667383
0.662946
0.648819
0.629483
0.625818
0.624395
0.620386
0.616677
0.615711
0.614413
0.611291
0.600238
0.580721
0.573784
0.573483
0.57322
0.570919
0.566619
0.564465
0.563493
0.560537
0.553582
0.541667
0.530223
0.528649
0.52885
0.529688
0.529206
0.527414
0.522368
0.508148
0.499926
0.499243
0.499442
0.500144
0.499279
0.496983
0.494732
0.491325
0.480997
0.471026
0.469875
0.46987
0.470729
0.472017
0.47156
0.469303
0.465884
0.461697
0.454938
0.448794
0.448284
0.448636
0.449205
0.448651
0.445573
0.444034
0.444339
0.444668
0.444289
0.440905
0.434863
0.429391
0.428441
2.04424
2.04344
2.04265
2.04118
2.03979
2.03935
2.03931
2.03917
2.039
2.03888
2.03865
2.03836
2.03832
2.03862
2.03946
2.03966
2.03955
2.03926
2.0391
2.03881
2.0388
2.03875
2.03819
2.03738
2.03696
2.03689
2.03653
2.03623
2.03592
2.03582
2.03563
2.03447
2.03287
2.03145
2.02783
2.02182
2.01696
2.01007
1.99714
1.98595
1.97582
1.95583
1.93229
1.91632
1.89931
1.86413
1.83432
1.8145
1.7928
1.74835
1.71537
1.69438
1.67249
1.62618
1.594
1.57489
1.55672
1.51675
1.48296
1.46243
1.44418
1.40779
1.36625
1.3476
1.33258
1.31102
1.27283
1.25499
1.24106
1.22595
1.1907
1.16866
1.15403
1.14202
1.11599
1.09097
1.0765
1.06436
1.04636
1.01708
1.00418
0.994301
0.984206
0.958022
0.94219
0.934736
0.927811
0.917139
0.901643
0.888843
0.876543
0.859977
0.830957
0.82067
0.816685
0.812271
0.805343
0.796507
0.7893
0.779984
0.765095
0.737991
0.728468
0.726695
0.723283
0.717272
0.704204
0.694373
0.687688
0.682437
0.675186
0.670007
0.66597
0.660061
0.644532
0.624372
0.619968
0.6191
0.616821
0.611955
0.606511
0.601706
0.594217
0.584556
0.576612
0.57025
0.566239
0.563249
0.560115
0.556118
0.548531
0.535805
0.528458
0.524323
0.518354
0.516721
0.517132
0.517392
0.516091
0.510866
0.49807
0.485128
0.482494
0.481327
0.478374
0.474702
0.473782
0.474058
0.473732
0.471181
0.462716
0.448394
0.445208
0.445021
0.446105
0.447402
0.447332
0.445992
0.438973
0.427275
0.424464
0.424046
0.423341
0.423096
0.423289
0.423126
0.422021
0.416732
0.407998
0.405311
0.405261
0.405495
0.406646
0.408232
0.407964
0.406581
0.404964
0.402813
0.399275
0.3975
0.397362
0.397335
0.397806
0.398569
0.398746
0.399238
0.400025
0.40008
0.39927
0.39533
0.393464
0.392931
2.03782
2.03736
2.03698
2.0365
2.03606
2.03562
2.03542
2.03532
2.03556
2.03692
2.03826
2.03851
2.03859
2.0384
2.03781
2.03783
2.03804
2.03857
2.0387
2.03811
2.03708
2.03633
2.03605
2.03563
2.03446
2.03254
2.03014
2.02462
2.01718
2.01026
1.99976
1.98343
1.97073
1.95863
1.93458
1.9068
1.88699
1.86673
1.8248
1.79019
1.76889
1.7462
1.69819
1.66083
1.63831
1.61625
1.56746
1.52515
1.50171
1.48147
1.44277
1.39931
1.3768
1.35785
1.32723
1.28463
1.26524
1.24924
1.23015
1.19047
1.16772
1.15024
1.1356
1.10315
1.07319
1.05888
1.04725
1.03038
0.999255
0.984561
0.972782
0.961287
0.934562
0.917314
0.906354
0.898105
0.880526
0.859849
0.845893
0.835871
0.827921
0.807507
0.793186
0.783185
0.776242
0.76305
0.746264
0.740223
0.735259
0.728622
0.717235
0.704497
0.692526
0.680139
0.661084
0.654523
0.654574
0.652359
0.648322
0.639459
0.629922
0.618993
0.610607
0.60109
0.587129
0.584011
0.582471
0.58073
0.572488
0.561043
0.559874
0.559894
0.55802
0.552133
0.539745
0.525261
0.521396
0.520444
0.517853
0.511679
0.507975
0.505909
0.501567
0.494548
0.490814
0.488212
0.483062
0.479683
0.478576
0.477603
0.475664
0.466894
0.453288
0.450314
0.44968
0.449324
0.450321
0.451418
0.451051
0.449385
0.445362
0.437658
0.432545
0.430336
0.427173
0.42626
0.426263
0.427325
0.427934
0.427704
0.424801
0.416277
0.412611
0.412468
0.412738
0.413966
0.414218
0.413698
0.411576
0.406807
0.404709
0.404445
0.404308
0.40454
0.405205
0.405088
0.404208
0.401653
0.397239
0.395053
0.394945
0.395121
0.3959
0.397344
0.397841
0.397248
0.396019
0.394173
0.391277
0.389872
0.389852
0.389919
0.390144
0.3907
0.391163
0.391977
0.392481
0.392468
0.391645
0.388806
0.387626
0.387599
2.04715
2.04769
2.04818
2.04821
2.04824
2.0486
2.04891
2.04912
2.04953
2.05028
2.05047
2.05056
2.05058
2.05028
2.04939
2.04869
2.04791
2.04629
2.04401
2.04127
2.03505
2.02636
2.01803
2.00565
1.98421
1.96678
1.95171
1.92459
1.88815
1.86429
1.8424
1.79892
1.75281
1.72533
1.70023
1.65032
1.60725
1.57896
1.55157
1.49869
1.45655
1.43159
1.40848
1.36524
1.31514
1.29308
1.27326
1.24933
1.19675
1.16921
1.1519
1.13814
1.10428
1.07042
1.05095
1.03636
1.00916
0.981983
0.965642
0.953283
0.934159
0.906145
0.890914
0.876473
0.86714
0.843771
0.821429
0.806873
0.796328
0.789652
0.767383
0.747734
0.736024
0.730557
0.721122
0.707743
0.696329
0.686849
0.675814
0.663708
0.652828
0.644497
0.630262
0.622545
0.615395
0.604388
0.597986
0.586931
0.574409
0.571251
0.566953
0.563298
0.557232
0.537208
0.526188
0.522498
0.519244
0.514705
0.506333
0.504876
0.505278
0.502153
0.493285
0.476032
0.465805
0.465435
0.464595
0.461784
0.454186
0.448545
0.448579
0.44936
0.448727
0.444901
0.435512
0.424006
0.419367
0.418135
0.416126
0.412201
0.409608
0.408332
0.406629
0.402907
0.399666
0.396499
0.39418
0.393704
0.394557
0.395445
0.395166
0.391664
0.386024
0.384385
0.384032
0.383828
0.384027
0.386365
0.388435
0.38866
0.388589
0.387124
0.384341
0.383688
0.383594
0.384005
0.386875
0.389461
0.389778
0.389658
0.388012
0.385078
0.384519
0.384513
0.384973
0.387046
0.388747
0.388939
0.3888
0.388363
0.3883
0.388585
0.389549
0.391542
0.393767
0.394138
0.393945
0.393461
0.392536
0.391338
0.39117
0.391488
0.392449
0.394907
0.397435
0.397848
0.397988
0.398099
0.397925
0.397943
0.398109
0.39819
0.398311
0.399342
0.401667
0.402804
0.402969
0.402935
0.402763
0.403067
0.403171
0.403433
2.04959
2.05008
2.05055
2.0506
2.0505
2.05038
2.05039
2.05025
2.04992
2.04937
2.048
2.04555
2.04247
2.03573
2.02446
2.01372
2.00138
1.97707
1.95166
1.93105
1.90089
1.86082
1.82924
1.79951
1.74756
1.7017
1.67108
1.6415
1.58191
1.52227
1.49436
1.46958
1.42975
1.35879
1.32744
1.30625
1.28369
1.22909
1.18908
1.16526
1.14125
1.10265
1.07535
1.05181
1.02872
0.985193
0.963307
0.948285
0.931987
0.911448
0.871498
0.85576
0.84326
0.833736
0.813516
0.78218
0.7668
0.756992
0.745329
0.725195
0.709705
0.698593
0.68549
0.674036
0.662997
0.65497
0.640424
0.622315
0.617733
0.61086
0.601937
0.589293
0.568894
0.563808
0.562297
0.558701
0.550959
0.535703
0.532277
0.529896
0.524706
0.516176
0.499496
0.495686
0.497009
0.495426
0.487308
0.473184
0.464117
0.463815
0.464093
0.462482
0.455961
0.448556
0.445216
0.441771
0.43681
0.429281
0.427092
0.428036
0.429101
0.428136
0.423764
0.416194
0.411864
0.411336
0.410982
0.409199
0.40519
0.403773
0.404433
0.405361
0.405157
0.403745
0.400935
0.397117
0.394799
0.393903
0.391814
0.389254
0.389058
0.389028
0.388462
0.386923
0.383291
0.381585
0.381385
0.381668
0.383215
0.383663
0.383129
0.380985
0.378056
0.377018
0.3767
0.376579
0.376965
0.379417
0.381098
0.381215
0.380895
0.379225
0.378159
0.378144
0.378248
0.379087
0.382395
0.385231
0.385525
0.385494
0.384264
0.38195
0.381562
0.381602
0.38233
0.384702
0.386511
0.386729
0.386822
0.386961
0.387163
0.387529
0.38855
0.391429
0.395848
0.397749
0.398101
0.398375
0.398466
0.398199
0.398542
0.399571
0.400834
0.403445
0.408058
0.410212
0.410767
0.411463
0.412115
0.412323
0.412429
0.41262
0.413066
0.415089
0.416606
0.416748
0.417203
0.418228
0.418732
0.419063
0.419299
0.419825
2.05061
2.05058
2.05024
2.04934
2.0467
2.04165
2.03458
2.02328
2.00845
1.98961
1.96061
1.93343
1.90879
1.87153
1.8054
1.7672
1.74035
1.70129
1.61266
1.5603
1.53344
1.50026
1.43138
1.37864
1.34432
1.29884
1.25291
1.21887
1.18611
1.13845
1.07612
1.05849
1.03889
1.01283
0.961173
0.927749
0.915811
0.90071
0.876494
0.827568
0.805252
0.792577
0.781567
0.755333
0.726698
0.709979
0.696994
0.68564
0.670571
0.651739
0.637938
0.61408
0.601359
0.595182
0.584547
0.572133
0.555704
0.54394
0.530962
0.522843
0.515573
0.498886
0.489986
0.483889
0.47685
0.4701
0.456952
0.450706
0.450266
0.447025
0.43763
0.424192
0.412089
0.409624
0.408585
0.405656
0.397378
0.391439
0.391717
0.389925
0.385103
0.377218
0.36809
0.367126
0.368373
0.368183
0.364718
0.359846
0.359119
0.360173
0.361512
0.360787
0.357151
0.355317
0.35481
0.353831
0.352643
0.352634
0.35329
0.355889
0.359785
0.361004
0.359895
0.358573
0.35865
0.359077
0.361368
0.363488
0.364432
0.365596
0.367784
0.370959
0.373947
0.375411
0.376901
0.380027
0.38112
0.380776
0.380446
0.381099
0.383974
0.387527
0.389564
0.390447
0.390951
0.391106
0.391094
0.391524
0.393628
0.397482
0.399345
0.400244
0.40111
0.401258
0.400917
0.399454
0.399306
0.399563
0.399727
0.400144
0.400758
0.401387
0.402002
0.40289
0.404938
0.409061
0.411486
0.411836
0.411962
0.411845
0.410187
0.408325
0.408059
0.408151
0.408783
0.410492
0.411254
0.411167
0.410779
0.409876
0.40933
0.409662
0.410849
0.412856
0.41566
0.41879
0.419965
0.419989
0.4197
0.418707
0.417871
0.417958
0.418654
0.420203
0.421379
0.421779
0.422223
0.423519
0.424099
0.424074
0.423898
0.424032
0.424463
0.425378
0.425645
0.425489
0.425544
0.425729
0.42595
0.426178
0.426533
0.427388
2.04359
2.02623
1.99953
1.96615
1.90976
1.84762
1.80093
1.74558
1.67182
1.6062
1.54085
1.47254
1.42431
1.37339
1.29944
1.21077
1.18734
1.16312
1.12073
1.03339
0.992003
0.980489
0.962535
0.916159
0.85086
0.837265
0.827777
0.811735
0.756189
0.725071
0.712773
0.707606
0.684088
0.64279
0.628229
0.623851
0.622681
0.606816
0.579323
0.559727
0.555824
0.551047
0.536912
0.521386
0.512491
0.497717
0.491697
0.488795
0.483814
0.475734
0.458814
0.453317
0.453808
0.452841
0.446687
0.432017
0.428313
0.429369
0.427852
0.422332
0.41042
0.403269
0.40105
0.398728
0.395396
0.391587
0.390408
0.391796
0.392814
0.391227
0.383288
0.377138
0.376743
0.378567
0.378433
0.375008
0.369552
0.367376
0.367686
0.367726
0.365927
0.359843
0.356627
0.356946
0.359858
0.361731
0.360806
0.359042
0.358891
0.360345
0.362673
0.362548
0.359692
0.3572
0.356476
0.35556
0.355745
0.356711
0.358376
0.361949
0.367377
0.36902
0.368635
0.367239
0.36678
0.367232
0.368791
0.371267
0.373037
0.374319
0.376444
0.378595
0.378738
0.378731
0.380025
0.382114
0.382603
0.383124
0.384386
0.386233
0.388733
0.391832
0.39236
0.391909
0.391964
0.392352
0.392911
0.393964
0.396564
0.401093
0.406907
0.413435
0.415414
0.415428
0.415214
0.414112
0.41266
0.412504
0.41299
0.413961
0.415144
0.416418
0.417754
0.419552
0.423109
0.428186
0.429718
0.429969
0.430189
0.430387
0.429743
0.427169
0.426066
0.426051
0.426208
0.427018
0.427365
0.426803
0.426124
0.425373
0.424846
0.425346
0.426925
0.428933
0.431158
0.433949
0.435395
0.435389
0.43485
0.433254
0.432078
0.431975
0.43198
0.432203
0.432969
0.433647
0.434196
0.435414
0.436001
0.435901
0.435686
0.435723
0.436031
0.435783
0.435002
0.433978
0.433083
0.432665
0.432264
0.4317
0.431838
0.432228
1.93147
1.77324
1.62243
1.47721
1.34056
1.23664
1.1408
1.04175
0.934308
0.873324
0.819311
0.757978
0.683093
0.623151
0.595242
0.560828
0.518368
0.466881
0.431441
0.419348
0.403017
0.379958
0.343513
0.311523
0.3095
0.307301
0.297463
0.271044
0.250826
0.251766
0.254644
0.250761
0.233514
0.224695
0.226973
0.231914
0.231655
0.224928
0.220598
0.22251
0.228502
0.228959
0.224905
0.22316
0.223544
0.228196
0.232088
0.232329
0.233014
0.238102
0.244455
0.245741
0.246653
0.250293
0.254185
0.25672
0.264194
0.274308
0.276823
0.277229
0.276716
0.280126
0.286831
0.289419
0.290973
0.295622
0.305735
0.316399
0.32584
0.329787
0.330466
0.331158
0.333672
0.340676
0.354651
0.366587
0.368023
0.367345
0.367838
0.372384
0.378972
0.381975
0.383972
0.388234
0.398138
0.409256
0.411617
0.412194
0.413721
0.418004
0.425186
0.428547
0.427523
0.424238
0.420517
0.418921
0.420023
0.424169
0.431615
0.439739
0.443137
0.443024
0.44095
0.43772
0.436969
0.43762
0.43952
0.440864
0.44087
0.440534
0.44092
0.443614
0.445436
0.445532
0.444926
0.443048
0.442878
0.444306
0.445693
0.445863
0.445901
0.446479
0.445609
0.442763
0.438676
0.435119
0.433653
0.433566
0.434145
0.437568
0.444858
0.447572
0.447623
0.447356
0.446461
0.444538
0.44225
0.439944
0.438329
0.438021
0.438189
0.438579
0.439264
0.44107
0.445759
0.45028
0.451131
0.451351
0.451576
0.451734
0.45115
0.447837
0.446054
0.445845
0.445454
0.444276
0.443025
0.442292
0.441732
0.441067
0.440385
0.441044
0.44306
0.444982
0.446393
0.448074
0.449074
0.448964
0.448342
0.44686
0.444228
0.442566
0.442229
0.442029
0.442164
0.442216
0.442543
0.443509
0.444198
0.444178
0.444166
0.444377
0.444215
0.443469
0.442171
0.44042
0.437774
0.436446
0.435797
0.435007
0.4348
0.435253
1
1
1
1
1
1
1
1
1
1
1
1
1
1
1
1
1
1
1
1
1
1
1
1
1
1
1
1
1
1
1
1
1
1
1
1
1
1
1
1
1
1
1
1
1
1
1
1
1
1
1
1
1
1
1
1
1
1
1
1
1
1
1
1
1
1
1
1
1
1
1
1
1
1
1
1.00001
1.00002
1.00006
1.00014
1.00031
1.00062
1.00115
1.00195
1.00312
1.00467
1.00664
1.00896
1.01155
1.01429
1.01706
1.01974
1.02214
1.02404
1.02533
1.0259
1.02593
1
1
1
1
1
1
1
1
1
1
1
1
1
1
1
1
1
1
1
1
1
1
1
1
1
1
1
1
1
1
1
1
1
1
1
1
1
1
1
1
1
1
1
1
1
1
1
1
1
1
1
1
1
1
1
1
1
1
1
1
1
1
1
1
1
1
1
1
1
1
1.00001
1.00002
1.00006
1.00019
1.00049
1.00113
1.00236
1.00447
1.00779
1.01257
1.019
1.02706
1.03657
1.04715
1.05843
1.06992
1.08125
1.09174
1.10116
1.10919
1.11604
1.12142
1.1246
1.12638
1.12668
1.12467
1
1
1
1
1
1
1
1
1
1
1
1
1
1
1
1
1
1
1
1
1
1
1
1
1
1
1
1
1
1
1
1
1
1
1
1
1
1
1
1
1
1
1
1
1
1
1
1
1
1
1
1
1
1
1
1
1
1
1
1
1
1
1
1
1
1
1.00001
1.00003
1.0001
1.00032
1.0009
1.00224
1.0049
1.00966
1.01729
1.02839
1.04326
1.06161
1.08276
1.10573
1.12937
1.1526
1.17456
1.19425
1.21165
1.22579
1.23836
1.24775
1.25457
1.25948
1.26236
1.2633
1.26255
1.26087
1.25845
1.2512
1
1
1
1
1
1
1
1
1
1
1
1
1
1
1
1
1
1
1
1
1
1
1
1
1
1
1
1
1
1
1
1
1
1
1
1
1
1
1
1
1
1
1
1
1
1
1
1
1
1
1
1
1
1
1
1
1
1
1
1
1
1
1
1.00002
1.00009
1.00032
1.00101
1.00275
1.00654
1.01372
1.02573
1.04378
1.06805
1.09787
1.13187
1.16741
1.20338
1.23674
1.26622
1.29283
1.31304
1.32988
1.34236
1.35131
1.35683
1.36051
1.3616
1.3612
1.35956
1.35654
1.35149
1.34643
1.34195
1.33793
1.33325
1.322
1
1
1
1
1
1
1
1
1
1
1
1
1
1
1
1
1
1
1
1
1
1
1
1
1
1
1
1
1
1
1
1
1
1
1
1
1
1
1
1
1
1
1
1
1
1
1
1
1
1
1
1
1
1
1
1
1
1
1
1.00001
1.00004
1.00019
1.00071
1.00224
1.00598
1.01388
1.02812
1.05089
1.08253
1.12294
1.16786
1.21639
1.26252
1.30482
1.33959
1.37019
1.39169
1.4073
1.41968
1.42519
1.42791
1.42875
1.42644
1.4232
1.41856
1.41207
1.40356
1.39595
1.39115
1.388
1.38155
1.37368
1.36717
1.35917
1.34934
1.33774
1
1
1
1
1
1
1
1
1
1
1
1
1
1
1
1
1
1
1
1
1
1
1
1
1
1
1
1
1
1
1
1
1
1
1
1
1
1
1
1
1
1
1
1
1
1
1
1
1
1
1
1
1
1
1
1
1.00001
1.00007
1.00032
1.00121
1.00383
1.01011
1.02307
1.04614
1.08046
1.12778
1.18237
1.24099
1.30123
1.34901
1.39344
1.42601
1.45016
1.46607
1.47702
1.48036
1.48048
1.47821
1.47432
1.46764
1.46069
1.45325
1.44338
1.43572
1.43029
1.42372
1.4153
1.40628
1.39781
1.38944
1.37945
1.36992
1.36531
1.3613
1.35543
1.34225
1
1
1
1
1
1
1
1
1
1
1
1
1
1
1
1
1
1
1
1
1
1
1
1
1
1
1
1
1
1
1
1
1
1
1
1
1
1
1
1
1
1
1
1
1
1
1
1
1
1
1
1
1
1.00002
1.00009
1.00043
1.00167
1.00528
1.01423
1.03222
1.0645
1.10963
1.17076
1.23818
1.30869
1.36912
1.42458
1.46587
1.49103
1.51185
1.52304
1.5254
1.52478
1.52169
1.5154
1.50697
1.50105
1.4927
1.4828
1.47401
1.46587
1.45654
1.44654
1.43624
1.42739
1.41843
1.40828
1.39906
1.39018
1.37999
1.37003
1.36056
1.35303
1.34745
1.34112
1.32807
1
1
1
1
1
1
1
1
1
1
1
1
1
1
1
1
1
1
1
1
1
1
1
1
1
1
1
1
1
1
1
1
1
1
1
1
1
1
1
1
1
1
1
1
1
1
1
1
1
1
1.00002
1.00009
1.00047
1.0019
1.00633
1.01708
1.03952
1.0787
1.13338
1.20921
1.28466
1.35987
1.4302
1.48419
1.51788
1.54305
1.5575
1.56386
1.56535
1.56329
1.55575
1.54477
1.53666
1.52903
1.51919
1.50914
1.49889
1.48742
1.47506
1.46402
1.45236
1.43812
1.4249
1.41164
1.39785
1.3831
1.36989
1.3602
1.35104
1.34106
1.33049
1.32055
1.31232
1.30313
1.29373
1.28375
1
1
1
1
1
1
1
1
1
1
1
1
1
1
1
1
1
1
1
1
1
1
1
1
1
1
1
1
1
1
1
1
1
1
1
1
1
1
1
1
1
1
1
1
1
1
1
1.00001
1.00008
1.00042
1.00182
1.0064
1.01781
1.04354
1.08678
1.15333
1.23098
1.31919
1.40513
1.4738
1.52478
1.56787
1.58207
1.59055
1.59771
1.60006
1.59453
1.5845
1.57436
1.56451
1.55503
1.54491
1.53389
1.51912
1.50353
1.48866
1.47128
1.45236
1.43538
1.42006
1.40325
1.38698
1.37385
1.3623
1.34984
1.33589
1.32448
1.31436
1.30438
1.29315
1.28198
1.2747
1.26867
1.26016
1.25198
1.2418
1
1
1
1
1
1
1
1
1
1
1
1
1
1
1
1
1
1
1
1
1
1
1
1
1
1
1
1
1
1
1
1
1
1
1
1
1
1
1
1
1
1
1
1
1.00001
1.00005
1.00031
1.00144
1.00568
1.01671
1.04236
1.08887
1.15582
1.24948
1.34527
1.42829
1.50337
1.56532
1.60526
1.61143
1.61883
1.62608
1.62826
1.62333
1.61471
1.60355
1.59113
1.58016
1.56799
1.55171
1.53409
1.51597
1.49496
1.473
1.45432
1.43712
1.41822
1.40059
1.38597
1.37154
1.35535
1.34111
1.32987
1.31906
1.30574
1.29396
1.28477
1.27622
1.26652
1.25456
1.24534
1.23997
1.23361
1.22387
1.21619
1.20758
1
1
1
1
1
1
1
1
1
1
1
1
1
1
1
1
1
1
1
1
1
1
1
1
1
1
1
1
1
1
1
1
1
1
1
1
1
1
1
1
1
1
1.00003
1.00018
1.001
1.00409
1.01392
1.03678
1.08327
1.15401
1.25058
1.34572
1.45165
1.5281
1.58513
1.63251
1.64683
1.64645
1.64866
1.65064
1.64907
1.64252
1.63252
1.62055
1.60596
1.58721
1.56659
1.54693
1.52472
1.50107
1.47998
1.4598
1.43819
1.4195
1.40442
1.38803
1.37052
1.35609
1.34414
1.33051
1.31503
1.30377
1.29489
1.28332
1.26966
1.25968
1.25215
1.24518
1.23486
1.2227
1.21546
1.21007
1.20179
1.19262
1.18764
1.17938
1
1
1
1
1
1
1
1
1
1
1
1
1
1
1
1
1
1
1
1
1
1
1
1
1
1
1
1
1
1
1
1
1
1
1
1
1
1
1
1.00001
1.00008
1.00051
1.00265
1.00944
1.02929
1.07065
1.13771
1.2384
1.34939
1.45204
1.53344
1.59787
1.66313
1.67324
1.66882
1.6695
1.66985
1.67032
1.66651
1.65882
1.64789
1.63108
1.60832
1.58451
1.56114
1.53618
1.51244
1.48984
1.46608
1.44575
1.42898
1.41022
1.39097
1.37717
1.36416
1.34706
1.33167
1.32065
1.30952
1.29428
1.28029
1.27223
1.2636
1.25068
1.23832
1.23022
1.22377
1.21571
1.20227
1.19158
1.18851
1.18373
1.17473
1.16581
1.1603
1.15162
1
1
1
1
1
1
1
1
1
1
1
1
1
1
1
1
1
1
1
1
1
1
1
1
1
1
1
1
1
1
1
1
1
1
1
1
1
1.00003
1.00021
1.00129
1.00572
1.01878
1.05435
1.11358
1.21193
1.32846
1.44054
1.5426
1.6058
1.66317
1.6999
1.70016
1.69264
1.68792
1.68535
1.68572
1.68109
1.67119
1.65525
1.63236
1.60496
1.57671
1.55094
1.52695
1.50218
1.47975
1.46052
1.43813
1.4172
1.40311
1.388
1.36816
1.35299
1.34229
1.32766
1.3101
1.29844
1.2892
1.27636
1.25985
1.24978
1.24293
1.233
1.21862
1.20732
1.20148
1.19612
1.18609
1.17275
1.16633
1.16219
1.15525
1.14503
1.13848
1.13461
1.12652
1
1
1
1
1
1
1
1
1
1
1
1
1
1
1
1
1
1
1
1
1
1
1
1
1
1
1
1
1
1
1
1
1
1
1.00001
1.00006
1.0005
1.00271
1.01038
1.03528
1.08474
1.16938
1.29329
1.41725
1.52792
1.60277
1.66835
1.71836
1.72191
1.71751
1.71013
1.70389
1.7028
1.7006
1.69254
1.67817
1.65523
1.62517
1.59622
1.56922
1.54106
1.51771
1.49733
1.47346
1.45099
1.43484
1.41597
1.39395
1.38009
1.36768
1.34896
1.33062
1.32014
1.30881
1.2911
1.2762
1.26743
1.25775
1.24217
1.22744
1.22068
1.21395
1.20167
1.18584
1.17857
1.1746
1.16837
1.15532
1.14339
1.1395
1.13484
1.1275
1.11941
1.11339
1.10893
1.10036
1
1
1
1
1
1
1
1
1
1
1
1
1
1
1
1
1
1
1
1
1
1
1
1
1
1
1
1
1
1
1
1
1.00001
1.00013
1.00101
1.00464
1.01855
1.05549
1.12165
1.23784
1.36833
1.50323
1.59222
1.66169
1.7247
1.74404
1.74229
1.73546
1.72514
1.71724
1.71708
1.71206
1.69834
1.67727
1.65006
1.61864
1.58516
1.55831
1.53652
1.51164
1.48967
1.47148
1.44845
1.42513
1.41135
1.39637
1.37422
1.35807
1.34689
1.33078
1.31014
1.29744
1.28831
1.27412
1.25561
1.24467
1.23704
1.22538
1.20715
1.19697
1.1925
1.18461
1.16841
1.15537
1.1513
1.14679
1.13781
1.12467
1.1171
1.11283
1.10797
1.10114
1.09277
1.08631
1.08237
1.07503
1
1
1
1
1
1
1
1
1
1
1
1
1
1
1
1
1
1
1
1
1
1
1
1
1
1
1
1
1
1
1.00002
1.00026
1.00163
1.00743
1.02996
1.07666
1.16955
1.30375
1.44829
1.56521
1.64777
1.72021
1.76218
1.7648
1.76193
1.75206
1.73787
1.73444
1.73047
1.72043
1.70062
1.67274
1.63942
1.6089
1.58014
1.54876
1.52757
1.51084
1.48704
1.46351
1.44698
1.42677
1.4027
1.38902
1.37687
1.35639
1.33588
1.32432
1.31161
1.2921
1.27519
1.266
1.25562
1.23755
1.22129
1.21432
1.20663
1.19092
1.174
1.16897
1.1644
1.15291
1.13478
1.12738
1.12371
1.11751
1.10785
1.09659
1.08989
1.08533
1.0806
1.07419
1.06578
1.0608
1.05767
1.05013
1
1
1
1
1
1
1
1
1
1
1
1
1
1
1
1
1
1
1
1
1
1
1
1
1
1
1
1
1.00004
1.00042
1.00229
1.0117
1.04075
1.10203
1.22068
1.36736
1.51595
1.61933
1.70237
1.76948
1.78685
1.7852
1.77911
1.76381
1.75463
1.74972
1.74155
1.72182
1.69589
1.66716
1.63315
1.59763
1.5706
1.54841
1.52329
1.50343
1.4869
1.46307
1.43691
1.42256
1.40738
1.38509
1.36751
1.35515
1.3376
1.31437
1.3006
1.29076
1.27534
1.25468
1.24244
1.23439
1.22101
1.20056
1.19044
1.18511
1.17477
1.15491
1.1444
1.14138
1.1346
1.11907
1.10542
1.09968
1.09446
1.08774
1.07838
1.06794
1.06245
1.05944
1.05573
1.04747
1.0381
1.03483
1.03239
1.02513
1
1
1
1
1
1
1
1
1
1
1
1
1
1
1
1
1
1
1
1
1
1
1
1
1
1
1.00006
1.00055
1.00317
1.01654
1.05076
1.13145
1.26755
1.4294
1.56757
1.67135
1.7555
1.80334
1.808
1.80541
1.7934
1.77524
1.77016
1.76336
1.74595
1.72142
1.69109
1.65773
1.62653
1.59545
1.56036
1.5413
1.52662
1.50344
1.4795
1.46167
1.43967
1.41449
1.40058
1.38804
1.36731
1.34489
1.33109
1.31723
1.29614
1.27777
1.2681
1.25681
1.23673
1.21874
1.2111
1.20239
1.18421
1.16657
1.16147
1.15537
1.13972
1.12201
1.11732
1.1126
1.10191
1.08738
1.0773
1.07062
1.06516
1.05948
1.05042
1.0396
1.0362
1.03434
1.02954
1.0183
1.01202
1.01069
1.00807
1.00022
1
1
1
1
1
1
1
1
1
1
1
1
1
1
1
1
1
1
1
1
1
1
1
1.00001
1.00009
1.00067
1.00433
1.02026
1.06181
1.16115
1.31088
1.47981
1.61467
1.72237
1.80485
1.82864
1.8274
1.82178
1.8046
1.79364
1.78661
1.77589
1.75097
1.72014
1.68862
1.65289
1.61737
1.58921
1.56166
1.53594
1.52044
1.50527
1.48123
1.45207
1.43529
1.42
1.39889
1.38029
1.36584
1.34672
1.32203
1.30623
1.29557
1.27954
1.25724
1.24401
1.2351
1.22006
1.19767
1.18669
1.18053
1.16827
1.14641
1.13672
1.13298
1.12358
1.10377
1.09337
1.08912
1.08138
1.07009
1.05826
1.04703
1.04149
1.03809
1.03251
1.02112
1.01231
1.01131
1.00953
1.00186
0.990203
0.987779
0.986845
0.982894
0.97522
1
1
1
1
1
1
1
1
1
1
1
1
1
1
1
1
1
1
1
1
1
1.00001
1.00011
1.00083
1.00554
1.02349
1.07344
1.18579
1.35062
1.52019
1.6605
1.77128
1.84356
1.85248
1.84847
1.8354
1.81481
1.80877
1.80113
1.78247
1.75448
1.71923
1.68358
1.65092
1.61667
1.58121
1.55782
1.54009
1.51908
1.49867
1.47955
1.45428
1.4278
1.41334
1.401
1.38155
1.35753
1.34044
1.32487
1.30343
1.28387
1.27288
1.26064
1.239
1.21929
1.21083
1.2011
1.18107
1.1626
1.15673
1.14928
1.1312
1.11311
1.10854
1.10316
1.08854
1.07225
1.06549
1.05899
1.05057
1.04087
1.027
1.01669
1.01478
1.01234
1.00522
0.992477
0.987599
0.986858
0.983169
0.971661
0.964263
0.964235
0.963178
0.957752
0.951273
1
1
1
1
1
1
1
1
1
1
1
1
1
1
1
1
1
1
1
1.00001
1.00014
1.00102
1.00663
1.02689
1.08447
1.20774
1.38273
1.55505
1.70093
1.81315
1.87258
1.87761
1.87265
1.85105
1.82921
1.82303
1.81454
1.78991
1.75746
1.72228
1.68259
1.64582
1.61599
1.5851
1.55357
1.53748
1.52333
1.50066
1.473
1.45004
1.42985
1.41011
1.39374
1.37884
1.35937
1.3341
1.31511
1.30274
1.28627
1.26341
1.24835
1.238
1.22152
1.19713
1.18551
1.17896
1.1655
1.14259
1.13196
1.12673
1.11502
1.09313
1.08352
1.07957
1.07099
1.0555
1.04338
1.0355
1.02846
1.02116
1.01047
0.995255
0.990258
0.990042
0.987024
0.976541
0.96489
0.963016
0.961554
0.954952
0.943482
0.94074
0.941014
0.939168
0.932754
0.927907
1
1
1
1
1
1
1
1
1
1
1
1
1
1
1
1
1
1.00002
1.00017
1.00127
1.00783
1.03012
1.09505
1.22907
1.40796
1.58591
1.73406
1.84901
1.89876
1.90067
1.89242
1.86705
1.85031
1.83908
1.82708
1.79849
1.75933
1.72091
1.68658
1.64644
1.60997
1.58541
1.56016
1.53653
1.52133
1.50398
1.47637
1.44317
1.42279
1.40993
1.39371
1.37267
1.3531
1.33515
1.3135
1.29241
1.27979
1.26673
1.24462
1.22332
1.21304
1.20192
1.18025
1.16097
1.15456
1.14628
1.12657
1.10737
1.10205
1.09525
1.0779
1.06086
1.0551
1.04914
1.03854
1.02434
1.012
1.00497
0.999856
0.992732
0.97988
0.967439
0.965861
0.96543
0.960424
0.946748
0.939327
0.938373
0.935453
0.926234
0.918077
0.917669
0.917591
0.914258
0.908292
0.905159
1
1
1
1
1
1
1
1
1
1
1
1
1
1
1
1.00002
1.00021
1.00156
1.00937
1.03453
1.10776
1.24522
1.42895
1.61855
1.76472
1.87708
1.92053
1.92015
1.90812
1.88229
1.86835
1.85664
1.83493
1.80376
1.76542
1.72248
1.68644
1.65257
1.61479
1.57723
1.55863
1.54436
1.52394
1.50111
1.47789
1.44874
1.41826
1.40167
1.39029
1.37373
1.34866
1.32507
1.30989
1.2935
1.27141
1.25543
1.24432
1.22716
1.20134
1.18744
1.17941
1.16454
1.14033
1.12901
1.12306
1.11015
1.08733
1.07715
1.07242
1.06192
1.04197
1.03069
1.02528
1.01823
1.00774
0.992207
0.98079
0.976999
0.972802
0.964316
0.94996
0.942064
0.941913
0.940405
0.931783
0.917867
0.914691
0.913395
0.908553
0.898908
0.894223
0.894611
0.894111
0.889434
0.884992
0.882891
1
1
1
1
1
1
1
1
1
1
1
1
1
1.00003
1.00024
1.00193
1.01073
1.03906
1.12155
1.26219
1.45393
1.64308
1.79235
1.90557
1.93479
1.93195
1.9185
1.89825
1.88866
1.87728
1.84903
1.81044
1.77046
1.73112
1.69072
1.65242
1.62078
1.58625
1.55245
1.54141
1.53036
1.50572
1.47285
1.44523
1.42203
1.40186
1.38444
1.36791
1.34954
1.32435
1.29745
1.2835
1.27192
1.25213
1.23095
1.21951
1.20728
1.18381
1.1622
1.15439
1.1451
1.12409
1.10395
1.09782
1.09019
1.07181
1.05386
1.04792
1.04144
1.02667
1.00817
1.00061
0.995826
0.98907
0.976855
0.958518
0.951756
0.950173
0.945844
0.935125
0.921317
0.918034
0.917885
0.914546
0.901869
0.891779
0.890437
0.888208
0.881509
0.87329
0.871491
0.871732
0.870494
0.864667
0.862354
0.860765
1
1
1
1
1
1
1
1
1
1
1
1.00003
1.00029
1.00251
1.01173
1.04445
1.13335
1.27917
1.47947
1.66066
1.82453
1.92575
1.9348
1.9359
1.92843
1.92119
1.91512
1.89962
1.86492
1.82291
1.77707
1.73439
1.69536
1.65594
1.62169
1.59039
1.56105
1.54319
1.52988
1.50839
1.47696
1.43834
1.41204
1.39993
1.3867
1.36605
1.34144
1.32109
1.30072
1.275
1.25772
1.24811
1.23312
1.20852
1.19283
1.18329
1.16709
1.14072
1.12828
1.12184
1.10817
1.08388
1.07225
1.06671
1.05517
1.03391
1.02293
1.01796
1.00959
0.992006
0.976475
0.971809
0.967581
0.95971
0.943649
0.927516
0.925472
0.924465
0.918908
0.905274
0.894958
0.894367
0.89352
0.887171
0.872701
0.867447
0.866282
0.862862
0.855202
0.849394
0.849172
0.849109
0.846458
0.841093
0.840463
0.839239
1
1
1
1
1
1
1
1
1
1.00004
1.00039
1.00309
1.01325
1.0533
1.14364
1.29818
1.49461
1.69035
1.86414
1.91007
1.9242
1.9373
1.94302
1.94807
1.94105
1.91758
1.881
1.83725
1.78762
1.73861
1.69658
1.66172
1.62695
1.59124
1.56628
1.55028
1.53337
1.50815
1.47642
1.43874
1.4075
1.39244
1.37967
1.36428
1.34229
1.31225
1.29051
1.27655
1.25716
1.23416
1.2222
1.21106
1.18933
1.16603
1.15622
1.14605
1.12446
1.10347
1.09666
1.08839
1.06852
1.048
1.04146
1.03449
1.01808
0.999628
0.99329
0.988037
0.977291
0.956987
0.946211
0.943827
0.939543
0.929438
0.91088
0.900386
0.900298
0.898819
0.890782
0.875601
0.870437
0.870404
0.868332
0.858318
0.845901
0.8435
0.841801
0.837129
0.829569
0.826449
0.826589
0.825953
0.821855
0.818164
0.81831
0.817059
1
1
1
1
1
1
1
1.00004
1.00051
1.00319
1.01516
1.06224
1.15491
1.31986
1.52217
1.73243
1.85743
1.9016
1.92876
1.95112
1.9656
1.9664
1.95968
1.93597
1.8963
1.84909
1.79843
1.74884
1.70099
1.66878
1.64016
1.60516
1.57036
1.54924
1.53092
1.50569
1.47538
1.4384
1.40412
1.39018
1.37873
1.35782
1.33388
1.31294
1.28676
1.26205
1.25045
1.23768
1.21463
1.19582
1.18525
1.16987
1.14243
1.12739
1.12072
1.10779
1.08408
1.07147
1.06517
1.05243
1.02847
1.0159
1.01075
1.00126
0.981238
0.968509
0.964184
0.958018
0.944183
0.924007
0.918194
0.91644
0.911169
0.898179
0.879961
0.875006
0.875203
0.872594
0.861303
0.848046
0.846574
0.846213
0.842198
0.829373
0.821597
0.820535
0.818291
0.8125
0.806169
0.805161
0.805304
0.8039
0.799091
0.796909
0.79725
0.795907
1
1
1
1
1
1.00006
1.00068
1.00359
1.01878
1.06454
1.16336
1.34423
1.55504
1.74976
1.84693
1.90966
1.9552
1.98177
1.98287
1.98108
1.97038
1.94181
1.90065
1.8537
1.80731
1.76118
1.71139
1.67831
1.65392
1.62302
1.58212
1.54453
1.5243
1.50339
1.47257
1.43779
1.40928
1.38797
1.37393
1.35857
1.33122
1.29776
1.2798
1.2639
1.23959
1.22364
1.21394
1.19669
1.17123
1.157
1.1459
1.12473
1.10147
1.09426
1.08664
1.06815
1.04726
1.03933
1.03132
1.01283
0.991897
0.985545
0.980027
0.966579
0.946228
0.9391
0.935239
0.927726
0.910993
0.893878
0.891223
0.889364
0.882618
0.866901
0.851931
0.850329
0.85003
0.845447
0.831435
0.823005
0.822848
0.821676
0.814875
0.80223
0.798144
0.796804
0.793575
0.786988
0.782726
0.782743
0.782594
0.780354
0.775641
0.774072
0.774498
0.773374
1
1
1
1.00009
1.00071
1.00436
1.02377
1.07003
1.1819
1.36345
1.5781
1.74674
1.85514
1.93259
1.98335
1.99575
1.99555
1.98971
1.97265
1.9426
1.90234
1.85872
1.81504
1.76995
1.72619
1.6929
1.66477
1.63189
1.59408
1.54962
1.51677
1.49834
1.4764
1.44146
1.40777
1.39082
1.37253
1.34932
1.32857
1.30287
1.26647
1.24886
1.23989
1.22132
1.19793
1.18638
1.17407
1.14902
1.12707
1.11815
1.10578
1.08199
1.06809
1.06198
1.04995
1.02669
1.01305
1.00698
0.995969
0.973892
0.960697
0.956035
0.948707
0.930736
0.913967
0.910232
0.906142
0.896876
0.87826
0.865846
0.864633
0.862148
0.853571
0.836067
0.826252
0.826151
0.82501
0.817768
0.803464
0.799661
0.799506
0.797176
0.787324
0.777657
0.775947
0.774254
0.769926
0.763644
0.761879
0.762207
0.761757
0.758866
0.754552
0.753615
0.753957
0.752735
1
1.00009
1.00073
1.00544
1.02392
1.07707
1.20907
1.38398
1.59335
1.75615
1.88243
1.96775
1.99462
1.99508
1.99272
1.98787
1.97333
1.94526
1.90563
1.86128
1.82305
1.78363
1.73797
1.69855
1.67121
1.64014
1.59867
1.55421
1.52282
1.49954
1.47629
1.44861
1.41096
1.38134
1.36807
1.34991
1.31906
1.29354
1.27423
1.24668
1.22333
1.21387
1.19994
1.17363
1.15594
1.14581
1.12784
1.10108
1.09004
1.08245
1.0649
1.04274
1.03467
1.02712
1.00927
0.98867
0.981519
0.97505
0.959635
0.938897
0.93128
0.926361
0.916307
0.895397
0.884324
0.881905
0.877289
0.866166
0.846928
0.838799
0.838008
0.834727
0.824033
0.806812
0.801578
0.801396
0.799004
0.788871
0.777038
0.775749
0.77506
0.770748
0.75916
0.753446
0.752538
0.750464
0.745583
0.740492
0.739738
0.740046
0.739338
0.7362
0.732402
0.731759
0.732143
0.731084
1.00066
1.00689
1.02589
1.08691
1.21257
1.40906
1.61331
1.77557
1.91393
1.98645
1.99127
1.99022
1.98579
1.98322
1.97557
1.95407
1.91798
1.87595
1.83467
1.79205
1.74859
1.70236
1.66752
1.64187
1.60987
1.56287
1.52167
1.50375
1.48276
1.44903
1.41304
1.38053
1.35595
1.34094
1.32259
1.28983
1.26124
1.24757
1.22894
1.20046
1.18427
1.17267
1.15012
1.12522
1.11563
1.10458
1.08172
1.06405
1.05699
1.0454
1.02143
1.00648
1.00066
0.990065
0.968442
0.955675
0.950585
0.941939
0.922058
0.906454
0.901418
0.89585
0.883044
0.862668
0.856476
0.854227
0.848705
0.83553
0.817475
0.813059
0.812075
0.807845
0.795107
0.780363
0.778313
0.777718
0.773777
0.761604
0.754061
0.753613
0.752165
0.74511
0.734505
0.731991
0.730842
0.727963
0.72234
0.719108
0.719069
0.719009
0.717806
0.71409
0.711342
0.711329
0.711451
0.710285
1.02737
1.10647
1.23228
1.41562
1.61651
1.82448
1.94557
1.96406
1.98172
1.99192
1.99567
1.99569
1.98778
1.96501
1.93177
1.88792
1.84453
1.80177
1.75508
1.70648
1.66908
1.64136
1.6117
1.57631
1.53312
1.5003
1.48097
1.45541
1.41415
1.37571
1.3541
1.33273
1.31165
1.29136
1.26271
1.23401
1.22083
1.20601
1.17735
1.15277
1.14194
1.12618
1.09913
1.08576
1.07858
1.06275
1.03991
1.02941
1.02126
1.00301
0.980135
0.972633
0.966616
0.951585
0.931752
0.924637
0.919276
0.907266
0.885636
0.875878
0.871843
0.865421
0.850117
0.832564
0.82903
0.82649
0.81992
0.804923
0.789433
0.787005
0.78555
0.78002
0.765764
0.754807
0.753763
0.752397
0.746469
0.734089
0.729933
0.729236
0.726474
0.716975
0.709681
0.709147
0.707994
0.704629
0.69968
0.697629
0.698146
0.698174
0.696879
0.693393
0.691243
0.691793
0.692018
0.691026
1.24764
1.45705
1.6484
1.82714
1.92848
1.9657
1.98842
2.00856
2.01398
2.01051
1.99821
1.9712
1.93425
1.89056
1.84395
1.80427
1.76526
1.71578
1.66698
1.64107
1.61681
1.57958
1.53622
1.50269
1.47802
1.45356
1.42232
1.37915
1.34692
1.33078
1.3088
1.27895
1.25679
1.23513
1.20879
1.19245
1.17901
1.1543
1.1242
1.11156
1.10064
1.07768
1.05714
1.05007
1.03986
1.01742
1.00033
0.993212
0.982413
0.959423
0.944868
0.940123
0.932244
0.913301
0.898907
0.893743
0.887236
0.871476
0.851989
0.846411
0.84259
0.835155
0.817996
0.804376
0.802291
0.79934
0.791761
0.775423
0.763889
0.762654
0.760709
0.753843
0.738669
0.731897
0.731142
0.728974
0.720603
0.710251
0.708314
0.706994
0.702005
0.692079
0.68835
0.687363
0.685601
0.681361
0.677456
0.676842
0.676963
0.676676
0.674764
0.671255
0.669765
0.670594
0.671081
0.67055
1.68244
1.83108
1.91041
1.9797
2.02009
2.02383
2.02294
2.01898
2.01031
1.98741
1.9468
1.89696
1.84733
1.80318
1.76461
1.72659
1.68107
1.63926
1.61271
1.58374
1.53991
1.49262
1.47064
1.45182
1.42325
1.38645
1.34813
1.32271
1.30598
1.28143
1.24473
1.22164
1.20675
1.18403
1.1623
1.14898
1.13051
1.10042
1.08237
1.0733
1.05666
1.03114
1.01994
1.01283
0.996596
0.973529
0.963888
0.957244
0.942127
0.920002
0.912189
0.907468
0.896522
0.876439
0.867041
0.862305
0.85444
0.836086
0.821158
0.817518
0.813474
0.804796
0.786819
0.776624
0.774803
0.771335
0.762619
0.746126
0.737789
0.736532
0.733842
0.725333
0.71116
0.707313
0.706397
0.703193
0.693183
0.686249
0.685244
0.683299
0.676232
0.668147
0.667242
0.66643
0.664214
0.660135
0.657138
0.657244
0.657462
0.657004
0.654814
0.651807
0.651268
0.652387
0.652799
0.652347
1.94587
1.98018
2.00235
2.02168
2.02744
2.02495
2.01201
1.98609
1.95078
1.90851
1.85792
1.80958
1.77097
1.73028
1.68624
1.64567
1.61171
1.5797
1.54347
1.4978
1.45835
1.44029
1.42073
1.38844
1.35065
1.32025
1.29711
1.27679
1.25039
1.21268
1.18858
1.1776
1.15915
1.13214
1.11636
1.10338
1.07905
1.05384
1.04321
1.03215
1.00889
0.989484
0.982683
0.973376
0.952409
0.935739
0.92916
0.920739
0.900995
0.88437
0.87951
0.874013
0.859666
0.841709
0.835745
0.831142
0.822126
0.803089
0.792574
0.789627
0.785287
0.775537
0.757653
0.750733
0.749124
0.745359
0.73546
0.719474
0.714384
0.712941
0.709454
0.698746
0.687221
0.684986
0.683399
0.678181
0.667734
0.663936
0.662686
0.659399
0.650558
0.645379
0.645043
0.644233
0.641894
0.638075
0.635736
0.636088
0.636675
0.636372
0.634532
0.632289
0.631936
0.633189
0.633914
0.633697
2.0162
2.02314
2.02514
2.02461
2.01868
1.99731
1.95874
1.91398
1.86784
1.81615
1.77108
1.73637
1.69402
1.64144
1.60512
1.57903
1.54429
1.4994
1.45648
1.42953
1.41053
1.38554
1.34968
1.31678
1.29365
1.26895
1.24319
1.21757
1.18516
1.15888
1.14711
1.13241
1.10452
1.08255
1.07174
1.05583
1.02765
1.01104
1.00264
0.987772
0.96306
0.951838
0.945725
0.932971
0.911295
0.900358
0.894232
0.883129
0.862023
0.851493
0.847238
0.840362
0.82342
0.809356
0.804605
0.799689
0.789582
0.771327
0.763442
0.760357
0.755523
0.744816
0.728128
0.722964
0.721166
0.71696
0.70609
0.692205
0.689004
0.687296
0.682837
0.670899
0.663149
0.662116
0.660187
0.653277
0.645122
0.643195
0.641541
0.636512
0.627704
0.625823
0.625599
0.624375
0.621248
0.617178
0.616259
0.61687
0.617018
0.616316
0.614315
0.612469
0.612067
0.61312
0.613955
0.613681
2.02965
2.0283
2.02113
2.00221
1.96979
1.92669
1.87859
1.82866
1.7759
1.73273
1.69804
1.65485
1.59842
1.56193
1.54
1.50592
1.45481
1.41678
1.3981
1.37704
1.34591
1.30838
1.28211
1.26447
1.239
1.20619
1.1822
1.15967
1.13285
1.11536
1.10222
1.07978
1.05105
1.03748
1.02704
1.00557
0.980256
0.970445
0.961851
0.942714
0.922565
0.915396
0.908288
0.891552
0.872712
0.86501
0.858638
0.844864
0.826022
0.819713
0.815601
0.807398
0.789532
0.779577
0.775576
0.770475
0.759679
0.742689
0.736738
0.733585
0.728433
0.716557
0.701483
0.698022
0.695973
0.691142
0.678798
0.667903
0.665303
0.662964
0.656809
0.645134
0.640249
0.638733
0.635621
0.627002
0.621599
0.620453
0.618385
0.612133
0.605093
0.604669
0.604758
0.603561
0.600495
0.597459
0.596852
0.597815
0.598189
0.597693
0.596542
0.595363
0.594303
0.59435
0.594569
0.593928
2.027
2.00953
1.97823
1.93585
1.88966
1.83998
1.78755
1.73704
1.69448
1.65602
1.61165
1.55945
1.52323
1.49908
1.46407
1.41206
1.37845
1.36287
1.33963
1.30315
1.26644
1.24544
1.23069
1.20755
1.1703
1.1454
1.13091
1.10893
1.08366
1.06815
1.05272
1.02563
1.00391
0.994157
0.98168
0.956741
0.939215
0.931842
0.921088
0.89938
0.885195
0.878922
0.869697
0.849642
0.835104
0.829438
0.822707
0.807122
0.792592
0.787628
0.783087
0.773558
0.75668
0.74885
0.744655
0.739214
0.728003
0.712392
0.707265
0.704031
0.698668
0.686488
0.673704
0.671305
0.669179
0.663902
0.651302
0.643783
0.642181
0.639723
0.632329
0.62283
0.620016
0.6181
0.613315
0.604981
0.601636
0.600038
0.596769
0.588873
0.584014
0.584028
0.583799
0.582174
0.579021
0.576665
0.576432
0.577505
0.577956
0.577495
0.576947
0.576443
0.574382
0.573248
0.572678
0.573516
1.99042
1.9465
1.89768
1.84989
1.79819
1.74241
1.6959
1.656
1.61167
1.56339
1.51886
1.486
1.45726
1.41967
1.37006
1.34057
1.3251
1.29988
1.25971
1.22699
1.20922
1.19296
1.17155
1.13837
1.10973
1.09721
1.08167
1.05371
1.03217
1.01967
1.00227
0.974528
0.959521
0.950971
0.93593
0.912541
0.90077
0.893238
0.879378
0.858626
0.848395
0.841793
0.829766
0.809186
0.800069
0.795674
0.788494
0.772094
0.761735
0.757775
0.753065
0.742731
0.727195
0.721019
0.71679
0.711071
0.698912
0.68492
0.680828
0.677557
0.671755
0.658721
0.648526
0.645904
0.643148
0.636664
0.624632
0.619243
0.617305
0.614099
0.605509
0.598645
0.596846
0.594846
0.589063
0.582427
0.580693
0.578953
0.574494
0.56688
0.565194
0.565458
0.565035
0.563044
0.559918
0.558068
0.558399
0.558993
0.558714
0.557767
0.556753
0.554972
0.552372
0.552335
0.553743
0.562259
1.91188
1.85596
1.80761
1.75522
1.69648
1.65155
1.6148
1.56738
1.51344
1.47538
1.44731
1.41426
1.37252
1.32855
1.30326
1.28575
1.258
1.21634
1.18908
1.17454
1.15437
1.13041
1.10542
1.07853
1.06147
1.04815
1.02586
0.997746
0.983247
0.972033
0.950959
0.925846
0.916219
0.908157
0.890722
0.870994
0.862053
0.853846
0.837225
0.819434
0.811506
0.804467
0.790249
0.773029
0.76637
0.761669
0.753054
0.737239
0.729165
0.724939
0.719784
0.709188
0.695104
0.689745
0.68573
0.680115
0.668019
0.656128
0.653459
0.650667
0.644966
0.632333
0.624993
0.623044
0.620209
0.612782
0.602654
0.598831
0.596406
0.591767
0.58314
0.577919
0.575506
0.57241
0.565203
0.56003
0.558567
0.556581
0.551951
0.545937
0.54486
0.545254
0.545008
0.543659
0.541833
0.540049
0.540155
0.540629
0.540006
0.53877
0.536881
0.535824
0.536815
0.540841
0.547264
0.588178
1.81574
1.76132
1.70922
1.65062
1.6044
1.5688
1.52212
1.4647
1.42913
1.40487
1.3701
1.32356
1.28594
1.26521
1.24521
1.214
1.1728
1.15033
1.13865
1.11713
1.08646
1.06628
1.04885
1.02809
1.01101
0.994502
0.969546
0.94832
0.936939
0.924096
0.899687
0.881287
0.874266
0.864979
0.845101
0.830223
0.823285
0.814339
0.796129
0.783056
0.777155
0.770023
0.754362
0.741014
0.736052
0.731355
0.72187
0.707283
0.700876
0.696303
0.690477
0.678978
0.666154
0.661019
0.65682
0.650746
0.638228
0.62867
0.625952
0.622975
0.616826
0.604847
0.598858
0.596643
0.593485
0.585154
0.577043
0.575324
0.573543
0.568757
0.56145
0.5579
0.555522
0.551455
0.544209
0.540861
0.539178
0.536543
0.531096
0.525996
0.525364
0.525427
0.524814
0.523433
0.521249
0.519385
0.518222
0.517357
0.51658
0.516283
0.518357
0.522774
0.53074
0.554851
0.603399
0.75177
1.71465
1.66064
1.60314
1.55577
1.51864
1.47361
1.41772
1.38176
1.35854
1.32445
1.27528
1.24128
1.22424
1.20296
1.1689
1.1297
1.1106
1.09979
1.07992
1.04419
1.02377
1.014
0.99657
0.973713
0.957818
0.942182
0.919409
0.902477
0.891199
0.876025
0.852292
0.840149
0.833519
0.821517
0.801711
0.791154
0.784696
0.773586
0.755245
0.745944
0.740663
0.732372
0.716367
0.706302
0.701583
0.696478
0.686655
0.673909
0.669089
0.664922
0.659267
0.648055
0.63728
0.633705
0.630158
0.624285
0.6122
0.605637
0.603522
0.600482
0.593337
0.582449
0.577487
0.574575
0.570089
0.561471
0.554884
0.552214
0.549682
0.543516
0.5373
0.535199
0.533368
0.529261
0.52302
0.520994
0.519504
0.516895
0.511799
0.508601
0.508455
0.508084
0.507073
0.505181
0.501228
0.499363
0.498977
0.499876
0.503108
0.50793
0.519516
0.549668
0.610924
0.724531
0.851973
0.994985
1.60564
1.55544
1.50564
1.46649
1.42165
1.3693
1.3344
1.31036
1.27624
1.22819
1.19632
1.18047
1.15823
1.12293
1.08805
1.07115
1.05851
1.03872
1.00596
0.982303
0.97504
0.96255
0.937082
0.918319
0.907791
0.892571
0.869397
0.855604
0.84558
0.829267
0.809485
0.800891
0.793833
0.778965
0.762407
0.755461
0.749116
0.735247
0.719597
0.714005
0.709051
0.699111
0.68402
0.676736
0.671477
0.66505
0.654763
0.644211
0.639052
0.634161
0.627847
0.616786
0.607493
0.603667
0.599981
0.593991
0.582536
0.577618
0.576121
0.573489
0.5663
0.557339
0.554824
0.552759
0.548395
0.540446
0.535675
0.532905
0.529117
0.522364
0.517578
0.515117
0.512566
0.507174
0.501158
0.498886
0.497117
0.494277
0.489452
0.485874
0.485732
0.485415
0.484164
0.480792
0.47805
0.47854
0.48209
0.489543
0.505854
0.548849
0.642715
0.754389
0.891268
0.972308
1.01373
1.05365
1.4951
1.45303
1.4132
1.36834
1.31842
1.28508
1.261
1.22638
1.17993
1.1509
1.13525
1.11188
1.07563
1.04649
1.03183
1.01665
0.994753
0.966702
0.944331
0.935521
0.92526
0.902149
0.87785
0.869517
0.861091
0.841168
0.819544
0.810856
0.801641
0.783304
0.767594
0.760595
0.751691
0.734368
0.722257
0.716688
0.708916
0.693194
0.682643
0.678266
0.672112
0.660873
0.64911
0.64468
0.639831
0.633516
0.624484
0.615975
0.611995
0.607868
0.602089
0.591505
0.584379
0.580889
0.57689
0.569593
0.559267
0.554424
0.551766
0.547978
0.540097
0.532646
0.529674
0.527309
0.521998
0.514406
0.512051
0.510449
0.50704
0.501146
0.498363
0.496318
0.493441
0.487783
0.483043
0.480629
0.47833
0.474008
0.467569
0.465966
0.466161
0.46625
0.464882
0.464895
0.466768
0.472656
0.493869
0.559406
0.661361
0.797037
0.913989
1.01026
1.07869
1.08841
1.08488
1.08247
1.39212
1.3547
1.3151
1.26581
1.23206
1.20943
1.17659
1.13053
1.10292
1.08849
1.06526
1.02774
1.00211
0.990579
0.974491
0.949141
0.924627
0.907489
0.896196
0.884994
0.865922
0.839692
0.829905
0.824516
0.812203
0.78768
0.776085
0.770821
0.759224
0.739774
0.730377
0.724869
0.713199
0.696422
0.689499
0.684383
0.673431
0.658704
0.652236
0.646577
0.637208
0.626223
0.618428
0.612966
0.606555
0.599654
0.59132
0.583223
0.579011
0.575231
0.570035
0.560049
0.555161
0.553355
0.550543
0.543923
0.535366
0.532986
0.531091
0.527166
0.519254
0.513416
0.510134
0.506347
0.49961
0.493277
0.490036
0.487437
0.482786
0.47665
0.473757
0.471745
0.468389
0.461911
0.458569
0.456658
0.454017
0.449295
0.446512
0.446872
0.449246
0.452336
0.455798
0.464535
0.496369
0.562204
0.689112
0.83502
0.951883
1.02452
1.04097
1.05913
1.08793
1.10111
1.09697
1.0901
1.29327
1.25635
1.2146
1.17661
1.15397
1.12588
1.08188
1.05222
1.03908
1.01868
0.981134
0.955045
0.946288
0.932555
0.904814
0.880582
0.869517
0.858693
0.844029
0.826575
0.805785
0.793487
0.786539
0.775925
0.757067
0.74133
0.735181
0.726602
0.709639
0.695684
0.689874
0.68241
0.666562
0.655181
0.651726
0.645924
0.63329
0.624245
0.619985
0.613536
0.604986
0.598302
0.592404
0.58623
0.580264
0.574519
0.566679
0.559212
0.554443
0.549898
0.543438
0.534307
0.528909
0.525848
0.52233
0.515156
0.508129
0.505983
0.504214
0.50021
0.492984
0.489975
0.488216
0.485135
0.478862
0.473547
0.470436
0.467003
0.460711
0.456429
0.454409
0.451979
0.446833
0.442267
0.442366
0.443275
0.442376
0.441349
0.441972
0.444822
0.453242
0.471946
0.515244
0.600293
0.725772
0.870392
1.00569
1.05367
1.08398
1.09111
1.08987
1.08561
1.08613
1.08923
1.08904
1.08567
1.19917
1.15739
1.12103
1.09634
1.07197
1.03357
1.00033
0.986843
0.970296
0.936263
0.906358
0.898055
0.887701
0.862334
0.835961
0.827341
0.819196
0.803149
0.784974
0.770753
0.760339
0.751686
0.740619
0.725816
0.713033
0.70673
0.699331
0.684402
0.669145
0.662542
0.65637
0.64295
0.627328
0.622287
0.618154
0.608133
0.596351
0.590138
0.584072
0.57575
0.568579
0.563136
0.555905
0.549733
0.545921
0.54235
0.535443
0.529496
0.52757
0.5252
0.520071
0.512521
0.508931
0.506167
0.501762
0.493959
0.487885
0.484612
0.481108
0.474944
0.467682
0.464386
0.462188
0.457397
0.450227
0.447499
0.445626
0.442031
0.437628
0.437289
0.437915
0.437026
0.435657
0.436218
0.439275
0.445866
0.457044
0.478391
0.503301
0.539202
0.601313
0.683977
0.785599
0.891279
0.977655
1.03225
1.05428
1.06661
1.07972
1.09477
1.0948
1.08997
1.08455
1.08175
1.08114
1.07934
1.10393
1.06411
1.03629
1.01499
0.983497
0.94844
0.93315
0.920167
0.892545
0.859073
0.849014
0.841505
0.821119
0.793238
0.783714
0.777561
0.762042
0.741357
0.730567
0.72318
0.713146
0.699653
0.686398
0.676079
0.669002
0.662138
0.650555
0.635741
0.628413
0.623684
0.614909
0.599595
0.593324
0.591352
0.585659
0.57525
0.569247
0.565024
0.557551
0.549429
0.543678
0.537773
0.529722
0.523026
0.518138
0.512985
0.505244
0.499133
0.496279
0.493873
0.488723
0.482321
0.480483
0.478859
0.47526
0.467642
0.463785
0.461995
0.45883
0.451953
0.447551
0.445155
0.44211
0.436666
0.435222
0.434927
0.433888
0.432545
0.433192
0.436476
0.443545
0.457375
0.478382
0.505774
0.546263
0.588359
0.63385
0.684867
0.730641
0.782831
0.853361
0.941261
1.00841
1.06624
1.09187
1.09565
1.08499
1.07027
1.07135
1.07812
1.08292
1.0836
1.08221
1.08005
1.07914
1.07765
1.00966
0.978216
0.955139
0.929931
0.89579
0.877118
0.866482
0.846407
0.812837
0.79791
0.792181
0.778116
0.7509
0.739095
0.735308
0.724681
0.702089
0.692509
0.68893
0.681514
0.667408
0.65388
0.645635
0.639527
0.632821
0.622213
0.607437
0.598087
0.593176
0.585532
0.571628
0.560778
0.557112
0.552649
0.54349
0.535759
0.53201
0.527015
0.518599
0.514746
0.512512
0.508516
0.501592
0.497727
0.494963
0.490621
0.483613
0.479121
0.475977
0.471865
0.464722
0.458731
0.456133
0.453433
0.447134
0.440646
0.438437
0.436957
0.433351
0.430568
0.430635
0.430481
0.42974
0.43048
0.434423
0.44329
0.458796
0.482655
0.512508
0.554177
0.601208
0.649711
0.690317
0.726959
0.75957
0.78824
0.813158
0.825742
0.845182
0.878565
0.922146
0.971415
1.02429
1.0746
1.09115
1.09434
1.09425
1.08797
1.07931
1.07495
1.07754
1.08076
1.08264
1.08234
1.08053
1.07801
0.917733
0.896604
0.874342
0.844438
0.821404
0.811911
0.79817
0.769515
0.748547
0.74229
0.732244
0.708948
0.691624
0.687046
0.679857
0.661024
0.644838
0.641516
0.636471
0.625571
0.612352
0.604336
0.600025
0.595099
0.588602
0.576867
0.566996
0.564443
0.561092
0.551917
0.540613
0.536141
0.532898
0.525751
0.516697
0.510694
0.50538
0.497498
0.489215
0.484217
0.48029
0.474257
0.467107
0.46389
0.462007
0.457765
0.451105
0.450081
0.44904
0.445234
0.438357
0.436204
0.435016
0.432219
0.427902
0.427596
0.427664
0.427276
0.428231
0.43165
0.441058
0.460323
0.484811
0.517944
0.564545
0.611011
0.658944
0.707439
0.752044
0.791522
0.826261
0.84988
0.861121
0.870435
0.877934
0.884454
0.89152
0.899382
0.915814
0.94404
0.980093
0.999911
1.02029
1.04444
1.06073
1.07036
1.07445
1.07541
1.07425
1.07431
1.07623
1.07782
1.07902
1.07917
1.07821
1.07632
0.833309
0.814451
0.790947
0.765537
0.753882
0.744153
0.723506
0.700082
0.693256
0.687338
0.670228
0.65093
0.646903
0.643075
0.629288
0.610666
0.60582
0.60279
0.593318
0.579322
0.570232
0.564754
0.558645
0.551368
0.542596
0.532653
0.526297
0.522258
0.516052
0.505923
0.500333
0.498266
0.494735
0.486725
0.483311
0.482031
0.479379
0.472683
0.466875
0.463496
0.459372
0.452534
0.44695
0.443338
0.438794
0.432205
0.428578
0.427493
0.426229
0.42311
0.421038
0.421383
0.421755
0.422818
0.427064
0.437001
0.456233
0.485661
0.522555
0.565659
0.622523
0.675936
0.715796
0.756796
0.782834
0.802503
0.825277
0.833861
0.842084
0.846969
0.852484
0.86121
0.870638
0.883104
0.889717
0.895236
0.903302
0.913602
0.933444
0.967063
1.01805
1.04126
1.04212
1.04609
1.05413
1.06026
1.06414
1.0678
1.07039
1.07266
1.07482
1.07617
1.0766
1.07558
1.07518
1.07328
0.753857
0.73558
0.712955
0.697475
0.68814
0.672995
0.650459
0.639019
0.633215
0.621771
0.601593
0.592847
0.590083
0.582775
0.564999
0.557674
0.556886
0.552707
0.541141
0.533348
0.530546
0.526229
0.520954
0.516779
0.511687
0.505499
0.500622
0.495468
0.488098
0.48062
0.475131
0.469469
0.461537
0.453155
0.448875
0.446659
0.442537
0.435364
0.432819
0.430916
0.427001
0.422063
0.42168
0.420957
0.418205
0.416992
0.417395
0.418366
0.420077
0.423688
0.432737
0.453617
0.48286
0.520769
0.571738
0.625464
0.678089
0.730816
0.77707
0.822259
0.8591
0.872584
0.883224
0.893746
0.893839
0.893093
0.893827
0.893439
0.890327
0.884367
0.878249
0.87056
0.86953
0.871922
0.875349
0.880084
0.889771
0.904883
0.930848
0.973928
1.0202
1.05562
1.0628
1.06228
1.06236
1.06185
1.06259
1.06515
1.06844
1.07108
1.07359
1.07537
1.07535
1.07387
1.07379
1.07304
0.675731
0.659531
0.642857
0.63414
0.624753
0.606903
0.594988
0.590952
0.583929
0.567209
0.55531
0.552115
0.546557
0.532885
0.52117
0.517277
0.512826
0.502715
0.493238
0.489379
0.4854
0.478095
0.473016
0.470297
0.465783
0.461787
0.460888
0.459362
0.455194
0.452236
0.45023
0.446668
0.440261
0.435467
0.432437
0.428652
0.423166
0.41895
0.416657
0.414345
0.411186
0.409299
0.409713
0.411216
0.415536
0.425365
0.443961
0.475308
0.518635
0.56429
0.621381
0.68372
0.73258
0.777927
0.806313
0.82561
0.845864
0.859587
0.867173
0.870959
0.875219
0.880965
0.892241
0.902784
0.903248
0.902676
0.903782
0.902824
0.900151
0.897681
0.895488
0.89142
0.885502
0.880008
0.880195
0.883321
0.892062
0.910187
0.938273
0.973582
1.01239
1.04353
1.06068
1.06318
1.06293
1.06336
1.06508
1.06728
1.06964
1.07202
1.07429
1.0754
1.075
1.0735
1.07306
1.07259
0.598639
0.584273
0.571573
0.563341
0.551299
0.536585
0.530503
0.526514
0.516733
0.502509
0.500425
0.498981
0.491589
0.480165
0.479463
0.479125
0.473914
0.466718
0.46567
0.464014
0.4587
0.453464
0.450405
0.447011
0.441821
0.436443
0.432078
0.427538
0.42273
0.419308
0.417412
0.413838
0.410162
0.410465
0.410747
0.410209
0.409448
0.409607
0.410832
0.414381
0.421928
0.440097
0.471861
0.511524
0.564395
0.623593
0.680856
0.738936
0.789547
0.834425
0.878079
0.895755
0.906949
0.918553
0.918549
0.91738
0.917255
0.916565
0.912758
0.903974
0.892126
0.882602
0.882796
0.885224
0.886626
0.887859
0.889836
0.891824
0.892804
0.893735
0.894362
0.893435
0.893094
0.893022
0.892729
0.89499
0.90475
0.925325
0.953526
0.985341
1.0143
1.033
1.04524
1.0526
1.05677
1.06
1.06332
1.066
1.06777
1.06953
1.07135
1.073
1.07391
1.07402
1.07322
1.07149
0.53352
0.523758
0.517473
0.510733
0.499529
0.492592
0.488184
0.480365
0.469526
0.463049
0.459605
0.453773
0.444554
0.438572
0.436205
0.433297
0.427089
0.423487
0.423194
0.421436
0.419791
0.420707
0.423007
0.422741
0.421256
0.419611
0.417659
0.415016
0.413084
0.411383
0.40874
0.405527
0.403544
0.404194
0.407031
0.414679
0.431448
0.461165
0.507721
0.558165
0.612303
0.680292
0.737903
0.785705
0.821113
0.841664
0.861971
0.878872
0.885811
0.890877
0.89768
0.903449
0.913413
0.925709
0.927768
0.926003
0.925654
0.924374
0.92175
0.917724
0.91195
0.903328
0.896223
0.890047
0.887603
0.884981
0.882392
0.882205
0.882552
0.883737
0.887199
0.891204
0.894174
0.895949
0.898629
0.904569
0.917861
0.94271
0.977921
1.00658
1.02322
1.0345
1.04177
1.04676
1.05133
1.05576
1.06032
1.06482
1.06683
1.0682
1.06957
1.07129
1.07283
1.07372
1.07294
1.07003
0.464661
0.456837
0.450778
0.443002
0.436637
0.436489
0.434458
0.429124
0.427361
0.428804
0.4285
0.424989
0.422886
0.422521
0.421227
0.417864
0.414058
0.411802
0.409478
0.406311
0.402715
0.400979
0.400626
0.400603
0.401207
0.402617
0.404164
0.405244
0.406574
0.409318
0.414524
0.426059
0.451761
0.488417
0.538448
0.603851
0.66935
0.735673
0.794484
0.841248
0.889713
0.919545
0.926897
0.936885
0.940888
0.941283
0.942257
0.941612
0.93733
0.92816
0.914698
0.902603
0.901658
0.904159
0.90735
0.909223
0.911481
0.912272
0.912339
0.911274
0.909222
0.907926
0.906218
0.902698
0.897431
0.892252
0.888862
0.886611
0.885312
0.885494
0.885339
0.886217
0.888144
0.890843
0.895672
0.905543
0.922598
0.94973
0.985591
1.01728
1.03646
1.04026
1.04313
1.04679
1.05102
1.05538
1.06013
1.06424
1.06577
1.06679
1.06777
1.06907
1.07026
1.07118
1.07074
1.06762
0.429817
0.425872
0.420384
0.415779
0.41214
0.408672
0.404043
0.399745
0.398194
0.398044
0.397578
0.396843
0.397469
0.39948
0.400345
0.400426
0.401376
0.402517
0.402738
0.402502
0.4016
0.400514
0.398905
0.398997
0.400137
0.40455
0.415466
0.437162
0.472318
0.520855
0.58024
0.657091
0.729235
0.779147
0.8274
0.857811
0.879389
0.904827
0.910725
0.915651
0.921937
0.927982
0.93168
0.942449
0.949379
0.948502
0.948371
0.94741
0.945186
0.941101
0.934511
0.923545
0.915042
0.908875
0.906728
0.90475
0.902753
0.900796
0.900466
0.900586
0.902256
0.905084
0.90581
0.90461
0.902134
0.89971
0.897399
0.895359
0.893011
0.890821
0.888913
0.88864
0.889279
0.891223
0.89595
0.906302
0.925565
0.953122
0.985049
1.01722
1.03618
1.04466
1.04833
1.05115
1.05397
1.05724
1.06153
1.06377
1.06463
1.06538
1.06622
1.0675
1.06892
1.06999
1.06991
1.06682
0.396921
0.398722
0.399851
0.40234
0.404099
0.403802
0.40291
0.401132
0.399068
0.397923
0.396889
0.396018
0.395833
0.395771
0.395603
0.395614
0.395998
0.396831
0.398048
0.399997
0.403826
0.412311
0.428701
0.454864
0.499424
0.556551
0.618319
0.689722
0.764899
0.829293
0.885105
0.925952
0.947833
0.964138
0.975913
0.977328
0.975924
0.97287
0.967935
0.959244
0.945949
0.92922
0.923703
0.925098
0.928437
0.930506
0.934181
0.935725
0.934806
0.932346
0.929329
0.927959
0.926405
0.923378
0.918519
0.912612
0.907484
0.904392
0.90186
0.901219
0.899808
0.899387
0.899591
0.900808
0.900303
0.898822
0.897117
0.895938
0.894884
0.893807
0.893326
0.893013
0.893141
0.894532
0.899024
0.909855
0.930055
0.957975
0.987906
1.01441
1.03262
1.0421
1.04649
1.04939
1.05245
1.05597
1.05999
1.06262
1.06341
1.06402
1.06465
1.06541
1.06639
1.06712
1.06686
1.06496
0.38903
0.389686
0.390334
0.39177
0.393684
0.39521
0.396637
0.39761
0.398461
0.39884
0.398592
0.398111
0.397412
0.397535
0.398249
0.400716
0.406519
0.41854
0.442557
0.477214
0.526798
0.598462
0.666809
0.729726
0.79475
0.844926
0.885761
0.926951
0.934942
0.941212
0.949633
0.950997
0.954944
0.966327
0.979277
0.982855
0.981104
0.977775
0.972927
0.967649
0.961333
0.952353
0.942039
0.934512
0.929789
0.92778
0.925728
0.923513
0.921523
0.921326
0.921971
0.924329
0.925746
0.925126
0.92321
0.920103
0.916602
0.913347
0.910029
0.907226
0.904397
0.901774
0.899946
0.898061
0.896044
0.894905
0.894548
0.894003
0.89382
0.893669
0.893474
0.893641
0.894533
0.897085
0.903088
0.91576
0.93784
0.96671
0.994636
1.01632
1.02944
1.03724
1.04211
1.0463
1.05103
1.05552
1.05944
1.06257
1.06371
1.06437
1.06501
1.0658
1.0667
1.06727
1.06685
1.06407
0.403596
0.403782
0.404466
0.405393
0.406444
0.407704
0.409187
0.4112
0.413729
0.416383
0.419352
0.423174
0.430821
0.443767
0.468407
0.510845
0.559455
0.623185
0.69945
0.764853
0.82726
0.873746
0.910519
0.95005
0.968501
0.976037
0.984532
0.995703
0.997476
0.994917
0.989996
0.98329
0.975727
0.96953
0.969618
0.968734
0.966739
0.963969
0.959091
0.955857
0.954217
0.951498
0.948705
0.944907
0.940308
0.934803
0.928972
0.924522
0.922062
0.919587
0.919164
0.920022
0.922729
0.924409
0.92378
0.922064
0.919231
0.916374
0.914159
0.911993
0.909461
0.906292
0.902992
0.899571
0.896598
0.894013
0.891815
0.890257
0.890235
0.890737
0.891535
0.892547
0.894283
0.897957
0.905352
0.919186
0.942153
0.972194
1.00054
1.01779
1.02806
1.03477
1.04009
1.04528
1.05034
1.05463
1.0583
1.06175
1.06351
1.06452
1.06552
1.06657
1.06752
1.06802
1.06774
1.06531
0.4214
0.423305
0.424615
0.42452
0.423732
0.423949
0.425683
0.430324
0.439304
0.458113
0.484647
0.525463
0.58388
0.645524
0.715855
0.775662
0.828918
0.879119
0.904451
0.928946
0.951727
0.959939
0.967426
0.979385
0.984224
0.988277
0.997704
1.0093
1.01109
1.00918
1.00622
1.00254
0.996753
0.987776
0.976877
0.966687
0.958312
0.950398
0.943985
0.942864
0.943402
0.944784
0.945362
0.944946
0.943436
0.939883
0.934666
0.929464
0.927751
0.926386
0.924585
0.923425
0.923352
0.922963
0.921863
0.919474
0.916701
0.915111
0.913815
0.912105
0.909792
0.906714
0.903115
0.9
0.897118
0.894424
0.891946
0.890053
0.88936
0.889537
0.890281
0.891489
0.893475
0.897605
0.905837
0.920686
0.944022
0.972751
1.00013
1.01913
1.0299
1.03649
1.04182
1.04618
1.04931
1.05243
1.05613
1.05898
1.06066
1.06203
1.0633
1.06456
1.06539
1.06529
1.06502
1.06318
0.429644
0.433581
0.437488
0.443794
0.453881
0.473713
0.505754
0.545047
0.601924
0.671731
0.73537
0.805773
0.867546
0.909785
0.936496
0.94504
0.955704
0.968167
0.970764
0.972932
0.980692
0.987598
0.990368
0.992514
0.992766
0.993571
0.996996
1.00136
1.00383
1.00408
1.00274
0.999431
0.994029
0.986281
0.976145
0.96505
0.955033
0.947866
0.943832
0.940854
0.939208
0.939205
0.940266
0.941793
0.941873
0.941218
0.939658
0.93737
0.935569
0.933961
0.931723
0.928491
0.924694
0.92083
0.916955
0.912642
0.909886
0.909379
0.909223
0.908514
0.907246
0.905502
0.903477
0.9016
0.900128
0.898454
0.896304
0.894458
0.892916
0.891816
0.891466
0.891705
0.893091
0.897223
0.906304
0.922734
0.946077
0.972996
1.00023
1.02087
1.03209
1.03908
1.04399
1.0464
1.04873
1.05218
1.05584
1.05807
1.05973
1.06146
1.06307
1.06418
1.06472
1.06492
1.06485
1.0634
0.437873
0.463227
0.506971
0.556897
0.611556
0.681141
0.737308
0.788108
0.845733
0.875339
0.906192
0.930001
0.945116
0.969945
0.987607
0.993272
0.999005
1.0044
1.00331
0.99941
0.996617
0.994
0.991936
0.98955
0.986655
0.985753
0.986231
0.987482
0.989149
0.990091
0.989288
0.987838
0.985636
0.981945
0.975819
0.968458
0.962506
0.958511
0.956176
0.953418
0.94961
0.945117
0.940538
0.936218
0.933008
0.932129
0.931627
0.931264
0.931148
0.931002
0.929589
0.926934
0.924181
0.921506
0.918606
0.915956
0.913612
0.911332
0.90884
0.90619
0.903773
0.901976
0.900885
0.900195
0.899373
0.898302
0.896968
0.895631
0.894577
0.893713
0.893159
0.893304
0.89472
0.899185
0.908958
0.92541
0.94766
0.973339
0.998047
1.01648
1.02845
1.03691
1.04136
1.04419
1.04785
1.05291
1.05622
1.05821
1.0599
1.06161
1.06302
1.06325
1.06354
1.06404
1.06415
1.0629
0.508698
0.619403
0.715733
0.778174
0.840807
0.898781
0.928686
0.964313
0.993751
0.992067
0.996722
0.997594
0.993341
0.985259
0.985935
0.98642
0.988479
0.992856
0.997957
1.00063
0.99989
0.998095
0.996898
0.996203
0.995145
0.99346
0.991678
0.989806
0.98766
0.985346
0.982498
0.979233
0.97526
0.970845
0.964828
0.960576
0.959218
0.958581
0.958755
0.957783
0.95501
0.951212
0.94683
0.942168
0.938394
0.935412
0.93278
0.930635
0.9291
0.927552
0.92558
0.923725
0.922505
0.921439
0.919965
0.91772
0.915691
0.913592
0.911175
0.908619
0.906264
0.904046
0.901838
0.899914
0.898056
0.896366
0.894395
0.892686
0.892087
0.891831
0.891841
0.892451
0.894693
0.900098
0.910911
0.928498
0.951113
0.976126
0.999816
1.01724
1.02867
1.03563
1.03918
1.04241
1.04674
1.05235
1.0558
1.05785
1.05959
1.0613
1.06262
1.06275
1.06332
1.06389
1.06398
1.06277
)
;

boundaryField
{
    inlet
    {
        type            fixedValue;
        value           uniform 1;
    }
    outlet
    {
        type            zeroGradient;
    }
    bottom
    {
        type            symmetryPlane;
    }
    top
    {
        type            symmetryPlane;
    }
    obstacle
    {
        type            zeroGradient;
    }
    defaultFaces
    {
        type            empty;
    }
}


// ************************************************************************* //
