/*--------------------------------*- C++ -*----------------------------------*\
  =========                 |
  \\      /  F ield         | OpenFOAM: The Open Source CFD Toolbox
   \\    /   O peration     | Website:  https://openfoam.org
    \\  /    A nd           | Version:  7
     \\/     M anipulation  |
\*---------------------------------------------------------------------------*/
FoamFile
{
    version     2.0;
    format      ascii;
    class       surfaceScalarField;
    location    "90";
    object      phi;
}
// * * * * * * * * * * * * * * * * * * * * * * * * * * * * * * * * * * * * * //

dimensions      [0 3 -1 0 0 0 0];

internalField   nonuniform List<scalar> 
16796
(
0.00117281
0.00407928
0.00423606
0.00120609
0.00116764
0.00386883
0.00120838
0.00403854
0.00419973
0.0012447
0.00108641
0.00340974
0.00114653
0.00362413
0.00119809
0.00381726
0.00124291
0.00399373
0.00416005
0.00128259
0.00102736
0.0030832
0.00110386
0.00333324
0.00116997
0.00355801
0.00122684
0.0037604
0.00127615
0.00394442
0.00411662
0.00131957
0.000838548
0.00240045
0.000941341
0.00270487
0.0010351
0.00298944
0.00111835
0.00324999
0.0011909
0.00348547
0.00125354
0.00369776
0.00130783
0.00389013
0.00406904
0.00135541
0.000716904
0.00196904
0.000830379
0.00228697
0.000938913
0.00259634
0.00103931
0.00288905
0.00112955
0.00315974
0.00120894
0.00340608
0.00127786
0.00362883
0.00133764
0.00383036
0.00401683
0.00138985
0.00058507
0.00154106
0.000701526
0.00185258
0.000818848
0.00216965
0.000932787
0.0024824
0.00103973
0.00278211
0.00113713
0.00306234
0.00122371
0.0033195
0.0012994
0.00355314
0.00136521
0.00376455
0.00395944
0.0014226
0.000454548
0.00114403
0.000565561
0.00143004
0.000683412
0.00173473
0.000803958
0.00204911
0.00092285
0.00236351
0.00103613
0.00266883
0.00114073
0.00295774
0.00123481
0.00322542
0.00131776
0.00347019
0.00139016
0.00369214
0.0038963
0.00145331
0.000335506
0.000798762
0.000434117
0.00104542
0.000544185
0.00131998
0.0006627
0.00161621
0.000785766
0.00192604
0.000909042
0.00224023
0.00102832
0.00254955
0.00114007
0.00284599
0.00124186
0.00312363
0.00133248
0.00337957
0.00141205
0.00361257
0.00382677
0.00148157
0.000234642
0.00051624
0.000316694
0.00071671
0.000412668
0.000949447
0.000521145
0.0012115
0.00063957
0.00149779
0.000764382
0.00180123
0.000891364
0.00211325
0.00101616
0.00242475
0.00113486
0.00272729
0.00124446
0.00301403
0.00134312
0.00328091
0.0014304
0.00352528
0.00375022
0.00150696
0.00015468
0.000298366
0.000218946
0.000451974
0.000297509
0.000638147
0.000390398
0.000856558
0.000496663
0.00110523
0.000614238
0.00138021
0.000739973
0.00167549
0.000869881
0.00198334
0.000999586
0.00229505
0.00112488
0.002602
0.00124225
0.00289665
0.00134923
0.00317393
0.00144473
0.00342978
0.00366596
0.00152899
9.51421e-05
0.000140749
0.000142616
0.000250892
0.000203261
0.000391328
0.000278097
0.000563311
0.000367503
0.000767152
0.000470978
0.00100176
0.000586956
0.00126424
0.000712757
0.00154969
0.000844726
0.00185137
0.000978591
0.00216118
0.00110997
0.00247063
0.00123493
0.00277169
0.00135037
0.00305849
0.00145453
0.00332563
0.00357335
0.00154714
5.35807e-05
3.57476e-05
8.65414e-05
0.000107788
0.000130733
0.000206701
0.00018768
0.000334381
0.000258599
0.000492392
0.000344178
0.000681573
0.000444335
0.000901602
0.000558
0.00115057
0.000683
0.00142469
0.000816101
0.00171827
0.00095326
0.00202403
0.00109006
0.00233383
0.00122224
0.0026395
0.00134615
0.00293459
0.0014593
0.00321248
0.00347175
0.00156089
2.66704e-05
-2.52442e-05
4.7911e-05
1.4507e-05
7.81572e-05
7.75422e-05
0.000119084
0.000165774
0.000172291
0.000281175
0.000239151
0.000425532
0.000320617
0.000600107
0.000416985
0.000805234
0.000527665
0.00103989
0.00065101
0.00130135
0.000784273
0.00158501
0.000923755
0.00188454
0.00106514
0.00219244
0.00120401
0.00250064
0.00133621
0.00280239
0.00145857
0.00309012
0.0033606
0.00156972
1.09309e-05
-5.04647e-05
2.32707e-05
-3.7584e-05
4.24256e-05
-4.64786e-06
7.00178e-05
4.995e-05
0.00010772
0.000128072
0.000157176
0.000231719
0.000219881
0.000362826
0.000297006
0.000522982
0.000389181
0.000713059
0.000496262
0.000932809
0.000617128
0.00118048
0.000749567
0.00145257
0.000890324
0.00174379
0.00103534
0.00204743
0.00118015
0.00235583
0.00132028
0.00266226
0.00145191
0.00295848
0.00323939
0.00157312
9.151e-06
-5.651e-05
2.00009e-05
-4.84339e-05
3.71405e-05
-2.17875e-05
6.2152e-05
2.49385e-05
9.66886e-05
9.35356e-05
0.000142416
0.000185991
0.000200915
0.000304328
0.000273528
0.000450369
0.000361173
0.000625415
0.00046411
0.000829872
0.000581724
0.00106287
0.000712362
0.00132193
0.000853292
0.00160286
0.00100083
0.00189989
0.00115067
0.00220599
0.00129818
0.00251475
0.00143899
0.00281768
0.0031077
0.00157068
2.36997e-06
-4.93141e-05
7.44766e-06
-6.15877e-05
1.68708e-05
-5.7857e-05
3.20736e-05
-3.69903e-05
5.45904e-05
2.42173e-06
8.60412e-05
6.20848e-05
0.000128091
0.000143941
0.000182372
0.000250047
0.00025036
0.000382381
0.000333206
0.000542568
0.000431529
0.00073155
0.000545186
0.000949211
0.000673081
0.00119403
0.000813058
0.00146288
0.000961938
0.00175101
0.00111572
0.0020522
0.00126984
0.00236062
0.00141952
0.00266801
0.00296512
0.00156209
1.29858e-07
-2.20682e-05
1.66915e-06
-5.08533e-05
5.82727e-06
-6.57458e-05
1.38923e-05
-6.5922e-05
2.72449e-05
-5.03428e-05
4.73651e-05
-1.76985e-05
7.58282e-05
3.36216e-05
0.000114278
0.000105491
0.000164371
0.000199955
0.000227674
0.000319078
0.000305525
0.000464717
0.000398843
0.000638231
0.000507914
0.000840139
0.00063218
0.00106977
0.000770085
0.00132498
0.00091904
0.00160205
0.00107552
0.00189573
0.00123529
0.00220085
0.00139334
0.00250996
0.00281124
0.00154722
-3.46784e-08
-2.20335e-05
1.00684e-06
-5.18949e-05
4.29748e-06
-6.90364e-05
1.10789e-05
-7.27034e-05
2.26762e-05
-6.19402e-05
4.05104e-05
-3.55327e-05
6.61018e-05
8.03021e-06
0.000101057
7.05357e-05
0.000147029
0.000153983
0.00020564
0.000260467
0.000278366
0.000391991
0.000366372
0.000550224
0.000470318
0.000736194
0.000590142
0.000949945
0.000724887
0.00119023
0.000872613
0.00145433
0.0010304
0.00173794
0.00119464
0.00203661
0.00136036
0.00234424
0.00264537
0.00152623
-1.8802e-07
-2.18455e-05
3.87553e-07
-5.24704e-05
2.86695e-06
-7.15158e-05
8.44535e-06
-7.82818e-05
1.83911e-05
-7.1886e-05
3.40618e-05
-5.12033e-05
5.69149e-05
-1.48229e-05
8.8505e-05
3.89455e-05
0.000130459
0.000112029
0.000184422
0.000206504
0.000251962
0.000324451
0.000334435
0.000467751
0.00043281
0.000637819
0.000547469
0.000835285
0.000678023
0.00105968
0.000823199
0.00130915
0.000980794
0.00158035
0.0011481
0.0018693
0.00132053
0.00217181
0.00246615
0.00149974
-3.30192e-07
-2.15153e-05
-1.83817e-07
-5.26168e-05
1.54496e-06
-7.32446e-05
6.00732e-06
-8.27442e-05
1.44136e-05
-8.02923e-05
2.80551e-05
-6.48448e-05
4.83199e-05
-3.50877e-05
7.6699e-05
1.05664e-05
0.000114774
7.3954e-05
0.000164181
0.000157097
0.000226539
0.000262093
0.00030334
0.00039095
0.0003958
0.000545359
0.000504676
0.000726409
0.000630088
0.000934265
0.000771404
0.00116783
0.000927185
0.00142457
0.00109588
0.00170061
0.0012738
0.0019939
0.00227092
0.00146903
-4.59444e-07
-2.10559e-05
-7.0457e-07
-5.23717e-05
3.40716e-07
-7.42899e-05
3.78021e-06
-8.61837e-05
1.07672e-05
-8.72793e-05
2.2525e-05
-7.66025e-05
4.03674e-05
-5.29302e-05
6.57122e-05
-1.47783e-05
0.000100079
3.95869e-05
0.00014507
0.000112106
0.000202316
0.000204847
0.000273393
0.000319873
0.000359697
0.000459055
0.000462285
0.000623821
0.000581708
0.000814842
0.000717891
0.00103165
0.000870108
0.00127235
0.00103798
0.00153273
0.00121992
0.00181196
0.00205421
0.00143663
-5.74191e-07
-2.04817e-05
-1.16816e-06
-5.17777e-05
-7.37017e-07
-7.4721e-05
1.77835e-06
-8.8699e-05
7.4737e-06
-9.29747e-05
1.75032e-05
-8.6632e-05
3.31035e-05
-6.85305e-05
5.56116e-05
-3.72864e-05
8.64725e-05
8.72604e-06
0.00012723
7.13487e-05
0.000179495
0.000152582
0.00024488
0.000254488
0.000324898
0.000379038
0.000420824
0.000527895
0.000533542
0.000702125
0.000663407
0.000901786
0.0008102
0.00112556
0.000973937
0.001369
0.00115496
0.00163093
0.00180152
0.00140766
-6.72999e-07
-1.98087e-05
-1.57094e-06
-5.08798e-05
-1.68007e-06
-7.46119e-05
1.50328e-08
-9.03941e-05
4.55173e-06
-9.75114e-05
1.30169e-05
-9.50971e-05
2.65676e-05
-8.20812e-05
4.64552e-05
-5.71741e-05
7.40394e-05
-1.88581e-05
0.000110789
3.4599e-05
0.000158265
0.000105106
0.000218073
0.00019468
0.000291784
0.000305326
0.000380816
0.000438862
0.000486282
0.000596659
0.000608821
0.000779248
0.000748464
0.000985913
0.000904913
0.00121255
0.00107493
0.00146091
0.00165692
0.00121953
-7.55027e-07
-1.90536e-05
-1.91016e-06
-4.97246e-05
-2.48319e-06
-7.40389e-05
-1.50268e-06
-9.13747e-05
2.01436e-06
-0.000101028
9.08567e-06
-0.000102168
2.07892e-05
-9.37847e-05
3.82881e-05
-7.4673e-05
6.28494e-05
-4.34194e-05
9.58531e-05
1.59527e-06
0.000138786
6.21734e-05
0.000193213
0.000140254
0.000260711
0.000237828
0.000342772
0.000356801
0.000440651
0.000498779
0.000555161
0.000664738
0.000686382
0.000854692
0.00083303
0.0010659
0.000992607
0.00130134
0.0015082
0.00114133
-8.19375e-07
-1.82343e-05
-2.18347e-06
-4.83606e-05
-3.14234e-06
-7.308e-05
-2.76729e-06
-9.17497e-05
-1.29134e-07
-0.000103667
5.72152e-06
-0.000108019
1.57867e-05
-0.00010385
3.114e-05
-9.00263e-05
5.29514e-05
-6.52308e-05
8.25024e-05
-2.79557e-05
0.000121189
2.34872e-05
0.000170503
9.09396e-05
0.00023199
0.000176341
0.000307158
0.000281633
0.000397342
0.000408595
0.000503483
0.000558597
0.000625807
0.000732368
0.000763026
0.000928679
0.000914552
0.00114981
0.00136093
0.00106182
-8.65657e-07
-1.73686e-05
-2.39005e-06
-4.68362e-05
-3.65652e-06
-7.18135e-05
-3.77869e-06
-9.16275e-05
-1.88056e-06
-0.000105565
2.92592e-06
-0.000112826
1.15646e-05
-0.000112489
2.5022e-05
-0.000103484
4.43702e-05
-8.4579e-05
7.07863e-05
-5.43718e-05
0.000105562
-1.12888e-05
0.000150099
4.64029e-05
0.000205874
0.000120566
0.000274373
0.000213133
0.000356966
0.000326003
0.000454703
0.00046086
0.000568043
0.000619028
0.000696122
0.0008006
0.000839044
0.00100689
0.00121605
0.000983923
-8.93914e-07
-1.64747e-05
-2.53054e-06
-4.51995e-05
-4.02768e-06
-7.03164e-05
-4.54064e-06
-9.11146e-05
-3.24371e-06
-0.000106862
6.9016e-07
-0.000116759
8.11266e-06
-0.000119911
1.99255e-05
-0.000115296
3.7104e-05
-0.000101758
6.07194e-05
-7.79872e-05
9.19532e-05
-4.25226e-05
0.0001321
6.25646e-06
0.000182547
7.01188e-05
0.000244725
0.000150956
0.000320003
0.000250725
0.00040952
0.000371343
0.000513959
0.000514589
0.000632963
0.000681596
0.000766957
0.000872895
0.00107444
0.000908562
-9.04642e-07
-1.55701e-05
-2.60703e-06
-4.34971e-05
-4.26079e-06
-6.86626e-05
-5.06226e-06
-9.03131e-05
-4.23393e-06
-0.00010769
-1.00605e-06
-0.000119987
5.40491e-06
-0.000126322
1.58203e-05
-0.000125712
3.11227e-05
-0.00011706
5.22788e-05
-9.91433e-05
8.03576e-05
-7.06014e-05
0.000116539
-2.99254e-05
0.000162108
2.45504e-05
0.000218414
9.46497e-05
0.000286798
0.00018234
0.000368458
0.000289684
0.000464265
0.000418782
0.000574383
0.000571477
0.000699574
0.000747705
0.000937239
0.000836778
-8.98783e-07
-1.46713e-05
-2.62315e-06
-4.17728e-05
-4.36388e-06
-6.69219e-05
-5.35773e-06
-8.93193e-05
-4.8731e-06
-0.000108175
-2.1939e-06
-0.000122667
3.40028e-06
-0.000131916
1.26558e-05
-0.000134967
2.63681e-05
-0.000130772
4.54039e-05
-0.000118179
7.07223e-05
-9.59198e-05
0.000103388
-6.2591e-05
0.000144572
-1.66336e-05
0.000195532
4.36896e-05
0.000257558
0.000120313
0.000331877
0.000215366
0.000419521
0.000331138
0.000521141
0.000469857
0.000637877
0.000630969
0.000805372
0.000769744
-8.77698e-07
-1.37936e-05
-2.58387e-06
-4.00666e-05
-4.34774e-06
-6.5158e-05
-5.44586e-06
-8.82211e-05
-5.19025e-06
-0.00010843
-2.91459e-06
-0.000124942
2.04341e-06
-0.000136874
1.03617e-05
-0.000143286
2.27551e-05
-0.000143166
3.9998e-05
-0.000135422
6.29451e-05
-0.000118867
9.25489e-05
-9.21948e-05
0.000129868
-5.39525e-05
0.000176059
-2.50149e-06
0.000232348
6.40248e-05
0.000299967
0.000147746
0.000380084
0.00025102
0.000473767
0.000376174
0.000582548
0.000522189
0.000679459
0.00070846
-8.43114e-07
-1.29505e-05
-2.4954e-06
-3.84143e-05
-4.22567e-06
-6.34278e-05
-5.34961e-06
-8.70972e-05
-5.22066e-06
-0.000108559
-3.21848e-06
-0.000126944
1.26638e-06
-0.000141359
8.85e-06
-0.000150869
2.01749e-05
-0.000154491
3.59315e-05
-0.000151179
5.68791e-05
-0.000139815
8.38657e-05
-0.000119181
0.000117842
-8.79286e-05
0.000159865
-4.45243e-05
0.000211088
1.28017e-05
0.000272735
8.60987e-05
0.000346083
0.000177673
0.000432533
0.000289724
0.000533979
0.000420742
0.000559828
0.00065361
-7.97057e-07
-1.21534e-05
-2.36497e-06
-3.68464e-05
-4.01297e-06
-6.17798e-05
-5.09531e-06
-8.60149e-05
-5.00473e-06
-0.00010865
-3.16323e-06
-0.000128786
9.90915e-07
-0.000145513
8.01874e-06
-0.000157897
1.84988e-05
-0.000164971
3.30471e-05
-0.000165727
5.23386e-05
-0.000159106
7.71274e-05
-0.00014397
0.000108266
-0.000119067
0.000146718
-8.2976e-05
0.000193565
-3.40457e-05
0.000250014
2.965e-05
0.00031742
0.000110267
0.000397438
0.000209705
0.00049225
0.000325931
0.000446567
0.000605511
-7.41776e-07
-1.14116e-05
-2.20051e-06
-3.53877e-05
-3.72649e-06
-6.02538e-05
-4.71183e-06
-8.50295e-05
-4.58664e-06
-0.000108775
-2.81197e-06
-0.000130561
1.13106e-06
-0.000149456
7.755e-06
-0.000164521
1.75827e-05
-0.000174798
3.1166e-05
-0.00017931
4.91071e-05
-0.000177047
7.20793e-05
-0.000166942
0.000100849
-0.000147837
0.000136298
-0.000118425
0.000179443
-7.71905e-05
0.000231466
-2.23727e-05
0.000293778
4.79555e-05
0.000368204
0.000135278
0.000457106
0.000237029
0.00033957
0.000564103
-6.79658e-07
-1.0732e-05
-2.01048e-06
-3.40568e-05
-3.38404e-06
-5.88802e-05
-4.22964e-06
-8.41839e-05
-4.01302e-06
-0.000108992
-2.23128e-06
-0.000132342
1.59602e-06
-0.000153284
7.93898e-06
-0.000170864
1.72726e-05
-0.000184132
3.00948e-05
-0.000192133
4.69466e-05
-0.000193899
6.84343e-05
-0.00018843
9.52537e-05
-0.000174657
0.000128216
-0.000151388
0.000168283
-0.000117257
0.000216611
-7.07003e-05
0.000274642
-1.00756e-05
0.000344293
6.56269e-05
0.000427986
0.000153337
0.00023859
0.000528966
-6.13143e-07
-1.01188e-05
-1.80351e-06
-3.28665e-05
-3.00384e-06
-5.76799e-05
-3.67989e-06
-8.35079e-05
-3.33145e-06
-0.00010934
-1.48909e-06
-0.000134185
2.29304e-06
-0.000157066
8.44802e-06
-0.000177019
1.74103e-05
-0.000193094
2.96329e-05
-0.000204355
4.56073e-05
-0.000209873
6.58861e-05
-0.000208709
9.11086e-05
-0.000199879
0.000122032
-0.000182311
0.00015957
-0.000154795
0.000204855
-0.000115986
0.000259338
-6.45582e-05
0.000324955
9.64166e-09
0.000404076
7.42152e-05
0.000143286
0.00049938
-5.44654e-07
-9.57417e-06
-1.58818e-06
-3.1823e-05
-2.604e-06
-5.66641e-05
-3.09353e-06
-8.30183e-05
-2.58917e-06
-0.000109844
-6.52748e-07
-0.000136121
3.13014e-06
-0.000160849
9.16033e-06
-0.000183049
1.7838e-05
-0.000201772
2.95794e-05
-0.000216097
4.4837e-05
-0.000225131
6.41217e-05
-0.000227994
8.80302e-05
-0.000223788
0.000117278
-0.000211558
0.000152743
-0.00019026
0.000195533
-0.000158776
0.000247084
-0.000116109
0.000309294
-6.22001e-05
0.000384388
-8.79151e-07
5.32723e-05
0.000474402
-4.76519e-07
-9.09765e-06
-1.37279e-06
-3.09267e-05
-2.20206e-06
-5.58348e-05
-2.50047e-06
-8.27199e-05
-1.83185e-06
-0.000110513
2.12516e-07
-0.000138165
4.01858e-06
-0.000164655
9.95848e-06
-0.000188989
1.84034e-05
-0.000210217
2.97401e-05
-0.000227433
4.43903e-05
-0.000239781
6.28342e-05
-0.000246438
8.56373e-05
-0.000246591
0.000113485
-0.000239406
0.000147229
-0.000224004
0.00018795
-0.000199497
0.00023705
-0.00016521
0.000296343
-0.000121493
0.000367845
-7.23812e-05
-3.18449e-05
0.000452962
-4.10923e-07
-8.68673e-06
-1.16516e-06
-3.01724e-05
-1.81455e-06
-5.51854e-05
-1.92893e-06
-8.26055e-05
-1.10245e-06
-0.000111339
1.04572e-06
-0.000140314
4.87513e-06
-0.000168484
1.07324e-05
-0.000194846
1.8964e-05
-0.000218448
2.99326e-05
-0.000238402
4.40366e-05
-0.000253885
6.17335e-05
-0.000264134
8.35674e-05
-0.000268425
0.000110203
-0.000266041
0.000142469
-0.00025627
0.00018142
-0.000238448
0.00022841
-0.000212199
0.000285133
-0.000178217
0.000353365
-0.000140613
-0.000112431
0.000433951
-3.49854e-07
-8.33687e-06
-9.72455e-07
-2.95498e-05
-1.45665e-06
-5.47012e-05
-1.40486e-06
-8.26573e-05
-4.40405e-07
-0.000112304
1.79083e-06
-0.000142545
5.62372e-06
-0.000172317
1.13818e-05
-0.000200604
1.939e-05
-0.000226457
2.99912e-05
-0.000249003
4.35659e-05
-0.00026746
6.05553e-05
-0.000281124
8.14887e-05
-0.000289358
0.000107016
-0.000291568
0.000137948
-0.000287202
0.000175309
-0.00027581
0.000220392
-0.000257282
0.000274758
-0.000232583
0.000339932
-0.000205786
-0.0001888
0.000416301
-2.9508e-07
-8.04179e-06
-8.01074e-07
-2.90438e-05
-1.14198e-06
-5.43603e-05
-9.51474e-07
-8.28478e-05
1.1896e-07
-0.000113374
2.39792e-06
-0.000144824
6.19682e-06
-0.000176116
1.18179e-05
-0.000206226
1.95671e-05
-0.000234206
2.97704e-05
-0.000259206
4.27942e-05
-0.000280483
5.90679e-05
-0.000297398
7.91101e-05
-0.0003094
0.000103559
-0.000316017
0.00013321
-0.000316853
0.000169055
-0.000311654
0.000212317
-0.000300545
0.000264418
-0.000284684
0.000326647
-0.000268015
-0.0002612
0.000399048
-2.48124e-07
-7.79367e-06
-6.56578e-07
-2.86354e-05
-8.82367e-07
-5.41345e-05
-5.88941e-07
-8.31413e-05
5.45144e-07
-0.000114508
2.8239e-06
-0.000147103
6.53637e-06
-0.000179828
1.19649e-05
-0.000211654
1.93978e-05
-0.000241639
2.91467e-05
-0.000268955
4.1566e-05
-0.000292903
5.7076e-05
-0.000312908
7.6187e-05
-0.000328511
9.95277e-05
-0.000339358
0.000127876
-0.000345201
0.000162189
-0.000345967
0.000203618
-0.000341974
0.000253449
-0.000334515
0.000312763
-0.000327329
-0.000329806
0.00038137
-2.10252e-07
-7.58342e-06
-5.43636e-07
-2.8302e-05
-6.87762e-07
-5.39904e-05
-3.34225e-07
-8.34948e-05
8.1253e-07
-0.000115655
3.03284e-06
-0.000149323
6.59432e-06
-0.00018339
1.17602e-05
-0.00021682
1.88028e-05
-0.000248681
2.80202e-05
-0.000278173
3.97564e-05
-0.000304639
5.44235e-05
-0.000327575
7.25244e-05
-0.000346612
9.46779e-05
-0.000361512
0.000121643
-0.000372167
0.000154341
-0.000378665
0.00019385
-0.000381484
0.000241331
-0.000381995
0.000297692
-0.00038369
-0.000394721
0.000362607
-1.82476e-07
-7.40094e-06
-4.66004e-07
-2.80185e-05
-5.66193e-07
-5.38902e-05
-2.0097e-07
-8.386e-05
9.00629e-07
-0.000116757
2.99623e-06
-0.000151418
6.33282e-06
-0.000186726
1.11555e-05
-0.000221643
1.77208e-05
-0.000255247
2.63145e-05
-0.000286766
3.72707e-05
-0.000315595
5.09933e-05
-0.000341297
6.79773e-05
-0.000363596
8.88302e-05
-0.000382365
0.000114291
-0.000397627
0.000145241
-0.000409615
0.000182692
-0.000418934
0.000227689
-0.000426993
0.000281007
-0.000437008
-0.000455976
0.000342262
-1.65555e-07
-7.23539e-06
-4.26532e-07
-2.77575e-05
-5.23756e-07
-5.3793e-05
-1.99528e-07
-8.41842e-05
7.94072e-07
-0.00011775
2.6929e-06
-0.000153317
5.72419e-06
-0.000189758
1.01155e-05
-0.000226034
1.61085e-05
-0.00026124
2.39765e-05
-0.000294634
3.40439e-05
-0.000325663
4.67058e-05
-0.000353959
6.24482e-05
-0.000379338
8.18652e-05
-0.000401782
0.000105673
-0.000421435
0.000134714
-0.000438656
0.000169933
-0.000454153
0.000212281
-0.00046934
0.000262427
-0.000487154
-0.000513543
0.000319995
-1.60005e-07
-7.07538e-06
-4.27188e-07
-2.74903e-05
-5.64643e-07
-5.36555e-05
-3.36815e-07
-8.44121e-05
4.82518e-07
-0.00011857
2.10889e-06
-0.000154944
4.75063e-06
-0.000192399
8.61841e-06
-0.000229902
1.39395e-05
-0.000266561
2.09749e-05
-0.00030167
3.00388e-05
-0.000334727
4.15169e-05
-0.000365437
5.58839e-05
-0.000393705
7.37185e-05
-0.000419616
9.57122e-05
-0.000443429
0.000122667
-0.000465611
0.000155466
-0.000486953
0.000194979
-0.000508853
0.0002418
-0.000533976
-0.000567347
0.000295604
-1.66113e-07
-6.90927e-06
-4.69093e-07
-2.71873e-05
-6.91248e-07
-5.34334e-05
-6.16884e-07
-8.44864e-05
-3.95628e-08
-0.000119147
1.23713e-06
-0.00015622
3.40371e-06
-0.000194566
6.65477e-06
-0.000233153
1.12035e-05
-0.000271109
1.72989e-05
-0.000307765
2.52441e-05
-0.000342672
3.54141e-05
-0.000375607
4.82708e-05
-0.000406562
6.43748e-05
-0.00043572
8.43905e-05
-0.000463445
0.000109079
-0.0004903
0.000139267
-0.00051714
0.000175753
-0.000545339
0.000219081
-0.000577305
-0.000617269
0.000269004
-1.8395e-07
-6.72532e-06
-5.52561e-07
-2.68187e-05
-9.04212e-07
-5.30817e-05
-1.0406e-06
-8.43501e-05
-7.73121e-07
-0.000119414
7.70856e-08
-0.000157071
1.68386e-06
-0.000196173
4.22666e-06
-0.000235696
7.90506e-06
-0.000274788
1.2956e-05
-0.000312816
1.96712e-05
-0.000349387
2.84136e-05
-0.00038435
3.96302e-05
-0.000417779
5.38609e-05
-0.000449951
7.17408e-05
-0.000481324
9.39899e-05
-0.000512549
0.00012138
-0.00054453
0.000154652
-0.000578611
0.000194313
-0.000616966
-0.000663167
0.000240211
-2.13382e-07
-6.51194e-06
-6.77141e-07
-2.6355e-05
-1.20253e-06
-5.25563e-05
-1.60604e-06
-8.39465e-05
-1.71478e-06
-0.000119306
-1.36573e-06
-0.00015742
-4.00246e-07
-0.000197138
1.34675e-06
-0.000237443
4.06207e-06
-0.000277503
7.97066e-06
-0.000316725
1.33522e-05
-0.000354768
2.05562e-05
-0.000391554
3.00127e-05
-0.000427235
4.22387e-05
-0.000462177
5.78377e-05
-0.000496923
7.74875e-05
-0.000532199
0.000101908
-0.000568951
0.000131788
-0.000608491
0.000167608
-0.000652785
-0.00070488
0.000209322
-2.54084e-07
-6.25785e-06
-8.41667e-07
-2.57674e-05
-1.58366e-06
-5.18143e-05
-2.30863e-06
-8.32216e-05
-2.85716e-06
-0.000118757
-3.0802e-06
-0.000157197
-2.83283e-06
-0.000197386
-1.96277e-06
-0.000238313
-2.95508e-07
-0.00027917
2.38168e-06
-0.000319402
6.33633e-06
-0.000358723
1.19035e-05
-0.000397121
1.94939e-05
-0.000434826
2.95994e-05
-0.000472282
4.27895e-05
-0.000510114
5.96987e-05
-0.000549108
8.09967e-05
-0.000590249
0.000107323
-0.000634817
0.000139135
-0.000684597
-0.000742241
0.000176496
-3.05551e-07
-5.9523e-06
-1.04431e-06
-2.50286e-05
-2.04363e-06
-5.0815e-05
-3.14139e-06
-8.21238e-05
-4.18925e-06
-0.000117709
-5.05008e-06
-0.000156336
-5.59097e-06
-0.000196845
-5.67133e-06
-0.000238232
-5.12809e-06
-0.000279714
-3.7596e-06
-0.00032077
-1.31117e-06
-0.000361172
2.53451e-06
-0.000400966
8.16943e-06
-0.000440461
1.60572e-05
-0.00048017
2.67311e-05
-0.000520787
4.07806e-05
-0.000563158
5.88247e-05
-0.000608293
8.14549e-05
-0.000657447
0.000109107
-0.000712249
-0.000775079
0.000141945
-3.67111e-07
-5.58519e-06
-1.28261e-06
-2.41131e-05
-2.57713e-06
-4.95205e-05
-4.09508e-06
-8.06059e-05
-5.6967e-06
-0.000116108
-7.25462e-06
-0.000154778
-8.6461e-06
-0.000195453
-9.74082e-06
-0.000237138
-1.0386e-05
-0.000279068
-1.03915e-05
-0.000320765
-9.51619e-06
-0.000362047
-7.45783e-06
-0.000403025
-3.84894e-06
-0.000444069
1.74462e-06
-0.000485764
9.81771e-06
-0.00052886
2.09131e-05
-0.000574253
3.55979e-05
-0.000622978
5.44151e-05
-0.000676265
7.77734e-05
-0.000735608
-0.000803224
0.000105918
-4.37935e-07
-5.14726e-06
-1.55354e-06
-2.29975e-05
-3.17768e-06
-4.78964e-05
-5.15846e-06
-7.86251e-05
-7.36219e-06
-0.000113904
-9.66903e-06
-0.000152471
-1.19645e-05
-0.000193158
-1.4127e-05
-0.000234975
-1.6013e-05
-0.000277182
-1.74432e-05
-0.000319335
-1.81899e-05
-0.0003613
-1.79692e-05
-0.000403246
-1.64374e-05
-0.000445601
-1.31924e-05
-0.000489009
-7.77998e-06
-0.000534273
2.93964e-07
-0.000582327
1.15407e-05
-0.000634225
2.64617e-05
-0.000691186
4.54146e-05
-0.00075456
-0.000826506
6.86972e-05
-5.17049e-07
-4.63021e-06
-1.85356e-06
-2.1661e-05
-3.83767e-06
-4.59122e-05
-6.31846e-06
-7.61443e-05
-9.1658e-06
-0.000111057
-1.22651e-05
-0.000149372
-1.55081e-05
-0.000189915
-1.87802e-05
-0.000231703
-2.19464e-05
-0.000274016
-2.48373e-05
-0.000316444
-2.72393e-05
-0.000358898
-2.8887e-05
-0.000401598
-2.94625e-05
-0.000445026
-2.85976e-05
-0.000489874
-2.58808e-05
-0.00053699
-2.08689e-05
-0.000587339
-1.31098e-05
-0.000641984
-2.18912e-06
-0.000702106
1.24292e-05
-0.000769179
-0.000844626
3.05487e-05
-6.03345e-07
-4.02686e-06
-2.17863e-06
-2.00857e-05
-4.54854e-06
-4.35423e-05
-7.56047e-06
-7.31324e-05
-1.10854e-05
-0.000107532
-1.50115e-05
-0.000145446
-1.92351e-05
-0.000185691
-2.36468e-05
-0.000227291
-2.81187e-05
-0.000269544
-3.24914e-05
-0.000312071
-3.65646e-05
-0.000354825
-4.00928e-05
-0.00039807
-4.27849e-05
-0.000442334
-4.43083e-05
-0.00048835
-4.42957e-05
-0.000537002
-4.23558e-05
-0.000589279
-3.80887e-05
-0.000646251
-3.10878e-05
-0.000709107
-2.10603e-05
-0.000779206
-0.000857262
-8.42459e-06
-6.95596e-07
-3.33127e-06
-2.52432e-06
-1.8257e-05
-5.30086e-06
-4.07658e-05
-8.86848e-06
-6.95647e-05
-1.30968e-05
-0.000103303
-1.78748e-05
-0.000140667
-2.31009e-05
-0.000180465
-2.86698e-05
-0.000221722
-3.44593e-05
-0.000263755
-4.0319e-05
-0.000306211
-4.60626e-05
-0.000349081
-5.14645e-05
-0.000392668
-5.62616e-05
-0.000437536
-6.01581e-05
-0.000484454
-6.28325e-05
-0.000534328
-6.39463e-05
-0.000588165
-6.31537e-05
-0.000647044
-6.01165e-05
-0.000712144
-5.45912e-05
-0.000784731
-0.000865676
-4.61768e-05
-7.92467e-07
-2.5388e-06
-2.8858e-06
-1.61637e-05
-6.08448e-06
-3.75671e-05
-1.02254e-05
-6.54238e-05
-1.51745e-05
-9.83544e-05
-2.08195e-05
-0.000135023
-2.7059e-05
-0.000174226
-3.37899e-05
-0.000214991
-4.08948e-05
-0.00025665
-4.82318e-05
-0.000298874
-5.56278e-05
-0.000341685
-6.2878e-05
-0.000385418
-6.97478e-05
-0.000430667
-7.59793e-05
-0.000478222
-8.12979e-05
-0.000529009
-8.5419e-05
-0.000584044
-8.80536e-05
-0.000644409
-8.89196e-05
-0.000711278
-8.77797e-05
-0.000785871
-0.000869212
-8.42441e-05
-8.92525e-07
-1.64628e-06
-3.25794e-06
-1.37983e-05
-6.88868e-06
-3.39364e-05
-1.16132e-05
-6.06993e-05
-1.72918e-05
-9.26758e-05
-2.38087e-05
-0.000128506
-3.10611e-05
-0.000166973
-3.89465e-05
-0.000207106
-4.7351e-05
-0.000248245
-5.61402e-05
-0.000290085
-6.51544e-05
-0.000332671
-7.42091e-05
-0.000376363
-8.30989e-05
-0.000421777
-9.16045e-05
-0.000469717
-9.94988e-05
-0.000521115
-0.000106553
-0.00057699
-0.000112536
-0.000638425
-0.000117226
-0.000706589
-0.000120418
-0.000782679
-0.000867832
-0.000121798
-9.94262e-07
-6.52013e-07
-3.63538e-06
-1.11572e-05
-7.70224e-06
-2.98695e-05
-1.30132e-05
-5.53884e-05
-1.9421e-05
-8.6268e-05
-2.68047e-05
-0.000121122
-3.50583e-05
-0.00015872
-4.40782e-05
-0.000198086
-5.3753e-05
-0.00023857
-6.3955e-05
-0.000279883
-7.45372e-05
-0.000322089
-8.53351e-05
-0.000365565
-9.61725e-05
-0.000410939
-0.000106869
-0.000459021
-0.000117245
-0.000510739
-0.000127128
-0.000567107
-0.000136349
-0.000629204
-0.000144748
-0.00069819
-0.000152171
-0.000775256
-0.00086162
-0.000158382
-1.09609e-06
4.44082e-07
-4.01252e-06
-8.24073e-06
-8.51365e-06
-2.53684e-05
-1.44063e-05
-4.94958e-05
-2.15343e-05
-7.914e-05
-2.97697e-05
-0.000112886
-3.90015e-05
-0.000149488
-4.91242e-05
-0.000187963
-6.00271e-05
-0.000227668
-7.15884e-05
-0.000268322
-8.36729e-05
-0.000310004
-9.61358e-05
-0.000353102
-0.000108829
-0.000398246
-0.000121611
-0.000446239
-0.000134349
-0.000498001
-0.000146928
-0.000554528
-0.000159242
-0.00061689
-0.000171195
-0.000686237
-0.000182691
-0.00076376
-0.000850734
-0.000193577
-1.19635e-06
1.64043e-06
-4.38364e-06
-5.05344e-06
-9.31117e-06
-2.04408e-05
-1.57733e-05
-4.30336e-05
-2.36036e-05
-7.13097e-05
-3.26656e-05
-0.000103824
-4.28423e-05
-0.000139311
-5.40242e-05
-0.000176781
-6.61009e-05
-0.000215591
-7.89548e-05
-0.000255468
-9.24617e-05
-0.000296497
-0.000106495
-0.000339069
-0.000120935
-0.000383807
-0.000135674
-0.0004315
-0.00015063
-0.000483045
-0.000165742
-0.000539417
-0.000180967
-0.000601664
-0.000196277
-0.000670928
-0.000211639
-0.000748398
-0.000835395
-0.000226977
-1.29339e-06
2.93382e-06
-4.74301e-06
-1.60381e-06
-1.00831e-05
-1.51007e-05
-1.70951e-05
-3.60217e-05
-2.56011e-05
-6.28038e-05
-3.54552e-05
-9.39702e-05
-4.6533e-05
-0.000128234
-5.872e-05
-0.000164594
-7.19042e-05
-0.000202407
-8.59717e-05
-0.000241401
-0.000100808
-0.000281662
-0.000116302
-0.000323574
-0.00013236
-0.000367748
-0.000148911
-0.000414949
-0.000165915
-0.00046604
-0.000183367
-0.000521965
-0.000201287
-0.000583745
-0.000219713
-0.000652501
-0.00023868
-0.00072943
-0.000815888
-0.000258188
-1.38558e-06
-5.08502e-06
-1.08181e-05
-1.83528e-05
-2.74996e-05
-3.81023e-05
-5.00275e-05
-6.3155e-05
-7.737e-05
-9.25605e-05
-0.000108619
-0.000125452
-0.000142985
-0.00016118
-0.00018004
-0.00019961
-0.000219973
-0.000241233
-0.000263494
-0.000286831
0.010379
-2.6903e-05
0.0104071
-2.80549e-05
0.0104363
-2.91971e-05
0.0104666
-3.03293e-05
0.0104981
-3.14506e-05
0.0105306
-3.25608e-05
0.0105643
-3.36591e-05
0.010599
-3.47455e-05
0.0106349
-3.58189e-05
0.0106717
-3.68793e-05
0.0107097
-3.7926e-05
0.0107486
-3.89585e-05
0.0107886
-3.99764e-05
0.0108296
-4.09792e-05
0.0108715
-4.19666e-05
0.0109145
-4.2938e-05
0.0109584
-4.38929e-05
0.0110032
-4.4831e-05
0.011049
-4.57518e-05
0.0110956
-4.66549e-05
0.0111432
-4.754e-05
-4.84072e-05
0.0111916
0.0101415
-5.32218e-05
0.010169
-5.54977e-05
0.0101975
-5.77545e-05
0.0102272
-5.99913e-05
0.0102579
-6.22068e-05
0.0102898
-6.44003e-05
0.0103227
-6.65707e-05
0.0103567
-6.8717e-05
0.0103917
-7.08382e-05
0.0104277
-7.29336e-05
0.0104648
-7.50022e-05
0.0105029
-7.70427e-05
0.010542
-7.90546e-05
0.010582
-8.10368e-05
0.0106231
-8.29884e-05
0.010665
-8.49088e-05
0.0107079
-8.67967e-05
0.0107518
-8.86515e-05
0.0107965
-9.04725e-05
0.0108421
-9.22587e-05
0.0108885
-9.40092e-05
-9.57244e-05
0.0109359
0.00991216
-7.9011e-05
0.00993904
-8.2385e-05
0.00996702
-8.57306e-05
0.00999607
-8.90465e-05
0.0100262
-9.23311e-05
0.0100574
-9.55829e-05
0.0100896
-9.88007e-05
0.0101229
-0.000101983
0.0101572
-0.000105128
0.0101925
-0.000108235
0.0102288
-0.000111302
0.0102661
-0.000114328
0.0103043
-0.000117312
0.0103435
-0.000120252
0.0103837
-0.000123146
0.0104248
-0.000125995
0.0104668
-0.000128796
0.0105097
-0.000131547
0.0105534
-0.000134249
0.0105981
-0.0001369
0.0106436
-0.000139498
-0.000142043
0.0106899
0.00966529
-9.98343e-05
0.00969059
-0.000104317
0.00971697
-0.000108764
0.00974441
-0.000113174
0.00977291
-0.000117545
0.00980245
-0.000121874
0.00983303
-0.000126161
0.00986463
-0.000130403
0.00989725
-0.000134598
0.00993087
-0.000138744
0.00996547
-0.00014284
0.0100011
-0.000146884
0.0100376
-0.000150874
0.0100751
-0.000154809
0.0101135
-0.000158686
0.0101529
-0.000162503
0.0101932
-0.00016626
0.0102343
-0.000169954
0.0102763
-0.000173584
0.0103192
-0.000177149
0.010363
-0.000180646
0.0104076
-0.000184074
-0.000187433
0.010453
0.00945147
-0.00012364
0.00947633
-0.000129181
0.00950224
-0.000134677
0.0095292
-0.000140128
0.00955718
-0.000145531
0.00958619
-0.000150883
0.00961621
-0.000156183
0.00964724
-0.000161427
0.00967925
-0.000166613
0.00971225
-0.000171739
0.00974621
-0.000176804
0.00978113
-0.000181804
0.009817
-0.000186738
0.00985379
-0.000191604
0.0098915
-0.000196398
0.00993012
-0.00020112
0.00996963
-0.000205767
0.01001
-0.000210337
0.0100513
-0.000214828
0.0100933
-0.000219238
0.0101363
-0.000223566
0.01018
-0.000227808
-0.000231966
0.0102245
0.00924453
-0.000147065
0.00926899
-0.000153641
0.00929448
-0.000160165
0.00932099
-0.000166636
0.0093485
-0.000173049
0.00937702
-0.000179402
0.00940653
-0.000185693
0.00943702
-0.000191918
0.00946849
-0.000198075
0.00950091
-0.000204162
0.00953428
-0.000210175
0.00956859
-0.000216112
0.00960382
-0.000221971
0.00963997
-0.000227749
0.00967701
-0.000233443
0.00971494
-0.000239051
0.00975375
-0.000244571
0.00979341
-0.00025
0.00983392
-0.000255336
0.00987526
-0.000260576
0.00991741
-0.000265718
0.00996036
-0.000270761
-0.000275702
0.0100041
0.0090441
-0.000170143
0.00906819
-0.000177733
0.00909329
-0.000185264
0.00911939
-0.000192733
0.00914648
-0.000200136
0.00917454
-0.00020747
0.00920358
-0.000214732
0.00923358
-0.000221919
0.00926454
-0.000229028
0.00929643
-0.000236055
0.00932925
-0.000242999
0.009363
-0.000249855
0.00939765
-0.000256621
0.00943319
-0.000263293
0.00946962
-0.00026987
0.00950691
-0.000276348
0.00954507
-0.000282725
0.00958407
-0.000288997
0.00962389
-0.000295162
0.00966453
-0.000301217
0.00970598
-0.000307161
0.0097482
-0.000312989
-0.0003187
0.0097912
0.00884984
-0.000192907
0.00887359
-0.00020149
0.00889834
-0.000210008
0.00892406
-0.000218455
0.00895075
-0.000226828
0.00897841
-0.000235123
0.00900701
-0.000243338
0.00903656
-0.000251468
0.00906704
-0.00025951
0.00909845
-0.000267461
0.00913077
-0.000275317
0.00916399
-0.000283074
0.0091981
-0.000290731
0.00923309
-0.000298282
0.00926894
-0.000305726
0.00930565
-0.000313058
0.0093432
-0.000320276
0.00938158
-0.000327377
0.00942078
-0.000334357
0.00946077
-0.000341214
0.00950156
-0.000347944
0.00954311
-0.000354545
-0.000361014
0.00958543
0.00866142
-0.000215384
0.00868488
-0.000224942
0.00870929
-0.000234427
0.00873467
-0.000243833
0.008761
-0.000253158
0.00878828
-0.000262397
0.00881648
-0.000271546
0.00884562
-0.000280601
0.00887567
-0.00028956
0.00890662
-0.000298416
0.00893847
-0.000307168
0.00897121
-0.000315811
0.00900482
-0.000324342
0.0090393
-0.000332757
0.00907462
-0.000341052
0.00911079
-0.000349224
0.00914778
-0.000357269
0.00918559
-0.000365185
0.0092242
-0.000372967
0.0092636
-0.000380612
0.00930377
-0.000388118
0.00934471
-0.00039548
-0.000402695
0.00938639
0.00847857
-0.000237602
0.00850174
-0.000248116
0.00852587
-0.00025855
0.00855093
-0.000268898
0.00857693
-0.000279157
0.00860386
-0.000289321
0.0086317
-0.000299388
0.00866045
-0.000309352
0.0086901
-0.00031921
0.00872064
-0.000328957
0.00875206
-0.000338589
0.00878435
-0.000348102
0.0088175
-0.000357492
0.0088515
-0.000366756
0.00888634
-0.000375888
0.008922
-0.000384886
0.00895848
-0.000393746
0.00899576
-0.000402463
0.00903382
-0.000411035
0.00907267
-0.000419457
0.00911228
-0.000427726
0.00915264
-0.000435839
-0.000443789
0.00919373
0.008301
-0.000259587
0.00832393
-0.000271039
0.00834778
-0.000282404
0.00837256
-0.000293677
0.00839826
-0.000304853
0.00842486
-0.000315927
0.00845237
-0.000326895
0.00848077
-0.000337752
0.00851005
-0.000348493
0.00854021
-0.000359115
0.00857123
-0.000369613
0.00860311
-0.000379982
0.00863584
-0.000390217
0.0086694
-0.000400316
0.00870378
-0.000410273
0.00873898
-0.000420084
0.00877498
-0.000429745
0.00881177
-0.000439253
0.00884933
-0.000448602
0.00888767
-0.00045779
0.00892675
-0.000466813
0.00896658
-0.000475666
-0.000484342
0.00900713
0.00812848
-0.00028136
0.00815117
-0.000293734
0.00817478
-0.000306014
0.0081993
-0.000318195
0.00822472
-0.000330272
0.00825103
-0.00034224
0.00827823
-0.000354093
0.00830631
-0.000365828
0.00833525
-0.000377439
0.00836506
-0.000388922
0.00839572
-0.000400271
0.00842722
-0.000411482
0.00845955
-0.00042255
0.00849271
-0.00043347
0.00852667
-0.000444239
0.00856144
-0.000454851
0.008597
-0.000465303
0.00863333
-0.00047559
0.00867044
-0.000485707
0.0087083
-0.00049565
0.0087469
-0.000505416
0.00878624
-0.000515001
-0.000524393
0.00882629
0.00796075
-0.000302945
0.00798324
-0.000316224
0.00800663
-0.000329403
0.00803091
-0.000342477
0.00805608
-0.000355439
0.00808213
-0.000368286
0.00810904
-0.000381011
0.00813682
-0.000393609
0.00816546
-0.000406075
0.00819494
-0.000418405
0.00822527
-0.000430592
0.00825642
-0.000442632
0.00828839
-0.00045452
0.00832117
-0.000466251
0.00835475
-0.00047782
0.00838912
-0.000489223
0.00842427
-0.000500454
0.00846019
-0.000511509
0.00849687
-0.000522384
0.00853429
-0.000533074
0.00857245
-0.000543574
0.00861133
-0.000553882
-0.000563983
0.00865092
0.00779762
-0.000324361
0.00781992
-0.000338529
0.00784311
-0.000352592
0.00786718
-0.000366544
0.00789211
-0.000380377
0.00791792
-0.000394088
0.00794458
-0.000407671
0.00797209
-0.000421119
0.00800044
-0.000434427
0.00802962
-0.000447591
0.00805964
-0.000460604
0.00809047
-0.000473461
0.0081221
-0.000486157
0.00815454
-0.000498687
0.00818776
-0.000511046
0.00822177
-0.000523228
0.00825654
-0.000535229
0.00829208
-0.000547043
0.00832836
-0.000558667
0.00836538
-0.000570094
0.00840313
-0.000581321
0.00844159
-0.000592344
-0.000603147
0.00848076
0.00763886
-0.000345626
0.007661
-0.00036067
0.00768401
-0.000375602
0.00770788
-0.000390416
0.00773261
-0.000405107
0.00775819
-0.000419669
0.00778462
-0.000434096
0.00781188
-0.000448381
0.00783997
-0.000462519
0.00786888
-0.000476504
0.00789861
-0.000490331
0.00792915
-0.000503994
0.00796048
-0.000517488
0.00799259
-0.000530806
0.00802549
-0.000543944
0.00805916
-0.000556896
0.00809359
-0.000569657
0.00812877
-0.000582222
0.00816469
-0.000594586
0.00820134
-0.000606744
0.00823871
-0.000618691
0.00827679
-0.000630422
-0.00064192
0.00831556
0.00748429
-0.000366758
0.00750629
-0.000382662
0.00752913
-0.00039845
0.00755283
-0.000414114
0.00757737
-0.000429649
0.00760275
-0.000445049
0.00762896
-0.000460307
0.007656
-0.000475416
0.00768385
-0.000490372
0.00771252
-0.000505168
0.00774198
-0.000519798
0.00777225
-0.000534256
0.00780329
-0.000548536
0.00783512
-0.000562633
0.00786772
-0.000576541
0.00790108
-0.000590255
0.00793519
-0.000603768
0.00797004
-0.000617075
0.00800563
-0.000630172
0.00804193
-0.000643053
0.00807896
-0.000655712
0.00811668
-0.000668146
-0.000680335
0.00815509
0.00733374
-0.000387773
0.0073556
-0.000404524
0.00737831
-0.000421153
0.00740185
-0.000437654
0.00742622
-0.000454021
0.00745141
-0.000470246
0.00747743
-0.000486323
0.00750426
-0.000502246
0.0075319
-0.000518008
0.00756033
-0.000533603
0.00758956
-0.000549026
0.00761957
-0.000564269
0.00765036
-0.000579326
0.00768192
-0.000594193
0.00771424
-0.000608862
0.00774731
-0.000623328
0.00778113
-0.000637585
0.00781568
-0.000651628
0.00785096
-0.000665451
0.00788696
-0.000679048
0.00792366
-0.000692414
0.00796106
-0.000705546
-0.00071842
0.00799914
0.00718703
-0.000408684
0.00720878
-0.000426269
0.00723135
-0.000443728
0.00725475
-0.000461053
0.00727897
-0.000478238
0.007304
-0.000495277
0.00732984
-0.000512162
0.00735648
-0.000528887
0.00738392
-0.000545445
0.00741214
-0.000561829
0.00744115
-0.000578034
0.00747093
-0.000594053
0.00750149
-0.000609879
0.0075328
-0.000625506
0.00756487
-0.000640928
0.00759768
-0.000656139
0.00763122
-0.000671133
0.0076655
-0.000685904
0.0077005
-0.000700447
0.00773621
-0.000714755
0.00777261
-0.000728823
0.00780972
-0.000742648
-0.000756204
0.0078475
0.00704401
-0.000429506
0.00706565
-0.000447912
0.00708811
-0.000466187
0.00711138
-0.000484325
0.00713546
-0.000502318
0.00716034
-0.000520158
0.00718602
-0.00053784
0.00721249
-0.000555356
0.00723975
-0.0005727
0.00726778
-0.000589864
0.00729659
-0.000606842
0.00732616
-0.000623627
0.0073565
-0.000640212
0.00738758
-0.000656592
0.00741942
-0.00067276
0.00745199
-0.000688709
0.00748529
-0.000704434
0.00751931
-0.000719927
0.00755405
-0.000735184
0.00758949
-0.000750198
0.00762563
-0.000764964
0.00766246
-0.000779477
-0.000793712
0.00769997
0.00690452
-0.000450251
0.00692607
-0.000469465
0.00694843
-0.000488545
0.00697159
-0.000507483
0.00699555
-0.000526272
0.00702029
-0.000544904
0.00704582
-0.000563373
0.00707214
-0.00058167
0.00709923
-0.000599789
0.00712709
-0.000617724
0.00715571
-0.000635466
0.00718509
-0.000653009
0.00721523
-0.000670346
0.0072461
-0.000687471
0.00727772
-0.000704377
0.00731007
-0.000721058
0.00734314
-0.000737506
0.00737693
-0.000753717
0.00741143
-0.000769683
0.00744663
-0.000785398
0.00748252
-0.000800857
0.0075191
-0.000816056
-0.000830968
0.00755636
0.00676843
-0.000470928
0.00678991
-0.00049094
0.00681217
-0.000510813
0.00683523
-0.000530541
0.00685907
-0.000550115
0.0068837
-0.000569528
0.0069091
-0.000588773
0.00693527
-0.000607841
0.00696221
-0.000626727
0.00698991
-0.000645422
0.00701836
-0.00066392
0.00704757
-0.000682213
0.00707751
-0.000700295
0.0071082
-0.000718158
0.00713962
-0.000735796
0.00717176
-0.000753202
0.00720463
-0.000770369
0.0072382
-0.000787291
0.00727248
-0.000803962
0.00730746
-0.000820375
0.00734313
-0.000836524
0.00737947
-0.000852405
-0.000867993
0.0074165
0.00663561
-0.000491549
0.00665701
-0.000512346
0.0066792
-0.000533001
0.00670217
-0.000553507
0.00672591
-0.000573856
0.00675042
-0.00059404
0.0067757
-0.000614051
0.00680174
-0.000633883
0.00682854
-0.000653526
0.00685609
-0.000672974
0.00688439
-0.000692219
0.00691343
-0.000711255
0.00694321
-0.000730074
0.00697372
-0.000748668
0.00700496
-0.000767032
0.00703691
-0.000785157
0.00706958
-0.000803038
0.00710296
-0.000820668
0.00713704
-0.000838039
0.00717181
-0.000855146
0.00720727
-0.000871982
0.0072434
-0.000888544
-0.000904805
0.00728022
0.00650593
-0.000512121
0.00652727
-0.000533692
0.00654939
-0.000555119
0.00657228
-0.000576393
0.00659593
-0.000597506
0.00662034
-0.000618451
0.00664551
-0.00063922
0.00667143
-0.000659804
0.0066981
-0.000680196
0.00672551
-0.000700389
0.00675367
-0.000720375
0.00678256
-0.000740146
0.00681218
-0.000759695
0.00684253
-0.000779015
0.00687359
-0.000798098
0.00690537
-0.000816938
0.00693786
-0.000835527
0.00697106
-0.00085386
0.00700494
-0.000871928
0.00703952
-0.000889726
0.00707479
-0.000907247
0.00711073
-0.000924487
-0.000941422
0.00714735
0.00637927
-0.000532651
0.00640056
-0.000554986
0.00642262
-0.000577173
0.00644543
-0.000599205
0.006469
-0.000621074
0.00649332
-0.00064277
0.00651838
-0.000664287
0.00654419
-0.000685616
0.00657075
-0.000706749
0.00659804
-0.000727678
0.00662606
-0.000748397
0.00665481
-0.000768896
0.00668428
-0.000789169
0.00671447
-0.000809208
0.00674538
-0.000829006
0.006777
-0.000848555
0.00680932
-0.000867849
0.00684234
-0.000886881
0.00687606
-0.000905643
0.00691046
-0.000924129
0.00694554
-0.000942332
0.00698131
-0.000960249
-0.000977858
0.00701774
0.00625553
-0.000553147
0.00627677
-0.000576234
0.00629877
-0.000599171
0.00632152
-0.000621951
0.00634501
-0.000644565
0.00636924
-0.000667004
0.00639421
-0.00068926
0.00641992
-0.000711325
0.00644637
-0.000733191
0.00647354
-0.000754849
0.00650143
-0.000776293
0.00653005
-0.000797514
0.00655939
-0.000818505
0.00658944
-0.000839258
0.0066202
-0.000859765
0.00665166
-0.000880019
0.00668382
-0.000900013
0.00671668
-0.00091974
0.00675023
-0.000939193
0.00678447
-0.000958365
0.00681939
-0.000977249
0.00685498
-0.000995842
-0.00101413
0.00689125
0.00613459
-0.000573611
0.0061558
-0.00059744
0.00617774
-0.000621118
0.00620043
-0.000644636
0.00622385
-0.000667986
0.006248
-0.000691158
0.00627289
-0.000714144
0.0062985
-0.000736937
0.00632484
-0.000759528
0.0063519
-0.000781909
0.00637968
-0.000804072
0.00640817
-0.000826008
0.00643738
-0.00084771
0.00646729
-0.000869171
0.00649791
-0.000890383
0.00652923
-0.000911337
0.00656124
-0.000932028
0.00659395
-0.000952447
0.00662734
-0.000972588
0.00666142
-0.000992443
0.00669618
-0.00101201
0.00673161
-0.00103127
-0.00105023
0.00676772
0.00601637
-0.000594049
0.00603754
-0.00061861
0.00605944
-0.000643018
0.00608206
-0.000667264
0.00610542
-0.00069134
0.0061295
-0.000715237
0.0061543
-0.000738946
0.00617982
-0.000762459
0.00620606
-0.000785767
0.00623301
-0.000808862
0.00626068
-0.000831737
0.00628905
-0.000854382
0.00631813
-0.000876791
0.00634791
-0.000898954
0.0063784
-0.000920865
0.00640958
-0.000942516
0.00644145
-0.000963899
0.00647401
-0.000985008
0.00650725
-0.00100583
0.00654118
-0.00102637
0.00657578
-0.00104661
0.00661106
-0.00106655
-0.00108619
0.00664702
0.00590076
-0.000614462
0.0059219
-0.000639745
0.00594375
-0.000664873
0.00596633
-0.000689838
0.00598962
-0.000714632
0.00601362
-0.000739244
0.00603834
-0.000763667
0.00606378
-0.000787891
0.00608992
-0.000811909
0.00611677
-0.000835712
0.00614432
-0.000859292
0.00617258
-0.00088264
0.00620154
-0.000905749
0.0062312
-0.00092861
0.00626155
-0.000951216
0.00629259
-0.000973559
0.00632432
-0.000995631
0.00635674
-0.00101743
0.00638984
-0.00103893
0.00642362
-0.00106015
0.00645808
-0.00108107
0.0064932
-0.00110168
-0.00112199
0.00652901
0.00578768
-0.000634853
0.00580879
-0.000660847
0.0058306
-0.000686685
0.00585312
-0.00071236
0.00587635
-0.000737861
0.00590029
-0.00076318
0.00592493
-0.000788309
0.00595027
-0.000813237
0.00597632
-0.000837957
0.00600307
-0.000862461
0.00603052
-0.000886739
0.00605866
-0.000910784
0.0060875
-0.000934587
0.00611703
-0.000958141
0.00614725
-0.000981437
0.00617816
-0.00100447
0.00620975
-0.00102722
0.00624203
-0.0010497
0.00627499
-0.00107189
0.00630862
-0.00109378
0.00634293
-0.00111537
0.00637791
-0.00113666
-0.00115765
0.00641357
0.00567706
-0.00065522
0.00569812
-0.000681915
0.00571989
-0.000708454
0.00574236
-0.000734829
0.00576553
-0.000761029
0.0057894
-0.000787046
0.00581396
-0.000812872
0.00583922
-0.000838496
0.00586517
-0.000863911
0.00589182
-0.000889108
0.00591916
-0.000914078
0.00594719
-0.000938814
0.00597591
-0.000963306
0.00600531
-0.000987546
0.0060354
-0.00101153
0.00606618
-0.00103524
0.00609763
-0.00105868
0.00612977
-0.00108184
0.00616258
-0.0011047
0.00619607
-0.00112727
0.00623023
-0.00114954
0.00626506
-0.00117149
-0.00119317
0.00630057
0.00556879
-0.000675564
0.00558983
-0.00070295
0.00561155
-0.000730179
0.00563397
-0.000757244
0.00565707
-0.000784134
0.00568087
-0.000810841
0.00570535
-0.000837354
0.00573052
-0.000863667
0.00575638
-0.000889769
0.00578292
-0.000915652
0.00581015
-0.000941307
0.00583806
-0.000966727
0.00586666
-0.000991902
0.00589594
-0.00101682
0.0059259
-0.00104149
0.00595653
-0.00106588
0.00598785
-0.00109
0.00601984
-0.00111383
0.0060525
-0.00113737
0.00608584
-0.00116061
0.00611985
-0.00118355
0.00615453
-0.00120618
-0.00122853
0.0061899
0.00546283
-0.000695882
0.00548382
-0.000723948
0.0055055
-0.000751858
0.00552786
-0.000779603
0.0055509
-0.000807173
0.00557462
-0.00083456
0.00559902
-0.000861754
0.0056241
-0.000888746
0.00564986
-0.000915527
0.00567629
-0.000942089
0.00570341
-0.000968423
0.0057312
-0.00099452
0.00575967
-0.00102037
0.00578882
-0.00104597
0.00581864
-0.00107131
0.00584914
-0.00109637
0.0058803
-0.00112116
0.00591215
-0.00114567
0.00594466
-0.00116988
0.00597784
-0.00119379
0.0060117
-0.0012174
0.00604622
-0.0012407
-0.00126373
0.00608142
0.00535908
-0.00071617
0.00538004
-0.000744906
0.00540167
-0.000773486
0.00542397
-0.000801902
0.00544694
-0.000830143
0.00547058
-0.000858201
0.00549489
-0.000886066
0.00551987
-0.000913729
0.00554553
-0.000941181
0.00557185
-0.000968414
0.00559885
-0.000995419
0.00562652
-0.00102219
0.00565485
-0.00104871
0.00568386
-0.00107498
0.00571354
-0.00110098
0.00574389
-0.00112672
0.0057749
-0.00115218
0.00580659
-0.00117735
0.00583894
-0.00120224
0.00587196
-0.00122682
0.00590565
-0.00125109
0.00594001
-0.00127505
-0.00129877
0.00597505
0.0052575
-0.000736425
0.00527841
-0.000765819
0.00529998
-0.000795059
0.00532222
-0.000824135
0.00534511
-0.000853038
0.00536867
-0.000881757
0.00539288
-0.000910284
0.00541777
-0.00093861
0.00544331
-0.000966725
0.00546952
-0.000994621
0.00549639
-0.00102229
0.00552392
-0.00104972
0.00555212
-0.00107691
0.00558098
-0.00110384
0.00561051
-0.00113051
0.0056407
-0.00115691
0.00567155
-0.00118304
0.00570307
-0.00120887
0.00573526
-0.00123442
0.00576811
-0.00125967
0.00580163
-0.0012846
0.00583581
-0.00130924
-0.00133364
0.00587067
0.005158
-0.00075664
0.00517887
-0.000786682
0.00520038
-0.000816571
0.00522254
-0.000846297
0.00524535
-0.00087585
0.00526882
-0.000905222
0.00529293
-0.000934402
0.00531771
-0.000963381
0.00534313
-0.000992151
0.00536921
-0.0010207
0.00539595
-0.00104903
0.00542334
-0.00107711
0.00545139
-0.00110496
0.0054801
-0.00113255
0.00550946
-0.00115988
0.00553949
-0.00118694
0.00557017
-0.00121372
0.00560152
-0.00124022
0.00563352
-0.00126643
0.00566619
-0.00129233
0.00569952
-0.00131793
0.00573351
-0.00134323
-0.00136832
0.00576819
0.00506055
-0.000776809
0.00508135
-0.000807488
0.0051028
-0.000838015
0.00512488
-0.00086838
0.0051476
-0.000898574
0.00517097
-0.000928587
0.00519497
-0.00095841
0.00521963
-0.000988033
0.00524492
-0.00101745
0.00527087
-0.00104665
0.00529746
-0.00107562
0.0053247
-0.00110435
0.00535259
-0.00113285
0.00538113
-0.00116109
0.00541033
-0.00118907
0.00544017
-0.00121678
0.00547068
-0.00124422
0.00550183
-0.00127138
0.00553365
-0.00129824
0.00556612
-0.00132481
0.00559925
-0.00135107
0.00563305
-0.00137703
-0.0014028
0.00566753
0.00496507
-0.000796924
0.00498581
-0.000828228
0.00500718
-0.000859381
0.00502917
-0.000890375
0.0050518
-0.000921198
0.00507505
-0.000951843
0.00509894
-0.000982299
0.00512347
-0.00101256
0.00514863
-0.00104261
0.00517442
-0.00107244
0.00520086
-0.00110205
0.00522794
-0.00113143
0.00525566
-0.00116057
0.00528402
-0.00118945
0.00531303
-0.00121808
0.00534269
-0.00124644
0.00537299
-0.00127453
0.00540395
-0.00130233
0.00543556
-0.00132985
0.00546783
-0.00135707
0.00550076
-0.00138399
0.00553434
-0.00141061
-0.00143707
0.00556861
0.00487152
-0.000816977
0.00489219
-0.000848894
0.00491347
-0.000880662
0.00493537
-0.000912272
0.00495788
-0.000943715
0.00498102
-0.00097498
0.00500478
-0.00100606
0.00502916
-0.00103694
0.00505418
-0.00106762
0.00507981
-0.00109808
0.00510608
-0.00112832
0.00513299
-0.00115833
0.00516053
-0.0011881
0.0051887
-0.00121763
0.00521751
-0.00124689
0.00524697
-0.0012759
0.00527707
-0.00130463
0.00530782
-0.00133308
0.00533921
-0.00136125
0.00537126
-0.00138912
0.00540397
-0.0014167
0.00543733
-0.00144398
-0.00147112
0.00547139
0.00477985
-0.000836959
0.00480044
-0.000869476
0.00482162
-0.000901847
0.00484341
-0.000934062
0.00486581
-0.000966112
0.00488882
-0.000997987
0.00491244
-0.00102968
0.00493667
-0.00106118
0.00496152
-0.00109247
0.00498699
-0.00112355
0.00501308
-0.00115442
0.0050398
-0.00118505
0.00506714
-0.00121545
0.00509512
-0.0012456
0.00512372
-0.0012755
0.00515297
-0.00130514
0.00518285
-0.00133451
0.00521338
-0.00136361
0.00524455
-0.00139242
0.00527637
-0.00142095
0.00530885
-0.00144918
0.00534199
-0.00147711
-0.00150494
0.0053758
0.00469002
-0.000856859
0.00471051
-0.000889964
0.00473159
-0.000922925
0.00475326
-0.000955734
0.00477553
-0.00098838
0.0047984
-0.00102085
0.00482186
-0.00105315
0.00484594
-0.00108525
0.00487062
-0.00111715
0.0048959
-0.00114884
0.00492181
-0.00118032
0.00494833
-0.00121157
0.00497547
-0.00124259
0.00500323
-0.00127337
0.00503162
-0.00130389
0.00506065
-0.00133416
0.00509031
-0.00136417
0.0051206
-0.00139391
0.00515154
-0.00142336
0.00518313
-0.00145253
0.00521537
-0.00148142
0.00524826
-0.00151
-0.00153851
0.00528183
0.00460199
-0.000876669
0.00462237
-0.000910348
0.00464333
-0.000943887
0.00466488
-0.000977277
0.004687
-0.00101051
0.00470972
-0.00104357
0.00473303
-0.00107645
0.00475693
-0.00110915
0.00478142
-0.00114165
0.00480652
-0.00117394
0.00483223
-0.00120603
0.00485854
-0.00123789
0.00488547
-0.00126952
0.00491302
-0.00130091
0.00494119
-0.00133206
0.00496999
-0.00136296
0.00499941
-0.0013936
0.00502948
-0.00142397
0.00506018
-0.00145406
0.00509152
-0.00148387
0.0051235
-0.0015134
0.00515612
-0.00154262
-0.00157179
0.0051894
0.00451571
-0.000896376
0.00453598
-0.000930618
0.00455682
-0.000964723
0.00457822
-0.000998681
0.0046002
-0.00103248
0.00462275
-0.00106612
0.00464589
-0.00109959
0.00466961
-0.00113287
0.00469392
-0.00116596
0.00471882
-0.00119885
0.00474432
-0.00123153
0.00477043
-0.00126399
0.00479714
-0.00129623
0.00482447
-0.00132824
0.00485241
-0.00136
0.00488097
-0.00139152
0.00491016
-0.00142279
0.00493998
-0.00145378
0.00497042
-0.00148451
0.00500149
-0.00151494
0.00503318
-0.00154509
0.0050655
-0.00157494
-0.00160473
0.00509843
0.00443117
-0.000915973
0.00445132
-0.000950764
0.00447202
-0.000985422
0.00449327
-0.00101994
0.00451509
-0.0010543
0.00453748
-0.00108851
0.00456044
-0.00112254
0.00458397
-0.0011564
0.00460809
-0.00119007
0.00463279
-0.00122355
0.00465809
-0.00125682
0.00468398
-0.00128988
0.00471047
-0.00132272
0.00473757
-0.00135534
0.00476528
-0.00138771
0.0047936
-0.00141984
0.00482254
-0.00145172
0.00485208
-0.00148333
0.00488224
-0.00151466
0.00491299
-0.0015457
0.00494434
-0.00157644
0.00497627
-0.00160687
-0.0016372
0.00500874
0.00432886
-0.000900006
0.00434834
-0.000935451
0.00436835
-0.000970779
0.00438891
-0.00100598
0.00441001
-0.00104104
0.00443167
-0.00107596
0.00445388
-0.00111072
0.00447666
-0.00114532
0.00450001
-0.00117975
0.00452393
-0.00121399
0.00454843
-0.00124805
0.00457351
-0.00128191
0.00459919
-0.00131556
0.00462546
-0.00134899
0.00465232
-0.0013822
0.00467978
-0.00141517
0.00470783
-0.0014479
0.00473648
-0.00148037
0.00476571
-0.00151256
0.00479552
-0.00154446
0.00482588
-0.00157606
0.00485677
-0.00160733
0.00488819
-0.00163828
-0.00166905
0.00492003
0.00424784
-0.00091884
0.0042672
-0.000954805
0.00428707
-0.000990658
0.00430749
-0.00102639
0.00432843
-0.00106199
0.00434992
-0.00109745
0.00437197
-0.00113276
0.00439456
-0.00116792
0.00441772
-0.00120291
0.00444144
-0.00123772
0.00446574
-0.00127234
0.0044906
-0.00130678
0.00451605
-0.001341
0.00454208
-0.00137502
0.00456868
-0.0014088
0.00459585
-0.00144235
0.00462359
-0.00147564
0.00465189
-0.00150866
0.00468072
-0.00154139
0.00471007
-0.00157382
0.00473991
-0.0016059
0.00477019
-0.00163761
0.00480088
-0.00166897
-0.0017
0.00483183
0.00416852
-0.000937557
0.00418775
-0.000974031
0.00420749
-0.0010104
0.00422775
-0.00104665
0.00424854
-0.00108278
0.00426987
-0.00111878
0.00429173
-0.00115463
0.00431415
-0.00119033
0.00433711
-0.00122587
0.00436063
-0.00126123
0.0043847
-0.00129642
0.00440933
-0.00133141
0.00443452
-0.00136619
0.00446026
-0.00140076
0.00448655
-0.00143509
0.00451338
-0.00146917
0.00454072
-0.00150298
0.00456856
-0.0015365
0.00459686
-0.0015697
0.0046256
-0.00160255
0.00465471
-0.00163502
0.00468412
-0.00166702
0.00471381
-0.00169865
-0.00172968
0.00474348
0.0040909
-0.000956158
0.00411
-0.00099313
0.0041296
-0.00103
0.00414972
-0.00106677
0.00417035
-0.00110341
0.00419151
-0.00113993
0.00421319
-0.00117631
0.00423541
-0.00121255
0.00425816
-0.00124862
0.00428145
-0.00128452
0.00430527
-0.00132024
0.00432962
-0.00135576
0.0043545
-0.00139107
0.00437989
-0.00142615
0.00440577
-0.00146098
0.00443214
-0.00149553
0.00445895
-0.00152979
0.00448617
-0.00156372
0.00451375
-0.00159728
0.00454163
-0.00163043
0.00456974
-0.00166312
0.00459794
-0.00169522
0.00462621
-0.00172692
-0.00175757
0.0046541
0.004015
-0.000974642
0.00403397
-0.0010121
0.00405343
-0.00104947
0.0040734
-0.00108673
0.00409386
-0.00112388
0.00411483
-0.00116091
0.00413632
-0.0011978
0.00415831
-0.00123454
0.00418081
-0.00127112
0.00420382
-0.00130753
0.00422732
-0.00134375
0.00425132
-0.00137976
0.00427579
-0.00141554
0.00430071
-0.00145107
0.00432606
-0.00148633
0.0043518
-0.00152128
0.00437789
-0.00155588
0.00440427
-0.0015901
0.00443086
-0.00162388
0.00445757
-0.00165714
0.00448428
-0.00168984
0.00451082
-0.00172176
0.00453711
-0.00175321
-0.00178297
0.00456252
0.00394083
-0.000993007
0.00395967
-0.00103094
0.00397898
-0.00106878
0.00399877
-0.00110652
0.00401904
-0.00114415
0.00403979
-0.00118166
0.00406103
-0.00121903
0.00408274
-0.00125625
0.00410493
-0.00129331
0.00412757
-0.00133017
0.00415066
-0.00136684
0.00417418
-0.00140328
0.00419811
-0.00143946
0.0042224
-0.00147537
0.00424703
-0.00151095
0.00427193
-0.00154618
0.00429704
-0.00158099
0.00432227
-0.00161533
0.00434751
-0.00164912
0.00437262
-0.00168224
0.00439743
-0.00171466
0.00442167
-0.001746
0.00444526
-0.0017768
-0.00180498
0.00446727
0.00386839
-0.00101123
0.00388707
-0.00104961
0.0039062
-0.0010879
0.00392577
-0.0011261
0.0039458
-0.00116418
0.00396627
-0.00120213
0.00398719
-0.00123994
0.00400853
-0.00127759
0.00403029
-0.00131507
0.00405245
-0.00135233
0.00407499
-0.00138938
0.00409787
-0.00142616
0.00412107
-0.00146266
0.00414453
-0.00149883
0.00416819
-0.00153461
0.00419197
-0.00156996
0.00421577
-0.00160479
0.00423945
-0.00163901
0.00426287
-0.00167253
0.0042858
-0.00170517
0.00430802
-0.00173688
0.00432915
-0.00176712
0.00434906
-0.00179671
-0.00182239
0.00436647
0.00379763
-0.00102929
0.0038161
-0.00106808
0.00383499
-0.00110679
0.00385428
-0.00114539
0.00387398
-0.00118388
0.00389407
-0.00122223
0.00391455
-0.00126042
0.0039354
-0.00129844
0.00395659
-0.00133626
0.00397811
-0.00137385
0.00399991
-0.00141118
0.00402196
-0.00144821
0.0040442
-0.0014849
0.00406655
-0.00152118
0.00408894
-0.00155699
0.00411123
-0.00159225
0.00413328
-0.00162684
0.0041549
-0.00166064
0.00417586
-0.00169349
0.00419586
-0.00172518
0.00421458
-0.0017556
0.00423151
-0.00178405
0.00424647
-0.00181167
-0.00183373
0.00425781
0.00372843
-0.0010471
0.00374661
-0.00108626
0.00376516
-0.00112534
0.00378407
-0.0011643
0.00380332
-0.00120313
0.00382291
-0.00124181
0.00384281
-0.00128032
0.003863
-0.00131864
0.00388346
-0.00135672
0.00390414
-0.00139453
0.003925
-0.00143204
0.00394596
-0.00146918
0.00396695
-0.00150589
0.00398786
-0.00154209
0.00400856
-0.00157769
0.00402887
-0.00161256
0.00404858
-0.00164655
0.00406742
-0.00167948
0.00408508
-0.00171115
0.00410115
-0.00174125
0.0041152
-0.00176965
0.00412656
-0.00179541
0.004135
-0.00182011
-0.00183725
0.00413852
0.00366057
-0.00106457
0.00367836
-0.00110405
0.00369645
-0.00114343
0.00371484
-0.00118269
0.00373351
-0.0012218
0.00375244
-0.00126074
0.00377161
-0.00129949
0.00379097
-0.001338
0.00381049
-0.00137624
0.0038301
-0.00141415
0.00384974
-0.00145168
0.00386931
-0.00148875
0.00388869
-0.00152527
0.00390772
-0.00156112
0.00392619
-0.00159617
0.00394388
-0.00163024
0.00396046
-0.00166313
0.00397558
-0.0016946
0.00398881
-0.00172438
0.00399963
-0.00175207
0.00400748
-0.0017775
0.0040116
-0.00179953
0.00401166
-0.00182017
-0.00183098
0.0040054
0.00359379
-0.00108158
0.00361105
-0.00112131
0.00362855
-0.00116094
0.00364628
-0.00120042
0.00366421
-0.00123973
0.00368232
-0.00127885
0.00370055
-0.00131772
0.00371887
-0.00135632
0.00373721
-0.00139457
0.00375548
-0.00143242
0.00377356
-0.00146976
0.00379133
-0.00150651
0.00380859
-0.00154253
0.00382513
-0.00157766
0.00384067
-0.0016117
0.00385486
-0.00164443
0.00386731
-0.00167558
0.00387752
-0.00170481
0.00388494
-0.00173179
0.00388892
-0.00175605
0.00388879
-0.00177737
0.00388371
-0.00179446
0.0038733
-0.00180976
-0.00181296
0.00385528
0.00352776
-0.001098
0.00354436
-0.00113792
0.00356114
-0.00117771
0.00357806
-0.00121734
0.00359509
-0.00125676
0.00361219
-0.00129594
0.00362929
-0.00133482
0.00364631
-0.00137334
0.00366316
-0.00141142
0.00367971
-0.00144896
0.00369579
-0.00148584
0.00371118
-0.00152191
0.00372565
-0.00155699
0.00373886
-0.00159087
0.00375045
-0.00162329
0.00375997
-0.00165395
0.0037669
-0.00168251
0.00377066
-0.00170857
0.00377057
-0.0017317
0.00376591
-0.00175139
0.00375588
-0.00176734
0.00373965
-0.00177823
0.00371672
-0.00178682
-0.00178142
0.00368517
0.00346219
-0.00111371
0.00347801
-0.00115375
0.00349392
-0.00119362
0.00350988
-0.00123329
0.00352583
-0.00127271
0.0035417
-0.00131181
0.0035574
-0.00135052
0.00357282
-0.00138876
0.00358779
-0.0014264
0.00360213
-0.0014633
0.0036156
-0.00149931
0.0036279
-0.00153421
0.00363868
-0.00156777
0.00364751
-0.00159971
0.0036539
-0.00162968
0.00365728
-0.00165733
0.003657
-0.00168223
0.00365236
-0.00170393
0.00364263
-0.00172198
0.00362708
-0.00173583
0.00360494
-0.00174519
0.00357557
-0.00174887
0.0035384
-0.00174965
-0.00173508
0.00349206
0.00339682
-0.0011286
0.00341174
-0.00116866
0.00342663
-0.00120851
0.00344143
-0.0012481
0.00345607
-0.00128735
0.00347043
-0.00132617
0.00348437
-0.00136447
0.00349773
-0.00140211
0.00351027
-0.00143894
0.00352174
-0.00147477
0.00353179
-0.00150936
0.00354005
-0.00154247
0.00354603
-0.00157376
0.00354922
-0.00160289
0.00354898
-0.00162945
0.00354464
-0.00165299
0.00353545
-0.00167303
0.0035206
-0.00168908
0.00349928
-0.00170065
0.00347072
-0.00170728
0.00343424
-0.00170871
0.00338962
-0.00170425
0.00333651
-0.00169654
-0.00167345
0.00327487
0.00333148
-0.00114253
0.00334532
-0.0011825
0.00335899
-0.00122218
0.00337238
-0.00126149
0.00338537
-0.00130034
0.0033978
-0.0013386
0.00340947
-0.00137614
0.00342012
-0.00141276
0.00342945
-0.00144827
0.0034371
-0.00148241
0.00344262
-0.00151489
0.00344553
-0.00154537
0.00344524
-0.00157347
0.00344112
-0.00159877
0.00343246
-0.00162078
0.0034185
-0.00163903
0.00339848
-0.00165301
0.00337161
-0.00166222
0.00333717
-0.00166621
0.00329449
-0.0016646
0.00324297
-0.00165719
0.00318252
-0.00164379
0.0031127
-0.00162672
-0.00159683
0.00303608
0.00326605
-0.00115537
0.00327861
-0.00119506
0.00329078
-0.00123435
0.00330242
-0.00127313
0.00331333
-0.00131125
0.00332328
-0.00134856
0.00333199
-0.00138484
0.00333911
-0.00141988
0.00334423
-0.00145339
0.00334688
-0.00148506
0.0033465
-0.00151451
0.00334248
-0.00154135
0.00333411
-0.00156511
0.00332066
-0.00158531
0.00330132
-0.00160145
0.00327532
-0.00161302
0.00324186
-0.00161955
0.00320027
-0.00162063
0.00315003
-0.00161597
0.00309088
-0.00160545
0.00302288
-0.0015892
0.00294664
-0.00156755
0.00286153
-0.00154161
-0.00150643
0.00277113
0.00320057
0.00321159
0.00322194
0.00323141
0.00323972
0.00324657
0.00325158
0.00325431
0.00325422
0.00325074
0.00324318
0.00323082
0.00321285
0.00318843
0.0031567
0.00311679
0.00306792
0.00300938
0.00294063
0.00286141
0.00277196
0.00267344
0.00256846
0.00246969
0.011202
-1.04758e-05
0.0112056
-3.52014e-06
0.0112018
3.79117e-06
0.0111906
1.12143e-05
0.0111719
1.86681e-05
0.011146
2.58507e-05
0.0111135
3.25234e-05
0.0110753
3.81629e-05
0.0110329
4.24764e-05
0.0109879
4.49324e-05
0.0109427
4.52142e-05
0.0108997
4.30448e-05
0.0108617
3.79796e-05
0.0108312
3.05019e-05
0.0108112
1.99839e-05
0.010803
8.23875e-06
0.0108084
-5.44548e-06
0.0108259
-1.74773e-05
0.0108547
-2.8821e-05
0.0108884
-3.36561e-05
0.0109228
-3.43958e-05
0.0109466
-2.38462e-05
0.0109547
-8.12219e-06
0.0109372
1.75193e-05
0.0108912
4.60063e-05
0.0108159
7.52657e-05
0.0107105
0.000105401
0.0105866
0.000123975
0.0104397
0.000146888
0.010302
0.000137715
0.0101575
0.000144508
0.010051
0.000106451
0.00999732
5.36888e-05
0.0100524
-5.50328e-05
0.0102556
-0.000203241
0.0105435
-0.000287939
0.0108742
-0.000330655
0.0111009
-0.000226685
0.0112219
-0.000120988
0.0111459
7.59343e-05
0.0109969
0.000149044
0.0107192
0.000277662
0.0103593
0.000359921
0.00997706
0.000382246
0.00943884
0.000538218
0.00949996
-6.1125e-05
0.0100469
-0.000546905
0.0107532
-0.000706296
0.0112339
-0.000480753
0.011425
-0.00019105
0.0115666
-0.000141677
0.0111069
0.000459701
0.0105596
0.000547319
0.00987176
0.000687868
0.00931468
0.000557073
0.00973814
-0.000423456
0.0101458
-0.000407682
0.0111967
-0.00105083
0.0119619
-0.000765196
5.97694e-05
0.0109461
-2.07559e-05
0.0109496
-6.93918e-06
0.0109458
7.56596e-06
0.0109347
2.23209e-05
0.0109162
3.71499e-05
0.0108906
5.14393e-05
0.0108584
6.47175e-05
0.0108206
7.5944e-05
0.0107786
8.45423e-05
0.0107341
8.94428e-05
0.0106893
9.00221e-05
0.0106466
8.57115e-05
0.0106089
7.56351e-05
0.0105787
6.07377e-05
0.0105589
3.97694e-05
0.0105508
1.63207e-05
0.0105564
-1.10227e-05
0.0105741
-3.51231e-05
0.0106031
-5.78906e-05
0.0106371
-6.76839e-05
0.010672
-6.92936e-05
0.0106965
-4.82678e-05
0.0107053
-1.6917e-05
0.0106885
3.42988e-05
0.0106434
9.10427e-05
0.0105693
0.000149396
0.0104656
0.00020913
0.0103432
0.000246344
0.0101985
0.000291588
0.0100626
0.000273617
0.00991953
0.000287593
0.0098125
0.000213479
0.00975669
0.000109502
0.00980927
-0.00010761
0.0100111
-0.000405111
0.0102988
-0.000575632
0.010629
-0.000660856
0.0108547
-0.00045239
0.0109734
-0.000239607
0.0108975
0.000151791
0.0107493
0.000297286
0.0104761
0.000550847
0.0101234
0.000712631
0.00974304
0.000762566
0.00920453
0.00107672
0.00925614
-0.000112737
0.00980063
-0.00109139
0.0105049
-0.0014106
0.0109838
-0.000959589
0.0111708
-0.00037813
0.0113107
-0.000281558
0.0108583
0.00091213
0.0103193
0.0010863
0.00963959
0.0013676
0.00908137
0.00111528
0.0094849
-0.000826978
0.00988623
-0.000809013
0.0109167
-0.00208129
0.011676
-0.00152448
0.000113462
0.0107
-3.08837e-05
0.0107033
-1.02459e-05
0.0106995
1.1431e-05
0.0106883
3.34998e-05
0.0106697
5.57e-05
0.0106441
7.71054e-05
0.0106118
9.70031e-05
0.0105739
0.000113835
0.0105317
0.000126743
0.010487
0.000134112
0.010442
0.000135011
0.0103992
0.000128562
0.0103614
0.000113457
0.010331
9.10827e-05
0.0103112
5.95639e-05
0.0103033
2.4231e-05
0.0103093
-1.70043e-05
0.0103277
-5.35237e-05
0.0103579
-8.80587e-05
0.0103934
-0.000103189
0.0104299
-0.000105829
0.0104559
-7.43077e-05
0.0104661
-2.7039e-05
0.0104503
5.00329e-05
0.010406
0.000135368
0.0103325
0.000222921
0.0102296
0.00031205
0.0101077
0.00036824
0.00996385
0.000435394
0.00982849
0.000408985
0.009685
0.000431073
0.00957469
0.000323789
0.00951371
0.000170492
0.00956315
-0.000157057
0.00976731
-0.000609264
0.0100612
-0.000869488
0.0103968
-0.000996524
0.0106253
-0.000680818
0.0107409
-0.000355212
0.0106637
0.000228956
0.0105132
0.000447817
0.010243
0.000821019
0.0098977
0.00105792
0.00951257
0.0011477
0.0089601
0.00162919
0.00899793
-0.000150561
0.00954815
-0.00164162
0.0102618
-0.00212428
0.0107455
-0.00144322
0.0109309
-0.000563515
0.011068
-0.000418713
0.0106258
0.00135438
0.0100896
0.00162247
0.0094104
0.00204679
0.00883927
0.00168641
0.00921701
-0.00120472
0.00961118
-0.00120319
0.0106279
-0.00309802
0.0113899
-0.0022865
0.000157911
0.010463
-4.09195e-05
0.0104662
-1.34246e-05
0.0104622
1.5451e-05
0.0104508
4.48837e-05
0.0104319
7.45252e-05
0.0104059
0.00010313
0.0103732
0.000129735
0.0103348
0.000152257
0.010292
0.000169555
0.0102466
0.00017945
0.0102009
0.000180704
0.0101574
0.000172102
0.0101189
0.000151899
0.0100881
0.000121893
0.0100681
7.95845e-05
0.0100604
3.1987e-05
0.0100669
-2.35971e-05
0.0100866
-7.31617e-05
0.0101186
-0.000120075
0.0101566
-0.000141147
0.0101958
-0.000145057
0.0102244
-0.0001029
0.0102365
-3.91223e-05
0.010222
6.4478e-05
0.0101782
0.000179173
0.0101048
0.000296354
0.010002
0.000414867
0.00987951
0.000490691
0.00973557
0.000579338
0.00959969
0.00054486
0.00945435
0.00057642
0.00933826
0.000439878
0.00926908
0.000239667
0.00931445
-0.000202425
0.00952386
-0.000818674
0.0098297
-0.00117533
0.0101766
-0.00134341
0.0104109
-0.000915149
0.0105234
-0.000467697
0.0104435
0.000308875
0.0102879
0.000603358
0.0100194
0.00108956
0.00968183
0.00139549
0.00928673
0.0015428
0.00870913
0.0022068
0.00872614
-0.000167573
0.00928604
-0.00220152
0.0100182
-0.00285644
0.0105144
-0.00193944
0.010702
-0.000751101
0.0108377
-0.000554397
0.0104057
0.00178641
0.00986947
0.00215866
0.00918619
0.00273007
0.00859478
0.00227782
0.00894012
-0.00155005
0.00932567
-0.00158874
0.0103313
-0.00410368
0.0111034
-0.00305862
0.000190127
0.0102345
-5.09076e-05
0.0102376
-1.64778e-05
0.0102333
1.96849e-05
0.0102216
5.65918e-05
0.0102023
9.38084e-05
0.0101757
0.000129763
0.0101422
0.000163227
0.0101029
0.000191582
0.010059
0.0002134
0.0100126
0.000225914
0.00996571
0.000227575
0.00992103
0.000216791
0.00988155
0.000191372
0.00984994
0.000153501
0.00982949
0.000100036
0.00982185
3.96272e-05
0.00982923
-3.09728e-05
0.00985053
-9.44614e-05
0.00988507
-0.00015462
0.00992639
-0.000182463
0.0099693
-0.000187963
0.0100013
-0.000134913
0.0100159
-5.37405e-05
0.010003
7.74309e-05
0.00995949
0.000222659
0.00988567
0.00037017
0.00978232
0.000518215
0.0096584
0.000614613
0.00951344
0.000724298
0.00937624
0.000682063
0.00922786
0.000724803
0.00910367
0.000564067
0.00902325
0.000320088
0.00906342
-0.000242604
0.00928076
-0.00103601
0.00960424
-0.0014988
0.00996773
-0.0017069
0.0102106
-0.00115804
0.0103199
-0.000576945
0.0102357
0.000393
0.0100724
0.000766661
0.00980449
0.00135752
0.00947559
0.00172438
0.00906633
0.00195206
0.00845453
0.0028186
0.00844437
-0.000157416
0.0090139
-0.00277104
0.00976968
-0.00361223
0.0102855
-0.00245525
0.0104808
-0.000946415
0.0106171
-0.000690746
0.0101956
0.00220791
0.00965818
0.00269612
0.00896869
0.00341957
0.00835367
0.00289284
0.00866077
-0.00185715
0.00903429
-0.00196225
0.0100294
-0.00509877
0.0108167
-0.00384589
0.000207759
0.0100141
-6.08953e-05
0.010017
-1.94042e-05
0.0100125
2.41793e-05
0.0100004
6.87249e-05
0.00998048
0.000113709
0.00995302
0.000157224
0.00991849
0.000197759
0.00987793
0.000232145
0.00983267
0.000258662
0.00978466
0.00027392
0.00973618
0.000276053
0.00968993
0.000263047
0.00964904
0.000232261
0.00961632
0.000186219
0.00959523
0.000121125
0.00958766
4.72024e-05
0.00959595
-3.9265e-05
0.00961928
-0.000117795
0.00965698
-0.000192322
0.00970252
-0.000227995
0.00975005
-0.000235492
0.0097863
-0.000171164
0.00980398
-7.14238e-05
0.00979268
8.87314e-05
0.00974929
0.000266047
0.00967464
0.000444821
0.00957019
0.000622665
0.00944398
0.000740826
0.00929726
0.000871009
0.00915813
0.000821193
0.00900584
0.0008771
0.00887137
0.00069853
0.0087765
0.000414967
0.0088101
-0.000276212
0.00903776
-0.00126367
0.0093845
-0.00184554
0.00976976
-0.00209215
0.0100234
-0.0014117
0.0101293
-0.000682857
0.0100394
0.000482904
0.00986555
0.000940534
0.00959763
0.00162544
0.0092788
0.00204322
0.00885172
0.00237913
0.00820004
0.00347028
0.0081597
-0.000117071
0.00873572
-0.00334707
0.00951504
-0.00439154
0.010055
-0.00299518
0.0102641
-0.00115553
0.0104038
-0.000830477
0.00999341
0.00261832
0.00945491
0.00323462
0.00875932
0.00411517
0.0081209
0.00353125
0.00838489
-0.00212114
0.00874156
-0.00231892
0.00972463
-0.00608184
0.0105298
-0.0046511
0.000209131
0.00980124
-7.09287e-05
0.00980404
-2.22118e-05
0.00979925
2.89705e-05
0.00978661
8.13686e-05
0.00976595
0.000134364
0.00973747
0.000185705
0.00970165
0.000233578
0.00965955
0.000274246
0.00961253
0.000305684
0.00956261
0.000323843
0.00951213
0.000326532
0.00946391
0.00031126
0.00942125
0.000274924
0.00938712
0.000220346
0.00936519
0.000143062
0.0093576
5.47854e-05
0.00936691
-4.85722e-05
0.0093926
-0.000143486
0.00943404
-0.000233764
0.00948462
-0.000278573
0.0095377
-0.000288569
0.00957898
-0.000212442
0.00960022
-9.26658e-05
0.00959069
9.82624e-05
0.00954715
0.000309583
0.00947123
0.000520742
0.00936515
0.000728742
0.00923591
0.000870074
0.00908683
0.00102008
0.0089454
0.00096263
0.00878863
0.00103387
0.00864184
0.000845318
0.00852909
0.00052772
0.00855431
-0.000301437
0.00879432
-0.00150368
0.00917003
-0.00222126
0.00958208
-0.00250421
0.00984845
-0.00167807
0.00995096
-0.000785367
0.00985351
0.00058036
0.00966628
0.00112776
0.0093984
0.00189331
0.00909106
0.00235056
0.00864272
0.00282748
0.00795036
0.00416264
0.00788274
-4.94535e-05
0.00846034
-0.00392467
0.00925706
-0.00518827
0.0098216
-0.00355971
0.0100497
-0.00138361
0.0101954
-0.000976216
0.00979689
0.00301684
0.00925882
0.00377268
0.00855902
0.00481497
0.00790015
0.00419011
0.00811752
-0.00233851
0.00845191
-0.00265331
0.00941996
-0.00704989
0.0102435
-0.00547468
0.000193289
0.00959555
-8.1054e-05
0.00959825
-2.49128e-05
0.00959314
3.40865e-05
0.00957991
9.45936e-05
0.00955838
0.000155894
0.00952871
0.000215377
0.00949138
0.000270906
0.00944747
0.000318156
0.00939838
0.00035478
0.00934619
0.000376029
0.00929335
0.000379377
0.00924281
0.000361793
0.00919804
0.000319702
0.00916221
0.000256175
0.00913921
0.000166055
0.00913152
6.2475e-05
0.00914191
-5.89581e-05
0.00917023
-0.000171812
0.00921596
-0.000279493
0.0092724
-0.000335014
0.00933195
-0.000348112
0.00937903
-0.000259523
0.0094043
-0.000117938
0.00939661
0.000105955
0.00935264
0.000353546
0.00927503
0.00059836
0.00916684
0.000836931
0.00903388
0.00100303
0.00888194
0.00117202
0.00873803
0.00110654
0.00857655
0.00119536
0.00841555
0.00100631
0.0082813
0.000661979
0.00829566
-0.000315798
0.00854941
-0.00175744
0.00895981
-0.00263165
0.00940377
-0.00294817
0.00968478
-0.00195907
0.00978396
-0.000884554
0.00967691
0.000687415
0.00947374
0.00133094
0.00920657
0.00216047
0.00891164
0.00264549
0.00843874
0.00330038
0.00771077
0.0048906
0.00762517
3.61555e-05
0.00819835
-0.00449785
0.00900102
-0.00599094
0.00958622
-0.00414491
0.00983644
-0.00163383
0.00999017
-0.00112994
0.00960435
0.00340266
0.00906906
0.00430798
0.00836811
0.00551591
0.00769371
0.00486451
0.00786278
-0.00250757
0.0081698
-0.00296033
0.00911865
-0.00799873
0.0099587
-0.00631474
0.000160087
0.00939665
-9.13187e-05
0.00939926
-2.75241e-05
0.00939381
3.95447e-05
0.00937994
0.000108458
0.00935744
0.0001784
0.00932642
0.00024639
0.00928739
0.000309939
0.00924143
0.000364117
0.00918997
0.000406237
0.0091352
0.000430797
0.00907965
0.000434926
0.00902646
0.000414985
0.00897924
0.000366919
0.00894143
0.000293993
0.00891715
0.000190333
0.00890925
7.03769e-05
0.00892073
-7.04413e-05
0.00895192
-0.000203
0.00900245
-0.000330028
0.00906557
-0.000398136
0.00913252
-0.000415057
0.00918618
-0.000313182
0.00921591
-0.000147672
0.00921009
0.000111781
0.00916538
0.000398253
0.00908564
0.000678098
0.00897488
0.00094769
0.0088376
0.00114031
0.00868239
0.00132723
0.00853604
0.00125289
0.00836992
0.00136148
0.00819313
0.0011831
0.00803354
0.000821566
0.00803353
-0.000315781
0.00830116
-0.00202507
0.00875167
-0.00308216
0.00923304
-0.00342954
0.00953114
-0.00225717
0.00962734
-0.000980751
0.00950845
0.000806298
0.00928722
0.00155217
0.00902202
0.00242567
0.00873933
0.00292818
0.00823928
0.00380043
0.00748643
0.00564346
0.00739583
0.000126748
0.00795728
-0.0050593
0.00875136
-0.00678501
0.0093504
-0.00474395
0.00962393
-0.00190736
0.00978675
-0.00129276
0.00941445
0.00377497
0.00888477
0.00483765
0.00818635
0.00621433
0.00750262
0.00554825
0.00762389
-0.00262884
0.00789963
-0.00323607
0.00882426
-0.00892337
0.00967657
-0.00716705
0.00011026
0.00920418
-0.000101771
0.00920673
-3.00669e-05
0.00920092
4.53541e-05
0.00918637
0.000123006
0.0091628
0.000201968
0.00913032
0.000278873
0.0090894
0.000350855
0.00904117
0.000412352
0.00898709
0.000460317
0.00892944
0.000488441
0.00887087
0.000493496
0.0088147
0.000471159
0.00876473
0.000416887
0.00872464
0.000334084
0.00869885
0.00021612
0.0086906
7.86327e-05
0.00870316
-8.3006e-05
0.00873739
-0.000237231
0.00879322
-0.000385856
0.00886386
-0.000468774
0.00893917
-0.000490368
0.00900019
-0.000374196
0.0090348
-0.000182285
0.00903081
0.000115764
0.008985
0.000444063
0.00890272
0.00076038
0.00878895
0.00106146
0.00864679
0.00128248
0.00848797
0.00148605
0.00833939
0.00140146
0.00816905
0.00153182
0.00797527
0.00137688
0.00778658
0.00101025
0.00776713
-0.000296328
0.00804651
-0.00230446
0.00854168
-0.00357733
0.00906669
-0.00395455
0.00938555
-0.00257603
0.00947975
-0.00107495
0.00934684
0.000939208
0.00910623
0.00179278
0.0088446
0.00268729
0.00857253
0.00320025
0.0080443
0.00432867
0.00728144
0.00640631
0.00719811
0.000210085
0.00773837
-0.00559957
0.00850903
-0.00755567
0.00911475
-0.00534968
0.00941173
-0.00220434
0.00958412
-0.00146515
0.00922614
0.00413294
0.00870514
0.00535866
0.00801304
0.00690643
0.00732682
0.00623447
0.00740295
-0.00270497
0.00764518
-0.0034783
0.00854025
-0.00981843
0.00939866
-0.00802546
4.54016e-05
0.00901782
-0.000112459
0.00902032
-3.25671e-05
0.00901416
5.15156e-05
0.00899889
0.000138272
0.00897419
0.000226669
0.00894013
0.00031294
0.00889717
0.000393809
0.00884646
0.000463061
0.00878952
0.000517262
0.00872873
0.000549235
0.00866684
0.000555383
0.00860738
0.000530617
0.00855436
0.000469905
0.00851172
0.000376728
0.00848418
0.000243657
0.00847541
8.74042e-05
0.008489
-9.65927e-05
0.00852639
-0.000274628
0.00858798
-0.000447444
0.00866699
-0.000547786
0.00875167
-0.000575047
0.00882085
-0.000443372
0.00886073
-0.00022217
0.00885851
0.000117988
0.00881119
0.000491385
0.00872593
0.000845641
0.00860872
0.00117866
0.00846116
0.00143004
0.00829847
0.00164874
0.008148
0.00155193
0.00797415
0.00170568
0.00776288
0.00158814
0.00754158
0.00123155
0.00749577
-0.000250519
0.00778131
-0.00259
0.0083238
-0.00411981
0.00889966
-0.00453041
0.00924497
-0.00292134
0.00933925
-0.00116923
0.00919063
0.00108783
0.00893041
0.002053
0.00867398
0.00294373
0.00840947
0.00346475
0.00785436
0.00488378
0.00709817
0.0071625
0.00703013
0.000278126
0.00753747
-0.00610691
0.00827154
-0.00828974
0.00887841
-0.00595655
0.00919901
-0.00252494
0.00938137
-0.00164751
0.00903869
0.00447563
0.00852936
0.00586799
0.00784722
0.00758857
0.00716539
0.00691629
0.00720072
-0.0027403
0.00740904
-0.00368662
0.00826935
-0.0106787
0.00912641
-0.00888253
-3.21975e-05
0.00883726
-0.000123433
0.00883975
-3.50546e-05
0.00883324
5.80223e-05
0.00881724
0.000154278
0.00879135
0.000252561
0.0087556
0.000348689
0.00871047
0.000438938
0.0086571
0.000516425
0.00859707
0.000577292
0.00853288
0.000613432
0.00846739
0.000620864
0.00840436
0.000593649
0.00834801
0.000526261
0.00830253
0.000422201
0.008273
0.000273193
0.00826353
9.68764e-05
0.00827803
-0.000111097
0.00831866
-0.000315258
0.00838644
-0.00051523
0.00847472
-0.000636065
0.00856984
-0.00067016
0.00864799
-0.000521526
0.00869352
-0.000267704
0.00869292
0.000118596
0.00864363
0.000540673
0.00855494
0.000934327
0.00843386
0.00129974
0.00828048
0.00158342
0.00811369
0.00181553
0.00796174
0.00170389
0.00778536
0.00188206
0.00755696
0.00181655
0.00730029
0.00148822
0.00721953
-0.000169758
0.00750159
-0.00287207
0.00809092
-0.00470914
0.00872531
-0.0051648
0.00910512
-0.00330115
0.00920318
-0.00126729
0.00903821
0.0012528
0.00875948
0.00233173
0.00850949
0.00319372
0.00824849
0.00372575
0.00767034
0.00546193
0.00693718
0.00789566
0.00688699
0.00032832
0.0073485
-0.00656842
0.00803509
-0.00897633
0.00863964
-0.0065611
0.00898459
-0.00286989
0.00917768
-0.0018406
0.00885152
0.0048018
0.00835666
0.00636285
0.00768786
0.00825737
0.00701677
0.00758739
0.00701656
-0.00274009
0.00719214
-0.0038622
0.00801311
-0.0114997
0.008861
-0.00973042
-0.000119835
0.00866223
-0.000134744
0.00866474
-3.75627e-05
0.0086579
6.48599e-05
0.00864114
0.000171036
0.00861401
0.000279688
0.0085765
0.000386199
0.00852907
0.000486366
0.00847289
0.000572611
0.00840957
0.000640613
0.00834173
0.000681269
0.0082724
0.000690199
0.00820552
0.000660527
0.00814555
0.000586231
0.00809697
0.000470778
0.00806518
0.000304984
0.0080548
0.000107256
0.00807006
-0.000126362
0.00811392
-0.000359117
0.00818832
-0.000589623
0.0082868
-0.000734551
0.00839348
-0.00077684
0.00848148
-0.000609522
0.008533
-0.00031922
0.0085338
0.000117793
0.00848204
0.000592434
0.00838946
0.00102691
0.00826407
0.00142514
0.0081045
0.00174299
0.00793342
0.00198661
0.0077804
0.0018569
0.00760275
0.00205971
0.00735849
0.00206081
0.00706489
0.00178182
0.00694041
-4.52688e-05
0.00720632
-0.00313798
0.00783774
-0.00534056
0.00853712
-0.00586417
0.00896105
-0.00372509
0.00906826
-0.00137449
0.00888787
0.0014332
0.00859307
0.00262653
0.00835022
0.00343657
0.00808829
0.00398768
0.00749307
0.00605715
0.00679709
0.00859165
0.00676333
0.000362081
0.00716668
-0.00697178
0.00779703
-0.00960668
0.00839696
-0.00716103
0.0087673
-0.00324023
0.00897233
-0.00204564
0.00866421
0.00510992
0.00818635
0.0068407
0.00753396
0.00890976
0.006879
0.00824234
0.00684871
-0.0027098
0.0069938
-0.00400728
0.00777178
-0.0122777
0.00860315
-0.0105618
-0.000214721
0.00849245
-0.000146441
0.00849502
-4.01299e-05
0.00848787
7.2008e-05
0.00847036
0.000188549
0.00844197
0.000308083
0.00840263
0.000425539
0.00835279
0.000536198
0.00829364
0.000631766
0.00822684
0.000707411
0.00815514
0.000752966
0.00808171
0.000763635
0.00801072
0.00073151
0.00794688
0.000650079
0.00789492
0.000522734
0.00786062
0.000339289
0.0078491
0.000118774
0.00786492
-0.000142182
0.00791192
-0.000406125
0.0079933
-0.000671002
0.00810299
-0.000844237
0.00822246
-0.000896309
0.00832119
-0.000708258
0.008379
-0.000377026
0.00838094
0.000115855
0.00832615
0.000647223
0.00822917
0.00112389
0.00809902
0.00155528
0.00793299
0.00190903
0.00775745
0.00216214
0.00760377
0.00201058
0.0074263
0.00223718
0.00716823
0.00231888
0.00683788
0.00211216
0.00666349
0.000129121
0.00690065
-0.00337514
0.00756472
-0.00600464
0.00833132
-0.00663078
0.0088083
-0.00420206
0.00893101
-0.0014972
0.00873787
0.00162634
0.00843065
0.00293374
0.008195
0.00367222
0.00792802
0.00425466
0.007323
0.00666216
0.0066754
0.00923925
0.00665406
0.000383418
0.00698958
-0.0073073
0.00755689
-0.010174
0.00815002
-0.00775416
0.00854641
-0.00363661
0.00876483
-0.00226406
0.00847647
0.00539828
0.0080178
0.00729937
0.00738459
0.00954297
0.00675004
0.0088769
0.00669476
-0.00265452
0.00681216
-0.00412469
0.00754459
-0.0130101
0.00835311
-0.0113703
-0.000314262
0.00832769
-0.000158575
0.00833036
-4.27963e-05
0.00832293
7.94382e-05
0.00830467
0.000206809
0.00827499
0.000337764
0.00823377
0.000466762
0.00818144
0.000588526
0.00811918
0.000694026
0.00804873
0.000777862
0.00797297
0.000828728
0.0078952
0.000841399
0.00781987
0.00080684
0.00775189
0.000718057
0.00769629
0.000578333
0.00765921
0.000376375
0.0076463
0.000131679
0.00766241
-0.000158288
0.0077124
-0.000456116
0.00780111
-0.000759705
0.00792305
-0.000966178
0.00805663
-0.00102989
0.00816705
-0.000818679
0.00823141
-0.000441378
0.00823413
0.000113129
0.0081757
0.000705652
0.00807378
0.00122581
0.00793845
0.00169061
0.00776574
0.00208173
0.00758556
0.00234232
0.00743163
0.00216451
0.00725588
0.00241293
0.00698641
0.00258835
0.00662164
0.00247693
0.00639731
0.000353453
0.00659739
-0.00357522
0.00728067
-0.00668792
0.00810939
-0.0074595
0.00864428
-0.00473695
0.00878836
-0.00164128
0.00858655
0.00182814
0.00827151
0.00324878
0.00804262
0.00390112
0.00776722
0.00453005
0.00716014
0.00726925
0.00656861
0.00983079
0.00655488
0.000397143
0.00681654
-0.00756895
0.00731617
-0.0106736
0.0078998
-0.00833779
0.00832187
-0.00405868
0.00855501
-0.0024972
0.00828815
0.00566514
0.0078505
0.00773703
0.00723895
0.0101545
0.00662791
0.00948794
0.00655209
-0.0025787
0.00664475
-0.00421735
0.00733011
-0.0136955
0.00811081
-0.012151
-0.000416233
0.00816772
-0.000171195
0.00817052
-4.56052e-05
0.00816285
8.71161e-05
0.00814386
0.000225799
0.00811288
0.000368739
0.00806973
0.000509908
0.00801483
0.000643427
0.00794935
0.000759509
0.00787509
0.000852123
0.00779507
0.000908744
0.00771276
0.000923707
0.00763286
0.000886742
0.00756052
0.000790403
0.00750101
0.000637839
0.00746088
0.000416502
0.00744632
0.000146239
0.00746239
-0.000174356
0.0075151
-0.000508825
0.00761142
-0.000856024
0.00774674
-0.0011015
0.0078959
-0.00117905
0.00801898
-0.000941763
0.00809011
-0.000512502
0.00809319
0.000110045
0.00803046
0.000768387
0.00792299
0.00133327
0.00778206
0.00183154
0.00760253
0.00226127
0.00741753
0.00252732
0.0072638
0.00231824
0.00709127
0.00258546
0.00681276
0.00286687
0.00641877
0.00287092
0.00615203
0.000620191
0.00631449
-0.00373768
0.00700138
-0.00737481
0.00787827
-0.00833639
0.00846915
-0.00532783
0.00863822
-0.00181035
0.00843259
0.00203377
0.00811479
0.00356658
0.0078919
0.004124
0.00760581
0.00481615
0.00700409
0.00787096
0.0064729
0.010362
0.006462
0.000408044
0.00664773
-0.00775469
0.00707748
-0.0111034
0.00764833
-0.00890864
0.00809434
-0.00450469
0.00834307
-0.00274593
0.00809925
0.00590896
0.00768409
0.0081522
0.00709635
0.0107423
0.00651091
0.0100734
0.00641826
-0.00248605
0.00648897
-0.00428806
0.00712668
-0.0143332
0.00787596
-0.0129003
-0.000518856
0.0080123
-0.000184351
0.0080153
-4.86034e-05
0.00800741
9.50012e-05
0.00798772
0.000245493
0.00795545
0.000401006
0.00791036
0.000555005
0.00785282
0.000700967
0.007784
0.000828326
0.00770578
0.00093034
0.00762134
0.000993191
0.00753429
0.00101076
0.0074496
0.000971428
0.00737266
0.00086734
0.007309
0.000701505
0.00726557
0.00045993
0.00724908
0.000162732
0.00726471
-0.00018999
0.00731976
-0.000563873
0.00742392
-0.000960191
0.00757384
-0.00125142
0.00774017
-0.00134537
0.00787697
-0.00107856
0.00795498
-0.000590519
0.00795793
0.000107094
0.00789016
0.000836161
0.00777653
0.00144691
0.00762962
0.00197845
0.0074431
0.00244778
0.00725314
0.00271728
0.00710021
0.00247117
0.00693206
0.00275361
0.00664653
0.0031524
0.00623118
0.00328627
0.00593726
0.000914114
0.00606899
-0.00386941
0.00674407
-0.00804989
0.00764788
-0.0092402
0.00828533
-0.00596527
0.00847973
-0.00200476
0.00827502
0.00223848
0.00795956
0.00388204
0.00774185
0.00434172
0.00744388
0.00511411
0.00685418
0.00846067
0.00638455
0.0108316
0.00637212
0.000420472
0.00648349
-0.00786606
0.00684368
-0.0114635
0.00739821
-0.00946317
0.00786504
-0.00497153
0.00812951
-0.00301041
0.00790991
0.00612857
0.00751832
0.00854378
0.00695618
0.0113044
0.00639757
0.010632
0.00629119
-0.00237967
0.00634247
-0.00433934
0.00693274
-0.0149235
0.00764818
-0.0136157
-0.000620791
0.00786124
-0.000198091
0.00786448
-5.1839e-05
0.00785643
0.000103047
0.00783607
0.000265856
0.00780252
0.000434549
0.00775546
0.000602068
0.00769523
0.000761197
0.00762299
0.000900572
0.00754068
0.00101265
0.00745164
0.00108223
0.00735966
0.00110274
0.00727
0.00106109
0.00718826
0.000949077
0.00712019
0.000769575
0.00707322
0.000506905
0.0070545
0.000181447
0.00706924
-0.00020473
0.00712613
-0.000620755
0.0072383
-0.00107236
0.00740412
-0.00141724
0.00758937
-0.00153063
0.00774097
-0.00123016
0.00782596
-0.000675506
0.00782819
0.00010486
0.00775457
0.000909787
0.0076341
0.00156737
0.00748088
0.00213168
0.00728719
0.00264147
0.00709224
0.00291222
0.00694082
0.00262259
0.00677763
0.0029168
0.00648675
0.00344328
0.00606021
0.00371281
0.00575858
0.00121574
0.00587082
-0.00398164
0.00652087
-0.00869995
0.00742725
-0.0101466
0.00809627
-0.00663429
0.00831303
-0.00222152
0.00811333
0.00243818
0.00780499
0.00419038
0.00759166
0.00455506
0.00728167
0.0054241
0.00670959
0.00903275
0.00630024
0.011241
0.00628258
0.000438133
0.00632404
-0.00790752
0.00661741
-0.0117569
0.00715217
-0.00999793
0.00763553
-0.00545489
0.00791508
-0.00328996
0.00772037
0.00632327
0.0073531
0.00891105
0.00681795
0.0118396
0.00628674
0.0111632
0.00616922
-0.00226215
0.0062033
-0.00437341
0.00674694
-0.0154671
0.00742711
-0.0142959
-0.000721076
0.00771434
-0.00021246
0.00771786
-5.53657e-05
0.00770971
0.000111201
0.00768872
0.000286843
0.00765393
0.000469343
0.0076049
0.000651098
0.00754194
0.000824157
0.00746618
0.000976331
0.00737966
0.00109917
0.00728588
0.00117601
0.0071888
0.00119981
0.00709399
0.0011559
0.00700726
0.0010358
0.00693456
0.000842282
0.0068838
0.000557659
0.00686258
0.00020267
0.00687589
-0.00021804
0.00693396
-0.00067882
0.0070542
-0.00119261
0.00723734
-0.00160037
0.00744348
-0.00173677
0.00761099
-0.00139768
0.00770296
-0.000767468
0.00770379
0.000104028
0.00762342
0.000990154
0.00749546
0.00169533
0.00733561
0.00229153
0.00713449
0.00284259
0.00693474
0.00311198
0.00678562
0.00277171
0.00662716
0.00307526
0.00633251
0.00373793
0.00590631
0.00413901
0.00561619
0.00150587
0.00572016
-0.00408562
0.00633534
-0.00931512
0.00722158
-0.0110328
0.00790497
-0.00731767
0.00813882
-0.00245537
0.00794737
0.00262963
0.00765034
0.00448741
0.00744076
0.00476463
0.00711946
0.0057454
0.00656951
0.0095827
0.00621725
0.0115932
0.0061914
0.00046398
0.00616947
-0.00788559
0.00640074
-0.0119882
0.00691273
-0.0105099
0.0074075
-0.00594965
0.00770067
-0.00358314
0.00753102
0.00649293
0.00718844
0.00925363
0.00668128
0.0123467
0.00617753
0.0116669
0.00605107
-0.00213569
0.00606989
-0.00439224
0.0065682
-0.0159654
0.00721246
-0.0149401
-0.000819052
0.0075714
-0.000227502
0.00757527
-5.9233e-05
0.00756707
0.000119404
0.00754551
0.000308402
0.0075095
0.00050535
0.00745851
0.000702086
0.00739279
0.000889876
0.00731344
0.00105568
0.0072226
0.00119
0.00712394
0.00127467
0.00702161
0.00130214
0.0069215
0.00125601
0.00682961
0.00112769
0.00675205
0.000919844
0.0066973
0.000612404
0.00667329
0.000226682
0.00668457
-0.000229318
0.006743
-0.000737254
0.00687128
-0.00132089
0.00707327
-0.00180236
0.00730245
-0.00196595
0.00748707
-0.0015823
0.00758591
-0.000866312
0.00758455
0.000105396
0.00749646
0.00107824
0.00736038
0.00183141
0.00719356
0.00245836
0.00698473
0.00305141
0.00678061
0.00331609
0.00663449
0.00291783
0.00647975
0.00323
0.00618312
0.00403456
0.00576872
0.00455342
0.00550547
0.00176911
0.00560929
-0.00418945
0.0061833
-0.00988913
0.0070316
-0.0118811
0.00771318
-0.00799925
0.00795795
-0.00270014
0.00777721
0.00281036
0.00749501
0.00476961
0.00728879
0.00497086
0.00695758
0.00607661
0.00643314
0.0101071
0.00613349
0.0118929
0.00609728
0.000500197
0.00601975
-0.00780807
0.00619509
-0.0121635
0.00668196
-0.0109968
0.00718257
-0.00645026
0.00748724
-0.00388781
0.00734229
0.00663788
0.00702443
0.00957148
0.00654586
0.0128253
0.00606925
0.0121436
0.00593578
-0.00200222
0.00594109
-0.00439755
0.00639571
-0.01642
0.00700397
-0.0155484
-0.000914289
0.00743225
-0.000243257
0.00743652
-6.34961e-05
0.00742833
0.000127592
0.00740626
0.00033047
0.00736909
0.000542521
0.00731617
0.000755011
0.00724767
0.000958372
0.00716466
0.00113869
0.0070694
0.00128526
0.00696574
0.00137834
0.00685801
0.00140987
0.00675246
0.00136156
0.00665525
0.00122491
0.00657263
0.00100246
0.00651371
0.000671323
0.00648665
0.000253744
0.00649522
-0.000237893
0.00655302
-0.000795052
0.00668918
-0.00145705
0.00691169
-0.00202488
0.00716627
-0.00222052
0.00736921
-0.00178524
0.00747479
-0.000971884
0.00747027
0.000109909
0.00737344
0.00117507
0.00722865
0.0019762
0.00705446
0.00263255
0.00683764
0.00326823
0.0066299
0.00352384
0.00648719
0.00306054
0.00633456
0.00338264
0.0060381
0.00433102
0.00564556
0.00494596
0.00541904
0.00199564
0.00552675
-0.00429716
0.00605637
-0.0104188
0.00685484
-0.0126796
0.00752136
-0.00866576
0.00777121
-0.00294999
0.00760311
0.00297846
0.00733861
0.0050341
0.00713557
0.0051739
0.00679635
0.00641583
0.00629981
0.0106037
0.00604751
0.0121452
0.0059995
0.000548209
0.00587475
-0.00768332
0.0060012
-0.01229
0.00646133
-0.0114569
0.00696218
-0.00695112
0.00727572
-0.00420135
0.00715464
0.00675896
0.00686125
0.00986487
0.00641149
0.013275
0.00596141
0.0125936
0.00582266
-0.00186347
0.00581602
-0.00439091
0.00622886
-0.0168329
0.00680147
-0.016121
-0.00100652
0.00729672
-0.000259762
0.00730144
-6.82139e-05
0.00729334
0.000135696
0.00727083
0.000352976
0.00723255
0.000580799
0.00717773
0.000809837
0.00710645
0.00102965
0.00701973
0.0012254
0.00691996
0.00138503
0.00681117
0.00148713
0.00669791
0.00152313
0.00658682
0.00147266
0.00648415
0.00132758
0.00639629
0.00109032
0.00633304
0.000734569
0.0063027
0.000284085
0.00630784
-0.00024303
0.00636379
-0.000851004
0.00650751
-0.00160077
0.00675236
-0.00226973
0.00703493
-0.00250309
0.00725748
-0.0020078
0.00736951
-0.00108391
0.00736076
0.000118657
0.00725409
0.00128174
0.00710008
0.00213021
0.00691803
0.00281459
0.00669304
0.00349322
0.00648264
0.00373425
0.00634335
0.00319983
0.00619087
0.00353511
0.00589712
0.00462477
0.00553435
0.00530873
0.00534874
0.00218124
0.00546116
-0.00440958
0.00594549
-0.0109031
0.00668742
-0.0134215
0.00732914
-0.00930749
0.00757925
-0.0032001
0.00742541
0.00313231
0.00718089
0.00527862
0.00698109
0.0053737
0.00663608
0.00676084
0.00616892
0.0110708
0.00595838
0.0123557
0.00589784
0.000608743
0.00573429
-0.00751976
0.0058192
-0.0123749
0.00625172
-0.0118895
0.00674749
-0.00744689
0.00706698
-0.00452083
0.00696857
0.00685738
0.00669912
0.0101343
0.00627805
0.0136961
0.0058537
0.013018
0.0057112
-0.00172096
0.00569404
-0.00437375
0.00606718
-0.017206
0.00660483
-0.0166587
-0.00109561
0.00716464
-0.000277051
0.00716987
-7.34414e-05
0.00716192
0.00014364
0.00713906
0.000375839
0.00709975
0.00062011
0.00704306
0.000866519
0.006969
0.00110371
0.00687852
0.00131589
0.00677416
0.00148939
0.00666014
0.00160115
0.00654125
0.00164202
0.00642451
0.00158939
0.00631627
0.00143582
0.006223
0.00118359
0.00615531
0.000802259
0.00612151
0.000317887
0.00612242
-0.000243938
0.00617509
-0.000903676
0.00632591
-0.0017516
0.006595
-0.00253882
0.00690838
-0.00281647
0.0071519
-0.00225132
0.00727002
-0.00120202
0.00725578
0.000132898
0.00713819
0.00139933
0.00697444
0.00229396
0.00678397
0.00300506
0.0065508
0.0037264
0.00633884
0.0039462
0.00620249
0.00333619
0.00604824
0.00368936
0.00575992
0.0049131
0.00543207
0.00563658
0.00528742
0.0023259
0.00540335
-0.00452551
0.00584304
-0.0113428
0.0065255
-0.014104
0.00713587
-0.00991785
0.00738269
-0.00344692
0.00724454
0.00327046
0.00702173
0.00550142
0.00682547
0.00556996
0.00647706
0.00710925
0.00604002
0.0115079
0.0058656
0.0125301
0.00579242
0.000681924
0.0055981
-0.00732544
0.00564873
-0.0124255
0.00605346
-0.0122942
0.00653934
-0.00793277
0.00686175
-0.00484325
0.00678453
0.0069346
0.00653828
0.0103806
0.00614546
0.0140889
0.00574591
0.0134175
0.00560103
-0.00157608
0.00557469
-0.00434741
0.00591035
-0.0175417
0.00641397
-0.0171623
-0.00118147
0.00703584
-0.000295152
0.00704164
-7.92366e-05
0.00703394
0.000151342
0.00701081
0.000398971
0.00697054
0.000660374
0.00691206
0.000924999
0.00683523
0.00118055
0.00674094
0.00141017
0.00663192
0.00159842
0.00651257
0.0017205
0.00638794
0.00176665
0.0062655
0.00171183
0.00615157
0.00154974
0.00605276
0.0012824
0.00598054
0.000874475
0.00594316
0.000355269
0.00593902
-0.000239792
0.00598676
-0.000951423
0.006144
-0.00190883
0.00643925
-0.00283407
0.00678643
-0.00316365
0.00705242
-0.0025173
0.00717619
-0.0013258
0.00715506
0.000154031
0.00702548
0.00152891
0.00685154
0.0024679
0.006652
0.0032046
0.00641084
0.00396755
0.00619845
0.00415859
0.00606409
0.00347054
0.00590645
0.003847
0.00562622
0.00519333
0.00533591
0.00592688
0.00522933
0.00243249
0.00534688
-0.00464306
0.00574351
-0.0117394
0.00636605
-0.0147265
0.00694096
-0.0104928
0.00718213
-0.00368809
0.00706099
0.0033916
0.00686119
0.00570123
0.0066689
0.00576225
0.00631955
0.00745861
0.00591277
0.0119147
0.00576906
0.0126738
0.0056836
0.000767384
0.00546591
-0.00710774
0.00548905
-0.0124487
0.00586635
-0.0126715
0.00633824
-0.00840466
0.00666065
-0.00516566
0.00660296
0.00699229
0.00637898
0.0106046
0.00601376
0.0144541
0.00563794
0.0137934
0.00549191
-0.00143006
0.00545761
-0.00431311
0.00575808
-0.0178421
0.0062288
-0.017633
-0.00126411
0.00691018
-0.00031409
0.00691661
-8.56613e-05
0.00690924
0.000158715
0.00688593
0.000422273
0.00684481
0.000701496
0.0067846
0.000985207
0.00670502
0.00126013
0.00660688
0.00150831
0.00649313
0.00171217
0.00636837
0.00184526
0.00623792
0.00189711
0.00610972
0.00184003
0.00599005
0.00166942
0.00588556
0.00138688
0.00580878
0.000951256
0.00576775
0.000396298
0.00575773
-0.000229777
0.00579875
-0.000992435
0.0059614
-0.00207149
0.0062845
-0.00315717
0.00666863
-0.00354779
0.00695877
-0.00280744
0.00708779
-0.00145481
0.0070583
0.00018352
0.00691573
0.00167148
0.00673111
0.00265252
0.00652186
0.00341386
0.00627317
0.00421624
0.00606132
0.00437044
0.00592771
0.00360414
0.0057655
0.00400921
0.00549572
0.00546311
0.00524335
0.00617925
0.00517047
0.00250537
0.0052877
-0.00476029
0.00564335
-0.0120951
0.00620697
-0.0152902
0.00674414
-0.0110299
0.00697826
-0.0039222
0.00687533
0.00349452
0.0066994
0.00587716
0.00651167
0.00594998
0.00616379
0.00780649
0.0057869
0.0122915
0.00566888
0.0127918
0.0055719
0.000864363
0.00533745
-0.00687329
0.00533916
-0.0124504
0.00568987
-0.0130222
0.00614445
-0.00885925
0.00646415
-0.00548535
0.00642423
0.00703221
0.00622148
0.0108073
0.00588299
0.0147926
0.00552976
0.0141466
0.00538367
-0.00128397
0.00534256
-0.004272
0.00561016
-0.0181097
0.00604925
-0.0180721
-0.00134356
0.00678751
-0.000333882
0.00679462
-9.27736e-05
0.00678767
0.000165667
0.00676431
0.000445637
0.00672243
0.000743369
0.00666058
0.00104706
0.00657827
0.00134245
0.00647626
0.00161031
0.00635772
0.0018307
0.00622746
0.00197553
0.00609111
0.00203345
0.00595713
0.00197402
0.00583165
0.00179489
0.0057214
0.00149714
0.00564005
0.00103261
0.00559536
0.000440981
0.00557873
-0.000213147
0.00561116
-0.00102486
0.00577774
-0.00223807
0.00612971
-0.00350913
0.00655387
-0.00397195
0.00687028
-0.00312385
0.00700432
-0.00158886
0.0069651
0.000222747
0.00680868
0.0018279
0.00661291
0.00284828
0.00639333
0.00363343
0.00613778
0.00447179
0.00592722
0.004581
0.00579297
0.0037384
0.00562555
0.00417663
0.00536809
0.00572057
0.00515235
0.00639499
0.00510828
0.00254944
0.00522358
-0.00487559
0.00554056
-0.012412
0.00604709
-0.0157967
0.00654549
-0.0115283
0.00677186
-0.00414857
0.00668818
0.0035782
0.00653663
0.00602871
0.00635412
0.00613249
0.00600998
0.00815063
0.00566226
0.0126393
0.00556537
0.0128887
0.0054579
0.000971833
0.00521242
-0.00662782
0.00519797
-0.0124359
0.0055232
-0.0133474
0.00595798
-0.00929403
0.00627259
-0.00579996
0.00624867
0.00705613
0.00606602
0.01099
0.00575322
0.0151054
0.00542144
0.0144784
0.00527621
-0.00113874
0.00522935
-0.00422514
0.00546644
-0.0183468
0.00587526
-0.0184809
-0.00141986
0.00666768
-0.000354542
0.00667554
-0.000100638
0.00666911
0.000172102
0.0066458
0.000468946
0.00660329
0.000785873
0.00653989
0.00111047
0.00645488
0.00142745
0.00634897
0.00171623
0.00622559
0.00195408
0.00608975
0.00211137
0.00594746
0.00217574
0.00580768
0.00211379
0.00567637
0.00192621
0.00556028
0.00161323
0.00547438
0.00111851
0.00542606
0.000489304
0.00540226
-0.000189344
0.0054244
-0.001047
0.00559262
-0.00240629
0.00597298
-0.00388949
0.00643992
-0.00443888
0.0067854
-0.00346934
0.0069249
-0.00172835
0.0068749
0.000272748
0.006704
0.0019988
0.00649664
0.00305565
0.00626626
0.00386381
0.00600466
0.00473339
0.00579591
0.00478975
0.00565961
0.0038747
0.00548684
0.0043494
0.00524297
0.00596443
0.00506138
0.00657658
0.00504137
0.00256946
0.00515353
-0.00498775
0.00543418
-0.0126927
0.00588591
-0.0162484
0.00634536
-0.0119878
0.00656382
-0.00436702
0.00650021
0.00364181
0.00637321
0.00615571
0.00619661
0.00630909
0.00585832
0.00848892
0.00553875
0.0129588
0.00545896
0.0129685
0.00534222
0.00108858
0.00509058
-0.00637618
0.00506434
-0.0124097
0.00536542
-0.0136485
0.00577867
-0.00970728
0.00608619
-0.00610747
0.00607655
0.00706577
0.00591282
0.0111537
0.00562455
0.0153937
0.00531305
0.0147899
0.00516948
-0.000995169
0.00511785
-0.00417351
0.00532675
-0.0185557
0.00570674
-0.0188609
-0.00149309
0.00655054
-0.000376074
0.00655922
-0.000109318
0.00655341
0.000177916
0.00653028
0.000492072
0.00648728
0.000828876
0.00642243
0.00117532
0.00633477
0.00151512
0.00622493
0.00182606
0.00609666
0.00208235
0.00595518
0.00225285
0.0058069
0.00232402
0.00566133
0.00225936
0.00552417
0.00206337
0.00540222
0.00173517
0.00531181
0.00120892
0.00525983
0.000541279
0.00522864
-0.000158155
0.00523926
-0.00105762
0.00540557
-0.0025726
0.00581125
-0.00429517
0.0063228
-0.00495044
0.00670133
-0.00384787
0.00684794
-0.00187496
0.00678692
0.000333773
0.00660129
0.00218442
0.00638199
0.00327495
0.00614052
0.00410528
0.00587381
0.0050001
0.00566711
0.00499645
0.00552751
0.0040143
0.00534964
0.00452727
0.00512005
0.00619403
0.00496942
0.00672721
0.00496915
0.00256973
0.00507733
-0.00509593
0.00532398
-0.0129393
0.00572346
-0.0166479
0.00614439
-0.0124087
0.00635508
-0.00457771
0.00631211
0.00368478
0.00620952
0.0062583
0.00603954
0.00647908
0.00570897
0.00881948
0.00541634
0.0132515
0.00535015
0.0130347
0.00522547
0.00121325
0.00497169
-0.00612241
0.0049372
-0.0123752
0.00521557
-0.0139269
0.00560625
-0.010098
0.00590508
-0.0064063
0.0059081
0.00706276
0.00576207
0.0112997
0.00549712
0.0156586
0.00520473
0.0150823
0.00506347
-0.000853912
0.00500797
-0.00411801
0.00519098
-0.0187388
0.00554362
-0.0192135
-0.00156332
0.00643598
-0.000398481
0.00644554
-0.000118876
0.00644045
0.000183002
0.00641764
0.000514878
0.00637429
0.000872231
0.0063081
0.00124151
0.00621783
0.00160539
0.00610405
0.00193985
0.00597084
0.00221556
0.00582365
0.00240004
0.00566936
0.00247831
0.00551802
0.0024107
0.00537503
0.00220635
0.00524726
0.00186295
0.00515234
0.00130384
0.00509663
0.000596996
0.00505833
-0.000119864
0.00505691
-0.0010562
0.00521611
-0.0027318
0.00564008
-0.00471914
0.00619644
-0.00550679
0.00661354
-0.00426497
0.00677095
-0.00203238
0.00669998
0.000404752
0.00650002
0.00238438
0.00626863
0.00350634
0.00601601
0.0043579
0.00574519
0.00527092
0.00554054
0.0052011
0.00539664
0.00415821
0.00521423
0.00470968
0.00499903
0.00640923
0.00487589
0.00685035
0.00489162
0.00255399
0.00499525
-0.00519956
0.00521015
-0.0131542
0.00556009
-0.0169978
0.00594336
-0.012792
0.0061466
-0.00478096
0.00612461
0.00370677
0.00604601
0.0063369
0.00588327
0.00664181
0.00556206
0.00914069
0.00529502
0.0135185
0.00523947
0.0130903
0.00510821
0.00134451
0.00485556
-0.00586976
0.0048156
-0.0123352
0.0050727
-0.014184
0.00544037
-0.0104656
0.00572932
-0.00669526
0.00574347
0.00704861
0.00561396
0.0114292
0.00537104
0.0159016
0.00509661
0.0153567
0.00495821
-0.000715512
0.00489968
-0.00405947
0.00505901
-0.0188981
0.00538579
-0.0195403
-0.00163064
0.00632385
-0.000421755
0.00633435
-0.000129381
0.00633011
0.000187247
0.00630777
0.000537219
0.00626422
0.000915776
0.00619683
0.00130889
0.006104
0.00169822
0.00598625
0.0020576
0.00584805
0.00235376
0.0056951
0.00255299
0.00553478
0.00263863
0.00537771
0.00256778
0.00522893
0.00235513
0.00509543
0.00199645
0.00499598
0.00140329
0.00493632
0.00065665
0.00489183
-7.53726e-05
0.00487877
-0.00104313
0.00502382
-0.00287685
0.00545427
-0.00514959
0.00605292
-0.00610545
0.00651574
-0.00472779
0.00669039
-0.00220703
0.00661246
0.000482676
0.00639947
0.00259737
0.0061562
0.00374961
0.00589267
0.00462143
0.00561871
0.00554488
0.00541598
0.00540383
0.00526706
0.00430713
0.00508083
0.0048959
0.0048797
0.00661037
0.00478053
0.00694951
0.00480913
0.00252539
0.00490785
-0.00529827
0.00509316
-0.0133395
0.00539636
-0.0173011
0.00574313
-0.0131387
0.00593938
-0.00497721
0.00593839
0.00370776
0.00588311
0.00639218
0.0057282
0.00679672
0.00541773
0.00945116
0.00517484
0.0137614
0.00512744
0.0131377
0.00499096
0.00148099
0.00474203
-0.00562082
0.00469872
-0.0122919
0.00493597
-0.0144212
0.00528066
-0.0108103
0.0055589
-0.0069735
0.0055828
0.00702471
0.00546862
0.0115434
0.00524645
0.0161237
0.00498886
0.0156143
0.00485375
-0.0005804
0.00479294
-0.00399866
0.00493074
-0.0190359
0.00523316
-0.0198427
-0.00169513
0.00621402
-0.000445884
0.00622554
-0.000140901
0.00622225
0.000190537
0.00620054
0.000558934
0.00615698
0.000959337
0.00608852
0.00137735
0.00599318
0.00179356
0.00587145
0.00217933
0.0057282
0.002497
0.00556945
0.00271175
0.00540311
0.00280496
0.00524033
0.00273056
0.00508584
0.00250961
0.00494678
0.00213551
0.00484268
0.00150739
0.00477883
0.000720503
0.00472961
-2.61555e-05
0.00470604
-0.00101956
0.00482858
-0.00299939
0.00524923
-0.00557024
0.00588403
-0.00674025
0.00640057
-0.00524433
0.0066018
-0.00240825
0.0065223
0.000562177
0.00629876
0.00282091
0.0060443
0.00400407
0.00577041
0.00489532
0.0054943
0.00582099
0.00529324
0.00560489
0.00513889
0.00446148
0.00494964
0.00508515
0.00476189
0.00679811
0.00468337
0.00702803
0.00472225
0.00248651
0.00481581
-0.00539183
0.00497361
-0.0134973
0.00523294
-0.0175604
0.00554462
-0.0134504
0.00573436
-0.00516695
0.00575414
0.00368798
0.00572129
0.00642504
0.00557468
0.00694334
0.00527607
0.00974976
0.00505585
0.0139816
0.00501458
0.013179
0.00487419
0.00162138
0.00463096
-0.0053776
0.00458588
-0.0122468
0.00480463
-0.01464
0.00512675
-0.0111324
0.00539377
-0.00724052
0.00542618
0.0069923
0.00532619
0.0116434
0.00512347
0.0163264
0.00488165
0.0158561
0.00475016
-0.00044891
0.00468776
-0.00393627
0.00480608
-0.0191542
0.0050856
-0.0201222
-0.00175688
0.00610639
-0.000470849
0.006119
-0.000153508
0.00611678
0.000192749
0.00609586
0.000579856
0.00605248
0.00100272
0.0059831
0.00144673
0.00588531
0.00189135
0.00575957
0.00230508
0.00561122
0.00264535
0.00544662
0.00287635
0.00527429
0.00297729
0.00510584
0.00289901
0.00494575
0.0026697
0.00480135
0.00227992
0.00469242
0.00161631
0.00462415
0.000788776
0.00457201
2.59847e-05
0.00453927
-0.000986821
0.00463091
-0.00309103
0.00502322
-0.00596255
0.00568382
-0.00740085
0.00626113
-0.00582164
0.00650039
-0.00264752
0.00642706
0.00063551
0.00619683
0.00305113
0.00593251
0.0042684
0.00564917
0.00517866
0.00537184
0.00609833
0.00517217
0.00580456
0.00501226
0.00462139
0.00482077
0.00527664
0.00464551
0.00697337
0.00458462
0.00708892
0.00463166
0.00243947
0.0047199
-0.00548006
0.00485218
-0.0136296
0.00507053
-0.0177787
0.00534871
-0.0137286
0.00553241
-0.00535065
0.00557249
0.00364789
0.00556099
0.00643653
0.00542305
0.00708128
0.00513718
0.0100356
0.00493815
0.0141806
0.00490135
0.0132157
0.0047583
0.00176443
0.00452228
-0.00514158
0.00447654
-0.0122011
0.00467807
-0.0148415
0.00497829
-0.0114327
0.00523384
-0.00749607
0.00527365
0.00695249
0.00518675
0.0117303
0.00500222
0.016511
0.00477512
0.0160832
0.00464751
-0.000321293
0.00458416
-0.00387292
0.00468493
-0.019255
0.00494301
-0.0203803
-0.00181596
0.00600083
-0.000496628
0.0060146
-0.000167276
0.00601358
0.000193762
0.00599364
0.000599804
0.00595063
0.00104572
0.0058805
0.00151686
0.00578031
0.00199154
0.00565054
0.00243485
0.00549703
0.00279885
0.00532655
0.00304684
0.00514824
0.0031556
0.00497417
0.00307308
0.00480864
0.00283523
0.00465913
0.00242943
0.00454516
0.00173029
0.00447245
0.000861482
0.00441906
7.93753e-05
0.00437796
-0.000945722
0.00443222
-0.00314528
0.00477924
-0.00630957
0.00545148
-0.00807309
0.00609292
-0.00646307
0.00638193
-0.00293653
0.00632428
0.000693159
0.00609253
0.00328288
0.00582038
0.00454054
0.00552886
0.00547018
0.00525122
0.00637597
0.00505268
0.00600309
0.00488732
0.00478675
0.00469432
0.00546964
0.00453052
0.00713717
0.0044846
0.00713484
0.0045381
0.00238597
0.00462089
-0.00556286
0.00472956
-0.0137383
0.00490983
-0.017959
0.00515622
-0.013975
0.00533434
-0.00552876
0.00539401
0.00358823
0.00540264
0.00642791
0.00527363
0.00721028
0.00500113
0.0103081
0.00482181
0.01436
0.0047882
0.0132494
0.00464362
0.00190901
0.00441591
-0.00491387
0.0043703
-0.0121555
0.0045558
-0.015027
0.00483499
-0.0117118
0.00507903
-0.00774011
0.00512525
0.00690627
0.0050504
0.0118052
0.0048828
0.0166786
0.00466945
0.0162965
0.00454589
-0.000197727
0.00448216
-0.00380919
0.00456721
-0.01934
0.00480523
-0.0206183
-0.00187245
0.00589724
-0.000523193
0.00591224
-0.000182283
0.00591256
0.000193448
0.00589378
0.000618586
0.00585138
0.00108812
0.00578064
0.0015876
0.00567812
0.00209406
0.00554429
0.00256868
0.00538556
0.00295758
0.00520916
0.00322323
0.00502493
0.00333984
0.00484528
0.00325273
0.00467451
0.003006
0.00452011
0.00258383
0.00440091
0.00184949
0.0043241
0.000938294
0.00427042
0.00013305
0.00422062
-0.000895916
0.00423482
-0.00315948
0.00452547
-0.00660022
0.00519289
-0.00874051
0.00589553
-0.00716572
0.00624369
-0.00328468
0.00621182
0.000725025
0.00598471
0.00350998
0.00570746
0.0048178
0.00540937
0.00576827
0.00513232
0.00665302
0.00493472
0.00620069
0.00476423
0.00495725
0.00457034
0.00566353
0.00441694
0.00729058
0.00438371
0.00716807
0.00444228
0.00232741
0.00451955
-0.00564013
0.00460642
-0.0138252
0.00475148
-0.0181041
0.00496792
-0.0141914
0.00514087
-0.00570172
0.00521921
0.00350989
0.00524662
0.0064005
0.00512668
0.00733022
0.00486798
0.0105668
0.00470692
0.014521
0.0046755
0.0132808
0.00453044
0.00205407
0.0043118
-0.00469523
0.00426686
-0.0121105
0.00443743
-0.0151976
0.00469656
-0.011971
0.00492922
-0.00797277
0.00498097
0.00685452
0.00491718
0.0118689
0.00476533
0.0168304
0.00456478
0.0164971
0.00444539
-7.83331e-05
0.00438179
-0.00374559
0.00445283
-0.0194111
0.00467215
-0.0208376
-0.00192642
0.00579552
-0.000550517
0.00581184
-0.000198609
0.00581361
0.00019168
0.0057962
0.000635999
0.00575464
0.00112968
0.00568348
0.00165876
0.00557867
0.00219887
0.00544075
0.0027066
0.00527672
0.0031216
0.0050944
0.00340556
0.00490427
0.00352996
0.00471913
0.00343787
0.00454335
0.00318178
0.00438419
0.00274299
0.00425977
0.00197391
0.00417953
0.00101853
0.00412534
0.000187237
0.00406527
-0.000835844
0.00404168
-0.00313589
0.00427353
-0.00683207
0.00491968
-0.00938666
0.00567311
-0.00791915
0.0060851
-0.00369667
0.00608824
0.000721887
0.0058724
0.00372582
0.00559333
0.00509688
0.0052906
0.00607099
0.00501504
0.00692857
0.00481829
0.00639745
0.00464309
0.00513245
0.00444886
0.00585775
0.00430481
0.00743463
0.00428239
0.00719048
0.0043449
0.0022649
0.00441657
-0.0057118
0.00448338
-0.013892
0.0045961
-0.0182168
0.00478445
-0.0143798
0.00495261
-0.00586988
0.00504855
0.00341395
0.00509329
0.00635576
0.00498246
0.00744104
0.00473779
0.0108115
0.00459359
0.0146652
0.00456362
0.0133107
0.00441899
0.0021987
0.0042099
-0.00448614
0.004166
-0.0120666
0.00432267
-0.0153543
0.00456278
-0.0122111
0.00478429
-0.00819428
0.0048408
0.00679801
0.00478714
0.0119226
0.00464988
0.0169677
0.00446126
0.0166857
0.0043461
3.68196e-05
0.00428308
-0.00368256
0.00434171
-0.0194697
0.00454361
-0.0210395
-0.00197794
0.00569558
-0.00057857
0.00571331
-0.000216338
0.00571667
0.000188326
0.00570084
0.000651829
0.00566037
0.00117015
0.00558896
0.00173017
0.00548193
0.00230591
0.00533986
0.00284866
0.00517046
0.00329101
0.00498218
0.00359384
0.00478621
0.00372594
0.00459568
0.00362839
0.00441513
0.00336234
0.00425127
0.00290685
0.00412194
0.00210323
0.00403915
0.00110132
0.00398278
0.00024361
0.00391024
-0.000763309
0.00385592
-0.00308157
0.00403527
-0.00701142
0.00464612
-0.0099975
0.00543324
-0.00870628
0.00590781
-0.00417124
0.005953
0.000676697
0.0057549
0.00392393
0.00547764
0.00537414
0.00517244
0.00637619
0.00489929
0.00720173
0.00470337
0.00659337
0.004524
0.00531181
0.00432987
0.00605188
0.00419421
0.00757029
0.00418107
0.00720362
0.00424662
0.00219935
0.00431263
-0.00577781
0.00436103
-0.0139404
0.00444418
-0.0182999
0.00460638
-0.014542
0.00477007
-0.00603358
0.00488238
0.00330165
0.00494296
0.00629518
0.00484118
0.00754282
0.00461059
0.0110421
0.00448191
0.0147939
0.00445283
0.0133398
0.00430946
0.00234207
0.00411019
-0.00428687
0.00406758
-0.012024
0.0042113
-0.015498
0.00443344
-0.0124332
0.00464413
-0.00840498
0.0047047
0.00673744
0.0046603
0.011967
0.00453652
0.0170915
0.004359
0.0168632
0.00424812
0.000147701
0.00418607
-0.00362052
0.00423374
-0.0195174
0.00441947
-0.0212253
-0.00202707
0.00559737
-0.000607322
0.00561658
-0.000235555
0.00562165
0.000183259
0.00560763
0.000665853
0.00556851
0.00120927
0.00549705
0.00180163
0.00538783
0.00241512
0.00524156
0.00299493
0.00506669
0.00346588
0.00487245
0.00378808
0.00467067
0.00392772
0.00447492
0.00382414
0.0042898
0.00354746
0.00412124
0.0030754
0.00398772
0.00223675
0.00390313
0.00118592
0.00384159
0.000305153
0.00375473
-0.000676451
0.00368022
-0.00300706
0.00381956
-0.00715076
0.00438512
-0.0105631
0.00518498
-0.00950614
0.00571514
-0.0047014
0.0058065
0.000585332
0.00563184
0.00409859
0.00536016
0.00564581
0.00505481
0.00668154
0.00478498
0.00747156
0.00459001
0.00678834
0.00440706
0.00549476
0.00421337
0.00624557
0.00408525
0.00769841
0.00408016
0.00720872
0.00414802
0.00213148
0.00420832
-0.00583811
0.00423987
-0.0139719
0.00429618
-0.0183562
0.00443415
-0.01468
0.00459365
-0.00619308
0.004721
0.0031743
0.0047959
0.00622029
0.004703
0.00763571
0.0044864
0.0112587
0.00437198
0.0149083
0.0043434
0.0133684
0.00420197
0.00248351
0.00401263
-0.00409753
0.00397148
-0.0119829
0.00410316
-0.0156297
0.00430837
-0.0126384
0.00450861
-0.00860522
0.00457262
0.00667344
0.00453666
0.0120029
0.00442533
0.0172028
0.00425813
0.0170304
0.00415151
0.000254312
0.00409079
-0.0035598
0.00412885
-0.0195554
0.00429956
-0.021396
-0.00207387
0.00550081
-0.000636746
0.0055216
-0.000256341
0.0055285
0.000176354
0.00551651
0.000677841
0.00547902
0.00124676
0.00540769
0.00187296
0.00529633
0.00252648
0.00514579
0.00314547
0.00496537
0.0036463
0.00476513
0.00398831
0.0045576
0.00413525
0.00435683
0.00402491
0.00416728
0.003737
0.00399405
0.00324864
0.00385743
0.00237336
0.0037713
0.00127204
0.00370078
0.000375681
0.00359902
-0.000574692
0.0035164
-0.00292444
0.00363063
-0.00726499
0.00414546
-0.0110779
0.00493672
-0.0102974
0.00551126
-0.00527594
0.0056499
0.000446698
0.00550323
0.00424525
0.00524078
0.00590827
0.00493764
0.00698467
0.00467207
0.00773714
0.00447824
0.00698216
0.00429231
0.0056807
0.00409934
0.00643854
0.00397803
0.00781971
0.00398001
0.00720674
0.0040496
0.00206189
0.00410419
-0.0058927
0.00412036
-0.0139881
0.00415244
-0.0183883
0.00426812
-0.0147956
0.00442365
-0.00634862
0.00456465
0.0030333
0.00465233
0.00613262
0.00456807
0.00771996
0.00436524
0.0114616
0.00426386
0.0150097
0.00423555
0.0133967
0.00409664
0.00262242
0.0039172
-0.00391809
0.00387763
-0.0119433
0.00399813
-0.0157502
0.00418743
-0.0128278
0.00437762
-0.0087954
0.0044445
0.00660656
0.00441622
0.0120312
0.00431635
0.0173027
0.00415874
0.0171881
0.00405637
0.00035668
0.00399727
-0.00350069
0.00402693
-0.0195851
0.00418375
-0.0215528
-0.00211841
0.00540587
-0.000666807
0.00542829
-0.000278768
0.00543716
0.000167492
0.00542744
0.000687561
0.00539185
0.00128234
0.00532086
0.00194395
0.00520739
0.00263995
0.00505249
0.00330037
0.00486641
0.00383239
0.00466016
0.00419456
0.00444694
0.00434847
0.00424139
0.00423047
0.00404747
0.00393092
0.0038697
0.00342641
0.00373132
0.00251174
0.00364316
0.0013602
0.00355971
0.000459129
0.00344434
-0.000459317
0.00336537
-0.00284548
0.00346828
-0.0073679
0.00393092
-0.0115405
0.00469492
-0.0110614
0.00530045
-0.00588148
0.00548484
0.000262311
0.00536943
0.00436066
0.0051195
0.0061582
0.00482091
0.00728326
0.0045605
0.00799754
0.00436811
0.00717456
0.00417979
0.00586902
0.00398776
0.00663057
0.00387265
0.00793482
0.00388095
0.00719844
0.00395181
0.00199103
0.00400069
-0.00594158
0.00400286
-0.0139903
0.00401323
-0.0183987
0.00410852
-0.0148909
0.00426028
-0.00650038
0.00441349
0.00288009
0.00451243
0.00603368
0.00443651
0.00779588
0.00424711
0.011651
0.00415765
0.0150991
0.00412944
0.0134249
0.00399353
0.00275832
0.00382385
-0.00374841
0.00378597
-0.0119054
0.00389611
-0.0158603
0.00407049
-0.0130021
0.00425102
-0.00897594
0.00432028
0.0065373
0.00429897
0.0120525
0.00420962
0.017392
0.00406093
0.0173367
0.00396276
0.000454852
0.00390552
-0.00344345
0.0039279
-0.0196075
0.00407187
-0.0216968
-0.00216075
0.00531248
-0.000697462
0.0053366
-0.000302891
0.00534753
0.00015657
0.00534031
0.000694776
0.00530694
0.00131571
0.0052365
0.00201439
0.00512095
0.0027555
0.0049616
0.00345973
0.00476976
0.00402422
0.00455746
0.00440687
0.00433864
0.00456729
0.00412857
0.00444053
0.00393024
0.00412925
0.00374829
0.00360836
0.0036095
0.00265053
0.00351795
0.00145176
0.00341826
0.000558814
0.00329249
-0.000333545
0.0032272
-0.00278019
0.00332937
-0.00747008
0.00374127
-0.0119524
0.00446367
-0.0117838
0.00508655
-0.00650437
0.00531326
3.56102e-05
0.00523103
0.00444289
0.00499646
0.00639278
0.00470462
0.0075751
0.00445029
0.00825187
0.00425965
0.0073652
0.00406952
0.00605915
0.00387862
0.00682147
0.00376922
0.00804422
0.00378324
0.00718442
0.00385499
0.00191928
0.00389823
-0.00598482
0.00388771
-0.0139798
0.00387876
-0.0183897
0.00395553
-0.0149677
0.00410366
-0.00664851
0.00426762
0.00271614
0.00437633
0.00592497
0.00430837
0.00786384
0.004132
0.0118273
0.00405341
0.0151777
0.00402522
0.0134531
0.00389271
0.00289083
0.00373257
-0.00358827
0.00369645
-0.0118693
0.00379702
-0.0159609
0.00395742
-0.0131625
0.0041287
-0.00914723
0.00419987
0.00646613
0.00418487
0.0120675
0.00410517
0.0174717
0.00396477
0.0174771
0.00387074
0.000548888
0.00381556
-0.00338827
0.00383166
-0.0196236
0.00396376
-0.0218289
-0.00220095
0.00522058
-0.000728638
0.00524642
-0.000328731
0.00525949
0.0001435
0.00525502
0.000699249
0.00522418
0.00134655
0.00515453
0.00208404
0.00503694
0.00287309
0.00487302
0.00362364
0.00467535
0.00422189
0.00445694
0.00462528
0.00423265
0.00479158
0.00401833
0.00465485
0.0038155
0.00433208
0.00362997
0.0037939
0.00349189
0.00278861
0.00339483
0.00154883
0.0032768
0.000676837
0.00314545
-0.000202187
0.00310137
-0.00273611
0.00320951
-0.00757823
0.0035739
-0.0123168
0.00424507
-0.012455
0.00487274
-0.00713204
0.0051371
-0.000228755
0.00508881
0.00449118
0.00487191
0.00660967
0.00458882
0.00785819
0.00434142
0.00849926
0.00415293
0.00755369
0.00396151
0.00625057
0.0037719
0.00701108
0.00366782
0.0081483
0.00368709
0.00716516
0.00375945
0.00184692
0.00379716
-0.00602253
0.00377516
-0.0139578
0.00374915
-0.0183637
0.00380922
-0.0150278
0.00395384
-0.00679313
0.00412708
0.00254289
0.00424414
0.00580791
0.00418373
0.00792425
0.0040199
0.0119912
0.0039512
0.0152464
0.003923
0.0134813
0.00379419
0.00301964
0.00364331
-0.00343739
0.00360903
-0.011835
0.00370078
-0.0160526
0.0038481
-0.0133098
0.00401054
-0.00930966
0.0040832
0.00639347
0.00407388
0.0120768
0.00400301
0.0175426
0.00387034
0.0176098
0.00378037
0.00063886
0.00372741
-0.00333532
0.00373812
-0.0196343
0.00385928
-0.02195
-0.00223907
0.00513002
-0.000760224
0.00515756
-0.000356268
0.00517284
0.000128216
0.00517135
0.00070074
0.00514339
0.00137451
0.00507481
0.00215262
0.00495523
0.00299267
0.00478667
0.0037922
0.00458307
0.0044255
0.00435851
0.00484984
0.00412893
0.00502116
0.0039106
0.00487318
0.00370317
0.0045395
0.00351493
0.00398214
0.0033782
0.00292533
0.00327304
0.00165399
0.00313616
0.000813718
0.00300503
-7.10575e-05
0.00298705
-0.00271813
0.00310437
-0.00769554
0.00342529
-0.0126377
0.00403983
-0.0130695
0.00466153
-0.00775373
0.00495823
-0.000525463
0.00494366
0.00450576
0.00474618
0.00680715
0.0044736
0.00813077
0.00423393
0.00873893
0.00404798
0.00773964
0.00385577
0.00644278
0.0036676
0.00719926
0.00356854
0.00824735
0.00359265
0.00714105
0.00366539
0.00177418
0.00369775
-0.00605489
0.00366541
-0.0139254
0.00362447
-0.0183228
0.00366958
-0.0150729
0.00381077
-0.00693433
0.00399187
0.00236179
0.00411591
0.00568388
0.00406261
0.00797755
0.00391079
0.012143
0.00385107
0.0153061
0.00382287
0.0135095
0.00369798
0.00314454
0.00355604
-0.00329544
0.00352366
-0.0118026
0.00360733
-0.0161363
0.00374243
-0.0134449
0.0038964
-0.00946362
0.00397017
0.0063197
0.00396597
0.012081
0.00390315
0.0176054
0.00377767
0.0177353
0.00369168
0.000724849
0.00364107
-0.0032847
0.00364718
-0.0196404
0.00375827
-0.0220611
-0.00227519
0.00504056
-0.000792046
0.00506972
-0.000385421
0.00508726
0.000110676
0.005089
0.000699001
0.00506432
0.00139918
0.00499715
0.00221979
0.00487568
0.00311414
0.00470243
0.00396545
0.00449283
0.0046351
0.0042621
0.00508056
0.00402745
0.00525582
0.00380528
0.00509535
0.00359321
0.00475157
0.0034033
0.00417204
0.00326798
0.00306065
0.00315204
0.00176992
0.00299745
0.000968311
0.00287271
5.36797e-05
0.00288327
-0.00272868
0.00301026
-0.00782254
0.00329199
-0.0129195
0.00384784
-0.0136254
0.00445477
-0.00836066
0.00477843
-0.000849116
0.00479651
0.00448767
0.00461965
0.006984
0.00435909
0.00839134
0.00412787
0.00897016
0.00394484
0.00792266
0.00375229
0.00663534
0.00356571
0.00738584
0.00347144
0.00834161
0.00350004
0.00711245
0.00357299
0.00170123
0.00360024
-0.00608214
0.00355863
-0.0138838
0.0035047
-0.0182688
0.00353654
-0.0151047
0.00367438
-0.00707217
0.00386195
0.00217422
0.00399167
0.00555416
0.003945
0.00802422
0.00380463
0.0122834
0.00375305
0.0153577
0.0037249
0.0135377
0.00360408
0.00326535
0.00347072
-0.00316208
0.00344029
-0.0117722
0.00351659
-0.0162126
0.0036403
-0.0135687
0.00378616
-0.00960948
0.00386068
0.00624517
0.00386108
0.0120806
0.00380559
0.0176609
0.00368682
0.017854
0.00360473
0.000806942
0.00355654
-0.00323651
0.00355877
-0.0196426
0.00366059
-0.0221629
-0.00230936
0.00495183
-0.000823849
0.00498245
-0.000416042
0.00500226
9.08668e-05
0.00500749
0.000693772
0.00498657
0.0014201
0.00492124
0.00228512
0.00479807
0.00323731
0.00462013
0.00414339
0.0044045
0.00485073
0.0041676
0.00531746
0.00392815
0.00549527
0.00370225
0.00532125
0.00348563
0.0049682
0.0032952
0.00436247
0.00316067
0.00319519
0.00303156
0.00189902
0.00286194
0.00113794
0.00274952
0.0001661
0.00278897
-0.00276813
0.00292439
-0.00795796
0.00317102
-0.0131661
0.00366859
-0.0141229
0.00425394
-0.00894601
0.00459918
-0.00119436
0.00464829
0.00443857
0.00449275
0.00713954
0.00424542
0.00863867
0.00402327
0.0091923
0.00384355
0.00810238
0.00365107
0.00682782
0.00346622
0.00757069
0.00337658
0.00843126
0.00340935
0.00707968
0.00348235
0.00162823
0.0035048
-0.00610459
0.00345492
-0.0138339
0.00338982
-0.0182037
0.00340999
-0.0151249
0.00354453
-0.00720671
0.00373724
0.00198152
0.00387142
0.00541997
0.0038309
0.00806473
0.0037014
0.0124129
0.00365717
0.015402
0.00362913
0.0135657
0.00351249
0.00338199
0.00338734
-0.00303693
0.00335889
-0.0117438
0.00342849
-0.0162822
0.00354159
-0.0136818
0.0036797
-0.00974759
0.00375466
0.00617022
0.00375916
0.0120761
0.00371033
0.0177098
0.00359782
0.0179665
0.00351954
0.000885229
0.00347383
-0.00319081
0.00347279
-0.0196416
0.00356609
-0.0222563
-0.00234167
0.00486325
-0.000855269
0.0048951
-0.000447889
0.00491716
6.88099e-05
0.00492616
0.000684773
0.00490955
0.0014367
0.00484665
0.00234802
0.00472207
0.0033619
0.00453955
0.00432591
0.00431792
0.00507235
0.00407491
0.00556047
0.00383097
0.00573921
0.00360141
0.00555081
0.00338048
0.00518913
0.00319061
0.00455234
0.00305569
0.00333011
0.00291162
0.00204309
0.00273087
0.00131869
0.00263603
0.000260939
0.00270313
-0.00283523
0.0028447
-0.00809953
0.00306
-0.0133814
0.0035014
-0.0145643
0.00406012
-0.00950472
0.00442184
-0.00155608
0.00449989
0.00436052
0.00436591
0.00727352
0.00413275
0.00887184
0.00392021
0.00940484
0.00374415
0.00827844
0.0035521
0.00701987
0.00336914
0.00775365
0.00328398
0.00851642
0.0033206
0.00704305
0.00339355
0.00155528
0.00341155
-0.0061226
0.00335436
-0.0137767
0.00327974
-0.0181291
0.00328976
-0.0151349
0.00342105
-0.007338
0.00361762
0.00178495
0.00375513
0.00528245
0.00372028
0.00809959
0.00360103
0.0125321
0.00356346
0.0154395
0.00353558
0.0135936
0.00342318
0.00349439
0.00330584
-0.0029196
0.0032794
-0.0117173
0.00334294
-0.0163457
0.0034462
-0.013785
0.0035769
-0.00987829
0.00365199
0.00609513
0.00366014
0.012068
0.00361735
0.0177526
0.0035107
0.0180732
0.00343612
0.000959808
0.00339292
-0.00314761
0.00338916
-0.0196378
0.00347464
-0.0223417
-0.00237217
0.00477402
-0.000885802
0.00480674
-0.00048061
0.00483098
4.45667e-05
0.00484406
0.000671695
0.00483248
0.00144828
0.00477277
0.00240773
0.00464727
0.0034874
0.00446042
0.00451276
0.0042329
0.00529988
0.00398391
0.00580946
0.00373584
0.00598729
0.00350264
0.00578401
0.00327785
0.00541392
0.00308947
0.00474072
0.00295253
0.00346704
0.00279248
0.00220315
0.00260537
0.0015058
0.00253241
0.000333898
0.00262477
-0.00292759
0.00276978
-0.00824454
0.00295711
-0.0135687
0.00334551
-0.0149527
0.00387408
-0.0100333
0.00424754
-0.00192954
0.00435215
0.0042559
0.00423957
0.00738611
0.00402125
0.00909016
0.00381876
0.00960733
0.00364666
0.00845054
0.00345537
0.00721116
0.00327445
0.00793457
0.00319366
0.00859721
0.00323384
0.00700287
0.00330663
0.00148249
0.00332059
-0.00613656
0.00325699
-0.0137131
0.00317433
-0.0180465
0.00317563
-0.0151362
0.00330371
-0.00746609
0.00350295
0.00158571
0.00364276
0.00514264
0.00361308
0.00812927
0.0035035
0.0126417
0.00347193
0.0154711
0.00344427
0.0136213
0.00333612
0.00360254
0.00322622
-0.0028097
0.0032018
-0.0116929
0.00325986
-0.0164038
0.00335402
-0.0138792
0.00347762
-0.0100019
0.00355257
0.00602018
0.00356395
0.0120566
0.00352662
0.0177899
0.00342546
0.0181744
0.00335449
0.00103078
0.0033138
-0.00310693
0.0033078
-0.0196318
0.00338609
-0.02242
-0.00240093
0.00468304
-0.000914747
0.00471614
-0.000513708
0.00474246
1.82492e-05
0.00475996
0.000654191
0.00475428
0.00145396
0.0046988
0.00246321
0.00457312
0.00361308
0.0043824
0.00470348
0.00414921
0.00553306
0.00389449
0.00606418
0.00364265
0.00623913
0.00340583
0.00602082
0.00317781
0.00564194
0.0029916
0.00492694
0.00285076
0.00360788
0.00267459
0.00237932
0.00248634
0.00169406
0.00243847
0.000381761
0.00255294
-0.00304206
0.00269862
-0.00839022
0.00286094
-0.0137311
0.00320017
-0.015292
0.0036964
-0.0105295
0.00407722
-0.00231037
0.00420582
0.0041273
0.00411415
0.00747778
0.00391111
0.0092932
0.00371897
0.00979946
0.00355111
0.00861841
0.00336087
0.0074014
0.00318216
0.00811328
0.00310564
0.00867374
0.00314908
0.00695943
0.00322163
0.00140995
0.00323198
-0.00614692
0.0031628
-0.013644
0.00307347
-0.0179571
0.00306737
-0.0151301
0.0031923
-0.00759101
0.00339309
0.00138491
0.00353424
0.0050015
0.00350926
0.00815426
0.00340874
0.0127422
0.00338258
0.0154973
0.0033552
0.0136487
0.00325128
0.00370646
0.00314844
-0.00270685
0.00312602
-0.0116705
0.00317918
-0.0164569
0.00326492
-0.0139649
0.00338176
-0.0101187
0.00345632
0.00594562
0.00347054
0.0120424
0.00343814
0.0178223
0.00334211
0.0182704
0.00327465
0.00109824
0.00323646
-0.00306874
0.00322864
-0.019624
0.00330034
-0.0224917
-0.00242802
0.00458891
-0.000941141
0.00462172
-0.000546516
0.00464995
-9.97647e-06
0.00467228
0.000631861
0.00467358
0.00145265
0.00462369
0.00251311
0.00449891
0.00373786
0.00430504
0.00489736
0.00406658
0.00577152
0.00380649
0.00632427
0.00355129
0.00649433
0.00331091
0.0062612
0.00308045
0.0058724
0.00289676
0.00511063
0.00275008
0.00375456
0.00255854
0.00257086
0.00237442
0.00187817
0.00235375
0.000402434
0.00248677
-0.00317507
0.00263055
-0.00853401
0.00277044
-0.0138709
0.00306462
-0.0155861
0.00352743
-0.0109923
0.00391169
-0.00269462
0.00406157
0.00397742
0.00399005
0.0075493
0.00380248
0.00948077
0.00362093
0.00998101
0.00345751
0.00878183
0.00326861
0.00759031
0.00309226
0.00828962
0.0030199
0.00874609
0.00306632
0.00691301
0.00313855
0.00133772
0.00314573
-0.0061541
0.00307179
-0.01357
0.00297699
-0.0178623
0.00296472
-0.0151178
0.00308655
-0.00771284
0.00328787
0.00118359
0.00342949
0.00485988
0.00340873
0.00817501
0.00331671
0.0128342
0.00329541
0.0155186
0.00326837
0.0136757
0.00316865
0.00380618
0.00307247
-0.00261067
0.00305204
-0.0116501
0.00310082
-0.0165057
0.00317881
-0.0140429
0.00328918
-0.0102291
0.00336311
0.00587168
0.00337983
0.0120257
0.00335186
0.0178503
0.00326066
0.0183616
0.00319661
0.00116229
0.00316088
-0.00303301
0.0031516
-0.0196147
0.00321725
-0.0225574
-0.00245352
0.00448982
-0.000963694
0.00452148
-0.000578174
0.00455139
-3.98899e-05
0.00457903
0.000604222
0.00458869
0.001443
0.00454616
0.00255563
0.00442381
0.00386022
0.00422782
0.00509334
0.0039847
0.00601464
0.00371977
0.0065892
0.00346162
0.00675248
0.00321779
0.00650504
0.0029858
0.00610439
0.00280469
0.00529173
0.00265031
0.00390895
0.00244492
0.00277625
0.00226997
0.00205312
0.00227752
0.000394886
0.00242544
-0.003323
0.00256513
-0.00867369
0.00268478
-0.0139906
0.00293812
-0.0158395
0.00336737
-0.0114216
0.00375154
-0.00307879
0.00391998
0.00380898
0.00386763
0.00760164
0.00369555
0.00965285
0.0035247
0.0101519
0.0033659
0.00894063
0.00317855
0.00777765
0.00300472
0.00846345
0.00293643
0.00881439
0.00298554
0.00686391
0.00305742
0.00126583
0.00306186
-0.00615854
0.00298392
-0.0134921
0.00288473
-0.0177631
0.0028674
-0.0151005
0.00298621
-0.00783165
0.00318711
0.000982682
0.00332841
0.00471859
0.00331144
0.00819199
0.00322734
0.0129183
0.0032104
0.0155355
0.00318375
0.0137023
0.00308817
0.00390176
0.00299829
-0.0025208
0.00297981
-0.0116316
0.0030247
-0.0165506
0.00309557
-0.0141138
0.00319976
-0.0103333
0.00327287
0.00579857
0.00329175
0.0120068
0.00326776
0.0178742
0.0031811
0.0184482
0.00312034
0.00122305
0.00308703
-0.0029997
0.00307661
-0.0196043
0.00313672
-0.0226175
-0.00247748
0.00438352
-0.00098074
0.00441299
-0.000607652
0.00444436
-7.12512e-05
0.00447791
0.000570672
0.00449758
0.00142332
0.00446469
0.00258853
0.00434678
0.00397812
0.00415015
0.00528998
0.00390323
0.00626156
0.00363414
0.00685828
0.00337351
0.00701311
0.00312644
0.00675211
0.00289388
0.00633694
0.00271511
0.00547051
0.00255143
0.00407263
0.00233435
0.00299332
0.00217304
0.00221443
0.00220886
0.000359066
0.00236823
-0.00348236
0.002502
-0.00880746
0.00260331
-0.0140919
0.00281998
-0.0160561
0.00321627
-0.0118179
0.00359728
-0.00345981
0.00378153
0.00362473
0.00374721
0.00763596
0.00359046
0.00980961
0.00343034
0.010312
0.00327628
0.00909469
0.00309071
0.00796322
0.00291954
0.00863463
0.0028552
0.00887873
0.00290673
0.00681237
0.00297824
0.00119432
0.00298035
-0.00616065
0.00289913
-0.0134109
0.00279652
-0.0176605
0.00277511
-0.0150791
0.00289099
-0.00794754
0.00309063
0.000783043
0.00323091
0.00457831
0.00321729
0.00820561
0.00314056
0.012995
0.00312755
0.0155485
0.00310134
0.0137286
0.00300982
0.00399328
0.00292588
-0.00243686
0.00290931
-0.011615
0.00295074
-0.016592
0.00301509
-0.0141781
0.0031134
-0.0104316
0.00318548
0.00572649
0.00320622
0.0119861
0.00318579
0.0178947
0.00310342
0.0185306
0.00304586
0.00128061
0.00301489
-0.00296874
0.00300361
-0.019593
0.00305863
-0.0226725
-0.00249997
0.00426731
-0.000990242
0.00429345
-0.000633786
0.0043261
-0.000103899
0.00436631
0.000530459
0.00439802
0.00139161
0.00437755
0.002609
0.00426671
0.00408895
0.00407133
0.00548536
0.00382177
0.00651112
0.00354943
0.00713063
0.0032868
0.00727573
0.00303681
0.0070021
0.00280469
0.00656906
0.00262773
0.00564746
0.0024535
0.00424686
0.00222737
0.00321945
0.00208344
0.00235836
0.00214672
0.000295791
0.00231442
-0.00365007
0.00244092
-0.00893397
0.00252554
-0.0141765
0.00270956
-0.0162402
0.00307402
-0.0121823
0.00344924
-0.00383503
0.00364664
0.00342733
0.00362908
0.00765352
0.00348735
0.00995134
0.00333791
0.0104614
0.00318866
0.00924394
0.00300507
0.00814681
0.00283669
0.00880301
0.00277616
0.00893926
0.00282986
0.00675867
0.002901
0.00112319
0.00290118
-0.00616083
0.00281737
-0.013327
0.00271217
-0.0175553
0.00268756
-0.0150545
0.00280064
-0.00806062
0.00299824
0.000585438
0.00313687
0.00443968
0.00312619
0.00821628
0.00305633
0.0130649
0.00304682
0.015558
0.0030211
0.0137543
0.00293355
0.00408082
0.00285521
-0.00235852
0.0028405
-0.0116003
0.00287886
-0.0166304
0.00293726
-0.0142365
0.00302997
-0.0105243
0.00310085
0.00565561
0.00312318
0.0119637
0.00310593
0.0179119
0.0030276
0.0186089
0.00297312
0.00133509
0.00294444
-0.00294005
0.00293253
-0.0195811
0.00298287
-0.0227229
-0.00252106
0.00413816
-0.000989889
0.00415979
-0.000655413
0.00419371
-0.000137815
0.00424156
0.000482602
0.00428767
0.0013455
0.00428293
0.00261374
0.00418236
0.00418952
0.00399062
0.0056771
0.00373993
0.0067618
0.00346541
0.00740516
0.00320135
0.00753979
0.00294889
0.00725456
0.00271815
0.0067998
0.00254232
0.00582329
0.00235671
0.00443248
0.00212444
0.00345172
0.00200076
0.00248204
0.00208994
0.000206617
0.00226337
-0.0038235
0.0023817
-0.0090523
0.00245111
-0.0142459
0.00260628
-0.0163953
0.00294041
-0.0125165
0.00330767
-0.0042023
0.00351564
0.00321937
0.00351349
0.00765567
0.00338635
0.0100785
0.00324744
0.0106003
0.00310305
0.00938833
0.00292161
0.00832824
0.00275614
0.00896848
0.00269928
0.00899611
0.0027549
0.00670305
0.00282569
0.0010524
0.0028243
-0.00615944
0.00273854
-0.0132413
0.0026315
-0.0174483
0.00260444
-0.0150274
0.00271486
-0.00817105
0.00290976
0.000390537
0.00304619
0.00430326
0.00303807
0.0082244
0.00297457
0.0131284
0.00296819
0.0155644
0.002943
0.0137795
0.00285933
0.00416448
0.00278626
-0.00228544
0.00277334
-0.0115874
0.002809
-0.0166661
0.00286197
-0.0142895
0.00294937
-0.0106117
0.00301889
0.00558609
0.00304254
0.0119401
0.00302812
0.0179263
0.00295363
0.0186834
0.00290213
0.0013866
0.00287564
-0.00291357
0.0028633
-0.0195688
0.00290936
-0.0227689
-0.00254081
0.00399279
-0.000977276
0.00400897
-0.000671592
0.00404443
-0.000173278
0.00410121
0.000425823
0.00416438
0.00128233
0.00417911
0.00259901
0.00409253
0.0042761
0.00390729
0.00586234
0.00365731
0.00701179
0.00338187
0.00768059
0.00311699
0.00780467
0.00286266
0.0075089
0.00263419
0.00702827
0.00245866
0.00599881
0.00226126
0.00462988
0.0020259
0.00368709
0.00192444
0.0025835
0.00203737
9.36835e-05
0.00221448
-0.00400061
0.00232419
-0.00916201
0.00237976
-0.0143015
0.00250959
-0.0165252
0.0028151
-0.012822
0.00317272
-0.00455992
0.00338877
0.00300331
0.00340063
0.0076438
0.00328757
0.0101915
0.00315899
0.0107289
0.00301945
0.00952787
0.00284033
0.00850737
0.00267786
0.00913095
0.00262451
0.00904946
0.00268183
0.00664574
0.00275231
0.000981914
0.00274969
-0.00615682
0.00266256
-0.0131542
0.00255431
-0.01734
0.00252545
-0.0149985
0.0026334
-0.00827899
0.00282502
0.000198915
0.00295875
0.00416953
0.00295283
0.00823031
0.00289521
0.013186
0.00289164
0.015568
0.002867
0.0138041
0.00278712
0.00424436
0.002719
-0.00221731
0.00270782
-0.0115762
0.00274107
-0.0166993
0.0027891
-0.0143376
0.00287148
-0.0106941
0.0029395
0.00551806
0.00296425
0.0119153
0.00295233
0.0179383
0.00288148
0.0187543
0.00283284
0.00143523
0.00280847
-0.0028892
0.00279588
-0.0195562
0.002838
-0.022811
-0.00255928
0.00382795
-0.000949949
0.00383829
-0.000681936
0.00387607
-0.000211059
0.00394341
0.000358483
0.00402652
0.00119923
0.00406467
0.00256086
0.00399616
0.00434461
0.00382064
0.00603786
0.00357349
0.00725893
0.00329861
0.00795547
0.00303361
0.00806967
0.0027781
0.00776441
0.00255269
0.00725369
0.00237658
0.00617491
0.00216743
0.00483903
0.00193199
0.00392252
0.0018538
0.0026617
0.00198793
-4.04436e-05
0.0021672
-0.00417988
0.00226828
-0.00926309
0.00231132
-0.0143445
0.00241892
-0.0166328
0.00269766
-0.0131007
0.00304443
-0.00490669
0.00326624
0.00278151
0.00329069
0.00761936
0.0031911
0.0102911
0.00307258
0.0108474
0.00293787
0.00966259
0.00276119
0.00868405
0.00260181
0.00929033
0.00255182
0.00909946
0.00261061
0.00658695
0.00268083
0.000911686
0.0026773
-0.00615329
0.00258934
-0.0130662
0.00248043
-0.0172311
0.00245032
-0.0149684
0.00255596
-0.00838463
0.00274384
1.10427e-05
0.00287444
0.00403893
0.00287038
0.00823436
0.00281819
0.0132382
0.00281713
0.015569
0.00279308
0.0138282
0.00271688
0.00432056
0.00265341
-0.00215384
0.00264389
-0.0115667
0.00267502
-0.0167304
0.00271857
-0.0143811
0.00279619
-0.0107717
0.0028626
0.00545165
0.00288822
0.0118897
0.00287852
0.017948
0.00281111
0.0188217
0.00276524
0.00148111
0.00274289
-0.00286685
0.00273019
-0.0195435
0.0027687
-0.0228496
-0.00257653
0.00364104
-0.00090582
0.00364593
-0.000686824
0.00368752
-0.000252649
0.00376746
0.000278542
0.0038734
0.00109329
0.00393883
0.00249543
0.00389249
0.00439094
0.00373008
0.00620027
0.00348815
0.00750086
0.00321543
0.00822819
0.00295108
0.00833402
0.00269521
0.00802028
0.00247351
0.00747539
0.00229594
0.00635248
0.00207548
0.00505949
0.00184285
0.00415515
0.00178816
0.00271639
0.00194066
-0.000192947
0.00212105
-0.00436027
0.00221389
-0.00935594
0.00224565
-0.0143763
0.00233367
-0.0167208
0.00258763
-0.0133547
0.00292282
-0.00524188
0.0031482
0.00255612
0.00318378
0.00758378
0.00309701
0.0103779
0.00298824
0.0109562
0.00285828
0.00979255
0.00268418
0.00885815
0.00252796
0.00944654
0.00248114
0.00914628
0.00254121
0.00652688
0.00261124
0.000841658
0.00260708
-0.00614913
0.00251877
-0.0129779
0.00240966
-0.017122
0.00237877
-0.0149375
0.00248229
-0.00848816
0.00266605
-0.000172719
0.00279315
0.00391183
0.00279063
0.00823689
0.00274345
0.0132854
0.00274461
0.0155679
0.00272118
0.0138516
0.00264855
0.00439318
0.00258945
-0.00209474
0.00258153
-0.0115588
0.00261076
-0.0167597
0.00265025
-0.0144206
0.00272339
-0.0108448
0.00278808
0.00538696
0.00281438
0.0118634
0.00280663
0.0179557
0.00274252
0.0188858
0.0026993
0.00152433
0.00267887
-0.00284643
0.00266618
-0.0195308
0.00270137
-0.0228847
-0.00259262
0.00343034
-0.000844095
0.00343142
-0.000687908
0.00347926
-0.000300485
0.00357421
0.000183587
0.00370567
0.000961833
0.0038017
0.0023994
0.00378124
0.0044114
0.00363525
0.00634626
0.00340101
0.0077351
0.00313216
0.00849704
0.0028693
0.00859689
0.00261396
0.00827561
0.00239652
0.00769283
0.00221663
0.00653237
0.00198567
0.00529044
0.0017585
0.00438232
0.00172681
0.00274808
0.00189478
-0.000360913
0.00207563
-0.00454112
0.00216099
-0.0094413
0.0021826
-0.0143979
0.00225327
-0.0167914
0.00248452
-0.0135859
0.00280782
-0.00556518
0.0030348
0.00232915
0.00308004
0.00753853
0.00300536
0.0104526
0.00290597
0.0110556
0.00278067
0.00991785
0.00260925
0.00902957
0.00245626
0.00959954
0.00241246
0.00919007
0.00247362
0.00646573
0.00254349
0.000771789
0.00253898
-0.00614462
0.00245073
-0.0128896
0.00234186
-0.0170131
0.00231053
-0.0149062
0.0024121
-0.00858973
0.00259151
-0.000352128
0.00271479
0.00378855
0.00271349
0.00823818
0.00267091
0.013328
0.00267406
0.0155647
0.00265127
0.0138744
0.0025821
0.00446235
0.00252712
-0.00203976
0.00252071
-0.0115524
0.00254824
-0.0167872
0.00258405
-0.0144564
0.00265299
-0.0109138
0.00271588
0.00532407
0.00274267
0.0118366
0.00273663
0.0179618
0.00267565
0.0189468
0.00263498
0.001565
0.00261638
-0.00282783
0.00260381
-0.0195182
0.00263595
-0.0229169
-0.0026076
0.00319552
-0.000764739
0.00319627
-0.000688664
0.00325388
-0.000358087
0.00336648
7.0985e-05
0.00352563
0.000802677
0.00365463
0.00227041
0.00366282
0.00440322
0.00353608
0.00647299
0.00331193
0.00795926
0.00304865
0.00876031
0.00278817
0.00885738
0.00253433
0.00852945
0.0023215
0.00790565
0.00213848
0.0067154
0.00189818
0.00553074
0.00167889
0.00460161
0.00166915
0.00275782
0.0018497
-0.000541457
0.00203065
-0.00472207
0.00210952
-0.00952016
0.00212203
-0.0144104
0.00217728
-0.0168467
0.00238785
-0.0137965
0.00269929
-0.00587663
0.00292615
0.00210229
0.00297957
0.00748512
0.0029162
0.010516
0.00282577
0.011146
0.00270499
0.0100386
0.00253634
0.00919822
0.00238664
0.00974923
0.00234575
0.00923096
0.00240784
0.00640364
0.00247756
0.000702072
0.00247294
-0.00614001
0.00238512
-0.0128018
0.00227686
-0.0169049
0.00224536
-0.0148747
0.00234511
-0.00868948
0.00252006
-0.000527075
0.00263925
0.00366936
0.00263888
0.00823856
0.00260052
0.0133664
0.00260543
0.0155598
0.0025833
0.0138965
0.00251747
0.00452818
0.00246636
-0.00198865
0.0024614
-0.0115474
0.0024874
-0.0168132
0.00251987
-0.0144889
0.00258488
-0.0109788
0.00264591
0.00526305
0.00267303
0.0118095
0.00266847
0.0179663
0.00261048
0.0190048
0.00257225
0.00160323
0.00255538
-0.00281096
0.00254301
-0.0195058
0.00257235
-0.0229462
-0.00262152
0.00293887
-0.00066753
0.0029444
-0.000694192
0.00301622
-0.0004299
0.00314901
-6.1811e-05
0.0033373
0.000614384
0.00350036
0.00210735
0.00353848
0.00436511
0.00343286
0.0065786
0.00322085
0.00817127
0.00296479
0.00901637
0.00270758
0.00911459
0.00245619
0.00878084
0.00224814
0.00811371
0.00206121
0.00690233
0.00181305
0.0057789
0.00160389
0.00481078
0.00161467
0.00274704
0.00180505
-0.000731839
0.00198596
-0.00490299
0.00205946
-0.00959365
0.00206377
-0.0144148
0.00210535
-0.0168883
0.00229718
-0.0139883
0.00259701
-0.00617646
0.00282247
0.00187683
0.00288249
0.0074251
0.00282957
0.0105689
0.0027476
0.011228
0.00263111
0.0101551
0.0024653
0.00936402
0.00231903
0.00989551
0.00228101
0.00926898
0.00234391
0.00634073
0.00241341
0.000632569
0.00240892
-0.00613551
0.00232185
-0.0127147
0.00221453
-0.0167976
0.00218304
-0.0148432
0.00228106
-0.0087875
0.00245158
-0.000697588
0.00256646
0.00355447
0.0025667
0.00823832
0.00253221
0.0134008
0.00253869
0.0155533
0.00251723
0.013918
0.00245462
0.00459079
0.00240716
-0.00194119
0.00240356
-0.0115438
0.00242816
-0.0168378
0.00245763
-0.0145183
0.00251895
-0.0110401
0.00257809
0.0052039
0.00260538
0.0117822
0.0026021
0.0179696
0.00254697
0.0190599
0.00251108
0.00163912
0.00249585
-0.00279572
0.00248375
-0.0194937
0.00251051
-0.022973
-0.00263444
0.00266497
-0.000561376
0.00268237
-0.00071159
0.00277311
-0.000520639
0.00292808
-0.000216784
0.00314612
0.000396348
0.00334318
0.00191029
0.00341064
0.00429765
0.00332635
0.00666289
0.00312777
0.00836985
0.00288028
0.00926386
0.00262716
0.00936771
0.00237912
0.00902888
0.00217572
0.0083171
0.00198416
0.00709389
0.00173004
0.00603302
0.00153331
0.00500751
0.00156305
0.0027173
0.00176075
-0.000929545
0.00194155
-0.00508378
0.00201077
-0.00966288
0.00200755
-0.0144115
0.00203708
-0.0169178
0.00221209
-0.0141633
0.00250082
-0.00646518
0.00272415
0.00165349
0.00278909
0.00736016
0.00274553
0.0106124
0.00267135
0.0113022
0.00255876
0.0102677
0.00239584
0.00952694
0.00225329
0.0100381
0.00221826
0.00930401
0.00228186
0.00627714
0.0023511
0.000563329
0.00234685
-0.00613126
0.00226076
-0.0126286
0.00215468
-0.0166915
0.00212335
-0.0148119
0.00221972
-0.00888387
0.00238591
-0.000863774
0.00249635
0.00344403
0.00249691
0.00823776
0.00246593
0.0134318
0.00247381
0.0155454
0.00245301
0.0139388
0.0023935
0.0046503
0.00234948
-0.00189717
0.00234716
-0.0115415
0.00237047
-0.0168611
0.00239723
-0.0145451
0.00245512
-0.011098
0.00251239
0.00514664
0.00253967
0.0117549
0.00253748
0.0179718
0.00248508
0.0191123
0.00245144
0.00167276
0.00243774
-0.00278202
0.00242598
-0.019482
0.00245036
-0.0229974
-0.0026464
0.00237617
-0.000467856
0.0024188
-0.00075422
0.00253278
-0.000634617
0.00271036
-0.000394364
0.00295796
0.000148747
0.0031889
0.00167934
0.00328363
0.00420292
0.00321799
0.00672853
0.00303217
0.00855568
0.00279369
0.00950234
0.00254519
0.00961621
0.00230142
0.00927266
0.00210239
0.00851613
0.00190563
0.00729065
0.00164838
0.00629027
0.00146705
0.00518883
0.00151426
0.00267009
0.00171679
-0.00113207
0.00189738
-0.00526438
0.00196365
-0.00972914
0.00195289
-0.0144008
0.00197142
-0.0169363
0.00213193
-0.0143238
0.0024109
-0.00674415
0.00263219
0.0014322
0.00270024
0.00729211
0.00266432
0.0106483
0.0025967
0.0113698
0.00248718
0.0103772
0.0023272
0.00968692
0.00218918
0.0101761
0.00215775
0.00933544
0.00222173
0.00621315
0.00229072
0.000494344
0.00228668
-0.00612722
0.00220162
-0.0125436
0.00209697
-0.0165868
0.00206604
-0.014781
0.00216105
-0.00897888
0.00232291
-0.00102563
0.00242887
0.00333807
0.0024295
0.00823714
0.00240174
0.0134596
0.00241088
0.0155363
0.00239068
0.013959
0.00233398
0.004707
0.00229333
-0.00185652
0.0022921
-0.0115402
0.00231431
-0.0168833
0.00233846
-0.0145692
0.00239334
-0.0111529
0.00244882
0.00509116
0.00247587
0.0117279
0.00247461
0.017973
0.00242477
0.0191622
0.00239326
0.00170427
0.00238101
-0.00276977
0.00236966
-0.0194706
0.00239177
-0.0230195
-0.00265751
0.00126368
-0.000512007
0.00131675
-0.000807292
0.00138118
-0.000699044
0.00146293
-0.000476109
0.00153897
7.27044e-05
0.00153485
0.00168346
0.00141888
0.0043189
0.00124174
0.00690567
0.00105999
0.00873742
0.000913436
0.0096489
0.000805627
0.00972401
0.000728535
0.00934975
0.000700097
0.00854456
0.000669287
0.00732146
0.000598157
0.0063614
0.000619068
0.00516792
0.000835841
0.00245331
0.00116379
-0.00146001
0.00147769
-0.00557827
0.00171963
-0.00997109
0.00185327
-0.0145344
0.00183186
-0.0169149
0.00168289
-0.0141749
0.00151374
-0.006575
0.00137506
0.00157087
0.00125825
0.00740893
0.00118635
0.0107202
0.00117457
0.0113816
0.00115728
0.0103945
0.00108406
0.00976015
0.00102769
0.0102324
0.00108658
0.00927656
0.00126148
0.00603825
0.00147078
0.000285039
0.00162792
-0.00628436
0.00168826
-0.0126039
0.00163495
-0.0165335
0.00152416
-0.0146702
0.00144312
-0.00889784
0.00143222
-0.00101473
0.00142668
0.00334361
0.00135979
0.00830403
0.0013079
0.0135115
0.00133368
0.0155105
0.00141204
0.0138806
0.0014868
0.00463224
0.0015586
-0.00192831
0.00163409
-0.0116157
0.00165712
-0.0169064
0.00164231
-0.0145544
0.00160566
-0.0111162
0.00157616
0.00512066
0.00157561
0.0117284
0.00158
0.0179686
0.00160159
0.0191406
0.00163228
0.00167357
0.00165726
-0.00279474
0.00166635
-0.0194797
0.00166937
-0.0230225
-0.00266624
0.00119052
-0.000561205
0.0012585
-0.000875267
0.00133855
-0.000779093
0.0014349
-0.000572462
0.00152591
-1.83069e-05
0.00153572
0.00167365
0.00142659
0.00442802
0.00125047
0.0070818
0.00106862
0.00891927
0.000922675
0.00979484
0.000814709
0.00983198
0.000738556
0.0094259
0.000709209
0.00857391
0.000670151
0.00736052
0.000595926
0.00643562
0.000628473
0.00513538
0.000858137
0.00222365
0.00118987
-0.00179175
0.00150042
-0.00588882
0.00173331
-0.010204
0.00185544
-0.0146565
0.00182707
-0.0168866
0.00167869
-0.0140265
0.00151629
-0.0064126
0.00138529
0.00170187
0.00127318
0.00752104
0.00120463
0.0107888
0.00119331
0.0113929
0.00117265
0.0104152
0.00109703
0.00983577
0.00104233
0.0102871
0.00110404
0.00921484
0.00127894
0.00586336
0.00148509
7.88884e-05
0.00163694
-0.00643621
0.00169164
-0.0126586
0.00163567
-0.0164775
0.00152664
-0.0145612
0.00145011
-0.00882131
0.00144221
-0.00100684
0.00143671
0.00334911
0.00137022
0.00837051
0.00132013
0.0135616
0.00134641
0.0154842
0.00142266
0.0138044
0.00149513
0.00455978
0.00156551
-0.0019987
0.00163946
-0.0116897
0.00166139
-0.0169283
0.00164585
-0.0145389
0.00160958
-0.01108
0.00158083
0.00514941
0.00158036
0.0117289
0.00158442
0.0179646
0.00160501
0.01912
0.00163475
0.00164384
0.00165905
-0.00281904
0.00166734
-0.019488
0.00166932
-0.0230245
-0.00267405
0.00112266
-0.000622047
0.00120141
-0.000954011
0.0012953
-0.000872987
0.00140445
-0.000681613
0.00150767
-0.000121523
0.00153099
0.00165033
0.00143157
0.00452744
0.00126014
0.00725323
0.0010806
0.00909881
0.000935975
0.00993947
0.0008276
0.00994036
0.000751841
0.00950166
0.000720357
0.00860539
0.000672172
0.0074087
0.00059558
0.00651222
0.000640345
0.00509061
0.000882409
0.00198159
0.00121722
-0.00212656
0.00152347
-0.00619507
0.00174633
-0.0104268
0.00185657
-0.0147668
0.00182157
-0.0168516
0.00167386
-0.0138788
0.00151726
-0.00625599
0.00139375
0.00182537
0.0012875
0.0076273
0.0012232
0.0108531
0.00121249
0.0114036
0.00118827
0.0104394
0.00111019
0.00991385
0.00105721
0.0103401
0.00112173
0.00915032
0.00129673
0.00568836
0.00149962
-0.000124004
0.00164586
-0.00658246
0.00169466
-0.0127074
0.00163595
-0.0164188
0.00152872
-0.0144539
0.00145656
-0.00874914
0.00145158
-0.00100186
0.00144623
0.00335446
0.00138029
0.00843645
0.00133216
0.0136097
0.00135913
0.0154573
0.00143338
0.0137301
0.00150357
0.00448959
0.00157243
-0.00206756
0.00164476
-0.011762
0.00166551
-0.0169491
0.00164925
-0.0145226
0.00161333
-0.0110441
0.00158532
0.00517742
0.00158502
0.0117292
0.00158877
0.0179608
0.00160845
0.0191003
0.00163722
0.00161507
0.00166081
-0.00284262
0.00166833
-0.0194955
0.0016693
-0.0230254
-0.00268094
0.00105852
-0.000696646
0.00114718
-0.00104267
0.00125424
-0.000980044
0.00137491
-0.00080229
0.00148885
-0.000235462
0.00152406
0.00161512
0.00143496
0.00461654
0.0012694
0.00741879
0.001093
0.0092752
0.000949941
0.0100825
0.000841106
0.0100492
0.000765555
0.00957721
0.000731084
0.00863986
0.000673467
0.00746632
0.000595536
0.00659015
0.000652921
0.00503323
0.000906703
0.00172781
0.00124393
-0.00246379
0.00154528
-0.00649642
0.00175782
-0.0106394
0.00185651
-0.0148655
0.00181562
-0.0168107
0.00166955
-0.0137327
0.00151877
-0.00610521
0.00140207
0.00194207
0.00130156
0.00772781
0.00124163
0.010913
0.00123145
0.0114138
0.00120364
0.0104672
0.00112322
0.00999427
0.00107195
0.0103914
0.00113902
0.00908325
0.00131384
0.00551354
0.00151341
-0.00032358
0.00165412
-0.00672317
0.00169716
-0.0127504
0.00163599
-0.0163577
0.00153081
-0.0143487
0.00146302
-0.00868135
0.00146077
-0.000999605
0.00145551
0.00335972
0.0013902
0.00850176
0.00134406
0.0136558
0.00137168
0.0154296
0.00144395
0.0136579
0.00151185
0.00442169
0.00157915
-0.00213486
0.00164985
-0.0118327
0.00166947
-0.0169687
0.00165256
-0.0145057
0.00161702
-0.0110085
0.00158974
0.00520471
0.0015896
0.0117293
0.00159305
0.0179574
0.00161185
0.0190815
0.00163966
0.00158726
0.00166253
-0.00286549
0.00166931
-0.0195023
0.00166931
-0.0230254
-0.00268691
0.000997883
-0.000785967
0.00109658
-0.00114136
0.00121628
-0.00109975
0.00134745
-0.000933462
0.00147012
-0.000358131
0.0015156
0.00156964
0.00143645
0.0046957
0.00127689
0.00757835
0.0011038
0.00944829
0.000962355
0.010224
0.000853236
0.0101583
0.000778028
0.00965242
0.00074008
0.00867781
0.000673113
0.00753329
0.000595096
0.00666817
0.000665679
0.00496264
0.000930729
0.00146276
0.0012698
-0.00280286
0.00156575
-0.00679236
0.00176786
-0.0108415
0.00185531
-0.0149529
0.00180909
-0.0167644
0.00166546
-0.0135891
0.00152082
-0.00596058
0.00141048
0.00205241
0.00131539
0.0078229
0.0012597
0.0109687
0.00124989
0.0114236
0.00121854
0.0104986
0.00113598
0.0100768
0.00108638
0.010441
0.00115569
0.00901394
0.00133017
0.00533906
0.00152646
-0.000519867
0.0016617
-0.00685841
0.00169919
-0.0127879
0.00163583
-0.0162943
0.00153291
-0.0142458
0.00146952
-0.00861796
0.00146984
-0.000999925
0.00146462
0.00336494
0.00139999
0.00856638
0.0013558
0.0137
0.00138401
0.0154014
0.00145429
0.0135876
0.00151991
0.00435607
0.00158563
-0.00220058
0.00165473
-0.0119018
0.00167326
-0.0169872
0.00165575
-0.0144882
0.00162066
-0.0109734
0.00159411
0.00523127
0.00159411
0.0117293
0.00159725
0.0179542
0.0016152
0.0190635
0.00164206
0.00156041
0.00166421
-0.00288765
0.00167027
-0.0195084
0.00166933
-0.0230245
-0.002692
0.000940993
-0.000890181
0.0010499
-0.00125027
0.00118165
-0.0012315
0.00132211
-0.00107392
0.00145135
-0.000487371
0.00150542
0.00151556
0.00143583
0.00476529
0.00128261
0.00773157
0.00111318
0.00961773
0.000973491
0.0103637
0.000864274
0.0102675
0.000789477
0.00972722
0.00074752
0.00871977
0.000671334
0.00760947
0.000594485
0.00674501
0.000678833
0.0048783
0.000954623
0.00118697
0.00129484
-0.00314307
0.00158489
-0.00708242
0.0017765
-0.0110331
0.00185303
-0.0150295
0.00180192
-0.0167133
0.00166125
-0.0134484
0.00152298
-0.00582231
0.00141877
0.00215662
0.00132898
0.00791268
0.00127744
0.0110202
0.00126787
0.0114332
0.001233
0.0105334
0.00114848
0.0101614
0.0011005
0.010489
0.00117178
0.00894267
0.0013458
0.00516504
0.00153882
-0.000712892
0.00166868
-0.00698826
0.0017008
-0.0128201
0.00163547
-0.016229
0.00153497
-0.0141453
0.00147598
-0.00855897
0.00147875
-0.00100269
0.00147354
0.00337015
0.00140966
0.00863026
0.0013674
0.0137423
0.00139612
0.0153727
0.00146441
0.0135193
0.00152776
0.00429272
0.00159189
-0.00226472
0.00165939
-0.0119693
0.00167686
-0.0170047
0.00165883
-0.0144701
0.00162423
-0.0109388
0.00159842
0.00525708
0.00159854
0.0117292
0.00160139
0.0179514
0.0016185
0.0190464
0.00164441
0.0015345
0.00166585
-0.00290908
0.00167122
-0.0195138
0.00166938
-0.0230227
-0.00269622
0.000888167
-0.0010086
0.0010074
-0.00136951
0.00115054
-0.00137464
0.00129909
-0.00122248
0.0014328
-0.000621079
0.00149363
0.00145474
0.00143318
0.00482574
0.00128675
0.007878
0.00112148
0.009783
0.000983772
0.0105014
0.000874631
0.0103767
0.000800204
0.00980164
0.000753631
0.00876634
0.000668412
0.00769469
0.000593976
0.00681945
0.00069255
0.00477972
0.000978387
0.000901128
0.00131894
-0.00348363
0.00160269
-0.00736616
0.00178379
-0.0112142
0.00184971
-0.0150954
0.00179412
-0.0166577
0.0016568
-0.0133111
0.00152505
-0.00569055
0.00142684
0.00225482
0.0013423
0.00799722
0.00129489
0.0110677
0.00128543
0.0114426
0.00124708
0.0105718
0.00116074
0.0102477
0.00111431
0.0105354
0.0011873
0.00886968
0.00136075
0.00499159
0.00155052
-0.000902671
0.00167507
-0.00711281
0.00170203
-0.012847
0.00163493
-0.0161619
0.00153698
-0.0140474
0.00148237
-0.00850436
0.00148747
-0.00100779
0.00148226
0.00337535
0.0014192
0.00869332
0.00137883
0.0137827
0.00140801
0.0153435
0.00147431
0.013453
0.0015354
0.00423164
0.00159794
-0.00232726
0.00166383
-0.0120352
0.00168028
-0.0170211
0.00166178
-0.0144516
0.00162773
-0.0109048
0.00160267
0.00528213
0.00160289
0.011729
0.00160545
0.0179488
0.00162175
0.0190301
0.00164673
0.00150952
0.00166744
-0.0029298
0.00167215
-0.0195185
0.00166945
-0.02302
-0.00269958
0.000839717
-0.00113986
0.000969184
-0.00149897
0.00112296
-0.00152842
0.00127847
-0.00137799
0.00141471
-0.000757311
0.00148045
0.00138899
0.00142859
0.0048776
0.00128932
0.00801727
0.00112872
0.0099436
0.000993217
0.0106369
0.000884342
0.0104855
0.000810202
0.00987578
0.000758411
0.00881813
0.000664467
0.00778863
0.000593715
0.0068902
0.000706873
0.00466656
0.00100196
0.000606042
0.00134206
-0.00382373
0.00161912
-0.00764322
0.00178977
-0.0113849
0.00184541
-0.015151
0.00178572
-0.0165981
0.00165207
-0.0131774
0.00152695
-0.00556544
0.00143466
0.00234712
0.00135536
0.00807652
0.00131203
0.011111
0.00130258
0.0114521
0.00126079
0.0106136
0.00117277
0.0103357
0.00112779
0.0105804
0.00120225
0.00879523
0.00137502
0.00481882
0.00156157
-0.00108922
0.0016809
-0.00723214
0.00170289
-0.012869
0.00163423
-0.0160932
0.00153893
-0.0139521
0.00148867
-0.0084541
0.001496
-0.00101512
0.00149079
0.00338056
0.0014286
0.00875552
0.00139011
0.0138212
0.00141968
0.015314
0.00148399
0.0133887
0.00154282
0.00417281
0.00160375
-0.00238819
0.00166805
-0.0120995
0.0016835
-0.0170366
0.00166459
-0.0144327
0.00163115
-0.0108714
0.00160686
0.00530641
0.00160716
0.0117287
0.00160943
0.0179466
0.00162494
0.0190146
0.00164899
0.00148547
0.001669
-0.0029498
0.00167307
-0.0195225
0.00166954
-0.0230164
-0.0027021
0.000795862
-0.00128211
0.000935212
-0.00163832
0.00109875
-0.00169196
0.00126012
-0.00153936
0.00139714
-0.000894332
0.00146606
0.00132008
0.00142214
0.00492152
0.00129032
0.00814909
0.00113483
0.0100991
0.00100175
0.01077
0.000893354
0.0105939
0.000819394
0.00994974
0.000761822
0.00887571
0.0006596
0.00789086
0.000593827
0.00695597
0.000721803
0.00453859
0.00102527
0.000302571
0.00136413
-0.00416258
0.0016342
-0.00791329
0.00179449
-0.0115452
0.00184018
-0.0151967
0.00177676
-0.0165346
0.00164702
-0.0130477
0.00152864
-0.00544705
0.00144222
0.00243354
0.00136815
0.00815058
0.00132887
0.0111503
0.00131931
0.0114617
0.00127414
0.0106587
0.00118457
0.0104253
0.00114093
0.010624
0.00121661
0.00871954
0.00138864
0.00464679
0.00157197
-0.00127255
0.00168619
-0.00734636
0.00170341
-0.0128862
0.00163336
-0.0160232
0.00154082
-0.0138595
0.00149486
-0.00840814
0.00150433
-0.00102459
0.00149912
0.00338577
0.00143785
0.00881678
0.00140121
0.0138578
0.00143114
0.015284
0.00149345
0.0133264
0.00155002
0.00411624
0.00160934
-0.00244751
0.00167204
-0.0121622
0.00168654
-0.0170511
0.00166727
-0.0144135
0.00163448
-0.0108386
0.00161098
0.00532991
0.00161135
0.0117283
0.00161334
0.0179446
0.00162808
0.0189999
0.00165121
0.00146233
0.00167051
-0.0029691
0.00167397
-0.019526
0.00166964
-0.0230121
-0.0027038
0.000756651
-0.00143325
0.000905251
-0.00178692
0.00107753
-0.00186424
0.00124374
-0.00170556
0.00138006
-0.00103065
0.00145054
0.00124959
0.00141388
0.00495818
0.00128972
0.00827325
0.00113978
0.010249
0.00100935
0.0109004
0.000901667
0.0107016
0.000827744
0.0100237
0.000763866
0.00893958
0.000653945
0.00800078
0.000594461
0.00701546
0.000737364
0.00439568
0.00104832
-8.38198e-06
0.00138515
-0.00449941
0.00164796
-0.0081761
0.001798
-0.0116952
0.00183406
-0.0152328
0.00176724
-0.0164678
0.00164164
-0.0129221
0.00153006
-0.00533546
0.00144949
0.00251411
0.00138067
0.0082194
0.0013454
0.0111855
0.00133562
0.0114714
0.00128715
0.0107072
0.00119615
0.0105163
0.0011537
0.0106665
0.0012304
0.00864284
0.0014016
0.00447559
0.00158173
-0.00145268
0.00169095
-0.00745558
0.0017036
-0.0128989
0.00163236
-0.0159519
0.00154264
-0.0137698
0.00150094
-0.00836644
0.00151245
-0.0010361
0.00150725
0.00339097
0.00144697
0.00887707
0.00141214
0.0138926
0.00144236
0.0152538
0.00150268
0.013266
0.00155701
0.00406191
0.00161471
-0.00250521
0.0016758
-0.0122233
0.00168938
-0.0170647
0.00166981
-0.0143939
0.00163772
-0.0108065
0.00161504
0.00535259
0.00161545
0.0117279
0.00161717
0.0179429
0.00163115
0.0189859
0.00165338
0.0014401
0.00167198
-0.0029877
0.00167485
-0.0195289
0.00166975
-0.023007
-0.00270469
0.000721922
-0.00159107
0.00087889
-0.00194389
0.0010588
-0.00204415
0.00122887
-0.00187563
0.00136328
-0.00116506
0.00143396
0.00117891
0.00140387
0.00498827
0.00128756
0.00838956
0.00114358
0.010393
0.00101604
0.0110279
0.000909303
0.0108084
0.000835236
0.0100977
0.000764574
0.00901025
0.00064766
0.00811769
0.00059577
0.00706735
0.000753614
0.00423784
0.00107105
-0.000325818
0.00140511
-0.00483347
0.00166043
-0.00843143
0.00180036
-0.0118351
0.00182711
-0.0152595
0.00175719
-0.0163979
0.0016359
-0.0128008
0.00153116
-0.00523072
0.00145644
0.00258883
0.00139292
0.00828292
0.00136161
0.0112169
0.00135153
0.0114815
0.00129983
0.0107589
0.0012075
0.0106086
0.0011661
0.0107079
0.00124361
0.00856534
0.00141393
0.00430527
0.00159088
-0.00162962
0.00169521
-0.00755992
0.00170347
-0.0129071
0.00163122
-0.0158797
0.00154439
-0.013683
0.00150689
-0.00832894
0.00152036
-0.00104958
0.00151518
0.00339615
0.00145593
0.00893631
0.00142289
0.0139257
0.00145335
0.0152233
0.00151168
0.0132077
0.00156377
0.00400982
0.00161985
-0.00256129
0.00167934
-0.0122828
0.00169203
-0.0170773
0.00167221
-0.0143741
0.00164087
-0.0107751
0.00161901
0.00537445
0.00161947
0.0117275
0.00162092
0.0179414
0.00163417
0.0189726
0.0016555
0.00141878
0.00167341
-0.00300561
0.00167571
-0.0195312
0.00166988
-0.0230012
-0.00270481
0.000691295
-0.0017534
0.000855554
-0.00210815
0.00104191
-0.0022305
0.00121496
-0.00204868
0.00134656
-0.00129666
0.0014163
0.00110917
0.00139215
0.00501241
0.00128384
0.00849787
0.00114622
0.0105306
0.00102182
0.0111523
0.000916279
0.0109139
0.000841857
0.0101722
0.000763989
0.00908811
0.000640915
0.00824077
0.000597906
0.00711036
0.000770595
0.00406515
0.00109345
-0.000648671
0.00142401
-0.00516403
0.00167165
-0.00867906
0.00180162
-0.0119651
0.00181937
-0.0152773
0.00174665
-0.0163252
0.0016298
-0.012684
0.00153193
-0.00513286
0.00146308
0.00265768
0.0014049
0.0083411
0.0013775
0.0112443
0.00136703
0.011492
0.0013122
0.0108137
0.00121862
0.0107022
0.00117812
0.0107484
0.00125625
0.00848721
0.00142564
0.00413588
0.00159941
-0.0018034
0.00169898
-0.00765949
0.00170306
-0.0129112
0.00162996
-0.0158066
0.00154608
-0.0135991
0.0015127
-0.00829556
0.00152806
-0.00106493
0.00152291
0.0034013
0.00146475
0.00899448
0.00143346
0.013957
0.00146412
0.0151927
0.00152045
0.0131514
0.0015703
0.00395997
0.00162476
-0.00261574
0.00168266
-0.0123407
0.00169449
-0.0170892
0.00167447
-0.014354
0.00164393
-0.0107446
0.00162292
0.00539547
0.00162341
0.011727
0.00162459
0.0179402
0.00163712
0.0189601
0.00165756
0.00139834
0.00167479
-0.00302284
0.00167656
-0.0195329
0.00167003
-0.0229946
-0.00270416
0.000664195
-0.00191822
0.000834541
-0.0022785
0.00102613
-0.00242209
0.00120139
-0.00222394
0.00132958
-0.00142485
0.00139754
0.00104121
0.00137877
0.00503118
0.00127859
0.00859804
0.00114772
0.0106615
0.00102671
0.0112733
0.000922611
0.011018
0.000847589
0.0102472
0.000762164
0.00917354
0.000633888
0.00836904
0.000601012
0.00714323
0.000788326
0.00387784
0.00111553
-0.000975872
0.00144188
-0.00549038
0.00168164
-0.00891883
0.00180183
-0.0120853
0.0018109
-0.0152863
0.00173561
-0.0162499
0.00162332
-0.0125717
0.00153234
-0.00504188
0.00146937
0.00272065
0.00141659
0.00839388
0.00139307
0.0112678
0.00138213
0.0115029
0.00132426
0.0108716
0.00122952
0.0107969
0.00118975
0.0107881
0.00126834
0.00840863
0.00143674
0.00396747
0.00160736
-0.00197402
0.00170228
-0.00775441
0.00170237
-0.0129113
0.00162858
-0.0157328
0.0015477
-0.0135182
0.00151837
-0.00826624
0.00153553
-0.00108209
0.00153045
0.00340638
0.00147341
0.00905152
0.00144384
0.0139865
0.00147464
0.0151619
0.00152899
0.013097
0.00157661
0.00391234
0.00162944
-0.00266857
0.00168575
-0.012397
0.00169676
-0.0171002
0.0016766
-0.0143339
0.0016469
-0.0107149
0.00162675
0.00541562
0.00162725
0.0117265
0.00162817
0.0179393
0.00164001
0.0189483
0.00165957
0.00137878
0.00167613
-0.0030394
0.00167739
-0.0195342
0.00167018
-0.0229874
-0.00270276
0.000639896
-0.00208371
0.000815058
-0.00245366
0.00101069
-0.00261773
0.00118748
-0.00240073
0.00131197
-0.00154934
0.00137761
0.000975574
0.00136374
0.00504505
0.00127184
0.00868995
0.00114806
0.0107853
0.00103072
0.0113907
0.00092831
0.0111204
0.00085242
0.0103231
0.000759169
0.00926679
0.000626768
0.00850144
0.00060522
0.00716478
0.000806796
0.00367626
0.00113725
-0.00130633
0.00145871
-0.00581184
0.00169045
-0.00915058
0.00180105
-0.0121959
0.00180174
-0.015287
0.00172412
-0.0161723
0.00161646
-0.012464
0.00153237
-0.00495779
0.00147532
0.0027777
0.001428
0.0084412
0.00140831
0.0112875
0.00139684
0.0115144
0.00133605
0.0109324
0.00124019
0.0108928
0.001201
0.0108273
0.00127988
0.00832975
0.00144725
0.0038001
0.00161473
-0.0021415
0.00170513
-0.00784481
0.00170143
-0.0129076
0.00162711
-0.0156585
0.00154925
-0.0134404
0.0015239
-0.00824089
0.00154278
-0.00110097
0.00153778
0.00341139
0.00148191
0.00910738
0.00145402
0.0140144
0.00148493
0.015131
0.00153728
0.0130447
0.0015827
0.00386693
0.00163389
-0.00271976
0.00168862
-0.0124517
0.00169884
-0.0171104
0.00167858
-0.0143136
0.00164976
-0.0106861
0.0016305
0.00543488
0.00163102
0.011726
0.00163168
0.0179386
0.00164283
0.0189371
0.00166152
0.00136009
0.00167742
-0.00305531
0.0016782
-0.019535
0.00167035
-0.0229796
-0.00270064
0.000617579
-0.00224833
0.000796278
-0.00263236
0.000994822
-0.00281627
0.00117258
-0.00257849
0.00129335
-0.0016701
0.00135642
0.000912509
0.00134711
0.00505436
0.00126359
0.00877346
0.00114727
0.0109016
0.00103386
0.0115041
0.00093339
0.0112209
0.000856344
0.0104001
0.000755091
0.00936804
0.00061975
0.00863678
0.000610648
0.00717388
0.000825987
0.00346092
0.0011586
-0.00163894
0.00147452
-0.00612776
0.00169812
-0.00937418
0.00179933
-0.0122971
0.00179193
-0.0152796
0.00171217
-0.0160925
0.0016092
-0.012361
0.00153199
-0.00488058
0.00148091
0.00282879
0.00143913
0.00848297
0.00142322
0.0113034
0.00141117
0.0115264
0.00134757
0.010996
0.00125064
0.0109897
0.00121185
0.0108661
0.0012909
0.0082507
0.00145719
0.0036338
0.00162155
-0.00230585
0.00170755
-0.00793082
0.00170024
-0.0129003
0.00162553
-0.0155838
0.00155072
-0.0133655
0.00152926
-0.00821943
0.00154981
-0.00112151
0.00154491
0.00341629
0.00149026
0.00916202
0.00146402
0.0140407
0.00149498
0.0151
0.00154535
0.0129943
0.00158855
0.00382372
0.00163811
-0.00276932
0.00169127
-0.0125049
0.00170073
-0.0171199
0.00168043
-0.0142933
0.00165253
-0.0106582
0.00163416
0.00545325
0.00163469
0.0117254
0.0016351
0.0179382
0.00164558
0.0189266
0.00166341
0.00134226
0.00167868
-0.00307057
0.00167899
-0.0195353
0.00167053
-0.0229711
-0.00269781
0.000596388
-0.00241076
0.000777381
-0.00281335
0.000977771
-0.00301666
0.00115606
-0.00275678
0.00127333
-0.00178737
0.00133385
0.000851991
0.00132887
0.00505934
0.00125389
0.00884844
0.00114536
0.0110101
0.00103616
0.0116133
0.000937865
0.0113192
0.00085936
0.0104786
0.000750033
0.00947737
0.000613034
0.00877378
0.000617399
0.00716952
0.000845872
0.00323245
0.00117955
-0.00197262
0.00148933
-0.00643754
0.00170467
-0.00958952
0.00179673
-0.0123892
0.00178153
-0.0152644
0.00169981
-0.0160108
0.00160155
-0.0122628
0.00153121
-0.00481024
0.00148614
0.00287386
0.00144997
0.00851914
0.0014378
0.0113156
0.00142513
0.0115391
0.00135884
0.0110623
0.00126085
0.0110877
0.00122232
0.0109046
0.00130141
0.0081716
0.00146658
0.00346864
0.00162781
-0.00246709
0.00170955
-0.00801255
0.00169882
-0.0128896
0.00162387
-0.0155088
0.00155213
-0.0132938
0.00153447
-0.00820177
0.0015566
-0.00114365
0.00155183
0.00342106
0.00149844
0.00921542
0.00147381
0.0140653
0.00150478
0.015069
0.00155317
0.0129459
0.00159418
0.00378271
0.00164211
-0.00281725
0.0016937
-0.0125565
0.00170244
-0.0171286
0.00168213
-0.014273
0.00165519
-0.0106312
0.00163775
0.00547069
0.00163828
0.0117249
0.00163844
0.0179381
0.00164826
0.0189168
0.00166525
0.00132528
0.00167988
-0.00308521
0.00167976
-0.0195352
0.00167072
-0.0229621
-0.00269429
0.000575489
-0.00256995
0.000757598
-0.00299546
0.000958863
-0.00321793
0.00113734
-0.00293526
0.00125153
-0.00190156
0.00130978
0.000793747
0.00130905
0.00506007
0.00124277
0.00891471
0.00114234
0.0111106
0.00103765
0.011718
0.000941748
0.0114151
0.000861473
0.0105589
0.000744113
0.00959473
0.000606819
0.00891108
0.000625555
0.00715078
0.000866403
0.0029916
0.00120006
-0.00230628
0.00150314
-0.00674062
0.00171015
-0.00979653
0.0017933
-0.0124723
0.00177057
-0.0152417
0.00168703
-0.0159272
0.0015935
-0.0121692
0.00153
-0.00474674
0.001491
0.00291286
0.00146053
0.00854962
0.00145204
0.011324
0.00143874
0.0115524
0.00136988
0.0111311
0.00127084
0.0111867
0.00123242
0.0109431
0.00131145
0.00809257
0.00147542
0.00330467
0.00163356
-0.00262522
0.00171115
-0.00809014
0.00169718
-0.0128756
0.00162213
-0.0154338
0.00155345
-0.0132251
0.00153951
-0.00818783
0.00156317
-0.00116731
0.00155855
0.00342567
0.00150645
0.00926752
0.0014834
0.0140883
0.00151434
0.0150381
0.00156076
0.0128995
0.00159959
0.00374388
0.00164587
-0.00286353
0.00169591
-0.0126065
0.00170395
-0.0171366
0.00168369
-0.0142527
0.00165774
-0.0106053
0.00164124
0.00548719
0.00164177
0.0117244
0.0016417
0.0179381
0.00165088
0.0189076
0.00166702
0.00130913
0.00168105
-0.00309924
0.00168052
-0.0195346
0.00167091
-0.0229525
-0.00269009
0.000554115
-0.00272502
0.000736242
-0.00317759
0.000937506
-0.00341919
0.00111593
-0.00311368
0.00122762
-0.00201325
0.00128408
0.000737288
0.00128765
0.0050565
0.00123026
0.0089721
0.00113822
0.0112026
0.00103835
0.0118178
0.000945054
0.0115084
0.000862697
0.0106412
0.000737464
0.00971996
0.000601303
0.00904724
0.000635175
0.00711691
0.000887521
0.00273925
0.00122013
-0.00263888
0.00151598
-0.00703647
0.00171461
-0.00999516
0.00178909
-0.0125468
0.0017591
-0.0152117
0.00167386
-0.015842
0.00158504
-0.0120804
0.00152836
-0.00469006
0.0014955
0.00294573
0.00147079
0.00857432
0.00146596
0.0113289
0.00145199
0.0115664
0.00138069
0.0112024
0.00128061
0.0112868
0.00124215
0.0109815
0.00132102
0.00801371
0.00148374
0.00314194
0.00163879
-0.00278027
0.00171237
-0.00816372
0.00169534
-0.0128586
0.0016203
-0.0153587
0.0015547
-0.0131595
0.00154438
-0.00817751
0.0015695
-0.00119244
0.00156507
0.0034301
0.00151429
0.00931831
0.00149279
0.0141098
0.00152365
0.0150072
0.00156811
0.0128551
0.00160476
0.00370723
0.00164941
-0.00290818
0.00169789
-0.012655
0.00170528
-0.017144
0.00168511
-0.0142326
0.00166019
-0.0105804
0.00164464
0.00550274
0.00164518
0.0117238
0.00164487
0.0179385
0.00165342
0.0188991
0.00166874
0.00129381
0.00168217
-0.00311267
0.00168125
-0.0195337
0.00167112
-0.0229423
-0.00268525
0.000531597
-0.00287525
0.000712734
-0.00335872
0.000913208
-0.00361967
0.0010914
-0.00329187
0.00120129
-0.00212314
0.00125663
0.000681949
0.00126468
0.00504845
0.00121639
0.00902039
0.00113305
0.011286
0.0010383
0.0119126
0.000947797
0.0115989
0.000863053
0.010726
0.000730232
0.00985279
0.000596675
0.0091808
0.000646293
0.00706729
0.000909149
0.0024764
0.0012397
-0.00296943
0.00152786
-0.00732463
0.00171807
-0.0101854
0.00178416
-0.0126129
0.00174717
-0.0151747
0.00166032
-0.0157551
0.00157618
-0.0119963
0.00152628
-0.00464015
0.00149962
0.00297239
0.00148076
0.00859318
0.00147953
0.0113301
0.00146491
0.011581
0.0013913
0.011276
0.00129017
0.011388
0.00125153
0.0110202
0.00133015
0.00793509
0.00149155
0.00298054
0.00164353
-0.00293225
0.00171322
-0.00823341
0.0016933
-0.0128386
0.0016184
-0.0152838
0.00155587
-0.013097
0.00154907
-0.00817071
0.0015756
-0.00121897
0.00157139
0.00343432
0.00152196
0.00936774
0.00150196
0.0141298
0.00153272
0.0149765
0.00157522
0.0128126
0.00160972
0.00367273
0.00165272
-0.00295119
0.00169966
-0.0127019
0.00170642
-0.0171508
0.00168639
-0.0142125
0.00166253
-0.0105565
0.00164796
0.00551731
0.0016485
0.0117233
0.00164795
0.017939
0.00165589
0.0188911
0.0016704
0.0012793
0.00168325
-0.00312552
0.00168197
-0.0195324
0.00167133
-0.0229317
-0.00267977
0.000507386
-0.00302003
0.000686608
-0.00353795
0.000885585
-0.00381864
0.00106343
-0.00346972
0.00117229
-0.002232
0.00122732
0.000626925
0.00124014
0.00503562
0.0012012
0.00905933
0.00112684
0.0113603
0.00103754
0.0120019
0.000949992
0.0116864
0.000862571
0.0108134
0.000722576
0.00999278
0.000593115
0.00931026
0.000658912
0.00700149
0.000931197
0.00220411
0.00125875
-0.00329698
0.00153879
-0.00760468
0.00172057
-0.0103671
0.00177854
-0.0126709
0.00173482
-0.015131
0.00164643
-0.0156667
0.00156691
-0.0119168
0.00152375
-0.004597
0.00150337
0.00299277
0.00149044
0.0086061
0.00149277
0.0113278
0.0014775
0.0115963
0.00140171
0.0113518
0.00129951
0.0114902
0.00126059
0.0110591
0.00133886
0.00785682
0.00149887
0.00282053
0.00164778
-0.00308116
0.00171372
-0.00829935
0.00169109
-0.012816
0.00161643
-0.0152092
0.00155694
-0.0130375
0.00155358
-0.00816734
0.00158147
-0.00124687
0.0015775
0.0034383
0.00152944
0.00941579
0.00151093
0.0141483
0.00154153
0.0149459
0.00158209
0.012772
0.00161445
0.00364037
0.00165581
-0.00299255
0.00170121
-0.0127473
0.00170738
-0.017157
0.00168753
-0.0141927
0.00166475
-0.0105337
0.00165117
0.00553089
0.00165172
0.0117228
0.00165095
0.0179398
0.00165828
0.0188838
0.00167199
0.0012656
0.00168428
-0.00313781
0.00168267
-0.0195308
0.00167155
-0.0229206
-0.00267368
0.000481057
-0.00315882
0.000657514
-0.0037144
0.000854351
-0.00401548
0.00103179
-0.00364716
0.00114044
-0.00234066
0.00119605
0.000571314
0.00121406
0.00501761
0.00118474
0.00908866
0.00111962
0.0114254
0.0010361
0.0120854
0.000951658
0.0117709
0.000861295
0.0109038
0.000714666
0.0101394
0.000590786
0.00943414
0.000673011
0.00691927
0.000953566
0.00192356
0.00127724
-0.00362065
0.0015488
-0.00787624
0.00172216
-0.0105405
0.0017723
-0.012721
0.0017221
-0.0150808
0.0016322
-0.0155768
0.00155722
-0.0118418
0.00152077
-0.00456055
0.00150674
0.0030068
0.00149982
0.00861302
0.00150567
0.0113219
0.00148979
0.0116122
0.00141195
0.0114297
0.00130865
0.0115935
0.00126934
0.0110984
0.00134718
0.00777898
0.00150571
0.002662
0.00165157
-0.00322703
0.00171388
-0.00836165
0.0016887
-0.0127908
0.00161439
-0.0151349
0.00155793
-0.012981
0.0015579
-0.0081673
0.0015871
-0.00127607
0.0015834
0.003442
0.00153675
0.00946243
0.00151967
0.0141654
0.00155009
0.0149155
0.00158872
0.0127334
0.00161895
0.00361015
0.00165867
-0.00303226
0.00170255
-0.0127912
0.00170816
-0.0171626
0.00168853
-0.0141731
0.00166686
-0.0105121
0.00165429
0.00554346
0.00165486
0.0117222
0.00165386
0.0179408
0.0016606
0.0188771
0.00167352
0.00125268
0.00168527
-0.00314955
0.00168335
-0.0195289
0.00167178
-0.022909
-0.00266699
0.00045231
-0.00329113
0.000625219
-0.00388731
0.000819324
-0.00420959
0.000996321
-0.00382415
0.00110559
-0.00244993
0.00116276
0.000514143
0.00118646
0.00499392
0.00116704
0.00910807
0.00111143
0.011481
0.00103402
0.0121628
0.000952812
0.0118521
0.000859273
0.0109973
0.00070668
0.010292
0.000589836
0.00955098
0.000688541
0.00682056
0.000976151
0.00163595
0.00129514
-0.00393964
0.0015579
-0.00813899
0.00172288
-0.0107055
0.00176547
-0.0127636
0.00170903
-0.0150244
0.00161766
-0.0154855
0.00154713
-0.0117713
0.00151734
-0.00453076
0.00150974
0.0030144
0.0015089
0.00861386
0.00151824
0.0113126
0.00150179
0.0116286
0.00142201
0.0115094
0.0013176
0.0116979
0.0012778
0.0111382
0.00135513
0.00770166
0.00151209
0.00250504
0.00165491
-0.00336985
0.00171372
-0.00842046
0.00168615
-0.0127633
0.00161228
-0.015061
0.00155883
-0.0129276
0.00156203
-0.0081705
0.00159249
-0.00130653
0.00158909
0.0034454
0.00154388
0.00950764
0.0015282
0.0141811
0.00155839
0.0148853
0.00159512
0.0126966
0.00162323
0.00358203
0.0016613
-0.00307033
0.00170367
-0.0128336
0.00170875
-0.0171677
0.00168938
-0.0141537
0.00166885
-0.0104915
0.00165731
0.00555501
0.0016579
0.0117216
0.00165669
0.017942
0.00166285
0.0188709
0.00167499
0.00124053
0.00168621
-0.00316077
0.00168401
-0.0195267
0.00167201
-0.022897
-0.00265973
0.00042096
-0.00341649
0.00058959
-0.00405594
0.000780408
-0.0044004
0.00095695
-0.00400069
0.00106766
-0.00256064
0.00112739
0.00045441
0.00115734
0.00496397
0.00114816
0.00911725
0.00110232
0.0115269
0.00103135
0.0122338
0.000953474
0.01193
0.00085657
0.0110942
0.000698801
0.0104498
0.000590389
0.00965939
0.000705424
0.00670553
0.00099884
0.00134253
0.00131243
-0.00425324
0.00156611
-0.00839267
0.00172276
-0.0108621
0.00175811
-0.0127989
0.00169568
-0.0149619
0.00160282
-0.0153926
0.00153662
-0.0117051
0.00151345
-0.00450758
0.00151236
0.00301548
0.00151767
0.00860855
0.00153047
0.0112998
0.0015135
0.0116456
0.00143192
0.011591
0.00132637
0.0118034
0.00128601
0.0111786
0.00136272
0.00762495
0.00151801
0.00234975
0.00165782
-0.00350966
0.00171325
-0.00847588
0.00168344
-0.0127335
0.0016101
-0.0149877
0.00155962
-0.0128771
0.00156596
-0.00817684
0.00159764
-0.00133821
0.00159458
0.00344846
0.00155082
0.0095514
0.0015365
0.0141954
0.00156644
0.0148553
0.00160128
0.0126618
0.00162729
0.00355602
0.0016637
-0.00310674
0.00170457
-0.0128745
0.00170916
-0.0171722
0.00169009
-0.0141346
0.00167073
-0.0104722
0.00166022
0.00556551
0.00166085
0.011721
0.00165944
0.0179434
0.00166502
0.0188653
0.0016764
0.00122914
0.00168711
-0.00317148
0.00168465
-0.0195242
0.00167225
-0.0228846
-0.0026519
0.000386926
-0.00353441
0.000550588
-0.0042196
0.000737592
-0.00458741
0.000913673
-0.00417678
0.00102661
-0.00267358
0.00108992
0.000391102
0.00112676
0.00492714
0.00112815
0.00911586
0.00109232
0.0115627
0.00102813
0.012298
0.000953667
0.0120044
0.000853256
0.0111946
0.000691214
0.0106118
0.000592543
0.00975806
0.000723562
0.00657451
0.00102152
0.00104457
0.00132908
-0.0045608
0.00157346
-0.00863705
0.00172184
-0.0110105
0.00175026
-0.0128274
0.00168207
-0.0148937
0.00158772
-0.0152983
0.00152571
-0.011643
0.0015091
-0.00449097
0.00151461
0.00300997
0.00152614
0.00859703
0.00154237
0.0112835
0.00152495
0.011663
0.00144168
0.0116743
0.00133498
0.0119101
0.00129398
0.0112196
0.00136998
0.00754894
0.0015235
0.00219623
0.0016603
-0.00364646
0.00171248
-0.00852806
0.00168057
-0.0127015
0.00160785
-0.014915
0.00156031
-0.0128296
0.00156969
-0.00818622
0.00160255
-0.00137107
0.00159986
0.00345116
0.00155757
0.00959368
0.00154458
0.0142084
0.00157423
0.0148257
0.0016072
0.0126288
0.00163113
0.00353208
0.00166589
-0.00314149
0.00170527
-0.0129138
0.00170939
-0.0171764
0.00169065
-0.0141159
0.00167248
-0.010454
0.00166303
0.00557496
0.0016637
0.0117203
0.0016621
0.017945
0.00166711
0.0188603
0.00167774
0.00121851
0.00168797
-0.0031817
0.00168527
-0.0195215
0.00167249
-0.0228718
-0.00264353
0.000350221
-0.00364442
0.000508258
-0.00437764
0.000690934
-0.00477008
0.00086655
-0.00435239
0.000982467
-0.0027895
0.00105035
0.000323223
0.00109473
0.00488275
0.00110704
0.00910356
0.00108148
0.0115883
0.0010244
0.012355
0.000953415
0.0120754
0.000849416
0.0112986
0.000684107
0.0107771
0.000596374
0.0098458
0.000742829
0.00642805
0.0010441
0.000743306
0.00134507
-0.00486177
0.00157997
-0.00887195
0.00172017
-0.0111507
0.00174196
-0.0128491
0.00166826
-0.01482
0.00157236
-0.0152024
0.00151439
-0.0115851
0.00150429
-0.00448086
0.00151649
0.00299776
0.00153429
0.00857923
0.00155393
0.0112639
0.00153615
0.0116808
0.00145131
0.0117591
0.00134345
0.012018
0.00130174
0.0112613
0.00137693
0.00747375
0.00152856
0.00204461
0.00166237
-0.00378027
0.00171143
-0.00857712
0.00167757
-0.0126677
0.00160553
-0.0148429
0.00156089
-0.0127849
0.00157322
-0.00819854
0.00160722
-0.00140508
0.00160492
0.00345345
0.00156414
0.00963447
0.00155243
0.0142201
0.00158176
0.0147963
0.00161288
0.0125977
0.00163475
0.00351021
0.00166784
-0.00317459
0.00170575
-0.0129518
0.00170944
-0.01718
0.00169108
-0.0140975
0.00167411
-0.010437
0.00166573
0.00558333
0.00166647
0.0117196
0.00166467
0.0179468
0.00166912
0.0188559
0.00167902
0.0012086
0.00168878
-0.00319146
0.00168588
-0.0195186
0.00167274
-0.0228587
-0.00263465
0.000310934
-0.00374603
0.000462714
-0.00452942
0.000640558
-0.00494793
0.000815696
-0.00452753
0.000935286
-0.00290909
0.00100869
0.000249815
0.00106132
0.00483012
0.00108491
0.00907997
0.00106986
0.0116033
0.00102021
0.0124047
0.000952745
0.0121429
0.000845141
0.0114062
0.000677663
0.0109446
0.00060193
0.00992153
0.000763085
0.0062669
0.00106646
0.000439933
0.00136037
-0.00515568
0.00158567
-0.00909726
0.00171778
-0.0112828
0.00173325
-0.0128646
0.00165428
-0.0147411
0.00155678
-0.0151049
0.00150268
-0.011531
0.00149902
-0.00447721
0.00151799
0.00297879
0.00154213
0.00855509
0.00156516
0.0112409
0.00154711
0.0116988
0.00146081
0.0118454
0.00135178
0.012127
0.00130933
0.0113037
0.00138358
0.0073995
0.0015332
0.00189499
0.00166404
-0.00391112
0.0017101
-0.00862318
0.00167442
-0.012632
0.00160314
-0.0147716
0.00156135
-0.0127431
0.00157653
-0.00821372
0.00161165
-0.00144019
0.00160978
0.00345531
0.0015705
0.00967375
0.00156004
0.0142306
0.00158902
0.0147674
0.00161833
0.0125684
0.00163815
0.00349039
0.00166958
-0.00320602
0.00170603
-0.0129882
0.00170931
-0.0171833
0.00169135
-0.0140796
0.00167561
-0.0104213
0.00166832
0.00559061
0.00166913
0.0117188
0.00166717
0.0179487
0.00167106
0.018852
0.00168024
0.00119943
0.00168955
-0.00320077
0.00168647
-0.0195156
0.00167299
-0.0228452
-0.00262525
0.000269224
-0.00383876
0.000414133
-0.00467433
0.000586651
-0.00512045
0.000761281
-0.00470216
0.000885174
-0.00303298
0.000965021
0.000169968
0.00102658
0.00476856
0.0010618
0.00904475
0.00105751
0.0116076
0.00101561
0.0124466
0.000951686
0.0122068
0.000840535
0.0115174
0.000672058
0.0111131
0.000609234
0.00998435
0.00078419
0.00609194
0.00108853
0.000135598
0.00137497
-0.00544213
0.00159058
-0.00931286
0.0017147
-0.0114069
0.00172418
-0.0128741
0.00164016
-0.014657
0.00154101
-0.0150057
0.00149057
-0.0114805
0.0014933
-0.00447994
0.00151912
0.00295298
0.00154964
0.00852457
0.00157607
0.0112144
0.00155785
0.011717
0.00147021
0.0119331
0.00136001
0.0122372
0.00131676
0.011347
0.00138995
0.00732631
0.00153743
0.00174751
0.00166533
-0.00403901
0.00170851
-0.00866636
0.00167114
-0.0125947
0.00160066
-0.0147012
0.00156169
-0.0127042
0.00157962
-0.00823165
0.00161583
-0.0014764
0.00161443
0.00345671
0.00157668
0.00971151
0.00156741
0.0142398
0.00159603
0.0147387
0.00162354
0.0125409
0.00164133
0.0034726
0.00167109
-0.00323578
0.00170609
-0.0130232
0.001709
-0.0171862
0.00169148
-0.014062
0.00167698
-0.0104068
0.0016708
0.00559679
0.0016717
0.0117179
0.00166957
0.0179509
0.00167292
0.0188486
0.00168139
0.00119096
0.00169027
-0.00320965
0.00168704
-0.0195123
0.00167325
-0.0228314
-0.00261537
0.000225308
-0.00392213
0.000362747
-0.00481177
0.000529451
-0.00528715
0.000703519
-0.00487623
0.000832274
-0.00316174
0.000919405
8.28369e-05
0.000990578
0.00469739
0.00103778
0.00899754
0.00104448
0.0116009
0.00101064
0.0124804
0.00095027
0.0122672
0.000835707
0.0116319
0.000667459
0.0112813
0.000618286
0.0100335
0.000805999
0.00590423
0.00111023
-0.00016863
0.00138887
-0.00572077
0.00159473
-0.00951872
0.00171098
-0.0115232
0.00171477
-0.0128779
0.00162596
-0.0145682
0.00152506
-0.0149048
0.00147808
-0.0114336
0.00148713
-0.00448899
0.00151987
0.00292024
0.00155683
0.00848762
0.00158664
0.0111846
0.00156838
0.0117353
0.0014795
0.012022
0.00136815
0.0123486
0.00132407
0.011391
0.00139605
0.00725433
0.00154126
0.0016023
0.00166624
-0.00416399
0.00170667
-0.00870679
0.00166773
-0.0125557
0.00159811
-0.0146315
0.00156189
-0.0126679
0.00158249
-0.00825226
0.00161976
-0.00151367
0.00161887
0.00345759
0.00158266
0.00974773
0.00157455
0.014248
0.00160277
0.0147105
0.00162852
0.0125151
0.0016443
0.00345682
0.00167239
-0.00326387
0.00170595
-0.0130568
0.00170852
-0.0171888
0.00169147
-0.014045
0.00167822
-0.0103935
0.00167316
0.00560185
0.00167418
0.0117168
0.0016719
0.0179532
0.0016747
0.0188458
0.00168247
0.00118319
0.00169096
-0.00321813
0.00168759
-0.019509
0.00167351
-0.0228174
-0.00260503
0.000179458
-0.00399567
0.000308841
-0.00494115
0.000469247
-0.00544756
0.000642668
-0.00504965
0.000776763
-0.00329583
0.000871948
-1.23485e-05
0.000953394
0.00461594
0.00101292
0.00893802
0.00103083
0.011583
0.00100534
0.0125059
0.000948532
0.012324
0.000830775
0.0117497
0.000664022
0.0114481
0.000629061
0.0100685
0.00082839
0.0057049
0.00113148
-0.000471719
0.00140206
-0.00599136
0.00159814
-0.0097148
0.00170666
-0.0116317
0.00170506
-0.0128763
0.00161171
-0.0144749
0.00150897
-0.0148021
0.00146522
-0.0113898
0.00148051
-0.00450428
0.00152025
0.0028805
0.00156368
0.00844419
0.0015969
0.0111514
0.0015787
0.0117535
0.0014887
0.012112
0.00137623
0.012461
0.00133127
0.011436
0.00140189
0.0071837
0.00154471
0.00145948
0.00166678
-0.00428606
0.00170458
-0.00874458
0.00166418
-0.0125153
0.00159546
-0.0145628
0.00156195
-0.0126344
0.00158514
-0.00827544
0.00162345
-0.00155198
0.0016231
0.00345794
0.00158844
0.00978239
0.00158144
0.014255
0.00160924
0.0146827
0.00163327
0.0124911
0.00164705
0.00344304
0.00167346
-0.00329029
0.0017056
-0.0130889
0.00170786
-0.0171911
0.0016913
-0.0140284
0.00167933
-0.0103816
0.00167541
0.00560578
0.00167656
0.0117157
0.00167414
0.0179556
0.00167641
0.0188436
0.00168349
0.0011761
0.00169159
-0.00322624
0.00168812
-0.0195055
0.00167377
-0.022803
-0.00259423
0.000131991
-0.00405896
0.000252742
-0.00506191
0.000406377
-0.00560119
0.000579023
-0.00522229
0.000718872
-0.00343568
0.000822768
-0.000116244
0.000915118
0.00452359
0.000987274
0.00886587
0.00101663
0.0115536
0.000999761
0.0125228
0.00094651
0.0123772
0.000825861
0.0118704
0.000661886
0.0116121
0.000641513
0.0100889
0.000851214
0.0054952
0.00115225
-0.000772751
0.00141454
-0.00625365
0.00160085
-0.0099011
0.00170175
-0.0117326
0.00169509
-0.0128696
0.00159744
-0.0143772
0.00149278
-0.0146974
0.001452
-0.011349
0.00147345
-0.00452573
0.00152025
0.0028337
0.00157019
0.00839426
0.00160683
0.0111148
0.00158883
0.0117715
0.00149783
0.012203
0.00138426
0.0125746
0.00133839
0.0114819
0.00140749
0.00711461
0.00154777
0.00131921
0.00166697
-0.00440527
0.00170225
-0.00877986
0.0016605
-0.0124736
0.00159272
-0.014495
0.00156186
-0.0126036
0.00158755
-0.00830113
0.00162689
-0.00159132
0.00162712
0.0034577
0.00159401
0.0098155
0.00158808
0.0142609
0.00161544
0.0146554
0.00163778
0.0124688
0.00164958
0.00343124
0.00167432
-0.00331503
0.00170505
-0.0131196
0.00170703
-0.017193
0.00169099
-0.0140124
0.00168031
-0.0103709
0.00167753
0.00560856
0.00167884
0.0117144
0.00167629
0.0179581
0.00167803
0.0188418
0.00168444
0.00116969
0.00169219
-0.00323399
0.00168864
-0.0195019
0.00167403
-0.0227884
-0.00258299
8.32695e-05
-0.00411168
0.000194817
-0.00517345
0.00034122
-0.00574759
0.000512911
-0.00539399
0.000658821
-0.00358159
0.000772021
-0.000229444
0.000875847
0.00441976
0.000960923
0.00878079
0.00100194
0.0115126
0.000993945
0.0125308
0.000944245
0.0124269
0.000821093
0.0119935
0.000661173
0.011772
0.000655579
0.0100945
0.000874342
0.00527644
0.00117248
-0.00107089
0.00142632
-0.00650749
0.00160288
-0.0100777
0.00169631
-0.0118261
0.00168489
-0.0128582
0.0015832
-0.0142755
0.00147651
-0.0145907
0.00143844
-0.011311
0.00146596
-0.00455324
0.00151988
0.00277978
0.00157635
0.00833779
0.00161645
0.0110747
0.00159878
0.0117892
0.00150688
0.0122949
0.00139227
0.0126892
0.00134546
0.0115287
0.00141285
0.00704721
0.00155045
0.00118161
0.00166682
-0.00452163
0.0016997
-0.00881275
0.00165669
-0.0124305
0.00158988
-0.0144282
0.00156161
-0.0125753
0.00158972
-0.00832924
0.00163007
-0.00163167
0.00163093
0.00345684
0.00159939
0.00984705
0.00159448
0.0142658
0.00162137
0.0146285
0.00164206
0.0124481
0.0016519
0.0034214
0.00167495
-0.00333808
0.0017043
-0.013149
0.00170602
-0.0171948
0.00169053
-0.0139969
0.00168115
-0.0103615
0.00167954
0.00561017
0.00168102
0.0117129
0.00167836
0.0179608
0.00167957
0.0188406
0.00168533
0.00116394
0.00169274
-0.0032414
0.00168914
-0.0194983
0.0016743
-0.0227736
-0.00257134
3.37686e-05
-0.00415387
0.000135467
-0.00527515
0.000274196
-0.00588632
0.000444689
-0.00556448
0.000596831
-0.00373373
0.000719908
-0.000352521
0.00083569
0.00430398
0.000933939
0.00868254
0.000986823
0.0114597
0.000987933
0.0125297
0.000941781
0.0124731
0.000816601
0.0121187
0.000661987
0.0119266
0.000671183
0.0100853
0.00089766
0.00504996
0.00119216
-0.00136539
0.00143739
-0.00675273
0.00160425
-0.0102445
0.00169035
-0.0119121
0.00167447
-0.0128423
0.00156901
-0.0141701
0.00146019
-0.0144819
0.00142456
-0.0112753
0.00145803
-0.00458672
0.00151912
0.00271869
0.00158216
0.00827476
0.00162575
0.0110311
0.00160856
0.0118064
0.00151589
0.0123875
0.00140029
0.0128048
0.00135248
0.0115765
0.00141798
0.00698171
0.00155276
0.00104682
0.00166632
-0.00463519
0.00169693
-0.00884336
0.00165276
-0.0123864
0.00158693
-0.0143624
0.0015612
-0.0125496
0.00159165
-0.00835968
0.00163301
-0.00167304
0.00163454
0.00345531
0.00160456
0.00987702
0.00160062
0.0142697
0.00162703
0.0146021
0.00164611
0.012429
0.001654
0.0034135
0.00167538
-0.00335945
0.00170335
-0.0131769
0.00170484
-0.0171963
0.00168993
-0.013982
0.00168185
-0.0103534
0.00168141
0.00561061
0.0016831
0.0117112
0.00168035
0.0179635
0.00168104
0.0188399
0.00168614
0.00115883
0.00169325
-0.00324851
0.00168962
-0.0194947
0.00167457
-0.0227585
-0.00255929
-1.6037e-05
-0.00418401
7.5096e-05
-0.00536628
0.000205763
-0.00601699
0.000374738
-0.00573345
0.000533198
-0.00389219
0.000666588
-0.000485911
0.000794764
0.00417581
0.000906398
0.00857091
0.000971343
0.0113948
0.000981765
0.0125193
0.000939164
0.0125157
0.000812517
0.0122453
0.000664411
0.0120747
0.000688237
0.0100614
0.00092107
0.00481713
0.00121124
-0.00165556
0.00144777
-0.00698925
0.00160501
-0.0104018
0.00168392
-0.0119911
0.00166387
-0.0128223
0.00155491
-0.0140611
0.00144387
-0.0143709
0.00141037
-0.0112418
0.00144969
-0.00462603
0.00151799
0.00265039
0.0015876
0.00820514
0.00163473
0.0109839
0.00161817
0.0118229
0.00152484
0.0124809
0.00140834
0.0129213
0.00135949
0.0116253
0.0014229
0.0069183
0.00155471
0.000915009
0.00166549
-0.00474597
0.00169394
-0.00887181
0.00164869
-0.0123411
0.00158386
-0.0142975
0.00156061
-0.0125263
0.00159333
-0.00839239
0.0016357
-0.00171541
0.00163793
0.00345308
0.00160953
0.00990542
0.0016065
0.0142728
0.00163242
0.0145762
0.00164992
0.0124115
0.0016559
0.00340753
0.00167558
-0.00337914
0.00170219
-0.0132036
0.00170349
-0.0171975
0.00168917
-0.0139677
0.00168241
-0.0103467
0.00168317
0.00560986
0.00168508
0.0117093
0.00168225
0.0179664
0.00168242
0.0188398
0.0016869
0.00115436
0.00169372
-0.00325533
0.00169008
-0.0194911
0.00167484
-0.0227433
-0.00254686
-6.6878e-05
-0.00420138
1.38445e-05
-0.00544701
0.000136412
-0.00613956
0.000303462
-0.0059005
0.000468211
-0.00405694
0.000612249
-0.00062995
0.000753187
0.00403487
0.000878378
0.00844572
0.000955563
0.0113176
0.000975479
0.0124993
0.000936443
0.0125547
0.000808969
0.0123728
0.00066851
0.0122152
0.000706649
0.0100233
0.00094449
0.00457929
0.00122974
-0.00194081
0.00145747
-0.00721699
0.00160516
-0.0105495
0.00167704
-0.0120629
0.00165312
-0.0127984
0.00154093
-0.0139489
0.00142758
-0.0142575
0.0013959
-0.0112101
0.00144092
-0.00467106
0.00151646
0.00257485
0.00159268
0.00812893
0.00164341
0.0109332
0.00162761
0.0118387
0.00153377
0.0125747
0.00141642
0.0130387
0.00136649
0.0116753
0.0014276
0.00685719
0.0015563
0.000786303
0.00166434
-0.00485401
0.00169075
-0.00889822
0.00164449
-0.0122949
0.00158066
-0.0142337
0.00155984
-0.0125055
0.00159475
-0.0084273
0.00163813
-0.00175879
0.00164111
0.0034501
0.00161429
0.00993224
0.00161213
0.0142749
0.00163754
0.0145507
0.00165351
0.0123955
0.00165758
0.00340346
0.00167557
-0.00339713
0.00170084
-0.0132288
0.00170196
-0.0171987
0.00168826
-0.013954
0.00168283
-0.0103413
0.00168479
0.0056079
0.00168696
0.0117071
0.00168407
0.0179693
0.00168373
0.0188401
0.00168758
0.00115051
0.00169415
-0.0032619
0.00169053
-0.0194874
0.00167511
-0.0227279
-0.00253406
-0.000116901
-0.00420628
-4.65185e-05
-0.00551739
6.66869e-05
-0.00625276
0.000231279
-0.0060651
0.000402169
-0.00422783
0.000557095
-0.000784876
0.000711088
0.00388088
0.000849961
0.00830684
0.000939547
0.011228
0.000969109
0.0124698
0.00093367
0.0125902
0.000806087
0.0125004
0.000674329
0.0123469
0.000726319
0.0099713
0.000967856
0.00433775
0.00124762
-0.00222058
0.0014665
-0.00743586
0.00160474
-0.0106877
0.00166973
-0.0121279
0.00164222
-0.0127709
0.00152709
-0.0138338
0.00141136
-0.0141418
0.00138117
-0.0111799
0.00143176
-0.00472165
0.00151455
0.00249206
0.00159737
0.0080461
0.00165177
0.0108788
0.0016369
0.0118536
0.00154267
0.0126689
0.00142458
0.0131567
0.0013735
0.0117264
0.00143209
0.0067986
0.00155754
0.000660853
0.00166287
-0.00495934
0.00168735
-0.00892269
0.00164016
-0.0122477
0.00157733
-0.0141709
0.00155887
-0.0124871
0.00159591
-0.00846434
0.00164031
-0.00180318
0.00164409
0.00344631
0.00161885
0.00995748
0.00161749
0.0142763
0.00164239
0.0145258
0.00165687
0.0123811
0.00165905
0.00340127
0.00167535
-0.00341343
0.00169929
-0.0132528
0.00170027
-0.0171996
0.0016872
-0.0139409
0.00168311
-0.0103372
0.00168629
0.00560472
0.00168874
0.0117047
0.0016858
0.0179722
0.00168495
0.0188409
0.0016882
0.00114726
0.00169453
-0.00326823
0.00169096
-0.0194839
0.00167539
-0.0227123
-0.00252092
-0.000165956
-0.0041987
-0.00010642
-0.00557693
-2.09039e-06
-0.00635709
0.000158612
-0.0062258
0.000335378
-0.0044046
0.000501339
-0.000950836
0.000668594
0.00371362
0.000821228
0.00815421
0.000923357
0.0111259
0.000962687
0.0124305
0.000930898
0.012622
0.000803992
0.0126273
0.000681894
0.012469
0.000747149
0.00990605
0.000991118
0.00409378
0.0012649
-0.00249436
0.00147486
-0.00764581
0.00160378
-0.0108166
0.00166203
-0.0121862
0.0016312
-0.01274
0.00151343
-0.013716
0.00139525
-0.0140236
0.00136622
-0.0111509
0.0014222
-0.00477763
0.00151224
0.00240202
0.00160168
0.00795666
0.00165981
0.0108207
0.00164604
0.0118673
0.00155156
0.0127634
0.00143282
0.0132755
0.00138053
0.0117786
0.00143638
0.00674276
0.00155843
0.000538805
0.00166109
-0.005062
0.00168375
-0.00894535
0.0016357
-0.0121996
0.00157386
-0.014109
0.0015577
-0.0124709
0.00159681
-0.00850346
0.00164223
-0.0018486
0.00164686
0.00344168
0.00162319
0.00998116
0.00162258
0.0142769
0.00164696
0.0145015
0.00166
0.012368
0.00166032
0.00340095
0.00167492
-0.00342803
0.00169755
-0.0132754
0.0016984
-0.0172005
0.00168599
-0.0139285
0.00168324
-0.0103344
0.00168766
0.0056003
0.00169041
0.0117019
0.00168745
0.0179752
0.00168609
0.0188423
0.00168874
0.00114461
0.00169487
-0.00327436
0.00169138
-0.0194804
0.00167566
-0.0226966
-0.00250744
-0.000213602
-0.00417868
-0.000165439
-0.00562509
-7.19058e-05
-0.00645062
8.58505e-05
-0.00638356
0.000268148
-0.00458689
0.000445201
-0.00112789
0.000625837
0.00353298
0.000792261
0.00798779
0.000907049
0.0110111
0.000956243
0.0123813
0.000928181
0.01265
0.000802799
0.0127527
0.000691215
0.0125806
0.00076904
0.00982822
0.00101424
0.00384858
0.00128158
-0.0027617
0.00148258
-0.00784681
0.00160229
-0.0109363
0.00165397
-0.0122379
0.00162008
-0.0127061
0.00149997
-0.0135959
0.00137929
-0.0139029
0.00135106
-0.0111227
0.00141225
-0.00483881
0.00150952
0.00230475
0.0016056
0.00786058
0.00166755
0.0107587
0.00165503
0.0118799
0.00156045
0.012858
0.00144116
0.0133948
0.00138759
0.0118322
0.00144047
0.00668988
0.00155897
0.000420306
0.001659
-0.00516203
0.00167995
-0.00896631
0.0016311
-0.0121508
0.00157023
-0.0140482
0.0015563
-0.012457
0.00159744
-0.0085446
0.0016439
-0.00189507
0.00164943
0.00343616
0.00162732
0.0100033
0.00162741
0.0142768
0.00165126
0.0144776
0.0016629
0.0123564
0.00166138
0.00340248
0.00167428
-0.00344092
0.00169561
-0.0132967
0.00169637
-0.0172013
0.00168463
-0.0139168
0.00168323
-0.010333
0.00168889
0.00559463
0.00169198
0.0116988
0.00168901
0.0179781
0.00168715
0.0188442
0.00168923
0.00114253
0.00169518
-0.00328031
0.00169178
-0.019477
0.00167594
-0.0226808
-0.00249365
-0.00025936
-0.0041463
-0.000222885
-0.00566156
-0.000139698
-0.00653381
1.30347e-05
-0.00653629
0.000200793
-0.00477465
0.000388905
-0.001316
0.000582952
0.00333894
0.000763142
0.0078076
0.000890679
0.0108836
0.0009498
0.0123221
0.000925575
0.0126742
0.000802615
0.0128756
0.000702288
0.0126809
0.000791896
0.00973862
0.00103719
0.00360329
0.00129765
-0.00302216
0.00148966
-0.00803882
0.00160029
-0.011047
0.00164555
-0.0122831
0.00160886
-0.0126694
0.00148672
-0.0134738
0.00136352
-0.0137798
0.00133575
-0.0110949
0.00140192
-0.00490499
0.0015064
0.00220027
0.0016091
0.00775788
0.00167497
0.0106929
0.00166386
0.011891
0.00156934
0.0129525
0.00144962
0.0135145
0.0013947
0.0118871
0.00144437
0.00664021
0.00155918
0.000305503
0.0016566
-0.00525945
0.00167596
-0.00898567
0.00162636
-0.0121012
0.00156644
-0.0139883
0.00155468
-0.0124452
0.00159779
-0.0085877
0.00164531
-0.00194259
0.00165179
0.00342968
0.00163124
0.0100238
0.00163197
0.0142761
0.00165528
0.0144543
0.00166558
0.0123461
0.00166223
0.00340583
0.00167342
-0.00345212
0.00169347
-0.0133168
0.00169417
-0.017202
0.00168311
-0.0139057
0.00168306
-0.010333
0.00168999
0.0055877
0.00169345
0.0116954
0.00169049
0.0179811
0.00168813
0.0188465
0.00168964
0.00114103
0.00169544
-0.00328611
0.00169216
-0.0194737
0.00167622
-0.0226648
-0.00247956
-0.000302745
-0.00410174
-0.000278177
-0.00568613
-0.000205638
-0.00660635
-5.78692e-05
-0.00668406
0.000133636
-0.00496616
0.000332672
-0.00151504
0.00054007
0.00313154
0.000733953
0.00761371
0.000874298
0.0107432
0.000943379
0.0122531
0.000923134
0.0126945
0.000803535
0.0129952
0.000715093
0.0127694
0.000815627
0.00963808
0.00105996
0.00335895
0.00131313
-0.00327533
0.00149612
-0.00822181
0.00159781
-0.0111486
0.0016368
-0.0123221
0.00159756
-0.0126302
0.0014737
-0.0133499
0.00134798
-0.013654
0.0013203
-0.0110672
0.00139123
-0.00497592
0.00150286
0.00208863
0.0016122
0.00764855
0.00168207
0.010623
0.00167255
0.0119005
0.00157825
0.0130468
0.00145821
0.0136345
0.00140185
0.0119435
0.00144809
0.00659396
0.00155905
0.000194543
0.0016539
-0.0053543
0.00167178
-0.00900355
0.00162148
-0.0120509
0.00156248
-0.0139293
0.00155283
-0.0124355
0.00159786
-0.00863274
0.00164647
-0.0019912
0.00165394
0.00342221
0.00163495
0.0100428
0.00163626
0.0142748
0.00165903
0.0144315
0.00166802
0.0123371
0.00166288
0.00341098
0.00167236
-0.00346161
0.00169114
-0.0133355
0.00169179
-0.0172026
0.00168145
-0.0138954
0.00168275
0.00169096
0.00169481
0.00169188
0.00168903
0.00168999
0.00169566
0.00169253
0.00167649
-0.000343272
-0.000330756
-0.00026919
-0.000127537
6.69784e-05
0.000276715
0.000497323
0.000704775
0.00085795
0.000936997
0.000920914
0.00080564
0.000729599
0.000840146
0.00108253
0.00132801
0.00150196
0.00159486
0.00162775
0.00158619
0.00146093
0.0013327
0.00130475
0.00138017
0.0014989
0.00161487
0.00168885
0.00168107
0.00158719
0.00146693
0.00140905
0.00145163
0.0015586
0.0016509
0.00166741
0.00161645
0.00155833
0.00155072
0.00159764
0.00164736
0.00165589
0.00163844
0.00164028
0.00166251
0.00167025
0.00166332
0.0016711
0.00168862
0.00168926
)
;

boundaryField
{
    inlet
    {
        type            calculated;
        value           nonuniform 0();
    }
    outlet
    {
        type            calculated;
        value           nonuniform List<scalar> 
99
(
0.0016781
0.00167712
0.00167619
0.00167528
0.00167442
0.0016736
0.00167281
0.00167206
0.00167134
0.00167065
0.00167
0.00166938
0.00166879
0.00166823
0.0016677
0.0016672
0.00166672
0.00166627
0.00166585
0.00166546
0.00166509
0.00166475
0.00166443
0.00166413
0.00166385
0.0016636
0.00166337
0.00166316
0.00166297
0.0016628
0.00166265
0.00166252
0.00166241
0.00166232
0.00166224
0.00166219
0.00166215
0.00166213
0.00166212
0.0119021
0.0116223
0.0113455
0.0110712
0.010799
0.0105285
0.0102594
0.0099919
0.0097264
0.00946352
0.00920401
0.00894864
0.00869803
0.00845265
0.00821278
0.00797858
0.00775011
0.0075274
0.00731043
0.0070992
0.0068937
0.00669392
0.00649984
0.00631144
0.0061287
0.00595156
0.00577997
0.00561385
0.00545311
0.00529765
0.00514735
0.00500209
0.00486172
0.00472612
0.00459513
0.0044686
0.00434637
0.00422829
0.00411421
0.00400396
0.00389741
0.00379439
0.00369477
0.00359839
0.00350513
0.00341486
0.00332743
0.00324275
0.00316068
0.00308112
0.00300397
0.00292911
0.00285647
0.00278595
0.00271746
0.00265093
0.00258627
0.00252342
0.00246232
0.00240288
)
;
    }
    cylinder
    {
        type            calculated;
        value           uniform 0;
    }
    top
    {
        type            symmetryPlane;
        value           nonuniform 0();
    }
    bottom
    {
        type            symmetryPlane;
        value           uniform 0;
    }
    defaultFaces
    {
        type            empty;
        value           nonuniform 0();
    }
    procBoundary1to0
    {
        type            processor;
        value           nonuniform List<scalar> 
100
(
-0.00411635
-0.00426933
-0.00116689
-0.00113574
-0.00391557
-0.00347978
-0.0011209
-0.00368424
-0.00101638
-0.00317033
-0.00250955
-0.000940228
-0.00280767
-0.00072945
-0.00208341
-0.000602533
-0.00165235
-0.000473773
-0.00124479
-0.000353794
-0.000884018
-0.00025025
-0.000584012
-0.00016687
-0.000349116
-0.00010393
-0.000176471
-5.94202e-05
-5.91365e-05
-3.01918e-05
1.13564e-05
-1.27826e-05
4.34076e-05
-3.87378e-06
-3.10577e-06
4.72467e-05
-3.02618e-07
2.19383e-05
-0.0103521
-0.0101152
-0.00988637
7.56103e-05
-0.00964106
-0.00942766
-0.00922111
-0.00902102
-0.00882707
-0.00863895
-0.00845635
-0.00827902
-0.0081067
-0.00793917
-0.0077762
-0.00761759
-0.00746316
-0.00731273
-0.00716612
-0.00702319
-0.00688378
-0.00674775
-0.00661499
-0.00648535
-0.00635874
-0.00623503
-0.00611413
-0.00599593
-0.00588035
-0.00576729
-0.00565669
-0.00554845
-0.00544251
-0.00533879
-0.00523724
-0.00513779
-0.00504038
-0.00494495
-0.00485147
-0.00475987
-0.00467012
-0.00458218
-0.00449601
-0.00441157
0.000881061
-0.00430991
-0.00422901
-0.0041498
-0.0040723
-0.00399651
-0.00392247
-0.00385016
-0.00377958
-0.00371062
-0.0036431
-0.00357678
-0.00351133
-0.00344647
-0.00338194
-0.00331754
-0.00325322
-0.00318904
)
;
    }
    procBoundary1to3
    {
        type            processor;
        value           nonuniform List<scalar> 
81
(
4.3194e-06
2.09563e-06
-9.36767e-06
-2.84869e-05
-5.3657e-05
-8.33676e-05
-0.000116308
-0.000151467
-0.000188192
-0.00022621
-0.000265603
-0.000306742
-0.000350215
-0.000396753
-0.00044718
-0.000502395
-0.000563382
-0.00063124
-0.00070717
-0.000792551
-0.0040453
-0.00569865
-0.00666792
-0.00682571
-0.00516067
-0.00172477
0.00291093
0.00740626
0.01059
0.012174
0.0127106
0.0131105
0.0128454
0.00952754
0.00311657
-0.0035208
-0.00839577
-0.0112415
-0.012355
-0.0125886
-0.0132247
-0.0135258
-0.0110393
-0.00505134
0.0019699
0.00753258
0.010549
0.0119083
0.0131407
0.0137548
0.0120014
0.00655138
8.75726e-05
-0.0054466
-0.00902006
-0.0119999
-0.0138711
-0.0124279
-0.00867966
-0.00204092
0.00341368
0.0100602
0.0142729
0.0144093
0.0123294
0.0034179
-0.00346939
-0.0133531
-0.0172032
-0.0138857
-0.0103343
0.00557949
0.0116915
0.017984
0.0188494
0.00114006
-0.00329178
-0.0194706
-0.0226488
-0.00246519
0.00167963
)
;
    }
}


// ************************************************************************* //
